k,t_phys,u_A,col_A,sup_A,epoch_A,u_B,col_B,sup_B,epoch_B,energy_A,energy_B
0,0.0,0.0,0.0,0,0,0.0,0.0,0,0,11.401100000000001,11.401100000000001
1,0.001,0.0,0.0,0,0,0.0,0.0,0,0,,
2,0.002,0.0,0.0,0,0,0.0,0.0,0,0,,
3,0.003,0.0,0.0,0,0,0.0,0.0,0,0,,
4,0.004,0.0,0.0,0,0,0.0,0.0,0,0,,
5,0.005,0.0,0.0,0,0,0.0,0.0,0,0,,
6,0.006,0.0,0.0,0,0,0.0,0.0,0,0,,
7,0.007,0.0,0.0,0,0,0.0,0.0,0,0,,
8,0.008,0.0,0.0,0,0,0.0,0.0,0,0,,
9,0.009000000000000001,0.0,0.0,0,0,0.0,0.0,0,0,,
10,0.01,0.0,0.0,0,0,0.0,0.0,0,0,,
11,0.011,0.0,0.0,0,0,0.0,0.0,0,0,,
12,0.012,0.0,0.0,0,0,0.0,0.0,0,0,,
13,0.013000000000000001,0.0,0.0,0,0,0.0,0.0,0,0,,
14,0.014,0.0,0.0,0,0,0.0,0.0,0,0,,
15,0.015,0.0,0.0,0,0,0.0,0.0,0,0,,
16,0.016,0.0,0.0,0,0,0.0,0.0,0,0,,
17,0.017,0.0,0.0,0,0,0.0,0.0,0,0,,
18,0.018000000000000002,0.0,0.0,0,0,0.0,0.0,0,0,,
19,0.019,0.0,0.0,0,0,0.0,0.0,0,0,,
20,0.02,0.0,0.0,0,0,0.0,0.0,0,0,,
21,0.021,0.0,0.0,0,0,0.0,0.0,0,0,,
22,0.022,0.0,0.0,0,0,0.0,0.0,0,0,,
23,0.023,0.0,0.0,0,0,0.0,0.0,0,0,,
24,0.024,0.0,0.0,0,0,0.0,0.0,0,0,,
25,0.025,0.0,0.0,0,0,0.0,0.0,0,0,,
26,0.026000000000000002,0.0,0.0,0,0,0.0,0.0,0,0,,
27,0.027,0.0,0.0,0,0,0.0,0.0,0,0,,
28,0.028,0.0,0.0,0,0,0.0,0.0,0,0,,
29,0.029,0.0,0.0,0,0,0.0,0.0,0,0,,
30,0.03,0.0,0.0,0,0,0.0,0.0,0,0,,
31,0.031,0.0,0.0,0,0,0.0,0.0,0,0,,
32,0.032,0.0,0.0,0,0,0.0,0.0,0,0,,
33,0.033,0.0,0.0,0,0,0.0,0.0,0,0,,
34,0.034,0.0,0.0,0,0,0.0,0.0,0,0,,
35,0.035,0.0,0.0,0,0,0.0,0.0,0,0,,
36,0.036000000000000004,0.0,0.0,0,0,0.0,0.0,0,0,,
37,0.037,0.0,0.0,0,0,0.0,0.0,0,0,,
38,0.038,0.0,0.0,0,0,0.0,0.0,0,0,,
39,0.039,0.0,0.0,0,0,0.0,0.0,0,0,,
40,0.04,0.0,0.0,0,0,0.0,0.0,0,0,,
41,0.041,0.0,0.0,0,0,0.0,0.0,0,0,,
42,0.042,0.0,0.0,0,0,0.0,0.0,0,0,,
43,0.043000000000000003,0.0,0.0,0,0,0.0,0.0,0,0,,
44,0.044,0.0,0.0,0,0,0.0,0.0,0,0,,
45,0.045,0.0,0.0,0,0,0.0,0.0,0,0,,
46,0.046,0.0,0.0,0,0,0.0,0.0,0,0,,
47,0.047,0.0,0.0,0,0,0.0,0.0,0,0,,
48,0.048,0.0,0.0,0,0,0.0,0.0,0,0,,
49,0.049,0.0,0.0,0,0,0.0,0.0,0,0,,
50,0.05,0.0,0.0,0,0,0.0,0.0,0,0,,
51,0.051000000000000004,0.0,0.0,0,0,0.0,0.0,0,0,,
52,0.052000000000000005,0.0,0.0,0,0,0.0,0.0,0,0,,
53,0.053,0.0,0.0,0,0,0.0,0.0,0,0,,
54,0.054,0.0,0.0,0,0,0.0,0.0,0,0,,
55,0.055,0.0,0.0,0,0,0.0,0.0,0,0,,
56,0.056,0.0,0.0,0,0,0.0,0.0,0,0,,
57,0.057,0.0,0.0,0,0,0.0,0.0,0,0,,
58,0.058,0.0,0.0,0,0,0.0,0.0,0,0,,
59,0.059000000000000004,0.0,0.0,0,0,0.0,0.0,0,0,,
60,0.06,0.0,0.0,0,0,0.0,0.0,0,0,,
61,0.061,0.0,0.0,0,0,0.0,0.0,0,0,,
62,0.062,0.0,0.0,0,0,0.0,0.0,0,0,,
63,0.063,0.0,0.0,0,0,0.0,0.0,0,0,,
64,0.064,0.0,0.0,0,0,0.0,0.0,0,0,,
65,0.065,0.0,0.0,0,0,0.0,0.0,0,0,,
66,0.066,0.0,0.0,0,0,0.0,0.0,0,0,,
67,0.067,0.0,0.0,0,0,0.0,0.0,0,0,,
68,0.068,0.0,0.0,0,0,0.0,0.0,0,0,,
69,0.069,0.0,0.0,0,0,0.0,0.0,0,0,,
70,0.07,0.0,0.0,0,0,0.0,0.0,0,0,,
71,0.07100000000000001,0.0,0.0,0,0,0.0,0.0,0,0,,
72,0.07200000000000001,0.0,0.0,0,0,0.0,0.0,0,0,,
73,0.073,0.0,0.0,0,0,0.0,0.0,0,0,,
74,0.074,0.0,0.0,0,0,0.0,0.0,0,0,,
75,0.075,0.0,0.0,0,0,0.0,0.0,0,0,,
76,0.076,0.0,0.0,0,0,0.0,0.0,0,0,,
77,0.077,0.0,0.0,0,0,0.0,0.0,0,0,,
78,0.078,0.0,0.0,0,0,0.0,0.0,0,0,,
79,0.079,0.0,0.0,0,0,0.0,0.0,0,0,,
80,0.08,0.0,0.0,0,0,0.0,0.0,0,0,,
81,0.081,0.0,0.0,0,0,0.0,0.0,0,0,,
82,0.082,0.0,0.0,0,0,0.0,0.0,0,0,,
83,0.083,0.0,0.0,0,0,0.0,0.0,0,0,,
84,0.084,0.0,0.0,0,0,0.0,0.0,0,0,,
85,0.085,0.0,0.0,0,0,0.0,0.0,0,0,,
86,0.08600000000000001,0.0,0.0,0,0,0.0,0.0,0,0,,
87,0.08700000000000001,0.0,0.0,0,0,0.0,0.0,0,0,,
88,0.088,0.0,0.0,0,0,0.0,0.0,0,0,,
89,0.089,0.0,0.0,0,0,0.0,0.0,0,0,,
90,0.09,0.0,0.0,0,0,0.0,0.0,0,0,,
91,0.091,0.0,0.0,0,0,0.0,0.0,0,0,,
92,0.092,0.0,0.0,0,0,0.0,0.0,0,0,,
93,0.093,0.0,0.0,0,0,0.0,0.0,0,0,,
94,0.094,0.0,0.0,0,0,0.0,0.0,0,0,,
95,0.095,0.0,0.0,0,0,0.0,0.0,0,0,,
96,0.096,0.0,0.0,0,0,0.0,0.0,0,0,,
97,0.097,0.0,0.0,0,0,0.0,0.0,0,0,,
98,0.098,0.0,0.0,0,0,0.0,0.0,0,0,,
99,0.099,0.0,0.0,0,0,0.0,0.0,0,0,,
100,0.1,0.0,0.0,0,0,0.0,0.0,0,0,6.442416306581407,6.442416306581407
101,0.101,0.0,0.0,0,0,0.0,0.0,0,0,,
102,0.10200000000000001,0.0,0.0,0,0,0.0,0.0,0,0,,
103,0.10300000000000001,0.0,0.0,0,0,0.0,0.0,0,0,,
104,0.10400000000000001,0.0,0.0,0,0,0.0,0.0,0,0,,
105,0.105,0.0,0.0,0,0,0.0,0.0,0,0,,
106,0.106,0.0,0.0,0,0,0.0,0.0,0,0,,
107,0.107,0.0,0.0,0,0,0.0,0.0,0,0,,
108,0.108,0.0,0.0,0,0,0.0,0.0,0,0,,
109,0.109,0.0,0.0,0,0,0.0,0.0,0,0,,
110,0.11,0.0,0.0,0,0,0.0,0.0,0,0,,
111,0.111,0.0,0.0,0,0,0.0,0.0,0,0,,
112,0.112,0.0,0.0,0,0,0.0,0.0,0,0,,
113,0.113,0.0,0.0,0,0,0.0,0.0,0,0,,
114,0.114,0.0,0.0,0,0,0.0,0.0,0,0,,
115,0.115,0.0,0.0,0,0,0.0,0.0,0,0,,
116,0.116,0.0,0.0,0,0,0.0,0.0,0,0,,
117,0.117,0.0,0.0,0,0,0.0,0.0,0,0,,
118,0.11800000000000001,0.0,0.0,0,0,0.0,0.0,0,0,,
119,0.11900000000000001,0.0,0.0,0,0,0.0,0.0,0,0,,
120,0.12,0.0,0.0,0,0,0.0,0.0,0,0,,
121,0.121,0.0,0.0,0,0,0.0,0.0,0,0,,
122,0.122,0.0,0.0,0,0,0.0,0.0,0,0,,
123,0.123,0.0,0.0,0,0,0.0,0.0,0,0,,
124,0.124,0.0,0.0,0,0,0.0,0.0,0,0,,
125,0.125,0.0,0.0,0,0,0.0,0.0,0,0,,
126,0.126,0.0,0.0,0,0,0.0,0.0,0,0,,
127,0.127,0.0,0.0,0,0,0.0,0.0,0,0,,
128,0.128,0.0,0.0,0,0,0.0,0.0,0,0,,
129,0.129,0.0,0.0,0,0,0.0,0.0,0,0,,
130,0.13,0.0,0.0,0,0,0.0,0.0,0,0,,
131,0.131,0.0,0.0,0,0,0.0,0.0,0,0,,
132,0.132,0.0,0.0,0,0,0.0,0.0,0,0,,
133,0.133,0.0,0.0,0,0,0.0,0.0,0,0,,
134,0.134,0.0,0.0,0,0,0.0,0.0,0,0,,
135,0.135,0.0,0.0,0,0,0.0,0.0,0,0,,
136,0.136,0.0,0.0,0,0,0.0,0.0,0,0,,
137,0.137,0.0,0.0,0,0,0.0,0.0,0,0,,
138,0.138,0.0,0.0,0,0,0.0,0.0,0,0,,
139,0.139,0.0,0.0,0,0,0.0,0.0,0,0,,
140,0.14,0.0,0.0,0,0,0.0,0.0,0,0,,
141,0.14100000000000001,0.0,0.0,0,0,0.0,0.0,0,0,,
142,0.14200000000000002,0.0,0.0,0,0,0.0,0.0,0,0,,
143,0.14300000000000002,0.0,0.0,0,0,0.0,0.0,0,0,,
144,0.14400000000000002,0.0,0.0,0,0,0.0,0.0,0,0,,
145,0.145,0.0,0.0,0,0,0.0,0.0,0,0,,
146,0.146,0.0,0.0,0,0,0.0,0.0,0,0,,
147,0.147,0.0,0.0,0,0,0.0,0.0,0,0,,
148,0.148,0.0,0.0,0,0,0.0,0.0,0,0,,
149,0.149,0.0,0.0,0,0,0.0,0.0,0,0,,
150,0.15,0.0,0.0,0,0,0.0,0.0,0,0,,
151,0.151,0.0,0.0,0,0,0.0,0.0,0,0,,
152,0.152,0.0,0.0,0,0,0.0,0.0,0,0,,
153,0.153,0.0,0.0,0,0,0.0,0.0,0,0,,
154,0.154,0.0,0.0,0,0,0.0,0.0,0,0,,
155,0.155,0.0,0.0,0,0,0.0,0.0,0,0,,
156,0.156,0.0,0.0,0,0,0.0,0.0,0,0,,
157,0.157,0.0,0.0,0,0,0.0,0.0,0,0,,
158,0.158,0.0,0.0,0,0,0.0,0.0,0,0,,
159,0.159,0.0,0.0,0,0,0.0,0.0,0,0,,
160,0.16,0.0,0.0,0,0,0.0,0.0,0,0,,
161,0.161,0.0,0.0,0,0,0.0,0.0,0,0,,
162,0.162,0.0,0.0,0,0,0.0,0.0,0,0,,
163,0.163,0.0,0.0,0,0,0.0,0.0,0,0,,
164,0.164,0.0,0.0,0,0,0.0,0.0,0,0,,
165,0.165,0.0,0.0,0,0,0.0,0.0,0,0,,
166,0.166,0.0,0.0,0,0,0.0,0.0,0,0,,
167,0.167,0.0,0.0,0,0,0.0,0.0,0,0,,
168,0.168,0.0,0.0,0,0,0.0,0.0,0,0,,
169,0.169,0.0,0.0,0,0,0.0,0.0,0,0,,
170,0.17,0.0,0.0,0,0,0.0,0.0,0,0,,
171,0.171,0.0,0.0,0,0,0.0,0.0,0,0,,
172,0.17200000000000001,0.0,0.0,0,0,0.0,0.0,0,0,,
173,0.17300000000000001,0.0,0.0,0,0,0.0,0.0,0,0,,
174,0.17400000000000002,0.0,0.0,0,0,0.0,0.0,0,0,,
175,0.17500000000000002,0.0,0.0,0,0,0.0,0.0,0,0,,
176,0.176,0.0,0.0,0,0,0.0,0.0,0,0,,
177,0.177,0.0,0.0,0,0,0.0,0.0,0,0,,
178,0.178,0.0,0.0,0,0,0.0,0.0,0,0,,
179,0.179,0.0,0.0,0,0,0.0,0.0,0,0,,
180,0.18,0.0,0.0,0,0,0.0,0.0,0,0,,
181,0.181,0.0,0.0,0,0,0.0,0.0,0,0,,
182,0.182,0.0,0.0,0,0,0.0,0.0,0,0,,
183,0.183,0.0,0.0,0,0,0.0,0.0,0,0,,
184,0.184,0.0,0.0,0,0,0.0,0.0,0,0,,
185,0.185,0.0,0.0,0,0,0.0,0.0,0,0,,
186,0.186,0.0,0.0,0,0,0.0,0.0,0,0,,
187,0.187,0.0,0.0,0,0,0.0,0.0,0,0,,
188,0.188,0.0,0.0,0,0,0.0,0.0,0,0,,
189,0.189,0.0,0.0,0,0,0.0,0.0,0,0,,
190,0.19,0.0,0.0,0,0,0.0,0.0,0,0,,
191,0.191,0.0,0.0,0,0,0.0,0.0,0,0,,
192,0.192,0.0,0.0,0,0,0.0,0.0,0,0,,
193,0.193,0.0,0.0,0,0,0.0,0.0,0,0,,
194,0.194,0.0,0.0,0,0,0.0,0.0,0,0,,
195,0.195,0.0,0.0,0,0,0.0,0.0,0,0,,
196,0.196,0.0,0.0,0,0,0.0,0.0,0,0,,
197,0.197,0.0,0.0,0,0,0.0,0.0,0,0,,
198,0.198,0.0,0.0,0,0,0.0,0.0,0,0,,
199,0.199,0.0,0.0,0,0,0.0,0.0,0,0,,
200,0.2,0.0,0.0,0,0,0.0,0.0,0,0,6.370044546689933,6.370044546689933
201,0.201,0.0,0.0,0,0,0.0,0.0,0,0,,
202,0.202,0.0,0.0,0,0,0.0,0.0,0,0,,
203,0.203,0.0,0.0,0,0,0.0,0.0,0,0,,
204,0.20400000000000001,0.0,0.0,0,0,0.0,0.0,0,0,,
205,0.20500000000000002,0.0,0.0,0,0,0.0,0.0,0,0,,
206,0.20600000000000002,0.0,0.0,0,0,0.0,0.0,0,0,,
207,0.20700000000000002,0.0,0.0,0,0,0.0,0.0,0,0,,
208,0.20800000000000002,0.0,0.0,0,0,0.0,0.0,0,0,,
209,0.209,0.0,0.0,0,0,0.0,0.0,0,0,,
210,0.21,0.0,0.0,0,0,0.0,0.0,0,0,,
211,0.211,0.0,0.0,0,0,0.0,0.0,0,0,,
212,0.212,0.0,0.0,0,0,0.0,0.0,0,0,,
213,0.213,0.0,0.0,0,0,0.0,0.0,0,0,,
214,0.214,0.0,0.0,0,0,0.0,0.0,0,0,,
215,0.215,0.0,0.0,0,0,0.0,0.0,0,0,,
216,0.216,0.0,0.0,0,0,0.0,0.0,0,0,,
217,0.217,0.0,0.0,0,0,0.0,0.0,0,0,,
218,0.218,0.0,0.0,0,0,0.0,0.0,0,0,,
219,0.219,0.0,0.0,0,0,0.0,0.0,0,0,,
220,0.22,0.0,0.0,0,0,0.0,0.0,0,0,,
221,0.221,0.0,0.0,0,0,0.0,0.0,0,0,,
222,0.222,0.0,0.0,0,0,0.0,0.0,0,0,,
223,0.223,0.0,0.0,0,0,0.0,0.0,0,0,,
224,0.224,0.0,0.0,0,0,0.0,0.0,0,0,,
225,0.225,0.0,0.0,0,0,0.0,0.0,0,0,,
226,0.226,0.0,0.0,0,0,0.0,0.0,0,0,,
227,0.227,0.0,0.0,0,0,0.0,0.0,0,0,,
228,0.228,0.0,0.0,0,0,0.0,0.0,0,0,,
229,0.229,0.0,0.0,0,0,0.0,0.0,0,0,,
230,0.23,0.0,0.0,0,0,0.0,0.0,0,0,,
231,0.231,0.0,0.0,0,0,0.0,0.0,0,0,,
232,0.232,0.0,0.0,0,0,0.0,0.0,0,0,,
233,0.233,0.0,0.0,0,0,0.0,0.0,0,0,,
234,0.234,0.0,0.0,0,0,0.0,0.0,0,0,,
235,0.23500000000000001,0.0,0.0,0,0,0.0,0.0,0,0,,
236,0.23600000000000002,0.0,0.0,0,0,0.0,0.0,0,0,,
237,0.23700000000000002,0.0,0.0,0,0,0.0,0.0,0,0,,
238,0.23800000000000002,0.0,0.0,0,0,0.0,0.0,0,0,,
239,0.23900000000000002,0.0,0.0,0,0,0.0,0.0,0,0,,
240,0.24,0.0,0.0,0,0,0.0,0.0,0,0,,
241,0.241,0.0,0.0,0,0,0.0,0.0,0,0,,
242,0.242,0.0,0.0,0,0,0.0,0.0,0,0,,
243,0.243,0.0,0.0,0,0,0.0,0.0,0,0,,
244,0.244,0.0,0.0,0,0,0.0,0.0,0,0,,
245,0.245,0.0,0.0,0,0,0.0,0.0,0,0,,
246,0.246,0.0,0.0,0,0,0.0,0.0,0,0,,
247,0.247,0.0,0.0,0,0,0.0,0.0,0,0,,
248,0.248,0.0,0.0,0,0,0.0,0.0,0,0,,
249,0.249,0.0,0.0,0,0,0.0,0.0,0,0,,
250,0.25,0.0,0.0,0,0,0.0,0.0,0,0,,
251,0.251,0.0,0.0,0,0,0.0,0.0,0,0,,
252,0.252,0.0,0.0,0,0,0.0,0.0,0,0,,
253,0.253,0.0,0.0,0,0,0.0,0.0,0,0,,
254,0.254,0.0,0.0,0,0,0.0,0.0,0,0,,
255,0.255,0.0,0.0,0,0,0.0,0.0,0,0,,
256,0.256,0.0,0.0,0,0,0.0,0.0,0,0,,
257,0.257,0.0,0.0,0,0,0.0,0.0,0,0,,
258,0.258,0.0,0.0,0,0,0.0,0.0,0,0,,
259,0.259,0.0,0.0,0,0,0.0,0.0,0,0,,
260,0.26,0.0,0.0,0,0,0.0,0.0,0,0,,
261,0.261,0.0,0.0,0,0,0.0,0.0,0,0,,
262,0.262,0.0,0.0,0,0,0.0,0.0,0,0,,
263,0.263,0.0,0.0,0,0,0.0,0.0,0,0,,
264,0.264,0.0,0.0,0,0,0.0,0.0,0,0,,
265,0.265,0.0,0.0,0,0,0.0,0.0,0,0,,
266,0.266,0.0,0.0,0,0,0.0,0.0,0,0,,
267,0.267,0.0,0.0,0,0,0.0,0.0,0,0,,
268,0.268,0.0,0.0,0,0,0.0,0.0,0,0,,
269,0.269,0.0,0.0,0,0,0.0,0.0,0,0,,
270,0.27,0.0,0.0,0,0,0.0,0.0,0,0,,
271,0.271,0.0,0.0,0,0,0.0,0.0,0,0,,
272,0.272,0.0,0.0,0,0,0.0,0.0,0,0,,
273,0.273,0.0,0.0,0,0,0.0,0.0,0,0,,
274,0.274,0.0,0.0,0,0,0.0,0.0,0,0,,
275,0.275,0.0,0.0,0,0,0.0,0.0,0,0,,
276,0.276,0.0,0.0,0,0,0.0,0.0,0,0,,
277,0.277,0.0,0.0,0,0,0.0,0.0,0,0,,
278,0.278,0.0,0.0,0,0,0.0,0.0,0,0,,
279,0.279,0.0,0.0,0,0,0.0,0.0,0,0,,
280,0.28,0.0,0.0,0,0,0.0,0.0,0,0,,
281,0.281,0.0,0.0,0,0,0.0,0.0,0,0,,
282,0.28200000000000003,0.0,0.0,0,0,0.0,0.0,0,0,,
283,0.28300000000000003,0.0,0.0,0,0,0.0,0.0,0,0,,
284,0.28400000000000003,0.0,0.0,0,0,0.0,0.0,0,0,,
285,0.28500000000000003,0.0,0.0,0,0,0.0,0.0,0,0,,
286,0.28600000000000003,0.0,0.0,0,0,0.0,0.0,0,0,,
287,0.28700000000000003,0.0,0.0,0,0,0.0,0.0,0,0,,
288,0.28800000000000003,0.0,0.0,0,0,0.0,0.0,0,0,,
289,0.289,0.0,0.0,0,0,0.0,0.0,0,0,,
290,0.29,0.0,0.0,0,0,0.0,0.0,0,0,,
291,0.291,0.0,0.0,0,0,0.0,0.0,0,0,,
292,0.292,0.0,0.0,0,0,0.0,0.0,0,0,,
293,0.293,0.0,0.0,0,0,0.0,0.0,0,0,,
294,0.294,0.0,0.0,0,0,0.0,0.0,0,0,,
295,0.295,0.0,0.0,0,0,0.0,0.0,0,0,,
296,0.296,0.0,0.0,0,0,0.0,0.0,0,0,,
297,0.297,0.0,0.0,0,0,0.0,0.0,0,0,,
298,0.298,0.0,0.0,0,0,0.0,0.0,0,0,,
299,0.299,0.0,0.0,0,0,0.0,0.0,0,0,,
300,0.3,0.0,0.0,0,0,0.0,0.0,0,0,6.647762479269418,6.647762479269418
301,0.301,0.0,0.0,0,0,0.0,0.0,0,0,,
302,0.302,0.0,0.0,0,0,0.0,0.0,0,0,,
303,0.303,0.0,0.0,0,0,0.0,0.0,0,0,,
304,0.304,0.0,0.0,0,0,0.0,0.0,0,0,,
305,0.305,0.0,0.0,0,0,0.0,0.0,0,0,,
306,0.306,0.0,0.0,0,0,0.0,0.0,0,0,,
307,0.307,0.0,0.0,0,0,0.0,0.0,0,0,,
308,0.308,0.0,0.0,0,0,0.0,0.0,0,0,,
309,0.309,0.0,0.0,0,0,0.0,0.0,0,0,,
310,0.31,0.0,0.0,0,0,0.0,0.0,0,0,,
311,0.311,0.0,0.0,0,0,0.0,0.0,0,0,,
312,0.312,0.0,0.0,0,0,0.0,0.0,0,0,,
313,0.313,0.0,0.0,0,0,0.0,0.0,0,0,,
314,0.314,0.0,0.0,0,0,0.0,0.0,0,0,,
315,0.315,0.0,0.0,0,0,0.0,0.0,0,0,,
316,0.316,0.0,0.0,0,0,0.0,0.0,0,0,,
317,0.317,0.0,0.0,0,0,0.0,0.0,0,0,,
318,0.318,0.0,0.0,0,0,0.0,0.0,0,0,,
319,0.319,0.0,0.0,0,0,0.0,0.0,0,0,,
320,0.32,0.0,0.0,0,0,0.0,0.0,0,0,,
321,0.321,0.0,0.0,0,0,0.0,0.0,0,0,,
322,0.322,0.0,0.0,0,0,0.0,0.0,0,0,,
323,0.323,0.0,0.0,0,0,0.0,0.0,0,0,,
324,0.324,0.0,0.0,0,0,0.0,0.0,0,0,,
325,0.325,0.0,0.0,0,0,0.0,0.0,0,0,,
326,0.326,0.0,0.0,0,0,0.0,0.0,0,0,,
327,0.327,0.0,0.0,0,0,0.0,0.0,0,0,,
328,0.328,0.0,0.0,0,0,0.0,0.0,0,0,,
329,0.329,0.0,0.0,0,0,0.0,0.0,0,0,,
330,0.33,0.0,0.0,0,0,0.0,0.0,0,0,,
331,0.331,0.0,0.0,0,0,0.0,0.0,0,0,,
332,0.332,0.0,0.0,0,0,0.0,0.0,0,0,,
333,0.333,0.0,0.0,0,0,0.0,0.0,0,0,,
334,0.334,0.0,0.0,0,0,0.0,0.0,0,0,,
335,0.335,0.0,0.0,0,0,0.0,0.0,0,0,,
336,0.336,0.0,0.0,0,0,0.0,0.0,0,0,,
337,0.337,0.0,0.0,0,0,0.0,0.0,0,0,,
338,0.338,0.0,0.0,0,0,0.0,0.0,0,0,,
339,0.339,0.0,0.0,0,0,0.0,0.0,0,0,,
340,0.34,0.0,0.0,0,0,0.0,0.0,0,0,,
341,0.341,0.0,0.0,0,0,0.0,0.0,0,0,,
342,0.342,0.0,0.0,0,0,0.0,0.0,0,0,,
343,0.343,0.0,0.0,0,0,0.0,0.0,0,0,,
344,0.34400000000000003,0.0,0.0,0,0,0.0,0.0,0,0,,
345,0.34500000000000003,0.0,0.0,0,0,0.0,0.0,0,0,,
346,0.34600000000000003,0.0,0.0,0,0,0.0,0.0,0,0,,
347,0.34700000000000003,0.0,0.0,0,0,0.0,0.0,0,0,,
348,0.34800000000000003,0.0,0.0,0,0,0.0,0.0,0,0,,
349,0.34900000000000003,0.0,0.0,0,0,0.0,0.0,0,0,,
350,0.35000000000000003,0.0,0.0,0,0,0.0,0.0,0,0,,
351,0.35100000000000003,0.0,0.0,0,0,0.0,0.0,0,0,,
352,0.352,0.0,0.0,0,0,0.0,0.0,0,0,,
353,0.353,0.0,0.0,0,0,0.0,0.0,0,0,,
354,0.354,0.0,0.0,0,0,0.0,0.0,0,0,,
355,0.355,0.0,0.0,0,0,0.0,0.0,0,0,,
356,0.356,0.0,0.0,0,0,0.0,0.0,0,0,,
357,0.357,0.0,0.0,0,0,0.0,0.0,0,0,,
358,0.358,0.0,0.0,0,0,0.0,0.0,0,0,,
359,0.359,0.0,0.0,0,0,0.0,0.0,0,0,,
360,0.36,0.0,0.0,0,0,0.0,0.0,0,0,,
361,0.361,0.0,0.0,0,0,0.0,0.0,0,0,,
362,0.362,0.0,0.0,0,0,0.0,0.0,0,0,,
363,0.363,0.0,0.0,0,0,0.0,0.0,0,0,,
364,0.364,0.0,0.0,0,0,0.0,0.0,0,0,,
365,0.365,0.0,0.0,0,0,0.0,0.0,0,0,,
366,0.366,0.0,0.0,0,0,0.0,0.0,0,0,,
367,0.367,0.0,0.0,0,0,0.0,0.0,0,0,,
368,0.368,0.0,0.0,0,0,0.0,0.0,0,0,,
369,0.369,0.0,0.0,0,0,0.0,0.0,0,0,,
370,0.37,0.0,0.0,0,0,0.0,0.0,0,0,,
371,0.371,0.0,0.0,0,0,0.0,0.0,0,0,,
372,0.372,0.0,0.0,0,0,0.0,0.0,0,0,,
373,0.373,0.0,0.0,0,0,0.0,0.0,0,0,,
374,0.374,0.0,0.0,0,0,0.0,0.0,0,0,,
375,0.375,0.0,0.0,0,0,0.0,0.0,0,0,,
376,0.376,0.0,0.0,0,0,0.0,0.0,0,0,,
377,0.377,0.0,0.0,0,0,0.0,0.0,0,0,,
378,0.378,0.0,0.0,0,0,0.0,0.0,0,0,,
379,0.379,0.0,0.0,0,0,0.0,0.0,0,0,,
380,0.38,0.0,0.0,0,0,0.0,0.0,0,0,,
381,0.381,0.0,0.0,0,0,0.0,0.0,0,0,,
382,0.382,0.0,0.0,0,0,0.0,0.0,0,0,,
383,0.383,0.0,0.0,0,0,0.0,0.0,0,0,,
384,0.384,0.0,0.0,0,0,0.0,0.0,0,0,,
385,0.385,0.0,0.0,0,0,0.0,0.0,0,0,,
386,0.386,0.0,0.0,0,0,0.0,0.0,0,0,,
387,0.387,0.0,0.0,0,0,0.0,0.0,0,0,,
388,0.388,0.0,0.0,0,0,0.0,0.0,0,0,,
389,0.389,0.0,0.0,0,0,0.0,0.0,0,0,,
390,0.39,0.0,0.0,0,0,0.0,0.0,0,0,,
391,0.391,0.0,0.0,0,0,0.0,0.0,0,0,,
392,0.392,0.0,0.0,0,0,0.0,0.0,0,0,,
393,0.393,0.0,0.0,0,0,0.0,0.0,0,0,,
394,0.394,0.0,0.0,0,0,0.0,0.0,0,0,,
395,0.395,0.0,0.0,0,0,0.0,0.0,0,0,,
396,0.396,0.0,0.0,0,0,0.0,0.0,0,0,,
397,0.397,0.0,0.0,0,0,0.0,0.0,0,0,,
398,0.398,0.0,0.0,0,0,0.0,0.0,0,0,,
399,0.399,0.0,0.0,0,0,0.0,0.0,0,0,,
400,0.4,0.0,0.0,0,0,0.0,0.0,0,0,7.306615436646073,7.306615436646073
401,0.401,0.0,0.0,0,0,0.0,0.0,0,0,,
402,0.402,0.0,0.0,0,0,0.0,0.0,0,0,,
403,0.403,0.0,0.0,0,0,0.0,0.0,0,0,,
404,0.404,0.0,0.0,0,0,0.0,0.0,0,0,,
405,0.405,0.0,0.0,0,0,0.0,0.0,0,0,,
406,0.406,0.0,0.0,0,0,0.0,0.0,0,0,,
407,0.40700000000000003,0.0,0.0,0,0,0.0,0.0,0,0,,
408,0.40800000000000003,0.0,0.0,0,0,0.0,0.0,0,0,,
409,0.40900000000000003,0.0,0.0,0,0,0.0,0.0,0,0,,
410,0.41000000000000003,0.0,0.0,0,0,0.0,0.0,0,0,,
411,0.41100000000000003,0.0,0.0,0,0,0.0,0.0,0,0,,
412,0.41200000000000003,0.0,0.0,0,0,0.0,0.0,0,0,,
413,0.41300000000000003,0.0,0.0,0,0,0.0,0.0,0,0,,
414,0.41400000000000003,0.0,0.0,0,0,0.0,0.0,0,0,,
415,0.41500000000000004,0.0,0.0,0,0,0.0,0.0,0,0,,
416,0.41600000000000004,0.0,0.0,0,0,0.0,0.0,0,0,,
417,0.417,0.0,0.0,0,0,0.0,0.0,0,0,,
418,0.418,0.0,0.0,0,0,0.0,0.0,0,0,,
419,0.419,0.0,0.0,0,0,0.0,0.0,0,0,,
420,0.42,0.0,0.0,0,0,0.0,0.0,0,0,,
421,0.421,0.0,0.0,0,0,0.0,0.0,0,0,,
422,0.422,0.0,0.0,0,0,0.0,0.0,0,0,,
423,0.423,0.0,0.0,0,0,0.0,0.0,0,0,,
424,0.424,0.0,0.0,0,0,0.0,0.0,0,0,,
425,0.425,0.0,0.0,0,0,0.0,0.0,0,0,,
426,0.426,0.0,0.0,0,0,0.0,0.0,0,0,,
427,0.427,0.0,0.0,0,0,0.0,0.0,0,0,,
428,0.428,0.0,0.0,0,0,0.0,0.0,0,0,,
429,0.429,0.0,0.0,0,0,0.0,0.0,0,0,,
430,0.43,0.0,0.0,0,0,0.0,0.0,0,0,,
431,0.431,0.0,0.0,0,0,0.0,0.0,0,0,,
432,0.432,0.0,0.0,0,0,0.0,0.0,0,0,,
433,0.433,0.0,0.0,0,0,0.0,0.0,0,0,,
434,0.434,0.0,0.0,0,0,0.0,0.0,0,0,,
435,0.435,0.0,0.0,0,0,0.0,0.0,0,0,,
436,0.436,0.0,0.0,0,0,0.0,0.0,0,0,,
437,0.437,0.0,0.0,0,0,0.0,0.0,0,0,,
438,0.438,0.0,0.0,0,0,0.0,0.0,0,0,,
439,0.439,0.0,0.0,0,0,0.0,0.0,0,0,,
440,0.44,0.0,0.0,0,0,0.0,0.0,0,0,,
441,0.441,0.0,0.0,0,0,0.0,0.0,0,0,,
442,0.442,0.0,0.0,0,0,0.0,0.0,0,0,,
443,0.443,0.0,0.0,0,0,0.0,0.0,0,0,,
444,0.444,0.0,0.0,0,0,0.0,0.0,0,0,,
445,0.445,0.0,0.0,0,0,0.0,0.0,0,0,,
446,0.446,0.0,0.0,0,0,0.0,0.0,0,0,,
447,0.447,0.0,0.0,0,0,0.0,0.0,0,0,,
448,0.448,0.0,0.0,0,0,0.0,0.0,0,0,,
449,0.449,0.0,0.0,0,0,0.0,0.0,0,0,,
450,0.45,0.0,0.0,0,0,0.0,0.0,0,0,,
451,0.451,0.0,0.0,0,0,0.0,0.0,0,0,,
452,0.452,0.0,0.0,0,0,0.0,0.0,0,0,,
453,0.453,0.0,0.0,0,0,0.0,0.0,0,0,,
454,0.454,0.0,0.0,0,0,0.0,0.0,0,0,,
455,0.455,0.0,0.0,0,0,0.0,0.0,0,0,,
456,0.456,0.0,0.0,0,0,0.0,0.0,0,0,,
457,0.457,0.0,0.0,0,0,0.0,0.0,0,0,,
458,0.458,0.0,0.0,0,0,0.0,0.0,0,0,,
459,0.459,0.0,0.0,0,0,0.0,0.0,0,0,,
460,0.46,0.0,0.0,0,0,0.0,0.0,0,0,,
461,0.461,0.0,0.0,0,0,0.0,0.0,0,0,,
462,0.462,0.0,0.0,0,0,0.0,0.0,0,0,,
463,0.463,0.0,0.0,0,0,0.0,0.0,0,0,,
464,0.464,0.0,0.0,0,0,0.0,0.0,0,0,,
465,0.465,0.0,0.0,0,0,0.0,0.0,0,0,,
466,0.466,0.0,0.0,0,0,0.0,0.0,0,0,,
467,0.467,0.0,0.0,0,0,0.0,0.0,0,0,,
468,0.468,0.0,0.0,0,0,0.0,0.0,0,0,,
469,0.46900000000000003,0.0,0.0,0,0,0.0,0.0,0,0,,
470,0.47000000000000003,0.0,0.0,0,0,0.0,0.0,0,0,,
471,0.47100000000000003,0.0,0.0,0,0,0.0,0.0,0,0,,
472,0.47200000000000003,0.0,0.0,0,0,0.0,0.0,0,0,,
473,0.47300000000000003,0.0,0.0,0,0,0.0,0.0,0,0,,
474,0.47400000000000003,0.0,0.0,0,0,0.0,0.0,0,0,,
475,0.47500000000000003,0.0,0.0,0,0,0.0,0.0,0,0,,
476,0.47600000000000003,0.0,0.0,0,0,0.0,0.0,0,0,,
477,0.47700000000000004,0.0,0.0,0,0,0.0,0.0,0,0,,
478,0.47800000000000004,0.0,0.0,0,0,0.0,0.0,0,0,,
479,0.47900000000000004,0.0,0.0,0,0,0.0,0.0,0,0,,
480,0.48,0.0,0.0,0,0,0.0,0.0,0,0,,
481,0.481,0.0,0.0,0,0,0.0,0.0,0,0,,
482,0.482,0.0,0.0,0,0,0.0,0.0,0,0,,
483,0.483,0.0,0.0,0,0,0.0,0.0,0,0,,
484,0.484,0.0,0.0,0,0,0.0,0.0,0,0,,
485,0.485,0.0,0.0,0,0,0.0,0.0,0,0,,
486,0.486,0.0,0.0,0,0,0.0,0.0,0,0,,
487,0.487,0.0,0.0,0,0,0.0,0.0,0,0,,
488,0.488,0.0,0.0,0,0,0.0,0.0,0,0,,
489,0.489,0.0,0.0,0,0,0.0,0.0,0,0,,
490,0.49,0.0,0.0,0,0,0.0,0.0,0,0,,
491,0.491,0.0,0.0,0,0,0.0,0.0,0,0,,
492,0.492,0.0,0.0,0,0,0.0,0.0,0,0,,
493,0.493,0.0,0.0,0,0,0.0,0.0,0,0,,
494,0.494,0.0,0.0,0,0,0.0,0.0,0,0,,
495,0.495,0.0,0.0,0,0,0.0,0.0,0,0,,
496,0.496,0.0,0.0,0,0,0.0,0.0,0,0,,
497,0.497,0.0,0.0,0,0,0.0,0.0,0,0,,
498,0.498,0.0,0.0,0,0,0.0,0.0,0,0,,
499,0.499,0.0,0.0,0,0,0.0,0.0,0,0,,
500,0.5,0.0,0.0,0,0,0.0,0.0,0,0,7.304254815482706,7.304254815482706
501,0.501,0.0,0.0,0,0,0.0,0.0,0,0,,
502,0.502,0.0,0.0,0,0,0.0,0.0,0,0,,
503,0.503,0.0,0.0,0,0,0.0,0.0,0,0,,
504,0.504,0.0,0.0,0,0,0.0,0.0,0,0,,
505,0.505,0.0,0.0,0,0,0.0,0.0,0,0,,
506,0.506,0.0,0.0,0,0,0.0,0.0,0,0,,
507,0.507,0.0,0.0,0,0,0.0,0.0,0,0,,
508,0.508,0.0,0.0,0,0,0.0,0.0,0,0,,
509,0.509,0.0,0.0,0,0,0.0,0.0,0,0,,
510,0.51,0.0,0.0,0,0,0.0,0.0,0,0,,
511,0.511,0.0,0.0,0,0,0.0,0.0,0,0,,
512,0.512,0.0,0.0,0,0,0.0,0.0,0,0,,
513,0.513,0.0,0.0,0,0,0.0,0.0,0,0,,
514,0.514,0.0,0.0,0,0,0.0,0.0,0,0,,
515,0.515,0.0,0.0,0,0,0.0,0.0,0,0,,
516,0.516,0.0,0.0,0,0,0.0,0.0,0,0,,
517,0.517,0.0,0.0,0,0,0.0,0.0,0,0,,
518,0.518,0.0,0.0,0,0,0.0,0.0,0,0,,
519,0.519,0.0,0.0,0,0,0.0,0.0,0,0,,
520,0.52,0.0,0.0,0,0,0.0,0.0,0,0,,
521,0.521,0.0,0.0,0,0,0.0,0.0,0,0,,
522,0.522,0.0,0.0,0,0,0.0,0.0,0,0,,
523,0.523,0.0,0.0,0,0,0.0,0.0,0,0,,
524,0.524,0.0,0.0,0,0,0.0,0.0,0,0,,
525,0.525,0.0,0.0,0,0,0.0,0.0,0,0,,
526,0.526,0.0,0.0,0,0,0.0,0.0,0,0,,
527,0.527,0.0,0.0,0,0,0.0,0.0,0,0,,
528,0.528,0.0,0.0,0,0,0.0,0.0,0,0,,
529,0.529,0.0,0.0,0,0,0.0,0.0,0,0,,
530,0.53,0.0,0.0,0,0,0.0,0.0,0,0,,
531,0.531,0.0,0.0,0,0,0.0,0.0,0,0,,
532,0.532,0.0,0.0,0,0,0.0,0.0,0,0,,
533,0.533,0.0,0.0,0,0,0.0,0.0,0,0,,
534,0.534,0.0,0.0,0,0,0.0,0.0,0,0,,
535,0.535,0.0,0.0,0,0,0.0,0.0,0,0,,
536,0.536,0.0,0.0,0,0,0.0,0.0,0,0,,
537,0.537,0.0,0.0,0,0,0.0,0.0,0,0,,
538,0.538,0.0,0.0,0,0,0.0,0.0,0,0,,
539,0.539,0.0,0.0,0,0,0.0,0.0,0,0,,
540,0.54,0.0,0.0,0,0,0.0,0.0,0,0,,
541,0.541,0.0,0.0,0,0,0.0,0.0,0,0,,
542,0.542,0.0,0.0,0,0,0.0,0.0,0,0,,
543,0.543,0.0,0.0,0,0,0.0,0.0,0,0,,
544,0.544,0.0,0.0,0,0,0.0,0.0,0,0,,
545,0.545,0.0,0.0,0,0,0.0,0.0,0,0,,
546,0.546,0.0,0.0,0,0,0.0,0.0,0,0,,
547,0.547,0.0,0.0,0,0,0.0,0.0,0,0,,
548,0.548,0.0,0.0,0,0,0.0,0.0,0,0,,
549,0.549,0.0,0.0,0,0,0.0,0.0,0,0,,
550,0.55,0.0,0.0,0,0,0.0,0.0,0,0,,
551,0.551,0.0,0.0,0,0,0.0,0.0,0,0,,
552,0.552,0.0,0.0,0,0,0.0,0.0,0,0,,
553,0.553,0.0,0.0,0,0,0.0,0.0,0,0,,
554,0.554,0.0,0.0,0,0,0.0,0.0,0,0,,
555,0.555,0.0,0.0,0,0,0.0,0.0,0,0,,
556,0.556,0.0,0.0,0,0,0.0,0.0,0,0,,
557,0.557,0.0,0.0,0,0,0.0,0.0,0,0,,
558,0.558,0.0,0.0,0,0,0.0,0.0,0,0,,
559,0.559,0.0,0.0,0,0,0.0,0.0,0,0,,
560,0.56,0.0,0.0,0,0,0.0,0.0,0,0,,
561,0.561,0.0,0.0,0,0,0.0,0.0,0,0,,
562,0.562,0.0,0.0,0,0,0.0,0.0,0,0,,
563,0.5630000000000001,0.0,0.0,0,0,0.0,0.0,0,0,,
564,0.5640000000000001,0.0,0.0,0,0,0.0,0.0,0,0,,
565,0.5650000000000001,0.0,0.0,0,0,0.0,0.0,0,0,,
566,0.5660000000000001,0.0,0.0,0,0,0.0,0.0,0,0,,
567,0.5670000000000001,0.0,0.0,0,0,0.0,0.0,0,0,,
568,0.5680000000000001,0.0,0.0,0,0,0.0,0.0,0,0,,
569,0.5690000000000001,0.0,0.0,0,0,0.0,0.0,0,0,,
570,0.5700000000000001,0.0,0.0,0,0,0.0,0.0,0,0,,
571,0.5710000000000001,0.0,0.0,0,0,0.0,0.0,0,0,,
572,0.5720000000000001,0.0,0.0,0,0,0.0,0.0,0,0,,
573,0.5730000000000001,0.0,0.0,0,0,0.0,0.0,0,0,,
574,0.5740000000000001,0.0,0.0,0,0,0.0,0.0,0,0,,
575,0.5750000000000001,0.0,0.0,0,0,0.0,0.0,0,0,,
576,0.5760000000000001,0.0,0.0,0,0,0.0,0.0,0,0,,
577,0.577,0.0,0.0,0,0,0.0,0.0,0,0,,
578,0.578,0.0,0.0,0,0,0.0,0.0,0,0,,
579,0.579,0.0,0.0,0,0,0.0,0.0,0,0,,
580,0.58,0.0,0.0,0,0,0.0,0.0,0,0,,
581,0.581,0.0,0.0,0,0,0.0,0.0,0,0,,
582,0.582,0.0,0.0,0,0,0.0,0.0,0,0,,
583,0.583,0.0,0.0,0,0,0.0,0.0,0,0,,
584,0.584,0.0,0.0,0,0,0.0,0.0,0,0,,
585,0.585,0.0,0.0,0,0,0.0,0.0,0,0,,
586,0.586,0.0,0.0,0,0,0.0,0.0,0,0,,
587,0.587,0.0,0.0,0,0,0.0,0.0,0,0,,
588,0.588,0.0,0.0,0,0,0.0,0.0,0,0,,
589,0.589,0.0,0.0,0,0,0.0,0.0,0,0,,
590,0.59,0.0,0.0,0,0,0.0,0.0,0,0,,
591,0.591,0.0,0.0,0,0,0.0,0.0,0,0,,
592,0.592,0.0,0.0,0,0,0.0,0.0,0,0,,
593,0.593,0.0,0.0,0,0,0.0,0.0,0,0,,
594,0.594,0.0,0.0,0,0,0.0,0.0,0,0,,
595,0.595,0.0,0.0,0,0,0.0,0.0,0,0,,
596,0.596,0.0,0.0,0,0,0.0,0.0,0,0,,
597,0.597,0.0,0.0,0,0,0.0,0.0,0,0,,
598,0.598,0.0,0.0,0,0,0.0,0.0,0,0,,
599,0.599,0.0,0.0,0,0,0.0,0.0,0,0,,
600,0.6,0.0,0.0,0,0,0.0,0.0,0,0,7.304879093173903,7.304879093173903
601,0.601,0.0,0.0,0,0,0.0,0.0,0,0,,
602,0.602,0.0,0.0,0,0,0.0,0.0,0,0,,
603,0.603,0.0,0.0,0,0,0.0,0.0,0,0,,
604,0.604,0.0,0.0,0,0,0.0,0.0,0,0,,
605,0.605,0.0,0.0,0,0,0.0,0.0,0,0,,
606,0.606,0.0,0.0,0,0,0.0,0.0,0,0,,
607,0.607,0.0,0.0,0,0,0.0,0.0,0,0,,
608,0.608,0.0,0.0,0,0,0.0,0.0,0,0,,
609,0.609,0.0,0.0,0,0,0.0,0.0,0,0,,
610,0.61,0.0,0.0,0,0,0.0,0.0,0,0,,
611,0.611,0.0,0.0,0,0,0.0,0.0,0,0,,
612,0.612,0.0,0.0,0,0,0.0,0.0,0,0,,
613,0.613,0.0,0.0,0,0,0.0,0.0,0,0,,
614,0.614,0.0,0.0,0,0,0.0,0.0,0,0,,
615,0.615,0.0,0.0,0,0,0.0,0.0,0,0,,
616,0.616,0.0,0.0,0,0,0.0,0.0,0,0,,
617,0.617,0.0,0.0,0,0,0.0,0.0,0,0,,
618,0.618,0.0,0.0,0,0,0.0,0.0,0,0,,
619,0.619,0.0,0.0,0,0,0.0,0.0,0,0,,
620,0.62,0.0,0.0,0,0,0.0,0.0,0,0,,
621,0.621,0.0,0.0,0,0,0.0,0.0,0,0,,
622,0.622,0.0,0.0,0,0,0.0,0.0,0,0,,
623,0.623,0.0,0.0,0,0,0.0,0.0,0,0,,
624,0.624,0.0,0.0,0,0,0.0,0.0,0,0,,
625,0.625,0.0,0.0,0,0,0.0,0.0,0,0,,
626,0.626,0.0,0.0,0,0,0.0,0.0,0,0,,
627,0.627,0.0,0.0,0,0,0.0,0.0,0,0,,
628,0.628,0.0,0.0,0,0,0.0,0.0,0,0,,
629,0.629,0.0,0.0,0,0,0.0,0.0,0,0,,
630,0.63,0.0,0.0,0,0,0.0,0.0,0,0,,
631,0.631,0.0,0.0,0,0,0.0,0.0,0,0,,
632,0.632,0.0,0.0,0,0,0.0,0.0,0,0,,
633,0.633,0.0,0.0,0,0,0.0,0.0,0,0,,
634,0.634,0.0,0.0,0,0,0.0,0.0,0,0,,
635,0.635,0.0,0.0,0,0,0.0,0.0,0,0,,
636,0.636,0.0,0.0,0,0,0.0,0.0,0,0,,
637,0.637,0.0,0.0,0,0,0.0,0.0,0,0,,
638,0.638,0.0,0.0,0,0,0.0,0.0,0,0,,
639,0.639,0.0,0.0,0,0,0.0,0.0,0,0,,
640,0.64,0.0,0.0,0,0,0.0,0.0,0,0,,
641,0.641,0.0,0.0,0,0,0.0,0.0,0,0,,
642,0.642,0.0,0.0,0,0,0.0,0.0,0,0,,
643,0.643,0.0,0.0,0,0,0.0,0.0,0,0,,
644,0.644,0.0,0.0,0,0,0.0,0.0,0,0,,
645,0.645,0.0,0.0,0,0,0.0,0.0,0,0,,
646,0.646,0.0,0.0,0,0,0.0,0.0,0,0,,
647,0.647,0.0,0.0,0,0,0.0,0.0,0,0,,
648,0.648,0.0,0.0,0,0,0.0,0.0,0,0,,
649,0.649,0.0,0.0,0,0,0.0,0.0,0,0,,
650,0.65,0.0,0.0,0,0,0.0,0.0,0,0,,
651,0.651,0.0,0.0,0,0,0.0,0.0,0,0,,
652,0.652,0.0,0.0,0,0,0.0,0.0,0,0,,
653,0.653,0.0,0.0,0,0,0.0,0.0,0,0,,
654,0.654,0.0,0.0,0,0,0.0,0.0,0,0,,
655,0.655,0.0,0.0,0,0,0.0,0.0,0,0,,
656,0.656,0.0,0.0,0,0,0.0,0.0,0,0,,
657,0.657,0.0,0.0,0,0,0.0,0.0,0,0,,
658,0.658,0.0,0.0,0,0,0.0,0.0,0,0,,
659,0.659,0.0,0.0,0,0,0.0,0.0,0,0,,
660,0.66,0.0,0.0,0,0,0.0,0.0,0,0,,
661,0.661,0.0,0.0,0,0,0.0,0.0,0,0,,
662,0.662,0.0,0.0,0,0,0.0,0.0,0,0,,
663,0.663,0.0,0.0,0,0,0.0,0.0,0,0,,
664,0.664,0.0,0.0,0,0,0.0,0.0,0,0,,
665,0.665,0.0,0.0,0,0,0.0,0.0,0,0,,
666,0.666,0.0,0.0,0,0,0.0,0.0,0,0,,
667,0.667,0.0,0.0,0,0,0.0,0.0,0,0,,
668,0.668,0.0,0.0,0,0,0.0,0.0,0,0,,
669,0.669,0.0,0.0,0,0,0.0,0.0,0,0,,
670,0.67,0.0,0.0,0,0,0.0,0.0,0,0,,
671,0.671,0.0,0.0,0,0,0.0,0.0,0,0,,
672,0.672,0.0,0.0,0,0,0.0,0.0,0,0,,
673,0.673,0.0,0.0,0,0,0.0,0.0,0,0,,
674,0.674,0.0,0.0,0,0,0.0,0.0,0,0,,
675,0.675,0.0,0.0,0,0,0.0,0.0,0,0,,
676,0.676,0.0,0.0,0,0,0.0,0.0,0,0,,
677,0.677,0.0,0.0,0,0,0.0,0.0,0,0,,
678,0.678,0.0,0.0,0,0,0.0,0.0,0,0,,
679,0.679,0.0,0.0,0,0,0.0,0.0,0,0,,
680,0.68,0.0,0.0,0,0,0.0,0.0,0,0,,
681,0.681,0.0,0.0,0,0,0.0,0.0,0,0,,
682,0.682,0.0,0.0,0,0,0.0,0.0,0,0,,
683,0.683,0.0,0.0,0,0,0.0,0.0,0,0,,
684,0.684,0.0,0.0,0,0,0.0,0.0,0,0,,
685,0.685,0.0,0.0,0,0,0.0,0.0,0,0,,
686,0.686,0.0,0.0,0,0,0.0,0.0,0,0,,
687,0.687,0.0,0.0,0,0,0.0,0.0,0,0,,
688,0.6880000000000001,0.0,0.0,0,0,0.0,0.0,0,0,,
689,0.6890000000000001,0.0,0.0,0,0,0.0,0.0,0,0,,
690,0.6900000000000001,0.0,0.0,0,0,0.0,0.0,0,0,,
691,0.6910000000000001,0.0,0.0,0,0,0.0,0.0,0,0,,
692,0.6920000000000001,0.0,0.0,0,0,0.0,0.0,0,0,,
693,0.6930000000000001,0.0,0.0,0,0,0.0,0.0,0,0,,
694,0.6940000000000001,0.0,0.0,0,0,0.0,0.0,0,0,,
695,0.6950000000000001,0.0,0.0,0,0,0.0,0.0,0,0,,
696,0.6960000000000001,0.0,0.0,0,0,0.0,0.0,0,0,,
697,0.6970000000000001,0.0,0.0,0,0,0.0,0.0,0,0,,
698,0.6980000000000001,0.0,0.0,0,0,0.0,0.0,0,0,,
699,0.6990000000000001,0.0,0.0,0,0,0.0,0.0,0,0,,
700,0.7000000000000001,0.0,0.0,0,0,0.0,0.0,0,0,7.305777840886415,7.305777840886415
701,0.7010000000000001,0.0,0.0,0,0,0.0,0.0,0,0,,
702,0.7020000000000001,0.0,0.0,0,0,0.0,0.0,0,0,,
703,0.7030000000000001,0.0,0.0,0,0,0.0,0.0,0,0,,
704,0.704,0.0,0.0,0,0,0.0,0.0,0,0,,
705,0.705,0.0,0.0,0,0,0.0,0.0,0,0,,
706,0.706,0.0,0.0,0,0,0.0,0.0,0,0,,
707,0.707,0.0,0.0,0,0,0.0,0.0,0,0,,
708,0.708,0.0,0.0,0,0,0.0,0.0,0,0,,
709,0.709,0.0,0.0,0,0,0.0,0.0,0,0,,
710,0.71,0.0,0.0,0,0,0.0,0.0,0,0,,
711,0.711,0.0,0.0,0,0,0.0,0.0,0,0,,
712,0.712,0.0,0.0,0,0,0.0,0.0,0,0,,
713,0.713,0.0,0.0,0,0,0.0,0.0,0,0,,
714,0.714,0.0,0.0,0,0,0.0,0.0,0,0,,
715,0.715,0.0,0.0,0,0,0.0,0.0,0,0,,
716,0.716,0.0,0.0,0,0,0.0,0.0,0,0,,
717,0.717,0.0,0.0,0,0,0.0,0.0,0,0,,
718,0.718,0.0,0.0,0,0,0.0,0.0,0,0,,
719,0.719,0.0,0.0,0,0,0.0,0.0,0,0,,
720,0.72,0.0,0.0,0,0,0.0,0.0,0,0,,
721,0.721,0.0,0.0,0,0,0.0,0.0,0,0,,
722,0.722,0.0,0.0,0,0,0.0,0.0,0,0,,
723,0.723,0.0,0.0,0,0,0.0,0.0,0,0,,
724,0.724,0.0,0.0,0,0,0.0,0.0,0,0,,
725,0.725,0.0,0.0,0,0,0.0,0.0,0,0,,
726,0.726,0.0,0.0,0,0,0.0,0.0,0,0,,
727,0.727,0.0,0.0,0,0,0.0,0.0,0,0,,
728,0.728,0.0,0.0,0,0,0.0,0.0,0,0,,
729,0.729,0.0,0.0,0,0,0.0,0.0,0,0,,
730,0.73,0.0,0.0,0,0,0.0,0.0,0,0,,
731,0.731,0.0,0.0,0,0,0.0,0.0,0,0,,
732,0.732,0.0,0.0,0,0,0.0,0.0,0,0,,
733,0.733,0.0,0.0,0,0,0.0,0.0,0,0,,
734,0.734,0.0,0.0,0,0,0.0,0.0,0,0,,
735,0.735,0.0,0.0,0,0,0.0,0.0,0,0,,
736,0.736,0.0,0.0,0,0,0.0,0.0,0,0,,
737,0.737,0.0,0.0,0,0,0.0,0.0,0,0,,
738,0.738,0.0,0.0,0,0,0.0,0.0,0,0,,
739,0.739,0.0,0.0,0,0,0.0,0.0,0,0,,
740,0.74,0.0,0.0,0,0,0.0,0.0,0,0,,
741,0.741,0.0,0.0,0,0,0.0,0.0,0,0,,
742,0.742,0.0,0.0,0,0,0.0,0.0,0,0,,
743,0.743,0.0,0.0,0,0,0.0,0.0,0,0,,
744,0.744,0.0,0.0,0,0,0.0,0.0,0,0,,
745,0.745,0.0,0.0,0,0,0.0,0.0,0,0,,
746,0.746,0.0,0.0,0,0,0.0,0.0,0,0,,
747,0.747,0.0,0.0,0,0,0.0,0.0,0,0,,
748,0.748,0.0,0.0,0,0,0.0,0.0,0,0,,
749,0.749,0.0,0.0,0,0,0.0,0.0,0,0,,
750,0.75,0.0,0.0,0,0,0.0,0.0,0,0,,
751,0.751,0.0,0.0,0,0,0.0,0.0,0,0,,
752,0.752,0.0,0.0,0,0,0.0,0.0,0,0,,
753,0.753,0.0,0.0,0,0,0.0,0.0,0,0,,
754,0.754,0.0,0.0,0,0,0.0,0.0,0,0,,
755,0.755,0.0,0.0,0,0,0.0,0.0,0,0,,
756,0.756,0.0,0.0,0,0,0.0,0.0,0,0,,
757,0.757,0.0,0.0,0,0,0.0,0.0,0,0,,
758,0.758,0.0,0.0,0,0,0.0,0.0,0,0,,
759,0.759,0.0,0.0,0,0,0.0,0.0,0,0,,
760,0.76,0.0,0.0,0,0,0.0,0.0,0,0,,
761,0.761,0.0,0.0,0,0,0.0,0.0,0,0,,
762,0.762,0.0,0.0,0,0,0.0,0.0,0,0,,
763,0.763,0.0,0.0,0,0,0.0,0.0,0,0,,
764,0.764,0.0,0.0,0,0,0.0,0.0,0,0,,
765,0.765,0.0,0.0,0,0,0.0,0.0,0,0,,
766,0.766,0.0,0.0,0,0,0.0,0.0,0,0,,
767,0.767,0.0,0.0,0,0,0.0,0.0,0,0,,
768,0.768,0.0,0.0,0,0,0.0,0.0,0,0,,
769,0.769,0.0,0.0,0,0,0.0,0.0,0,0,,
770,0.77,0.0,0.0,0,0,0.0,0.0,0,0,,
771,0.771,0.0,0.0,0,0,0.0,0.0,0,0,,
772,0.772,0.0,0.0,0,0,0.0,0.0,0,0,,
773,0.773,0.0,0.0,0,0,0.0,0.0,0,0,,
774,0.774,0.0,0.0,0,0,0.0,0.0,0,0,,
775,0.775,0.0,0.0,0,0,0.0,0.0,0,0,,
776,0.776,0.0,0.0,0,0,0.0,0.0,0,0,,
777,0.777,0.0,0.0,0,0,0.0,0.0,0,0,,
778,0.778,0.0,0.0,0,0,0.0,0.0,0,0,,
779,0.779,0.0,0.0,0,0,0.0,0.0,0,0,,
780,0.78,0.0,0.0,0,0,0.0,0.0,0,0,,
781,0.781,0.0,0.0,0,0,0.0,0.0,0,0,,
782,0.782,0.0,0.0,0,0,0.0,0.0,0,0,,
783,0.783,0.0,0.0,0,0,0.0,0.0,0,0,,
784,0.784,0.0,0.0,0,0,0.0,0.0,0,0,,
785,0.785,0.0,0.0,0,0,0.0,0.0,0,0,,
786,0.786,0.0,0.0,0,0,0.0,0.0,0,0,,
787,0.787,0.0,0.0,0,0,0.0,0.0,0,0,,
788,0.788,0.0,0.0,0,0,0.0,0.0,0,0,,
789,0.789,0.0,0.0,0,0,0.0,0.0,0,0,,
790,0.79,0.0,0.0,0,0,0.0,0.0,0,0,,
791,0.791,0.0,0.0,0,0,0.0,0.0,0,0,,
792,0.792,0.0,0.0,0,0,0.0,0.0,0,0,,
793,0.793,0.0,0.0,0,0,0.0,0.0,0,0,,
794,0.794,0.0,0.0,0,0,0.0,0.0,0,0,,
795,0.795,0.0,0.0,0,0,0.0,0.0,0,0,,
796,0.796,0.0,0.0,0,0,0.0,0.0,0,0,,
797,0.797,0.0,0.0,0,0,0.0,0.0,0,0,,
798,0.798,0.0,0.0,0,0,0.0,0.0,0,0,,
799,0.799,0.0,0.0,0,0,0.0,0.0,0,0,,
800,0.8,0.0,0.0,0,0,0.0,0.0,0,0,7.298973666619704,7.298973666619704
801,0.801,0.0,0.0,0,0,0.0,0.0,0,0,,
802,0.802,0.0,0.0,0,0,0.0,0.0,0,0,,
803,0.803,0.0,0.0,0,0,0.0,0.0,0,0,,
804,0.804,0.0,0.0,0,0,0.0,0.0,0,0,,
805,0.805,0.0,0.0,0,0,0.0,0.0,0,0,,
806,0.806,0.0,0.0,0,0,0.0,0.0,0,0,,
807,0.807,0.0,0.0,0,0,0.0,0.0,0,0,,
808,0.808,0.0,0.0,0,0,0.0,0.0,0,0,,
809,0.809,0.0,0.0,0,0,0.0,0.0,0,0,,
810,0.81,0.0,0.0,0,0,0.0,0.0,0,0,,
811,0.811,0.0,0.0,0,0,0.0,0.0,0,0,,
812,0.812,0.0,0.0,0,0,0.0,0.0,0,0,,
813,0.8130000000000001,0.0,0.0,0,0,0.0,0.0,0,0,,
814,0.8140000000000001,0.0,0.0,0,0,0.0,0.0,0,0,,
815,0.8150000000000001,0.0,0.0,0,0,0.0,0.0,0,0,,
816,0.8160000000000001,0.0,0.0,0,0,0.0,0.0,0,0,,
817,0.8170000000000001,0.0,0.0,0,0,0.0,0.0,0,0,,
818,0.8180000000000001,0.0,0.0,0,0,0.0,0.0,0,0,,
819,0.8190000000000001,0.0,0.0,0,0,0.0,0.0,0,0,,
820,0.8200000000000001,0.0,0.0,0,0,0.0,0.0,0,0,,
821,0.8210000000000001,0.0,0.0,0,0,0.0,0.0,0,0,,
822,0.8220000000000001,0.0,0.0,0,0,0.0,0.0,0,0,,
823,0.8230000000000001,0.0,0.0,0,0,0.0,0.0,0,0,,
824,0.8240000000000001,0.0,0.0,0,0,0.0,0.0,0,0,,
825,0.8250000000000001,0.0,0.0,0,0,0.0,0.0,0,0,,
826,0.8260000000000001,0.0,0.0,0,0,0.0,0.0,0,0,,
827,0.8270000000000001,0.0,0.0,0,0,0.0,0.0,0,0,,
828,0.8280000000000001,0.0,0.0,0,0,0.0,0.0,0,0,,
829,0.8290000000000001,0.0,0.0,0,0,0.0,0.0,0,0,,
830,0.8300000000000001,0.0,0.0,0,0,0.0,0.0,0,0,,
831,0.8310000000000001,0.0,0.0,0,0,0.0,0.0,0,0,,
832,0.8320000000000001,0.0,0.0,0,0,0.0,0.0,0,0,,
833,0.833,0.0,0.0,0,0,0.0,0.0,0,0,,
834,0.834,0.0,0.0,0,0,0.0,0.0,0,0,,
835,0.835,0.0,0.0,0,0,0.0,0.0,0,0,,
836,0.836,0.0,0.0,0,0,0.0,0.0,0,0,,
837,0.837,0.0,0.0,0,0,0.0,0.0,0,0,,
838,0.838,0.0,0.0,0,0,0.0,0.0,0,0,,
839,0.839,0.0,0.0,0,0,0.0,0.0,0,0,,
840,0.84,0.0,0.0,0,0,0.0,0.0,0,0,,
841,0.841,0.0,0.0,0,0,0.0,0.0,0,0,,
842,0.842,0.0,0.0,0,0,0.0,0.0,0,0,,
843,0.843,0.0,0.0,0,0,0.0,0.0,0,0,,
844,0.844,0.0,0.0,0,0,0.0,0.0,0,0,,
845,0.845,0.0,0.0,0,0,0.0,0.0,0,0,,
846,0.846,0.0,0.0,0,0,0.0,0.0,0,0,,
847,0.847,0.0,0.0,0,0,0.0,0.0,0,0,,
848,0.848,0.0,0.0,0,0,0.0,0.0,0,0,,
849,0.849,0.0,0.0,0,0,0.0,0.0,0,0,,
850,0.85,0.0,0.0,0,0,0.0,0.0,0,0,,
851,0.851,0.0,0.0,0,0,0.0,0.0,0,0,,
852,0.852,0.0,0.0,0,0,0.0,0.0,0,0,,
853,0.853,0.0,0.0,0,0,0.0,0.0,0,0,,
854,0.854,0.0,0.0,0,0,0.0,0.0,0,0,,
855,0.855,0.0,0.0,0,0,0.0,0.0,0,0,,
856,0.856,0.0,0.0,0,0,0.0,0.0,0,0,,
857,0.857,0.0,0.0,0,0,0.0,0.0,0,0,,
858,0.858,0.0,0.0,0,0,0.0,0.0,0,0,,
859,0.859,0.0,0.0,0,0,0.0,0.0,0,0,,
860,0.86,0.0,0.0,0,0,0.0,0.0,0,0,,
861,0.861,0.0,0.0,0,0,0.0,0.0,0,0,,
862,0.862,0.0,0.0,0,0,0.0,0.0,0,0,,
863,0.863,0.0,0.0,0,0,0.0,0.0,0,0,,
864,0.864,0.0,0.0,0,0,0.0,0.0,0,0,,
865,0.865,0.0,0.0,0,0,0.0,0.0,0,0,,
866,0.866,0.0,0.0,0,0,0.0,0.0,0,0,,
867,0.867,0.0,0.0,0,0,0.0,0.0,0,0,,
868,0.868,0.0,0.0,0,0,0.0,0.0,0,0,,
869,0.869,0.0,0.0,0,0,0.0,0.0,0,0,,
870,0.87,0.0,0.0,0,0,0.0,0.0,0,0,,
871,0.871,0.0,0.0,0,0,0.0,0.0,0,0,,
872,0.872,0.0,0.0,0,0,0.0,0.0,0,0,,
873,0.873,0.0,0.0,0,0,0.0,0.0,0,0,,
874,0.874,0.0,0.0,0,0,0.0,0.0,0,0,,
875,0.875,0.0,0.0,0,0,0.0,0.0,0,0,,
876,0.876,0.0,0.0,0,0,0.0,0.0,0,0,,
877,0.877,0.0,0.0,0,0,0.0,0.0,0,0,,
878,0.878,0.0,0.0,0,0,0.0,0.0,0,0,,
879,0.879,0.0,0.0,0,0,0.0,0.0,0,0,,
880,0.88,0.0,0.0,0,0,0.0,0.0,0,0,,
881,0.881,0.0,0.0,0,0,0.0,0.0,0,0,,
882,0.882,0.0,0.0,0,0,0.0,0.0,0,0,,
883,0.883,0.0,0.0,0,0,0.0,0.0,0,0,,
884,0.884,0.0,0.0,0,0,0.0,0.0,0,0,,
885,0.885,0.0,0.0,0,0,0.0,0.0,0,0,,
886,0.886,0.0,0.0,0,0,0.0,0.0,0,0,,
887,0.887,0.0,0.0,0,0,0.0,0.0,0,0,,
888,0.888,0.0,0.0,0,0,0.0,0.0,0,0,,
889,0.889,0.0,0.0,0,0,0.0,0.0,0,0,,
890,0.89,0.0,0.0,0,0,0.0,0.0,0,0,,
891,0.891,0.0,0.0,0,0,0.0,0.0,0,0,,
892,0.892,0.0,0.0,0,0,0.0,0.0,0,0,,
893,0.893,0.0,0.0,0,0,0.0,0.0,0,0,,
894,0.894,0.0,0.0,0,0,0.0,0.0,0,0,,
895,0.895,0.0,0.0,0,0,0.0,0.0,0,0,,
896,0.896,0.0,0.0,0,0,0.0,0.0,0,0,,
897,0.897,0.0,0.0,0,0,0.0,0.0,0,0,,
898,0.898,0.0,0.0,0,0,0.0,0.0,0,0,,
899,0.899,0.0,0.0,0,0,0.0,0.0,0,0,,
900,0.9,0.0,0.0,0,0,0.0,0.0,0,0,7.06157959688847,7.06157959688847
901,0.901,0.0,0.0,0,0,0.0,0.0,0,0,,
902,0.902,0.0,0.0,0,0,0.0,0.0,0,0,,
903,0.903,0.0,0.0,0,0,0.0,0.0,0,0,,
904,0.904,0.0,0.0,0,0,0.0,0.0,0,0,,
905,0.905,0.0,0.0,0,0,0.0,0.0,0,0,,
906,0.906,0.0,0.0,0,0,0.0,0.0,0,0,,
907,0.907,0.0,0.0,0,0,0.0,0.0,0,0,,
908,0.908,0.0,0.0,0,0,0.0,0.0,0,0,,
909,0.909,0.0,0.0,0,0,0.0,0.0,0,0,,
910,0.91,0.0,0.0,0,0,0.0,0.0,0,0,,
911,0.911,0.0,0.0,0,0,0.0,0.0,0,0,,
912,0.912,0.0,0.0,0,0,0.0,0.0,0,0,,
913,0.913,0.0,0.0,0,0,0.0,0.0,0,0,,
914,0.914,0.0,0.0,0,0,0.0,0.0,0,0,,
915,0.915,0.0,0.0,0,0,0.0,0.0,0,0,,
916,0.916,0.0,0.0,0,0,0.0,0.0,0,0,,
917,0.917,0.0,0.0,0,0,0.0,0.0,0,0,,
918,0.918,0.0,0.0,0,0,0.0,0.0,0,0,,
919,0.919,0.0,0.0,0,0,0.0,0.0,0,0,,
920,0.92,0.0,0.0,0,0,0.0,0.0,0,0,,
921,0.921,0.0,0.0,0,0,0.0,0.0,0,0,,
922,0.922,0.0,0.0,0,0,0.0,0.0,0,0,,
923,0.923,0.0,0.0,0,0,0.0,0.0,0,0,,
924,0.924,0.0,0.0,0,0,0.0,0.0,0,0,,
925,0.925,0.0,0.0,0,0,0.0,0.0,0,0,,
926,0.926,0.0,0.0,0,0,0.0,0.0,0,0,,
927,0.927,0.0,0.0,0,0,0.0,0.0,0,0,,
928,0.928,0.0,0.0,0,0,0.0,0.0,0,0,,
929,0.929,0.0,0.0,0,0,0.0,0.0,0,0,,
930,0.93,0.0,0.0,0,0,0.0,0.0,0,0,,
931,0.931,0.0,0.0,0,0,0.0,0.0,0,0,,
932,0.932,0.0,0.0,0,0,0.0,0.0,0,0,,
933,0.933,0.0,0.0,0,0,0.0,0.0,0,0,,
934,0.934,0.0,0.0,0,0,0.0,0.0,0,0,,
935,0.935,0.0,0.0,0,0,0.0,0.0,0,0,,
936,0.936,0.0,0.0,0,0,0.0,0.0,0,0,,
937,0.937,0.0,0.0,0,0,0.0,0.0,0,0,,
938,0.9380000000000001,0.0,0.0,0,0,0.0,0.0,0,0,,
939,0.9390000000000001,0.0,0.0,0,0,0.0,0.0,0,0,,
940,0.9400000000000001,0.0,0.0,0,0,0.0,0.0,0,0,,
941,0.9410000000000001,0.0,0.0,0,0,0.0,0.0,0,0,,
942,0.9420000000000001,0.0,0.0,0,0,0.0,0.0,0,0,,
943,0.9430000000000001,0.0,0.0,0,0,0.0,0.0,0,0,,
944,0.9440000000000001,0.0,0.0,0,0,0.0,0.0,0,0,,
945,0.9450000000000001,0.0,0.0,0,0,0.0,0.0,0,0,,
946,0.9460000000000001,0.0,0.0,0,0,0.0,0.0,0,0,,
947,0.9470000000000001,0.0,0.0,0,0,0.0,0.0,0,0,,
948,0.9480000000000001,0.0,0.0,0,0,0.0,0.0,0,0,,
949,0.9490000000000001,0.0,0.0,0,0,0.0,0.0,0,0,,
950,0.9500000000000001,0.0,0.0,0,0,0.0,0.0,0,0,,
951,0.9510000000000001,0.0,0.0,0,0,0.0,0.0,0,0,,
952,0.9520000000000001,0.0,0.0,0,0,0.0,0.0,0,0,,
953,0.9530000000000001,0.0,0.0,0,0,0.0,0.0,0,0,,
954,0.9540000000000001,0.0,0.0,0,0,0.0,0.0,0,0,,
955,0.9550000000000001,0.0,0.0,0,0,0.0,0.0,0,0,,
956,0.9560000000000001,0.0,0.0,0,0,0.0,0.0,0,0,,
957,0.9570000000000001,0.0,0.0,0,0,0.0,0.0,0,0,,
958,0.9580000000000001,0.0,0.0,0,0,0.0,0.0,0,0,,
959,0.9590000000000001,0.0,0.0,0,0,0.0,0.0,0,0,,
960,0.96,0.0,0.0,0,0,0.0,0.0,0,0,,
961,0.961,0.0,0.0,0,0,0.0,0.0,0,0,,
962,0.962,0.0,0.0,0,0,0.0,0.0,0,0,,
963,0.963,0.0,0.0,0,0,0.0,0.0,0,0,,
964,0.964,0.0,0.0,0,0,0.0,0.0,0,0,,
965,0.965,0.0,0.0,0,0,0.0,0.0,0,0,,
966,0.966,0.0,0.0,0,0,0.0,0.0,0,0,,
967,0.967,0.0,0.0,0,0,0.0,0.0,0,0,,
968,0.968,0.0,0.0,0,0,0.0,0.0,0,0,,
969,0.969,0.0,0.0,0,0,0.0,0.0,0,0,,
970,0.97,0.0,0.0,0,0,0.0,0.0,0,0,,
971,0.971,0.0,0.0,0,0,0.0,0.0,0,0,,
972,0.972,0.0,0.0,0,0,0.0,0.0,0,0,,
973,0.973,0.0,0.0,0,0,0.0,0.0,0,0,,
974,0.974,0.0,0.0,0,0,0.0,0.0,0,0,,
975,0.975,0.0,0.0,0,0,0.0,0.0,0,0,,
976,0.976,0.0,0.0,0,0,0.0,0.0,0,0,,
977,0.977,0.0,0.0,0,0,0.0,0.0,0,0,,
978,0.978,0.0,0.0,0,0,0.0,0.0,0,0,,
979,0.979,0.0,0.0,0,0,0.0,0.0,0,0,,
980,0.98,0.0,0.0,0,0,0.0,0.0,0,0,,
981,0.981,0.0,0.0,0,0,0.0,0.0,0,0,,
982,0.982,0.0,0.0,0,0,0.0,0.0,0,0,,
983,0.983,0.0,0.0,0,0,0.0,0.0,0,0,,
984,0.984,0.0,0.0,0,0,0.0,0.0,0,0,,
985,0.985,0.0,0.0,0,0,0.0,0.0,0,0,,
986,0.986,0.0,0.0,0,0,0.0,0.0,0,0,,
987,0.987,0.0,0.0,0,0,0.0,0.0,0,0,,
988,0.988,0.0,0.0,0,0,0.0,0.0,0,0,,
989,0.989,0.0,0.0,0,0,0.0,0.0,0,0,,
990,0.99,0.0,0.0,0,0,0.0,0.0,0,0,,
991,0.991,0.0,0.0,0,0,0.0,0.0,0,0,,
992,0.992,0.0,0.0,0,0,0.0,0.0,0,0,,
993,0.993,0.0,0.0,0,0,0.0,0.0,0,0,,
994,0.994,0.0,0.0,0,0,0.0,0.0,0,0,,
995,0.995,0.0,0.0,0,0,0.0,0.0,0,0,,
996,0.996,0.0,0.0,0,0,0.0,0.0,0,0,,
997,0.997,0.0,0.0,0,0,0.0,0.0,0,0,,
998,0.998,0.0,0.0,0,0,0.0,0.0,0,0,,
999,0.999,0.0,0.0,0,0,0.0,0.0,0,0,,
1000,1.0,0.03,0.0,1,1,0.0,0.0,0,0,6.454044167874062,6.458783583300103
1001,1.0010000000000001,0.03,0.0,1,1,0.0,0.0,0,0,,
1002,1.002,0.03,0.0,1,1,0.0,0.0,0,0,,
1003,1.0030000000000001,0.03,0.0,1,1,0.0,0.0,0,0,,
1004,1.004,0.03,0.0,1,1,0.0,0.0,0,0,,
1005,1.0050000000000001,0.03,0.0,1,1,0.0,0.0,0,0,,
1006,1.006,0.03,0.0,1,1,0.0,0.0,0,0,,
1007,1.0070000000000001,0.03,0.0,1,1,0.0,0.0,0,0,,
1008,1.008,0.03,0.0,1,1,0.0,0.0,0,0,,
1009,1.0090000000000001,0.03,0.0,1,1,0.0,0.0,0,0,,
1010,1.01,0.03,0.0,1,1,0.0,0.0,0,0,,
1011,1.0110000000000001,0.03,0.0,1,1,0.0,0.0,0,0,,
1012,1.012,0.03,0.0,1,1,0.0,0.0,0,0,,
1013,1.0130000000000001,0.03,0.0,1,1,0.0,0.0,0,0,,
1014,1.014,0.03,0.0,1,1,0.0,0.0,0,0,,
1015,1.0150000000000001,0.03,0.0,1,1,0.0,0.0,0,0,,
1016,1.016,0.03,0.0,1,1,0.0,0.0,0,0,,
1017,1.0170000000000001,0.03,0.0,1,1,0.0,0.0,0,0,,
1018,1.018,0.03,0.0,1,1,0.0,0.0,0,0,,
1019,1.0190000000000001,0.03,0.0,1,1,0.0,0.0,0,0,,
1020,1.02,0.03,0.0,1,1,0.0,0.0,0,0,,
1021,1.0210000000000001,0.03,0.0,1,1,0.0,0.0,0,0,,
1022,1.022,0.03,0.0,1,1,0.0,0.0,0,0,,
1023,1.0230000000000001,0.03,0.0,1,1,0.0,0.0,0,0,,
1024,1.024,0.03,0.0,1,1,0.0,0.0,0,0,,
1025,1.025,0.03,0.0,1,1,0.0,0.0,0,0,,
1026,1.026,0.03,0.0,1,1,0.0,0.0,0,0,,
1027,1.027,0.03,0.0,1,1,0.0,0.0,0,0,,
1028,1.028,0.03,0.0,1,1,0.0,0.0,0,0,,
1029,1.029,0.03,0.0,1,1,0.0,0.0,0,0,,
1030,1.03,0.03,0.0,1,1,0.0,0.0,0,0,,
1031,1.031,0.03,0.0,1,1,0.0,0.0,0,0,,
1032,1.032,0.03,0.0,1,1,0.0,0.0,0,0,,
1033,1.033,0.03,0.0,1,1,0.0,0.0,0,0,,
1034,1.034,0.03,0.0,1,1,0.0,0.0,0,0,,
1035,1.035,0.03,0.0,1,1,0.0,0.0,0,0,,
1036,1.036,0.03,0.0,1,1,0.0,0.0,0,0,,
1037,1.037,0.03,0.0,1,1,0.0,0.0,0,0,,
1038,1.038,0.03,0.0,1,1,0.0,0.0,0,0,,
1039,1.039,0.03,0.0,1,1,0.0,0.0,0,0,,
1040,1.04,0.03,0.0,1,1,0.0,0.0,0,0,,
1041,1.041,0.03,0.0,1,1,0.0,0.0,0,0,,
1042,1.042,0.03,0.0,1,1,0.0,0.0,0,0,,
1043,1.043,0.03,0.0,1,1,0.0,0.0,0,0,,
1044,1.044,0.03,0.0,1,1,0.0,0.0,0,0,,
1045,1.045,0.03,0.0,1,1,0.0,0.0,0,0,,
1046,1.046,0.03,0.0,1,1,0.0,0.0,0,0,,
1047,1.047,0.03,0.0,1,1,0.0,0.0,0,0,,
1048,1.048,0.03,0.0,1,1,0.0,0.0,0,0,,
1049,1.049,0.03,0.0,1,1,0.0,0.0,0,0,,
1050,1.05,0.03,0.0,1,1,0.0,0.0,0,0,,
1051,1.051,0.03,0.0,1,1,0.0,0.0,0,0,,
1052,1.052,0.03,0.0,1,1,0.0,0.0,0,0,,
1053,1.053,0.03,0.0,1,1,0.0,0.0,0,0,,
1054,1.054,0.03,0.0,1,1,0.0,0.0,0,0,,
1055,1.055,0.03,0.0,1,1,0.0,0.0,0,0,,
1056,1.056,0.03,0.0,1,1,0.0,0.0,0,0,,
1057,1.057,0.03,0.0,1,1,0.0,0.0,0,0,,
1058,1.058,0.03,0.0,1,1,0.0,0.0,0,0,,
1059,1.059,0.03,0.0,1,1,0.0,0.0,0,0,,
1060,1.06,0.03,0.0,1,1,0.0,0.0,0,0,,
1061,1.061,0.03,0.0,1,1,0.0,0.0,0,0,,
1062,1.062,0.03,0.0,1,1,0.0,0.0,0,0,,
1063,1.063,0.03,0.0,1,1,0.0,0.0,0,0,,
1064,1.064,0.03,0.0,1,1,0.0,0.0,0,0,,
1065,1.065,0.03,0.0,1,1,0.0,0.0,0,0,,
1066,1.066,0.03,0.0,1,1,0.0,0.0,0,0,,
1067,1.067,0.03,0.0,1,1,0.0,0.0,0,0,,
1068,1.068,0.03,0.0,1,1,0.0,0.0,0,0,,
1069,1.069,0.03,0.0,1,1,0.0,0.0,0,0,,
1070,1.07,0.03,0.0,1,1,0.0,0.0,0,0,,
1071,1.071,0.03,0.0,1,1,0.0,0.0,0,0,,
1072,1.072,0.03,0.0,1,1,0.0,0.0,0,0,,
1073,1.073,0.03,0.0,1,1,0.0,0.0,0,0,,
1074,1.074,0.03,0.0,1,1,0.0,0.0,0,0,,
1075,1.075,0.03,0.0,1,1,0.0,0.0,0,0,,
1076,1.076,0.03,0.0,1,1,0.0,0.0,0,0,,
1077,1.077,0.03,0.0,1,1,0.0,0.0,0,0,,
1078,1.078,0.03,0.0,1,1,0.0,0.0,0,0,,
1079,1.079,0.03,0.0,1,1,0.0,0.0,0,0,,
1080,1.08,0.03,0.0,1,1,0.0,0.0,0,0,,
1081,1.081,0.03,0.0,1,1,0.0,0.0,0,0,,
1082,1.082,0.03,0.0,1,1,0.0,0.0,0,0,,
1083,1.083,0.03,0.0,1,1,0.0,0.0,0,0,,
1084,1.084,0.03,0.0,1,1,0.0,0.0,0,0,,
1085,1.085,0.03,0.0,1,1,0.0,0.0,0,0,,
1086,1.086,0.03,0.0,1,1,0.0,0.0,0,0,,
1087,1.087,0.03,0.0,1,1,0.0,0.0,0,0,,
1088,1.088,0.03,0.0,1,1,0.0,0.0,0,0,,
1089,1.089,0.03,0.0,1,1,0.0,0.0,0,0,,
1090,1.09,0.03,0.0,1,1,0.0,0.0,0,0,,
1091,1.091,0.03,0.0,1,1,0.0,0.0,0,0,,
1092,1.092,0.03,0.0,1,1,0.0,0.0,0,0,,
1093,1.093,0.03,0.0,1,1,0.0,0.0,0,0,,
1094,1.094,0.03,0.0,1,1,0.0,0.0,0,0,,
1095,1.095,0.03,0.0,1,1,0.0,0.0,0,0,,
1096,1.096,0.03,0.0,1,1,0.0,0.0,0,0,,
1097,1.097,0.03,0.0,1,1,0.0,0.0,0,0,,
1098,1.098,0.03,0.0,1,1,0.0,0.0,0,0,,
1099,1.099,0.03,0.0,1,1,0.0,0.0,0,0,,
1100,1.1,0.03,0.0,1,1,0.0,0.0,0,0,6.617910171916456,6.354585806484597
1101,1.101,0.03,0.0,1,1,0.0,0.0,0,0,,
1102,1.102,0.03,0.0,1,1,0.0,0.0,0,0,,
1103,1.103,0.03,0.0,1,1,0.0,0.0,0,0,,
1104,1.104,0.03,0.0,1,1,0.0,0.0,0,0,,
1105,1.105,0.03,0.0,1,1,0.0,0.0,0,0,,
1106,1.106,0.03,0.0,1,1,0.0,0.0,0,0,,
1107,1.107,0.03,0.0,1,1,0.0,0.0,0,0,,
1108,1.108,0.03,0.0,1,1,0.0,0.0,0,0,,
1109,1.109,0.03,0.0,1,1,0.0,0.0,0,0,,
1110,1.11,0.03,0.0,1,1,0.0,0.0,0,0,,
1111,1.111,0.03,0.0,1,1,0.0,0.0,0,0,,
1112,1.112,0.03,0.0,1,1,0.0,0.0,0,0,,
1113,1.113,0.03,0.0,1,1,0.0,0.0,0,0,,
1114,1.114,0.03,0.0,1,1,0.0,0.0,0,0,,
1115,1.115,0.03,0.0,1,1,0.0,0.0,0,0,,
1116,1.116,0.03,0.0,1,1,0.0,0.0,0,0,,
1117,1.117,0.03,0.0,1,1,0.0,0.0,0,0,,
1118,1.118,0.03,0.0,1,1,0.0,0.0,0,0,,
1119,1.119,0.03,0.0,1,1,0.0,0.0,0,0,,
1120,1.12,0.03,0.0,1,1,0.0,0.0,0,0,,
1121,1.121,0.03,0.0,1,1,0.0,0.0,0,0,,
1122,1.122,0.03,0.0,1,1,0.0,0.0,0,0,,
1123,1.123,0.03,0.0,1,1,0.0,0.0,0,0,,
1124,1.124,0.03,0.0,1,1,0.0,0.0,0,0,,
1125,1.125,0.03,0.0,1,1,0.0,0.0,0,0,,
1126,1.1260000000000001,0.03,0.0,1,1,0.0,0.0,0,0,,
1127,1.127,0.03,0.0,1,1,0.0,0.0,0,0,,
1128,1.1280000000000001,0.03,0.0,1,1,0.0,0.0,0,0,,
1129,1.129,0.03,0.0,1,1,0.0,0.0,0,0,,
1130,1.1300000000000001,0.03,0.0,1,1,0.0,0.0,0,0,,
1131,1.131,0.03,0.0,1,1,0.0,0.0,0,0,,
1132,1.1320000000000001,0.03,0.0,1,1,0.0,0.0,0,0,,
1133,1.133,0.03,0.0,1,1,0.0,0.0,0,0,,
1134,1.1340000000000001,0.03,0.0,1,1,0.0,0.0,0,0,,
1135,1.135,0.03,0.0,1,1,0.0,0.0,0,0,,
1136,1.1360000000000001,0.03,0.0,1,1,0.0,0.0,0,0,,
1137,1.137,0.03,0.0,1,1,0.0,0.0,0,0,,
1138,1.1380000000000001,0.03,0.0,1,1,0.0,0.0,0,0,,
1139,1.139,0.03,0.0,1,1,0.0,0.0,0,0,,
1140,1.1400000000000001,0.03,0.0,1,1,0.0,0.0,0,0,,
1141,1.141,0.03,0.0,1,1,0.0,0.0,0,0,,
1142,1.1420000000000001,0.03,0.0,1,1,0.0,0.0,0,0,,
1143,1.143,0.03,0.0,1,1,0.0,0.0,0,0,,
1144,1.1440000000000001,0.03,0.0,1,1,0.0,0.0,0,0,,
1145,1.145,0.03,0.0,1,1,0.0,0.0,0,0,,
1146,1.1460000000000001,0.03,0.0,1,1,0.0,0.0,0,0,,
1147,1.147,0.03,0.0,1,1,0.0,0.0,0,0,,
1148,1.1480000000000001,0.03,0.0,1,1,0.0,0.0,0,0,,
1149,1.149,0.03,0.0,1,1,0.0,0.0,0,0,,
1150,1.1500000000000001,0.03,0.0,1,1,0.0,0.0,0,0,,
1151,1.151,0.03,0.0,1,1,0.0,0.0,0,0,,
1152,1.1520000000000001,0.03,0.0,1,1,0.0,0.0,0,0,,
1153,1.153,0.03,0.0,1,1,0.0,0.0,0,0,,
1154,1.154,0.03,0.0,1,1,0.0,0.0,0,0,,
1155,1.155,0.03,0.0,1,1,0.0,0.0,0,0,,
1156,1.156,0.03,0.0,1,1,0.0,0.0,0,0,,
1157,1.157,0.03,0.0,1,1,0.0,0.0,0,0,,
1158,1.158,0.03,0.0,1,1,0.0,0.0,0,0,,
1159,1.159,0.03,0.0,1,1,0.0,0.0,0,0,,
1160,1.16,0.03,0.0,1,1,0.0,0.0,0,0,,
1161,1.161,0.03,0.0,1,1,0.0,0.0,0,0,,
1162,1.162,0.03,0.0,1,1,0.0,0.0,0,0,,
1163,1.163,0.03,0.0,1,1,0.0,0.0,0,0,,
1164,1.164,0.03,0.0,1,1,0.0,0.0,0,0,,
1165,1.165,0.03,0.0,1,1,0.0,0.0,0,0,,
1166,1.166,0.03,0.0,1,1,0.0,0.0,0,0,,
1167,1.167,0.03,0.0,1,1,0.0,0.0,0,0,,
1168,1.168,0.03,0.0,1,1,0.0,0.0,0,0,,
1169,1.169,0.03,0.0,1,1,0.0,0.0,0,0,,
1170,1.17,0.03,0.0,1,1,0.0,0.0,0,0,,
1171,1.171,0.03,0.0,1,1,0.0,0.0,0,0,,
1172,1.172,0.03,0.0,1,1,0.0,0.0,0,0,,
1173,1.173,0.03,0.0,1,1,0.0,0.0,0,0,,
1174,1.174,0.03,0.0,1,1,0.0,0.0,0,0,,
1175,1.175,0.03,0.0,1,1,0.0,0.0,0,0,,
1176,1.176,0.03,0.0,1,1,0.0,0.0,0,0,,
1177,1.177,0.03,0.0,1,1,0.0,0.0,0,0,,
1178,1.178,0.03,0.0,1,1,0.0,0.0,0,0,,
1179,1.179,0.03,0.0,1,1,0.0,0.0,0,0,,
1180,1.18,0.03,0.0,1,1,0.0,0.0,0,0,,
1181,1.181,0.03,0.0,1,1,0.0,0.0,0,0,,
1182,1.182,0.03,0.0,1,1,0.0,0.0,0,0,,
1183,1.183,0.03,0.0,1,1,0.0,0.0,0,0,,
1184,1.184,0.03,0.0,1,1,0.0,0.0,0,0,,
1185,1.185,0.03,0.0,1,1,0.0,0.0,0,0,,
1186,1.186,0.03,0.0,1,1,0.0,0.0,0,0,,
1187,1.187,0.03,0.0,1,1,0.0,0.0,0,0,,
1188,1.188,0.03,0.0,1,1,0.0,0.0,0,0,,
1189,1.189,0.03,0.0,1,1,0.0,0.0,0,0,,
1190,1.19,0.03,0.0,1,1,0.0,0.0,0,0,,
1191,1.191,0.03,0.0,1,1,0.0,0.0,0,0,,
1192,1.192,0.03,0.0,1,1,0.0,0.0,0,0,,
1193,1.193,0.03,0.0,1,1,0.0,0.0,0,0,,
1194,1.194,0.03,0.0,1,1,0.0,0.0,0,0,,
1195,1.195,0.03,0.0,1,1,0.0,0.0,0,0,,
1196,1.196,0.03,0.0,1,1,0.0,0.0,0,0,,
1197,1.197,0.03,0.0,1,1,0.0,0.0,0,0,,
1198,1.198,0.03,0.0,1,1,0.0,0.0,0,0,,
1199,1.199,0.03,0.0,1,1,0.0,0.0,0,0,,
1200,1.2,0.03,0.0,1,1,0.0,0.0,0,0,6.410437631470649,6.353303608712084
1201,1.201,0.03,0.0,1,1,0.0,0.0,0,0,,
1202,1.202,0.03,0.0,1,1,0.0,0.0,0,0,,
1203,1.203,0.03,0.0,1,1,0.0,0.0,0,0,,
1204,1.204,0.03,0.0,1,1,0.0,0.0,0,0,,
1205,1.205,0.03,0.0,1,1,0.0,0.0,0,0,,
1206,1.206,0.03,0.0,1,1,0.0,0.0,0,0,,
1207,1.207,0.03,0.0,1,1,0.0,0.0,0,0,,
1208,1.208,0.03,0.0,1,1,0.0,0.0,0,0,,
1209,1.209,0.03,0.0,1,1,0.0,0.0,0,0,,
1210,1.21,0.03,0.0,1,1,0.0,0.0,0,0,,
1211,1.211,0.03,0.0,1,1,0.0,0.0,0,0,,
1212,1.212,0.03,0.0,1,1,0.0,0.0,0,0,,
1213,1.213,0.03,0.0,1,1,0.0,0.0,0,0,,
1214,1.214,0.03,0.0,1,1,0.0,0.0,0,0,,
1215,1.215,0.03,0.0,1,1,0.0,0.0,0,0,,
1216,1.216,0.03,0.0,1,1,0.0,0.0,0,0,,
1217,1.217,0.03,0.0,1,1,0.0,0.0,0,0,,
1218,1.218,0.03,0.0,1,1,0.0,0.0,0,0,,
1219,1.219,0.03,0.0,1,1,0.0,0.0,0,0,,
1220,1.22,0.03,0.0,1,1,0.0,0.0,0,0,,
1221,1.221,0.03,0.0,1,1,0.0,0.0,0,0,,
1222,1.222,0.03,0.0,1,1,0.0,0.0,0,0,,
1223,1.223,0.03,0.0,1,1,0.0,0.0,0,0,,
1224,1.224,0.03,0.0,1,1,0.0,0.0,0,0,,
1225,1.225,0.03,0.0,1,1,0.0,0.0,0,0,,
1226,1.226,0.03,0.0,1,1,0.0,0.0,0,0,,
1227,1.227,0.03,0.0,1,1,0.0,0.0,0,0,,
1228,1.228,0.03,0.0,1,1,0.0,0.0,0,0,,
1229,1.229,0.03,0.0,1,1,0.0,0.0,0,0,,
1230,1.23,0.03,0.0,1,1,0.0,0.0,0,0,,
1231,1.231,0.03,0.0,1,1,0.0,0.0,0,0,,
1232,1.232,0.03,0.0,1,1,0.0,0.0,0,0,,
1233,1.233,0.03,0.0,1,1,0.0,0.0,0,0,,
1234,1.234,0.03,0.0,1,1,0.0,0.0,0,0,,
1235,1.235,0.03,0.0,1,1,0.0,0.0,0,0,,
1236,1.236,0.03,0.0,1,1,0.0,0.0,0,0,,
1237,1.237,0.03,0.0,1,1,0.0,0.0,0,0,,
1238,1.238,0.03,0.0,1,1,0.0,0.0,0,0,,
1239,1.239,0.03,0.0,1,1,0.0,0.0,0,0,,
1240,1.24,0.03,0.0,1,1,0.0,0.0,0,0,,
1241,1.241,0.03,0.0,1,1,0.0,0.0,0,0,,
1242,1.242,0.03,0.0,1,1,0.0,0.0,0,0,,
1243,1.243,0.03,0.0,1,1,0.0,0.0,0,0,,
1244,1.244,0.03,0.0,1,1,0.0,0.0,0,0,,
1245,1.245,0.03,0.0,1,1,0.0,0.0,0,0,,
1246,1.246,0.03,0.0,1,1,0.0,0.0,0,0,,
1247,1.247,0.03,0.0,1,1,0.0,0.0,0,0,,
1248,1.248,0.03,0.0,1,1,0.0,0.0,0,0,,
1249,1.249,0.03,0.0,1,1,0.0,0.0,0,0,,
1250,1.25,0.03,0.0,1,1,0.0,0.0,0,0,,
1251,1.2510000000000001,0.03,0.0,1,1,0.0,0.0,0,0,,
1252,1.252,0.03,0.0,1,1,0.0,0.0,0,0,,
1253,1.2530000000000001,0.03,0.0,1,1,0.0,0.0,0,0,,
1254,1.254,0.03,0.0,1,1,0.0,0.0,0,0,,
1255,1.2550000000000001,0.03,0.0,1,1,0.0,0.0,0,0,,
1256,1.256,0.03,0.0,1,1,0.0,0.0,0,0,,
1257,1.2570000000000001,0.03,0.0,1,1,0.0,0.0,0,0,,
1258,1.258,0.03,0.0,1,1,0.0,0.0,0,0,,
1259,1.2590000000000001,0.03,0.0,1,1,0.0,0.0,0,0,,
1260,1.26,0.03,0.0,1,1,0.0,0.0,0,0,,
1261,1.2610000000000001,0.03,0.0,1,1,0.0,0.0,0,0,,
1262,1.262,0.03,0.0,1,1,0.0,0.0,0,0,,
1263,1.2630000000000001,0.03,0.0,1,1,0.0,0.0,0,0,,
1264,1.264,0.03,0.0,1,1,0.0,0.0,0,0,,
1265,1.2650000000000001,0.03,0.0,1,1,0.0,0.0,0,0,,
1266,1.266,0.03,0.0,1,1,0.0,0.0,0,0,,
1267,1.2670000000000001,0.03,0.0,1,1,0.0,0.0,0,0,,
1268,1.268,0.03,0.0,1,1,0.0,0.0,0,0,,
1269,1.2690000000000001,0.03,0.0,1,1,0.0,0.0,0,0,,
1270,1.27,0.03,0.0,1,1,0.0,0.0,0,0,,
1271,1.2710000000000001,0.03,0.0,1,1,0.0,0.0,0,0,,
1272,1.272,0.03,0.0,1,1,0.0,0.0,0,0,,
1273,1.2730000000000001,0.03,0.0,1,1,0.0,0.0,0,0,,
1274,1.274,0.03,0.0,1,1,0.0,0.0,0,0,,
1275,1.2750000000000001,0.03,0.0,1,1,0.0,0.0,0,0,,
1276,1.276,0.03,0.0,1,1,0.0,0.0,0,0,,
1277,1.2770000000000001,0.03,0.0,1,1,0.0,0.0,0,0,,
1278,1.278,0.03,0.0,1,1,0.0,0.0,0,0,,
1279,1.2790000000000001,0.03,0.0,1,1,0.0,0.0,0,0,,
1280,1.28,0.03,0.0,1,1,0.0,0.0,0,0,,
1281,1.281,0.03,0.0,1,1,0.0,0.0,0,0,,
1282,1.282,0.03,0.0,1,1,0.0,0.0,0,0,,
1283,1.283,0.03,0.0,1,1,0.0,0.0,0,0,,
1284,1.284,0.03,0.0,1,1,0.0,0.0,0,0,,
1285,1.285,0.03,0.0,1,1,0.0,0.0,0,0,,
1286,1.286,0.03,0.0,1,1,0.0,0.0,0,0,,
1287,1.287,0.03,0.0,1,1,0.0,0.0,0,0,,
1288,1.288,0.03,0.0,1,1,0.0,0.0,0,0,,
1289,1.289,0.03,0.0,1,1,0.0,0.0,0,0,,
1290,1.29,0.03,0.0,1,1,0.0,0.0,0,0,,
1291,1.291,0.03,0.0,1,1,0.0,0.0,0,0,,
1292,1.292,0.03,0.0,1,1,0.0,0.0,0,0,,
1293,1.293,0.03,0.0,1,1,0.0,0.0,0,0,,
1294,1.294,0.03,0.0,1,1,0.0,0.0,0,0,,
1295,1.295,0.03,0.0,1,1,0.0,0.0,0,0,,
1296,1.296,0.03,0.0,1,1,0.0,0.0,0,0,,
1297,1.297,0.03,0.0,1,1,0.0,0.0,0,0,,
1298,1.298,0.03,0.0,1,1,0.0,0.0,0,0,,
1299,1.299,0.03,0.0,1,1,0.0,0.0,0,0,,
1300,1.3,0.03,0.0,1,1,0.0,0.0,0,0,5.204532434303119,6.354889787461896
1301,1.301,0.03,0.0,1,1,0.0,0.0,0,0,,
1302,1.302,0.03,0.0,1,1,0.0,0.0,0,0,,
1303,1.303,0.03,0.0,1,1,0.0,0.0,0,0,,
1304,1.304,0.03,0.0,1,1,0.0,0.0,0,0,,
1305,1.305,0.03,0.0,1,1,0.0,0.0,0,0,,
1306,1.306,0.03,0.0,1,1,0.0,0.0,0,0,,
1307,1.307,0.03,0.0,1,1,0.0,0.0,0,0,,
1308,1.308,0.03,0.0,1,1,0.0,0.0,0,0,,
1309,1.309,0.03,0.0,1,1,0.0,0.0,0,0,,
1310,1.31,0.03,0.0,1,1,0.0,0.0,0,0,,
1311,1.311,0.03,0.0,1,1,0.0,0.0,0,0,,
1312,1.312,0.03,0.0,1,1,0.0,0.0,0,0,,
1313,1.313,0.03,0.0,1,1,0.0,0.0,0,0,,
1314,1.314,0.03,0.0,1,1,0.0,0.0,0,0,,
1315,1.315,0.03,0.0,1,1,0.0,0.0,0,0,,
1316,1.316,0.03,0.0,1,1,0.0,0.0,0,0,,
1317,1.317,0.03,0.0,1,1,0.0,0.0,0,0,,
1318,1.318,0.03,0.0,1,1,0.0,0.0,0,0,,
1319,1.319,0.03,0.0,1,1,0.0,0.0,0,0,,
1320,1.32,0.03,0.0,1,1,0.0,0.0,0,0,,
1321,1.321,0.03,0.0,1,1,0.0,0.0,0,0,,
1322,1.322,0.03,0.0,1,1,0.0,0.0,0,0,,
1323,1.323,0.03,0.0,1,1,0.0,0.0,0,0,,
1324,1.324,0.03,0.0,1,1,0.0,0.0,0,0,,
1325,1.325,0.03,0.0,1,1,0.0,0.0,0,0,,
1326,1.326,0.03,0.0,1,1,0.0,0.0,0,0,,
1327,1.327,0.03,0.0,1,1,0.0,0.0,0,0,,
1328,1.328,0.03,0.0,1,1,0.0,0.0,0,0,,
1329,1.329,0.03,0.0,1,1,0.0,0.0,0,0,,
1330,1.33,0.03,0.0,1,1,0.0,0.0,0,0,,
1331,1.331,0.03,0.0,1,1,0.0,0.0,0,0,,
1332,1.332,0.03,0.0,1,1,0.0,0.0,0,0,,
1333,1.333,0.03,0.0,1,1,0.0,0.0,0,0,,
1334,1.334,0.03,0.0,1,1,0.0,0.0,0,0,,
1335,1.335,0.03,0.0,1,1,0.0,0.0,0,0,,
1336,1.336,0.03,0.0,1,1,0.0,0.0,0,0,,
1337,1.337,0.03,0.0,1,1,0.0,0.0,0,0,,
1338,1.338,0.03,0.0,1,1,0.0,0.0,0,0,,
1339,1.339,0.03,0.0,1,1,0.0,0.0,0,0,,
1340,1.34,0.03,0.0,1,1,0.0,0.0,0,0,,
1341,1.341,0.03,0.0,1,1,0.0,0.0,0,0,,
1342,1.342,0.03,0.0,1,1,0.0,0.0,0,0,,
1343,1.343,0.03,0.0,1,1,0.0,0.0,0,0,,
1344,1.344,0.03,0.0,1,1,0.0,0.0,0,0,,
1345,1.345,0.03,0.0,1,1,0.0,0.0,0,0,,
1346,1.346,0.03,0.0,1,1,0.0,0.0,0,0,,
1347,1.347,0.03,0.0,1,1,0.0,0.0,0,0,,
1348,1.348,0.03,0.0,1,1,0.0,0.0,0,0,,
1349,1.349,0.03,0.0,1,1,0.0,0.0,0,0,,
1350,1.35,0.03,0.0,1,1,0.0,0.0,0,0,,
1351,1.351,0.03,0.0,1,1,0.0,0.0,0,0,,
1352,1.352,0.03,0.0,1,1,0.0,0.0,0,0,,
1353,1.353,0.03,0.0,1,1,0.0,0.0,0,0,,
1354,1.354,0.03,0.0,1,1,0.0,0.0,0,0,,
1355,1.355,0.03,0.0,1,1,0.0,0.0,0,0,,
1356,1.356,0.03,0.0,1,1,0.0,0.0,0,0,,
1357,1.357,0.03,0.0,1,1,0.0,0.0,0,0,,
1358,1.358,0.03,0.0,1,1,0.0,0.0,0,0,,
1359,1.359,0.03,0.0,1,1,0.0,0.0,0,0,,
1360,1.36,0.03,0.0,1,1,0.0,0.0,0,0,,
1361,1.361,0.03,0.0,1,1,0.0,0.0,0,0,,
1362,1.362,0.03,0.0,1,1,0.0,0.0,0,0,,
1363,1.363,0.03,0.0,1,1,0.0,0.0,0,0,,
1364,1.364,0.03,0.0,1,1,0.0,0.0,0,0,,
1365,1.365,0.03,0.0,1,1,0.0,0.0,0,0,,
1366,1.366,0.03,0.0,1,1,0.0,0.0,0,0,,
1367,1.367,0.03,0.0,1,1,0.0,0.0,0,0,,
1368,1.368,0.03,0.0,1,1,0.0,0.0,0,0,,
1369,1.369,0.03,0.0,1,1,0.0,0.0,0,0,,
1370,1.37,0.03,0.0,1,1,0.0,0.0,0,0,,
1371,1.371,0.03,0.0,1,1,0.0,0.0,0,0,,
1372,1.372,0.03,0.0,1,1,0.0,0.0,0,0,,
1373,1.373,0.03,0.0,1,1,0.0,0.0,0,0,,
1374,1.374,0.03,0.0,1,1,0.0,0.0,0,0,,
1375,1.375,0.03,0.0,1,1,0.0,0.0,0,0,,
1376,1.3760000000000001,0.03,0.0,1,1,0.0,0.0,0,0,,
1377,1.377,0.03,0.0,1,1,0.0,0.0,0,0,,
1378,1.3780000000000001,0.03,0.0,1,1,0.0,0.0,0,0,,
1379,1.379,0.03,0.0,1,1,0.0,0.0,0,0,,
1380,1.3800000000000001,0.03,0.0,1,1,0.0,0.0,0,0,,
1381,1.381,0.03,0.0,1,1,0.0,0.0,0,0,,
1382,1.3820000000000001,0.03,0.0,1,1,0.0,0.0,0,0,,
1383,1.383,0.03,0.0,1,1,0.0,0.0,0,0,,
1384,1.3840000000000001,0.03,0.0,1,1,0.0,0.0,0,0,,
1385,1.385,0.03,0.0,1,1,0.0,0.0,0,0,,
1386,1.3860000000000001,0.03,0.0,1,1,0.0,0.0,0,0,,
1387,1.387,0.03,0.0,1,1,0.0,0.0,0,0,,
1388,1.3880000000000001,0.03,0.0,1,1,0.0,0.0,0,0,,
1389,1.389,0.03,0.0,1,1,0.0,0.0,0,0,,
1390,1.3900000000000001,0.03,0.0,1,1,0.0,0.0,0,0,,
1391,1.391,0.03,0.0,1,1,0.0,0.0,0,0,,
1392,1.3920000000000001,0.03,0.0,1,1,0.0,0.0,0,0,,
1393,1.393,0.03,0.0,1,1,0.0,0.0,0,0,,
1394,1.3940000000000001,0.03,0.0,1,1,0.0,0.0,0,0,,
1395,1.395,0.03,0.0,1,1,0.0,0.0,0,0,,
1396,1.3960000000000001,0.03,0.0,1,1,0.0,0.0,0,0,,
1397,1.397,0.03,0.0,1,1,0.0,0.0,0,0,,
1398,1.3980000000000001,0.03,0.0,1,1,0.0,0.0,0,0,,
1399,1.399,0.03,0.0,1,1,0.0,0.0,0,0,,
1400,1.4000000000000001,0.03,0.0,1,1,0.03,0.0,1,1,3.5568556136455145,6.347260808465758
1401,1.401,0.03,0.0,1,1,0.03,0.0,1,1,,
1402,1.4020000000000001,0.03,0.0,1,1,0.03,0.0,1,1,,
1403,1.403,0.03,0.0,1,1,0.03,0.0,1,1,,
1404,1.4040000000000001,0.03,0.0,1,1,0.03,0.0,1,1,,
1405,1.405,0.03,0.0,1,1,0.03,0.0,1,1,,
1406,1.4060000000000001,0.03,0.0,1,1,0.03,0.0,1,1,,
1407,1.407,0.03,0.0,1,1,0.03,0.0,1,1,,
1408,1.408,0.03,0.0,1,1,0.03,0.0,1,1,,
1409,1.409,0.03,0.0,1,1,0.03,0.0,1,1,,
1410,1.41,0.03,0.0,1,1,0.03,0.0,1,1,,
1411,1.411,0.03,0.0,1,1,0.03,0.0,1,1,,
1412,1.412,0.03,0.0,1,1,0.03,0.0,1,1,,
1413,1.413,0.03,0.0,1,1,0.03,0.0,1,1,,
1414,1.414,0.03,0.0,1,1,0.03,0.0,1,1,,
1415,1.415,0.03,0.0,1,1,0.03,0.0,1,1,,
1416,1.416,0.03,0.0,1,1,0.03,0.0,1,1,,
1417,1.417,0.03,0.0,1,1,0.03,0.0,1,1,,
1418,1.418,0.03,0.0,1,1,0.03,0.0,1,1,,
1419,1.419,0.03,0.0,1,1,0.03,0.0,1,1,,
1420,1.42,0.03,0.0,1,1,0.03,0.0,1,1,,
1421,1.421,0.03,0.0,1,1,0.03,0.0,1,1,,
1422,1.422,0.03,0.0,1,1,0.03,0.0,1,1,,
1423,1.423,0.03,0.0,1,1,0.03,0.0,1,1,,
1424,1.424,0.03,0.0,1,1,0.03,0.0,1,1,,
1425,1.425,0.03,0.0,1,1,0.03,0.0,1,1,,
1426,1.426,0.03,0.0,1,1,0.03,0.0,1,1,,
1427,1.427,0.03,0.0,1,1,0.03,0.0,1,1,,
1428,1.428,0.03,0.0,1,1,0.03,0.0,1,1,,
1429,1.429,0.03,0.0,1,1,0.03,0.0,1,1,,
1430,1.43,0.03,0.0,1,1,0.03,0.0,1,1,,
1431,1.431,0.03,0.0,1,1,0.03,0.0,1,1,,
1432,1.432,0.03,0.0,1,1,0.03,0.0,1,1,,
1433,1.433,0.03,0.0,1,1,0.03,0.0,1,1,,
1434,1.434,0.03,0.0,1,1,0.03,0.0,1,1,,
1435,1.435,0.03,0.0,1,1,0.03,0.0,1,1,,
1436,1.436,0.03,0.0,1,1,0.03,0.0,1,1,,
1437,1.437,0.03,0.0,1,1,0.03,0.0,1,1,,
1438,1.438,0.03,0.0,1,1,0.03,0.0,1,1,,
1439,1.439,0.03,0.0,1,1,0.03,0.0,1,1,,
1440,1.44,0.03,0.0,1,1,0.03,0.0,1,1,,
1441,1.441,0.03,0.0,1,1,0.03,0.0,1,1,,
1442,1.442,0.03,0.0,1,1,0.03,0.0,1,1,,
1443,1.443,0.03,0.0,1,1,0.03,0.0,1,1,,
1444,1.444,0.03,0.0,1,1,0.03,0.0,1,1,,
1445,1.445,0.03,0.0,1,1,0.03,0.0,1,1,,
1446,1.446,0.03,0.0,1,1,0.03,0.0,1,1,,
1447,1.447,0.03,0.0,1,1,0.03,0.0,1,1,,
1448,1.448,0.03,0.0,1,1,0.03,0.0,1,1,,
1449,1.449,0.03,0.0,1,1,0.03,0.0,1,1,,
1450,1.45,0.03,0.0,1,1,0.03,0.0,1,1,,
1451,1.451,0.03,0.0,1,1,0.03,0.0,1,1,,
1452,1.452,0.03,0.0,1,1,0.03,0.0,1,1,,
1453,1.453,0.03,0.0,1,1,0.03,0.0,1,1,,
1454,1.454,0.03,0.0,1,1,0.03,0.0,1,1,,
1455,1.455,0.03,0.0,1,1,0.03,0.0,1,1,,
1456,1.456,0.03,0.0,1,1,0.03,0.0,1,1,,
1457,1.457,0.03,0.0,1,1,0.03,0.0,1,1,,
1458,1.458,0.03,0.0,1,1,0.03,0.0,1,1,,
1459,1.459,0.03,0.0,1,1,0.03,0.0,1,1,,
1460,1.46,0.03,0.0,1,1,0.03,0.0,1,1,,
1461,1.461,0.03,0.0,1,1,0.03,0.0,1,1,,
1462,1.462,0.03,0.0,1,1,0.03,0.0,1,1,,
1463,1.463,0.03,0.0,1,1,0.03,0.0,1,1,,
1464,1.464,0.03,0.0,1,1,0.03,0.0,1,1,,
1465,1.465,0.03,0.0,1,1,0.03,0.0,1,1,,
1466,1.466,0.03,0.0,1,1,0.03,0.0,1,1,,
1467,1.467,0.03,0.0,1,1,0.03,0.0,1,1,,
1468,1.468,0.03,0.0,1,1,0.03,0.0,1,1,,
1469,1.469,0.03,0.0,1,1,0.03,0.0,1,1,,
1470,1.47,0.03,0.0,1,1,0.03,0.0,1,1,,
1471,1.471,0.03,0.0,1,1,0.03,0.0,1,1,,
1472,1.472,0.03,0.0,1,1,0.03,0.0,1,1,,
1473,1.473,0.03,0.0,1,1,0.03,0.0,1,1,,
1474,1.474,0.03,0.0,1,1,0.03,0.0,1,1,,
1475,1.475,0.03,0.0,1,1,0.03,0.0,1,1,,
1476,1.476,0.03,0.0,1,1,0.03,0.0,1,1,,
1477,1.477,0.03,0.0,1,1,0.03,0.0,1,1,,
1478,1.478,0.03,0.0,1,1,0.03,0.0,1,1,,
1479,1.479,0.03,0.0,1,1,0.03,0.0,1,1,,
1480,1.48,0.03,0.0,1,1,0.03,0.0,1,1,,
1481,1.481,0.03,0.0,1,1,0.03,0.0,1,1,,
1482,1.482,0.03,0.0,1,1,0.03,0.0,1,1,,
1483,1.483,0.03,0.0,1,1,0.03,0.0,1,1,,
1484,1.484,0.03,0.0,1,1,0.03,0.0,1,1,,
1485,1.485,0.03,0.0,1,1,0.03,0.0,1,1,,
1486,1.486,0.03,0.0,1,1,0.03,0.0,1,1,,
1487,1.487,0.03,0.0,1,1,0.03,0.0,1,1,,
1488,1.488,0.03,0.0,1,1,0.03,0.0,1,1,,
1489,1.489,0.03,0.0,1,1,0.03,0.0,1,1,,
1490,1.49,0.03,0.0,1,1,0.03,0.0,1,1,,
1491,1.491,0.03,0.0,1,1,0.03,0.0,1,1,,
1492,1.492,0.03,0.0,1,1,0.03,0.0,1,1,,
1493,1.493,0.03,0.0,1,1,0.03,0.0,1,1,,
1494,1.494,0.03,0.0,1,1,0.03,0.0,1,1,,
1495,1.495,0.03,0.0,1,1,0.03,0.0,1,1,,
1496,1.496,0.03,0.0,1,1,0.03,0.0,1,1,,
1497,1.497,0.03,0.0,1,1,0.03,0.0,1,1,,
1498,1.498,0.03,0.0,1,1,0.03,0.0,1,1,,
1499,1.499,0.03,0.0,1,1,0.03,0.0,1,1,,
1500,1.5,0.03,0.0,1,1,0.03,0.0,1,1,3.5724179254086694,6.439190843673832
1501,1.5010000000000001,0.03,0.0,1,1,0.03,0.0,1,1,,
1502,1.502,0.03,0.0,1,1,0.03,0.0,1,1,,
1503,1.5030000000000001,0.03,0.0,1,1,0.03,0.0,1,1,,
1504,1.504,0.03,0.0,1,1,0.03,0.0,1,1,,
1505,1.5050000000000001,0.03,0.0,1,1,0.03,0.0,1,1,,
1506,1.506,0.03,0.0,1,1,0.03,0.0,1,1,,
1507,1.5070000000000001,0.03,0.0,1,1,0.03,0.0,1,1,,
1508,1.508,0.03,0.0,1,1,0.03,0.0,1,1,,
1509,1.5090000000000001,0.03,0.0,1,1,0.03,0.0,1,1,,
1510,1.51,0.03,0.0,1,1,0.03,0.0,1,1,,
1511,1.5110000000000001,0.03,0.0,1,1,0.03,0.0,1,1,,
1512,1.512,0.03,0.0,1,1,0.03,0.0,1,1,,
1513,1.5130000000000001,0.03,0.0,1,1,0.03,0.0,1,1,,
1514,1.514,0.03,0.0,1,1,0.03,0.0,1,1,,
1515,1.5150000000000001,0.03,0.0,1,1,0.03,0.0,1,1,,
1516,1.516,0.03,0.0,1,1,0.03,0.0,1,1,,
1517,1.5170000000000001,0.03,0.0,1,1,0.03,0.0,1,1,,
1518,1.518,0.03,0.0,1,1,0.03,0.0,1,1,,
1519,1.5190000000000001,0.03,0.0,1,1,0.03,0.0,1,1,,
1520,1.52,0.03,0.0,1,1,0.03,0.0,1,1,,
1521,1.5210000000000001,0.03,1.0,1,1,0.03,0.0,1,1,,
1522,1.522,0.03,0.951229424500714,1,1,0.03,0.0,1,1,,
1523,1.5230000000000001,0.03,0.9048374180359596,1,1,0.03,0.0,1,1,,
1524,1.524,0.03,0.8607079764250579,1,1,0.03,0.0,1,1,,
1525,1.5250000000000001,0.03,0.8187307530779819,1,1,0.03,0.0,1,1,,
1526,1.526,0.03,0.778800783071405,1,1,0.03,0.0,1,1,,
1527,1.5270000000000001,0.03,0.740818220681718,1,1,0.03,0.0,1,1,,
1528,1.528,0.03,0.7046880897187136,1,1,0.03,0.0,1,1,,
1529,1.5290000000000001,0.03,0.6703200460356394,1,1,0.03,0.0,1,1,,
1530,1.53,0.03,0.6376281516217734,1,1,0.03,0.0,1,1,,
1531,1.5310000000000001,0.03,0.6065306597126335,1,1,0.03,0.0,1,1,,
1532,1.532,0.03,0.5769498103804868,1,1,0.03,0.0,1,1,,
1533,1.5330000000000001,0.03,0.5488116360940265,1,1,0.03,0.0,1,1,,
1534,1.534,0.03,0.5220457767610162,1,1,0.03,0.0,1,1,,
1535,1.5350000000000001,0.03,0.49658530379140964,1,1,0.03,0.0,1,1,,
1536,1.536,0.03,0.4723665527410148,1,1,0.03,0.0,1,1,,
1537,1.537,0.03,0.4493289641172217,1,1,0.03,0.0,1,1,,
1538,1.538,0.03,0.42741493194872676,1,1,0.03,0.0,1,1,,
1539,1.539,0.03,0.4065696597405992,1,1,0.03,0.0,1,1,,
1540,1.54,0.03,0.3867410234545013,1,1,0.03,0.0,1,1,,
1541,1.541,0.03,0.3678794411714424,1,1,0.03,0.0,1,1,,
1542,1.542,0.03,0.34993774911115544,1,1,0.03,0.0,1,1,,
1543,1.543,0.03,0.33287108369807966,1,1,0.03,0.0,1,1,,
1544,1.544,0.03,0.31663676937905333,1,1,0.03,0.0,1,1,,
1545,1.545,0.03,0.3011942119122022,1,1,0.03,0.0,1,1,,
1546,1.546,0.03,0.2865047968601902,1,1,0.03,0.0,1,1,,
1547,1.547,0.03,0.2725317930340127,1,1,0.03,0.0,1,1,,
1548,1.548,0.03,0.2592402606458916,1,1,0.03,0.0,1,1,,
1549,1.549,0.03,0.24659696394160657,1,1,0.03,0.0,1,1,,
1550,1.55,0.03,0.23457028809379774,1,1,0.03,0.0,1,1,,
1551,1.551,0.03,0.2231301601484299,1,1,0.03,0.0,1,1,,
1552,1.552,0.03,0.21224797382674312,1,1,0.03,0.0,1,1,,
1553,1.553,0.03,0.20189651799465547,1,1,0.03,0.0,1,1,,
1554,1.554,0.03,0.19204990862075416,1,1,0.03,0.0,1,1,,
1555,1.555,0.03,0.1826835240527347,1,1,0.03,0.0,1,1,,
1556,1.556,0.03,0.17377394345044517,1,1,0.03,0.0,1,1,,
1557,1.557,0.03,0.1652988882215866,1,1,0.03,0.0,1,1,,
1558,1.558,0.03,0.15723716631362766,1,1,0.03,0.0,1,1,,
1559,1.559,0.03,0.1495686192226351,1,1,0.03,0.0,1,1,,
1560,1.56,0.03,0.14227407158651362,1,1,0.03,0.0,1,1,,
1561,1.561,0.03,0.13533528323661273,1,1,0.03,0.0,1,1,,
1562,1.562,0.03,0.12873490358780426,1,1,0.03,0.0,1,1,,
1563,1.563,0.03,0.12245642825298195,1,1,0.03,0.0,1,1,,
1564,1.564,0.03,0.116484157773497,1,1,0.03,0.0,1,1,,
1565,1.565,0.03,0.11080315836233391,1,1,0.03,0.0,1,1,,
1566,1.566,0.03,0.10539922456186436,1,1,0.03,0.0,1,1,,
1567,1.567,0.03,0.10025884372280376,1,1,0.03,0.0,1,1,,
1568,1.568,0.03,0.09536916221554964,1,1,0.03,0.0,1,1,,
1569,1.569,0.03,0.09071795328941253,1,1,0.03,0.0,1,1,,
1570,1.57,0.03,0.08629358649937054,1,1,0.03,0.0,1,1,,
1571,1.571,0.03,0.08208499862389881,1,1,0.03,0.0,1,1,,
1572,1.572,0.03,0.07808166600115317,1,1,0.03,0.0,1,1,,
1573,1.573,0.03,0.07427357821433389,1,1,0.03,0.0,1,1,,
1574,1.574,0.03,0.0706512130604296,1,1,0.03,0.0,1,1,,
1575,1.575,0.03,0.06720551273974977,1,1,0.03,0.0,1,1,,
1576,1.576,0.03,0.06392786120670758,1,1,0.03,0.0,1,1,,
1577,1.577,0.03,0.06081006262521798,1,1,0.03,0.0,1,1,,
1578,1.578,0.03,0.05784432087483848,1,1,0.03,0.0,1,1,,
1579,1.579,0.03,0.055023220056407245,1,1,0.03,0.0,1,1,,
1580,1.58,0.03,0.05233970594843241,1,1,0.03,0.0,1,1,,
1581,1.581,0.03,0.04978706836786396,1,1,0.03,0.0,1,1,,
1582,1.582,0.03,0.047358924391140936,1,1,0.03,0.0,1,1,,
1583,1.583,0.03,0.04504920239355782,1,1,0.03,0.0,1,1,,
1584,1.584,0.03,0.042852126867040194,1,1,0.03,0.0,1,1,,
1585,1.585,0.03,0.04076220397836623,1,1,0.03,0.0,1,1,,
1586,1.586,0.03,0.03877420783172203,1,1,0.03,0.0,1,1,,
1587,1.587,0.03,0.03688316740124002,1,1,0.03,0.0,1,1,,
1588,1.588,0.03,0.03508435410084504,1,1,0.03,0.0,1,1,,
1589,1.589,0.03,0.033373269960326093,1,1,0.03,0.0,1,1,,
1590,1.59,0.03,0.03174563637806796,1,1,0.03,0.0,1,1,,
1591,1.591,0.03,0.030197383422318518,1,1,0.03,0.0,1,1,,
1592,1.592,0.03,0.028724639654239447,1,1,0.03,0.0,1,1,,
1593,1.593,0.03,0.02732372244729258,1,1,0.03,0.0,1,1,,
1594,1.594,0.03,0.02599112877875536,1,1,0.03,0.0,1,1,,
1595,1.595,0.03,0.02472352647033941,1,1,0.03,0.0,1,1,,
1596,1.596,0.03,0.023517745856009124,1,1,0.03,0.0,1,1,,
1597,1.597,0.03,0.02237077185616561,1,1,0.03,0.0,1,1,,
1598,1.598,0.03,0.021279736438377186,1,1,0.03,0.0,1,1,,
1599,1.599,0.03,0.020241911445804405,1,1,0.03,0.0,1,1,,
1600,1.6,0.0,0.01925470177538694,0,1,0.03,0.0,1,1,3.5892957589394756,6.720062251686838
1601,1.601,0.0,0.018315638888734196,0,1,0.03,0.0,1,1,,
1602,1.602,0.0,0.017422374639493525,0,1,0.03,0.0,1,1,,
1603,1.603,0.0,0.01657267540176126,0,1,0.03,0.0,1,1,,
1604,1.604,0.0,0.015764416484854504,0,1,0.03,0.0,1,1,,
1605,1.605,0.0,0.014995576820477719,0,1,0.03,0.0,1,1,,
1606,1.606,0.0,0.014264233908999268,0,1,0.03,0.0,1,1,,
1607,1.607,0.0,0.013568559012200944,0,1,0.03,0.0,1,1,,
1608,1.608,0.0,0.012906812580479881,0,1,0.03,0.0,1,1,,
1609,1.609,0.0,0.012277339903068453,0,1,0.03,0.0,1,1,,
1610,1.61,0.0,0.011678566970395456,0,1,0.03,0.0,1,1,,
1611,1.611,0.0,0.011108996538242316,0,1,0.03,0.0,1,1,,
1612,1.612,0.0,0.010567204383852663,0,1,0.03,0.0,1,1,,
1613,1.613,0.0,0.010051835744633591,0,1,0.03,0.0,1,1,,
1614,1.614,0.0,0.009561601930543517,0,1,0.03,0.0,1,1,,
1615,1.615,0.0,0.009095277101695826,0,1,0.03,0.0,1,1,,
1616,1.616,0.0,0.008651695203120643,0,1,0.03,0.0,1,1,,
1617,1.617,0.0,0.008229747049020037,0,1,0.03,0.0,1,1,,
1618,1.618,0.0,0.007828377549225779,0,1,0.03,0.0,1,1,,
1619,1.619,0.0,0.007446583070924348,0,1,0.03,0.0,1,1,,
1620,1.62,0.0,0.007083408929052127,0,1,0.03,0.0,1,1,,
1621,1.621,0.0,0.006737946999085474,0,1,0.03,0.0,1,1,,
1622,1.622,0.0,0.006409333446256388,0,1,0.03,0.0,1,1,,
1623,1.623,0.0,0.006096746565515642,0,1,0.03,0.0,1,1,,
1624,1.624,0.0,0.005799404726842149,0,1,0.03,0.0,1,1,,
1625,1.625,0.0,0.0055165644207607785,0,1,0.03,0.0,1,1,,
1626,1.6260000000000001,0.0,0.00524751839918139,0,1,0.03,0.0,1,1,,
1627,1.627,0.0,0.004991593906910221,0,1,0.03,0.0,1,1,,
1628,1.6280000000000001,0.0,0.00474815099941148,0,1,0.03,0.0,1,1,,
1629,1.629,0.0,0.004516580942612672,0,1,0.03,0.0,1,1,,
1630,1.6300000000000001,0.0,0.004296304690752344,0,1,0.03,0.0,1,1,,
1631,1.631,0.0,0.00408677143846407,0,1,0.03,0.0,1,1,,
1632,1.6320000000000001,0.0,0.0038874572434761325,0,1,0.03,0.0,1,1,,
1633,1.633,0.0,0.0036978637164829338,0,1,0.03,0.0,1,1,,
1634,1.6340000000000001,0.0,0.0035175167749121328,0,1,0.03,0.0,1,1,,
1635,1.635,0.0,0.0033459654574712755,0,1,0.03,0.0,1,1,,
1636,1.6360000000000001,0.0,0.0031827807965096695,0,1,0.03,0.0,1,1,,
1637,1.637,0.0,0.003027554745375817,0,1,0.03,0.0,1,1,,
1638,1.6380000000000001,0.0,0.0028798991580882443,0,1,0.03,0.0,1,1,,
1639,1.639,0.0,0.0027394448187683714,0,1,0.03,0.0,1,1,,
1640,1.6400000000000001,0.0,0.002605840518408501,0,1,0.03,0.0,1,1,,
1641,1.641,0.0,0.0024787521766663607,0,1,0.03,0.0,1,1,,
1642,1.6420000000000001,0.0,0.0023578620064902346,0,1,0.03,0.0,1,1,,
1643,1.643,0.0,0.0022428677194858047,0,1,0.03,0.0,1,1,,
1644,1.6440000000000001,0.0,0.0021334817700377107,0,1,0.03,0.0,1,1,,
1645,1.645,0.0,0.002029430636295736,0,1,0.03,0.0,1,1,,
1646,1.6460000000000001,0.0,0.001930454136227711,0,1,0.03,0.0,1,1,,
1647,1.647,0.0,0.0018363047770289086,0,1,0.03,0.0,1,1,,
1648,1.6480000000000001,0.0,0.0017467471362611208,0,1,0.03,0.0,1,1,,
1649,1.649,0.0,0.001661557273173936,0,1,0.03,0.0,1,1,,
1650,1.6500000000000001,0.0,0.0015805221687362188,0,1,0.03,0.0,1,1,,
1651,1.651,0.0,0.0015034391929775739,0,1,0.03,0.0,1,1,,
1652,1.6520000000000001,0.0,0.0014301155983078755,0,1,0.03,0.0,1,1,,
1653,1.653,0.0,0.0013603680375478947,0,1,0.03,0.0,1,1,,
1654,1.6540000000000001,0.0,0.0012940221054658495,0,1,0.03,0.0,1,1,,
1655,1.655,0.0,0.0012309119026734823,0,1,0.03,0.0,1,1,,
1656,1.6560000000000001,0.0,0.0011708796207911755,0,1,0.03,0.0,1,1,,
1657,1.657,0.0,0.0011137751478448041,0,1,0.03,0.0,1,1,,
1658,1.6580000000000001,0.0,0.0010594556929076108,0,1,0.03,0.0,1,1,,
1659,1.659,0.0,0.0010077854290485118,0,1,0.03,0.0,1,1,,
1660,1.6600000000000001,0.0,0.0009586351536940209,0,1,0.03,0.0,1,1,,
1661,1.661,0.0,0.0009118819655545171,0,1,0.03,0.0,1,1,,
1662,1.6620000000000001,0.0,0.0008674089573070033,0,1,0.03,0.0,1,1,,
1663,1.663,0.0,0.0008251049232659051,0,1,0.03,0.0,1,1,,
1664,1.6640000000000001,0.0,0.0007848640813109327,0,1,0.03,0.0,1,1,,
1665,1.665,0.0,0.0007465858083766802,0,1,0.03,0.0,1,1,,
1666,1.666,0.0,0.0007101743888425498,0,1,0.03,0.0,1,1,,
1667,1.667,0.0,0.0006755387751938449,0,1,0.03,0.0,1,1,,
1668,1.668,0.0,0.0006425923603555583,0,1,0.03,0.0,1,1,,
1669,1.669,0.0,0.0006112527611295732,0,1,0.03,0.0,1,1,,
1670,1.67,0.0,0.0005814416121937563,0,1,0.03,0.0,1,1,,
1671,1.671,0.0,0.0005530843701478342,0,1,0.03,0.0,1,1,,
1672,1.672,0.0,0.0005261101271160642,0,1,0.03,0.0,1,1,,
1673,1.673,0.0,0.0005004514334406113,0,1,0.03,0.0,1,1,,
1674,1.674,0.0,0.00047604412902227004,0,1,0.03,0.0,1,1,,
1675,1.675,0.0,0.0004528271828867976,0,1,0.03,0.0,1,1,,
1676,1.676,0.0,0.00043074254057568807,0,1,0.03,0.0,1,1,,
1677,1.677,0.0,0.00040973497897978724,0,1,0.03,0.0,1,1,,
1678,1.678,0.0,0.0003897519682527552,0,1,0.03,0.0,1,1,,
1679,1.679,0.0,0.00037074354045908887,0,1,0.03,0.0,1,1,,
1680,1.68,0.0,0.0003526621646282563,0,1,0.03,0.0,1,1,,
1681,1.681,0.0,0.0003354626279025123,0,1,0.03,0.0,1,1,,
1682,1.682,0.0,0.0003191019224812039,0,1,0.03,0.0,1,1,,
1683,1.683,0.0,0.00030353913807886705,0,1,0.03,0.0,1,1,,
1684,1.684,0.0,0.00028873535962820344,0,1,0.03,0.0,1,1,,
1685,1.685,0.0,0.00027465356997214265,0,1,0.03,0.0,1,1,,
1686,1.686,0.0,0.0002612585573016678,0,1,0.03,0.0,1,1,,
1687,1.687,0.0,0.0002485168271079523,0,1,0.03,0.0,1,1,,
1688,1.688,0.0,0.00023639651842864088,0,1,0.03,0.0,1,1,,
1689,1.689,0.0,0.0002248673241788485,0,1,0.03,0.0,1,1,,
1690,1.69,0.0,0.00021390041536766154,0,1,0.03,0.0,1,1,,
1691,1.691,0.0,0.00020346836901064436,0,1,0.03,0.0,1,1,,
1692,1.692,0.0,0.00019354509955809415,0,1,0.03,0.0,1,1,,
1693,1.693,0.0,0.0001841057936675793,0,1,0.03,0.0,1,1,,
1694,1.694,0.0,0.00017512684815765867,0,1,0.03,0.0,1,1,,
1695,1.695,0.0,0.0001665858109876336,0,1,0.03,0.0,1,1,,
1696,1.696,0.0,0.00015846132511575142,0,1,0.03,0.0,1,1,,
1697,1.697,0.0,0.00015073307509547677,0,1,0.03,0.0,1,1,,
1698,1.698,0.0,0.00014338173627629329,0,1,0.03,0.0,1,1,,
1699,1.699,0.0,0.00013638892648201162,0,1,0.03,0.0,1,1,,
1700,1.7,0.0,0.0001297371600457541,0,1,0.03,0.0,1,1,3.598156952626111,5.431326585139954
1701,1.701,0.0,0.0001234098040866797,0,1,0.03,0.0,1,1,,
1702,1.702,0.0,0.0001173910369191182,0,1,0.03,0.0,1,1,,
1703,1.703,0.0,0.00011166580849011487,0,1,0.03,0.0,1,1,,
1704,1.704,0.0,0.00010621980274645891,0,1,0.03,0.0,1,1,,
1705,1.705,0.0,0.00010103940183709347,0,1,0.03,0.0,1,1,,
1706,1.706,0.0,9.611165206139482e-05,0,1,0.03,0.0,1,1,,
1707,1.707,0.0,9.142423147817346e-05,0,1,0.03,0.0,1,1,,
1708,1.708,0.0,8.6965419094403e-05,0,1,0.03,0.0,1,1,,
1709,1.709,0.0,8.272406555663236e-05,0,1,0.03,0.0,1,1,,
1710,1.71,0.0,7.868956527179474e-05,0,1,0.03,0.0,1,1,,
1711,1.711,0.0,7.485182988770068e-05,0,1,0.03,0.0,1,1,,
1712,1.712,0.0,7.120126306690287e-05,0,1,0.03,0.0,1,1,,
1713,1.713,0.0,6.772873649085395e-05,0,1,0.03,0.0,1,1,,
1714,1.714,0.0,6.442556703435551e-05,0,1,0.03,0.0,1,1,,
1715,1.715,0.0,6.128349505322216e-05,0,1,0.03,0.0,1,1,,
1716,1.716,0.0,5.829466373086887e-05,0,1,0.03,0.0,1,1,,
1717,1.717,0.0,5.545159943217704e-05,0,1,0.03,0.0,1,1,,
1718,1.718,0.0,5.2747193015513886e-05,0,1,0.03,0.0,1,1,,
1719,1.719,0.0,5.017468205617536e-05,0,1,0.03,0.0,1,1,,
1720,1.72,0.0,4.7727633936801984e-05,0,1,0.03,0.0,1,1,,
1721,1.721,0.0,4.53999297624849e-05,0,1,0.03,0.0,1,1,,
1722,1.722,0.0,4.318574906034135e-05,0,1,0.03,0.0,1,1,,
1723,1.723,0.0,4.107955522530075e-05,0,1,0.03,0.0,1,1,,
1724,1.724,0.0,3.907608167570813e-05,0,1,0.03,0.0,1,1,,
1725,1.725,0.0,3.717031868412674e-05,0,1,0.03,0.0,1,1,,
1726,1.726,0.0,3.5357500850410015e-05,0,1,0.03,0.0,1,1,,
1727,1.727,0.0,3.363309518571902e-05,0,1,0.03,0.0,1,1,,
1728,1.728,0.0,3.199278977768924e-05,0,1,0.03,0.0,1,1,,
1729,1.729,0.0,3.0432483008403662e-05,0,1,0.03,0.0,1,1,,
1730,1.73,0.0,2.8948273298211574e-05,0,1,0.03,0.0,1,1,,
1731,1.731,0.0,2.7536449349747182e-05,0,1,0.03,0.0,1,1,,
1732,1.732,0.0,1.0000261934808679,0,1,0.03,0.0,1,1,,
1733,1.733,0.0,0.9512543405104457,0,1,0.03,0.0,1,1,,
1734,1.734,0.0,0.9048611188775575,0,1,0.03,0.0,1,1,,
1735,1.735,0.0,0.8607305213629712,0,1,0.03,0.0,1,1,,
1736,1.736,0.0,0.8187521984862987,0,1,0.03,0.0,1,1,,
1737,1.737,0.0,0.7788211825748163,0,1,0.03,0.0,1,1,,
1738,1.738,0.0,0.740837625289608,0,1,0.03,0.0,1,1,,
1739,1.739,0.0,0.7047065479527094,0,1,0.03,0.0,1,1,,
1740,1.74,0.0,0.6703376040509406,0,1,0.03,0.0,1,1,,
1741,1.741,0.0,0.6376448533225637,0,1,0.03,0.0,1,1,,
1742,1.742,0.0,0.6065465468618645,0,1,0.03,0.0,1,1,,
1743,1.743,0.0,0.5769649227043068,0,1,0.03,0.0,1,1,,
1744,1.744,0.0,0.5488260113811166,0,1,0.03,0.0,1,1,,
1745,1.745,0.0,0.522059450957082,0,1,0.03,0.0,1,1,,
1746,1.746,0.0,0.49659831108906377,0,1,0.03,0.0,1,1,,
1747,1.747,0.0,0.47237892566527667,0,1,0.03,0.0,1,1,,
1748,1.748,0.0,0.4493407336068467,0,1,0.03,0.0,1,1,,
1749,1.749,0.0,0.4274261274335694,0,1,0.03,0.0,1,1,,
1750,1.75,0.0,0.40658030921520305,0,1,0.03,0.0,1,1,,
1751,1.7510000000000001,0.0,0.38675115354809997,0,1,0.03,0.0,1,1,,
1752,1.752,0.0,0.3678890772145464,0,1,0.03,0.0,1,1,,
1753,1.7530000000000001,0.0,0.3499469151988917,0,1,0.03,0.0,1,1,,
1754,1.754,0.0,0.33287980275044193,0,1,0.03,0.0,1,1,,
1755,1.7550000000000001,0.0,0.31664506319821406,0,1,0.03,0.0,1,1,,
1756,1.756,0.0,0.3012021012370294,0,1,0.03,0.0,1,1,,
1757,1.7570000000000001,0.0,0.2865123014181053,0,1,0.03,0.0,1,1,,
1758,1.758,0.0,0.2725389315903194,0,1,0.03,0.0,1,1,,
1759,1.7590000000000001,0.0,0.259247051050699,0,1,0.03,0.0,1,1,,
1760,1.76,0.0,0.24660342317446365,0,1,0.03,0.0,1,1,,
1761,1.7610000000000001,0.0,0.2345764323061511,0,1,0.03,0.0,1,1,,
1762,1.762,0.0,0.22313600470401082,0,1,0.03,0.0,1,1,,
1763,1.7630000000000001,0.0,0.21225353333998484,0,1,0.03,0.0,1,1,,
1764,1.764,0.0,0.2019018063672369,0,1,0.03,0.0,1,1,,
1765,1.7650000000000001,0.0,0.19205493907636134,0,1,0.03,0.0,1,1,,
1766,1.766,0.0,0.18268830917012688,0,1,0.03,0.0,1,1,,
1767,1.7670000000000001,0.0,0.17377849519490832,0,1,0.03,0.0,1,1,,
1768,1.768,0.0,0.16530321797485273,0,1,0.03,0.0,1,1,,
1769,1.7690000000000001,0.0,0.15724128490233524,0,1,0.03,0.0,1,1,,
1770,1.77,0.0,0.14957253694540115,0,1,0.03,0.0,1,1,,
1771,1.7710000000000001,0.0,0.14227779823968573,0,1,0.03,0.0,1,1,,
1772,1.772,0.0,0.13533882813876497,0,1,0.03,0.0,1,1,,
1773,1.7730000000000001,0.0,0.12873827560303844,0,1,0.03,0.0,1,1,,
1774,1.774,0.0,0.12245963581309256,0,1,0.03,0.0,1,1,,
1775,1.7750000000000001,0.0,0.11648720889905506,0,1,0.03,0.0,1,1,,
1776,1.776,0.0,0.1108060606827426,0,1,0.03,0.0,1,1,,
1777,1.7770000000000001,0.0,0.10540198533443644,0,1,0.03,0.0,1,1,,
1778,1.778,0.0,0.10026146985090867,0,1,0.03,0.0,1,1,,
1779,1.7790000000000001,0.0,0.09537166026587554,0,1,0.03,0.0,1,1,,
1780,1.78,0.0,0.0907203295083864,0,1,0.03,0.0,1,1,,
1781,1.7810000000000001,0.0,0.08629584682877754,0,1,0.03,0.0,1,1,,
1782,1.782,0.0,0.08208714871573983,0,1,0.03,0.0,1,1,,
1783,1.7830000000000001,0.0,0.07808371123177772,0,1,0.03,0.0,1,1,,
1784,1.784,0.0,0.07427552369788386,0,1,0.03,0.0,1,1,,
1785,1.7850000000000001,0.0,0.07065306366162721,0,1,0.03,0.0,1,1,,
1786,1.786,0.0,0.06720727308606196,0,1,0.03,0.0,1,1,,
1787,1.7870000000000001,0.0,0.06392953569991705,0,1,0.03,0.0,1,1,,
1788,1.788,0.0,0.06081165545242995,0,1,0.03,0.0,1,1,,
1789,1.7890000000000001,0.0,0.057845836018950644,0,1,0.03,0.0,1,1,,
1790,1.79,0.0,0.055024661306069096,0,1,0.03,0.0,1,1,,
1791,1.7910000000000001,0.0,0.05234107690751881,0,1,0.03,0.0,1,1,,
1792,1.792,0.0,0.04978837246448673,0,1,0.03,0.0,1,1,,
1793,1.793,0.0,0.04736016488622091,0,1,0.03,0.0,1,1,,
1794,1.794,0.0,0.04505038238897884,0,1,0.03,0.0,1,1,,
1795,1.795,0.0,0.04285324931340544,0,1,0.03,0.0,1,1,,
1796,1.796,0.0,0.04076327168237628,0,1,0.03,0.0,1,1,,
1797,1.797,0.0,0.03877522346319304,0,1,0.03,0.0,1,1,,
1798,1.798,0.0,0.036884133499779696,0,1,0.03,0.0,1,1,,
1799,1.799,0.0,0.035085273082202946,0,1,0.03,0.0,1,1,,
1800,1.8,0.0,0.0333741441224343,0,1,0.03,0.0,1,1,3.6123185772076485,3.5500373006158386
1801,1.801,0.0,0.03174646790678707,0,1,0.03,0.0,1,1,,
1802,1.802,0.0,0.030198174396903452,0,1,0.03,0.0,1,1,,
1803,1.803,0.0,0.028725392052538667,0,1,0.03,0.0,1,1,,
1804,1.804,0.0,0.02732443815069374,0,1,0.03,0.0,1,1,,
1805,1.805,0.0,0.025991809576889763,0,1,0.03,0.0,1,1,,
1806,1.806,0.0,0.024724174065556995,0,1,0.03,0.0,1,1,,
1807,1.807,0.0,0.02351836186763526,0,1,0.03,0.0,1,1,,
1808,1.808,0.0,0.022371357824550225,0,1,0.03,0.0,1,1,,
1809,1.809,0.0,0.021280293828746456,0,1,0.03,0.0,1,1,,
1810,1.81,0.0,0.020242441651924587,0,1,0.03,0.0,1,1,,
1811,1.811,0.0,0.01925520612304951,0,1,0.03,0.0,1,1,,
1812,1.812,0.0,0.018316118639071007,0,1,0.03,0.0,1,1,,
1813,1.813,0.0,0.017422830992130316,0,1,0.03,0.0,1,1,,
1814,1.814,0.0,0.016573109497817325,0,1,0.03,0.0,1,1,,
1815,1.815,0.0,0.01576482940979609,0,1,0.03,0.0,1,1,,
1816,1.816,0.0,0.014995969606832266,0,1,0.03,0.0,1,1,,
1817,1.817,0.0,0.014264607538937255,0,1,0.03,0.0,1,1,,
1818,1.818,0.0,0.013568914419991831,0,1,0.03,0.0,1,1,,
1819,1.819,0.0,0.012907150654828269,0,1,0.03,0.0,1,1,,
1820,1.82,0.0,0.012277661489336308,0,1,0.03,0.0,1,1,,
1821,1.821,0.0,0.011678872872715955,0,1,0.03,0.0,1,1,,
1822,1.822,0.0,0.011109287521530599,0,1,0.03,0.0,1,1,,
1823,1.823,0.0,0.010567481175718514,0,1,0.03,0.0,1,1,,
1824,1.824,0.0,0.010052099037200852,0,1,0.03,0.0,1,1,,
1825,1.825,0.0,0.009561852382180748,0,1,0.03,0.0,1,1,,
1826,1.826,0.0,0.009095515338662574,0,1,0.03,0.0,1,1,,
1827,1.827,0.0,0.008651921821133416,0,1,0.03,0.0,1,1,,
1828,1.828,0.0,0.008229962614741909,0,1,0.03,0.0,1,1,,
1829,1.829,0.0,0.007828582601683337,0,1,0.03,0.0,1,1,,
1830,1.83,0.0,0.007446778122855544,0,1,0.03,0.0,1,1,,
1831,1.831,0.0,0.007083594468188386,0,1,0.03,0.0,1,1,,
1832,1.832,0.0,0.00673812348937128,0,1,0.03,0.0,1,1,,
1833,1.833,0.0,0.0064095013290093854,0,1,0.03,0.0,1,1,,
1834,1.834,0.0,0.006096906260530159,0,1,0.03,0.0,1,1,,
1835,1.835,0.0,0.005799556633438904,0,1,0.03,0.0,1,1,,
1836,1.836,0.0,0.005516708918785387,0,1,0.03,0.0,1,1,,
1837,1.837,0.0,0.0052476558499541795,0,1,0.03,0.0,1,1,,
1838,1.838,0.0,0.0049917246541297195,0,1,0.03,0.0,1,1,,
1839,1.839,0.0,0.004748275370013839,0,1,0.03,0.0,1,1,,
1840,1.84,0.0,0.004516699247589179,0,1,0.03,0.0,1,1,,
1841,1.841,0.0,0.004296417225927063,0,1,0.03,0.0,1,1,,
1842,1.842,0.0,0.004086878485233554,0,1,0.03,0.0,1,1,,
1843,1.843,0.0,0.0038875590695130638,0,1,0.03,0.0,1,1,,
1844,1.844,0.0,0.003697960576405443,0,1,0.03,0.0,1,1,,
1845,1.845,0.0,0.003517608910920478,0,1,0.03,0.0,1,1,,
1846,1.846,0.0,0.00334605309995347,0,1,0.03,0.0,1,1,,
1847,1.847,0.0,0.0031828641646175692,0,1,0.03,0.0,1,1,,
1848,1.848,0.0,0.0030276340475731164,0,1,0.03,0.0,1,1,,
1849,1.849,0.0,0.002879974592671743,0,1,0.03,0.0,1,1,,
1850,1.85,0.0,0.0027395165743638204,0,1,0.03,0.0,1,1,,
1851,1.851,0.0,0.0026059087744422643,0,1,0.03,0.0,1,1,,
1852,1.852,0.0,0.002478817103814076,0,1,0.03,0.0,1,1,,
1853,1.853,0.0,0.0023579237671035903,0,1,0.03,0.0,1,1,,
1854,1.854,0.0,0.002242926467998504,0,1,0.03,0.0,1,1,,
1855,1.855,0.0,0.002133537653351636,0,1,0.03,0.0,1,1,,
1856,1.856,0.0,0.0020294837941482805,0,1,0.03,0.0,1,1,,
1857,1.857,0.0,0.0019305047015411943,0,1,0.03,0.0,1,1,,
1858,1.858,0.0,0.0018363528762429528,0,1,0.03,0.0,1,1,,
1859,1.859,0.0,0.001746792889648815,0,1,0.03,0.0,1,1,,
1860,1.86,0.0,0.0016616007951425814,0,1,0.03,0.0,1,1,,
1861,1.861,0.0,0.0015805635681134065,0,1,0.03,0.0,1,1,,
1862,1.862,0.0,0.0015034785732833107,0,1,0.03,0.0,1,1,,
1863,1.863,0.0,0.0014301530580134382,0,1,0.03,0.0,1,1,,
1864,1.864,0.0,0.0013604036703220592,0,1,0.03,0.0,1,1,,
1865,1.865,0.0,0.0012940560004091114,0,1,0.03,0.0,1,1,,
1866,1.866,0.0,0.0012309441445408546,0,1,0.03,0.0,1,1,,
1867,1.867,0.0,0.001170910290204121,0,1,0.03,0.0,1,1,,
1868,1.868,0.0,0.0011138043214928301,0,1,0.03,0.0,1,1,,
1869,1.869,0.0,0.001059483443740033,0,1,0.03,0.0,1,1,,
1870,1.87,0.0,0.0010078118264568662,0,1,0.03,0.0,1,1,,
1871,1.871,0.0,0.0009586602636855783,0,1,0.03,0.0,1,1,,
1872,1.872,0.0,0.0009119058509173354,0,1,0.03,0.0,1,1,,
1873,1.873,0.0,0.0008674316777669308,0,1,0.03,0.0,1,1,,
1874,1.874,0.0,0.0008251265356359264,0,1,0.03,0.0,1,1,,
1875,1.875,0.0,0.0007848846396332302,0,1,0.03,0.0,1,1,,
1876,1.8760000000000001,0.0,0.0007466053640577679,0,1,0.03,0.0,1,1,,
1877,1.877,0.0,0.0007101929907818166,0,1,0.03,0.0,1,1,,
1878,1.8780000000000001,0.0,0.0006755564699058283,0,1,0.03,0.0,1,1,,
1879,1.879,0.0,0.000642609192086255,0,1,0.03,0.0,1,1,,
1880,1.8800000000000001,0.0,0.0006112687719670772,0,1,0.03,0.0,1,1,,
1881,1.881,0.0,0.000581456842173501,0,1,0.03,0.0,1,1,,
1882,1.8820000000000001,0.0,0.0005530988573527019,0,1,0.03,0.0,1,1,,
1883,1.883,0.0,0.0005261239077716132,0,1,0.03,0.0,1,1,,
1884,1.8840000000000001,0.0,0.0005004645420056583,0,1,0.03,0.0,1,1,,
1885,1.885,0.0,0.00047605659827505573,0,1,0.03,0.0,1,1,,
1886,1.8860000000000001,0.0,0.0004528390440069489,0,1,0.03,0.0,1,1,,
1887,1.887,0.0,0.0004307538232221835,0,1,0.03,0.0,1,1,,
1888,1.8880000000000001,0.0,0.0004097457113651199,0,1,0.03,0.0,1,1,,
1889,1.889,0.0,0.0003897621772134787,0,1,0.03,0.0,1,1,,
1890,1.8900000000000001,0.0,0.00037075325152292264,0,1,0.03,0.0,1,1,,
1891,1.891,0.0,0.0003526714020779182,0,1,0.03,0.0,1,1,,
1892,1.8920000000000001,0.0,0.00033547141483643804,0,1,0.03,0.0,1,1,,
1893,1.893,0.0,0.00031911028087130527,0,1,0.03,0.0,1,1,,
1894,1.8940000000000001,0.0,0.0003035470888254729,0,1,0.03,0.0,1,1,,
1895,1.895,0.0,0.0002887429226123217,0,1,0.03,0.0,1,1,,
1896,1.8960000000000001,0.0,0.000274660764105173,0,1,0.03,0.0,1,1,,
1897,1.897,0.0,0.0002612654005726901,0,1,0.03,0.0,1,1,,
1898,1.8980000000000001,0.0,0.00024852333662870853,0,1,0.03,0.0,1,1,,
1899,1.899,0.0,0.00023640271047632364,0,1,0.03,0.0,1,1,,
1900,1.9000000000000001,0.0,0.00022487321423680226,0,1,0.03,0.0,1,1,3.521507615927134,3.563083523047773
1901,1.901,0.0,0.0002139060181640992,0,1,0.03,0.0,1,1,,
1902,1.9020000000000001,0.0,0.00020347369855547537,0,1,0.03,0.0,1,1,,
1903,1.903,0.0,0.0001935501691779566,0,1,0.03,0.0,1,1,,
1904,1.9040000000000001,0.0,0.0001841106160391635,0,1,0.03,0.0,1,1,,
1905,1.905,0.0,0.00017513143533940542,0,1,0.03,0.0,1,1,,
1906,1.9060000000000001,0.0,0.00016659017444988663,0,1,0.03,0.0,1,1,,
1907,1.907,0.0,0.00015846547576943922,0,1,0.03,0.0,1,1,,
1908,1.9080000000000001,0.0,0.0001507370233193955,0,1,0.03,0.0,1,1,,
1909,1.909,0.0,1.000143385491943,0,1,0.03,0.0,1,1,,
1910,1.9100000000000001,0.0,0.9513658169996967,0,1,0.03,0.0,1,1,,
1911,1.911,0.0,0.9049671585942731,0,1,0.03,0.0,1,1,,
1912,1.9120000000000001,0.0,0.8608313894616768,0,1,0.03,0.0,1,1,,
1913,1.913,0.0,0.8188481471897808,0,1,0.03,0.0,1,1,,
1914,1.9140000000000001,0.0,0.7789124518048112,0,1,0.03,0.0,1,1,,
1915,1.915,0.0,0.7409244432667307,0,1,0.03,0.0,1,1,,
1916,1.9160000000000001,0.0,0.7047891317671242,0,1,0.03,0.0,1,1,,
1917,1.917,0.0,0.6704161602051995,0,1,0.03,0.0,1,1,,
1918,1.9180000000000001,0.0,0.6377195782479703,0,1,0.03,0.0,1,1,,
1919,1.919,0.0,0.6066176274096549,0,1,0.03,0.0,1,1,,
1920,1.92,0.0,0.5770325366128746,0,1,0.03,0.0,1,1,,
1921,1.921,0.0,0.5488903277204519,0,1,0.03,0.0,1,1,,
1922,1.922,0.0,0.5221206305515338,0,1,0.03,0.0,1,1,,
1923,1.923,0.0,0.49665650691948543,0,1,0.03,0.0,1,1,,
1924,1.924,0.0,0.472434283251557,0,1,0.03,0.0,1,1,,
1925,1.925,0.0,0.4493933913717859,0,1,0.03,0.0,1,1,,
1926,1.926,0.0,0.42747621704900807,0,1,0.03,0.0,1,1,,
1927,1.927,0.0,0.40662795593127027,0,1,0.03,0.0,1,1,,
1928,1.928,0.0,0.3867964765064039,0,1,0.03,0.0,1,1,,
1929,1.929,0.0,0.36793218974609054,0,1,0.03,0.0,1,1,,
1930,1.93,0.0,0.34998792510746124,0,1,0.03,0.0,1,1,,
1931,1.931,0.0,0.3329188125821694,0,1,0.03,0.0,1,1,,
1932,1.932,0.0,0.316682170497998,0,1,0.03,1.0,1,1,,
1933,1.933,0.0,0.30123739879244765,0,1,0.03,0.951229424500714,1,1,,
1934,1.934,0.0,0.28654587749143207,0,1,0.03,0.9048374180359596,1,1,,
1935,1.935,0.0,0.27257087013922704,0,1,0.03,0.8607079764250579,1,1,,
1936,1.936,0.0,0.2592774319381958,0,1,0.03,0.8187307530779819,1,1,,
1937,1.937,0.0,0.24663232236859303,0,1,0.03,0.778800783071405,1,1,,
1938,1.938,0.0,0.23460392206995132,0,1,0.03,0.740818220681718,1,1,,
1939,1.939,0.0,0.22316215377621015,0,1,0.03,0.7046880897187136,1,1,,
1940,1.94,0.0,0.21227840710688423,0,1,0.03,0.6703200460356394,1,1,,
1941,1.941,0.0,0.20192546702620975,0,1,0.03,0.6376281516217734,1,1,,
1942,1.942,0.0,0.19207744579137942,0,1,0.03,0.6065306597126335,1,1,,
1943,1.943,0.0,0.18270971821970095,0,1,0.03,0.5769498103804868,1,1,,
1944,1.944,0.0,0.17379886011281376,0,1,0.03,0.5488116360940265,1,1,,
1945,1.945,0.0,0.16532258968399194,0,1,0.03,0.5220457767610162,1,1,,
1946,1.946,0.0,0.15725971184207133,0,1,0.03,0.49658530379140964,1,1,,
1947,1.947,0.0,0.14959006519268161,0,1,0.03,0.4723665527410148,1,1,,
1948,1.948,0.0,0.14229447162425882,0,1,0.03,0.4493289641172217,1,1,,
1949,1.949,0.0,0.1353546883527769,0,1,0.03,0.42741493194872676,1,1,,
1950,1.95,0.0,0.12875336230528547,0,1,0.03,0.4065696597405992,1,1,,
1951,1.951,0.0,0.12247398672818863,0,1,0.03,0.3867410234545013,1,1,,
1952,1.952,0.0,0.11650085991176296,0,1,0.03,0.3678794411714424,1,1,,
1953,1.953,0.0,0.11081904592770458,0,1,0.03,0.34993774911115544,1,1,,
1954,1.954,0.0,0.10541433728152863,0,1,0.03,0.33287108369807966,1,1,,
1955,1.955,0.0,0.10027321938643265,0,1,0.03,0.31663676937905333,1,1,,
1956,1.956,0.0,0.09538283676979016,0,1,0.03,0.3011942119122022,1,1,,
1957,1.957,0.0,0.09073096092777304,0,1,0.03,0.2865047968601902,1,1,,
1958,1.958,0.0,0.08630595974772232,0,1,0.03,0.2725317930340127,1,1,,
1959,1.959,0.0,0.08209676842180769,0,1,0.03,0.2592402606458916,1,1,,
1960,1.96,0.0,0.07809286177924452,0,1,0.03,0.24659696394160657,1,1,,
1961,1.961,0.0,0.07428422796788457,0,1,0.03,0.23457028809379774,1,1,,
1962,1.962,0.0,0.07066134341937069,0,1,0.03,0.2231301601484299,1,1,,
1963,1.963,0.0,0.0672151490352553,0,1,0.03,0.21224797382674312,1,1,,
1964,1.964,0.0,0.06393702753453562,0,1,0.03,0.20189651799465547,1,1,,
1965,1.965,0.0,0.06081878190596262,0,1,0.03,0.19204990862075416,1,1,,
1966,1.966,0.0,0.05785261491124326,0,1,0.03,0.1826835240527347,1,1,,
1967,1.967,0.0,0.05503110958788335,0,1,0.03,0.17377394345044517,1,1,,
1968,1.968,0.0,0.052347210702918,0,1,0.03,0.1652988882215866,1,1,,
1969,1.969,0.0,0.04979420711115431,0,1,0.03,0.15723716631362766,1,1,,
1970,1.97,0.0,0.04736571497381267,0,1,0.03,0.1495686192226351,1,1,,
1971,1.971,0.0,0.04505566179560468,0,1,0.03,0.14227407158651362,1,1,,
1972,1.972,0.0,0.04285827124033185,0,1,0.03,0.13533528323661273,1,1,,
1973,1.973,0.0,0.040768048687036366,0,1,0.03,0.12873490358780426,1,1,,
1974,1.974,0.0,0.038779767490586696,0,1,0.03,0.12245642825298195,1,1,,
1975,1.975,0.0,0.03688845591234228,0,1,0.03,0.116484157773497,1,1,,
1976,1.976,0.0,0.035089384688217304,0,1,0.03,0.11080315836233391,1,1,,
1977,1.977,0.0,0.03337805520305711,0,1,0.03,0.10539922456186436,1,1,,
1978,1.978,0.0,0.03175018824175708,0,1,0.03,0.10025884372280376,1,1,,
1979,1.979,0.0,0.030201713288995923,0,1,0.03,0.09536916221554964,1,1,,
1980,1.98,0.0,0.02872875835082716,0,1,0.03,0.09071795328941253,1,1,,
1981,1.981,0.0,0.027327640272677402,0,1,0.03,0.08629358649937054,1,1,,
1982,1.982,0.0,0.02599485552954146,0,1,0.03,0.08208499862389881,1,1,,
1983,1.983,0.0,0.024727071465344926,0,1,0.03,0.07808166600115317,1,1,,
1984,1.984,0.0,0.023521117959568082,0,1,0.03,0.07427357821433389,1,1,,
1985,1.985,0.0,0.022373979500293354,0,1,0.03,0.0706512130604296,1,1,,
1986,1.986,0.0,0.02128278764385482,0,1,0.03,0.06720551273974977,1,1,,
1987,1.987,0.0,0.020244813842234928,0,1,0.03,0.06392786120670758,1,1,,
1988,1.988,0.0,0.01925746262027322,0,1,0.03,0.06081006262521798,1,1,,
1989,1.989,0.0,0.01831826508562651,0,1,0.03,0.05784432087483848,1,1,,
1990,1.99,0.0,0.01742487275525203,0,1,0.03,0.055023220056407245,1,1,,
1991,1.991,0.0,0.016575051682976558,0,1,0.03,0.05233970594843241,1,1,,
1992,1.992,0.0,0.015766676873467382,0,1,0.03,0.04978706836786396,1,1,,
1993,1.993,0.0,0.014997726968637095,0,1,0.03,0.047358924391140936,1,1,,
1994,1.994,0.0,0.014266279193195503,0,1,0.03,0.04504920239355782,1,1,,
1995,1.995,0.0,0.013570504546709869,0,1,0.03,0.042852126867040194,1,1,,
1996,1.996,0.0,0.012908663230151152,0,1,0.03,0.04076220397836623,1,1,,
1997,1.997,0.0,0.012279100295490208,0,1,0.03,0.03877420783172203,1,1,,
1998,1.998,0.0,0.011680241507465699,0,1,0.03,0.03688316740124002,1,1,,
1999,1.999,0.0,0.01111058940717595,0,1,0.03,0.03508435410084504,1,1,,
2000,2.0,0.0,0.010568719567651708,0,1,0.0,0.033373269960326093,0,1,3.3009225405690388,3.5780407792356206
2001,2.001,0.0,0.010053277032046769,0,1,0.0,0.03174563637806796,0,1,,
2002,2.0020000000000002,0.0,0.009562972925540094,0,1,0.0,0.030197383422318518,0,1,,
2003,2.003,0.0,0.009096581232477413,0,1,0.0,0.028724639654239447,0,1,,
2004,2.004,0.0,0.008652935730693485,0,1,0.0,0.02732372244729258,0,1,,
2005,2.005,0.0,0.00823092707534923,0,1,0.0,0.02599112877875536,0,1,,
2006,2.0060000000000002,0.0,0.007829500024991793,0,1,0.0,0.02472352647033941,0,1,,
2007,2.007,0.0,0.007447650802901269,0,1,0.0,0.023517745856009124,0,1,,
2008,2.008,0.0,0.007084424587126055,0,1,0.0,0.02237077185616561,0,1,,
2009,2.009,0.0,0.006738913122930626,0,1,0.0,0.021279736438377186,0,1,,
2010,2.0100000000000002,0.0,0.006410252451685609,0,1,0.0,0.020241911445804405,0,1,,
2011,2.011,0.0,0.006097620750521193,0,1,0.0,0.01925470177538694,0,1,,
2012,2.012,0.0,0.005800236277341886,0,1,0.0,0.018315638888734196,0,1,,
2013,2.013,0.0,0.005517355416064086,0,1,0.0,0.017422374639493525,0,1,,
2014,2.0140000000000002,0.0,0.0052482708171885375,0,1,0.0,0.01657267540176126,0,1,,
2015,2.015,0.0,0.0049923096290581444,0,1,0.0,0.015764416484854504,0,1,,
2016,2.016,0.0,0.004748831815378352,0,1,0.0,0.014995576820477719,0,1,,
2017,2.017,0.0,0.004517228554793031,0,1,0.0,0.014264233908999268,0,1,,
2018,2.0180000000000002,0.0,0.004296920718513967,0,1,0.0,0.013568559012200944,0,1,,
2019,2.019,0.0,0.004087357422197235,0,1,0.0,0.012906812580479881,0,1,,
2020,2.02,0.0,0.003888014648445398,0,1,0.0,0.012277339903068453,0,1,,
2021,2.021,0.0,0.0036983939364910617,0,1,0.0,0.011678566970395456,0,1,,
2022,2.0220000000000002,0.0,0.0035180211357853227,0,1,0.0,0.011108996538242316,0,1,,
2023,2.023,0.0,0.003346445220374421,0,1,0.0,0.010567204383852663,0,1,,
2024,2.024,0.0,0.0031832371610999257,0,1,0.0,0.010051835744633591,0,1,,
2025,2.025,0.0,0.003027988852802369,0,1,0.0,0.009561601930543517,0,1,,
2026,2.0260000000000002,0.0,0.002880312093845775,0,1,0.0,0.009095277101695826,0,1,,
2027,2.027,0.0,0.002739837615411363,0,1,0.0,0.008651695203120643,0,1,,
2028,2.028,0.0,0.0026062141581331597,0,1,0.0,0.008229747049020037,0,1,,
2029,2.029,0.0,0.0024791075937666183,0,1,0.0,0.007828377549225779,0,1,,
2030,2.0300000000000002,0.0,0.00235820008969397,0,1,0.0,0.007446583070924348,0,1,,
2031,2.031,0.0,0.0022431893141771275,0,1,0.0,0.007083408929052127,0,1,,
2032,2.032,0.0,0.00213378768037086,0,1,0.0,0.006737946999085474,0,1,,
2033,2.033,0.0,0.002029721627205887,0,1,0.0,0.006409333446256388,0,1,,
2034,2.0340000000000003,0.0,0.0019307309353437086,0,1,0.0,0.006096746565515642,0,1,,
2035,2.035,0.0,0.0018365680764927212,0,1,0.0,0.005799404726842149,0,1,,
2036,2.036,0.0,0.0017469975944585546,0,1,0.0,0.0055165644207607785,0,1,,
2037,2.037,0.0,0.0016617955163809425,0,1,0.0,0.00524751839918139,0,1,,
2038,2.0380000000000003,0.0,0.0015807487926849109,0,1,0.0,0.004991593906910221,0,1,,
2039,2.039,0.0,0.0015036547643458662,0,1,0.0,0.00474815099941148,0,1,,
2040,2.04,0.0,0.0014303206561364751,0,1,0.0,0.004516580942612672,0,1,,
2041,2.041,0.0,0.001360563094588183,0,1,0.0,0.004296304690752344,0,1,,
2042,2.0420000000000003,0.0,0.001294207649462028,0,1,0.0,0.00408677143846407,0,1,,
2043,2.043,0.0,0.0012310883975821865,0,1,0.0,0.0038874572434761325,0,1,,
2044,2.044,0.0,0.0011710475079416095,0,1,0.0,0.0036978637164829338,0,1,,
2045,2.045,0.0,0.0011139348470422924,0,1,0.0,0.0035175167749121328,0,1,,
2046,2.0460000000000003,0.0,0.0010596076034833308,0,1,0.0,0.0033459654574712755,0,1,,
2047,2.047,0.0,0.0010079299308580294,0,1,0.0,0.0031827807965096695,0,1,,
2048,2.048,0.0,0.0009587726080671278,0,1,0.0,0.003027554745375817,0,1,,
2049,2.049,0.0,0.0009120127161987426,0,1,0.0,0.0028798991580882443,0,1,,
2050,2.05,0.0,0.0008675333311670629,0,1,0.0,0.0027394448187683714,0,1,,
2051,2.051,0.0,0.0008252232313412327,0,1,0.0,0.002605840518408501,0,1,,
2052,2.052,0.0,0.0007849766194333403,0,1,0.0,0.0024787521766663607,0,1,,
2053,2.053,0.0,0.0007466928579500922,0,1,0.0,0.0023578620064902346,0,1,,
2054,2.054,0.0,0.0007102762175466596,0,1,0.0,0.0022428677194858047,0,1,,
2055,2.055,0.0,0.000675635637653453,0,1,0.0,0.0021334817700377107,0,1,,
2056,2.056,0.0,0.000642684498777267,0,1,0.0,0.002029430636295736,0,1,,
2057,2.057,0.0,0.0006113404059074296,0,1,0.0,0.001930454136227711,0,1,,
2058,2.058,0.0,0.0005815249824853571,0,1,0.0,0.0018363047770289086,0,1,,
2059,2.059,0.0,0.000553163674422334,0,1,0.0,0.0017467471362611208,0,1,,
2060,2.06,0.0,0.0005261855636754571,0,1,0.0,0.001661557273173936,0,1,,
2061,2.061,0.0,0.0005005231909155889,0,1,0.0,0.0015805221687362188,0,1,,
2062,2.062,0.0,0.00047611238684389665,0,1,0.0,0.0015034391929775739,0,1,,
2063,2.063,0.0,0.00045289211173518115,0,1,0.0,0.0014301155983078755,0,1,,
2064,2.064,0.0,0.0004308043028067694,0,1,0.0,0.0013603680375478947,0,1,,
2065,2.065,0.0,0.00040979372903131463,0,1,0.0,0.0012940221054658495,0,1,,
2066,2.066,0.0,0.000389807853030459,0,1,0.0,0.0012309119026734823,0,1,,
2067,2.067,0.0,0.0003707966997040224,0,1,0.0,0.0011708796207911755,0,1,,
2068,2.068,0.0,0.0003527127312662213,0,1,0.0,0.0011137751478448041,0,1,,
2069,2.069,0.0,1.0003355107283765,0,1,0.0,0.0010594556929076108,0,1,,
2070,2.07,0.0,0.9515485721777813,0,1,0.0,0.0010077854290485118,0,1,,
2071,2.071,0.0,0.9051410006971471,0,1,0.0,0.0009586351536940209,0,1,,
2072,2.072,0.0,0.8609967531851476,0,1,0.0,0.0009118819655545171,0,1,,
2073,2.073,0.0,0.8190054460292913,0,1,0.0,0.0008674089573070033,0,1,,
2074,2.074,0.0,0.7790620790893933,0,1,0.0,0.0008251049232659051,0,1,,
2075,2.075,0.0,0.7410667731425333,0,1,0.0,0.0007848640813109327,0,1,,
2076,2.076,0.0,0.7049245201329731,0,1,0.0,0.0007465858083766802,0,1,,
2077,2.077,0.0,0.67054494560253,0,1,0.0,0.0007101743888425498,0,1,,
2078,2.078,0.0,0.6378420827073572,0,1,0.0,0.0006755387751938449,0,1,,
2079,2.079,0.0,0.6067341572560562,0,1,0.0,0.0006425923603555583,0,1,,
2080,2.08,0.0,0.5771433832316041,0,1,0.0,0.0006112527611295732,0,1,,
2081,2.081,0.0,0.5489957682857938,0,1,0.0,0.0005814416121937563,0,1,,
2082,2.082,0.0,0.522220928719823,0,1,0.0,0.0005530843701478342,0,1,,
2083,2.083,0.0,0.4967519134883856,0,1,0.0,0.0005261101271160642,0,1,,
2084,2.084,0.0,0.4725250367871855,0,1,0.0,0.0005004514334406113,0,1,,
2085,2.085,0.0,0.44947971880525317,0,1,0.0,0.00047604412902227004,0,1,,
2086,2.086,0.0,0.42755833424386375,0,1,0.0,0.0004528271828867976,0,1,,
2087,2.087,0.0,0.40670606822327443,0,1,0.0,0.00043074254057568807,0,1,,
2088,2.088,0.0,0.3868707792169735,0,1,0.0,0.00040973497897978724,0,1,,
2089,2.089,0.0,0.3680028686707045,0,1,0.0,0.0003897519682527552,0,1,,
2090,2.09,0.0,0.3500551569802461,0,1,0.0,0.00037074354045908887,0,1,,
2091,2.091,0.0,0.3329827655178266,0,1,0.0,0.0003526621646282563,0,1,,
2092,2.092,0.0,0.3167430044121784,0,1,0.0,0.0003354626279025123,0,1,,
2093,2.093,0.0,0.3012952658016236,0,1,0.0,0.0003191019224812039,0,1,,
2094,2.094,0.0,0.28660092229326806,0,1,0.0,0.00030353913807886705,0,1,,
2095,2.095,0.0,0.27262323037439923,0,1,0.0,0.00028873535962820344,0,1,,
2096,2.096,0.0,0.25932723853456535,0,1,0.0,0.00027465356997214265,0,1,,
2097,2.097,0.0,0.24667969986859398,0,1,0.0,0.0002612585573016678,0,1,,
2098,2.098,0.0,0.2346489889420115,0,1,0.0,0.0002485168271079523,0,1,,
2099,2.099,0.0,0.223205022710984,0,1,0.0,0.00023639651842864088,0,1,,
2100,2.1,0.0,0.21231918529903812,0,1,0.0,0.0002248673241788485,0,1,2.697179301352309,3.5851451914495955
2101,2.101,0.0,0.2019642564424645,0,1,0.0,0.00021390041536766154,0,1,,
2102,2.102,0.0,0.19211434342548012,0,1,0.0,0.00020346836901064436,0,1,,
2103,2.103,0.0,0.182744816334952,0,1,0.0,0.00019354509955809415,0,1,,
2104,2.104,0.0,0.17383224647278506,0,1,0.0,0.0001841057936675793,0,1,,
2105,2.105,0.0,0.1653543477719736,0,1,0.0,0.00017512684815765867,0,1,,
2106,2.106,0.0,0.15728992106982537,0,1,0.0,0.0001665858109876336,0,1,,
2107,2.107,0.0,0.1496188010990127,0,1,0.0,0.00015846132511575142,0,1,,
2108,2.108,0.0,0.14232180606390066,0,1,0.0,0.00015073307509547677,0,1,,
2109,2.109,0.0,0.13538068967606645,0,1,0.0,0.00014338173627629329,0,1,,
2110,2.11,0.0,0.12877809552907443,0,1,0.0,0.00013638892648201162,0,1,,
2111,2.111,0.0,0.12249751369841945,0,1,0.0,0.0001297371600457541,0,1,,
2112,2.112,0.0,0.11652323945811587,0,1,0.0,0.0001234098040866797,0,1,,
2113,2.113,0.0,0.11084033401070245,0,1,0.0,0.0001173910369191182,0,1,,
2114,2.114,0.0,0.10543458713246741,0,1,0.0,0.00011166580849011487,0,1,,
2115,2.115,0.0,0.10029248164048736,0,1,0.0,0.00010621980274645891,0,1,,
2116,2.116,0.0,0.09540115959262922,0,1,0.0,0.00010103940183709347,0,1,,
2117,2.117,0.0,0.09074839013599746,0,1,0.0,9.611165206139482e-05,0,1,,
2118,2.118,0.0,0.08632253892343114,0,1,0.0,9.142423147817346e-05,0,1,,
2119,2.119,0.0,0.08211253902157589,0,1,0.0,8.6965419094403e-05,0,1,,
2120,2.12,0.0,0.07810786323778605,0,1,0.0,8.272406555663236e-05,0,1,,
2121,2.121,0.0,0.0742984977966597,0,1,0.0,7.868956527179474e-05,0,1,,
2122,2.122,0.0,0.07067491730038418,0,1,0.0,7.485182988770068e-05,0,1,,
2123,2.123,0.0,0.06722806091028,0,1,0.0,7.120126306690287e-05,0,1,,
2124,2.124,0.0,0.0639493096899846,0,1,0.0,6.772873649085395e-05,0,1,,
2125,2.125,0.0,0.06083046505362198,0,1,0.0,6.442556703435551e-05,0,1,,
2126,2.126,0.0,0.05786372826506763,0,1,0.0,6.128349505322216e-05,0,1,,
2127,2.1270000000000002,0.0,0.05504168093704598,0,1,0.0,5.829466373086887e-05,0,1,,
2128,2.128,0.0,0.05235726648129817,0,1,0.0,5.545159943217704e-05,0,1,,
2129,2.129,0.0,0.04980377246343578,0,1,0.0,5.2747193015513886e-05,0,1,,
2130,2.13,0.0,0.04737481381835852,0,1,0.0,5.017468205617536e-05,0,1,,
2131,2.1310000000000002,0.0,0.04506431688426565,0,1,0.0,4.7727633936801984e-05,0,1,,
2132,2.132,0.0,0.042866504215337824,0,1,0.0,4.53999297624849e-05,0,1,,
2133,2.133,0.0,0.04077588013511323,0,1,0.0,4.318574906034135e-05,0,1,,
2134,2.134,0.0,0.038787216994433854,0,1,0.0,4.107955522530075e-05,0,1,,
2135,2.1350000000000002,0.0,0.03689554209959963,0,1,0.0,3.907608167570813e-05,0,1,,
2136,2.136,0.0,0.035096125278044024,0,1,0.0,3.717031868412674e-05,0,1,,
2137,2.137,0.0,0.03338446705043878,0,1,0.0,3.5357500850410015e-05,0,1,,
2138,2.138,0.0,0.03175628737965193,0,1,0.0,3.363309518571902e-05,0,1,,
2139,2.1390000000000002,0.0,0.03020751496842559,0,1,0.0,3.199278977768924e-05,0,1,,
2140,2.14,0.0,0.028734277079012178,0,1,0.0,3.0432483008403662e-05,0,1,,
2141,2.141,0.0,0.02733288984931281,0,1,0.0,2.8948273298211574e-05,0,1,,
2142,2.142,0.0,0.025999849081303233,0,1,0.0,2.7536449349747182e-05,0,1,,
2143,2.1430000000000002,0.0,0.024731821478713494,0,1,0.0,2.6193480867753072e-05,0,1,,
2144,2.144,0.0,0.023525636312051033,0,1,0.0,2.4916009731503218e-05,0,1,,
2145,2.145,0.0,0.022378277490125404,0,1,0.0,2.3700841597751995e-05,0,1,,
2146,2.146,0.0,0.02128687601824927,0,1,0.0,2.2544937913212214e-05,0,1,,
2147,2.1470000000000002,0.0,0.020248702824257305,0,1,0.0,2.1445408316589184e-05,0,1,,
2148,2.148,0.0,0.019261161934404258,0,1,0.0,2.0399503411171956e-05,0,1,,
2149,2.149,0.0,0.018321783982078423,0,1,0.0,1.9404607889909453e-05,0,1,,
2150,2.15,0.0,0.017428220033098858,0,1,0.0,1.8458233995780585e-05,0,1,,
2151,2.1510000000000002,0.0,0.01657823571215644,0,1,0.0,1.7558015301105882e-05,0,1,,
2152,2.152,0.0,0.015769705615711758,0,1,0.0,1.670170079024568e-05,0,1,,
2153,2.153,0.0,0.015000607997379173,0,1,0.0,1.588714923088852e-05,0,1,,
2154,2.154,0.0,0.014269019712507798,0,1,0.0,1.5112323819855049e-05,0,1,,
2155,2.1550000000000002,0.0,0.013573111409318137,0,1,0.0,1.437528709002915e-05,0,1,,
2156,2.156,0.0,0.012911142954569767,0,1,0.0,1.3674196065680972e-05,0,1,,
2157,2.157,0.0,0.012281459082321849,0,1,0.0,1.3007297654067639e-05,0,1,,
2158,2.158,0.0,0.01168248525490608,0,1,0.0,1.2372924261788248e-05,0,1,,
2159,2.1590000000000003,0.0,0.011112723725762387,0,1,0.0,1.1769489624931757e-05,0,1,,
2160,2.16,0.0,0.010570749794292386,0,1,0.0,1.119548484259096e-05,0,1,,
2161,2.161,0.0,0.010055208243365787,0,1,0.0,1.0649474603824266e-05,0,1,,
2162,2.162,0.0,0.009564809950571674,0,1,0.0,1.0130093598630726e-05,0,1,,
2163,2.1630000000000003,0.0,0.009098328664740996,0,1,0.0,9.636043103963872e-06,0,1,,
2164,2.164,0.0,0.008654597939679928,0,1,0.0,9.166087736247627e-06,0,1,,
2165,2.165,0.0,0.008232508217446803,0,1,0.0,8.719052362273884e-06,0,1,,
2166,2.166,0.0,0.007831004053879322,0,1,0.0,1.0000082938191608,0,1,,
2167,2.1670000000000003,0.0,0.007449081479434386,0,1,0.0,0.9512373138255412,0,1,,
2168,2.168,0.0,0.007085785488741298,0,1,0.0,0.9048449225938746,0,1,,
2169,2.169,0.0,0.006740207652590895,0,1,0.0,0.8607151149813644,0,1,,
2170,2.17,0.0,0.006411483846389346,0,1,0.0,0.8187375434827892,0,1,,
2171,2.1710000000000003,0.0,0.006098792089396562,0,1,0.0,0.7788072423042618,0,1,,
2172,2.172,0.0,0.005801350489346198,0,1,0.0,0.7408243648940711,0,1,,
2173,2.173,0.0,0.00551841528730772,0,1,0.0,0.7046939342742943,0,1,,
2174,2.174,0.0,0.0052492789979016645,0,1,0.0,0.670325605548881,0,1,,
2175,2.1750000000000003,0.0,0.004993268640217685,0,1,0.0,0.6376334399943547,0,1,,
2176,2.176,0.0,0.0047497440550117315,0,1,0.0,0.6065356901682406,0,1,,
2177,2.177,0.0,0.004518096303974497,0,1,0.0,0.5769545954978789,0,1,,
2178,2.178,0.0,0.004297746147068463,0,1,0.0,0.5488161878384895,0,1,,
2179,2.179,0.0,0.004088142594126095,0,1,0.0,0.5220501065142822,0,1,,
2180,2.18,0.0,0.0038887615270874216,0,1,0.0,0.4965894223801171,0,1,,
2181,2.181,0.0,0.003699104389431886,0,1,0.0,0.4723704704637808,0,1,,
2182,2.182,0.0,0.003518696939527358,0,1,0.0,0.44933269077039373,0,1,,
2183,2.183,0.0,0.003347088064779032,0,1,0.0,0.4274184768508789,0,1,,
2184,2.184,0.0,0.0031838486536129675,0,1,0.0,0.4065730317558333,0,1,,
2185,2.185,0.0,0.0030285705224736364,0,1,0.0,0.38674423101461186,0,1,,
2186,2.186,0.0,0.002880865395152424,0,1,0.0,0.36788249229700043,0,1,,
2187,2.187,0.0,0.0027403639318948625,0,1,0.0,0.34994065143156405,0,1,,
2188,2.188,0.0,0.002606714805858864,0,1,0.0,0.33287384447065166,0,1,,
2189,2.189,0.0,0.0024795838246146175,0,1,0.0,0.31663939550715814,0,1,,
2190,2.19,0.0,0.002358653094489442,0,1,0.0,0.301196709962528,0,1,,
2191,2.191,0.0,0.0022436202256680203,0,1,0.0,0.286507173079164,0,1,,
2192,2.192,0.0,0.002134197576060353,0,1,0.0,0.2725340533634196,0,1,,
2193,2.193,0.0,0.0020301115320467086,0,1,0.0,0.2592424107377325,0,1,,
2194,2.194,0.0,0.0019311018243010534,0,1,0.0,0.24659900917223104,0,1,,
2195,2.195,0.0,0.00183692087698217,0,1,0.0,0.23457223357734763,0,1,,
2196,2.196,0.0,0.0017473331886650964,0,1,0.0,0.22313201074962746,0,1,,
2197,2.197,0.0,0.0016621147434648972,0,1,0.0,0.21224973417305526,0,1,,
2198,2.198,0.0,0.0015810524508802662,0,1,0.0,0.2018981924878649,0,1,,
2199,2.199,0.0,0.001503943612956279,0,1,0.0,0.1920515014479661,0,1,,
2200,2.2,0.0,0.001430595417433926,0,1,0.0,0.18268503919684684,0,1,2.6986051653927157,3.5990777118136803
2201,2.201,0.0,0.0013608244556190321,0,1,0.0,0.173775384700107,0,1,,
2202,2.202,0.0,0.0012944562637649895,0,1,0.0,0.16530025918067298,0,1,,
2203,2.203,0.0,0.0012313248868225154,0,1,0.0,0.15723847041025044,0,1,,
2204,2.204,0.0,0.001171272463465588,0,1,0.0,0.14956985971771508,0,1,,
2205,2.205,0.0,0.0011141488313559048,0,1,0.0,0.14227525158193463,0,1,,
2206,2.206,0.0,0.0010598111516588204,0,1,0.0,0.13533640568297797,0,1,,
2207,2.207,0.0,0.0010081235518718586,0,1,0.0,0.1287359712918143,0,1,,
2208,2.208,0.0,0.0009589567860726838,0,1,0.0,0.12245744388445295,0,1,,
2209,2.209,0.0,0.0009121879117369733,0,1,0.0,0.11648512387203666,0,1,,
2210,2.21,0.0,0.0008676999823180692,0,1,0.0,0.11080407734369181,0,1,,
2211,2.211,0.0,0.0008253817548196967,0,1,0.0,0.10540009872397256,0,1,,
2212,2.212,0.0,0.0007851274116305295,0,1,0.0,0.10025967525152286,0,1,,
2213,2.213,0.0,0.0007468362959250438,0,1,0.0,0.09536995319013457,0,1,,
2214,2.214,0.0,0.0007104126599690243,0,1,0.0,0.09071870568771175,0,1,,
2215,2.215,0.0,0.0006757654257003564,0,1,0.0,0.08629430220277169,0,1,,
2216,2.216,0.0,0.00064280795698643,0,1,0.0,0.08208567942203321,0,1,,
2217,2.217,0.0,0.0006114578429886815,0,1,0.0,0.07808231359637076,0,1,,
2218,2.218,0.0,0.0005816366920925715,0,1,0.0,0.07427419422596003,0,1,,
2219,2.219,0.0,0.0005532699358877157,0,1,0.0,0.07065179902881422,0,1,,
2220,2.22,0.0,0.0005262866427080188,0,1,0.0,0.06720607013011905,0,1,,
2221,2.221,0.0,1.0005006193402655,0,1,0.0,0.06392839141282777,0,1,,
2222,2.222,0.0,0.9517056283476487,0,1,0.0,0.06081056697288055,0,1,,
2223,2.223,0.0,0.9052903971472243,0,1,0.0,0.057844800625175295,0,1,,
2224,2.224,0.0,0.861138863484377,0,1,0.0,0.055023676409044035,0,1,,
2225,2.225,0.0,0.8191406255274428,0,1,0.0,0.05234014004448847,0,1,,
2226,2.226,0.0,0.7791906658056243,0,1,0.0,0.049787481292805545,0,1,,
2227,2.227,0.0,0.7411890886106123,0,1,0.0,0.04735931717749548,0,1,,
2228,2.228,0.0,0.7050408702052814,0,1,0.0,0.0450495760234958,0,1,,
2229,2.229,0.0,0.6706556212148524,0,1,0.0,0.04285248227483108,0,1,,
2230,2.23,0.0,0.6379473606063729,0,1,0.0,0.040762542052714616,0,1,,
2231,2.231,0.0,0.6068343006913496,0,1,0.0,0.03877452941798988,0,1,,
2232,2.232,0.0,0.5772386426139257,0,1,0.0,0.03688347330356052,0,1,,
2233,2.233,0.0,0.5490863818132178,0,1,0.0,0.03508464508413332,0,1,,
2234,2.234,0.0,0.5223071229733665,0,1,0.0,0.033373546752191945,0,1,,
2235,2.235,0.0,0.496833903998579,0,1,0.0,0.031745899670635215,0,1,,
2236,2.236,0.0,0.47260302857301134,0,1,0.0,0.030197633873955743,0,1,,
2237,2.237,0.0,0.4495539068868001,0,1,0.0,0.028724877891206188,0,1,,
2238,2.238,0.0,0.4276289041299784,0,1,0.0,0.027323949065305345,0,1,,
2239,2.239,0.0,0.40677319637543036,0,1,0.0,0.025991344344477224,0,1,,
2240,2.24,0.0,0.38693463349051654,0,1,0.0,0.024723731522796957,0,1,,
2241,2.241,0.0,0.3680636087345788,0,1,0.0,0.02351794090794031,0,1,,
2242,2.242,0.0,0.3501129347162493,0,1,0.0,0.02237095739530186,0,1,,
2243,2.243,0.0,0.3330377254003939,0,1,0.0,0.02127991292866298,0,1,,
2244,2.244,0.0,0.3167952838696435,0,1,0.0,0.020242079328557393,0,1,,
2245,2.245,0.0,0.30134499555986133,0,1,0.0,0.01925486147040145,0,1,,
2246,2.246,0.0,0.2866482267025771,0,1,0.0,0.018315790795330942,0,1,,
2247,2.247,0.0,0.27266822772044264,0,1,0.0,0.017422519137518126,0,1,,
2248,2.248,0.0,0.25937004133414626,0,1,0.0,0.016572812852534043,0,1,,
2249,2.249,0.0,0.24672041515100634,0,1,0.0,0.015764547232073996,0,1,,
2250,2.25,0.0,0.234687718516669,0,1,0.0,0.01499570119108007,0,1,,
2251,2.251,0.0,0.22324186342199662,0,1,0.0,0.014264352213975767,0,1,,
2252,2.2520000000000002,0.0,0.21235422926737285,0,1,0.0,0.013568671547375654,0,1,,
2253,2.253,0.0,0.20199759129629577,0,1,0.0,0.012906919627249356,0,1,,
2254,2.254,0.0,0.19214605251930586,0,1,0.0,0.012277441729105375,0,1,,
2255,2.255,0.0,0.18277497895802328,0,1,0.0,0.011678663830317957,0,1,,
2256,2.2560000000000002,0.0,0.1738609380473706,0,1,0.0,0.011109088674250655,0,1,,
2257,2.257,0.0,0.16538164004195463,0,1,0.0,0.01056729202633485,0,1,,
2258,2.258,0.0,0.15731588228009274,0,1,0.0,0.010051919112741484,0,1,,
2259,2.259,0.0,0.1496434961661147,0,1,0.0,0.00956168123274081,0,1,,
2260,2.2600000000000002,0.0,0.14234529673836807,0,1,0.0,0.009095352536279319,0,1,,
2261,2.261,0.0,0.13540303469682122,0,1,0.0,0.008651766958716086,0,1,,
2262,2.262,0.0,0.12879935077030746,0,1,0.0,0.008229815305053794,0,1,,
2263,2.263,0.0,0.12251773230930517,0,1,0.0,0.007828442476373489,0,1,,
2264,2.2640000000000002,0.0,0.1165424719957129,0,1,0.0,0.007446644831537699,0,1,,
2265,2.265,0.0,0.11085862856637256,0,1,0.0,0.0070834676775648215,0,1,,
2266,2.266,0.0,0.10545198945212898,0,1,0.0,0.006738002882399395,0,1,,
2267,2.267,0.0,0.10030903523900402,0,1,0.0,0.006409386604108928,0,1,,
2268,2.2680000000000002,0.0,0.09541690586261964,0,1,0.0,0.006096797130829121,0,1,,
2269,2.269,0.0,0.09076336845133848,0,1,0.0,0.00579945282605619,0,1,,
2270,2.27,0.0,0.08633678673771296,0,1,0.0,0.005516610174148469,0,1,,
2271,2.271,0.0,0.08212609196175558,0,1,0.0,0.005247561921150032,0,1,,
2272,2.2720000000000002,0.0,0.07812075519327347,0,1,0.0,0.0049916353062874055,0,1,,
2273,2.273,0.0,0.07431076100405869,0,1,0.0,0.0047481903797172145,0,1,,
2274,2.274,0.0,0.07068658242410085,0,1,0.0,0.004516618402318233,0,1,,
2275,2.275,0.0,0.06723915711919974,0,1,0.0,0.004296340323526507,0,1,,
2276,2.2760000000000002,0.0,0.06395986473040946,0,1,0.0,0.00408680533340733,0,1,,
2277,2.277,0.0,0.06084050531865091,0,1,0.0,0.0038874894853435033,0,1,,
2278,2.278,0.0,0.05787327886059293,0,1,0.0,0.0036978943858958775,0,1,,
2279,2.279,0.0,0.055050765744531154,0,1,0.0,0.003517545948560157,0,1,,
2280,2.2800000000000002,0.0,0.05236590821749399,0,1,0.0,0.0033459932083036966,0,1,,
2281,2.281,0.0,0.04981199273718402,0,1,0.0,0.003182807193918023,0,1,,
2282,2.282,0.0,0.0473826331846253,0,1,0.0,0.0030275798553673736,0,1,,
2283,2.283,0.0,0.04507175489553956,0,1,0.0,0.0028799230434510617,0,1,,
2284,2.2840000000000003,0.0,0.04287357947052133,0,1,0.0,0.002739467539228298,0,1,,
2285,2.285,0.0,0.04078261032602963,0,1,0.0,0.0026058621307785213,0,1,,
2286,2.286,0.0,0.03879361895006604,0,1,0.0,0.0024787727349886574,0,1,,
2287,2.287,0.0,0.036901631828171313,0,1,0.0,0.0023578815621713213,0,1,,
2288,2.2880000000000003,0.0,0.03510191800704863,0,1,0.0,0.0022428863214250705,0,1,,
2289,2.289,0.0,0.03338997726471612,0,1,0.0,0.0021334994647496932,0,1,,
2290,2.29,0.0,0.031761528857607836,0,1,0.0,0.002029447468026432,0,1,,
2291,2.291,0.0,0.030212500816485122,0,1,0.0,0.001930470147065214,0,1,,
2292,2.2920000000000003,0.0,0.028739019764392495,0,1,0.0,0.0018363200070086523,0,1,,
2293,2.293,0.0,0.027337401231197718,0,1,0.0,0.0017467616234659875,0,1,,
2294,2.294,0.0,0.026004140440497318,0,1,0.0,0.0016615710538294842,0,1,,
2295,2.295,0.0,0.024735903545850008,0,1,0.0,0.0015805352773012652,0,1,,
2296,2.2960000000000003,0.0,0.023529519294424074,0,1,0.0,0.001503451662230359,0,1,,
2297,2.297,0.0,0.02238197109721346,0,1,0.0,0.0014301274594280262,0,1,,
2298,2.298,0.0,0.021290389485993974,0,1,0.0,0.0013603793201943896,0,1,,
2299,2.299,0.0,0.0202520449381581,0,1,0.0,0.0012940328378511817,0,1,,
2300,2.3000000000000003,0.0,0.01926434105148673,0,1,0.0,0.0012309221116342053,0,1,2.708130686465411,3.605663009716501
2301,2.301,0.0,0.0183248080517912,0,1,0.0,0.0011708893318550088,0,1,,
2302,2.302,0.0,0.017431096617191395,0,1,0.0,0.0011137843852944656,0,1,,
2303,2.303,0.0,0.016580972003587314,0,1,0.0,0.001059464479841536,0,1,,
2304,2.3040000000000003,0.0,0.015772308456634812,0,1,0.0,0.0010077937874386127,0,1,,
2305,2.305,0.0,0.015003083896252477,0,1,0.0,0.0009586431044406264,0,1,,
2306,2.306,0.0,0.014271374860368174,0,1,0.0,0.000911889528538635,0,1,,
2307,2.307,0.0,0.013575351695261976,0,1,0.0,0.0008674161514400332,0,1,,
2308,2.308,0.0,0.012913273980478842,0,1,0.0,0.000825111766536927,0,1,,
2309,2.309,0.0,0.012283486176870933,0,1,0.0,0.0007848705908316886,0,1,,
2310,2.31,0.0,0.011684413486887413,0,1,0.0,0.0007465920004243625,0,1,,
2311,2.311,0.0,0.011114557916760295,0,1,0.0,0.0007101802789005032,0,1,,
2312,2.312,0.0,0.01057249453073975,0,1,0.0,0.0006755443779902822,0,1,,
2313,2.313,0.0,0.01005686788801252,0,1,0.0,0.000642597689900389,0,1,,
2314,2.314,0.0,0.00956638865339386,0,1,0.0,0.0006112578307494353,0,1,,
2315,2.315,0.0,0.009099830373318003,0,1,0.0,0.0005814464345653402,0,1,,
2316,2.316,0.0,0.008656026409065402,0,1,0.0,0.0005530889573295806,0,1,,
2317,2.317,0.0,0.008233867019558265,0,1,0.0,0.000526114490578317,0,1,,
2318,2.318,0.0,0.007832296586429819,0,1,0.0,0.0005004555840942988,0,1,,
2319,2.319,0.0,0.007450310974428543,0,1,0.0,0.0004760480772461885,0,1,,
2320,2.32,0.0,0.007086955020557017,0,1,0.0,0.00045283093855356336,0,1,,
2321,2.321,0.0,0.006741320145666897,0,1,0.0,0.0004307461130764243,0,1,,
2322,2.322,0.0,0.006412542082537792,0,1,0.0,0.00040973837724760657,0,1,,
2323,2.323,0.0,0.006099798714759034,0,1,0.0,0.00038975520078509725,0,1,,
2324,2.324,0.0,0.005802308021010431,0,1,0.0,0.0003707466153389683,0,1,,
2325,2.325,0.0,0.0055193261196016296,0,1,0.0,0.0003526650895444744,0,1,,
2326,2.326,0.0,0.0052501454083804175,0,1,0.0,0.00033546541016888314,0,1,,
2327,2.327,0.0,0.0049940927953587705,0,1,0.0,0.0003191045690548427,0,1,,
2328,2.328,0.0,0.004750528015632286,0,1,0.0,0.00030354165557758636,0,1,,
2329,2.329,0.0,0.004518842030384418,0,1,0.0,0.00028873775434706144,0,1,,
2330,2.33,0.0,0.004298455503972208,0,1,0.0,0.0002746558478991838,0,1,,
2331,2.331,0.0,0.00408881735528541,0,1,0.0,0.00026126072413289625,0,1,,
2332,2.332,0.0,0.0038894033797566723,0,1,0.0,0.00024851888826157474,0,1,,
2333,2.333,0.0,0.0036997149385770713,0,1,0.0,0.00023639847905861498,0,1,,
2334,2.334,0.0,0.003519277711839362,0,1,0.0,0.00022486918918777042,0,1,,
2335,2.335,0.0,0.003347640512491146,0,1,0.0,0.00021390218941902503,0,1,,
2336,2.336,0.0,0.0031843741581322285,0,1,0.0,0.0002034700565405019,0,1,,
2337,2.337,0.0,0.0030290703978350653,0,1,0.0,0.00019354670478614937,0,1,,
2338,2.338,0.0,0.002881340891304798,0,1,0.0,0.00018410732060773847,0,1,,
2339,2.339,0.0,0.002740816237826237,0,1,0.0,0.0001751283006280675,0,1,,
2340,2.34,0.0,0.0026071450525696634,0,1,0.0,0.0001665871926202247,0,1,,
2341,2.341,0.0,0.0024799930879457247,0,1,0.0,0.00015846263936532593,0,1,,
2342,2.342,0.0,0.0023590423978123603,0,1,0.0,0.00015073432524834317,0,1,,
2343,2.343,0.0,0.002243990542443836,0,1,0.0,0.00014338292545848492,0,1,,
2344,2.344,0.0,0.002134549832273895,0,1,0.0,0.0001363900576671034,0,1,,
2345,2.345,0.0,0.0020304466085219928,0,1,0.0,0.00012973823606229795,0,1,,
2346,2.346,0.0,0.0019314205589038018,0,1,0.0,0.00012341082762527746,0,1,,
2347,2.347,0.0,0.0018372240667149109,0,1,0.0,0.0001173920105391495,0,1,,
2348,2.348,0.0,0.0017476215916600861,0,1,0.0,0.00011166673462613694,0,1,,
2349,2.349,0.0,0.0016623890808798456,0,1,0.0,0.00010622068371429419,0,1,,
2350,2.35,0.0,0.0015813134087016064,0,1,0.0,0.00010104023983962042,0,1,,
2351,2.351,0.0,0.0015041918437144915,0,1,0.0,9.611244919405625e-05,0,1,,
2352,2.352,0.0,0.0014308315418352037,0,1,0.0,9.142498973421624e-05,0,1,,
2353,2.353,0.0,0.00136104906409737,0,1,0.0,8.69661403698622e-05,0,1,,
2354,2.354,0.0,0.0012946699179585768,0,1,0.0,8.272475165507233e-05,0,1,,
2355,2.355,0.0,0.0012315281209781235,0,1,0.0,7.869021790881894e-05,0,1,,
2356,2.356,0.0,0.0011714657857744661,0,1,0.0,7.485245069524162e-05,0,1,,
2357,2.357,0.0,0.0011143327252245221,0,1,0.0,7.120185359730276e-05,0,1,,
2358,2.358,0.0,0.0010599860769176345,0,1,0.0,6.77292982207464e-05,0,1,,
2359,2.359,0.0,0.001008289945925131,0,1,0.0,6.442610136835784e-05,0,1,,
2360,2.36,0.0,0.0009591150649922185,0,1,0.0,6.128400332744768e-05,0,1,,
2361,2.361,0.0,0.0009123384713025129,0,1,0.0,5.82951472162679e-05,0,1,,
2362,2.362,0.0,0.0008678431990069505,0,1,0.0,5.5452059337714914e-05,0,1,,
2363,2.363,0.0,0.0008255179867482402,0,1,0.0,5.2747630491194005e-05,0,1,,
2364,2.364,0.0,0.0007852569994495165,0,1,0.0,5.0175098195914785e-05,0,1,,
2365,2.365,0.0,0.0007469595636715211,0,1,0.0,4.772802978116683e-05,0,1,,
2366,2.366,0.0,1.0007105299158765,0,1,0.0,1.0000454003063013,0,1,,
2367,2.367,0.0,0.9519053014636838,0,1,0.0,0.9512726106079491,0,1,,
2368,2.368,0.0,0.9054803320904786,0,1,0.0,0.9048784979318912,0,1,,
2369,2.369,0.0,0.8613195351911413,0,1,0.0,0.8607470528308234,0,1,,
2370,2.37,0.0,0.8193124857710918,0,1,0.0,0.8187679237049499,0,1,,
2371,2.371,0.0,0.7793541443262851,0,1,0.0,0.778836140865504,0,1,,
2372,2.372,0.0,0.7413445941897386,0,1,0.0,0.7408518540558504,0,1,,
2373,2.373,0.0,0.7051887916878204,0,1,0.0,0.7047200827738336,0,1,,
2374,2.374,0.0,0.6707963284815593,0,1,0.0,0.6703504787710493,0,1,,
2375,2.375,0.0,0.6380812054987056,0,1,0.0,0.6376571001351633,0,1,,
2376,2.376,0.0,0.6069616178912556,0,1,0.0,0.6065581963903656,0,1,,
2377,2.3770000000000002,0.0,0.5773597504807213,0,1,0.0,0.5769760040785985,0,1,,
2378,2.378,0.0,0.5492015831796524,0,1,0.0,0.5488365523104068,0,1,,
2379,2.379,0.0,0.5224167059028618,0,1,0.0,0.5220694777991843,0,1,,
2380,2.38,0.0,0.496938142505538,0,1,0.0,0.4966078489163064,0,1,,
2381,2.3810000000000002,0.0,0.47270218330799674,0,1,0.0,0.47238799832719564,0,1,,
2382,2.382,0.0,0.4496482257882968,0,1,0.0,0.44934936378982254,0,1,,
2383,2.383,0.0,0.42771862304436864,0,1,0.0,0.4274343367175549,0,1,,
2384,2.384,0.0,0.40685853964673263,0,1,0.0,0.40658811812768414,0,1,,
2385,2.3850000000000002,0.0,0.3870158145213624,0,1,0.0,0.3867585816154253,0,1,,
2386,2.386,0.0,0.36814083051983065,0,1,0.0,0.36789614301075346,0,1,,
2387,2.387,0.0,0.3501863903505934,0,1,0.0,0.3499536363921514,0,1,,
2388,2.388,0.0,0.33310759856117733,0,1,0.0,0.3328861961472383,0,1,,
2389,2.3890000000000002,0.0,0.31686174927616356,0,1,0.0,0.31665114478536927,0,1,,
2390,2.39,0.0,0.3014082194102546,0,1,0.0,0.3012078862216791,0,1,,
2391,2.391,0.0,0.2867083670894014,0,1,0.0,0.2865178042657244,0,1,,
2392,2.392,0.0,0.2727254350259907,0,1,0.0,0.2725441660608932,0,1,,
2393,2.3930000000000002,0.0,0.25942445860648006,0,1,0.0,0.2592520302331305,0,1,,
2394,2.394,0.0,0.24677217846165134,0,1,0.0,0.24660815951930243,0,1,,
2395,2.395,0.0,0.2347369573008641,0,1,0.0,0.23458093765672633,0,1,,
2396,2.396,0.0,0.22328870080234964,0,1,0.0,0.22314029032604565,0,1,,
2397,2.3970000000000002,0.0,0.21239878236173115,0,1,0.0,0.21225760994976664,0,1,,
2398,2.398,0.0,0.20203997151060193,0,1,0.0,0.20190568415841356,0,1,,
2399,2.399,0.0,0.19218636582617055,0,1,0.0,0.19205862774543067,0,1,,
2400,2.4,0.0,0.1828133261617119,0,1,0.0,0.18269181794068287,0,1,2.7079728799007956,3.5989087890679783
2401,2.4010000000000002,0.0,0.17389741503586653,0,1,0.0,0.17378183284070498,0,1,,
2402,2.402,0.0,0.16541633802672914,0,1,0.0,0.1653063928417431,0,1,,
2403,2.403,0.0,0.15734888802418115,0,1,0.0,0.15724430492914024,0,1,,
2404,2.404,0.0,0.14967489220106914,0,1,0.0,0.14957540968376085,0,1,,
2405,2.4050000000000002,0.0,0.1423751615706294,0,1,0.0,0.14228053087294235,0,1,,
2406,2.406,0.0,0.135431443004026,0,1,0.0,0.13534142749992503,0,1,,
2407,2.407,0.0,0.1288263735880209,0,1,0.0,0.1287407481918588,0,1,,
2408,2.408,0.0,0.1225434372086471,0,1,0.0,0.12246198781233318,0,1,,
2409,2.4090000000000003,0.0,0.11656692325232076,0,1,0.0,0.11648944618993914,0,1,,
2410,2.41,0.0,0.11088188732112397,0,1,0.0,0.1108081888596627,0,1,,
2411,2.411,0.0,0.10547411386402578,0,1,0.0,0.10540400971894338,0,1,,
2412,2.412,0.0,0.10033008063060002,0,1,0.0,0.10026339550501819,0,1,,
2413,2.4130000000000003,0.0,0.09543692485835589,0,1,0.0,0.09537349200472592,0,1,,
2414,2.414,0.0,0.09078241110913177,0,1,0.0,0.09072207191227888,0,1,,
2415,2.415,0.0,0.08635490067412664,0,1,0.0,0.08629750425462943,0,1,,
2416,2.416,0.0,0.0821433224710658,0,1,0.0,0.08208872530797907,0,1,,
2417,2.4170000000000003,0.0,0.0781371453607285,0,1,0.0,0.07808521093270614,0,1,,
2418,2.418,0.0,0.0743263518136144,0,1,0.0,0.07427695025753492,0,1,,
2419,2.419,0.0,0.07070141286090202,0,1,0.0,0.0706544206471431,0,1,,
2420,2.42,0.0,0.06725326426706321,0,1,0.0,0.06720856389061329,0,1,,
2421,2.4210000000000003,0.0,0.06397328386455298,0,1,0.0,0.06393076355118756,0,1,,
2422,2.422,0.0,0.06085326999389954,0,1,0.0,0.06081282342068736,0,1,,
2423,2.423,0.0,0.057885420995283626,0,1,0.0,0.05784694702472398,0,1,,
2424,2.424,0.0,0.055062315700325194,0,1,0.0,0.05502571812745149,0,1,,
2425,2.4250000000000003,0.0,0.05237689487529697,0,1,0.0,0.05234208218711418,0,1,,
2426,2.426,0.0,0.049822443569363134,0,1,0.0,0.0497893287160177,0,1,,
2427,2.427,0.0,0.04739257432370459,0,1,0.0,0.047361074500814386,0,1,,
2428,2.428,0.0,0.045081211199544835,0,1,0.0,0.04505124764114511,0,1,,
2429,2.4290000000000003,0.0,0.042882574585138174,0,1,0.0,0.042854072366725615,0,1,,
2430,2.43,0.0,0.04079116674372993,0,1,0.0,0.040764054594912356,0,1,,
2431,2.431,0.0,0.03880175806635088,0,1,0.0,0.038775968192634166,0,1,,
2432,2.432,0.0,0.03690937399507089,0,1,0.0,0.03688484190833739,0,1,,
2433,2.433,0.0,0.0351092825840129,0,1,0.0,0.0350859469412676,0,1,,
2434,2.434,0.0,0.03339698266702353,0,1,0.0,0.03337478511700456,0,1,,
2435,2.435,0.0,0.03176819260241311,0,1,0.0,0.03174707763968324,0,1,,
2436,2.436,0.0,0.030218839566621265,0,1,0.0,0.030198754392775376,0,1,,
2437,2.437,0.0,0.02874504937003655,0,1,0.0,0.02872594376167813,0,1,,
2438,2.438,0.0,0.02734313676950448,0,1,0.0,0.027324962952660965,0,1,,
2439,2.439,0.0,0.02600959625330006,0,1,0.0,0.02599230878396302,0,1,,
2440,2.44,0.0,0.024741093275522544,0,1,0.0,0.024724648926014,0,1,,
2441,2.441,0.0,0.023534455917993795,0,1,0.0,0.023518813568874496,0,1,,
2442,2.442,0.0,0.022386666958810662,0,1,0.0,0.022371787496060072,0,1,,
2443,2.443,0.0,0.021294856327718617,0,1,0.0,0.021280702544929492,0,1,,
2444,2.444,0.0,0.020256293929441168,0,1,0.0,0.02024283043478416,0,1,,
2445,2.445,0.0,0.01926838281701963,0,1,0.0,0.019255575944745276,0,1,,
2446,2.446,0.0,0.01832865269809303,0,1,0.0,0.01831647042434984,0,1,,
2447,2.447,0.0,0.017434753757880492,0,1,0.0,0.01742316562063865,0,1,,
2448,2.448,0.0,0.016584450783420322,0,1,0.0,0.01657342780630073,0,1,,
2449,2.449,0.0,0.01577561757437333,0,1,0.0,0.015765132194191574,0,1,,
2450,2.45,0.0,0.015006231626414492,0,1,0.0,0.01499625762425853,0,1,,
2451,2.451,0.0,0.01427436907391867,0,1,0.0,0.014264881509587886,0,1,,
2452,2.452,0.0,0.013578199879294447,0,1,0.0,0.013569175028936162,0,1,,
2453,2.453,0.0,0.012915983256936922,0,1,0.0,0.012907398553724405,0,1,,
2454,2.454,0.0,0.012286063320356966,0,1,0.0,0.012277897298060614,0,1,,
2455,2.455,0.0,0.011686864941602489,0,1,0.0,0.011679097180913069,0,1,,
2456,2.456,0.0,0.011116889812618106,0,1,0.0,0.01110950089008785,0,1,,
2457,2.457,0.0,0.010574712698694571,0,1,0.0,0.010567684138168436,0,1,,
2458,2.458,0.0,0.010058977874639628,0,1,0.0,0.010052292101055285,0,1,,
2459,2.459,0.0,0.009568395734758869,0,1,0.0,0.009562036030199892,0,1,,
2460,2.46,0.0,0.009101739568169766,0,1,0.0,0.009095690030062135,0,1,,
2461,2.461,0.0,0.008657842491385504,0,1,0.0,0.008652087992732886,0,1,,
2462,2.462,0.0,0.008235594530498462,0,1,0.0,0.008230120682056842,0,1,,
2463,2.463,0.0,0.007833939845667279,0,1,0.0,0.007828732959964354,0,1,,
2464,2.464,0.0,0.007451874090967299,0,1,0.0,0.007446921148076664,0,1,,
2465,2.465,0.0,0.007088441903002605,0,1,0.0,0.007083730517987162,0,1,,
2466,2.466,0.0,0.006742734511999914,0,1,0.0,0.0067382529039430724,0,1,,
2467,2.467,0.0,0.006413887469410781,0,1,0.0,0.006409624431958034,0,1,,
2468,2.468,0.0,0.006101078486339958,0,1,0.0,0.006097023359677156,0,1,,
2469,2.469,0.0,0.005803525377394846,0,1,0.0,0.005799668021593111,0,1,,
2470,2.47,0.0,0.005520484104814588,0,1,0.0,0.005516814874475209,0,1,,
2471,2.471,0.0,0.005251246917988121,0,1,0.0,0.005247756638124032,0,1,,
2472,2.472,0.0,0.004995140583708988,0,1,0.0,0.0049918205268025245,0,1,,
2473,2.473,0.0,0.004751524702741661,0,1,0.0,0.004748366566921216,0,1,,
2474,2.474,0.0,0.004519790108489876,0,1,0.0,0.0045167859967709,0,1,,
2475,2.475,0.0,0.004299357343762845,0,1,0.0,0.004296499744301267,0,1,,
2476,2.476,0.0,0.004089675211830449,0,1,0.0,0.004086956979139159,0,1,,
2477,2.477,0.0,0.003890219398144314,0,1,0.0,0.0038876337352257186,0,1,,
2478,2.478,0.0,0.00370049115927833,0,1,0.0,0.0036980316006283214,0,1,,
2479,2.479,0.0,0.003520016075810306,0,1,0.0,0.0035176764712511327,0,1,,
2480,2.48,0.0,0.003348342866026299,0,1,0.0,0.0033461173653279172,0,1,,
2481,2.481,0.0,0.003185042257481268,0,1,0.0,0.00318292529573272,0,1,,
2482,2.482,0.0,0.0030297059135943613,0,1,0.0,0.0030276921972886,0,1,,
2483,2.483,0.0,0.0028819454125947742,0,1,0.0,0.0028800299063921372,0,1,,
2484,2.484,0.0,0.0027413912762649997,0,1,0.0,0.002739569190402238,0,1,,
2485,2.485,0.0,0.0026076920460528334,0,1,0.0,0.002605958824366208,0,1,,
2486,2.486,0.0,0.002480513404241926,0,1,0.0,0.0024788647127744253,0,1,,
2487,2.487,0.0,0.0023595373379833545,0,1,0.0,0.002357969054147544,0,1,,
2488,2.488,0.0,0.002244461344097853,0,1,0.0,0.0022429695463672614,0,1,,
2489,2.489,0.0,0.0021349976726603,0,1,0.0,0.002133578630763558,0,1,,
2490,2.49,0.0,0.0020308726074750208,0,1,0.0,0.0020295227730682407,0,1,,
2491,2.491,0.0,0.0019318257816427285,0,1,0.0,0.0019305417794367957,0,1,,
2492,2.492,0.0,0.0018376095265076546,0,1,0.0,0.0018363881458282475,0,1,,
2493,2.493,0.0,0.0017479882523569058,0,1,0.0,0.001746826439116137,0,1,,
2494,2.494,0.0,0.0016627378593234684,0,1,0.0,0.0016616327083830745,0,1,,
2495,2.495,0.0,0.001581645177019812,0,1,0.0,0.0015805939249267948,0,1,,
2496,2.496,0.0,0.0015045074315008858,0,1,0.0,0.0015035074495774398,0,1,,
2497,2.497,0.0,0.001431131738223635,0,1,0.0,0.0014301805259940843,0,1,,
2498,2.498,0.0,0.0013613346197351747,0,1,0.0,0.0013604297986734813,0,1,,
2499,2.499,0.0,0.0012949415468835885,0,1,0.0,0.0012940808544657978,0,1,,
2500,2.5,0.0,0.0012317865024041403,0,1,0.0,0.001230967786450893,0,1,2.7045155367625333,3.621812924458787
2501,2.501,0.0,0.0011717115657896378,0,1,0.0,0.0011709327790846008,0,1,,
2502,2.5020000000000002,0.0,0.0011145665184069077,0,1,0.0,0.0011138257135776665,0,1,,
2503,2.503,0.0,0.0010602084678719673,0,1,0.0,0.001059503792520581,0,1,,
2504,2.504,0.0,0.0010085014907446352,0,1,0.0,0.001007831182815676,0,1,,
2505,2.505,0.0,0.0009593162926491315,0,1,0.0,0.0009586786760236295,0,1,,
2506,2.5060000000000002,0.0,0.0009125298849707919,0,1,0.0,0.0009119233652750635,0,1,,
2507,2.507,0.0,0.0008680252773204691,0,1,0.0,0.0008674483379393531,0,1,,
2508,2.508,0.0,0.0008256911849976225,0,1,0.0,0.0008251423832821517,0,1,,
2509,2.509,0.0,0.000785421750720601,0,1,0.0,0.0007848997143806288,0,1,,
2510,2.5100000000000002,0.0,0.0007471162799283006,0,1,0.0,0.0007466197036010604,0,1,,
2511,2.511,0.0,0.0007106789889913118,0,1,0.0,0.0007102066309773303,0,1,,
2512,2.512,0.0,1.000676018765703,0,1,0.0,0.0006755694448611569,0,1,,
2513,2.513,0.0,0.9518724734421653,0,1,0.0,0.0006426215342455452,0,1,,
2514,2.5140000000000002,0.0,0.9054491051104621,0,1,0.0,0.0006112805121921558,0,1,,
2515,2.515,0.0,0.8612898311689113,0,1,0.0,0.0005814680098210461,0,1,,
2516,2.516,0.0,0.8192842304311206,0,1,0.0,0.0005531094803476492,0,1,,
2517,2.517,0.0,0.7793272670155053,0,1,0.0,0.0005261340126769833,0,1,,
2518,2.5180000000000002,0.0,0.7413190277008733,0,1,0.0,0.0005004741540889782,0,1,,
2519,2.519,0.0,0.7051644720913306,0,1,0.0,0.0004760657415715404,0,1,,
2520,2.52,0.0,0.6707731949657862,0,1,0.0,0.000452847741379602,0,1,,
2521,2.521,0.0,0.63805920021781,0,1,0.0,0.000430762096418967,0,1,,
2522,2.5220000000000002,0.0,0.6069406858205733,0,1,0.0,0.00040975358107333507,0,1,,
2523,2.523,0.0,0.5773398392791725,0,1,0.0,0.00038976966311149517,0,1,,
2524,2.524,0.0,0.549182643058862,0,1,0.0,0.00037076037232938475,0,1,,
2525,2.525,0.0,0.5223986895026623,0,1,0.0,0.0003526781755985511,0,1,,
2526,2.5260000000000002,0.0,0.4969210047755447,0,1,0.0,0.0003354778580085715,0,1,,
2527,2.527,0.0,0.47268588139495793,0,1,0.0,0.0003191164098062257,0,1,,
2528,2.528,0.0,0.4496327189289386,0,1,0.0,0.00030355291884871013,0,1,,
2529,2.529,0.0,0.42770387246346553,0,1,0.0,0.00028874846830197047,0,1,,
2530,2.5300000000000002,0.0,0.4068445084601491,0,1,0.0,0.00027466603932834604,0,1,,
2531,2.531,0.0,0.38700246764382346,0,1,0.0,0.0002612704185201931,0,1,,
2532,2.532,0.0,0.3681281345771904,0,1,0.0,0.00024852810984802394,0,1,,
2533,2.533,0.0,0.35017431359638224,0,1,0.0,0.00023640725090298605,0,1,,
2534,2.5340000000000003,0.0,0.33309611079721924,0,1,0.0,0.00022487753322424333,0,1,,
2535,2.535,0.0,0.3168508217770649,0,1,0.0,0.0002139101265120372,0,1,,
2536,2.536,0.0,0.3013978248515758,0,1,0.0,0.00020347760653692006,0,1,,
2537,2.537,0.0,0.2866984794793314,0,1,0.0,0.0001935538865648972,0,1,,
2538,2.5380000000000003,0.0,0.2727160296403542,0,1,0.0,0.00018411415212700363,0,1,,
2539,2.539,0.0,0.25941551192691376,0,1,0.0,0.00017513479897020658,0,1,,
2540,2.54,0.0,0.2467636681167963,0,1,0.0,0.00016659337403447785,0,1,,
2541,2.541,0.0,0.2347288620104253,0,1,0.0,0.00015846851930844855,0,1,,
2542,2.5420000000000003,0.0,0.22328100032388437,0,1,0.0,0.00015073991842325582,0,1,,
2543,2.543,0.0,0.21239145744003227,0,1,0.0,0.00014338824585103822,0,1,,
2544,2.544,0.0,0.20203300382954978,0,1,0.0,0.00013639511858105,0,1,,
2545,2.545,0.0,0.1921797379629332,0,1,0.0,1.0001297430501526,0,1,,
2546,2.5460000000000003,0.0,0.18280702154317896,0,1,0.0,0.9513528399076436,0,1,,
2547,2.547,0.0,0.17389141789720775,0,1,0.0,0.9049548144024677,0,1,,
2548,2.548,0.0,0.1654106333719741,0,1,0.0,0.8608196473032098,0,1,,
2549,2.549,0.0,0.1573434615887215,0,1,0.0,0.8188369777031399,0,1,,
2550,2.5500000000000003,0.0,0.14966973041598977,0,1,0.0,0.7789018270604617,0,1,,
2551,2.551,0.0,0.14237025152877897,0,1,0.0,0.7409143366972777,0,1,,
2552,2.552,0.0,0.13542677242774231,0,1,0.0,0.7047795181008797,0,1,,
2553,2.553,0.0,0.1288219307984305,0,1,0.0,0.6704070154029903,0,1,,
2554,2.5540000000000003,0.0,0.12253921109646185,0,1,0.0,0.6377108794430277,0,1,,
2555,2.555,0.0,0.11656290325005891,0,1,0.0,0.6066093528504355,0,1,,
2556,2.556,0.0,0.11087806337668595,0,1,0.0,0.5770246656086703,0,1,,
2557,2.557,0.0,0.10547047641555866,0,1,0.0,0.5488828405896524,0,1,,
2558,2.5580000000000003,0.0,0.100326620582588,0,1,0.0,0.5221135085724122,0,1,,
2559,2.559,0.0,0.09543363355887667,0,1,0.0,0.4966497322833843,0,1,,
2560,2.56,0.0,0.09077928032822229,0,1,0.0,0.4724278390183574,0,1,,
2561,2.561,0.0,0.08635192258320387,0,1,0.0,0.4493872614275481,0,1,,
2562,2.562,0.0,0.08214048962335123,0,1,0.0,0.4274703860656785,0,1,,
2563,2.563,0.0,0.07813445067262727,0,1,0.0,0.4066224093283534,0,1,,
2564,2.564,0.0,0.07432378854700267,0,1,0.0,0.3867912004145034,0,1,,
2565,2.565,0.0,0.07069897460627811,0,1,0.0,0.3679271709722284,0,1,,
2566,2.566,0.0,0.06725094492752053,0,1,0.0,0.3499831511020886,0,1,,
2567,2.567,0.0,0.06397107764053456,0,1,0.0,0.3329142714077862,0,1,,
2568,2.568,0.0,0.06085117136869618,0,1,0.0,0.31667785079930294,0,1,,
2569,2.569,0.0,0.057883424721239196,0,1,0.0,0.3012332897679439,0,1,,
2570,2.57,0.0,0.055060416785714765,0,1,0.0,0.2865419688664181,0,1,,
2571,2.571,0.0,0.05237508857184491,0,1,0.0,0.2725671521401044,0,1,,
2572,2.572,0.0,0.04982072536036996,0,1,0.0,0.2592738952680301,0,1,,
2573,2.573,0.0,0.047390939912752846,0,1,0.0,0.24662895818386665,0,1,,
2574,2.574,0.0,0.04507965649975581,0,1,0.0,0.23460072195845014,0,1,,
2575,2.575,0.0,0.04288109570895259,0,1,0.0,0.22315910973598854,0,1,,
2576,2.576,0.0,0.040789759993187014,0,1,0.0,0.21227551152625607,0,1,,
2577,2.577,0.0,0.038800419923841534,0,1,0.0,0.20192271266471523,0,1,,
2578,2.578,0.0,0.03690810111454182,0,1,0.0,0.1920748257616801,0,1,,
2579,2.579,0.0,0.035108071782599774,0,1,0.0,0.18270722597035788,0,1,,
2580,2.58,0.0,0.03339583091709214,0,1,0.0,0.17379648941190542,0,1,,
2581,2.581,0.0,0.03176709702398871,0,1,0.0,0.16532033460353124,0,1,,
2582,2.582,0.0,0.030217797420187122,0,1,0.0,0.1572575667431825,0,1,,
2583,2.583,0.0,0.028744058049683757,0,1,0.0,0.14958802471150012,0,1,,
2584,2.584,0.0,0.027342193796415795,0,1,0.0,0.14229253065851885,0,1,,
2585,2.585,0.0,0.02600869926955159,0,1,0.0,0.1353528420490531,0,1,,
2586,2.586,0.0,0.0247402400381877,0,1,0.0,0.12875160604685681,0,1,,
2587,2.587,0.0,0.023533644293534807,0,1,0.0,0.12247231612349425,0,1,,
2588,2.588,0.0,0.022385894917743628,0,1,0.0,0.11649927078342096,0,1,,
2589,2.589,0.0,0.02129412193953873,0,1,0.0,0.11081753430206637,0,1,,
2590,2.59,0.0,0.020255595357795454,0,1,0.0,0.10541289937874272,0,1,,
2591,2.591,0.0,0.019267718315115104,0,1,0.0,0.10027185161099311,0,1,,
2592,2.592,0.0,0.018328020604328806,0,1,0.0,0.09538153570154598,0,1,,
2593,2.593,0.0,0.01743415249169292,0,1,0.0,0.09072972331337589,0,1,,
2594,2.594,0.0,0.016583878841330744,0,1,0.0,0.08630478249249157,0,1,,
2595,2.595,0.0,0.015775073526228613,0,1,0.0,0.08209564858199206,0,1,,
2596,2.596,0.0,0.015005714111810894,0,1,0.0,0.07809179655466117,0,1,,
2597,2.597,0.0,0.01427387679880012,0,1,0.0,0.07428321469491718,0,1,,
2598,2.598,0.0,0.013577731612716732,0,1,0.0,0.07066037956430905,0,1,,
2599,2.599,0.0,0.012915537827989688,0,1,0.0,0.06721423218795972,0,1,,
2600,2.6,0.0,0.012285639615235834,0,1,0.0,0.0639361554024103,0,1,2.705132320736655,3.6129170696256776
2601,2.601,0.0,0.011686461900823956,0,1,0.0,0.06081795230822296,0,1,,
2602,2.602,0.0,0.011116506428370292,0,1,0.0,0.0578518257734628,0,1,,
2603,2.603,0.0,0.01057434801231716,0,1,0.0,0.0550303589368066,0,1,,
2604,2.604,0.0,0.01005863097422672,0,1,0.0,0.052346496661526264,0,1,,
2605,2.605,0.0,0.00956806575287874,0,1,0.0,0.04979352789397218,0,1,,
2606,2.606,0.0,0.009101425679695836,0,1,0.0,0.047365068882443406,0,1,,
2607,2.607,0.0,0.00865754391143309,0,1,0.0,0.04505504721448332,0,1,,
2608,2.608,0.0,0.008235310512462159,0,1,0.0,0.042857686632685466,0,1,,
2609,2.609,0.0,0.007833669679354059,0,1,0.0,0.040767492591041336,0,1,,
2610,2.61,0.0,0.0074516171008206546,0,1,0.0,0.038779238515713375,0,1,,
2611,2.611,0.0,0.00708819744641331,0,1,0.0,0.03688795273587796,0,1,,
2612,2.612,0.0,0.0067425019776991635,0,1,0.0,0.035088906051958725,0,1,,
2613,2.613,0.0,0.006413666275941701,0,1,0.0,0.03337759991016432,0,1,,
2614,2.614,0.0,0.006100868080603662,0,1,0.0,0.03174975515376069,0,1,,
2615,2.615,0.0,0.005803325233267397,0,1,0.0,0.03020130132295036,0,1,,
2616,2.616,0.0,0.005520293721831418,0,1,0.0,0.028728366476602724,0,1,,
2617,2.617,0.0,0.005251065820092605,0,1,0.0,0.027327267510384414,0,1,,
2618,2.618,0.0,0.004994968318062058,0,1,0.0,0.025994500947080026,0,1,,
2619,2.619,0.0,0.004751360838589471,0,1,0.0,0.024726734176074197,0,1,,
2620,2.62,0.0,0.0045196342360866925,0,1,0.0,0.023520797120089195,0,1,,
2621,2.621,0.0,0.004299209073346469,0,1,0.0,0.022373674308340495,0,1,,
2622,2.622,0.0,0.0040895341726476095,0,1,0.0,0.02128249733628914,0,1,,
2623,2.623,0.0,0.003890085237523589,0,1,0.0,0.0202445376931363,0,1,,
2624,2.624,0.0,0.003700363541748287,0,1,0.0,0.019257199939125055,0,1,,
2625,2.625,0.0,0.0035198946822606473,0,1,0.0,0.01831801521558911,0,1,,
2626,2.626,0.0,0.003348227392909919,0,1,0.0,0.01742463507152015,0,1,,
2627,2.6270000000000002,0.0,0.0031849324160552286,0,1,0.0,0.016574825591217073,0,1,,
2628,2.628,0.0,0.0030296014291978837,0,1,0.0,0.015766461808333125,0,1,,
2629,2.629,0.0,0.0028818460239624435,0,1,0.0,0.014997522392353205,0,1,,
2630,2.63,0.0,0.002741296734873466,0,1,0.0,0.01426608459421471,0,1,,
2631,2.6310000000000002,0.0,0.0026076021154993736,0,1,0.0,0.013570319438433362,0,1,,
2632,2.632,0.0,0.0024804278596533137,0,1,0.0,0.012908487149711819,0,1,,
2633,2.633,0.0,0.0023594559654535594,0,1,0.0,0.012278932802595236,0,1,,
2634,2.634,0.0,0.002244383940153166,0,1,0.0,0.011680082183295606,0,1,,
2635,2.6350000000000002,0.0,0.002134924043750541,0,1,0.0,0.011110437853337322,0,1,,
2636,2.636,0.0,0.002030802569489564,0,1,0.0,0.010568575405181009,0,1,,
2637,2.637,0.0,0.0019317591594501292,0,1,0.0,0.010053139900462731,0,1,,
2638,2.638,0.0,0.0018375461535177294,0,1,0.0,0.00956284248194233,0,1,,
2639,2.6390000000000002,0.0,0.0017479279701041704,0,1,0.0,0.009096457150688983,0,1,,
2640,2.64,0.0,0.0016626805170708912,0,1,0.0,0.008652817700445285,0,1,,
2641,2.641,0.0,0.0015815906313818935,0,1,0.0,0.008230814801504161,0,1,,
2642,2.642,0.0,0.0015044555460851194,0,1,0.0,0.007829393226806761,0,1,,
2643,2.6430000000000002,0.0,0.0014310823832894555,0,1,0.0,0.007447549213325184,0,1,,
2644,2.644,0.0,0.001361287671869539,0,1,0.0,0.00708432795213206,0,1,,
2645,2.645,0.0,0.0012948968886923784,0,1,0.0,0.006738821200880901,0,1,,
2646,2.646,0.0,0.0012317440222186162,0,1,0.0,0.00641016501272715,0,1,,
2647,2.6470000000000002,0.0,0.001171671157387209,0,1,0.0,0.006097537576011059,0,1,,
2648,2.648,0.0,0.0011145280807455203,0,1,0.0,0.005800157159300478,0,1,,
2649,2.649,0.0,0.0010601719048374467,0,1,0.0,0.00551728015665509,0,1,,
2650,2.65,0.0,0.00100846671091035,0,1,0.0,0.005248199228224231,0,1,,
2651,2.6510000000000002,0.0,0.0009592832090473802,0,1,0.0,0.004992241531528827,0,1,,
2652,2.652,0.0,0.0009124984148753376,0,1,0.0,0.004748767039004729,0,1,,
2653,2.653,0.0,0.0008679953420396812,0,1,0.0,0.004517166937600428,0,1,,
2654,2.654,0.0,0.0008256627096777064,0,1,0.0,0.004296862106427308,0,1,,
2655,2.6550000000000002,0.0,0.0007853946641584248,0,1,0.0,0.004087301668655774,0,1,,
2656,2.656,0.0,0.00074709051439335,0,1,0.0,0.00388796161403624,0,1,,
2657,2.657,0.0,0.0007106544800563287,0,1,0.0,0.0036983434886005595,0,1,,
2658,2.658,0.0,0.0006759954520828357,0,1,0.0,0.003517973148267473,0,1,,
2659,2.6590000000000003,0.0,0.0006430267648498558,0,1,0.0,0.0033463995732354334,0,1,,
2660,2.66,0.0,0.0006116659794666843,0,1,0.0,0.003183193740198176,0,1,,
2661,2.661,0.0,0.0005818346776347597,0,1,0.0,0.0030279475495629863,0,1,,
2662,2.662,0.0,0.0005534582655610709,0,1,0.0,0.0028802728049891466,0,1,,
2663,2.6630000000000003,0.0,0.0005264657874348208,0,1,0.0,0.0027398002426948834,0,1,,
2664,2.664,0.0,1.000500789748001,0,1,0.0,0.0026061786081055705,0,1,,
2665,2.665,0.0,0.9517057904445008,0,1,0.0,0.002479073777534334,0,1,,
2666,2.666,0.0,0.9052905513385195,0,1,0.0,0.0023581679226987954,0,1,,
2667,2.6670000000000003,0.0,0.8611390101556741,0,1,0.0,0.0022431587159848195,0,1,,
2668,2.668,0.0,0.8191407650454964,0,1,0.0,0.0021337585744700006,0,1,,
2669,2.669,0.0,0.7791907985193021,0,1,0.0,0.0020296939408165626,0,1,,
2670,2.67,0.0,0.7411892148517675,0,1,0.0,0.0019307045992355252,0,1,,
2671,2.6710000000000003,0.0,0.7050409902895829,0,1,0.0,0.0018365430248116904,0,1,,
2672,2.672,0.0,0.6706557354425734,0,1,0.0,0.0017469737645624248,0,1,,
2673,2.673,0.0,0.6379474692631422,0,1,0.0,0.0016617728486825612,0,1,,
2674,2.674,0.0,0.6068344040488657,0,1,0.0,0.0015807272305032249,0,1,,
2675,2.6750000000000003,0.0,0.5772387409306363,0,1,0.0,0.0015036342537641902,0,1,,
2676,2.676,0.0,0.5490864753349659,0,1,0.0,0.0014303011458676712,0,1,,
2677,2.677,0.0,0.5223072119340051,0,1,0.0,0.0013605445358464167,0,1,,
2678,2.678,0.0,0.4968339886205561,0,1,0.0,0.001294189995840778,0,1,,
2679,2.6790000000000003,0.0,0.4726031090679259,0,1,0.0,0.0012310716049382046,0,1,,
2680,2.68,0.0,0.44955398345593134,0,1,0.0,0.0011710315342845388,0,1,,
2681,2.681,0.0,0.4276289769647891,0,1,0.0,0.00111391965242967,0,1,,
2682,2.682,0.0,0.4067732656580454,0,1,0.0,0.0010595931499207103,0,1,,
2683,2.6830000000000003,0.0,0.38693469939417857,0,1,0.0,0.001007916182203976,0,1,,
2684,2.684,0.0,0.36806367142408125,0,1,0.0,0.0009587595299428449,0,1,,
2685,2.685,0.0,0.3501129943483487,0,1,0.0,0.0009120002759021074,0,1,,
2686,2.686,0.0,0.3330377821242015,0,1,0.0,0.000867521497590854,0,1,,
2687,2.6870000000000003,0.0,0.31679533782699837,0,1,0.0,0.0008252119748953456,0,1,,
2688,2.688,0.0,0.3013450468856849,0,1,0.0,0.0007849659119707973,0,1,,
2689,2.689,0.0,0.28664827552521077,0,1,0.0,0.0007466826726966596,0,1,,
2690,2.69,0.0,0.27266827416196837,0,1,0.0,0.0007102665290338985,0,1,,
2691,2.691,0.0,0.25937008551069207,0,1,0.0,0.0006756264216550349,0,1,,
2692,2.692,0.0,0.2467204571730366,0,1,0.0,0.0006426757322483956,0,1,,
2693,2.693,0.0,0.23468775848926066,0,1,0.0,0.0006113320669272163,0,1,,
2694,2.694,0.0,0.22324190144510198,0,1,0.0,0.000581517050202008,0,1,,
2695,2.695,0.0,0.21235426543606947,0,1,0.0,0.0005531561290010088,0,1,,
2696,2.696,0.0,0.20199762570102422,0,1,0.0,0.0005261783862486723,0,1,,
2697,2.697,0.0,0.19214608524609592,0,1,0.0,0.0005005163635360391,0,1,,
2698,2.698,0.0,0.18277501008870894,0,1,0.0,0.0004761058924395766,0,1,,
2699,2.699,0.0,0.1738609676597948,0,1,0.0,0.0004528859340666973,0,1,,
2700,2.7,0.0,0.16538166821016387,0,1,0.0,0.00043079842642673277,0,1,2.7019177548520577,3.558127555068432
2701,2.701,0.0,0.1573159090745222,0,1,0.0,0.0004097881392457142,0,1,,
2702,2.702,0.0,0.1496435216537644,0,1,0.0,0.0003898025358619192,0,1,,
2703,2.703,0.0,0.14234532098297045,0,1,0.0,0.0003707916418568523,0,1,,
2704,2.704,0.0,0.13540305775900038,0,1,0.0,0.0003527079200931685,0,1,,
2705,2.705,0.0,0.12879937270773087,0,1,0.0,0.0003355061518470685,0,1,,
2706,2.706,0.0,0.12251775317682781,0,1,0.0,0.0003191433237379362,0,1,,
2707,2.707,0.0,0.11654249184551445,0,1,0.0,0.0003035785201724821,0,1,,
2708,2.708,0.0,0.11085864744808786,0,1,0.0,0.00028877282103444856,0,1,,
2709,2.709,0.0,0.10545200741297217,0,1,0.0,0.0002746892043640462,0,1,,
2710,2.71,0.0,0.10030905232388655,0,1,0.0,0.0002612924537837707,0,1,,
2711,2.711,0.0,0.09541692211426261,0,1,0.0,0.0002485490704391156,0,1,,
2712,2.712,0.0,0.09076338391037948,0,1,0.0,0.00023642718923398739,0,1,,
2713,2.713,0.0,0.08633680144280764,0,1,0.0,0.00022489649915136722,0,1,,
2714,2.714,0.0,0.08212610594967433,0,1,0.0,0.00021392816745998037,0,1,,
2715,2.715,0.0,0.07812076849899338,0,1,0.0,1.0002034947676175,0,1,,
2716,2.716,0.0,0.07431077366085098,0,1,0.0,0.9514229947114037,0,1,,
2717,2.717,0.0,0.0706865944636141,0,1,0.0,0.9050215477160743,0,1,,
2718,2.718,0.0,0.067239168571539,0,1,0.0,0.8608831259947068,0,1,,
2719,2.719,0.0,0.06395987562421154,0,1,0.0,0.8188973605023206,0,1,,
2720,2.72,0.0,0.06084051568115599,0,1,0.0,0.7789592649557762,0,1,,
2721,2.721,0.0,0.05787328871771268,0,1,0.0,0.7409689733133822,0,1,,
2722,2.722,0.0,0.0550507751209135,0,1,0.0,0.7048314900577735,0,1,,
2723,2.723,0.0,0.05236591713658477,0,1,0.0,0.6704564526576365,0,1,,
2724,2.724,0.0,0.04981200122128561,0,1,0.0,0.6377579056143138,0,1,,
2725,2.725,0.0,0.047382641254952375,0,1,0.0,0.6066540855282844,0,1,,
2726,2.726,0.0,0.045071762572272134,0,1,0.0,0.5770672166480769,0,1,,
2727,2.727,0.0,0.04287358677285524,0,1,0.0,0.5489233163903791,0,1,,
2728,2.728,0.0,0.04078261727222452,0,1,0.0,0.5221520103450437,0,1,,
2729,2.729,0.0,0.03879362555749101,0,1,0.0,0.49668635630240676,0,1,,
2730,2.73,0.0,0.036901638113348366,0,1,0.0,0.47246267686289495,0,1,,
2731,2.731,0.0,0.03510192398569398,0,1,0.0,0.4494204002103584,0,1,,
2732,2.732,0.0,0.033389982951779494,0,1,0.0,0.4275019086509798,0,1,,
2733,2.733,0.0,0.03176153426730986,0,1,0.0,0.40665239453902835,0,1,,
2734,2.734,0.0,0.030212505962352868,0,1,0.0,0.3868197232291972,0,1,,
2735,2.735,0.0,0.02873902465929331,0,1,0.0,0.36795430271283475,0,1,,
2736,2.736,0.0,0.027337405887371404,0,1,0.0,0.35000895961209133,0,1,,
2737,2.737,0.0,0.026004144869586732,0,1,0.0,0.33293882122190327,0,1,,
2738,2.738,0.0,0.024735907758930184,0,1,0.0,0.3167012033048572,0,1,,
2739,2.739,0.0,0.023529523302029905,0,1,0.0,0.30125550335836293,0,1,,
2740,2.74,0.0,0.022381974909366047,0,1,0.0,0.2865630990872485,0,1,,
2741,2.741,0.0,0.021290393112225685,0,1,0.0,0.27258725182790444,0,1,,
2742,2.742,0.0,0.020252048387536404,0,1,0.0,0.2592930146824887,0,1,,
2743,2.743,0.0,0.019264344332636865,0,1,0.0,0.24664714513347893,0,1,,
2744,2.744,0.0,0.018324811172917756,0,1,0.0,0.23461802192006326,0,1,,
2745,2.745,0.0,0.01743109958609881,0,1,0.0,0.22317556596851768,0,1,,
2746,2.746,0.0,0.016580974827699407,0,1,0.0,0.2122911651788542,0,1,,
2747,2.747,0.0,0.015772311143013334,0,1,0.0,0.2019376028796675,0,1,,
2748,2.748,0.0,0.015003086451614772,0,1,0.0,0.19208898977227984,0,1,,
2749,2.749,0.0,0.01427137729110398,0,1,0.0,0.1827206991940093,0,1,,
2750,2.75,0.0,0.013575354007449397,0,1,0.0,0.17380930553868554,0,1,,
2751,2.751,0.0,0.012913276179899551,0,1,0.0,0.1653325256804326,0,1,,
2752,2.7520000000000002,0.0,0.01228348826902463,0,1,0.0,0.15726916325424742,0,1,,
2753,2.753,0.0,0.01168441547700557,0,1,0.0,0.1495990556540466,0,1,,
2754,2.754,0.0,0.011114559809819244,0,1,0.0,0.14230302361564903,0,1,,
2755,2.755,0.0,0.010572496331473126,0,1,0.0,0.13536282325862534,0,1,,
2756,2.7560000000000002,0.0,0.010056869600923092,0,1,0.0,0.12876110046709405,0,1,,
2757,2.757,0.0,0.009566390282764799,0,1,0.0,0.1224813474953925,0,1,,
2758,2.758,0.0,0.009099831923223582,0,1,0.0,0.11650786169011418,0,1,,
2759,2.759,0.0,0.008656027883381193,0,1,0.0,0.1108257062252961,0,1,,
2760,2.7600000000000002,0.0,0.008233868421970826,0,1,0.0,0.10542067275257361,0,1,,
2761,2.761,0.0,0.00783229792044591,0,1,0.0,0.10027924587290869,0,1,,
2762,2.762,0.0,0.007450312243383903,0,1,0.0,0.09538856934105254,0,1,,
2763,2.763,0.0,0.0070869562276246936,0,1,0.0,0.09073641391823586,0,1,,
2764,2.7640000000000002,0.0,0.006741321293865188,0,1,0.0,0.08631114679270208,0,1,,
2765,2.765,0.0,0.006412543174737792,0,1,0.0,0.08210170249161865,0,1,,
2766,2.766,0.0,0.006099799753691812,0,1,0.0,0.07809755521163124,0,1,,
2767,2.767,0.0,0.005802309009273859,0,1,0.0,0.07428869249887272,0,1,,
2768,2.7680000000000002,0.0,0.005519327059666881,0,1,0.0,0.0706655902126132,0,1,,
2769,2.769,0.0,0.005250146302598145,0,1,0.0,0.06721918870994735,0,1,,
2770,2.77,0.0,0.004994093645964985,0,1,0.0,0.0639408701919681,0,1,,
2771,2.771,0.0,0.004750528824753945,0,1,0.0,0.06082243715478068,0,1,,
2772,2.7720000000000002,0.0,0.004518842800044749,0,1,0.0,0.05785609189147287,0,1,,
2773,2.773,0.0,0.004298456236095761,0,1,0.0,0.05503441699378617,0,1,,
2774,2.774,0.0,0.004088818051702876,0,1,0.0,0.05235035680473153,0,1,,
2775,2.775,0.0,0.0038894040422094572,0,1,0.0,0.049797199775771815,0,1,,
2776,2.7760000000000002,0.0,0.003699715568721653,0,1,0.0,0.04736856168445451,0,1,,
2777,2.777,0.0,0.00351927831125143,0,1,0.0,0.045058369670530236,0,1,,
2778,2.778,0.0,0.0033476410826695424,0,1,0.0,0.0428608470506389,0,1,,
2779,2.779,0.0,0.003184374700502696,0,1,0.0,0.04077049887359237,0,1,,
2780,2.7800000000000002,0.0,0.003029070913753813,0,1,0.0,0.038782098180134277,0,1,,
2781,2.781,0.0,0.0028813413820618916,0,1,0.0,0.036890672932819314,0,1,,
2782,2.782,0.0,0.002740816704648825,0,1,0.0,0.03509149358332978,0,1,,
2783,2.783,0.0,0.0026071454966250453,0,1,0.0,0.033380061246141284,0,1,,
2784,2.7840000000000003,0.0,0.00247999351034427,0,1,0.0,0.03175209644896556,0,1,,
2785,2.785,0.0,0.0023590427996102855,0,1,0.0,0.030203528431840675,0,1,,
2786,2.786,0.0,0.002243990924645845,0,1,0.0,0.02873048496811076,0,1,,
2787,2.787,0.0,0.0021345501958356925,0,1,0.0,0.027329282681842412,0,1,,
2788,2.7880000000000003,0.0,0.0020304469543526724,0,1,0.0,0.025996417837466288,0,1,,
2789,2.789,0.0,0.00193142088786812,0,1,0.0,0.024728557578613152,0,1,,
2790,2.79,0.0,0.00183722437963545,0,1,0.0,0.023522531594236958,0,1,,
2791,2.791,0.0,0.0017476218893193105,0,1,0.0,0.022375324191185885,0,1,,
2792,2.7920000000000003,0.0,0.0016623893640220582,0,1,0.0,0.021284066753398653,0,1,,
2793,2.793,0.0,0.0015813136780348104,0,1,0.0,0.020246030568870182,0,1,,
2794,2.794,0.0,0.00150419209991216,0,1,0.0,0.019258620006450247,0,1,,
2795,2.795,0.0,0.0014308317855379646,0,1,0.0,0.018319366025413605,0,1,,
2796,2.7960000000000003,0.0,0.001361049295914607,0,1,0.0,0.017425920001572115,0,1,,
2797,2.797,0.0,0.0012946701384699538,0,1,0.0,0.016576047854490926,0,1,,
2798,2.798,0.0,0.001231528330735034,0,1,0.0,0.0157676244611237,0,1,,
2799,2.799,0.0,0.0011714659853014114,0,1,0.0,0.014998628341898078,0,1,,
2800,2.8000000000000003,0.0,0.0011143329150204236,0,1,0.0,0.014267136605963807,0,1,2.703849431384155,3.020240941988224
2801,2.801,0.0,0.0010599862574570806,0,1,0.0,0.013571320142964022,0,1,,
2802,2.802,0.0,0.0010082901176595644,0,1,0.0,0.012909439049306614,0,1,,
2803,2.803,0.0,0.0009591152283510647,0,1,0.0,0.012279838277498975,0,1,,
2804,2.8040000000000003,0.0,0.0009123386266942542,0,1,0.0,0.01168094349766719,0,1,,
2805,2.805,0.0,0.0008678433468201471,0,1,0.0,0.011111257160911318,0,1,,
2806,2.806,0.0,0.0008255181273525022,0,1,0.0,0.01056935475465311,0,1,,
2807,2.807,0.0,0.0007852571331964278,0,1,0.0,0.010053881240612563,0,1,,
2808,2.8080000000000003,0.0,0.0007469596908955185,0,1,0.0,0.009563547666506413,0,1,,
2809,2.809,0.0,0.0007105300368957753,0,1,0.0,0.009097127942996042,0,1,,
2810,2.81,0.0,0.0006758770780868395,0,1,0.0,0.008653455777825489,0,1,,
2811,2.811,0.0,0.0006429141640217685,0,1,0.0,0.00823142175948332,0,1,,
2812,2.8120000000000003,0.0,0.0006115588702457845,0,1,0.0,0.007829970583095973,0,1,,
2813,2.813,0.0,0.0005817327921922045,0,1,0.0,0.007448098411615902,0,1,,
2814,2.814,0.0,0.0005533613491301841,0,1,0.0,0.007084850365706077,0,1,,
2815,2.815,0.0,0.0005263735976740437,0,1,0.0,0.006739318136044265,0,1,,
2816,2.816,0.0,0.000500702054387851,0,1,0.0,0.006410637712076611,0,1,,
2817,2.817,0.0,0.0004762825270416807,0,1,0.0,0.006097987221541208,0,1,,
2818,2.818,0.0,0.0004530539540976037,0,1,0.0,0.005800584875359351,0,1,,
2819,2.819,0.0,0.00043095825202403646,0,1,0.0,0.0055176870127556215,0,1,,
2820,2.82,0.0,1.0004099401700566,0,1,0.0,0.0052485862417185935,0,1,,
2821,2.821,0.0,0.9516193716527567,0,1,0.0,0.004992609670152343,0,1,,
2822,2.822,0.0,0.9052083472409829,0,1,0.0,0.004749117223295712,0,1,,
2823,2.823,0.0,0.8610608151992827,0,1,0.0,0.0045175000432020095,0,1,,
2824,2.824,0.0,0.8190663837021294,0,1,0.0,0.004297178966276998,0,1,,
2825,2.825,0.0,0.7791200447968575,0,1,0.0,0.004087603075068242,0,1,,
2826,2.826,0.0,0.7411219118290853,0,1,0.0,0.0038882483206845128,0,1,,
2827,2.827,0.0,0.7049769696740497,0,1,0.0,0.0036986162124005967,0,1,,
2828,2.828,0.0,0.6705948371493036,0,1,0.0,0.0035182325711708303,0,1,,
2829,2.829,0.0,0.6378895410146821,0,1,0.0,0.0033466463439344963,0,1,,
2830,2.83,0.0,0.6067793009944207,0,1,0.0,0.0031834284757482297,0,1,,
2831,2.831,0.0,0.5771863252838683,0,1,0.0,0.003028170836925174,0,1,,
2832,2.832,0.0,0.549036616029456,0,1,0.0,0.0028804852024981787,0,1,,
2833,2.833,0.0,0.5222597842955189,0,1,0.0,0.0027400022814551652,0,1,,
2834,2.834,0.0,0.4967888740552935,0,1,0.0,0.0026063707933192404,0,1,,
2835,2.835,0.0,0.4725601947659745,0,1,0.0,0.0024792565897645306,0,1,,
2836,2.836,0.0,0.44951316210918324,0,1,0.0,0.002358341819071317,0,1,,
2837,2.837,0.0,0.42759014649861454,0,1,0.0,0.002243324131331176,0,1,,
2838,2.838,0.0,0.4067363289760531,0,1,0.0,0.002133915922414719,0,1,,
2839,2.839,0.0,0.3868995641354241,0,1,0.0,0.0020298436148114634,0,1,,
2840,2.84,0.0,0.36803024973211657,0,1,0.0,0.0019308469735435574,0,1,,
2841,2.841,0.0,0.3500812026515353,0,1,0.0,0.0018366784554427835,0,1,,
2842,2.842,0.0,0.3330075409267378,0,1,0.0,0.0017471025901636993,0,1,,
2843,2.843,0.0,0.31676657151013876,0,1,0.0,0.0016618953913851225,0,1,,
2844,2.844,0.0,0.30131768351865357,0,1,0.0,0.0015808437967276589,0,1,,
2845,2.845,0.0,0.2866222466853371,0,1,0.0,0.0015037451349867747,0,1,,
2846,2.846,0.0,0.2726435147635949,0,1,0.0,0.0014304066193492181,0,1,,
2847,2.847,0.0,0.25934653364242627,0,1,0.0,0.0013606448653255686,0,1,,
2848,2.848,0.0,0.2466980539429402,0,1,0.0,0.0012942854321934922,0,1,,
2849,2.849,0.0,0.2346664478775891,0,1,0.0,0.0012311623868050735,0,1,,
2850,2.85,0.0,0.2232216301642259,0,1,0.0,0.0011711178886675156,0,1,,
2851,2.851,0.0,0.21233498279722782,0,1,0.0,0.0011140017952596922,0,1,,
2852,2.852,0.0,0.20197928348757602,0,1,0.0,0.0010596712865976392,0,1,,
2853,2.853,0.0,0.1921286375929535,0,1,0.0,0.0010079905081102035,0,1,,
2854,2.854,0.0,0.18275841336765142,0,1,0.0,0.0009588302309318511,0,1,,
2855,2.855,0.0,0.17384518037037466,0,1,0.0,0.0009120675287631915,0,1,,
2856,2.856,0.0,0.16536665087593433,0,1,0.0,0.000867585470491199,0,1,,
2857,2.857,0.0,0.1573016241443255,0,1,0.0,0.0008252728278005245,0,1,,
2858,2.858,0.0,0.14962993340783437,0,1,0.0,0.0007850237970447697,0,1,,
2859,2.859,0.0,0.14233239544361445,0,1,0.0,0.0007467377346822617,0,1,,
2860,2.86,0.0,0.13539076260563743,0,1,0.0,0.0007103189056147746,0,1,,
2861,2.861,0.0,0.12878767719607329,0,1,0.0,0.0006756762437999191,0,1,,
2862,2.862,0.0,0.12250662806200452,0,1,0.0,0.0006427231245386012,0,1,,
2863,2.863,0.0,0.11653190930894358,0,1,0.0,0.0006113771478681543,0,1,,
2864,2.864,0.0,0.1108485810279158,0,1,0.0,0.0005815599325195124,0,1,,
2865,2.865,0.0,0.1054424319379051,0,1,0.0,0.0005531969199232098,0,1,,
2866,2.866,0.0,0.10029994385024918,0,1,0.0,0.0005262171877741225,0,1,,
2867,2.867,0.0,0.09540825786612646,0,1,0.0,0.0005005532726887627,0,1,,
2868,2.868,0.0,0.09075514222261119,0,1,0.0,0.00047614100151168067,0,1,,
2869,2.869,0.0,0.0863289617068949,0,1,0.0,0.0004529193308491496,0,1,,
2870,2.87,0.0,0.08211864856219381,0,1,0.0,0.00043083019442888504,0,1,,
2871,2.871,0.0,0.078113674812592,0,1,0.0,0.00040981835790411905,0,1,,
2872,2.872,0.0,0.07430402593761781,0,1,0.0,0.0003898312807389628,0,1,,
2873,2.873,0.0,0.07068017583072632,0,1,0.0,0.0003708189848296999,0,1,,
2874,2.874,0.0,0.06723306297907107,0,1,0.0,0.00035273392953349443,0,1,,
2875,2.875,0.0,0.06395406780500204,0,1,0.0,0.0003355308927920213,0,1,,
2876,2.876,0.0,0.060834991112631735,0,1,0.0,1.0003191668580527,0,1,,
2877,2.8770000000000002,0.0,0.05786803358557474,0,1,0.0,0.9515330254074191,0,1,,
2878,2.878,0.0,0.05504577628459425,0,1,0.0,0.9051262121517226,0,1,,
2879,2.879,0.0,0.05236116209638964,0,1,0.0,0.8609826858855942,0,1,,
2880,2.88,0.0,0.04980747808713732,0,1,0.0,0.8189920648000328,0,1,,
2881,2.8810000000000002,0.0,0.04737833871665956,0,1,0.0,0.7790493504703867,0,1,,
2882,2.882,0.0,0.04506766987124797,0,1,0.0,0.741054665305601,0,1,,
2883,2.883,0.0,0.04286969367521537,0,1,0.0,0.7049130028022161,0,1,,
2884,2.884,0.0,0.040778914043197015,0,1,0.0,0.6705339899786222,0,1,,
2885,2.8850000000000002,0.0,0.03879010293707438,0,1,0.0,0.6378316613955324,0,1,,
2886,2.886,0.0,0.03689828729315672,0,1,0.0,0.6067242441976065,0,1,,
2887,2.887,0.0,0.03509873658693148,0,1,0.0,0.5771339536387199,0,1,,
2888,2.888,0.0,0.03338695100428899,0,1,0.0,0.5489867985795813,0,1,,
2889,2.8890000000000002,0.0,0.031758650189643356,0,1,0.0,0.5222123964713445,0,1,,
2890,2.89,0.0,0.03020976254281394,0,1,0.0,0.4967437973625758,0,1,,
2891,2.891,0.0,0.028736415037904132,0,1,0.0,0.4725173164895023,0,1,,
2892,2.892,0.0,0.027334923538719212,0,1,0.0,0.449472375030931,0,1,,
2893,2.8930000000000002,0.0,0.026001783586506896,0,1,0.0,0.4275513486296416,0,1,,
2894,2.894,0.0,0.024733661636985066,0,1,0.0,0.4066994233014781,0,1,,
2895,2.895,0.0,0.023527386724744692,0,1,0.0,0.3868644583718373,0,1,,
2896,2.896,0.0,0.022379942534184634,0,1,0.0,0.36799685609682325,0,1,,
2897,2.8970000000000002,0.0,0.0212884598571515,0,1,0.0,0.35004943764305324,0,1,,
2898,2.898,0.0,0.020250209418424776,0,1,0.0,0.3329773251160001,0,1,,
2899,2.899,0.0,0.019262595051107136,0,1,0.0,0.3167378293418799,0,1,,
2900,2.9,0.0,0.018323147204854943,0,1,0.0,0.30129034312248176,0,1,2.6972206375052443,2.699442533325011
2901,2.9010000000000002,0.0,0.017429516770716035,0,1,0.0,0.286596239696021,0,1,,
2902,2.902,0.0,0.016579469207133758,0,1,0.0,0.27261877615011476,0,1,,
2903,2.903,0.0,0.015770878952429155,0,1,0.0,0.25932300154536264,0,1,,
2904,2.904,0.0,0.015001724109789609,0,1,0.0,0.24667566951979308,0,1,,
2905,2.9050000000000002,0.0,0.014270081391473656,0,1,0.0,0.2346451551556411,0,1,,
2906,2.906,0.0,0.013574121309589834,0,1,0.0,0.22320137590058123,0,1,,
2907,2.907,0.0,0.012912103601424016,0,1,0.0,0.21231571634567742,0,1,,
2908,2.908,0.0,0.012282372877876164,0,1,0.0,0.20196095667195557,0,1,,
2909,2.9090000000000003,0.0,0.011683354484125321,0,1,0.0,0.19211120458667794,0,1,,
2910,2.91,0.0,0.011113550562172366,0,1,0.0,0.18274183057912458,0,1,,
2911,2.911,0.0,0.010571536305414806,0,1,0.0,0.17382940633398766,0,1,,
2912,2.912,0.0,0.010055956395888131,0,1,0.0,0.16535164614837985,0,1,,
2913,2.9130000000000003,0.0,0.009565521615264942,0,1,0.0,0.15728735120596907,0,1,,
2914,2.914,0.0,0.00909900562113761,0,1,0.0,0.14961635656889563,0,1,,
2915,2.915,0.0,0.00865524188052349,0,1,0.0,0.1423194807549242,0,1,,
2916,2.916,0.0,0.008233120752924837,0,1,0.0,0.135378477773747,0,1,,
2917,2.9170000000000003,0.0,0.007831586715649578,0,1,0.0,0.12877599150250407,0,1,,
2918,2.918,0.0,0.007449635724454785,0,1,0.0,0.12249551228643579,0,1,,
2919,2.919,0.0,0.0070863127029130845,0,1,0.0,0.11652133565614646,0,1,,
2920,2.92,0.0,0.006740709154224113,0,1,0.0,0.11083852305825073,0,1,,
2921,2.9210000000000003,0.0,0.0064119608894992975,0,1,0.0,0.10543286450120896,0,1,,
2922,2.922,0.0,0.0060992458668395035,0,1,0.0,0.10029084302294676,0,1,,
2923,2.923,0.0,0.0058017821358021,0,1,0.0,0.0953996008914091,0,1,,
2924,2.924,0.0,0.005518825882117555,0,1,0.0,0.09074690745353288,0,1,,
2925,2.9250000000000003,0.0,0.005249669567766327,0,1,0.0,0.08632112855224364,0,1,,
2926,2.926,0.0,0.004993640161765275,0,1,0.0,0.08211119743500286,0,1,,
2927,2.927,0.0,0.004750097457239635,0,1,0.0,0.07810658708116228,0,1,,
2928,2.928,0.0,0.004518432470572363,0,1,0.0,0.0742972838789289,0,1,,
2929,2.9290000000000003,0.0,0.004298065918627888,0,1,0.0,0.07067376258611971,0,1,,
2930,2.93,0.0,0.004088446770242539,0,1,0.0,0.06722696251209474,0,1,,
2931,2.931,0.0,0.003889050868359613,0,1,0.0,0.06394826486131096,0,1,,
2932,2.932,0.0,0.003699379619363717,0,1,0.0,0.06082947118184406,0,1,,
2933,2.9330000000000003,0.0,0.003518958746337019,0,1,0.0,0.05786278286498829,0,1,,
2934,2.934,0.0,0.003347337103119917,0,1,0.0,0.05504078164467259,0,1,,
2935,2.935,0.0,0.003184085546210646,0,1,0.0,0.05235641104793137,0,1,,
2936,2.936,0.0,0.0030287958616829944,0,1,0.0,0.04980295875004658,0,1,,
2937,2.9370000000000003,0.0,0.002881079744438859,0,1,0.0,0.04737403979023961,0,1,,
2938,2.938,0.0,0.0027405678272432402,0,1,0.0,0.04506358060594355,0,1,,
2939,2.939,0.0,0.0026069087571137595,0,1,0.0,0.04286580384573322,0,1,,
2940,2.94,0.0,0.002479768316755193,0,1,0.0,0.04077521392293731,0,1,,
2941,2.9410000000000003,0.0,0.002358828588842147,0,1,0.0,0.038786583273809155,0,1,,
2942,2.942,0.0,0.0022437871610601467,0,1,0.0,0.036894939285894504,0,1,,
2943,2.943,0.0,0.002134356369917334,0,1,0.0,0.03509555186391022,0,1,,
2944,2.944,0.0,0.0020302625814358987,0,1,0.0,0.033383921602042274,0,1,,
2945,2.945,0.0,0.001931245506924604,0,1,0.0,0.031755768533087626,0,1,,
2946,2.946,0.0,0.0018370575521214807,0,1,0.0,0.030207021426306827,0,1,,
2947,2.947,0.0,0.0017474631980792066,0,1,0.0,0.02873380760722658,0,1,,
2948,2.948,0.0,0.001662238412245061,0,1,0.0,0.02733244327393638,0,1,,
2949,2.949,0.0,0.00158117008826285,0,1,0.0,0.025999424285664912,0,1,,
2950,2.95,0.0,0.001504055513096014,0,1,0.0,0.02473141740060292,0,1,,
2951,2.951,0.0,0.0014307018601394477,0,1,0.0,0.02352525194106246,0,1,,
2952,2.952,0.0,0.0013609257070525478,0,1,0.0,0.02237791186513115,0,1,,
2953,2.953,0.0,0.0012945525771078223,0,1,0.0,0.021286528224996406,0,1,,
2954,2.954,0.0,0.00123141650290819,0,1,0.0,0.020248371993081538,0,1,,
2955,2.955,0.0,0.0011713596113820395,0,1,0.0,0.019260847238055327,0,1,,
2956,2.956,0.0,0.0011142317290183173,0,1,0.0,0.018321484633651536,0,1,,
2957,2.957,0.0,0.0010598900063545295,0,1,0.0,0.017427935284067025,0,1,,
2958,2.958,0.0,0.0010081985607786773,0,1,0.0,0.016577964850498766,0,1,,
2959,2.959,0.0,0.0009590281367519493,0,1,0.0,0.015769447964133005,0,1,,
2960,2.96,0.0,0.0009122557826025488,0,1,0.0,0.015000362911616195,0,1,,
2961,2.961,0.0,0.000867764543082471,0,1,0.0,0.014268786579718529,0,1,,
2962,2.962,0.0,0.0008254431669184639,0,1,0.0,0.013572889646549168,0,1,,
2963,2.963,0.0,0.0007851858286258973,0,1,0.0,0.012910932007298665,0,1,,
2964,2.964,0.0,0.0007468918638899285,0,1,0.0,0.012281258423070558,0,1,,
2965,2.965,0.0,0.0007104655178522823,0,1,0.0,0.011682294381921953,0,1,,
2966,2.966,0.0,0.0006758157056742282,0,1,0.0,0.011112542161763545,0,1,,
2967,2.967,0.0,0.00064285578477704,0,1,0.0,0.010570577085274258,0,1,,
2968,2.968,0.0,0.0006115033381904186,0,1,0.0,0.010055043957465867,0,1,,
2969,2.969,0.0,0.0005816799684671374,0,1,0.0,0.009564653676989639,0,1,,
2970,2.97,0.0,0.0005533111016485887,0,1,0.0,0.009098180012711492,0,1,,
2971,2.971,0.0,0.0005263258007910431,0,1,0.0,0.008654456537495452,0,1,,
2972,2.972,0.0,0.0005006565885863414,0,1,0.0,0.008232373711528242,0,1,,
2973,2.973,0.0,0.00047623927863347626,0,1,0.0,0.007830876107891818,0,1,,
2974,2.974,0.0,0.0004530128149391568,0,1,0.0,0.007448959773446325,0,1,,
2975,2.975,0.0,0.0004309191192460226,0,1,0.0,0.007085669718424317,0,1,,
2976,2.976,0.0,0.00040990294580674864,0,1,0.0,0.0067400975284588995,0,1,,
2977,2.977,0.0,0.0003899117432409009,0,1,0.0,0.0064113790930746435,0,1,,
2978,2.978,0.0,0.00037089552312911234,0,1,0.0,0.006098692444961303,0,1,,
2979,2.979,0.0,0.0003528067350159968,0,1,0.0,0.005801255704627393,0,1,,
2980,2.98,0.0,0.00033560014750924253,0,1,0.0,0.005518325125294199,0,1,,
2981,2.981,0.0,1.0003192327351775,0,1,0.0,0.005249193233141432,0,1,,
2982,2.982,0.0,0.9515330880716787,0,1,0.0,0.004993187058254167,0,1,,
2983,2.983,0.0,0.9051262717598102,0,1,0.0,0.004749666451847524,0,1,,
2984,2.984,0.0,0.8609827425865612,0,1,0.0,0.004518022485561269,0,1,,
2985,2.985,0.0,0.8189921187356609,0,1,0.0,0.004297675928821731,0,1,,
2986,2.986,0.0,0.7790494017755432,0,1,0.0,0.004088075800463667,0,1,,
2987,2.987,0.0,0.7410547141085755,0,1,0.0,0.0038886979909903497,0,1,,
2988,2.988,0.0,0.7049130492250414,0,1,0.0,0.003699043952026833,0,1,,
2989,2.989,0.0,0.6705340341373797,0,1,0.0,0.0035186394496893314,0,1,,
2990,2.99,0.0,0.6378317034006418,0,1,0.0,0.003347033378753492,0,1,,
2991,2.991,0.0,0.6067242841541026,0,1,0.0,0.0031837966346563644,0,1,,
2992,2.992,0.0,0.5771339916465147,0,1,0.0,0.0030285210405114837,0,1,,
2993,2.993,0.0,0.548986834733714,0,1,0.0,0.002880818326454042,0,1,,
2994,2.994,0.0,0.5222124308622194,0,1,0.0,0.0027403191587639887,0,1,,
2995,2.995,0.0,0.49674383007618783,0,1,0.0,0.0026066722163393496,0,1,,
2996,2.996,0.0,0.4725173476076526,0,1,0.0,0.0024795433122104804,0,1,,
2997,2.997,0.0,0.44947240463143123,0,1,0.0,0.0023586145578985696,0,1,,
2998,2.998,0.0,0.4275513767865084,0,1,0.0,0.0022435835685288624,0,1,,
2999,2.999,0.0,0.4066994500851183,0,1,0.0,0.002134162706710968,0,1,,
3000,3.0,0.0,0.38686448384922395,0,1,0.0,0.0020300783632955606,0,1,2.7021298207622095,2.691896930968957
3001,3.001,0.0,0.36799688033166306,0,1,0.0,0.0019310702732089876,0,1,,
3002,3.0020000000000002,0.0,0.35004946069594595,0,1,0.0,0.0018368908646550217,0,1,,
3003,3.003,0.0,0.33297734704459,0,1,0.0,0.0017473046400564153,0,1,,
3004,3.004,0.0,0.31673785020099987,0,1,0.0,0.001662087587188291,0,1,,
3005,3.005,0.0,0.30129036296429046,0,1,0.0,0.0015810266190308985,0,1,,
3006,3.0060000000000002,0.0,0.28659625857013327,0,1,0.0,0.0015039190409410711,0,1,,
3007,3.007,0.0,0.2726187941037257,0,1,0.0,0.0014305720438100408,0,1,,
3008,3.008,0.0,0.25932301862336565,0,1,0.0,0.0013608022219402354,0,1,,
3009,3.009,0.0,0.24667568576489204,0,1,0.0,0.001294435114435503,0,1,,
3010,3.0100000000000002,0.0,0.23464517060845724,0,1,0.0,0.0012313047689579994,0,1,,
3011,3.011,0.0,0.22320139059975463,0,1,0.0,0.0011712533267609023,0,1,,
3012,3.012,0.0,0.2123157303279637,0,1,0.0,0.0011141306279593198,0,1,,
3013,3.013,0.0,0.2019609699723177,0,1,0.0,0.0010597938360523628,0,1,,
3014,3.0140000000000002,0.0,0.19211121723837374,0,1,0.0,0.0010081070807574932,0,1,,
3015,3.015,0.0,0.1827418426137899,0,1,0.0,0.0009589411182640451,0,1,,
3016,3.016,0.0,0.17382941778171543,0,1,0.0,0.0009121730080563788,0,1,,
3017,3.017,0.0,0.16535165703779536,0,1,0.0,0.0008676858054985543,0,1,,
3018,3.0180000000000002,0.0,0.1572873615643015,0,1,0.0,0.0008253682694118283,0,1,,
3019,3.019,0.0,0.14961636642204626,0,1,0.0,0.0007851145839137636,0,1,,
3020,3.02,0.0,0.142319490127531,0,1,0.0,0.0007468240938234069,0,1,,
3021,3.021,0.0,0.13537848668924637,0,1,0.0,0.0007104010529709067,0,1,,
3022,3.0220000000000002,0.0,0.1287759999831894,0,1,0.0,0.0006757543847822168,0,1,,
3023,3.023,0.0,0.1224955203535132,0,1,0.0,0.0006427974545402222,0,1,,
3024,3.024,0.0,0.11652134332978786,0,1,0.0,0.0006114478527528194,0,1,,
3025,3.025,0.0,0.11083853035764422,0,1,0.0,0.0005816271890862618,0,1,,
3026,3.0260000000000002,0.0,0.10543287144460683,0,1,0.0,0.0005532608963484928,0,1,,
3027,3.027,0.0,0.10029084962771112,0,1,0.0,0.000526278044032326,0,1,,
3028,3.028,0.0,0.0953996071740553,0,1,0.0,0.0005006111609522309,0,1,,
3029,3.029,0.0,0.0907469134297708,0,1,0.0,0.00047619606653122494,0,1,,
3030,3.0300000000000002,0.0,0.086321134237017,0,1,0.0,0.0004529717103160008,0,1,,
3031,3.031,0.0,0.08211120284252656,0,1,0.0,0.0004308800193189936,0,1,,
3032,3.032,0.0,0.07810659222495793,0,1,0.0,0.0004098657528056628,0,1,,
3033,3.033,0.0,0.07429728877185868,0,1,0.0,0.0003898763641638825,0,1,,
3034,3.0340000000000003,0.0,0.07067376724041849,0,1,0.0,0.0003708618695100408,0,1,,
3035,3.035,0.0,0.0672269669394007,0,1,0.0,1.0003527747227032,0,1,,
3036,3.036,0.0,0.06394826907269464,0,1,0.0,0.9515649941971694,0,1,,
3037,3.037,0.0,0.060829475187836136,0,1,0.0,0.9051566218051987,0,1,,
3038,3.0380000000000003,0.0,0.05786278667560583,0,1,0.0,0.8610116124427697,0,1,,
3039,3.039,0.0,0.055040785269444115,0,1,0.0,0.8190195805923677,0,1,,
3040,3.04,0.0,0.052356414495920704,0,1,0.0,0.779075524301694,0,1,,
3041,3.041,0.0,0.04980296202987549,0,1,0.0,0.7410795626240925,0,1,,
3042,3.0420000000000003,0.0,0.047374042910109375,0,1,0.0,0.7049366858641564,0,1,,
3043,3.043,0.0,0.045063583573655475,0,1,0.0,0.6705565180040021,0,1,,
3044,3.044,0.0,0.04286580666870813,0,1,0.0,0.6378530907161496,0,1,,
3045,3.045,0.0,0.040775216608234105,0,1,0.0,0.6067446283979248,0,1,,
3046,3.0460000000000003,0.0,0.038786585828142484,0,1,0.0,0.5771533436898576,0,1,,
3047,3.047,0.0,0.036894941715651525,0,1,0.0,0.549005242966766,0,1,,
3048,3.048,0.0,0.035095554175166584,0,1,0.0,0.5222299413151515,0,1,,
3049,3.049,0.0,0.03338392380057734,0,1,0.0,0.49676048653425325,0,1,,
3050,3.0500000000000003,0.0,0.031755770624398875,0,1,0.0,0.47253319172067243,0,1,,
3051,3.051,0.0,0.030207023415623622,0,1,0.0,0.4494874760179408,0,1,,
3052,3.052,0.0,0.02873380949952325,0,1,0.0,0.4275657131328243,0,1,,
3053,3.053,0.0,0.027332445073944653,0,1,0.0,0.40671308723957383,0,1,,
3054,3.0540000000000003,0.0,0.02599942599788575,0,1,0.0,0.3868774559118085,0,1,,
3055,3.055,0.0,0.024731419029317765,0,1,0.0,0.36800921973928996,0,1,,
3056,3.056,0.0,0.023525253490343945,0,1,0.0,0.3500611983035616,0,1,,
3057,3.057,0.0,0.022377913338853285,0,1,0.0,0.3329885122023272,0,1,,
3058,3.0580000000000003,0.0,0.021286529626844262,0,1,0.0,0.31674847082756874,0,1,,
3059,3.059,0.0,0.020248373326560466,0,1,0.0,0.3013004656167894,0,1,,
3060,3.06,0.0,0.01926084850649972,0,1,0.0,0.2866058685104558,0,1,,
3061,3.061,0.0,0.018321485840233166,0,1,0.0,0.27262793536172814,0,1,,
3062,3.0620000000000003,0.0,0.017427936431802977,0,1,0.0,0.2593317140569545,0,1,,
3063,3.063,0.0,0.016577965942258972,0,1,0.0,0.24668395711718055,0,1,,
3064,3.064,0.0,0.01576944900264744,0,1,0.0,0.23465303856213446,0,1,,
3065,3.065,0.0,0.015000363899481683,0,1,0.0,0.22320887482880303,0,1,,
3066,3.0660000000000003,0.0,0.014268787519405248,0,1,0.0,0.2123228495468542,0,1,,
3067,3.067,0.0,0.013572890540406824,0,1,0.0,0.20196774198280582,0,1,,
3068,3.068,0.0,0.012910932857562368,0,1,0.0,0.19211765897401306,0,1,,
3069,3.069,0.0,0.01228125923186641,0,1,0.0,0.18274797018227487,0,1,,
3070,3.0700000000000003,0.0,0.011682295151272367,0,1,0.0,0.17383524650515897,0,1,,
3071,3.071,0.0,0.011112542893592295,0,1,0.0,0.16535720149104213,0,1,,
3072,3.072,0.0,0.010570577781411298,0,1,0.0,0.1572926356113726,0,1,,
3073,3.073,0.0,0.010055044619651904,0,1,0.0,0.14962138325080648,0,1,,
3074,3.074,0.0,0.009564654306880482,0,1,0.0,0.14232426228266543,0,1,,
3075,3.075,0.0,0.009098180611882197,0,1,0.0,0.1353830261036285,0,1,,
3076,3.076,0.0,0.008654457107444256,0,1,0.0,0.1287803180077197,0,1,,
3077,3.077,0.0,0.008232374253680314,0,1,0.0,0.12249962778550214,0,1,,
3078,3.078,0.0,0.00783087662360282,0,1,0.0,0.11652525043995487,0,1,,
3079,3.079,0.0,0.007448960264005804,0,1,0.0,0.11084224691579984,0,1,,
3080,3.08,0.0,0.007085670185058928,0,1,0.0,0.10543640674408233,0,1,,
3081,3.081,0.0,0.006740097972335472,0,1,0.0,0.10029421250859664,0,1,,
3082,3.082,0.0,0.006411379515303101,0,1,0.0,0.0954028060453047,0,1,,
3083,3.083,0.0,0.0060986928465974356,0,1,0.0,0.09074995629022843,0,1,,
3084,3.084,0.0,0.0058012560866755,0,1,0.0,0.08632402869541894,0,1,,
3085,3.085,0.0,0.005518325488709601,0,1,0.0,0.08211395613652649,0,1,,
3086,3.086,0.0,0.005249193578832855,0,1,0.0,0.07810921123922496,0,1,,
3087,3.087,0.0,0.00499318738708602,0,1,0.0,0.07429978005529266,0,1,,
3088,3.088,0.0,0.0047496667646420585,0,1,0.0,0.07067613702252566,0,1,,
3089,3.089,0.0,0.004518022783100634,0,1,0.0,0.0672292211458707,0,1,,
3090,3.09,0.0,0.00429767621184993,0,1,0.0,0.06395041334021781,0,1,,
3091,3.091,0.0,0.004088076069688418,0,1,0.0,0.06083151487819817,0,1,,
3092,3.092,0.0,0.0038886982470848546,0,1,0.0,0.05786472688909507,0,1,,
3093,3.093,0.0,0.003699044195631462,0,1,0.0,0.05504263085760489,0,1,,
3094,3.094,0.0,0.003518639681413222,0,1,0.0,0.05235817007368474,0,1,,
3095,3.095,0.0,0.0033470335991760748,0,1,0.0,0.049804631987101645,0,1,,
3096,3.096,0.0,0.0031837968443288113,0,1,0.0,0.04737563142256055,0,1,,
3097,3.097,0.0,0.0030285212399580844,0,1,0.0,0.045065094613440215,0,1,,
3098,3.098,0.0,0.0028808185161735174,0,1,0.0,0.04286724401421296,0,1,,
3099,3.099,0.0,0.0027403193392307357,0,1,0.0,0.040776583853571476,0,1,,
3100,3.1,0.0,0.0026066723880046297,0,1,0.0,0.0387878863921379,0,1,2.694129957263896,2.708012336604502
3101,3.101,0.0,0.0024795434755035457,0,1,0.0,0.03689617885039241,0,1,,
3102,3.102,0.0,0.002358614713227738,0,1,0.0,0.03509673097413419,0,1,,
3103,3.103,0.0,0.0022435837162825376,0,1,0.0,0.03338504320638205,0,1,,
3104,3.104,0.0,0.0021341628472586116,0,1,0.0,0.03175683543613827,0,1,,
3105,3.105,0.0,0.002030078496988614,0,1,0.0,0.030208036295881688,0,1,,
3106,3.106,0.0,0.001931070400381754,0,1,0.0,0.02873477298102822,0,1,,
3107,3.107,0.0,0.0018368909856254993,0,1,0.0,0.027333361565902138,0,1,,
3108,3.108,0.0,0.001747304755127093,0,1,0.0,0.026000297792003028,0,1,,
3109,3.109,0.0,0.0016620876966469058,0,1,0.0,0.024732248305534225,0,1,,
3110,3.11,0.0,0.0015810267231511535,0,1,0.0,0.02352604232228208,0,1,,
3111,3.111,0.0,0.0015039191399833214,0,1,0.0,0.022378663699003824,0,1,,
3112,3.112,0.0,0.0014305721380219437,0,1,0.0,0.021287243391498428,0,1,,
3113,3.113,0.0,0.0013608023115573695,0,1,0.0,0.020249052280501677,0,1,,
3114,3.114,0.0,0.0012944351996819578,0,1,0.0,0.01926149434746648,0,1,,
3115,3.115,0.0,0.0012313048500469355,0,1,0.0,0.018322100183164297,0,1,,
3116,3.116,0.0,0.0011712534038950844,0,1,0.0,0.0174285208128758,0,1,,
3117,3.117,0.0,0.0011141307013316235,0,1,0.0,0.016578521822730563,0,1,,
3118,3.118,0.0,0.001059793905846257,0,1,0.0,0.015769977772508523,0,1,,
3119,3.119,0.0,0.0010081071471474989,0,1,0.0,0.015000866880932334,0,1,,
3120,3.12,0.0,0.000958941181416172,0,1,0.0,0.014269265970161085,0,1,,
3121,3.121,0.0,0.0009121730681285401,0,1,0.0,0.013573345656843951,0,1,,
3122,3.122,0.0,0.0008676858626409618,0,1,0.0,0.012911365777708938,0,1,,
3123,3.123,0.0,0.0008253683237673677,0,1,0.0,0.012281671038248287,0,1,,
3124,3.124,0.0,0.0007851146356183522,0,1,0.0,0.011682686873620006,0,1,,
3125,3.125,0.0,0.0007468241430063329,0,1,0.0,0.011112915511415604,0,1,,
3126,3.126,0.0,0.000710401099755153,0,1,0.0,0.010570932226448922,0,1,,
3127,3.1270000000000002,0.0,0.0006757544292847685,0,1,0.0,0.01005538177820106,0,1,,
3128,3.128,0.0,0.0006427974968723588,0,1,0.0,0.00956497502201316,0,1,,
3129,3.129,0.0,0.0006114478930203933,0,1,0.0,0.009098485685553282,0,1,,
3130,3.13,0.0,0.0005816272273899629,0,1,0.0,0.008654747302496834,0,1,,
3131,3.1310000000000002,0.0,0.0005532609327841004,0,1,0.0,0.00823265029575317,0,1,,
3132,3.132,0.0,0.000526278078690948,0,1,0.0,0.00783113920294492,0,1,,
3133,3.133,0.0,0.000500611193920532,0,1,0.0,0.007449210037202277,0,1,,
3134,3.134,0.0,0.00047619609789164294,0,1,0.0,0.007085907776672865,0,1,,
3135,3.1350000000000002,0.0,0.0004529717401469532,0,1,0.0,0.006740323976469663,0,1,,
3136,3.136,0.0,0.0004308800476950733,0,1,0.0,0.006411594497085602,0,1,,
3137,3.137,0.0,0.00040986577979782476,0,1,0.0,0.006098897343594682,0,1,,
3138,3.138,0.0,0.00038987638983962124,0,1,0.0,0.0058014506102365025,0,1,,
3139,3.1390000000000002,0.0,0.00037086189393355896,0,1,0.0,0.005518510525244585,0,1,,
3140,3.14,0.0,0.00035277474593566413,0,1,0.0,0.005249369591029539,0,1,,
3141,3.141,0.0,0.0003355697185547674,0,1,0.0,0.004993354815066577,0,1,,
3142,3.142,0.0,0.000319203790260718,0,1,0.0,0.0047498260270636495,0,1,,
3143,3.1430000000000002,0.0,0.0003036360377081494,0,1,0.0,0.004518174278202268,0,1,,
3144,3.144,0.0,0.0002888275334068001,0,1,0.0,0.004297820318448273,0,1,,
3145,3.145,0.0,0.0002747412483825112,0,1,0.0,0.004088213148125026,0,1,,
3146,3.146,0.0,0.00026134195958550383,0,1,0.0,0.003888828640127221,0,1,,
3147,3.1470000000000002,0.0,1.0002485961618144,0,1,0.0,0.003699168229330111,0,1,,
3148,3.148,0.0,0.9514658964846499,0,1,0.0,0.003518757665917007,0,1,,
3149,3.149,0.0,0.9050623571451494,0,1,0.0,0.00334714582950771,0,1,,
3150,3.15,0.0,0.8609219451244401,0,1,0.0,0.003183903601122584,0,1,,
3151,3.1510000000000002,0.0,0.8189342864007565,0,1,0.0,0.0030286227901615867,0,1,,
3152,3.152,0.0,0.7789943899568945,0,1,0.0,0.0028809151137151527,0,1,,
3153,3.153,0.0,0.7410023852479816,0,1,0.0,0.0027404112256546737,0,1,,
3154,3.154,0.0,0.7048632724730939,0,1,0.0,0.0026067597930747918,0,1,,
3155,3.1550000000000002,0.0,0.6704866850262711,0,1,0.0,0.0024796266177781346,0,1,,
3156,3.156,0.0,0.6377866635329313,0,1,0.0,0.002358693800605747,0,1,,
3157,3.157,0.0,0.6066814409066608,0,1,0.0,0.0022436589465236064,0,1,,
3158,3.158,0.0,0.5770932378889069,0,1,0.0,0.0021342344084775283,0,1,,
3159,3.1590000000000003,0.0,0.5489480685603185,0,1,0.0,0.002030146568125701,0,1,,
3160,3.16,0.0,0.5221755553374103,0,1,0.0,0.0019311351516503102,0,1,,
3161,3.161,0.0,0.49670875299194556,0,1,0.0,0.0018369525789374236,0,1,,
3162,3.162,0.0,0.4724839812529957,0,1,0.0,0.0017473633444977479,0,1,,
3163,3.1630000000000003,0.0,0.4494406655730932,0,1,0.0,0.0016621434285802356,0,1,,
3164,3.164,0.0,0.42752118566031133,0,1,0.0,0.001581079737006021,0,1,,
3165,3.165,0.0,0.40667073139752086,0,1,0.0,0.0015039695683219778,0,1,,
3166,3.166,0.0,0.3868371657885482,0,1,0.0,0.0014306201069415022,0,1,,
3167,3.1670000000000003,0.0,0.367970894588528,0,1,0.0,0.001360847941005115,0,1,,
3168,3.168,0.0,0.3500247422924584,0,1,0.0,0.0012944786037552773,0,1,,
3169,3.169,0.0,0.3329538341718659,0,1,0.0,0.0012313461372786202,0,1,,
3170,3.17,0.0,0.3167154840646102,0,1,0.0,0.001171292677524719,0,1,,
3171,3.1710000000000003,0.0,0.3012690876372442,0,1,0.0,0.001114168059563739,0,1,,
3172,3.172,0.0,0.28657602085303097,0,1,0.0,0.0010598294420958926,0,1,,
3173,3.173,0.0,0.27259954339173326,0,1,0.0,0.0010081409502737887,0,1,,
3174,3.174,0.0,0.2593047067796758,0,1,0.0,0.000958973335944539,0,1,,
3175,3.1750000000000003,0.0,0.24665826700035742,0,1,0.0,0.0009122036544620538,0,1,,
3176,3.176,0.0,0.23462860136709346,0,1,0.0,0.0008677149572613876,0,1,,
3177,3.177,0.0,0.22318562944982775,0,1,0.0,0.0008253959994264113,0,1,,
3178,3.178,0.0,0.21230073785838927,0,1,0.0,0.000785140961519577,0,1,,
3179,3.1790000000000003,0.0,0.20194670869411258,0,1,0.0,0.0007468491849782045,0,1,,
3180,3.18,0.0,0.19209765149091404,0,1,0.0,0.0007104249204156447,0,1,,
3181,3.181,0.0,0.1827289384756409,0,1,0.0,0.0006757770881979393,0,1,,
3182,3.182,0.0,0.17381714298581027,0,1,0.0,0.0006428190506972941,0,1,,
3183,3.1830000000000003,0.0,0.16533998089075064,0,1,0.0,0.0006114683956528824,0,1,,
3184,3.184,0.0,0.1572762548696678,0,1,0.0,0.0005816467300972663,0,1,,
3185,3.185,0.0,0.1496058014073017,0,1,0.0,0.0005532794843331447,0,1,,
3186,3.186,0.0,0.14230944037463572,0,1,0.0,0.000526295725470269,0,1,,
3187,3.1870000000000003,0.0,0.13536892706858342,0,1,0.0,0.0005006279800562698,0,1,,
3188,3.188,0.0,0.12876690659072773,0,1,0.0,0.0004762120653578804,0,1,,
3189,3.189,0.0,0.12248687045103514,0,1,0.0,0.000452986928870673,0,1,,
3190,3.19,0.0,0.11651311528803167,0,1,0.0,0.00043089449565599614,0,1,,
3191,3.1910000000000003,0.0,0.11083070360221971,0,1,0.0,0.00040987952312337864,0,1,,
3192,3.192,0.0,0.10542542640454866,0,1,0.0,0.00038988946289527857,0,1,,
3193,3.193,0.0,0.10028376768654121,0,1,0.0,0.0003708743294087683,0,1,,
3194,3.194,0.0,0.0953928706232319,0,1,0.0,0.0003527865749255909,0,1,,
3195,3.1950000000000003,0.0,0.09074050542440795,0,1,0.0,1.000335580970638,0,1,,
3196,3.196,0.0,0.08631503875376349,0,1,0.0,0.9515486389942874,0,1,,
3197,3.197,0.0,0.08210540463949928,0,1,0.0,0.9051410642549738,0,1,,
3198,3.198,0.0,0.07810107680362915,0,1,0.0,0.8609968136432224,0,1,,
3199,3.1990000000000003,0.0,0.07429204234080222,0,1,0.0,0.819005503538791,0,1,,
3200,3.2,0.0,0.07066877668082398,0,1,0.0,0.7790621337941216,0,1,2.693533072644568,2.6963562335668505
3201,3.201,0.0,0.06722221977226968,0,1,0.0,0.7410668251792806,0,1,,
3202,3.202,0.0,0.0639437534276366,0,1,0.0,0.7049245696318583,0,1,,
3203,3.203,0.0,0.06082517977338632,0,1,0.0,0.6705449926873261,0,1,,
3204,3.204,0.0,0.05785870075099074,0,1,0.0,0.6378421274958007,0,1,,
3205,3.205,0.0,0.05503689861772395,0,1,0.0,0.6067341998601415,0,1,,
3206,3.206,0.0,0.052352717398441696,0,1,0.0,0.5771434237578636,0,1,,
3207,3.207,0.0,0.049799445241968214,0,1,0.0,0.5489958068355644,0,1,,
3208,3.208,0.0,0.04737069763797225,0,1,0.0,0.522220965389499,0,1,,
3209,3.209,0.0,0.04506040145236567,0,1,0.0,0.49675194836966047,0,1,,
3210,3.21,0.0,0.04286277974130494,0,1,0.0,0.47252506996728055,0,1,,
3211,3.211,0.0,0.04077233730582236,0,1,0.0,0.4494797503671359,0,1,,
3212,3.212,0.0,0.03878384695096639,0,1,0.0,0.42755836426645527,0,1,,
3213,3.213,0.0,0.036892336415091535,0,1,0.0,0.4067060967816469,0,1,,
3214,3.214,0.0,0.03509307593661425,0,1,0.0,0.3868708063825377,0,1,,
3215,3.215,0.0,0.03338156642714543,0,1,0.0,0.36800289451138846,0,1,,
3216,3.216,0.0,0.0317535282214259,0,1,0.0,0.350055181560665,0,1,,
3217,3.217,0.0,0.030204890375934143,0,1,0.0,0.3329827888994443,0,1,,
3218,3.218,0.0,0.02873178048940699,0,1,0.0,0.31674302665346116,0,1,,
3219,3.219,0.0,0.027330515019819455,0,1,0.0,0.3012952869581862,0,1,,
3220,3.22,0.0,0.02599759007361098,0,1,0.0,0.2866009424180129,0,1,,
3221,3.221,0.0,0.024729672644126448,0,1,0.0,0.2726232495176487,0,1,,
3222,3.222,0.0,0.02352359227736345,0,1,0.0,0.25932725674418755,0,1,,
3223,3.223,0.0,0.022376333144185877,0,1,0.0,0.24667971719012244,0,1,,
3224,3.224,0.0,0.021285026499180185,0,1,0.0,0.23464900541875905,0,1,,
3225,3.225,0.0,0.020246943507297614,0,1,0.0,0.2232050383841511,0,1,,
3226,3.226,0.0,0.019259488420345177,0,1,0.0,0.21231920020781583,0,1,,
3227,3.227,0.0,0.018320192086263107,0,1,0.0,0.20196427062413252,0,1,,
3228,3.228,0.0,0.01742670577495859,0,1,0.0,0.19211435691550005,0,1,,
3229,3.229,0.0,0.01657679530525713,0,1,0.0,0.1827448291670559,0,1,,
3230,3.23,0.0,0.01576833545828588,0,1,0.0,0.17383225867905988,0,1,,
3231,3.231,0.0,0.014999304663319479,0,1,0.0,0.16535435938294138,0,1,,
3232,3.232,0.0,0.014267779942800264,0,1,0.0,0.15728993211451958,0,1,,
3233,3.233,0.0,0.013571932103892726,0,1,0.0,0.14961881160505083,0,1,,
3234,3.234,0.0,0.012910021164548643,0,1,0.0,0.14232181605755326,0,1,,
3235,3.235,0.0,0.012280392002645643,0,1,0.0,0.13538069918232287,0,1,,
3236,3.236,0.0,0.011681470217319787,0,1,0.0,0.12877810457170527,0,1,,
3237,3.237,0.0,0.011111758192143332,0,1,0.0,0.12249752230003598,0,1,,
3238,3.238,0.0,0.010569831350303595,0,1,0.0,0.1165232476402266,0,1,,
3239,3.239,0.0,0.010054334592418893,0,1,0.0,0.11084034179376694,0,1,,
3240,3.24,0.0,0.009563978908084246,0,1,0.0,0.10543459453594736,0,1,,
3241,3.241,0.0,0.009097538152673943,0,1,0.0,0.10029248868289534,0,1,,
3242,3.242,0.0,0.008653845981341324,0,1,0.0,0.0954011662915749,0,1,,
3243,3.243,0.0,0.008231792932549125,0,1,0.0,0.0907483965082317,0,1,,
3244,3.244,0.0,0.007830323653837748,0,1,0.0,0.08632254498488785,0,1,,
3245,3.245,0.0,0.007448434262894409,0,1,0.0,0.08211254478741187,0,1,,
3246,3.246,0.0,0.007085169837324448,0,1,0.0,0.0781078687224189,0,1,,
3247,3.247,0.0,0.0067396220268479525,0,1,0.0,0.07429850301380385,0,1,,
3248,3.248,0.0,0.006410926781950914,0,1,0.0,0.07067492226308521,0,1,,
3249,3.249,0.0,0.006098262193311382,0,1,0.0,0.06722806563094724,0,1,,
3250,3.25,0.0,0.005800846436598048,0,1,0.0,0.06394931418042217,0,1,,
3251,3.251,0.0,0.005517935817502179,0,1,0.0,0.06083046932505833,0,1,,
3252,3.2520000000000002,0.0,0.0052488229121144744,0,1,0.0,0.05786373232818357,0,1,,
3253,3.253,0.0,0.004992834797996813,0,1,0.0,0.05504168480200142,0,1,,
3254,3.254,0.0,0.004749331371525648,0,1,0.0,0.052357270157757506,0,1,,
3255,3.255,0.0,0.004517703747299528,0,1,0.0,0.04980377596059208,0,1,,
3256,3.2560000000000002,0.0,0.00429737273560845,0,1,0.0,0.0473748171449565,0,1,,
3257,3.257,0.0,0.004087787394157885,0,1,0.0,0.04506432004862353,0,1,,
3258,3.258,0.0,0.0038884236504260782,0,1,0.0,0.042866507225368146,0,1,,
3259,3.259,0.0,0.003698782991209764,0,1,0.0,0.04077588299834264,0,1,,
3260,3.2600000000000002,0.0,0.003518391216081493,0,1,0.0,0.03878721971802192,0,1,,
3261,3.261,0.0,0.003346797251641566,0,1,0.0,0.03689554469035673,0,1,,
3262,3.262,0.0,0.003183572023599578,0,1,0.0,0.035096127742448406,0,1,,
3263,3.263,0.0,0.0030283073838652,0,1,0.0,0.03338446939465274,0,1,,
3264,3.2640000000000002,0.0,0.002880615089965357,0,1,0.0,0.031756289609537226,0,1,,
3265,3.265,0.0,0.0027401258342358193,0,1,0.0,0.0302075170895581,0,1,,
3266,3.266,0.0,0.0026064883203596773,0,1,0.0,0.028734279096695837,0,1,,
3267,3.267,0.0,0.0024793683849435684,0,1,0.0,0.02733289176859288,0,1,,
3268,3.2680000000000002,0.0,0.0023584481619351354,0,1,0.0,0.025999850906978907,0,1,,
3269,3.269,0.0,0.002243425287792326,0,1,0.0,0.02473182321534991,0,1,,
3270,3.27,0.0,0.002134012145417043,0,1,0.0,0.023525637963990695,0,1,,
3271,3.271,0.0,0.0020299351449625876,0,1,0.0,0.02237827906149902,0,1,,
3272,3.2720000000000002,0.0,0.0019309340397165357,0,1,0.0,0.02128687751298609,0,1,,
3273,3.273,0.0,0.0018367612753483992,0,1,0.0,0.02024870424609495,0,1,,
3274,3.274,0.0,0.0017471813708948552,0,1,0.0,0.019261163286898062,0,1,,
3275,3.275,0.0,0.0016619703299346816,0,1,0.0,0.018321785268610325,0,1,,
3276,3.2760000000000002,0.0,0.001580915080481029,0,1,0.0,0.01742822125688586,0,1,,
3277,3.277,0.0,0.001503812942190469,0,1,0.0,0.01657823687625865,0,1,,
3278,3.278,0.0,0.0014304711195565654,0,1,0.0,0.01576970672304003,0,1,,
3279,3.279,0.0,0.0013607062198206837,0,1,0.0,0.015000609050702407,0,1,,
3280,3.2800000000000002,0.0,0.001294343794394571,0,1,0.0,0.014269020714459853,0,1,,
3281,3.281,0.0,0.0012312179026480183,0,1,0.0,0.013573112362404412,0,1,,
3282,3.282,0.0,0.0011711706969708506,0,1,0.0,0.012911143861173476,0,1,,
3283,3.283,0.0,0.0011140520280716823,0,1,0.0,0.012281459944709973,0,1,,
3284,3.2840000000000003,0.0,0.0010597190695264796,0,1,0.0,0.01168248607523504,0,1,,
3285,3.285,0.0,0.0010080359606381053,0,1,0.0,0.011112724506083431,0,1,,
3286,3.286,0.0,0.0009588734667138094,0,1,0.0,0.010570750536556723,0,1,,
3287,3.287,0.0,0.0009121086559111814,0,1,0.0,0.010055208949429465,0,1,,
3288,3.2880000000000003,0.0,0.0008676245918445129,0,1,0.0,0.00956481062220022,0,1,,
3289,3.289,0.0,0.0008253100411829228,0,1,0.0,0.009098329303613832,0,1,,
3290,3.29,0.0,0.0007850591955090923,0,1,0.0,0.008654598547394568,0,1,,
3291,3.291,0.0,0.0007467714067431073,0,1,0.0,0.00823250879552285,0,1,,
3292,3.2920000000000003,0.0,0.0007103509354698346,0,1,0.0,0.007831004603762267,0,1,,
3293,3.293,0.0,0.0006757067115405146,0,1,0.0,0.007449082002499223,0,1,,
3294,3.294,0.0,0.0006427521063499537,0,1,0.0,0.007085785986295962,0,1,,
3295,3.295,0.0,0.0006114047162198882,0,1,0.0,0.006740208125879533,0,1,,
3296,3.2960000000000003,0.0,0.0005815861563468666,0,1,0.0,0.006411484296595424,0,1,,
3297,3.297,0.0,0.0005532218647994122,0,1,0.0,0.00609879251764583,0,1,,
3298,3.298,0.0,0.0005262409160743566,0,1,0.0,0.005801350896709504,0,1,,
3299,3.299,0.0,0.0005005758437461388,0,1,0.0,0.005518415674803682,0,1,,
3300,3.3000000000000003,0.0,0.00047616247176559894,0,1,0.0,0.005249279366499226,0,1,2.7311991680296166,2.7270691262497238
3301,3.301,0.0,0.00045293975398642816,0,1,0.0,0.004993268990838531,0,1,,
3302,3.302,0.0,0.00043084962151800505,0,1,0.0,0.004749744388532597,0,1,,
3303,3.303,0.0,0.0004098368375229224,0,1,0.0,0.004518096621229358,0,1,,
3304,3.3040000000000003,0.0,0.0003898488590961221,0,1,0.0,0.004297746448850622,0,1,,
3305,3.305,0.0,0.00037083570588026415,0,1,0.0,0.004088142881190165,0,1,,
3306,3.306,0.0,0.0003527498350887997,0,1,0.0,0.003888761800151211,0,1,,
3307,3.307,0.0,0.00033554602262424074,0,1,0.0,0.0036991046491781972,0,1,,
3308,3.3080000000000003,0.0,0.0003191812499943601,0,1,0.0,0.003518697186605692,0,1,,
3309,3.309,0.0,0.00030361459674355367,0,1,0.0,0.003347088299807214,0,1,,
3310,3.31,0.0,0.00028880713813038693,0,1,0.0,0.0031838488771786895,0,1,,
3311,3.311,0.0,0.00027472184779546617,0,1,0.0,0.003028570735135929,0,1,,
3312,3.3120000000000003,0.0,0.000261323505176254,0,1,0.0,0.002880865597443054,0,1,,
3313,3.313,0.0,0.00024857860743731746,0,1,0.0,0.002740364124319662,0,1,,
3314,3.314,0.0,0.0002364552856957884,0,1,0.0,0.0026067149888989952,0,1,,
3315,3.315,0.0,0.0002249232253325567,0,1,0.0,0.0024795839987277763,0,1,,
3316,3.3160000000000003,0.0,0.00021395359018993234,0,1,0.0,0.002358653260111002,0,1,,
3317,3.317,0.0,0.00020351895046623095,0,1,0.0,0.0022436203832121213,0,1,,
3318,3.318,0.0,1.000193593214127,0,1,0.0,0.0021341977259209375,0,1,,
3319,3.319,0.0,0.9514135760623753,0,1,0.0,0.0020301116745985058,0,1,,
3320,3.3200000000000003,0.0,0.9050125884199796,0,1,0.0,0.0019311019599005175,0,1,,
3321,3.321,0.0,0.8608746036486387,0,1,0.0,0.0018369210059683702,0,1,,
3322,3.322,0.0,0.8188892537959749,0,1,0.0,0.0017473333113605654,0,1,,
3323,3.323,0.0,0.7789515536181644,0,1,0.0,0.0016621148601764376,0,1,,
3324,3.3240000000000003,0.0,0.7409616380621435,0,1,0.0,0.0015810525618997174,0,1,,
3325,3.325,0.0,0.7048245125509591,0,1,0.0,0.0015039437185612476,0,1,,
3326,3.326,0.0,0.6704498154478451,0,1,0.0,0.0014305955178884793,0,1,,
3327,3.327,0.0,0.6377515921050636,0,1,0.0,0.001360824551174359,0,1,,
3328,3.3280000000000003,0.0,0.6066480799325138,0,1,0.0,0.001294456354660028,0,1,,
3329,3.329,0.0,0.5770615039486683,0,1,0.0,0.0012313249732845506,0,1,,
3330,3.33,0.0,0.5489178823026083,0,1,0.0,0.0011712725457108202,0,1,,
3331,3.331,0.0,0.5221468412808608,0,1,0.0,0.0011141489095899898,0,1,,
3332,3.332,0.0,0.49668143933645886,0,1,0.0,0.0010598112260773842,0,1,,
3333,3.333,0.0,0.4724579997002061,0,1,0.0,0.0010081236226609862,0,1,,
3334,3.334,0.0,0.4494159511555855,0,1,0.0,0.0009589568534093849,0,1,,
3335,3.335,0.0,0.4274976765791686,0,1,0.0,0.0009121879757896247,0,1,,
3336,3.336,0.0,0.40664836886779493,0,1,0.0,0.000867700043246836,0,1,,
3337,3.337,0.0,0.3868158938922666,0,1,0.0,0.0008253818127769325,0,1,,
3338,3.338,0.0,0.36795066013487004,0,1,0.0,0.0007851274667611575,0,1,,
3339,3.339,0.0,0.35000549468475023,0,1,0.0,0.0007468363483669194,0,1,,
3340,3.34,0.0,0.3329355252810627,0,1,0.0,0.0007104127098532795,0,1,,
3341,3.341,0.0,0.3166980681089482,0,1,0.0,0.0006757654731517277,0,1,,
3342,3.342,0.0,0.30125252106776274,0,1,0.0,0.0006428080021235707,0,1,,
3343,3.343,0.0,0.2865602622446772,0,1,0.0,0.0006114578859244579,0,1,,
3344,3.344,0.0,0.27258455333977794,0,1,0.0,0.0005816367329343453,0,1,,
3345,3.345,0.0,0.25929044780118116,0,1,0.0,0.0005532699747376128,0,1,,
3346,3.346,0.0,0.24664470344044997,0,1,0.0,0.000526286679663184,0,1,,
3347,3.347,0.0,0.2346156993098085,0,1,0.0,0.0005006193754184021,0,1,,
3348,3.348,0.0,0.2231733566333017,0,1,0.0,0.0004762038803731535,0,1,,
3349,3.349,0.0,0.2122890635941882,0,1,0.0,0.0004529791430723617,0,1,,
3350,3.35,0.0,0.20193560379049513,0,1,0.0,0.0004308870895755492,0,1,,
3351,3.351,0.0,0.19208708817983688,0,1,0.0,0.00040987247824173726,0,1,,
3352,3.352,0.0,0.18271889034332414,0,1,0.0,0.00038988276159656915,0,1,,
3353,3.353,0.0,0.1738075849066893,0,1,0.0,0.00037086795493625354,0,1,,
3354,3.354,0.0,0.16533088896464904,0,1,0.0,0.0003527805113397692,0,1,,
3355,3.355,0.0,0.15726760636203455,0,1,0.0,0.0003355752027767963,0,1,,
3356,3.356,0.0,0.14959757469236296,0,1,0.0,0.00031920900701408233,0,1,,
3357,3.357,0.0,0.14230161488131898,0,1,0.0,0.0003036410000374499,0,1,,
3358,3.358,0.0,0.1353614832290793,0,1,0.0,1.0002888322537205,0,1,,
3359,3.359,0.0,0.12875982579156015,0,1,0.0,0.9515041702391978,0,1,,
3360,3.36,0.0,0.12248013498651796,0,1,0.0,0.9050987642666615,0,1,,
3361,3.361,0.0,0.11650670831599524,0,1,0.0,0.8609565766496838,0,1,,
3362,3.362,0.0,0.1108246091018967,0,1,0.0,0.8189672289265836,0,1,,
3363,3.363,0.0,0.10541962913651379,0,1,0.0,0.7790257258567787,0,1,,
3364,3.364,0.0,0.10027825315460472,0,1,0.0,0.7410321928779946,0,1,,
3365,3.365,0.0,0.09538762503819155,0,1,0.0,0.7048916263678369,0,1,,
3366,3.366,0.0,0.09073551566956885,0,1,0.0,0.6705136560852498,0,1,,
3367,3.367,0.0,0.0863102923521395,0,1,0.0,0.6378123191978419,0,1,,
3368,3.368,0.0,0.08210088972261403,0,1,0.0,0.6067058453300288,0,1,,
3369,3.369,0.0,0.07809678208183873,0,1,0.0,0.5771164520945025,0,1,,
3370,3.37,0.0,0.07428795707506514,0,1,0.0,0.5489701505957475,0,1,,
3371,3.371,0.0,0.07066489065584795,0,1,0.0,0.5221965604192632,0,1,,
3372,3.372,0.0,0.06721852327096813,0,1,0.0,0.4967287336438681,0,1,,
3373,3.373,0.0,0.06394023720683087,0,1,0.0,0.4725029874370251,0,1,,
3374,3.374,0.0,0.06082183504069287,0,1,0.0,0.44945874481458953,0,1,,
3375,3.375,0.0,0.05785551914283564,0,1,0.0,0.42753838316679527,0,1,,
3376,3.376,0.0,0.05503387217842959,0,1,0.0,0.4066870901717164,0,1,,
3377,3.3770000000000002,0.0,0.052349838560333435,0,1,0.0,0.38685272673591176,0,1,,
3378,3.378,0.0,0.04979670680645126,0,1,0.0,0.36798569661953334,0,1,,
3379,3.379,0.0,0.04736809275753142,0,1,0.0,0.35003882241989304,0,1,,
3380,3.38,0.0,0.04505792361344305,0,1,0.0,0.3329672276033825,0,1,,
3381,3.3810000000000002,0.0,0.04286042274801257,0,1,0.0,0.3167282242907638,0,1,,
3382,3.382,0.0,0.04077009526444931,0,1,0.0,0.3012812065152363,0,1,,
3383,3.383,0.0,0.0387817142552414,0,1,0.0,0.28658754868636904,0,1,,
3384,3.384,0.0,0.03689030773216442,0,1,0.0,0.2726105090060052,0,1,,
3385,3.3850000000000002,0.0,0.035091146193721,0,1,0.0,0.25931513759462904,0,1,,
3386,3.386,0.0,0.033379730798923646,0,1,0.0,0.24666818909846244,0,1,,
3387,3.387,0.0,0.0317517821178489,0,1,0.0,0.23463803955876372,0,1,,
3388,3.388,0.0,0.030203229430833468,0,1,0.0,0.2231946073354586,0,1,,
3389,3.3890000000000002,0.0,0.028730200549554746,0,1,0.0,0.2123092778873711,0,1,,
3390,3.39,0.0,0.02732901213454306,0,1,0.0,0.2019548322209662,0,1,,
3391,3.391,0.0,0.025996160484914425,0,1,0.0,0.19210537882868792,0,1,,
3392,3.392,0.0,0.02472831277729335,0,1,0.0,0.18273628894670446,0,1,,
3393,3.3930000000000002,0.0,0.023522298732018405,0,1,0.0,0.17382413497016988,0,1,,
3394,3.394,0.0,0.022375102685791744,0,1,0.0,0.16534663187200913,0,1,,
3395,3.395,0.0,0.02128385605095006,0,1,0.0,0.15728258147874266,0,1,,
3396,3.396,0.0,0.020245830142501267,0,1,0.0,0.14961181946401103,0,1,,
3397,3.3970000000000002,0.0,0.01925842935499069,0,1,0.0,0.14231516492725593,0,1,,
3398,3.398,0.0,0.01831918467213545,0,1,0.0,0.13537437243147787,0,1,,
3399,3.399,0.0,0.017425747492997707,0,1,0.0,0.12877208638014,0,1,,
3400,3.4,0.0,0.016575883759258968,0,1,0.0,0.12249179761913681,0,1,2.877550408789496,2.704181454315944
3401,3.4010000000000002,0.0,0.01576746836891064,0,1,0.0,0.11651780215530944,0,1,,
3402,3.402,0.0,0.014998479862392082,0,1,0.0,0.11083516188828305,0,1,,
3403,3.403,0.0,0.014266995367888767,0,1,0.0,0.10542966725743495,0,1,,
3404,3.404,0.0,0.013571185793151185,0,1,0.0,0.10028780171059162,0,1,,
3405,3.4050000000000002,0.0,0.012909311251811467,0,1,0.0,0.0953967079056078,0,1,,
3406,3.406,0.0,0.012279716712761214,0,1,0.0,0.09074415556031401,0,1,,
3407,3.407,0.0,0.01168082786171165,0,1,0.0,0.08631851087044076,0,1,,
3408,3.408,0.0,0.011111147164587878,0,1,0.0,0.082108707419048,0,1,,
3409,3.4090000000000003,0.0,0.010569250122913668,0,1,0.0,0.07810421850471853,0,1,,
3410,3.41,0.0,0.010053781711823268,0,1,0.0,0.07429503081932143,0,1,,
3411,3.411,0.0,0.009563452991793451,0,1,0.0,0.07067161940952593,0,1,,
3412,3.412,0.0,0.009097037885623317,0,1,0.0,0.06722492385945684,0,1,,
3413,3.4130000000000003,0.0,0.00865337011260266,0,1,0.0,0.06394632563493545,0,1,,
3414,3.414,0.0,0.008231340272202707,0,1,0.0,0.0608276265326549,0,1,,
3415,3.415,0.0,0.007829893069996931,0,1,0.0,0.05786102818040168,0,1,,
3416,3.416,0.0,0.007448024678875309,0,1,0.0,0.05503911253706309,0,1,,
3417,3.4170000000000003,0.0,0.007084780228953676,0,1,0.0,0.05235482334366055,0,1,,
3418,3.418,0.0,0.006739251419901642,0,1,0.0,0.049801448479026775,0,1,,
3419,3.419,0.0,0.0064105742497186586,0,1,0.0,0.0473726031760066,0,1,,
3420,3.42,0.0,0.006097926854278976,0,1,0.0,0.045062214056213454,0,1,,
3421,3.4210000000000003,0.0,0.005800527452243239,0,1,0.0,0.04286450394341991,0,1,,
3422,3.422,0.0,0.005517632390197929,0,1,0.0,0.04077397741760791,0,1,,
3423,3.423,0.0,0.005248534283134475,0,1,0.0,0.03878540707355628,0,1,,
3424,3.424,0.0,0.004992560245618274,0,1,0.0,0.03689382044960486,0,1,,
3425,3.4250000000000003,0.0,0.004749070209224614,0,1,0.0,0.035094487593910303,0,1,,
3426,3.426,0.0,0.004517455322034215,0,1,0.0,0.03338290923710274,0,1,,
3427,3.427,0.0,0.004297136426186295,0,1,0.0,0.031754805541768814,0,1,,
3428,3.428,0.0,0.004087562609682244,0,1,0.0,0.030206105400628833,0,1,,
3429,3.4290000000000003,0.0,0.003888209828818678,0,1,0.0,0.028732936256648075,0,1,,
3430,3.43,0.0,0.0036985795978052107,0,1,0.0,0.02733161441962705,0,1,,
3431,3.431,0.0,0.0035181977422903328,0,1,0.0,0.025998635855057253,0,1,,
3432,3.432,0.0,0.0033466132136785445,0,1,0.0,0.02473066742220974,0,1,,
3433,3.4330000000000003,0.0,0.003183396961273927,0,1,0.0,0.023524538539547127,0,1,,
3434,3.434,0.0,0.0030281408594299195,0,1,0.0,0.022377233256618282,0,1,,
3435,3.435,0.0,0.0028804566870226198,0,1,0.0,0.021285882712611247,0,1,,
3436,3.436,0.0,0.00273997515669576,0,1,0.0,0.020247757962706895,0,1,,
3437,3.4370000000000003,0.0,0.0026063449914499616,0,1,0.0,0.01926026315429543,0,1,,
3438,3.438,0.0,0.0024792320462672652,0,1,0.0,0.01832092903599275,0,1,,
3439,3.439,0.0,0.0023583184725745384,0,1,0.0,0.017427406783225807,0,1,,
3440,3.44,0.0,0.002243301923456481,0,1,0.0,0.016577462124947723,0,1,,
3441,3.4410000000000003,0.0,0.002133894797630853,0,1,0.0,0.015768969756796408,0,1,,
3442,3.442,0.0,0.002029823520295464,0,1,0.0,0.014999908026726612,0,1,,
3443,3.443,0.0,0.0019308278590486675,0,1,0.0,0.014268353879826796,0,1,,
3444,3.444,0.0,0.0018366602731728096,0,1,0.0,0.013572478049680172,0,1,,
3445,3.4450000000000003,0.0,0.0017470852946534958,0,1,0.0,0.012910540484245843,0,1,,
3446,3.446,0.0,0.0016618789393869052,0,1,0.0,0.012280885994822343,0,1,,
3447,3.447,0.0,0.0015808281471028627,0,1,0.0,0.011681940117213735,0,1,,
3448,3.448,0.0,0.0015037302486031862,0,1,0.0,0.011112205174749024,0,1,,
3449,3.4490000000000003,0.0,0.0014303924589831245,0,1,0.0,0.01057025653331037,0,1,,
3450,3.45,0.0,0.0013606313955686787,0,1,0.0,0.010054739039005736,0,1,,
3451,3.451,0.0,0.0012942726193643976,0,1,0.0,0.009564363629578288,0,1,,
3452,3.452,0.0,0.0012311501988650276,0,1,0.0,0.009097904111079315,0,1,,
3453,3.4530000000000003,0.0,0.0011711062951403198,0,1,0.0,0.008654194091744656,0,1,,
3454,3.454,0.0,0.0011139907671554898,0,1,0.0,0.008232124065407749,0,1,,
3455,3.455,0.0,0.0010596607963404255,0,1,0.0,0.007830638637156292,0,1,,
3456,3.456,0.0,0.0010079805294688712,0,1,0.0,0.007448733884295235,0,1,,
3457,3.457,0.0,0.0009588207389545993,0,1,0.0,0.007085454846017124,0,1,,
3458,3.458,0.0,0.0009120584997151329,0,1,0.0,0.006739893135502664,0,1,,
3459,3.459,0.0,0.0008675768817950105,0,1,0.0,0.006411184668480512,0,1,,
3460,3.46,0.0,0.0008252646579799918,0,1,0.0,0.006098507502566518,0,1,,
3461,3.461,0.0,0.0007850160256710862,0,1,0.0,0.005801079781979636,0,1,,
3462,3.462,0.0,0.0007467303423229451,0,1,0.0,0.005518157782495217,0,1,,
3463,3.463,0.0,0.0007103118737850762,0,1,0.0,0.005249034051747062,0,1,,
3464,3.464,0.0,0.0006756695549166019,0,1,0.0,0.004993035640228009,0,1,,
3465,3.465,0.0,0.0006427167618759728,0,1,0.0,0.004749522418565644,0,1,,
3466,3.466,0.0,0.000611371095516244,0,1,0.0,0.004517885476865437,0,1,,
3467,3.467,0.0,0.0005815541753442878,0,1,0.0,0.004297545602118843,0,1,,
3468,3.468,0.0,0.0005531914435287342,0,1,0.0,0.004087951829869082,0,1,,
3469,3.469,0.0,0.0005262119784665571,0,1,0.0,0.0038885800665130073,0,1,,
3470,3.47,0.0,0.0005005483174421252,0,1,0.0,0.0036989317787941164,0,1,,
3471,3.471,0.0,0.00047613628793527344,0,1,0.0,0.00351853274720973,0,1,,
3472,3.472,0.0,0.0004529148471565764,0,1,0.0,0.0033469318802152276,0,1,,
3473,3.473,0.0,0.00043082592940857904,0,1,0.0,0.0031837000862602236,0,1,,
3474,3.474,0.0,0.0004098143008913079,0,1,0.0,0.0030284292008361862,0,1,,
3475,3.475,0.0,0.00038982742158900126,0,1,0.0,0.0028807309658525626,0,1,,
3476,3.476,0.0,0.0003708153138927029,0,1,0.0,0.002740236058789319,0,1,,
3477,3.477,0.0,0.0003527304376302074,0,1,0.0,0.0026065931691982686,0,1,,
3478,3.478,0.0,0.0003355275711908672,0,1,0.0,0.0024794681202439614,0,1,,
3479,3.479,0.0,0.00031916369844801093,0,1,0.0,0.0023585430330875304,0,1,,
3480,3.48,0.0,0.00030359790119622085,0,1,0.0,0.00224351553202402,0,1,,
3481,3.481,0.0,0.0002887912568345058,0,1,0.0,0.0021340979883856218,0,1,,
3482,3.482,0.0,0.0002747067410395248,0,1,0.0,0.0020300168013201864,0,1,,
3483,3.483,0.0,0.00026130913518549386,0,1,0.0,0.0019310117136465811,0,1,,
3484,3.484,0.0,0.0002485649382792766,0,1,0.0,0.001836835161076175,0,1,,
3485,3.485,0.0,0.00023644228319045179,0,1,0.0,0.0017472516531731662,0,1,,
3486,3.486,0.0,0.0002249108569668883,0,1,0.0,0.001662037184505832,0,1,,
3487,3.487,0.0,0.00021394182503657556,0,1,0.0,0.0015809786745162695,0,1,,
3488,3.488,0.0,0.00020350775910617423,0,1,0.0,0.0015038734347080126,0,1,,
3489,3.489,0.0,0.00019358256857599605,0,1,0.0,0.001430528661819215,0,1,,
3490,3.49,0.0,0.00018414143529991474,0,1,0.0,0.0013607609557140684,0,1,,
3491,3.491,0.0,0.00017516075152707337,0,1,0.0,0.0012943958607869348,0,1,,
3492,3.492,0.0,0.00016661806087021056,0,1,0.0,0.0012312674297324624,0,1,,
3493,3.493,0.0,0.00015849200215299532,0,1,0.0,0.0011712178085908835,0,1,,
3494,3.494,0.0,1.000150762255996,0,1,0.0,0.0011140968420308935,0,1,,
3495,3.495,0.0,0.9513728339947215,0,1,0.0,0.0010597616978831098,0,1,,
3496,3.496,0.0,0.9049738333664122,0,1,0.0,0.00100807650998525,0,1,,
3497,3.497,0.0,0.8608377387013374,0,1,0.0,0.0009589120384459577,0,1,,
3498,3.498,0.0,0.8188541867733692,0,1,0.0,0.0009121453464777549,0,1,,
3499,3.499,0.0,0.7789181968344322,0,1,0.0,0.0008676594929910392,0,1,,
3500,3.5,0.0,0.7409299081079508,0,1,0.0,0.0008253432401804474,0,1,3.110212764376282,2.71344645568185
3501,3.501,0.0,0.7047943300848929,0,1,0.0,0.0007850907753724016,0,1,,
3502,3.5020000000000002,0.0,0.670421104998019,0,1,0.0,0.0007468014464383089,0,1,,
3503,3.503,0.0,0.6377242818803984,0,1,0.0,0.0007103795101118134,0,1,,
3504,3.504,0.0,0.6066221016432225,0,1,0.0,0.0006757338925807594,0,1,,
3505,3.505,0.0,0.5770367926354962,0,1,0.0,0.0006427779617552231,0,1,,
3506,3.5060000000000002,0.0,0.548894376174401,0,1,0.0,0.0006114293106421628,0,1,,
3507,3.507,0.0,0.5221244815600539,0,1,0.0,0.0005816095512850128,0,1,,
3508,3.508,0.0,0.4966601701121037,0,1,0.0,0.0005532441187529613,0,1,,
3509,3.509,0.0,0.47243776778816315,0,1,0.0,0.000526262084689784,0,1,,
3510,3.5100000000000002,0.0,0.4493967059655364,0,1,0.0,0.0005005959799560093,0,1,,
3511,3.511,0.0,0.42747936998811376,0,1,0.0,0.0004761816259209257,0,1,,
3512,3.512,0.0,0.40663095509972125,0,1,0.0,0.00045295797398257643,0,1,,
3513,3.513,0.0,0.3867993294036835,0,1,0.0,0.0004308669529144556,0,1,,
3514,3.5140000000000002,0.0,0.36793490350592795,0,1,0.0,0.0004098533236571938,0,1,,
3515,3.515,0.0,0.3499905065156696,0,1,0.0,0.00038986454119213735,0,1,,
3516,3.516,0.0,0.3329212680936138,0,1,0.0,0.0003708506231514317,0,1,,
3517,3.517,0.0,0.31668450625273614,0,1,0.0,0.00035276402483606754,0,1,,
3518,3.5180000000000002,0.0,0.30123962063108295,0,1,0.0,0.0003355595203293681,0,1,,
3519,3.519,0.0,0.28654799096971845,0,1,0.0,0.00031919408940864045,0,1,,
3520,3.52,0.0,0.27257288054196105,0,1,0.0,0.0003036268099722105,0,1,,
3521,3.521,0.0,0.2592793442924315,0,1,0.0,0.00028881875571285345,0,1,,
3522,3.5220000000000002,0.0,0.2466341414562121,0,1,0.0,0.0002747328987817499,0,1,,
3523,3.523,0.0,0.23460565243962034,0,1,0.0,0.0002613340171995769,0,1,,
3524,3.524,0.0,0.2231637997547546,0,1,0.0,0.00024858860678321325,0,1,,
3525,3.525,0.0,0.2122799728101078,0,1,0.0,0.00023646479736783024,0,1,,
3526,3.5260000000000002,0.0,0.20192695636918606,0,1,0.0,0.0002249322731148791,0,1,,
3527,3.527,0.0,0.19207886249824166,0,1,0.0,1.0002139621967068,0,1,,
3528,3.528,0.0,0.18271106583295418,0,1,0.0,0.9514329516379523,0,1,,
3529,3.529,0.0,0.17380014200219307,0,1,0.0,0.905031019037585,0,1,,
3530,3.5300000000000002,0.0,0.1653238090548885,0,1,0.0,0.8608921353944167,0,1,,
3531,3.531,0.0,0.15726087174354753,0,1,0.0,0.8189059305084218,0,1,,
3532,3.532,0.0,0.14959116852509532,0,1,0.0,0.7789674169977477,0,1,,
3533,3.533,0.0,0.14229552114651575,0,1,0.0,0.7409767277755753,0,1,,
3534,3.5340000000000003,0.0,0.13535568668922937,0,1,0.0,0.7048388663303827,0,1,,
3535,3.535,0.0,0.12875431195229461,0,1,0.0,0.6704634691851856,0,1,,
3536,3.536,0.0,0.1224748900603666,0,1,0.0,0.6377645799417764,0,1,,
3537,3.537,0.0,0.11650171918791075,0,1,0.0,0.6066604343449555,0,1,,
3538,3.5380000000000003,0.0,0.11081986329646012,0,1,0.0,0.5770732558293052,0,1,,
3539,3.539,0.0,0.10541511478673957,0,1,0.0,0.5489290610372634,0,1,,
3540,3.54,0.0,0.10027395897226699,0,1,0.0,0.5221574748221933,0,1,,
3541,3.541,0.0,0.09538354028559773,0,1,0.0,0.496691554273861,0,1,,
3542,3.5420000000000003,0.0,0.0907316301327098,0,1,0.0,0.47246762132629,0,1,,
3543,3.543,0.0,0.08630659631514918,0,1,0.0,0.4494251035294281,0,1,,
3544,3.544,0.0,0.0820973739434748,0,1,0.0,0.4275063825864717,0,1,,
3545,3.545,0.0,0.07809343776927145,0,1,0.0,0.40665665027811154,0,1,,
3546,3.5460000000000003,0.0,0.07428477586654642,0,1,0.0,0.38682377141343616,0,1,,
3547,3.547,0.0,0.07066186459669947,0,1,0.0,0.3679581534647986,0,1,,
3548,3.548,0.0,0.06721564479446582,0,1,0.0,0.3500126225606658,0,1,,
3549,3.549,0.0,0.06393749911528414,0,1,0.0,0.3329423055263677,0,1,,
3550,3.5500000000000003,0.0,0.06081923048744664,0,1,0.0,0.3167045176777877,0,1,,
3551,3.551,0.0,0.05785304161515015,0,1,0.0,0.3012586560874182,0,1,,
3552,3.552,0.0,0.055031515481195135,0,1,0.0,0.28656609805589334,0,1,,
3553,3.553,0.0,0.052347596800579384,0,1,0.0,0.2725901045351226,0,1,,
3554,3.5540000000000003,0.0,0.04979457437861055,0,1,0.0,0.25929572826153413,0,1,,
3555,3.555,0.0,0.04736606432942371,0,1,0.0,0.24664972636971264,0,1,,
3556,3.556,0.0,0.04505599411294151,0,1,0.0,0.23462047726792035,0,1,,
3557,3.557,0.0,0.04285858735036091,0,1,0.0,0.22317790156764672,0,1,,
3558,3.5580000000000003,0.0,0.04076834938019739,0,1,0.0,0.21229338686946958,0,1,,
3559,3.559,0.0,0.0387800535187692,0,1,0.0,0.20193971621715298,0,1,,
3560,3.56,0.0,0.036888727990765716,0,1,0.0,0.19209100004107993,0,1,,
3561,3.561,0.0,0.03508964349721945,0,1,0.0,0.1827226114208431,0,1,,
3562,3.5620000000000003,0.0,0.03337830138979528,0,1,0.0,0.17381112450511615,0,1,,
3563,3.563,0.0,0.031750422421826345,0,1,0.0,0.1653342559348236,0,1,,
3564,3.564,0.0,0.03020193604796844,0,1,0.0,0.157270809123136,0,1,,
3565,3.565,0.0,0.028728970245716388,0,1,0.0,0.1496006212529623,0,1,,
3566,3.5660000000000003,0.0,0.027327841833330938,0,1,0.0,0.14230451285940462,0,1,,
3567,3.567,0.0,0.025995047259965924,0,1,0.0,0.1353642398711059,0,1,,
3568,3.568,0.0,0.024727253844966247,0,1,0.0,0.12876244799056868,0,1,,
3569,3.569,0.0,0.02352129144443031,0,1,0.0,0.12248262929937177,0,1,,
3570,3.5700000000000003,0.0,0.022374144524199013,0,1,0.0,0.1165090809797757,0,1,,
3571,3.571,0.0,0.02128294461944963,0,1,0.0,0.11082686604949914,0,1,,
3572,3.572,0.0,0.020244963162039636,0,1,0.0,0.10542177601148278,0,1,,
3573,3.573,0.0,0.019257604657665118,0,1,0.0,0.10028029532524595,0,1,,
3574,3.5740000000000003,0.0,0.01831840019577306,0,1,0.0,0.09538956761099535,0,1,,
3575,3.575,0.0,0.017425001275998973,0,1,0.0,0.09073736350197906,0,1,,
3576,3.576,0.0,0.01657517393569271,0,1,0.0,0.08631205006469964,0,1,,
3577,3.577,0.0,0.01576679316384821,0,1,0.0,0.08210256171052105,0,1,,
3578,3.5780000000000003,0.0,0.014997837587469125,0,1,0.0,0.0780983725259333,0,1,,
3579,3.579,0.0,0.014266384417083434,0,1,0.0,0.0742894699522859,0,1,,
3580,3.58,0.0,0.01357060463876823,0,1,0.0,0.070666329749176,0,1,,
3581,3.581,0.0,0.012908758440662223,0,1,0.0,0.06721989217888637,0,1,,
3582,3.5820000000000003,0.0,0.01227919086252986,0,1,0.0,0.06394153935232212,0,1,,
3583,3.583,0.0,0.011680327657498706,0,1,0.0,0.06082307367979913,0,1,,
3584,3.584,0.0,0.011110671355622267,0,1,0.0,0.05785669737279985,0,1,,
3585,3.585,0.0,0.010568797519425136,0,1,0.0,0.05503499294544038,0,1,,
3586,3.586,0.0,0.010053351182067346,0,1,0.0,0.05235090466689211,0,1,,
3587,3.587,0.0,0.009563043459221494,0,1,0.0,0.04979772091837952,0,1,,
3588,3.588,0.0,0.00909664832619058,0,1,0.0,0.04736905741063732,0,1,,
3589,3.589,0.0,0.00865299955220765,0,1,0.0,0.045058841219861825,0,1,,
3590,3.59,0.0,0.008230987784251418,0,1,0.0,0.04286129560223822,0,1,,
3591,3.591,0.0,0.007829557773085883,0,1,0.0,0.040770925549072044,0,1,,
3592,3.592,0.0,0.007447705734587576,0,1,0.0,0.03878250404640526,0,1,,
3593,3.593,0.0,0.007084476839762407,0,1,0.0,0.03689105900475868,0,1,,
3594,3.594,0.0,0.0067389628271758316,0,1,0.0,0.03509186082631849,0,1,,
3595,3.595,0.0,0.006410299731826171,0,1,0.0,0.033380410578478084,0,1,,
3596,3.596,0.0,0.006097665724782091,0,1,0.0,0.03175242874416325,0,1,,
3597,3.597,0.0,0.005800279058182197,0,1,0.0,0.03020384452081034,0,1,,
3598,3.598,0.0,0.005517396110458195,0,1,0.0,0.028730785641239463,0,1,,
3599,3.599,0.0,0.005248309526893626,0,1,0.0,0.027329568690969593,0,1,,
3600,3.6,0.0,0.004992346450868639,0,1,0.0,0.025996689897763738,0,1,3.6263011209321143,2.784216497246692
3601,3.601,0.0,0.004748866841367958,0,1,0.0,0.024728816370373326,0,1,,
3602,3.602,0.0,0.004517261872544966,0,1,0.0,0.023522777764574055,0,1,,
3603,3.603,0.0,0.004296952411339965,0,1,0.0,0.022375558355653972,0,1,,
3604,3.604,0.0,0.00408738756934587,0,1,0.0,0.021284289497530872,0,1,,
3605,3.605,0.0,0.0038880433253002445,0,1,0.0,0.020246242449642883,0,1,,
3606,3.606,0.0,0.003698421214759194,0,1,0.0,0.019258821553675726,0,1,,
3607,3.607,0.0,0.0035180470836766197,0,1,0.0,0.01831955774306491,0,1,,
3608,3.608,0.0,0.003346469902772126,0,1,0.0,0.017426102369043232,0,1,,
3609,3.609,0.0,0.00318326063972289,0,1,0.0,0.016576221327795522,0,1,,
3610,3.61,0.0,0.0030280111863593795,0,1,0.0,0.015767789474035395,0,1,,
3611,3.611,0.0,0.002880333338182357,0,1,0.0,0.014998785307035105,0,1,,
3612,3.612,0.0,0.002739857823649424,0,1,0.0,0.014267285915820768,0,1,,
3613,3.613,0.0,0.0026062333808038202,0,1,0.0,0.013571462170893332,0,1,,
3614,3.614,0.0,0.002479125878936568,0,1,0.0,0.012909574150452074,0,1,,
3615,3.615,0.0,0.0023582174830856584,0,1,0.0,0.012279966789683822,0,1,,
3616,3.616,0.0,0.0022432058592830933,0,1,0.0,0.011681065742238822,0,1,,
3617,3.617,0.0,0.0021338034185624864,0,1,0.0,0.01111137344354484,0,1,,
3618,3.618,0.0,0.00202973659783685,0,1,0.0,0.010569465366115676,0,1,,
3619,3.619,0.0,0.0019307451758483842,0,1,0.0,0.010053986457490444,0,1,,
3620,3.62,0.0,0.0018365816224797885,0,1,0.0,0.009563647751896607,0,1,,
3621,3.621,0.0,0.001747010479800037,0,1,0.0,0.009097223147164157,0,1,,
3622,3.622,0.0,0.0016618077732969054,0,1,0.0,0.008653546338831536,0,1,,
3623,3.623,0.0,0.0015807604518240283,0,1,0.0,0.008231507903776983,0,1,,
3624,3.624,0.0,0.0015036658548620591,0,1,0.0,0.007830052526082858,0,1,,
3625,3.625,0.0,0.0014303312057618108,0,1,0.0,0.007448176358196159,0,1,,
3626,3.626,0.0,0.0013605731297022196,0,1,0.0,0.007084924510786757,0,1,,
3627,3.6270000000000002,0.0,0.0012942171951577776,0,1,0.0,0.00673938866502669,0,1,,
3628,3.628,0.0,0.001231097477728861,0,1,0.0,0.006410704801319974,0,1,,
3629,3.629,0.0,0.001171056145244305,0,1,0.0,0.006098051038803563,0,1,,
3630,3.63,0.0,0.0011139430630987648,0,1,0.0,0.005800645580217094,0,1,,
3631,3.6310000000000002,0.0,0.0010596154188380006,0,1,0.0,0.005517744757002517,0,1,,
3632,3.632,0.0,0.0010079373650533543,0,1,0.0,0.005248641169745336,0,1,,
3633,3.633,0.0,0.0009587796796924683,0,1,0.0,0.00499266191930761,0,1,,
3634,3.634,0.0,0.0009120194429368455,0,1,0.0,0.004749166924229608,0,1,,
3635,3.6350000000000002,0.0,0.0008675397298382773,0,1,0.0,0.004517547320192756,0,1,,
3636,3.636,0.0,0.0008252293179455694,0,1,0.0,0.004297223937541698,0,1,,
3637,3.637,0.0,0.0007849824091904807,0,1,0.0,0.0040876458530584815,0,1,,
3638,3.638,0.0,0.0007466983653374449,0,1,0.0,0.0038882890123675498,0,1,,
3639,3.6390000000000002,0.0,0.0007102814563355617,0,1,0.0,0.003698654919526834,0,1,,
3640,3.64,0.0,0.0006756406209436054,0,1,0.0,0.0035182693905282452,0,1,,
3641,3.641,0.0,0.0006426892390294908,0,1,0.0,0.0033466813675906604,0,1,,
3642,3.642,0.0,0.0006113449149748243,0,1,0.0,0.0031834617912805266,0,1,,
3643,3.6430000000000002,0.0,0.00058152927164294,0,1,0.0,0.0030282025276397876,0,1,,
3644,3.644,0.0,0.0005531677543952333,0,1,0.0,0.0028805153476384026,0,1,,
3645,3.645,0.0,0.0005261894446657301,0,1,0.0,0.002740030956399552,0,1,,
3646,3.646,0.0,0.0005005268826277327,0,1,0.0,0.002606398069770087,0,1,,
3647,3.6470000000000002,0.0,0.0004761158985091146,0,1,0.0,0.0024792825359271718,0,1,,
3648,3.648,0.0,0.0004528954521344654,0,1,0.0,0.0023583664998246745,0,1,,
3649,3.649,0.0,0.00043080748029285823,0,1,0.0,0.0022433476083899883,0,1,,
3650,3.65,0.0,0.00040979675154957824,0,1,0.0,0.0021339382544838617,0,1,,
3651,3.6510000000000002,0.0,0.0003898107281387674,0,1,0.0,0.0020298648577327418,0,1,,
3652,3.652,0.0,0.00037079943459164403,0,1,0.0,0.0019308671804353396,0,1,,
3653,3.653,0.0,0.00035271533277179967,0,1,0.0,0.0018366976768328244,0,1,,
3654,3.654,0.0,0.00033551320300509685,0,1,0.0,0.001747120874115486,0,1,,
3655,3.6550000000000002,0.0,0.00031915003100692953,0,1,0.0,0.001661912783618058,0,1,,
3656,3.656,0.0,0.00030358490032410663,0,1,0.0,0.001580860340731385,0,1,,
3657,3.657,0.0,0.0002887788900224066,0,1,0.0,0.001503760872129918,0,1,,
3658,3.658,0.0,0.0002746949773639688,0,1,0.0,0.0014304215889828337,0,1,,
3659,3.6590000000000003,0.0,0.00026129794523116473,0,1,0.0,0.0013606591048815379,0,1,,
3660,3.66,0.0,0.0002485542940654599,0,1,0.0,0.0012942989772781219,0,1,,
3661,3.661,0.0,0.00023643215810106868,0,1,0.0,0.0012311752712881306,0,1,,
3662,3.662,0.0,0.0002249012256839414,0,1,0.0,0.001171130144766919,0,1,,
3663,3.6630000000000003,0.0,0.00021393266347684078,0,1,0.0,0.0011140134536220742,0,1,,
3664,3.664,0.0,0.00020349904436098016,0,1,0.0,0.0010596823763749784,0,1,,
3665,3.665,0.0,0.00019357427885394044,0,1,0.0,0.0010080010570327198,0,1,,
3666,3.666,0.0,0.0001841335498723745,0,1,0.0,0.0009588402653773455,0,1,,
3667,3.6670000000000003,0.0,0.00017515325067637231,0,1,0.0,0.0009120770738230043,0,1,,
3668,3.668,0.0,0.00016661092584031493,0,1,0.0,0.0008675945500329517,0,1,,
3669,3.669,0.0,0.0001584852151026139,0,1,0.0,0.0008252814645278005,0,1,,
3670,3.67,0.0,0.00015075579995393128,0,1,0.0,0.0007850320125538862,0,1,,
3671,3.6710000000000003,0.0,0.00014340335283032283,0,1,0.0,0.0007467455495162704,0,1,,
3672,3.672,0.0,0.00013640948878426083,0,1,0.0,0.0007103263393148314,0,1,,
3673,3.673,0.0,0.00012975671951268904,0,1,0.0,0.0006756833149541459,0,1,,
3674,3.674,0.0,0.00012342840962715576,0,1,0.0,0.000642729850828567,0,1,,
3675,3.6750000000000003,0.0,0.00011740873505667777,0,1,0.0,0.0006113835461130875,0,1,,
3676,3.676,0.0,0.0001116826434793204,0,1,0.0,0.000581566018718358,0,1,,
3677,3.677,0.0,0.00010623581668355236,0,1,0.0,0.0005532027092946351,0,1,,
3678,3.678,0.0,0.00010105463476525885,0,1,0.0,0.0005262226947945715,0,1,,
3679,3.6790000000000003,0.0,1.0000961261420709,0,1,0.0,0.0005005585111286551,0,1,,
3680,3.68,0.0,0.9513208625155156,0,1,0.0,0.00047614598446984487,0,1,,
3681,3.681,0.0,0.9049243965661568,0,1,0.0,0.00045292407078557646,0,1,,
3682,3.682,0.0,0.8607907129622812,0,1,0.0,0.00043083470319588455,0,1,,
3683,3.6830000000000003,0.0,0.81880945450667,0,1,0.0,0.0004098226467759572,0,1,,
3684,3.684,0.0,0.7788756461861233,0,1,0.0,0.0003898353604400531,0,1,,
3685,3.685,0.0,0.7408894326792478,0,1,0.0,0.00037082286556142015,0,1,,
3686,3.686,0.0,0.7047558286661414,0,1,0.0,0.00035273762099969535,0,1,,
3687,3.6870000000000003,0.0,0.6703844813156175,0,1,0.0,0.0003355344042232912,0,1,,
3688,3.688,0.0,0.6376894443560644,0,1,0.0,0.0003191701982295112,0,1,,
3689,3.689,0.0,0.6065889631649993,0,1,0.0,0.0003036040839796368,0,1,,
3690,3.69,0.0,0.5770052703399271,0,1,0.0,0.00028879713808001637,0,1,,
3691,3.6910000000000003,0.0,0.5488643912393277,0,1,0.0,0.0002747123354533072,0,1,,
3692,3.692,0.0,0.5220959590075205,0,1,0.0,0.0002613144567564965,0,1,,
3693,3.693,0.0,0.4966330386208721,0,1,0.0,0.0002485700003141989,0,1,,
3694,3.694,0.0,0.47241195951537307,0,1,0.0,0.0002364470983470177,0,1,,
3695,3.6950000000000003,0.0,0.44937215637706296,0,1,0.0,0.00022491543728549737,0,1,,
3696,3.696,0.0,0.4274560176971985,0,1,0.0,0.0002139461819704101,0,1,,
3697,3.697,0.0,0.40660874171347317,0,1,0.0,0.00020351190354983824,0,1,,
3698,3.698,0.0,0.38677819937706653,0,1,0.0,0.00019358651089275745,0,1,,
3699,3.6990000000000003,0.0,0.3679148040028694,0,1,0.0,0.00018414518534761888,0,1,,
3700,3.7,0.0,0.34997138727694244,0,1,0.0,0.00017516431868279283,0,1,3.6261129204591973,2.994213431648982
3701,3.701,0.0,0.3329030813111625,0,1,0.0,0.0001666214540536927,0,1,,
3702,3.702,0.0,0.31666720645013147,0,1,0.0,0.00015849522984896626,0,1,,
3703,3.7030000000000003,0.0,0.30122316454980735,0,1,0.0,1.0001507653262753,0,1,,
3704,3.704,0.0,0.28653233746099716,0,1,0.0,0.9513728369152615,0,1,,
3705,3.705,0.0,0.2725579904638687,0,1,0.0,0.9049738361445159,0,1,,
3706,3.706,0.0,0.2592651804120169,0,1,0.0,0.8608377413439513,0,1,,
3707,3.7070000000000003,0.0,0.24662066835639662,0,1,0.0,0.8188541892871013,0,1,,
3708,3.708,0.0,0.2345928364306366,0,1,0.0,0.7789181992255682,0,1,,
3709,3.709,0.0,0.2231516087899046,0,1,0.0,0.7409299103824697,0,1,,
3710,3.71,0.0,0.21226837640562943,0,1,0.0,0.7047943322484822,0,1,,
3711,3.7110000000000003,0.0,0.2019159255280278,0,1,0.0,0.6704211070560887,0,1,,
3712,3.712,0.0,0.19206836963755491,0,1,0.0,0.6377242838380949,0,1,,
3713,3.713,0.0,0.18270108471512178,0,1,0.0,0.606622103505441,0,1,,
3714,3.714,0.0,0.17379064766922148,0,1,0.0,0.5770367944068931,0,1,,
3715,3.715,0.0,0.1653147777659999,0,1,0.0,0.5488943778594058,0,1,,
3716,3.716,0.0,0.15725228091581553,0,1,0.0,0.52212448316288,0,1,,
3717,3.717,0.0,0.14958299667697583,0,1,0.0,0.4966601716367591,0,1,,
3718,3.718,0.0,0.14228774784413195,0,1,0.0,0.4724377692384602,0,1,,
3719,3.719,0.0,0.13534829249527636,0,1,0.0,0.4493967073451016,0,1,,
3720,3.72,0.0,0.12874727837743605,0,1,0.0,0.4274793713003968,0,1,,
3721,3.721,0.0,0.12246819951700172,0,1,0.0,0.4066309563480035,0,1,,
3722,3.722,0.0,0.11649535494619617,0,1,0.0,0.38679933059108634,0,1,,
3723,3.723,0.0,0.1108138094424766,0,1,0.0,0.3679349046354205,0,1,,
3724,3.724,0.0,0.1054093561826988,0,1,0.0,0.34999050759007616,0,1,,
3725,3.725,0.0,0.10026848121865936,0,1,0.0,0.3329212691156209,0,1,,
3726,3.726,0.0,0.09537832968518599,0,1,0.0,0.31668450722489944,0,1,,
3727,3.727,0.0,0.09072667365627883,0,1,0.0,0.3012396215558333,0,1,,
3728,3.728,0.0,0.08630188156892621,0,1,0.0,0.2865479918493682,0,1,,
3729,3.729,0.0,0.08209288913813846,0,1,0.0,0.2725728813787098,0,1,,
3730,3.73,0.0,0.07808917169047236,0,1,0.0,0.25927934508837147,0,1,,
3731,3.731,0.0,0.07428071784686548,0,1,0.0,0.24663414221333363,0,1,,
3732,3.732,0.0,0.07065800448897376,0,1,0.0,0.2346056531598166,0,1,,
3733,3.733,0.0,0.06721197294641537,0,1,0.0,0.22316380043982648,0,1,,
3734,3.734,0.0,0.06393400634537626,0,1,0.0,0.21227997346176833,0,1,,
3735,3.735,0.0,0.060815908061937256,0,1,0.0,0.20192695698906474,0,1,,
3736,3.736,0.0,0.05784988122624491,0,1,0.0,0.1920788630878885,0,1,,
3737,3.737,0.0,0.055028509226275606,0,1,0.0,0.1827110663938436,0,1,,
3738,3.738,0.0,0.052344737162442374,0,1,0.0,0.1738001425357276,0,1,,
3739,3.739,0.0,0.0497918542066712,0,1,0.0,0.16532380956240222,0,1,,
3740,3.74,0.0,0.0473634768218353,0,1,0.0,0.1572608722263095,0,1,,
3741,3.741,0.0,0.0450535327995873,0,1,0.0,0.1495911689843127,0,1,,
3742,3.742,0.0,0.04285624607667547,0,1,0.0,0.14229552158333683,0,1,,
3743,3.743,0.0,0.04076612229177699,0,1,0.0,0.13535568710474644,0,1,,
3744,3.744,0.0,0.038777935046732756,0,1,0.0,0.12875431234754667,0,1,,
3745,3.745,0.0,0.03688671283782967,0,1,0.0,0.122474890436342,0,1,,
3746,3.746,0.0,0.035087726624451816,0,1,0.0,0.1165017195455496,0,1,,
3747,3.747,0.0,0.033376478004015685,0,1,0.0,0.11081986363665673,0,1,,
3748,3.748,0.0,0.03174868796362058,0,1,0.0,0.10541511511034458,0,1,,
3749,3.749,0.0,0.03020028618028755,0,1,0.0,0.1002739592800896,0,1,,
3750,3.75,0.0,0.02872740084303179,0,1,0.0,0.09538354057840766,0,1,,
3751,3.751,0.0,0.027326348971318457,0,1,0.0,0.09073163041123922,0,1,,
3752,3.7520000000000002,0.0,0.025993627205692933,0,1,0.0,0.08630659658009457,0,1,,
3753,3.753,0.0,0.024725903047557393,0,1,0.0,0.08209737419549865,0,1,,
3754,3.754,0.0,0.02352000652618847,0,1,0.0,0.07809343800900395,0,1,,
3755,3.755,0.0,0.0223729222721593,0,1,0.0,0.07428477609458702,0,1,,
3756,3.7560000000000002,0.0,0.021281781977345298,0,1,0.0,0.0706618648136184,0,1,,
3757,3.757,0.0,0.020243857222659836,0,1,0.0,0.06721564500080549,0,1,,
3758,3.758,0.0,0.01925655265558534,0,1,0.0,0.0639374993115605,0,1,,
3759,3.759,0.0,0.01831739950044014,0,1,0.0,0.06081923067415049,0,1,,
3760,3.7600000000000002,0.0,0.01742404938515334,0,1,0.0,0.05785304179274834,0,1,,
3761,3.761,0.0,0.016574268469111433,0,1,0.0,0.05503151565013176,0,1,,
3762,3.762,0.0,0.0157659318573932,0,1,0.0,0.05234759696127687,0,1,,
3763,3.763,0.0,0.014997018287425605,0,1,0.0,0.04979457453147072,0,1,,
3764,3.7640000000000002,0.0,0.014265605074774541,0,1,0.0,0.04736606447482881,0,1,,
3765,3.765,0.0,0.013569863305432252,0,1,0.0,0.04505599425125512,0,1,,
3766,3.766,0.0,0.012908053262579678,0,1,0.0,0.04285858748192889,0,1,,
3767,3.767,0.0,0.01227852007638823,0,1,0.0,0.040768349505348724,0,1,,
3768,3.7680000000000002,0.0,0.01167968958598324,0,1,0.0,0.038780053637816836,0,1,,
3769,3.769,0.0,0.01111006440322182,0,1,0.0,0.03688872810400733,0,1,,
3770,3.77,0.0,0.01056822016844256,0,1,0.0,0.03508964360493821,0,1,,
3771,3.771,0.0,0.010052801988824455,0,1,0.0,0.03337830149226053,0,1,,
3772,3.7720000000000002,0.0,0.00956252105044912,0,1,0.0,0.03175042251929431,0,1,,
3773,3.773,0.0,0.009096151395594679,0,1,0.0,0.030201936140682836,0,1,,
3774,3.774,0.0,0.008652526857202893,0,1,0.0,0.02872897033390905,0,1,,
3775,3.775,0.0,0.00823053814285408,0,1,0.0,0.02732784191722239,0,1,,
3776,3.7760000000000002,0.0,0.007829130060958263,0,1,0.0,0.025995047339765945,0,1,,
3777,3.777,0.0,0.0074472988822265685,0,1,0.0,0.024727253920874378,0,1,,
3778,3.778,0.0,0.0070840898298251895,0,1,0.0,0.02352129151663636,0,1,,
3779,3.779,0.0,0.006738594691935976,0,1,0.0,0.02237414459288353,0,1,,
3780,3.7800000000000002,0.0,0.006409949550753824,0,1,0.0,0.021282944684784363,0,1,,
3781,3.781,0.0,0.0060973326222421706,0,1,0.0,0.02024496322418796,0,1,,
3782,3.782,0.0,0.005799962201244849,0,1,0.0,0.019257604716782433,0,1,,
3783,3.783,0.0,0.005517094706816033,0,1,0.0,0.018318400252007188,0,1,,
3784,3.7840000000000003,0.0,0.005248022822880551,0,1,0.0,0.01742500132949053,0,1,,
3785,3.785,0.0,0.004992073729575279,0,1,0.0,0.016575173986575455,0,1,,
3786,3.786,0.0,0.004748607420849026,0,1,0.0,0.015766793212249375,0,1,,
3787,3.787,0.0,0.004517015104114039,0,1,0.0,0.014997837633509738,0,1,,
3788,3.7880000000000003,0.0,0.00429671767794743,0,1,0.0,0.014266384460878618,0,1,,
3789,3.789,0.0,0.004087164284035979,0,1,0.0,0.013570604680427497,0,1,,
3790,3.79,0.0,0.003887830929743417,0,1,0.0,0.012908758480289745,0,1,,
3791,3.791,0.0,0.003698219177855906,0,1,0.0,0.012279190900224725,0,1,,
3792,3.7920000000000003,0.0,0.0035178549002293775,0,1,0.0,0.01168032769335517,0,1,,
3793,3.793,0.0,0.0033462870922222076,0,1,0.0,0.01111067138972999,0,1,,
3794,3.794,0.0,0.003183086744948698,0,1,0.0,0.010568797551869407,0,1,,
3795,3.795,0.0,0.0030278457725334013,0,1,0.0,0.01005335121292929,0,1,,
3796,3.7960000000000003,0.0,0.002880175991683867,0,1,0.0,0.009563043488578284,0,1,,
3797,3.797,0.0,0.0027397081510302183,0,1,0.0,0.009096648354115621,0,1,,
3798,3.798,0.0,0.00260609100780439,0,1,0.0,0.008652999578770769,0,1,,
3799,3.799,0.0,0.002478990449550256,0,1,0.0,0.008230987809519039,0,1,,
3800,3.8000000000000003,0.0,0.002358088658668456,0,1,0.0,0.007829557797121188,0,1,3.6219435530732653,3.535776833305137
3801,3.801,0.0,0.002243083317706856,0,1,0.0,0.007447705757450665,0,1,,
3802,3.802,0.0,0.0021336868534094448,0,1,0.0,0.007084476861510451,0,1,,
3803,3.803,0.0,0.0020296257176334056,0,1,0.0,0.0067389628478632104,0,1,,
3804,3.8040000000000003,0.0,0.0019306397033362732,0,1,0.0,0.006410299751504614,0,1,,
3805,3.805,0.0,0.0018364812939227924,0,1,0.0,0.006097665743500804,0,1,,
3806,3.806,0.0,0.0017469150443245045,0,1,0.0,0.005800279075987988,0,1,,
3807,3.807,0.0,0.0016617169922644376,0,1,0.0,0.005517396127395587,0,1,,
3808,3.8080000000000003,0.0,0.0015806740982347584,0,1,0.0,0.005248309543004972,0,1,,
3809,3.809,0.0,0.0015035837127870344,0,1,0.0,0.004992346466194225,0,1,,
3810,3.81,0.0,0.0014302530698030577,0,1,0.0,0.004748866855946106,0,1,,
3811,3.811,0.0,0.001360498804479142,0,1,0.0,0.004517261886412129,0,1,,
3812,3.8120000000000003,0.0,0.0012941464948186038,0,1,0.0,0.00429695242453082,0,1,,
3813,3.813,0.0,0.0012310302254859168,0,1,0.0,0.004087387581893399,0,1,,
3814,3.814,0.0,0.0011709921729319529,0,1,0.0,0.0038880433372358233,0,1,,
3815,3.815,0.0,0.0011138822107529022,0,1,0.0,0.003698421226112668,0,1,,
3816,3.8160000000000003,0.0,0.0010595575342960662,0,1,0.0,0.0035180470944763784,0,1,,
3817,3.817,0.0,0.0010078823035738426,0,1,0.0,0.0033464699130451745,0,1,,
3818,3.818,0.0,0.0009587273035930002,0,1,0.0,0.003183260649494916,0,1,,
3819,3.819,0.0,0.0009119696212498908,0,1,0.0,0.003028011195654818,0,1,,
3820,3.8200000000000003,0.0,0.0008674923379836678,0,1,0.0,0.0028803333470244514,0,1,,
3821,3.821,0.0,0.0008251842374189832,0,1,0.0,0.0027398578320602844,0,1,,
3822,3.822,0.0,0.00078493952726712,0,1,0.0,0.0026062333888044785,0,1,,
3823,3.823,0.0,0.0007466575747901651,0,1,0.0,0.00247912588654703,0,1,,
3824,3.8240000000000003,0.0,0.0007102426551667476,0,1,0.0,0.0023582174903249535,0,1,,
3825,3.825,0.0,0.0006756037121301244,0,1,0.0,0.0022432058661693236,0,1,,
3826,3.826,0.0,0.0006426541302800842,0,1,0.0,0.002133803425112871,0,1,,
3827,3.827,0.0,0.0006113115184993314,0,1,0.0,0.0020297366040677688,0,1,,
3828,3.8280000000000003,0.0,0.0005814975039327765,0,1,0.0,0.0019307451817754174,0,1,,
3829,3.829,0.0,0.0005531375360145767,0,1,0.0,0.0018365816281177567,0,1,,
3830,3.83,0.0,0.0005261607000528887,0,1,0.0,0.001747010485163038,0,1,,
3831,3.831,0.0,0.0005004995399062022,0,1,0.0,0.0016618077783983499,0,1,,
3832,3.8320000000000003,0.0,0.00047608988930784884,0,1,0.0,0.0015807604566766725,0,1,,
3833,3.833,0.0,0.0004528707114169137,0,1,0.0,0.001503665859478037,0,1,,
3834,3.834,0.0,0.00043078394619433974,0,1,0.0,0.0014303312101526648,0,1,,
3835,3.835,0.0,0.00040977436522258835,0,1,0.0,0.0013605731338789291,0,1,,
3836,3.8360000000000003,0.0,0.00038978943360582814,0,1,0.0,0.0012942171991307866,0,1,,
3837,3.837,0.0,0.00037077917860533116,0,1,0.0,0.001231097481508104,0,1,,
3838,3.838,0.0,0.0003526960646815966,0,1,0.0,0.0011710561488392321,0,1,,
3839,3.839,0.0,0.00033549487463074173,0,1,0.0,0.0011139430665183653,0,1,,
3840,3.84,0.0,0.00031913259651793966,0,1,0.0,0.0010596154220908253,0,1,,
3841,3.841,0.0,0.0003035683161251783,0,1,0.0,0.001007937368147537,0,1,,
3842,3.842,0.0,0.0002887631146444042,0,1,0.0,0.0009587796826357459,0,1,,
3843,3.843,0.0,0.0002746799713602303,0,1,0.0,0.0009120194457365778,0,1,,
3844,3.844,0.0,0.0002612836710788645,0,1,0.0,0.000867539732501465,0,1,,
3845,3.845,0.0,0.0002485407160717821,0,1,0.0,0.000825229320478872,0,1,,
3846,3.846,0.0,0.00023641924231395666,0,1,0.0,0.0007849824116002327,0,1,,
3847,3.847,0.0,0.00022488893980719986,0,1,0.0,0.0007466983676296719,0,1,,
3848,3.848,0.0,0.00021392097678937842,0,1,0.0,0.0007102814585159954,0,1,,
3849,3.849,0.0,0.00020348792763999105,0,1,0.0,0.000675640623017698,0,1,,
3850,3.85,0.0,0.00019356370430183162,0,1,0.0,0.0006426892410024287,0,1,,
3851,3.851,0.0,0.00018412349104725766,0,1,0.0,0.000611344916851541,0,1,,
3852,3.852,0.0,0.0001751436824259453,0,1,0.0,0.0005815292734281281,0,1,,
3853,3.853,0.0,0.00016660182423896777,0,1,0.0,0.0005531677560933567,0,1,,
3854,3.854,0.0,0.00015847655739160242,0,1,0.0,0.0005261894462810351,0,1,,
3855,3.855,0.0,0.00015074756448446835,0,1,0.0,0.0005005268841642584,0,1,,
3856,3.856,0.0,0.0001433955190094451,0,1,0.0,0.00047611589997070304,0,1,,
3857,3.857,0.0,0.00013640203702333566,0,1,0.0,0.0004528954535247714,0,1,,
3858,3.858,0.0,0.00012974963117843267,0,1,0.0,0.0004308074816153581,0,1,,
3859,3.859,0.0,0.0001234216669950404,0,1,0.0,0.00040979675280757906,0,1,,
3860,3.86,0.0,0.00011740232126661106,0,1,0.0,0.0003898107293354148,0,1,,
3861,3.861,0.0,0.00011167654249348638,0,1,0.0,0.0003707994357299302,0,1,,
3862,3.862,0.0,0.00010623001324630858,0,1,0.0,0.000352715333854571,0,1,,
3863,3.863,0.0,0.00010104911436498934,0,1,0.0,0.00033551320403506083,0,1,,
3864,3.864,0.0,9.612089090371564e-05,0,1,0.0,0.00031915003198666156,0,1,,
3865,3.865,0.0,9.143301973683734e-05,0,1,0.0,0.0003035849012560566,0,1,,
3866,3.866,0.0,8.697377874463422e-05,0,1,0.0,0.00028877889090890476,0,1,,
3867,3.867,0.0,8.273201750191084e-05,0,1,0.0,0.00027469497820723193,0,1,,
3868,3.868,0.0,7.869712939612565e-05,0,1,0.0,0.0002612979460333014,0,1,,
3869,3.869,0.0,1.0000748590251054,0,1,0.0,0.00024855429482847593,0,1,,
3870,3.87,0.0,0.9513006326080837,0,1,0.0,0.00023643215882687194,0,1,,
3871,3.871,0.0,0.9049051532829526,0,1,0.0,0.00022490122637434682,0,1,,
3872,3.872,0.0,0.8607724081850734,0,1,0.0,0.00021393266413357472,0,1,,
3873,3.873,0.0,0.8187920424639811,0,1,0.0,0.00020349904498568483,0,1,,
3874,3.874,0.0,0.778859083338777,0,1,0.0,0.00019357427944817788,0,1,,
3875,3.875,0.0,0.7408736776114985,0,1,0.0,0.00018413355043763065,0,1,,
3876,3.876,0.0,0.7047408419821132,0,1,0.0,0.0001751532512140606,0,1,,
3877,3.8770000000000002,0.0,0.6703702255407942,0,1,0.0,0.00016661092635177985,0,1,,
3878,3.878,0.0,0.6376758838435835,0,1,0.0,0.0001584852155891344,0,1,,
3879,3.879,0.0,0.6065760640065161,0,1,0.0,0.0001507558004167239,0,1,,
3880,3.88,0.0,0.5769930002808266,0,1,0.0,0.00014340335327054477,0,1,,
3881,3.8810000000000002,0.0,0.548852719598071,0,1,0.0,0.00013640948920301288,0,1,,
3882,3.882,0.0,0.5220848565989249,0,1,0.0,0.0001297567199110183,0,1,,
3883,3.883,0.0,0.4966224776831331,0,1,0.0,0.00012342841000605826,0,1,,
3884,3.884,0.0,0.4724019136406454,0,1,0.0,1.000117408735417,0,1,,
3885,3.8850000000000002,0.0,0.4493626004454271,0,1,0.0,0.9513411071445361,0,1,,
3886,3.886,0.0,0.4274469278138479,0,1,0.0,0.9049436538529692,0,1,,
3887,3.887,0.0,0.4066000951489648,0,1,0.0,0.8608090310601332,0,1,,
3888,3.888,0.0,0.38676997451048534,0,1,0.0,0.8188268792203477,0,1,,
3889,3.8890000000000002,0.0,0.3679069802677648,0,1,0.0,0.778892221086487,0,1,,
3890,3.89,0.0,0.3499639451099015,0,1,0.0,0.740905199212182,0,1,,
3891,3.891,0.0,0.33289600210289105,0,1,0.0,0.7047708262561908,0,1,,
3892,3.892,0.0,0.31666047249892154,0,1,0.0,0.6703987474645691,0,1,,
3893,3.8930000000000002,0.0,0.3012167590172733,0,1,0.0,0.6377030147367215,0,1,,
3894,3.894,0.0,0.28652624432997115,0,1,0.0,0.6066018717103819,0,1,,
3895,3.895,0.0,0.27255219449834944,0,1,0.0,0.5770175493281225,0,1,,
3896,3.896,0.0,0.2592596671190716,0,1,0.0,0.5488760713742024,0,1,,
3897,3.8970000000000002,0.0,0.24661542394992117,0,1,0.0,0.5221070694954953,0,1,,
3898,3.898,0.0,0.23458784779688313,0,1,0.0,0.49664360724395434,0,1,,
3899,3.899,0.0,0.22314686345469023,0,1,0.0,0.47242201270062534,0,1,,
3900,3.9,0.0,0.2122638625031444,0,1,0.0,0.44938171926268483,0,1,3.6205908488713234,3.5845451135159254
3901,3.9010000000000002,0.0,0.20191163177116475,0,1,0.0,0.42746511419538513,0,1,,
3902,3.902,0.0,0.19206428528968514,0,1,0.0,0.4066173945702082,0,1,,
3903,3.903,0.0,0.18269719956324815,0,1,0.0,0.3867864302289989,0,1,,
3904,3.904,0.0,0.17378695199844063,0,1,0.0,0.3679226334314162,0,1,,
3905,3.9050000000000002,0.0,0.1653112623352099,0,1,0.0,0.3499788348597532,0,1,,
3906,3.906,0.0,0.15724893693460829,0,1,0.0,0.33291016567107345,0,1,,
3907,3.907,0.0,0.1495798157836565,0,1,0.0,0.31667394530173254,0,1,,
3908,3.908,0.0,0.14228472208481038,0,1,0.0,0.3012295747437376,0,1,,
3909,3.9090000000000003,0.0,0.1353454143039782,0,1,0.0,0.28653843502608034,0,1,,
3910,3.91,0.0,0.1287445405571839,0,1,0.0,0.27256379064719366,0,1,,
3911,3.911,0.0,0.12246559522181888,0,1,0.0,0.2592706977170631,0,1,,
3912,3.912,0.0,0.11649287766398816,0,1,0.0,0.24662591657930055,0,1,,
3913,3.9130000000000003,0.0,0.11081145297874755,0,1,0.0,0.23459782869468918,0,1,,
3914,3.914,0.0,0.10540711464506196,0,1,0.0,0.22315635757836627,0,1,,
3915,3.915,0.0,0.10026634900210307,0,1,0.0,0.2122728935929449,0,1,,
3916,3.916,0.0,0.09537630145805824,0,1,0.0,0.2019202224095183,0,1,,
3917,3.9170000000000003,0.0,0.09072474434695535,0,1,0.0,0.19207245695766226,0,1,,
3918,3.918,0.0,0.08630004635312874,0,1,0.0,0.18270497269427524,0,1,,
3919,3.919,0.0,0.0820911434268716,0,1,0.0,0.17379434602939411,0,1,,
3920,3.92,0.0,0.07808751111854864,0,1,0.0,0.16531829575501852,0,1,,
3921,3.9210000000000003,0.0,0.07427913826199013,0,1,0.0,0.1572556273304851,0,1,,
3922,3.922,0.0,0.07065650194136185,0,1,0.0,0.14958617988507608,0,1,,
3923,3.923,0.0,0.06721054367891521,0,1,0.0,0.1422907758053412,0,1,,
3924,3.924,0.0,0.06393264678407462,0,1,0.0,0.13535117278107484,0,1,,
3925,3.9250000000000003,0.0,0.06081461480722273,0,1,0.0,0.12875001819003853,0,1,,
3926,3.926,0.0,0.05784865104430708,0,1,0.0,0.12247080570736682,0,1,,
3927,3.927,0.0,0.05502733904101885,0,1,0.0,0.11649783403115731,0,1,,
3928,3.928,0.0,0.05234362404779403,0,1,0.0,0.11081616762103746,0,1,,
3929,3.9290000000000003,0.0,0.04979079537926485,0,1,0.0,0.10541159935153413,0,1,,
3930,3.93,0.0,0.04736246963405091,0,1,0.0,0.10027061498685964,0,1,,
3931,3.931,0.0,0.04505257473293079,0,1,0.0,0.09538035938828317,0,1,,
3932,3.932,0.0,0.042855334735481164,0,1,0.0,0.09072860436958788,0,1,,
3933,3.9330000000000003,0.0,0.040765255397217204,0,1,0.0,0.08630371812023604,0,1,,
3934,3.934,0.0,0.038777110431119546,0,1,0.0,0.08209463611978397,0,1,,
3935,3.935,0.0,0.03688592843919448,0,1,0.0,0.07809083347081763,0,1,,
3936,3.936,0.0,0.03508698048138948,0,1,0.0,0.07428229858122695,0,1,,
3937,3.9370000000000003,0.0,0.033375768250779904,0,1,0.0,0.07065950813001072,0,1,,
3938,3.938,0.0,0.03174801282545857,0,1,0.0,0.06721340325401362,0,1,,
3939,3.939,0.0,0.03019964396900224,0,1,0.0,0.0639353668960498,0,1,,
3940,3.94,0.0,0.02872678995276046,0,1,0.0,0.06081720225777145,0,1,,
3941,3.9410000000000003,0.0,0.027325767874517227,0,1,0.0,0.057851112303403465,0,1,,
3942,3.942,0.0,0.02599307444931712,0,1,0.0,0.055029680263092656,0,1,,
3943,3.943,0.0,0.024725377249428138,0,1,0.0,0.05234585108711993,0,1,,
3944,3.944,0.0,0.023519506371536575,0,1,0.0,0.049792913804601165,0,1,,
3945,3.9450000000000003,0.0,0.022372446510337613,0,1,0.0,0.047364484742564425,0,1,,
3946,3.946,0.0,0.021281329418701457,0,1,0.0,0.045054491563442406,0,1,,
3947,3.947,0.0,0.020243426735561502,0,1,0.0,0.0428571580810656,0,1,,
3948,3.948,0.0,0.019256143163590537,0,1,0.0,0.040766989817188154,0,1,,
3949,3.9490000000000003,0.0,0.018317009979605586,0,1,0.0,0.03877876026243036,0,1,,
3950,3.95,0.0,0.017423678861474057,0,1,0.0,0.03688749780728279,0,1,,
3951,3.951,0.0,0.016573916016085224,0,1,0.0,0.03508847331049295,0,1,,
3952,3.952,0.0,0.015765596593703916,0,1,0.0,0.03337718827374887,0,1,,
3953,3.9530000000000003,0.0,0.014996699374739393,0,1,0.0,0.03174936359309012,0,1,,
3954,3.954,0.0,0.01426530171564357,0,1,0.0,0.03020092885891904,0,1,,
3955,3.955,0.0,0.013569574741300681,0,1,0.0,0.028728012177856563,0,1,,
3956,3.956,0.0,0.012907778771886872,0,1,0.0,0.027326930490992003,0,1,,
3957,3.9570000000000003,0.0,0.012278258972764482,0,1,0.0,0.02599418036431734,0,1,,
3958,3.958,0.0,0.011679441216533486,0,1,0.0,0.024726429228317342,0,1,,
3959,3.959,0.0,0.011109828146893068,0,1,0.0,0.02352050704480994,0,1,,
3960,3.96,0.0,0.010567995434470926,0,1,0.0,0.022373398380199548,0,1,,
3961,3.9610000000000003,0.0,0.010052588215257953,0,1,0.0,0.021282234865322422,0,1,,
3962,3.962,0.0,0.009562317702742483,0,1,0.0,0.020244288023029678,0,1,,
3963,3.963,0.0,0.009095957965272721,0,1,0.0,0.01925696244557322,0,1,,
3964,3.964,0.0,0.008652342860589057,0,1,0.0,0.018317789304734475,0,1,,
3965,3.9650000000000003,0.0,0.00823036311986099,0,1,0.0,0.01742442017846791,0,1,,
3966,3.966,0.0,0.00782896357393727,0,1,0.0,0.01657462117862266,0,1,,
3967,3.967,0.0,0.007447140514873403,0,1,0.0,0.015766267365058578,0,1,,
3968,3.968,0.0,0.007083939186138978,0,1,0.0,0.01499733743218906,0,1,,
3969,3.969,0.0,0.0067384513952290365,0,1,0.0,0.014265908654664216,0,1,,
3970,3.97,0.0,0.00640981324270975,0,1,0.0,0.013570152079555997,0,1,,
3971,3.971,0.0,0.006097202962019851,0,1,0.0,0.012908327953023218,0,1,,
3972,3.972,0.0,0.005799838864626192,0,1,0.0,0.012278781370020756,0,1,,
3973,3.973,0.0,0.005516977385395247,0,1,0.0,0.011679938136174933,0,1,,
3974,3.974,0.0,0.0052479112232929745,0,1,0.0,0.011110300831477625,0,1,,
3975,3.975,0.0,0.004991967572763815,0,1,0.0,0.010568445065956266,0,1,,
3976,3.976,0.0,0.004748506441366349,0,1,0.0,0.010053015917956988,0,1,,
3977,3.977,0.0,0.004516919049458846,0,1,0.0,0.009562724546134743,0,1,,
3978,3.978,0.0,0.00429662630793305,0,1,0.0,0.009096344966678603,0,1,,
3979,3.979,0.0,0.004087077370189783,0,1,0.0,0.008652710987713653,0,1,,
3980,3.98,0.0,0.003887748254735519,0,1,0.0,0.008230713293213864,0,1,,
3981,3.981,0.0,0.003698140534955723,0,1,0.0,0.0078292966691342,0,1,,
3982,3.982,0.0,0.003517780092788695,0,1,0.0,0.007447457364825883,0,1,,
3983,3.983,0.0,0.0033462159331834585,0,1,0.0,0.007084240583136929,0,1,,
3984,3.984,0.0,0.003183019056377221,0,1,0.0,0.006738738092921944,0,1,,
3985,3.985,0.0,0.00302778138517251,0,1,0.0,0.00641008595799118,0,1,,
3986,3.986,0.0,0.0028801147445316213,0,1,0.0,0.006097462376820058,0,1,,
3987,3.987,0.0,0.002739649890936835,0,1,0.0,0.0058000856276173,0,1,,
3988,3.988,0.0,0.0026060355890892895,0,1,0.0,0.005517212113613267,0,1,,
3989,3.989,0.0,0.0024789377336377843,0,1,0.0,0.005248134503680716,0,1,,
3990,3.99,0.0,0.002358038513741374,0,1,0.0,0.004992179963638548,0,1,,
3991,3.991,0.0,0.002243035618376726,0,1,0.0,0.004748708473815891,0,1,,
3992,3.992,0.0,0.0021336414804030966,0,1,0.0,0.004517111228669554,0,1,,
3993,3.993,0.0,0.002029582557494689,0,1,0.0,0.0042968091144530525,0,1,,
3994,3.994,0.0,0.0019305986481423605,0,1,0.0,0.0040872512611306,0,1,,
3995,3.995,0.0,0.001836442241014314,0,1,0.0,0.003887913664915078,0,1,,
3996,3.996,0.0,0.0017468778960488475,0,1,0.0,0.003698297877985632,0,1,,
3997,3.997,0.0,0.0016616816557315634,0,1,0.0,0.0035179297621084843,0,1,,
3998,3.998,0.0,0.0015806404850849285,0,1,0.0,0.003346358303044387,0,1,,
3999,3.999,0.0,0.001503551738969866,0,1,0.0,0.0031831544827780984,0,1,,
4000,4.0,0.0,0.0014302226553673536,0,1,0.0,0.0030279102067498785,0,1,3.612732570779088,3.6207112049872126
4001,4.001,0.0,0.0013604698733729707,0,1,0.0,0.0028802372834065247,0,1,,
4002,4.002,0.0,0.0012941189746991301,0,1,0.0,0.0027397664535202884,0,1,,
4003,4.003,0.0,0.0012310040475385076,0,1,0.0,0.0026061464668484663,0,1,,
4004,4.0040000000000004,0.0,0.001170967271698104,0,1,0.0,0.0024790432038248357,0,1,,
4005,4.005,0.0,0.0011138585239665588,0,1,0.0,0.0023581388400867047,0,1,,
4006,4.006,0.0,0.0010595350027279246,0,1,0.0,0.0022431310517484573,0,1,,
4007,4.007,0.0,0.0010078608708832461,0,1,0.0,0.0021337322594343665,0,1,,
4008,4.008,0.0,0.0009587069161870587,0,1,0.0,0.002029668909180361,0,1,,
4009,4.009,0.0,0.00091195022814947,0,1,0.0,0.0019306807884066266,0,1,,
4010,4.01,0.0,0.0008674738906959153,0,1,0.0,0.0018365203752506202,0,1,,
4011,4.011,0.0,0.0008251666898160708,0,1,0.0,0.0017469522196334828,0,1,,
4012,4.0120000000000005,0.0,0.0007849228354709002,0,1,0.0,0.0016617523545122029,0,1,,
4013,4.013,0.0,0.000746641697062453,0,1,0.0,0.0015807077358453493,0,1,,
4014,4.014,0.0,0.0007102275518049536,0,1,0.0,0.0015036157098719982,0,1,,
4015,4.015,0.0,0.000675589345367977,0,1,0.0,0.0014302835063717734,0,1,,
4016,4.016,0.0,0.0006426404641931949,0,1,0.0,0.0013605277566388853,0,1,,
4017,4.017,0.0,0.0006112985189153645,0,1,0.0,0.0012941740349648543,0,1,,
4018,4.018,0.0,0.000581485138346001,0,1,0.0,0.0012310564224833852,0,1,,
4019,4.019,0.0,0.0005531257735045846,0,1,0.0,0.0011710170922867784,0,1,,
4020,4.0200000000000005,0.0,0.0005261495112072783,0,1,0.0,0.0011139059147764517,0,1,,
4021,4.021,0.0,0.0005004888967470313,0,1,0.0,0.0010595800822607456,0,1,,
4022,4.022,0.0,0.0004760797652216759,0,1,0.0,0.0010079037518613083,0,1,,
4023,4.023,0.0,0.0004528610810882498,0,1,0.0,0.0009587477058351427,0,1,,
4024,4.024,0.0,0.0004307747855423471,0,1,0.0,0.0009119890284629427,0,1,,
4025,4.025,0.0,0.00040976565134086533,0,1,0.0,0.0008675107986957703,0,1,,
4026,4.026,0.0,0.00038978114470513157,0,1,0.0,0.0008252017977915323,0,1,,
4027,4.027,0.0,0.0003707712939590918,0,1,0.0,0.0007849562312101939,0,1,,
4028,4.0280000000000005,0.0,0.000352688564574092,0,1,0.0,0.0007466734640723221,0,1,,
4029,4.029,0.0,0.00033548774030779644,0,1,0.0,0.0007102577695194696,0,1,,
4030,4.03,0.0,0.0003191258101400302,0,1,0.0,0.0006756180893471659,0,1,,
4031,4.031,0.0,0.0003035618607228251,0,1,0.0,0.0006426678063119766,0,1,,
4032,4.032,0.0,0.00028875697407573884,0,1,0.0,0.0006113245275432778,0,1,,
4033,4.033,0.0,0.00027467413027063264,0,1,0.0,0.0005815098785181631,0,1,,
4034,4.034,0.0,0.000261278114862568,0,1,0.0,0.0005531493070843124,0,1,,
4035,4.035,0.0,0.000248535430835352,0,1,0.0,0.0005261718970407792,0,1,,
4036,4.0360000000000005,0.0,0.0002364142148415489,0,1,0.0,0.0005005101908105493,0,1,,
4037,4.037,0.0,0.00022488415752751472,0,1,0.0,0.0004761000207614614,0,1,,
4038,4.038,0.0,0.00021391642774422576,0,1,0.0,0.00045288034875370296,0,1,,
4039,4.039,0.0,0.00020348360045438843,0,1,0.0,0.00043079311351266753,0,1,,
4040,4.04,0.0,0.00019355958815556114,0,1,0.0,0.0004097830854455255,0,1,,
4041,4.041,0.0,0.00018411957564780964,0,1,0.0,0.0003897977285384741,0,1,,
4042,4.042,0.0,0.00017513995798278163,0,1,0.0,0.0003707870689893383,0,1,,
4043,4.043,0.0,0.00016659828143904062,0,1,0.0,0.0003527035702470348,0,1,,
4044,4.0440000000000005,0.0,0.00015847318737606658,0,1,0.0,0.00033550201414543407,0,1,,
4045,4.045,0.0,0.00015074435882652963,0,1,0.0,0.0003191393878343917,0,1,,
4046,4.046,0.0,0.0001433924696932889,0,1,0.0,0.0003035747762252186,0,1,,
4047,4.047,0.0,0.00013639913642408329,0,1,0.0,0.0002887692596816477,0,1,,
4048,4.048,0.0,0.00012974687204307512,0,1,0.0,0.00027468581670047097,0,1,,
4049,4.049,0.0,0.00012341904242430213,0,1,0.0,0.0002612892313384976,0,1,,
4050,4.05,0.0,0.00011739982469769812,0,1,0.0,0.000248546005154353,0,1,,
4051,4.051,0.0,0.0001116741676836761,0,1,0.0,0.00023642427344492672,0,1,,
4052,4.0520000000000005,0.0,0.00010622775425733945,0,1,0.0,0.00022489372556701708,0,1,,
4053,4.053,0.0,0.00010104696554821227,0,1,0.0,0.00021392552914493515,0,1,,
4054,4.054,0.0,9.611884688596944e-05,0,1,0.0,0.0002034922579745474,0,1,,
4055,4.055,0.0,9.143107540701295e-05,0,1,0.0,0.00019356782344347957,0,1,,
4056,4.056,0.0,8.697192924089432e-05,0,1,0.0,0.00018412740929599688,0,1,,
4057,4.057,0.0,8.273025819953272e-05,0,1,0.0,0.00017514740957943854,0,1,,
4058,4.058,0.0,7.869545589593699e-05,0,1,0.0,0.00016660536961704016,0,1,,
4059,4.059,0.0,7.485743322271346e-05,0,1,0.0,0.00015847992985954586,0,1,,
4060,4.0600000000000005,0.0,7.120659312404235e-05,0,1,0.0,0.00015075077247520932,0,1,,
4061,4.061,0.0,6.77338065980393e-05,0,1,0.0,0.00014339857054463144,0,1,,
4062,4.062,0.0,6.443038986949559e-05,0,1,0.0,0.0001364049397333948,0,1,,
4063,4.063,0.0,6.128808267591692e-05,0,1,0.0,0.00012975239232165171,0,1,,
4064,4.064,0.0,5.829902761256463e-05,0,1,0.0,0.00012342429347571562,0,1,,
4065,4.065,0.0,5.5455750484851087e-05,0,1,0.0,0.0001174048196523122,0,1,,
4066,4.066,0.0,5.275114161896009e-05,0,1,0.0,0.00011167891903147905,0,1,,
4067,4.067,0.0,5.0178438083959076e-05,0,1,0.0,0.00010623227387917565,0,1,,
4068,4.0680000000000005,0.0,1.000047731206781,0,1,0.0,0.0001010512647454905,0,1,,
4069,4.069,0.0,0.951274827829071,0,1,0.0,9.612293640892222e-05,0,1,,
4070,4.07,0.0,0.904880607017863,0,1,0.0,9.143496548157782e-05,0,1,,
4071,4.071,0.0,0.8607490590554586,0,1,0.0,8.697562959428392e-05,0,1,,
4072,4.072,0.0,0.818769832084855,0,1,0.0,8.273377808455796e-05,0,1,,
4073,4.073,0.0,0.7788379561726229,0,1,0.0,1.0000786988041142,0,1,,
4074,4.074,0.0,0.7408535808293963,0,1,0.0,0.9513042851188604,0,1,,
4075,4.075,0.0,0.7047217253316399,0,1,0.0,0.9049086276586767,0,1,,
4076,4.0760000000000005,0.0,0.6703520412203661,0,1,0.0,0.860775713113494,0,1,,
4077,4.077,0.0,0.6376585863829277,0,1,0.0,0.8187951862091406,0,1,,
4078,4.078,0.0,0.6065596101529712,0,1,0.0,0.7788620737616758,0,1,,
4079,4.079,0.0,0.5769773488911882,0,1,0.0,0.7408765221897515,0,1,,
4080,4.08,0.0,0.5488378315357126,0,1,0.0,0.7047435478286478,0,1,,
4081,4.081,0.0,0.5220706946359358,0,1,0.0,0.6703727994216361,0,1,,
4082,4.082,0.0,0.4966090064072292,0,1,0.0,0.6376783321947754,0,1,,
4083,4.083,0.0,0.47238909936662005,0,1,0.0,0.6065783929502113,0,1,,
4084,4.0840000000000005,0.0,0.4493504111309206,0,1,0.0,0.5769952156405975,0,1,,
4085,4.085,0.0,0.42743533297922487,0,1,0.0,0.548854826913471,0,1,,
4086,4.086,0.0,0.40658906580109916,0,1,0.0,0.52208686113934,0,1,,
4087,4.087,0.0,0.3867594830702625,0,1,0.0,0.4966243844609586,0,1,,
4088,4.088,0.0,0.3678970005011194,0,1,0.0,0.472403727423819,0,1,,
4089,4.089,0.0,0.3499544520622187,0,1,0.0,0.4493643257693515,0,1,,
4090,4.09,0.0,0.332886972036607,0,1,0.0,0.4274485689927316,0,1,,
4091,4.091,0.0,0.31665188283416695,0,1,0.0,0.4066016562866098,0,1,,
4092,4.0920000000000005,0.0,0.30120858827541214,0,1,0.0,0.386771459510549,0,1,,
4093,4.093,0.0,0.2865184720798928,0,1,0.0,0.3679083928435207,0,1,,
4094,4.094,0.0,0.27254480130538034,0,1,0.0,0.34996528879352484,0,1,,
4095,4.095,0.0,0.25925263449637836,0,1,0.0,0.33289728025429083,0,1,,
4096,4.096,0.0,0.24660873431228394,0,1,0.0,0.316661688314142,0,1,,
4097,4.097,0.0,0.23458148441672333,0,1,0.0,0.30121791553648575,0,1,,
4098,4.098,0.0,0.22314081042024295,0,1,0.0,0.286527344445076,0,1,,
4099,4.099,0.0,0.21225810467867062,0,1,0.0,0.2725532409602075,0,1,,
4100,4.1,0.0,0.20190615475910417,0,1,0.0,0.2592606625443826,0,1,3.616813098654469,3.618484791175394
4101,4.101,0.0,0.19205907539465475,0,1,0.0,0.2466163708277669,0,1,,
4102,4.102,0.0,0.1826922437577967,0,1,0.0,0.2345887484949514,0,1,,
4103,4.103,0.0,0.17378223789047312,0,1,0.0,0.22314772022519536,0,1,,
4104,4.104,0.0,0.16530677813700093,0,1,0.0,0.21226467748845892,0,1,,
4105,4.105,0.0,0.1572446714333266,0,1,0.0,0.20191240700917645,0,1,,
4106,4.106,0.0,0.14957575831332712,0,1,0.0,0.19206502271889286,0,1,,
4107,4.107,0.0,0.14228086249964406,0,1,0.0,0.18269790102760902,0,1,,
4108,4.108,0.0,0.13534174295300164,0,1,0.0,0.17378761925198094,0,1,,
4109,4.109,0.0,0.12874104826010732,0,1,0.0,0.16531189704641103,0,1,,
4110,4.11,0.0,0.12246227324608054,0,1,0.0,0.15724954069057884,0,1,,
4111,4.111,0.0,0.11648971770291838,0,1,0.0,0.14958039009410093,0,1,,
4112,4.112,0.0,0.1108084471307977,0,1,0.0,0.14228526838580394,0,1,,
4113,4.113,0.0,0.10540425539404649,0,1,0.0,0.13534593396155792,0,1,,
4114,4.114,0.0,0.10026362919840513,0,1,0.0,0.12874503487076439,0,1,,
4115,4.115,0.0,0.0953737143007519,0,1,0.0,0.12246606542744157,0,1,,
4116,4.116,0.0,0.09072228336679974,0,1,0.0,0.11649332493741203,0,1,,
4117,4.117,0.0,0.08629770539639162,0,1,0.0,0.11081187843838912,0,1,,
4118,4.118,0.0,0.08208891663994176,0,1,0.0,0.10540751935479196,0,1,,
4119,4.119,0.0,0.07808539293329889,0,1,0.0,0.10026673397390663,0,1,,
4120,4.12,0.0,0.07427712338185402,0,1,0.0,0.0953766676545654,0,1,,
4121,4.121,0.0,0.07065458532808953,0,1,0.0,0.09072509268384811,0,1,,
4122,4.122,0.0,0.0672087205399752,0,1,0.0,0.08630037770143077,0,1,,
4123,4.123,0.0,0.06393091256066993,0,1,0.0,0.08209145861512625,0,1,,
4124,4.124,0.0,0.06081296516289153,0,1,0.0,0.07808781093489073,0,1,,
4125,4.125,0.0,0.05784708185407928,0,1,0.0,0.07427942345611667,0,1,,
4126,4.126,0.0,0.05502584638110153,0,1,0.0,0.07065677322640669,0,1,,
4127,4.127,0.0,0.052342204185759904,0,1,0.0,0.0672108017332323,0,1,,
4128,4.128,0.0,0.049789444764719255,0,1,0.0,0.06393289225293415,0,1,,
4129,4.1290000000000004,0.0,0.047361184889753986,0,1,0.0,0.06081484830442471,0,1,,
4130,4.13,0.0,0.0450513526463526,0,1,0.0,0.057848873153716146,0,1,,
4131,4.131,0.0,0.0428541722507687,0,1,0.0,0.05502755031802421,0,1,,
4132,4.132,0.0,0.04076414960755318,0,1,0.0,0.05234382502069825,0,1,,
4133,4.133,0.0,0.03877605857145382,0,1,0.0,0.04979098655060488,0,1,,
4134,4.134,0.0,0.036884927879329996,0,1,0.0,0.047362651481854666,0,1,,
4135,4.135,0.0,0.035086028719405415,0,1,0.0,0.045052747711912505,0,1,,
4136,4.136,0.0,0.033374862906775535,0,1,0.0,0.042855499278178395,0,1,,
4137,4.1370000000000005,0.0,0.03174715163560232,0,1,0.0,0.0407654119150724,0,1,,
4138,4.138,0.0,0.0301988247798709,0,1,0.0,0.03877725931550887,0,1,,
4139,4.139,0.0,0.028726010715954497,0,1,0.0,0.036886070062406455,0,1,,
4140,4.14,0.0,0.02732502664153874,0,1,0.0,0.03508711519755591,0,1,,
4141,4.141,0.0,0.025992369366697576,0,1,0.0,0.03337589639676137,0,1,,
4142,4.142,0.0,0.024724706554093725,0,1,0.0,0.03174813472168677,0,1,,
4143,4.143,0.0,0.023518868386399605,0,1,0.0,0.030199759920281243,0,1,,
4144,4.144,0.0,0.022371839640102933,0,1,0.0,0.028726900249028856,0,1,,
4145,4.1450000000000005,0.0,0.021280752145877373,0,1,0.0,0.027325872791573138,0,1,,
4146,4.146,0.0,0.020242877616665267,0,1,0.0,0.025993174249507835,0,1,,
4147,4.147,0.0,0.01925562082553889,0,1,0.0,0.024725472182306116,0,1,,
4148,4.148,0.0,0.01831651311628132,0,1,0.0,0.02351959667448346,0,1,,
4149,4.149,0.0,0.01742320623046006,0,1,0.0,0.02237253240915781,0,1,,
4150,4.15,0.0,0.01657346643555778,0,1,0.0,0.021281411128186756,0,1,,
4151,4.151,0.0,0.015765168939477527,0,1,0.0,0.020243504460028178,0,1,,
4152,4.152,0.0,0.014996292577455739,0,1,0.0,0.01925621709739024,0,1,,
4153,4.1530000000000005,0.0,0.014264914758097552,0,1,0.0,0.018317080307611328,0,1,,
4154,4.154,0.0,0.013569206655896877,0,1,0.0,0.017423745759542485,0,1,,
4155,4.155,0.0,0.012907428638220045,0,1,0.0,0.016573979651496356,0,1,,
4156,4.156,0.0,0.012277925915318087,0,1,0.0,0.015765657125579424,0,1,,
4157,4.157,0.0,0.011679124402490427,0,1,0.0,0.014996756954440497,0,1,,
4158,4.158,0.0,0.011109526784053214,0,1,0.0,0.014265356487149515,0,1,,
4159,4.159,0.0,0.010567708769270207,0,1,0.0,0.01356962684156876,0,1,,
4160,4.16,0.0,0.010052315530884048,0,1,0.0,0.012907828331194894,0,1,,
4161,4.1610000000000005,0.0,0.009562058317342421,0,1,0.0,0.012278306115036532,0,1,,
4162,4.162,0.0,0.009095711230247898,0,1,0.0,0.011679486059649798,0,1,,
4163,4.163,0.0,0.00865210815897339,0,1,0.0,0.011109870802984789,0,1,,
4164,4.164,0.0,0.008230139864778191,0,1,0.0,0.010568036010200507,0,1,,
4165,4.165,0.0,0.007828751207133344,0,1,0.0,0.01005262681208585,0,1,,
4166,4.166,0.0,0.00744693850532072,0,1,0.0,0.00956235441718087,0,1,,
4167,4.167,0.0,0.007083747028708436,0,1,0.0,0.00909599288912682,0,1,,
4168,4.168,0.0,0.0067382686094269685,0,1,0.0,0.008652376081186691,0,1,,
4169,4.1690000000000005,0.0,0.006409639371476442,0,1,0.0,0.00823039472027096,0,1,,
4170,4.17,0.0,0.006097037570586654,0,1,0.0,0.00782899363317706,0,1,,
4171,4.171,0.0,0.0057996815394283745,0,1,0.0,0.007447169108106769,0,1,,
4172,4.172,0.0,0.005516827733037868,0,1,0.0,0.007083966384863897,0,1,,
4173,4.173,0.0,0.00524776886956719,0,1,0.0,0.006738477267456489,0,1,,
4174,4.174,0.0,0.004991832161711161,0,1,0.0,0.00640983785313378,0,1,,
4175,4.175,0.0,0.004748377634388663,0,1,0.0,0.0060972263721793376,0,1,,
4176,4.176,0.0,0.004516796524471589,0,1,0.0,0.005799861133058728,0,1,,
4177,4.1770000000000005,0.0,0.004296509758559935,0,1,0.0,0.005516998567783513,0,1,,
4178,4.178,0.0,0.004086966504996669,0,1,0.0,0.0052479313726039745,0,1,,
4179,4.179,0.0,0.0038876427965016756,0,1,0.0,0.004991986739381321,0,1,,
4180,4.18,0.0,0.0036980402199806354,0,1,0.0,0.00474852467321689,0,1,,
4181,4.181,0.0,0.0035176846702326737,0,1,0.0,0.004516936392131543,0,1,,
4182,4.182,0.0,0.00334612516444041,0,1,0.0,0.00429664280479362,0,1,,
4183,4.183,0.0,0.0031829327144780083,0,1,0.0,0.004087093062488969,0,1,,
4184,4.184,0.0,0.0030276992542174115,0,1,0.0,0.0038877631817122427,0,1,,
4185,4.1850000000000005,0.0,0.0028800366191504695,0,1,0.0,0.0036981547339352016,0,1,,
4186,4.186,0.0,0.002739575575775483,0,1,0.0,0.003517793599275773,0,1,,
4187,4.187,0.0,0.002605964898321125,0,1,0.0,0.003346228780951389,0,1,,
4188,4.188,0.0,0.0024788704904990656,0,1,0.0,0.0031830312775521156,0,1,,
4189,4.189,0.0,0.002357974550089229,0,1,0.0,0.0030277930103136713,0,1,,
4190,4.19,0.0,0.0022429747742687073,0,1,0.0,0.002880125802707958,0,1,,
4191,4.191,0.0,0.0021335836036972416,0,1,0.0,0.002739660409799548,0,1,,
4192,4.192,0.0,0.0020295275034690865,0,1,0.0,0.0026060455949410144,0,1,,
4193,4.1930000000000005,0.0,0.0019305462791332699,0,1,0.0,0.002478947251498362,0,1,,
4194,4.194,0.0,0.0018363924260719352,0,1,0.0,0.0023580475674104136,0,1,,
4195,4.195,0.0,0.0017468305106098769,0,1,0.0,0.0022430442304931164,0,1,,
4196,4.196,0.0,0.0016616365813077215,0,1,0.0,0.002133649672501614,0,1,,
4197,4.197,0.0,0.0015805976089666779,0,1,0.0,0.002029590350059847,0,1,,
4198,4.198,0.0,0.0015035109539445776,0,1,0.0,0.0019306060606596308,0,1,,
4199,4.199,0.0,0.00143018385945122,0,1,0.0,0.0018364492920188511,0,1,,
4200,4.2,0.0,0.001360432969555994,0,1,0.0,0.0017468846031718354,0,1,3.61357480521518,3.6161699073042004
4201,4.2010000000000005,0.0,0.0012940838707025456,0,1,0.0,0.001661688035744303,0,1,,
4202,4.202,0.0,0.0012309706555840387,0,1,0.0,0.0015806465539407752,0,1,,
4203,4.203,0.0,0.0011709355082884718,0,1,0.0,0.0015035575118441205,0,1,,
4204,4.204,0.0,0.001113828309676694,0,1,0.0,0.0014302281466952082,0,1,,
4205,4.205,0.0,0.0010595062620063647,0,1,0.0,0.0013604750968856058,0,1,,
4206,4.206,0.0,0.001007833531863217,0,1,0.0,0.001294123943458048,0,1,,
4207,4.207,0.0,0.0009586809105067699,0,1,0.0,0.0012310087739681934,0,1,,
4208,4.208,0.0,0.0009119254907811752,0,1,0.0,0.001170971767617094,0,1,,
4209,4.2090000000000005,0.0,0.0008674503597833085,0,1,0.0,0.0011138628006169922,0,1,,
4210,4.21,0.0,0.0008251443065196138,0,1,0.0,0.001059539070803655,0,1,,
4211,4.211,0.0,0.000784901543820693,0,1,0.0,0.001007864740556582,0,1,,
4212,4.212,0.0,0.0007466214438182797,0,1,0.0,0.000958710597134199,0,1,,
4213,4.213,0.0,0.0007102082863231544,0,1,0.0,0.0009119537295747,0,1,,
4214,4.214,0.0,0.0006755710194748124,0,1,0.0,0.0008674772213546217,0,1,,
4215,4.215,0.0,0.0006426230320643865,0,1,0.0,0.0008251698580366353,0,1,,
4216,4.216,0.0,0.0006112819369615102,0,1,0.0,0.0007849258491755245,0,1,,
4217,4.2170000000000005,0.0,0.0005814693651035791,0,1,0.0,0.0007466445637869685,0,1,,
4218,4.218,0.0,0.0005531107695322732,0,1,0.0,0.0007102302787176647,0,1,,
4219,4.219,0.0,0.0005261352389873313,0,1,0.0,0.0006755919392875859,0,1,,
4220,4.22,0.0,0.0005004753205914647,0,1,0.0,0.0006426429316058516,0,1,,
4221,4.221,0.0,0.00047606685118302937,0,1,0.0,0.0006113008659908859,0,1,,
4222,4.222,0.0,0.00045284879687470007,0,1,0.0,0.0005814873709532986,0,1,,
4223,4.223,0.0,0.00043076310043696167,0,1,0.0,0.0005531278972263394,0,1,,
4224,4.224,0.0,0.0004097545361247943,0,1,0.0,0.0005261515313539009,0,1,,
4225,4.225,0.0,0.0003897705715845451,0,1,0.0,0.0005004908183699405,0,1,,
4226,4.226,0.0,0.0003707612364956812,0,1,0.0,0.00047608159312592993,0,1,,
4227,4.227,0.0,0.00035267899761896,0,1,0.0,0.00045286281984456144,0,1,,
4228,4.228,0.0,0.00033547863993857197,0,1,0.0,0.0004307764394985127,0,1,,
4229,4.229,0.0,0.00031911715360105007,0,1,0.0,0.0004097672246326369,0,1,,
4230,4.23,0.0,0.0003035536263682328,0,1,0.0,0.000389782641266558,0,1,,
4231,4.231,0.0,0.00028874914131535887,0,1,0.0,0.00037077271753235624,0,1,,
4232,4.232,0.0,0.00027466667951848414,0,1,0.0,0.00035268991871886904,0,1,,
4233,4.233,0.0,0.0002612710274878897,0,1,0.0,0.0003354890284101534,0,1,,
4234,4.234,0.0,0.0002485286891160156,0,1,0.0,0.0003191270354208939,0,1,,
4235,4.235,0.0,0.00023640780191974437,0,1,0.0,0.0003035630262460359,0,1,,
4236,4.236,0.0,0.00022487805736759724,0,1,0.0,0.00028875808275571186,0,1,,
4237,4.237,0.0,0.00021391062509261807,0,1,0.0,0.00027467518487964533,0,1,,
4238,4.238,0.0,0.00020347808080143907,0,1,0.0,0.00026127911803769225,0,1,,
4239,4.239,0.0,0.00019355433769926268,0,1,0.0,0.00024853638508504815,0,1,,
4240,4.24,0.0,0.00018411458125928648,0,1,0.0,0.0002364151225519382,0,1,,
4241,4.241,0.0,0.000175135207173461,0,1,0.0,0.00022488502096834596,0,1,,
4242,4.242,0.0,0.00016659376232942464,0,1,0.0,0.00021391724907455072,0,1,,
4243,4.243,0.0,0.00015846888866602734,0,1,0.0,0.00020348438172796077,0,1,,
4244,4.244,0.0,0.00015074026976705292,0,1,0.0,0.00019356033132597174,0,1,,
4245,4.245,0.0,0.00014338858005959613,0,1,0.0,0.00018412028257337162,0,1,,
4246,4.246,0.0,0.00013639543649006418,0,1,0.0,0.00017514063043117713,0,1,,
4247,4.247,0.0,0.00012974335255696743,0,1,0.0,0.00016659892109174086,0,1,,
4248,4.248,0.0,0.00012341569458555737,0,1,0.0,0.00015847379583253652,0,1,,
4249,4.249,0.0,0.00011739664013497562,0,1,0.0,0.00015074493760822738,0,1,,
4250,4.25,0.0,0.00011167113843391029,0,1,0.0,0.00014339302024747016,0,1,,
4251,4.251,0.0,0.00010622487274582804,0,1,0.0,0.00013639966012742028,0,1,,
4252,4.252,0.0,0.00010104422456967559,0,1,0.0,0.000129747370205099,0,1,,
4253,4.253,0.0,9.611623958653342e-05,0,1,0.0,0.0001234195162906774,0,1,,
4254,4.2540000000000004,0.0,9.142859526707093e-05,0,1,0.0,0.00011740027545333757,0,1,,
4255,4.255,0.0,8.696957005880458e-05,0,1,0.0,0.0001116745964557036,0,1,,
4256,4.256,0.0,8.27280140761112e-05,0,1,0.0,0.00010622816211790841,0,1,,
4257,4.257,0.0,7.869332121970623e-05,0,1,0.0,0.00010104735351718656,0,1,,
4258,4.258,0.0,7.485540265587098e-05,0,1,0.0,9.611921593347357e-05,0,1,,
4259,4.259,0.0,7.120466158911337e-05,0,1,0.0,9.143142645585792e-05,0,1,,
4260,4.26,0.0,6.773196926518041e-05,0,1,0.0,8.697226316888509e-05,0,1,,
4261,4.261,0.0,6.442864214441761e-05,0,1,0.0,8.273057584166321e-05,0,1,,
4262,4.2620000000000005,0.0,6.128642018839681e-05,0,1,0.0,7.869575804647797e-05,0,1,,
4263,4.263,0.0,5.829744620551764e-05,0,1,0.0,7.485772063719867e-05,0,1,,
4264,4.264,0.0,5.5454246203935875e-05,0,1,0.0,7.12068665211577e-05,0,1,,
4265,4.265,0.0,5.274971070269083e-05,0,1,0.0,6.773406666142001e-05,0,1,,
4266,4.266,0.0,5.0177076954299755e-05,0,1,0.0,6.443063724943556e-05,0,1,,
4267,4.267,0.0,4.77299120343666e-05,0,1,0.0,6.128831799099485e-05,0,1,,
4268,4.268,0.0,4.540209675592024e-05,0,1,0.0,5.829925145119079e-05,0,1,,
4269,4.269,0.0,4.3187810368259745e-05,0,1,0.0,5.5455963406738626e-05,0,1,,
4270,4.2700000000000005,0.0,4.1081516002045686e-05,0,1,0.0,5.275134415652464e-05,0,1,,
4271,4.271,0.0,3.9077946824242794e-05,0,1,0.0,1.0000501786307436,0,1,,
4272,4.272,0.0,3.7172092868293977e-05,0,1,0.0,0.9512771558907586,0,1,,
4273,4.273,0.0,3.535918850659437e-05,0,1,0.0,0.9048828215386423,0,1,,
4274,4.274,0.0,1.0000336347005339,0,1,0.0,0.860751165572785,0,1,,
4275,4.275,0.0,0.9512614188175461,0,1,0.0,0.818771835866119,0,1,,
4276,4.276,0.0,0.9048678519715471,0,1,0.0,0.7788398622283215,0,1,,
4277,4.277,0.0,0.860736926080092,0,1,0.0,0.7408553939256616,0,1,,
4278,4.2780000000000005,0.0,0.8187582908416795,0,1,0.0,0.7047234500021569,0,1,,
4279,4.279,0.0,0.778826977802519,0,1,0.0,0.6703536817777094,0,1,,
4280,4.28,0.0,0.7408431378807205,0,1,0.0,0.6376601469293453,0,1,,
4281,4.281,0.0,0.7047117916915809,0,1,0.0,0.6065610945906418,0,1,,
4282,4.282,0.0,0.6703425920496496,0,1,0.0,0.5769787609319793,0,1,,
4283,4.283,0.0,0.6376495980537051,0,1,0.0,0.5488391747104617,0,1,,
4284,4.284,0.0,0.6065510601897376,0,1,0.0,0.5220719723032794,0,1,,
4285,4.285,0.0,0.5769692159145821,0,1,0.0,0.49661022176200115,0,1,,
4286,4.2860000000000005,0.0,0.5488300952090561,0,1,0.0,0.4723902554478403,0,1,,
4287,4.287,0.0,0.5220633356143826,0,1,0.0,0.4493515108293944,0,1,,
4288,4.288,0.0,0.4966020062893922,0,1,0.0,0.4274363790447712,0,1,,
4289,4.289,0.0,0.4723824406485585,0,1,0.0,0.4065900608494268,0,1,,
4290,4.29,0.0,0.449344077162371,0,1,0.0,0.3867604295895105,0,1,,
4291,4.291,0.0,0.4274293079219666,0,1,0.0,0.367897900858079,0,1,,
4292,4.292,0.0,0.40658333458935075,0,1,0.0,0.34995530850825124,0,1,,
4293,4.293,0.0,0.38675403137300934,0,1,0.0,0.3328877867132737,0,1,,
4294,4.2940000000000005,0.0,0.3678918146862788,0,1,0.0,0.31665265777858376,0,1,,
4295,4.295,0.0,0.3499495191625523,0,1,0.0,0.3012093254253438,0,1,,
4296,4.296,0.0,0.3328822797172962,0,1,0.0,0.28651917327859805,0,1,,
4297,4.297,0.0,0.3166474193619694,0,1,0.0,0.2725454683062212,0,1,,
4298,4.298,0.0,0.3012043424893224,0,1,0.0,0.25925326896720435,0,1,,
4299,4.299,0.0,0.28651443336323407,0,1,0.0,0.24660933783960262,0,1,,
4300,4.3,0.0,0.27254095955925733,0,1,0.0,0.23458205850966735,0,1,3.6123721312611274,3.6162619367653503
4301,4.301,0.0,0.2592489801144247,0,1,0.0,0.2231413565143437,0,1,,
4302,4.3020000000000005,0.0,0.24660525815664128,0,1,0.0,0.2122586241394478,0,1,,
4303,4.303,0.0,0.23457817779519188,0,1,0.0,0.2019066488854803,0,1,,
4304,4.304,0.0,0.22313766506454655,0,1,0.0,0.19205954542220316,0,1,,
4305,4.305,0.0,0.2122551127237817,0,1,0.0,0.18269269086183104,0,1,,
4306,4.306,0.0,0.20190330872357704,0,1,0.0,0.17378266318898639,0,1,,
4307,4.307,0.0,0.19205636816191818,0,1,0.0,0.16530718269346092,0,1,,
4308,4.308,0.0,0.1826896685583587,0,1,0.0,0.15724505625933521,0,1,,
4309,4.309,0.0,0.1737797882849937,0,1,0.0,0.14957612437114984,0,1,,
4310,4.3100000000000005,0.0,0.1653044480001905,0,1,0.0,0.14228121070461608,0,1,,
4311,4.311,0.0,0.15724245493862943,0,1,0.0,0.13534207417581678,0,1,,
4312,4.312,0.0,0.14957364991835193,0,1,0.0,0.12874136332899513,0,1,,
4313,4.313,0.0,0.14227885693230516,0,1,0.0,0.12246257294887737,0,1,,
4314,4.314,0.0,0.13533983519833606,0,1,0.0,0.11649000278903733,0,1,,
4315,4.315,0.0,0.1287392335477347,0,1,0.0,0.11080871831310254,0,1,,
4316,4.316,0.0,0.12246054703827469,0,1,0.0,0.10540451335063426,0,1,,
4317,4.317,0.0,0.11648807568326065,0,1,0.0,0.10026387457430165,0,1,,
4318,4.3180000000000005,0.0,0.11080688519338365,0,1,0.0,0.09537394770952473,0,1,,
4319,4.319,0.0,0.10540276963321901,0,1,0.0,0.0907225053920924,0,1,,
4320,4.32,0.0,0.10026221589898826,0,1,0.0,0.08629791659338297,0,1,,
4321,4.321,0.0,0.09537236992876094,0,1,0.0,0.0820891175367343,0,1,,
4322,4.322,0.0,0.09072100456060447,0,1,0.0,0.07808558403223924,0,1,,
4323,4.323,0.0,0.08629648895831045,0,1,0.0,0.07427730516078908,0,1,,
4324,4.324,0.0,0.08208775952824587,0,1,0.0,0.07065475824156131,0,1,,
4325,4.325,0.0,0.07808429225460632,0,1,0.0,0.06720888502035745,0,1,,
4326,4.3260000000000005,0.0,0.07427607638389473,0,1,0.0,0.06393106901924928,0,1,,
4327,4.327,0.0,0.07065358939282326,0,1,0.0,0.060813113990895916,0,1,,
4328,4.328,0.0,0.06720777317704503,0,1,0.0,0.057847223423656245,0,1,,
4329,4.329,0.0,0.06393001140117507,0,1,0.0,0.055025981046248756,0,1,,
4330,4.33,0.0,0.060812107953463854,0,1,0.0,0.052342332283210405,0,1,,
4331,4.331,0.0,0.05784626645124871,0,1,0.0,0.04978956661478338,0,1,,
4332,4.332,0.0,0.05502507074593627,0,1,0.0,0.04736130079712036,0,1,,
4333,4.333,0.0,0.052341466378768034,0,1,0.0,0.045051462900850006,0,1,,
4334,4.3340000000000005,0.0,0.04978874294099899,0,1,0.0,0.04285427712809082,0,1,,
4335,4.335,0.0,0.047360517294380455,0,1,0.0,0.04076424936994794,0,1,,
4336,4.336,0.0,0.04505071760998963,0,1,0.0,0.038776153468379176,0,1,,
4337,4.337,0.0,0.04285356818549462,0,1,0.0,0.03688501814807769,0,1,,
4338,4.338,0.0,0.04076357500289016,0,1,0.0,0.03508611458569433,0,1,,
4339,4.339,0.0,0.03877551199059089,0,1,0.0,0.033374944585316126,0,1,,
4340,4.34,0.0,0.03688440795553031,0,1,0.0,0.03174722933063348,0,1,,
4341,4.341,0.0,0.03508553415258865,0,1,0.0,0.030198898685670675,0,1,,
4342,4.3420000000000005,0.0,0.03337439246026705,0,1,0.0,0.028726081017325884,0,1,,
4343,4.343,0.0,0.031746704133040794,0,1,0.0,0.027325093514271787,0,1,,
4344,4.344,0.0,0.030198399102266835,0,1,0.0,0.025992432978008944,0,1,,
4345,4.345,0.0,0.02872560579889216,0,1,0.0,0.024724767063044828,0,1,,
4346,4.346,0.0,0.027324641472514562,0,1,0.0,0.02351892594429434,0,1,,
4347,4.347,0.0,0.02599200298258837,0,1,0.0,0.022371894390866016,0,1,,
4348,4.348,0.0,0.024724358038748374,0,1,0.0,0.02128080422641423,0,1,,
4349,4.349,0.0,0.02351853686834822,0,1,0.0,0.020242927157204372,0,1,,
4350,4.3500000000000005,0.0,0.0223715242903777,0,1,0.0,0.01925566794995739,0,1,,
4351,4.351,0.0,0.021280452175939726,0,1,0.0,0.018316557942414814,0,1,,
4352,4.352,0.0,0.020242592276434112,0,1,0.0,0.017423248870397225,0,1,,
4353,4.353,0.0,0.019255349401515017,0,1,0.0,0.016573506995920667,0,1,,
4354,4.354,0.0,0.018316254929763298,0,1,0.0,0.015765207521688175,0,1,,
4355,4.355,0.0,0.01742296063584711,0,1,0.0,0.014996329277989771,0,1,,
4356,4.356,0.0,0.01657323281873544,0,1,0.0,0.014264949668725418,0,1,,
4357,4.357,0.0,0.01576494671628206,0,1,0.0,0.01356923986391333,0,1,,
4358,4.358,0.0,0.014996081192213405,0,1,0.0,0.012907460226662424,0,1,,
4359,4.359,0.0,0.014264713682235138,0,1,0.0,0.012277955963173954,0,1,,
4360,4.36,0.0,0.013569015386619991,0,1,0.0,0.01167915298489507,0,1,,
4361,4.361,0.0,0.012907246697255868,0,1,0.0,0.011109553972477534,0,1,,
4362,4.362,0.0,0.012277752847719441,0,1,0.0,0.010567734631699426,0,1,,
4363,4.363,0.0,0.011678959775498167,0,1,0.0,0.01005234013198771,0,1,,
4364,4.364,0.0,0.011109370186014109,0,1,0.0,0.009562081718636102,0,1,,
4365,4.365,0.0,0.010567559808607591,0,1,0.0,0.009095733490247018,0,1,,
4366,4.366,0.0,0.010052173835118675,0,1,0.0,0.008652129333339541,0,1,,
4367,4.367,0.0,0.009561923532161072,0,1,0.0,0.008230160006458319,0,1,,
4368,4.368,0.0,0.00909558301861741,0,1,0.0,0.00782877036649214,0,1,,
4369,4.369,0.0,0.008651986200297907,0,1,0.0,0.007446956730266562,0,1,,
4370,4.37,0.0,0.008230023854097497,0,1,0.0,0.007083764364813181,0,1,,
4371,4.371,0.0,0.007828640854360311,0,1,0.0,0.006738285100039908,0,1,,
4372,4.372,0.0,0.007446833534515937,0,1,0.0,0.006409655057832698,0,1,,
4373,4.373,0.0,0.007083647177390212,0,1,0.0,0.006097052491910288,0,1,,
4374,4.374,0.0,0.006738173627914999,0,1,0.0,0.005799695733030468,0,1,,
4375,4.375,0.0,0.006409549022267472,0,1,0.0,0.005516841234409819,0,1,,
4376,4.376,0.0,0.006096951627760602,0,1,0.0,0.00524778171246946,0,1,,
4377,4.377,0.0,0.005799599788083409,0,1,0.0,0.004991844378257696,0,1,,
4378,4.378,0.0,0.005516749968753044,0,1,0.0,0.004748389255127192,0,1,,
4379,4.3790000000000004,0.0,0.005247694897891291,0,1,0.0,0.004516807578460014,0,1,,
4380,4.38,0.0,0.004991761797676466,0,1,0.0,0.004296520273438982,0,1,,
4381,4.381,0.0,0.004748310702048434,0,1,0.0,0.004086976507059014,0,1,,
4382,4.382,0.0,0.004516732856460113,0,1,0.0,0.003887652310757684,0,1,,
4383,4.383,0.0,0.0042964491956740195,0,1,0.0,0.0036980492702209026,0,1,,
4384,4.384,0.0,0.0040869088957975535,0,1,0.0,0.0035176932790875145,0,1,,
4385,4.385,0.0,0.0038875879969363556,0,1,0.0,0.003346133353436446,0,1,,
4386,4.386,0.0,0.003697988093021653,0,1,0.0,0.003182940504091995,0,1,,
4387,4.3870000000000005,0.0,0.00351763508553548,0,1,0.0,0.003027706663927441,0,1,,
4388,4.388,0.0,0.0033460779980174346,0,1,0.0,0.0028800436674846766,0,1,,
4389,4.389,0.0,0.0031828878483886255,0,1,0.0,0.0027395822803583745,0,1,,
4390,4.39,0.0,0.003027656576273028,0,1,0.0,0.00260597127591765,0,1,,
4391,4.391,0.0,0.0028799960226339946,0,1,0.0,0.0024788765570565377,0,1,,
4392,4.392,0.0,0.00273953695917448,0,1,0.0,0.0023579803207772016,0,1,,
4393,4.393,0.0,0.002605928165073977,0,1,0.0,0.0022429802635169065,0,1,,
4394,4.394,0.0,0.002478835548753521,0,1,0.0,0.002133588825231647,0,1,,
4395,4.3950000000000005,0.0,0.002357941312472723,0,1,0.0,0.0020295324703462543,0,1,,
4396,4.396,0.0,0.0022429431576698865,0,1,0.0,0.00193055100377298,0,1,,
4397,4.397,0.0,0.0021335535290581405,0,1,0.0,0.0018363969202882474,0,1,,
4398,4.398,0.0,0.0020294988955874426,0,1,0.0,0.0017468347856406732,0,1,,
4399,4.399,0.0,0.0019305190664744777,0,1,0.0,0.0016616406478428057,0,1,,
4400,4.4,0.0,0.0018363665405901732,0,1,0.0,0.0015806014771745057,0,1,3.607755598164057,3.6156426039437877
4401,4.401,0.0,0.0017468058875779575,0,1,0.0,0.0015035146334976834,0,1,,
4402,4.402,0.0,0.0016616131591552395,0,1,0.0,0.0014301873595504034,0,1,,
4403,4.4030000000000005,0.0,0.0015805753291260518,0,1,0.0,0.001360436298953326,0,1,,
4404,4.404,0.0,0.0015034897607046009,0,1,0.0,0.0012940870377232537,0,1,,
4405,4.405,0.0,0.0014301636998177538,0,1,0.0,0.0012309736681473244,0,1,,
4406,4.406,0.0,0.0013604137931194538,0,1,0.0,0.0011709383739273123,0,1,,
4407,4.407,0.0,0.0012940656295118513,0,1,0.0,0.0011138310355566792,0,1,,
4408,4.408,0.0,0.0012309533040267126,0,1,0.0,0.0010595088549436142,0,1,,
4409,4.409,0.0,0.0011709190029765822,0,1,0.0,0.0010078359983414246,0,1,,
4410,4.41,0.0,0.001113812609338364,0,1,0.0,0.0009586832566934159,0,1,,
4411,4.4110000000000005,0.0,0.0010594913273825708,0,1,0.0,0.0009119277225429483,0,1,,
4412,4.412,0.0,0.0010078193256096203,0,1,0.0,0.0008674524827007755,0,1,,
4413,4.413,0.0,0.0009586673971003368,0,1,0.0,0.0008251463259011742,0,1,,
4414,4.414,0.0,0.0009119126364313508,0,1,0.0,0.0007849034647158526,0,1,,
4415,4.415,0.0,0.0008674381323475227,0,1,0.0,0.000746623271030277,0,1,,
4416,4.416,0.0,0.0008251326754229083,0,1,0.0,0.000710210024420971,0,1,,
4417,4.417,0.0,0.0007848904799792675,0,1,0.0,0.0006755726728045982,0,1,,
4418,4.418,0.0,0.0007466109195667678,0,1,0.0,0.0006426246047603272,0,1,,
4419,4.4190000000000005,0.0,0.0007101982753454453,0,1,0.0,0.0006112834329561649,0,1,,
4420,4.42,0.0,0.0006755614967382476,0,1,0.0,0.0005814707881377135,0,1,,
4421,4.421,0.0,0.0006426139737571643,0,1,0.0,0.0005531121231642138,0,1,,
4422,4.422,0.0,0.0006112733204331444,0,1,0.0,0.0005261365266018631,0,1,,
4423,4.423,0.0,0.0005814611688082605,0,1,0.0,0.0005004765454082948,0,1,,
4424,4.424,0.0,0.0005531029729749942,0,1,0.0,0.00047606801626483774,0,1,,
4425,4.425,0.0,0.0005261278226726377,0,1,0.0,0.0004528499051347982,0,1,,
4426,4.426,0.0,0.0005004682659747069,0,1,0.0,0.000430764154646577,0,1,,
4427,4.4270000000000005,0.0,0.0004760601406239907,0,1,0.0,0.00040975553892,0,1,,
4428,4.428,0.0,0.00045284241359348765,0,1,0.0,0.00038977152547285156,0,1,,
4429,4.429,0.0,0.00043075702847204756,0,1,0.0,0.000370762143862306,0,1,,
4430,4.43,0.0,0.00040974876029310347,0,1,0.0,0.0003526798607327922,0,1,,
4431,4.431,0.0,0.0003897650774434898,0,1,0.0,0.0003354794609578459,0,1,,
4432,4.432,0.0,0.000370756010307047,0,1,0.0,0.00031911793457874155,0,1,,
4433,4.433,0.0,0.0003526740263145531,0,1,0.0,0.00030355436925719284,0,1,,
4434,4.434,0.0,0.00033547391108754203,0,1,0.0,0.0002887498479731968,0,1,,
4435,4.4350000000000005,0.0,0.0003191126553788063,0,1,0.0,0.00027466735171221266,0,1,,
4436,4.436,0.0,0.0003035493475268766,0,1,0.0,0.0002612716668983433,0,1,,
4437,4.437,0.0,0.00028874507115555804,0,1,0.0,0.0002485292973420533,0,1,,
4438,4.438,0.0,0.00027466280786271917,0,1,0.0,0.0002364083804822482,0,1,,
4439,4.439,0.0,0.00026126734465500455,0,1,0.0,0.0002248786077132748,0,1,,
4440,4.44,0.0,0.0002485251858970097,0,1,0.0,0.00021391114859762022,0,1,,
4441,4.441,0.0,0.0002364044695547455,0,1,0.0,0.000203478578774801,0,1,,
4442,4.442,0.0,0.00022487488752395712,0,1,0.0,0.00019355481138617716,0,1,,
4443,4.4430000000000005,0.0,0.00021390760984407652,0,1,0.0,0.00018411503184421755,0,1,,
4444,4.444,0.0,0.00020347521260830417,0,1,0.0,0.0001751356357831057,0,1,,
4445,4.445,0.0,0.00019355160938955762,0,1,0.0,0.00016659417003553028,0,1,,
4446,4.446,0.0,0.0001841119860108159,0,1,0.0,0.00015846927648807156,0,1,,
4447,4.447,0.0,0.0001751327384967519,0,1,0.0,0.00015074063867479283,0,1,,
4448,4.448,0.0,0.00016659141405149936,0,1,0.0,0.00014338893097549325,0,1,,
4449,4.449,0.0,0.0001584666549149679,0,1,0.0,0.00013639577029159105,0,1,,
4450,4.45,0.0,0.00015073814495731815,0,1,0.0,0.00012974367007880175,0,1,,
4451,4.4510000000000005,0.0,0.00014338655887805496,0,1,0.0,0.0001234159966216691,0,1,,
4452,4.452,0.0,0.00013639351388270996,0,1,0.0,0.00011739692744061236,0,1,,
4453,4.453,0.0,0.00012974152371628033,0,1,0.0,0.00011167141172748577,0,1,,
4454,4.454,0.0,0.00012341395493848309,0,1,0.0,0.00010622513271071857,0,1,,
4455,4.455,0.0,0.00011739498533149032,0,1,0.0,0.0001010444718559288,0,1,,
4456,4.456,0.0,0.0001116695643361433,0,1,0.0,9.611647481249375e-05,0,1,,
4457,4.457,0.0,0.00010622337541771505,0,1,0.0,9.14288190209258e-05,0,1,,
4458,4.458,0.0,0.00010104280026711638,0,1,0.0,8.69697829000552e-05,0,1,,
4459,4.4590000000000005,0.0,9.61148847480297e-05,0,1,0.0,8.272821653697154e-05,0,1,,
4460,4.46,0.0,9.142730650482075e-05,0,1,0.0,7.869351380643388e-05,0,1,,
4461,4.461,0.0,8.696834415023103e-05,0,1,0.0,7.485558585003309e-05,0,1,,
4462,4.462,0.0,8.27268479558043e-05,0,1,0.0,7.120483584879077e-05,0,1,,
4463,4.463,0.0,7.869221197175778e-05,0,1,0.0,6.773213502611305e-05,0,1,,
4464,4.464,0.0,7.485434750658335e-05,0,1,0.0,6.442879982109416e-05,0,1,,
4465,4.465,0.0,7.120365790006373e-05,0,1,0.0,6.128657017509111e-05,0,1,,
4466,4.466,0.0,6.773101452662335e-05,0,1,0.0,5.829758887727454e-05,0,1,,
4467,4.4670000000000005,0.0,6.442773396900943e-05,0,1,0.0,5.545438191750909e-05,0,1,,
4468,4.468,0.0,6.128555630522595e-05,0,1,0.0,5.274983979743497e-05,0,1,,
4469,4.469,0.0,5.829662445442618e-05,0,1,0.0,5.0177199753018926e-05,0,1,,
4470,4.47,0.0,5.5453464530118065e-05,0,1,0.0,4.773002884412156e-05,0,1,,
4471,4.471,0.0,5.2748967151554966e-05,0,1,0.0,4.5402207868796235e-05,0,1,,
4472,4.472,0.0,5.01763696665807e-05,0,1,0.0,4.318791606209683e-05,0,1,,
4473,4.473,0.0,4.772923924147664e-05,0,1,0.0,4.108161654113351e-05,0,1,,
4474,4.474,0.0,4.540145677552672e-05,0,1,0.0,3.907804245998144e-05,0,1,,
4475,4.4750000000000005,0.0,4.3187201600078325e-05,0,1,0.0,3.717218383982261e-05,0,1,,
4476,4.476,0.0,4.108093692383882e-05,0,1,0.0,1.0000353592750413,0,1,,
4477,4.477,0.0,3.9077395988013334e-05,0,1,0.0,0.9512630592835623,0,1,,
4478,4.478,0.0,3.717156889666444e-05,0,1,0.0,0.9048694124310915,0,1,,
4479,4.479,0.0,3.535869008936275e-05,0,1,0.0,0.8607384104351264,0,1,,
4480,4.48,0.0,3.3634226424803633e-05,0,1,0.0,0.8187597028038647,0,1,,
4481,4.481,0.0,3.199386584559267e-05,0,1,0.0,0.7788283209024959,0,1,,
4482,4.482,0.0,3.0433506595856164e-05,0,1,0.0,0.7408444154769386,0,1,,
4483,4.483,0.0,2.8949246964714944e-05,0,1,0.0,0.7047130069786961,0,1,,
4484,4.484,0.0,2.7537375529974837e-05,0,1,0.0,0.6703437480665128,0,1,,
4485,4.485,0.0,2.619436187763801e-05,0,1,0.0,0.6376506976909605,0,1,,
4486,4.486,0.0,2.4916847774029048e-05,0,1,0.0,0.6065521061970511,0,1,,
4487,4.487,0.0,2.370163876846155e-05,0,1,0.0,0.5769702109075169,0,1,,
4488,4.488,0.0,2.254569620544749e-05,0,1,0.0,0.5488310416756129,0,1,,
4489,4.489,0.0,2.144612962647575e-05,0,1,0.0,0.5220642359212206,0,1,,
4490,4.49,0.0,1.0000204001895423,0,1,0.0,0.4966028626877477,0,1,,
4491,4.491,0.0,0.951248829761272,0,1,0.0,0.47238325527987335,0,1,,
4492,4.492,0.0,0.9048558768907925,0,1,0.0,0.4493448520636478,0,1,,
4493,4.493,0.0,0.8607255350309175,0,1,0.0,0.4274300450308622,0,1,,
4494,4.494,0.0,0.8187474553405288,0,1,0.0,0.4065840357490213,0,1,,
4495,4.495,0.0,0.7788166707549953,0,1,0.0,0.38675469833671927,0,1,,
4496,4.496,0.0,0.7408333335138362,0,1,0.0,0.3678924491217847,0,1,,
4497,4.497,0.0,0.7047024654893119,0,1,0.0,0.34995012265627345,0,1,,
4498,4.498,0.0,0.6703337206916324,0,1,0.0,0.3328828537782813,0,1,,
4499,4.499,0.0,0.6376411593569239,0,1,0.0,0.31664796542566986,0,1,,
4500,4.5,0.0,0.6065430330530548,0,1,0.0,0.30120486192118195,0,1,3.6057773464018457,3.608426402452151
4501,4.501,0.0,0.5769615802659749,0,1,0.0,0.28651492746210294,0,1,,
4502,4.502,0.0,0.5488228319554258,0,1,0.0,0.27254142956064,0,1,,
4503,4.503,0.0,0.5220564265938118,0,1,0.0,0.25924942719356947,0,1,,
4504,4.5040000000000004,0.0,0.4965954342257308,0,1,0.0,0.24660568343147884,0,1,,
4505,4.505,0.0,0.4723761891082241,0,1,0.0,0.2345785823291309,0,1,,
4506,4.506,0.0,0.44933813051325644,0,1,0.0,0.22313804986913255,0,1,,
4507,4.507,0.0,0.42742365129435167,0,1,0.0,0.21225547876122658,0,1,,
4508,4.508,0.0,0.40657795383872003,0,1,0.0,0.2019036569091651,0,1,,
4509,4.509,0.0,0.3867489130446835,0,1,0.0,0.19205669936629471,0,1,,
4510,4.51,0.0,0.36788694598177096,0,1,0.0,0.18268998360970717,0,1,,
4511,4.511,0.0,0.3499448879075653,0,1,0.0,0.17378008797110664,0,1,,
4512,4.5120000000000005,0.0,0.3328778743312802,0,1,0.0,0.16530473307043922,0,1,,
4513,4.513,0.0,0.3166432288291647,0,1,0.0,0.15724272610583806,0,1,,
4514,4.514,0.0,0.3012003563312142,0,1,0.0,0.14957390786057972,0,1,,
4515,4.515,0.0,0.2865106416123509,0,1,0.0,0.14227910229454208,0,1,,
4516,4.516,0.0,0.2725373527342469,0,1,0.0,0.1353400685941155,0,1,,
4517,4.517,0.0,0.2592455491963458,0,1,0.0,0.12873945556066763,0,1,,
4518,4.518,0.0,0.24660199456641155,0,1,0.0,0.12246075822350912,0,1,,
4519,4.519,0.0,0.23457507337213587,0,1,0.0,0.11648827656886966,0,1,,
4520,4.5200000000000005,0.0,0.22313471204598956,0,1,0.0,0.1108070762816859,0,1,,
4521,4.521,0.0,0.2122523037256392,0,1,0.0,0.1054029514020348,0,1,,
4522,4.522,0.0,0.20190063672189051,0,1,0.0,0.10026238880283429,0,1,,
4523,4.523,0.0,0.19205382647529165,0,1,0.0,0.0953725343999869,0,1,,
4524,4.524,0.0,0.18268725083125167,0,1,0.0,0.09072116101047409,0,1,,
4525,4.525,0.0,0.1737774884718291,0,1,0.0,0.08629663777802989,0,1,,
4526,4.526,0.0,0.16530226035023746,0,1,0.0,0.08208790108994195,0,1,,
4527,4.527,0.0,0.15724037398162358,0,1,0.0,0.07808442691225702,0,1,,
4528,4.5280000000000005,0.0,0.14957167045081685,0,1,0.0,0.0742762044742143,0,1,,
4529,4.529,0.0,0.14227697400454095,0,1,0.0,0.07065371123610423,0,1,,
4530,4.53,0.0,0.13533804410204253,0,1,0.0,0.06720788907795906,0,1,,
4531,4.531,0.0,0.12873752980423817,0,1,0.0,0.06393012164953482,0,1,,
4532,4.532,0.0,0.12245892638732898,0,1,0.0,0.06081221282494764,0,1,,
4533,4.533,0.0,0.11648653407239425,0,1,0.0,0.05784636620808989,0,1,,
4534,4.534,0.0,0.1108054187677664,0,1,0.0,0.05502516563757889,0,1,,
4535,4.535,0.0,0.10540137472602304,0,1,0.0,0.052341556642490634,0,1,,
4536,4.5360000000000005,0.0,0.100260889022219,0,1,0.0,0.049788828802507894,0,1,,
4537,4.537,0.0,0.09537110776453533,0,1,0.0,0.047360598968374155,0,1,,
4538,4.538,0.0,0.09071980395285452,0,1,0.0,0.04505079530069566,0,1,,
4539,4.539,0.0,0.0862953469048914,0,1,0.0,0.042853642087180205,0,1,,
4540,4.54,0.0,0.08208667317342933,0,1,0.0,0.040763645300348005,0,1,,
4541,4.541,0.0,0.07808325888193937,0,1,0.0,0.03877557885960127,0,1,,
4542,4.542,0.0,0.07427509340940745,0,1,0.0,0.03688447156330057,0,1,,
4543,4.543,0.0,0.07065265435856742,0,1,0.0,0.03508559465817135,0,1,,
4544,4.5440000000000005,0.0,0.06720688374494795,0,1,0.0,0.03337445001495766,0,1,,
4545,4.545,0.0,0.06392916534719323,0,1,0.0,0.031746758880756024,0,1,,
4546,4.546,0.0,0.0608113031620216,0,1,0.0,0.030198451179904485,0,1,,
4547,4.547,0.0,0.05784550090994826,0,1,0.0,0.028725655336673452,0,1,,
4548,4.548,0.0,0.05502434254052561,0,1,0.0,0.027324688594309754,0,1,,
4549,4.549,0.0,0.05234077368835433,0,1,0.0,0.025992047806226493,0,1,,
4550,4.55,0.0,0.049788084033495404,0,1,0.0,0.02472440067631187,0,1,,
4551,4.551,0.0,0.04735989052217502,0,1,0.0,0.023518577426453205,0,1,,
4552,4.5520000000000005,0.0,0.045050121405825365,0,1,0.0,0.022371562870440564,0,1,,
4553,4.553,0.0,0.04285300105855056,0,1,0.0,0.02128048887443072,0,1,,
4554,4.554,0.0,0.04076303553505354,0,1,0.0,0.02024262718511858,0,1,,
4555,4.555,0.0,0.038774998832911134,0,1,0.0,0.019255382607682853,0,1,,
4556,4.556,0.0,0.036883919824845915,0,1,0.0,0.01831628651644722,0,1,,
4557,4.557,0.0,0.03508506982831865,0,1,0.0,0.017422990682030275,0,1,,
4558,4.558,0.0,0.033373950781358915,0,1,0.0,0.016573261399548962,0,1,,
4559,4.559,0.0,0.031746283995067195,0,1,0.0,0.01576497390319286,0,1,,
4560,4.5600000000000005,0.0,0.030197999454663997,0,1,0.0,0.014996107053202918,0,1,,
4561,4.561,0.0,0.02872522564233291,0,1,0.0,0.01426473828196931,0,1,,
4562,4.562,0.0,0.027324279856409485,0,1,0.0,0.013569038786610971,0,1,,
4563,4.563,0.0,0.025991659002708847,0,1,0.0,0.012907268956015822,0,1,,
4564,4.564,0.0,0.02472403083496554,0,1,0.0,0.012277774020906861,0,1,,
4565,4.565,0.0,0.023518225622482177,0,1,0.0,0.01167897991605705,0,1,,
4566,4.566,0.0,0.02237122822415167,0,1,0.0,0.011109389344306345,0,1,,
4567,4.567,0.0,0.021280170549033924,0,1,0.0,0.01056757803253889,0,1,,
4568,4.5680000000000005,0.0,0.020242324384634584,0,1,0.0,0.010052191170258355,0,1,,
4569,4.569,0.0,0.019255094574952725,0,1,0.0,0.009561940021856013,0,1,,
4570,4.57,0.0,0.0183160125312391,0,1,0.0,0.009095598704100441,0,1,,
4571,4.571,0.0,0.017422730059238434,0,1,0.0,0.008652001120790903,0,1,,
4572,4.572,0.0,0.016573013487480668,0,1,0.0,0.008230038046909463,0,1,,
4573,4.573,0.0,0.015764738081938807,0,1,0.0,0.007828654354980669,0,1,,
4574,4.574,0.0,0.014995882733087142,0,1,0.0,0.00744684637670327,0,1,,
4575,4.575,0.0,0.014264524902074676,0,1,0.0,0.007083659393256679,0,1,,
4576,4.5760000000000005,0.0,0.013568835813376598,0,1,0.0,0.006738185248006628,0,1,,
4577,4.577,0.0,0.0129070758819029,0,1,0.0,0.006409560075640546,0,1,,
4578,4.578,0.0,0.012277590363129542,0,1,0.0,0.006096962142054309,0,1,,
4579,4.579,0.0,0.011678805215375227,0,1,0.0,0.005799609789588961,0,1,,
4580,4.58,0.0,0.011109223163877314,0,1,0.0,0.0055167594824794145,0,1,,
4581,4.581,0.0,0.010567419956825018,0,1,0.0,0.00524770394762775,0,1,,
4582,4.582,0.0,0.010052040803988022,0,1,0.0,0.00499177040605207,0,1,,
4583,4.583,0.0,0.009561796989035221,0,1,0.0,0.004748318890588606,0,1,,
4584,4.5840000000000005,0.0,0.009095462647072634,0,1,0.0,0.004516740645640468,0,1,,
4585,4.585,0.0,0.008651871699342643,0,1,0.0,0.004296456604971566,0,1,,
4586,4.586,0.0,0.008229914937419716,0,1,0.0,0.004086915943739394,0,1,,
4587,4.587,0.0,0.007828537249611587,0,1,0.0,0.003887594701146016,0,1,,
4588,4.588,0.0,0.007446734982630432,0,1,0.0,0.00369799447026315,0,1,,
4589,4.589,0.0,0.007083553431936881,0,1,0.0,0.003517641151755239,0,1,,
4590,4.59,0.0,0.006738084454481376,0,1,0.0,0.003346083768384165,0,1,,
4591,4.591,0.0,0.006409464197873527,0,1,0.0,0.0031828933373312497,0,1,,
4592,4.5920000000000005,0.0,0.006096870940301166,0,1,0.0,0.003027661797516762,0,1,,
4593,4.593,0.0,0.005799523035797805,0,1,0.0,0.0028800009892346666,0,1,,
4594,4.594,0.0,0.00551667695972058,0,1,0.0,0.002739541683551179,0,1,,
4595,4.595,0.0,0.005247625449551356,0,1,0.0,0.002605932659040105,0,1,,
4596,4.596,0.0,0.004991695736372037,0,1,0.0,0.0024788398235463345,0,1,,
4597,4.597,0.0,0.0047482478625918405,0,1,0.0,0.0023579453787814313,0,1,,
4598,4.598,0.0,0.004516673081719982,0,1,0.0,0.002242947025662379,0,1,,
4599,4.599,0.0,0.004296392336182365,0,1,0.0,0.0021335572084064127,0,1,,
4600,4.6000000000000005,0.0,0.00408685480937603,0,1,0.0,0.002029502395491782,0,1,3.6036285238550856,3.6061648550336423
4601,4.601,0.0,0.003887536548340736,0,1,0.0,0.0019305223956864682,0,1,,
4602,4.602,0.0,0.0036979391536036505,0,1,0.0,0.0018363697074345788,0,1,,
4603,4.603,0.0,0.003517588532921058,0,1,0.0,0.001746808899973539,0,1,,
4604,4.604,0.0,0.003346033715800809,0,1,0.0,0.0016616160246345547,0,1,,
4605,4.605,0.0,0.003182845725841189,0,1,0.0,0.0015805780548542917,0,1,,
4606,4.606,0.0,0.0030276165080664716,0,1,0.0,0.001503492353497506,0,1,,
4607,4.607,0.0,0.002879957908576931,0,1,0.0,0.0014301661661586566,0,1,,
4608,4.6080000000000005,0.0,0.002739500703961914,0,1,0.0,0.0013604161391754914,0,1,,
4609,4.609,0.0,0.0026058936780489926,0,1,0.0,0.0012940678611493858,0,1,,
4610,4.61,0.0,0.002478802743680592,0,1,0.0,0.0012309554268260003,0,1,,
4611,4.611,0.0,0.0023579101073220804,0,1,0.0,0.001170921022245727,0,1,,
4612,4.612,0.0,0.0022429134744123996,0,1,0.0,0.0011138145301265907,0,1,,
4613,4.613,0.0,0.0021335252934702037,0,1,0.0,0.00105949315449285,0,1,,
4614,4.614,0.0,0.002029472037065379,0,1,0.0,0.0010078210636106798,0,1,,
4615,4.615,0.0,0.0019304935178579923,0,1,0.0,0.0009586690503380844,0,1,,
4616,4.616,0.0,0.0018363422379944168,0,1,0.0,0.000911914209039742,0,1,,
4617,4.617,0.0,0.0017467827702337822,0,1,0.0,0.0008674396282588976,0,1,,
4618,4.618,0.0,0.0016615911692572437,0,1,0.0,0.0008251340983778245,0,1,,
4619,4.619,0.0,0.0015805544116880364,0,1,0.0,0.0007848918335358535,0,1,,
4620,4.62,0.0,0.0015034698634220755,0,1,0.0,0.0007466122071096202,0,1,,
4621,4.621,0.0,0.001430144772937148,0,1,0.0,0.0007101995000940919,0,1,,
4622,4.622,0.0,0.0013603957893137076,0,1,0.0,0.0006755626617551978,0,1,,
4623,4.623,0.0,0.0012940485037620728,0,1,0.0,0.0006426150819555674,0,1,,
4624,4.624,0.0,0.0012309370135096065,0,1,0.0,0.0006112743745840735,0,1,,
4625,4.625,0.0,0.0011709035069573707,0,1,0.0,0.0005814621715476421,0,1,,
4626,4.626,0.0,0.0011137978690689274,0,1,0.0,0.0005531039268101991,0,1,,
4627,4.627,0.0,0.0010594773060045575,0,1,0.0,0.0005261287299887507,0,1,,
4628,4.628,0.0,0.001007805988062282,0,1,0.0,0.0005004691290404909,0,1,,
4629,4.6290000000000004,0.0,0.000958654710032858,0,1,0.0,0.0004760609615975597,0,1,,
4630,4.63,0.0,0.0009119005681194544,0,1,0.0,0.0004528431945277032,0,1,,
4631,4.631,0.0,0.0008674266526141428,0,1,0.0,0.000430757771319652,0,1,,
4632,4.632,0.0,0.0008251217555627318,0,1,0.0,0.00040974946691160275,0,1,,
4633,4.633,0.0,0.0007848800926869562,0,1,0.0,0.00038976574959979823,0,1,,
4634,4.634,0.0,0.0007466010388686804,0,1,0.0,0.00037075664968190547,0,1,,
4635,4.635,0.0,0.00071018887653469,0,1,0.0,0.00035267463450673175,0,1,,
4636,4.636,0.0,0.0006755525563129018,0,1,0.0,0.0003354744896178381,0,1,,
4637,4.6370000000000005,0.0,0.0006426054693615078,0,1,0.0,0.0003191132056938469,0,1,,
4638,4.638,0.0,0.0006112652308017582,0,1,0.0,0.00030354987100273594,0,1,,
4639,4.639,0.0,0.0005814534737128526,0,1,0.0,0.0002887455691011985,0,1,,
4640,4.64,0.0,0.0005530956531738179,0,1,0.0,0.0002746632815232642,0,1,,
4641,4.641,0.0,0.0005261208598623773,0,1,0.0,0.0002612677952148522,0,1,,
4642,4.642,0.0,0.00050046164274471,0,1,0.0,0.0002485256144827943,0,1,,
4643,4.643,0.0,0.00047605384041273245,0,1,0.0,0.0002364048772381547,0,1,,
4644,4.644,0.0,0.00045283642064715825,0,1,0.0,0.00022487527532441185,0,1,,
4645,4.6450000000000005,0.0,0.0004307513278051596,0,1,0.0,0.00021390797873127988,0,1,,
4646,4.646,0.0,0.0004097433376510204,0,1,0.0,0.00020347556350466635,0,1,,
4647,4.647,0.0,0.0003897599192667819,0,1,0.0,0.00019355194317250226,0,1,,
4648,4.648,0.0,0.0003707511036975857,0,1,0.0,0.00018411230351497422,0,1,,
4649,4.649,0.0,0.000352669359003259,0,1,0.0,0.00017513304051604972,0,1,,
4650,4.65,0.0,0.00033546947140370575,0,1,0.0,0.0001665917013411422,0,1,,
4651,4.651,0.0,0.00031910843222090574,0,1,0.0,0.00015846692819332953,0,1,,
4652,4.652,0.0,0.0003035453303348173,0,1,0.0,0.00015073840490773682,0,1,,
4653,4.6530000000000005,0.0,0.0002887412498842674,0,1,0.0,0.0001433868061505421,0,1,,
4654,4.654,0.0,0.0002746591729570285,0,1,0.0,0.00013639374909557562,0,1,,
4655,4.655,0.0,0.0002612638870257563,0,1,0.0,0.00012974174745767917,0,1,,
4656,4.656,0.0,0.0002485218968983297,0,1,0.0,0.00012341416776788514,0,1,,
4657,4.657,0.0,0.00023640134096242397,0,1,0.0,0.00011739518778107995,0,1,,
4658,4.658,0.0,0.00022487191151488361,0,1,0.0,0.00011166975691214993,0,1,,
4659,4.659,0.0,0.00021390477897667822,0,1,0.0,0.00010622355860167901,0,1,,
4660,4.66,0.0,0.00020347251980393804,0,1,0.0,0.000101042974517093,0,1,,
4661,4.6610000000000005,0.0,0.0001935490479148101,0,1,0.0,9.611505049973468e-05,0,1,,
4662,4.662,0.0,0.00018410954946066594,0,1,0.0,9.142746417271969e-05,0,1,,
4663,4.663,0.0,0.000175130420778555,0,1,0.0,8.69684941285758e-05,0,1,,
4664,4.664,0.0,0.00016658920936975276,0,1,0.0,8.272699061961888e-05,0,1,,
4665,4.665,0.0,0.00015846455775681887,0,1,0.0,7.869234767777604e-05,0,1,,
4666,4.666,0.0,0.00015073615007877897,0,1,0.0,7.4854476594141e-05,0,1,,
4667,4.667,0.0,0.00014338466129089017,0,1,0.0,7.120378069194691e-05,0,1,,
4668,4.668,0.0,0.00013639170884196326,0,1,0.0,6.77311313298757e-05,0,1,,
4669,4.6690000000000005,0.0,0.00012973980670840965,0,1,0.0,6.442784507569994e-05,0,1,,
4670,4.67,0.0,0.00012341232167007438,0,1,0.0,6.128566199317922e-05,0,1,,
4671,4.671,0.0,0.00011739343171852186,0,1,0.0,5.829672498791715e-05,0,1,,
4672,4.672,0.0,0.00011166808649377341,0,1,0.0,5.5453560160532826e-05,0,1,,
4673,4.673,0.0,0.00010622196965056803,0,1,0.0,5.274905811801936e-05,0,1,,
4674,4.674,0.0,0.00010104146306004214,0,1,0.0,5.0176456196558274e-05,0,1,,
4675,4.675,0.0,9.611361275731404e-05,0,1,0.0,4.772932155133741e-05,0,1,,
4676,4.676,0.0,9.142609654982432e-05,0,1,0.0,4.5401535071088214e-05,0,1,,
4677,4.6770000000000005,0.0,8.69671932054361e-05,0,1,0.0,4.318727607712023e-05,0,1,,
4678,4.678,0.0,8.272575314324939e-05,0,1,0.0,4.108100776859253e-05,0,1,,
4679,4.679,0.0,7.869117055384126e-05,0,1,0.0,3.907746337762763e-05,0,1,,
4680,4.68,0.0,7.485335687921795e-05,0,1,0.0,3.717163299964846e-05,0,1,,
4681,4.681,0.0,7.120271558616504e-05,0,1,0.0,3.535875106600736e-05,0,1,,
4682,4.682,0.0,6.773011816991579e-05,0,1,0.0,3.3634284427582185e-05,0,1,,
4683,4.683,0.0,6.442688132813436e-05,0,1,0.0,3.199392101954233e-05,0,1,,
4684,4.684,0.0,6.128474524813704e-05,0,1,0.0,3.0433559078940544e-05,0,1,,
4685,4.6850000000000005,0.0,5.8295852953058264e-05,0,1,0.0,2.8949296888169095e-05,0,1,,
4686,4.686,0.0,5.545273065531586e-05,0,1,0.0,2.75374230186334e-05,0,1,,
4687,4.687,0.0,5.274826906824921e-05,0,1,0.0,2.6194407050247367e-05,0,1,,
4688,4.688,0.0,5.0175705629199514e-05,0,1,0.0,2.491689074354425e-05,0,1,,
4689,4.689,0.0,4.772860758958069e-05,0,1,0.0,2.3701679642328763e-05,0,1,,
4690,4.69,0.0,4.5400855929657255e-05,0,1,0.0,2.2545735085872677e-05,0,1,,
4691,4.691,0.0,4.31866300578077e-05,0,1,0.0,2.1446166610680223e-05,0,1,,
4692,4.692,0.0,4.1080393256013657e-05,0,1,0.0,2.0400224722823776e-05,0,1,,
4693,4.6930000000000005,0.0,3.907687883518088e-05,0,1,0.0,1.9405294022776898e-05,0,1,,
4694,4.694,0.0,3.717107696567324e-05,0,1,0.0,1.0000184588866656,0,1,,
4695,4.695,0.0,3.5358222150129105e-05,0,1,0.0,0.9512469831368539,0,1,,
4696,4.696,0.0,3.363378130723571e-05,0,1,0.0,0.9048541203273099,0,1,,
4697,4.697,0.0,3.1993442436664694e-05,0,1,0.0,0.8607238641360468,0,1,,
4698,4.698,0.0,3.043310383682528e-05,0,1,0.0,0.8187458659361626,0,1,,
4699,4.699,0.0,2.8948863848473783e-05,0,1,0.0,0.7788151588667948,0,1,,
4700,4.7,0.0,2.7537011098533243e-05,0,1,0.0,0.7408318953612933,0,1,3.6004970473993207,3.61017225567043
4701,4.7010000000000005,0.0,2.619401521972755e-05,0,1,0.0,0.7047010974762963,0,1,,
4702,4.702,0.0,2.4916518022824384e-05,0,1,0.0,0.6703324193973988,0,1,,
4703,4.703,0.0,2.3701325099412907e-05,0,1,0.0,0.637639921527559,0,1,,
4704,4.704,0.0,2.2545397834218868e-05,0,1,0.0,0.6065418555933404,0,1,,
4705,4.705,0.0,2.1445845806983658e-05,0,1,0.0,0.5769604602316484,0,1,,
4706,4.706,0.0,2.0399919564908115e-05,0,1,0.0,0.5488217665458179,0,1,,
4707,4.707,0.0,1.9405003747588402e-05,0,1,0.0,0.5220554131448436,0,1,,
4708,4.708,0.0,1.8458610547252714e-05,0,1,0.0,0.4965944702032521,0,1,,
4709,4.7090000000000005,0.0,1.7558373487946008e-05,0,1,0.0,0.47237527210167646,0,1,,
4710,4.71,0.0,1.6702041508107475e-05,0,1,0.0,0.4493372582296459,0,1,,
4711,4.711,0.0,1.5887473331744112e-05,0,1,0.0,0.42742282155251476,0,1,,
4712,4.712,0.0,1.5112632114125393e-05,0,1,0.0,0.40657716456387,0,1,,
4713,4.713,0.0,1.4375580348610506e-05,0,1,0.0,0.3867481622632222,0,1,,
4714,4.714,0.0,1.3674475021872545e-05,0,1,0.0,0.3678862318163536,0,1,,
4715,4.715,0.0,1.300756300540521e-05,0,1,0.0,0.3499442085724063,0,1,,
4716,4.716,0.0,1.2373176671788376e-05,0,1,0.0,0.3328772281276879,0,1,,
4717,4.7170000000000005,0.0,1.1769729724750917e-05,0,1,0.0,0.31664261414129347,0,1,,
4718,4.718,0.0,1.0000111957132327,0,1,0.0,0.3011997716220242,0,1,,
4719,4.719,0.0,0.9512400741925693,0,1,0.0,0.2865100854197646,0,1,,
4720,4.72,0.0,0.9048475483362142,0,1,0.0,0.2725368236674931,0,1,,
4721,4.721,0.0,0.860717612664739,0,1,0.0,0.25924504593248204,0,1,,
4722,4.722,0.0,0.8187399193527082,0,1,0.0,0.24660151584701606,0,1,,
4723,4.723,0.0,0.7788095023016376,0,1,0.0,0.2345746180001608,0,1,,
4724,4.724,0.0,0.7408265146700742,0,1,0.0,0.2231342788827678,0,1,,
4725,4.7250000000000005,0.0,0.7046959792044845,0,1,0.0,0.21225189168803704,0,1,,
4726,4.726,0.0,0.6703275507466488,0,1,0.0,0.20190024477959936,0,1,,
4727,4.727,0.0,0.6376352903237079,0,1,0.0,0.1920534536482516,0,1,,
4728,4.728,0.0,0.6065374502559664,0,1,0.0,0.18268689618720094,0,1,,
4729,4.729,0.0,0.5769562697451134,0,1,0.0,0.17377715112397282,0,1,,
4730,4.73,0.0,0.5488177804317229,0,1,0.0,0.16530193945503027,0,1,,
4731,4.731,0.0,0.5220516214358271,0,1,0.0,0.15724006873666033,0,1,,
4732,4.732,0.0,0.4965908634180664,0,1,0.0,0.1495713800928261,0,1,,
4733,4.7330000000000005,0.0,0.47237184122147996,0,1,0.0,0.14227669780747654,0,1,,
4734,4.734,0.0,0.44933399467545104,0,1,0.0,0.13533778137526792,0,1,,
4735,4.735,0.0,0.42741971716373617,0,1,0.0,0.12873727989079956,0,1,,
4736,4.736,0.0,0.40657421157791873,0,1,0.0,0.1224586886623126,0,1,,
4737,4.737,0.0,0.38674535329609516,0,1,0.0,0.11648630794136373,0,1,,
4738,4.738,0.0,0.3678835598441699,0,1,0.0,0.11080520366527638,0,1,,
4739,4.739,0.0,0.34994166691384376,0,1,0.0,0.10540117011420526,0,1,,
4740,4.74,0.0,0.3328748104272762,0,1,0.0,0.10026069438943733,0,1,,
4741,4.741,0.0,0.3166403143535222,0,1,0.0,0.09537092262410643,0,1,,
4742,4.742,0.0,0.3011975839962261,0,1,0.0,0.09071962784183088,0,1,,
4743,4.743,0.0,0.2865080044857356,0,1,0.0,0.08629517938290374,0,1,,
4744,4.744,0.0,0.2725348442218143,0,1,0.0,0.0820865138215854,0,1,,
4745,4.745,0.0,0.25924316302550815,0,1,0.0,0.07808310730177659,0,1,,
4746,4.746,0.0,0.2465997247704989,0,1,0.0,0.07427494922189644,0,1,,
4747,4.747,0.0,0.23457291427547614,0,1,0.0,0.0706525172031643,0,1,,
4748,4.748,0.0,0.22313265824971648,0,1,0.0,0.06720675327869277,0,1,,
4749,4.749,0.0,0.2122503500941923,0,1,0.0,0.0639290412438524,0,1,,
4750,4.75,0.0,0.20189877837017361,0,1,0.0,0.060811185111272134,0,1,,
4751,4.751,0.0,0.19205205875645745,0,1,0.0,0.05784538861660178,0,1,,
4752,4.752,0.0,0.18268556932508234,0,1,0.0,0.05502423572379027,0,1,,
4753,4.753,0.0,0.17377588897368337,0,1,0.0,0.05234067208113265,0,1,,
4754,4.7540000000000004,0.0,0.1653007388605368,0,1,0.0,0.0497879873817164,0,1,,
4755,4.755,0.0,0.15723892669585124,0,1,0.0,0.0473597985841589,0,1,,
4756,4.756,0.0,0.14957029375000452,0,1,0.0,0.045050033951679204,0,1,,
4757,4.757,0.0,0.14227566444621956,0,1,0.0,0.042852917869593436,0,1,,
4758,4.758,0.0,0.13533679841163412,0,1,0.0,0.040762956403269726,0,1,,
4759,4.759,0.0,0.12873634486686789,0,1,0.0,0.038774923560429955,0,1,,
4760,4.76,0.0,0.12245779924003619,0,1,0.0,0.036883848223446966,0,1,,
4761,4.761,0.0,0.1164854618967236,0,1,0.0,0.03508500171896114,0,1,,
4762,4.7620000000000005,0.0,0.11080439888272024,0,1,0.0,0.03337388599373396,0,1,,
4763,4.763,0.0,0.10540040458135753,0,1,0.0,0.031746222367172,0,1,,
4764,4.764,0.0,0.10025996619206715,0,1,0.0,0.030197940832396717,0,1,,
4765,4.765,0.0,0.09537022994134108,0,1,0.0,0.02872516987910734,0,1,,
4766,4.766,0.0,0.09071896894160264,0,1,0.0,0.02732422681278852,0,1,,
4767,4.767,0.0,0.08629455261761883,0,1,0.0,0.025991608546055804,0,1,,
4768,4.768,0.0,0.08208591762400415,0,1,0.0,0.024723982839112504,0,1,,
4769,4.769,0.0,0.07808254018109448,0,1,0.0,0.023518179967414517,0,1,,
4770,4.7700000000000005,0.0,0.07427440976001638,0,1,0.0,0.022371184795707932,0,1,,
4771,4.771,0.0,0.0706520040511506,0,1,0.0,0.02128012923862038,0,1,,
4772,4.772,0.0,0.0672062651533981,0,1,0.0,0.02024228508895368,0,1,,
4773,4.773,0.0,0.06392857692470927,0,1,0.0,0.019255057195744794,0,1,,
4774,4.774,0.0,0.06081074343724082,0,1,0.0,0.018315976975036653,0,1,,
4775,4.775,0.0,0.05784496848326716,0,1,0.0,0.017422696237132444,0,1,,
4776,4.776,0.0,0.05502383608060016,0,1,0.0,0.01657298131489825,0,1,,
4777,4.777,0.0,0.05234029192877091,0,1,0.0,0.01576470747843175,0,1,,
4778,4.7780000000000005,0.0,0.04978762576960412,0,1,0.0,0.014995853622130734,0,1,,
4779,4.779,0.0,0.047359454608077445,0,1,0.0,0.014264497210876366,0,1,,
4780,4.78,0.0,0.0450497067515092,0,1,0.0,0.013568809472693965,0,1,,
4781,4.781,0.0,0.042852606627164024,0,1,0.0,0.012907050825870518,0,1,,
4782,4.782,0.0,0.040762660340312715,0,1,0.0,0.012277566529094277,0,1,,
4783,4.783,0.0,0.03877464193663374,0,1,0.0,0.011678782543739578,0,1,,
4784,4.784,0.0,0.03688358033460536,0,1,0.0,0.011109201597950384,0,1,,
4785,4.785,0.0,0.035084746895212515,0,1,0.0,0.010567399442680757,0,1,,
4786,4.7860000000000005,0.0,0.033373643597886214,0,1,0.0,0.010052021290330383,0,1,,
4787,4.787,0.0,0.03174599179310924,0,1,0.0,0.009561778427069895,0,1,,
4788,4.788,0.0,0.03019772150356369,0,1,0.0,0.009095444990385039,0,1,,
4789,4.789,0.0,0.028724961247067728,0,1,0.0,0.008651854903781862,0,1,,
4790,4.79,0.0,0.027324028355853548,0,1,0.0,0.008229898960988101,0,1,,
4791,4.791,0.0,0.02599141976797976,0,1,0.0,0.007828522052359736,0,1,,
4792,4.792,0.0,0.02472380326785187,0,1,0.0,0.0074467205265573,0,1,,
4793,4.793,0.0,0.023518009153947608,0,1,0.0,0.0070835396808947544,0,1,,
4794,4.7940000000000005,0.0,0.022371022312912107,0,1,0.0,0.006738071374085488,0,1,,
4795,4.795,0.0,0.021279974680204015,0,1,0.0,0.006409451755416074,0,1,,
4796,4.796,0.0,0.020242138068440232,0,1,0.0,0.0060968591046695235,0,1,,
4797,4.797,0.0,0.019254917345506398,0,1,0.0,0.00579951177739673,0,1,,
4798,4.798,0.0,0.018315843945374867,0,1,0.0,0.005516666250398204,0,1,,
4799,4.799,0.0,0.017422569695403824,0,1,0.0,0.005247615262528795,0,1,,
4800,4.8,0.0,0.01657286094468256,0,1,0.0,0.004991686046176429,0,1,3.6879765865902328,3.601378828447009
4801,4.801,0.0,0.015764592978740753,0,1,0.0,0.00474823864499265,0,1,,
4802,4.8020000000000005,0.0,0.014995744706655562,0,1,0.0,0.004516664313668408,0,1,,
4803,4.803,0.0,0.0142643936072716,0,1,0.0,0.004296383995753712,0,1,,
4804,4.804,0.0,0.013568710921896628,0,1,0.0,0.004086846875714882,0,1,,
4805,4.805,0.0,0.012906957081452283,0,1,0.0,0.003887529001608808,0,1,,
4806,4.806,0.0,0.01227747735664527,0,1,0.0,0.0036979319749301815,0,1,,
4807,4.807,0.0,0.011678697720282228,0,1,0.0,0.0035175817043556256,0,1,,
4808,4.808,0.0,0.011109120911381864,0,1,0.0,0.0033460272202684425,0,1,,
4809,4.809,0.0,0.010567322691242617,0,1,0.0,0.0031828395470996744,0,1,,
4810,4.8100000000000005,0.0,0.010051948282104052,0,1,0.0,0.0030276106306657367,0,1,,
4811,4.811,0.0,0.009561708979496777,0,1,0.0,0.0028799523178204126,0,1,,
4812,4.812,0.0,0.009095378929810029,0,1,0.0,0.0027394953858698085,0,1,,
4813,4.813,0.0,0.008651792065019114,0,1,0.0,0.0026058886193232995,0,1,,
4814,4.814,0.0,0.008229839186907976,0,1,0.0,0.0024787979316718625,0,1,,
4815,4.815,0.0,0.007828465193495898,0,1,0.0,0.002357905529997786,0,1,,
4816,4.816,0.0,0.007446666440732974,0,1,0.0,0.0022429091203268452,0,1,,
4817,4.817,0.0,0.007083488232867207,0,1,0.0,0.002133521151735908,0,1,,
4818,4.8180000000000005,0.0,0.006738022435207853,0,1,0.0,0.0020294680973258483,0,1,,
4819,4.819,0.0,0.0064094052033156655,0,1,0.0,0.0019304897702618258,0,1,,
4820,4.82,0.0,0.006096814822941842,0,1,0.0,0.001836338673170672,0,1,,
4821,4.821,0.0,0.005799469655314391,0,1,0.0,0.0017467793792685432,0,1,,
4822,4.822,0.0,0.0055166261826340626,0,1,0.0,0.0016615879436713307,0,1,,
4823,4.823,0.0,0.00524757714889257,0,1,0.0,0.0015805513434158048,0,1,,
4824,4.824,0.0,0.004991649791364177,0,1,0.0,0.0015034669447912465,0,1,,
4825,4.825,0.0,0.004748204158348456,0,1,0.0,0.0014301419966496242,0,1,,
4826,4.8260000000000005,0.0,0.004516631508957699,0,1,0.0,0.0013603931484273241,0,1,,
4827,4.827,0.0,0.004296352790947623,0,1,0.0,0.001294045991673238,0,1,,
4828,4.828,0.0,0.004086817192785144,0,1,0.0,0.00123093462393679,0,1,,
4829,4.829,0.0,0.003887500766332636,0,1,0.0,0.0011709012339253956,0,1,,
4830,4.83,0.0,0.003697905116704678,0,1,0.0,0.00111379570689403,0,1,,
4831,4.831,0.0,0.0035175561560212365,0,1,0.0,0.001059475249280174,0,1,,
4832,4.832,0.0,0.0033460029179410247,0,1,0.0,0.0010078040316455305,0,1,,
4833,4.833,0.0,0.0031828164300107507,0,1,0.0,0.0009586528490316774,0,1,,
4834,4.8340000000000005,0.0,0.0030275886410105436,0,1,0.0,0.0009118987978803723,0,1,,
4835,4.835,0.0,0.002879931400613358,0,1,0.0,0.0008674249687106395,0,1,,
4836,4.836,0.0,0.00273947548880698,0,1,0.0,0.0008251201537841714,0,1,,
4837,4.837,0.0,0.002605869692651676,0,1,0.0,0.000784878569028058,0,1,,
4838,4.838,0.0,0.002478779928064906,0,1,0.0,0.0007465995895195036,0,1,,
4839,4.839,0.0,0.002357888404437102,0,1,0.0,0.0007101874978711067,0,1,,
4840,4.84,0.0,0.0022428928299896116,0,1,0.0,0.0006755512448875349,0,1,,
4841,4.841,0.0,0.002133505655887796,0,1,0.0,0.0006426042218951108,0,1,,
4842,4.8420000000000005,0.0,0.0020294533572191666,0,1,0.0,0.0006112640441750154,0,1,,
4843,4.843,0.0,0.0019304757490386298,0,1,0.0,0.0005814523449585788,0,1,,
4844,4.844,0.0,0.0018363253357706008,0,1,0.0,0.0005530945794695396,0,1,,
4845,4.845,0.0,0.001746766692341149,0,1,0.0,0.0005261198385232746,0,1,,
4846,4.846,0.0,0.0016615758754926868,0,1,0.0,0.0005004606712169031,0,1,,
4847,4.847,0.0,0.0015805398638091784,0,1,0.0,0.0004760529162668958,0,1,,
4848,4.848,0.0,0.0015034560250516418,0,1,0.0,0.0004528355415724459,0,1,,
4849,4.849,0.0,0.0014301316094720042,0,1,0.0,0.0004307504916034269,0,1,,
4850,4.8500000000000005,0.0,0.0013603832678383344,0,1,0.0,0.00040974254223132743,0,1,,
4851,4.851,0.0,0.0012940365929662596,0,1,0.0,0.0003897591626401651,0,1,,
4852,4.852,0.0,0.0012309256836101597,0,1,0.0,0.0003707503839720845,0,1,,
4853,4.853,0.0,0.0011708927296236401,0,1,0.0,0.00035266867437918465,0,1,,
4854,4.854,0.0,0.0011137876173519653,0,1,0.0,0.00033546882016914154,0,1,,
4855,4.855,0.0,0.0010594675542697314,0,1,0.0,0.000319107812747426,0,1,,
4856,4.856,0.0,0.0010077967119251755,0,1,0.0,0.0003035447410734157,0,1,,
4857,4.857,0.0,0.0009586458862982966,0,1,0.0,0.00028874068936148343,0,1,,
4858,4.8580000000000005,0.0,0.0009118921747235056,0,1,0.0,0.0002746586397712633,0,1,,
4859,4.859,0.0,0.0008674186685689448,0,1,0.0,0.00026126337984376774,0,1,,
4860,4.86,0.0,0.0008251141609040129,0,1,0.0,0.0002485214144518986,0,1,,
4861,4.861,0.0,0.0007848728684241138,0,1,0.0,0.00023640088204518296,0,1,,
4862,4.862,0.0,0.0007465941669372944,0,1,0.0,0.00022487147497930057,0,1,,
4863,4.863,0.0,0.0007101823397513526,0,1,0.0,0.0002139043637311868,0,1,,
4864,4.864,0.0,0.0006755463383322497,0,1,0.0,0.00020347212481020824,0,1,,
4865,4.865,0.0,0.0006425995546353504,0,1,0.0,0.00019354867218515184,0,1,,
4866,4.866,0.0,0.0006112596045401995,0,1,0.0,0.00018410919205555934,0,1,,
4867,4.867,0.0,0.000581448121847308,0,1,0.0,0.00017513008080430114,0,1,,
4868,4.868,0.0,0.0005530905623218358,0,1,0.0,0.00016658888597623892,0,1,,
4869,4.869,0.0,0.0005261160172941762,0,1,0.0,0.00015846425013539282,0,1,,
4870,4.87,0.0,0.0005004570363513469,0,1,0.0,0.0001507358574602269,0,1,,
4871,4.871,0.0,0.0004760494586758246,0,1,0.0,0.0001433843829435133,0,1,,
4872,4.872,0.0,0.0004528322526100811,0,1,0.0,0.00013639144406974815,0,1,,
4873,4.873,0.0,0.0004307473630456494,0,1,0.0,0.00012973955484928785,0,1,,
4874,4.874,0.0,0.0004097395662551132,0,1,0.0,0.0001234120820942669,0,1,,
4875,4.875,0.0,0.00038975633180402355,0,1,0.0,0.00011739320382696437,0,1,,
4876,4.876,0.0,0.00037074769119745067,0,1,0.0,0.00011166786971661834,0,1,,
4877,4.877,0.0,0.00035266611293271945,0,1,0.0,0.00010622176344575958,0,1,,
4878,4.878,0.0,0.00033546638364589454,0,1,0.0,0.00010104126691196087,0,1,,
4879,4.8790000000000004,0.0,0.00031910549505482003,0,1,0.0,9.611342617548758e-05,0,1,,
4880,4.88,0.0,0.0003035425364160119,0,1,0.0,9.142591906770092e-05,0,1,,
4881,4.881,0.0,0.00028873859222649,0,1,0.0,8.6967024379218e-05,0,1,,
4882,4.882,0.0,0.0002746566449147504,0,1,0.0,8.27255925507831e-05,0,1,,
4883,4.883,0.0,0.000261261482277555,0,1,0.0,7.869101779356196e-05,0,1,,
4884,4.884,0.0,0.00024851960943108215,0,1,0.0,7.485321156914539e-05,0,1,,
4885,4.885,0.0,0.0002363991650562705,0,1,0.0,7.120257736294836e-05,0,1,,
4886,4.886,0.0,0.00022486984172892548,0,1,0.0,6.772998668792493e-05,0,1,,
4887,4.8870000000000005,0.0,0.00021390281013537244,0,1,0.0,6.442675625859585e-05,0,1,,
4888,4.888,0.0,0.0002034706469841558,0,1,0.0,6.12846262783119e-05,0,1,,
4889,4.889,0.0,0.00019354726643352647,0,1,0.0,5.8295739785459966e-05,0,1,,
4890,4.89,0.0,0.00018410785486324975,0,1,0.0,5.545262300696646e-05,0,1,,
4891,4.891,0.0,0.00017512880882763004,0,1,0.0,5.274816666997176e-05,0,1,,
4892,4.892,0.0,0.0001665876760346021,0,1,0.0,5.0175608224944984e-05,0,1,,
4893,4.893,0.0,0.00015846309920330593,0,1,0.0,4.772851493578771e-05,0,1,,
4894,4.894,0.0,0.00015073476265976027,0,1,0.0,4.5400767794643076e-05,0,1,,
4895,4.8950000000000005,0.0,0.00014338334153709547,0,1,0.0,4.318654622118888e-05,0,1,,
4896,4.896,0.0,0.00013639045345332064,0,1,0.0,4.108031350815498e-05,0,1,,
4897,4.897,0.0,0.0001297386125457936,0,1,0.0,3.9076802976671174e-05,0,1,,
4898,4.898,0.0,0.00012341118574745637,0,1,0.0,3.717100480682671e-05,0,1,,
4899,4.899,0.0,0.00011739235119550364,0,1,0.0,3.535815351051105e-05,0,1,,
4900,4.9,0.0,0.00011166705866848463,0,1,0.0,3.363371601521132e-05,0,1,4.542787480773335,3.603943675712099
4901,4.901,0.0,0.00010622099195291011,0,1,0.0,3.1993380328969914e-05,0,1,,
4902,4.902,0.0,0.00010104053304526165,0,1,0.0,3.0433044758158515e-05,0,1,,
4903,4.9030000000000005,0.0,9.611272809988962e-05,0,1,0.0,2.8948807651107595e-05,0,1,,
4904,4.904,0.0,9.14252550376516e-05,0,1,0.0,2.7536957641944946e-05,0,1,,
4905,4.905,0.0,8.696639273429633e-05,0,1,0.0,2.619396437024783e-05,0,1,,
4906,4.906,0.0,8.272499171154778e-05,0,1,0.0,2.491646965330305e-05,0,1,,
4907,4.907,0.0,7.869044625760192e-05,0,1,0.0,2.3701279088900965e-05,0,1,,
4908,4.908,0.0,7.485266790732304e-05,0,1,0.0,2.2545354067666074e-05,0,1,,
4909,4.909,0.0,7.120206021582596e-05,0,1,0.0,2.144580417495083e-05,0,1,,
4910,4.91,0.0,6.772949476236532e-05,0,1,0.0,2.0399879963293488e-05,0,1,,
4911,4.9110000000000005,0.0,6.442628832452888e-05,0,1,0.0,1.940496607736731e-05,0,1,,
4912,4.912,0.0,6.128418116565868e-05,0,1,0.0,1.8458574714229984e-05,0,1,,
4913,4.913,0.0,5.8295316381207e-05,0,1,0.0,1.755833940252042e-05,0,1,,
4914,4.914,0.0,5.5452220252382586e-05,0,1,0.0,1.6702009085047707e-05,0,1,,
4915,4.915,0.0,5.2747783557960725e-05,0,1,0.0,1.588744248997563e-05,0,1,,
4916,4.916,0.0,5.01752437975272e-05,0,1,0.0,1.5112602776527707e-05,0,1,,
4917,4.917,0.0,4.772816828170482e-05,0,1,0.0,1.4375552441824344e-05,0,1,,
4918,4.918,0.0,4.540043804707931e-05,0,1,0.0,1.3674448476116405e-05,0,1,,
4919,4.9190000000000005,0.0,4.318623255560357e-05,0,1,0.0,1.3007537754300874e-05,0,1,,
4920,4.92,0.0,4.108001514022078e-05,0,1,0.0,1.2373152652194931e-05,0,1,,
4921,4.921,0.0,3.907651916031283e-05,0,1,0.0,1.0000117697068767,0,1,,
4922,4.922,0.0,3.71707348323555e-05,0,1,0.0,0.9512406201922129,0,1,,
4923,4.923,0.0,3.5357896702850164e-05,0,1,0.0,0.904848067707141,0,1,,
4924,4.924,0.0,3.3633471732207856e-05,0,1,0.0,0.8607181067056469,0,1,,
4925,4.925,0.0,3.199314795978911e-05,0,1,0.0,0.8187403892989567,0,1,,
4926,4.926,0.0,3.043282372175639e-05,0,1,0.0,0.7788099493283371,0,1,,
4927,4.9270000000000005,0.0,2.894859739477801e-05,0,1,0.0,0.7408269398950244,0,1,,
4928,4.928,0.0,2.7536757639937555e-05,0,1,0.0,0.7046963836909691,0,1,,
4929,4.929,0.0,2.619377412245344e-05,0,1,0.0,0.6703279355060949,0,1,,
4930,4.93,0.0,2.491628868400308e-05,0,1,0.0,0.6376356563182144,0,1,,
4931,4.931,0.0,2.3701106945577904e-05,0,1,0.0,0.6065377984007102,0,1,,
4932,4.932,0.0,2.2545190319871945e-05,0,1,0.0,0.5769566009106377,0,1,,
4933,4.933,0.0,2.144564841323086e-05,0,1,0.0,0.548818095446114,0,1,,
4934,4.934,0.0,2.039973179816224e-05,0,1,0.0,0.522051921086785,0,1,,
4935,4.9350000000000005,0.0,1.9404825138334784e-05,0,1,0.0,0.4965911484548747,0,1,,
4936,4.936,0.0,1.8458440648875185e-05,0,1,0.0,0.4723721123568791,0,1,,
4937,4.937,0.0,1.755821187561013e-05,0,1,0.0,0.4493342525874207,0,1,,
4938,4.938,0.0,1.6701887777698226e-05,0,1,0.0,0.42741996249719066,0,1,,
4939,4.939,0.0,1.5887327098855392e-05,0,1,0.0,0.40657444494631945,0,1,,
4940,4.94,0.0,1.5112493013098813e-05,0,1,0.0,0.3867455752829847,0,1,,
4941,4.941,0.0,1.4375448031621045e-05,0,1,0.0,0.3678837710046311,0,1,,
4942,4.942,0.0,1.3674349158058809e-05,0,1,0.0,0.3499418677758877,0,1,,
4943,4.9430000000000005,0.0,1.3007443280042104e-05,0,1,0.0,0.3328750014931626,0,1,,
4944,4.944,0.0,1.237306278550013e-05,0,1,0.0,0.3166404961010154,0,1,,
4945,4.945,0.0,1.176962139276249e-05,0,1,0.0,0.30119775687978945,0,1,,
4946,4.946,0.0,1.1195610184028756e-05,0,1,0.0,0.2865081689376681,0,1,,
4947,4.947,0.0,1.0649593832288006e-05,0,1,0.0,0.2725350006533314,0,1,,
4948,4.948,0.0,1.0130207012253672e-05,0,1,0.0,0.25924331182777016,0,1,,
4949,4.949,0.0,9.636150986339158e-06,0,1,0.0,0.24659986631558894,0,1,,
4950,4.95,0.0,9.166190357137385e-06,0,1,0.0,0.2345730489173307,0,1,,
4951,4.9510000000000005,0.0,8.719149978283789e-06,0,1,0.0,0.2231327863250103,0,1,,
4952,4.952,0.0,8.293912015978302e-06,0,1,0.0,0.21225047192318033,0,1,,
4953,4.953,0.0,7.889413153818598e-06,0,1,0.0,0.2018988942574918,0,1,,
4954,4.954,0.0,7.504641933955228e-06,0,1,0.0,0.19205216899188443,0,1,,
4955,4.955,0.0,7.138636227920157e-06,0,1,0.0,0.1826856741842641,0,1,,
4956,4.956,0.0,6.790480830804439e-06,0,1,0.0,0.1737759887188225,0,1,,
4957,4.957,0.0,6.459305172769237e-06,0,1,0.0,0.1653008337410481,0,1,,
4958,4.958,0.0,6.144281142167766e-06,0,1,0.0,0.1572390169489854,0,1,,
4959,4.9590000000000005,0.0,1.000005844621015,0,1,0.0,0.1495703796014414,0,1,,
4960,4.96,0.0,0.9512349840761984,0,1,0.0,0.14227574611063243,0,1,,
4961,4.961,0.0,0.9048427064677481,0,1,0.0,0.1353368760932266,0,1,,
4962,4.962,0.0,0.8607130069369845,0,1,0.0,0.12873641875988437,0,1,,
4963,4.963,0.0,0.8187355382489468,0,1,0.0,0.12245786952924773,0,1,,
4964,4.964,0.0,0.778805334866828,0,1,0.0,0.11648552875788984,0,1,,
4965,4.965,0.0,0.7408225504834587,0,1,0.0,0.11080446248302893,0,1,,
4966,4.966,0.0,0.7046922083535315,0,1,0.0,0.10540046507984256,0,1,,
4967,4.9670000000000005,0.0,0.670323963802267,0,1,0.0,0.10026002374000624,0,1,,
4968,4.968,0.0,0.6376318783166679,0,1,0.0,0.09537028468263406,0,1,,
4969,4.969,0.0,0.6065342046544733,0,1,0.0,0.09071902101313126,0,1,,
4970,4.97,0.0,0.5769531824334729,0,1,0.0,0.08629460214958903,0,1,,
4971,4.971,0.0,0.548814843690048,0,1,0.0,0.08208596474027166,0,1,,
4972,4.972,0.0,0.5220488279207336,0,1,0.0,0.07808258499947451,0,1,,
4973,4.973,0.0,0.4965882061443117,0,1,0.0,0.07427445239257822,0,1,,
4974,4.974,0.0,0.4723693135444956,0,1,0.0,0.07065204460449787,0,1,,
4975,4.9750000000000005,0.0,0.44933159027472785,0,1,0.0,0.06720630372893528,0,1,,
4976,4.976,0.0,0.42741743002702,0,1,0.0,0.0639286136188953,0,1,,
4977,4.977,0.0,0.4065720359861764,0,1,0.0,0.06081077834183029,0,1,,
4978,4.978,0.0,0.3867432838092142,0,1,0.0,0.05784500168553971,0,1,,
4979,4.979,0.0,0.36788159128735515,0,1,0.0,0.05502386766357877,0,1,,
4980,4.98,0.0,0.3499397943646777,0,1,0.0,0.05234032197142948,0,1,,
4981,4.981,0.0,0.33287302920341055,0,1,0.0,0.04978765434706494,0,1,,
4982,4.982,0.0,0.3166386200009696,0,1,0.0,0.04735948179179905,0,1,,
4983,4.9830000000000005,0.0,0.3011959722782226,0,1,0.0,0.04504973260946506,0,1,,
4984,4.984,0.0,0.2865064713721467,0,1,0.0,0.0428526312240125,0,1,,
4985,4.985,0.0,0.2725333858790574,0,1,0.0,0.04076268373755874,0,1,,
4986,4.986,0.0,0.2592417758069668,0,1,0.0,0.03877466419278261,0,1,,
4987,4.987,0.0,0.24659840520740414,0,1,0.0,0.03688360150530905,0,1,,
4988,4.988,0.0,0.2345716590682329,0,1,0.0,0.03508476703340879,0,1,,
4989,4.989,0.0,0.22313146425965288,0,1,0.0,0.03337366275393107,0,1,,
4990,4.99,0.0,0.21224921433571126,0,1,0.0,0.031746010014902765,0,1,,
4991,4.9910000000000005,0.0,0.20189769800328733,0,1,0.0,0.03019773883666986,0,1,,
4992,4.992,0.0,0.19205103107968596,0,1,0.0,0.028724977734828332,0,1,,
4993,4.993,0.0,0.18268459176869842,0,1,0.0,0.02732404403949658,0,1,,
4994,4.994,0.0,0.17377495909328688,0,1,0.0,0.025991434686722496,0,1,,
4995,4.995,0.0,0.1652998543309424,0,1,0.0,0.024723817458998935,0,1,,
4996,4.996,0.0,0.1572380853052742,0,1,0.0,0.023518022652984263,0,1,,
4997,4.997,0.0,0.14956949339453016,0,1,0.0,0.022371035153592976,0,1,,
4998,4.998,0.0,0.14227490312454227,0,1,0.0,0.02127998689463749,0,1,,
4999,4.999,0.0,0.1353360742200532,0,1,0.0,0.020242149687168757,0,1,,
5000,5.0,0.0,0.12873565599452713,0,1,0.0,0.019254928397582846,0,1,4.540186247068021,3.832532030812188
5001,5.001,0.0,0.12245714396439594,0,1,0.0,0.018315854458435185,0,1,,
5002,5.002,0.0,0.11648483857925344,0,1,0.0,0.01742257969573614,0,1,,
5003,5.003,0.0,0.11080380596480183,0,1,0.0,0.016572870457292912,0,1,,
5004,5.0040000000000004,0.0,0.10539984058038722,0,1,0.0,0.01576460202741562,0,1,,
5005,5.005,0.0,0.10025942969774873,0,1,0.0,0.014995753314021351,0,1,,
5006,5.006,0.0,0.09536971961215931,0,1,0.0,0.014264401794851205,0,1,,
5007,5.007,0.0,0.09071848350146876,0,1,0.0,0.013568718710163264,0,1,,
5008,5.008,0.0,0.08629409085267964,0,1,0.0,0.012906964489880672,0,1,,
5009,5.009,0.0,0.08208547837960678,0,1,0.0,0.012277484403760345,0,1,,
5010,5.01,0.0,0.07808212235889916,0,1,0.0,0.011678704423705444,0,1,,
5011,5.011,0.0,0.07427401231525,0,1,0.0,0.011109127287875272,0,1,,
5012,5.0120000000000005,0.0,0.0706516259899942,0,1,0.0,0.010567328756750772,0,1,,
5013,5.013,0.0,0.06720590553050186,0,1,0.0,0.010051954051793884,0,1,,
5014,5.014,0.0,0.06392823484082864,0,1,0.0,0.009561714467795517,0,1,,
5015,5.015,0.0,0.060810418036987925,0,1,0.0,0.00909538415044128,0,1,,
5016,5.016,0.0,0.05784465895297186,0,1,0.0,0.008651797031037176,0,1,,
5017,5.017,0.0,0.0550235416462755,0,1,0.0,0.00822984391073048,0,1,,
5018,5.018,0.0,0.05234001185417771,0,1,0.0,0.007828469686934859,0,1,,
5019,5.019,0.0,0.04978735935441002,0,1,0.0,0.00744667071502433,0,1,,
5020,5.0200000000000005,0.0,0.04735920118610568,0,1,0.0,0.007083492298698914,0,1,,
5021,5.021,0.0,0.045049465689072844,0,1,0.0,0.0067380263027466076,0,1,,
5022,5.022,0.0,0.04285237732148142,0,1,0.0,0.006409408882232329,0,1,,
5023,5.023,0.0,0.040762442218000225,0,1,0.0,0.006096818322435623,0,1,,
5024,5.024,0.0,0.03877443445227196,0,1,0.0,0.0057994729841358466,0,1,,
5025,5.025,0.0,0.036883382969375315,0,1,0.0,0.00551662934910698,0,1,,
5026,5.026,0.0,0.03508455915559832,0,1,0.0,0.005247580160934781,0,1,,
5027,5.027,0.0,0.033373465014441044,0,1,0.0,0.004991652656507356,0,1,,
5028,5.0280000000000005,0.0,0.031745821919281464,0,1,0.0,0.004748206883756953,0,1,,
5029,5.029,0.0,0.03019755991458026,0,1,0.0,0.004516634101446455,0,1,,
5030,5.03,0.0,0.02872480753887201,0,1,0.0,0.004296355256999211,0,1,,
5031,5.031,0.0,0.027323882144094994,0,1,0.0,0.004086819538565977,0,1,,
5032,5.032,0.0,0.025991280687052816,0,1,0.0,0.003887502997708388,0,1,,
5033,5.033,0.0,0.02472367096998177,0,1,0.0,0.0036979072392549503,0,1,,
5034,5.034,0.0,0.02351788330832077,0,1,0.0,0.0035175581750535104,0,1,,
5035,5.035,0.0,0.022370902604848916,0,1,0.0,0.0033460048385039326,0,1,,
5036,5.0360000000000005,0.0,0.021279860810371958,0,1,0.0,0.0031828182569067004,0,1,,
5037,5.037,0.0,0.020242029752105414,0,1,0.0,0.003027590378807726,0,1,,
5038,5.038,0.0,0.019254814311821564,0,1,0.0,0.0028799330536571723,0,1,,
5039,5.039,0.0,0.018315745936702137,0,1,0.0,0.002739477061230896,0,1,,
5040,5.04,0.0,0.017422476466670465,0,1,0.0,0.0026058711883875725,0,1,,
5041,5.041,0.0,0.01657277226276818,0,1,0.0,0.0024787813508529025,0,1,,
5042,5.042,0.0,0.015764508621894373,0,1,0.0,0.0023578897578349087,0,1,,
5043,5.043,0.0,0.014995664463941129,0,1,0.0,0.002242894117381428,0,1,,
5044,5.0440000000000005,0.0,0.014264317278040528,0,1,0.0,0.0021335068804927727,0,1,,
5045,5.045,0.0,0.013568638315286083,0,1,0.0,0.002029454522099454,0,1,,
5046,5.046,0.0,0.012906888015907919,0,1,0.0,0.001930476857107035,0,1,,
5047,5.047,0.0,0.012277411659467252,0,1,0.0,0.001836326389797872,0,1,,
5048,5.048,0.0,0.01167863522719339,0,1,0.0,0.0017467676949629036,0,1,,
5049,5.049,0.0,0.011109061466116935,0,1,0.0,0.0016615768292160015,0,1,,
5050,5.05,0.0,0.01056726614515747,0,1,0.0,0.0015805407710188584,0,1,,
5051,5.051,0.0,0.010051894493804019,0,1,0.0,0.0015034568880161836,0,1,,
5052,5.0520000000000005,0.0,0.009561657814483093,0,1,0.0,0.0014301324303492688,0,1,,
5053,5.053,0.0,0.009095330260143508,0,1,0.0,0.0013603840486809424,0,1,,
5054,5.054,0.0,0.008651745769000239,0,1,0.0,0.001294037335726724,0,1,,
5055,5.055,0.0,0.008229795148772584,0,1,0.0,0.001230926390145769,0,1,,
5056,5.056,0.0,0.007828423303125713,0,1,0.0,0.0011708934017011013,0,1,,
5057,5.057,0.0,0.007446626593380251,0,1,0.0,0.0011137882566518219,0,1,,
5058,5.058,0.0,0.007083450328892809,0,1,0.0,0.001059468162390566,0,1,,
5059,5.059,0.0,0.006737986379832099,0,1,0.0,0.0010077972903876071,0,1,,
5060,5.0600000000000005,0.0,0.006409370906381337,0,1,0.0,0.0009586464365487825,0,1,,
5061,5.061,0.0,0.006096782198688739,0,1,0.0,0.0009118926981379587,0,1,,
5062,5.062,0.0,0.005799438622164887,0,1,0.0,0.0008674191664561737,0,1,,
5063,5.063,0.0,0.00551659666298912,0,1,0.0,0.0008251146345089952,0,1,,
5064,5.064,0.0,0.0052475490689377,0,1,0.0,0.0007848733189311085,0,1,,
5065,5.065,0.0,0.004991623080884866,0,1,0.0,0.0007465945954728037,0,1,,
5066,5.066,0.0,0.004748178750554592,0,1,0.0,0.0007101827473869384,0,1,,
5067,5.067,0.0,0.004516607340316564,0,1,0.0,0.0006755467260872134,0,1,,
5068,5.0680000000000005,0.0,0.004296329801025026,0,1,0.0,0.0006425999234792815,0,1,,
5069,5.069,0.0,0.0040867953240943024,0,1,0.0,0.0006112599553953998,0,1,,
5070,5.07,0.0,0.0038874799641904325,0,1,0.0,0.0005814484555910983,0,1,,
5071,5.071,0.0,0.0036978853290949216,0,1,0.0,0.0005530908797887495,0,1,,
5072,5.072,0.0,0.0035175373334645956,0,1,0.0,0.0005261163192780457,0,1,,
5073,5.073,0.0,0.0033459850133713033,0,1,0.0,0.0005004573236072893,0,1,,
5074,5.074,0.0,0.003182799398657199,0,1,0.0,0.00047604973192212944,0,1,,
5075,5.075,0.0,0.003027572440285906,0,1,0.0,0.00045283251253000635,0,1,,
5076,5.0760000000000005,0.0,0.0028799159900073845,0,1,0.0,0.0004307476102891303,0,1,,
5077,5.077,0.0,0.0027394608297851286,0,1,0.0,0.00040973980144038726,0,1,,
5078,5.078,0.0,0.0026058557485587565,0,1,0.0,0.0003897565555191764,0,1,,
5079,5.079,0.0,0.002478766664033423,0,1,0.0,0.00037074790400188674,0,1,,
5080,5.08,0.0,0.0023578757873000677,0,1,0.0,0.0003526663153585607,0,1,,
5081,5.081,0.0,0.0022428808281976112,0,1,0.0,0.000335466576199311,0,1,,
5082,5.082,0.0,0.0021334942394300987,0,1,0.0,0.00031910567821729556,0,1,,
5083,5.083,0.0,0.0020294424975486813,0,1,0.0,0.00030354271064554807,0,1,,
5084,5.0840000000000005,0.0,0.0019304654190005239,0,1,0.0,0.00028873875795875145,0,1,,
5085,5.085,0.0,0.001836315509534398,0,1,0.0,0.0002746568025641541,0,1,,
5086,5.086,0.0,0.0017467573453361408,0,1,0.0,0.0002612616322383065,0,1,,
5087,5.087,0.0,0.0016615669843464923,0,1,0.0,0.0002485197520781615,0,1,,
5088,5.088,0.0,0.0015805314062893009,0,1,0.0,0.00023639930074636971,0,1,,
5089,5.089,0.0,0.0015034479800098758,0,1,0.0,0.00022486997080134048,0,1,,
5090,5.09,0.0,0.001430123956791555,0,1,0.0,0.00021390293291285146,0,1,,
5091,5.091,0.0,0.0013603759883835148,0,1,0.0,0.00020347076377370653,0,1,,
5092,5.0920000000000005,0.0,0.0012940296685346408,0,1,0.0,0.00019354737752718358,0,1,,
5093,5.093,0.0,0.0012309190968870561,0,1,0.0,0.00018410796053880526,0,1,,
5094,5.094,0.0,0.001170886464138813,0,1,0.0,0.0001751289093493279,0,1,,
5095,5.095,0.0,0.001113781657438439,0,1,0.0,0.00016658777165379888,0,1,,
5096,5.096,0.0,0.0010594618850246179,0,1,0.0,0.00015846319015909948,0,1,,
5097,5.097,0.0,0.0010077913191724088,0,1,0.0,0.0001507348491795874,0,1,,
5098,5.098,0.0,0.0009586407565531858,0,1,0.0,0.00014338342383730086,0,1,,
5099,5.099,0.0,0.000911887295159016,0,1,0.0,0.00013639053173969767,0,1,,
5100,5.1000000000000005,0.0,0.0008674140269836236,0,1,0.0,0.000129738687014099,0,1,4.540135366369164,4.546683862013579
5101,5.101,0.0,0.0008251097456914791,0,1,0.0,0.00012341125658389964,0,1,,
5102,5.102,0.0,0.0007848686685440362,0,1,0.0,0.00011739241857721281,0,1,,
5103,5.103,0.0,0.0007465901718877852,0,1,0.0,0.00011166712276394907,0,1,,
5104,5.104,0.0,0.0007101785395427071,0,1,0.0,0.00010622105292240185,0,1,,
5105,5.105,0.0,0.0006755427234619668,0,1,0.0,0.0001010405910412362,0,1,,
5106,5.106,0.0,0.0006425961160643716,0,1,0.0,9.611278326736711e-05,0,1,,
5107,5.107,0.0,0.0006112563336703062,0,1,0.0,9.142530751457947e-05,0,1,,
5108,5.1080000000000005,0.0,0.0005814450104996219,0,1,0.0,8.696644265189423e-05,0,1,,
5109,5.109,0.0,0.0005530876027163669,0,1,0.0,8.27250391946357e-05,0,1,,
5110,5.11,0.0,0.0005261132020303692,0,1,0.0,7.869049142491233e-05,0,1,,
5111,5.111,0.0,0.000500454358389576,0,1,0.0,7.485271087179773e-05,0,1,,
5112,5.112,0.0,0.0004760469113197905,0,1,0.0,7.12021010848985e-05,0,1,,
5113,5.113,0.0,0.0004528298294900668,0,1,0.0,6.772953363822966e-05,0,1,,
5114,5.114,0.0,0.0004307450581025927,0,1,0.0,6.442632530439495e-05,0,1,,
5115,5.115,0.0,0.0004097373737254559,0,1,0.0,6.12842163419954e-05,0,1,,
5116,5.1160000000000005,0.0,0.0003897542462052994,0,1,0.0,5.829534984197354e-05,0,1,,
5117,5.117,0.0,0.00037074570731457655,0,1,0.0,5.545225208124828e-05,0,1,,
5118,5.118,0.0,0.0003526642258049548,0,1,0.0,5.274781383451432e-05,0,1,,
5119,5.119,0.0,0.000335464588554437,0,1,0.0,5.0175272597475856e-05,0,1,,
5120,5.12,0.0,0.00031910378751100595,0,1,0.0,4.772819567706341e-05,0,1,,
5121,5.121,0.0,0.0003035409121500923,0,1,0.0,4.540046410635049e-05,0,1,,
5122,5.122,0.0,0.0002887370471769541,0,1,0.0,4.31862573439491e-05,0,1,,
5123,5.123,0.0,0.00027465517521816957,0,1,0.0,4.108003871962444e-05,0,1,,
5124,5.124,0.0,0.0002612600842589222,0,1,0.0,3.9076541589735403e-05,0,1,,
5125,5.125,0.0,0.0002485182795946226,0,1,0.0,3.717075616788222e-05,0,1,,
5126,5.126,0.0,0.0002363979000767004,0,1,0.0,3.535791699783097e-05,0,1,,
5127,5.127,0.0,0.00022486863844313704,0,1,0.0,3.363349103739076e-05,0,1,,
5128,5.128,0.0,0.0002139016655345244,0,1,0.0,3.199316632344714e-05,0,1,,
5129,5.1290000000000004,0.0,0.00020346955820614985,0,1,0.0,3.0432841189808245e-05,0,1,,
5130,5.13,0.0,0.00019354623075585047,0,1,0.0,2.894861401090292e-05,0,1,,
5131,5.131,0.0,0.00018410686969617005,0,1,0.0,2.753677344568449e-05,0,1,,
5132,5.132,0.0,0.00017512787170771577,0,1,0.0,2.6193789157345003e-05,0,1,,
5133,5.133,0.0,0.00016658678461856536,0,1,0.0,2.491630298563433e-05,0,1,,
5134,5.134,0.0,0.00015846225126214233,0,1,0.0,2.3701120549710367e-05,0,1,,
5135,5.135,0.0,0.0001507339560731752,0,1,0.0,2.254520326052304e-05,0,1,,
5136,5.136,0.0,0.00014338257428820236,0,1,0.0,2.144566072275895e-05,0,1,,
5137,5.1370000000000005,0.0,0.00013638972362359762,0,1,0.0,2.0399743507347563e-05,0,1,,
5138,5.138,0.0,0.0001297379183102862,0,1,0.0,1.9404836276456398e-05,0,1,,
5139,5.139,0.0,0.0001234105253702142,0,1,0.0,1.84584512437842e-05,0,1,,
5140,5.14,0.0,0.00011739172302523962,0,1,0.0,1.755822195379933e-05,0,1,,
5141,5.141,0.0,0.00011166646113444589,0,1,0.0,1.670189736436834e-05,0,1,,
5142,5.142,0.0,0.00010622042356095032,0,1,0.0,1.588733621797809e-05,0,1,,
5143,5.143,0.0,0.00010103999237410485,0,1,0.0,1.5112501687476649e-05,0,1,,
5144,5.144,0.0,9.61122137975763e-05,0,1,0.0,1.4375456282944483e-05,0,1,,
5145,5.1450000000000005,0.0,9.142476581815809e-05,0,1,0.0,1.3674357006960454e-05,0,1,,
5146,5.146,0.0,8.696592737431907e-05,0,1,0.0,1.30074507461483e-05,0,1,,
5147,5.147,0.0,8.272454904744442e-05,0,1,0.0,1.237306988748003e-05,0,1,,
5148,5.148,0.0,7.869002518248165e-05,0,1,0.0,1.1769628148374743e-05,0,1,,
5149,5.149,0.0,7.485226736827872e-05,0,1,0.0,1.119561661016591e-05,0,1,,
5150,5.15,0.0,7.120167921130134e-05,0,1,0.0,1.0649599945018753e-05,0,1,,
5151,5.151,0.0,6.772913233965062e-05,0,1,0.0,1.0130212826863024e-05,0,1,,
5152,5.152,0.0,6.442594357737855e-05,0,1,0.0,9.636156517366666e-06,0,1,,
5153,5.1530000000000005,0.0,6.128385323202528e-05,0,1,0.0,9.166195618413498e-06,0,1,,
5154,5.154,0.0,5.8295004441085625e-05,0,1,0.0,8.719154982964437e-06,0,1,,
5155,5.155,0.0,5.5451923525760445e-05,0,1,0.0,8.293916776577794e-06,0,1,,
5156,5.156,0.0,5.274750130286671e-05,0,1,0.0,7.889417682240913e-06,0,1,,
5157,5.157,0.0,5.0174975308176565e-05,0,1,0.0,7.50464624152378e-06,0,1,,
5158,5.158,0.0,4.772791288673433e-05,0,1,0.0,7.138640325406112e-06,0,1,,
5159,5.159,0.0,4.5400195107868507e-05,0,1,0.0,6.7904847284536456e-06,0,1,,
5160,5.16,0.0,4.318600146467789e-05,0,1,0.0,6.4593088803278485e-06,0,1,,
5161,5.1610000000000005,0.0,4.107979531973254e-05,0,1,0.0,6.14428466890661e-06,0,1,,
5162,5.162,0.0,3.907631006059631e-05,0,1,0.0,1.0000058446243696,0,1,,
5163,5.163,0.0,3.7170535930552485e-05,0,1,0.0,0.9512349840793896,0,1,,
5164,5.164,0.0,3.535770750160255e-05,0,1,0.0,0.9048427064707836,0,1,,
5165,5.165,0.0,3.363329175841397e-05,0,1,0.0,0.860713006939872,0,1,,
5166,5.166,0.0,3.199297676342073e-05,0,1,0.0,0.8187355382516934,0,1,,
5167,5.167,0.0,3.0432660874733416e-05,0,1,0.0,0.7788053348694407,0,1,,
5168,5.168,0.0,2.8948442489898063e-05,0,1,0.0,0.7408225504859439,0,1,,
5169,5.1690000000000005,0.0,2.753661028985775e-05,0,1,0.0,0.7046922083558956,0,1,,
5170,5.17,0.0,2.619363395872183e-05,0,1,0.0,0.6703239638045159,0,1,,
5171,5.171,0.0,2.4916155356137328e-05,0,1,0.0,0.6376318783188071,0,1,,
5172,5.172,0.0,2.3700980120188894e-05,0,1,0.0,0.6065342046565082,0,1,,
5173,5.173,0.0,2.2545069679830145e-05,0,1,0.0,0.5769531824354086,0,1,,
5174,5.174,0.0,2.1445533656873326e-05,0,1,0.0,0.5488148436918892,0,1,,
5175,5.175,0.0,2.0399622638538305e-05,0,1,0.0,0.5220488279224851,0,1,,
5176,5.176,0.0,1.9404721302488528e-05,0,1,0.0,0.49658820614597776,0,1,,
5177,5.1770000000000005,0.0,1.845834187716291e-05,0,1,0.0,0.47236931354608036,0,1,,
5178,5.178,0.0,1.7558117921051105e-05,0,1,0.0,0.44933159027623537,0,1,,
5179,5.179,0.0,1.6701798405357115e-05,0,1,0.0,0.427417430028454,0,1,,
5180,5.18,0.0,1.5887242085254792e-05,0,1,0.0,0.4065720359875405,0,1,,
5181,5.181,0.0,1.511241214566044e-05,0,1,0.0,0.3867432838105117,0,1,,
5182,5.182,0.0,1.4375371108134181e-05,0,1,0.0,0.3678815912885894,0,1,,
5183,5.183,0.0,1.3674275986174669e-05,0,1,0.0,0.34993979436585176,0,1,,
5184,5.184,0.0,1.3007373676792863e-05,0,1,0.0,0.3328730292045274,0,1,,
5185,5.1850000000000005,0.0,1.2372996576841411e-05,0,1,0.0,0.31663862000203197,0,1,,
5186,5.186,0.0,1.176955841313816e-05,0,1,0.0,0.3011959722792331,0,1,,
5187,5.187,0.0,1.119555027595695e-05,0,1,0.0,0.2865064713731079,0,1,,
5188,5.188,0.0,1.064953684596734e-05,0,1,0.0,0.2725333858799717,0,1,,
5189,5.189,0.0,1.0130152805188661e-05,0,1,0.0,0.2592417758078365,0,1,,
5190,5.19,0.0,9.636099422983903e-06,0,1,0.0,0.24659840520823145,0,1,,
5191,5.191,0.0,9.166141308556641e-06,0,1,0.0,0.2345716590690199,0,1,,
5192,5.192,0.0,8.719103321830555e-06,0,1,0.0,0.22313146426040148,0,1,,
5193,5.1930000000000005,0.0,8.293867634987143e-06,0,1,0.0,0.21224921433642333,0,1,,
5194,5.194,0.0,7.889370937313917e-06,0,1,0.0,0.20189769800396465,0,1,,
5195,5.195,0.0,7.504601776373776e-06,0,1,0.0,0.19205103108033025,0,1,,
5196,5.196,0.0,7.138598028847063e-06,0,1,0.0,0.1826845917693113,0,1,,
5197,5.197,0.0,6.790444494722124e-06,0,1,0.0,0.17377495909386986,0,1,,
5198,5.198,0.0,6.459270608818568e-06,0,1,0.0,0.16529985433149694,0,1,,
5199,5.199,0.0,6.144248263920863e-06,0,1,0.0,0.1572380853058017,0,1,,
5200,5.2,0.0,5.844589740078953e-06,0,1,0.0,0.14956949339503192,0,1,4.538735213952443,4.547298139815385
5201,5.2010000000000005,0.0,5.55954573489808e-06,0,1,0.0,0.14227490312501956,0,1,,
5202,5.202,0.0,5.2884034898925e-06,0,1,0.0,0.1353360742205072,0,1,,
5203,5.203,0.0,5.03048500821801e-06,0,1,0.0,0.12873565599495898,0,1,,
5204,5.204,0.0,4.785145359326688e-06,0,1,0.0,0.12245714396480673,0,1,,
5205,5.205,0.0,4.551771066304588e-06,0,1,0.0,0.11648483857964419,0,1,,
5206,5.206,0.0,4.3297785718599145e-06,0,1,0.0,0.11080380596517352,0,1,,
5207,5.207,0.0,4.11861277912583e-06,0,1,0.0,0.10539984058074078,0,1,,
5208,5.208,0.0,3.91774566362915e-06,0,1,0.0,0.10025942969808506,0,1,,
5209,5.2090000000000005,0.0,3.726674952954124e-06,0,1,0.0,0.09536971961247924,0,1,,
5210,5.21,0.0,3.544922870799777e-06,0,1,0.0,0.09071848350177308,0,1,,
5211,5.211,0.0,3.372034942290291e-06,0,1,0.0,0.08629409085296913,0,1,,
5212,5.212,0.0,3.2075788575510918e-06,0,1,0.0,0.08208547837988216,0,1,,
5213,5.213,0.0,3.0511433907089826e-06,0,1,0.0,0.07808212235916111,0,1,,
5214,5.214,0.0,2.9023373716132627e-06,0,1,0.0,0.07427401231549915,0,1,,
5215,5.215,0.0,1.0000027607887076,0,1,0.0,0.07065162599023121,0,1,,
5216,5.216,0.0,0.9512320506441676,0,1,0.0,0.06720590553072732,0,1,,
5217,5.2170000000000005,0.0,0.9048399161008855,0,1,0.0,0.0639282348410431,0,1,,
5218,5.218,0.0,0.8607103526579197,0,1,0.0,0.06081041803719192,0,1,,
5219,5.219,0.0,0.8187330134205996,0,1,0.0,0.05784465895316591,0,1,,
5220,5.22,0.0,0.7788029331758123,0,1,0.0,0.05502354164646008,0,1,,
5221,5.221,0.0,0.740820265924296,0,1,0.0,0.052340011854353295,0,1,,
5222,5.222,0.0,0.7046900352136339,0,1,0.0,0.04978735935457704,0,1,,
5223,5.223,0.0,0.6703218966476528,0,1,0.0,0.047359201186264556,0,1,,
5224,5.224,0.0,0.6376299119783739,0,1,0.0,0.045049465689223966,0,1,,
5225,5.2250000000000005,0.0,0.6065323342156296,0,1,0.0,0.042852377321625175,0,1,,
5226,5.226,0.0,0.5769514032170081,0,1,0.0,0.04076244221813696,0,1,,
5227,5.227,0.0,0.548813151246994,0,1,0.0,0.03877443445240203,0,1,,
5228,5.228,0.0,0.5220472180191015,0,1,0.0,0.03688338296949904,0,1,,
5229,5.229,0.0,0.4965866747585087,0,1,0.0,0.03508455915571601,0,1,,
5230,5.23,0.0,0.4723678568452595,0,1,0.0,0.033373465014552996,0,1,,
5231,5.231,0.0,0.44933020461955187,0,1,0.0,0.03174582191938796,0,1,,
5232,5.232,0.0,0.4274161119510444,0,1,0.0,0.030197559914681562,0,1,,
5233,5.2330000000000005,0.0,0.4065707821935247,0,1,0.0,0.02872480753896837,0,1,,
5234,5.234,0.0,0.38674209116475167,0,1,0.0,0.027323882144186656,0,1,,
5235,5.235,0.0,0.3678804568088494,0,1,0.0,0.02599128068714001,0,1,,
5236,5.236,0.0,0.3499387152153416,0,1,0.0,0.024723670970064716,0,1,,
5237,5.237,0.0,0.33287200268480865,0,1,0.0,0.02351788330839967,0,1,,
5238,5.238,0.0,0.31663764354627066,0,1,0.0,0.022370902604923967,0,1,,
5239,5.239,0.0,0.30119504344578124,0,1,0.0,0.02127986081044335,0,1,,
5240,5.24,0.0,0.28650558783939806,0,1,0.0,0.020242029752173325,0,1,,
5241,5.2410000000000005,0.0,0.2725325454367094,0,1,0.0,0.01925481431188616,0,1,,
5242,5.242,0.0,0.25924097635347576,0,1,0.0,0.018315745936763585,0,1,,
5243,5.243,0.0,0.24659764474371995,0,1,0.0,0.017422476466728915,0,1,,
5244,5.244,0.0,0.23457093569280024,0,1,0.0,0.01657277226282378,0,1,,
5245,5.245,0.0,0.22313077616365637,0,1,0.0,0.01576450862194726,0,1,,
5246,5.246,0.0,0.21224855979855248,0,1,0.0,0.014995664463991438,0,1,,
5247,5.247,0.0,0.20189707538828247,0,1,0.0,0.014264317278088384,0,1,,
5248,5.248,0.0,0.19205043882997322,0,1,0.0,0.013568638315331605,0,1,,
5249,5.249,0.0,0.182684028403345,0,1,0.0,0.012906888015951221,0,1,,
5250,5.25,0.0,0.17377442320358596,0,1,0.0,0.012277411659508443,0,1,,
5251,5.251,0.0,0.1652993445768906,0,1,0.0,0.011678635227232573,0,1,,
5252,5.252,0.0,0.15723760041222087,0,1,0.0,0.011109061466154205,0,1,,
5253,5.253,0.0,0.1495690321499901,0,1,0.0,0.010567266145192922,0,1,,
5254,5.2540000000000004,0.0,0.14227446437516386,0,1,0.0,0.010051894493837742,0,1,,
5255,5.255,0.0,0.13533565686873447,0,1,0.0,0.009561657814515172,0,1,,
5256,5.256,0.0,0.1287352589976724,0,1,0.0,0.009095330260174022,0,1,,
5257,5.257,0.0,0.12245676632930629,0,1,0.0,0.008651745769029264,0,1,,
5258,5.258,0.0,0.11648447936164442,0,1,0.0,0.008229795148800194,0,1,,
5259,5.259,0.0,0.11080346426644233,0,1,0.0,0.007828423303151977,0,1,,
5260,5.26,0.0,0.10539951554685337,0,1,0.0,0.007446626593405233,0,1,,
5261,5.261,0.0,0.1002591205162874,0,1,0.0,0.007083450328916573,0,1,,
5262,5.2620000000000005,0.0,0.09536942550965578,0,1,0.0,0.006737986379854705,0,1,,
5263,5.263,0.0,0.09071820374251359,0,1,0.0,0.00640937090640284,0,1,,
5264,5.264,0.0,0.08629382473772972,0,1,0.0,0.0060967821987091934,0,1,,
5265,5.265,0.0,0.08208522524323611,0,1,0.0,0.005799438622184344,0,1,,
5266,5.266,0.0,0.07808188156813496,0,1,0.0,0.005516596663007627,0,1,,
5267,5.267,0.0,0.07427378326798993,0,1,0.0,0.005247549068955304,0,1,,
5268,5.268,0.0,0.07065140811350082,0,1,0.0,0.0049916230809016115,0,1,,
5269,5.269,0.0,0.06720569827997046,0,1,0.0,0.004748178750570521,0,1,,
5270,5.2700000000000005,0.0,0.06392803769802492,0,1,0.0,0.0045166073403317165,0,1,,
5271,5.271,0.0,0.0608102305089522,0,1,0.0,0.004296329801039439,0,1,,
5272,5.272,0.0,0.05784448057078636,0,1,0.0,0.004086795324108013,0,1,,
5273,5.273,0.0,0.05502337196389184,0,1,0.0,0.003887479964203474,0,1,,
5274,5.274,0.0,0.05233985044730156,0,1,0.0,0.003697885329107327,0,1,,
5275,5.275,0.0,0.0497872058194401,0,1,0.0,0.003517537333476396,0,1,,
5276,5.276,0.0,0.047359055139124605,0,1,0.0,0.0033459850133825283,0,1,,
5277,5.277,0.0,0.04504932676488708,0,1,0.0,0.003182799398667876,0,1,,
5278,5.2780000000000005,0.0,0.04285224517270815,0,1,0.0,0.0030275724402960623,0,1,,
5279,5.279,0.0,0.040762316514198677,0,1,0.0,0.0028799159900170456,0,1,,
5280,5.28,0.0,0.03877431487911716,0,1,0.0,0.0027394608297943183,0,1,,
5281,5.281,0.0,0.036883269227872086,0,1,0.0,0.0026058557485674977,0,1,,
5282,5.282,0.0,0.03508445096133366,0,1,0.0,0.002478766664041738,0,1,,
5283,5.283,0.0,0.033373362096872944,0,1,0.0,0.0023578757873079772,0,1,,
5284,5.284,0.0,0.03174572402106239,0,1,0.0,0.002242880828205135,0,1,,
5285,5.285,0.0,0.03019746679091367,0,1,0.0,0.0021334942394372557,0,1,,
5286,5.2860000000000005,0.0,0.028724718956900232,0,1,0.0,0.0020294424975554892,0,1,,
5287,5.287,0.0,0.02732379788231696,0,1,0.0,0.0019304654190069998,0,1,,
5288,5.288,0.0,0.02599120053477019,0,1,0.0,0.0018363155095405582,0,1,,
5289,5.289,0.0,0.0247235947267721,0,1,0.0,0.0017467573453420007,0,1,,
5290,5.29,0.0,0.023517810783536312,0,1,0.0,0.0016615669843520664,0,1,,
5291,5.291,0.0,0.022370833617139933,0,1,0.0,0.001580531406294603,0,1,,
5292,5.292,0.0,0.021279795187233243,0,1,0.0,0.0015034479800149195,0,1,,
5293,5.293,0.0,0.020241967329444943,0,1,0.0,0.0014301239567963528,0,1,,
5294,5.2940000000000005,0.0,0.019254754933550167,0,1,0.0,0.0013603759883880787,0,1,,
5295,5.295,0.0,0.01831568945434321,0,1,0.0,0.0012940296685389821,0,1,,
5296,5.296,0.0,0.017422422738988686,0,1,0.0,0.0012309190968911856,0,1,,
5297,5.297,0.0,0.016572721155416362,0,1,0.0,0.001170886464142741,0,1,,
5298,5.298,0.0,0.015764460007077513,0,1,0.0,0.0011137816574421755,0,1,,
5299,5.299,0.0,0.014995618220096865,0,1,0.0,0.0010594618850281719,0,1,,
5300,5.3,0.0,0.014264273289535162,0,1,0.0,0.0010077913191757896,0,1,4.536122709840855,4.543766127212255
5301,5.301,0.0,0.01356859647212544,0,1,0.0,0.0009586407565564017,0,1,,
5302,5.3020000000000005,0.0,0.0129068482134623,0,1,0.0,0.0009118872951620751,0,1,,
5303,5.303,0.0,0.012277373798209812,0,1,0.0,0.0008674140269865335,0,1,,
5304,5.304,0.0,0.011678599212451264,0,1,0.0,0.0008251097456942471,0,1,,
5305,5.305,0.0,0.011109027207834509,0,1,0.0,0.0007848686685466692,0,1,,
5306,5.306,0.0,0.010567233557671194,0,1,0.0,0.0007465901718902898,0,1,,
5307,5.307,0.0,0.010051863495628203,0,1,0.0,0.0007101785395450895,0,1,,
5308,5.308,0.0,0.00956162832810615,0,1,0.0,0.0006755427234642331,0,1,,
5309,5.309,0.0,0.009095302211834138,0,1,0.0,0.0006425961160665274,0,1,,
5310,5.3100000000000005,0.0,0.008651719088623059,0,1,0.0,0.0006112563336723569,0,1,,
5311,5.311,0.0,0.008229769769612755,0,1,0.0,0.0005814450105015725,0,1,,
5312,5.312,0.0,0.007828399161722115,0,1,0.0,0.0005530876027182224,0,1,,
5313,5.313,0.0,0.0074466036293667996,0,1,0.0,0.0005261132020321342,0,1,,
5314,5.314,0.0,0.007083428484847509,0,1,0.0,0.0005004543583912549,0,1,,
5315,5.315,0.0,0.00673796560113346,0,1,0.0,0.00047604691132138754,0,1,,
5316,5.316,0.0,0.0064093511410717886,0,1,0.0,0.0004528298294915859,0,1,,
5317,5.317,0.0,0.0060967633973447125,0,1,0.0,0.0004307450581040377,0,1,,
5318,5.3180000000000005,0.0,0.005799420737773229,0,1,0.0,0.00040973737372683043,0,1,,
5319,5.319,0.0,0.005516579650829535,0,1,0.0,0.0003897542462066069,0,1,,
5320,5.32,0.0,0.005247532886470929,0,1,0.0,0.00037074570731582024,0,1,,
5321,5.321,0.0,0.004991607687646313,0,1,0.0,0.0003526642258061378,0,1,,
5322,5.322,0.0,0.004748164108053142,0,1,0.0,0.00033546458855556236,0,1,,
5323,5.323,0.0,0.004516593411938336,0,1,0.0,0.0003191037875120764,0,1,,
5324,5.324,0.0,0.00429631655194182,0,1,0.0,0.00030354091215111054,0,1,,
5325,5.325,0.0,0.00408678272117651,0,1,0.0,0.00028873704717792266,0,1,,
5326,5.3260000000000005,0.0,0.0038874679759241934,0,1,0.0,0.00027465517521909087,0,1,,
5327,5.327,0.0,0.003697873925503326,0,1,0.0,0.0002612600842597986,0,1,,
5328,5.328,0.0,0.003517526486032725,0,1,0.0,0.00024851827959545625,0,1,,
5329,5.329,0.0,0.0033459746949749277,0,1,0.0,0.0002363979000774934,0,1,,
5330,5.33,0.0,0.0031827895834949525,0,1,0.0,0.00022486863844389134,0,1,,
5331,5.331,0.0,0.003027563103814771,0,1,0.0,0.0002139016655352419,0,1,,
5332,5.332,0.0,0.0028799071088813203,0,1,0.0,0.00020346955820683236,0,1,,
5333,5.333,0.0,0.0027394523817966935,0,1,0.0,0.0001935462307564997,0,1,,
5334,5.3340000000000005,0.0,0.002605847712583579,0,1,0.0,0.00018410686969678758,0,1,,
5335,5.335,0.0,0.00247875901997738,0,1,0.0,0.0001751278717083032,0,1,,
5336,5.336,0.0,0.002357868516049037,0,1,0.0,0.00016658678461912413,0,1,,
5337,5.337,0.0,0.002242873911569678,0,1,0.0,0.00015846225126267384,0,1,,
5338,5.338,0.0,0.0021334876601300902,0,1,0.0,0.00015073395607368076,0,1,,
5339,5.339,0.0,0.0020294362391249207,0,1,0.0,0.00014338257428868326,0,1,,
5340,5.34,0.0,0.0019304594658036919,0,1,0.0,0.00013638972362405504,0,1,,
5341,5.341,0.0,0.0018363098466784016,0,1,0.0,0.00012973791831072132,0,1,,
5342,5.3420000000000005,0.0,0.0017467519586608904,0,1,0.0,0.0001234105253706281,0,1,,
5343,5.343,0.0,0.0016615618603824938,0,1,0.0,0.00011739172302563333,0,1,,
5344,5.344,0.0,0.0015805265322239752,0,1,0.0,0.00011166646113482042,0,1,,
5345,5.345,0.0,0.0015034433436555213,0,1,0.0,0.00010622042356130658,0,1,,
5346,5.346,0.0,0.0014301195465548707,0,1,0.0,0.00010103999237444373,0,1,,
5347,5.347,0.0,0.0013603717932366118,0,1,0.0,9.611221379789865e-05,0,1,,
5348,5.348,0.0,0.0012940256779874666,0,1,0.0,9.142476581846471e-05,0,1,,
5349,5.349,0.0,0.0012309153009611642,0,1,0.0,8.696592737461074e-05,0,1,,
5350,5.3500000000000005,0.0,0.0011708828533424113,0,1,0.0,8.272454904772187e-05,0,1,,
5351,5.351,0.0,0.0011137782227426559,0,1,0.0,7.869002518274556e-05,0,1,,
5352,5.352,0.0,0.0010594586178409246,0,1,0.0,7.485226736852975e-05,0,1,,
5353,5.353,0.0,0.0010077882113311446,0,1,0.0,7.120167921154013e-05,0,1,,
5354,5.354,0.0,0.0009586378002831286,0,1,0.0,6.772913233987777e-05,0,1,,
5355,5.355,0.0,0.0009118844830679508,0,1,0.0,6.442594357759463e-05,0,1,,
5356,5.356,0.0,0.000867411352039858,0,1,0.0,6.128385323223082e-05,0,1,,
5357,5.357,0.0,0.0008251072012062604,0,1,0.0,5.829500444128114e-05,0,1,,
5358,5.3580000000000005,0.0,0.0007848662481548258,0,1,0.0,5.5451923525946426e-05,0,1,,
5359,5.359,0.0,0.0007465878695423496,0,1,0.0,5.274750130304362e-05,0,1,,
5360,5.36,0.0,0.0007101763494839834,0,1,0.0,5.0174975308344846e-05,0,1,,
5361,5.361,0.0,0.0006755406402136674,0,1,0.0,4.7727912886894406e-05,0,1,,
5362,5.362,0.0,0.0006425941344172908,0,1,0.0,4.5400195108020776e-05,0,1,,
5363,5.363,0.0,0.000611254448669294,0,1,0.0,4.318600146482273e-05,0,1,,
5364,5.364,0.0,0.0005814432174311938,0,1,0.0,4.107979531987032e-05,0,1,,
5365,5.365,0.0,0.0005530858970969179,0,1,0.0,3.9076310060727375e-05,0,1,,
5366,5.3660000000000005,0.0,0.0005261115795949624,0,1,0.0,3.717053593067716e-05,0,1,,
5367,5.367,0.0,0.0005004528150812777,0,1,0.0,3.535770750172115e-05,0,1,,
5368,5.368,0.0,0.00047604544327952607,0,1,0.0,3.363329175852679e-05,0,1,,
5369,5.369,0.0,0.0004528284330469709,0,1,0.0,3.1992976763528046e-05,0,1,,
5370,5.37,0.0,0.00043074372976483025,0,1,0.0,3.04326608748355e-05,0,1,,
5371,5.371,0.0,0.00040973611017149054,0,1,0.0,2.894844248999517e-05,0,1,,
5372,5.372,0.0,0.0003897530442755881,0,1,0.0,2.7536610289950122e-05,0,1,,
5373,5.373,0.0,0.00037074456400366896,0,1,0.0,2.6193633958809695e-05,0,1,,
5374,5.3740000000000006,0.0,0.00035266313825397817,0,1,0.0,2.4916155356220906e-05,0,1,,
5375,5.375,0.0,0.00033546355404394737,0,1,0.0,2.3700980120268396e-05,0,1,,
5376,5.376,0.0,0.00031910280345418825,0,1,0.0,2.254506967990577e-05,0,1,,
5377,5.377,0.0,0.00030353997608629195,0,1,0.0,2.1445533656945263e-05,0,1,,
5378,5.378,0.0,0.000288736156765524,0,1,0.0,2.0399622638606735e-05,0,1,,
5379,5.3790000000000004,0.0,0.00027465432823261735,0,1,0.0,1.940472130255362e-05,0,1,,
5380,5.38,0.0,0.0002612592785813428,0,1,0.0,1.8458341877224828e-05,0,1,,
5381,5.381,0.0,0.0002485175132104024,0,1,0.0,1.7558117921110004e-05,0,1,,
5382,5.382,0.0,0.0002363971710694797,0,1,0.0,1.670179840541314e-05,0,1,,
5383,5.383,0.0,0.000224867944990018,0,1,0.0,1.5887242085308084e-05,0,1,,
5384,5.384,0.0,0.00021390100590151304,0,1,0.0,1.5112412145711133e-05,0,1,,
5385,5.385,0.0,0.0002034689307438201,0,1,0.0,1.4375371108182401e-05,0,1,,
5386,5.386,0.0,0.00019354563389521962,0,1,0.0,1.3674275986220537e-05,0,1,,
5387,5.3870000000000005,0.0,0.00018410630194477565,0,1,0.0,1.3007373676836496e-05,0,1,,
5388,5.388,0.0,0.00017512733164588363,0,1,0.0,1.2372996576882916e-05,0,1,,
5389,5.389,0.0,0.00016658627089585957,0,1,0.0,1.176955841317764e-05,0,1,,
5390,5.39,0.0,0.00015846176259398854,0,1,0.0,1.1195550275994503e-05,0,1,,
5391,5.391,0.0,0.0001507334912376485,0,1,0.0,1.064953684600306e-05,0,1,,
5392,5.392,0.0,0.0001433821321229718,0,1,0.0,1.013015280522264e-05,0,1,,
5393,5.393,0.0,0.00013638930302301981,0,1,0.0,9.636099423016226e-06,0,1,,
5394,5.394,0.0,0.00012973751822264063,0,1,0.0,9.166141308587387e-06,0,1,,
5395,5.3950000000000005,0.0,0.00012341014479507335,0,1,0.0,8.719103321859802e-06,0,1,,
5396,5.396,0.0,0.0001173913610109674,0,1,0.0,8.293867635014963e-06,0,1,,
5397,5.397,0.0,0.00011166611677581808,0,1,0.0,7.88937093734038e-06,0,1,,
5398,5.398,0.0,0.00010622009599689096,0,1,0.0,7.504601776398949e-06,0,1,,
5399,5.399,0.0,0.00010103968078553319,0,1,0.0,7.138598028871008e-06,0,1,,
5400,5.4,0.0,9.611191740535859e-05,0,1,0.0,6.7904444947449e-06,0,1,4.553690618271886,4.5423934851475405
5401,5.401,0.0,9.142448388115941e-05,0,1,0.0,6.459270608840233e-06,0,1,,
5402,5.402,0.0,8.696565918755006e-05,0,1,0.0,6.144248263941472e-06,0,1,,
5403,5.4030000000000005,0.0,8.272429394029848e-05,0,1,0.0,5.844589740098558e-06,0,1,,
5404,5.404,0.0,7.868978251705803e-05,0,1,0.0,5.5595457349167285e-06,0,1,,
5405,5.405,0.0,7.485203653778747e-05,0,1,0.0,5.288403489910239e-06,0,1,,
5406,5.406,0.0,7.120145963854599e-05,0,1,0.0,5.030485008234884e-06,0,1,,
5407,5.407,0.0,6.772892347558491e-05,0,1,0.0,4.785145359342738e-06,0,1,,
5408,5.408,0.0,6.442574489973354e-05,0,1,0.0,4.551771066319856e-06,0,1,,
5409,5.409,0.0,6.128366424400335e-05,0,1,0.0,4.329778571874438e-06,0,1,,
5410,5.41,0.0,5.8294824670118294e-05,0,1,0.0,4.118612779139645e-06,0,1,,
5411,5.4110000000000005,0.0,5.5451752522326653e-05,0,1,0.0,3.917745663642291e-06,0,1,,
5412,5.412,0.0,5.27473386393688e-05,0,1,0.0,3.726674952966624e-06,0,1,,
5413,5.413,0.0,5.017482057787106e-05,0,1,0.0,3.544922870811667e-06,0,1,,
5414,5.414,0.0,4.772776570271487e-05,0,1,0.0,3.372034942301601e-06,0,1,,
5415,5.415,0.0,4.540005510209838e-05,0,1,0.0,3.2075788575618504e-06,0,1,,
5416,5.416,0.0,4.318586828706975e-05,0,1,0.0,3.0511433907192165e-06,0,1,,
5417,5.417,0.0,4.1079668637272995e-05,0,1,0.0,2.9023373716229977e-06,0,1,,
5418,5.418,0.0,3.907618955651322e-05,0,1,0.0,2.760788707715859e-06,0,1,,
5419,5.4190000000000005,0.0,3.717042130352288e-05,0,1,0.0,2.6261434536086263e-06,0,1,,
5420,5.42,0.0,3.535759846499915e-05,0,1,0.0,1.000002498064926,0,1,,
5421,5.421,0.0,3.363318803958847e-05,0,1,0.0,0.9512318007335759,0,1,,
5422,5.422,0.0,3.199287810302204e-05,0,1,0.0,0.9048396783785773,0,1,,
5423,5.423,0.0,3.043256702605915e-05,0,1,0.0,0.8607101265294652,0,1,,
5424,5.424,0.0,2.894835321827765e-05,0,1,0.0,0.8187327983205599,0,1,,
5425,5.425,0.0,2.753652537206564e-05,0,1,0.0,0.7788027285663254,0,1,,
5426,5.426,0.0,2.619355318241931e-05,0,1,0.0,0.7408200712937315,0,1,,
5427,5.4270000000000005,0.0,2.4916078519341565e-05,0,1,0.0,0.7046898500753142,0,1,,
5428,5.428,0.0,2.370090703076788e-05,0,1,0.0,0.6703217205386355,0,1,,
5429,5.429,0.0,2.2545000155022257e-05,0,1,0.0,0.6376297444582947,0,1,,
5430,5.43,0.0,2.144546752283033e-05,0,1,0.0,0.606532174865601,0,1,,
5431,5.431,0.0,2.0399559729890647e-05,0,1,0.0,0.5769512516385721,0,1,,
5432,5.432,0.0,1.940466146193182e-05,0,1,0.0,0.5488130070611256,0,1,,
5433,5.433,0.0,1.845828495506459e-05,0,1,0.0,0.5220470808652607,0,1,,
5434,5.434,0.0,1.7558063775076278e-05,0,1,0.0,0.4965865442937397,0,1,,
5435,5.4350000000000005,0.0,1.6701746900112642e-05,0,1,0.0,0.4723677327433324,0,1,,
5436,5.436,0.0,1.5887193091950732e-05,0,1,0.0,0.44933008657014717,0,1,,
5437,5.437,0.0,1.5112365541788015e-05,0,1,0.0,0.4274159996589771,0,1,,
5438,5.438,0.0,1.4375326777159435e-05,0,1,0.0,0.4065706753780062,0,1,,
5439,5.439,0.0,1.3674233817247073e-05,0,1,0.0,0.38674198955868744,0,1,,
5440,5.44,0.0,1.3007333564468135e-05,0,1,0.0,0.3678803601581714,0,1,,
5441,5.441,0.0,1.2372958420817845e-05,0,1,0.0,0.3499386232783728,0,1,,
5442,5.442,0.0,1.1769522118005823e-05,0,1,0.0,0.3328719152316587,0,1,,
5443,5.4430000000000005,0.0,1.1195515750959103e-05,0,1,0.0,0.3166375603582612,0,1,,
5444,5.444,0.0,1.0649504004773506e-05,0,1,0.0,0.3011949643148989,0,1,,
5445,5.445,0.0,1.0130121565678752e-05,0,1,0.0,0.28650551256777435,0,1,,
5446,5.446,0.0,9.636069707042871e-06,0,1,0.0,0.27253247383612605,0,1,,
5447,5.447,0.0,9.166113041879155e-06,0,1,0.0,0.2592409082448941,0,1,,
5448,5.448,0.0,8.719076433735198e-06,0,1,0.0,0.246597579956833,0,1,,
5449,5.449,0.0,8.29384205823967e-06,0,1,0.0,0.2345708740656071,0,1,,
5450,5.45,0.0,7.889346607959138e-06,0,1,0.0,0.2231307175420569,0,1,,
5451,5.4510000000000005,0.0,7.504578633575631e-06,0,1,0.0,0.21224850403596215,0,1,,
5452,5.452,0.0,7.138576014736502e-06,0,1,0.0,0.20189702234526577,0,1,,
5453,5.453,0.0,6.790423554252404e-06,0,1,0.0,0.19205038837389496,0,1,,
5454,5.454,0.0,6.459250689627607e-06,0,1,0.0,0.1826839804080387,0,1,,
5455,5.455,0.0,6.1442293162003085e-06,0,1,0.0,0.17377437754903838,0,1,,
5456,5.456,0.0,5.844571716449635e-06,0,1,0.0,0.16529930114894156,0,1,,
5457,5.457,0.0,5.5595285902915365e-06,0,1,0.0,0.1572375591022779,0,1,,
5458,5.458,0.0,5.2883871814382845e-06,0,1,0.0,0.14956899285475683,0,1,,
5459,5.4590000000000005,0.0,5.030469495136492e-06,0,1,0.0,0.14227442699638174,0,1,,
5460,5.46,0.0,4.785130602827083e-06,0,1,0.0,0.13533562131293705,0,1,,
5461,5.461,0.0,4.5517570294879605e-06,0,1,0.0,0.12873522517595168,0,1,,
5462,5.462,0.0,4.3297652196269126e-06,0,1,0.0,0.12245673415709035,0,1,,
5463,5.463,0.0,4.118600078088916e-06,0,1,0.0,0.11648444875848599,0,1,,
5464,5.464,0.0,3.917733582029115e-06,0,1,0.0,0.11080343515581753,0,1,,
5465,5.465,0.0,3.7266634605806757e-06,0,1,0.0,0.10539948785597049,0,1,,
5466,5.466,0.0,3.5449119389159954e-06,0,1,0.0,0.1002590941759048,0,1,,
5467,5.4670000000000005,0.0,3.3720245435607725e-06,0,1,0.0,0.0953694004539088,0,1,,
5468,5.468,0.0,3.2075689659735966e-06,0,1,0.0,0.09071817990874981,0,1,,
5469,5.469,0.0,3.0511339815494146e-06,0,1,0.0,0.08629380206635232,0,1,,
5470,5.47,0.0,2.902328421343822e-06,0,1,0.0,0.08208520367755484,0,1,,
5471,5.471,0.0,2.7607801939469497e-06,0,1,0.0,0.07808186105422439,0,1,,
5472,5.472,0.0,2.6261353550611267e-06,0,1,0.0,0.07427376375455458,0,1,,
5473,5.473,0.0,2.498057222455774e-06,0,1,0.0,0.07065138955174695,0,1,,
5474,5.474,0.0,2.376225534086458e-06,0,1,0.0,0.067205680623484,0,1,,
5475,5.4750000000000005,0.0,2.260335647272963e-06,0,1,0.0,0.06392802090265548,0,1,,
5476,5.476,0.0,2.1500977769339097e-06,0,1,0.0,0.06081021453270259,0,1,,
5477,5.477,0.0,2.0452362709731074e-06,0,1,0.0,0.05784446537370764,0,1,,
5478,5.478,0.0,1.9454889210057355e-06,0,1,0.0,0.05502335750798339,0,1,,
5479,5.479,0.0,1.8506063067008009e-06,0,1,0.0,0.052339836696416085,0,1,,
5480,5.48,0.0,1.7603511721003946e-06,0,1,0.0,0.04978719273919323,0,1,,
5481,5.481,0.0,1.6744978323562157e-06,0,1,0.0,0.0473590426968089,0,1,,
5482,5.482,0.0,1.5928316093998961e-06,0,1,0.0,0.04504931492939027,0,1,,
5483,5.4830000000000005,0.0,1.5151482951360092e-06,0,1,0.0,0.042852233914435336,0,1,,
5484,5.484,0.0,1.441253640815464e-06,0,1,0.0,0.0407623058049983,0,1,,
5485,5.485,0.0,1.3709628713124526e-06,0,1,0.0,0.03877430469221065,0,1,,
5486,5.486,0.0,1.3041002230903907e-06,0,1,0.0,0.03688325953778687,0,1,,
5487,5.487,0.0,1.240498504701525e-06,0,1,0.0,0.03508444174383948,0,1,,
5488,5.488,0.0,1.179998678721228e-06,0,1,0.0,0.03337335332892125,0,1,,
5489,5.489,0.0,1.1224494640715966e-06,0,1,0.0,0.03174571568072875,0,1,,
5490,5.49,0.0,1.0677069577399598e-06,0,1,0.0,0.030197458857342905,0,1,,
5491,5.4910000000000005,0.0,1.000001015634275,0,1,0.0,0.028724711410254282,0,1,,
5492,5.492,0.0,0.9512303906019208,0,1,0.0,0.027323790703725273,0,1,,
5493,5.493,0.0,0.9048383370198545,0,1,0.0,0.025991193706282553,0,1,,
5494,5.494,0.0,0.8607088505895794,0,1,0.0,0.024723588231313733,0,1,,
5495,5.495,0.0,0.8187315846089966,0,1,0.0,0.02351780460486519,0,1,,
5496,5.496,0.0,0.7788015740481735,0,1,0.0,0.022370827739806157,0,1,,
5497,5.497,0.0,0.7408189730820943,0,1,0.0,0.021279789596540418,0,1,,
5498,5.498,0.0,0.7046888054240905,0,1,0.0,0.020241962011413425,0,1,,
5499,5.4990000000000006,0.0,0.6703207268356532,0,1,0.0,0.019254749874882106,0,1,,
5500,5.5,0.0,0.6376287992187788,0,1,0.0,0.0183156846423893,0,1,5.117791323585804,4.533853885597968
5501,5.501,0.0,0.6065312757259603,0,1,0.0,0.01742241816171654,0,1,,
5502,5.502,0.0,0.5769503963504892,0,1,0.0,0.016572716801380415,0,1,,
5503,5.503,0.0,0.5488121934859347,0,1,0.0,0.015764455865390405,0,1,,
5504,5.5040000000000004,0.0,0.5220463069686001,0,1,0.0,0.014995614280402221,0,1,,
5505,5.505,0.0,0.49658580814046455,0,1,0.0,0.014264269541981693,0,1,,
5506,5.506,0.0,0.4723670324926761,0,1,0.0,0.01356859290734231,0,1,,
5507,5.507,0.0,0.44932942047111835,0,1,0.0,0.012906844822535695,0,1,,
5508,5.508,0.0,0.42741536604598124,0,1,0.0,0.012277370572660649,0,1,,
5509,5.509,0.0,0.40657007266668077,0,1,0.0,0.01167859614421399,0,1,,
5510,5.51,0.0,0.38674141624194025,0,1,0.0,0.011109024289236932,0,1,,
5511,5.511,0.0,0.36787981480241194,0,1,0.0,0.0105672307814153,0,1,,
5512,5.5120000000000005,0.0,0.3499381045199276,0,1,0.0,0.010051860854771905,0,1,,
5513,5.513,0.0,0.33287142177336143,0,1,0.0,0.009561625816045935,0,1,,
5514,5.514,0.0,0.316637090966209,0,1,0.0,0.009095299822288544,0,1,,
5515,5.515,0.0,0.3011945178153672,0,1,0.0,0.008651716815616979,0,1,,
5516,5.516,0.0,0.2865050878442818,0,1,0.0,0.008229767607462489,0,1,,
5517,5.517,0.0,0.2725320698266427,0,1,0.0,0.007828397105021161,0,1,,
5518,5.518,0.0,0.25924052393918573,0,1,0.0,0.007446601672972335,0,1,,
5519,5.519,0.0,0.24659721439393523,0,1,0.0,0.007083426623867528,0,1,,
5520,5.5200000000000005,0.0,0.2345705263314222,0,1,0.0,0.006737963830914544,0,1,,
5521,5.521,0.0,0.2231303867670683,0,1,0.0,0.006409349457187468,0,1,,
5522,5.522,0.0,0.21224818939306012,0,1,0.0,0.0060967617955844,0,1,,
5523,5.523,0.0,0.20189672304767914,0,1,0.0,0.005799419214131688,0,1,,
5524,5.524,0.0,0.19205010367322387,0,1,0.0,0.005516578201496869,0,1,,
5525,5.525,0.0,0.1826837095923832,0,1,0.0,0.005247531507823051,0,1,,
5526,5.526,0.0,0.17377411994121825,0,1,0.0,0.0049916063762358845,0,1,,
5527,5.527,0.0,0.16529905610480308,0,1,0.0,0.004748162860600955,0,1,,
5528,5.5280000000000005,0.0,0.15723732600908308,0,1,0.0,0.004516592225325111,0,1,,
5529,5.529,0.0,0.14956877112965125,0,1,0.0,0.004296315423200405,0,1,,
5530,5.53,0.0,0.14227421608493718,0,1,0.0,0.004086781647484462,0,1,,
5531,5.531,0.0,0.13533542068776502,0,1,0.0,0.003887466954596725,0,1,,
5532,5.532,0.0,0.12873503433538475,0,1,0.0,0.003697872953986586,0,1,,
5533,5.533,0.0,0.1224565526239277,0,1,0.0,0.0035175255618974154,0,1,,
5534,5.534,0.0,0.11648427607880014,0,1,0.0,0.003345973815910229,0,1,,
5535,5.535,0.0,0.11080327089781936,0,1,0.0,0.003182788747302745,0,1,,
5536,5.5360000000000005,0.0,0.10539933160892942,0,1,0.0,0.0030275623084041387,0,1,,
5537,5.537,0.0,0.10025894554912185,0,1,0.0,0.002879906352263322,0,1,,
5538,5.538,0.0,0.09536925907573959,0,1,0.0,0.0027394516620793904,0,1,,
5539,5.539,0.0,0.09071804542567527,0,1,0.0,0.002605847027967303,0,1,,
5540,5.54,0.0,0.08629367414209471,0,1,0.0,0.0024787583687502336,0,1,,
5541,5.541,0.0,0.0820850819922369,0,1,0.0,0.0023578678965826133,0,1,,
5542,5.542,0.0,0.07808174530356943,0,1,0.0,0.0022428733223149883,0,1,,
5543,5.543,0.0,0.07427365364912568,0,1,0.0,0.002133487099613691,0,1,,
5544,5.5440000000000005,0.0,0.07065128481622318,0,1,0.0,0.0020294357059452285,0,1,,
5545,5.545,0.0,0.06720558099597201,0,1,0.0,0.00193045895862748,0,1,,
5546,5.546,0.0,0.06392792613403459,0,1,0.0,0.0018363093642374654,0,1,,
5547,5.547,0.0,0.060810124386001876,0,1,0.0,0.0017467514997488763,0,1,,
5548,5.548,0.0,0.0578443796235134,0,1,0.0,0.0016615614238518828,0,1,,
5549,5.549,0.0,0.05502327593987548,0,1,0.0,0.0015805261169832135,0,1,,
5550,5.55,0.0,0.05233975910643174,0,1,0.0,0.0015034429486662905,0,1,,
5551,5.551,0.0,0.04978711893331707,0,1,0.0,0.0014301191708294921,0,1,,
5552,5.5520000000000005,0.0,0.047358972490487795,0,1,0.0,0.0013603714358355762,0,1,,
5553,5.553,0.0,0.045049248147071855,0,1,0.0,0.001294025338017085,0,1,,
5554,5.554,0.0,0.042852170389129016,0,1,0.0,0.0012309149775713338,0,1,,
5555,5.555,0.0,0.040762245377857734,0,1,0.0,0.001170882545724489,0,1,,
5556,5.556,0.0,0.0387742472121365,0,1,0.0,0.0011137779301274367,0,1,,
5557,5.557,0.0,0.03688320486104902,0,1,0.0,0.0010594583394967182,0,1,,
5558,5.558,0.0,0.035084389733717594,0,1,0.0,0.0010077879465619454,0,1,,
5559,5.559,0.0,0.03337330385536295,0,1,0.0,0.0009586375484268757,0,1,,
5560,5.5600000000000005,0.0,0.031745668620024356,0,1,0.0,0.0009118842434948723,0,1,,
5561,5.561,0.0,0.030197414091816144,0,1,0.0,0.0008674111241508964,0,1,,
5562,5.562,0.0,0.028724668827968022,0,1,0.0,0.0008251069844315746,0,1,,
5563,5.563,0.0,0.027323750198201623,0,1,0.0,0.0007848660419523663,0,1,,
5564,5.564,0.0,0.0259911551762366,0,1,0.0,0.0007465876733965027,0,1,,
5565,5.565,0.0,0.024723551580400294,0,1,0.0,0.0007101761629042823,0,1,,
5566,5.566,0.0,0.02351776974143789,0,1,0.0,0.0006755404627335657,0,1,,
5567,5.567,0.0,0.02237079457668827,0,1,0.0,0.0006425939655929958,0,1,,
5568,5.5680000000000005,0.0,0.021279758050806875,0,1,0.0,0.0006112542880786569,0,1,,
5569,5.569,0.0,0.02024193200418346,0,1,0.0,0.0005814430646726544,0,1,,
5570,5.57,0.0,0.019254721331122018,0,1,0.0,0.0005530857517885005,0,1,,
5571,5.571,0.0,0.018315657490724817,0,1,0.0,0.0005261114413733201,0,1,,
5572,5.572,0.0,0.01742239233425436,0,1,0.0,0.0005004526836007843,0,1,,
5573,5.573,0.0,0.016572692233538425,0,1,0.0,0.000476045318211412,0,1,,
5574,5.574,0.0,0.015764432495736207,0,1,0.0,0.0004528283140785007,0,1,,
5575,5.575,0.0,0.014995592050499508,0,1,0.0,0.00043074361659852076,0,1,,
5576,5.5760000000000005,0.0,0.014264248396244128,0,1,0.0,0.0004097360025243671,0,1,,
5577,5.577,0.0,0.013568572792894534,0,1,0.0,0.00038975294187847684,0,1,,
5578,5.578,0.0,0.012906825689081114,0,1,0.0,0.0003707444666005238,0,1,,
5579,5.579,0.0,0.012277352372355659,0,1,0.0,0.0003526630456012404,0,1,,
5580,5.58,0.0,0.01167857883154835,0,1,0.0,0.00033546346590993697,0,1,,
5581,5.581,0.0,0.011109007820919958,0,1,0.0,0.00031910271961852426,0,1,,
5582,5.582,0.0,0.010567215116267622,0,1,0.0,0.00030353989633934153,0,1,,
5583,5.583,0.0,0.010051845953622495,0,1,0.0,0.0002887360809078782,0,1,,
5584,5.5840000000000005,0.0,0.009561611641634157,0,1,0.0,0.00027465425607459256,0,1,,
5585,5.585,0.0,0.009095286339170986,0,1,0.0,0.00026125920994250643,0,1,,
5586,5.586,0.0,0.008651703990078823,0,1,0.0,0.0002485174479191216,0,1,,
5587,5.587,0.0,0.00822975540743321,0,1,0.0,0.00023639710896249222,0,1,,
5588,5.588,0.0,0.007828385499994333,0,1,0.0,0.00022486788591202407,0,1,,
5589,5.589,0.0,0.007446590633929343,0,1,0.0,0.00021390094970478687,0,1,,
5590,5.59,0.0,0.007083416123205017,0,1,0.0,0.0002034688772878406,0,1,,
5591,5.591,0.0,0.006737953842375387,0,1,0.0,0.000193545583046319,0,1,,
5592,5.5920000000000005,0.0,0.006409339955795114,0,1,0.0,0.00018410625357580517,0,1,,
5593,5.593,0.0,0.006096752757580418,0,1,0.0,0.00017512728563589568,0,1,,
5594,5.594,0.0,0.005799410616916362,0,1,0.0,0.0001665862271298052,0,1,,
5595,5.595,0.0,0.005516570023572682,0,1,0.0,0.00015846172096242982,0,1,,
5596,5.596,0.0,0.005247523728740933,0,1,0.0,0.00015073345163648487,0,1,,
5597,5.597,0.0,0.004991598976544078,0,1,0.0,0.0001433820944531797,0,1,,
5598,5.598,0.0,0.004748155821796376,0,1,0.0,0.00013638926719040516,0,1,,
5599,5.599,0.0,0.004516585529807082,0,1,0.0,0.0001297374841376032,0,1,,
5600,5.6000000000000005,0.0,0.004296309054226643,0,1,0.0,0.00012341011237238281,0,1,5.475046195979323,4.583172971355495
5601,5.601,0.0,0.004086775589129217,0,1,0.0,0.00011739133016955015,0,1,,
5602,5.602,0.0,0.0038874611917109514,0,1,0.0,0.0001116660874385545,0,1,,
5603,5.603,0.0,0.003697867472160068,0,1,0.0,0.0001062200680904226,0,1,,
5604,5.604,0.0,0.0035175203474227318,0,1,0.0,0.00010103965424007935,0,1,,
5605,5.605,0.0,0.003345968855748477,0,1,0.0,9.611189215454181e-05,0,1,,
5606,5.606,0.0,0.0031827840290509363,0,1,0.0,9.14244598618395e-05,0,1,,
5607,5.607,0.0,0.0030275578202641857,0,1,0.0,8.696563633966621e-05,0,1,,
5608,5.6080000000000005,0.0,0.0028799020830125375,0,1,0.0,8.272427220671907e-05,0,1,,
5609,5.609,0.0,0.0027394476010424236,0,1,0.0,7.868976184343779e-05,0,1,,
5610,5.61,0.0,0.002605843164989446,0,1,0.0,7.485201687243157e-05,0,1,,
5611,5.611,0.0,0.00247875469417203,0,1,0.0,7.120144093228082e-05,0,1,,
5612,5.612,0.0,0.0023578644012157033,0,1,0.0,6.772890568163508e-05,0,1,,
5613,5.613,0.0,0.002242869997419134,0,1,0.0,6.442572797360487e-05,0,1,,
5614,5.614,0.0,0.0021334839368749208,0,1,0.0,6.128364814337171e-05,0,1,,
5615,5.615,0.0,0.0020294326974550484,0,1,0.0,5.8294809354723725e-05,0,1,,
5616,5.6160000000000005,0.0,0.0019304560968630973,0,1,0.0,5.545173795387269e-05,0,1,,
5617,5.617,0.0,0.0018363066420429787,0,1,0.0,5.2747324781426716e-05,0,1,,
5618,5.618,0.0,0.0017467489103173814,0,1,0.0,5.017480739578879e-05,0,1,,
5619,5.619,0.0,0.001661558960708452,0,1,0.0,4.772775316353034e-05,0,1,,
5620,5.62,0.0,0.0015805237739687054,0,1,0.0,4.54000431744571e-05,0,1,,
5621,5.621,0.0,0.0015034407199219482,0,1,0.0,4.3185856941146394e-05,0,1,,
5622,5.622,0.0,0.001430117050782294,0,1,0.0,4.107965784469685e-05,0,1,,
5623,5.623,0.0,0.0013603694191842998,0,1,0.0,3.907617929029723e-05,0,1,,
5624,5.6240000000000006,0.0,0.001294023419719052,0,1,0.0,3.717041153799616e-05,0,1,,
5625,5.625,0.0,0.0012309131528297997,0,1,0.0,3.535758917574279e-05,0,1,,
5626,5.626,0.0,0.0011708808099766498,0,1,0.0,3.3633179203374485e-05,0,1,,
5627,5.627,0.0,0.0011137762790330184,0,1,0.0,3.1992869697755295e-05,0,1,,
5628,5.628,0.0,0.0010594567689271247,0,1,0.0,3.04325590307221e-05,0,1,,
5629,5.6290000000000004,0.0,0.0010077864525899348,0,1,0.0,2.8948345612877792e-05,0,1,,
5630,5.63,0.0,0.0009586361273167398,0,1,0.0,2.7536518137585512e-05,0,1,,
5631,5.631,0.0,0.0009118828916930957,0,1,0.0,2.619354630076894e-05,0,1,,
5632,5.632,0.0,0.0008674098382772704,0,1,0.0,2.4916071973313245e-05,0,1,,
5633,5.633,0.0,0.0008251057612707454,0,1,0.0,2.370090080399313e-05,0,1,,
5634,5.634,0.0,0.0007848648784457946,0,1,0.0,2.2544994231930894e-05,0,1,,
5635,5.635,0.0,0.0007465865666348161,0,1,0.0,2.144546188861154e-05,0,1,,
5636,5.636,0.0,0.0007101751101200001,0,1,0.0,2.0399554370455953e-05,0,1,,
5637,5.6370000000000005,0.0,0.0006755394612941789,0,1,0.0,1.9404656363879842e-05,0,1,,
5638,5.638,0.0,0.0006425930129943842,0,1,0.0,1.845828010564754e-05,0,1,,
5639,5.639,0.0,0.000611253381938828,0,1,0.0,1.7558059162168088e-05,0,1,,
5640,5.64,0.0,0.0005814422027257865,0,1,0.0,1.670174251217864e-05,0,1,,
5641,5.641,0.0,0.0005530849318792774,0,1,0.0,1.5887188918018797e-05,0,1,,
5642,5.642,0.0,0.0005261106614515416,0,1,0.0,1.5112361571421141e-05,0,1,,
5643,5.643,0.0,0.00050045194171624,0,1,0.0,1.4375323000429638e-05,0,1,,
5644,5.644,0.0,0.0004760446125090038,0,1,0.0,1.3674230224710562e-05,0,1,,
5645,5.6450000000000005,0.0,0.0004528276427936051,0,1,0.0,1.3007330147141697e-05,0,1,,
5646,5.646,0.0,0.0004307429780525759,0,1,0.0,1.2372955170156385e-05,0,1,,
5647,5.647,0.0,0.0004097353951206755,0,1,0.0,1.1769519025880992e-05,0,1,,
5648,5.648,0.0,0.0003897523640982128,0,1,0.0,1.119551280963898e-05,0,1,,
5649,5.649,0.0,0.0003707439169989357,0,1,0.0,1.0649501206903259e-05,0,1,,
5650,5.65,0.0,0.0003526625228040381,0,1,0.0,1.0130118904262246e-05,0,1,,
5651,5.651,0.0,0.00033546296860985505,0,1,0.0,9.636067175425181e-06,0,1,,
5652,5.652,0.0,0.0003191022465720535,0,1,0.0,9.166110633729916e-06,0,1,,
5653,5.6530000000000005,0.0,0.0003035394463636194,0,1,0.0,8.719074143032784e-06,0,1,,
5654,5.654,0.0,0.000288735652877731,0,1,0.0,8.29383987925613e-06,0,1,,
5655,5.655,0.0,0.00027465384891972204,0,1,0.0,7.88934453524588e-06,0,1,,
5656,5.656,0.0,0.00026125882264481327,0,1,0.0,7.504576661949792e-06,0,1,,
5657,5.657,0.0,0.0002485170795101598,0,1,0.0,7.138574139267989e-06,0,1,,
5658,5.658,0.0,0.0002363967585210475,0,1,0.0,6.79042177025157e-06,0,1,,
5659,5.659,0.0,0.00022486755256181029,0,1,0.0,6.45924899263352e-06,0,1,,
5660,5.66,0.0,0.00021390063261225487,0,1,0.0,6.1442277019696e-06,0,1,,
5661,5.6610000000000005,0.0,0.00020346857566009386,0,1,0.0,5.844570180945887e-06,0,1,,
5662,5.662,0.0,0.00019354529612913108,0,1,0.0,5.559527129675191e-06,0,1,,
5663,5.663,0.0,0.00018410598065173362,0,1,0.0,5.288385792057038e-06,0,1,,
5664,5.664,0.0,0.00017512702602248817,0,1,0.0,5.030468173516168e-06,0,1,,
5665,5.665,0.0,0.000166585980177893,0,1,0.0,4.785129345662942e-06,0,1,,
5666,5.666,0.0,0.00015846148605450452,0,1,0.0,4.551755833636439e-06,0,1,,
5667,5.667,0.0,0.00015073322818515427,0,1,0.0,4.329764082097757e-06,0,1,,
5668,5.668,0.0,0.0001433818818996991,0,1,0.0,4.118598996037712e-06,0,1,,
5669,5.6690000000000005,0.0,0.0001363890650032801,0,1,0.0,3.917732552750171e-06,0,1,,
5670,5.67,0.0,0.00012973729181126062,0,1,0.0,3.726662481500258e-06,0,1,,
5671,5.671,0.0,0.00012340992942590662,0,1,0.0,3.5449110075858935e-06,0,1,,
5672,5.672,0.0,0.00011739115614547889,0,1,0.0,3.372023657652176e-06,0,1,,
5673,5.673,0.0,0.00011166592190173733,0,1,0.0,3.2075681232712717e-06,0,1,,
5674,5.674,0.0,0.00010621991062693128,0,1,0.0,3.0511331799461672e-06,0,1,,
5675,5.675,0.0,0.00010103950445617312,0,1,0.0,2.902327658835226e-06,0,1,,
5676,5.676,0.0,9.611174967568288e-05,0,1,0.0,2.7607794686263368e-06,0,1,,
5677,5.6770000000000005,0.0,9.14243243317565e-05,0,1,0.0,2.6261346651148174e-06,0,1,,
5678,5.678,0.0,8.696550741946336e-05,0,1,0.0,2.498056566158543e-06,0,1,,
5679,5.679,0.0,8.27241495740287e-05,0,1,0.0,2.376224909797221e-06,0,1,,
5680,5.68,0.0,7.86896451916143e-05,0,1,0.0,2.2603350534306716e-06,0,1,,
5681,5.681,0.0,7.485190590978465e-05,0,1,0.0,2.1500972120536485e-06,0,1,,
5682,5.682,0.0,7.120133538134605e-05,0,1,0.0,2.0452357336423816e-06,0,1,,
5683,5.683,0.0,6.772880527848013e-05,0,1,0.0,1.9454884098809384e-06,0,1,,
5684,5.684,0.0,6.442563246716957e-05,0,1,0.0,1.8506058205038542e-06,0,1,,
5685,5.6850000000000005,0.0,6.128355729484023e-05,0,1,0.0,1.760350709615553e-06,0,1,,
5686,5.686,0.0,5.8294722936927405e-05,0,1,0.0,1.674497392427026e-06,0,1,,
5687,5.687,0.0,5.545165575072203e-05,0,1,0.0,1.5928311909263062e-06,0,1,,
5688,5.688,0.0,5.274724658737102e-05,0,1,0.0,1.5151478970716172e-06,0,1,,
5689,5.689,0.0,5.017473301530219e-05,0,1,0.0,1.4412532621649014e-06,0,1,,
5690,5.69,0.0,4.7727682410622875e-05,0,1,0.0,1.370962511128896e-06,0,1,,
5691,5.691,0.0,4.539997587220965e-05,0,1,0.0,1.3040998804731934e-06,0,1,,
5692,5.692,0.0,4.318579292126829e-05,0,1,0.0,1.2404981787939657e-06,0,1,,
5693,5.6930000000000005,0.0,4.1079596947105046e-05,0,1,0.0,1.1799983687083679e-06,0,1,,
5694,5.694,0.0,3.907612136271602e-05,0,1,0.0,1.1224491691782422e-06,0,1,,
5695,5.695,0.0,3.717035643557642e-05,0,1,0.0,1.0677066772287238e-06,0,1,,
5696,5.696,0.0,3.535753676069977e-05,0,1,0.0,1.0156340081158487e-06,0,1,,
5697,5.697,0.0,3.363312934464328e-05,0,1,0.0,9.661009530433921e-07,0,1,,
5698,5.698,0.0,3.199282227066311e-05,0,1,0.0,1.0000009189836536,0,1,,
5699,5.699,0.0,3.0432513916676494e-05,0,1,0.0,0.951230298665006,0,1,,
5700,5.7,0.0,2.894830269907015e-05,0,1,0.0,0.904838249566756,0,1,5.477529220409002,5.3324924879833855
5701,5.7010000000000005,0.0,2.7536477316708963e-05,0,1,0.0,0.8607087674016187,0,1,,
5702,5.702,0.0,2.6193507470750034e-05,0,1,0.0,0.8187315054781606,0,1,,
5703,5.703,0.0,2.4916035037056708e-05,0,1,0.0,0.778801498776594,0,1,,
5704,5.704,0.0,2.370086566913908e-05,0,1,0.0,0.740818901481553,0,1,,
5705,5.705,0.0,2.25449608106239e-05,0,1,0.0,0.7046887373155488,0,1,,
5706,5.706,0.0,2.1445430097280923e-05,0,1,0.0,0.6703206620488044,0,1,,
5707,5.707,0.0,2.0399524129606824e-05,0,1,0.0,0.6376287375916218,0,1,,
5708,5.708,0.0,1.9404627597894328e-05,0,1,0.0,0.6065312171043952,0,1,,
5709,5.7090000000000005,0.0,1.8458252742595694e-05,0,1,0.0,0.5769503405879315,0,1,,
5710,5.71,0.0,1.7558033133628027e-05,0,1,0.0,0.548812140442949,0,1,,
5711,5.711,0.0,1.6701717753065456e-05,0,1,0.0,0.5220462565125514,0,1,,
5712,5.712,0.0,1.588716536642181e-05,0,1,0.0,0.4965857601451864,0,1,,
5713,5.713,0.0,1.5112339168449094e-05,0,1,0.0,0.47236698683815526,0,1,,
5714,5.714,0.0,1.4375301690063431e-05,0,1,0.0,0.44932937704319476,0,1,,
5715,5.715,0.0,1.3674209953663179e-05,0,1,0.0,0.4274153247360625,0,1,,
5716,5.716,0.0,1.300731086472496e-05,0,1,0.0,0.4065700333714705,0,1,,
5717,5.7170000000000005,0.0,1.2372936828154209e-05,0,1,0.0,0.38674137886318,0,1,,
5718,5.718,0.0,1.1769501578428817e-05,0,1,0.0,0.3678797792466353,0,1,,
5719,5.719,0.0,1.1195496213109089e-05,0,1,0.0,0.3499380706982266,0,1,,
5720,5.72,0.0,1.0649485419795682e-05,0,1,0.0,0.33287138960116425,0,1,,
5721,5.721,0.0,1.0130103887100992e-05,0,1,0.0,0.31663706036306843,0,1,,
5722,5.722,0.0,9.636052890659523e-06,0,1,0.0,0.30119448870475946,0,1,,
5723,5.723,0.0,9.166097045640499e-06,0,1,0.0,0.28650506015341515,0,1,,
5724,5.724,0.0,8.719061217642306e-06,0,1,0.0,0.2725320434862755,0,1,,
5725,5.7250000000000005,0.0,8.293827584244386e-06,0,1,0.0,0.2592404988834534,0,1,,
5726,5.726,0.0,7.889332839868934e-06,0,1,0.0,0.2465971905601854,0,1,,
5727,5.727,0.0,7.50456553696311e-06,0,1,0.0,0.23457050366005805,0,1,,
5728,5.728,0.0,7.138563556853311e-06,0,1,0.0,0.22313036520139964,0,1,,
5729,5.729,0.0,6.790411703947345e-06,0,1,0.0,0.21224816887916154,0,1,,
5730,5.73,0.0,6.459239417268746e-06,0,1,0.0,0.20189670353425518,0,1,,
5731,5.731,0.0,6.144218593600876e-06,0,1,0.0,0.19205008511148083,0,1,,
5732,5.732,0.0,5.844561516797548e-06,0,1,0.0,0.18268369193590706,0,1,,
5733,5.7330000000000005,0.0,5.559518888082352e-06,0,1,0.0,0.1737741031458586,0,1,,
5734,5.734,0.0,5.288377952411425e-06,0,1,0.0,0.16529904012856278,0,1,,
5735,5.735,0.0,5.030460716214584e-06,0,1,0.0,0.1572373108120132,0,1,,
5736,5.736,0.0,4.785122252058248e-06,0,1,0.0,0.14956875667375122,0,1,,
5737,5.737,0.0,4.551749085990928e-06,0,1,0.0,0.1422742023340597,0,1,,
5738,5.738,0.0,4.329757663538801e-06,0,1,0.0,0.13533540760752577,0,1,,
5739,5.739,0.0,4.1185928905155696e-06,0,1,0.0,0.12873502189307628,0,1,,
5740,5.74,0.0,3.9177267449978576e-06,0,1,0.0,0.12245654078843778,0,1,,
5741,5.7410000000000005,0.0,3.7266569569953674e-06,0,1,0.0,0.11648426482053388,0,1,,
5742,5.742,0.0,3.5449057525142856e-06,0,1,0.0,0.11080326018862521,0,1,,
5743,5.743,0.0,3.3720186588734343e-06,0,1,0.0,0.10539932142202883,0,1,,
5744,5.744,0.0,3.2075633682858466e-06,0,1,0.0,0.10025893585904226,0,1,,
5745,5.745,0.0,3.0511286568641177e-06,0,1,0.0,0.09536924985825077,0,1,,
5746,5.746,0.0,2.9023233563464913e-06,0,1,0.0,0.09071803665772868,0,1,,
5747,5.747,0.0,2.7607753759724536e-06,0,1,0.0,0.08629366580176592,0,1,,
5748,5.748,0.0,2.6261307720620193e-06,0,1,0.0,0.08208507405867074,0,1,,
5749,5.7490000000000006,0.0,2.4980528629721704e-06,0,1,0.0,0.07808173775692787,0,1,,
5750,5.75,0.0,2.3762213872173787e-06,0,1,0.0,0.07427364647053816,0,1,,
5751,5.751,0.0,2.2603317026490756e-06,0,1,0.0,0.0706512779877395,0,1,,
5752,5.752,0.0,2.1500940246915993e-06,0,1,0.0,0.06720557450051741,0,1,,
5753,5.753,0.0,2.045232701729814e-06,0,1,0.0,0.06392791995536704,0,1,,
5754,5.7540000000000004,0.0,1.9454855258364914e-06,0,1,0.0,0.0608101185086715,0,1,,
5755,5.755,0.0,1.8506030771159147e-06,0,1,0.0,0.0578443740328238,0,1,,
5756,5.756,0.0,1.760348100024222e-06,0,1,0.0,0.05502327062184703,0,1,,
5757,5.757000000000001,0.0,1.674494910106966e-06,0,1,0.0,0.0523397540477666,0,1,,
5758,5.758,0.0,1.5928288296704241e-06,0,1,0.0,0.04978711412136594,0,1,,
5759,5.759,0.0,1.5151456509755434e-06,0,1,0.0,0.047358967913218294,0,1,,
5760,5.76,0.0,1.4412511256122258e-06,0,1,0.0,0.04504924379303842,0,1,,
5761,5.761,0.0,1.3709604787771238e-06,0,1,0.0,0.0428521662474443,0,1,,
5762,5.7620000000000005,0.0,1.3040979472403869e-06,0,1,0.0,0.04076224143816536,0,1,,
5763,5.763,0.0,1.2404963398460358e-06,0,1,0.0,0.0387742434645852,0,1,,
5764,5.764,0.0,1.1799966194469867e-06,0,1,0.0,0.036883201296267945,0,1,,
5765,5.765,0.0,1.1224475052293453e-06,0,1,0.0,0.03508438634279295,0,1,,
5766,5.766,0.0,1.0677050944315724e-06,0,1,0.0,0.033373300629815646,0,1,,
5767,5.767,0.0,1.0156325025126252e-06,0,1,0.0,0.03174566555178885,0,1,,
5768,5.768,0.0,9.660995208693045e-07,0,1,0.0,0.03019741117322025,0,1,,
5769,5.769,0.0,9.189822912469241e-07,0,1,0.0,0.02872466605171373,0,1,,
5770,5.7700000000000005,0.0,8.741629960291592e-07,0,1,0.0,0.027323747557346848,0,1,,
5771,5.771,0.0,8.31529563632637e-07,0,1,0.0,0.025991152664177834,0,1,,
5772,5.772,0.0,7.909753882696032e-07,0,1,0.0,0.024723549190856082,0,1,,
5773,5.773,0.0,7.523990633779234e-07,0,1,0.0,0.023517767468433124,0,1,,
5774,5.774,0.0,7.157041280518584e-07,0,1,0.0,0.022370792414539254,0,1,,
5775,5.775,0.0,6.807988258395546e-07,0,1,0.0,0.021279755994107113,0,1,,
5776,5.776,0.0,6.475958753041214e-07,0,1,0.0,0.020241930047790128,0,1,,
5777,5.777,0.0,6.160122517745755e-07,0,1,0.0,0.019254719470143115,0,1,,
5778,5.7780000000000005,0.0,5.859689797409184e-07,0,1,0.0,0.01831565572050693,0,1,,
5779,5.779,0.0,5.573909353742243e-07,0,1,0.0,0.017422390650371017,0,1,,
5780,5.78,0.0,5.302066586779381e-07,0,1,0.0,0.016572690631779043,0,1,,
5781,5.781,0.0,5.043481748006615e-07,0,1,0.0,0.015764430972095553,0,1,,
5782,5.782,0.0,4.797508240636188e-07,0,1,0.0,0.014995590601167685,0,1,,
5783,5.783,0.0,4.5635310027777943e-07,0,1,0.0,0.014264247017597053,0,1,,
5784,5.784,0.0,4.340964969463488e-07,0,1,0.0,0.01356857148148487,0,1,,
5785,5.785,0.0,4.129253609680513e-07,0,1,0.0,0.012906824441629654,0,1,,
5786,5.7860000000000005,0.0,3.92786753475389e-07,0,1,0.0,0.012277351185743125,0,1,,
5787,5.787,0.0,3.7363031745989816e-07,0,1,0.0,0.01167857770280759,0,1,,
5788,5.788,0.0,3.55408151853398e-07,0,1,0.0,0.011109006747228535,0,1,,
5789,5.789,0.0,3.3807469175037016e-07,0,1,0.0,0.010567214094940748,0,1,,
5790,5.79,0.0,3.2158659447196087e-07,0,1,0.0,0.01005184498210632,0,1,,
5791,5.791,0.0,3.0590263118670784e-07,0,1,0.0,0.009561610717499386,0,1,,
5792,5.792,0.0,1.000000290983584,0,1,0.0,0.0090952854601068,0,1,,
5793,5.793,0.0,0.9512297012928611,0,1,0.0,0.008651703153887103,0,1,,
5794,5.7940000000000005,0.0,0.9048376813287944,0,1,0.0,0.00822975461202304,0,1,,
5795,5.795,0.0,0.8607082268769496,0,1,0.0,0.007828384743376774,0,1,,
5796,5.796,0.0,0.8187309913151908,0,1,0.0,0.007446589914212458,0,1,,
5797,5.797,0.0,0.778801009689648,0,1,0.0,0.007083415438589138,0,1,,
5798,5.798,0.0,0.7408184362476589,0,1,0.0,0.006737953191148618,0,1,,
5799,5.799,0.0,0.7046882947713794,0,1,0.0,0.00640933933632905,0,1,,
5800,5.8,0.0,0.6703202410877688,0,1,0.0,0.0060967521683260705,0,1,5.474699373637003,5.47702174093448
5801,5.801,0.0,0.6376283371610981,0,1,0.0,0.005799410056400289,0,1,,
5802,5.8020000000000005,0.0,0.6065308362030986,0,1,0.0,0.0055165694903932996,0,1,,
5803,5.803,0.0,0.5769499782634103,0,1,0.0,0.005247523221565016,0,1,,
5804,5.804,0.0,0.5488117957892032,0,1,0.0,0.004991598494103423,0,1,,
5805,5.805,0.0,0.5220459286677672,0,1,0.0,0.00474815536288463,0,1,,
5806,5.806,0.0,0.496585448289581,0,1,0.0,0.004516585093276726,0,1,,
5807,5.807,0.0,0.47236669019192723,0,1,0.0,0.004296308638986124,0,1,,
5808,5.808,0.0,0.449329094864574,0,1,0.0,0.004086775194140217,0,1,,
5809,5.809,0.0,0.4274150563194555,0,1,0.0,0.003887460815985792,0,1,,
5810,5.8100000000000005,0.0,0.4065697780456959,0,1,0.0,0.0036978671147592413,0,1,,
5811,5.811,0.0,0.3867411359897903,0,1,0.0,0.0035175200074525487,0,1,,
5812,5.812,0.0,0.36787954821832064,0,1,0.0,0.0033459685323588353,0,1,,
5813,5.813,0.0,0.3499378509372958,0,1,0.0,0.003182783721433194,0,1,,
5814,5.814,0.0,0.3328711805581005,0,1,0.0,0.0030275575276491377,0,1,,
5815,5.815,0.0,0.3166368615151552,0,1,0.0,0.002879901804668494,0,1,,
5816,5.816,0.0,0.30119429955477334,0,1,0.0,0.0027394473362733793,0,1,,
5817,5.817,0.0,0.2865048802283827,0,1,0.0,0.0026058429131333403,0,1,,
5818,5.8180000000000005,0.0,0.2725318723362905,0,1,0.0,0.0024787544545990916,0,1,,
5819,5.819,0.0,0.2592403360805517,0,1,0.0,0.0023578641733268753,0,1,,
5820,5.82,0.0,0.24659703569727487,0,1,0.0,0.0022428697806445752,0,1,,
5821,5.821,0.0,0.2345703563499008,0,1,0.0,0.002133483730672582,0,1,,
5822,5.822,0.0,0.22313022507564356,0,1,0.0,0.002029432501309317,0,1,,
5823,5.823,0.0,0.21224803558741923,0,1,0.0,0.0019304559102835059,0,1,,
5824,5.824,0.0,0.20189657674322786,0,1,0.0,0.0018363064645629814,0,1,,
5825,5.825,0.0,0.19204996450412487,0,1,0.0,0.0017467487414931857,0,1,,
5826,5.8260000000000005,0.0,0.18268357721064127,0,1,0.0,0.0016615588001179095,0,1,,
5827,5.827,0.0,0.17377399401581003,0,1,0.0,0.0015805236212102559,0,1,,
5828,5.828,0.0,0.1652989363208495,0,1,0.0,0.0015034405746136162,0,1,,
5829,5.829,0.0,0.15723721206706184,0,1,0.0,0.0014301169125607329,0,1,,
5830,5.83,0.0,0.14956866274464797,0,1,0.0,0.0013603692877038839,0,1,,
5831,5.831,0.0,0.14227411298593287,0,1,0.0,0.0012940232946510118,0,1,,
5832,5.832,0.0,0.1353353226169585,0,1,0.0,0.0012309130338613997,0,1,,
5833,5.833,0.0,0.1287349410475479,0,1,0.0,0.0011708806968104071,0,1,,
5834,5.8340000000000005,0.0,0.12245646388579233,0,1,0.0,0.0011137761713859585,0,1,,
5835,5.835,0.0,0.11648419166847471,0,1,0.0,0.001059456666530074,0,1,,
5836,5.836,0.0,0.11080319060423406,0,1,0.0,0.0010077863551868473,0,1,,
5837,5.837,0.0,0.10539925523130848,0,1,0.0,0.0009586360346640569,0,1,,
5838,5.838,0.0,0.10025887289648144,0,1,0.0,0.0009118828035591373,0,1,,
5839,5.839,0.0,0.09536918996641028,0,1,0.0,0.0008674097544416558,0,1,,
5840,5.84,0.0,0.09071797968684772,0,1,0.0,0.0008251056815238419,0,1,,
5841,5.841,0.0,0.08629361160938762,0,1,0.0,0.0007848648025881936,0,1,,
5842,5.8420000000000005,0.0,0.08208502250928591,0,1,0.0,0.000746586494476834,0,1,,
5843,5.843,0.0,0.07808168872163619,0,1,0.0,0.0007101750414812043,0,1,,
5844,5.844,0.0,0.07427359982672589,0,1,0.0,0.0006755393960029367,0,1,,
5845,5.845,0.0,0.0706512336187728,0,1,0.0,0.0006425929508874333,0,1,,
5846,5.846,0.0,0.06720553229545076,0,1,0.0,0.0006112533228608688,0,1,,
5847,5.847,0.0,0.06392787980866578,0,1,0.0,0.0005814421465290934,0,1,,
5848,5.848,0.0,0.060810080319947966,0,1,0.0,0.0005530848784233293,0,1,,
5849,5.849,0.0,0.0578443377065863,0,1,0.0,0.000526110610602671,0,1,,
5850,5.8500000000000005,0.0,0.05502323606726104,0,1,0.0,0.0005004518933472979,0,1,,
5851,5.851,0.0,0.05233972117842765,0,1,0.0,0.0004760445664990429,0,1,,
5852,5.852,0.0,0.04978708285508357,0,1,0.0,0.00045282759902757645,0,1,,
5853,5.853,0.0,0.047358938171810507,0,1,0.0,0.00043074293642104164,0,1,,
5854,5.854,0.0,0.045049215502136204,0,1,0.0,0.0004097353555195351,0,1,,
5855,5.855,0.0,0.04285213933630567,0,1,0.0,0.0003897523264284428,0,1,,
5856,5.856,0.0,0.04076221583949845,0,1,0.0,0.0003707438811663421,0,1,,
5857,5.857,0.0,0.03877421911438,0,1,0.0,0.00035266248871902066,0,1,,
5858,5.8580000000000005,0.0,0.03688317813363627,0,1,0.0,0.00033546293618718357,0,1,,
5859,5.859,0.0,0.03508436430981615,0,1,0.0,0.00031910221573065435,0,1,,
5860,5.86,0.0,0.03337327967139981,0,1,0.0,0.00030353941702637304,0,1,,
5861,5.861,0.0,0.03174564561552702,0,1,0.0,0.0002887356249712791,0,1,,
5862,5.862,0.0,0.030197392209261383,0,1,0.0,0.00027465382237428377,0,1,,
5863,5.863,0.0,0.02872464801263805,0,1,0.0,0.0002612587973940113,0,1,,
5864,5.864,0.0,0.02732373039804727,0,1,0.0,0.000248517055490854,0,1,,
5865,5.865,0.0,0.02599113634174717,0,1,0.0,0.00023639673567317707,0,1,,
5866,5.8660000000000005,0.0,0.024723533664479755,0,1,0.0,0.00022486753082824363,0,1,,
5867,5.867,0.0,0.023517752699287107,0,1,0.0,0.00021390061193864675,0,1,,
5868,5.868,0.0,0.022370778365692987,0,1,0.0,0.0002034685559947495,0,1,,
5869,5.869,0.0,0.021279742630431163,0,1,0.0,0.00019354527742287687,0,1,,
5870,5.87,0.0,0.020241917335868345,0,1,0.0,0.0001841059628577942,0,1,,
5871,5.871,0.0,0.019254707378189073,0,1,0.0,0.0001751270090963694,0,1,,
5872,5.872,0.0,0.018315644218284445,0,1,0.0,0.00016658596407727078,0,1,,
5873,5.873,0.0,0.017422379709118543,0,1,0.0,0.0001584614707391189,0,1,,
5874,5.8740000000000006,0.0,0.01657268022413775,0,1,0.0,0.0001507332136167088,0,1,,
5875,5.875,0.0,0.015764421072040916,0,1,0.0,0.0001433818680417651,0,1,,
5876,5.876,0.0,0.01499558118394441,0,1,0.0,0.00013638905182120556,0,1,,
5877,5.877,0.0,0.014264238059657175,0,1,0.0,0.00012973727927208343,0,1,,
5878,5.878,0.0,0.013568562960428876,0,1,0.0,0.00012340991749827234,0,1,,
5879,5.8790000000000004,0.0,0.012906816336150465,0,1,0.0,0.0001173911447995622,0,1,,
5880,5.88,0.0,0.01227734347557282,0,1,0.0,0.00011166591110916753,0,1,,
5881,5.881,0.0,0.01167857036866673,0,1,0.0,0.00010621990036072132,0,1,,
5882,5.882000000000001,0.0,0.011108999770777945,0,1,0.0,0.00010103949469065212,0,1,,
5883,5.883,0.0,0.010567207458735668,0,1,0.0,9.611174038643197e-05,0,1,,
5884,5.884,0.0,0.010051838669552782,0,1,0.0,9.142431549554772e-05,0,1,,
5885,5.885,0.0,0.009561604712812715,0,1,0.0,8.696549901420157e-05,0,1,,
5886,5.886,0.0,0.009095279748272154,0,1,0.0,8.272414157869637e-05,0,1,,
5887,5.8870000000000005,0.0,0.00865169772062192,0,1,0.0,7.868963758621893e-05,0,1,,
5888,5.888,0.0,0.008229749443741328,0,1,0.0,7.485189867530879e-05,0,1,,
5889,5.889,0.0,0.007828379827155134,0,1,0.0,7.120132849969974e-05,0,1,,
5890,5.89,0.0,0.007446585237757777,0,1,0.0,6.772879873245568e-05,0,1,,
5891,5.891,0.0,0.007083410990207843,0,1,0.0,6.442562624039851e-05,0,1,,
5892,5.892,0.0,0.006737948959717439,0,1,0.0,6.128355137175238e-05,0,1,,
5893,5.893,0.0,0.006409335311267204,0,1,0.0,5.829471730271195e-05,0,1,,
5894,5.894,0.0,0.006096748339568807,0,1,0.0,5.545165039129051e-05,0,1,,
5895,5.8950000000000005,0.0,0.00579940641437372,0,1,0.0,5.2747241489322064e-05,0,1,,
5896,5.896,0.0,0.005516566025990463,0,1,0.0,5.017472816588801e-05,0,1,,
5897,5.897,0.0,0.005247519926123099,0,1,0.0,4.772767779771742e-05,0,1,,
5898,5.898,0.0,0.004991595359382105,0,1,0.0,4.5399971484278246e-05,0,1,,
5899,5.899,0.0,0.004748152381045475,0,1,0.0,4.3185788747338826e-05,0,1,,
5900,5.9,0.0,0.004516582256863582,0,1,0.0,4.107959297674052e-05,0,1,5.474044210815092,5.476182596431766
5901,5.901,0.0,0.0042963059409064815,0,1,0.0,3.907611758598846e-05,0,1,,
5902,5.902,0.0,0.004086772627647471,0,1,0.0,3.7170352843042034e-05,0,1,,
5903,5.9030000000000005,0.0,0.003887458374662375,0,1,0.0,3.535753334337535e-05,0,1,,
5904,5.904,0.0,0.003697864792500572,0,1,0.0,3.363312609398374e-05,0,1,,
5905,5.905,0.0,0.0035175177984517712,0,1,0.0,3.19928191785401e-05,0,1,,
5906,5.906,0.0,0.003345966431092297,0,1,0.0,3.0432510975358104e-05,0,1,,
5907,5.907,0.0,0.0031827817226466335,0,1,0.0,2.8948299901201554e-05,0,1,,
5908,5.908,0.0,0.003027555626344548,0,1,0.0,2.753647465529403e-05,0,1,,
5909,5.909,0.0,0.0028798999960916232,0,1,0.0,2.6193504939133838e-05,0,1,,
5910,5.91,0.0,0.0027394456159018435,0,1,0.0,2.491603262890889e-05,0,1,,
5911,5.9110000000000005,0.0,0.0026058412766653146,0,1,0.0,2.3700863378438015e-05,0,1,,
5912,5.912,0.0,0.002478752897942553,0,1,0.0,2.254495863164164e-05,0,1,,
5913,5.913,0.0,0.0023578626925893718,0,1,0.0,2.144542802456888e-05,0,1,,
5914,5.914,0.0,0.002242868372123492,0,1,0.0,2.039952215798214e-05,0,1,,
5915,5.915,0.0,0.0021334823908458825,0,1,0.0,1.9404625722426915e-05,0,1,,
5916,5.916,0.0,0.002029431226826736,0,1,0.0,1.8458250958595906e-05,0,1,,
5917,5.917,0.0,0.0019304546979581742,0,1,0.0,1.7558031436634935e-05,0,1,,
5918,5.918,0.0,0.0018363053113634538,0,1,0.0,1.6701716138835693e-05,0,1,,
5919,5.9190000000000005,0.0,0.0017467476445358625,0,1,0.0,1.5887163830918963e-05,0,1,,
5920,5.92,0.0,0.0016615577566598263,0,1,0.0,1.5112337707833605e-05,0,1,,
5921,5.921,0.0,0.001580522628642224,0,1,0.0,1.4375300300682999e-05,0,1,,
5922,5.922,0.0,0.0015034396304536984,0,1,0.0,1.3674208632043631e-05,0,1,,
5923,5.923,0.0,0.0014301160144480378,0,1,0.0,1.3007309607561559e-05,0,1,,
5924,5.924,0.0,0.0013603684333926619,0,1,0.0,1.237293563230339e-05,0,1,,
5925,5.925,0.0,0.0012940224820050395,0,1,0.0,1.1769500440900332e-05,0,1,,
5926,5.926,0.0,0.0012309122608486394,0,1,0.0,1.1195495131058522e-05,0,1,,
5927,5.9270000000000005,0.0,0.001170879961497924,0,1,0.0,1.0649484390517344e-05,0,1,,
5928,5.928,0.0,0.0011137754719350885,0,1,0.0,1.013010290802115e-05,0,1,,
5929,5.929,0.0,0.0010594560011918254,0,1,0.0,9.636051959329967e-06,0,1,,
5930,5.93,0.0,0.0010077857222975278,0,1,0.0,9.166096159732422e-06,0,1,,
5931,5.931,0.0,0.0009586354326411137,0,1,0.0,8.719060374940477e-06,0,1,,
5932,5.932,0.0,0.0009118822308971996,0,1,0.0,8.29382678264161e-06,0,1,,
5933,5.933,0.0,0.0008674092097087704,0,1,0.0,7.889332077360788e-06,0,1,,
5934,5.934,0.0,0.0008251051633578928,0,1,0.0,7.504564811642925e-06,0,1,,
5935,5.9350000000000005,0.0,0.0007848643096934959,0,1,0.0,7.138562866907409e-06,0,1,,
5936,5.936,0.0,0.0007465860256208943,0,1,0.0,6.790411047650502e-06,0,1,,
5937,5.937,0.0,0.0007101745954916387,0,1,0.0,6.459238792979877e-06,0,1,,
5938,5.938,0.0,0.0006755389717645388,0,1,0.0,6.144217999758936e-06,0,1,,
5939,5.939,0.0,0.0006425925473393864,0,1,0.0,5.844560951917621e-06,0,1,,
5940,5.94,0.0,0.0006112529389940923,0,1,0.0,5.559518350751944e-06,0,1,,
5941,5.941,0.0,0.0005814417813837205,0,1,0.0,5.2883774412869306e-06,0,1,,
5942,5.942,0.0,0.0005530845310863064,0,1,0.0,5.030460230017925e-06,0,1,,
5943,5.9430000000000005,0.0,0.0005261102802054745,0,1,0.0,4.7851217895736805e-06,0,1,,
5944,5.944,0.0,0.0005004515790637629,0,1,0.0,4.551748646061999e-06,0,1,,
5945,5.945,0.0,0.0004760442675432968,0,1,0.0,4.32975724506546e-06,0,1,,
5946,5.946,0.0,0.00045282731465207414,0,1,0.0,4.1185924924514145e-06,0,1,,
5947,5.947,0.0,0.00043074266591469623,0,1,0.0,3.917726366347521e-06,0,1,,
5948,5.948,0.0,0.00040973509820593985,0,1,0.0,3.7266565968120254e-06,0,1,,
5949,5.949,0.0,0.0003897520816641797,0,1,0.0,3.5449054098972922e-06,0,1,,
5950,5.95,0.0,0.00037074364833937295,0,1,0.0,3.372018332966069e-06,0,1,,
5951,5.9510000000000005,0.0,0.0003526622672471568,0,1,0.0,3.207563058273171e-06,0,1,,
5952,5.952,0.0,0.00033546272551663,0,1,0.0,3.051128361970939e-06,0,1,,
5953,5.953,0.0,0.00031910201533462494,0,1,0.0,2.9023230758354223e-06,0,1,,
5954,5.954,0.0,0.0003035392264037733,0,1,0.0,2.760775109142071e-06,0,1,,
5955,5.955,0.0,0.0002887354436454532,0,1,0.0,2.626130518245108e-06,0,1,,
5956,5.956,0.0,0.0002746536498918228,0,1,0.0,2.4980526215340562e-06,0,1,,
5957,5.957,0.0,0.0002612586333236192,0,1,0.0,2.37622115755434e-06,0,1,,
5958,5.958,0.0,0.00024851689942226936,0,1,0.0,2.260331484186835e-06,0,1,,
5959,5.9590000000000005,0.0,0.00023639658721614712,0,1,0.0,2.150093816883888e-06,0,1,,
5960,5.96,0.0,0.00022486738961154847,0,1,0.0,2.0452325040570046e-06,0,1,,
5961,5.961,0.0,0.0002139004776091711,0,1,0.0,1.9454853378042988e-06,0,1,,
5962,5.962,0.0,0.00020346842821659968,0,1,0.0,1.8506028982541603e-06,0,1,,
5963,5.963,0.0,0.00019354515587654097,0,1,0.0,1.7603479298856583e-06,0,1,,
5964,5.964,0.0,0.00018410584723934305,0,1,0.0,1.6744947482661581e-06,0,1,,
5965,5.965,0.0,0.00017512689911669665,0,1,0.0,1.5928286757226855e-06,0,1,,
5966,5.966,0.0,0.00016658585946136996,0,1,0.0,1.5151455045359245e-06,0,1,,
5967,5.9670000000000005,0.0,0.00015846137122539576,0,1,0.0,1.4412509863145516e-06,0,1,,
5968,5.968,0.0,0.00015073311895632722,0,1,0.0,1.3709603462730773e-06,0,1,,
5969,5.969,0.0,0.0001433817779980248,0,1,0.0,1.304097821198639e-06,0,1,,
5970,5.97,0.0,0.00013638896616895027,0,1,0.0,1.2404962199514164e-06,0,1,,
5971,5.971,0.0,0.00012973719779713793,0,1,0.0,1.179996505399697e-06,0,1,,
5972,5.972,0.0,0.00012340983999690683,0,1,0.0,1.1224473967442074e-06,0,1,,
5973,5.973,0.0,0.00011739107107798288,0,1,0.0,1.067704991237317e-06,0,1,,
5974,5.974,0.0,0.00011166584098303207,0,1,0.0,1.015632404351213e-06,0,1,,
5975,5.9750000000000005,0.0,0.00010621983365467784,0,1,0.0,9.660994274952808e-07,0,1,,
5976,5.976,0.0,0.00010103943123790077,0,1,0.0,9.189822024268052e-07,0,1,,
5977,5.977,0.0,9.611168002830781e-05,0,1,0.0,8.741629115408486e-07,0,1,,
5978,5.978,0.0,9.1424258081124e-05,0,1,0.0,8.3152948326487e-07,0,1,,
5979,5.979,0.0,8.696544439991234e-05,0,1,0.0,7.909753118214184e-07,0,1,,
5980,5.98,0.0,8.272408962797746e-05,0,1,0.0,7.523989906581606e-07,0,1,,
5981,5.981,0.0,7.868958816916648e-05,0,1,0.0,7.157040588786802e-07,0,1,,
5982,5.982,0.0,7.485185166835443e-05,0,1,0.0,6.807987600399921e-07,0,1,,
5983,5.9830000000000005,0.0,7.12012837853016e-05,0,1,0.0,6.475958127136414e-07,0,1,,
5984,5.984,0.0,6.772875619880446e-05,0,1,0.0,6.160121922366692e-07,0,1,,
5985,5.985,0.0,6.442558578113793e-05,0,1,0.0,5.859689231067101e-07,0,1,,
5986,5.986,0.0,6.128351288571322e-05,0,1,0.0,5.57390881502099e-07,0,1,,
5987,5.987,0.0,5.829468069365907e-05,0,1,0.0,5.302066074331873e-07,0,1,,
5988,5.988,0.0,5.5451615567682203e-05,0,1,0.0,5.043481260551468e-07,0,1,,
5989,5.989,0.0,5.274720836408118e-05,0,1,0.0,4.797507776954508e-07,0,1,,
5990,5.99,0.0,5.017469665618419e-05,0,1,0.0,4.563530561710136e-07,0,1,,
5991,5.9910000000000005,0.0,4.772764782475999e-05,0,1,0.0,4.340964549906953e-07,0,1,,
5992,5.992,0.0,4.5399942973119196e-05,0,1,0.0,4.1292532105859917e-07,0,1,,
5993,5.993,0.0,4.3185761626685406e-05,0,1,0.0,3.9278671551234387e-07,0,1,,
5994,5.994,0.0,4.107956717877698e-05,0,1,0.0,3.7363028134833256e-07,0,1,,
5995,5.995,0.0,3.9076093046206444e-05,0,1,0.0,3.5540811750301425e-07,0,1,,
5996,5.996,0.0,3.717032950007931e-05,0,1,0.0,3.380746590752744e-07,0,1,,
5997,5.997,0.0,3.5357511138862356e-05,0,1,0.0,3.215865633904484e-07,0,1,,
5998,5.998,0.0,3.3633104972397624e-05,0,1,0.0,3.059026016210586e-07,0,1,,
5999,5.9990000000000006,0.0,3.1992799087065894e-05,0,1,0.0,2.9098355569327075e-07,0,1,,
6000,6.0,0.0,3.043249186375666e-05,0,1,0.0,2.767921202212814e-07,0,1,5.469357228855134,5.468110181593614
6001,6.001,0.0,2.894828172168391e-05,0,1,0.0,2.6329280922442196e-07,0,1,,
6002,6.002,0.0,2.7536457362401924e-05,0,1,0.0,2.5045186739372317e-07,0,1,,
6003,6.003,0.0,2.6193488489626033e-05,0,1,0.0,2.3823718568606042e-07,0,1,,
6004,6.0040000000000004,0.0,2.491601698165305e-05,0,1,0.0,1.000000226618221,0,1,,
6005,6.005,0.0,2.3700848494307848e-05,0,1,0.0,0.951229640066634,0,1,,
6006,6.006,0.0,2.254494447341907e-05,0,1,0.0,0.9048376230886056,0,1,,
6007,6.007000000000001,0.0,2.1445414556850974e-05,0,1,0.0,0.8607081714771683,0,1,,
6008,6.008,0.0,2.0399509347092585e-05,0,1,0.0,0.8187309386172886,0,1,,
6009,6.009,0.0,1.9404613536331815e-05,0,1,0.0,0.7788009595618529,0,1,,
6010,6.01,0.0,1.8458239366823676e-05,0,1,0.0,0.7408183885646252,0,1,,
6011,6.011,0.0,1.755802041020011e-05,0,1,0.0,0.7046882494138748,0,1,,
6012,6.0120000000000005,0.0,1.670170565016644e-05,0,1,0.0,0.6703201979423757,0,1,,
6013,6.013,0.0,1.5887153853788148e-05,0,1,0.0,0.6376282961199308,0,1,,
6014,6.014,0.0,1.51123282172932e-05,0,1,0.0,0.6065307971635326,0,1,,
6015,6.015000000000001,0.0,1.4375291273001712e-05,0,1,0.0,0.5769499411278265,0,1,,
6016,6.016,0.0,1.3674200044647556e-05,0,1,0.0,0.5488117604647432,0,1,,
6017,6.017,0.0,1.3007301438977733e-05,0,1,0.0,0.5220458950661014,0,1,,
6018,6.018,0.0,1.2372927862106099e-05,0,1,0.0,0.4965854163266878,0,1,,
6019,6.019,0.0,1.1769493049660035e-05,0,1,0.0,0.4723666597878827,0,1,,
6020,6.0200000000000005,0.0,1.1195488100293268e-05,0,1,0.0,0.44932906594335226,0,1,,
6021,6.021,0.0,1.0649477702646558e-05,0,1,0.0,0.42741502880873833,0,1,,
6022,6.022,0.0,1.013009654632167e-05,0,1,0.0,0.40656975187669225,0,1,,
6023,6.023,0.0,9.636045907894233e-06,0,1,0.0,0.38674111109706405,0,1,,
6024,6.024,0.0,9.166090403428692e-06,0,1,0.0,0.3678795245396269,0,1,,
6025,6.025,0.0,8.719054899374993e-06,0,1,0.0,0.34993782841342563,0,1,,
6026,6.026,0.0,8.293821574122605e-06,0,1,0.0,0.33287115913273246,0,1,,
6027,6.027,0.0,7.889327122864251e-06,0,1,0.0,0.3166368411347147,0,1,,
6028,6.0280000000000005,0.0,7.504560098780036e-06,0,1,0.0,0.3011942801682987,0,1,,
6029,6.029,0.0,7.1385583838935554e-06,0,1,0.0,0.2865048617873976,0,1,,
6030,6.03,0.0,6.790406783275814e-06,0,1,0.0,0.27253185479468284,0,1,,
6031,6.031,0.0,6.459234736581197e-06,0,1,0.0,0.2592403193944583,0,1,,
6032,6.032,0.0,6.144214141193153e-06,0,1,0.0,0.24659701982497184,0,1,,
6033,6.033,0.0,5.844557281536312e-06,0,1,0.0,0.23457034125169912,0,1,,
6034,6.034,0.0,5.559514859377244e-06,0,1,0.0,0.22313021071378986,0,1,,
6035,6.035,0.0,5.288374120188584e-06,0,1,0.0,0.21224802192600137,0,1,,
6036,6.0360000000000005,0.0,5.030457070891456e-06,0,1,0.0,0.2018965637480852,0,1,,
6037,6.037,0.0,4.785118784519627e-06,0,1,0.0,0.1920499521427628,0,1,,
6038,6.038,0.0,4.551745787566161e-06,0,1,0.0,0.18268356545214992,0,1,,
6039,6.039,0.0,4.329754525980109e-06,0,1,0.0,0.1737739828307871,0,1,,
6040,6.04,0.0,4.118589905977421e-06,0,1,0.0,0.16529892568132656,0,1,,
6041,6.041,0.0,3.917723906017352e-06,0,1,0.0,0.15723720194643456,0,1,,
6042,6.042,0.0,3.726654256473575e-06,0,1,0.0,0.1495686531176095,0,1,,
6043,6.043,0.0,3.544903183698495e-06,0,1,0.0,0.1422741038284106,0,1,,
6044,6.0440000000000005,0.0,3.3720162153402685e-06,0,1,0.0,0.13533531390605386,0,1,,
6045,6.045,0.0,3.2075610439251995e-06,0,1,0.0,0.1287349327614791,0,1,,
6046,6.046,0.0,3.051126445863877e-06,0,1,0.0,0.12245645600383988,0,1,,
6047,6.047,0.0,2.902321253178005e-06,0,1,0.0,0.11648418417092961,0,1,,
6048,6.048,0.0,2.7607733753767048e-06,0,1,0.0,0.11080318347234855,0,1,,
6049,6.049,0.0,2.6261288690364764e-06,0,1,0.0,0.10539924844724914,0,1,,
6050,6.05,0.0,2.4980510527582785e-06,0,1,0.0,0.10025886644328458,0,1,,
6051,6.051,0.0,2.37621966528866e-06,0,1,0.0,0.09536918382793953,0,1,,
6052,6.0520000000000005,0.0,2.260330064699811e-06,0,1,0.0,0.09071797384775372,0,1,,
6053,6.053,0.0,2.1500924666260628e-06,0,1,0.0,0.0862936060550696,0,1,,
6054,6.054,0.0,2.0452312196520305e-06,0,1,0.0,0.08208501722585518,0,1,,
6055,6.055,0.0,1.9454841160404943e-06,0,1,0.0,0.07808168369588142,0,1,,
6056,6.056,0.0,1.8506017360764797e-06,0,1,0.0,0.07427359504608007,0,1,,
6057,6.057,0.0,1.760346824388052e-06,0,1,0.0,0.07065122907128182,0,1,,
6058,6.058,0.0,1.674493696684306e-06,0,1,0.0,0.06720552796974352,0,1,,
6059,6.059,0.0,1.5928276754270856e-06,0,1,0.0,0.06392787569392577,0,1,,
6060,6.0600000000000005,0.0,1.5151445530253168e-06,0,1,0.0,0.0608100764058862,0,1,,
6061,6.061,0.0,1.4412500812096637e-06,0,1,0.0,0.057844333983415576,0,1,,
6062,6.062,0.0,1.3709594853106758e-06,0,1,0.0,0.05502323252567149,0,1,,
6063,6.063,0.0,1.3040970022258692e-06,0,1,0.0,0.05233971780956346,0,1,,
6064,6.064,0.0,1.2404954409204199e-06,0,1,0.0,0.04978707965052082,0,1,,
6065,6.065,0.0,1.1799957643624905e-06,0,1,0.0,0.04735893512353613,0,1,,
6066,6.066,0.0,1.122446691847812e-06,0,1,0.0,0.04504921260252792,0,1,,
6067,6.067,0.0,1.0677043207191244e-06,0,1,0.0,0.042852136578112945,0,1,,
6068,6.0680000000000005,0.0,1.0156317665345785e-06,0,1,0.0,0.04076221321582437,0,1,,
6069,6.069,0.0,9.660988207853305e-07,0,1,0.0,0.038774216618664016,0,1,,
6070,6.07,0.0,9.189816253064484e-07,0,1,0.0,0.036883175759637794,0,1,,
6071,6.071,0.0,8.741623625669837e-07,0,1,0.0,0.03508436205159894,0,1,,
6072,6.072,0.0,8.315289610647764e-07,0,1,0.0,0.03337327752331715,0,1,,
6073,6.073,0.0,7.909748150893239e-07,0,1,0.0,0.03174564357220759,0,1,,
6074,6.074,0.0,7.523985181519763e-07,0,1,0.0,0.030197390265595817,0,1,,
6075,6.075,0.0,7.157036094168944e-07,0,1,0.0,0.028724646163766174,0,1,,
6076,6.0760000000000005,0.0,6.807983324987163e-07,0,1,0.0,0.02732372863934594,0,1,,
6077,6.077,0.0,6.475954060237996e-07,0,1,0.0,0.025991134668818715,0,1,,
6078,6.078,0.0,6.160118053813252e-07,0,1,0.0,0.024723532073140982,0,1,,
6079,6.079,0.0,5.859685551185238e-07,0,1,0.0,0.023517751185558843,0,1,,
6080,6.08,0.0,5.573905314609083e-07,0,1,0.0,0.022370776925790124,0,1,,
6081,6.081,0.0,5.302062744637069e-07,0,1,0.0,0.02127974126075319,0,1,,
6082,6.082,0.0,5.043478093247795e-07,0,1,0.0,0.020241916032990356,0,1,,
6083,6.083,0.0,4.797504764122059e-07,0,1,0.0,0.019254706138853193,0,1,,
6084,6.0840000000000005,0.0,4.56352769581526e-07,0,1,0.0,0.018315643039391687,0,1,,
6085,6.085,0.0,4.340961823783419e-07,0,1,0.0,0.01742237858772106,0,1,,
6086,6.086,0.0,4.1292506174170716e-07,0,1,0.0,0.016572679157431467,0,1,,
6087,6.087,0.0,3.9278646884248593e-07,0,1,0.0,0.01576442005735851,0,1,,
6088,6.088,0.0,3.7363004670870553e-07,0,1,0.0,0.014995580218748649,0,1,,
6089,6.089,0.0,3.5540789430689683e-07,0,1,0.0,0.014264237141534568,0,1,,
6090,6.09,0.0,3.380744467645601e-07,0,1,0.0,0.013568562087083636,0,1,,
6091,6.091,0.0,3.2158636143424975e-07,0,1,0.0,0.012906815505398775,0,1,,
6092,6.0920000000000005,0.0,3.0590240951438e-07,0,1,0.0,0.012277342685337369,0,1,,
6093,6.093,0.0,2.909833729557454e-07,0,1,0.0,0.011678569616971515,0,1,,
6094,6.094,0.0,2.767919463959703e-07,0,1,0.0,0.011108999055743338,0,1,,
6095,6.095,0.0,2.6329264387667135e-07,0,1,0.0,0.010567206778573712,0,1,,
6096,6.096,0.0,2.504517101100775e-07,0,1,0.0,0.010051838022562716,0,1,,
6097,6.097,0.0,2.382370360732287e-07,0,1,0.0,0.009561604097376728,0,1,,
6098,6.098,0.0,2.2661807871869318e-07,0,1,0.0,0.009095279162851334,0,1,,
6099,6.099,0.0,2.1556578460104002e-07,0,1,0.0,0.00865169716375241,0,1,,
6100,6.1000000000000005,0.0,2.0505251722809218e-07,0,1,0.0,0.008229748914030666,0,1,5.504329600956367,5.473032620229879
6101,6.101,0.0,1.9505198795530088e-07,0,1,0.0,0.007828379323278766,0,1,,
6102,6.102,0.0,1.8553919025044107e-07,0,1,0.0,0.0074465847584557505,0,1,,
6103,6.103,0.0,1.7649033716425556e-07,0,1,0.0,0.007083410534281652,0,1,,
6104,6.104,0.0,1.678828018506918e-07,0,1,0.0,0.006737948526027031,0,1,,
6105,6.105,0.0,1.5969506098800097e-07,0,1,0.0,0.006409334898728127,0,1,,
6106,6.106,0.0,1.519066409592226e-07,0,1,0.0,0.006096747947149498,0,1,,
6107,6.107,0.0,1.444980666574779e-07,0,1,0.0,0.005799406041092927,0,1,,
6108,6.1080000000000005,0.0,1.3745081278805853e-07,0,1,0.0,0.005516565670914789,0,1,,
6109,6.109,0.0,1.3074725754554028e-07,0,1,0.0,0.00524751958836467,0,1,,
6110,6.11,0.0,1.2437063855009092e-07,0,1,0.0,0.004991595038096349,0,1,,
6111,6.111,0.0,1.183050109327893e-07,0,1,0.0,0.00474815207542901,0,1,,
6112,6.112,0.0,1.1253520746514784e-07,0,1,0.0,0.004516581966152208,0,1,,
6113,6.113,0.0,1.0704680063314104e-07,0,1,0.0,0.0042963056643732685,0,1,,
6114,6.114,0.0,1.0182606656090542e-07,0,1,0.0,0.004086772364600942,0,1,,
6115,6.115,0.0,9.685995069390146e-08,0,1,0.0,0.0038874581244447764,0,1,,
6116,6.1160000000000005,0.0,9.213603515572742e-08,0,1,0.0,0.00369786455448623,0,1,,
6117,6.117,0.0,8.764250769696015e-08,0,1,0.0,0.0035175175720455255,0,1,,
6118,6.118,0.0,8.33681321583788e-08,0,1,0.0,0.003345966215728014,0,1,,
6119,6.119,0.0,7.930222037471414e-08,0,1,0.0,0.003182781517785791,0,1,,
6120,6.12,0.0,7.543460544866812e-08,0,1,0.0,0.003027555431474887,0,1,,
6121,6.121,0.0,7.1755616328375e-08,0,1,0.0,0.0028798998107258675,0,1,,
6122,6.122,0.0,6.825605362473419e-08,0,1,0.0,0.002739445439576482,0,1,,
6123,6.123,0.0,1.0000000649271665,0,1,0.0,0.0026058411089394428,0,1,,
6124,6.1240000000000006,0.0,0.9512294862613453,0,1,0.0,0.0024787527383967685,0,1,,
6125,6.125,0.0,0.9048374767844893,0,1,0.0,0.002357862540824727,0,1,,
6126,6.126,0.0,0.860708032308388,0,1,0.0,0.0022428682277604965,0,1,,
6127,6.127,0.0,0.8187308062358499,0,1,0.0,0.0021334822535235536,0,1,,
6128,6.128,0.0,0.7788008336367331,0,1,0.0,0.0020294310962016963,0,1,,
6129,6.1290000000000004,0.0,0.740818268780946,0,1,0.0,0.0019304545737037927,0,1,,
6130,6.13,0.0,0.7046881354721146,0,1,0.0,0.00183630519316903,0,1,,
6131,6.131,0.0,0.6703200895576208,0,1,0.0,0.0017467475321058488,0,1,,
6132,6.132000000000001,0.0,0.6376281930211627,0,1,0.0,0.001661557649713089,0,1,,
6133,6.133,0.0,0.6065306990929508,0,1,0.0,0.0015805225269113407,0,1,,
6134,6.134,0.0,0.5769498478402033,0,1,0.0,0.001503439533684289,0,1,,
6135,6.135,0.0,0.5488116717268111,0,1,0.0,0.001430115922398128,0,1,,
6136,6.136,0.0,0.5220458106559693,0,1,0.0,0.001360368345832079,0,1,,
6137,6.1370000000000005,0.0,0.4965853360332864,0,1,0.0,0.0012940223987148367,0,1,,
6138,6.138,0.0,0.47236658341043675,0,1,0.0,0.0012309121816205476,0,1,,
6139,6.139,0.0,0.4493289932908783,0,1,0.0,0.0011708798861338318,0,1,,
6140,6.140000000000001,0.0,0.42741495969956733,0,1,0.0,0.0011137754002465464,0,1,,
6141,6.141,0.0,0.4065696861380153,0,1,0.0,0.0010594559329995747,0,1,,
6142,6.142,0.0,0.3867410485645002,0,1,0.0,0.0010077856574310525,0,1,,
6143,6.143,0.0,0.36787946505681224,0,1,0.0,0.0009586353709382137,0,1,,
6144,6.144,0.0,0.34993777183162206,0,1,0.0,0.0009118821722035855,0,1,,
6145,6.1450000000000005,0.0,0.332871105310456,0,1,0.0,0.0008674091538776776,0,1,,
6146,6.146,0.0,0.31663678993738165,0,1,0.0,0.0008251051102497145,0,1,,
6147,6.147,0.0,0.30119423146788904,0,1,0.0,0.0007848642591754342,0,1,,
6148,6.148,0.0,0.28650481546213497,0,1,0.0,0.0007465859775666275,0,1,,
6149,6.149,0.0,0.2725318107287299,0,1,0.0,0.000710174549781006,0,1,,
6150,6.15,0.0,0.25924027747762723,0,1,0.0,0.00067553892828324,0,1,,
6151,6.151,0.0,0.24659697995244878,0,1,0.0,0.0006425925059786956,0,1,,
6152,6.152,0.0,0.23457030332378195,0,1,0.0,0.0006112528996505862,0,1,,
6153,6.1530000000000005,0.0,0.22313017463563903,0,1,0.0,0.0005814417439590197,0,1,,
6154,6.154,0.0,0.21224798760740274,0,1,0.0,0.0005530844954868299,0,1,,
6155,6.155,0.0,0.2018965311032244,0,1,0.0,0.000526110246342205,0,1,,
6156,6.156,0.0,0.19204992109001065,0,1,0.0,0.0005004515468520246,0,1,,
6157,6.157,0.0,0.18268353591385836,0,1,0.0,0.00047604423690254344,0,1,,
6158,6.158,0.0,0.173773954733095,0,1,0.0,0.000452827285505688,0,1,,
6159,6.159,0.0,0.1652988989539751,0,1,0.0,0.0004307426381897961,0,1,,
6160,6.16,0.0,0.1572371765225914,0,1,0.0,0.00040973507183319905,0,1,,
6161,6.1610000000000005,0.0,0.1495686289337018,0,1,0.0,0.00038975205657765266,0,1,,
6162,6.162,0.0,0.142274080823966,0,1,0.0,0.0003707436244763303,0,1,,
6163,6.163,0.0,0.13533529202354924,0,1,0.0,0.00035266224454792846,0,1,,
6164,6.164,0.0,0.12873491194619682,0,1,0.0,0.00033546270392445607,0,1,,
6165,6.165,0.0,0.1224564362037309,0,1,0.0,0.0003191019947955138,0,1,,
6166,6.166,0.0,0.11648416533648334,0,1,0.0,0.0003035392068663664,0,1,,
6167,6.167,0.0,0.11080316555646907,0,1,0.0,0.0002887354250608969,0,1,,
6168,6.168,0.0,0.10539923140513742,0,1,0.0,0.000274653632213646,0,1,,
6169,6.1690000000000005,0.0,0.10025885023232645,0,1,0.0,0.00026125861650761725,0,1,,
6170,6.17,0.0,0.09536916840759917,0,1,0.0,0.0002485168834263935,0,1,,
6171,6.171,0.0,0.09071795917947223,0,1,0.0,0.00023639657200039932,0,1,,
6172,6.172,0.0,0.08629359210216864,0,1,0.0,0.00022486737513788144,0,1,,
6173,6.173,0.0,0.08208500395344523,0,1,0.0,0.00021390046384139313,0,1,,
6174,6.174,0.0,0.07808167107077454,0,1,0.0,0.00020346841512028417,0,1,,
6175,6.175,0.0,0.07427358303670692,0,1,0.0,0.0001935451434189403,0,1,,
6176,6.176,0.0,0.07065121764761272,0,1,0.0,0.00018410583538930672,0,1,,
6177,6.1770000000000005,0.0,0.06720551710321333,0,1,0.0,0.00017512688784459342,0,1,,
6178,6.178,0.0,0.06392786535736251,0,1,0.0,0.00016658584873901369,0,1,,
6179,6.179,0.0,0.06081006657344308,0,1,0.0,0.000158461361025975,0,1,,
6180,6.18,0.0,0.057844324630506365,0,1,0.0,0.00015073310925433806,0,1,,
6181,6.181,0.0,0.055023223628909046,0,1,0.0,0.00014338176876920724,0,1,,
6182,6.182,0.0,0.05233970934670124,0,1,0.0,0.00013638895739022746,0,1,,
6183,6.183,0.0,0.04978707160039726,0,1,0.0,0.00012973718944655848,0,1,,
6184,6.184,0.0,0.04735892746602173,0,1,0.0,0.00012340983205358992,0,1,,
6185,6.1850000000000005,0.0,0.04504920531847491,0,1,0.0,0.00011739106352206611,0,1,,
6186,6.186,0.0,0.042852129649307395,0,1,0.0,0.00011166583379562171,0,1,,
6187,6.187,0.0,0.04076220662494066,0,1,0.0,0.00010621982681780162,0,1,,
6188,6.188,0.0,0.038774210349221495,0,1,0.0,0.00010103942473446295,0,1,,
6189,6.189,0.0,0.03688316979595959,0,1,0.0,9.61116738420464e-05,0,1,,
6190,6.19,0.0,0.03508435637877276,0,1,0.0,9.142425219657013e-05,0,1,,
6191,6.191,0.0,0.03337327212715797,0,1,0.0,8.696543880235154e-05,0,1,,
6192,6.192,0.0,0.03174563843922219,0,1,0.0,8.272408430341293e-05,0,1,,
6193,6.1930000000000005,0.0,0.030197385382949072,0,1,0.0,7.868958310428403e-05,0,1,,
6194,6.194,0.0,0.02872464151924892,0,1,0.0,7.485184685048921e-05,0,1,,
6195,6.195,0.0,0.027323724221344468,0,1,0.0,7.120127920240643e-05,0,1,,
6196,6.196,0.0,0.02599113046628572,0,1,0.0,6.772875183941973e-05,0,1,,
6197,6.197,0.0,0.02472352807556794,0,1,0.0,6.44255816343629e-05,0,1,,
6198,6.198,0.0,0.023517747382949736,0,1,0.0,6.12835089411788e-05,0,1,,
6199,6.199,0.0,0.02237077330863645,0,1,0.0,5.8294676941501865e-05,0,1,,
6200,6.2,0.0,0.021279737820010185,0,1,0.0,5.545161199851986e-05,0,1,6.109317551479458,5.471151102010906
6201,6.2010000000000005,0.0,0.020241912760054367,0,1,0.0,5.274720496898894e-05,0,1,,
6202,6.202,0.0,0.019254703025540176,0,1,0.0,5.017469342667255e-05,0,1,,
6203,6.203,0.0,0.018315640077916737,0,1,0.0,4.772764475275349e-05,0,1,,
6204,6.204,0.0,0.01742237577067895,0,1,0.0,4.5399940050936226e-05,0,1,,
6205,6.205,0.0,0.016572676477778124,0,1,0.0,4.318575884701898e-05,0,1,,
6206,6.206,0.0,0.015764417508393407,0,1,0.0,4.1079564534676484e-05,0,1,,
6207,6.207,0.0,0.01499557779409804,0,1,0.0,3.907609053106025e-05,0,1,,
6208,6.208,0.0,0.014264234835135566,0,1,0.0,3.717032710759824e-05,0,1,,
6209,6.2090000000000005,0.0,0.013568559893169041,0,1,0.0,3.5357508863063964e-05,0,1,,
6210,6.21,0.0,0.012906813418482656,0,1,0.0,3.363310280759123e-05,0,1,,
6211,6.211,0.0,0.01227734070020135,0,1,0.0,3.1992797027838356e-05,0,1,,
6212,6.212,0.0,0.011678567728651723,0,1,0.0,3.0432489904958834e-05,0,1,,
6213,6.213,0.0,0.01110899725951799,0,1,0.0,2.894827985841778e-05,0,1,,
6214,6.214,0.0,0.010567205069951307,0,1,0.0,2.7536455590008355e-05,0,1,,
6215,6.215,0.0,0.010051836397270808,0,1,0.0,2.6193486803673118e-05,0,1,,
6216,6.216,0.0,0.009561602551351241,0,1,0.0,2.4916015377925028e-05,0,1,,
6217,6.2170000000000005,0.0,0.0090952776922264,0,1,0.0,2.3700846968794565e-05,0,1,,
6218,6.218,0.0,0.008651695764850701,0,1,0.0,2.2544943022305944e-05,0,1,,
6219,6.219,0.0,0.008229747583354197,0,1,0.0,2.144541317650947e-05,0,1,,
6220,6.22,0.0,0.007828378057500154,0,1,0.0,2.0399508034071133e-05,0,1,,
6221,6.221,0.0,0.007446583554409889,0,1,0.0,1.9404612287347176e-05,0,1,,
6222,6.222,0.0,0.007083409388957801,0,1,0.0,1.8458238178752737e-05,0,1,,
6223,6.223,0.0,0.006737947436561283,0,1,0.0,1.7558019280072073e-05,0,1,,
6224,6.224,0.0,0.0064093338623962505,0,1,0.0,1.67017045751554e-05,0,1,,
6225,6.2250000000000005,0.0,0.0060967469613601236,0,1,0.0,1.5887152831206013e-05,0,1,,
6226,6.226,0.0,0.005799405103381067,0,1,0.0,1.5112327244582984e-05,0,1,,
6227,6.227,0.0,0.005516564778935676,0,1,0.0,1.4375290347731133e-05,0,1,,
6228,6.228,0.0,0.005247518739887892,0,1,0.0,1.3674199164502956e-05,0,1,,
6229,6.229,0.0,0.004991594231000271,0,1,0.0,1.3007300601758291e-05,0,1,,
6230,6.23,0.0,0.004748151307695472,0,1,0.0,1.237292706571833e-05,0,1,,
6231,6.231,0.0,0.004516581235861477,0,1,0.0,1.1769492292112556e-05,0,1,,
6232,6.232,0.0,0.004296304969699236,0,1,0.0,1.1195487379691817e-05,0,1,,
6233,6.2330000000000005,0.0,0.004086771703806562,0,1,0.0,1.0649477017189254e-05,0,1,,
6234,6.234,0.0,0.003887457495877718,0,1,0.0,1.0130095894294514e-05,0,1,,
6235,6.235,0.0,0.0036978639565747487,0,1,0.0,9.636045287666816e-06,0,1,,
6236,6.236,0.0,0.0035175170032945317,0,1,0.0,9.166089813450122e-06,0,1,,
6237,6.237,0.0,0.0033459656747153337,0,1,0.0,8.719054338170017e-06,0,1,,
6238,6.238,0.0,0.00318278100315861,0,1,0.0,8.293821040287919e-06,0,1,,
6239,6.239,0.0,0.00302755494194637,0,1,0.0,7.88932661506499e-06,0,1,,
6240,6.24,0.0,0.002879899345071938,0,1,0.0,7.5045596157464375e-06,0,1,,
6241,6.2410000000000005,0.0,0.002739444996632763,0,1,0.0,7.138557924417783e-06,0,1,,
6242,6.242,0.0,0.0026058406875983436,0,1,0.0,6.7904063462089395e-06,0,1,,
6243,6.243,0.0,0.0024787523376047175,0,1,0.0,6.459234320830326e-06,0,1,,
6244,6.244,0.0,0.002357862159579535,0,1,0.0,6.144213745718691e-06,0,1,,
6245,6.245,0.0,0.0022428678651088517,0,1,0.0,5.844556905349367e-06,0,1,,
6246,6.246,0.0,0.002133481908558638,0,1,0.0,5.559514501537153e-06,0,1,,
6247,6.247,0.0,0.0020294307680609183,0,1,0.0,5.2883737798005595e-06,0,1,,
6248,6.248,0.0,0.0019304542615666293,0,1,0.0,5.030456747104352e-06,0,1,,
6249,6.2490000000000006,0.0,0.0018363048962549756,0,1,0.0,4.785118476523807e-06,0,1,,
6250,6.25,0.0,0.0017467472496724638,0,1,0.0,4.551745494591474e-06,0,1,,
6251,6.251,0.0,0.0016615573810541428,0,1,0.0,4.3297542472939655e-06,0,1,,
6252,6.252,0.0,0.0015805222713550459,0,1,0.0,4.118589640882961e-06,0,1,,
6253,6.253,0.0,0.0015034392905916216,0,1,0.0,3.917723653851702e-06,0,1,,
6254,6.2540000000000004,0.0,0.0014301156911612298,0,1,0.0,3.7266540166061888e-06,0,1,,
6255,6.255,0.0,0.0013603681258727376,0,1,0.0,3.5449029555295794e-06,0,1,,
6256,6.256,0.0,0.001294022189483039,0,1,0.0,3.372015998299282e-06,0,1,,
6257,6.257000000000001,0.0,0.001230911982593105,0,1,0.0,3.2075608374694266e-06,0,1,,
6258,6.258,0.0,0.0011708796968130722,0,1,0.0,3.051126249477071e-06,0,1,,
6259,6.259,0.0,0.0011137752201590692,0,1,0.0,2.9023210663690964e-06,0,1,,
6260,6.26,0.0,0.0010594557616950674,0,1,0.0,2.760773197678574e-06,0,1,,
6261,6.261,0.0,0.0010077854944811645,0,1,0.0,2.6261287000047862e-06,0,1,,
6262,6.2620000000000005,0.0,0.0009586352159354856,0,1,0.0,2.498050891970361e-06,0,1,,
6263,6.263,0.0,0.0009118820247604297,0,1,0.0,2.376219512342462e-06,0,1,,
6264,6.264,0.0,0.0008674090136254095,0,1,0.0,2.2603299192128873e-06,0,1,,
6265,6.265000000000001,0.0,0.0008251049768376302,0,1,0.0,2.15009232823462e-06,0,1,,
6266,6.266,0.0,0.000784864132269934,0,1,0.0,2.045231088010018e-06,0,1,,
6267,6.267,0.0,0.0007465858568503816,0,1,0.0,1.9454839908187387e-06,0,1,,
6268,6.268,0.0,0.0007101744349521609,0,1,0.0,1.8506016169618612e-06,0,1,,
6269,6.269,0.0,0.0006755388190546638,0,1,0.0,1.7603467110827221e-06,0,1,,
6270,6.2700000000000005,0.0,0.0006425924020772598,0,1,0.0,1.6744935889049425e-06,0,1,,
6271,6.271,0.0,0.0006112528008164833,0,1,0.0,1.5928275729041836e-06,0,1,,
6272,6.272,0.0,0.000581441649945113,0,1,0.0,1.5151444555025158e-06,0,1,,
6273,6.273,0.0,0.0005530844060580354,0,1,0.0,1.4412499884431057e-06,0,1,,
6274,6.274,0.0,0.0005261101612749042,0,1,0.0,1.370959397068396e-06,0,1,,
6275,6.275,0.0,0.000500451465933505,0,1,0.0,1.3040969182872164e-06,0,1,,
6276,6.276,0.0,0.0004760441599304666,0,1,0.0,1.2404953610755035e-06,0,1,,
6277,6.277,0.0,0.0004528272122875836,0,1,0.0,1.1799956884116567e-06,0,1,,
6278,6.2780000000000005,0.0,0.0004307425685425808,0,1,0.0,1.122446619601144e-06,0,1,,
6279,6.279,0.0,0.0004097350055827185,0,1,0.0,1.067704251995968e-06,0,1,,
6280,6.28,0.0,0.0003897519935582462,0,1,0.0,1.01563170116309e-06,0,1,,
6281,6.281,0.0,0.0003707435645304165,0,1,0.0,9.660987586020472e-07,0,1,,
6282,6.282,0.0,0.0003526621875256114,0,1,0.0,9.189815661558796e-07,0,1,,
6283,6.283,0.0,0.00033546264968315024,0,1,0.0,8.741623063012223e-07,0,1,,
6284,6.284,0.0,0.0003191019431995876,0,1,0.0,8.315289075431286e-07,0,1,,
6285,6.285,0.0,0.0003035391577868033,0,1,0.0,7.909747641779577e-07,0,1,,
6286,6.2860000000000005,0.0,0.00028873537837497234,0,1,0.0,7.523984697235866e-07,0,1,,
6287,6.287,0.0,0.00027465358780462087,0,1,0.0,7.157035633503852e-07,0,1,,
6288,6.288,0.0,0.00026125857426444584,0,1,0.0,6.807982886788973e-07,0,1,,
6289,6.289,0.0,0.0002485168432434459,0,1,0.0,6.475953643410984e-07,0,1,,
6290,6.29,0.0,0.00023639653377719718,0,1,0.0,6.160117657315132e-07,0,1,,
6291,6.291,0.0,0.00022486733877884687,0,1,0.0,5.85968517402456e-07,0,1,,
6292,6.292,0.0,0.0002139004292556096,0,1,0.0,5.573904955842748e-07,0,1,,
6293,6.293,0.0,0.0002034683822212692,0,1,0.0,5.302062403367976e-07,0,1,,
6294,6.2940000000000005,0.0,0.00019354511212442923,0,1,0.0,5.043477768622592e-07,0,1,,
6295,6.295,0.0,0.00018410580562104698,0,1,0.0,4.797504455329013e-07,0,1,,
6296,6.296,0.0,0.00017512685952814883,0,1,0.0,4.5635274020822285e-07,0,1,,
6297,6.297,0.0,0.00016658582180357839,0,1,0.0,4.3409615443759165e-07,0,1,,
6298,6.298,0.0,0.00015846133540419637,0,1,0.0,4.129250351636434e-07,0,1,,
6299,6.299,0.0,0.00015073308488214833,0,1,0.0,3.927864435606496e-07,0,1,,
6300,6.3,0.0,0.00014338174558566324,0,1,0.0,3.736300226598789e-07,0,1,6.41394384237457,5.593624003222364
6301,6.301,0.0,0.00013638893533735825,0,1,0.0,3.5540787143094536e-07,0,1,,
6302,6.3020000000000005,0.0,0.0001297371684692204,0,1,0.0,3.3807442500428193e-07,0,1,,
6303,6.303,0.0,0.0001234098120993287,0,1,0.0,3.215863407352329e-07,0,1,,
6304,6.304,0.0,0.00011739104454098569,0,1,0.0,3.059023898248661e-07,0,1,,
6305,6.305,0.0,0.0001116658157402595,0,1,0.0,2.9098335422650044e-07,0,1,,
6306,6.306,0.0,0.00010621980964300982,0,1,0.0,2.7679192858016144e-07,0,1,,
6307,6.307,0.0,0.00010103940839729562,0,1,0.0,2.632926269297497e-07,0,1,,
6308,6.308,0.0,9.611165830165212e-05,0,1,0.0,2.50451693989667e-07,0,1,,
6309,6.309,0.0,9.142423741408982e-05,0,1,0.0,2.382370207390199e-07,0,1,,
6310,6.3100000000000005,0.0,8.696542474082131e-05,0,1,0.0,2.2661806413234256e-07,0,1,,
6311,6.311,0.0,8.272407092767162e-05,0,1,0.0,2.1556577072607413e-07,0,1,,
6312,6.312,0.0,7.868957038088532e-05,0,1,0.0,2.0505250402981636e-07,0,1,,
6313,6.313,0.0,7.485183474761797e-05,0,1,0.0,1.9505197540071255e-07,0,1,,
6314,6.314,0.0,7.120126768979919e-05,0,1,0.0,1.8553917830814724e-07,0,1,,
6315,6.315,0.0,6.772874088828896e-05,0,1,0.0,1.7649032580439426e-07,0,1,,
6316,6.316,0.0,6.442557121732509e-05,0,1,0.0,1.6788279104485747e-07,0,1,,
6317,6.317,0.0,6.128349903218591e-05,0,1,0.0,1.5969505070917338e-07,0,1,,
6318,6.3180000000000005,0.0,5.829466751577627e-05,0,1,0.0,1.5190663118169934e-07,0,1,,
6319,6.319,0.0,5.545160303249233e-05,0,1,0.0,1.4449805735681008e-07,0,1,,
6320,6.32,0.0,5.274719644023973e-05,0,1,0.0,1.3745080394098963e-07,0,1,,
6321,6.321,0.0,5.017468531387535e-05,0,1,0.0,1.3074724912994804e-07,0,1,,
6322,6.322,0.0,4.7727637035622074e-05,0,1,0.0,1.2437063054493195e-07,0,1,,
6323,6.323,0.0,4.539993271017375e-05,0,1,0.0,1.1830500331804655e-07,0,1,,
6324,6.324,0.0,4.318575186426972e-05,0,1,0.0,1.1253520022178048e-07,0,1,,
6325,6.325,0.0,4.107955789247992e-05,0,1,0.0,1.0704679374303687e-07,0,1,,
6326,6.3260000000000005,0.0,3.907608421280744e-05,0,1,0.0,1.018260600068356e-07,0,1,,
6327,6.327,0.0,3.7170321097490256e-05,0,1,0.0,9.685994445947741e-08,0,1,,
6328,6.328,0.0,3.535750314607241e-05,0,1,0.0,9.213602922535981e-08,0,1,,
6329,6.329,0.0,3.363309736942064e-05,0,1,0.0,8.764250205581998e-08,0,1,,
6330,6.33,0.0,3.199279185489047e-05,0,1,0.0,1.0000000833681268,0,1,,
6331,6.331,0.0,3.0432484984298594e-05,0,1,0.0,0.9512295038029294,0,1,,
6332,6.332,0.0,2.894827517774097e-05,0,1,0.0,0.9048374934705603,0,1,,
6333,6.333,0.0,2.753645113761085e-05,0,1,0.0,0.8607080481806697,0,1,,
6334,6.3340000000000005,0.0,2.6193482568421598e-05,0,1,0.0,0.8187308213340313,0,1,,
6335,6.335,0.0,2.491601134922916e-05,0,1,0.0,0.7788008479985675,0,1,,
6336,6.336,0.0,2.370084313658051e-05,0,1,0.0,0.7408182824423455,0,1,,
6337,6.337,0.0,2.2544939376991178e-05,0,1,0.0,0.7046881484672397,0,1,,
6338,6.338,0.0,2.1445409708978806e-05,0,1,0.0,0.6703201019189662,0,1,,
6339,6.339,0.0,2.0399504735653933e-05,0,1,0.0,0.6376282047796382,0,1,,
6340,6.34,0.0,1.940460914979568e-05,0,1,0.0,0.6065307102779587,0,1,,
6341,6.341,0.0,1.8458235194221434e-05,0,1,0.0,0.5769498584797119,0,1,,
6342,6.3420000000000005,0.0,1.755801644109808e-05,0,1,0.0,0.5488116818474248,0,1,,
6343,6.343,0.0,1.67017018746398e-05,0,1,0.0,0.5220458202829948,0,1,,
6344,6.344,0.0,1.5887150262396112e-05,0,1,0.0,0.49658534519079633,0,1,,
6345,6.345,0.0,1.5112324801055421e-05,0,1,0.0,0.4723665921213296,0,1,,
6346,6.346,0.0,1.4375288023375815e-05,0,1,0.0,0.44932900157693584,0,1,,
6347,6.347,0.0,1.3674196953507783e-05,0,1,0.0,0.4274149675815091,0,1,,
6348,6.348,0.0,1.3007298498594626e-05,0,1,0.0,0.40656969363555023,0,1,,
6349,6.349,0.0,1.2372925065127167e-05,0,1,0.0,0.38674105569637607,0,1,,
6350,6.3500000000000005,0.0,1.1769490389091375e-05,0,1,0.0,0.3678794718408624,0,1,,
6351,6.351,0.0,1.1195485569482074e-05,0,1,0.0,0.34993777828481015,0,1,,
6352,6.352,0.0,1.0649475295264481e-05,0,1,0.0,0.3328711114489184,0,1,,
6353,6.353,0.0,1.0130094256349004e-05,0,1,0.0,0.3166367957764677,0,1,,
6354,6.354,0.0,9.636043729604851e-06,0,1,0.0,0.3011942370221995,0,1,,
6355,6.355,0.0,9.166088331375737e-06,0,1,0.0,0.2865048207455585,0,1,,
6356,6.356,0.0,8.719052928377253e-06,0,1,0.0,0.2725318157544778,0,1,,
6357,6.357,0.0,8.29381969925156e-06,0,1,0.0,0.25924028225826656,0,1,,
6358,6.3580000000000005,0.0,7.889325339431746e-06,0,1,0.0,0.24659698449993356,0,1,,
6359,6.359,0.0,7.50455840232656e-06,0,1,0.0,0.2345703076494833,0,1,,
6360,6.36,0.0,7.138556770177091e-06,0,1,0.0,0.22313017875037344,0,1,,
6361,6.361,0.0,6.79040524826123e-06,0,1,0.0,0.21224799152145918,0,1,,
6362,6.362,0.0,6.459233276430158e-06,0,1,0.0,0.20189653482639003,0,1,,
6363,6.363,0.0,6.144212752254521e-06,0,1,0.0,0.19204992463159534,0,1,,
6364,6.364,0.0,5.844555960337016e-06,0,1,0.0,0.18268353928271794,0,1,,
6365,6.365,0.0,5.559513602613597e-06,0,1,0.0,0.17377395793765338,0,1,,
6366,6.3660000000000005,0.0,5.2883729247180236e-06,0,1,0.0,0.1652989020022453,0,1,,
6367,6.367,0.0,5.030455933724684e-06,0,1,0.0,0.15723717942219573,0,1,,
6368,6.368,0.0,4.785117702813133e-06,0,1,0.0,0.14956863169189075,0,1,,
6369,6.369,0.0,4.551744758615115e-06,0,1,0.0,0.14227408344763648,0,1,,
6370,6.37,0.0,4.329753547211598e-06,0,1,0.0,0.13533529451926182,0,1,,
6371,6.371,0.0,4.118588974944013e-06,0,1,0.0,0.12873491432019207,0,1,,
6372,6.372,0.0,3.917723020390979e-06,0,1,0.0,0.12245643846194504,0,1,,
6373,6.373,0.0,3.72665341403971e-06,0,1,0.0,0.11648416748456308,0,1,,
6374,6.3740000000000006,0.0,3.5449023823506146e-06,0,1,0.0,0.11080316759978573,0,1,,
6375,6.375,0.0,3.372015453074585e-06,0,1,0.0,0.10539923334880034,0,1,,
6376,6.376,0.0,3.207560318835652e-06,0,1,0.0,0.10025885208119581,0,1,,
6377,6.377,0.0,3.051125756137364e-06,0,1,0.0,0.0953691701662981,0,1,,
6378,6.378,0.0,2.9023205970898505e-06,0,1,0.0,0.09071796085239842,0,1,,
6379,6.3790000000000004,0.0,2.7607727512863474e-06,0,1,0.0,0.08629359369350525,0,1,,
6380,6.38,0.0,2.626128275383365e-06,0,1,0.0,0.08208500546717144,0,1,,
6381,6.381,0.0,2.4980504880579708e-06,0,1,0.0,0.07808167251067545,0,1,,
6382,6.382000000000001,0.0,2.3762191281291113e-06,0,1,0.0,0.07427358440638303,0,1,,
6383,6.383,0.0,2.260329553737843e-06,0,1,0.0,0.07065121895048894,0,1,,
6384,6.384,0.0,2.150091980584004e-06,0,1,0.0,0.06720551834254754,0,1,,
6385,6.385,0.0,2.0452307573145224e-06,0,1,0.0,0.06392786653625368,0,1,,
6386,6.386,0.0,1.9454836762514527e-06,0,1,0.0,0.06081006769483904,0,1,,
6387,6.3870000000000005,0.0,1.8506013177362026e-06,0,1,0.0,0.0578443256972112,0,1,,
6388,6.388,0.0,1.760346426450471e-06,0,1,0.0,0.05502322464359007,0,1,,
6389,6.389,0.0,1.67449331815437e-06,0,1,0.0,0.05233971031189569,0,1,,
6390,6.390000000000001,0.0,1.5928273153582724e-06,0,1,0.0,0.04978707251851862,0,1,,
6391,6.391,0.0,1.5151442105172667e-06,0,1,0.0,0.04735892833936578,0,1,,
6392,6.392,0.0,1.4412497554059283e-06,0,1,0.0,0.04504920614922547,0,1,,
6393,6.393,0.0,1.370959175396576e-06,0,1,0.0,0.042852130439541766,0,1,,
6394,6.394,0.0,1.3040967074264586e-06,0,1,0.0,0.04076220737663484,0,1,,
6395,6.3950000000000005,0.0,1.2404951604985463e-06,0,1,0.0,0.03877421106425512,0,1,,
6396,6.396,0.0,1.179995497616953e-06,0,1,0.0,0.036883170476120615,0,1,,
6397,6.397,0.0,1.1224464381116078e-06,0,1,0.0,0.03508435702576194,0,1,,
6398,6.398000000000001,0.0,1.067704079357781e-06,0,1,0.0,0.03337327274259311,0,1,,
6399,6.399,0.0,1.0156315369445668e-06,0,1,0.0,0.031745639024642204,0,1,,
6400,6.4,0.0,9.66098602392556e-07,0,1,0.0,0.03019738593981781,0,1,6.4122446973027145,6.350876745219563
6401,6.401,0.0,9.189814175648151e-07,0,1,0.0,0.02872464204895885,0,1,,
6402,6.402,0.0,8.741621649570294e-07,0,1,0.0,0.027323724725220138,0,1,,
6403,6.4030000000000005,0.0,8.315287730923733e-07,0,1,0.0,0.025991130945587082,0,1,,
6404,6.404,0.0,7.90974636284443e-07,0,1,0.0,0.0247235285314935,0,1,,
6405,6.405,0.0,7.523983480675123e-07,0,1,0.0,0.023517747816639546,0,1,,
6406,6.406,0.0,7.157034476275476e-07,0,1,0.0,0.02237077372117496,0,1,,
6407,6.407,0.0,6.80798178599929e-07,0,1,0.0,0.021279738212428952,0,1,,
6408,6.408,0.0,6.475952596307448e-07,0,1,0.0,0.020241913133334646,0,1,,
6409,6.409,0.0,6.160116661279439e-07,0,1,0.0,0.01925470338061536,0,1,,
6410,6.41,0.0,5.859684226566101e-07,0,1,0.0,0.0183156404156747,0,1,,
6411,6.4110000000000005,0.0,5.573904054592384e-07,0,1,0.0,0.017422376091964262,0,1,,
6412,6.412,0.0,5.302061546072109e-07,0,1,0.0,0.016572676783394164,0,1,,
6413,6.413,0.0,5.043476953137538e-07,0,1,0.0,0.015764417799104376,0,1,,
6414,6.414,0.0,4.797503679615634e-07,0,1,0.0,0.014995578070630868,0,1,,
6415,6.415,0.0,4.563526664200838e-07,0,1,0.0,0.014264235098181728,0,1,,
6416,6.416,0.0,4.3409608424814263e-07,0,1,0.0,0.013568560143386291,0,1,,
6417,6.417,0.0,4.1292496839737417e-07,0,1,0.0,0.012906813656496667,0,1,,
6418,6.418,0.0,3.9278638005060975e-07,0,1,0.0,0.012277340926607282,0,1,,
6419,6.4190000000000005,0.0,3.7362996224726026e-07,0,1,0.0,0.011678567944015707,0,1,,
6420,6.42,0.0,3.5540781396468486e-07,0,1,0.0,0.011108997464378548,0,1,,
6421,6.421,0.0,3.38074370340684e-07,0,1,0.0,0.010567205264820698,0,1,,
6422,6.422,0.0,3.215862887376101e-07,0,1,0.0,0.010051836582636307,0,1,,
6423,6.423,0.0,3.059023403631973e-07,0,1,0.0,0.009561602727676359,0,1,,
6424,6.424,0.0,2.9098330717710576e-07,0,1,0.0,0.00909527785995204,0,1,,
6425,6.425,0.0,2.7679188382539277e-07,0,1,0.0,0.008651695924396265,0,1,,
6426,6.426,0.0,2.6329258435769685e-07,0,1,0.0,0.008229747735118632,0,1,,
6427,6.4270000000000005,0.0,2.504516534938777e-07,0,1,0.0,0.00782837820186295,0,1,,
6428,6.428,0.0,2.3823698221823352e-07,0,1,0.0,0.007446583691732029,0,1,,
6429,6.429,0.0,2.2661802749023712e-07,0,1,0.0,0.0070834095195826605,0,1,,
6430,6.43,0.0,2.1556573587102524e-07,0,1,0.0,0.006737947560815493,0,1,,
6431,6.431,0.0,2.0505247087466826e-07,0,1,0.0,0.006409333980590511,0,1,,
6432,6.432,0.0,1.9505194386256012e-07,0,1,0.0,0.006096747073789982,0,1,,
6433,6.433,0.0,1.8553914830812863e-07,0,1,0.0,0.005799405210327657,0,1,,
6434,6.434,0.0,1.7649029726749383e-07,0,1,0.0,0.005516564880666419,0,1,,
6435,6.4350000000000005,0.0,1.678827638997181e-07,0,1,0.0,0.005247518836657168,0,1,,
6436,6.436,0.0,1.5969502488791807e-07,0,1,0.0,0.004991594323050054,0,1,,
6437,6.437,0.0,1.519066066197615e-07,0,1,0.0,0.004748151395255934,0,1,,
6438,6.438,0.0,1.4449803399277207e-07,0,1,0.0,0.004516581319151564,0,1,,
6439,6.439,0.0,1.3745078171642918e-07,0,1,0.0,0.0042963050489272184,0,1,,
6440,6.44,0.0,1.3074722798929219e-07,0,1,0.0,0.00408677177917055,0,1,,
6441,6.441,0.0,1.2437061043531806e-07,0,1,0.0,0.003887457567566161,0,1,,
6442,6.442,0.0,1.183049841891901e-07,0,1,0.0,0.003697864024766905,0,1,,
6443,6.4430000000000005,0.0,1.1253518202584936e-07,0,1,0.0,0.003517517068160917,0,1,,
6444,6.444,0.0,1.0704677643453178e-07,0,1,0.0,0.003345965736418148,0,1,,
6445,6.445,0.0,1.0182604354247625e-07,0,1,0.0,0.0031827810618521427,0,1,,
6446,6.446,0.0,9.685992879809433e-08,0,1,0.0,0.003027554997777385,0,1,,
6447,6.447,0.0,9.213601432779141e-08,0,1,0.0,0.0028798993981800423,0,1,,
6448,6.448,0.0,8.764248788481457e-08,0,1,0.0,0.0027394450471507543,0,1,,
6449,6.449,0.0,8.336811331248296e-08,0,1,0.0,0.0026058407356525435,0,1,,
6450,6.45,0.0,7.930220244794348e-08,0,1,0.0,0.002478752383315286,0,1,,
6451,6.4510000000000005,0.0,7.543458839619639e-08,0,1,0.0,0.0023578622030607727,0,1,,
6452,6.452,0.0,7.175560010756214e-08,0,1,0.0,0.0022428679064694845,0,1,,
6453,6.453,0.0,6.82560381950197e-08,0,1,0.0,0.002133481947902089,0,1,,
6454,6.454,0.0,6.492715193094735e-08,0,1,0.0,0.0020294308054855663,0,1,,
6455,6.455,0.0,6.176061736574547e-08,0,1,0.0,0.0019304542971660557,0,1,,
6456,6.456,0.0,5.8748516513626866e-08,0,1,0.0,0.0018363049301181975,0,1,,
6457,6.457,0.0,5.588331755352798e-08,0,1,0.0,0.001746747281884157,0,1,,
6458,6.458,0.0,5.315785599563307e-08,0,1,0.0,0.001661557411694853,0,1,,
6459,6.4590000000000005,0.0,5.0565316766417875e-08,0,1,0.0,0.001580522300501391,0,1,,
6460,6.46,0.0,4.809921716741598e-08,0,1,0.0,0.0015034393183164826,0,1,,
6461,6.461,0.0,4.5753390665095966e-08,0,1,0.0,0.0014301157175339336,0,1,,
6462,6.462,0.0,4.3521971471315573e-08,0,1,0.0,0.0013603681509592293,0,1,,
6463,6.463,0.0,4.1399379875796006e-08,0,1,0.0,0.0012940222133460482,0,1,,
6464,6.464,0.0,3.938030829393988e-08,0,1,0.0,0.0012309120052923016,0,1,,
6465,6.465,0.0,3.745970799510513e-08,0,1,0.0,0.0011708797184052158,0,1,,
6466,6.466,0.0,3.563277647814864e-08,0,1,0.0,0.0011137752406981515,0,1,,
6467,6.4670000000000005,0.0,3.3894945462671914e-08,0,1,0.0,0.001059455781232447,0,1,,
6468,6.468,0.0,3.2241869465940496e-08,0,1,0.0,0.001007785513065695,0,1,,
6469,6.469,0.0,3.066941493691372e-08,0,1,0.0,0.0009586352336136378,0,1,,
6470,6.47,0.0,2.917364992021404e-08,0,1,0.0,0.0009118820415764082,0,1,,
6471,6.471,0.0,2.77508342241905e-08,0,1,0.0,0.0008674090296212629,0,1,,
6472,6.472,0.0,2.6397410068491448e-08,0,1,0.0,0.0008251049920533567,0,1,,
6473,6.473,0.0,2.5109993187760472e-08,0,1,0.0,0.0007848641467435806,0,1,,
6474,6.474,0.0,2.3885364369210242e-08,0,1,0.0,0.0007465858706181402,0,1,,
6475,6.4750000000000005,0.0,2.272046140291372e-08,0,1,0.0,0.0007101744480484581,0,1,,
6476,6.476,0.0,2.16123714246843e-08,0,1,0.0,0.000675538831512247,0,1,,
6477,6.477,0.0,2.0558323632398125e-08,0,1,0.0,0.0006425924139272796,0,1,,
6478,6.478,0.0,1.9555682357545496e-08,0,1,0.0,0.0006112528120885708,0,1,,
6479,6.479,0.0,1.8601940474686767e-08,0,1,0.0,0.0005814416606674543,0,1,,
6480,6.48,0.0,1.7694713132332833e-08,0,1,0.0,0.000553084416257442,0,1,,
6481,6.481,0.0,1.6831731789574188e-08,0,1,0.0,0.0005261101709768799,0,1,,
6482,6.482,0.0,1.601083854354703e-08,0,1,0.0,0.0005004514751623097,0,1,,
6483,6.4830000000000005,0.0,1.522998073355209e-08,0,1,0.0,0.0004760441687091773,0,1,,
6484,6.484,0.0,1.0000000144872059,0,1,0.0,0.0004528272206381515,0,1,,
6485,6.485,0.0,0.9512294382813705,0,1,0.0,0.0004307425764858867,0,1,,
6486,6.486,0.0,0.9048374311445255,0,1,0.0,0.0004097350131386248,0,1,,
6487,6.487,0.0,0.8607079888943114,0,1,0.0,0.00038975200074564654,0,1,,
6488,6.488,0.0,0.8187307649391028,0,1,0.0,0.0003707435713672832,0,1,,
6489,6.489,0.0,0.7788007943540521,0,1,0.0,0.00035266219402904024,0,1,,
6490,6.49,0.0,0.740818231414104,0,1,0.0,0.0003354626558694031,0,1,,
6491,6.4910000000000005,0.0,0.7046880999276749,0,1,0.0,0.00031910194908413335,0,1,,
6492,6.492,0.0,0.6703200557467038,0,1,0.0,0.0003035391633843563,0,1,,
6493,6.493,0.0,0.6376281608592236,0,1,0.0,0.00028873538369952943,0,1,,
6494,6.494,0.0,0.6065306684995679,0,1,0.0,0.0002746535928694962,0,1,,
6495,6.495,0.0,0.5769498187388774,0,1,0.0,0.0002612585790823043,0,1,,
6496,6.496,0.0,0.5488116440447737,0,1,0.0,0.0002485168478263346,0,1,,
6497,6.497,0.0,0.5220457843240007,0,1,0.0,0.00023639653813657576,0,1,,
6498,6.498,0.0,0.4965853109855431,0,1,0.0,0.00022486734292561606,0,1,,
6499,6.4990000000000006,0.0,0.47236655958428625,0,1,0.0,0.00021390043320013846,0,1,,
6500,6.5,0.0,0.4493289706267428,0,1,0.0,0.00020346838597342114,0,1,6.408809072994355,6.406922433221209
6501,6.501,0.0,0.4274149381407748,0,1,0.0,0.00019354511569358654,0,1,,
6502,6.502,0.0,0.4065696656306575,0,1,0.0,0.00018410580901613444,0,1,,
6503,6.503,0.0,0.38674102905729807,0,1,0.0,0.00017512686275765593,0,1,,
6504,6.5040000000000004,0.0,0.3678794465009876,0,1,0.0,0.00016658582487558057,0,1,,
6505,6.505,0.0,0.3499377541807756,0,1,0.0,0.00015846133832637523,0,1,,
6506,6.506,0.0,0.3328710885204515,0,1,0.0,0.00015073308766181084,0,1,,
6507,6.507000000000001,0.0,0.3166367739662353,0,1,0.0,0.00014338174822976,0,1,,
6508,6.508,0.0,0.3011942162756647,0,1,0.0,0.00013638893785250088,0,1,,
6509,6.509,0.0,0.2865048010108441,0,1,0.0,0.00012973717086169808,0,1,,
6510,6.51,0.0,0.2725317969822368,0,1,0.0,0.00012340981437512387,0,1,,
6511,6.511,0.0,0.2592402644015585,0,1,0.0,0.00011739104670578902,0,1,,
6512,6.5120000000000005,0.0,0.24659696751410742,0,1,0.0,0.00011166581779948413,0,1,,
6513,6.513,0.0,0.23457029149206568,0,1,0.0,0.00010621981160180488,0,1,,
6514,6.514,0.0,0.22313016338096237,0,1,0.0,0.00010103941026055912,0,1,,
6515,6.515000000000001,0.0,0.21224797690162311,0,1,0.0,9.61116600740432e-05,0,1,,
6516,6.516,0.0,0.2018965209195718,0,1,0.0,9.142423910004036e-05,0,1,,
6517,6.517,0.0,0.19204991140302066,0,1,0.0,8.696542634454706e-05,0,1,,
6518,6.518,0.0,0.18268352669930846,0,1,0.0,8.272407245318274e-05,0,1,,
6519,6.519,0.0,0.17377394596794402,0,1,0.0,7.868957183199639e-05,0,1,,
6520,6.5200000000000005,0.0,0.16529889061630557,0,1,0.0,7.485183612795753e-05,0,1,,
6521,6.521,0.0,0.15723716859155482,0,1,0.0,7.12012690028188e-05,0,1,,
6522,6.522,0.0,0.14956862138946644,0,1,0.0,6.772874213727186e-05,0,1,,
6523,6.523000000000001,0.0,0.14227407364766734,0,1,0.0,6.442557240539437e-05,0,1,,
6524,6.524,0.0,0.1353352851972428,0,1,0.0,6.128350016231237e-05,0,1,,
6525,6.525,0.0,0.12873490545281327,0,1,0.0,5.8294668590785804e-05,0,1,,
6526,6.526,0.0,0.1224564300270334,0,1,0.0,5.545160405507303e-05,0,1,,
6527,6.527,0.0,0.11648415946102693,0,1,0.0,5.274719741294858e-05,0,1,,
6528,6.5280000000000005,0.0,0.11080315996756204,0,1,0.0,5.017468623914463e-05,0,1,,
6529,6.529,0.0,0.1053992260888046,0,1,0.0,4.772763791576544e-05,0,1,,
6530,6.53,0.0,0.10025884517527424,0,1,0.0,4.5399933547392016e-05,0,1,,
6531,6.531,0.0,0.0953691635971823,0,1,0.0,4.318575266065637e-05,0,1,,
6532,6.532,0.0,0.09071795460366217,0,1,0.0,4.1079558650026335e-05,0,1,,
6533,6.533,0.0,0.08629358774952346,0,1,0.0,3.907608493340788e-05,0,1,,
6534,6.534,0.0,0.08208499981308107,0,1,0.0,3.71703217829466e-05,0,1,,
6535,6.535,0.0,0.07808166713233831,0,1,0.0,3.535750379809865e-05,0,1,,
6536,6.5360000000000005,0.0,0.07427357929035049,0,1,0.0,3.363309798964719e-05,0,1,,
6537,6.537,0.0,0.07065121408396824,0,1,0.0,3.199279244486822e-05,0,1,,
6538,6.538,0.0,0.06720551371336984,0,1,0.0,3.0432485545502787e-05,0,1,,
6539,6.539,0.0,0.06392786213284364,0,1,0.0,2.8948275711574913e-05,0,1,,
6540,6.54,0.0,0.06081006350618585,0,1,0.0,2.75364516454094e-05,0,1,,
6541,6.541,0.0,0.05784432171284103,0,1,0.0,2.6193483051454523e-05,0,1,,
6542,6.542,0.0,0.05502322085353993,0,1,0.0,2.4916011808704293e-05,0,1,,
6543,6.543,0.0,0.05233970670668847,0,1,0.0,2.3700843573646778e-05,0,1,,
6544,6.5440000000000005,0.0,0.049787069089139435,0,1,0.0,2.254493979274147e-05,0,1,,
6545,6.545,0.0,0.04735892507723939,0,1,0.0,2.1445410104452715e-05,0,1,,
6546,6.546,0.0,0.045049203046194856,0,1,0.0,2.0399505111840354e-05,0,1,,
6547,6.547,0.0,0.042852127487847745,0,1,0.0,1.9404609507635273e-05,0,1,,
6548,6.548,0.0,0.04076220456889664,0,1,0.0,1.8458235534608986e-05,0,1,,
6549,6.549,0.0,0.03877420839345193,0,1,0.0,1.7558016764884735e-05,0,1,,
6550,6.55,0.0,0.03688316793557403,0,1,0.0,1.6701702182635196e-05,0,1,,
6551,6.551,0.0,0.035084354609119274,0,1,0.0,1.5887150555370395e-05,0,1,,
6552,6.5520000000000005,0.0,0.0333732704438115,0,1,0.0,1.511232507974118e-05,0,1,,
6553,6.553,0.0,0.0317456368379735,0,1,0.0,1.437528828846991e-05,0,1,,
6554,6.554,0.0,0.030197383859794195,0,1,0.0,1.3674197205673086e-05,0,1,,
6555,6.555,0.0,0.028724640070379184,0,1,0.0,1.3007298738461681e-05,0,1,,
6556,6.556,0.0,0.02732372284313694,0,1,0.0,1.237292529329577e-05,0,1,,
6557,6.557,0.0,0.025991129155294165,0,1,0.0,1.1769490606132063e-05,0,1,,
6558,6.558,0.0,0.024723526828514197,0,1,0.0,1.1195485775937563e-05,0,1,,
6559,6.559,0.0,0.02351774619671552,0,1,0.0,1.0649475491651018e-05,0,1,,
6560,6.5600000000000005,0.0,0.02237077218025556,0,1,0.0,1.0130094443157657e-05,0,1,,
6561,6.561,0.0,0.02127973674666108,0,1,0.0,9.636043907302738e-06,0,1,,
6562,6.562,0.0,0.020241911739053115,0,1,0.0,9.166088500407195e-06,0,1,,
6563,6.563,0.0,0.01925470205433374,0,1,0.0,8.719053089164948e-06,0,1,,
6564,6.564,0.0,0.0183156391540766,0,1,0.0,8.293819852197546e-06,0,1,,
6565,6.565,0.0,0.017422374891895027,0,1,0.0,7.889325484918469e-06,0,1,,
6566,6.566,0.0,0.016572675641852996,0,1,0.0,7.504558540717811e-06,0,1,,
6567,6.567,0.0,0.015764416713236827,0,1,0.0,7.138556901818922e-06,0,1,,
6568,6.5680000000000005,0.0,0.014995577037721704,0,1,0.0,6.790405373482813e-06,0,1,,
6569,6.569,0.0,0.014264234115648138,0,1,0.0,6.459233395544613e-06,0,1,,
6570,6.57,0.0,0.01356855920877143,0,1,0.0,6.144212865559695e-06,0,1,,
6571,6.571,0.0,0.012906812767463511,0,1,0.0,5.844556068116232e-06,0,1,,
6572,6.572,0.0,0.012277340080932784,0,1,0.0,5.559513705136359e-06,0,1,,
6573,6.573,0.0,0.011678567139585242,0,1,0.0,5.288373022240691e-06,0,1,,
6574,6.574,0.0,0.011108996699180619,0,1,0.0,5.030456026491114e-06,0,1,,
6575,6.575,0.0,0.010567204536941911,0,1,0.0,4.785117791055291e-06,0,1,,
6576,6.5760000000000005,0.0,0.01005183589025659,0,1,0.0,4.551744842553652e-06,0,1,,
6577,6.577,0.0,0.009561602069064397,0,1,0.0,4.329753627056403e-06,0,1,,
6578,6.578,0.0,0.009095277233460963,0,1,0.0,4.118589050894742e-06,0,1,,
6579,6.579,0.0,0.008651695328459517,0,1,0.0,3.917723092637547e-06,0,1,,
6580,6.58,0.0,0.008229747168246062,0,1,0.0,3.7266534827627717e-06,0,1,,
6581,6.581,0.0,0.007828377662637082,0,1,0.0,3.544902447722013e-06,0,1,,
6582,6.582,0.0,0.007446583178804516,0,1,0.0,3.3720155152577827e-06,0,1,,
6583,6.583,0.0,0.007083409031670917,0,1,0.0,3.207560377986139e-06,0,1,,
6584,6.5840000000000005,0.0,0.006737947096699486,0,1,0.0,3.051125812403048e-06,0,1,,
6585,6.585,0.0,0.006409333539109709,0,1,0.0,2.9023206506114247e-06,0,1,,
6586,6.586,0.0,0.006096746653840453,0,1,0.0,2.7607728021976434e-06,0,1,,
6587,6.587,0.0,0.005799404810859308,0,1,0.0,2.626128323811688e-06,0,1,,
6588,6.588,0.0,0.005516564500680372,0,1,0.0,2.4980505341244166e-06,0,1,,
6589,6.589,0.0,0.005247518475203259,0,1,0.0,2.37621917194887e-06,0,1,,
6590,6.59,0.0,0.004991593979224461,0,1,0.0,2.2603295954204867e-06,0,1,,
6591,6.591,0.0,0.0047481510681989135,0,1,0.0,2.1500920202337614e-06,0,1,,
6592,6.5920000000000005,0.0,0.004516581008045303,0,1,0.0,2.0452307950305384e-06,0,1,,
6593,6.593,0.0,0.004296304752993788,0,1,0.0,1.9454837121280367e-06,0,1,,
6594,6.594,0.0,0.004086771497669963,0,1,0.0,1.8506013518630652e-06,0,1,,
6595,6.595,0.0,0.00388745729979452,0,1,0.0,1.7603464589129468e-06,0,1,,
6596,6.596,0.0,0.0036978637700546407,0,1,0.0,1.6744933490336322e-06,0,1,,
6597,6.597,0.0,0.0035175168258711168,0,1,0.0,1.5928273447315352e-06,0,1,,
6598,6.598,0.0,0.0033459655059449606,0,1,0.0,1.5151442384579787e-06,0,1,,
6599,6.599,0.0,0.0031827808426192652,0,1,0.0,1.4412497819839557e-06,0,1,,
6600,6.6000000000000005,0.0,0.0030275547892366214,0,1,0.0,1.3709592006783778e-06,0,1,6.409240729796009,6.410888006317762
6601,6.601,0.0,0.002879899199809932,0,1,0.0,1.3040967314752522e-06,0,1,,
6602,6.602,0.0,0.0027394448584552684,0,1,0.0,1.2404951833744663e-06,0,1,,
6603,6.603,0.0,0.002605840556159845,0,1,0.0,1.1799955193772012e-06,0,1,,
6604,6.604,0.0,0.00247875221257655,0,1,0.0,1.1224464588105961e-06,0,1,,
6605,6.605,0.0,0.002357862040649063,0,1,0.0,1.0677040990472677e-06,0,1,,
6606,6.606,0.0,0.0022428677519786876,0,1,0.0,1.0156315556737858e-06,0,1,,
6607,6.607,0.0,0.0021334818009458973,0,1,0.0,9.6609862020834e-07,0,1,,
6608,6.6080000000000005,0.0,0.0020294306656965127,0,1,0.0,9.189814345117131e-07,0,1,,
6609,6.609,0.0,0.0019304541641945946,0,1,0.0,8.741621810774175e-07,0,1,,
6610,6.61,0.0,0.0018363048036318312,0,1,0.0,8.315287884265608e-07,0,1,,
6611,6.611,0.0,0.0017467471615666035,0,1,0.0,7.909746508707735e-07,0,1,,
6612,6.612,0.0,0.0016615572972452559,0,1,0.0,7.52398361942459e-07,0,1,,
6613,6.613,0.0,0.0015805221916335667,0,1,0.0,7.157034608258052e-07,0,1,,
6614,6.614,0.0,0.0015034392147582048,0,1,0.0,6.807981911545e-07,0,1,,
6615,6.615,0.0,0.0014301156190262526,0,1,0.0,6.475952715730221e-07,0,1,,
6616,6.6160000000000005,0.0,0.0013603680572558247,0,1,0.0,6.160116774877894e-07,0,1,,
6617,6.617,0.0,0.0012940221242126126,0,1,0.0,5.859684334624293e-07,0,1,,
6618,6.618,0.0,0.001230911920505955,0,1,0.0,5.573904157380516e-07,0,1,,
6619,6.619,0.0,0.0011708796377539483,0,1,0.0,5.302061643847205e-07,0,1,,
6620,6.62,0.0,0.0011137751639802927,0,1,0.0,5.043477046144086e-07,0,1,,
6621,6.621,0.0,0.0010594557082561622,0,1,0.0,4.7975037680862e-07,0,1,,
6622,6.622,0.0,0.0010077854436485055,0,1,0.0,4.5635267483566433e-07,0,1,,
6623,6.623,0.0,0.0009586351675819647,0,1,0.0,4.3409609225329045e-07,0,1,,
6624,6.6240000000000006,0.0,0.0009118819787651379,0,1,0.0,4.1292497601210634e-07,0,1,,
6625,6.625,0.0,0.0008674089698733344,0,1,0.0,3.9278638729396705e-07,0,1,,
6626,6.626,0.0,0.0008251049352193691,0,1,0.0,3.7362996913735485e-07,0,1,,
6627,6.627,0.0,0.0007848640926814193,0,1,0.0,3.554078205187456e-07,0,1,,
6628,6.628,0.0,0.0007465858191926215,0,1,0.0,3.380743765750994e-07,0,1,,
6629,6.6290000000000004,0.0,0.0007101743991309915,0,1,0.0,3.215862946679695e-07,0,1,,
6630,6.63,0.0,0.0006755387849805135,0,1,0.0,3.0590234600432965e-07,0,1,,
6631,6.631,0.0,0.0006425923696649254,0,1,0.0,2.909833125431168e-07,0,1,,
6632,6.632000000000001,0.0,0.000611252769984917,0,1,0.0,2.767918889297004e-07,0,1,,
6633,6.633,0.0,0.00058144162061722,0,1,0.0,2.6329258921306446e-07,0,1,,
6634,6.634,0.0,0.0005530843781604806,0,1,0.0,2.504516581124462e-07,0,1,,
6635,6.635,0.0,0.0005261101347379292,0,1,0.0,2.382369866115518e-07,0,1,,
6636,6.636,0.0,0.0005004514406907536,0,1,0.0,2.2661803166929074e-07,0,1,,
6637,6.6370000000000005,0.0,0.00047604413591881875,0,1,0.0,2.1556573984626402e-07,0,1,,
6638,6.638,0.0,0.00045282718944699763,0,1,0.0,2.0505247465603237e-07,0,1,,
6639,6.639,0.0,0.00043074254681594335,0,1,0.0,1.950519474595049e-07,0,1,,
6640,6.640000000000001,0.0,0.00040973498491570165,0,1,0.0,1.8553915172964837e-07,0,1,,
6641,6.641,0.0,0.0003897519738991716,0,1,0.0,1.7649030052214408e-07,0,1,,
6642,6.642,0.0,0.00037074354583012636,0,1,0.0,1.6788276699563717e-07,0,1,,
6643,6.643,0.0,0.00035266216973734517,0,1,0.0,1.5969502783284742e-07,0,1,,
6644,6.644,0.0,0.000335462632762428,0,1,0.0,1.5190660942106494e-07,0,1,,
6645,6.6450000000000005,0.0,0.00031910192710409875,0,1,0.0,1.4449803665745435e-07,0,1,,
6646,6.646,0.0,0.00030353914247630064,0,1,0.0,1.3745078425115338e-07,0,1,,
6647,6.647,0.0,0.0002887353638111717,0,1,0.0,1.3074723040039643e-07,0,1,,
6648,6.648000000000001,0.0,0.00027465357395110515,0,1,0.0,1.2437061272883137e-07,0,1,,
6649,6.649,0.0,0.00026125856108657406,0,1,0.0,1.1830498637084744e-07,0,1,,
6650,6.65,0.0,0.0002485168307082665,0,1,0.0,1.1253518410110602e-07,0,1,,
6651,6.651,0.0,0.00023639652185336571,0,1,0.0,1.0704677840857698e-07,0,1,,
6652,6.652,0.0,0.00022486732743654753,0,1,0.0,1.0182604542024614e-07,0,1,,
6653,6.6530000000000005,0.0,0.00021390041846648073,0,1,0.0,9.68599305842843e-08,0,1,,
6654,6.654,0.0,0.00020346837195833235,0,1,0.0,9.213601602686786e-08,0,1,,
6655,6.655,0.0,0.0001935451023620217,0,1,0.0,8.764248950102607e-08,0,1,,
6656,6.656000000000001,0.0,0.00018410579633475768,0,1,0.0,8.33681148498709e-08,0,1,,
6657,6.657,0.0,0.0001751268506947572,0,1,0.0,7.930220391035213e-08,0,1,,
6658,6.658,0.0,0.00016658581340099637,0,1,0.0,7.543458978728252e-08,0,1,,
6659,6.659,0.0,0.0001584613274114131,0,1,0.0,7.175560143080419e-08,0,1,,
6660,6.66,0.0,0.0001507330772791777,0,1,0.0,6.825603945372648e-08,0,1,,
6661,6.6610000000000005,0.0,0.00014338173835349384,0,1,0.0,6.492715312826627e-08,0,1,,
6662,6.662,0.0,0.0001363889284579059,0,1,0.0,6.176061850467046e-08,0,1,,
6663,6.663,0.0,0.00012973716192528288,0,1,0.0,5.874851759700583e-08,0,1,,
6664,6.664,0.0,0.0001234098058745428,0,1,0.0,5.588331858406992e-08,0,1,,
6665,6.665,0.0,0.00011739103861978618,0,1,0.0,5.3157856975914886e-08,0,1,,
6666,6.666,0.0,0.0001116658101078403,0,1,0.0,5.0565317698890784e-08,0,1,,
6667,6.667,0.0,0.00010621980428528695,0,1,0.0,4.809921805441165e-08,0,1,,
6668,6.668,0.0,0.00010103940330087198,0,1,0.0,4.575339150883235e-08,0,1,,
6669,6.6690000000000005,0.0,9.611165345378399e-05,0,1,0.0,4.3521972273902445e-08,0,1,,
6670,6.67,0.0,9.142423280265501e-05,0,1,0.0,4.1399380639240255e-08,0,1,,
6671,6.671,0.0,8.696542035428883e-05,0,1,0.0,3.938030902015051e-08,0,1,,
6672,6.672,0.0,8.272406675507284e-05,0,1,0.0,3.745970868589805e-08,0,1,,
6673,6.673,0.0,7.868956641178659e-05,0,1,0.0,3.56327771352512e-08,0,1,,
6674,6.674,0.0,7.485183097209447e-05,0,1,0.0,3.38949460877272e-08,0,1,,
6675,6.675,0.0,7.120126409841014e-05,0,1,0.0,3.224187006051147e-08,0,1,,
6676,6.676,0.0,6.772873747205403e-05,0,1,0.0,3.066941550248713e-08,0,1,,
6677,6.6770000000000005,0.0,6.44255679677019e-05,0,1,0.0,2.9173650458204105e-08,0,1,,
6678,6.678,0.0,6.128349594104872e-05,0,1,0.0,2.7750834735942483e-08,0,1,,
6679,6.679,0.0,5.829466457539561e-05,0,1,0.0,2.6397410555284992e-08,0,1,,
6680,6.68,0.0,5.5451600235515725e-05,0,1,0.0,2.5109993650812817e-08,0,1,,
6681,6.681,0.0,5.274719377967328e-05,0,1,0.0,2.388536480967926e-08,0,1,,
6682,6.682,0.0,5.0174682783066256e-05,0,1,0.0,2.2720461821900807e-08,0,1,,
6683,6.683,0.0,4.7727634628242e-05,0,1,0.0,2.161237182323715e-08,0,1,,
6684,6.684,0.0,4.539993042020298e-05,0,1,0.0,2.055832401151332e-08,0,1,,
6685,6.6850000000000005,0.0,4.3185749685982144e-05,0,1,0.0,1.9555682718171027e-08,0,1,,
6686,6.686,0.0,4.107955582042869e-05,0,1,0.0,1.8601940817724384e-08,0,1,,
6687,6.687,0.0,3.907608224181134e-05,0,1,0.0,1.7694713458640308e-08,0,1,,
6688,6.688,0.0,3.7170319222620775e-05,0,1,0.0,1.683173209996746e-08,0,1,,
6689,6.689,0.0,3.5357501362641386e-05,0,1,0.0,1.601083883880224e-08,0,1,,
6690,6.69,0.0,3.363309567296858e-05,0,1,0.0,1.5229981014407536e-08,0,1,,
6691,6.691,0.0,3.1992790241175355e-05,0,1,0.0,1.4487206075491681e-08,0,1,,
6692,6.692,0.0,3.0432483449285293e-05,0,1,0.0,1.37806566978132e-08,0,1,,
6693,6.6930000000000005,0.0,2.8948273717591152e-05,0,1,0.0,1.310856613990276e-08,0,1,,
6694,6.694,0.0,2.7536449748673378e-05,0,1,0.0,1.246925382528925e-08,0,1,,
6695,6.695,0.0,2.619348124722341e-05,0,1,0.0,1.186112114018322e-08,0,1,,
6696,6.696,0.0,2.491601009246657e-05,0,1,0.0,1.1282647436109737e-08,0,1,,
6697,6.697,0.0,2.3700841941110956e-05,0,1,0.0,1.0000000107323863,0,1,,
6698,6.698,0.0,2.254493823982536e-05,0,1,0.0,0.9512294347096757,0,1,,
6699,6.699,0.0,2.144540862727322e-05,0,1,0.0,0.9048374277470244,0,1,,
6700,6.7,0.0,2.039950370670375e-05,0,1,0.0,0.8607079856625084,0,1,6.405212101742729,6.407542693597256
6701,6.7010000000000005,0.0,1.940460817102799e-05,0,1,0.0,0.8187307618649167,0,1,,
6702,6.702,0.0,1.8458234263188805e-05,0,1,0.0,0.7788007914297959,0,1,,
6703,6.703,0.0,1.7558015555472448e-05,0,1,0.0,0.7408182286324653,0,1,,
6704,6.704,0.0,1.670170103220664e-05,0,1,0.0,0.7046880972816983,0,1,,
6705,6.705,0.0,1.5887149461048903e-05,0,1,0.0,0.6703200532297731,0,1,,
6706,6.706,0.0,1.5112324038790377e-05,0,1,0.0,0.6376281584650451,0,1,,
6707,6.707,0.0,1.4375287298286876e-05,0,1,0.0,0.6065306662221549,0,1,,
6708,6.708,0.0,1.367419626378185e-05,0,1,0.0,0.5769498165725351,0,1,,
6709,6.7090000000000005,0.0,1.3007297842507023e-05,0,1,0.0,0.548811641984085,0,1,,
6710,6.71,0.0,1.2372924441037335e-05,0,1,0.0,0.5220457823638132,0,1,,
6711,6.711,0.0,1.1769489795438762e-05,0,1,0.0,0.496585309120955,0,1,,
6712,6.712,0.0,1.119548500478224e-05,0,1,0.0,0.4723665578106352,0,1,,
6713,6.713,0.0,1.0649474758105383e-05,0,1,0.0,0.4493289689395938,0,1,,
6714,6.714,0.0,1.0130093745387465e-05,0,1,0.0,0.427414936535909,0,1,,
6715,6.715,0.0,9.6360432435632e-06,0,1,0.0,0.4065696641040619,0,1,,
6716,6.716,0.0,9.166087869038617e-06,0,1,0.0,0.38674102760515544,0,1,,
6717,6.7170000000000005,0.0,8.71905248858858e-06,0,1,0.0,0.36787944511966675,0,1,,
6718,6.718,0.0,8.293819280911633e-06,0,1,0.0,0.3499377528668226,0,1,,
6719,6.719,0.0,7.889324941494498e-06,0,1,0.0,0.33287108727058073,0,1,,
6720,6.72,0.0,7.504558023796941e-06,0,1,0.0,0.31663677277732144,0,1,,
6721,6.721,0.0,7.13855641010858e-06,0,1,0.0,0.3011942151447348,0,1,,
6722,6.722,0.0,6.790404905753468e-06,0,1,0.0,0.28650479993507033,0,1,,
6723,6.723,0.0,6.459232950626696e-06,0,1,0.0,0.2725317959589292,0,1,,
6724,6.724,0.0,6.144212442340681e-06,0,1,0.0,0.2592402634281582,0,1,,
6725,6.7250000000000005,0.0,5.844555665537853e-06,0,1,0.0,0.24659696658818042,0,1,,
6726,6.726,0.0,5.559513322191959e-06,0,1,0.0,0.23457029061129667,0,1,,
6727,6.727,0.0,5.28837265797271e-06,0,1,0.0,0.22313016254314896,0,1,,
6728,6.728,0.0,5.030455679988693e-06,0,1,0.0,0.21224797610467036,0,1,,
6729,6.729,0.0,4.785117461451992e-06,0,1,0.0,0.20189652016148688,0,1,,
6730,6.73,0.0,4.551744529025296e-06,0,1,0.0,0.19204991068190796,0,1,,
6731,6.731,0.0,4.329753328819006e-06,0,1,0.0,0.18268352601336485,0,1,,
6732,6.732,0.0,4.118588767202554e-06,0,1,0.0,0.17377394531545426,0,1,,
6733,6.7330000000000005,0.0,3.91772282278119e-06,0,1,0.0,0.1652988899956381,0,1,,
6734,6.734,0.0,3.7266532260674643e-06,0,1,0.0,0.15723716800115767,0,1,,
6735,6.735,0.0,3.5449022035458833e-06,0,1,0.0,0.1495686208278633,0,1,,
6736,6.736,0.0,3.3720152829902635e-06,0,1,0.0,0.1422740731134539,0,1,,
6737,6.737,0.0,3.2075601570464405e-06,0,1,0.0,0.13533528468908326,0,1,,
6738,6.738,0.0,3.0511256022387055e-06,0,1,0.0,0.12873490496943696,0,1,,
6739,6.739,0.0,2.9023204506969184e-06,0,1,0.0,0.12245642956723163,0,1,,
6740,6.74,0.0,2.7607726120330826e-06,0,1,0.0,0.11648415902364996,0,1,,
6741,6.7410000000000005,0.0,2.626128142921562e-06,0,1,0.0,0.1108031595515162,0,1,,
6742,6.742,0.0,2.4980503620564065e-06,0,1,0.0,0.10539922569304955,0,1,,
6743,6.743,0.0,2.376219008272716e-06,0,1,0.0,0.10025884479882038,0,1,,
6744,6.744,0.0,2.260329439726913e-06,0,1,0.0,0.09536916323908833,0,1,,
6745,6.745,0.0,2.1500918721334527e-06,0,1,0.0,0.09071795426303264,0,1,,
6746,6.746,0.0,2.0452306541531672e-06,0,1,0.0,0.08629358742550663,0,1,,
6747,6.747,0.0,1.945483578121336e-06,0,1,0.0,0.08208499950486672,0,1,,
6748,6.748,0.0,1.8506012243919483e-06,0,1,0.0,0.07808166683915577,0,1,,
6749,6.7490000000000006,0.0,1.7603463376586697e-06,0,1,0.0,0.07427357901146663,0,1,,
6750,6.75,0.0,1.674493233692996e-06,0,1,0.0,0.0706512138186857,0,1,,
6751,6.751,0.0,1.5928272350161282e-06,0,1,0.0,0.0672055134610253,0,1,,
6752,6.752,0.0,1.5151441340934552e-06,0,1,0.0,0.06392786189280608,0,1,,
6753,6.753,0.0,1.44124968270935e-06,0,1,0.0,0.060810063277855056,0,1,,
6754,6.7540000000000004,0.0,1.3709591062454517e-06,0,1,0.0,0.05784432149564607,0,1,,
6755,6.755,0.0,1.3040966416478742e-06,0,1,0.0,0.055023220646937696,0,1,,
6756,6.756,0.0,1.2404950979280213e-06,0,1,0.0,0.05233970651016235,0,1,,
6757,6.757000000000001,0.0,1.1799954380980285e-06,0,1,0.0,0.04978706890219801,0,1,,
6758,6.758,0.0,1.1224463814954555e-06,0,1,0.0,0.047358924899415206,0,1,,
6759,6.759,0.0,1.067704025502831e-06,0,1,0.0,0.04504920287704326,0,1,,
6760,6.76,0.0,1.0156314857161537e-06,0,1,0.0,0.04285212732694577,0,1,,
6761,6.761,0.0,9.66098553662582e-07,0,1,0.0,0.04076220441584195,0,1,,
6762,6.7620000000000005,0.0,9.189813712114301e-07,0,1,0.0,0.0387742082478618,0,1,,
6763,6.763,0.0,8.741621208643257e-07,0,1,0.0,0.036883167797084414,0,1,,
6764,6.764,0.0,8.315287311500962e-07,0,1,0.0,0.035084354477383874,0,1,,
6765,6.765000000000001,0.0,7.909745963877149e-07,0,1,0.0,0.03337327031850091,0,1,,
6766,6.766,0.0,7.523983101165706e-07,0,1,0.0,0.03174563671877438,0,1,,
6767,6.767,0.0,7.157034115274951e-07,0,1,0.0,0.03019738374640849,0,1,,
6768,6.768,0.0,6.807981442604969e-07,0,1,0.0,0.028724639962523363,0,1,,
6769,6.769,0.0,6.475952269660665e-07,0,1,0.0,0.02732372274054131,0,1,,
6770,6.7700000000000005,0.0,6.160116350563407e-07,0,1,0.0,0.02599112905770218,0,1,,
6771,6.771,0.0,5.859683931003868e-07,0,1,0.0,0.02472352673568183,0,1,,
6772,6.772,0.0,5.573903773444891e-07,0,1,0.0,0.023517746108410644,0,1,,
6773,6.773000000000001,0.0,5.302061278636342e-07,0,1,0.0,0.022370772096257364,0,1,,
6774,6.774,0.0,5.043476698744767e-07,0,1,0.0,0.021279736666759523,0,1,,
6775,6.775,0.0,4.797503437629746e-07,0,1,0.0,0.020241911663048402,0,1,,
6776,6.776,0.0,4.56352643401674e-07,0,1,0.0,0.019254701982035823,0,1,,
6777,6.777,0.0,4.3409606235235396e-07,0,1,0.0,0.018315639085304692,0,1,,
6778,6.7780000000000005,0.0,4.129249475694557e-07,0,1,0.0,0.017422374826477165,0,1,,
6779,6.779,0.0,3.9278636023848085e-07,0,1,0.0,0.0165726755796256,0,1,,
6780,6.78,0.0,3.7362994340138027e-07,0,1,0.0,0.015764416654044298,0,1,,
6781,6.781000000000001,0.0,3.554077960379293e-07,0,1,0.0,0.014995576981416028,0,1,,
6782,6.782,0.0,3.3807435328822665e-07,0,1,0.0,0.014264234062088522,0,1,,
6783,6.783,0.0,3.215862725168109e-07,0,1,0.0,0.013568559157823947,0,1,,
6784,6.784,0.0,3.059023249334958e-07,0,1,0.0,0.012906812719000767,0,1,,
6785,6.785,0.0,2.9098329249991965e-07,0,1,0.0,0.012277340034833596,0,1,,
6786,6.7860000000000005,0.0,2.767918698640215e-07,0,1,0.0,0.011678567095734338,0,1,,
6787,6.787,0.0,2.632925710772297e-07,0,1,0.0,0.01110899665746835,0,1,,
6788,6.788,0.0,2.5045164086110655e-07,0,1,0.0,0.010567204497263975,0,1,,
6789,6.789,0.0,2.382369702015699e-07,0,1,0.0,0.010051835852513768,0,1,,
6790,6.79,0.0,2.2661801605963308e-07,0,1,0.0,0.009561602033162316,0,1,,
6791,6.791,0.0,2.1556572499789835e-07,0,1,0.0,0.009095277199309847,0,1,,
6792,6.792,0.0,2.0505246053183002e-07,0,1,0.0,0.008651695295973972,0,1,,
6793,6.793,0.0,1.9505193402414805e-07,0,1,0.0,0.008229747137344857,0,1,,
6794,6.7940000000000005,0.0,1.855391389495416e-07,0,1,0.0,0.007828377633242947,0,1,,
6795,6.795,0.0,1.7649028836533047e-07,0,1,0.0,0.00744658315084395,0,1,,
6796,6.796,0.0,1.6788275543171838e-07,0,1,0.0,0.007083409005074004,0,1,,
6797,6.797,0.0,1.596950168329076e-07,0,1,0.0,0.0067379470713997205,0,1,,
6798,6.798,0.0,1.5190659895759852e-07,0,1,0.0,0.006409333515043828,0,1,,
6799,6.799,0.0,1.4449802670429722e-07,0,1,0.0,0.006096746630948279,0,1,,
6800,6.8,0.0,1.3745077478341744e-07,0,1,0.0,0.005799404789083598,0,1,6.402921756783661,6.40874288970986
6801,6.801,0.0,1.3074722139440743e-07,0,1,0.0,0.005516564479966676,0,1,,
6802,6.8020000000000005,0.0,1.2437060416206963e-07,0,1,0.0,0.005247518455499782,0,1,,
6803,6.803,0.0,1.1830497822189161e-07,0,1,0.0,0.004991593960481933,0,1,,
6804,6.804,0.0,1.1253517634957946e-07,0,1,0.0,0.004748151050370468,0,1,,
6805,6.805,0.0,1.0704677103509683e-07,0,1,0.0,0.0045165809910863615,0,1,,
6806,6.806,0.0,1.0182603840637486e-07,0,1,0.0,0.004296304736861944,0,1,,
6807,6.807,0.0,9.685992391248356e-08,0,1,0.0,0.004086771482324878,0,1,,
6808,6.808,0.0,9.213600968045469e-08,0,1,0.0,0.003887457285197824,0,1,,
6809,6.809,0.0,8.764248346413112e-08,0,1,0.0,0.0036978637561698342,0,1,,
6810,6.8100000000000005,0.0,8.33681091073988e-08,0,1,0.0,0.00351751681266348,0,1,,
6811,6.811,0.0,7.93021984479437e-08,0,1,0.0,0.003345965493381468,0,1,,
6812,6.812,0.0,7.543458459127889e-08,0,1,0.0,0.0031827808306685015,0,1,,
6813,6.813,0.0,7.175559648821265e-08,0,1,0.0,0.003027554777868703,0,1,,
6814,6.814,0.0,6.825603475218797e-08,0,1,0.0,0.0028798991889964335,0,1,,
6815,6.815,0.0,6.492714865602451e-08,0,1,0.0,0.0027394448481691505,0,1,,
6816,6.816,0.0,6.17606142505425e-08,0,1,0.0,0.002605840546375387,0,1,,
6817,6.817,0.0,5.874851355035413e-08,0,1,0.0,0.002478752203269286,0,1,,
6818,6.8180000000000005,0.0,5.588331473477576e-08,0,1,0.0,0.0023578620317957198,0,1,,
6819,6.819,0.0,5.315785331435302e-08,0,1,0.0,0.002242867743557127,0,1,,
6820,6.82,0.0,5.0565314215905393e-08,0,1,0.0,0.002133481792935061,0,1,,
6821,6.821,0.0,4.809921474129346e-08,0,1,0.0,0.0020294306580763695,0,1,,
6822,6.822,0.0,4.575338835729684e-08,0,1,0.0,0.0019304541569460903,0,1,,
6823,6.823,0.0,4.352196927606914e-08,0,1,0.0,0.0018363047967368405,0,1,,
6824,6.824,0.0,4.1399377787613e-08,0,1,0.0,0.0017467471550078855,0,1,,
6825,6.825,0.0,3.9380306307598755e-08,0,1,0.0,0.0016615572910064105,0,1,,
6826,6.8260000000000005,0.0,3.7459706105639e-08,0,1,0.0,0.0015805221856989933,0,1,,
6827,6.827,0.0,3.5632774680832873e-08,0,1,0.0,0.001503439209113064,0,1,,
6828,6.828,0.0,3.389494375301227e-08,0,1,0.0,0.0014301156136564284,0,1,,
6829,6.829,0.0,3.224186783966193e-08,0,1,0.0,0.00136036805214789,0,1,,
6830,6.83,0.0,3.06694133899497e-08,0,1,0.0,0.0012940221193537948,0,1,,
6831,6.831,0.0,2.9173648448696345e-08,0,1,0.0,0.0012309119158841046,0,1,,
6832,6.832,0.0,2.7750832824439572e-08,0,1,0.0,0.001170879633357508,0,1,,
6833,6.833,0.0,2.6397408737007178e-08,0,1,0.0,0.0011137751597982695,0,1,,
6834,6.8340000000000005,0.0,2.5109991921213457e-08,0,1,0.0,0.0010594557042780987,0,1,,
6835,6.835,0.0,2.3885363164433456e-08,0,1,0.0,0.0010077854398644545,0,1,,
6836,6.836,0.0,2.272046025689459e-08,0,1,0.0,0.000958635163982464,0,1,,
6837,6.837,0.0,2.1612370334557186e-08,0,1,0.0,0.0009118819753411868,0,1,,
6838,6.838,0.0,2.0558322595437138e-08,0,1,0.0,0.0008674089666163714,0,1,,
6839,6.839,0.0,1.9555681371157695e-08,0,1,0.0,0.0008251049321212501,0,1,,
6840,6.84,0.0,1.8601939536405667e-08,0,1,0.0,0.0007848640897343975,0,1,,
6841,6.841,0.0,1.769471223981224e-08,0,1,0.0,0.0007465858163893277,0,1,,
6842,6.8420000000000005,0.0,1.6831730940582338e-08,0,1,0.0,0.0007101743964644159,0,1,,
6843,6.843,0.0,1.6010837735961e-08,0,1,0.0,0.0006755387824439882,0,1,,
6844,6.844,0.0,1.5229979965352496e-08,0,1,0.0,0.000642592367252108,0,1,,
6845,6.845,0.0,1.448720507759966e-08,0,1,0.0,0.0006112527676897741,0,1,,
6846,6.846,0.0,1.3780655748588945e-08,0,1,0.0,0.0005814416184340125,0,1,,
6847,6.847,0.0,1.3108565236972719e-08,0,1,0.0,0.0005530843760837494,0,1,,
6848,6.848,0.0,1.2469252966395626e-08,0,1,0.0,0.0005261101327624814,0,1,,
6849,6.849,0.0,1.1861120323178332e-08,0,1,0.0,0.0005004514388116495,0,1,,
6850,6.8500000000000005,0.0,1.1282646658950648e-08,0,1,0.0,0.0004760441341313597,0,1,,
6851,6.851,0.0,1.073238548823853e-08,0,1,0.0,0.000452827187746714,0,1,,
6852,6.852,0.0,1.020896087149695e-08,0,1,0.0,0.00043074254519858356,0,1,,
6853,6.853,0.0,9.711063974544353e-09,0,1,0.0,0.0004097349833772214,0,1,,
6854,6.854,0.0,9.23744979579544e-09,0,1,0.0,0.000389751972435724,0,1,,
6855,6.855,0.0,8.786934053108736e-09,0,1,0.0,0.00037074354443805186,0,1,,
6856,6.856,0.0,8.358390222464349e-09,0,1,0.0,0.000352662168413163,0,1,,
6857,6.857,0.0,7.950746721067158e-09,0,1,0.0,0.0003354626315028269,0,1,,
6858,6.8580000000000005,0.0,7.562984227831653e-09,0,1,0.0,0.0003191019259059291,0,1,,
6859,6.859,0.0,7.19413313454828e-09,0,1,0.0,0.00030353914133656644,0,1,,
6860,6.86,0.0,6.843271121357879e-09,0,1,0.0,0.000288735362727023,0,1,,
6861,6.861,0.0,6.509520850471611e-09,0,1,0.0,0.00027465357291983096,0,1,,
6862,6.862,0.0,6.192047772369509e-09,0,1,0.0,0.0002612585601055957,0,1,,
6863,6.863,0.0,5.890058038991976e-09,0,1,0.0,0.000248516829775131,0,1,,
6864,6.864,0.0,5.602796518706141e-09,0,1,0.0,0.00023639652096573975,0,1,,
6865,6.865,0.0,5.3295449080834464e-09,0,1,0.0,0.0002248673265922116,0,1,,
6866,6.8660000000000005,0.0,5.069619935766928e-09,0,1,0.0,0.00021390041766332354,0,1,,
6867,6.867,0.0,4.822371653936922e-09,0,1,0.0,0.00020346837119434563,0,1,,
6868,6.868,0.0,4.587181813102974e-09,0,1,0.0,0.00019354510163529506,0,1,,
6869,6.869,0.0,4.363462316158084e-09,0,1,0.0,0.00018410579564347393,0,1,,
6870,6.87,0.0,4.150653747829607e-09,0,1,0.0,0.00017512685003718778,0,1,,
6871,6.871,0.0,3.948223975849689e-09,0,1,0.0,0.000166585812775497,0,1,,
6872,6.872,0.0,3.755666820347421e-09,0,1,0.0,0.0001584613268164197,0,1,,
6873,6.873,0.0,3.5725007881355037e-09,0,1,0.0,0.00015073307671320248,0,1,,
6874,6.8740000000000006,0.0,3.3982678687264826e-09,0,1,0.0,0.00014338173781512157,0,1,,
6875,6.875,0.0,3.23253238906796e-09,0,1,0.0,0.00013638892794579037,0,1,,
6876,6.876,0.0,3.0748799241330337e-09,0,1,0.0,0.00012973716143814353,0,1,,
6877,6.877,0.0,2.9249162606418646e-09,0,1,0.0,0.0001234098054111615,0,1,,
6878,6.878,0.0,2.7822664113231412e-09,0,1,0.0,0.00011739103817900426,0,1,,
6879,6.8790000000000004,0.0,2.6465736772505784e-09,0,1,0.0,0.00011166580968855556,0,1,,
6880,6.88,0.0,2.517498755909806e-09,0,1,0.0,0.00010621980388645097,0,1,,
6881,6.881,0.0,2.3947188927653483e-09,0,1,0.0,0.00010103940292148747,0,1,,
6882,6.882000000000001,0.0,2.2779270742061694e-09,0,1,0.0,9.611165309290228e-05,0,1,,
6883,6.883,0.0,2.16683125985173e-09,0,1,0.0,9.142423245937371e-05,0,1,,
6884,6.884,0.0,2.061153652298918e-09,0,1,0.0,8.696542002774955e-05,0,1,,
6885,6.885,0.0,1.00000000196063,0,1,0.0,8.272406644445907e-05,0,1,,
6886,6.886,0.0,0.951229426365723,0,1,0.0,7.868956611632163e-05,0,1,,
6887,6.8870000000000005,0.0,0.9048374198100111,0,1,0.0,7.48518306910395e-05,0,1,,
6888,6.888,0.0,0.8607079781125878,0,1,0.0,7.12012638310624e-05,0,1,,
6889,6.889,0.0,0.8187307546832101,0,1,0.0,6.7728737217745e-05,0,1,,
6890,6.890000000000001,0.0,0.7788007845983452,0,1,0.0,6.442556772579566e-05,0,1,,
6891,6.891,0.0,0.7408182221341885,0,1,0.0,6.128349571094038e-05,0,1,,
6892,6.892,0.0,0.7046880911003462,0,1,0.0,5.8294664356509795e-05,0,1,,
6893,6.893,0.0,0.670320047349889,0,1,0.0,5.54516000273051e-05,0,1,,
6894,6.894,0.0,0.6376281528719263,0,1,0.0,5.274719358161721e-05,0,1,,
6895,6.8950000000000005,0.0,0.6065306609018157,0,1,0.0,5.017468259466949e-05,0,1,,
6896,6.896,0.0,0.5769498115116719,0,1,0.0,4.7727634449033456e-05,0,1,,
6897,6.897,0.0,0.5488116371700431,0,1,0.0,4.5399930249734547e-05,0,1,,
6898,6.898000000000001,0.0,0.5220457777845547,0,1,0.0,4.318574952382755e-05,0,1,,
6899,6.899,0.0,0.49658530476502966,0,1,0.0,4.1079555666182464e-05,0,1,,
6900,6.9,0.0,0.47236655366715086,0,1,0.0,3.907608209508779e-05,0,1,6.638811721103106,6.408127084561623
6901,6.901,0.0,0.44932896499818953,0,1,0.0,3.7170319083053015e-05,0,1,,
6902,6.902,0.0,0.4274149327867293,0,1,0.0,3.535750122988043e-05,0,1,,
6903,6.9030000000000005,0.0,0.4065696605377319,0,1,0.0,3.363309554668245e-05,0,1,,
6904,6.904,0.0,0.3867410242127574,0,1,0.0,3.1992790121048275e-05,0,1,,
6905,6.905,0.0,0.36787944189271793,0,1,0.0,3.043248333501688e-05,0,1,,
6906,6.906000000000001,0.0,0.34993774979725395,0,1,0.0,2.8948273608895677e-05,0,1,,
6907,6.907,0.0,0.3328710843507167,0,1,0.0,2.753644964527904e-05,0,1,,
6908,6.908,0.0,0.3166367699998609,0,1,0.0,2.6193481148871672e-05,0,1,,
6909,6.909,0.0,0.30119421250273265,0,1,0.0,2.4916009998911502e-05,0,1,,
6910,6.91,0.0,0.28650479742192014,0,1,0.0,2.3700841852118625e-05,0,1,,
6911,6.9110000000000005,0.0,0.2725317935683467,0,1,0.0,2.2544938155173236e-05,0,1,,
6912,6.912,0.0,0.2592402611541659,0,1,0.0,2.144540854674963e-05,0,1,,
6913,6.913,0.0,0.24659696442509202,0,1,0.0,2.0399503630107344e-05,0,1,,
6914,6.914,0.0,0.23457028855370332,0,1,0.0,1.9404608098167235e-05,0,1,,
6915,6.915,0.0,0.22313016058590562,0,1,0.0,1.8458234193881514e-05,0,1,,
6916,6.916,0.0,0.21224797424288291,0,1,0.0,1.7558015489545312e-05,0,1,,
6917,6.917,0.0,0.20189651839049988,0,1,0.0,1.670170096949481e-05,0,1,,
6918,6.918,0.0,0.19204990899729302,0,1,0.0,1.5887149401395564e-05,0,1,,
6919,6.9190000000000005,0.0,0.18268352441090954,0,1,0.0,1.5112323982046366e-05,0,1,,
6920,6.92,0.0,0.17377394379115163,0,1,0.0,1.4375287244310303e-05,0,1,,
6921,6.921,0.0,0.1652988885456766,0,1,0.0,1.3674196212437745e-05,0,1,,
6922,6.922,0.0,0.15723716662191162,0,1,0.0,1.3007297793666999e-05,0,1,,
6923,6.923,0.0,0.14956861951588388,0,1,0.0,1.2372924394579265e-05,0,1,,
6924,6.924,0.0,0.14227407186546048,0,1,0.0,1.176948975124648e-05,0,1,,
6925,6.925,0.0,0.1353352835019552,0,1,0.0,1.1195484962745242e-05,0,1,,
6926,6.926,0.0,0.12873490384020583,0,1,0.0,1.0649474718118554e-05,0,1,,
6927,6.9270000000000005,0.0,0.12245642849307375,0,1,0.0,1.0130093707350815e-05,0,1,,
6928,6.928,0.0,0.11648415800187939,0,1,0.0,9.636043207381619e-06,0,1,,
6929,6.929,0.0,0.11080315857957797,0,1,0.0,9.166087834621632e-06,0,1,,
6930,6.93,0.0,0.10539922476851331,0,1,0.0,8.719052455850131e-06,0,1,,
6931,6.931,0.0,0.10025884391937431,0,1,0.0,8.293819249769857e-06,0,1,,
6932,6.932,0.0,0.09536916240253333,0,1,0.0,7.889324911871525e-06,0,1,,
6933,6.933,0.0,0.09071795346727692,0,1,0.0,7.504557995618697e-06,0,1,,
6934,6.934,0.0,0.08629358666856038,0,1,0.0,7.138556383304605e-06,0,1,,
6935,6.9350000000000005,0.0,0.08208499878483717,0,1,0.0,6.790404880256738e-06,0,1,,
6936,6.936,0.0,0.07808166615424247,0,1,0.0,6.459232926373457e-06,0,1,,
6937,6.937,0.0,0.07427357835995695,0,1,0.0,6.144212419270286e-06,0,1,,
6938,6.938,0.0,0.07065121319895053,0,1,0.0,5.844555643592614e-06,0,1,,
6939,6.939,0.0,0.06720551287151497,0,1,0.0,5.559513301317003e-06,0,1,,
6940,6.94,0.0,0.0639278613320465,0,1,0.0,5.288372638115837e-06,0,1,,
6941,6.941,0.0,0.060810062744444046,0,1,0.0,5.03045566110025e-06,0,1,,
6942,6.942,0.0,0.05784432098824982,0,1,0.0,4.78511744348475e-06,0,1,,
6943,6.9430000000000005,0.0,0.05502322016428745,0,1,0.0,4.551744511934327e-06,0,1,,
6944,6.944,0.0,0.05233970605105123,0,1,0.0,4.329753312561573e-06,0,1,,
6945,6.945,0.0,0.049787068465478,0,1,0.0,4.118588751738006e-06,0,1,,
6946,6.946,0.0,0.047358924483994286,0,1,0.0,3.917722808070857e-06,0,1,,
6947,6.947,0.0,0.04504920248188266,0,1,0.0,3.726653212074563e-06,0,1,,
6948,6.948,0.0,0.04285212695105738,0,1,0.0,3.5449021902354237e-06,0,1,,
6949,6.949,0.0,0.04076220405828585,0,1,0.0,3.372015270328963e-06,0,1,,
6950,6.95,0.0,0.03877420790774392,0,1,0.0,3.207560145002639e-06,0,1,,
6951,6.9510000000000005,0.0,0.03688316747355428,0,1,0.0,3.051125590782287e-06,0,1,,
6952,6.952,0.0,0.035084354169632494,0,1,0.0,2.902320439799236e-06,0,1,,
6953,6.953,0.0,0.033373270025758746,0,1,0.0,2.7607726016668863e-06,0,1,,
6954,6.954,0.0,0.03174563644030942,0,1,0.0,2.6261281330609313e-06,0,1,,
6955,6.955,0.0,0.030197383481524426,0,1,0.0,2.498050352676684e-06,0,1,,
6956,6.956,0.0,0.02872463971055785,0,1,0.0,2.376218999350448e-06,0,1,,
6957,6.957,0.0,0.0273237225008643,0,1,0.0,2.260329431239789e-06,0,1,,
6958,6.958,0.0,0.02599112882971436,0,1,0.0,2.150091864060251e-06,0,1,,
6959,6.9590000000000005,0.0,0.024723526518813106,0,1,0.0,2.0452306464736997e-06,0,1,,
6960,6.96,0.0,0.023517745902118734,0,1,0.0,1.9454835708164006e-06,0,1,,
6961,6.961,0.0,0.02237077190002643,0,1,0.0,1.8506012174432788e-06,0,1,,
6962,6.962,0.0,0.021279736480098885,0,1,0.0,1.7603463310488909e-06,0,1,,
6963,6.963,0.0,0.02024191148549131,0,1,0.0,1.6744932274055798e-06,0,1,,
6964,6.964,0.0,0.019254701813138292,0,1,0.0,1.5928272290353528e-06,0,1,,
6965,6.965,0.0,0.01831563892464439,0,1,0.0,1.5151441284043656e-06,0,1,,
6966,6.966,0.0,0.01742237467365236,0,1,0.0,1.4412496772977206e-06,0,1,,
6967,6.9670000000000005,0.0,0.01657267543425415,0,1,0.0,1.3709591010977506e-06,0,1,,
6968,6.968,0.0,0.015764416515762693,0,1,0.0,1.3040966367512295e-06,0,1,,
6969,6.969,0.0,0.014995576849878497,0,1,0.0,1.2404950932701888e-06,0,1,,
6970,6.97,0.0,0.014264233936966153,0,1,0.0,1.1799954336673611e-06,0,1,,
6971,6.971,0.0,0.013568559038803869,0,1,0.0,1.1224463772808745e-06,0,1,,
6972,6.972,0.0,0.012906812605785366,0,1,0.0,1.0677040214937976e-06,0,1,,
6973,6.973,0.0,0.012277339927139775,0,1,0.0,1.015631481902643e-06,0,1,,
6974,6.974,0.0,0.011678566993292805,0,1,0.0,9.660985500350585e-07,0,1,,
6975,6.9750000000000005,0.0,0.01110899656002295,0,1,0.0,9.18981367760823e-07,0,1,,
6976,6.976,0.0,0.010567204404571042,0,1,0.0,8.741621175820067e-07,0,1,,
6977,6.977,0.0,0.010051835764341523,0,1,0.0,8.315287280278577e-07,0,1,,
6978,6.978,0.0,0.009561601949290281,0,1,0.0,7.909745934177497e-07,0,1,,
6979,6.979,0.0,0.0090952771195283,0,1,0.0,7.523983072914524e-07,0,1,,
6980,6.98,0.0,0.008651695220083416,0,1,0.0,7.157034088401597e-07,0,1,,
6981,6.981,0.0,0.008229747065155526,0,1,0.0,6.807981417042243e-07,0,1,,
6982,6.982,0.0,0.007828377564574331,0,1,0.0,6.475952245344649e-07,0,1,,
6983,6.9830000000000005,0.0,0.007446583085524342,0,1,0.0,6.160116327433297e-07,0,1,,
6984,6.984,0.0,0.007083408942940071,0,1,0.0,5.859683909001828e-07,0,1,,
6985,6.985,0.0,0.006737947012296095,0,1,0.0,5.573903752515903e-07,0,1,,
6986,6.986,0.0,0.00640933345882272,0,1,0.0,5.302061258728072e-07,0,1,,
6987,6.987,0.0,0.0060967465774691065,0,1,0.0,5.043476679807436e-07,0,1,,
6988,6.988,0.0,0.005799404738212636,0,1,0.0,4.797503419615999e-07,0,1,,
6989,6.989,0.0,0.0055165644315767195,0,1,0.0,4.563526416881534e-07,0,1,,
6990,6.99,0.0,0.005247518409469832,0,1,0.0,4.3409606072240275e-07,0,1,,
6991,6.9910000000000005,0.0,0.00499159391669689,0,1,0.0,4.1292494601899817e-07,0,1,,
6992,6.992,0.0,0.004748151008720848,0,1,0.0,3.9278635876364005e-07,0,1,,
6993,6.993,0.0,0.004516580951468016,0,1,0.0,3.736299419984683e-07,0,1,,
6994,6.994,0.0,0.004296304699175808,0,1,0.0,3.554077947034382e-07,0,1,,
6995,6.995,0.0,0.004086771446476717,0,1,0.0,3.380743520188194e-07,0,1,,
6996,6.996,0.0,0.0038874572510979983,0,1,0.0,3.215862713093134e-07,0,1,,
6997,6.997,0.0,0.0036978637237330765,0,1,0.0,3.0590232378488864e-07,0,1,,
6998,6.998,0.0,0.0035175167818086816,0,1,0.0,2.909832914073307e-07,0,1,,
6999,6.9990000000000006,0.0,0.003345965464031476,0,1,0.0,2.7679186882471874e-07,0,1,,
7000,7.0,0.0,0.003182780802749925,0,1,0.0,2.6329257008861434e-07,0,1,7.35210582473673,6.405752285600943
7001,7.001,0.0,0.003027554751311732,0,1,0.0,2.5045163992070654e-07,0,1,,
7002,7.002,0.0,0.0028798991637346612,0,1,0.0,2.3823696930703373e-07,0,1,,
7003,7.003,0.0,0.0027394448241394092,0,1,0.0,2.2661801520872395e-07,0,1,,
7004,7.0040000000000004,0.0,0.00260584052351759,0,1,0.0,2.1556572418848854e-07,0,1,,
7005,7.005,0.0,0.0024787521815262765,0,1,0.0,2.050524597618956e-07,0,1,,
7006,7.006,0.0,0.0023578620111131296,0,1,0.0,1.9505193329176377e-07,0,1,,
7007,7.007000000000001,0.0,0.0022428677238832385,0,1,0.0,1.855391382528761e-07,0,1,,
7008,7.008,0.0,0.0021334817742206793,0,1,0.0,1.7649028770264175e-07,0,1,,
7009,7.009,0.0,0.002029430640274699,0,1,0.0,1.6788275480134937e-07,0,1,,
7010,7.01,0.0,0.0019304541400126177,0,1,0.0,1.5969501623328204e-07,0,1,,
7011,7.011,0.0,0.0018363047806292231,0,1,0.0,1.5190659838721704e-07,0,1,,
7012,7.0120000000000005,0.0,0.0017467471396858459,0,1,0.0,1.4449802616173357e-07,0,1,,
7013,7.013,0.0,0.0016615572764316355,0,1,0.0,1.3745077426731495e-07,0,1,,
7014,7.014,0.0,0.0015805221718350384,0,1,0.0,1.3074722090347555e-07,0,1,,
7015,7.015000000000001,0.0,0.0015034391959252622,0,1,0.0,1.2437060369508078e-07,0,1,,
7016,7.016,0.0,0.0014301156011118034,0,1,0.0,1.1830497777767807e-07,0,1,,
7017,7.017,0.0,0.0013603680402150735,0,1,0.0,1.1253517592703047e-07,0,1,,
7018,7.018,0.0,0.0012940221080029485,0,1,0.0,1.070467706331558e-07,0,1,,
7019,7.019,0.0,0.0012309119050868454,0,1,0.0,1.0182603802403672e-07,0,1,,
7020,7.0200000000000005,0.0,0.0011708796230868374,0,1,0.0,9.685992354879227e-08,0,1,,
7021,7.021,0.0,0.0011137751500285053,0,1,0.0,9.213600933450083e-08,0,1,,
7022,7.022,0.0,0.0010594556949848114,0,1,0.0,8.764248313504964e-08,0,1,,
7023,7.023000000000001,0.0,0.0010077854310244062,0,1,0.0,8.33681087943668e-08,0,1,,
7024,7.024,0.0,0.0009586351555735499,0,1,0.0,7.930219815017845e-08,0,1,,
7025,7.025,0.0,0.0009118819673423804,0,1,0.0,7.543458430803583e-08,0,1,,
7026,7.026,0.0,0.0008674089590076714,0,1,0.0,7.175559621878352e-08,0,1,,
7027,7.027,0.0,0.0008251049248836307,0,1,0.0,6.825603449589906e-08,0,1,,
7028,7.0280000000000005,0.0,0.0007848640828497609,0,1,0.0,6.492714841223494e-08,0,1,,
7029,7.029,0.0,0.0007465858098404588,0,1,0.0,6.176061401864269e-08,0,1,,
7030,7.03,0.0,0.0007101743902349391,0,1,0.0,5.874851332976421e-08,0,1,,
7031,7.031000000000001,0.0,0.0006755387765183267,0,1,0.0,5.5883314524944135e-08,0,1,,
7032,7.032,0.0,0.0006425923616154444,0,1,0.0,5.3157853114755e-08,0,1,,
7033,7.033,0.0,0.0006112527623280139,0,1,0.0,5.0565314026041886e-08,0,1,,
7034,7.034,0.0,0.0005814416133337484,0,1,0.0,4.809921456068971e-08,0,1,,
7035,7.035,0.0,0.0005530843712322281,0,1,0.0,4.575338818550124e-08,0,1,,
7036,7.0360000000000005,0.0,0.0005261101281475716,0,1,0.0,4.352196911265211e-08,0,1,,
7037,7.037,0.0,0.0005004514344218115,0,1,0.0,4.139937763216592e-08,0,1,,
7038,7.038,0.0,0.0004760441299556166,0,1,0.0,3.938030615973292e-08,0,1,,
7039,7.039000000000001,0.0,0.0004528271837746243,0,1,0.0,3.745970596498467e-08,0,1,,
7040,7.04,0.0,0.00043074254142021494,0,1,0.0,3.563277454703833e-08,0,1,,
7041,7.041,0.0,0.00040973497978312603,0,1,0.0,3.389494362574296e-08,0,1,,
7042,7.042,0.0,0.00038975196901691464,0,1,0.0,3.2241867718599624e-08,0,1,,
7043,7.043,0.0,0.00037074354118597986,0,1,0.0,3.066941327479167e-08,0,1,,
7044,7.0440000000000005,0.0,0.00035266216531969636,0,1,0.0,2.9173648339154636e-08,0,1,,
7045,7.045,0.0,0.0003354626285602304,0,1,0.0,2.7750832720240275e-08,0,1,,
7046,7.046,0.0,0.0003191019231068448,0,1,0.0,2.6397408637889742e-08,0,1,,
7047,7.047,0.0,0.00030353913867399505,0,1,0.0,2.5109991826930035e-08,0,1,,
7048,7.048,0.0,0.00028873536019430676,0,1,0.0,2.388536307474829e-08,0,1,,
7049,7.049,0.0,0.0002746535705106368,0,1,0.0,2.272046017158342e-08,0,1,,
7050,7.05,0.0,0.00026125855781389934,0,1,0.0,2.1612370253406692e-08,0,1,,
7051,7.051,0.0,0.000248516827595202,0,1,0.0,2.0558322518244398e-08,0,1,,
7052,7.0520000000000005,0.0,0.00023639651889212717,0,1,0.0,1.955568129772969e-08,0,1,,
7053,7.053,0.0,0.0002248673246197303,0,1,0.0,1.8601939466558788e-08,0,1,,
7054,7.054,0.0,0.0002139004157870413,0,1,0.0,1.7694712173371833e-08,0,1,,
7055,7.055,0.0,0.00020346836940957072,0,1,0.0,1.6831730877382268e-08,0,1,,
7056,7.056,0.0,0.00019354509993756464,0,1,0.0,1.6010837675843232e-08,0,1,,
7057,7.057,0.0,0.00018410579402854279,0,1,0.0,1.5229979908166708e-08,0,1,,
7058,7.058,0.0,0.00017512684850101774,0,1,0.0,1.4487205023202855e-08,0,1,,
7059,7.059,0.0,0.00016658581131424684,0,1,0.0,1.3780655696845104e-08,0,1,,
7060,7.0600000000000005,0.0,0.00015846132542643557,0,1,0.0,1.3108565187752455e-08,0,1,,
7061,7.061,0.0,0.00015073307539100866,0,1,0.0,1.2469252919575861e-08,0,1,,
7062,7.062,0.0,0.0001433817365574119,0,1,0.0,1.1861120278641995e-08,0,1,,
7063,7.063,0.0,0.0001363889267494199,0,1,0.0,1.1282646616586373e-08,0,1,,
7064,7.064,0.0,0.00012973716030012072,0,1,0.0,1.0732385447940384e-08,0,1,,
7065,7.065,0.0,0.00012340980432864072,0,1,0.0,1.020896083316417e-08,0,1,,
7066,7.066,0.0,0.00011739103714927864,0,1,0.0,9.711063938081083e-09,0,1,,
7067,7.067,0.0,0.00011166580870905026,0,1,0.0,9.237449761110507e-09,0,1,,
7068,7.0680000000000005,0.0,0.0001062198029547167,0,1,0.0,8.786934020115406e-09,0,1,,
7069,7.069,0.0,0.00010103940203519441,0,1,0.0,8.358390191080124e-09,0,1,,
7070,7.07,0.0,9.611165224983425e-05,0,1,0.0,7.95074669121356e-09,0,1,,
7071,7.071,0.0,9.142423165742259e-05,0,1,0.0,7.562984199434031e-09,0,1,,
7072,7.072,0.0,8.696541926491004e-05,0,1,0.0,7.194133107535627e-09,0,1,,
7073,7.073,0.0,8.272406571882368e-05,0,1,0.0,6.843271095662648e-09,0,1,,
7074,7.074,0.0,7.868956542607589e-05,0,1,0.0,6.509520826029551e-09,0,1,,
7075,7.075,0.0,7.485183003445746e-05,0,1,0.0,6.192047749119502e-09,0,1,,
7076,7.0760000000000005,0.0,7.120126320650223e-05,0,1,0.0,5.890058016875885e-09,0,1,,
7077,7.077,0.0,6.772873662364499e-05,0,1,0.0,5.602796497668665e-09,0,1,,
7078,7.078,0.0,6.442556716067026e-05,0,1,0.0,5.32954488807198e-09,0,1,,
7079,7.079,0.0,6.128349517337647e-05,0,1,0.0,5.069619916731432e-09,0,1,,
7080,7.08,0.0,5.829466384516318e-05,0,1,0.0,4.822371635829798e-09,0,1,,
7081,7.081,0.0,5.5451599540897154e-05,0,1,0.0,4.587181795878946e-09,0,1,,
7082,7.082,0.0,5.2747193118931655e-05,0,1,0.0,4.363462299774081e-09,0,1,,
7083,7.083,0.0,5.017468215454938e-05,0,1,0.0,4.1506537322446615e-09,0,1,,
7084,7.0840000000000005,0.0,4.772763403037825e-05,0,1,0.0,3.94822396102483e-09,0,1,,
7085,7.085,0.0,4.539992985149739e-05,0,1,0.0,3.755666806245578e-09,0,1,,
7086,7.086,0.0,4.3185749145012653e-05,0,1,0.0,3.5725007747214156e-09,0,1,,
7087,7.087,0.0,4.1079555305842587e-05,0,1,0.0,3.398267855966607e-09,0,1,,
7088,7.088,0.0,3.9076081752321895e-05,0,1,0.0,3.2325323769303907e-09,0,1,,
7089,7.089,0.0,3.717031875700401e-05,0,1,0.0,3.074879912587421e-09,0,1,,
7090,7.09,0.0,3.535750091973302e-05,0,1,0.0,2.924916249659338e-09,0,1,,
7091,7.091,0.0,3.3633095251661106e-05,0,1,0.0,2.782266400876239e-09,0,1,,
7092,7.0920000000000005,0.0,3.199278984041529e-05,0,1,0.0,2.6465736673131775e-09,0,1,,
7093,7.093,0.0,3.0432483068070526e-05,0,1,0.0,2.517498746457058e-09,0,1,,
7094,7.094,0.0,2.894827335496845e-05,0,1,0.0,2.3947188837736163e-09,0,1,,
7095,7.095,0.0,2.753644940373599e-05,0,1,0.0,2.277927065652969e-09,0,1,,
7096,7.096,0.0,2.6193480919108815e-05,0,1,0.0,2.166831251715674e-09,0,1,,
7097,7.097,0.0,2.491600978035431e-05,0,1,0.0,2.0611536445596625e-09,0,1,,
7098,7.098,0.0,2.3700841644220595e-05,0,1,0.0,1.960629995122037e-09,0,1,,
7099,7.099,0.0,2.2544937957414513e-05,0,1,0.0,1.865008941918773e-09,0,1,,
7100,7.1000000000000005,0.0,2.144540835863571e-05,0,1,0.0,1.77405138251008e-09,0,1,7.3501692873614495,6.773760431376284
7101,7.101,0.0,2.039950345116785e-05,0,1,0.0,1.6875298756197595e-09,0,1,,
7102,7.102,0.0,1.9404607927954724e-05,0,1,0.0,1.6052280724135452e-09,0,1,,
7103,7.103,0.0,1.8458234031970366e-05,0,1,0.0,1.5269401755143272e-09,0,1,,
7104,7.104,0.0,1.7558015335530667e-05,0,1,0.0,1.4524704244015127e-09,0,1,,
7105,7.105,0.0,1.6701700822991546e-05,0,1,0.0,1.3816326059077588e-09,0,1,,
7106,7.106,0.0,1.588714926203735e-05,0,1,0.0,1.3142495885890591e-09,0,1,,
7107,7.107,0.0,1.5112323849484732e-05,0,1,0.0,1.2501528798038708e-09,0,1,,
7108,7.1080000000000005,0.0,1.4375287118213777e-05,0,1,0.0,1.1891822043937463e-09,0,1,,
7109,7.109,0.0,1.3674196092491018e-05,0,1,0.0,1.0000000011311851,0,1,,
7110,7.11,0.0,1.3007297679570144e-05,0,1,0.0,0.9512294255767306,0,1,,
7111,7.111,0.0,1.237292428604698e-05,0,1,0.0,0.9048374190594982,0,1,,
7112,7.112,0.0,1.1769489648007377e-05,0,1,0.0,0.8607079773986779,0,1,,
7113,7.113,0.0,1.1195484864541168e-05,0,1,0.0,0.8187307540041179,0,1,,
7114,7.114,0.0,1.064947462470395e-05,0,1,0.0,0.7788007839523727,0,1,,
7115,7.115,0.0,1.0130093618492097e-05,0,1,0.0,0.7408182215197204,0,1,,
7116,7.1160000000000005,0.0,9.636043122856593e-06,0,1,0.0,0.7046880905158461,0,1,,
7117,7.117,0.0,9.166087754218939e-06,0,1,0.0,0.6703200467938953,0,1,,
7118,7.118,0.0,8.719052379368723e-06,0,1,0.0,0.6376281523430487,0,1,,
7119,7.119,0.0,8.293819177018492e-06,0,1,0.0,0.6065306603987318,0,1,,
7120,7.12,0.0,7.889324842668286e-06,0,1,0.0,0.5769498110331237,0,1,,
7121,7.121,0.0,7.50455792979054e-06,0,1,0.0,0.548811636714834,0,1,,
7122,7.122,0.0,7.138556320686926e-06,0,1,0.0,0.5220457773515464,0,1,,
7123,7.123,0.0,6.790404820692959e-06,0,1,0.0,0.4965853043531394,0,1,,
7124,7.1240000000000006,0.0,6.459232869714637e-06,0,1,0.0,0.4723665532753487,0,1,,
7125,7.125,0.0,6.14421236537475e-06,0,1,0.0,0.4493289646254958,0,1,,
7126,7.126,0.0,5.844555592325594e-06,0,1,0.0,0.42741493243221207,0,1,,
7127,7.127,0.0,5.559513252550305e-06,0,1,0.0,0.40656966020050467,0,1,,
7128,7.128,0.0,5.288372591727519e-06,0,1,0.0,0.3867410238919769,0,1,,
7129,7.1290000000000004,0.0,5.030455616974318e-06,0,1,0.0,0.36787944158758207,0,1,,
7130,7.13,0.0,4.785117401510864e-06,0,1,0.0,0.34993774950699974,0,1,,
7131,7.131,0.0,4.551744472007531e-06,0,1,0.0,0.3328710840746184,0,1,,
7132,7.132000000000001,0.0,4.32975327458203e-06,0,1,0.0,0.31663676973722804,0,1,,
7133,7.133,0.0,4.118588715610747e-06,0,1,0.0,0.30119421225290854,0,1,,
7134,7.134,0.0,3.9177227737055455e-06,0,1,0.0,0.2865047971842801,0,1,,
7135,7.135,0.0,3.726653179385267e-06,0,1,0.0,0.27253179334229655,0,1,,
7136,7.136,0.0,3.544902159140404e-06,0,1,0.0,0.25924026093914027,0,1,,
7137,7.1370000000000005,0.0,3.3720152407504647e-06,0,1,0.0,0.24659696422055333,0,1,,
7138,7.138,0.0,3.2075601168667012e-06,0,1,0.0,0.2345702883591401,0,1,,
7139,7.139,0.0,3.0511255640185554e-06,0,1,0.0,0.22313016040083136,0,1,,
7140,7.140000000000001,0.0,2.902320414340787e-06,0,1,0.0,0.21224797406683482,0,1,,
7141,7.141,0.0,2.7607725774500606e-06,0,1,0.0,0.20189651822303775,0,1,,
7142,7.142,0.0,2.626128110025174e-06,0,1,0.0,0.19204990883799813,0,1,,
7143,7.143,0.0,2.498050330764394e-06,0,1,0.0,0.18268352425938356,0,1,,
7144,7.144,0.0,2.376218978506833e-06,0,1,0.0,0.17377394364701565,0,1,,
7145,7.1450000000000005,0.0,2.2603294114127293e-06,0,1,0.0,0.1652988884085702,0,1,,
7146,7.146,0.0,2.150091845200168e-06,0,1,0.0,0.157237166491492,0,1,,
7147,7.147,0.0,2.0452306285334343e-06,0,1,0.0,0.1495686193918249,0,1,,
7148,7.148000000000001,0.0,1.9454835537510923e-06,0,1,0.0,0.14227407174745194,0,1,,
7149,7.149,0.0,1.8506012012102555e-06,0,1,0.0,0.135335283389702,0,1,,
7150,7.15,0.0,1.7603463156075614e-06,0,1,0.0,0.12873490373342727,0,1,,
7151,7.151,0.0,1.6744932127173329e-06,0,1,0.0,0.12245642839150285,0,1,,
7152,7.152,0.0,1.5928272150634603e-06,0,1,0.0,0.11648415790526215,0,1,,
7153,7.1530000000000005,0.0,1.5151441151138903e-06,0,1,0.0,0.1108031584876728,0,1,,
7154,7.154,0.0,1.4412496646554295e-06,0,1,0.0,0.1053992246810904,0,1,,
7155,7.155,0.0,1.3709590890720313e-06,0,1,0.0,0.10025884383621508,0,1,,
7156,7.156000000000001,0.0,1.3040966253120114e-06,0,1,0.0,0.09536916232342983,0,1,,
7157,7.157,0.0,1.240495082388868e-06,0,1,0.0,0.09071795339203134,0,1,,
7158,7.158,0.0,1.1799954233167286e-06,0,1,0.0,0.08629358659698456,0,1,,
7159,7.159,0.0,1.1224463674350482e-06,0,1,0.0,0.08208499871675215,0,1,,
7160,7.16,0.0,1.0677040121281579e-06,0,1,0.0,0.078081666089478,0,1,,
7161,7.1610000000000005,0.0,1.015631472993771e-06,0,1,0.0,0.07427357829835107,0,1,,
7162,7.162,0.0,9.660985415606772e-07,0,1,0.0,0.07065121314034921,0,1,,
7163,7.163,0.0,9.189813596997421e-07,0,1,0.0,0.06720551281577167,0,1,,
7164,7.164000000000001,0.0,8.741621099140694e-07,0,1,0.0,0.06392786127902185,0,1,,
7165,7.165,0.0,8.315287207338901e-07,0,1,0.0,0.060810062694005435,0,1,,
7166,7.166,0.0,7.909745864795132e-07,0,1,0.0,0.05784432094027113,0,1,,
7167,7.167,0.0,7.523983006915976e-07,0,1,0.0,0.05502322011864871,0,1,,
7168,7.168,0.0,7.157034025621835e-07,0,1,0.0,0.05233970600763832,0,1,,
7169,7.1690000000000005,0.0,6.807981357324287e-07,0,1,0.0,0.04978706842418237,0,1,,
7170,7.17,0.0,6.475952188539171e-07,0,1,0.0,0.047358924444712666,0,1,,
7171,7.171,0.0,6.160116273398254e-07,0,1,0.0,0.04504920244451683,0,1,,
7172,7.172,0.0,5.859683857602104e-07,0,1,0.0,0.042852126915513905,0,1,,
7173,7.173,0.0,5.573903703622973e-07,0,1,0.0,0.04076220402447585,0,1,,
7174,7.174,0.0,5.302061212219679e-07,0,1,0.0,0.03877420787558285,0,1,,
7175,7.175,0.0,5.043476635567284e-07,0,1,0.0,0.036883167442961724,0,1,,
7176,7.176,0.0,4.797503377533464e-07,0,1,0.0,0.03508435414053195,0,1,,
7177,7.1770000000000005,0.0,4.563526376851389e-07,0,1,0.0,0.03337326999807745,0,1,,
7178,7.178,0.0,4.3409605691461754e-07,0,1,0.0,0.03174563641397816,0,1,,
7179,7.179,0.0,4.1292494239692086e-07,0,1,0.0,0.030197383456477354,0,1,,
7180,7.18,0.0,3.927863553182135e-07,0,1,0.0,0.028724639686732334,0,1,,
7181,7.181,0.0,3.736299387210772e-07,0,1,0.0,0.02732372247820077,0,1,,
7182,7.182,0.0,3.5540779158588735e-07,0,1,0.0,0.02599112880815614,0,1,,
7183,7.183,0.0,3.380743490533133e-07,0,1,0.0,0.024723526498306295,0,1,,
7184,7.184,0.0,3.2158626848843676e-07,0,1,0.0,0.02351774588261205,0,1,,
7185,7.1850000000000005,0.0,3.059023211015878e-07,0,1,0.0,0.022370771881471095,0,1,,
7186,7.186,0.0,2.90983288854896e-07,0,1,0.0,0.021279736462448504,0,1,,
7187,7.187,0.0,2.7679186639676773e-07,0,1,0.0,0.02024191146870175,0,1,,
7188,7.188,0.0,2.632925677790759e-07,0,1,0.0,0.019254701797167567,0,1,,
7189,7.189,0.0,2.5045163772380557e-07,0,1,0.0,0.018315638909452567,0,1,,
7190,7.19,0.0,2.382369672172769e-07,0,1,0.0,0.01742237465920145,0,1,,
7191,7.191,0.0,2.2661801322088578e-07,0,1,0.0,0.01657267542050802,0,1,,
7192,7.192,0.0,2.1556572229759837e-07,0,1,0.0,0.015764416502686972,0,1,,
7193,7.1930000000000005,0.0,2.0505245796322524e-07,0,1,0.0,0.014995576837440487,0,1,,
7194,7.194,0.0,1.950519315808156e-07,0,1,0.0,0.014264233925134751,0,1,,
7195,7.195,0.0,1.8553913662537188e-07,0,1,0.0,0.01356855902754949,0,1,,
7196,7.196,0.0,1.7649028615451185e-07,0,1,0.0,0.01290681259507987,0,1,,
7197,7.197,0.0,1.6788275332872263e-07,0,1,0.0,0.012277339916956391,0,1,,
7198,7.198,0.0,1.5969501483247616e-07,0,1,0.0,0.011678566983606071,0,1,,
7199,7.199,0.0,1.519065970547293e-07,0,1,0.0,0.011108996550808643,0,1,,
7200,7.2,0.0,1.4449802489423201e-07,0,1,0.0,0.010567204395806122,0,1,7.131745086726411,7.349891151580775
7201,7.2010000000000005,0.0,1.3745077306163017e-07,0,1,0.0,0.010051835756004074,0,1,,
7202,7.202,0.0,1.3074721975659272e-07,0,1,0.0,0.009561601941359455,0,1,,
7203,7.203,0.0,1.243706026041321e-07,0,1,0.0,0.009095277111984264,0,1,,
7204,7.204,0.0,1.1830497673993558e-07,0,1,0.0,0.008651695212907307,0,1,,
7205,7.205,0.0,1.1253517493989927e-07,0,1,0.0,0.008229747058329401,0,1,,
7206,7.206,0.0,1.0704676969416756e-07,0,1,0.0,0.00782837755808112,0,1,,
7207,7.207,0.0,1.0182603713084349e-07,0,1,0.0,0.007446583079347809,0,1,,
7208,7.208,0.0,9.685992269916059e-08,0,1,0.0,0.0070834089370647715,0,1,,
7209,7.2090000000000005,0.0,9.213600852630617e-08,0,1,0.0,0.006737947006707337,0,1,,
7210,7.21,0.0,8.76424823662711e-08,0,1,0.0,0.006409333453506529,0,1,,
7211,7.211,0.0,8.336810806308204e-08,0,1,0.0,0.006096746572412189,0,1,,
7212,7.212,0.0,7.930219745455887e-08,0,1,0.0,0.005799404733402347,0,1,,
7213,7.213,0.0,7.543458364634203e-08,0,1,0.0,0.005516564427001032,0,1,,
7214,7.214,0.0,7.17555955893609e-08,0,1,0.0,0.005247518405117302,0,1,,
7215,7.215,0.0,6.825603389717375e-08,0,1,0.0,0.004991593912556636,0,1,,
7216,7.216,0.0,6.492714784270981e-08,0,1,0.0,0.004748151004782516,0,1,,
7217,7.2170000000000005,0.0,6.176061347689362e-08,0,1,0.0,0.00451658094772176,0,1,,
7218,7.218,0.0,5.874851281443656e-08,0,1,0.0,0.004296304695612259,0,1,,
7219,7.219,0.0,5.5883314034749314e-08,0,1,0.0,0.004086771443086964,0,1,,
7220,7.22,0.0,5.3157852648467266e-08,0,1,0.0,0.0038874572478735654,0,1,,
7221,7.221,0.0,5.0565313582495274e-08,0,1,0.0,0.003697863720665901,0,1,,
7222,7.222,0.0,4.809921413877512e-08,0,1,0.0,0.003517516778891094,0,1,,
7223,7.223,0.0,4.575338778416366e-08,0,1,0.0,0.0033459654612561806,0,1,,
7224,7.224,0.0,4.3521968730887995e-08,0,1,0.0,0.0031827808001099827,0,1,,
7225,7.2250000000000005,0.0,4.139937726902066e-08,0,1,0.0,0.003027554748800541,0,1,,
7226,7.226,0.0,3.938030581429846e-08,0,1,0.0,0.0028798991613459427,0,1,,
7227,7.227,0.0,3.745970563639725e-08,0,1,0.0,0.00273944482186719,0,1,,
7228,7.228,0.0,3.563277423447631e-08,0,1,0.0,0.002605840521356188,0,1,,
7229,7.229,0.0,3.389494332842477e-08,0,1,0.0,0.0024787521794702875,0,1,,
7230,7.23,0.0,3.224186743578181e-08,0,1,0.0,0.0023578620091574123,0,1,,
7231,7.231,0.0,3.066941300576704e-08,0,1,0.0,0.002242867722022903,0,1,,
7232,7.232,0.0,2.9173648083250495e-08,0,1,0.0,0.002133481772451073,0,1,,
7233,7.2330000000000005,0.0,2.7750832476816727e-08,0,1,0.0,0.0020294306385913977,0,1,,
7234,7.234,0.0,2.63974084063381e-08,0,1,0.0,0.0019304541384114117,0,1,,
7235,7.235,0.0,2.51099916066713e-08,0,1,0.0,0.0018363047791061088,0,1,,
7236,7.236,0.0,2.38853628652317e-08,0,1,0.0,0.0017467471382370146,0,1,,
7237,7.237,0.0,2.2720459972285074e-08,0,1,0.0,0.0016615572750534645,0,1,,
7238,7.238,0.0,2.161237006382824e-08,0,1,0.0,0.0015805221705240816,0,1,,
7239,7.239,0.0,2.0558322337911798e-08,0,1,0.0,0.0015034391946782415,0,1,,
7240,7.24,0.0,1.9555681126192015e-08,0,1,0.0,0.0014301155999256005,0,1,,
7241,7.2410000000000005,0.0,1.8601939303387105e-08,0,1,0.0,0.0013603680390867224,0,1,,
7242,7.242,0.0,1.7694712018158128e-08,0,1,0.0,0.0012940221069296278,0,1,,
7243,7.243,0.0,1.6831730729738423e-08,0,1,0.0,0.0012309119040658713,0,1,,
7244,7.244,0.0,1.6010837535400064e-08,0,1,0.0,0.0011708796221156568,0,1,,
7245,7.245,0.0,1.5229979774573032e-08,0,1,0.0,0.0011137751491046898,0,1,,
7246,7.246,0.0,1.448720489612462e-08,0,1,0.0,0.001059455694106051,0,1,,
7247,7.247,0.0,1.3780655575964547e-08,0,1,0.0,0.0010077854301885035,0,1,,
7248,7.248,0.0,1.3108565072767312e-08,0,1,0.0,0.0009586351547784147,0,1,,
7249,7.2490000000000006,0.0,1.2469252810198611e-08,0,1,0.0,0.0009118819665860243,0,1,,
7250,7.25,0.0,1.1861120174599136e-08,0,1,0.0,0.0008674089582882033,0,1,,
7251,7.251,0.0,1.1282646517617745e-08,0,1,0.0,0.0008251049241992515,0,1,,
7252,7.252,0.0,1.0732385353798512e-08,0,1,0.0,0.0007848640821987593,0,1,,
7253,7.253,0.0,1.020896074361365e-08,0,1,0.0,0.0007465858092212069,0,1,,
7254,7.2540000000000004,0.0,9.711063852897994e-09,0,1,0.0,0.0007101743896458885,0,1,,
7255,7.255,0.0,9.237449680081845e-09,0,1,0.0,0.0006755387759580044,0,1,,
7256,7.256,0.0,8.786933943038558e-09,0,1,0.0,0.0006425923610824493,0,1,,
7257,7.257000000000001,0.0,8.358390117762357e-09,0,1,0.0,0.0006112527618210132,0,1,,
7258,7.258,0.0,7.950746621471542e-09,0,1,0.0,0.0005814416128514745,0,1,,
7259,7.259,0.0,7.562984133093372e-09,0,1,0.0,0.000553084370773475,0,1,,
7260,7.26,0.0,7.194133044430439e-09,0,1,0.0,0.0005261101277111921,0,1,,
7261,7.261,0.0,6.843271035635136e-09,0,1,0.0,0.0005004514340067144,0,1,,
7262,7.2620000000000005,0.0,6.509520768929616e-09,0,1,0.0,0.00047604412956076404,0,1,,
7263,7.263,0.0,6.192047694804364e-09,0,1,0.0,0.0004528271833990289,0,1,,
7264,7.264,0.0,5.890057965209728e-09,0,1,0.0,0.0004307425410629376,0,1,,
7265,7.265000000000001,0.0,5.602796448522296e-09,0,1,0.0,0.0004097349794432733,0,1,,
7266,7.266,0.0,5.329544841322508e-09,0,1,0.0,0.0003897519686936368,0,1,,
7267,7.267,0.0,5.069619872261959e-09,0,1,0.0,0.0003707435408784684,0,1,,
7268,7.268,0.0,4.822371593529126e-09,0,1,0.0,0.00035266216502718246,0,1,,
7269,7.269,0.0,4.5871817556413015e-09,0,1,0.0,0.0003354626282819826,0,1,,
7270,7.2700000000000005,0.0,4.36346226149885e-09,0,1,0.0,0.0003191019228421673,0,1,,
7271,7.271,0.0,4.150653695836136e-09,0,1,0.0,0.000303539138422226,0,1,,
7272,7.272,0.0,3.948223926391969e-09,0,1,0.0,0.00028873535995481664,0,1,,
7273,7.273000000000001,0.0,3.7556667733017816e-09,0,1,0.0,0.00027465357028282674,0,1,,
7274,7.274,0.0,3.572500743384307e-09,0,1,0.0,0.0002612585575971997,0,1,,
7275,7.275,0.0,3.3982678261578273e-09,0,1,0.0,0.0002485168273890709,0,1,,
7276,7.276,0.0,3.2325323485754024e-09,0,1,0.0,0.00023639651869604918,0,1,,
7277,7.277,0.0,3.0748798856153213e-09,0,1,0.0,0.00022486732443321514,0,1,,
7278,7.2780000000000005,0.0,2.9249162240026835e-09,0,1,0.0,0.00021390041560962259,0,1,,
7279,7.279,0.0,2.782266376470874e-09,0,1,0.0,0.00020346836924080484,0,1,,
7280,7.28,0.0,2.6465736440980765e-09,0,1,0.0,0.00019354509977702957,0,1,,
7281,7.281000000000001,0.0,2.517498724374171e-09,0,1,0.0,0.0001841057938758371,0,1,,
7282,7.282,0.0,2.394718862767724e-09,0,1,0.0,0.00017512684835575961,0,1,,
7283,7.283,0.0,2.2779270456715464e-09,0,1,0.0,0.00016658581117607303,0,1,,
7284,7.284,0.0,2.1668312327087567e-09,0,1,0.0,0.00015846132529500056,0,1,,
7285,7.285,0.0,2.0611536264797235e-09,0,1,0.0,0.00015073307526598383,0,1,,
7286,7.2860000000000005,0.0,1.9606299779238672e-09,0,1,0.0,0.00014338173643848462,0,1,,
7287,7.287,0.0,1.8650089255593677e-09,0,1,0.0,0.00013638892663629277,0,1,,
7288,7.288,0.0,1.7740513669485324e-09,0,1,0.0,0.0001297371601925109,0,1,,
7289,7.289000000000001,0.0,1.6875298608171575e-09,0,1,0.0,0.00012340980422627907,0,1,,
7290,7.29,0.0,1.6052280583328749e-09,0,1,0.0,0.00011739103705190923,0,1,,
7291,7.291,0.0,1.526940162120379e-09,0,1,0.0,0.00011166580861642962,0,1,,
7292,7.292,0.0,1.452470411660795e-09,0,1,0.0,0.00010621980286661322,0,1,,
7293,7.293,0.0,1.3816325937884132e-09,0,1,0.0,0.00010103940195138779,0,1,,
7294,7.2940000000000005,0.0,1.314249577060781e-09,0,1,0.0,9.611165217011492e-05,0,1,,
7295,7.295,0.0,1.2501528688378336e-09,0,1,0.0,9.142423158159122e-05,0,1,,
7296,7.296,0.0,1.1891821939625292e-09,0,1,0.0,8.696541919277703e-05,0,1,,
7297,7.297,0.0,1.131185093989473e-09,0,1,0.0,8.272406565020863e-05,0,1,,
7298,7.298,0.0,1.0760165459593926e-09,0,1,0.0,7.868956536080725e-05,0,1,,
7299,7.299,0.0,1.0235385997661992e-09,0,1,0.0,7.4851829972372e-05,0,1,,
7300,7.3,0.0,9.736200332098683e-10,0,1,0.0,7.120126314744472e-05,0,1,6.400018712196528,7.345397274718654
7301,7.301,0.0,9.261360238725891e-10,0,1,0.0,6.772873656746774e-05,0,1,,
7302,7.3020000000000005,0.0,8.809678369977025e-10,0,1,0.0,6.44255671072328e-05,0,1,,
7303,7.303,0.0,8.380025285909634e-10,0,1,0.0,6.128349512254519e-05,0,1,,
7304,7.304,0.0,7.971326630017252e-10,0,1,0.0,5.8294663796810976e-05,0,1,,
7305,7.305,0.0,7.582560442778527e-10,0,1,0.0,5.5451599494903116e-05,0,1,,
7306,7.306,0.0,7.212754606226097e-10,0,1,0.0,5.274719307518078e-05,0,1,,
7307,7.307,0.0,6.860984413145324e-10,0,1,0.0,5.017468211293226e-05,0,1,,
7308,7.308,0.0,6.526370254824595e-10,0,1,0.0,4.772763399079082e-05,0,1,,
7309,7.309,0.0,6.208075421575378e-10,0,1,0.0,4.539992981384067e-05,0,1,,
7310,7.3100000000000005,0.0,5.905304010522174e-10,0,1,0.0,4.318574910919247e-05,0,1,,
7311,7.311,0.0,5.617298935430766e-10,0,1,0.0,4.107955527176938e-05,0,1,,
7312,7.312,0.0,5.343340033598281e-10,0,1,0.0,3.907608171991046e-05,0,1,,
7313,7.313,0.0,5.082742265071319e-10,0,1,0.0,3.7170318726173294e-05,0,1,,
7314,7.314,0.0,4.834853999689246e-10,0,1,0.0,3.5357500890405935e-05,0,1,,
7315,7.315,0.0,4.599055387669377e-10,0,1,0.0,3.363309522376432e-05,0,1,,
7316,7.316,0.0,4.3747568096596494e-10,0,1,0.0,3.199278981387905e-05,0,1,,
7317,7.317,0.0,4.161397402383128e-10,0,1,0.0,3.0432483042828473e-05,0,1,,
7318,7.3180000000000005,0.0,3.9584436561876693e-10,0,1,0.0,2.8948273330957468e-05,0,1,,
7319,7.319,0.0,3.765388080993899e-10,0,1,0.0,2.753644938089604e-05,0,1,,
7320,7.32,0.0,3.5817479373056745e-10,0,1,0.0,2.6193480897382782e-05,0,1,,
7321,7.321,0.0,3.407064029109896e-10,0,1,0.0,2.491600975968787e-05,0,1,,
7322,7.322,0.0,3.2408995556472905e-10,0,1,0.0,2.3700841624562065e-05,0,1,,
7323,7.323,0.0,3.082839019182992e-10,0,1,0.0,2.2544937938714743e-05,0,1,,
7324,7.324,0.0,2.932487186045783e-10,0,1,0.0,2.144540834084794e-05,0,1,,
7325,7.325,0.0,2.7894680983380485e-10,0,1,0.0,2.0399503434247597e-05,0,1,,
7326,7.3260000000000005,0.0,2.653424133845203e-10,0,1,0.0,1.9404607911859682e-05,0,1,,
7327,7.327,0.0,2.524015111793878e-10,0,1,0.0,1.8458234016660286e-05,0,1,,
7328,7.328,0.0,2.400917442222796e-10,0,1,0.0,1.7558015320967267e-05,0,1,,
7329,7.329,0.0,2.2838233168393164e-10,0,1,0.0,1.6701700809138414e-05,0,1,,
7330,7.33,0.0,2.1724399393383748e-10,0,1,0.0,1.588714924885984e-05,0,1,,
7331,7.331,0.0,2.0664887932592083e-10,0,1,0.0,1.5112323836949898e-05,0,1,,
7332,7.332,0.0,1.9657049455491317e-10,0,1,0.0,1.4375287106290274e-05,0,1,,
7333,7.333,0.0,1.869836384092908e-10,0,1,0.0,1.3674196081149032e-05,0,1,,
7334,7.3340000000000005,0.0,1.778643387551193e-10,0,1,0.0,1.3007297668781313e-05,0,1,,
7335,7.335,0.0,1.691897925932322e-10,0,1,0.0,1.2372924275784328e-05,0,1,,
7336,7.336,0.0,1.609383090398554e-10,0,1,0.0,1.176948963824524e-05,0,1,,
7337,7.337,0.0,1.5308925508809973e-10,0,1,0.0,1.1195484855255136e-05,0,1,,
7338,7.338,0.0,1.4562300401469612e-10,0,1,0.0,1.0649474615870803e-05,0,1,,
7339,7.339,0.0,1.3852088630296455e-10,0,1,0.0,1.0130093610089747e-05,0,1,,
7340,7.34,0.0,1.317651429592978e-10,0,1,0.0,9.63604311486403e-06,0,1,,
7341,7.341,0.0,1.2533888110642715e-10,0,1,0.0,9.16608774661618e-06,0,1,,
7342,7.3420000000000005,0.0,1.1922603174243012e-10,0,1,0.0,8.719052372136756e-06,0,1,,
7343,7.343,0.0,1.1341130955985566e-10,0,1,0.0,8.293819170139231e-06,0,1,,
7344,7.344,0.0,1.0788017472449383e-10,0,1,0.0,7.88932483612453e-06,0,1,,
7345,7.345,0.0,1.0261879651821674e-10,0,1,0.0,7.5045579235659265e-06,0,1,,
7346,7.346,0.0,9.761401875497919e-11,0,1,0.0,7.13855631476589e-06,0,1,,
7347,7.347,0.0,9.285332688350076e-11,0,1,0.0,6.7904048150606954e-06,0,1,,
7348,7.348,0.0,8.83248166943691e-11,0,1,0.0,6.459232864357063e-06,0,1,,
7349,7.349,0.0,8.401716455331578e-11,0,1,0.0,6.1442123602784675e-06,0,1,,
7350,7.3500000000000005,0.0,7.991959908623237e-11,0,1,0.0,5.84455558747786e-06,0,1,,
7351,7.351,0.0,7.60218742451246e-11,0,1,0.0,5.559513247938997e-06,0,1,,
7352,7.352,0.0,7.231424368765553e-11,0,1,0.0,5.288372587341108e-06,0,1,,
7353,7.353,0.0,6.878743640621296e-11,0,1,0.0,5.0304556128018334e-06,0,1,,
7354,7.354,0.0,1.0000000000654325,0,1,0.0,4.7851173975418745e-06,0,1,,
7355,7.355,0.0,0.9512294245629553,0,1,0.0,4.5517444682321115e-06,0,1,,
7356,7.356,0.0,0.9048374180951654,0,1,0.0,4.32975327099074e-06,0,1,,
7357,7.357,0.0,0.8607079764813761,0,1,0.0,4.118588712194606e-06,0,1,,
7358,7.3580000000000005,0.0,0.8187307531315535,0,1,0.0,3.917722770456012e-06,0,1,,
7359,7.359,0.0,0.7788007831223638,0,1,0.0,3.7266531762942154e-06,0,1,,
7360,7.36,0.0,0.7408182207301914,0,1,0.0,3.5449021562001047e-06,0,1,,
7361,7.361,0.0,0.7046880897648229,0,1,0.0,3.3720152379535657e-06,0,1,,
7362,7.362,0.0,0.6703200460795,0,1,0.0,3.2075601142062084e-06,0,1,,
7363,7.363,0.0,0.637628151663495,0,1,0.0,3.051125561487816e-06,0,1,,
7364,7.364,0.0,0.6065306597523203,0,1,0.0,2.9023204119334733e-06,0,1,,
7365,7.365,0.0,0.5769498104182381,0,1,0.0,2.760772575160153e-06,0,1,,
7366,7.3660000000000005,0.0,0.5488116361299367,0,1,0.0,2.6261281078469463e-06,0,1,,
7367,7.367,0.0,0.5220457767951749,0,1,0.0,2.4980503286923995e-06,0,1,,
7368,7.368,0.0,0.4965853038239025,0,1,0.0,2.3762189765358907e-06,0,1,,
7369,7.369,0.0,0.47236655277192297,0,1,0.0,2.260329409537911e-06,0,1,,
7370,7.37,0.0,0.44932896414662243,0,1,0.0,2.1500918434167857e-06,0,1,,
7371,7.371,0.0,0.4274149319766936,0,1,0.0,2.0452306268370285e-06,0,1,,
7372,7.372,0.0,0.4065696597672021,0,1,0.0,1.9454835521374212e-06,0,1,,
7373,7.373,0.0,0.38674102347980677,0,1,0.0,1.850601199675284e-06,0,1,,
7374,7.3740000000000006,0.0,0.3678794411955137,0,1,0.0,1.7603463141474513e-06,0,1,,
7375,7.375,0.0,0.34993774913405273,0,1,0.0,1.6744932113284333e-06,0,1,,
7376,7.376,0.0,0.33287108371986024,0,1,0.0,1.5928272137422981e-06,0,1,,
7377,7.377,0.0,0.31663676939977164,0,1,0.0,1.5151441138571621e-06,0,1,,
7378,7.378,0.0,0.3011942119319101,0,1,0.0,1.4412496634599926e-06,0,1,,
7379,7.3790000000000004,0.0,0.28650479687893693,0,1,0.0,1.3709590879348965e-06,0,1,,
7380,7.38,0.0,0.27253179305184516,0,1,0.0,1.3040966242303353e-06,0,1,,
7381,7.381,0.0,0.2592402606628544,0,1,0.0,1.2404950813599459e-06,0,1,,
7382,7.382000000000001,0.0,0.24659696395774205,0,1,0.0,1.1799954223379878e-06,0,1,,
7383,7.383,0.0,0.2345702881091463,0,1,0.0,1.122446366504041e-06,0,1,,
7384,7.384,0.0,0.22313016016302992,0,1,0.0,1.0677040112425566e-06,0,1,,
7385,7.385,0.0,0.2122479738406311,0,1,0.0,1.015631472151361e-06,0,1,,
7386,7.386,0.0,0.20189651800786612,0,1,0.0,9.66098540759352e-07,0,1,,
7387,7.3870000000000005,0.0,0.19204990863332053,0,1,0.0,9.189813589374981e-07,0,1,,
7388,7.388,0.0,0.18268352406468819,0,1,0.0,8.741621091890005e-07,0,1,,
7389,7.389,0.0,0.17377394346181568,0,1,0.0,8.315287200441832e-07,0,1,,
7390,7.390000000000001,0.0,0.16529888823240255,0,1,0.0,7.909745858234438e-07,0,1,,
7391,7.391,0.0,0.15723716632391613,0,1,0.0,7.52398300067525e-07,0,1,,
7392,7.392,0.0,0.1495686192324218,0,1,0.0,7.157034019685474e-07,0,1,,
7393,7.393,0.0,0.142274071595823,0,1,0.0,6.807981351677445e-07,0,1,,
7394,7.394,0.0,0.1353352832454681,0,1,0.0,6.475952183167729e-07,0,1,,
7395,7.3950000000000005,0.0,0.12873490359622775,0,1,0.0,6.160116268288781e-07,0,1,,
7396,7.396,0.0,0.12245642826099462,0,1,0.0,5.859683852741823e-07,0,1,,
7397,7.397,0.0,0.11648415778111888,0,1,0.0,5.573903698999731e-07,0,1,,
7398,7.398000000000001,0.0,0.11080315836958408,0,1,0.0,5.302061207821915e-07,0,1,,
7399,7.399,0.0,0.10539922456876094,0,1,0.0,5.043476631384001e-07,0,1,,
7400,7.4,0.0,0.10025884372936399,0,1,0.0,4.797503373554203e-07,0,1,6.395206761990218,7.003954965971795
7401,7.401,0.0,0.09536916222178993,0,1,0.0,4.5635263730661986e-07,0,1,,
7402,7.402,0.0,0.09071795329534847,0,1,0.0,4.340960565545591e-07,0,1,,
7403,7.4030000000000005,0.0,0.08629358650501698,0,1,0.0,4.129249420544226e-07,0,1,,
7404,7.404,0.0,0.08208499862926988,0,1,0.0,3.927863549924191e-07,0,1,,
7405,7.405,0.0,0.07808166600626229,0,1,0.0,3.7362993841117195e-07,0,1,,
7406,7.406000000000001,0.0,0.07427357821919384,0,1,0.0,3.5540779129109633e-07,0,1,,
7407,7.407,0.0,0.07065121306505252,0,1,0.0,3.3807434877289946e-07,0,1,,
7408,7.408,0.0,0.06720551274414724,0,1,0.0,3.2158626822169883e-07,0,1,,
7409,7.409,0.0,0.06392786121089059,0,1,0.0,3.059023208478588e-07,0,1,,
7410,7.41,0.0,0.06081006262919697,0,1,0.0,2.9098328861354153e-07,0,1,,
7411,7.4110000000000005,0.0,0.05784432087862341,0,1,0.0,2.7679186616718426e-07,0,1,,
7412,7.412,0.0,0.05502322006000758,0,1,0.0,2.6329256756068935e-07,0,1,,
7413,7.413,0.0,0.052339705951857156,0,1,0.0,2.504516375160699e-07,0,1,,
7414,7.414000000000001,0.0,0.04978706837112168,0,1,0.0,2.382369670196726e-07,0,1,,
7415,7.415,0.0,0.047358924394239776,0,1,0.0,2.2661801303291876e-07,0,1,,
7416,7.416,0.0,0.045049202396505526,0,1,0.0,2.1556572211879863e-07,0,1,,
7417,7.417,0.0,0.04285212686984414,0,1,0.0,2.0505245779314566e-07,0,1,,
7418,7.418,0.0,0.040762203981033425,0,1,0.0,1.9505193141903088e-07,0,1,,
7419,7.4190000000000005,0.0,0.03877420783425914,0,1,0.0,1.8553913647147749e-07,0,1,,
7420,7.42,0.0,0.0368831674036534,0,1,0.0,1.7649028600812296e-07,0,1,,
7421,7.421,0.0,0.035084354103140716,0,1,0.0,1.6788275318947322e-07,0,1,,
7422,7.422000000000001,0.0,0.033373269962509805,0,1,0.0,1.5969501470001802e-07,0,1,,
7423,7.423,0.0,0.031745636380145166,0,1,0.0,1.519065969287312e-07,0,1,,
7424,7.424,0.0,0.030197383424294417,0,1,0.0,1.4449802477437892e-07,0,1,,
7425,7.425,0.0,0.02872463965611898,0,1,0.0,1.3745077294762237e-07,0,1,,
7426,7.426,0.0,0.027323722449080445,0,1,0.0,1.3074721964814514e-07,0,1,,
7427,7.4270000000000005,0.0,0.025991128780456032,0,1,0.0,1.2437060250097354e-07,0,1,,
7428,7.428,0.0,0.024723526471957136,0,1,0.0,1.1830497664180812e-07,0,1,,
7429,7.429,0.0,0.023517745857547956,0,1,0.0,1.1253517484655755e-07,0,1,,
7430,7.43,0.0,0.022370771857629392,0,1,0.0,1.0704676960537817e-07,0,1,,
7431,7.431,0.0,0.021279736439769575,0,1,0.0,1.018260370463844e-07,0,1,,
7432,7.432,0.0,0.020241911447128887,0,1,0.0,9.685992261882062e-08,0,1,,
7433,7.433,0.0,0.019254701776646826,0,1,0.0,9.213600844988444e-08,0,1,,
7434,7.434,0.0,0.018315638889932637,0,1,0.0,8.76424822935765e-08,0,1,,
7435,7.4350000000000005,0.0,0.01742237464063352,0,1,0.0,8.336810799393279e-08,0,1,,
7436,7.436,0.0,0.016572675402845658,0,1,0.0,7.930219738878207e-08,0,1,,
7437,7.437,0.0,0.015764416485886015,0,1,0.0,7.543458358377318e-08,0,1,,
7438,7.438,0.0,0.014995576821458923,0,1,0.0,7.175559552984358e-08,0,1,,
7439,7.439,0.0,0.014264233909932618,0,1,0.0,6.825603384055911e-08,0,1,,
7440,7.44,0.0,0.013568559013088774,0,1,0.0,6.49271477888563e-08,0,1,,
7441,7.441,0.0,0.01290681258132441,0,1,0.0,6.176061342566659e-08,0,1,,
7442,7.442,0.0,0.012277339903871795,0,1,0.0,5.8748512765707907e-08,0,1,,
7443,7.4430000000000005,0.0,0.01167856697115962,0,1,0.0,5.588331398839718e-08,0,1,,
7444,7.444,0.0,0.01110899653896921,0,1,0.0,5.3157852604375754e-08,0,1,,
7445,7.445,0.0,0.010567204384544107,0,1,0.0,5.056531354055413e-08,0,1,,
7446,7.446,0.0,0.010051835745291313,0,1,0.0,4.809921409887947e-08,0,1,,
7447,7.447,0.0,0.009561601931169162,0,1,0.0,4.5753387746213746e-08,0,1,,
7448,7.448,0.0,0.009095277102290958,0,1,0.0,4.352196869478892e-08,0,1,,
7449,7.449,0.0,0.008651695203686749,0,1,0.0,4.1399377234682155e-08,0,1,,
7450,7.45,0.0,0.008229747049558533,0,1,0.0,3.9380305781634666e-08,0,1,,
7451,7.4510000000000005,0.0,0.007828377549738013,0,1,0.0,3.7459705605326485e-08,0,1,,
7452,7.452,0.0,0.007446583071411599,0,1,0.0,3.563277420492088e-08,0,1,,
7453,7.453,0.0,0.007083408929515615,0,1,0.0,3.389494330031078e-08,0,1,,
7454,7.454,0.0,0.006737946999526357,0,1,0.0,3.224186740903895e-08,0,1,,
7455,7.455,0.0,0.00640933344667577,0,1,0.0,3.066941298032845e-08,0,1,,
7456,7.456,0.0,0.0060967465659145705,0,1,0.0,2.917364805905256e-08,0,1,,
7457,7.457,0.0,0.005799404727221622,0,1,0.0,2.7750832453798938e-08,0,1,,
7458,7.458,0.0,0.005516564421121743,0,1,0.0,2.6397408384442902e-08,0,1,,
7459,7.4590000000000005,0.0,0.005247518399524751,0,1,0.0,2.5109991585843944e-08,0,1,,
7460,7.46,0.0,0.004991593907236837,0,1,0.0,2.3885362845420105e-08,0,1,,
7461,7.461,0.0,0.004748150999722167,0,1,0.0,2.2720459953439703e-08,0,1,,
7462,7.462,0.0,0.0045165809429082064,0,1,0.0,2.1612370045901967e-08,0,1,,
7463,7.463,0.0,0.004296304691033466,0,1,0.0,2.0558322320859797e-08,0,1,,
7464,7.464,0.0,0.004086771438731481,0,1,0.0,1.9555681109971648e-08,0,1,,
7465,7.465,0.0,0.003887457243730502,0,1,0.0,1.8601939287957814e-08,0,1,,
7466,7.466,0.0,0.0036978637167248973,0,1,0.0,1.7694712003481333e-08,0,1,,
7467,7.4670000000000005,0.0,0.0035175167751422954,0,1,0.0,1.6831730715777425e-08,0,1,,
7468,7.468,0.0,0.003345965457690213,0,1,0.0,1.601083752211995e-08,0,1,,
7469,7.469,0.0,0.0031827807967179295,0,1,0.0,1.5229979761940598e-08,0,1,,
7470,7.47,0.0,0.0030275547455739203,0,1,0.0,1.4487204884108276e-08,0,1,,
7471,7.471,0.0,0.002879899158276686,0,1,0.0,1.3780655564534248e-08,0,1,,
7472,7.472,0.0,0.0027394448189476226,0,1,0.0,1.3108565061894475e-08,0,1,,
7473,7.473,0.0,0.00260584051857901,0,1,0.0,1.2469252799856048e-08,0,1,,
7474,7.474,0.0,0.002478752176828554,0,1,0.0,1.1861120164760986e-08,0,1,,
7475,7.4750000000000005,0.0,0.0023578620066445175,0,1,0.0,1.1282646508259407e-08,0,1,,
7476,7.476,0.0,0.002242867719632563,0,1,0.0,1.0732385344896586e-08,0,1,,
7477,7.477,0.0,0.0021334817701773117,0,1,0.0,1.0208960735145877e-08,0,1,,
7478,7.478,0.0,0.002029430636428529,0,1,0.0,9.711063844843199e-09,0,1,,
7479,7.479,0.0,0.0019304541363540273,0,1,0.0,9.237449672419887e-09,0,1,,
7480,7.48,0.0,0.0018363047771490643,0,1,0.0,8.786933935750278e-09,0,1,,
7481,7.481,0.0,0.0017467471363754163,0,1,0.0,8.358390110829531e-09,0,1,,
7482,7.482,0.0,0.0016615572732826575,0,1,0.0,7.950746614876835e-09,0,1,,
7483,7.4830000000000005,0.0,0.0015805221688396378,0,1,0.0,7.562984126820292e-09,0,1,,
7484,7.484,0.0,0.001503439193075949,0,1,0.0,7.194133038463301e-09,0,1,,
7485,7.485,0.0,0.0014301155984014528,0,1,0.0,6.843271029959019e-09,0,1,,
7486,7.486,0.0,0.0013603680376369082,0,1,0.0,6.509520763530327e-09,0,1,,
7487,7.487,0.0,0.0012940221055505218,0,1,0.0,6.192047689668401e-09,0,1,,
7488,7.488,0.0,0.001230911902754025,0,1,0.0,5.890057960324249e-09,0,1,,
7489,7.489,0.0,0.0011708796208677902,0,1,0.0,5.602796443875085e-09,0,1,,
7490,7.49,0.0,0.0011137751479176822,0,1,0.0,5.329544836901944e-09,0,1,,
7491,7.4910000000000005,0.0,0.0010594556929769345,0,1,0.0,5.0696198680569885e-09,0,1,,
7492,7.492,0.0,0.0010077854291144544,0,1,0.0,4.8223715895292346e-09,0,1,,
7493,7.493,0.0,0.0009586351537567477,0,1,0.0,4.587181751836487e-09,0,1,,
7494,7.494,0.0,0.0009118819656141846,0,1,0.0,4.363462257879599e-09,0,1,,
7495,7.495,0.0,0.0008674089573637607,0,1,0.0,4.1506536923933975e-09,0,1,,
7496,7.496,0.0,0.0008251049233198945,0,1,0.0,3.948223923117135e-09,0,1,,
7497,7.497,0.0,0.000784864081362289,0,1,0.0,3.755666770186663e-09,0,1,,
7498,7.498,0.0,0.0007465858084255317,0,1,0.0,3.572500740421115e-09,0,1,,
7499,7.4990000000000006,0.0,0.0007101743888890189,0,1,0.0,3.398267823339152e-09,0,1,,
7500,7.5,0.0,0.0006755387752380477,0,1,0.0,3.2325323458941957e-09,0,1,6.394986666851927,6.398075212528491
7501,7.501,0.0,0.0006425923603976053,0,1,0.0,3.0748798830648786e-09,0,1,,
7502,7.502,0.0,0.0006112527611695695,0,1,0.0,2.9249162215766273e-09,0,1,,
7503,7.503,0.0,0.000581441612231802,0,1,0.0,2.7822663741631383e-09,0,1,,
7504,7.5040000000000004,0.0,0.0005530843701840243,0,1,0.0,2.64657364190289e-09,0,1,,
7505,7.505,0.0,0.0005261101271504893,0,1,0.0,2.517498722286045e-09,0,1,,
7506,7.506,0.0,0.0005004514334733574,0,1,0.0,2.394718860781437e-09,0,1,,
7507,7.507000000000001,0.0,0.00047604412905341917,0,1,0.0,2.277927043782132e-09,0,1,,
7508,7.508,0.0,0.00045282718291642755,0,1,0.0,2.16683123091149e-09,0,1,,
7509,7.509,0.0,0.00043074254060387294,0,1,0.0,2.0611536247701104e-09,0,1,,
7510,7.51,0.0,0.0004097349790065975,0,1,0.0,1.9606299762976326e-09,0,1,,
7511,7.511,0.0,0.0003897519682782579,0,1,0.0,1.8650089240124456e-09,0,1,,
7512,7.5120000000000005,0.0,0.0003707435404833478,0,1,0.0,1.7740513654770546e-09,0,1,,
7513,7.513,0.0,0.00035266216465133207,0,1,0.0,1.6875298594174445e-09,0,1,,
7514,7.514,0.0,0.00033546262792446266,0,1,0.0,1.6052280570014265e-09,0,1,,
7515,7.515000000000001,0.0,0.0003191019225020838,0,1,0.0,1.5269401608538663e-09,0,1,,
7516,7.516,0.0,0.0003035391380987286,0,1,0.0,1.452470410456051e-09,0,1,,
7517,7.517,0.0,0.00028873535964709637,0,1,0.0,1.3816325926424252e-09,0,1,,
7518,7.518,0.0,0.00027465356999011416,0,1,0.0,1.3142495759706836e-09,0,1,,
7519,7.519,0.0,0.00026125855731876286,0,1,0.0,1.2501528678009007e-09,0,1,,
7520,7.5200000000000005,0.0,0.0002485168271242136,0,1,0.0,1.189182192976168e-09,0,1,,
7521,7.521,0.0,0.0002363965184441091,0,1,0.0,1.1311850930512173e-09,0,1,,
7522,7.522,0.0,0.00022486732419356234,0,1,0.0,1.0760165450668962e-09,0,1,,
7523,7.523000000000001,0.0,0.00021390041538165778,0,1,0.0,1.0235385989172302e-09,0,1,,
7524,7.524,0.0,0.000203468369023958,0,1,0.0,9.73620032402304e-10,0,1,,
7525,7.525,0.0,0.00019354509957075848,0,1,0.0,9.261360231044102e-10,0,1,,
7526,7.526,0.0,0.00018410579367962598,0,1,0.0,8.809678362669881e-10,0,1,,
7527,7.527,0.0,0.00017512684816911782,0,1,0.0,8.380025278958863e-10,0,1,,
7528,7.5280000000000005,0.0,0.00016658581099853386,0,1,0.0,7.971326623405474e-10,0,1,,
7529,7.529,0.0,0.00015846132512612008,0,1,0.0,7.582560436489209e-10,0,1,,
7530,7.53,0.0,0.00015073307510533973,0,1,0.0,7.212754600243513e-10,0,1,,
7531,7.531000000000001,0.0,0.0001433817362856752,0,1,0.0,6.860984407454515e-10,0,1,,
7532,7.532,0.0,0.00013638892649093598,0,1,0.0,6.52637024941133e-10,0,1,,
7533,7.533,0.0,0.0001297371600542432,0,1,0.0,6.208075416426121e-10,0,1,,
7534,7.534,0.0,0.00012340980409475478,0,1,0.0,5.90530400562405e-10,0,1,,
7535,7.535,0.0,0.00011739103692679946,0,1,0.0,5.617298930771526e-10,0,1,,
7536,7.5360000000000005,0.0,0.00011166580849742151,0,1,0.0,5.343340029166276e-10,0,1,,
7537,7.537,0.0,0.0001062198027534092,0,1,0.0,5.082742260855465e-10,0,1,,
7538,7.538,0.0,0.0001010394018437048,0,1,0.0,4.834853995679002e-10,0,1,,
7539,7.539000000000001,0.0,9.61116520676837e-05,0,1,0.0,4.599055383854715e-10,0,1,,
7540,7.54,0.0,9.142423148415563e-05,0,1,0.0,4.374756806031031e-10,0,1,,
7541,7.541,0.0,8.696541910009342e-05,0,1,0.0,4.161397398931479e-10,0,1,,
7542,7.542,0.0,8.272406556204527e-05,0,1,0.0,3.958443652904359e-10,0,1,,
7543,7.543,0.0,7.868956527694365e-05,0,1,0.0,3.765388077870717e-10,0,1,,
7544,7.5440000000000005,0.0,7.485182989259848e-05,0,1,0.0,3.581747934334812e-10,0,1,,
7545,7.545,0.0,7.120126307156179e-05,0,1,0.0,3.4070640262839245e-10,0,1,,
7546,7.546,0.0,6.772873649528567e-05,0,1,0.0,3.240899552959143e-10,0,1,,
7547,7.547000000000001,0.0,6.44255670385711e-05,0,1,0.0,3.082839016625947e-10,0,1,,
7548,7.548,0.0,6.128349505723215e-05,0,1,0.0,2.932487183613447e-10,0,1,,
7549,7.549,0.0,5.829466373468329e-05,0,1,0.0,2.789468096024339e-10,0,1,,
7550,7.55,0.0,5.545159943580543e-05,0,1,0.0,2.6534241316443343e-10,0,1,,
7551,7.551,0.0,5.274719301896532e-05,0,1,0.0,2.524015109700347e-10,0,1,,
7552,7.5520000000000005,0.0,5.0174682059458464e-05,0,1,0.0,2.4009174402313673e-10,0,1,,
7553,7.553,0.0,4.7727633939924974e-05,0,1,0.0,2.2838233149450108e-10,0,1,,
7554,7.554,0.0,4.539992976545558e-05,0,1,0.0,2.1724399375364556e-10,0,1,,
7555,7.555,0.0,4.3185749063167146e-05,0,1,0.0,2.06648879154517e-10,0,1,,
7556,7.556,0.0,4.107955522798873e-05,0,1,0.0,1.965704943918688e-10,0,1,,
7557,7.557,0.0,3.907608167826502e-05,0,1,0.0,1.869836382541982e-10,0,1,,
7558,7.558,0.0,3.717031868655893e-05,0,1,0.0,1.7786433860759063e-10,0,1,,
7559,7.559,0.0,3.535750085272359e-05,0,1,0.0,1.6918979245289857e-10,0,1,,
7560,7.5600000000000005,0.0,3.363309518791976e-05,0,1,0.0,1.6093830890636596e-10,0,1,,
7561,7.561,0.0,3.199278977978265e-05,0,1,0.0,1.5308925496112063e-10,0,1,,
7562,7.562,0.0,3.0432483010394975e-05,0,1,0.0,1.4562300389390986e-10,0,1,,
7563,7.563,0.0,2.894827330010577e-05,0,1,0.0,1.3852088618806911e-10,0,1,,
7564,7.564,0.0,2.7536449351548997e-05,0,1,0.0,1.317651428500059e-10,0,1,,
7565,7.565,0.0,2.6193480869467012e-05,0,1,0.0,1.2533888100246546e-10,0,1,,
7566,7.566,0.0,2.491600973313357e-05,0,1,0.0,1.1922603164353869e-10,0,1,,
7567,7.567,0.0,2.3700841599302835e-05,0,1,0.0,1.1341130946578722e-10,0,1,,
7568,7.5680000000000005,0.0,2.2544937914687416e-05,0,1,0.0,1.0788017463501316e-10,0,1,,
7569,7.569,0.0,2.144540831799244e-05,0,1,0.0,1.0261879643310009e-10,0,1,,
7570,7.57,0.0,2.0399503412506775e-05,0,1,0.0,9.761401867401373e-11,0,1,,
7571,7.571,0.0,1.9404607891179172e-05,0,1,0.0,9.285332680648403e-11,0,1,,
7572,7.572,0.0,1.845823399698838e-05,0,1,0.0,8.832481662110852e-11,0,1,,
7573,7.573,0.0,1.755801530225477e-05,0,1,0.0,8.401716448362816e-11,0,1,,
7574,7.574,0.0,1.6701700791338535e-05,0,1,0.0,7.991959901994344e-11,0,1,,
7575,7.575,0.0,1.5887149231928073e-05,0,1,0.0,7.602187418206863e-11,0,1,,
7576,7.5760000000000005,0.0,1.5112323820843902e-05,0,1,0.0,7.231424362767483e-11,0,1,,
7577,7.577,0.0,1.4375287090969777e-05,0,1,0.0,6.878743634915755e-11,0,1,,
7578,7.578,0.0,1.3674196066575725e-05,0,1,0.0,1.0000000000654325,0,1,,
7579,7.579,0.0,1.3007297654918755e-05,0,1,0.0,0.9512294245629553,0,1,,
7580,7.58,0.0,1.2372924262597854e-05,0,1,0.0,0.9048374180951654,0,1,,
7581,7.581,0.0,1.1769489625701879e-05,0,1,0.0,0.8607079764813761,0,1,,
7582,7.582,0.0,1.1195484843323522e-05,0,1,0.0,0.8187307531315535,0,1,,
7583,7.583,0.0,1.06494746045211e-05,0,1,0.0,0.7788007831223638,0,1,,
7584,7.5840000000000005,0.0,1.0130093599293575e-05,0,1,0.0,0.7408182207301914,0,1,,
7585,7.585,0.0,9.636043104594395e-06,0,1,0.0,0.7046880897648229,0,1,,
7586,7.586,0.0,9.1660877368474e-06,0,1,0.0,0.6703200460795,0,1,,
7587,7.587,0.0,8.719052362844404e-06,0,1,0.0,0.637628151663495,0,1,,
7588,7.588,0.0,8.293819161300073e-06,0,1,0.0,0.6065306597523203,0,1,,
7589,7.589,0.0,7.889324827716462e-06,0,1,0.0,0.5769498104182381,0,1,,
7590,7.59,0.0,7.5045579155679254e-06,0,1,0.0,0.5488116361299367,0,1,,
7591,7.591,0.0,7.138556307157955e-06,0,1,0.0,0.5220457767951749,0,1,,
7592,7.5920000000000005,0.0,6.790404807823804e-06,0,1,0.0,0.4965853038239025,0,1,,
7593,7.593,0.0,6.459232857473119e-06,0,1,0.0,0.47236655277192297,0,1,,
7594,7.594,0.0,6.144212353730257e-06,0,1,0.0,0.44932896414662243,0,1,,
7595,7.595,0.0,5.84455558124901e-06,0,1,0.0,0.4274149319766936,0,1,,
7596,7.596,0.0,5.559513242013932e-06,0,1,0.0,0.4065696597672021,0,1,,
7597,7.597,0.0,5.288372581705011e-06,0,1,0.0,0.38674102347980677,0,1,,
7598,7.598,0.0,5.030455607440613e-06,0,1,0.0,0.3678794411955137,0,1,,
7599,7.599,0.0,4.785117392442124e-06,0,1,0.0,0.34993774913405273,0,1,,
7600,7.6000000000000005,0.0,4.5517444633810784e-06,0,1,0.0,0.33287108371986024,0,1,6.392862579798082,6.3971099878173785
7601,7.601,0.0,4.3297532663762945e-06,0,1,0.0,0.31663676939977164,0,1,,
7602,7.602,0.0,4.1185887078052095e-06,0,1,0.0,0.3011942119319101,0,1,,
7603,7.603,0.0,3.9177227662806885e-06,0,1,0.0,0.28650479687893693,0,1,,
7604,7.604,0.0,3.7266531723225245e-06,0,1,0.0,0.27253179305184516,0,1,,
7605,7.605,0.0,3.5449021524221154e-06,0,1,0.0,0.2592402606628544,0,1,,
7606,7.606,0.0,3.372015234359831e-06,0,1,0.0,0.24659696395774205,0,1,,
7607,7.607,0.0,3.2075601107877423e-06,0,1,0.0,0.2345702881091463,0,1,,
7608,7.6080000000000005,0.0,3.0511255582360707e-06,0,1,0.0,0.22313016016302992,0,1,,
7609,7.609,0.0,2.9023204088403173e-06,0,1,0.0,0.2122479738406311,0,1,,
7610,7.61,0.0,2.760772572217852e-06,0,1,0.0,0.20189651800786612,0,1,,
7611,7.611,0.0,2.6261281050481436e-06,0,1,0.0,0.19204990863332053,0,1,,
7612,7.612,0.0,2.4980503260300962e-06,0,1,0.0,0.18268352406468819,0,1,,
7613,7.613,0.0,2.3762189740034294e-06,0,1,0.0,0.17377394346181568,0,1,,
7614,7.614,0.0,2.2603294071289593e-06,0,1,0.0,0.16529888823240255,0,1,,
7615,7.615,0.0,2.15009184112532e-06,0,1,0.0,0.15723716632391613,0,1,,
7616,7.6160000000000005,0.0,2.0452306246573188e-06,0,1,0.0,0.1495686192324218,0,1,,
7617,7.617,0.0,1.945483550064017e-06,0,1,0.0,0.142274071595823,0,1,,
7618,7.618,0.0,1.850601197703001e-06,0,1,0.0,0.1353352832454681,0,1,,
7619,7.619,0.0,1.7603463122713578e-06,0,1,0.0,0.12873490359622775,0,1,,
7620,7.62,0.0,1.6744932095438378e-06,0,1,0.0,0.12245642826099462,0,1,,
7621,7.621,0.0,1.5928272120447384e-06,0,1,0.0,0.11648415778111888,0,1,,
7622,7.622,0.0,1.5151441122423933e-06,0,1,0.0,0.11080315836958408,0,1,,
7623,7.623,0.0,1.4412496619239771e-06,0,1,0.0,0.10539922456876094,0,1,,
7624,7.6240000000000006,0.0,1.3709590864737933e-06,0,1,0.0,0.10025884372936399,0,1,,
7625,7.625,0.0,1.304096622840491e-06,0,1,0.0,0.09536916222178993,0,1,,
7626,7.626,0.0,1.240495080037885e-06,0,1,0.0,0.09071795329534847,0,1,,
7627,7.627,0.0,1.1799954210804045e-06,0,1,0.0,0.08629358650501698,0,1,,
7628,7.628,0.0,1.122446365307791e-06,0,1,0.0,0.08208499862926988,0,1,,
7629,7.6290000000000004,0.0,1.0677040101046483e-06,0,1,0.0,0.07808166600626229,0,1,,
7630,7.63,0.0,1.015631471068949e-06,0,1,0.0,0.07427357821919384,0,1,,
7631,7.631,0.0,9.6609853972973e-07,0,1,0.0,0.07065121306505252,0,1,,
7632,7.632000000000001,0.0,9.189813579580912e-07,0,1,0.0,0.06720551274414724,0,1,,
7633,7.633,0.0,8.741621082573597e-07,0,1,0.0,0.06392786121089059,0,1,,
7634,7.634,0.0,8.315287191579792e-07,0,1,0.0,0.06081006262919697,0,1,,
7635,7.635,0.0,7.909745849804604e-07,0,1,0.0,0.05784432087862341,0,1,,
7636,7.636,0.0,7.523982992656545e-07,0,1,0.0,0.05502322006000758,0,1,,
7637,7.6370000000000005,0.0,7.157034012057845e-07,0,1,0.0,0.052339705951857156,0,1,,
7638,7.638,0.0,6.80798134442182e-07,0,1,0.0,0.04978706837112168,0,1,,
7639,7.639,0.0,6.475952176265965e-07,0,1,0.0,0.047358924394239776,0,1,,
7640,7.640000000000001,0.0,6.16011626172362e-07,0,1,0.0,0.045049202396505526,0,1,,
7641,7.641,0.0,5.859683846496849e-07,0,1,0.0,0.04285212686984414,0,1,,
7642,7.642,0.0,5.573903693059328e-07,0,1,0.0,0.040762203981033425,0,1,,
7643,7.643,0.0,5.302061202171229e-07,0,1,0.0,0.03877420783425914,0,1,,
7644,7.644,0.0,5.043476626008902e-07,0,1,0.0,0.0368831674036534,0,1,,
7645,7.6450000000000005,0.0,4.797503368441251e-07,0,1,0.0,0.035084354103140716,0,1,,
7646,7.646,0.0,4.563526368202608e-07,0,1,0.0,0.033373269962509805,0,1,,
7647,7.647,0.0,4.3409605609192e-07,0,1,0.0,0.031745636380145166,0,1,,
7648,7.648000000000001,0.0,4.1292494161434675e-07,0,1,0.0,0.030197383424294417,0,1,,
7649,7.649,0.0,3.92786354573806e-07,0,1,0.0,0.02872463965611898,0,1,,
7650,7.65,0.0,3.7362993801297483e-07,0,1,0.0,0.027323722449080445,0,1,,
7651,7.651,0.0,3.554077909123195e-07,0,1,0.0,0.025991128780456032,0,1,,
7652,7.652,0.0,3.380743484125958e-07,0,1,0.0,0.024723526471957136,0,1,,
7653,7.6530000000000005,0.0,3.215862678789674e-07,0,1,0.0,0.023517745857547956,0,1,,
7654,7.654,0.0,3.059023205218426e-07,0,1,0.0,0.022370771857629392,0,1,,
7655,7.655,0.0,2.909832883034253e-07,0,1,0.0,0.021279736439769575,0,1,,
7656,7.656000000000001,0.0,2.767918658721926e-07,0,1,0.0,0.020241911447128887,0,1,,
7657,7.657,0.0,2.632925672800846e-07,0,1,0.0,0.019254701776646826,0,1,,
7658,7.658,0.0,2.504516372491504e-07,0,1,0.0,0.018315638889932637,0,1,,
7659,7.659,0.0,2.382369667657709e-07,0,1,0.0,0.01742237464063352,0,1,,
7660,7.66,0.0,2.266180127914e-07,0,1,0.0,0.016572675402845658,0,1,,
7661,7.6610000000000005,0.0,2.1556572188905886e-07,0,1,0.0,0.015764416485886015,0,1,,
7662,7.662,0.0,2.0505245757461044e-07,0,1,0.0,0.014995576821458923,0,1,,
7663,7.663,0.0,1.9505193121115378e-07,0,1,0.0,0.014264233909932618,0,1,,
7664,7.664000000000001,0.0,1.8553913627373868e-07,0,1,0.0,0.013568559013088774,0,1,,
7665,7.665,0.0,1.76490285820028e-07,0,1,0.0,0.01290681258132441,0,1,,
7666,7.666,0.0,1.6788275301055175e-07,0,1,0.0,0.012277339903871795,0,1,,
7667,7.667,0.0,1.5969501452982265e-07,0,1,0.0,0.01167856697115962,0,1,,
7668,7.668,0.0,1.5190659676683637e-07,0,1,0.0,0.01110899653896921,0,1,,
7669,7.6690000000000005,0.0,1.4449802462037978e-07,0,1,0.0,0.010567204384544107,0,1,,
7670,7.67,0.0,1.3745077280113387e-07,0,1,0.0,0.010051835745291313,0,1,,
7671,7.671,0.0,1.3074721950880097e-07,0,1,0.0,0.009561601931169162,0,1,,
7672,7.672000000000001,0.0,1.2437060236842527e-07,0,1,0.0,0.009095277102290958,0,1,,
7673,7.673,0.0,1.1830497651572431e-07,0,1,0.0,0.008651695203686749,0,1,,
7674,7.674,0.0,1.1253517472662293e-07,0,1,0.0,0.008229747049558533,0,1,,
7675,7.675,0.0,1.0704676949129282e-07,0,1,0.0,0.007828377549738013,0,1,,
7676,7.676,0.0,1.0182603693786306e-07,0,1,0.0,0.007446583071411599,0,1,,
7677,7.6770000000000005,0.0,9.685992251559192e-08,0,1,0.0,0.007083408929515615,0,1,,
7678,7.678,0.0,9.213600835169025e-08,0,1,0.0,0.006737946999526357,0,1,,
7679,7.679,0.0,8.76424822001713e-08,0,1,0.0,0.00640933344667577,0,1,,
7680,7.68,0.0,8.336810790508301e-08,0,1,0.0,0.0060967465659145705,0,1,,
7681,7.681,0.0,7.930219730426554e-08,0,1,0.0,0.005799404727221622,0,1,,
7682,7.682,0.0,7.543458350337859e-08,0,1,0.0,0.005516564421121743,0,1,,
7683,7.683,0.0,7.175559545336987e-08,0,1,0.0,0.005247518399524751,0,1,,
7684,7.684,0.0,6.825603376781508e-08,0,1,0.0,0.004991593907236837,0,1,,
7685,7.6850000000000005,0.0,6.492714771966004e-08,0,1,0.0,0.004748150999722167,0,1,,
7686,7.686,0.0,6.176061335984507e-08,0,1,0.0,0.0045165809429082064,0,1,,
7687,7.687,0.0,5.874851270309653e-08,0,1,0.0,0.004296304691033466,0,1,,
7688,7.688,0.0,5.58833139288394e-08,0,1,0.0,0.004086771438731481,0,1,,
7689,7.689,0.0,5.3157852547722637e-08,0,1,0.0,0.003887457243730502,0,1,,
7690,7.69,0.0,5.056531348666402e-08,0,1,0.0,0.0036978637167248973,0,1,,
7691,7.691,0.0,4.8099214047617606e-08,0,1,0.0,0.0035175167751422954,0,1,,
7692,7.692,0.0,4.575338769745195e-08,0,1,0.0,0.003345965457690213,0,1,,
7693,7.6930000000000005,0.0,4.352196864840527e-08,0,1,0.0,0.0031827807967179295,0,1,,
7694,7.694,0.0,4.1399377190560665e-08,0,1,0.0,0.0030275547455739203,0,1,,
7695,7.695,0.0,3.938030573966501e-08,0,1,0.0,0.002879899158276686,0,1,,
7696,7.696,0.0,3.745970556540371e-08,0,1,0.0,0.0027394448189476226,0,1,,
7697,7.697,0.0,3.5632774166945164e-08,0,1,0.0,0.00260584051857901,0,1,,
7698,7.698,0.0,3.389494326418716e-08,0,1,0.0,0.002478752176828554,0,1,,
7699,7.699,0.0,3.22418673746771e-08,0,1,0.0,0.0023578620066445175,0,1,,
7700,7.7,0.0,3.066941294764245e-08,0,1,0.0,0.002242867719632563,0,1,6.542951012035125,6.388196951353951
7701,7.7010000000000005,0.0,2.9173648027960674e-08,0,1,0.0,0.0021334817701773117,0,1,,
7702,7.702,0.0,2.7750832424223423e-08,0,1,0.0,0.002029430636428529,0,1,,
7703,7.703,0.0,2.63974083563098e-08,0,1,0.0,0.0019304541363540273,0,1,,
7704,7.704,0.0,2.510999155908291e-08,0,1,0.0,0.0018363047771490643,0,1,,
7705,7.705,0.0,2.3885362819964224e-08,0,1,0.0,0.0017467471363754163,0,1,,
7706,7.706,0.0,2.272045992922532e-08,0,1,0.0,0.0016615572732826575,0,1,,
7707,7.707,0.0,2.1612370022868534e-08,0,1,0.0,0.0015805221688396378,0,1,,
7708,7.708,0.0,2.055832229894972e-08,0,1,0.0,0.001503439193075949,0,1,,
7709,7.7090000000000005,0.0,1.9555681089130138e-08,0,1,0.0,0.0014301155984014528,0,1,,
7710,7.71,0.0,1.8601939268132757e-08,0,1,0.0,0.0013603680376369082,0,1,,
7711,7.711,0.0,1.7694711984623154e-08,0,1,0.0,0.0012940221055505218,0,1,,
7712,7.712,0.0,1.683173069783897e-08,0,1,0.0,0.001230911902754025,0,1,,
7713,7.713,0.0,1.6010837505056366e-08,0,1,0.0,0.0011708796208677902,0,1,,
7714,7.714,0.0,1.5229979745709216e-08,0,1,0.0,0.0011137751479176822,0,1,,
7715,7.715,0.0,1.448720486866851e-08,0,1,0.0,0.0010594556929769345,0,1,,
7716,7.716,0.0,1.3780655549847489e-08,0,1,0.0,0.0010077854291144544,0,1,,
7717,7.7170000000000005,0.0,1.3108565047923998e-08,0,1,0.0,0.0009586351537567477,0,1,,
7718,7.718,0.0,1.246925278656692e-08,0,1,0.0,0.0009118819656141846,0,1,,
7719,7.719,0.0,1.1861120152119975e-08,0,1,0.0,0.0008674089573637607,0,1,,
7720,7.72,0.0,1.1282646496234906e-08,0,1,0.0,0.0008251049233198945,0,1,,
7721,7.721,0.0,1.0732385333458528e-08,0,1,0.0,0.000784864081362289,0,1,,
7722,7.722,0.0,1.0208960724265659e-08,0,1,0.0,0.0007465858084255317,0,1,,
7723,7.723,0.0,9.711063834493616e-09,0,1,0.0,0.0007101743888890189,0,1,,
7724,7.724,0.0,9.23744966257506e-09,0,1,0.0,0.0006755387752380477,0,1,,
7725,7.7250000000000005,0.0,8.786933926385589e-09,0,1,0.0,0.0006425923603976053,0,1,,
7726,7.726,0.0,8.358390101921563e-09,0,1,0.0,0.0006112527611695695,0,1,,
7727,7.727,0.0,7.950746606403312e-09,0,1,0.0,0.000581441612231802,0,1,,
7728,7.728,0.0,7.562984118760027e-09,0,1,0.0,0.0005530843701840243,0,1,,
7729,7.729,0.0,7.19413303079614e-09,0,1,0.0,0.0005261101271504893,0,1,,
7730,7.73,0.0,6.84327102266579e-09,0,1,0.0,0.0005004514334733574,0,1,,
7731,7.731,0.0,6.509520756592792e-09,0,1,0.0,0.00047604412905341917,0,1,,
7732,7.732,0.0,6.192047683069214e-09,0,1,0.0,0.00045282718291642755,0,1,,
7733,7.7330000000000005,0.0,5.890057954046908e-09,0,1,0.0,0.00043074254060387294,0,1,,
7734,7.734,0.0,5.602796437903893e-09,0,1,0.0,0.0004097349790065975,0,1,,
7735,7.735,0.0,5.329544831221971e-09,0,1,0.0,0.0003897519682782579,0,1,,
7736,7.736,0.0,5.069619862654031e-09,0,1,0.0,0.0003707435404833478,0,1,,
7737,7.737,0.0,4.822371584389783e-09,0,1,0.0,0.00035266216465133207,0,1,,
7738,7.738,0.0,4.5871817469476895e-09,0,1,0.0,0.00033546262792446266,0,1,,
7739,7.739,0.0,4.3634622532292304e-09,0,1,0.0,0.0003191019225020838,0,1,,
7740,7.74,0.0,4.15065368796983e-09,0,1,0.0,0.0003035391380987286,0,1,,
7741,7.7410000000000005,0.0,3.948223918909308e-09,0,1,0.0,0.00028873535964709637,0,1,,
7742,7.742,0.0,3.7556667661840545e-09,0,1,0.0,0.00027465356999011416,0,1,,
7743,7.743,0.0,3.572500736613716e-09,0,1,0.0,0.00026125855731876286,0,1,,
7744,7.744,0.0,3.398267819717442e-09,0,1,0.0,0.0002485168271242136,0,1,,
7745,7.745,0.0,3.2325323424491187e-09,0,1,0.0,0.0002363965184441091,0,1,,
7746,7.746,0.0,3.0748798797878202e-09,0,1,0.0,0.00022486732419356234,0,1,,
7747,7.747,0.0,2.924916218459393e-09,0,1,0.0,0.00021390041538165778,0,1,,
7748,7.748,0.0,2.7822663711979332e-09,0,1,0.0,0.000203468369023958,0,1,,
7749,7.7490000000000006,0.0,2.6465736390823e-09,0,1,0.0,0.00019354509957075848,0,1,,
7750,7.75,0.0,2.5174987196030167e-09,0,1,0.0,0.00018410579367962598,0,1,,
7751,7.751,0.0,2.394718858229262e-09,0,1,0.0,0.00017512684816911782,0,1,,
7752,7.752,0.0,2.277927041354428e-09,0,1,0.0,0.00016658581099853386,0,1,,
7753,7.753,0.0,2.1668312286021867e-09,0,1,0.0,0.00015846132512612008,0,1,,
7754,7.7540000000000004,0.0,2.061153622573433e-09,0,1,0.0,0.00015073307510533973,0,1,,
7755,7.755,0.0,1.9606299742080884e-09,0,1,0.0,0.0001433817362856752,0,1,,
7756,7.756,0.0,1.8650089220248096e-09,0,1,0.0,0.00013638892649093598,0,1,,
7757,7.757000000000001,0.0,1.7740513635863567e-09,0,1,0.0,0.0001297371600542432,0,1,,
7758,7.758,0.0,1.687529857618957e-09,0,1,0.0,0.00012340980409475478,0,1,,
7759,7.759,0.0,1.6052280552906522e-09,0,1,0.0,0.00011739103692679946,0,1,,
7760,7.76,0.0,1.5269401592265274e-09,0,1,0.0,0.00011166580849742151,0,1,,
7761,7.761,0.0,1.4524704089080782e-09,0,1,0.0,0.0001062198027534092,0,1,,
7762,7.7620000000000005,0.0,1.381632591169948e-09,0,1,0.0,0.0001010394018437048,0,1,,
7763,7.763,0.0,1.3142495745700199e-09,0,1,0.0,9.61116520676837e-05,0,1,,
7764,7.764,0.0,1.2501528664685482e-09,0,1,0.0,9.142423148415563e-05,0,1,,
7765,7.765000000000001,0.0,1.1891821917087951e-09,0,1,0.0,8.696541910009342e-05,0,1,,
7766,7.766,0.0,1.131185091845655e-09,0,1,0.0,8.272406556204527e-05,0,1,,
7767,7.767,0.0,1.0760165439201298e-09,0,1,0.0,7.868956527694365e-05,0,1,,
7768,7.768,0.0,1.0235385978263922e-09,0,1,0.0,7.485182989259848e-05,0,1,,
7769,7.769,0.0,9.736200313646668e-10,0,1,0.0,7.120126307156179e-05,0,1,,
7770,7.7700000000000005,0.0,9.261360221173791e-10,0,1,0.0,6.772873649528567e-05,0,1,,
7771,7.771,0.0,8.809678353280951e-10,0,1,0.0,6.44255670385711e-05,0,1,,
7772,7.772,0.0,8.380025270027836e-10,0,1,0.0,6.128349505723215e-05,0,1,,
7773,7.773000000000001,0.0,7.971326614910019e-10,0,1,0.0,5.829466373468329e-05,0,1,,
7774,7.774,0.0,7.582560428408083e-10,0,1,0.0,5.545159943580543e-05,0,1,,
7775,7.775,0.0,7.212754592556508e-10,0,1,0.0,5.274719301896532e-05,0,1,,
7776,7.776,0.0,6.86098440014241e-10,0,1,0.0,5.0174682059458464e-05,0,1,,
7777,7.777,0.0,6.526370242455841e-10,0,1,0.0,4.7727633939924974e-05,0,1,,
7778,7.7780000000000005,0.0,6.208075409809855e-10,0,1,0.0,4.539992976545558e-05,0,1,,
7779,7.779,0.0,5.905303999330463e-10,0,1,0.0,4.3185749063167146e-05,0,1,,
7780,7.78,0.0,5.617298924784881e-10,0,1,0.0,4.107955522798873e-05,0,1,,
7781,7.781000000000001,0.0,5.343340023471602e-10,0,1,0.0,3.907608167826502e-05,0,1,,
7782,7.782,0.0,5.082742255438524e-10,0,1,0.0,3.717031868655893e-05,0,1,,
7783,7.783,0.0,4.834853990526248e-10,0,1,0.0,3.535750085272359e-05,0,1,,
7784,7.784,0.0,4.5990553789532636e-10,0,1,0.0,3.363309518791976e-05,0,1,,
7785,7.785,0.0,4.3747568013686263e-10,0,1,0.0,3.199278977978265e-05,0,1,,
7786,7.7860000000000005,0.0,4.161397394496463e-10,0,1,0.0,3.0432483010394975e-05,0,1,,
7787,7.787,0.0,3.958443648685641e-10,0,1,0.0,2.894827330010577e-05,0,1,,
7788,7.788,0.0,3.7653880738577487e-10,0,1,0.0,2.7536449351548997e-05,0,1,,
7789,7.789000000000001,0.0,3.5817479305175585e-10,0,1,0.0,2.6193480869467012e-05,0,1,,
7790,7.79,0.0,3.4070640226528404e-10,0,1,0.0,2.491600973313357e-05,0,1,,
7791,7.791,0.0,3.240899549505149e-10,0,1,0.0,2.3700841599302835e-05,0,1,,
7792,7.792,0.0,3.0828390133404065e-10,0,1,0.0,2.2544937914687416e-05,0,1,,
7793,7.793,0.0,2.932487180488144e-10,0,1,0.0,2.144540831799244e-05,0,1,,
7794,7.7940000000000005,0.0,2.7894680930514586e-10,0,1,0.0,2.0399503412506775e-05,0,1,,
7795,7.795,0.0,2.653424128816443e-10,0,1,0.0,1.9404607891179172e-05,0,1,,
7796,7.796,0.0,2.5240151070103736e-10,0,1,0.0,1.845823399698838e-05,0,1,,
7797,7.797000000000001,0.0,2.400917437672586e-10,0,1,0.0,1.755801530225477e-05,0,1,,
7798,7.798,0.0,2.2838233125110228e-10,0,1,0.0,1.6701700791338535e-05,0,1,,
7799,7.799,0.0,2.1724399352211745e-10,0,1,0.0,1.5887149231928073e-05,0,1,,
7800,7.8,0.0,2.0664887893428061e-10,0,1,0.0,1.5112323820843902e-05,0,1,7.237404229850254,6.394862783547569
7801,7.801,0.0,1.9657049418237346e-10,0,1,0.0,1.4375287090969777e-05,0,1,,
7802,7.8020000000000005,0.0,1.8698363805492007e-10,0,1,0.0,1.3674196066575725e-05,0,1,,
7803,7.803,0.0,1.7786433841803142e-10,0,1,0.0,1.3007297654918755e-05,0,1,,
7804,7.804,0.0,1.6918979227258426e-10,0,1,0.0,1.2372924262597854e-05,0,1,,
7805,7.805000000000001,0.0,1.6093830873484567e-10,0,1,0.0,1.1769489625701879e-05,0,1,,
7806,7.806,0.0,1.5308925479796548e-10,0,1,0.0,1.1195484843323522e-05,0,1,,
7807,7.807,0.0,1.4562300373871188e-10,0,1,0.0,1.06494746045211e-05,0,1,,
7808,7.808,0.0,1.3852088604044022e-10,0,1,0.0,1.0130093599293575e-05,0,1,,
7809,7.809,0.0,1.3176514270957693e-10,0,1,0.0,9.636043104594395e-06,0,1,,
7810,7.8100000000000005,0.0,1.2533888086888533e-10,0,1,0.0,9.1660877368474e-06,0,1,,
7811,7.811,0.0,1.1922603151647335e-10,0,1,0.0,8.719052362844404e-06,0,1,,
7812,7.812,0.0,1.1341130934491893e-10,0,1,0.0,8.293819161300073e-06,0,1,,
7813,7.813,0.0,1.0788017452003969e-10,0,1,0.0,7.889324827716462e-06,0,1,,
7814,7.814,0.0,1.0261879632373395e-10,0,1,0.0,7.5045579155679254e-06,0,1,,
7815,7.815,0.0,9.761401856998143e-11,0,1,0.0,7.138556307157955e-06,0,1,,
7816,7.816,0.0,9.285332670752545e-11,0,1,0.0,6.790404807823804e-06,0,1,,
7817,7.817,0.0,8.832481652697622e-11,0,1,0.0,6.459232857473119e-06,0,1,,
7818,7.8180000000000005,0.0,8.401716439408675e-11,0,1,0.0,6.144212353730257e-06,0,1,,
7819,7.819,0.0,7.991959893476902e-11,0,1,0.0,5.84455558124901e-06,0,1,,
7820,7.82,0.0,7.602187410104821e-11,0,1,0.0,5.559513242013932e-06,0,1,,
7821,7.821,0.0,7.231424355060583e-11,0,1,0.0,5.288372581705011e-06,0,1,,
7822,7.822,0.0,6.878743627584726e-11,0,1,0.0,5.030455607440613e-06,0,1,,
7823,7.823,0.0,6.543263342155372e-11,0,1,0.0,4.785117392442124e-06,0,1,,
7824,7.824,0.0,6.224144623315073e-11,0,1,0.0,4.5517444633810784e-06,0,1,,
7825,7.825,0.0,5.920589508045211e-11,0,1,0.0,4.3297532663762945e-06,0,1,,
7826,7.8260000000000005,0.0,5.631838950442812e-11,0,1,0.0,4.1185887078052095e-06,0,1,,
7827,7.827,0.0,5.3571709237104214e-11,0,1,0.0,3.9177227662806885e-06,0,1,,
7828,7.828,0.0,5.095898614713023e-11,0,1,0.0,3.7266531723225245e-06,0,1,,
7829,7.829,0.0,4.847368706587454e-11,0,1,0.0,3.5449021524221154e-06,0,1,,
7830,7.83,0.0,4.6109597451099544e-11,0,1,0.0,3.372015234359831e-06,0,1,,
7831,7.831,0.0,4.386080584736901e-11,0,1,0.0,3.2075601107877423e-06,0,1,,
7832,7.832,0.0,4.1721689104330376e-11,0,1,0.0,3.0511255582360707e-06,0,1,,
7833,7.833,0.0,3.968689831590989e-11,0,1,0.0,2.9023204088403173e-06,0,1,,
7834,7.8340000000000005,0.0,3.775134544526132e-11,0,1,0.0,2.760772572217852e-06,0,1,,
7835,7.835,0.0,3.5910190602023577e-11,0,1,0.0,2.6261281050481436e-06,0,1,,
7836,7.836,0.0,3.415882994007384e-11,0,1,0.0,2.4980503260300962e-06,0,1,,
7837,7.837,0.0,3.2492884145514195e-11,0,1,0.0,2.3762189740034294e-06,0,1,,
7838,7.838,0.0,3.0908187486105844e-11,0,1,0.0,2.2603294071289593e-06,0,1,,
7839,7.839,0.0,2.940077739476863e-11,0,1,0.0,2.15009184112532e-06,0,1,,
7840,7.84,0.0,2.7966884561099366e-11,0,1,0.0,2.0452306246573188e-06,0,1,,
7841,7.841,0.0,2.6602923506132454e-11,0,1,0.0,1.945483550064017e-06,0,1,,
7842,7.8420000000000005,0.0,2.530548361677489e-11,0,1,0.0,1.850601197703001e-06,0,1,,
7843,7.843,0.0,2.4071320617497026e-11,0,1,0.0,1.7603463122713578e-06,0,1,,
7844,7.844,0.0,2.2897348457953867e-11,0,1,0.0,1.6744932095438378e-06,0,1,,
7845,7.845,0.0,2.1780631596251768e-11,0,1,0.0,1.5928272120447384e-06,0,1,,
7846,7.846,0.0,2.0718377658564637e-11,0,1,0.0,1.5151441122423933e-06,0,1,,
7847,7.847,0.0,1.970793045674489e-11,0,1,0.0,1.4412496619239771e-06,0,1,,
7848,7.848,0.0,1.8746763346469536e-11,0,1,0.0,1.3709590864737933e-06,0,1,,
7849,7.849,0.0,1.7832472909313295e-11,0,1,0.0,1.304096622840491e-06,0,1,,
7850,7.8500000000000005,0.0,1.696277294295066e-11,0,1,0.0,1.240495080037885e-06,0,1,,
7851,7.851,0.0,1.6135488744459238e-11,0,1,0.0,1.1799954210804045e-06,0,1,,
7852,7.852,0.0,1.534855167242971e-11,0,1,0.0,1.122446365307791e-06,0,1,,
7853,7.853,0.0,1.4599993974284783e-11,0,1,0.0,1.0677040101046483e-06,0,1,,
7854,7.854,0.0,1.3887943865872806e-11,0,1,0.0,1.015631471068949e-06,0,1,,
7855,7.855,0.0,1.321062085103241e-11,0,1,0.0,9.6609853972973e-07,0,1,,
7856,7.856,0.0,1.2566331269424692e-11,0,1,0.0,9.189813579580912e-07,0,1,,
7857,7.857,0.0,1.1953464061500177e-11,0,1,0.0,8.741621082573597e-07,0,1,,
7858,7.8580000000000005,0.0,1.1370486740010781e-11,0,1,0.0,8.315287191579792e-07,0,1,,
7859,7.859,0.0,1.0815941557993456e-11,0,1,0.0,7.909745849804604e-07,0,1,,
7860,7.86,0.0,1.0288441863643471e-11,0,1,0.0,7.523982992656545e-07,0,1,,
7861,7.861,0.0,9.786668632962632e-12,0,1,0.0,7.157034012057845e-07,0,1,,
7862,7.862,0.0,9.309367171512234e-12,0,1,0.0,6.80798134442182e-07,0,1,,
7863,7.863,0.0,8.855343977023421e-12,0,1,0.0,6.475952176265965e-07,0,1,,
7864,7.864,0.0,8.423463755019853e-12,0,1,0.0,6.16011626172362e-07,0,1,,
7865,7.865,0.0,8.012646579990158e-12,0,1,0.0,5.859683846496849e-07,0,1,,
7866,7.8660000000000005,0.0,7.621865195011653e-12,0,1,0.0,5.573903693059328e-07,0,1,,
7867,7.867,0.0,7.250142443072957e-12,0,1,0.0,5.302061202171229e-07,0,1,,
7868,7.868,0.0,6.89654882367249e-12,0,1,0.0,5.043476626008902e-07,0,1,,
7869,7.869,0.0,6.560200168583059e-12,0,1,0.0,4.797503368441251e-07,0,1,,
7870,7.87,0.0,6.24025543097075e-12,0,1,0.0,4.563526368202608e-07,0,1,,
7871,7.871,0.0,5.9359145823397615e-12,0,1,0.0,4.3409605609192e-07,0,1,,
7872,7.872,0.0,5.646416612044447e-12,0,1,0.0,4.1292494161434675e-07,0,1,,
7873,7.873,0.0,5.371037624366311e-12,0,1,0.0,3.92786354573806e-07,0,1,,
7874,7.8740000000000006,0.0,5.109089028397648e-12,0,1,0.0,3.7362993801297483e-07,0,1,,
7875,7.875,0.0,4.859915816205607e-12,0,1,0.0,3.554077909123195e-07,0,1,,
7876,7.876,0.0,4.622894924971177e-12,0,1,0.0,3.380743484125958e-07,0,1,,
7877,7.877,0.0,4.397433679007604e-12,0,1,0.0,3.215862678789674e-07,0,1,,
7878,7.878,0.0,4.182968307762461e-12,0,1,0.0,3.059023205218426e-07,0,1,,
7879,7.8790000000000004,0.0,3.978962536097612e-12,0,1,0.0,2.909832883034253e-07,0,1,,
7880,7.88,0.0,3.7849062433220325e-12,0,1,0.0,2.767918658721926e-07,0,1,,
7881,7.881,0.0,3.6003141876243764e-12,0,1,0.0,2.632925672800846e-07,0,1,,
7882,7.882000000000001,0.0,3.424724792715691e-12,0,1,0.0,2.504516372491504e-07,0,1,,
7883,7.883,0.0,3.257698993648274e-12,0,1,0.0,2.382369667657709e-07,0,1,,
7884,7.884,0.0,3.0988191389246027e-12,0,1,0.0,2.266180127914e-07,0,1,,
7885,7.885,0.0,2.947687946151048e-12,0,1,0.0,2.1556572188905886e-07,0,1,,
7886,7.886,0.0,2.803927508624953e-12,0,1,0.0,2.0505245757461044e-07,0,1,,
7887,7.8870000000000005,0.0,2.667178350371035e-12,0,1,0.0,1.9505193121115378e-07,0,1,,
7888,7.888,0.0,2.5370985272642035e-12,0,1,0.0,1.8553913627373868e-07,0,1,,
7889,7.889,0.0,2.4133627719911375e-12,0,1,0.0,1.76490285820028e-07,0,1,,
7890,7.890000000000001,0.0,2.2956616807125777e-12,0,1,0.0,1.6788275301055175e-07,0,1,,
7891,7.891,0.0,2.1837009393925672e-12,0,1,0.0,1.5969501452982265e-07,0,1,,
7892,7.892,0.0,2.0772005878600603e-12,0,1,0.0,1.5190659676683637e-07,0,1,,
7893,7.893,0.0,1.97589431976267e-12,0,1,0.0,1.4449802462037978e-07,0,1,,
7894,7.894,0.0,1.8795288166620743e-12,0,1,0.0,1.3745077280113387e-07,0,1,,
7895,7.8950000000000005,0.0,1.000000000001788,0,1,0.0,1.3074721950880097e-07,0,1,,
7896,7.896,0.0,0.9512294245024148,0,1,0.0,1.2437060236842527e-07,0,1,,
7897,7.897,0.0,0.9048374180375774,0,1,0.0,1.1830497651572431e-07,0,1,,
7898,7.898000000000001,0.0,0.8607079764265968,0,1,0.0,1.1253517472662293e-07,0,1,,
7899,7.899,0.0,0.8187307530794458,0,1,0.0,1.0704676949129282e-07,0,1,,
7900,7.9,0.0,0.7788007830727974,0,1,0.0,1.0182603693786306e-07,0,1,7.33935860233491,6.622198674274594
7901,7.901,0.0,0.7408182206830425,0,1,0.0,9.685992251559192e-08,0,1,,
7902,7.902,0.0,0.7046880897199734,0,1,0.0,9.213600835169025e-08,0,1,,
7903,7.9030000000000005,0.0,0.6703200460368378,0,1,0.0,8.76424822001713e-08,0,1,,
7904,7.904,0.0,0.6376281516229133,0,1,0.0,8.336810790508301e-08,0,1,,
7905,7.905,0.0,0.6065306597137179,0,1,0.0,7.930219730426554e-08,0,1,,
7906,7.906000000000001,0.0,0.5769498103815183,0,1,0.0,7.543458350337859e-08,0,1,,
7907,7.907,0.0,0.5488116360950077,0,1,0.0,7.175559545336987e-08,0,1,,
7908,7.908,0.0,0.5220457767619495,0,1,0.0,6.825603376781508e-08,0,1,,
7909,7.909,0.0,0.4965853037922975,0,1,0.0,6.492714771966004e-08,0,1,,
7910,7.91,0.0,0.47236655274185935,0,1,0.0,6.176061335984507e-08,0,1,,
7911,7.9110000000000005,0.0,0.44932896411802503,0,1,0.0,5.874851270309653e-08,0,1,,
7912,7.912,0.0,0.42741493194949093,0,1,0.0,5.58833139288394e-08,0,1,,
7913,7.913,0.0,0.4065696597413261,0,1,0.0,5.3157852547722637e-08,0,1,,
7914,7.914000000000001,0.0,0.38674102345519273,0,1,0.0,5.056531348666402e-08,0,1,,
7915,7.915,0.0,0.36787944117210014,0,1,0.0,4.8099214047617606e-08,0,1,,
7916,7.916,0.0,0.3499377491117811,0,1,0.0,4.575338769745195e-08,0,1,,
7917,7.917,0.0,0.3328710836986748,0,1,0.0,4.352196864840527e-08,0,1,,
7918,7.918,0.0,0.31663676937961943,0,1,0.0,4.1399377190560665e-08,0,1,,
7919,7.9190000000000005,0.0,0.3011942119127407,0,1,0.0,3.938030573966501e-08,0,1,,
7920,7.92,0.0,0.28650479686070246,0,1,0.0,3.745970556540371e-08,0,1,,
7921,7.921,0.0,0.2725317930345,0,1,0.0,3.5632774166945164e-08,0,1,,
7922,7.922000000000001,0.0,0.25924026064635514,0,1,0.0,3.389494326418716e-08,0,1,,
7923,7.923,0.0,0.2465969639420475,0,1,0.0,3.22418673746771e-08,0,1,,
7924,7.924,0.0,0.23457028809421718,0,1,0.0,3.066941294764245e-08,0,1,,
7925,7.925,0.0,0.2231301601488289,0,1,0.0,2.9173648027960674e-08,0,1,,
7926,7.926,0.0,0.21224797382712265,0,1,0.0,2.7750832424223423e-08,0,1,,
7927,7.9270000000000005,0.0,0.20189651799501648,0,1,0.0,2.63974083563098e-08,0,1,,
7928,7.928,0.0,0.19204990862109758,0,1,0.0,2.510999155908291e-08,0,1,,
7929,7.929,0.0,0.18268352405306137,0,1,0.0,2.3885362819964224e-08,0,1,,
7930,7.930000000000001,0.0,0.17377394345075592,0,1,0.0,2.272045992922532e-08,0,1,,
7931,7.931,0.0,0.16529888822188218,0,1,0.0,2.1612370022868534e-08,0,1,,
7932,7.932,0.0,0.15723716631390885,0,1,0.0,2.055832229894972e-08,0,1,,
7933,7.933,0.0,0.14956861922290257,0,1,0.0,1.9555681089130138e-08,0,1,,
7934,7.934,0.0,0.14227407158676805,0,1,0.0,1.8601939268132757e-08,0,1,,
7935,7.9350000000000005,0.0,0.13533528323685476,0,1,0.0,1.7694711984623154e-08,0,1,,
7936,7.936,0.0,0.1287349035880345,0,1,0.0,1.683173069783897e-08,0,1,,
7937,7.937,0.0,0.12245642825320095,0,1,0.0,1.6010837505056366e-08,0,1,,
7938,7.938,0.0,0.11648415777370531,0,1,0.0,1.5229979745709216e-08,0,1,,
7939,7.939,0.0,0.11080315836253207,0,1,0.0,1.448720486866851e-08,0,1,,
7940,7.94,0.0,0.10539922456205286,0,1,0.0,1.3780655549847489e-08,0,1,,
7941,7.941,0.0,0.10025884372298306,0,1,0.0,1.3108565047923998e-08,0,1,,
7942,7.942,0.0,0.0953691622157202,0,1,0.0,1.246925278656692e-08,0,1,,
7943,7.9430000000000005,0.0,0.09071795328957477,0,1,0.0,1.1861120152119975e-08,0,1,,
7944,7.944,0.0,0.08629358649952487,0,1,0.0,1.1282646496234906e-08,0,1,,
7945,7.945,0.0,0.08208499862404563,0,1,0.0,1.0732385333458528e-08,0,1,,
7946,7.946,0.0,0.07808166600129282,0,1,0.0,1.0208960724265659e-08,0,1,,
7947,7.947,0.0,0.07427357821446674,0,1,0.0,9.711063834493616e-09,0,1,,
7948,7.948,0.0,0.07065121306055597,0,1,0.0,9.23744966257506e-09,0,1,,
7949,7.949,0.0,0.06720551273986998,0,1,0.0,8.786933926385589e-09,0,1,,
7950,7.95,0.0,0.06392786120682192,0,1,0.0,8.358390101921563e-09,0,1,,
7951,7.9510000000000005,0.0,0.06081006262532674,0,1,0.0,7.950746606403312e-09,0,1,,
7952,7.952,0.0,0.057844320874941936,0,1,0.0,7.562984118760027e-09,0,1,,
7953,7.953,0.0,0.05502322005650566,0,1,0.0,7.19413303079614e-09,0,1,,
7954,7.954,0.0,0.05233970594852602,0,1,0.0,6.84327102266579e-09,0,1,,
7955,7.955,0.0,0.049787068367953005,0,1,0.0,6.509520756592792e-09,0,1,,
7956,7.956,0.0,0.04735892439122564,0,1,0.0,6.192047683069214e-09,0,1,,
7957,7.957,0.0,0.04504920239363839,0,1,0.0,5.890057954046908e-09,0,1,,
7958,7.958,0.0,0.042852126867116834,0,1,0.0,5.602796437903893e-09,0,1,,
7959,7.9590000000000005,0.0,0.04076220397843913,0,1,0.0,5.329544831221971e-09,0,1,,
7960,7.96,0.0,0.03877420783179137,0,1,0.0,5.069619862654031e-09,0,1,,
7961,7.961,0.0,0.03688316740130598,0,1,0.0,4.822371584389783e-09,0,1,,
7962,7.962,0.0,0.03508435410090779,0,1,0.0,4.5871817469476895e-09,0,1,,
7963,7.963,0.0,0.03337326996038578,0,1,0.0,4.3634622532292304e-09,0,1,,
7964,7.964,0.0,0.031745636378124734,0,1,0.0,4.15065368796983e-09,0,1,,
7965,7.965,0.0,0.03019738342237252,0,1,0.0,3.948223918909308e-09,0,1,,
7966,7.966,0.0,0.028724639654290816,0,1,0.0,3.7556667661840545e-09,0,1,,
7967,7.9670000000000005,0.0,0.02732372244734144,0,1,0.0,3.572500736613716e-09,0,1,,
7968,7.968,0.0,0.025991128778801838,0,1,0.0,3.398267819717442e-09,0,1,,
7969,7.969,0.0,0.024723526470383617,0,1,0.0,3.2325323424491187e-09,0,1,,
7970,7.97,0.0,0.023517745856051177,0,1,0.0,3.0748798797878202e-09,0,1,,
7971,7.971,0.0,0.022370771856205614,0,1,0.0,2.924916218459393e-09,0,1,,
7972,7.972,0.0,0.021279736438415235,0,1,0.0,2.7822663711979332e-09,0,1,,
7973,7.973,0.0,0.0202419114458406,0,1,0.0,2.6465736390823e-09,0,1,,
7974,7.974,0.0,0.01925470177542137,0,1,0.0,2.5174987196030167e-09,0,1,,
7975,7.9750000000000005,0.0,0.018315638888766944,0,1,0.0,2.394718858229262e-09,0,1,,
7976,7.976,0.0,0.017422374639524677,0,1,0.0,2.277927041354428e-09,0,1,,
7977,7.977,0.0,0.016572675401790894,0,1,0.0,2.1668312286021867e-09,0,1,,
7978,7.978,0.0,0.015764416484882693,0,1,0.0,2.061153622573433e-09,0,1,,
7979,7.979,0.0,0.014995576820504532,0,1,0.0,1.9606299742080884e-09,0,1,,
7980,7.98,0.0,0.014264233909024773,0,1,0.0,1.8650089220248096e-09,0,1,,
7981,7.981,0.0,0.013568559012225206,0,1,0.0,1.7740513635863567e-09,0,1,,
7982,7.982,0.0,0.01290681258050296,0,1,0.0,1.687529857618957e-09,0,1,,
7983,7.9830000000000005,0.0,0.012277339903090406,0,1,0.0,1.6052280552906522e-09,0,1,,
7984,7.984,0.0,0.011678566970416339,0,1,0.0,1.5269401592265274e-09,0,1,,
7985,7.985,0.0,0.01110899653826218,0,1,0.0,1.4524704089080782e-09,0,1,,
7986,7.986,0.0,0.010567204383871558,0,1,0.0,1.381632591169948e-09,0,1,,
7987,7.987,0.0,0.010051835744651565,0,1,0.0,1.3142495745700199e-09,0,1,,
7988,7.988,0.0,0.009561601930560614,0,1,0.0,1.2501528664685482e-09,0,1,,
7989,7.989,0.0,0.009095277101712089,0,1,0.0,1.1891821917087951e-09,0,1,,
7990,7.99,0.0,0.008651695203136113,0,1,0.0,1.131185091845655e-09,0,1,,
7991,7.9910000000000005,0.0,0.008229747049034753,0,1,0.0,1.0760165439201298e-09,0,1,,
7992,7.992,0.0,0.007828377549239778,0,1,0.0,1.0235385978263922e-09,0,1,,
7993,7.993,0.0,0.007446583070937664,0,1,0.0,9.736200313646668e-10,0,1,,
7994,7.994,0.0,0.007083408929064794,0,1,0.0,9.261360221173791e-10,0,1,,
7995,7.995,0.0,0.006737946999097523,0,1,0.0,8.809678353280951e-10,0,1,,
7996,7.996,0.0,0.0064093334462678505,0,1,0.0,8.380025270027836e-10,0,1,,
7997,7.997,0.0,0.006096746565526546,0,1,0.0,7.971326614910019e-10,0,1,,
7998,7.998,0.0,0.005799404726852521,0,1,0.0,7.582560428408083e-10,0,1,,
7999,7.9990000000000006,0.0,0.005516564420770644,0,1,0.0,7.212754592556508e-10,0,1,,
