k,t_phys,u_A,col_A,sup_A,epoch_A,u_B,col_B,sup_B,epoch_B,energy_A,energy_B
0,0.0,0.0,0.0,0,0,0.0,0.0,0,0,11.401100000000001,11.401100000000001
1,0.001,0.0,0.0,0,0,0.0,0.0,0,0,,
2,0.002,0.0,0.0,0,0,0.0,0.0,0,0,,
3,0.003,0.0,0.0,0,0,0.0,0.0,0,0,,
4,0.004,0.0,0.0,0,0,0.0,0.0,0,0,,
5,0.005,0.0,0.0,0,0,0.0,0.0,0,0,,
6,0.006,0.0,0.0,0,0,0.0,0.0,0,0,,
7,0.007,0.0,0.0,0,0,0.0,0.0,0,0,,
8,0.008,0.0,0.0,0,0,0.0,0.0,0,0,,
9,0.009000000000000001,0.0,0.0,0,0,0.0,0.0,0,0,,
10,0.01,0.0,0.0,0,0,0.0,0.0,0,0,,
11,0.011,0.0,0.0,0,0,0.0,0.0,0,0,,
12,0.012,0.0,0.0,0,0,0.0,0.0,0,0,,
13,0.013000000000000001,0.0,0.0,0,0,0.0,0.0,0,0,,
14,0.014,0.0,0.0,0,0,0.0,0.0,0,0,,
15,0.015,0.0,0.0,0,0,0.0,0.0,0,0,,
16,0.016,0.0,0.0,0,0,0.0,0.0,0,0,,
17,0.017,0.0,0.0,0,0,0.0,0.0,0,0,,
18,0.018000000000000002,0.0,0.0,0,0,0.0,0.0,0,0,,
19,0.019,0.0,0.0,0,0,0.0,0.0,0,0,,
20,0.02,0.0,0.0,0,0,0.0,0.0,0,0,,
21,0.021,0.0,0.0,0,0,0.0,0.0,0,0,,
22,0.022,0.0,0.0,0,0,0.0,0.0,0,0,,
23,0.023,0.0,0.0,0,0,0.0,0.0,0,0,,
24,0.024,0.0,0.0,0,0,0.0,0.0,0,0,,
25,0.025,0.0,0.0,0,0,0.0,0.0,0,0,,
26,0.026000000000000002,0.0,0.0,0,0,0.0,0.0,0,0,,
27,0.027,0.0,0.0,0,0,0.0,0.0,0,0,,
28,0.028,0.0,0.0,0,0,0.0,0.0,0,0,,
29,0.029,0.0,0.0,0,0,0.0,0.0,0,0,,
30,0.03,0.0,0.0,0,0,0.0,0.0,0,0,,
31,0.031,0.0,0.0,0,0,0.0,0.0,0,0,,
32,0.032,0.0,0.0,0,0,0.0,0.0,0,0,,
33,0.033,0.0,0.0,0,0,0.0,0.0,0,0,,
34,0.034,0.0,0.0,0,0,0.0,0.0,0,0,,
35,0.035,0.0,0.0,0,0,0.0,0.0,0,0,,
36,0.036000000000000004,0.0,0.0,0,0,0.0,0.0,0,0,,
37,0.037,0.0,0.0,0,0,0.0,0.0,0,0,,
38,0.038,0.0,0.0,0,0,0.0,0.0,0,0,,
39,0.039,0.0,0.0,0,0,0.0,0.0,0,0,,
40,0.04,0.0,0.0,0,0,0.0,0.0,0,0,,
41,0.041,0.0,0.0,0,0,0.0,0.0,0,0,,
42,0.042,0.0,0.0,0,0,0.0,0.0,0,0,,
43,0.043000000000000003,0.0,0.0,0,0,0.0,0.0,0,0,,
44,0.044,0.0,0.0,0,0,0.0,0.0,0,0,,
45,0.045,0.0,0.0,0,0,0.0,0.0,0,0,,
46,0.046,0.0,0.0,0,0,0.0,0.0,0,0,,
47,0.047,0.0,0.0,0,0,0.0,0.0,0,0,,
48,0.048,0.0,0.0,0,0,0.0,0.0,0,0,,
49,0.049,0.0,0.0,0,0,0.0,0.0,0,0,,
50,0.05,0.0,0.0,0,0,0.0,0.0,0,0,,
51,0.051000000000000004,0.0,0.0,0,0,0.0,0.0,0,0,,
52,0.052000000000000005,0.0,0.0,0,0,0.0,0.0,0,0,,
53,0.053,0.0,0.0,0,0,0.0,0.0,0,0,,
54,0.054,0.0,0.0,0,0,0.0,0.0,0,0,,
55,0.055,0.0,0.0,0,0,0.0,0.0,0,0,,
56,0.056,0.0,0.0,0,0,0.0,0.0,0,0,,
57,0.057,0.0,0.0,0,0,0.0,0.0,0,0,,
58,0.058,0.0,0.0,0,0,0.0,0.0,0,0,,
59,0.059000000000000004,0.0,0.0,0,0,0.0,0.0,0,0,,
60,0.06,0.0,0.0,0,0,0.0,0.0,0,0,,
61,0.061,0.0,0.0,0,0,0.0,0.0,0,0,,
62,0.062,0.0,0.0,0,0,0.0,0.0,0,0,,
63,0.063,0.0,0.0,0,0,0.0,0.0,0,0,,
64,0.064,0.0,0.0,0,0,0.0,0.0,0,0,,
65,0.065,0.0,0.0,0,0,0.0,0.0,0,0,,
66,0.066,0.0,0.0,0,0,0.0,0.0,0,0,,
67,0.067,0.0,0.0,0,0,0.0,0.0,0,0,,
68,0.068,0.0,0.0,0,0,0.0,0.0,0,0,,
69,0.069,0.0,0.0,0,0,0.0,0.0,0,0,,
70,0.07,0.0,0.0,0,0,0.0,0.0,0,0,,
71,0.07100000000000001,0.0,0.0,0,0,0.0,0.0,0,0,,
72,0.07200000000000001,0.0,0.0,0,0,0.0,0.0,0,0,,
73,0.073,0.0,0.0,0,0,0.0,0.0,0,0,,
74,0.074,0.0,0.0,0,0,0.0,0.0,0,0,,
75,0.075,0.0,0.0,0,0,0.0,0.0,0,0,,
76,0.076,0.0,0.0,0,0,0.0,0.0,0,0,,
77,0.077,0.0,0.0,0,0,0.0,0.0,0,0,,
78,0.078,0.0,0.0,0,0,0.0,0.0,0,0,,
79,0.079,0.0,0.0,0,0,0.0,0.0,0,0,,
80,0.08,0.0,0.0,0,0,0.0,0.0,0,0,,
81,0.081,0.0,0.0,0,0,0.0,0.0,0,0,,
82,0.082,0.0,0.0,0,0,0.0,0.0,0,0,,
83,0.083,0.0,0.0,0,0,0.0,0.0,0,0,,
84,0.084,0.0,0.0,0,0,0.0,0.0,0,0,,
85,0.085,0.0,0.0,0,0,0.0,0.0,0,0,,
86,0.08600000000000001,0.0,0.0,0,0,0.0,0.0,0,0,,
87,0.08700000000000001,0.0,0.0,0,0,0.0,0.0,0,0,,
88,0.088,0.0,0.0,0,0,0.0,0.0,0,0,,
89,0.089,0.0,0.0,0,0,0.0,0.0,0,0,,
90,0.09,0.0,0.0,0,0,0.0,0.0,0,0,,
91,0.091,0.0,0.0,0,0,0.0,0.0,0,0,,
92,0.092,0.0,0.0,0,0,0.0,0.0,0,0,,
93,0.093,0.0,0.0,0,0,0.0,0.0,0,0,,
94,0.094,0.0,0.0,0,0,0.0,0.0,0,0,,
95,0.095,0.0,0.0,0,0,0.0,0.0,0,0,,
96,0.096,0.0,0.0,0,0,0.0,0.0,0,0,,
97,0.097,0.0,0.0,0,0,0.0,0.0,0,0,,
98,0.098,0.0,0.0,0,0,0.0,0.0,0,0,,
99,0.099,0.0,0.0,0,0,0.0,0.0,0,0,,
100,0.1,0.0,0.0,0,0,0.0,0.0,0,0,6.442416306581407,6.442416306581407
101,0.101,0.0,0.0,0,0,0.0,0.0,0,0,,
102,0.10200000000000001,0.0,0.0,0,0,0.0,0.0,0,0,,
103,0.10300000000000001,0.0,0.0,0,0,0.0,0.0,0,0,,
104,0.10400000000000001,0.0,0.0,0,0,0.0,0.0,0,0,,
105,0.105,0.0,0.0,0,0,0.0,0.0,0,0,,
106,0.106,0.0,0.0,0,0,0.0,0.0,0,0,,
107,0.107,0.0,0.0,0,0,0.0,0.0,0,0,,
108,0.108,0.0,0.0,0,0,0.0,0.0,0,0,,
109,0.109,0.0,0.0,0,0,0.0,0.0,0,0,,
110,0.11,0.0,0.0,0,0,0.0,0.0,0,0,,
111,0.111,0.0,0.0,0,0,0.0,0.0,0,0,,
112,0.112,0.0,0.0,0,0,0.0,0.0,0,0,,
113,0.113,0.0,0.0,0,0,0.0,0.0,0,0,,
114,0.114,0.0,0.0,0,0,0.0,0.0,0,0,,
115,0.115,0.0,0.0,0,0,0.0,0.0,0,0,,
116,0.116,0.0,0.0,0,0,0.0,0.0,0,0,,
117,0.117,0.0,0.0,0,0,0.0,0.0,0,0,,
118,0.11800000000000001,0.0,0.0,0,0,0.0,0.0,0,0,,
119,0.11900000000000001,0.0,0.0,0,0,0.0,0.0,0,0,,
120,0.12,0.0,0.0,0,0,0.0,0.0,0,0,,
121,0.121,0.0,0.0,0,0,0.0,0.0,0,0,,
122,0.122,0.0,0.0,0,0,0.0,0.0,0,0,,
123,0.123,0.0,0.0,0,0,0.0,0.0,0,0,,
124,0.124,0.0,0.0,0,0,0.0,0.0,0,0,,
125,0.125,0.0,0.0,0,0,0.0,0.0,0,0,,
126,0.126,0.0,0.0,0,0,0.0,0.0,0,0,,
127,0.127,0.0,0.0,0,0,0.0,0.0,0,0,,
128,0.128,0.0,0.0,0,0,0.0,0.0,0,0,,
129,0.129,0.0,0.0,0,0,0.0,0.0,0,0,,
130,0.13,0.0,0.0,0,0,0.0,0.0,0,0,,
131,0.131,0.0,0.0,0,0,0.0,0.0,0,0,,
132,0.132,0.0,0.0,0,0,0.0,0.0,0,0,,
133,0.133,0.0,0.0,0,0,0.0,0.0,0,0,,
134,0.134,0.0,0.0,0,0,0.0,0.0,0,0,,
135,0.135,0.0,0.0,0,0,0.0,0.0,0,0,,
136,0.136,0.0,0.0,0,0,0.0,0.0,0,0,,
137,0.137,0.0,0.0,0,0,0.0,0.0,0,0,,
138,0.138,0.0,0.0,0,0,0.0,0.0,0,0,,
139,0.139,0.0,0.0,0,0,0.0,0.0,0,0,,
140,0.14,0.0,0.0,0,0,0.0,0.0,0,0,,
141,0.14100000000000001,0.0,0.0,0,0,0.0,0.0,0,0,,
142,0.14200000000000002,0.0,0.0,0,0,0.0,0.0,0,0,,
143,0.14300000000000002,0.0,0.0,0,0,0.0,0.0,0,0,,
144,0.14400000000000002,0.0,0.0,0,0,0.0,0.0,0,0,,
145,0.145,0.0,0.0,0,0,0.0,0.0,0,0,,
146,0.146,0.0,0.0,0,0,0.0,0.0,0,0,,
147,0.147,0.0,0.0,0,0,0.0,0.0,0,0,,
148,0.148,0.0,0.0,0,0,0.0,0.0,0,0,,
149,0.149,0.0,0.0,0,0,0.0,0.0,0,0,,
150,0.15,0.0,0.0,0,0,0.0,0.0,0,0,,
151,0.151,0.0,0.0,0,0,0.0,0.0,0,0,,
152,0.152,0.0,0.0,0,0,0.0,0.0,0,0,,
153,0.153,0.0,0.0,0,0,0.0,0.0,0,0,,
154,0.154,0.0,0.0,0,0,0.0,0.0,0,0,,
155,0.155,0.0,0.0,0,0,0.0,0.0,0,0,,
156,0.156,0.0,0.0,0,0,0.0,0.0,0,0,,
157,0.157,0.0,0.0,0,0,0.0,0.0,0,0,,
158,0.158,0.0,0.0,0,0,0.0,0.0,0,0,,
159,0.159,0.0,0.0,0,0,0.0,0.0,0,0,,
160,0.16,0.0,0.0,0,0,0.0,0.0,0,0,,
161,0.161,0.0,0.0,0,0,0.0,0.0,0,0,,
162,0.162,0.0,0.0,0,0,0.0,0.0,0,0,,
163,0.163,0.0,0.0,0,0,0.0,0.0,0,0,,
164,0.164,0.0,0.0,0,0,0.0,0.0,0,0,,
165,0.165,0.0,0.0,0,0,0.0,0.0,0,0,,
166,0.166,0.0,0.0,0,0,0.0,0.0,0,0,,
167,0.167,0.0,0.0,0,0,0.0,0.0,0,0,,
168,0.168,0.0,0.0,0,0,0.0,0.0,0,0,,
169,0.169,0.0,0.0,0,0,0.0,0.0,0,0,,
170,0.17,0.0,0.0,0,0,0.0,0.0,0,0,,
171,0.171,0.0,0.0,0,0,0.0,0.0,0,0,,
172,0.17200000000000001,0.0,0.0,0,0,0.0,0.0,0,0,,
173,0.17300000000000001,0.0,0.0,0,0,0.0,0.0,0,0,,
174,0.17400000000000002,0.0,0.0,0,0,0.0,0.0,0,0,,
175,0.17500000000000002,0.0,0.0,0,0,0.0,0.0,0,0,,
176,0.176,0.0,0.0,0,0,0.0,0.0,0,0,,
177,0.177,0.0,0.0,0,0,0.0,0.0,0,0,,
178,0.178,0.0,0.0,0,0,0.0,0.0,0,0,,
179,0.179,0.0,0.0,0,0,0.0,0.0,0,0,,
180,0.18,0.0,0.0,0,0,0.0,0.0,0,0,,
181,0.181,0.0,0.0,0,0,0.0,0.0,0,0,,
182,0.182,0.0,0.0,0,0,0.0,0.0,0,0,,
183,0.183,0.0,0.0,0,0,0.0,0.0,0,0,,
184,0.184,0.0,0.0,0,0,0.0,0.0,0,0,,
185,0.185,0.0,0.0,0,0,0.0,0.0,0,0,,
186,0.186,0.0,0.0,0,0,0.0,0.0,0,0,,
187,0.187,0.0,0.0,0,0,0.0,0.0,0,0,,
188,0.188,0.0,0.0,0,0,0.0,0.0,0,0,,
189,0.189,0.0,0.0,0,0,0.0,0.0,0,0,,
190,0.19,0.0,0.0,0,0,0.0,0.0,0,0,,
191,0.191,0.0,0.0,0,0,0.0,0.0,0,0,,
192,0.192,0.0,0.0,0,0,0.0,0.0,0,0,,
193,0.193,0.0,0.0,0,0,0.0,0.0,0,0,,
194,0.194,0.0,0.0,0,0,0.0,0.0,0,0,,
195,0.195,0.0,0.0,0,0,0.0,0.0,0,0,,
196,0.196,0.0,0.0,0,0,0.0,0.0,0,0,,
197,0.197,0.0,0.0,0,0,0.0,0.0,0,0,,
198,0.198,0.0,0.0,0,0,0.0,0.0,0,0,,
199,0.199,0.0,0.0,0,0,0.0,0.0,0,0,,
200,0.2,0.0,0.0,0,0,0.0,0.0,0,0,6.370044546689933,6.370044546689933
201,0.201,0.0,0.0,0,0,0.0,0.0,0,0,,
202,0.202,0.0,0.0,0,0,0.0,0.0,0,0,,
203,0.203,0.0,0.0,0,0,0.0,0.0,0,0,,
204,0.20400000000000001,0.0,0.0,0,0,0.0,0.0,0,0,,
205,0.20500000000000002,0.0,0.0,0,0,0.0,0.0,0,0,,
206,0.20600000000000002,0.0,0.0,0,0,0.0,0.0,0,0,,
207,0.20700000000000002,0.0,0.0,0,0,0.0,0.0,0,0,,
208,0.20800000000000002,0.0,0.0,0,0,0.0,0.0,0,0,,
209,0.209,0.0,0.0,0,0,0.0,0.0,0,0,,
210,0.21,0.0,0.0,0,0,0.0,0.0,0,0,,
211,0.211,0.0,0.0,0,0,0.0,0.0,0,0,,
212,0.212,0.0,0.0,0,0,0.0,0.0,0,0,,
213,0.213,0.0,0.0,0,0,0.0,0.0,0,0,,
214,0.214,0.0,0.0,0,0,0.0,0.0,0,0,,
215,0.215,0.0,0.0,0,0,0.0,0.0,0,0,,
216,0.216,0.0,0.0,0,0,0.0,0.0,0,0,,
217,0.217,0.0,0.0,0,0,0.0,0.0,0,0,,
218,0.218,0.0,0.0,0,0,0.0,0.0,0,0,,
219,0.219,0.0,0.0,0,0,0.0,0.0,0,0,,
220,0.22,0.0,0.0,0,0,0.0,0.0,0,0,,
221,0.221,0.0,0.0,0,0,0.0,0.0,0,0,,
222,0.222,0.0,0.0,0,0,0.0,0.0,0,0,,
223,0.223,0.0,0.0,0,0,0.0,0.0,0,0,,
224,0.224,0.0,0.0,0,0,0.0,0.0,0,0,,
225,0.225,0.0,0.0,0,0,0.0,0.0,0,0,,
226,0.226,0.0,0.0,0,0,0.0,0.0,0,0,,
227,0.227,0.0,0.0,0,0,0.0,0.0,0,0,,
228,0.228,0.0,0.0,0,0,0.0,0.0,0,0,,
229,0.229,0.0,0.0,0,0,0.0,0.0,0,0,,
230,0.23,0.0,0.0,0,0,0.0,0.0,0,0,,
231,0.231,0.0,0.0,0,0,0.0,0.0,0,0,,
232,0.232,0.0,0.0,0,0,0.0,0.0,0,0,,
233,0.233,0.0,0.0,0,0,0.0,0.0,0,0,,
234,0.234,0.0,0.0,0,0,0.0,0.0,0,0,,
235,0.23500000000000001,0.0,0.0,0,0,0.0,0.0,0,0,,
236,0.23600000000000002,0.0,0.0,0,0,0.0,0.0,0,0,,
237,0.23700000000000002,0.0,0.0,0,0,0.0,0.0,0,0,,
238,0.23800000000000002,0.0,0.0,0,0,0.0,0.0,0,0,,
239,0.23900000000000002,0.0,0.0,0,0,0.0,0.0,0,0,,
240,0.24,0.0,0.0,0,0,0.0,0.0,0,0,,
241,0.241,0.0,0.0,0,0,0.0,0.0,0,0,,
242,0.242,0.0,0.0,0,0,0.0,0.0,0,0,,
243,0.243,0.0,0.0,0,0,0.0,0.0,0,0,,
244,0.244,0.0,0.0,0,0,0.0,0.0,0,0,,
245,0.245,0.0,0.0,0,0,0.0,0.0,0,0,,
246,0.246,0.0,0.0,0,0,0.0,0.0,0,0,,
247,0.247,0.0,0.0,0,0,0.0,0.0,0,0,,
248,0.248,0.0,0.0,0,0,0.0,0.0,0,0,,
249,0.249,0.0,0.0,0,0,0.0,0.0,0,0,,
250,0.25,0.0,0.0,0,0,0.0,0.0,0,0,,
251,0.251,0.0,0.0,0,0,0.0,0.0,0,0,,
252,0.252,0.0,0.0,0,0,0.0,0.0,0,0,,
253,0.253,0.0,0.0,0,0,0.0,0.0,0,0,,
254,0.254,0.0,0.0,0,0,0.0,0.0,0,0,,
255,0.255,0.0,0.0,0,0,0.0,0.0,0,0,,
256,0.256,0.0,0.0,0,0,0.0,0.0,0,0,,
257,0.257,0.0,0.0,0,0,0.0,0.0,0,0,,
258,0.258,0.0,0.0,0,0,0.0,0.0,0,0,,
259,0.259,0.0,0.0,0,0,0.0,0.0,0,0,,
260,0.26,0.0,0.0,0,0,0.0,0.0,0,0,,
261,0.261,0.0,0.0,0,0,0.0,0.0,0,0,,
262,0.262,0.0,0.0,0,0,0.0,0.0,0,0,,
263,0.263,0.0,0.0,0,0,0.0,0.0,0,0,,
264,0.264,0.0,0.0,0,0,0.0,0.0,0,0,,
265,0.265,0.0,0.0,0,0,0.0,0.0,0,0,,
266,0.266,0.0,0.0,0,0,0.0,0.0,0,0,,
267,0.267,0.0,0.0,0,0,0.0,0.0,0,0,,
268,0.268,0.0,0.0,0,0,0.0,0.0,0,0,,
269,0.269,0.0,0.0,0,0,0.0,0.0,0,0,,
270,0.27,0.0,0.0,0,0,0.0,0.0,0,0,,
271,0.271,0.0,0.0,0,0,0.0,0.0,0,0,,
272,0.272,0.0,0.0,0,0,0.0,0.0,0,0,,
273,0.273,0.0,0.0,0,0,0.0,0.0,0,0,,
274,0.274,0.0,0.0,0,0,0.0,0.0,0,0,,
275,0.275,0.0,0.0,0,0,0.0,0.0,0,0,,
276,0.276,0.0,0.0,0,0,0.0,0.0,0,0,,
277,0.277,0.0,0.0,0,0,0.0,0.0,0,0,,
278,0.278,0.0,0.0,0,0,0.0,0.0,0,0,,
279,0.279,0.0,0.0,0,0,0.0,0.0,0,0,,
280,0.28,0.0,0.0,0,0,0.0,0.0,0,0,,
281,0.281,0.0,0.0,0,0,0.0,0.0,0,0,,
282,0.28200000000000003,0.0,0.0,0,0,0.0,0.0,0,0,,
283,0.28300000000000003,0.0,0.0,0,0,0.0,0.0,0,0,,
284,0.28400000000000003,0.0,0.0,0,0,0.0,0.0,0,0,,
285,0.28500000000000003,0.0,0.0,0,0,0.0,0.0,0,0,,
286,0.28600000000000003,0.0,0.0,0,0,0.0,0.0,0,0,,
287,0.28700000000000003,0.0,0.0,0,0,0.0,0.0,0,0,,
288,0.28800000000000003,0.0,0.0,0,0,0.0,0.0,0,0,,
289,0.289,0.0,0.0,0,0,0.0,0.0,0,0,,
290,0.29,0.0,0.0,0,0,0.0,0.0,0,0,,
291,0.291,0.0,0.0,0,0,0.0,0.0,0,0,,
292,0.292,0.0,0.0,0,0,0.0,0.0,0,0,,
293,0.293,0.0,0.0,0,0,0.0,0.0,0,0,,
294,0.294,0.0,0.0,0,0,0.0,0.0,0,0,,
295,0.295,0.0,0.0,0,0,0.0,0.0,0,0,,
296,0.296,0.0,0.0,0,0,0.0,0.0,0,0,,
297,0.297,0.0,0.0,0,0,0.0,0.0,0,0,,
298,0.298,0.0,0.0,0,0,0.0,0.0,0,0,,
299,0.299,0.0,0.0,0,0,0.0,0.0,0,0,,
300,0.3,0.0,0.0,0,0,0.0,0.0,0,0,6.647762479269418,6.647762479269418
301,0.301,0.0,0.0,0,0,0.0,0.0,0,0,,
302,0.302,0.0,0.0,0,0,0.0,0.0,0,0,,
303,0.303,0.0,0.0,0,0,0.0,0.0,0,0,,
304,0.304,0.0,0.0,0,0,0.0,0.0,0,0,,
305,0.305,0.0,0.0,0,0,0.0,0.0,0,0,,
306,0.306,0.0,0.0,0,0,0.0,0.0,0,0,,
307,0.307,0.0,0.0,0,0,0.0,0.0,0,0,,
308,0.308,0.0,0.0,0,0,0.0,0.0,0,0,,
309,0.309,0.0,0.0,0,0,0.0,0.0,0,0,,
310,0.31,0.0,0.0,0,0,0.0,0.0,0,0,,
311,0.311,0.0,0.0,0,0,0.0,0.0,0,0,,
312,0.312,0.0,0.0,0,0,0.0,0.0,0,0,,
313,0.313,0.0,0.0,0,0,0.0,0.0,0,0,,
314,0.314,0.0,0.0,0,0,0.0,0.0,0,0,,
315,0.315,0.0,0.0,0,0,0.0,0.0,0,0,,
316,0.316,0.0,0.0,0,0,0.0,0.0,0,0,,
317,0.317,0.0,0.0,0,0,0.0,0.0,0,0,,
318,0.318,0.0,0.0,0,0,0.0,0.0,0,0,,
319,0.319,0.0,0.0,0,0,0.0,0.0,0,0,,
320,0.32,0.0,0.0,0,0,0.0,0.0,0,0,,
321,0.321,0.0,0.0,0,0,0.0,0.0,0,0,,
322,0.322,0.0,0.0,0,0,0.0,0.0,0,0,,
323,0.323,0.0,0.0,0,0,0.0,0.0,0,0,,
324,0.324,0.0,0.0,0,0,0.0,0.0,0,0,,
325,0.325,0.0,0.0,0,0,0.0,0.0,0,0,,
326,0.326,0.0,0.0,0,0,0.0,0.0,0,0,,
327,0.327,0.0,0.0,0,0,0.0,0.0,0,0,,
328,0.328,0.0,0.0,0,0,0.0,0.0,0,0,,
329,0.329,0.0,0.0,0,0,0.0,0.0,0,0,,
330,0.33,0.0,0.0,0,0,0.0,0.0,0,0,,
331,0.331,0.0,0.0,0,0,0.0,0.0,0,0,,
332,0.332,0.0,0.0,0,0,0.0,0.0,0,0,,
333,0.333,0.0,0.0,0,0,0.0,0.0,0,0,,
334,0.334,0.0,0.0,0,0,0.0,0.0,0,0,,
335,0.335,0.0,0.0,0,0,0.0,0.0,0,0,,
336,0.336,0.0,0.0,0,0,0.0,0.0,0,0,,
337,0.337,0.0,0.0,0,0,0.0,0.0,0,0,,
338,0.338,0.0,0.0,0,0,0.0,0.0,0,0,,
339,0.339,0.0,0.0,0,0,0.0,0.0,0,0,,
340,0.34,0.0,0.0,0,0,0.0,0.0,0,0,,
341,0.341,0.0,0.0,0,0,0.0,0.0,0,0,,
342,0.342,0.0,0.0,0,0,0.0,0.0,0,0,,
343,0.343,0.0,0.0,0,0,0.0,0.0,0,0,,
344,0.34400000000000003,0.0,0.0,0,0,0.0,0.0,0,0,,
345,0.34500000000000003,0.0,0.0,0,0,0.0,0.0,0,0,,
346,0.34600000000000003,0.0,0.0,0,0,0.0,0.0,0,0,,
347,0.34700000000000003,0.0,0.0,0,0,0.0,0.0,0,0,,
348,0.34800000000000003,0.0,0.0,0,0,0.0,0.0,0,0,,
349,0.34900000000000003,0.0,0.0,0,0,0.0,0.0,0,0,,
350,0.35000000000000003,0.0,0.0,0,0,0.0,0.0,0,0,,
351,0.35100000000000003,0.0,0.0,0,0,0.0,0.0,0,0,,
352,0.352,0.0,0.0,0,0,0.0,0.0,0,0,,
353,0.353,0.0,0.0,0,0,0.0,0.0,0,0,,
354,0.354,0.0,0.0,0,0,0.0,0.0,0,0,,
355,0.355,0.0,0.0,0,0,0.0,0.0,0,0,,
356,0.356,0.0,0.0,0,0,0.0,0.0,0,0,,
357,0.357,0.0,0.0,0,0,0.0,0.0,0,0,,
358,0.358,0.0,0.0,0,0,0.0,0.0,0,0,,
359,0.359,0.0,0.0,0,0,0.0,0.0,0,0,,
360,0.36,0.0,0.0,0,0,0.0,0.0,0,0,,
361,0.361,0.0,0.0,0,0,0.0,0.0,0,0,,
362,0.362,0.0,0.0,0,0,0.0,0.0,0,0,,
363,0.363,0.0,0.0,0,0,0.0,0.0,0,0,,
364,0.364,0.0,0.0,0,0,0.0,0.0,0,0,,
365,0.365,0.0,0.0,0,0,0.0,0.0,0,0,,
366,0.366,0.0,0.0,0,0,0.0,0.0,0,0,,
367,0.367,0.0,0.0,0,0,0.0,0.0,0,0,,
368,0.368,0.0,0.0,0,0,0.0,0.0,0,0,,
369,0.369,0.0,0.0,0,0,0.0,0.0,0,0,,
370,0.37,0.0,0.0,0,0,0.0,0.0,0,0,,
371,0.371,0.0,0.0,0,0,0.0,0.0,0,0,,
372,0.372,0.0,0.0,0,0,0.0,0.0,0,0,,
373,0.373,0.0,0.0,0,0,0.0,0.0,0,0,,
374,0.374,0.0,0.0,0,0,0.0,0.0,0,0,,
375,0.375,0.0,0.0,0,0,0.0,0.0,0,0,,
376,0.376,0.0,0.0,0,0,0.0,0.0,0,0,,
377,0.377,0.0,0.0,0,0,0.0,0.0,0,0,,
378,0.378,0.0,0.0,0,0,0.0,0.0,0,0,,
379,0.379,0.0,0.0,0,0,0.0,0.0,0,0,,
380,0.38,0.0,0.0,0,0,0.0,0.0,0,0,,
381,0.381,0.0,0.0,0,0,0.0,0.0,0,0,,
382,0.382,0.0,0.0,0,0,0.0,0.0,0,0,,
383,0.383,0.0,0.0,0,0,0.0,0.0,0,0,,
384,0.384,0.0,0.0,0,0,0.0,0.0,0,0,,
385,0.385,0.0,0.0,0,0,0.0,0.0,0,0,,
386,0.386,0.0,0.0,0,0,0.0,0.0,0,0,,
387,0.387,0.0,0.0,0,0,0.0,0.0,0,0,,
388,0.388,0.0,0.0,0,0,0.0,0.0,0,0,,
389,0.389,0.0,0.0,0,0,0.0,0.0,0,0,,
390,0.39,0.0,0.0,0,0,0.0,0.0,0,0,,
391,0.391,0.0,0.0,0,0,0.0,0.0,0,0,,
392,0.392,0.0,0.0,0,0,0.0,0.0,0,0,,
393,0.393,0.0,0.0,0,0,0.0,0.0,0,0,,
394,0.394,0.0,0.0,0,0,0.0,0.0,0,0,,
395,0.395,0.0,0.0,0,0,0.0,0.0,0,0,,
396,0.396,0.0,0.0,0,0,0.0,0.0,0,0,,
397,0.397,0.0,0.0,0,0,0.0,0.0,0,0,,
398,0.398,0.0,0.0,0,0,0.0,0.0,0,0,,
399,0.399,0.0,0.0,0,0,0.0,0.0,0,0,,
400,0.4,0.0,0.0,0,0,0.0,0.0,0,0,7.306615436646073,7.306615436646073
401,0.401,0.0,0.0,0,0,0.0,0.0,0,0,,
402,0.402,0.0,0.0,0,0,0.0,0.0,0,0,,
403,0.403,0.0,0.0,0,0,0.0,0.0,0,0,,
404,0.404,0.0,0.0,0,0,0.0,0.0,0,0,,
405,0.405,0.0,0.0,0,0,0.0,0.0,0,0,,
406,0.406,0.0,0.0,0,0,0.0,0.0,0,0,,
407,0.40700000000000003,0.0,0.0,0,0,0.0,0.0,0,0,,
408,0.40800000000000003,0.0,0.0,0,0,0.0,0.0,0,0,,
409,0.40900000000000003,0.0,0.0,0,0,0.0,0.0,0,0,,
410,0.41000000000000003,0.0,0.0,0,0,0.0,0.0,0,0,,
411,0.41100000000000003,0.0,0.0,0,0,0.0,0.0,0,0,,
412,0.41200000000000003,0.0,0.0,0,0,0.0,0.0,0,0,,
413,0.41300000000000003,0.0,0.0,0,0,0.0,0.0,0,0,,
414,0.41400000000000003,0.0,0.0,0,0,0.0,0.0,0,0,,
415,0.41500000000000004,0.0,0.0,0,0,0.0,0.0,0,0,,
416,0.41600000000000004,0.0,0.0,0,0,0.0,0.0,0,0,,
417,0.417,0.0,0.0,0,0,0.0,0.0,0,0,,
418,0.418,0.0,0.0,0,0,0.0,0.0,0,0,,
419,0.419,0.0,0.0,0,0,0.0,0.0,0,0,,
420,0.42,0.0,0.0,0,0,0.0,0.0,0,0,,
421,0.421,0.0,0.0,0,0,0.0,0.0,0,0,,
422,0.422,0.0,0.0,0,0,0.0,0.0,0,0,,
423,0.423,0.0,0.0,0,0,0.0,0.0,0,0,,
424,0.424,0.0,0.0,0,0,0.0,0.0,0,0,,
425,0.425,0.0,0.0,0,0,0.0,0.0,0,0,,
426,0.426,0.0,0.0,0,0,0.0,0.0,0,0,,
427,0.427,0.0,0.0,0,0,0.0,0.0,0,0,,
428,0.428,0.0,0.0,0,0,0.0,0.0,0,0,,
429,0.429,0.0,0.0,0,0,0.0,0.0,0,0,,
430,0.43,0.0,0.0,0,0,0.0,0.0,0,0,,
431,0.431,0.0,0.0,0,0,0.0,0.0,0,0,,
432,0.432,0.0,0.0,0,0,0.0,0.0,0,0,,
433,0.433,0.0,0.0,0,0,0.0,0.0,0,0,,
434,0.434,0.0,0.0,0,0,0.0,0.0,0,0,,
435,0.435,0.0,0.0,0,0,0.0,0.0,0,0,,
436,0.436,0.0,0.0,0,0,0.0,0.0,0,0,,
437,0.437,0.0,0.0,0,0,0.0,0.0,0,0,,
438,0.438,0.0,0.0,0,0,0.0,0.0,0,0,,
439,0.439,0.0,0.0,0,0,0.0,0.0,0,0,,
440,0.44,0.0,0.0,0,0,0.0,0.0,0,0,,
441,0.441,0.0,0.0,0,0,0.0,0.0,0,0,,
442,0.442,0.0,0.0,0,0,0.0,0.0,0,0,,
443,0.443,0.0,0.0,0,0,0.0,0.0,0,0,,
444,0.444,0.0,0.0,0,0,0.0,0.0,0,0,,
445,0.445,0.0,0.0,0,0,0.0,0.0,0,0,,
446,0.446,0.0,0.0,0,0,0.0,0.0,0,0,,
447,0.447,0.0,0.0,0,0,0.0,0.0,0,0,,
448,0.448,0.0,0.0,0,0,0.0,0.0,0,0,,
449,0.449,0.0,0.0,0,0,0.0,0.0,0,0,,
450,0.45,0.0,0.0,0,0,0.0,0.0,0,0,,
451,0.451,0.0,0.0,0,0,0.0,0.0,0,0,,
452,0.452,0.0,0.0,0,0,0.0,0.0,0,0,,
453,0.453,0.0,0.0,0,0,0.0,0.0,0,0,,
454,0.454,0.0,0.0,0,0,0.0,0.0,0,0,,
455,0.455,0.0,0.0,0,0,0.0,0.0,0,0,,
456,0.456,0.0,0.0,0,0,0.0,0.0,0,0,,
457,0.457,0.0,0.0,0,0,0.0,0.0,0,0,,
458,0.458,0.0,0.0,0,0,0.0,0.0,0,0,,
459,0.459,0.0,0.0,0,0,0.0,0.0,0,0,,
460,0.46,0.0,0.0,0,0,0.0,0.0,0,0,,
461,0.461,0.0,0.0,0,0,0.0,0.0,0,0,,
462,0.462,0.0,0.0,0,0,0.0,0.0,0,0,,
463,0.463,0.0,0.0,0,0,0.0,0.0,0,0,,
464,0.464,0.0,0.0,0,0,0.0,0.0,0,0,,
465,0.465,0.0,0.0,0,0,0.0,0.0,0,0,,
466,0.466,0.0,0.0,0,0,0.0,0.0,0,0,,
467,0.467,0.0,0.0,0,0,0.0,0.0,0,0,,
468,0.468,0.0,0.0,0,0,0.0,0.0,0,0,,
469,0.46900000000000003,0.0,0.0,0,0,0.0,0.0,0,0,,
470,0.47000000000000003,0.0,0.0,0,0,0.0,0.0,0,0,,
471,0.47100000000000003,0.0,0.0,0,0,0.0,0.0,0,0,,
472,0.47200000000000003,0.0,0.0,0,0,0.0,0.0,0,0,,
473,0.47300000000000003,0.0,0.0,0,0,0.0,0.0,0,0,,
474,0.47400000000000003,0.0,0.0,0,0,0.0,0.0,0,0,,
475,0.47500000000000003,0.0,0.0,0,0,0.0,0.0,0,0,,
476,0.47600000000000003,0.0,0.0,0,0,0.0,0.0,0,0,,
477,0.47700000000000004,0.0,0.0,0,0,0.0,0.0,0,0,,
478,0.47800000000000004,0.0,0.0,0,0,0.0,0.0,0,0,,
479,0.47900000000000004,0.0,0.0,0,0,0.0,0.0,0,0,,
480,0.48,0.0,0.0,0,0,0.0,0.0,0,0,,
481,0.481,0.0,0.0,0,0,0.0,0.0,0,0,,
482,0.482,0.0,0.0,0,0,0.0,0.0,0,0,,
483,0.483,0.0,0.0,0,0,0.0,0.0,0,0,,
484,0.484,0.0,0.0,0,0,0.0,0.0,0,0,,
485,0.485,0.0,0.0,0,0,0.0,0.0,0,0,,
486,0.486,0.0,0.0,0,0,0.0,0.0,0,0,,
487,0.487,0.0,0.0,0,0,0.0,0.0,0,0,,
488,0.488,0.0,0.0,0,0,0.0,0.0,0,0,,
489,0.489,0.0,0.0,0,0,0.0,0.0,0,0,,
490,0.49,0.0,0.0,0,0,0.0,0.0,0,0,,
491,0.491,0.0,0.0,0,0,0.0,0.0,0,0,,
492,0.492,0.0,0.0,0,0,0.0,0.0,0,0,,
493,0.493,0.0,0.0,0,0,0.0,0.0,0,0,,
494,0.494,0.0,0.0,0,0,0.0,0.0,0,0,,
495,0.495,0.0,0.0,0,0,0.0,0.0,0,0,,
496,0.496,0.0,0.0,0,0,0.0,0.0,0,0,,
497,0.497,0.0,0.0,0,0,0.0,0.0,0,0,,
498,0.498,0.0,0.0,0,0,0.0,0.0,0,0,,
499,0.499,0.0,0.0,0,0,0.0,0.0,0,0,,
500,0.5,0.0,0.0,0,0,0.0,0.0,0,0,7.304254815482706,7.304254815482706
501,0.501,0.0,0.0,0,0,0.0,0.0,0,0,,
502,0.502,0.0,0.0,0,0,0.0,0.0,0,0,,
503,0.503,0.0,0.0,0,0,0.0,0.0,0,0,,
504,0.504,0.0,0.0,0,0,0.0,0.0,0,0,,
505,0.505,0.0,0.0,0,0,0.0,0.0,0,0,,
506,0.506,0.0,0.0,0,0,0.0,0.0,0,0,,
507,0.507,0.0,0.0,0,0,0.0,0.0,0,0,,
508,0.508,0.0,0.0,0,0,0.0,0.0,0,0,,
509,0.509,0.0,0.0,0,0,0.0,0.0,0,0,,
510,0.51,0.0,0.0,0,0,0.0,0.0,0,0,,
511,0.511,0.0,0.0,0,0,0.0,0.0,0,0,,
512,0.512,0.0,0.0,0,0,0.0,0.0,0,0,,
513,0.513,0.0,0.0,0,0,0.0,0.0,0,0,,
514,0.514,0.0,0.0,0,0,0.0,0.0,0,0,,
515,0.515,0.0,0.0,0,0,0.0,0.0,0,0,,
516,0.516,0.0,0.0,0,0,0.0,0.0,0,0,,
517,0.517,0.0,0.0,0,0,0.0,0.0,0,0,,
518,0.518,0.0,0.0,0,0,0.0,0.0,0,0,,
519,0.519,0.0,0.0,0,0,0.0,0.0,0,0,,
520,0.52,0.0,0.0,0,0,0.0,0.0,0,0,,
521,0.521,0.0,0.0,0,0,0.0,0.0,0,0,,
522,0.522,0.0,0.0,0,0,0.0,0.0,0,0,,
523,0.523,0.0,0.0,0,0,0.0,0.0,0,0,,
524,0.524,0.0,0.0,0,0,0.0,0.0,0,0,,
525,0.525,0.0,0.0,0,0,0.0,0.0,0,0,,
526,0.526,0.0,0.0,0,0,0.0,0.0,0,0,,
527,0.527,0.0,0.0,0,0,0.0,0.0,0,0,,
528,0.528,0.0,0.0,0,0,0.0,0.0,0,0,,
529,0.529,0.0,0.0,0,0,0.0,0.0,0,0,,
530,0.53,0.0,0.0,0,0,0.0,0.0,0,0,,
531,0.531,0.0,0.0,0,0,0.0,0.0,0,0,,
532,0.532,0.0,0.0,0,0,0.0,0.0,0,0,,
533,0.533,0.0,0.0,0,0,0.0,0.0,0,0,,
534,0.534,0.0,0.0,0,0,0.0,0.0,0,0,,
535,0.535,0.0,0.0,0,0,0.0,0.0,0,0,,
536,0.536,0.0,0.0,0,0,0.0,0.0,0,0,,
537,0.537,0.0,0.0,0,0,0.0,0.0,0,0,,
538,0.538,0.0,0.0,0,0,0.0,0.0,0,0,,
539,0.539,0.0,0.0,0,0,0.0,0.0,0,0,,
540,0.54,0.0,0.0,0,0,0.0,0.0,0,0,,
541,0.541,0.0,0.0,0,0,0.0,0.0,0,0,,
542,0.542,0.0,0.0,0,0,0.0,0.0,0,0,,
543,0.543,0.0,0.0,0,0,0.0,0.0,0,0,,
544,0.544,0.0,0.0,0,0,0.0,0.0,0,0,,
545,0.545,0.0,0.0,0,0,0.0,0.0,0,0,,
546,0.546,0.0,0.0,0,0,0.0,0.0,0,0,,
547,0.547,0.0,0.0,0,0,0.0,0.0,0,0,,
548,0.548,0.0,0.0,0,0,0.0,0.0,0,0,,
549,0.549,0.0,0.0,0,0,0.0,0.0,0,0,,
550,0.55,0.0,0.0,0,0,0.0,0.0,0,0,,
551,0.551,0.0,0.0,0,0,0.0,0.0,0,0,,
552,0.552,0.0,0.0,0,0,0.0,0.0,0,0,,
553,0.553,0.0,0.0,0,0,0.0,0.0,0,0,,
554,0.554,0.0,0.0,0,0,0.0,0.0,0,0,,
555,0.555,0.0,0.0,0,0,0.0,0.0,0,0,,
556,0.556,0.0,0.0,0,0,0.0,0.0,0,0,,
557,0.557,0.0,0.0,0,0,0.0,0.0,0,0,,
558,0.558,0.0,0.0,0,0,0.0,0.0,0,0,,
559,0.559,0.0,0.0,0,0,0.0,0.0,0,0,,
560,0.56,0.0,0.0,0,0,0.0,0.0,0,0,,
561,0.561,0.0,0.0,0,0,0.0,0.0,0,0,,
562,0.562,0.0,0.0,0,0,0.0,0.0,0,0,,
563,0.5630000000000001,0.0,0.0,0,0,0.0,0.0,0,0,,
564,0.5640000000000001,0.0,0.0,0,0,0.0,0.0,0,0,,
565,0.5650000000000001,0.0,0.0,0,0,0.0,0.0,0,0,,
566,0.5660000000000001,0.0,0.0,0,0,0.0,0.0,0,0,,
567,0.5670000000000001,0.0,0.0,0,0,0.0,0.0,0,0,,
568,0.5680000000000001,0.0,0.0,0,0,0.0,0.0,0,0,,
569,0.5690000000000001,0.0,0.0,0,0,0.0,0.0,0,0,,
570,0.5700000000000001,0.0,0.0,0,0,0.0,0.0,0,0,,
571,0.5710000000000001,0.0,0.0,0,0,0.0,0.0,0,0,,
572,0.5720000000000001,0.0,0.0,0,0,0.0,0.0,0,0,,
573,0.5730000000000001,0.0,0.0,0,0,0.0,0.0,0,0,,
574,0.5740000000000001,0.0,0.0,0,0,0.0,0.0,0,0,,
575,0.5750000000000001,0.0,0.0,0,0,0.0,0.0,0,0,,
576,0.5760000000000001,0.0,0.0,0,0,0.0,0.0,0,0,,
577,0.577,0.0,0.0,0,0,0.0,0.0,0,0,,
578,0.578,0.0,0.0,0,0,0.0,0.0,0,0,,
579,0.579,0.0,0.0,0,0,0.0,0.0,0,0,,
580,0.58,0.0,0.0,0,0,0.0,0.0,0,0,,
581,0.581,0.0,0.0,0,0,0.0,0.0,0,0,,
582,0.582,0.0,0.0,0,0,0.0,0.0,0,0,,
583,0.583,0.0,0.0,0,0,0.0,0.0,0,0,,
584,0.584,0.0,0.0,0,0,0.0,0.0,0,0,,
585,0.585,0.0,0.0,0,0,0.0,0.0,0,0,,
586,0.586,0.0,0.0,0,0,0.0,0.0,0,0,,
587,0.587,0.0,0.0,0,0,0.0,0.0,0,0,,
588,0.588,0.0,0.0,0,0,0.0,0.0,0,0,,
589,0.589,0.0,0.0,0,0,0.0,0.0,0,0,,
590,0.59,0.0,0.0,0,0,0.0,0.0,0,0,,
591,0.591,0.0,0.0,0,0,0.0,0.0,0,0,,
592,0.592,0.0,0.0,0,0,0.0,0.0,0,0,,
593,0.593,0.0,0.0,0,0,0.0,0.0,0,0,,
594,0.594,0.0,0.0,0,0,0.0,0.0,0,0,,
595,0.595,0.0,0.0,0,0,0.0,0.0,0,0,,
596,0.596,0.0,0.0,0,0,0.0,0.0,0,0,,
597,0.597,0.0,0.0,0,0,0.0,0.0,0,0,,
598,0.598,0.0,0.0,0,0,0.0,0.0,0,0,,
599,0.599,0.0,0.0,0,0,0.0,0.0,0,0,,
600,0.6,0.0,0.0,0,0,0.0,0.0,0,0,7.304879093173903,7.304879093173903
601,0.601,0.0,0.0,0,0,0.0,0.0,0,0,,
602,0.602,0.0,0.0,0,0,0.0,0.0,0,0,,
603,0.603,0.0,0.0,0,0,0.0,0.0,0,0,,
604,0.604,0.0,0.0,0,0,0.0,0.0,0,0,,
605,0.605,0.0,0.0,0,0,0.0,0.0,0,0,,
606,0.606,0.0,0.0,0,0,0.0,0.0,0,0,,
607,0.607,0.0,0.0,0,0,0.0,0.0,0,0,,
608,0.608,0.0,0.0,0,0,0.0,0.0,0,0,,
609,0.609,0.0,0.0,0,0,0.0,0.0,0,0,,
610,0.61,0.0,0.0,0,0,0.0,0.0,0,0,,
611,0.611,0.0,0.0,0,0,0.0,0.0,0,0,,
612,0.612,0.0,0.0,0,0,0.0,0.0,0,0,,
613,0.613,0.0,0.0,0,0,0.0,0.0,0,0,,
614,0.614,0.0,0.0,0,0,0.0,0.0,0,0,,
615,0.615,0.0,0.0,0,0,0.0,0.0,0,0,,
616,0.616,0.0,0.0,0,0,0.0,0.0,0,0,,
617,0.617,0.0,0.0,0,0,0.0,0.0,0,0,,
618,0.618,0.0,0.0,0,0,0.0,0.0,0,0,,
619,0.619,0.0,0.0,0,0,0.0,0.0,0,0,,
620,0.62,0.0,0.0,0,0,0.0,0.0,0,0,,
621,0.621,0.0,0.0,0,0,0.0,0.0,0,0,,
622,0.622,0.0,0.0,0,0,0.0,0.0,0,0,,
623,0.623,0.0,0.0,0,0,0.0,0.0,0,0,,
624,0.624,0.0,0.0,0,0,0.0,0.0,0,0,,
625,0.625,0.0,0.0,0,0,0.0,0.0,0,0,,
626,0.626,0.0,0.0,0,0,0.0,0.0,0,0,,
627,0.627,0.0,0.0,0,0,0.0,0.0,0,0,,
628,0.628,0.0,0.0,0,0,0.0,0.0,0,0,,
629,0.629,0.0,0.0,0,0,0.0,0.0,0,0,,
630,0.63,0.0,0.0,0,0,0.0,0.0,0,0,,
631,0.631,0.0,0.0,0,0,0.0,0.0,0,0,,
632,0.632,0.0,0.0,0,0,0.0,0.0,0,0,,
633,0.633,0.0,0.0,0,0,0.0,0.0,0,0,,
634,0.634,0.0,0.0,0,0,0.0,0.0,0,0,,
635,0.635,0.0,0.0,0,0,0.0,0.0,0,0,,
636,0.636,0.0,0.0,0,0,0.0,0.0,0,0,,
637,0.637,0.0,0.0,0,0,0.0,0.0,0,0,,
638,0.638,0.0,0.0,0,0,0.0,0.0,0,0,,
639,0.639,0.0,0.0,0,0,0.0,0.0,0,0,,
640,0.64,0.0,0.0,0,0,0.0,0.0,0,0,,
641,0.641,0.0,0.0,0,0,0.0,0.0,0,0,,
642,0.642,0.0,0.0,0,0,0.0,0.0,0,0,,
643,0.643,0.0,0.0,0,0,0.0,0.0,0,0,,
644,0.644,0.0,0.0,0,0,0.0,0.0,0,0,,
645,0.645,0.0,0.0,0,0,0.0,0.0,0,0,,
646,0.646,0.0,0.0,0,0,0.0,0.0,0,0,,
647,0.647,0.0,0.0,0,0,0.0,0.0,0,0,,
648,0.648,0.0,0.0,0,0,0.0,0.0,0,0,,
649,0.649,0.0,0.0,0,0,0.0,0.0,0,0,,
650,0.65,0.0,0.0,0,0,0.0,0.0,0,0,,
651,0.651,0.0,0.0,0,0,0.0,0.0,0,0,,
652,0.652,0.0,0.0,0,0,0.0,0.0,0,0,,
653,0.653,0.0,0.0,0,0,0.0,0.0,0,0,,
654,0.654,0.0,0.0,0,0,0.0,0.0,0,0,,
655,0.655,0.0,0.0,0,0,0.0,0.0,0,0,,
656,0.656,0.0,0.0,0,0,0.0,0.0,0,0,,
657,0.657,0.0,0.0,0,0,0.0,0.0,0,0,,
658,0.658,0.0,0.0,0,0,0.0,0.0,0,0,,
659,0.659,0.0,0.0,0,0,0.0,0.0,0,0,,
660,0.66,0.0,0.0,0,0,0.0,0.0,0,0,,
661,0.661,0.0,0.0,0,0,0.0,0.0,0,0,,
662,0.662,0.0,0.0,0,0,0.0,0.0,0,0,,
663,0.663,0.0,0.0,0,0,0.0,0.0,0,0,,
664,0.664,0.0,0.0,0,0,0.0,0.0,0,0,,
665,0.665,0.0,0.0,0,0,0.0,0.0,0,0,,
666,0.666,0.0,0.0,0,0,0.0,0.0,0,0,,
667,0.667,0.0,0.0,0,0,0.0,0.0,0,0,,
668,0.668,0.0,0.0,0,0,0.0,0.0,0,0,,
669,0.669,0.0,0.0,0,0,0.0,0.0,0,0,,
670,0.67,0.0,0.0,0,0,0.0,0.0,0,0,,
671,0.671,0.0,0.0,0,0,0.0,0.0,0,0,,
672,0.672,0.0,0.0,0,0,0.0,0.0,0,0,,
673,0.673,0.0,0.0,0,0,0.0,0.0,0,0,,
674,0.674,0.0,0.0,0,0,0.0,0.0,0,0,,
675,0.675,0.0,0.0,0,0,0.0,0.0,0,0,,
676,0.676,0.0,0.0,0,0,0.0,0.0,0,0,,
677,0.677,0.0,0.0,0,0,0.0,0.0,0,0,,
678,0.678,0.0,0.0,0,0,0.0,0.0,0,0,,
679,0.679,0.0,0.0,0,0,0.0,0.0,0,0,,
680,0.68,0.0,0.0,0,0,0.0,0.0,0,0,,
681,0.681,0.0,0.0,0,0,0.0,0.0,0,0,,
682,0.682,0.0,0.0,0,0,0.0,0.0,0,0,,
683,0.683,0.0,0.0,0,0,0.0,0.0,0,0,,
684,0.684,0.0,0.0,0,0,0.0,0.0,0,0,,
685,0.685,0.0,0.0,0,0,0.0,0.0,0,0,,
686,0.686,0.0,0.0,0,0,0.0,0.0,0,0,,
687,0.687,0.0,0.0,0,0,0.0,0.0,0,0,,
688,0.6880000000000001,0.0,0.0,0,0,0.0,0.0,0,0,,
689,0.6890000000000001,0.0,0.0,0,0,0.0,0.0,0,0,,
690,0.6900000000000001,0.0,0.0,0,0,0.0,0.0,0,0,,
691,0.6910000000000001,0.0,0.0,0,0,0.0,0.0,0,0,,
692,0.6920000000000001,0.0,0.0,0,0,0.0,0.0,0,0,,
693,0.6930000000000001,0.0,0.0,0,0,0.0,0.0,0,0,,
694,0.6940000000000001,0.0,0.0,0,0,0.0,0.0,0,0,,
695,0.6950000000000001,0.0,0.0,0,0,0.0,0.0,0,0,,
696,0.6960000000000001,0.0,0.0,0,0,0.0,0.0,0,0,,
697,0.6970000000000001,0.0,0.0,0,0,0.0,0.0,0,0,,
698,0.6980000000000001,0.0,0.0,0,0,0.0,0.0,0,0,,
699,0.6990000000000001,0.0,0.0,0,0,0.0,0.0,0,0,,
700,0.7000000000000001,0.0,0.0,0,0,0.0,0.0,0,0,7.305777840886415,7.305777840886415
701,0.7010000000000001,0.0,0.0,0,0,0.0,0.0,0,0,,
702,0.7020000000000001,0.0,0.0,0,0,0.0,0.0,0,0,,
703,0.7030000000000001,0.0,0.0,0,0,0.0,0.0,0,0,,
704,0.704,0.0,0.0,0,0,0.0,0.0,0,0,,
705,0.705,0.0,0.0,0,0,0.0,0.0,0,0,,
706,0.706,0.0,0.0,0,0,0.0,0.0,0,0,,
707,0.707,0.0,0.0,0,0,0.0,0.0,0,0,,
708,0.708,0.0,0.0,0,0,0.0,0.0,0,0,,
709,0.709,0.0,0.0,0,0,0.0,0.0,0,0,,
710,0.71,0.0,0.0,0,0,0.0,0.0,0,0,,
711,0.711,0.0,0.0,0,0,0.0,0.0,0,0,,
712,0.712,0.0,0.0,0,0,0.0,0.0,0,0,,
713,0.713,0.0,0.0,0,0,0.0,0.0,0,0,,
714,0.714,0.0,0.0,0,0,0.0,0.0,0,0,,
715,0.715,0.0,0.0,0,0,0.0,0.0,0,0,,
716,0.716,0.0,0.0,0,0,0.0,0.0,0,0,,
717,0.717,0.0,0.0,0,0,0.0,0.0,0,0,,
718,0.718,0.0,0.0,0,0,0.0,0.0,0,0,,
719,0.719,0.0,0.0,0,0,0.0,0.0,0,0,,
720,0.72,0.0,0.0,0,0,0.0,0.0,0,0,,
721,0.721,0.0,0.0,0,0,0.0,0.0,0,0,,
722,0.722,0.0,0.0,0,0,0.0,0.0,0,0,,
723,0.723,0.0,0.0,0,0,0.0,0.0,0,0,,
724,0.724,0.0,0.0,0,0,0.0,0.0,0,0,,
725,0.725,0.0,0.0,0,0,0.0,0.0,0,0,,
726,0.726,0.0,0.0,0,0,0.0,0.0,0,0,,
727,0.727,0.0,0.0,0,0,0.0,0.0,0,0,,
728,0.728,0.0,0.0,0,0,0.0,0.0,0,0,,
729,0.729,0.0,0.0,0,0,0.0,0.0,0,0,,
730,0.73,0.0,0.0,0,0,0.0,0.0,0,0,,
731,0.731,0.0,0.0,0,0,0.0,0.0,0,0,,
732,0.732,0.0,0.0,0,0,0.0,0.0,0,0,,
733,0.733,0.0,0.0,0,0,0.0,0.0,0,0,,
734,0.734,0.0,0.0,0,0,0.0,0.0,0,0,,
735,0.735,0.0,0.0,0,0,0.0,0.0,0,0,,
736,0.736,0.0,0.0,0,0,0.0,0.0,0,0,,
737,0.737,0.0,0.0,0,0,0.0,0.0,0,0,,
738,0.738,0.0,0.0,0,0,0.0,0.0,0,0,,
739,0.739,0.0,0.0,0,0,0.0,0.0,0,0,,
740,0.74,0.0,0.0,0,0,0.0,0.0,0,0,,
741,0.741,0.0,0.0,0,0,0.0,0.0,0,0,,
742,0.742,0.0,0.0,0,0,0.0,0.0,0,0,,
743,0.743,0.0,0.0,0,0,0.0,0.0,0,0,,
744,0.744,0.0,0.0,0,0,0.0,0.0,0,0,,
745,0.745,0.0,0.0,0,0,0.0,0.0,0,0,,
746,0.746,0.0,0.0,0,0,0.0,0.0,0,0,,
747,0.747,0.0,0.0,0,0,0.0,0.0,0,0,,
748,0.748,0.0,0.0,0,0,0.0,0.0,0,0,,
749,0.749,0.0,0.0,0,0,0.0,0.0,0,0,,
750,0.75,0.0,0.0,0,0,0.0,0.0,0,0,,
751,0.751,0.0,0.0,0,0,0.0,0.0,0,0,,
752,0.752,0.0,0.0,0,0,0.0,0.0,0,0,,
753,0.753,0.0,0.0,0,0,0.0,0.0,0,0,,
754,0.754,0.0,0.0,0,0,0.0,0.0,0,0,,
755,0.755,0.0,0.0,0,0,0.0,0.0,0,0,,
756,0.756,0.0,0.0,0,0,0.0,0.0,0,0,,
757,0.757,0.0,0.0,0,0,0.0,0.0,0,0,,
758,0.758,0.0,0.0,0,0,0.0,0.0,0,0,,
759,0.759,0.0,0.0,0,0,0.0,0.0,0,0,,
760,0.76,0.0,0.0,0,0,0.0,0.0,0,0,,
761,0.761,0.0,0.0,0,0,0.0,0.0,0,0,,
762,0.762,0.0,0.0,0,0,0.0,0.0,0,0,,
763,0.763,0.0,0.0,0,0,0.0,0.0,0,0,,
764,0.764,0.0,0.0,0,0,0.0,0.0,0,0,,
765,0.765,0.0,0.0,0,0,0.0,0.0,0,0,,
766,0.766,0.0,0.0,0,0,0.0,0.0,0,0,,
767,0.767,0.0,0.0,0,0,0.0,0.0,0,0,,
768,0.768,0.0,0.0,0,0,0.0,0.0,0,0,,
769,0.769,0.0,0.0,0,0,0.0,0.0,0,0,,
770,0.77,0.0,0.0,0,0,0.0,0.0,0,0,,
771,0.771,0.0,0.0,0,0,0.0,0.0,0,0,,
772,0.772,0.0,0.0,0,0,0.0,0.0,0,0,,
773,0.773,0.0,0.0,0,0,0.0,0.0,0,0,,
774,0.774,0.0,0.0,0,0,0.0,0.0,0,0,,
775,0.775,0.0,0.0,0,0,0.0,0.0,0,0,,
776,0.776,0.0,0.0,0,0,0.0,0.0,0,0,,
777,0.777,0.0,0.0,0,0,0.0,0.0,0,0,,
778,0.778,0.0,0.0,0,0,0.0,0.0,0,0,,
779,0.779,0.0,0.0,0,0,0.0,0.0,0,0,,
780,0.78,0.0,0.0,0,0,0.0,0.0,0,0,,
781,0.781,0.0,0.0,0,0,0.0,0.0,0,0,,
782,0.782,0.0,0.0,0,0,0.0,0.0,0,0,,
783,0.783,0.0,0.0,0,0,0.0,0.0,0,0,,
784,0.784,0.0,0.0,0,0,0.0,0.0,0,0,,
785,0.785,0.0,0.0,0,0,0.0,0.0,0,0,,
786,0.786,0.0,0.0,0,0,0.0,0.0,0,0,,
787,0.787,0.0,0.0,0,0,0.0,0.0,0,0,,
788,0.788,0.0,0.0,0,0,0.0,0.0,0,0,,
789,0.789,0.0,0.0,0,0,0.0,0.0,0,0,,
790,0.79,0.0,0.0,0,0,0.0,0.0,0,0,,
791,0.791,0.0,0.0,0,0,0.0,0.0,0,0,,
792,0.792,0.0,0.0,0,0,0.0,0.0,0,0,,
793,0.793,0.0,0.0,0,0,0.0,0.0,0,0,,
794,0.794,0.0,0.0,0,0,0.0,0.0,0,0,,
795,0.795,0.0,0.0,0,0,0.0,0.0,0,0,,
796,0.796,0.0,0.0,0,0,0.0,0.0,0,0,,
797,0.797,0.0,0.0,0,0,0.0,0.0,0,0,,
798,0.798,0.0,0.0,0,0,0.0,0.0,0,0,,
799,0.799,0.0,0.0,0,0,0.0,0.0,0,0,,
800,0.8,0.0,0.0,0,0,0.0,0.0,0,0,7.298973666619704,7.298973666619704
801,0.801,0.0,0.0,0,0,0.0,0.0,0,0,,
802,0.802,0.0,0.0,0,0,0.0,0.0,0,0,,
803,0.803,0.0,0.0,0,0,0.0,0.0,0,0,,
804,0.804,0.0,0.0,0,0,0.0,0.0,0,0,,
805,0.805,0.0,0.0,0,0,0.0,0.0,0,0,,
806,0.806,0.0,0.0,0,0,0.0,0.0,0,0,,
807,0.807,0.0,0.0,0,0,0.0,0.0,0,0,,
808,0.808,0.0,0.0,0,0,0.0,0.0,0,0,,
809,0.809,0.0,0.0,0,0,0.0,0.0,0,0,,
810,0.81,0.0,0.0,0,0,0.0,0.0,0,0,,
811,0.811,0.0,0.0,0,0,0.0,0.0,0,0,,
812,0.812,0.0,0.0,0,0,0.0,0.0,0,0,,
813,0.8130000000000001,0.0,0.0,0,0,0.0,0.0,0,0,,
814,0.8140000000000001,0.0,0.0,0,0,0.0,0.0,0,0,,
815,0.8150000000000001,0.0,0.0,0,0,0.0,0.0,0,0,,
816,0.8160000000000001,0.0,0.0,0,0,0.0,0.0,0,0,,
817,0.8170000000000001,0.0,0.0,0,0,0.0,0.0,0,0,,
818,0.8180000000000001,0.0,0.0,0,0,0.0,0.0,0,0,,
819,0.8190000000000001,0.0,0.0,0,0,0.0,0.0,0,0,,
820,0.8200000000000001,0.0,0.0,0,0,0.0,0.0,0,0,,
821,0.8210000000000001,0.0,0.0,0,0,0.0,0.0,0,0,,
822,0.8220000000000001,0.0,0.0,0,0,0.0,0.0,0,0,,
823,0.8230000000000001,0.0,0.0,0,0,0.0,0.0,0,0,,
824,0.8240000000000001,0.0,0.0,0,0,0.0,0.0,0,0,,
825,0.8250000000000001,0.0,0.0,0,0,0.0,0.0,0,0,,
826,0.8260000000000001,0.0,0.0,0,0,0.0,0.0,0,0,,
827,0.8270000000000001,0.0,0.0,0,0,0.0,0.0,0,0,,
828,0.8280000000000001,0.0,0.0,0,0,0.0,0.0,0,0,,
829,0.8290000000000001,0.0,0.0,0,0,0.0,0.0,0,0,,
830,0.8300000000000001,0.0,0.0,0,0,0.0,0.0,0,0,,
831,0.8310000000000001,0.0,0.0,0,0,0.0,0.0,0,0,,
832,0.8320000000000001,0.0,0.0,0,0,0.0,0.0,0,0,,
833,0.833,0.0,0.0,0,0,0.0,0.0,0,0,,
834,0.834,0.0,0.0,0,0,0.0,0.0,0,0,,
835,0.835,0.0,0.0,0,0,0.0,0.0,0,0,,
836,0.836,0.0,0.0,0,0,0.0,0.0,0,0,,
837,0.837,0.0,0.0,0,0,0.0,0.0,0,0,,
838,0.838,0.0,0.0,0,0,0.0,0.0,0,0,,
839,0.839,0.0,0.0,0,0,0.0,0.0,0,0,,
840,0.84,0.0,0.0,0,0,0.0,0.0,0,0,,
841,0.841,0.0,0.0,0,0,0.0,0.0,0,0,,
842,0.842,0.0,0.0,0,0,0.0,0.0,0,0,,
843,0.843,0.0,0.0,0,0,0.0,0.0,0,0,,
844,0.844,0.0,0.0,0,0,0.0,0.0,0,0,,
845,0.845,0.0,0.0,0,0,0.0,0.0,0,0,,
846,0.846,0.0,0.0,0,0,0.0,0.0,0,0,,
847,0.847,0.0,0.0,0,0,0.0,0.0,0,0,,
848,0.848,0.0,0.0,0,0,0.0,0.0,0,0,,
849,0.849,0.0,0.0,0,0,0.0,0.0,0,0,,
850,0.85,0.0,0.0,0,0,0.0,0.0,0,0,,
851,0.851,0.0,0.0,0,0,0.0,0.0,0,0,,
852,0.852,0.0,0.0,0,0,0.0,0.0,0,0,,
853,0.853,0.0,0.0,0,0,0.0,0.0,0,0,,
854,0.854,0.0,0.0,0,0,0.0,0.0,0,0,,
855,0.855,0.0,0.0,0,0,0.0,0.0,0,0,,
856,0.856,0.0,0.0,0,0,0.0,0.0,0,0,,
857,0.857,0.0,0.0,0,0,0.0,0.0,0,0,,
858,0.858,0.0,0.0,0,0,0.0,0.0,0,0,,
859,0.859,0.0,0.0,0,0,0.0,0.0,0,0,,
860,0.86,0.0,0.0,0,0,0.0,0.0,0,0,,
861,0.861,0.0,0.0,0,0,0.0,0.0,0,0,,
862,0.862,0.0,0.0,0,0,0.0,0.0,0,0,,
863,0.863,0.0,0.0,0,0,0.0,0.0,0,0,,
864,0.864,0.0,0.0,0,0,0.0,0.0,0,0,,
865,0.865,0.0,0.0,0,0,0.0,0.0,0,0,,
866,0.866,0.0,0.0,0,0,0.0,0.0,0,0,,
867,0.867,0.0,0.0,0,0,0.0,0.0,0,0,,
868,0.868,0.0,0.0,0,0,0.0,0.0,0,0,,
869,0.869,0.0,0.0,0,0,0.0,0.0,0,0,,
870,0.87,0.0,0.0,0,0,0.0,0.0,0,0,,
871,0.871,0.0,0.0,0,0,0.0,0.0,0,0,,
872,0.872,0.0,0.0,0,0,0.0,0.0,0,0,,
873,0.873,0.0,0.0,0,0,0.0,0.0,0,0,,
874,0.874,0.0,0.0,0,0,0.0,0.0,0,0,,
875,0.875,0.0,0.0,0,0,0.0,0.0,0,0,,
876,0.876,0.0,0.0,0,0,0.0,0.0,0,0,,
877,0.877,0.0,0.0,0,0,0.0,0.0,0,0,,
878,0.878,0.0,0.0,0,0,0.0,0.0,0,0,,
879,0.879,0.0,0.0,0,0,0.0,0.0,0,0,,
880,0.88,0.0,0.0,0,0,0.0,0.0,0,0,,
881,0.881,0.0,0.0,0,0,0.0,0.0,0,0,,
882,0.882,0.0,0.0,0,0,0.0,0.0,0,0,,
883,0.883,0.0,0.0,0,0,0.0,0.0,0,0,,
884,0.884,0.0,0.0,0,0,0.0,0.0,0,0,,
885,0.885,0.0,0.0,0,0,0.0,0.0,0,0,,
886,0.886,0.0,0.0,0,0,0.0,0.0,0,0,,
887,0.887,0.0,0.0,0,0,0.0,0.0,0,0,,
888,0.888,0.0,0.0,0,0,0.0,0.0,0,0,,
889,0.889,0.0,0.0,0,0,0.0,0.0,0,0,,
890,0.89,0.0,0.0,0,0,0.0,0.0,0,0,,
891,0.891,0.0,0.0,0,0,0.0,0.0,0,0,,
892,0.892,0.0,0.0,0,0,0.0,0.0,0,0,,
893,0.893,0.0,0.0,0,0,0.0,0.0,0,0,,
894,0.894,0.0,0.0,0,0,0.0,0.0,0,0,,
895,0.895,0.0,0.0,0,0,0.0,0.0,0,0,,
896,0.896,0.0,0.0,0,0,0.0,0.0,0,0,,
897,0.897,0.0,0.0,0,0,0.0,0.0,0,0,,
898,0.898,0.0,0.0,0,0,0.0,0.0,0,0,,
899,0.899,0.0,0.0,0,0,0.0,0.0,0,0,,
900,0.9,0.0,0.0,0,0,0.0,0.0,0,0,7.06157959688847,7.06157959688847
901,0.901,0.0,0.0,0,0,0.0,0.0,0,0,,
902,0.902,0.0,0.0,0,0,0.0,0.0,0,0,,
903,0.903,0.0,0.0,0,0,0.0,0.0,0,0,,
904,0.904,0.0,0.0,0,0,0.0,0.0,0,0,,
905,0.905,0.0,0.0,0,0,0.0,0.0,0,0,,
906,0.906,0.0,0.0,0,0,0.0,0.0,0,0,,
907,0.907,0.0,0.0,0,0,0.0,0.0,0,0,,
908,0.908,0.0,0.0,0,0,0.0,0.0,0,0,,
909,0.909,0.0,0.0,0,0,0.0,0.0,0,0,,
910,0.91,0.0,0.0,0,0,0.0,0.0,0,0,,
911,0.911,0.0,0.0,0,0,0.0,0.0,0,0,,
912,0.912,0.0,0.0,0,0,0.0,0.0,0,0,,
913,0.913,0.0,0.0,0,0,0.0,0.0,0,0,,
914,0.914,0.0,0.0,0,0,0.0,0.0,0,0,,
915,0.915,0.0,0.0,0,0,0.0,0.0,0,0,,
916,0.916,0.0,0.0,0,0,0.0,0.0,0,0,,
917,0.917,0.0,0.0,0,0,0.0,0.0,0,0,,
918,0.918,0.0,0.0,0,0,0.0,0.0,0,0,,
919,0.919,0.0,0.0,0,0,0.0,0.0,0,0,,
920,0.92,0.0,0.0,0,0,0.0,0.0,0,0,,
921,0.921,0.0,0.0,0,0,0.0,0.0,0,0,,
922,0.922,0.0,0.0,0,0,0.0,0.0,0,0,,
923,0.923,0.0,0.0,0,0,0.0,0.0,0,0,,
924,0.924,0.0,0.0,0,0,0.0,0.0,0,0,,
925,0.925,0.0,0.0,0,0,0.0,0.0,0,0,,
926,0.926,0.0,0.0,0,0,0.0,0.0,0,0,,
927,0.927,0.0,0.0,0,0,0.0,0.0,0,0,,
928,0.928,0.0,0.0,0,0,0.0,0.0,0,0,,
929,0.929,0.0,0.0,0,0,0.0,0.0,0,0,,
930,0.93,0.0,0.0,0,0,0.0,0.0,0,0,,
931,0.931,0.0,0.0,0,0,0.0,0.0,0,0,,
932,0.932,0.0,0.0,0,0,0.0,0.0,0,0,,
933,0.933,0.0,0.0,0,0,0.0,0.0,0,0,,
934,0.934,0.0,0.0,0,0,0.0,0.0,0,0,,
935,0.935,0.0,0.0,0,0,0.0,0.0,0,0,,
936,0.936,0.0,0.0,0,0,0.0,0.0,0,0,,
937,0.937,0.0,0.0,0,0,0.0,0.0,0,0,,
938,0.9380000000000001,0.0,0.0,0,0,0.0,0.0,0,0,,
939,0.9390000000000001,0.0,0.0,0,0,0.0,0.0,0,0,,
940,0.9400000000000001,0.0,0.0,0,0,0.0,0.0,0,0,,
941,0.9410000000000001,0.0,0.0,0,0,0.0,0.0,0,0,,
942,0.9420000000000001,0.0,0.0,0,0,0.0,0.0,0,0,,
943,0.9430000000000001,0.0,0.0,0,0,0.0,0.0,0,0,,
944,0.9440000000000001,0.0,0.0,0,0,0.0,0.0,0,0,,
945,0.9450000000000001,0.0,0.0,0,0,0.0,0.0,0,0,,
946,0.9460000000000001,0.0,0.0,0,0,0.0,0.0,0,0,,
947,0.9470000000000001,0.0,0.0,0,0,0.0,0.0,0,0,,
948,0.9480000000000001,0.0,0.0,0,0,0.0,0.0,0,0,,
949,0.9490000000000001,0.0,0.0,0,0,0.0,0.0,0,0,,
950,0.9500000000000001,0.0,0.0,0,0,0.0,0.0,0,0,,
951,0.9510000000000001,0.0,0.0,0,0,0.0,0.0,0,0,,
952,0.9520000000000001,0.0,0.0,0,0,0.0,0.0,0,0,,
953,0.9530000000000001,0.0,0.0,0,0,0.0,0.0,0,0,,
954,0.9540000000000001,0.0,0.0,0,0,0.0,0.0,0,0,,
955,0.9550000000000001,0.0,0.0,0,0,0.0,0.0,0,0,,
956,0.9560000000000001,0.0,0.0,0,0,0.0,0.0,0,0,,
957,0.9570000000000001,0.0,0.0,0,0,0.0,0.0,0,0,,
958,0.9580000000000001,0.0,0.0,0,0,0.0,0.0,0,0,,
959,0.9590000000000001,0.0,0.0,0,0,0.0,0.0,0,0,,
960,0.96,0.0,0.0,0,0,0.0,0.0,0,0,,
961,0.961,0.0,0.0,0,0,0.0,0.0,0,0,,
962,0.962,0.0,0.0,0,0,0.0,0.0,0,0,,
963,0.963,0.0,0.0,0,0,0.0,0.0,0,0,,
964,0.964,0.0,0.0,0,0,0.0,0.0,0,0,,
965,0.965,0.0,0.0,0,0,0.0,0.0,0,0,,
966,0.966,0.0,0.0,0,0,0.0,0.0,0,0,,
967,0.967,0.0,0.0,0,0,0.0,0.0,0,0,,
968,0.968,0.0,0.0,0,0,0.0,0.0,0,0,,
969,0.969,0.0,0.0,0,0,0.0,0.0,0,0,,
970,0.97,0.0,0.0,0,0,0.0,0.0,0,0,,
971,0.971,0.0,0.0,0,0,0.0,0.0,0,0,,
972,0.972,0.0,0.0,0,0,0.0,0.0,0,0,,
973,0.973,0.0,0.0,0,0,0.0,0.0,0,0,,
974,0.974,0.0,0.0,0,0,0.0,0.0,0,0,,
975,0.975,0.0,0.0,0,0,0.0,0.0,0,0,,
976,0.976,0.0,0.0,0,0,0.0,0.0,0,0,,
977,0.977,0.0,0.0,0,0,0.0,0.0,0,0,,
978,0.978,0.0,0.0,0,0,0.0,0.0,0,0,,
979,0.979,0.0,0.0,0,0,0.0,0.0,0,0,,
980,0.98,0.0,0.0,0,0,0.0,0.0,0,0,,
981,0.981,0.0,0.0,0,0,0.0,0.0,0,0,,
982,0.982,0.0,0.0,0,0,0.0,0.0,0,0,,
983,0.983,0.0,0.0,0,0,0.0,0.0,0,0,,
984,0.984,0.0,0.0,0,0,0.0,0.0,0,0,,
985,0.985,0.0,0.0,0,0,0.0,0.0,0,0,,
986,0.986,0.0,0.0,0,0,0.0,0.0,0,0,,
987,0.987,0.0,0.0,0,0,0.0,0.0,0,0,,
988,0.988,0.0,0.0,0,0,0.0,0.0,0,0,,
989,0.989,0.0,0.0,0,0,0.0,0.0,0,0,,
990,0.99,0.0,0.0,0,0,0.0,0.0,0,0,,
991,0.991,0.0,0.0,0,0,0.0,0.0,0,0,,
992,0.992,0.0,0.0,0,0,0.0,0.0,0,0,,
993,0.993,0.0,0.0,0,0,0.0,0.0,0,0,,
994,0.994,0.0,0.0,0,0,0.0,0.0,0,0,,
995,0.995,0.0,0.0,0,0,0.0,0.0,0,0,,
996,0.996,0.0,0.0,0,0,0.0,0.0,0,0,,
997,0.997,0.0,0.0,0,0,0.0,0.0,0,0,,
998,0.998,0.0,0.0,0,0,0.0,0.0,0,0,,
999,0.999,0.0,0.0,0,0,0.0,0.0,0,0,,
1000,1.0,0.03,0.0,1,1,0.0,0.0,0,0,6.454044167874062,6.458783583300103
1001,1.0010000000000001,0.03,0.0,1,1,0.0,0.0,0,0,,
1002,1.002,0.03,0.0,1,1,0.0,0.0,0,0,,
1003,1.0030000000000001,0.03,0.0,1,1,0.0,0.0,0,0,,
1004,1.004,0.03,0.0,1,1,0.0,0.0,0,0,,
1005,1.0050000000000001,0.03,0.0,1,1,0.0,0.0,0,0,,
1006,1.006,0.03,0.0,1,1,0.0,0.0,0,0,,
1007,1.0070000000000001,0.03,0.0,1,1,0.0,0.0,0,0,,
1008,1.008,0.03,0.0,1,1,0.0,0.0,0,0,,
1009,1.0090000000000001,0.03,0.0,1,1,0.0,0.0,0,0,,
1010,1.01,0.03,0.0,1,1,0.0,0.0,0,0,,
1011,1.0110000000000001,0.03,0.0,1,1,0.0,0.0,0,0,,
1012,1.012,0.03,0.0,1,1,0.0,0.0,0,0,,
1013,1.0130000000000001,0.03,0.0,1,1,0.0,0.0,0,0,,
1014,1.014,0.03,0.0,1,1,0.0,0.0,0,0,,
1015,1.0150000000000001,0.03,0.0,1,1,0.0,0.0,0,0,,
1016,1.016,0.03,0.0,1,1,0.0,0.0,0,0,,
1017,1.0170000000000001,0.03,0.0,1,1,0.0,0.0,0,0,,
1018,1.018,0.03,0.0,1,1,0.0,0.0,0,0,,
1019,1.0190000000000001,0.03,0.0,1,1,0.0,0.0,0,0,,
1020,1.02,0.03,0.0,1,1,0.0,0.0,0,0,,
1021,1.0210000000000001,0.03,0.0,1,1,0.0,0.0,0,0,,
1022,1.022,0.03,0.0,1,1,0.0,0.0,0,0,,
1023,1.0230000000000001,0.03,0.0,1,1,0.0,0.0,0,0,,
1024,1.024,0.03,0.0,1,1,0.0,0.0,0,0,,
1025,1.025,0.03,0.0,1,1,0.0,0.0,0,0,,
1026,1.026,0.03,0.0,1,1,0.0,0.0,0,0,,
1027,1.027,0.03,0.0,1,1,0.0,0.0,0,0,,
1028,1.028,0.03,0.0,1,1,0.0,0.0,0,0,,
1029,1.029,0.03,0.0,1,1,0.0,0.0,0,0,,
1030,1.03,0.03,0.0,1,1,0.0,0.0,0,0,,
1031,1.031,0.03,0.0,1,1,0.0,0.0,0,0,,
1032,1.032,0.03,0.0,1,1,0.0,0.0,0,0,,
1033,1.033,0.03,0.0,1,1,0.0,0.0,0,0,,
1034,1.034,0.03,0.0,1,1,0.0,0.0,0,0,,
1035,1.035,0.03,0.0,1,1,0.0,0.0,0,0,,
1036,1.036,0.03,0.0,1,1,0.0,0.0,0,0,,
1037,1.037,0.03,0.0,1,1,0.0,0.0,0,0,,
1038,1.038,0.03,0.0,1,1,0.0,0.0,0,0,,
1039,1.039,0.03,0.0,1,1,0.0,0.0,0,0,,
1040,1.04,0.03,0.0,1,1,0.0,0.0,0,0,,
1041,1.041,0.03,0.0,1,1,0.0,0.0,0,0,,
1042,1.042,0.03,0.0,1,1,0.0,0.0,0,0,,
1043,1.043,0.03,0.0,1,1,0.0,0.0,0,0,,
1044,1.044,0.03,0.0,1,1,0.0,0.0,0,0,,
1045,1.045,0.03,0.0,1,1,0.0,0.0,0,0,,
1046,1.046,0.03,0.0,1,1,0.0,0.0,0,0,,
1047,1.047,0.03,0.0,1,1,0.0,0.0,0,0,,
1048,1.048,0.03,0.0,1,1,0.0,0.0,0,0,,
1049,1.049,0.03,0.0,1,1,0.0,0.0,0,0,,
1050,1.05,0.03,0.0,1,1,0.0,0.0,0,0,,
1051,1.051,0.03,0.0,1,1,0.0,0.0,0,0,,
1052,1.052,0.03,0.0,1,1,0.0,0.0,0,0,,
1053,1.053,0.03,0.0,1,1,0.0,0.0,0,0,,
1054,1.054,0.03,0.0,1,1,0.0,0.0,0,0,,
1055,1.055,0.03,0.0,1,1,0.0,0.0,0,0,,
1056,1.056,0.03,0.0,1,1,0.0,0.0,0,0,,
1057,1.057,0.03,0.0,1,1,0.0,0.0,0,0,,
1058,1.058,0.03,0.0,1,1,0.0,0.0,0,0,,
1059,1.059,0.03,0.0,1,1,0.0,0.0,0,0,,
1060,1.06,0.03,0.0,1,1,0.0,0.0,0,0,,
1061,1.061,0.03,0.0,1,1,0.0,0.0,0,0,,
1062,1.062,0.03,0.0,1,1,0.0,0.0,0,0,,
1063,1.063,0.03,0.0,1,1,0.0,0.0,0,0,,
1064,1.064,0.03,0.0,1,1,0.0,0.0,0,0,,
1065,1.065,0.03,0.0,1,1,0.0,0.0,0,0,,
1066,1.066,0.03,0.0,1,1,0.0,0.0,0,0,,
1067,1.067,0.03,0.0,1,1,0.0,0.0,0,0,,
1068,1.068,0.03,0.0,1,1,0.0,0.0,0,0,,
1069,1.069,0.03,0.0,1,1,0.0,0.0,0,0,,
1070,1.07,0.03,0.0,1,1,0.0,0.0,0,0,,
1071,1.071,0.03,0.0,1,1,0.0,0.0,0,0,,
1072,1.072,0.03,0.0,1,1,0.0,0.0,0,0,,
1073,1.073,0.03,0.0,1,1,0.0,0.0,0,0,,
1074,1.074,0.03,0.0,1,1,0.0,0.0,0,0,,
1075,1.075,0.03,0.0,1,1,0.0,0.0,0,0,,
1076,1.076,0.03,0.0,1,1,0.0,0.0,0,0,,
1077,1.077,0.03,0.0,1,1,0.0,0.0,0,0,,
1078,1.078,0.03,0.0,1,1,0.0,0.0,0,0,,
1079,1.079,0.03,0.0,1,1,0.0,0.0,0,0,,
1080,1.08,0.03,0.0,1,1,0.0,0.0,0,0,,
1081,1.081,0.03,0.0,1,1,0.0,0.0,0,0,,
1082,1.082,0.03,0.0,1,1,0.0,0.0,0,0,,
1083,1.083,0.03,0.0,1,1,0.0,0.0,0,0,,
1084,1.084,0.03,0.0,1,1,0.0,0.0,0,0,,
1085,1.085,0.03,0.0,1,1,0.0,0.0,0,0,,
1086,1.086,0.03,0.0,1,1,0.0,0.0,0,0,,
1087,1.087,0.03,0.0,1,1,0.0,0.0,0,0,,
1088,1.088,0.03,0.0,1,1,0.0,0.0,0,0,,
1089,1.089,0.03,0.0,1,1,0.0,0.0,0,0,,
1090,1.09,0.03,0.0,1,1,0.0,0.0,0,0,,
1091,1.091,0.03,0.0,1,1,0.0,0.0,0,0,,
1092,1.092,0.03,0.0,1,1,0.0,0.0,0,0,,
1093,1.093,0.03,0.0,1,1,0.0,0.0,0,0,,
1094,1.094,0.03,0.0,1,1,0.0,0.0,0,0,,
1095,1.095,0.03,0.0,1,1,0.0,0.0,0,0,,
1096,1.096,0.03,0.0,1,1,0.0,0.0,0,0,,
1097,1.097,0.03,0.0,1,1,0.0,0.0,0,0,,
1098,1.098,0.03,0.0,1,1,0.0,0.0,0,0,,
1099,1.099,0.03,0.0,1,1,0.0,0.0,0,0,,
1100,1.1,0.03,0.0,1,1,0.0,0.0,0,0,6.617910171916456,6.354585806484597
1101,1.101,0.03,0.0,1,1,0.0,0.0,0,0,,
1102,1.102,0.03,0.0,1,1,0.0,0.0,0,0,,
1103,1.103,0.03,0.0,1,1,0.0,0.0,0,0,,
1104,1.104,0.03,0.0,1,1,0.0,0.0,0,0,,
1105,1.105,0.03,0.0,1,1,0.0,0.0,0,0,,
1106,1.106,0.03,0.0,1,1,0.0,0.0,0,0,,
1107,1.107,0.03,0.0,1,1,0.0,0.0,0,0,,
1108,1.108,0.03,0.0,1,1,0.0,0.0,0,0,,
1109,1.109,0.03,0.0,1,1,0.0,0.0,0,0,,
1110,1.11,0.03,0.0,1,1,0.0,0.0,0,0,,
1111,1.111,0.03,0.0,1,1,0.0,0.0,0,0,,
1112,1.112,0.03,0.0,1,1,0.0,0.0,0,0,,
1113,1.113,0.03,0.0,1,1,0.0,0.0,0,0,,
1114,1.114,0.03,0.0,1,1,0.0,0.0,0,0,,
1115,1.115,0.03,0.0,1,1,0.0,0.0,0,0,,
1116,1.116,0.03,0.0,1,1,0.0,0.0,0,0,,
1117,1.117,0.03,0.0,1,1,0.0,0.0,0,0,,
1118,1.118,0.03,0.0,1,1,0.0,0.0,0,0,,
1119,1.119,0.03,0.0,1,1,0.0,0.0,0,0,,
1120,1.12,0.03,0.0,1,1,0.0,0.0,0,0,,
1121,1.121,0.03,0.0,1,1,0.0,0.0,0,0,,
1122,1.122,0.03,0.0,1,1,0.0,0.0,0,0,,
1123,1.123,0.03,0.0,1,1,0.0,0.0,0,0,,
1124,1.124,0.03,0.0,1,1,0.0,0.0,0,0,,
1125,1.125,0.03,0.0,1,1,0.0,0.0,0,0,,
1126,1.1260000000000001,0.03,0.0,1,1,0.0,0.0,0,0,,
1127,1.127,0.03,0.0,1,1,0.0,0.0,0,0,,
1128,1.1280000000000001,0.03,0.0,1,1,0.0,0.0,0,0,,
1129,1.129,0.03,0.0,1,1,0.0,0.0,0,0,,
1130,1.1300000000000001,0.03,0.0,1,1,0.0,0.0,0,0,,
1131,1.131,0.03,0.0,1,1,0.0,0.0,0,0,,
1132,1.1320000000000001,0.03,0.0,1,1,0.0,0.0,0,0,,
1133,1.133,0.03,0.0,1,1,0.0,0.0,0,0,,
1134,1.1340000000000001,0.03,0.0,1,1,0.0,0.0,0,0,,
1135,1.135,0.03,0.0,1,1,0.0,0.0,0,0,,
1136,1.1360000000000001,0.03,0.0,1,1,0.0,0.0,0,0,,
1137,1.137,0.03,0.0,1,1,0.0,0.0,0,0,,
1138,1.1380000000000001,0.03,0.0,1,1,0.0,0.0,0,0,,
1139,1.139,0.03,0.0,1,1,0.0,0.0,0,0,,
1140,1.1400000000000001,0.03,0.0,1,1,0.0,0.0,0,0,,
1141,1.141,0.03,0.0,1,1,0.0,0.0,0,0,,
1142,1.1420000000000001,0.03,0.0,1,1,0.0,0.0,0,0,,
1143,1.143,0.03,0.0,1,1,0.0,0.0,0,0,,
1144,1.1440000000000001,0.03,0.0,1,1,0.0,0.0,0,0,,
1145,1.145,0.03,0.0,1,1,0.0,0.0,0,0,,
1146,1.1460000000000001,0.03,0.0,1,1,0.0,0.0,0,0,,
1147,1.147,0.03,0.0,1,1,0.0,0.0,0,0,,
1148,1.1480000000000001,0.03,0.0,1,1,0.0,0.0,0,0,,
1149,1.149,0.03,0.0,1,1,0.0,0.0,0,0,,
1150,1.1500000000000001,0.03,0.0,1,1,0.0,0.0,0,0,,
1151,1.151,0.03,0.0,1,1,0.0,0.0,0,0,,
1152,1.1520000000000001,0.03,0.0,1,1,0.0,0.0,0,0,,
1153,1.153,0.03,0.0,1,1,0.0,0.0,0,0,,
1154,1.154,0.03,0.0,1,1,0.0,0.0,0,0,,
1155,1.155,0.03,0.0,1,1,0.0,0.0,0,0,,
1156,1.156,0.03,0.0,1,1,0.0,0.0,0,0,,
1157,1.157,0.03,0.0,1,1,0.0,0.0,0,0,,
1158,1.158,0.03,0.0,1,1,0.0,0.0,0,0,,
1159,1.159,0.03,0.0,1,1,0.0,0.0,0,0,,
1160,1.16,0.03,0.0,1,1,0.0,0.0,0,0,,
1161,1.161,0.03,0.0,1,1,0.0,0.0,0,0,,
1162,1.162,0.03,0.0,1,1,0.0,0.0,0,0,,
1163,1.163,0.03,0.0,1,1,0.0,0.0,0,0,,
1164,1.164,0.03,0.0,1,1,0.0,0.0,0,0,,
1165,1.165,0.03,0.0,1,1,0.0,0.0,0,0,,
1166,1.166,0.03,0.0,1,1,0.0,0.0,0,0,,
1167,1.167,0.03,0.0,1,1,0.0,0.0,0,0,,
1168,1.168,0.03,0.0,1,1,0.0,0.0,0,0,,
1169,1.169,0.03,0.0,1,1,0.0,0.0,0,0,,
1170,1.17,0.03,0.0,1,1,0.0,0.0,0,0,,
1171,1.171,0.03,0.0,1,1,0.0,0.0,0,0,,
1172,1.172,0.03,0.0,1,1,0.0,0.0,0,0,,
1173,1.173,0.03,0.0,1,1,0.0,0.0,0,0,,
1174,1.174,0.03,0.0,1,1,0.0,0.0,0,0,,
1175,1.175,0.03,0.0,1,1,0.0,0.0,0,0,,
1176,1.176,0.03,0.0,1,1,0.0,0.0,0,0,,
1177,1.177,0.03,0.0,1,1,0.0,0.0,0,0,,
1178,1.178,0.03,0.0,1,1,0.0,0.0,0,0,,
1179,1.179,0.03,0.0,1,1,0.0,0.0,0,0,,
1180,1.18,0.03,0.0,1,1,0.0,0.0,0,0,,
1181,1.181,0.03,0.0,1,1,0.0,0.0,0,0,,
1182,1.182,0.03,0.0,1,1,0.0,0.0,0,0,,
1183,1.183,0.03,0.0,1,1,0.0,0.0,0,0,,
1184,1.184,0.03,0.0,1,1,0.0,0.0,0,0,,
1185,1.185,0.03,0.0,1,1,0.0,0.0,0,0,,
1186,1.186,0.03,0.0,1,1,0.0,0.0,0,0,,
1187,1.187,0.03,0.0,1,1,0.0,0.0,0,0,,
1188,1.188,0.03,0.0,1,1,0.0,0.0,0,0,,
1189,1.189,0.03,0.0,1,1,0.0,0.0,0,0,,
1190,1.19,0.03,0.0,1,1,0.0,0.0,0,0,,
1191,1.191,0.03,0.0,1,1,0.0,0.0,0,0,,
1192,1.192,0.03,0.0,1,1,0.0,0.0,0,0,,
1193,1.193,0.03,0.0,1,1,0.0,0.0,0,0,,
1194,1.194,0.03,0.0,1,1,0.0,0.0,0,0,,
1195,1.195,0.03,0.0,1,1,0.0,0.0,0,0,,
1196,1.196,0.03,0.0,1,1,0.0,0.0,0,0,,
1197,1.197,0.03,0.0,1,1,0.0,0.0,0,0,,
1198,1.198,0.03,0.0,1,1,0.0,0.0,0,0,,
1199,1.199,0.03,0.0,1,1,0.0,0.0,0,0,,
1200,1.2,0.03,0.0,1,1,0.0,0.0,0,0,6.410437631470649,6.353303608712084
1201,1.201,0.03,0.0,1,1,0.0,0.0,0,0,,
1202,1.202,0.03,0.0,1,1,0.0,0.0,0,0,,
1203,1.203,0.03,0.0,1,1,0.0,0.0,0,0,,
1204,1.204,0.03,0.0,1,1,0.0,0.0,0,0,,
1205,1.205,0.03,0.0,1,1,0.0,0.0,0,0,,
1206,1.206,0.03,0.0,1,1,0.0,0.0,0,0,,
1207,1.207,0.03,0.0,1,1,0.0,0.0,0,0,,
1208,1.208,0.03,0.0,1,1,0.0,0.0,0,0,,
1209,1.209,0.03,0.0,1,1,0.0,0.0,0,0,,
1210,1.21,0.03,0.0,1,1,0.0,0.0,0,0,,
1211,1.211,0.03,0.0,1,1,0.0,0.0,0,0,,
1212,1.212,0.03,0.0,1,1,0.0,0.0,0,0,,
1213,1.213,0.03,0.0,1,1,0.0,0.0,0,0,,
1214,1.214,0.03,0.0,1,1,0.0,0.0,0,0,,
1215,1.215,0.03,0.0,1,1,0.0,0.0,0,0,,
1216,1.216,0.03,0.0,1,1,0.0,0.0,0,0,,
1217,1.217,0.03,0.0,1,1,0.0,0.0,0,0,,
1218,1.218,0.03,0.0,1,1,0.0,0.0,0,0,,
1219,1.219,0.03,0.0,1,1,0.0,0.0,0,0,,
1220,1.22,0.03,0.0,1,1,0.0,0.0,0,0,,
1221,1.221,0.03,0.0,1,1,0.0,0.0,0,0,,
1222,1.222,0.03,0.0,1,1,0.0,0.0,0,0,,
1223,1.223,0.03,0.0,1,1,0.0,0.0,0,0,,
1224,1.224,0.03,0.0,1,1,0.0,0.0,0,0,,
1225,1.225,0.03,0.0,1,1,0.0,0.0,0,0,,
1226,1.226,0.03,0.0,1,1,0.0,0.0,0,0,,
1227,1.227,0.03,0.0,1,1,0.0,0.0,0,0,,
1228,1.228,0.03,0.0,1,1,0.0,0.0,0,0,,
1229,1.229,0.03,0.0,1,1,0.0,0.0,0,0,,
1230,1.23,0.03,0.0,1,1,0.0,0.0,0,0,,
1231,1.231,0.03,0.0,1,1,0.0,0.0,0,0,,
1232,1.232,0.03,0.0,1,1,0.0,0.0,0,0,,
1233,1.233,0.03,0.0,1,1,0.0,0.0,0,0,,
1234,1.234,0.03,0.0,1,1,0.0,0.0,0,0,,
1235,1.235,0.03,0.0,1,1,0.0,0.0,0,0,,
1236,1.236,0.03,0.0,1,1,0.0,0.0,0,0,,
1237,1.237,0.03,0.0,1,1,0.0,0.0,0,0,,
1238,1.238,0.03,0.0,1,1,0.0,0.0,0,0,,
1239,1.239,0.03,0.0,1,1,0.0,0.0,0,0,,
1240,1.24,0.03,0.0,1,1,0.0,0.0,0,0,,
1241,1.241,0.03,0.0,1,1,0.0,0.0,0,0,,
1242,1.242,0.03,0.0,1,1,0.0,0.0,0,0,,
1243,1.243,0.03,0.0,1,1,0.0,0.0,0,0,,
1244,1.244,0.03,0.0,1,1,0.0,0.0,0,0,,
1245,1.245,0.03,0.0,1,1,0.0,0.0,0,0,,
1246,1.246,0.03,0.0,1,1,0.0,0.0,0,0,,
1247,1.247,0.03,0.0,1,1,0.0,0.0,0,0,,
1248,1.248,0.03,0.0,1,1,0.0,0.0,0,0,,
1249,1.249,0.03,0.0,1,1,0.0,0.0,0,0,,
1250,1.25,0.03,0.0,1,1,0.0,0.0,0,0,,
1251,1.2510000000000001,0.03,0.0,1,1,0.0,0.0,0,0,,
1252,1.252,0.03,0.0,1,1,0.0,0.0,0,0,,
1253,1.2530000000000001,0.03,0.0,1,1,0.0,0.0,0,0,,
1254,1.254,0.03,0.0,1,1,0.0,0.0,0,0,,
1255,1.2550000000000001,0.03,0.0,1,1,0.0,0.0,0,0,,
1256,1.256,0.03,0.0,1,1,0.0,0.0,0,0,,
1257,1.2570000000000001,0.03,0.0,1,1,0.0,0.0,0,0,,
1258,1.258,0.03,0.0,1,1,0.0,0.0,0,0,,
1259,1.2590000000000001,0.03,0.0,1,1,0.0,0.0,0,0,,
1260,1.26,0.03,0.0,1,1,0.0,0.0,0,0,,
1261,1.2610000000000001,0.03,0.0,1,1,0.0,0.0,0,0,,
1262,1.262,0.03,0.0,1,1,0.0,0.0,0,0,,
1263,1.2630000000000001,0.03,0.0,1,1,0.0,0.0,0,0,,
1264,1.264,0.03,0.0,1,1,0.0,0.0,0,0,,
1265,1.2650000000000001,0.03,0.0,1,1,0.0,0.0,0,0,,
1266,1.266,0.03,0.0,1,1,0.0,0.0,0,0,,
1267,1.2670000000000001,0.03,0.0,1,1,0.0,0.0,0,0,,
1268,1.268,0.03,0.0,1,1,0.0,0.0,0,0,,
1269,1.2690000000000001,0.03,0.0,1,1,0.0,0.0,0,0,,
1270,1.27,0.03,0.0,1,1,0.0,0.0,0,0,,
1271,1.2710000000000001,0.03,0.0,1,1,0.0,0.0,0,0,,
1272,1.272,0.03,0.0,1,1,0.0,0.0,0,0,,
1273,1.2730000000000001,0.03,0.0,1,1,0.0,0.0,0,0,,
1274,1.274,0.03,0.0,1,1,0.0,0.0,0,0,,
1275,1.2750000000000001,0.03,0.0,1,1,0.0,0.0,0,0,,
1276,1.276,0.03,0.0,1,1,0.0,0.0,0,0,,
1277,1.2770000000000001,0.03,0.0,1,1,0.0,0.0,0,0,,
1278,1.278,0.03,0.0,1,1,0.0,0.0,0,0,,
1279,1.2790000000000001,0.03,0.0,1,1,0.0,0.0,0,0,,
1280,1.28,0.03,0.0,1,1,0.0,0.0,0,0,,
1281,1.281,0.03,0.0,1,1,0.0,0.0,0,0,,
1282,1.282,0.03,0.0,1,1,0.0,0.0,0,0,,
1283,1.283,0.03,0.0,1,1,0.0,0.0,0,0,,
1284,1.284,0.03,0.0,1,1,0.0,0.0,0,0,,
1285,1.285,0.03,0.0,1,1,0.0,0.0,0,0,,
1286,1.286,0.03,0.0,1,1,0.0,0.0,0,0,,
1287,1.287,0.03,0.0,1,1,0.0,0.0,0,0,,
1288,1.288,0.03,0.0,1,1,0.0,0.0,0,0,,
1289,1.289,0.03,0.0,1,1,0.0,0.0,0,0,,
1290,1.29,0.03,0.0,1,1,0.0,0.0,0,0,,
1291,1.291,0.03,0.0,1,1,0.0,0.0,0,0,,
1292,1.292,0.03,0.0,1,1,0.0,0.0,0,0,,
1293,1.293,0.03,0.0,1,1,0.0,0.0,0,0,,
1294,1.294,0.03,0.0,1,1,0.0,0.0,0,0,,
1295,1.295,0.03,0.0,1,1,0.0,0.0,0,0,,
1296,1.296,0.03,0.0,1,1,0.0,0.0,0,0,,
1297,1.297,0.03,0.0,1,1,0.0,0.0,0,0,,
1298,1.298,0.03,0.0,1,1,0.0,0.0,0,0,,
1299,1.299,0.03,0.0,1,1,0.0,0.0,0,0,,
1300,1.3,0.0,0.0,0,1,0.0,0.0,0,0,5.206558761634356,6.354889787461896
1301,1.301,0.0,0.0,0,1,0.0,0.0,0,0,,
1302,1.302,0.0,0.0,0,1,0.0,0.0,0,0,,
1303,1.303,0.0,0.0,0,1,0.0,0.0,0,0,,
1304,1.304,0.0,0.0,0,1,0.0,0.0,0,0,,
1305,1.305,0.0,0.0,0,1,0.0,0.0,0,0,,
1306,1.306,0.0,0.0,0,1,0.0,0.0,0,0,,
1307,1.307,0.0,0.0,0,1,0.0,0.0,0,0,,
1308,1.308,0.0,0.0,0,1,0.0,0.0,0,0,,
1309,1.309,0.0,0.0,0,1,0.0,0.0,0,0,,
1310,1.31,0.0,0.0,0,1,0.0,0.0,0,0,,
1311,1.311,0.0,0.0,0,1,0.0,0.0,0,0,,
1312,1.312,0.0,0.0,0,1,0.0,0.0,0,0,,
1313,1.313,0.0,0.0,0,1,0.0,0.0,0,0,,
1314,1.314,0.0,0.0,0,1,0.0,0.0,0,0,,
1315,1.315,0.0,0.0,0,1,0.0,0.0,0,0,,
1316,1.316,0.0,0.0,0,1,0.0,0.0,0,0,,
1317,1.317,0.0,0.0,0,1,0.0,0.0,0,0,,
1318,1.318,0.0,0.0,0,1,0.0,0.0,0,0,,
1319,1.319,0.0,0.0,0,1,0.0,0.0,0,0,,
1320,1.32,0.0,0.0,0,1,0.0,0.0,0,0,,
1321,1.321,0.0,0.0,0,1,0.0,0.0,0,0,,
1322,1.322,0.0,0.0,0,1,0.0,0.0,0,0,,
1323,1.323,0.0,0.0,0,1,0.0,0.0,0,0,,
1324,1.324,0.0,0.0,0,1,0.0,0.0,0,0,,
1325,1.325,0.0,0.0,0,1,0.0,0.0,0,0,,
1326,1.326,0.0,0.0,0,1,0.0,0.0,0,0,,
1327,1.327,0.0,0.0,0,1,0.0,0.0,0,0,,
1328,1.328,0.0,0.0,0,1,0.0,0.0,0,0,,
1329,1.329,0.0,0.0,0,1,0.0,0.0,0,0,,
1330,1.33,0.0,0.0,0,1,0.0,0.0,0,0,,
1331,1.331,0.0,0.0,0,1,0.0,0.0,0,0,,
1332,1.332,0.0,0.0,0,1,0.0,0.0,0,0,,
1333,1.333,0.0,0.0,0,1,0.0,0.0,0,0,,
1334,1.334,0.0,0.0,0,1,0.0,0.0,0,0,,
1335,1.335,0.0,0.0,0,1,0.0,0.0,0,0,,
1336,1.336,0.0,0.0,0,1,0.0,0.0,0,0,,
1337,1.337,0.0,0.0,0,1,0.0,0.0,0,0,,
1338,1.338,0.0,0.0,0,1,0.0,0.0,0,0,,
1339,1.339,0.0,0.0,0,1,0.0,0.0,0,0,,
1340,1.34,0.0,0.0,0,1,0.0,0.0,0,0,,
1341,1.341,0.0,0.0,0,1,0.0,0.0,0,0,,
1342,1.342,0.0,0.0,0,1,0.0,0.0,0,0,,
1343,1.343,0.0,0.0,0,1,0.0,0.0,0,0,,
1344,1.344,0.0,0.0,0,1,0.0,0.0,0,0,,
1345,1.345,0.0,0.0,0,1,0.0,0.0,0,0,,
1346,1.346,0.0,0.0,0,1,0.0,0.0,0,0,,
1347,1.347,0.0,0.0,0,1,0.0,0.0,0,0,,
1348,1.348,0.0,0.0,0,1,0.0,0.0,0,0,,
1349,1.349,0.0,0.0,0,1,0.0,0.0,0,0,,
1350,1.35,0.0,0.0,0,1,0.0,0.0,0,0,,
1351,1.351,0.0,0.0,0,1,0.0,0.0,0,0,,
1352,1.352,0.0,0.0,0,1,0.0,0.0,0,0,,
1353,1.353,0.0,0.0,0,1,0.0,0.0,0,0,,
1354,1.354,0.0,0.0,0,1,0.0,0.0,0,0,,
1355,1.355,0.0,0.0,0,1,0.0,0.0,0,0,,
1356,1.356,0.0,0.0,0,1,0.0,0.0,0,0,,
1357,1.357,0.0,0.0,0,1,0.0,0.0,0,0,,
1358,1.358,0.0,0.0,0,1,0.0,0.0,0,0,,
1359,1.359,0.0,0.0,0,1,0.0,0.0,0,0,,
1360,1.36,0.0,0.0,0,1,0.0,0.0,0,0,,
1361,1.361,0.0,0.0,0,1,0.0,0.0,0,0,,
1362,1.362,0.0,0.0,0,1,0.0,0.0,0,0,,
1363,1.363,0.0,0.0,0,1,0.0,0.0,0,0,,
1364,1.364,0.0,0.0,0,1,0.0,0.0,0,0,,
1365,1.365,0.0,0.0,0,1,0.0,0.0,0,0,,
1366,1.366,0.0,0.0,0,1,0.0,0.0,0,0,,
1367,1.367,0.0,0.0,0,1,0.0,0.0,0,0,,
1368,1.368,0.0,0.0,0,1,0.0,0.0,0,0,,
1369,1.369,0.0,0.0,0,1,0.0,0.0,0,0,,
1370,1.37,0.0,0.0,0,1,0.0,0.0,0,0,,
1371,1.371,0.0,0.0,0,1,0.0,0.0,0,0,,
1372,1.372,0.0,0.0,0,1,0.0,0.0,0,0,,
1373,1.373,0.0,0.0,0,1,0.0,0.0,0,0,,
1374,1.374,0.0,0.0,0,1,0.0,0.0,0,0,,
1375,1.375,0.0,0.0,0,1,0.0,0.0,0,0,,
1376,1.3760000000000001,0.0,0.0,0,1,0.0,0.0,0,0,,
1377,1.377,0.0,0.0,0,1,0.0,0.0,0,0,,
1378,1.3780000000000001,0.0,0.0,0,1,0.0,0.0,0,0,,
1379,1.379,0.0,0.0,0,1,0.0,0.0,0,0,,
1380,1.3800000000000001,0.0,0.0,0,1,0.0,0.0,0,0,,
1381,1.381,0.0,0.0,0,1,0.0,0.0,0,0,,
1382,1.3820000000000001,0.0,0.0,0,1,0.0,0.0,0,0,,
1383,1.383,0.0,0.0,0,1,0.0,0.0,0,0,,
1384,1.3840000000000001,0.0,0.0,0,1,0.0,0.0,0,0,,
1385,1.385,0.0,0.0,0,1,0.0,0.0,0,0,,
1386,1.3860000000000001,0.0,0.0,0,1,0.0,0.0,0,0,,
1387,1.387,0.0,0.0,0,1,0.0,0.0,0,0,,
1388,1.3880000000000001,0.0,0.0,0,1,0.0,0.0,0,0,,
1389,1.389,0.0,0.0,0,1,0.0,0.0,0,0,,
1390,1.3900000000000001,0.0,0.0,0,1,0.0,0.0,0,0,,
1391,1.391,0.0,0.0,0,1,0.0,0.0,0,0,,
1392,1.3920000000000001,0.0,0.0,0,1,0.0,0.0,0,0,,
1393,1.393,0.0,0.0,0,1,0.0,0.0,0,0,,
1394,1.3940000000000001,0.0,0.0,0,1,0.0,0.0,0,0,,
1395,1.395,0.0,0.0,0,1,0.0,0.0,0,0,,
1396,1.3960000000000001,0.0,0.0,0,1,0.0,0.0,0,0,,
1397,1.397,0.0,0.0,0,1,0.0,0.0,0,0,,
1398,1.3980000000000001,0.0,0.0,0,1,0.0,0.0,0,0,,
1399,1.399,0.0,0.0,0,1,0.0,0.0,0,0,,
1400,1.4000000000000001,0.0,0.0,0,1,0.0,0.0,0,0,4.499405873242629,6.353679291246616
1401,1.401,0.0,0.0,0,1,0.0,0.0,0,0,,
1402,1.4020000000000001,0.0,0.0,0,1,0.0,0.0,0,0,,
1403,1.403,0.0,0.0,0,1,0.0,0.0,0,0,,
1404,1.4040000000000001,0.0,0.0,0,1,0.0,0.0,0,0,,
1405,1.405,0.0,0.0,0,1,0.0,0.0,0,0,,
1406,1.4060000000000001,0.0,0.0,0,1,0.0,0.0,0,0,,
1407,1.407,0.0,0.0,0,1,0.0,0.0,0,0,,
1408,1.408,0.0,0.0,0,1,0.0,0.0,0,0,,
1409,1.409,0.0,0.0,0,1,0.0,0.0,0,0,,
1410,1.41,0.0,0.0,0,1,0.0,0.0,0,0,,
1411,1.411,0.0,0.0,0,1,0.0,0.0,0,0,,
1412,1.412,0.0,0.0,0,1,0.0,0.0,0,0,,
1413,1.413,0.0,0.0,0,1,0.0,0.0,0,0,,
1414,1.414,0.0,0.0,0,1,0.0,0.0,0,0,,
1415,1.415,0.0,0.0,0,1,0.0,0.0,0,0,,
1416,1.416,0.0,0.0,0,1,0.0,0.0,0,0,,
1417,1.417,0.0,0.0,0,1,0.0,0.0,0,0,,
1418,1.418,0.0,0.0,0,1,0.0,0.0,0,0,,
1419,1.419,0.0,0.0,0,1,0.0,0.0,0,0,,
1420,1.42,0.0,0.0,0,1,0.0,0.0,0,0,,
1421,1.421,0.0,0.0,0,1,0.0,0.0,0,0,,
1422,1.422,0.0,0.0,0,1,0.0,0.0,0,0,,
1423,1.423,0.0,0.0,0,1,0.0,0.0,0,0,,
1424,1.424,0.0,0.0,0,1,0.0,0.0,0,0,,
1425,1.425,0.0,0.0,0,1,0.0,0.0,0,0,,
1426,1.426,0.0,0.0,0,1,0.0,0.0,0,0,,
1427,1.427,0.0,0.0,0,1,0.0,0.0,0,0,,
1428,1.428,0.0,0.0,0,1,0.0,0.0,0,0,,
1429,1.429,0.0,0.0,0,1,0.0,0.0,0,0,,
1430,1.43,0.0,0.0,0,1,0.0,0.0,0,0,,
1431,1.431,0.0,0.0,0,1,0.0,0.0,0,0,,
1432,1.432,0.0,0.0,0,1,0.0,0.0,0,0,,
1433,1.433,0.0,0.0,0,1,0.0,0.0,0,0,,
1434,1.434,0.0,0.0,0,1,0.0,0.0,0,0,,
1435,1.435,0.0,0.0,0,1,0.0,0.0,0,0,,
1436,1.436,0.0,0.0,0,1,0.0,0.0,0,0,,
1437,1.437,0.0,0.0,0,1,0.0,0.0,0,0,,
1438,1.438,0.0,0.0,0,1,0.0,0.0,0,0,,
1439,1.439,0.0,0.0,0,1,0.0,0.0,0,0,,
1440,1.44,0.0,0.0,0,1,0.0,0.0,0,0,,
1441,1.441,0.0,0.0,0,1,0.0,0.0,0,0,,
1442,1.442,0.0,0.0,0,1,0.0,0.0,0,0,,
1443,1.443,0.0,0.0,0,1,0.0,0.0,0,0,,
1444,1.444,0.0,0.0,0,1,0.0,0.0,0,0,,
1445,1.445,0.0,0.0,0,1,0.0,0.0,0,0,,
1446,1.446,0.0,0.0,0,1,0.0,0.0,0,0,,
1447,1.447,0.0,0.0,0,1,0.0,0.0,0,0,,
1448,1.448,0.0,0.0,0,1,0.0,0.0,0,0,,
1449,1.449,0.0,0.0,0,1,0.0,0.0,0,0,,
1450,1.45,0.0,0.0,0,1,0.0,0.0,0,0,,
1451,1.451,0.0,0.0,0,1,0.0,0.0,0,0,,
1452,1.452,0.0,0.0,0,1,0.0,0.0,0,0,,
1453,1.453,0.0,0.0,0,1,0.0,0.0,0,0,,
1454,1.454,0.0,0.0,0,1,0.0,0.0,0,0,,
1455,1.455,0.0,0.0,0,1,0.0,0.0,0,0,,
1456,1.456,0.0,0.0,0,1,0.0,0.0,0,0,,
1457,1.457,0.0,0.0,0,1,0.0,0.0,0,0,,
1458,1.458,0.0,0.0,0,1,0.0,0.0,0,0,,
1459,1.459,0.0,0.0,0,1,0.0,0.0,0,0,,
1460,1.46,0.0,0.0,0,1,0.0,0.0,0,0,,
1461,1.461,0.0,0.0,0,1,0.0,0.0,0,0,,
1462,1.462,0.0,0.0,0,1,0.0,0.0,0,0,,
1463,1.463,0.0,0.0,0,1,0.0,0.0,0,0,,
1464,1.464,0.0,0.0,0,1,0.0,0.0,0,0,,
1465,1.465,0.0,0.0,0,1,0.0,0.0,0,0,,
1466,1.466,0.0,0.0,0,1,0.0,0.0,0,0,,
1467,1.467,0.0,0.0,0,1,0.0,0.0,0,0,,
1468,1.468,0.0,0.0,0,1,0.0,0.0,0,0,,
1469,1.469,0.0,0.0,0,1,0.0,0.0,0,0,,
1470,1.47,0.0,0.0,0,1,0.0,0.0,0,0,,
1471,1.471,0.0,0.0,0,1,0.0,0.0,0,0,,
1472,1.472,0.0,0.0,0,1,0.0,0.0,0,0,,
1473,1.473,0.0,0.0,0,1,0.0,0.0,0,0,,
1474,1.474,0.0,0.0,0,1,0.0,0.0,0,0,,
1475,1.475,0.0,0.0,0,1,0.0,0.0,0,0,,
1476,1.476,0.0,0.0,0,1,0.0,0.0,0,0,,
1477,1.477,0.0,0.0,0,1,0.0,0.0,0,0,,
1478,1.478,0.0,0.0,0,1,0.0,0.0,0,0,,
1479,1.479,0.0,0.0,0,1,0.0,0.0,0,0,,
1480,1.48,0.0,0.0,0,1,0.0,0.0,0,0,,
1481,1.481,0.0,0.0,0,1,0.0,0.0,0,0,,
1482,1.482,0.0,0.0,0,1,0.0,0.0,0,0,,
1483,1.483,0.0,0.0,0,1,0.0,0.0,0,0,,
1484,1.484,0.0,0.0,0,1,0.0,0.0,0,0,,
1485,1.485,0.0,0.0,0,1,0.0,0.0,0,0,,
1486,1.486,0.0,0.0,0,1,0.0,0.0,0,0,,
1487,1.487,0.0,0.0,0,1,0.0,0.0,0,0,,
1488,1.488,0.0,0.0,0,1,0.0,0.0,0,0,,
1489,1.489,0.0,0.0,0,1,0.0,0.0,0,0,,
1490,1.49,0.0,0.0,0,1,0.0,0.0,0,0,,
1491,1.491,0.0,0.0,0,1,0.0,0.0,0,0,,
1492,1.492,0.0,0.0,0,1,0.0,0.0,0,0,,
1493,1.493,0.0,0.0,0,1,0.0,0.0,0,0,,
1494,1.494,0.0,0.0,0,1,0.0,0.0,0,0,,
1495,1.495,0.0,0.0,0,1,0.0,0.0,0,0,,
1496,1.496,0.0,0.0,0,1,0.0,0.0,0,0,,
1497,1.497,0.0,0.0,0,1,0.0,0.0,0,0,,
1498,1.498,0.0,0.0,0,1,0.0,0.0,0,0,,
1499,1.499,0.0,0.0,0,1,0.0,0.0,0,0,,
1500,1.5,0.0,0.0,0,1,0.0,0.0,0,0,4.509412554822042,6.352816410408238
1501,1.5010000000000001,0.0,0.0,0,1,0.0,0.0,0,0,,
1502,1.502,0.0,0.0,0,1,0.0,0.0,0,0,,
1503,1.5030000000000001,0.0,0.0,0,1,0.0,0.0,0,0,,
1504,1.504,0.0,0.0,0,1,0.0,0.0,0,0,,
1505,1.5050000000000001,0.0,0.0,0,1,0.0,0.0,0,0,,
1506,1.506,0.0,0.0,0,1,0.0,0.0,0,0,,
1507,1.5070000000000001,0.0,0.0,0,1,0.0,0.0,0,0,,
1508,1.508,0.0,0.0,0,1,0.0,0.0,0,0,,
1509,1.5090000000000001,0.0,0.0,0,1,0.0,0.0,0,0,,
1510,1.51,0.0,0.0,0,1,0.0,0.0,0,0,,
1511,1.5110000000000001,0.0,0.0,0,1,0.0,0.0,0,0,,
1512,1.512,0.0,0.0,0,1,0.0,0.0,0,0,,
1513,1.5130000000000001,0.0,0.0,0,1,0.0,0.0,0,0,,
1514,1.514,0.0,0.0,0,1,0.0,0.0,0,0,,
1515,1.5150000000000001,0.0,0.0,0,1,0.0,0.0,0,0,,
1516,1.516,0.0,0.0,0,1,0.0,0.0,0,0,,
1517,1.5170000000000001,0.0,0.0,0,1,0.0,0.0,0,0,,
1518,1.518,0.0,0.0,0,1,0.0,0.0,0,0,,
1519,1.5190000000000001,0.0,0.0,0,1,0.0,0.0,0,0,,
1520,1.52,0.0,0.0,0,1,0.0,0.0,0,0,,
1521,1.5210000000000001,0.0,0.0,0,1,0.0,0.0,0,0,,
1522,1.522,0.0,0.0,0,1,0.0,0.0,0,0,,
1523,1.5230000000000001,0.0,0.0,0,1,0.0,0.0,0,0,,
1524,1.524,0.0,0.0,0,1,0.0,0.0,0,0,,
1525,1.5250000000000001,0.0,0.0,0,1,0.0,0.0,0,0,,
1526,1.526,0.0,0.0,0,1,0.0,0.0,0,0,,
1527,1.5270000000000001,0.0,0.0,0,1,0.0,0.0,0,0,,
1528,1.528,0.0,0.0,0,1,0.0,0.0,0,0,,
1529,1.5290000000000001,0.0,0.0,0,1,0.0,0.0,0,0,,
1530,1.53,0.0,0.0,0,1,0.0,0.0,0,0,,
1531,1.5310000000000001,0.0,0.0,0,1,0.0,0.0,0,0,,
1532,1.532,0.0,0.0,0,1,0.0,0.0,0,0,,
1533,1.5330000000000001,0.0,0.0,0,1,0.0,0.0,0,0,,
1534,1.534,0.0,0.0,0,1,0.0,0.0,0,0,,
1535,1.5350000000000001,0.0,0.0,0,1,0.0,0.0,0,0,,
1536,1.536,0.0,0.0,0,1,0.0,0.0,0,0,,
1537,1.537,0.0,0.0,0,1,0.0,0.0,0,0,,
1538,1.538,0.0,0.0,0,1,0.0,0.0,0,0,,
1539,1.539,0.0,0.0,0,1,0.0,0.0,0,0,,
1540,1.54,0.0,0.0,0,1,0.0,0.0,0,0,,
1541,1.541,0.0,0.0,0,1,0.0,0.0,0,0,,
1542,1.542,0.0,0.0,0,1,0.0,0.0,0,0,,
1543,1.543,0.0,0.0,0,1,0.0,0.0,0,0,,
1544,1.544,0.0,0.0,0,1,0.0,0.0,0,0,,
1545,1.545,0.0,0.0,0,1,0.0,0.0,0,0,,
1546,1.546,0.0,0.0,0,1,0.0,0.0,0,0,,
1547,1.547,0.0,0.0,0,1,0.0,0.0,0,0,,
1548,1.548,0.0,0.0,0,1,0.0,0.0,0,0,,
1549,1.549,0.0,0.0,0,1,0.0,0.0,0,0,,
1550,1.55,0.0,0.0,0,1,0.0,0.0,0,0,,
1551,1.551,0.0,0.0,0,1,0.0,0.0,0,0,,
1552,1.552,0.0,0.0,0,1,0.0,0.0,0,0,,
1553,1.553,0.0,0.0,0,1,0.0,0.0,0,0,,
1554,1.554,0.0,0.0,0,1,0.0,0.0,0,0,,
1555,1.555,0.0,0.0,0,1,0.0,0.0,0,0,,
1556,1.556,0.0,0.0,0,1,0.0,0.0,0,0,,
1557,1.557,0.0,0.0,0,1,0.0,0.0,0,0,,
1558,1.558,0.0,0.0,0,1,0.0,0.0,0,0,,
1559,1.559,0.0,0.0,0,1,0.0,0.0,0,0,,
1560,1.56,0.0,0.0,0,1,0.0,0.0,0,0,,
1561,1.561,0.0,0.0,0,1,0.0,0.0,0,0,,
1562,1.562,0.0,1.0,0,1,0.0,0.0,0,0,,
1563,1.563,0.0,0.951229424500714,0,1,0.0,0.0,0,0,,
1564,1.564,0.0,0.9048374180359596,0,1,0.0,0.0,0,0,,
1565,1.565,0.0,0.8607079764250579,0,1,0.0,0.0,0,0,,
1566,1.566,0.0,0.8187307530779819,0,1,0.0,0.0,0,0,,
1567,1.567,0.0,0.778800783071405,0,1,0.0,0.0,0,0,,
1568,1.568,0.0,0.740818220681718,0,1,0.0,0.0,0,0,,
1569,1.569,0.0,0.7046880897187136,0,1,0.0,0.0,0,0,,
1570,1.57,0.0,0.6703200460356394,0,1,0.0,0.0,0,0,,
1571,1.571,0.0,0.6376281516217734,0,1,0.0,0.0,0,0,,
1572,1.572,0.0,0.6065306597126335,0,1,0.0,0.0,0,0,,
1573,1.573,0.0,0.5769498103804868,0,1,0.0,0.0,0,0,,
1574,1.574,0.0,0.5488116360940265,0,1,0.0,0.0,0,0,,
1575,1.575,0.0,0.5220457767610162,0,1,0.0,0.0,0,0,,
1576,1.576,0.0,0.49658530379140964,0,1,0.0,0.0,0,0,,
1577,1.577,0.0,0.4723665527410148,0,1,0.0,0.0,0,0,,
1578,1.578,0.0,0.4493289641172217,0,1,0.0,0.0,0,0,,
1579,1.579,0.0,0.42741493194872676,0,1,0.0,0.0,0,0,,
1580,1.58,0.0,0.4065696597405992,0,1,0.0,0.0,0,0,,
1581,1.581,0.0,0.3867410234545013,0,1,0.0,0.0,0,0,,
1582,1.582,0.0,0.3678794411714424,0,1,0.0,0.0,0,0,,
1583,1.583,0.0,0.34993774911115544,0,1,0.0,0.0,0,0,,
1584,1.584,0.0,0.33287108369807966,0,1,0.0,0.0,0,0,,
1585,1.585,0.0,0.31663676937905333,0,1,0.0,0.0,0,0,,
1586,1.586,0.0,0.3011942119122022,0,1,0.0,0.0,0,0,,
1587,1.587,0.0,0.2865047968601902,0,1,0.0,0.0,0,0,,
1588,1.588,0.0,0.2725317930340127,0,1,0.0,0.0,0,0,,
1589,1.589,0.0,0.2592402606458916,0,1,0.0,0.0,0,0,,
1590,1.59,0.0,0.24659696394160657,0,1,0.0,0.0,0,0,,
1591,1.591,0.0,0.23457028809379774,0,1,0.0,0.0,0,0,,
1592,1.592,0.0,0.2231301601484299,0,1,0.0,0.0,0,0,,
1593,1.593,0.0,0.21224797382674312,0,1,0.0,0.0,0,0,,
1594,1.594,0.0,0.20189651799465547,0,1,0.0,0.0,0,0,,
1595,1.595,0.0,0.19204990862075416,0,1,0.0,0.0,0,0,,
1596,1.596,0.0,0.1826835240527347,0,1,0.0,0.0,0,0,,
1597,1.597,0.0,0.17377394345044517,0,1,0.0,0.0,0,0,,
1598,1.598,0.0,0.1652988882215866,0,1,0.0,0.0,0,0,,
1599,1.599,0.0,0.15723716631362766,0,1,0.0,0.0,0,0,,
1600,1.6,0.0,0.1495686192226351,0,1,0.03,0.0,1,1,4.608502366455298,6.347351840174799
1601,1.601,0.0,0.14227407158651362,0,1,0.03,0.0,1,1,,
1602,1.602,0.0,0.13533528323661273,0,1,0.03,0.0,1,1,,
1603,1.603,0.0,0.12873490358780426,0,1,0.03,0.0,1,1,,
1604,1.604,0.0,0.12245642825298195,0,1,0.03,0.0,1,1,,
1605,1.605,0.0,0.116484157773497,0,1,0.03,0.0,1,1,,
1606,1.606,0.0,0.11080315836233391,0,1,0.03,0.0,1,1,,
1607,1.607,0.0,0.10539922456186436,0,1,0.03,0.0,1,1,,
1608,1.608,0.0,0.10025884372280376,0,1,0.03,0.0,1,1,,
1609,1.609,0.0,0.09536916221554964,0,1,0.03,0.0,1,1,,
1610,1.61,0.0,0.09071795328941253,0,1,0.03,0.0,1,1,,
1611,1.611,0.0,0.08629358649937054,0,1,0.03,0.0,1,1,,
1612,1.612,0.0,0.08208499862389881,0,1,0.03,0.0,1,1,,
1613,1.613,0.0,0.07808166600115317,0,1,0.03,0.0,1,1,,
1614,1.614,0.0,0.07427357821433389,0,1,0.03,0.0,1,1,,
1615,1.615,0.0,0.0706512130604296,0,1,0.03,0.0,1,1,,
1616,1.616,0.0,0.06720551273974977,0,1,0.03,0.0,1,1,,
1617,1.617,0.0,0.06392786120670758,0,1,0.03,0.0,1,1,,
1618,1.618,0.0,0.06081006262521798,0,1,0.03,0.0,1,1,,
1619,1.619,0.0,0.05784432087483848,0,1,0.03,0.0,1,1,,
1620,1.62,0.0,0.055023220056407245,0,1,0.03,0.0,1,1,,
1621,1.621,0.0,0.05233970594843241,0,1,0.03,0.0,1,1,,
1622,1.622,0.0,0.04978706836786396,0,1,0.03,0.0,1,1,,
1623,1.623,0.0,0.047358924391140936,0,1,0.03,0.0,1,1,,
1624,1.624,0.0,0.04504920239355782,0,1,0.03,0.0,1,1,,
1625,1.625,0.0,0.042852126867040194,0,1,0.03,0.0,1,1,,
1626,1.6260000000000001,0.0,0.04076220397836623,0,1,0.03,0.0,1,1,,
1627,1.627,0.0,0.03877420783172203,0,1,0.03,0.0,1,1,,
1628,1.6280000000000001,0.0,0.03688316740124002,0,1,0.03,0.0,1,1,,
1629,1.629,0.0,0.03508435410084504,0,1,0.03,0.0,1,1,,
1630,1.6300000000000001,0.0,0.033373269960326093,0,1,0.03,0.0,1,1,,
1631,1.631,0.0,0.03174563637806796,0,1,0.03,0.0,1,1,,
1632,1.6320000000000001,0.0,0.030197383422318518,0,1,0.03,0.0,1,1,,
1633,1.633,0.0,0.028724639654239447,0,1,0.03,0.0,1,1,,
1634,1.6340000000000001,0.0,0.02732372244729258,0,1,0.03,0.0,1,1,,
1635,1.635,0.0,0.02599112877875536,0,1,0.03,0.0,1,1,,
1636,1.6360000000000001,0.0,0.02472352647033941,0,1,0.03,0.0,1,1,,
1637,1.637,0.0,0.023517745856009124,0,1,0.03,0.0,1,1,,
1638,1.6380000000000001,0.0,0.02237077185616561,0,1,0.03,0.0,1,1,,
1639,1.639,0.0,0.021279736438377186,0,1,0.03,0.0,1,1,,
1640,1.6400000000000001,0.0,0.020241911445804405,0,1,0.03,0.0,1,1,,
1641,1.641,0.0,0.01925470177538694,0,1,0.03,0.0,1,1,,
1642,1.6420000000000001,0.0,0.018315638888734196,0,1,0.03,0.0,1,1,,
1643,1.643,0.0,0.017422374639493525,0,1,0.03,0.0,1,1,,
1644,1.6440000000000001,0.0,0.01657267540176126,0,1,0.03,0.0,1,1,,
1645,1.645,0.0,0.015764416484854504,0,1,0.03,0.0,1,1,,
1646,1.6460000000000001,0.0,0.014995576820477719,0,1,0.03,0.0,1,1,,
1647,1.647,0.0,0.014264233908999268,0,1,0.03,0.0,1,1,,
1648,1.6480000000000001,0.0,0.013568559012200944,0,1,0.03,0.0,1,1,,
1649,1.649,0.0,0.012906812580479881,0,1,0.03,0.0,1,1,,
1650,1.6500000000000001,0.0,0.012277339903068453,0,1,0.03,0.0,1,1,,
1651,1.651,0.0,0.011678566970395456,0,1,0.03,0.0,1,1,,
1652,1.6520000000000001,0.0,0.011108996538242316,0,1,0.03,0.0,1,1,,
1653,1.653,0.0,0.010567204383852663,0,1,0.03,0.0,1,1,,
1654,1.6540000000000001,0.0,0.010051835744633591,0,1,0.03,0.0,1,1,,
1655,1.655,0.0,0.009561601930543517,0,1,0.03,0.0,1,1,,
1656,1.6560000000000001,0.0,0.009095277101695826,0,1,0.03,0.0,1,1,,
1657,1.657,0.0,0.008651695203120643,0,1,0.03,0.0,1,1,,
1658,1.6580000000000001,0.0,0.008229747049020037,0,1,0.03,0.0,1,1,,
1659,1.659,0.0,0.007828377549225779,0,1,0.03,0.0,1,1,,
1660,1.6600000000000001,0.0,0.007446583070924348,0,1,0.03,0.0,1,1,,
1661,1.661,0.0,0.007083408929052127,0,1,0.03,0.0,1,1,,
1662,1.6620000000000001,0.0,0.006737946999085474,0,1,0.03,0.0,1,1,,
1663,1.663,0.0,0.006409333446256388,0,1,0.03,0.0,1,1,,
1664,1.6640000000000001,0.0,0.006096746565515642,0,1,0.03,0.0,1,1,,
1665,1.665,0.0,0.005799404726842149,0,1,0.03,0.0,1,1,,
1666,1.666,0.0,0.0055165644207607785,0,1,0.03,0.0,1,1,,
1667,1.667,0.0,0.00524751839918139,0,1,0.03,0.0,1,1,,
1668,1.668,0.0,0.004991593906910221,0,1,0.03,0.0,1,1,,
1669,1.669,0.0,0.00474815099941148,0,1,0.03,0.0,1,1,,
1670,1.67,0.0,0.004516580942612672,0,1,0.03,0.0,1,1,,
1671,1.671,0.0,0.004296304690752344,0,1,0.03,0.0,1,1,,
1672,1.672,0.0,0.00408677143846407,0,1,0.03,0.0,1,1,,
1673,1.673,0.0,0.0038874572434761325,0,1,0.03,0.0,1,1,,
1674,1.674,0.0,0.0036978637164829338,0,1,0.03,0.0,1,1,,
1675,1.675,0.0,0.0035175167749121328,0,1,0.03,0.0,1,1,,
1676,1.676,0.0,0.0033459654574712755,0,1,0.03,0.0,1,1,,
1677,1.677,0.0,0.0031827807965096695,0,1,0.03,0.0,1,1,,
1678,1.678,0.0,0.003027554745375817,0,1,0.03,0.0,1,1,,
1679,1.679,0.0,0.0028798991580882443,0,1,0.03,0.0,1,1,,
1680,1.68,0.0,0.0027394448187683714,0,1,0.03,0.0,1,1,,
1681,1.681,0.0,0.002605840518408501,0,1,0.03,0.0,1,1,,
1682,1.682,0.0,0.0024787521766663607,0,1,0.03,0.0,1,1,,
1683,1.683,0.0,0.0023578620064902346,0,1,0.03,0.0,1,1,,
1684,1.684,0.0,0.0022428677194858047,0,1,0.03,0.0,1,1,,
1685,1.685,0.0,0.0021334817700377107,0,1,0.03,0.0,1,1,,
1686,1.686,0.0,0.002029430636295736,0,1,0.03,0.0,1,1,,
1687,1.687,0.0,0.001930454136227711,0,1,0.03,0.0,1,1,,
1688,1.688,0.0,0.0018363047770289086,0,1,0.03,0.0,1,1,,
1689,1.689,0.0,0.0017467471362611208,0,1,0.03,0.0,1,1,,
1690,1.69,0.0,0.001661557273173936,0,1,0.03,0.0,1,1,,
1691,1.691,0.0,0.0015805221687362188,0,1,0.03,0.0,1,1,,
1692,1.692,0.0,0.0015034391929775739,0,1,0.03,0.0,1,1,,
1693,1.693,0.0,0.0014301155983078755,0,1,0.03,0.0,1,1,,
1694,1.694,0.0,0.0013603680375478947,0,1,0.03,0.0,1,1,,
1695,1.695,0.0,0.0012940221054658495,0,1,0.03,0.0,1,1,,
1696,1.696,0.0,0.0012309119026734823,0,1,0.03,0.0,1,1,,
1697,1.697,0.0,0.0011708796207911755,0,1,0.03,0.0,1,1,,
1698,1.698,0.0,0.0011137751478448041,0,1,0.03,0.0,1,1,,
1699,1.699,0.0,0.0010594556929076108,0,1,0.03,0.0,1,1,,
1700,1.7,0.0,0.0010077854290485118,0,1,0.03,0.0,1,1,5.434294035748292,6.394326195744555
1701,1.701,0.0,0.0009586351536940209,0,1,0.03,0.0,1,1,,
1702,1.702,0.0,0.0009118819655545171,0,1,0.03,0.0,1,1,,
1703,1.703,0.0,0.0008674089573070033,0,1,0.03,0.0,1,1,,
1704,1.704,0.0,0.0008251049232659051,0,1,0.03,0.0,1,1,,
1705,1.705,0.0,0.0007848640813109327,0,1,0.03,0.0,1,1,,
1706,1.706,0.0,0.0007465858083766802,0,1,0.03,0.0,1,1,,
1707,1.707,0.0,0.0007101743888425498,0,1,0.03,0.0,1,1,,
1708,1.708,0.0,0.0006755387751938449,0,1,0.03,0.0,1,1,,
1709,1.709,0.0,0.0006425923603555583,0,1,0.03,0.0,1,1,,
1710,1.71,0.0,0.0006112527611295732,0,1,0.03,0.0,1,1,,
1711,1.711,0.0,0.0005814416121937563,0,1,0.03,0.0,1,1,,
1712,1.712,0.0,0.0005530843701478342,0,1,0.03,0.0,1,1,,
1713,1.713,0.0,0.0005261101271160642,0,1,0.03,0.0,1,1,,
1714,1.714,0.0,0.0005004514334406113,0,1,0.03,0.0,1,1,,
1715,1.715,0.0,0.00047604412902227004,0,1,0.03,0.0,1,1,,
1716,1.716,0.0,0.0004528271828867976,0,1,0.03,0.0,1,1,,
1717,1.717,0.0,0.00043074254057568807,0,1,0.03,0.0,1,1,,
1718,1.718,0.0,0.00040973497897978724,0,1,0.03,0.0,1,1,,
1719,1.719,0.0,0.0003897519682527552,0,1,0.03,0.0,1,1,,
1720,1.72,0.0,0.00037074354045908887,0,1,0.03,0.0,1,1,,
1721,1.721,0.0,0.0003526621646282563,0,1,0.03,0.0,1,1,,
1722,1.722,0.0,0.0003354626279025123,0,1,0.03,0.0,1,1,,
1723,1.723,0.0,0.0003191019224812039,0,1,0.03,0.0,1,1,,
1724,1.724,0.0,0.00030353913807886705,0,1,0.03,0.0,1,1,,
1725,1.725,0.0,0.00028873535962820344,0,1,0.03,0.0,1,1,,
1726,1.726,0.0,0.00027465356997214265,0,1,0.03,0.0,1,1,,
1727,1.727,0.0,0.0002612585573016678,0,1,0.03,0.0,1,1,,
1728,1.728,0.0,0.0002485168271079523,0,1,0.03,0.0,1,1,,
1729,1.729,0.0,0.00023639651842864088,0,1,0.03,0.0,1,1,,
1730,1.73,0.0,0.0002248673241788485,0,1,0.03,0.0,1,1,,
1731,1.731,0.0,0.00021390041536766154,0,1,0.03,0.0,1,1,,
1732,1.732,0.0,0.00020346836901064436,0,1,0.03,0.0,1,1,,
1733,1.733,0.0,0.00019354509955809415,0,1,0.03,0.0,1,1,,
1734,1.734,0.0,0.0001841057936675793,0,1,0.03,0.0,1,1,,
1735,1.735,0.0,0.00017512684815765867,0,1,0.03,0.0,1,1,,
1736,1.736,0.0,0.0001665858109876336,0,1,0.03,0.0,1,1,,
1737,1.737,0.0,0.00015846132511575142,0,1,0.03,0.0,1,1,,
1738,1.738,0.0,0.00015073307509547677,0,1,0.03,0.0,1,1,,
1739,1.739,0.0,0.00014338173627629329,0,1,0.03,0.0,1,1,,
1740,1.74,0.0,0.00013638892648201162,0,1,0.03,0.0,1,1,,
1741,1.741,0.0,0.0001297371600457541,0,1,0.03,0.0,1,1,,
1742,1.742,0.0,0.0001234098040866797,0,1,0.03,0.0,1,1,,
1743,1.743,0.0,0.0001173910369191182,0,1,0.03,0.0,1,1,,
1744,1.744,0.0,0.00011166580849011487,0,1,0.03,0.0,1,1,,
1745,1.745,0.0,0.00010621980274645891,0,1,0.03,0.0,1,1,,
1746,1.746,0.0,0.00010103940183709347,0,1,0.03,0.0,1,1,,
1747,1.747,0.0,9.611165206139482e-05,0,1,0.03,0.0,1,1,,
1748,1.748,0.0,9.142423147817346e-05,0,1,0.03,0.0,1,1,,
1749,1.749,0.0,8.6965419094403e-05,0,1,0.03,0.0,1,1,,
1750,1.75,0.0,8.272406555663236e-05,0,1,0.03,0.0,1,1,,
1751,1.7510000000000001,0.0,7.868956527179474e-05,0,1,0.03,0.0,1,1,,
1752,1.752,0.0,7.485182988770068e-05,0,1,0.03,0.0,1,1,,
1753,1.7530000000000001,0.0,7.120126306690287e-05,0,1,0.03,0.0,1,1,,
1754,1.754,0.0,6.772873649085395e-05,0,1,0.03,0.0,1,1,,
1755,1.7550000000000001,0.0,6.442556703435551e-05,0,1,0.03,0.0,1,1,,
1756,1.756,0.0,6.128349505322216e-05,0,1,0.03,0.0,1,1,,
1757,1.7570000000000001,0.0,5.829466373086887e-05,0,1,0.03,0.0,1,1,,
1758,1.758,0.0,5.545159943217704e-05,0,1,0.03,0.0,1,1,,
1759,1.7590000000000001,0.0,5.2747193015513886e-05,0,1,0.03,0.0,1,1,,
1760,1.76,0.0,5.017468205617536e-05,0,1,0.03,0.0,1,1,,
1761,1.7610000000000001,0.0,4.7727633936801984e-05,0,1,0.03,0.0,1,1,,
1762,1.762,0.0,4.53999297624849e-05,0,1,0.03,0.0,1,1,,
1763,1.7630000000000001,0.0,4.318574906034135e-05,0,1,0.03,0.0,1,1,,
1764,1.764,0.0,4.107955522530075e-05,0,1,0.03,0.0,1,1,,
1765,1.7650000000000001,0.0,3.907608167570813e-05,0,1,0.03,0.0,1,1,,
1766,1.766,0.0,3.717031868412674e-05,0,1,0.03,0.0,1,1,,
1767,1.7670000000000001,0.0,3.5357500850410015e-05,0,1,0.03,0.0,1,1,,
1768,1.768,0.0,3.363309518571902e-05,0,1,0.03,0.0,1,1,,
1769,1.7690000000000001,0.0,3.199278977768924e-05,0,1,0.03,0.0,1,1,,
1770,1.77,0.0,3.0432483008403662e-05,0,1,0.03,0.0,1,1,,
1771,1.7710000000000001,0.0,2.8948273298211574e-05,0,1,0.03,0.0,1,1,,
1772,1.772,0.0,2.7536449349747182e-05,0,1,0.03,0.0,1,1,,
1773,1.7730000000000001,0.0,2.6193480867753072e-05,0,1,0.03,0.0,1,1,,
1774,1.774,0.0,2.4916009731503218e-05,0,1,0.03,0.0,1,1,,
1775,1.7750000000000001,0.0,2.3700841597751995e-05,0,1,0.03,0.0,1,1,,
1776,1.776,0.0,2.2544937913212214e-05,0,1,0.03,0.0,1,1,,
1777,1.7770000000000001,0.0,2.1445408316589184e-05,0,1,0.03,0.0,1,1,,
1778,1.778,0.0,2.0399503411171956e-05,0,1,0.03,0.0,1,1,,
1779,1.7790000000000001,0.0,1.9404607889909453e-05,0,1,0.03,0.0,1,1,,
1780,1.78,0.0,1.8458233995780585e-05,0,1,0.03,0.0,1,1,,
1781,1.7810000000000001,0.0,1.7558015301105882e-05,0,1,0.03,0.0,1,1,,
1782,1.782,0.0,1.670170079024568e-05,0,1,0.03,0.0,1,1,,
1783,1.7830000000000001,0.0,1.588714923088852e-05,0,1,0.03,0.0,1,1,,
1784,1.784,0.0,1.5112323819855049e-05,0,1,0.03,0.0,1,1,,
1785,1.7850000000000001,0.0,1.437528709002915e-05,0,1,0.03,0.0,1,1,,
1786,1.786,0.0,1.3674196065680972e-05,0,1,0.03,0.0,1,1,,
1787,1.7870000000000001,0.0,1.3007297654067639e-05,0,1,0.03,0.0,1,1,,
1788,1.788,0.0,1.2372924261788248e-05,0,1,0.03,0.0,1,1,,
1789,1.7890000000000001,0.0,1.1769489624931757e-05,0,1,0.03,0.0,1,1,,
1790,1.79,0.0,1.119548484259096e-05,0,1,0.03,0.0,1,1,,
1791,1.7910000000000001,0.0,1.0649474603824266e-05,0,1,0.03,0.0,1,1,,
1792,1.792,0.0,1.0130093598630726e-05,0,1,0.03,0.0,1,1,,
1793,1.793,0.0,9.636043103963872e-06,0,1,0.03,0.0,1,1,,
1794,1.794,0.0,9.166087736247627e-06,0,1,0.03,0.0,1,1,,
1795,1.795,0.0,8.719052362273884e-06,0,1,0.03,0.0,1,1,,
1796,1.796,0.0,8.293819160757377e-06,0,1,0.03,0.0,1,1,,
1797,1.797,0.0,7.889324827200235e-06,0,1,0.03,0.0,1,1,,
1798,1.798,0.0,7.504557915076874e-06,0,1,0.03,0.0,1,1,,
1799,1.799,0.0,7.138556306690853e-06,0,1,0.03,0.0,1,1,,
1800,1.8,0.0,6.790404807379483e-06,0,1,0.03,0.0,1,1,5.468824441161208,6.694782353733217
1801,1.801,0.0,6.459232857050467e-06,0,1,0.03,0.0,1,1,,
1802,1.802,0.0,6.144212353328218e-06,0,1,0.03,0.0,1,1,,
1803,1.803,0.0,5.844555580866579e-06,0,1,0.03,0.0,1,1,,
1804,1.804,0.0,5.559513241650153e-06,0,1,0.03,0.0,1,1,,
1805,1.805,0.0,5.288372581358974e-06,0,1,0.03,0.0,1,1,,
1806,1.806,0.0,5.030455607111452e-06,0,1,0.03,0.0,1,1,,
1807,1.807,0.0,4.785117392129016e-06,0,1,0.03,0.0,1,1,,
1808,1.808,0.0,4.551744463083241e-06,0,1,0.03,0.0,1,1,,
1809,1.809,0.0,4.329753266092983e-06,0,1,0.03,0.0,1,1,,
1810,1.81,0.0,4.118588707535715e-06,0,1,0.03,0.0,1,1,,
1811,1.811,0.0,3.917722766024337e-06,0,1,0.03,0.0,1,1,,
1812,1.812,0.0,3.726653172078676e-06,0,1,0.03,0.0,1,1,,
1813,1.813,0.0,3.5449021521901592e-06,0,1,0.03,0.0,1,1,,
1814,1.814,0.0,3.3720152341391875e-06,0,1,0.03,0.0,1,1,,
1815,1.815,0.0,3.2075601105778598e-06,0,1,0.03,0.0,1,1,,
1816,1.816,0.0,3.051125558036424e-06,0,1,0.03,0.0,1,1,,
1817,1.817,0.0,2.902320408650408e-06,0,1,0.03,0.0,1,1,,
1818,1.818,0.0,2.7607725720372046e-06,0,1,0.03,0.0,1,1,,
1819,1.819,0.0,2.626128104876306e-06,0,1,0.03,0.0,1,1,,
1820,1.82,0.0,2.498050325866639e-06,0,1,0.03,0.0,1,1,,
1821,1.821,0.0,2.3762189738479443e-06,0,1,0.03,0.0,1,1,,
1822,1.822,0.0,2.260329406981057e-06,0,1,0.03,0.0,1,1,,
1823,1.823,0.0,2.1500918409846313e-06,0,1,0.03,0.0,1,1,,
1824,1.824,0.0,2.0452306245234914e-06,0,1,0.03,0.0,1,1,,
1825,1.825,0.0,1.9454835499367166e-06,0,1,0.03,0.0,1,1,,
1826,1.826,0.0,1.850601197581909e-06,0,1,0.03,0.0,1,1,,
1827,1.827,0.0,1.7603463121561715e-06,0,1,0.03,0.0,1,1,,
1828,1.828,0.0,1.6744932094342692e-06,0,1,0.03,0.0,1,1,,
1829,1.829,0.0,1.5928272119405136e-06,0,1,0.03,0.0,1,1,,
1830,1.83,0.0,1.5151441121432515e-06,0,1,0.03,0.0,1,1,,
1831,1.831,0.0,1.4412496618296704e-06,0,1,0.03,0.0,1,1,,
1832,1.832,0.0,1.370959086384086e-06,0,1,0.03,0.0,1,1,,
1833,1.833,0.0,1.3040966227551586e-06,0,1,0.03,0.0,1,1,,
1834,1.834,0.0,1.2404950799567143e-06,0,1,0.03,0.0,1,1,,
1835,1.835,0.0,1.1799954210031926e-06,0,1,0.03,0.0,1,1,,
1836,1.836,0.0,1.1224463652343446e-06,0,1,0.03,0.0,1,1,,
1837,1.837,0.0,1.067704010034784e-06,0,1,0.03,0.0,1,1,,
1838,1.838,0.0,1.0156314710024922e-06,0,1,0.03,0.0,1,1,,
1839,1.839,0.0,9.660985396665142e-07,0,1,0.03,0.0,1,1,,
1840,1.84,0.0,9.189813578979585e-07,0,1,0.03,0.0,1,1,,
1841,1.841,0.0,8.741621082001598e-07,0,1,0.03,0.0,1,1,,
1842,1.842,0.0,8.315287191035689e-07,0,1,0.03,0.0,1,1,,
1843,1.843,0.0,7.909745849287038e-07,0,1,0.03,0.0,1,1,,
1844,1.844,0.0,7.523982992164221e-07,0,1,0.03,0.0,1,1,,
1845,1.845,0.0,7.157034011589532e-07,0,1,0.03,0.0,1,1,,
1846,1.846,0.0,6.807981343976347e-07,0,1,0.03,0.0,1,1,,
1847,1.847,0.0,6.475952175842218e-07,0,1,0.03,0.0,1,1,,
1848,1.848,0.0,6.16011626132054e-07,0,1,0.03,0.0,1,1,,
1849,1.849,0.0,5.859683846113427e-07,0,1,0.03,0.0,1,1,,
1850,1.85,0.0,5.573903692694606e-07,0,1,0.03,0.0,1,1,,
1851,1.851,0.0,5.302061201824295e-07,0,1,0.03,0.0,1,1,,
1852,1.852,0.0,5.043476625678889e-07,0,1,0.03,0.0,1,1,,
1853,1.853,0.0,4.797503368127332e-07,0,1,0.03,0.0,1,1,,
1854,1.854,0.0,4.563526367903999e-07,0,1,0.03,0.0,1,1,,
1855,1.855,0.0,4.340960560635155e-07,0,1,0.03,0.0,1,1,,
1856,1.856,0.0,4.129249415873275e-07,0,1,0.03,0.0,1,1,,
1857,1.857,0.0,3.927863545481045e-07,0,1,0.03,0.0,1,1,,
1858,1.858,0.0,3.7362993798852686e-07,0,1,0.03,0.0,1,1,,
1859,1.859,0.0,3.554077908890639e-07,0,1,0.03,0.0,1,1,,
1860,1.86,0.0,3.3807434839047436e-07,0,1,0.03,0.0,1,1,,
1861,1.861,0.0,3.215862678579248e-07,0,1,0.03,0.0,1,1,,
1862,1.862,0.0,3.0590232050182626e-07,0,1,0.03,0.0,1,1,,
1863,1.863,0.0,2.9098328828438516e-07,0,1,0.03,0.0,1,1,,
1864,1.864,0.0,2.767918658540811e-07,0,1,0.03,0.0,1,1,,
1865,1.865,0.0,2.6329256726285636e-07,0,1,0.03,0.0,1,1,,
1866,1.866,0.0,2.504516372327624e-07,0,1,0.03,0.0,1,1,,
1867,1.867,0.0,2.382369667501822e-07,0,1,0.03,0.0,1,1,,
1868,1.868,0.0,2.2661801277657155e-07,0,1,0.03,0.0,1,1,,
1869,1.869,0.0,2.1556572187495362e-07,0,1,0.03,0.0,1,1,,
1870,1.87,0.0,2.0505245756119312e-07,0,1,0.03,0.0,1,1,,
1871,1.871,0.0,1.9505193119839082e-07,0,1,0.03,0.0,1,1,,
1872,1.872,0.0,1.8553913626159815e-07,0,1,0.03,0.0,1,1,,
1873,1.873,0.0,1.7649028580847957e-07,0,1,0.03,0.0,1,1,,
1874,1.874,0.0,1.6788275299956656e-07,0,1,0.03,0.0,1,1,,
1875,1.875,0.0,1.596950145193732e-07,0,1,0.03,0.0,1,1,,
1876,1.8760000000000001,0.0,1.5190659675689655e-07,0,1,0.03,0.0,1,1,,
1877,1.877,0.0,1.4449802461092475e-07,0,1,0.03,0.0,1,1,,
1878,1.8780000000000001,0.0,1.3745077279213997e-07,0,1,0.03,0.0,1,1,,
1879,1.879,0.0,1.307472195002457e-07,0,1,0.03,0.0,1,1,,
1880,1.8800000000000001,0.0,1.2437060236028725e-07,0,1,0.03,0.0,1,1,,
1881,1.881,0.0,1.1830497650798319e-07,0,1,0.03,0.0,1,1,,
1882,1.8820000000000001,0.0,1.1253517471925934e-07,0,1,0.03,0.0,1,1,,
1883,1.883,0.0,1.0704676948428836e-07,0,1,0.03,0.0,1,1,,
1884,1.8840000000000001,0.0,1.0182603693120022e-07,0,1,0.03,0.0,1,1,,
1885,1.885,0.0,9.685992250925404e-08,0,1,0.03,0.0,1,1,,
1886,1.8860000000000001,0.0,9.213600834566148e-08,0,1,0.03,0.0,1,1,,
1887,1.887,0.0,1.0000000876424822,0,1,0.03,0.0,1,1,,
1888,1.8880000000000001,0.0,0.9512295078688219,0,1,0.03,0.0,1,1,,
1889,1.889,0.0,0.9048374973381569,0,1,0.03,0.0,1,1,,
1890,1.8900000000000001,0.0,0.8607080518596413,0,1,0.03,0.0,1,1,,
1891,1.891,0.0,0.8187308248335773,0,1,0.03,0.0,1,1,,
1892,1.8920000000000001,0.0,0.7788008513274386,0,1,0.03,0.0,1,1,,
1893,1.893,0.0,0.7408182856088655,0,1,0.03,0.0,1,1,,
1894,1.8940000000000001,0.0,0.7046881514793267,0,1,0.03,0.0,1,1,,
1895,1.895,0.0,0.6703201047841519,0,1,0.03,0.0,1,1,,
1896,1.8960000000000001,0.0,0.6376282075050872,0,1,0.03,0.0,1,1,,
1897,1.897,0.0,0.606530712870486,0,1,0.03,0.0,1,1,,
1898,1.8980000000000001,0.0,0.5769498609458003,0,1,0.03,0.0,1,1,,
1899,1.899,0.0,0.5488116841932406,0,1,0.03,0.0,1,1,,
1900,1.9000000000000001,0.0,0.5220458225144038,0,1,0.0,0.0,0,1,5.469382393041557,5.4330159131812055
1901,1.901,0.0,0.4965853473133782,0,1,0.0,0.0,0,1,,
1902,1.9020000000000001,0.0,0.47236659414039195,0,1,0.0,0.0,0,1,,
1903,1.903,0.0,0.44932900349752736,0,1,0.0,0.0,0,1,,
1904,1.9040000000000001,0.0,0.42741496940843227,0,1,0.0,0.0,0,1,,
1905,1.905,0.0,0.4065696953733733,0,1,0.0,0.0,0,1,,
1906,1.9060000000000001,0.0,0.3867410573494445,0,1,0.0,0.0,0,1,,
1907,1.907,0.0,0.3678794734133097,0,1,0.0,0.0,0,1,,
1908,1.9080000000000001,0.0,0.3499377797805683,0,1,0.0,0.0,0,1,,
1909,1.909,0.0,0.33287111287172755,0,1,0.0,0.0,0,1,,
1910,1.9100000000000001,0.0,0.3166367971298856,0,1,0.0,0.0,0,1,,
1911,1.911,0.0,0.30119423830961045,0,1,0.0,0.0,0,1,,
1912,1.9120000000000001,0.0,0.2865048219701817,0,1,0.0,0.0,0,1,,
1913,1.913,0.0,0.27253181691937545,0,1,0.0,0.0,0,1,,
1914,1.9140000000000001,0.0,0.25924028336635146,0,1,0.0,0.0,0,1,,
1915,1.915,0.0,0.24659698555397652,0,1,0.0,0.0,0,1,,
1916,1.9160000000000001,0.0,0.23457030865211997,0,1,0.0,0.0,0,1,,
1917,1.917,0.0,0.22313017970411095,0,1,0.0,0.0,0,1,,
1918,1.9180000000000001,0.0,0.21224799242868236,0,1,0.0,0.0,0,1,,
1919,1.919,0.0,0.20189653568936744,0,1,0.0,0.0,0,1,,
1920,1.92,0.0,0.19204992545248487,0,1,0.0,0.0,0,1,,
1921,1.921,0.0,0.1826835400635722,0,1,0.0,0.0,0,1,,
1922,1.922,0.0,0.17377395868042492,0,1,0.0,0.0,0,1,,
1923,1.923,0.0,0.16529890270879144,0,1,0.0,0.0,0,1,,
1924,1.924,0.0,0.1572371800942832,0,1,0.0,0.0,0,1,,
1925,1.925,0.0,0.14956863233120013,0,1,0.0,0.0,0,1,,
1926,1.926,0.0,0.1422740840557664,0,1,0.0,0.0,0,1,,
1927,1.927,0.0,0.13533529509773287,0,1,0.0,0.0,0,1,,
1928,1.928,0.0,0.12873491487045075,0,1,0.0,0.0,0,1,,
1929,1.929,0.0,0.12245643898536727,0,1,0.0,0.0,0,1,,
1930,1.93,0.0,0.11648416798245771,0,1,0.0,0.0,0,1,,
1931,1.931,0.0,0.11080316807339775,0,1,0.0,0.0,0,1,,
1932,1.932,0.0,0.10539923379931404,0,1,0.0,0.0,0,1,,
1933,1.933,0.0,0.1002588525097377,0,1,0.0,0.0,0,1,,
1934,1.934,0.0,0.09536917057393976,0,1,0.0,0.0,0,1,,
1935,1.935,0.0,0.09071796124015914,0,1,0.0,0.0,0,1,,
1936,1.936,0.0,0.08629359406235466,0,1,0.0,0.0,0,1,,
1937,1.937,0.0,0.08208500581803185,0,1,0.0,0.0,0,1,,
1938,1.938,0.0,0.0780816728444242,0,1,0.0,0.0,0,1,,
1939,1.939,0.0,0.07427358472385466,0,1,0.0,0.0,0,1,,
1940,1.94,0.0,0.07065121925247729,0,1,0.0,0.0,0,1,,
1941,1.941,0.0,0.06720551862980774,0,1,0.0,0.0,0,1,,
1942,1.942,0.0,0.06392786680950403,0,1,0.0,0.0,0,1,,
1943,1.943,0.0,0.06081006795476282,0,1,0.0,0.0,0,1,,
1944,1.944,0.0,0.05784432594445835,0,1,0.0,0.0,0,1,,
1945,1.945,0.0,0.05502322487877884,0,1,0.0,0.0,0,1,,
1946,1.946,0.0,0.05233971053561416,0,1,0.0,0.0,0,1,,
1947,1.947,0.0,0.049787072731326217,0,1,0.0,0.0,0,1,,
1948,1.948,0.0,0.04735892854179463,0,1,0.0,0.0,0,1,,
1949,1.949,0.0,0.04504920634178174,0,1,0.0,0.0,0,1,,
1950,1.95,0.0,0.042852130622706965,0,1,0.0,0.0,0,1,,
1951,1.951,0.0,0.04076220755086697,0,1,0.0,0.0,0,1,,
1952,1.952,0.0,0.03877421122998985,0,1,0.0,0.0,0,1,,
1953,1.953,0.0,0.03688317063377237,0,1,0.0,0.0,0,1,,
1954,1.954,0.0,0.035084357175724924,0,1,0.0,0.0,0,1,,
1955,1.955,0.0,0.03337327288524231,0,1,0.0,0.0,0,1,,
1956,1.956,0.0,0.03174563916033433,0,1,0.0,0.0,0,1,,
1957,1.957,0.0,0.030197386068892152,0,1,0.0,0.0,0,1,,
1958,1.958,0.0,0.02872464217173816,0,1,0.0,0.0,0,1,,
1959,1.959,0.0,0.02732372484201143,0,1,0.0,0.0,0,1,,
1960,1.96,0.0,0.025991131056682396,0,1,0.0,0.0,0,1,,
1961,1.961,0.0,0.02472352863717063,0,1,0.0,0.0,0,1,,
1962,1.962,0.0,0.02351774791716274,0,1,0.0,0.0,0,1,,
1963,1.963,0.0,0.02237077381679558,0,1,0.0,0.0,0,1,,
1964,1.964,0.0,0.0212797383033861,0,1,0.0,0.0,0,1,,
1965,1.965,0.0,0.020241913219855762,0,1,0.0,0.0,0,1,,
1966,1.966,0.0,0.019254703462916793,0,1,0.0,0.0,0,1,,
1967,1.967,0.0,0.018315640493962247,0,1,0.0,0.0,0,1,,
1968,1.968,0.0,0.017422376166433683,0,1,0.0,0.0,0,1,,
1969,1.969,0.0,0.01657267685423167,0,1,0.0,0.0,0,1,,
1970,1.97,0.0,0.015764417866487093,0,1,0.0,0.0,0,1,,
1971,1.971,0.0,0.01499557813472729,0,1,0.0,0.0,0,1,,
1972,1.972,0.0,0.01426423515915213,0,1,0.0,0.0,0,1,,
1973,1.973,0.0,0.013568560201383133,0,1,0.0,0.0,0,1,,
1974,1.974,0.0,0.01290681371166497,0,1,0.0,0.0,0,1,,
1975,1.975,0.0,0.012277340979084993,0,1,0.0,0.0,0,1,,
1976,1.976,0.0,0.01167856799393405,0,1,0.0,0.0,0,1,,
1977,1.977,0.0,0.011108997511862345,0,1,0.0,0.0,0,1,,
1978,1.978,0.0,0.010567205309988682,0,1,0.0,0.0,0,1,,
1979,1.979,0.0,0.010051836625601423,0,1,0.0,0.0,0,1,,
1980,1.98,0.0,0.00956160276854604,0,1,0.0,0.0,0,1,,
1981,1.981,0.0,0.009095277898828483,0,1,0.0,0.0,0,1,,
1982,1.982,0.0,0.00865169596137668,0,1,0.0,0.0,0,1,,
1983,1.983,0.0,0.008229747770295491,0,1,0.0,0.0,0,1,,
1984,1.984,0.0,0.007828378235324215,0,1,0.0,0.0,0,1,,
1985,1.985,0.0,0.0074465837235613685,0,1,0.0,0.0,0,1,,
1986,1.986,0.0,0.0070834095498596645,0,1,0.0,0.0,0,1,,
1987,1.987,0.0,0.00673794758961587,0,1,0.0,0.0,0,1,,
1988,1.988,0.0,0.0064093340079862775,0,1,0.0,0.0,0,1,,
1989,1.989,0.0,0.006096747099849641,0,1,0.0,0.0,0,1,,
1990,1.99,0.0,0.005799405235116371,0,1,0.0,0.0,0,1,,
1991,1.991,0.0,0.005516564904246174,0,1,0.0,0.0,0,1,,
1992,1.992,0.0,0.0052475188590869245,0,1,0.0,0.0,0,1,,
1993,1.993,0.0,0.0049915943443858985,0,1,0.0,0.0,0,1,,
1994,1.994,0.0,0.0047481514155512175,0,1,0.0,0.0,0,1,,
1995,1.995,0.0,0.004516581338457035,0,1,0.0,0.0,0,1,,
1996,1.996,0.0,0.00429630506729115,0,1,0.0,0.0,0,1,,
1997,1.997,0.0,0.004086771796638862,0,1,0.0,0.0,0,1,,
1998,1.998,0.0,0.003887457584182534,0,1,0.0,0.0,0,1,,
1999,1.999,0.0,0.003697864040572888,0,1,0.0,0.0,0,1,,
2000,2.0,0.0,0.003517517083196033,0,1,0.0,0.0,0,1,5.469451598233256,5.4437163037781335
2001,2.001,0.0,0.0033459657507199925,0,1,0.0,0.0,0,1,,
2002,2.0020000000000002,0.0,0.003182781075456478,0,1,0.0,0.0,0,1,,
2003,2.003,0.0,0.003027555010718229,0,1,0.0,0.0,0,1,,
2004,2.004,0.0,0.002879899410489754,0,1,0.0,0.0,0,1,,
2005,2.005,0.0,0.0027394450588601143,0,1,0.0,0.0,0,1,,
2006,2.0060000000000002,0.0,0.0026058407467908313,0,1,0.0,0.0,0,1,,
2007,2.007,0.0,0.0024787523939103534,0,1,0.0,0.0,0,1,,
2008,2.008,0.0,0.0023578622131391128,0,1,0.0,0.0,0,1,,
2009,2.009,0.0,0.002242867916056298,0,1,0.0,0.0,0,1,,
2010,2.0100000000000002,0.0,0.002133481957021348,0,1,0.0,0.0,0,1,,
2011,2.011,0.0,0.002029430814160074,0,1,0.0,0.0,0,1,,
2012,2.012,0.0,0.0019304543054175028,0,1,0.0,0.0,0,1,,
2013,2.013,0.0,0.0018363049379672167,0,1,0.0,0.0,0,1,,
2014,2.0140000000000002,0.0,0.001746747289350375,0,1,0.0,0.0,0,1,,
2015,2.015,0.0,0.0016615574187969393,0,1,0.0,0.0,0,1,,
2016,2.016,0.0,0.0015805223072571045,0,1,0.0,0.0,0,1,,
2017,2.017,0.0,0.0015034393247427163,0,1,0.0,0.0,0,1,,
2018,2.0180000000000002,0.0,0.001430115723646756,0,1,0.0,0.0,0,1,,
2019,2.019,0.0,0.001360368156773926,0,1,0.0,0.0,0,1,,
2020,2.02,0.0,0.0012940222188771587,0,1,0.0,0.0,0,1,,
2021,2.021,0.0,0.0012309120105536567,0,1,0.0,0.0,0,1,,
2022,2.0220000000000002,0.0,0.0011708797234099718,0,1,0.0,0.0,0,1,,
2023,2.023,0.0,0.0011137752454588228,0,1,0.0,0.0,0,1,,
2024,2.024,0.0,0.0010594557857609374,0,1,0.0,0.0,0,1,,
2025,2.025,0.0,0.0010077855173733282,0,1,0.0,0.0,0,1,,
2026,2.0260000000000002,0.0,0.0009586352377111853,0,1,0.0,0.0,0,1,,
2027,2.027,0.0,0.0009118820454741159,0,1,0.0,0.0,0,1,,
2028,2.028,0.0,0.0008674090333288772,0,1,0.0,0.0,0,1,,
2029,2.029,0.0,0.0008251049955801485,0,1,0.0,0.0,0,1,,
2030,2.0300000000000002,0.0,0.0007848641500983689,0,1,0.0,0.0,0,1,,
2031,2.031,0.0,0.0007465858738093134,0,1,0.0,0.0,0,1,,
2032,2.032,0.0,0.0007101744510839959,0,1,0.0,0.0,0,1,,
2033,2.033,0.0,0.0006755388343997399,0,1,0.0,0.0,0,1,,
2034,2.0340000000000003,0.0,0.0006425924166739477,0,1,0.0,0.0,0,1,,
2035,2.035,0.0,0.0006112528147012823,0,1,0.0,0.0,0,1,,
2036,2.036,0.0,0.0005814416631527424,0,1,0.0,0.0,0,1,,
2037,2.037,0.0,0.0005530844186215211,0,1,0.0,0.0,0,1,,
2038,2.0380000000000003,0.0,0.0005261101732256616,0,1,0.0,0.0,0,1,,
2039,2.039,0.0,0.000500451477301417,0,1,0.0,0.0,0,1,,
2040,2.04,0.0,0.000476044170743959,0,1,0.0,0.0,0,1,,
2041,2.041,0.0,0.0004528272225736958,0,1,0.0,0.0,0,1,,
2042,2.0420000000000003,0.0,0.00043074257832703336,0,1,0.0,0.0,0,1,,
2043,2.043,0.0,0.0004097350148899777,0,1,0.0,0.0,0,1,,
2044,2.044,0.0,0.000389752002411585,0,1,0.0,0.0,0,1,,
2045,2.045,0.0,0.00037074357295197285,0,1,0.0,0.0,0,1,,
2046,2.0460000000000003,0.0,0.0003526621955364436,0,1,0.0,0.0,0,1,,
2047,2.047,0.0,0.0003354626573032895,0,1,0.0,0.0,0,1,,
2048,2.048,0.0,0.0003191019504480883,0,1,0.0,0.0,0,1,,
2049,2.049,0.0,0.0003035391646817904,0,1,0.0,0.0,0,1,,
2050,2.05,0.0,0.00028873538493368696,0,1,0.0,0.0,0,1,,
2051,2.051,0.0,0.00027465359404346316,0,1,0.0,0.0,0,1,,
2052,2.052,0.0,0.0002612585801990162,0,1,0.0,0.0,0,1,,
2053,2.053,0.0,0.00024851684888858383,0,1,0.0,0.0,0,1,,
2054,2.054,0.0,0.0002363965391470185,0,1,0.0,0.0,0,1,,
2055,2.055,0.0,0.00022486734388677893,0,1,0.0,0.0,0,1,,
2056,2.056,0.0,0.00021390043411442488,0,1,0.0,0.0,0,1,,
2057,2.057,0.0,0.00020346838684311727,0,1,0.0,0.0,0,1,,
2058,2.058,0.0,0.00019354511652086708,0,1,0.0,0.0,0,1,,
2059,2.059,0.0,0.00018410580980306803,0,1,0.0,0.0,0,1,,
2060,2.06,0.0,0.0001751268635062103,0,1,0.0,0.0,0,1,,
2061,2.061,0.0,0.00016658582558762752,0,1,0.0,0.0,0,1,,
2062,2.062,0.0,0.00015846133900369525,0,1,0.0,0.0,0,1,,
2063,2.063,0.0,0.00015073308830609758,0,1,0.0,0.0,0,1,,
2064,2.064,0.0,0.0001433817488426245,0,1,0.0,0.0,0,1,,
2065,2.065,0.0,0.00013638893843547563,0,1,0.0,0.0,0,1,,
2066,2.066,0.0,0.0001297371714162408,0,1,0.0,0.0,0,1,,
2067,2.067,0.0,0.0001234098149026212,0,1,0.0,0.0,0,1,,
2068,2.068,0.0,0.00011739104720756002,0,1,0.0,0.0,0,1,,
2069,2.069,0.0,0.00011166581827678347,0,1,0.0,0.0,0,1,,
2070,2.07,0.0,0.00010621981205582606,0,1,0.0,0.0,0,1,,
2071,2.071,0.0,0.00010103941069243742,0,1,0.0,0.0,0,1,,
2072,2.072,0.0,9.611166048485854e-05,0,1,0.0,0.0,0,1,,
2073,2.073,0.0,9.142423949082001e-05,0,1,0.0,0.0,0,1,,
2074,2.074,0.0,8.696542671626817e-05,0,1,0.0,0.0,0,1,,
2075,2.075,0.0,8.27240728067748e-05,0,1,0.0,0.0,0,1,,
2076,2.076,0.0,7.868957216834355e-05,0,1,0.0,0.0,0,1,,
2077,2.077,0.0,7.485183644790084e-05,0,1,0.0,0.0,0,1,,
2078,2.078,0.0,7.120126930715829e-05,0,1,0.0,0.0,0,1,,
2079,2.079,0.0,6.772874242676854e-05,0,1,0.0,0.0,0,1,,
2080,2.08,0.0,6.442557268077213e-05,0,1,0.0,0.0,0,1,,
2081,2.081,0.0,6.12835004242598e-05,0,1,0.0,0.0,0,1,,
2082,2.082,0.0,5.829466883995791e-05,0,1,0.0,0.0,0,1,,
2083,2.083,0.0,5.5451604292092875e-05,0,1,0.0,0.0,0,1,,
2084,2.084,0.0,5.274719763840883e-05,0,1,0.0,0.0,0,1,,
2085,2.085,0.0,5.017468645360905e-05,0,1,0.0,0.0,0,1,,
2086,2.086,0.0,4.772763811977031e-05,0,1,0.0,0.0,0,1,,
2087,2.087,0.0,4.539993374144745e-05,0,1,0.0,0.0,0,1,,
2088,2.088,0.0,4.31857528452476e-05,0,1,0.0,0.0,0,1,,
2089,2.089,0.0,4.107955882561495e-05,0,1,0.0,0.0,0,1,,
2090,2.09,0.0,3.9076085100432936e-05,0,1,0.0,0.0,0,1,,
2091,2.091,0.0,3.717032194182575e-05,0,1,0.0,0.0,0,1,,
2092,2.092,0.0,3.535750394922917e-05,0,1,0.0,0.0,0,1,,
2093,2.093,0.0,3.363309813340699e-05,0,1,0.0,0.0,0,1,,
2094,2.094,0.0,3.199279258161677e-05,0,1,0.0,0.0,0,1,,
2095,2.095,0.0,3.043248567558203e-05,0,1,0.0,0.0,0,1,,
2096,2.096,0.0,2.8948275835310117e-05,0,1,0.0,0.0,0,1,,
2097,2.097,0.0,2.753645176310997e-05,0,1,0.0,0.0,0,1,,
2098,2.098,0.0,2.6193483163414766e-05,0,1,0.0,0.0,0,1,,
2099,2.099,0.0,2.4916011915204168e-05,0,1,0.0,0.0,0,1,,
2100,2.1,0.0,2.3700843674952593e-05,0,1,0.0,0.0,0,1,5.467217758047673,5.450824386243157
2101,2.101,0.0,2.2544939889106542e-05,0,1,0.0,0.0,0,1,,
2102,2.102,0.0,2.1445410196118008e-05,0,1,0.0,0.0,0,1,,
2103,2.103,0.0,2.0399505199035077e-05,0,1,0.0,0.0,0,1,,
2104,2.104,0.0,1.940460959057746e-05,0,1,0.0,0.0,0,1,,
2105,2.105,0.0,1.8458235613506033e-05,0,1,0.0,0.0,0,1,,
2106,2.106,0.0,1.7558016839933928e-05,0,1,0.0,0.0,0,1,,
2107,2.107,0.0,1.6701702254024197e-05,0,1,0.0,0.0,0,1,,
2108,2.108,0.0,1.5887150623277714e-05,0,1,0.0,0.0,0,1,,
2109,2.109,0.0,1.5112325144336621e-05,0,1,0.0,0.0,0,1,,
2110,2.11,0.0,1.4375288349914994e-05,0,1,0.0,0.0,0,1,,
2111,2.111,0.0,1.3674197264121458e-05,0,1,0.0,0.0,0,1,,
2112,2.112,0.0,1.3007298794059493e-05,0,1,0.0,0.0,0,1,,
2113,2.113,0.0,1.2372925346182043e-05,0,1,0.0,0.0,0,1,,
2114,2.114,0.0,1.1769490656439042e-05,0,1,0.0,0.0,0,1,,
2115,2.115,0.0,1.1195485823791041e-05,0,1,0.0,0.0,0,1,,
2116,2.116,0.0,1.0649475537170655e-05,0,1,0.0,0.0,0,1,,
2117,2.117,0.0,1.0130094486457274e-05,0,1,0.0,0.0,0,1,,
2118,2.118,0.0,9.63604394849061e-06,0,1,0.0,0.0,0,1,,
2119,2.119,0.0,9.16608853958631e-06,0,1,0.0,0.0,0,1,,
2120,2.12,0.0,8.719053126433277e-06,0,1,0.0,0.0,0,1,,
2121,2.121,0.0,8.293819887648277e-06,0,1,0.0,0.0,0,1,,
2122,2.122,0.0,7.889325518640248e-06,0,1,0.0,0.0,0,1,,
2123,2.123,0.0,7.50455857279496e-06,0,1,0.0,0.0,0,1,,
2124,2.124,0.0,7.13855693233165e-06,0,1,0.0,0.0,0,1,,
2125,2.125,0.0,6.790405402507418e-06,0,1,0.0,0.0,0,1,,
2126,2.126,0.0,6.45923342315367e-06,0,1,0.0,0.0,0,1,,
2127,2.1270000000000002,0.0,6.144212891822243e-06,0,1,0.0,0.0,0,1,,
2128,2.128,0.0,5.84455609309794e-06,0,1,0.0,0.0,0,1,,
2129,2.129,0.0,5.559513728899694e-06,0,1,0.0,0.0,0,1,,
2130,2.13,0.0,5.288373044845075e-06,0,1,0.0,0.0,0,1,,
2131,2.1310000000000002,0.0,5.030456047993069e-06,0,1,0.0,0.0,0,1,,
2132,2.132,0.0,4.785117811508583e-06,0,1,0.0,0.0,0,1,,
2133,2.133,0.0,4.551744862009425e-06,0,1,0.0,0.0,0,1,,
2134,2.134,0.0,4.329753645563307e-06,0,1,0.0,0.0,0,1,,
2135,2.1350000000000002,0.0,4.118589068499054e-06,0,1,0.0,0.0,0,1,,
2136,2.136,0.0,3.917723109383286e-06,0,1,0.0,0.0,0,1,,
2137,2.137,0.0,3.726653498691811e-06,0,1,0.0,0.0,0,1,,
2138,2.138,0.0,3.5449024628741837e-06,0,1,0.0,0.0,0,1,,
2139,2.1390000000000002,0.0,3.3720155296709733e-06,0,1,0.0,0.0,0,1,,
2140,2.14,0.0,3.2075603916963903e-06,0,1,0.0,0.0,0,1,,
2141,2.141,0.0,3.051125825444642e-06,0,1,0.0,0.0,0,1,,
2142,2.142,0.0,2.902320663016973e-06,0,1,0.0,0.0,0,1,,
2143,2.1430000000000002,0.0,2.760772813998166e-06,0,1,0.0,0.0,0,1,,
2144,2.144,0.0,2.6261283350366923e-06,0,1,0.0,0.0,0,1,,
2145,2.145,0.0,2.4980505448019712e-06,0,1,0.0,0.0,0,1,,
2146,2.146,0.0,2.3762191821056743e-06,0,1,0.0,0.0,0,1,,
2147,2.1470000000000002,0.0,2.260329605081938e-06,0,1,0.0,0.0,0,1,,
2148,2.148,0.0,2.150092029424018e-06,0,1,0.0,0.0,0,1,,
2149,2.149,0.0,2.045230803772581e-06,0,1,0.0,0.0,0,1,,
2150,2.15,0.0,1.9454837204437246e-06,0,1,0.0,0.0,0,1,,
2151,2.1510000000000002,0.0,1.850601359773192e-06,0,1,0.0,0.0,0,1,,
2152,2.152,0.0,1.7603464664372923e-06,0,1,0.0,0.0,0,1,,
2153,2.153,0.0,1.674493356191011e-06,0,1,0.0,0.0,0,1,,
2154,2.154,0.0,1.5928273515398446e-06,0,1,0.0,0.0,0,1,,
2155,2.1550000000000002,0.0,1.515144244934243e-06,0,1,0.0,0.0,0,1,,
2156,2.156,0.0,1.4412497881443688e-06,0,1,0.0,0.0,0,1,,
2157,2.157,0.0,1.370959206538344e-06,0,1,0.0,0.0,0,1,,
2158,2.158,0.0,1.3040967370494244e-06,0,1,0.0,0.0,0,1,,
2159,2.1590000000000003,0.0,1.240495188676783e-06,0,1,0.0,0.0,0,1,,
2160,2.16,0.0,1.179995524420921e-06,0,1,0.0,0.0,0,1,,
2161,2.161,0.0,1.122446463608331e-06,0,1,0.0,0.0,0,1,,
2162,2.162,0.0,1.0677041036110143e-06,0,1,0.0,0.0,0,1,,
2163,2.1630000000000003,0.0,1.0156315600149558e-06,0,1,0.0,0.0,0,1,,
2164,2.164,0.0,9.660986243377887e-07,0,1,0.0,0.0,0,1,,
2165,2.165,0.0,9.189814384397663e-07,0,1,0.0,0.0,0,1,,
2166,2.166,0.0,8.741621848138972e-07,0,1,0.0,0.0,0,1,,
2167,2.1670000000000003,0.0,8.315287919808102e-07,0,1,0.0,0.0,0,1,,
2168,2.168,0.0,7.909746542516801e-07,0,1,0.0,0.0,0,1,,
2169,2.169,0.0,7.523983651584769e-07,0,1,0.0,0.0,0,1,,
2170,2.17,0.0,7.15703463884976e-07,0,1,0.0,1.0,0,1,,
2171,2.1710000000000003,0.0,6.807981940644733e-07,0,1,0.0,0.951229424500714,0,1,,
2172,2.172,0.0,6.475952743410744e-07,0,1,0.0,0.9048374180359596,0,1,,
2173,2.173,0.0,6.160116801208422e-07,0,1,0.0,0.8607079764250579,0,1,,
2174,2.174,0.0,5.859684359670667e-07,0,1,0.0,0.8187307530779819,0,1,,
2175,2.1750000000000003,0.0,5.573904181205363e-07,0,1,0.0,0.778800783071405,0,1,,
2176,2.176,0.0,5.302061666510101e-07,0,1,0.0,0.740818220681718,0,1,,
2177,2.177,0.0,5.0434770677017e-07,0,1,0.0,0.7046880897187136,0,1,,
2178,2.178,0.0,4.797503788592437e-07,0,1,0.0,0.6703200460356394,0,1,,
2179,2.179,0.0,4.563526767862779e-07,0,1,0.0,0.6376281516217734,0,1,,
2180,2.18,0.0,4.340960941087715e-07,0,1,0.0,0.6065306597126335,0,1,,
2181,2.181,0.0,4.129249777770945e-07,0,1,0.0,0.5769498103804868,0,1,,
2182,2.182,0.0,3.927863889728757e-07,0,1,0.0,0.5488116360940265,0,1,,
2183,2.183,0.0,3.7362997073438216e-07,0,1,0.0,0.5220457767610162,0,1,,
2184,2.184,0.0,3.5540782203788494e-07,0,1,0.0,0.49658530379140964,0,1,,
2185,2.185,0.0,3.380743780201495e-07,0,1,0.0,0.4723665527410148,0,1,,
2186,2.186,0.0,3.215862960425436e-07,0,1,0.0,0.4493289641172217,0,1,,
2187,2.187,0.0,3.0590234731186503e-07,0,1,0.0,0.42741493194872676,0,1,,
2188,2.188,0.0,2.9098331378688294e-07,0,1,0.0,0.4065696597405992,0,1,,
2189,2.189,0.0,2.767918901128073e-07,0,1,0.0,0.3867410234545013,0,1,,
2190,2.19,0.0,2.632925903384706e-07,0,1,0.0,0.3678794411714424,0,1,,
2191,2.191,0.0,2.5045165918296563e-07,0,1,0.0,0.34993774911115544,0,1,,
2192,2.192,0.0,2.3823698762986137e-07,0,1,0.0,0.33287108369807966,0,1,,
2193,2.193,0.0,2.2661803263793676e-07,0,1,0.0,0.31663676937905333,0,1,,
2194,2.194,0.0,2.155657407676686e-07,0,1,0.0,0.3011942119122022,0,1,,
2195,2.195,0.0,2.0505247553249952e-07,0,1,0.0,0.2865047968601902,0,1,,
2196,2.196,0.0,1.9505194829322625e-07,0,1,0.0,0.2725317930340127,0,1,,
2197,2.197,0.0,1.8553915252270864e-07,0,1,0.0,0.2592402606458916,0,1,,
2198,2.198,0.0,1.7649030127652634e-07,0,1,0.0,0.24659696394160657,0,1,,
2199,2.199,0.0,1.6788276771322778e-07,0,1,0.0,0.23457028809379774,0,1,,
2200,2.2,0.0,1.5969502851544072e-07,0,1,0.0,0.2231301601484299,0,1,5.47415954508226,5.451437264801314
2201,2.201,0.0,1.519066100703678e-07,0,1,0.0,0.21224797382674312,0,1,,
2202,2.202,0.0,1.444980372750903e-07,0,1,0.0,0.20189651799465547,0,1,,
2203,2.203,0.0,1.3745078483866687e-07,0,1,0.0,0.19204990862075416,0,1,,
2204,2.204,0.0,1.3074723095925657e-07,0,1,0.0,0.1826835240527347,0,1,,
2205,2.205,0.0,1.2437061326043557e-07,0,1,0.0,0.17377394345044517,0,1,,
2206,2.206,0.0,1.1830498687652501e-07,0,1,0.0,0.1652988882215866,0,1,,
2207,2.207,0.0,1.1253518458212141e-07,0,1,0.0,0.15723716631362766,0,1,,
2208,2.208,0.0,1.0704677886613298e-07,0,1,0.0,0.1495686192226351,0,1,,
2209,2.209,0.0,1.0000001018260458,0,1,0.0,0.14227407158651362,0,1,,
2210,2.21,0.0,0.951229521360645,0,1,0.0,0.13533528323661273,0,1,,
2211,2.211,0.0,0.904837510171976,0,1,0.0,0.12873490358780426,0,1,,
2212,2.212,0.0,0.8607080640675477,0,1,0.0,0.12245642825298195,0,1,,
2213,2.213,0.0,0.8187308364460971,0,1,0.0,0.116484157773497,0,1,,
2214,2.214,0.0,0.7788008623736091,0,1,0.0,0.11080315836233391,0,1,,
2215,2.215,0.0,0.740818296116308,0,1,0.0,0.10539922456186436,0,1,,
2216,2.216,0.0,0.7046881614743152,0,1,0.0,0.10025884372280376,0,1,,
2217,2.217,0.0,0.6703201142916791,0,1,0.0,0.09536916221554964,0,1,,
2218,2.218,0.0,0.6376282165489268,0,1,0.0,0.09071795328941253,0,1,,
2219,2.219,0.0,0.6065307214732523,0,1,0.0,0.08629358649937054,0,1,,
2220,2.22,0.0,0.5769498691290046,0,1,0.0,0.08208499862389881,0,1,,
2221,2.221,0.0,0.5488116919773453,0,1,0.0,0.07808166600115317,0,1,,
2222,2.222,0.0,0.5220458299188733,0,1,0.0,0.07427357821433389,0,1,,
2223,2.223,0.0,0.49658535435672746,0,1,0.0,0.0706512130604296,0,1,,
2224,2.224,0.0,0.472366600840233,0,1,0.0,0.06720551273974977,0,1,,
2225,2.225,0.0,0.44932900987061336,0,1,0.0,0.06392786120670758,0,1,,
2226,2.226,0.0,0.4274149754706992,0,1,0.0,0.06081006262521798,0,1,,
2227,2.227,0.0,0.40656970113998,0,1,0.0,0.05784432087483848,0,1,,
2228,2.228,0.0,0.38674106283481047,0,1,0.0,0.055023220056407245,0,1,,
2229,2.229,0.0,0.3678794786311512,0,1,0.0,0.05233970594843241,0,1,,
2230,2.23,0.0,0.3499377847439327,0,1,0.0,0.04978706836786396,0,1,,
2231,2.231,0.0,0.33287111759302584,0,1,0.0,0.047358924391140936,0,1,,
2232,2.232,0.0,0.3166368016209235,0,1,0.0,0.04504920239355782,0,1,,
2233,2.233,0.0,0.3011942425816178,0,1,0.0,0.042852126867040194,0,1,,
2234,2.234,0.0,0.28650482603384075,0,1,0.0,0.04076220397836623,0,1,,
2235,2.235,0.0,0.2725318207848475,0,1,0.0,0.03877420783172203,0,1,,
2236,2.236,0.0,0.2592402870433022,0,1,0.0,0.03688316740124002,0,1,,
2237,2.237,0.0,0.24659698905160027,0,1,0.0,0.03508435410084504,0,1,,
2238,2.238,0.0,0.2345703119791626,0,1,0.0,0.033373269960326093,0,1,,
2239,2.239,0.0,0.22313018286889177,0,1,0.0,0.03174563637806796,0,1,,
2240,2.24,0.0,0.212247995439115,0,1,0.0,0.030197383422318518,0,1,,
2241,2.241,0.0,0.20189653855297954,0,1,0.0,0.028724639654239447,0,1,,
2242,2.242,0.0,0.19204992817643696,0,1,0.0,0.02732372244729258,0,1,,
2243,2.243,0.0,0.1826835426546756,0,1,0.0,0.02599112877875536,0,1,,
2244,2.244,0.0,0.1737739611451587,0,1,0.0,0.02472352647033941,0,1,,
2245,2.245,0.0,0.16529890505331873,0,1,0.0,0.023517745856009124,0,1,,
2246,2.246,0.0,0.15723718232446654,0,1,0.0,0.02237077185616561,0,1,,
2247,2.247,0.0,0.14956863445261614,0,1,0.0,0.021279736438377186,0,1,,
2248,2.248,0.0,0.14227408607371972,0,1,0.0,0.020241911445804405,0,1,,
2249,2.249,0.0,0.13533529701726946,0,1,0.0,0.01925470177538694,0,1,,
2250,2.25,0.0,0.1287349166963704,0,1,0.0,0.018315638888734196,0,1,,
2251,2.251,0.0,0.12245644072223578,0,1,0.0,0.017422374639493525,0,1,,
2252,2.2520000000000002,0.0,0.11648416963461815,0,1,0.0,0.01657267540176126,0,1,,
2253,2.253,0.0,0.11080316964498137,0,1,0.0,0.015764416484854504,0,1,,
2254,2.254,0.0,0.1053992352942506,0,1,0.0,0.014995576820477719,0,1,,
2255,2.255,0.0,0.10025885393176534,0,1,0.0,0.014264233908999268,0,1,,
2256,2.2560000000000002,0.0,0.09536917192661429,0,1,0.0,0.013568559012200944,0,1,,
2257,2.257,0.0,0.09071796252686296,0,1,0.0,0.012906812580479881,0,1,,
2258,2.258,0.0,0.08629359528630519,0,1,0.0,0.012277339903068453,0,1,,
2259,2.259,0.0,0.08208500698228961,0,1,0.0,0.011678566970395456,0,1,,
2260,2.2600000000000002,0.0,0.07808167395190044,0,1,0.0,0.011108996538242316,0,1,,
2261,2.261,0.0,0.07427358577731864,0,1,0.0,0.010567204383852663,0,1,,
2262,2.262,0.0,0.07065122025456323,0,1,0.0,0.010051835744633591,0,1,,
2263,2.263,0.0,0.06720551958302137,0,1,0.0,0.009561601930543517,0,1,,
2264,2.2640000000000002,0.0,0.06392786771622888,0,1,0.0,0.009095277101695826,0,1,,
2265,2.265,0.0,0.06081006881726617,0,1,0.0,0.008651695203120643,0,1,,
2266,2.266,0.0,0.05784432676489692,0,1,0.0,0.008229747049020037,0,1,,
2267,2.267,0.0,0.055023225659204145,0,1,0.0,0.007828377549225779,0,1,,
2268,2.2680000000000002,0.0,0.05233971127797768,0,1,0.0,0.007446583070924348,0,1,,
2269,2.269,0.0,0.04978707343748424,0,1,0.0,0.007083408929052127,0,1,,
2270,2.27,0.0,0.04735892921351292,0,1,0.0,0.006737946999085474,0,1,,
2271,2.271,0.0,0.04504920698073994,0,1,0.0,0.006409333446256388,0,1,,
2272,2.2720000000000002,0.0,0.042852131230502806,0,1,0.0,0.006096746565515642,0,1,,
2273,2.273,0.0,0.04076220812902026,0,1,0.0,0.005799404726842149,0,1,,
2274,2.274,0.0,0.03877421177994627,0,1,0.0,0.0055165644207607785,0,1,,
2275,2.275,0.0,0.0368831711569071,0,1,0.0,0.00524751839918139,0,1,,
2276,2.2760000000000002,0.0,0.03508435767334607,0,1,0.0,0.004991593906910221,0,1,,
2277,2.277,0.0,0.03337327335859419,0,1,0.0,0.00474815099941148,0,1,,
2278,2.278,0.0,0.03174563961060056,0,1,0.0,0.004516580942612672,0,1,,
2279,2.279,0.0,0.030197386497198643,0,1,0.0,0.004296304690752344,0,1,,
2280,2.2800000000000002,0.0,0.0287246425791559,0,1,0.0,0.00408677143846407,0,1,,
2281,2.281,0.0,0.02732372522955917,0,1,0.0,0.0038874572434761325,0,1,,
2282,2.282,0.0,0.02599113142532921,0,1,0.0,0.0036978637164829338,0,1,,
2283,2.283,0.0,0.024723528987838327,0,1,0.0,0.0035175167749121328,0,1,,
2284,2.2840000000000003,0.0,0.023517748250728172,0,1,0.0,0.0033459654574712755,0,1,,
2285,2.285,0.0,0.022370774134092834,0,1,0.0,0.0031827807965096695,0,1,,
2286,2.286,0.0,0.021279738605208584,0,1,0.0,0.003027554745375817,0,1,,
2287,2.287,0.0,0.020241913506958188,0,1,0.0,0.0028798991580882443,0,1,,
2288,2.2880000000000003,0.0,0.019254703736017068,0,1,0.0,0.0027394448187683714,0,1,,
2289,2.289,0.0,0.018315640753743263,0,1,0.0,0.002605840518408501,0,1,,
2290,2.29,0.0,0.017422376413545028,0,1,0.0,0.0024787521766663607,0,1,,
2291,2.291,0.0,0.016572677089291252,0,1,0.0,0.0023578620064902346,0,1,,
2292,2.2920000000000003,0.0,0.015764418090082687,0,1,0.0,0.0022428677194858047,0,1,,
2293,2.293,0.0,0.014995578347418,0,1,0.0,0.0021334817700377107,0,1,,
2294,2.294,0.0,0.014264235361469792,0,1,0.0,0.002029430636295736,0,1,,
2295,2.295,0.0,0.013568560393833645,0,1,0.0,0.001930454136227711,0,1,,
2296,2.2960000000000003,0.0,0.01290681389472956,0,1,0.0,0.0018363047770289086,0,1,,
2297,2.297,0.0,0.012277341153221417,0,1,0.0,0.0017467471362611208,0,1,,
2298,2.298,0.0,0.011678568159577742,0,1,0.0,0.001661557273173936,0,1,,
2299,2.299,0.0,0.011108997669427498,0,1,0.0,0.0015805221687362188,0,1,,
2300,2.3000000000000003,0.0,0.010567205459869293,0,1,0.0,0.0015034391929775739,0,1,5.593905307995999,5.454157458194193
2301,2.301,0.0,0.01005183676817227,0,1,0.0,0.0014301155983078755,0,1,,
2302,2.302,0.0,0.009561602904163627,0,1,0.0,0.0013603680375478947,0,1,,
2303,2.303,0.0,0.009095278027831923,0,1,0.0,0.0012940221054658495,0,1,,
2304,2.3040000000000003,0.0,0.008651696084088549,0,1,0.0,0.0012309119026734823,0,1,,
2305,2.305,0.0,0.008229747887022631,0,1,0.0,0.0011708796207911755,0,1,,
2306,2.306,0.0,0.007828378346358505,0,1,0.0,0.0011137751478448041,0,1,,
2307,2.307,0.0,0.007446583829180451,0,1,0.0,0.0010594556929076108,0,1,,
2308,2.308,0.0,0.007083409650327644,0,1,0.0,0.0010077854290485118,0,1,,
2309,2.309,0.0,0.006737947685183969,0,1,0.0,0.0009586351536940209,0,1,,
2310,2.31,0.0,0.006409334098893465,0,1,0.0,0.0009118819655545171,0,1,,
2311,2.311,0.0,0.0060967471863232325,0,1,0.0,0.0008674089573070033,0,1,,
2312,2.312,0.0,0.005799405317372596,0,1,0.0,0.0008251049232659051,0,1,,
2313,2.313,0.0,0.005516564982490715,0,1,0.0,0.0007848640813109327,0,1,,
2314,2.314,0.0,0.005247518933515435,0,1,0.0,0.0007465858083766802,0,1,,
2315,2.315,0.0,0.004991594415184488,0,1,0.0,0.0007101743888425498,0,1,,
2316,2.316,0.0,0.004748151482896919,0,1,0.0,0.0006755387751938449,0,1,,
2317,2.317,0.0,0.0045165814025182474,0,1,0.0,0.0006425923603555583,0,1,,
2318,2.318,0.0,0.00429630512822806,0,1,0.0,0.0006112527611295732,0,1,,
2319,2.319,0.0,0.004086771854603845,0,1,0.0,0.0005814416121937563,0,1,,
2320,2.32,0.0,0.003887457639320531,0,1,0.0,0.0005530843701478342,0,1,,
2321,2.321,0.0,0.003697864093021773,0,1,0.0,0.0005261101271160642,0,1,,
2322,2.322,0.0,0.003517517133086956,0,1,0.0,0.0005004514334406113,0,1,,
2323,2.323,0.0,0.0033459657981777064,0,1,0.0,0.00047604412902227004,0,1,,
2324,2.324,0.0,0.0031827811205996518,0,1,0.0,0.0004528271828867976,0,1,,
2325,2.325,0.0,0.0030275550536597445,0,1,0.0,0.00043074254057568807,0,1,,
2326,2.326,0.0,0.0028798994513369873,0,1,0.0,0.00040973497897978724,0,1,,
2327,2.327,0.0,0.0027394450977152045,0,1,0.0,0.0003897519682527552,0,1,,
2328,2.328,0.0,0.0026058407837509364,0,1,0.0,0.00037074354045908887,0,1,,
2329,2.329,0.0,0.0024787524290678926,0,1,0.0,0.0003526621646282563,0,1,,
2330,2.33,0.0,0.0023578622465819984,0,1,0.0,0.0003354626279025123,0,1,,
2331,2.331,0.0,0.002242867947868155,0,1,0.0,0.0003191019224812039,0,1,,
2332,2.332,0.0,0.0021334819872817225,0,1,0.0,0.00030353913807886705,0,1,,
2333,2.333,0.0,0.0020294308429446325,0,1,0.0,0.00028873535962820344,0,1,,
2334,2.334,0.0,0.0019304543327982218,0,1,0.0,0.00027465356997214265,0,1,,
2335,2.335,0.0,0.0018363049640125622,0,1,0.0,0.0002612585573016678,0,1,,
2336,2.336,0.0,0.001746747314125474,0,1,0.0,0.0002485168271079523,0,1,,
2337,2.337,0.0,0.0016615574423637426,0,1,0.0,0.00023639651842864088,0,1,,
2338,2.338,0.0,0.0015805223296745411,0,1,0.0,0.0002248673241788485,0,1,,
2339,2.339,0.0,0.0015034393460668415,0,1,0.0,0.00021390041536766154,0,1,,
2340,2.34,0.0,0.0014301157439308915,0,1,0.0,0.00020346836901064436,0,1,,
2341,2.341,0.0,0.0013603681760687924,0,1,0.0,0.00019354509955809415,0,1,,
2342,2.342,0.0,0.0012940222372310034,0,1,0.0,0.0001841057936675793,0,1,,
2343,2.343,0.0,0.001230912028012374,0,1,0.0,0.00017512684815765867,0,1,,
2344,2.344,0.0,0.001170879740017217,0,1,0.0,0.0001665858109876336,0,1,,
2345,2.345,0.0,0.001113775261256123,0,1,0.0,0.00015846132511575142,0,1,,
2346,2.346,0.0,0.0010594558007877943,0,1,0.0,0.00015073307509547677,0,1,,
2347,2.347,0.0,0.0010077855316673167,0,1,0.0,0.00014338173627629329,0,1,,
2348,2.348,0.0,0.0009586352513080477,0,1,0.0,0.00013638892648201162,0,1,,
2349,2.349,0.0,0.0009118820584078516,0,1,0.0,0.0001297371600457541,0,1,,
2350,2.35,0.0,0.0008674090456318272,0,1,0.0,0.0001234098040866797,0,1,,
2351,2.351,0.0,0.0008251050072830765,0,1,0.0,0.0001173910369191182,0,1,,
2352,2.352,0.0,0.0007848641612305383,0,1,0.0,0.00011166580849011487,0,1,,
2353,2.353,0.0,0.0007465858843985606,0,1,0.0,0.00010621980274645891,0,1,,
2354,2.354,0.0,0.0007101744611567994,0,1,0.0,0.00010103940183709347,0,1,,
2355,2.355,0.0,0.000675538843981287,0,1,0.0,9.611165206139482e-05,0,1,,
2356,2.356,0.0,0.0006425924257881973,0,1,0.0,9.142423147817346e-05,0,1,,
2357,2.357,0.0,0.0006112528233710247,0,1,0.0,8.6965419094403e-05,0,1,,
2358,2.358,0.0,0.0005814416713996565,0,1,0.0,8.272406555663236e-05,0,1,,
2359,2.359,0.0,0.0005530844264662286,0,1,0.0,7.868956527179474e-05,0,1,,
2360,2.36,0.0,0.0005261101806877781,0,1,0.0,7.485182988770068e-05,0,1,,
2361,2.361,0.0,0.0005004514843996019,0,1,0.0,7.120126306690287e-05,0,1,,
2362,2.362,0.0,0.00047604417749596135,0,1,0.0,6.772873649085395e-05,0,1,,
2363,2.363,0.0,0.0004528272289963991,0,1,0.0,6.442556703435551e-05,0,1,,
2364,2.364,0.0,0.00043074258443649775,0,1,0.0,6.128349505322216e-05,0,1,,
2365,2.365,0.0,0.00040973502070147997,0,1,0.0,5.829466373086887e-05,0,1,,
2366,2.366,0.0,0.00038975200793965695,0,1,0.0,5.545159943217704e-05,0,1,,
2367,2.367,0.0,0.00037074357821043763,0,1,0.0,5.2747193015513886e-05,0,1,,
2368,2.368,0.0,0.00035266220053845006,0,1,0.0,5.017468205617536e-05,0,1,,
2369,2.369,0.0,0.0003354626620613452,0,1,0.0,4.7727633936801984e-05,0,1,,
2370,2.37,0.0,0.00031910195497409093,0,1,0.0,4.53999297624849e-05,0,1,,
2371,2.371,0.0,0.0003035391689870573,0,1,0.0,4.318574906034135e-05,0,1,,
2372,2.372,0.0,0.0002887353890289835,0,1,0.0,4.107955522530075e-05,0,1,,
2373,2.373,0.0,0.00027465359793902975,0,1,0.0,3.907608167570813e-05,0,1,,
2374,2.374,0.0,0.0002612585839045938,0,1,0.0,3.717031868412674e-05,0,1,,
2375,2.375,0.0,0.00024851685241343823,0,1,0.0,3.5357500850410015e-05,0,1,,
2376,2.376,0.0,0.00023639654249996373,0,1,0.0,3.363309518571902e-05,0,1,,
2377,2.3770000000000002,0.0,0.00022486734707619907,0,1,0.0,3.199278977768924e-05,0,1,,
2378,2.378,0.0,0.00021390043714829515,0,1,0.0,3.0432483008403662e-05,0,1,,
2379,2.379,0.0,0.00020346838972902395,0,1,0.0,2.8948273298211574e-05,0,1,,
2380,2.38,0.0,0.00019354511926602643,0,1,0.0,2.7536449349747182e-05,0,1,,
2381,2.3810000000000002,0.0,0.00018410581241434438,0,1,0.0,2.6193480867753072e-05,0,1,,
2382,2.382,0.0,0.0001751268659901332,0,1,0.0,2.4916009731503218e-05,0,1,,
2383,2.383,0.0,0.00016658582795040807,0,1,0.0,2.3700841597751995e-05,0,1,,
2384,2.384,0.0,0.00015846134125124163,0,1,0.0,2.2544937913212214e-05,0,1,,
2385,2.3850000000000002,0.0,0.00015073309044402982,0,1,0.0,2.1445408316589184e-05,0,1,,
2386,2.386,0.0,0.00014338175087628857,0,1,0.0,2.0399503411171956e-05,0,1,,
2387,2.387,0.0,0.00013638894036995672,0,1,0.0,1.9404607889909453e-05,0,1,,
2388,2.388,0.0,0.00012973717325637612,0,1,0.0,1.8458233995780585e-05,0,1,,
2389,2.3890000000000002,0.0,0.00012340981665301208,0,1,0.0,1.7558015301105882e-05,0,1,,
2390,2.39,0.0,0.00011739104887258332,0,1,0.0,1.670170079024568e-05,0,1,,
2391,2.391,0.0,0.00011166581986060262,0,1,0.0,1.588714923088852e-05,0,1,,
2392,2.392,0.0,0.00010621981356240143,0,1,0.0,1.5112323819855049e-05,0,1,,
2393,2.3930000000000002,0.0,0.00010103941212553625,0,1,0.0,1.437528709002915e-05,0,1,,
2394,2.394,0.0,9.611166184806431e-05,0,1,0.0,1.3674196065680972e-05,0,1,,
2395,2.395,0.0,9.142424078754145e-05,0,1,0.0,1.3007297654067639e-05,0,1,,
2396,2.396,0.0,8.696542794974776e-05,0,1,0.0,1.2372924261788248e-05,0,1,,
2397,2.3970000000000002,0.0,8.272407398009687e-05,0,1,0.0,1.1769489624931757e-05,0,1,,
2398,2.398,0.0,7.868957328444204e-05,0,1,0.0,1.119548484259096e-05,0,1,,
2399,2.399,0.0,7.485183750956657e-05,0,1,0.0,1.0649474603824266e-05,0,1,,
2400,2.4,0.0,7.120127031704597e-05,0,1,0.0,1.0130093598630726e-05,0,1,6.416320721860663,5.458639666683769
2401,2.4010000000000002,0.0,6.77287433874034e-05,0,1,0.0,9.636043103963872e-06,0,1,,
2402,2.402,0.0,6.442557359455629e-05,0,1,0.0,9.166087736247627e-06,0,1,,
2403,2.403,0.0,6.128350129347818e-05,0,1,0.0,8.719052362273884e-06,0,1,,
2404,2.404,0.0,5.829466966678401e-05,0,1,0.0,8.293819160757377e-06,0,1,,
2405,2.4050000000000002,0.0,5.5451605078594185e-05,0,1,0.0,7.889324827200235e-06,0,1,,
2406,2.406,0.0,5.274719838655202e-05,0,1,0.0,7.504557915076874e-06,0,1,,
2407,2.407,0.0,5.0174687165264866e-05,0,1,0.0,7.138556306690853e-06,0,1,,
2408,2.408,0.0,4.772763879671826e-05,0,1,0.0,6.790404807379483e-06,0,1,,
2409,2.4090000000000003,0.0,4.5399934385380264e-05,0,1,0.0,6.459232857050467e-06,0,1,,
2410,2.41,0.0,4.318575345777545e-05,0,1,0.0,6.144212353328218e-06,0,1,,
2411,2.411,0.0,4.107955940826946e-05,0,1,0.0,5.844555580866579e-06,0,1,,
2412,2.412,0.0,3.907608565467105e-05,0,1,0.0,5.559513241650153e-06,0,1,,
2413,2.4130000000000003,0.0,3.7170322469033347e-05,0,1,0.0,5.288372581358974e-06,0,1,,
2414,2.414,0.0,3.5357504450724547e-05,0,1,0.0,5.030455607111452e-06,0,1,,
2415,2.415,0.0,3.3633098610444146e-05,0,1,0.0,4.785117392129016e-06,0,1,,
2416,2.416,0.0,3.1992793035388546e-05,0,1,0.0,4.551744463083241e-06,0,1,,
2417,2.4170000000000003,0.0,3.0432486107223098e-05,0,1,0.0,4.329753266092983e-06,0,1,,
2418,2.418,0.0,2.89482762458998e-05,0,1,0.0,4.118588707535715e-06,0,1,,
2419,2.419,0.0,2.7536452153674957e-05,0,1,0.0,3.917722766024337e-06,0,1,,
2420,2.42,0.0,2.6193483534931677e-05,0,1,0.0,3.726653172078676e-06,0,1,,
2421,2.4210000000000003,0.0,2.4916012268601987e-05,0,1,0.0,3.5449021521901592e-06,0,1,,
2422,2.422,0.0,2.3700844011115e-05,0,1,0.0,3.3720152341391875e-06,0,1,,
2423,2.423,0.0,2.2544940208874114e-05,0,1,0.0,3.2075601105778598e-06,0,1,,
2424,2.424,0.0,2.144541050029033e-05,0,1,0.0,3.051125558036424e-06,0,1,,
2425,2.4250000000000003,0.0,2.039950548837274e-05,0,1,0.0,2.902320408650408e-06,0,1,,
2426,2.426,0.0,1.9404609865803958e-05,0,1,0.0,2.7607725720372046e-06,0,1,,
2427,2.427,0.0,1.8458235875309578e-05,0,1,0.0,2.626128104876306e-06,0,1,,
2428,2.428,0.0,1.7558017088969163e-05,0,1,0.0,2.498050325866639e-06,0,1,,
2429,2.4290000000000003,0.0,1.670170249091384e-05,0,1,0.0,2.3762189738479443e-06,0,1,,
2430,2.43,0.0,1.5887150848614113e-05,0,1,0.0,2.260329406981057e-06,0,1,,
2431,2.431,0.0,1.5112325358683233e-05,0,1,0.0,2.1500918409846313e-06,0,1,,
2432,2.432,0.0,1.4375288553807798e-05,0,1,0.0,2.0452306245234914e-06,0,1,,
2433,2.433,0.0,1.3674197458070294e-05,0,1,0.0,1.9454835499367166e-06,0,1,,
2434,2.434,0.0,1.3007298978549332e-05,0,1,0.0,1.850601197581909e-06,0,1,,
2435,2.435,0.0,1.2372925521674205e-05,0,1,0.0,1.7603463121561715e-06,0,1,,
2436,2.436,0.0,1.1769490823372351e-05,0,1,0.0,1.6744932094342692e-06,0,1,,
2437,2.437,0.0,1.1195485982582917e-05,0,1,0.0,1.5928272119405136e-06,0,1,,
2438,2.438,0.0,1.064947568821816e-05,0,1,0.0,1.5151441121432515e-06,0,1,,
2439,2.439,0.0,1.0130094630138104e-05,0,1,0.0,1.4412496618296704e-06,0,1,,
2440,2.44,0.0,9.636044085164043e-06,0,1,0.0,1.370959086384086e-06,0,1,,
2441,2.441,0.0,9.166088669594101e-06,0,1,0.0,1.3040966227551586e-06,0,1,,
2442,2.442,0.0,8.719053250100512e-06,0,1,0.0,1.2404950799567143e-06,0,1,,
2443,2.443,0.0,8.29382000528419e-06,0,1,0.0,1.1799954210031926e-06,0,1,,
2444,2.444,0.0,7.889325630538989e-06,0,1,0.0,1.1224463652343446e-06,0,1,,
2445,2.445,0.0,7.5045586792363356e-06,0,1,0.0,1.067704010034784e-06,0,1,,
2446,2.446,0.0,7.138557033581818e-06,0,1,0.0,1.0156314710024922e-06,0,1,,
2447,2.447,0.0,6.7904054988195565e-06,0,1,0.0,9.660985396665142e-07,0,1,,
2448,2.448,0.0,6.4592335147686106e-06,0,1,0.0,9.189813578979585e-07,0,1,,
2449,2.449,0.0,6.14421297896907e-06,0,1,0.0,8.741621082001598e-07,0,1,,
2450,2.45,0.0,5.844556175994566e-06,0,1,0.0,8.315287191035689e-07,0,1,,
2451,2.451,0.0,5.559513807753404e-06,0,1,0.0,7.909745849287038e-07,0,1,,
2452,2.452,0.0,5.288373119853044e-06,0,1,0.0,7.523982992164221e-07,0,1,,
2453,2.453,0.0,5.030456119342856e-06,0,1,0.0,7.157034011589532e-07,0,1,,
2454,2.454,0.0,4.7851178793786e-06,0,1,0.0,6.807981343976347e-07,0,1,,
2455,2.455,0.0,4.551744926569383e-06,0,1,0.0,6.475952175842218e-07,0,1,,
2456,2.456,0.0,4.3297537069746385e-06,0,1,0.0,6.16011626132054e-07,0,1,,
2457,2.457,0.0,4.118589126915319e-06,0,1,0.0,5.859683846113427e-07,0,1,,
2458,2.458,0.0,3.917723164950557e-06,0,1,0.0,5.573903692694606e-07,0,1,,
2459,2.459,0.0,3.726653551549034e-06,0,1,0.0,5.302061201824295e-07,0,1,,
2460,2.46,0.0,3.5449025131535296e-06,0,1,0.0,5.043476625678889e-07,0,1,,
2461,2.461,0.0,3.372015577498167e-06,0,1,0.0,4.797503368127332e-07,0,1,,
2462,2.462,0.0,3.207560437191024e-06,0,1,0.0,4.563526367903999e-07,0,1,,
2463,2.463,0.0,3.0511258687204766e-06,0,1,0.0,4.340960560635155e-07,0,1,,
2464,2.464,0.0,2.90232070418222e-06,0,1,0.0,4.129249415873275e-07,0,1,,
2465,2.465,0.0,2.76077285315576e-06,0,1,0.0,3.927863545481045e-07,0,1,,
2466,2.466,0.0,2.6261283722845477e-06,0,1,0.0,3.7362993798852686e-07,0,1,,
2467,2.467,0.0,2.4980505802332273e-06,0,1,0.0,3.554077908890639e-07,0,1,,
2468,2.468,0.0,2.3762192158089276e-06,0,1,0.0,3.3807434839047436e-07,0,1,,
2469,2.469,0.0,2.2603296371414643e-06,0,1,0.0,3.215862678579248e-07,0,1,,
2470,2.47,0.0,2.150092059919983e-06,0,1,0.0,3.0590232050182626e-07,0,1,,
2471,2.471,0.0,2.04523083278124e-06,0,1,0.0,2.9098328828438516e-07,0,1,,
2472,2.472,0.0,1.9454837480376152e-06,0,1,0.0,2.767918658540811e-07,0,1,,
2473,2.473,0.0,1.850601386021313e-06,0,1,0.0,2.6329256726285636e-07,0,1,,
2474,2.474,0.0,1.7603464914052772e-06,0,1,0.0,2.504516372327624e-07,0,1,,
2475,2.475,0.0,1.674493379941293e-06,0,1,0.0,2.382369667501822e-07,0,1,,
2476,2.476,0.0,1.5928273741318115e-06,0,1,0.0,2.2661801277657155e-07,0,1,,
2477,2.477,0.0,1.5151442664243866e-06,0,1,0.0,2.1556572187495362e-07,0,1,,
2478,2.478,0.0,1.4412498085864258e-06,0,1,0.0,2.0505245756119312e-07,0,1,,
2479,2.479,0.0,1.3709592259834301e-06,0,1,0.0,1.9505193119839082e-07,0,1,,
2480,2.48,0.0,1.3040967555461625e-06,0,1,0.0,1.8553913626159815e-07,0,1,,
2481,2.481,0.0,1.2404952062714245e-06,0,1,0.0,1.7649028580847957e-07,0,1,,
2482,2.482,0.0,1.1799955411574617e-06,0,1,0.0,1.6788275299956656e-07,0,1,,
2483,2.483,0.0,1.122446479528621e-06,0,1,0.0,1.596950145193732e-07,0,1,,
2484,2.484,0.0,1.0677041187548625e-06,0,1,0.0,1.5190659675689655e-07,0,1,,
2485,2.485,0.0,1.0156315744202298e-06,0,1,0.0,1.4449802461092475e-07,0,1,,
2486,2.486,0.0,9.660986380405092e-07,0,1,0.0,1.3745077279213997e-07,0,1,,
2487,2.487,0.0,9.189814514741972e-07,0,1,0.0,1.307472195002457e-07,0,1,,
2488,2.488,0.0,8.741621972126314e-07,0,1,0.0,1.2437060236028725e-07,0,1,,
2489,2.489,0.0,8.315288037748511e-07,0,1,0.0,1.1830497650798319e-07,0,1,,
2490,2.49,0.0,7.909746654705188e-07,0,1,0.0,1.1253517471925934e-07,0,1,,
2491,2.491,0.0,7.523983758301664e-07,0,1,0.0,1.0704676948428836e-07,0,1,,
2492,2.492,0.0,7.157034740362011e-07,0,1,0.0,1.0182603693120022e-07,0,1,,
2493,2.493,0.0,6.807982037206173e-07,0,1,0.0,9.685992250925404e-08,0,1,,
2494,2.494,0.0,6.475952835262826e-07,0,1,0.0,9.213600834566148e-08,0,1,,
2495,2.495,0.0,6.160116888580825e-07,0,1,0.0,8.764248219443656e-08,0,1,,
2496,2.496,0.0,5.859684442781868e-07,0,1,0.0,8.336810789962796e-08,0,1,,
2497,2.497,0.0,5.573904260263183e-07,0,1,0.0,7.930219729907654e-08,0,1,,
2498,2.498,0.0,5.302061741712226e-07,0,1,0.0,7.543458349844265e-08,0,1,,
2499,2.499,0.0,5.043477139236174e-07,0,1,0.0,7.175559544867466e-08,0,1,,
2500,2.5,0.0,4.797503856638133e-07,0,1,0.0,6.825603376334884e-08,0,1,6.418293973767231,5.458880617901713
2501,2.501,0.0,4.5635268325898474e-07,0,1,0.0,6.492714771541162e-08,0,1,,
2502,2.5020000000000002,0.0,4.340961002658007e-07,0,1,0.0,6.176061335580384e-08,0,1,,
2503,2.503,0.0,4.1292498363384184e-07,0,1,0.0,5.87485126992524e-08,0,1,,
2504,2.504,0.0,3.927863945439861e-07,0,1,0.0,5.588331392518275e-08,0,1,,
2505,2.505,0.0,3.736299760337863e-07,0,1,0.0,5.315785254424432e-08,0,1,,
2506,2.5060000000000002,0.0,3.5540782707883413e-07,0,1,0.0,5.056531348335534e-08,0,1,,
2507,2.507,0.0,3.380743828152487e-07,0,1,0.0,4.8099214044470297e-08,0,1,,
2508,2.508,0.0,3.215863006037831e-07,0,1,0.0,4.575338769445814e-08,0,1,,
2509,2.509,0.0,3.059023516506502e-07,0,1,0.0,4.3521968645557466e-08,0,1,,
2510,2.5100000000000002,0.0,2.9098331791406305e-07,0,1,0.0,4.139937718785175e-08,0,1,,
2511,2.511,0.0,2.767918940387025e-07,0,1,0.0,3.9380305737088204e-08,0,1,,
2512,2.512,0.0,2.6329259407289757e-07,0,1,0.0,3.745970556295258e-08,0,1,,
2513,2.513,0.0,2.5045166273526247e-07,0,1,0.0,3.5632774164613574e-08,0,1,,
2514,2.5140000000000002,0.0,2.3823699100891064e-07,0,1,0.0,3.389494326196928e-08,0,1,,
2515,2.515,0.0,2.2661803585218785e-07,0,1,0.0,3.2241867372567395e-08,0,1,,
2516,2.516,0.0,2.1556574382515883e-07,0,1,0.0,3.066941294563563e-08,0,1,,
2517,2.517,0.0,2.0505247844087418e-07,0,1,0.0,2.917364802605173e-08,0,1,,
2518,2.5180000000000002,0.0,1.950519510597578e-07,0,1,0.0,2.775083242240758e-08,0,1,,
2519,2.519,0.0,1.8553915515431486e-07,0,1,0.0,2.6397408354582516e-08,0,1,,
2520,2.52,0.0,1.764903037797876e-07,0,1,0.0,2.510999155743987e-08,0,1,,
2521,2.521,0.0,1.6788277009440355e-07,0,1,0.0,2.3885362818401313e-08,0,1,,
2522,2.5220000000000002,0.0,1.5969503078048517e-07,0,1,0.0,2.2720459927738632e-08,0,1,,
2523,2.523,0.0,1.5190661222494472e-07,0,1,0.0,2.1612370021454353e-08,0,1,,
2524,2.524,0.0,1.444980393245873e-07,0,1,0.0,2.0558322297604508e-08,0,1,,
2525,2.525,0.0,1.3745078678820873e-07,0,1,0.0,1.9555681087850532e-08,0,1,,
2526,2.5260000000000002,0.0,1.3074723281371813e-07,0,1,0.0,1.860193926691556e-08,0,1,,
2527,2.527,0.0,1.2437061502445398e-07,0,1,0.0,1.7694711983465323e-08,0,1,,
2528,2.528,0.0,1.1830498855451121e-07,0,1,0.0,1.6831730696737606e-08,0,1,,
2529,2.529,0.0,1.1253518617827126e-07,0,1,0.0,1.6010837504008715e-08,0,1,,
2530,2.5300000000000002,0.0,1.0704678038443768e-07,0,1,0.0,1.522997974471266e-08,0,1,,
2531,2.531,0.0,1.0182604729974298e-07,0,1,0.0,1.4487204867720554e-08,0,1,,
2532,2.532,0.0,9.685993237211699e-08,0,1,0.0,1.3780655548945765e-08,0,1,,
2533,2.533,0.0,9.213601772750693e-08,0,1,0.0,1.3108565047066251e-08,0,1,,
2534,2.5340000000000003,0.0,8.764249111872401e-08,0,1,0.0,1.2469252785751005e-08,0,1,,
2535,2.535,0.0,8.336811638867277e-08,0,1,0.0,1.1861120151343853e-08,0,1,,
2536,2.536,0.0,7.930220537410575e-08,0,1,0.0,1.1282646495496636e-08,0,1,,
2537,2.537,0.0,7.543459117964805e-08,0,1,0.0,1.0732385332756263e-08,0,1,,
2538,2.5380000000000003,0.0,1.0000000717556028,0,1,0.0,1.0208960723597644e-08,0,1,,
2539,2.539,0.0,0.9512294927567547,0,1,0.0,9.71106383385818e-09,0,1,,
2540,2.54,0.0,0.904837482963114,0,1,0.0,9.237449661970614e-09,0,1,,
2541,2.541,0.0,0.8607080381856775,0,1,0.0,8.786933925810623e-09,0,1,,
2542,2.5420000000000003,0.0,0.8187308118265006,0,1,0.0,8.358390101374638e-09,0,1,,
2543,2.543,0.0,0.7788008389547246,0,1,0.0,7.950746605883062e-09,0,1,,
2544,2.544,0.0,0.740818273839576,0,1,0.0,7.56298411826515e-09,0,1,,
2545,2.545,0.0,0.7046881402840323,0,1,0.0,7.194133030325398e-09,0,1,,
2546,2.5460000000000003,0.0,0.6703200941348584,0,1,0.0,6.843271022218007e-09,0,1,,
2547,2.547,0.0,0.6376281973751657,0,1,0.0,6.509520756166848e-09,0,1,,
2548,2.548,0.0,0.6065307032346066,0,1,0.0,6.1920476826640435e-09,0,1,,
2549,2.549,0.0,0.5769498517798681,0,1,0.0,5.890057953661498e-09,0,1,,
2550,2.5500000000000003,0.0,0.5488116754743362,0,1,0.0,5.60279643753728e-09,0,1,,
2551,2.551,0.0,0.5220458142207254,0,1,0.0,5.329544830873238e-09,0,1,,
2552,2.552,0.0,0.49658533942418726,0,1,0.0,5.069619862322305e-09,0,1,,
2553,2.553,0.0,0.47236658663596137,0,1,0.0,4.822371584074235e-09,0,1,,
2554,2.5540000000000003,0.0,0.4493289963590922,0,1,0.0,4.587181746647531e-09,0,1,,
2555,2.555,0.0,0.42741496261814266,0,1,0.0,4.363462252943712e-09,0,1,,
2556,2.556,0.0,0.40656968891425005,0,1,0.0,4.150653687698236e-09,0,1,,
2557,2.557,0.0,0.3867410512053364,0,1,0.0,3.948223918650959e-09,0,1,,
2558,2.5580000000000003,0.0,0.3678794675688533,0,1,0.0,3.755666765938306e-09,0,1,,
2559,2.559,0.0,0.3499377742211494,0,1,0.0,1.0000000035725007,0,1,,
2560,2.56,0.0,0.33287110758344474,0,1,0.0,0.9512294278989818,0,1,,
2561,2.561,0.0,0.3166367920995154,0,1,0.0,0.9048374212684919,0,1,,
2562,2.562,0.0,0.30119423352457425,0,1,0.0,0.8607079794999376,0,1,,
2563,2.563,0.0,0.2865048174185144,0,1,0.0,0.818730756002898,0,1,,
2564,2.564,0.0,0.2725318125896956,0,1,0.0,0.7788007858536712,0,1,,
2565,2.565,0.0,0.2592402792478326,0,1,0.0,0.7408182233282915,0,1,,
2566,2.566,0.0,0.2465969816363202,0,1,0.0,0.7046880922362122,0,1,,
2567,2.567,0.0,0.23457030492553002,0,1,0.0,0.6703200484303582,0,1,,
2568,2.568,0.0,0.22313017615926892,0,1,0.0,0.6376281538997004,0,1,,
2569,2.569,0.0,0.21224798905672432,0,1,0.0,0.6065306618794647,0,1,,
2570,2.57,0.0,0.2018965324818617,0,1,0.0,0.5769498124416403,0,1,,
2571,2.571,0.0,0.19204992240141103,0,1,0.0,0.5488116380546564,0,1,,
2572,2.572,0.0,0.182683537161301,0,1,0.0,0.522045778626025,0,1,,
2573,2.573,0.0,0.17377395591969916,0,1,0.0,0.4965853055654609,0,1,,
2574,2.574,0.0,0.16529890008270787,0,1,0.0,0.4723665544285446,0,1,,
2575,2.575,0.0,0.15723717759627523,0,1,0.0,0.4493289657224497,0,1,,
2576,2.576,0.0,0.14956862995502146,0,1,0.0,0.4274149334756669,0,1,,
2577,2.577,0.0,0.14227408179547532,0,1,0.0,0.4065696611930696,0,1,,
2578,2.578,0.0,0.13533529294767752,0,1,0.0,0.3867410248361339,0,1,,
2579,2.579,0.0,0.12873491282525482,0,1,0.0,0.367879442485692,0,1,,
2580,2.58,0.0,0.12245643703991672,0,1,0.0,0.3499377503613083,0,1,,
2581,2.581,0.0,0.1164841661318879,0,1,0.0,0.3328710848872618,0,1,,
2582,2.582,0.0,0.11080316631308129,0,1,0.0,0.31663677051023836,0,1,,
2583,2.583,0.0,0.10539923212484922,0,1,0.0,0.3011942129882187,0,1,,
2584,2.584,0.0,0.1002588509169375,0,1,0.0,0.28650479788372873,0,1,,
2585,2.585,0.0,0.09536916905882134,0,1,0.0,0.27253179400763267,0,1,,
2586,2.586,0.0,0.09071795979893392,0,1,0.0,0.25924026157202756,0,1,,
2587,2.587,0.0,0.08629359269141883,0,1,0.0,0.24659696482257434,0,1,,
2588,2.588,0.0,0.08208500451395735,0,1,0.0,0.2345702889318002,0,1,,
2589,2.589,0.0,0.07808167160395016,0,1,0.0,0.2231301609455625,0,1,,
2590,2.59,0.0,0.07427358354387925,0,1,0.0,0.2122479745849991,0,1,,
2591,2.591,0.0,0.07065121813004996,0,1,0.0,0.20189651871593087,0,1,,
2592,2.592,0.0,0.06720551756212183,0,1,0.0,0.19204990930685256,0,1,,
2593,2.593,0.0,0.06392786579388977,0,1,0.0,0.1826835247053717,0,1,,
2594,2.594,0.0,0.06081006698868065,0,1,0.0,0.17377394407125268,0,1,,
2595,2.595,0.0,0.05784432502549256,0,1,0.0,0.16529888881211696,0,1,,
2596,2.596,0.0,0.05502322400463154,0,1,0.0,0.15723716687535752,0,1,,
2597,2.597,0.0,0.052339709704099534,0,1,0.0,0.14956861975696906,0,1,,
2598,2.598,0.0,0.04978707194036504,0,1,0.0,0.1422740720947878,0,1,,
2599,2.599,0.0,0.04735892778940908,0,1,0.0,0.1353352837200981,0,1,,
2600,2.6,0.0,0.04504920562609047,0,1,0.0,0.12873490404770976,0,1,6.4150024744946075,5.901662460137225
2601,2.601,0.0,0.04285212994192037,0,1,0.0,0.1224564286904576,0,1,,
2602,2.602,0.0,0.04076220690328273,0,1,0.0,0.11648415818963671,0,1,,
2603,2.603,0.0,0.03877421061398866,0,1,0.0,0.11080315875817827,0,1,,
2604,2.604,0.0,0.03688317004781391,0,1,0.0,0.10539922493840316,0,1,,
2605,2.605,0.0,0.035084356618344,0,1,0.0,0.10025884408097854,0,1,,
2606,2.606,0.0,0.033373272355045176,0,1,0.0,0.09536916255625603,0,1,,
2607,2.607,0.0,0.03174563865599521,0,1,0.0,0.09071795361350247,0,1,,
2608,2.608,0.0,0.030197385589149944,0,1,0.0,0.08629358680765443,0,1,,
2609,2.609,0.0,0.028724641715393257,0,1,0.0,0.08208499891714753,0,1,,
2610,2.61,0.0,0.02732372440792273,0,1,0.0,0.07808166628009998,0,1,,
2611,2.611,0.0,0.025991130643764453,0,1,0.0,0.0742735784796763,0,1,,
2612,2.612,0.0,0.024723528244390933,0,1,0.0,0.07065121331283111,0,1,,
2613,2.613,0.0,0.023517747543539136,0,1,0.0,0.06720551297984152,0,1,,
2614,2.614,0.0,0.022370773461393812,0,1,0.0,0.06392786143508991,0,1,,
2615,2.615,0.0,0.021279737965317482,0,1,0.0,0.060810062842461966,0,1,,
2616,2.616,0.0,0.020241912898274945,0,1,0.0,0.05784432108148735,0,1,,
2617,2.617,0.0,0.019254703157019656,0,1,0.0,0.05502322025297773,0,1,,
2618,2.618,0.0,0.018315640202983888,0,1,0.0,0.05233970613541603,0,1,,
2619,2.619,0.0,0.017422375889646503,0,1,0.0,0.049787068545728286,0,1,,
2620,2.62,0.0,0.01657267659094356,0,1,0.0,0.047358924560330716,0,1,,
2621,2.621,0.0,0.015764417616039698,0,1,0.0,0.04504920255449612,0,1,,
2622,2.622,0.0,0.01499557789649436,0,1,0.0,0.04285212702012944,0,1,,
2623,2.623,0.0,0.014264234932537957,0,1,0.0,0.04076220412398922,0,1,,
2624,2.624,0.0,0.013568559985821063,0,1,0.0,0.0387742079702429,0,1,,
2625,2.625,0.0,0.012906813506615987,0,1,0.0,0.03688316753300515,0,1,,
2626,2.626,0.0,0.012277340784036368,0,1,0.0,0.03508435422618391,0,1,,
2627,2.6270000000000002,0.0,0.01167856780839806,0,1,0.0,0.03337327007955211,0,1,,
2628,2.628,0.0,0.011108997335375051,0,1,0.0,0.031745636491479254,0,1,,
2629,2.629,0.0,0.010567205142108776,0,1,0.0,0.030197383530198678,0,1,,
2630,2.63,0.0,0.010051836465909117,0,1,0.0,0.02872463975685823,0,1,,
2631,2.6310000000000002,0.0,0.00956160261664202,0,1,0.0,0.027323722544906583,0,1,,
2632,2.632,0.0,0.00909527775433291,0,1,0.0,0.025991128871608673,0,1,,
2633,2.633,0.0,0.008651695823928239,0,1,0.0,0.02472352655866421,0,1,,
2634,2.634,0.0,0.00822974763955049,0,1,0.0,0.023517745940026275,0,1,,
2635,2.6350000000000002,0.0,0.007828378110955722,0,1,0.0,0.022370771936085197,0,1,,
2636,2.636,0.0,0.007446583605258399,0,1,0.0,0.021279736514399045,0,1,,
2637,2.637,0.0,0.007083409437326399,0,1,0.0,0.020241911518118633,0,1,,
2638,2.638,0.0,0.006737947482570917,0,1,0.0,0.01925470184417436,0,1,,
2639,2.6390000000000002,0.0,0.006409333906161968,0,1,0.0,0.018315638954166814,0,1,,
2640,2.64,0.0,0.006096747002991362,0,1,0.0,0.01742237470173496,0,1,,
2641,2.641,0.0,0.005799405142981926,0,1,0.0,0.016572675460967145,0,1,,
2642,2.642,0.0,0.005516564816605179,0,1,0.0,0.015764416541172884,0,1,,
2643,2.6430000000000002,0.0,0.005247518775720232,0,1,0.0,0.01499557687404942,0,1,,
2644,2.644,0.0,0.004991594265085047,0,1,0.0,0.014264233959958246,0,1,,
2645,2.645,0.0,0.004748151340117914,0,1,0.0,0.013568559060674622,0,1,,
2646,2.646,0.0,0.004516581266702657,0,1,0.0,0.01290681262658947,0,1,,
2647,2.6470000000000002,0.0,0.004296304999036275,0,1,0.0,0.01227733994692925,0,1,,
2648,2.648,0.0,0.0040867717317128165,0,1,0.0,0.011678567012117138,0,1,,
2649,2.649,0.0,0.003887457522422969,0,1,0.0,0.01110899657792921,0,1,,
2650,2.65,0.0,0.0036978639818253723,0,1,0.0,0.010567204421604004,0,1,,
2651,2.6510000000000002,0.0,0.0035175170273136678,0,1,0.0,0.010051835780543777,0,1,,
2652,2.652,0.0,0.0033459656975630427,0,1,0.0,0.009561601964702343,0,1,,
2653,2.653,0.0,0.0031827810248920233,0,1,0.0,0.009095277134188706,0,1,,
2654,2.654,0.0,0.003027554962619832,0,1,0.0,0.008651695234028827,0,1,,
2655,2.6550000000000002,0.0,0.0028798993647371433,0,1,0.0,0.00822974707842081,0,1,,
2656,2.656,0.0,0.0027394450153388848,0,1,0.0,0.007828377577192661,0,1,,
2657,2.657,0.0,0.002605840705392157,0,1,0.0,0.007446583097527269,0,1,,
2658,2.658,0.0,0.0024787523545307163,0,1,0.0,0.007083408954357608,0,1,,
2659,2.6590000000000003,0.0,0.002357862175680043,0,1,0.0,0.006737947023156792,0,1,,
2660,2.66,0.0,0.002242867880424129,0,1,0.0,0.006409333469153735,0,1,,
2661,2.661,0.0,0.0021334819231269802,0,1,0.0,0.006096746587296272,0,1,,
2662,2.662,0.0,0.002029430781918754,0,1,0.0,0.005799404747560525,0,1,,
2663,2.6630000000000003,0.0,0.0019304542747486106,0,1,0.0,0.0055165644404687065,0,1,,
2664,2.664,0.0,0.001836304908794064,0,1,0.0,0.005247518417928151,0,1,,
2665,2.665,0.0,0.0017467472616000137,0,1,0.0,0.004991593924742692,0,1,,
2666,2.666,0.0,0.0016615573923999792,0,1,0.0,0.004748151016374252,0,1,,
2667,2.6670000000000003,0.0,0.0015805222821475393,0,1,0.0,0.00451658095874816,0,1,,
2668,2.668,0.0,0.001503439300857759,0,1,0.0,0.0042963047061008956,0,1,,
2669,2.669,0.0,0.001430115700926682,0,1,0.0,0.004086771453064064,0,1,,
2670,2.67,0.0,0.001360368135161923,0,1,0.0,0.003887457257364076,0,1,,
2671,2.6710000000000003,0.0,0.0012940221983191854,0,1,0.0,0.0036978637296935543,0,1,,
2672,2.672,0.0,0.0012309119909983076,0,1,0.0,0.0035175167874784636,0,1,,
2673,2.673,0.0,0.0011708797048083483,0,1,0.0,0.0033459654694247393,0,1,,
2674,2.674,0.0,0.001113775227764411,0,1,0.0,0.003182780807880156,0,1,,
2675,2.6750000000000003,0.0,0.0010594557689294925,0,1,0.0,0.0030275547561917585,0,1,,
2676,2.676,0.0,0.0010077855013627627,0,1,0.0,0.002879899168376686,0,1,,
2677,2.677,0.0,0.0009586352224814643,0,1,0.0,0.00273944482855504,0,1,,
2678,2.678,0.0,0.0009118820309871573,0,1,0.0,0.0026058405277178676,0,1,,
2679,2.6790000000000003,0.0,0.0008674090195484559,0,1,0.0,0.002478752185521704,0,1,,
2680,2.68,0.0,0.0008251049824718063,0,1,0.0,0.002357862014913698,0,1,,
2681,2.681,0.0,0.000784864137629328,0,1,0.0,0.0022428677274984508,0,1,,
2682,2.682,0.0,0.0007465858619483948,0,1,0.0,0.0021334817776595756,0,1,,
2683,2.6830000000000003,0.0,0.0007101744398015412,0,1,0.0,0.0020294306435458785,0,1,,
2684,2.684,0.0,0.000675538823667537,0,1,0.0,0.0019304541431242597,0,1,,
2685,2.685,0.0,0.0006425924064651606,0,1,0.0,0.0018363047835891085,0,1,,
2686,2.686,0.0,0.0006112528049903836,0,1,0.0,0.0017467471425013758,0,1,,
2687,2.6870000000000003,0.0,0.0005814416539154497,0,1,0.0,0.0016615572791098504,0,1,,
2688,2.688,0.0,0.0005530844098347366,0,1,0.0,0.0015805221743826353,0,1,,
2689,2.689,0.0,0.0005261101648674135,0,1,0.0,0.0015034391983486113,0,1,,
2690,2.69,0.0,0.0005004514693508056,0,1,0.0,0.0014301156034169644,0,1,,
2691,2.691,0.0,0.0004760441631811035,0,1,0.0,0.0013603680424078104,0,1,,
2692,2.692,0.0,0.0004528272153796851,0,1,0.0,0.0012940221100887445,0,1,,
2693,2.693,0.0,0.00043074257148387874,0,1,0.0,0.0012309119070709159,0,1,,
2694,2.694,0.0,0.00040973500838056766,0,1,0.0,0.0011708796249741437,0,1,,
2695,2.695,0.0,0.0003897519962196426,0,1,0.0,0.0011137751518237667,0,1,,
2696,2.696,0.0,0.0003707435670620151,0,1,0.0,0.001059455696692517,0,1,,
2697,2.697,0.0,0.0003526621899337425,0,1,0.0,0.001007785432648826,0,1,,
2698,2.698,0.0,0.0003354626519738354,0,1,0.0,0.0009586351571187459,0,1,,
2699,2.699,0.0,0.00031910194537855476,0,1,0.0,0.0009118819688122161,0,1,,
2700,2.7,0.0,0.00030353915985950093,0,1,0.0,0.0008674089604058224,0,1,6.4134221106620375,6.407010830422996
2701,2.701,0.0,0.0002887353803465833,0,1,0.0,0.0008251049262135931,0,1,,
2702,2.702,0.0,0.0002746535896800752,0,1,0.0,0.0007848640841148603,0,1,,
2703,2.703,0.0,0.0002612585760484332,0,1,0.0,0.0007465858110438585,0,1,,
2704,2.704,0.0,0.00024851684494042714,0,1,0.0,0.0007101743913796484,0,1,,
2705,2.705,0.0,0.00023639653539141568,0,1,0.0,0.0006755387776072077,0,1,,
2706,2.706,0.0,0.000224867340314339,0,1,0.0,0.00064259236265122,0,1,,
2707,2.707,0.0,0.00021390043071621491,0,1,0.0,0.0006112527633132741,0,1,,
2708,2.708,0.0,0.00020346838361063997,0,1,0.0,0.0005814416142709568,0,1,,
2709,2.709,0.0,0.00019354511344603958,0,1,0.0,0.0005530843721237284,0,1,,
2710,2.71,0.0,0.00018410580687820165,0,1,0.0,0.000526110128995593,0,1,,
2711,2.711,0.0,0.00017512686072399135,0,1,0.0,0.0005004514352284743,0,1,,
2712,2.712,0.0,0.000166585822941099,0,1,0.0,0.00047604413072293797,0,1,,
2713,2.713,0.0,0.00015846133648623944,0,1,0.0,0.0004528271845045229,0,1,,
2714,2.714,0.0,0.00015073308591141953,0,1,0.0,0.000430742542114516,0,1,,
2715,2.715,0.0,0.0001433817465647363,0,1,0.0,0.0004097349804435656,0,1,,
2716,2.716,0.0,0.00013638893626868133,0,1,0.0,0.0003897519696451442,0,1,,
2717,2.717,0.0,0.0001297371693551223,0,1,0.0,0.0003707435417835703,0,1,,
2718,2.718,0.0,0.00012340981294202465,0,1,0.0,0.000352662165888142,0,1,,
2719,2.719,0.0,0.00011739104534258288,0,1,0.0,0.0003354626291009526,0,1,,
2720,2.72,0.0,0.00011166581650276234,0,1,0.0,0.00031910192362119566,0,1,,
2721,2.721,0.0,0.00010621981036832496,0,1,0.0,0.00030353913916326074,0,1,,
2722,2.722,0.0,0.00010103940908723672,0,1,0.0,0.0002887353606597107,0,1,,
2723,2.723,0.0,9.61116589579444e-05,0,1,0.0,0.0002746535709533427,0,1,,
2724,2.724,0.0,9.142423803837436e-05,0,1,0.0,0.0002612585582350142,0,1,,
2725,2.725,0.0,8.696542533465913e-05,0,1,0.0,0.0002485168279957788,0,1,,
2726,2.726,0.0,8.272407149254762e-05,0,1,0.0,0.00023639651927316761,0,1,,
2727,2.727,0.0,7.868957091821199e-05,0,1,0.0,0.00022486732498218717,0,1,,
2728,2.728,0.0,7.485183525873892e-05,0,1,0.0,0.00021390041613182095,0,1,,
2729,2.729,0.0,7.120126817599248e-05,0,1,0.0,0.0002034683697375353,0,1,,
2730,2.73,0.0,6.772874135077032e-05,0,1,0.0,0.0001935451002495342,0,1,,
2731,2.731,0.0,6.442557165725096e-05,0,1,0.0,0.0001841057943252974,0,1,,
2732,2.732,0.0,6.128349945065635e-05,0,1,0.0,0.00017512684878329948,0,1,,
2733,2.733,0.0,5.8294667913837656e-05,0,1,0.0,0.00016658581158276154,0,1,,
2734,2.734,0.0,5.545160341114003e-05,0,1,0.0,0.00015846132568185465,0,1,,
2735,2.735,0.0,5.2747196800420566e-05,0,1,0.0,0.00015073307563397083,0,1,,
2736,2.736,0.0,5.0174685656489957e-05,0,1,0.0,0.00014338173678852468,0,1,,
2737,2.737,0.0,4.772763736152717e-05,0,1,0.0,0.00013638892696926118,0,1,,
2738,2.738,0.0,4.539993302018426e-05,0,1,0.0,0.00012973716050924023,0,1,,
2739,2.739,0.0,4.3185752159160836e-05,0,1,0.0,0.00012340980452756135,0,1,,
2740,2.74,0.0,4.107955817298903e-05,0,1,0.0,0.00011739103733849779,0,1,,
2741,2.741,0.0,3.907608447963596e-05,0,1,0.0,0.00011166580888904108,0,1,,
2742,2.742,0.0,3.717032135130539e-05,0,1,0.0,0.00010621980312592927,0,1,,
2743,2.743,0.0,3.5357503387508835e-05,0,1,0.0,0.00010103940219805683,0,1,,
2744,2.744,0.0,3.363309759908208e-05,0,1,0.0,9.611165240475378e-05,0,1,,
2745,2.745,0.0,3.199279207335119e-05,0,1,0.0,9.142423180478661e-05,0,1,,
2746,2.746,0.0,3.043248519210486e-05,0,1,0.0,8.696541940508704e-05,0,1,,
2747,2.747,0.0,2.8948275375412406e-05,0,1,0.0,8.272406585216418e-05,0,1,,
2748,2.748,0.0,2.7536451325641734e-05,0,1,0.0,7.86895655529133e-05,0,1,,
2749,2.749,0.0,2.619348274728211e-05,0,1,0.0,7.485183015510893e-05,0,1,,
2750,2.75,0.0,2.4916011519366542e-05,0,1,0.0,7.120126332126945e-05,0,1,,
2751,2.751,0.0,2.3700843298420196e-05,0,1,0.0,6.772873673281493e-05,0,1,,
2752,2.7520000000000002,0.0,2.2544939530937848e-05,0,1,0.0,6.442556726451591e-05,0,1,,
2753,2.753,0.0,2.1445409855417406e-05,0,1,0.0,6.128349527215752e-05,0,1,,
2754,2.754,0.0,2.039950487495064e-05,0,1,0.0,5.8294663939126626e-05,0,1,,
2755,2.755,0.0,1.9404609282298807e-05,0,1,0.0,5.545159963027795e-05,0,1,,
2756,2.7560000000000002,0.0,1.8458235320262308e-05,0,1,0.0,5.27471932039533e-05,0,1,,
2757,2.757,0.0,1.7558016560991866e-05,0,1,0.0,5.017468223542447e-05,0,1,,
2758,2.758,0.0,1.6701701988686298e-05,0,1,0.0,4.772763410730902e-05,0,1,,
2759,2.759,0.0,1.5887150370880497e-05,0,1,0.0,4.539992992467621e-05,0,1,,
2760,2.7600000000000002,0.0,1.511232490424896e-05,0,1,0.0,4.318574921462249e-05,0,1,,
2761,2.761,0.0,1.4375288121536546e-05,0,1,0.0,4.107955537205752e-05,0,1,,
2762,2.762,0.0,1.3674197046881158e-05,0,1,0.0,3.907608181530749e-05,0,1,,
2763,2.763,0.0,1.3007298587414128e-05,0,1,0.0,3.7170318816917756e-05,0,1,,
2764,2.7640000000000002,0.0,1.2372925149614892e-05,0,1,0.0,3.535750097672474e-05,0,1,,
2765,2.765,0.0,1.1769490469458584e-05,0,1,0.0,3.363309530587331e-05,0,1,,
2766,2.766,0.0,1.1195485645929728e-05,0,1,0.0,3.1992789891983535e-05,0,1,,
2767,2.767,0.0,1.064947536798374e-05,0,1,0.0,3.043248311712376e-05,0,1,,
2768,2.7680000000000002,0.0,1.0130094325521702e-05,0,1,0.0,2.894827340162933e-05,0,1,,
2769,2.769,0.0,9.636043795403958e-06,0,1,0.0,2.7536449448121195e-05,0,1,,
2770,2.77,0.0,9.166088393965784e-06,0,1,0.0,2.6193480961329328e-05,0,1,,
2771,2.771,0.0,8.719052987914746e-06,0,1,0.0,2.4916009820515705e-05,0,1,,
2772,2.7720000000000002,0.0,8.293819755885375e-06,0,1,0.0,2.3700841682423292e-05,0,1,,
2773,2.773,0.0,7.889325393303499e-06,0,1,0.0,2.2544937993754042e-05,0,1,,
2774,2.774,0.0,7.504558453570956e-06,0,1,0.0,2.1445408393202938e-05,0,1,,
2775,2.775,0.0,7.138556818922269e-06,0,1,0.0,2.0399503484049214e-05,0,1,,
2776,2.7760000000000002,0.0,6.790405294629078e-06,0,1,0.0,1.9404607959232446e-05,0,1,,
2777,2.777,0.0,6.45923332053662e-06,0,1,0.0,1.8458234061722652e-05,0,1,,
2778,2.778,0.0,6.144212794209885e-06,0,1,0.0,1.7558015363831914e-05,0,1,,
2779,2.779,0.0,5.844556000246192e-06,0,1,0.0,1.6701700849912527e-05,0,1,,
2780,2.7800000000000002,0.0,5.559513640576381e-06,0,1,0.0,1.588714928764538e-05,0,1,,
2781,2.781,0.0,5.28837296082934e-06,0,1,0.0,1.5112323873843843e-05,0,1,,
2782,2.782,0.0,5.03045596807483e-06,0,1,0.0,1.437528714138488e-05,0,1,,
2783,2.783,0.0,4.7851177354880026e-06,0,1,0.0,1.3674196114532054e-05,0,1,,
2784,2.7840000000000003,0.0,4.551744789696412e-06,0,1,0.0,1.3007297700536226e-05,0,1,,
2785,2.785,0.0,4.3297535767770415e-06,0,1,0.0,1.2372924305990534e-05,0,1,,
2786,2.786,0.0,4.118589003067533e-06,0,1,0.0,1.1769489666978272e-05,0,1,,
2787,2.787,0.0,3.917723047142899e-06,0,1,0.0,1.1195484882586843e-05,0,1,,
2788,2.7880000000000003,0.0,3.7266534394869233e-06,0,1,0.0,1.0649474641869527e-05,0,1,,
2789,2.789,0.0,3.5449024065567524e-06,0,1,0.0,1.0130093634820498e-05,0,1,,
2790,2.79,0.0,3.372015476100176e-06,0,1,0.0,9.63604313838865e-06,0,1,,
2791,2.791,0.0,3.2075603407382715e-06,0,1,0.0,9.166087768993489e-06,0,1,,
2792,2.7920000000000003,0.0,3.0511257769717804e-06,0,1,0.0,8.71905239342271e-06,0,1,,
2793,2.793,0.0,2.9023206169081607e-06,0,1,0.0,8.293819190387059e-06,0,1,,
2794,2.794,0.0,2.760772770138107e-06,0,1,0.0,7.88932485538486e-06,0,1,,
2795,2.795,0.0,2.6261282933157135e-06,0,1,0.0,7.504557941886919e-06,0,1,,
2796,2.7960000000000003,0.0,2.4980505051157485e-06,0,1,0.0,7.138556332193357e-06,0,1,,
2797,2.797,0.0,2.3762191443549714e-06,0,1,0.0,6.790404831638214e-06,0,1,,
2798,2.798,0.0,2.2603295691723587e-06,0,1,0.0,6.4592328801260865e-06,0,1,,
2799,2.799,0.0,2.1500919952657695e-06,0,1,0.0,6.144212375278427e-06,0,1,,
2800,2.8000000000000003,0.0,2.04523077128025e-06,0,1,0.0,5.844555601746262e-06,0,1,6.412968478786557,6.409926466600937
2801,2.801,0.0,1.9454836895360637e-06,0,1,0.0,5.559513261511521e-06,0,1,,
2802,2.802,0.0,1.8506013303729156e-06,0,1,0.0,5.288372600251692e-06,0,1,,
2803,2.803,0.0,1.7603464384708843e-06,0,1,0.0,5.030455625082762e-06,0,1,,
2804,2.8040000000000003,0.0,1.6744933295885408e-06,0,1,0.0,4.785117409223855e-06,0,1,,
2805,2.805,0.0,1.592827326234792e-06,0,1,0.0,4.551744479344355e-06,0,1,,
2806,2.806,0.0,1.5151442208633324e-06,0,1,0.0,4.329753281561033e-06,0,1,,
2807,2.807,0.0,1.4412497652474103e-06,0,1,0.0,4.118588722249379e-06,0,1,,
2808,2.8080000000000003,0.0,1.3709591847580833e-06,0,1,0.0,3.917722780020408e-06,0,1,,
2809,2.809,0.0,1.3040967163313996e-06,0,1,0.0,3.72665318539215e-06,0,1,,
2810,2.81,0.0,1.240495168969188e-06,0,1,0.0,3.5449021648543275e-06,0,1,,
2811,2.811,0.0,1.1799955056744767e-06,0,1,0.0,3.372015246185717e-06,0,1,,
2812,2.8120000000000003,0.0,1.1224464457761616e-06,0,1,0.0,3.2075601220368734e-06,0,1,,
2813,2.813,0.0,1.06770408664853e-06,0,1,0.0,3.0511255689365752e-06,0,1,,
2814,2.814,0.0,1.0156315438797418e-06,0,1,0.0,2.902320419018952e-06,0,1,,
2815,2.815,0.0,9.660986089894984e-07,0,1,0.0,2.760772581900069e-06,0,1,,
2816,2.816,0.0,9.189814238400209e-07,0,1,0.0,2.626128114258153e-06,0,1,,
2817,2.817,0.0,8.741621709261898e-07,0,1,0.0,2.4980503347909283e-06,0,1,,
2818,2.818,0.0,8.315287787704143e-07,0,1,0.0,2.3762189823369906e-06,0,1,,
2819,2.819,0.0,7.909746416855627e-07,0,1,0.0,2.260329415056088e-06,0,1,,
2820,2.82,0.0,7.523983532052162e-07,0,1,0.0,2.150091848665838e-06,0,1,,
2821,2.821,0.0,7.157034525146827e-07,0,1,0.0,2.045230631830081e-06,0,1,,
2822,2.822,0.0,6.807981832487157e-07,0,1,0.0,1.94548355688696e-06,0,1,,
2823,2.823,0.0,6.475952640528076e-07,0,1,0.0,1.850601204193185e-06,0,1,,
2824,2.824,0.0,6.160116703343401e-07,0,1,0.0,1.7603463184450116e-06,0,1,,
2825,2.825,0.0,5.859684266578579e-07,0,1,0.0,1.6744932154163991e-06,0,1,,
2826,2.826,0.0,5.57390409265343e-07,0,1,0.0,1.5928272176308915e-06,0,1,,
2827,2.827,0.0,5.302061582276897e-07,0,1,0.0,1.5151441175561065e-06,0,1,,
2828,2.828,0.0,5.043476987576597e-07,0,1,0.0,1.4412496669785374e-06,0,1,,
2829,2.829,0.0,4.797503712375082e-07,0,1,0.0,1.3709590912818399e-06,0,1,,
2830,2.83,0.0,4.563526695362588e-07,0,1,0.0,1.3040966274140463e-06,0,1,,
2831,2.831,0.0,4.3409608721234e-07,0,1,0.0,1.2404950843883853e-06,0,1,,
2832,2.832,0.0,4.129249712170059e-07,0,1,0.0,1.1799954252187284e-06,0,1,,
2833,2.833,0.0,3.9278638273272645e-07,0,1,0.0,1.1224463692442864e-06,0,1,,
2834,2.834,0.0,3.736299647985686e-07,0,1,0.0,1.0677040138491586e-06,0,1,,
2835,2.835,0.0,3.5540781639156443e-07,0,1,0.0,1.0156314746308374e-06,0,1,,
2836,2.836,0.0,3.3807437264920325e-07,0,1,0.0,9.66098543117903e-07,0,1,,
2837,2.837,0.0,3.2158629093354153e-07,0,1,0.0,9.189813611810212e-07,0,1,,
2838,2.838,0.0,3.059023424520319e-07,0,1,0.0,8.741621113231056e-07,0,1,,
2839,2.839,0.0,2.9098330916406664e-07,0,1,0.0,8.315287220742069e-07,0,1,,
2840,2.84,0.0,2.7679188571544843e-07,0,1,0.0,7.909745877544619e-07,0,1,,
2841,2.841,0.0,2.632925861555734e-07,0,1,0.0,7.523983019043663e-07,0,1,,
2842,2.842,0.0,2.5045165520407077e-07,0,1,0.0,7.157034037158049e-07,0,1,,
2843,2.843,0.0,2.382369838450195e-07,0,1,0.0,6.807981368297873e-07,0,1,,
2844,2.844,0.0,2.266180290376838e-07,0,1,0.0,6.475952198977569e-07,0,1,,
2845,2.845,0.0,2.1556573734300206e-07,0,1,0.0,6.160116283327566e-07,0,1,,
2846,2.846,0.0,2.0505247227485594e-07,0,1,0.0,5.859683867047158e-07,0,1,,
2847,2.847,0.0,1.9505194519445984e-07,0,1,0.0,5.573903712607386e-07,0,1,,
2848,2.848,0.0,1.8553914957507085e-07,0,1,0.0,5.302061220765917e-07,0,1,,
2849,2.849,0.0,1.7649029847264654e-07,0,1,0.0,5.043476643696716e-07,0,1,,
2850,2.85,0.0,1.678827650460948e-07,0,1,0.0,4.79750338526642e-07,0,1,,
2851,2.851,0.0,1.5969502597838535e-07,0,1,0.0,4.563526384207204e-07,0,1,,
2852,2.852,0.0,1.5190660765704607e-07,0,1,0.0,4.340960576143243e-07,0,1,,
2853,2.853,0.0,1.4449803497946768e-07,0,1,0.0,4.129249430625025e-07,0,1,,
2854,2.854,0.0,1.374507826550031e-07,0,1,0.0,3.927863559513344e-07,0,1,,
2855,2.855,0.0,1.3074722888209133e-07,0,1,0.0,3.736299393233204e-07,0,1,,
2856,2.856,0.0,1.2437061128457487e-07,0,1,0.0,3.5540779215875877e-07,0,1,,
2857,2.857,0.0,1.1830498499702816e-07,0,1,0.0,3.3807434959824546e-07,0,1,,
2858,2.858,0.0,1.125351827942887e-07,0,1,0.0,3.215862690067922e-07,0,1,,
2859,2.859,0.0,1.070467771654939e-07,0,1,0.0,3.0590232159466277e-07,0,1,,
2860,2.86,0.0,1.0182604423778894e-07,0,1,0.0,2.909832893239234e-07,0,1,,
2861,2.861,0.0,9.685992945949621e-08,0,1,0.0,2.767918668429204e-07,0,1,,
2862,2.862,0.0,9.213601495693634e-08,0,1,0.0,2.6329256820346946e-07,0,1,,
2863,2.863,0.0,8.764248848327574e-08,0,1,0.0,2.5045163812750126e-07,0,1,,
2864,2.864,0.0,8.336811388175683e-08,0,1,0.0,2.382369676012841e-07,0,1,,
2865,2.865,0.0,7.930220298945354e-08,0,1,0.0,2.2661801358616474e-07,0,1,,
2866,2.866,0.0,7.543458891129669e-08,0,1,0.0,2.1556572264506248e-07,0,1,,
2867,2.867,0.0,7.175560059754069e-08,0,1,0.0,2.0505245829374332e-07,0,1,,
2868,2.868,0.0,6.825603866110173e-08,0,1,0.0,1.9505193189521412e-07,0,1,,
2869,2.869,0.0,6.492715237429828e-08,0,1,0.0,1.8553913692443698e-07,0,1,,
2870,2.87,0.0,6.176061778747392e-08,0,1,0.0,1.7649028643899136e-07,0,1,,
2871,2.871,0.0,5.874851691478738e-08,0,1,0.0,1.6788275359932793e-07,0,1,,
2872,2.872,0.0,5.588331793512366e-08,0,1,0.0,1.5969501508988388e-07,0,1,,
2873,2.873,0.0,5.315785635861811e-08,0,1,0.0,1.519065972995831e-07,0,1,,
2874,2.874,0.0,5.056531711169993e-08,0,1,0.0,1.4449802512714413e-07,0,1,,
2875,2.875,0.0,4.8099217495858433e-08,0,1,0.0,1.3745077328318302e-07,0,1,,
2876,2.876,0.0,4.575339097752009e-08,0,1,0.0,1.307472199673403e-07,0,1,,
2877,2.8770000000000002,0.0,4.3521971768502595e-08,0,1,0.0,1.2437060280460137e-07,0,1,,
2878,2.878,0.0,4.1399380158489044e-08,0,1,0.0,1.1830497693062785e-07,0,1,,
2879,2.879,0.0,3.9380308562845815e-08,0,1,0.0,1.1253517512129138e-07,0,1,,
2880,2.88,0.0,3.7459708250896366e-08,0,1,0.0,1.0704676986671307e-07,0,1,,
2881,2.8810000000000002,0.0,3.56327767214648e-08,0,1,0.0,1.0182603729497385e-07,0,1,,
2882,2.882,0.0,3.3894945694121404e-08,0,1,0.0,9.685992285528621e-08,0,1,,
2883,2.883,0.0,3.224186968610206e-08,0,1,0.0,9.213600867481747e-08,0,1,,
2884,2.884,0.0,3.066941514633788e-08,0,1,0.0,8.764248250753942e-08,0,1,,
2885,2.8850000000000002,0.0,2.917365011942446e-08,0,1,0.0,8.336810819746062e-08,0,1,,
2886,2.886,0.0,2.7750834413685318e-08,0,1,0.0,7.930219758238371e-08,0,1,,
2887,2.887,0.0,2.6397410248744493e-08,0,1,0.0,7.543458376793277e-08,0,1,,
2888,2.888,0.0,2.5109993359222473e-08,0,1,0.0,7.17555957050216e-08,0,1,,
2889,2.8890000000000002,0.0,2.3885364532309943e-08,0,1,0.0,6.82560340071936e-08,0,1,,
2890,2.89,0.0,2.2720461558058954e-08,0,1,0.0,6.492714794736393e-08,0,1,,
2891,2.891,0.0,2.1612371572263014e-08,0,1,0.0,6.176061357644371e-08,0,1,,
2892,2.892,0.0,2.0558323772779337e-08,0,1,0.0,5.8748512909131535e-08,0,1,,
2893,2.8930000000000002,0.0,1.9555682491080236e-08,0,1,0.0,5.588331412482596e-08,0,1,,
2894,2.894,0.0,1.8601940601708943e-08,0,1,0.0,5.315785273415082e-08,0,1,,
2895,2.895,0.0,1.7694713253160064e-08,0,1,0.0,5.0565313663999994e-08,0,1,,
2896,2.896,0.0,1.6831731904508605e-08,0,1,0.0,4.809921421630481e-08,0,1,,
2897,2.8970000000000002,0.0,1.6010838652876027e-08,0,1,0.0,4.5753387857912186e-08,0,1,,
2898,2.898,0.0,1.5229980837549052e-08,0,1,0.0,4.352196880103977e-08,0,1,,
2899,2.899,0.0,1.4487205907258687e-08,0,1,0.0,4.1399377335751085e-08,0,1,,
2900,2.9,0.0,1.3780656537785026e-08,0,1,0.0,3.938030587777441e-08,0,1,6.408779973724404,6.413272649370521
2901,2.9010000000000002,0.0,1.000000013108566,0,1,0.0,3.7459705696777436e-08,0,1,,
2902,2.902,0.0,0.9512294369699678,0,1,0.0,3.563277429191172e-08,0,1,,
2903,2.903,0.0,0.9048374298970806,0,1,0.0,3.389494338305902e-08,0,1,,
2904,2.904,0.0,0.8607079877077052,0,1,0.0,3.224186748775152e-08,0,1,,
2905,2.9050000000000002,0.0,0.818730763810368,0,1,0.0,3.066941305520216e-08,0,1,,
2906,2.906,0.0,0.7788007932803664,0,1,0.0,2.9173648130274637e-08,0,1,,
2907,2.907,0.0,0.7408182303927825,0,1,0.0,2.7750832521547475e-08,0,1,,
2908,2.908,0.0,0.7046880989561639,0,1,0.0,2.6397408448887303e-08,0,1,,
2909,2.9090000000000003,0.0,0.670320054822574,0,1,0.0,2.5109991647145356e-08,0,1,,
2910,2.91,0.0,0.6376281599801641,0,1,0.0,2.3885362903731812e-08,0,1,,
2911,2.911,0.0,0.6065306676633807,0,1,0.0,2.2720460008907516e-08,0,1,,
2912,2.912,0.0,0.5769498179434714,0,1,0.0,2.1612370098664585e-08,0,1,,
2913,2.9130000000000003,0.0,0.54881164328816,0,1,0.0,2.0558322371049153e-08,0,1,,
2914,2.914,0.0,0.5220457836042875,0,1,0.0,1.955568115771324e-08,0,1,,
2915,2.915,0.0,0.4965853103009307,0,1,0.0,1.8601939333371022e-08,0,1,,
2916,2.916,0.0,0.47236655893306284,0,1,0.0,1.7694712046679713e-08,0,1,,
2917,2.9170000000000003,0.0,0.44932897000728,0,1,0.0,1.6831730756868995e-08,0,1,,
2918,2.918,0.0,0.42741493755152354,0,1,0.0,1.601083756120746e-08,0,1,,
2919,2.919,0.0,0.40656966507014436,0,1,0.0,1.5229979799121787e-08,0,1,,
2920,2.92,0.0,0.38674102852412146,0,1,0.0,1.4487204919476118e-08,0,1,,
2921,2.9210000000000003,0.0,0.3678794459938143,0,1,0.0,1.378065559817718e-08,0,1,,
2922,2.922,0.0,0.34993775369833746,0,1,0.0,1.3108565093896622e-08,0,1,,
2923,2.923,0.0,0.33287108806154214,0,1,0.0,1.2469252830297432e-08,0,1,,
2924,2.924,0.0,0.3166367735297072,0,1,0.0,1.1861120193717727e-08,0,1,,
2925,2.9250000000000003,0.0,0.30119421586042633,0,1,0.0,1.1282646535803911e-08,0,1,,
2926,2.926,0.0,0.28650480061585715,0,1,0.0,1.0732385371097729e-08,0,1,,
2927,2.927,0.0,0.2725317966065136,0,1,0.0,1.0208960760069174e-08,0,1,,
2928,2.928,0.0,0.25924026404415956,0,1,0.0,9.711063868550973e-09,0,1,,
2929,2.9290000000000003,0.0,0.24659696717413904,0,1,0.0,9.23744969497142e-09,0,1,,
2930,2.93,0.0,0.23457029116867775,0,1,0.0,8.78693395720196e-09,0,1,,
2931,2.931,0.0,0.22313016307334627,0,1,0.0,8.358390131235001e-09,0,1,,
2932,2.932,0.0,0.21224797660900963,0,1,0.0,7.950746634287118e-09,0,1,,
2933,2.9330000000000003,0.0,0.20189652064122923,0,1,0.0,7.562984145283924e-09,0,1,,
2934,2.934,0.0,0.192049911138253,0,1,0.0,7.194133056026452e-09,0,1,,
2935,2.935,0.0,0.18268352644745367,0,1,0.0,6.843271046665604e-09,0,1,,
2936,2.936,0.0,0.17377394572837232,0,1,0.0,6.5095207794221215e-09,0,1,,
2937,2.9370000000000003,0.0,0.1652988903884179,0,1,0.0,6.192047704785144e-09,0,1,,
2938,2.938,0.0,0.15723716837478138,0,1,0.0,5.89005797470374e-09,0,1,,
2939,2.939,0.0,0.14956862118326517,0,1,0.0,5.60279645755328e-09,0,1,,
2940,2.94,0.0,0.14227407345152263,0,1,0.0,5.329544849913046e-09,0,1,,
2941,2.9410000000000003,0.0,0.1353352850106642,0,1,0.0,1.0000000050696198,0,1,,
2942,2.942,0.0,0.1287349052753342,0,1,0.0,0.9512294293230856,0,1,,
2943,2.943,0.0,0.12245642985821009,0,1,0.0,0.9048374226231414,0,1,,
2944,2.944,0.0,0.11648415930043723,0,1,0.0,0.8607079807885201,0,1,,
2945,2.945,0.0,0.1108031598148044,0,1,0.0,0.8187307572286355,0,1,,
2946,2.946,0.0,0.10539922594349703,0,1,0.0,0.7788007870196287,0,1,,
2947,2.947,0.0,0.1002588450370534,0,1,0.0,0.7408182244373845,0,1,,
2948,2.948,0.0,0.09536916346570258,0,1,0.0,0.7046880932912141,0,1,,
2949,2.949,0.0,0.09071795447859479,0,1,0.0,0.670320049433907,0,1,,
2950,2.95,0.0,0.0862935876305557,0,1,0.0,0.6376281548543056,0,1,,
2951,2.951,0.0,0.08208499969991542,0,1,0.0,0.6065306627875132,0,1,,
2952,2.952,0.0,0.07808166702469183,0,1,0.0,0.5769498133054028,0,1,,
2953,2.953,0.0,0.07427357918795398,0,1,0.0,0.5488116388762927,0,1,,
2954,2.954,0.0,0.07065121398656567,0,1,0.0,0.5220457794075896,0,1,,
2955,2.955,0.0,0.06720551362071765,0,1,0.0,0.4965853063089081,0,1,,
2956,2.956,0.0,0.06392786204471015,0,1,0.0,0.47236655513573345,0,1,,
2957,2.957,0.0,0.06081006342235068,0,1,0.0,0.4493289663951485,0,1,,
2958,2.958,0.0,0.05784432163309456,0,1,0.0,0.4274149341155578,0,1,,
2959,2.959,0.0,0.05502322077768274,0,1,0.0,0.40656966180175264,0,1,,
2960,2.96,0.0,0.052339706634530886,0,1,0.0,0.3867410254151311,0,1,,
2961,2.961,0.0,0.04978706902050102,0,1,0.0,0.3678794430364512,0,1,,
2962,2.962,0.0,0.047358925011948515,0,1,0.0,0.3499377508852067,0,1,,
2963,2.963,0.0,0.04504920298408826,0,1,0.0,0.3328710853856094,0,1,,
2964,2.964,0.0,0.04285212742877012,0,1,0.0,0.3166367709842813,0,1,,
2965,2.965,0.0,0.04076220451270026,0,1,0.0,0.30119421343914227,0,1,,
2966,2.966,0.0,0.03877420833999628,0,1,0.0,0.2865047983126605,0,1,,
2967,2.967,0.0,0.03688316788472545,0,1,0.0,0.2725317944156452,0,1,,
2968,2.968,0.0,0.035084354560750604,0,1,0.0,0.25924026196014105,0,1,,
2969,2.969,0.0,0.033373270397801795,0,1,0.0,0.2465969651917593,0,1,,
2970,2.97,0.0,0.031745636794207714,0,1,0.0,0.23457028928297982,0,1,,
2971,2.971,0.0,0.030197383818162896,0,1,0.0,0.2231301612796149,0,1,,
2972,2.972,0.0,0.028724640030778265,0,1,0.0,0.2122479749027596,0,1,,
2973,2.973,0.0,0.027323722805467382,0,1,0.0,0.201896519018194,0,1,,
2974,2.974,0.0,0.025991129119461772,0,1,0.0,0.19204990959437415,0,1,,
2975,2.975,0.0,0.024723526794429372,0,1,0.0,0.1826835249788707,0,1,,
2976,2.976,0.0,0.023517746164293033,0,1,0.0,0.173773944331413,0,1,,
2977,2.977,0.0,0.022370772149414336,0,1,0.0,0.1652988890595891,0,1,,
2978,2.978,0.0,0.021279736717324,0,1,0.0,0.1572371671107603,0,1,,
2979,2.979,0.0,0.02024191171114682,0,1,0.0,0.14956861998089113,0,1,,
2980,2.98,0.0,0.019254702027788454,0,1,0.0,0.14227407230778907,0,1,,
2981,2.981,0.0,0.01831563912882594,0,1,0.0,0.13533528392271119,0,1,,
2982,2.982,0.0,0.01742237486787586,0,1,0.0,0.1287349042404413,0,1,,
2983,2.983,0.0,0.016572675619005255,0,1,0.0,0.12245642887378949,0,1,,
2984,2.984,0.0,0.015764416691503382,0,1,0.0,0.1164841583640274,0,1,,
2985,2.985,0.0,0.014995577017048213,0,1,0.0,0.11080315892406381,0,1,,
2986,2.986,0.0,0.014264234095982906,0,1,0.0,0.10539922509619837,0,1,,
2987,2.987,0.0,0.013568559190065282,0,1,0.0,0.10025884423107799,0,1,,
2988,2.988,0.0,0.012906812749669672,0,1,0.0,0.09536916269903505,0,1,,
2989,2.989,0.0,0.012277340064006761,0,1,0.0,0.09071795374931807,0,1,,
2990,2.99,0.0,0.011678567123484711,0,1,0.0,0.08629358693684622,0,1,,
2991,2.991,0.0,0.011108996683865321,0,1,0.0,0.08208499904003856,0,1,,
2992,2.992,0.0,0.01056720452237355,0,1,0.0,0.07808166639699754,0,1,,
2993,2.993,0.0,0.010051835876398735,0,1,0.0,0.0742735785908727,0,1,,
2994,2.994,0.0,0.009561602055882398,0,1,0.0,0.07065121341860439,0,1,,
2995,2.995,0.0,0.009095277220921858,0,1,0.0,0.06720551308045618,0,1,,
2996,2.996,0.0,0.008651695316531953,0,1,0.0,0.06392786153079753,0,1,,
2997,2.997,0.0,0.008229747156900212,0,1,0.0,0.06081006293350187,0,1,,
2998,2.998,0.0,0.007828377651844576,0,1,0.0,0.05784432116808719,0,1,,
2999,2.999,0.0,0.007446583168538367,0,1,0.0,0.05502322033535405,0,1,,
3000,3.0,0.0,0.007083409021905455,0,1,0.0,0.05233970621377482,0,1,6.4720920300097164,6.410637637534552
3001,3.001,0.0,0.006737947087410291,0,1,0.0,0.04978706862026547,0,1,,
3002,3.0020000000000002,0.0,0.006409333530273553,0,1,0.0,0.04735892463123268,0,1,,
3003,3.003,0.0,0.006096746645435242,0,1,0.0,0.045049202621940156,0,1,,
3004,3.004,0.0,0.005799404802864024,0,1,0.0,0.042852127084284194,0,1,,
3005,3.005,0.0,0.0055165644930750225,0,1,0.0,0.04076220418501512,0,1,,
3006,3.0060000000000002,0.0,0.0052475184679688265,0,1,0.0,0.038774208028292526,0,1,,
3007,3.007,0.0,0.0049915939723428554,0,1,0.0,0.036883167588223666,0,1,,
3008,3.008,0.0,0.0047481510616529275,0,1,0.0,0.03508435427870939,0,1,,
3009,3.009,0.0,0.004516581001818568,0,1,0.0,0.033373270129515895,0,1,,
3010,3.0100000000000002,0.0,0.004296304747070735,0,1,0.0,0.03174563653900627,0,1,,
3011,3.011,0.0,0.004086771492035781,0,1,0.0,0.030197383575407775,0,1,,
3012,3.012,0.0,0.003887457294435121,0,1,0.0,0.02872463979986245,0,1,,
3013,3.013,0.0,0.003697863764956623,0,1,0.0,0.027323722585813462,0,1,,
3014,3.0140000000000002,0.0,0.003517516821021732,0,1,0.0,0.0259911289105205,0,1,,
3015,3.015,0.0,0.0033459655013320833,0,1,0.0,0.024723526595678287,0,1,,
3016,3.016,0.0,0.0031827808382313607,0,1,0.0,0.023517745975235153,0,1,,
3017,3.017,0.0,0.0030275547850627175,0,1,0.0,0.022370771969576916,0,1,,
3018,3.0180000000000002,0.0,0.0028798991958395915,0,1,0.0,0.021279736546257356,0,1,,
3019,3.019,0.0,0.0027394448546785638,0,1,0.0,0.020241911548423197,0,1,,
3020,3.02,0.0,0.0026058405525673325,0,1,0.0,0.019254701873000955,0,1,,
3021,3.021,0.0,0.002478752209159246,0,1,0.0,0.01831563898158752,0,1,,
3022,3.0220000000000002,0.0,0.0023578620373984234,0,1,0.0,0.017422374727818338,0,1,,
3023,3.023,0.0,0.0022428677488865833,0,1,0.0,0.016572675485778423,0,1,,
3024,3.024,0.0,0.0021334817980045964,0,1,0.0,0.0157644165647741,0,1,,
3025,3.025,0.0,0.002029430662898661,0,1,0.0,0.01499557689649959,0,1,,
3026,3.0260000000000002,0.0,0.0019304541615331957,0,1,0.0,0.014264233981313507,0,1,,
3027,3.027,0.0,0.0018363048011002302,0,1,0.0,0.013568559080988377,0,1,,
3028,3.028,0.0,0.0017467471591584701,0,1,0.0,0.012906812645912511,0,1,,
3029,3.029,0.0,0.0016615572949545687,0,1,0.0,0.012277339965309896,0,1,,
3030,3.0300000000000002,0.0,0.0015805221894545976,0,1,0.0,0.011678567029601348,0,1,,
3031,3.031,0.0,0.0015034392126855054,0,1,0.0,0.011108996594560704,0,1,,
3032,3.032,0.0,0.0014301156170546398,0,1,0.0,0.01056720443742437,0,1,,
3033,3.033,0.0,0.0013603680553803685,0,1,0.0,0.010051835795592575,0,1,,
3034,3.0340000000000003,0.0,0.0012940221224286234,0,1,0.0,0.009561601979017202,0,1,,
3035,3.035,0.0,0.001230911918808972,0,1,0.0,0.009095277147805421,0,1,,
3036,3.036,0.0,0.001170879636139728,0,1,0.0,0.008651695246981447,0,1,,
3037,3.037,0.0,0.001113775162444799,0,1,0.0,0.008229747090741724,0,1,,
3038,3.0380000000000003,0.0,0.0010594557067955554,0,1,0.0,0.007828377588912675,0,1,,
3039,3.039,0.0,0.0010077854422591334,0,1,0.0,0.0074465831086756905,0,1,,
3040,3.04,0.0,0.000958635166260353,0,1,0.0,0.007083408964962315,0,1,,
3041,3.041,0.0,0.0009118819775079819,0,1,0.0,0.006737947033244302,0,1,,
3042,3.0420000000000003,0.0,0.0008674089686774907,0,1,0.0,0.006409333478749271,0,1,,
3043,3.043,0.0,0.0008251049340818474,0,1,0.0,0.006096746596423828,0,1,,
3044,3.044,0.0,0.0007848640915993752,0,1,0.0,0.005799404756242925,0,1,,
3045,3.045,0.0,0.0007465858181633494,0,1,0.0,0.005516564448727662,0,1,,
3046,3.0460000000000003,0.0,0.0007101743981519175,0,1,0.0,0.005247518425784312,0,1,,
3047,3.047,0.0,0.0006755387840491894,0,1,0.0,0.004991593932215704,0,1,,
3048,3.048,0.0,0.0006425923687790226,0,1,0.0,0.0047481510234828,0,1,,
3049,3.049,0.0,0.0006112527691422202,0,1,0.0,0.00451658096551002,0,1,,
3050,3.0500000000000003,0.0,0.0005814416198156219,0,1,0.0,0.004296304712532975,0,1,,
3051,3.051,0.0,0.000553084377397977,0,1,0.0,0.004086771459182448,0,1,,
3052,3.052,0.0,0.0005261101340126134,0,1,0.0,0.003887457263184063,0,1,,
3053,3.053,0.0,0.0005004514400008118,0,1,0.0,0.003697863735229697,0,1,,
3054,3.0540000000000003,0.0,0.0004760441352625258,0,1,0.0,0.0035175167927446052,0,1,,
3055,3.055,0.0,0.00045282718882271245,0,1,0.0,0.0033459654744340483,0,1,,
3056,3.056,0.0,0.00043074254622210494,0,1,0.0,0.0031827808126451583,0,1,,
3057,3.057,0.0,0.0004097349843508251,0,1,0.0,0.003027554760724369,0,1,,
3058,3.0580000000000003,0.0,0.00038975197336184444,0,1,0.0,0.0028798991726882383,0,1,,
3059,3.059,0.0,0.0003707435453190049,0,1,0.0,0.002739444832656315,0,1,,
3060,3.06,0.0,0.0003526621692511514,0,1,0.0,0.0026058405316191214,0,1,,
3061,3.061,0.0,0.00033546263229994615,0,1,0.0,0.0024787521892326914,0,1,,
3062,3.0620000000000003,0.0,0.0003191019266641724,0,1,0.0,0.002357862018443698,0,1,,
3063,3.063,0.0,0.00030353914205782977,0,1,0.0,0.002242867730856291,0,1,,
3064,3.064,0.0,0.0002887353634131099,0,1,0.0,0.0021334817808536517,0,1,,
3065,3.065,0.0,0.0002746535735724571,0,1,0.0,0.0020294306465841777,0,1,,
3066,3.0660000000000003,0.0,0.0002612585607263929,0,1,0.0,0.0019304541460143793,0,1,,
3067,3.067,0.0,0.00024851683036565157,0,1,0.0,0.0018363047863382753,0,1,,
3068,3.068,0.0,0.00023639652152746031,0,1,0.0,0.0017467471451164643,0,1,,
3069,3.069,0.0,0.00022486732712653673,0,1,0.0,0.0016615572815973996,0,1,,
3070,3.0700000000000003,0.0,0.00021390041817158934,0,1,0.0,0.0015805221767488653,0,1,,
3071,3.071,0.0,0.00020346837167782298,0,1,0.0,0.001503439200599439,0,1,,
3072,3.072,0.0,0.00019354510209519294,0,1,0.0,0.001430115605558018,0,1,,
3073,3.073,0.0,0.00018410579608094232,0,1,0.0,0.0013603680444444436,0,1,,
3074,3.074,0.0,0.00017512685045332056,0,1,0.0,0.0012940221120260498,0,1,,
3075,3.075,0.0,0.00016658581317133473,0,1,0.0,0.0012309119089137378,0,1,,
3076,3.076,0.0,0.0001584613271929522,0,1,0.0,0.00117087962672709,0,1,,
3077,3.077,0.0,0.00015073307707137127,0,1,0.0,0.0011137751534912206,0,1,,
3078,3.078,0.0,0.00014338173815582226,0,1,0.0,0.0010594556982786482,0,1,,
3079,3.079,0.0,0.00013638892826987488,0,1,0.0,0.0010077854341576007,0,1,,
3080,3.08,0.0,0.00012973716174642224,0,1,0.0,0.0009586351585539367,0,1,,
3081,3.081,0.0,0.0001234098057044053,0,1,0.0,0.000911881970177412,0,1,,
3082,3.082,0.0,0.00011739103845794638,0,1,0.0,0.0008674089617044369,0,1,,
3083,3.083,0.0,0.00011166580995389353,0,1,0.0,0.0008251049274488733,0,1,,
3084,3.084,0.0,0.00010621980413884825,0,1,0.0,0.0007848640852898952,0,1,,
3085,3.085,0.0,0.00010103940316157518,0,1,0.0,0.0007465858121615863,0,1,,
3086,3.086,0.0,9.611165332128078e-05,0,1,0.0,0.0007101743924428638,0,1,,
3087,3.087,0.0,9.142423267661406e-05,0,1,0.0,0.0006755387786185696,0,1,,
3088,3.088,0.0,8.696542023439496e-05,0,1,0.0,0.0006425923636132572,0,1,,
3089,3.089,0.0,8.272406664102626e-05,0,1,0.0,0.0006112527642283922,0,1,,
3090,3.09,0.0,7.868956630330212e-05,0,1,0.0,0.0005814416151414442,0,1,,
3091,3.091,0.0,7.485183086890085e-05,0,1,0.0,0.0005530843729517616,0,1,,
3092,3.092,0.0,7.120126400024934e-05,0,1,0.0,0.0005261101297832425,0,1,,
3093,3.093,0.0,6.772873737868059e-05,0,1,0.0,0.0005004514359777097,0,1,,
3094,3.094,0.0,6.442556787888234e-05,0,1,0.0,0.00047604413143563273,0,1,,
3095,3.095,0.0,6.128349585656093e-05,0,1,0.0,0.0004528271851824592,0,1,,
3096,3.096,0.0,5.8294664495028346e-05,0,1,0.0,0.00043074254275938894,0,1,,
3097,3.097,0.0,5.545160015906802e-05,0,1,0.0,0.00040973498105698774,0,1,,
3098,3.098,0.0,5.2747193706953975e-05,0,1,0.0,0.0003897519702286494,0,1,,
3099,3.099,0.0,5.017468271389351e-05,0,1,0.0,0.0003707435423386176,0,1,,
3100,3.1,0.0,4.7727634562442853e-05,0,1,0.0,0.0003526621664161193,0,1,7.195694377613969,6.408901648001172
3101,3.101,0.0,4.53999303576129e-05,0,1,0.0,0.00033546262960318016,0,1,,
3102,3.102,0.0,4.318574962644461e-05,0,1,0.0,0.00031910192409892923,0,1,,
3103,3.103,0.0,4.107955576379483e-05,0,1,0.0,0.000303539139617695,0,1,,
3104,3.104,0.0,3.907608218793955e-05,0,1,0.0,0.00028873536109198187,0,1,,
3105,3.105,0.0,3.717031917137634e-05,0,1,0.0,0.0002746535713645318,0,1,,
3106,3.106,0.0,3.535750131389617e-05,0,1,0.0,0.00026125855862614935,0,1,,
3107,3.107,0.0,3.3633095626600695e-05,0,1,0.0,0.0002485168283678381,0,1,,
3108,3.108,0.0,3.199279019706886e-05,0,1,0.0,0.00023639651962708134,0,1,,
3109,3.109,0.0,3.0432483407329895e-05,0,1,0.0,0.00022486732531884032,0,1,,
3110,3.11,0.0,2.8948273677681945e-05,0,1,0.0,0.00021390041645205532,0,1,,
3111,3.111,0.0,2.7536449710710564e-05,0,1,0.0,0.00020346837004215165,0,1,,
3112,3.112,0.0,2.6193481211112063e-05,0,1,0.0,0.00019354510053929422,0,1,,
3113,3.113,0.0,2.4916010058116395e-05,0,1,0.0,0.00018410579460092567,0,1,,
3114,3.114,0.0,2.370084190843606e-05,0,1,0.0,0.00017512684904548518,0,1,,
3115,3.115,0.0,2.254493820874404e-05,0,1,0.0,0.0001665858118321603,0,1,,
3116,3.116,0.0,2.144540859770775e-05,0,1,0.0,0.00015846132591909007,0,1,,
3117,3.117,0.0,2.0399503678580207e-05,0,1,0.0,0.00015073307585963613,0,1,,
3118,3.118,0.0,1.940460814427605e-05,0,1,0.0,0.00014338173700318414,0,1,,
3119,3.119,0.0,1.8458234237741574e-05,0,1,0.0,0.00013638892717345158,0,1,,
3120,3.12,0.0,1.7558015531266293e-05,0,1,0.0,0.00012973716070347214,0,1,,
3121,3.121,0.0,1.6701701009181033e-05,0,1,0.0,0.00012340980471232046,0,1,,
3122,3.122,0.0,1.5887149439146268e-05,0,1,0.0,0.00011739103751424609,0,1,,
3123,3.123,0.0,1.5112324017955945e-05,0,1,0.0,0.00011166580905621804,0,1,,
3124,3.124,0.0,1.4375287278468552e-05,0,1,0.0,0.0001062198032849529,0,1,,
3125,3.125,0.0,1.3674196244930076e-05,0,1,0.0,0.0001010394023493248,0,1,,
3126,3.126,0.0,1.300729782457466e-05,0,1,0.0,9.611165254864433e-05,0,1,,
3127,3.1270000000000002,0.0,1.2372924423979544e-05,0,1,0.0,9.142423194165952e-05,0,1,,
3128,3.128,0.0,1.1769489779212889e-05,0,1,0.0,8.696541953528458e-05,0,1,,
3129,3.129,0.0,1.1195484989347712e-05,0,1,0.0,8.27240659760119e-05,0,1,,
3130,3.13,0.0,1.0649474743423607e-05,0,1,0.0,7.86895656707209e-05,0,1,,
3131,3.1310000000000002,0.0,1.0130093731421726e-05,0,1,0.0,7.485183026717098e-05,0,1,,
3132,3.132,0.0,9.636043230278578e-06,0,1,0.0,7.120126342786618e-05,0,1,,
3133,3.133,0.0,9.166087856401894e-06,0,1,0.0,6.772873683421288e-05,0,1,,
3134,3.134,0.0,8.719052476568156e-06,0,1,0.0,6.442556736096862e-05,0,1,,
3135,3.1350000000000002,0.0,8.293819269477453e-06,0,1,0.0,6.128349536390617e-05,0,1,,
3136,3.136,0.0,7.88932493061797e-06,0,1,0.0,5.8294664026400646e-05,0,1,,
3137,3.137,0.0,7.504558013450867e-06,0,1,0.0,5.545159971329556e-05,0,1,,
3138,3.138,0.0,7.13855640026709e-06,0,1,0.0,5.274719328292209e-05,0,1,,
3139,3.1390000000000002,0.0,6.790404896391953e-06,0,1,0.0,5.017468231054191e-05,0,1,,
3140,3.14,0.0,6.459232941721748e-06,0,1,0.0,4.772763417876294e-05,0,1,,
3141,3.141,0.0,6.1442124338700325e-06,0,1,0.0,4.539992999264528e-05,0,1,,
3142,3.142,0.0,5.844555657480322e-06,0,1,0.0,4.318574927927668e-05,0,1,,
3143,3.1430000000000002,0.0,5.559513314527399e-06,0,1,0.0,4.107955543355848e-05,0,1,,
3144,3.144,0.0,5.2883726506819544e-06,0,1,0.0,3.907608187380901e-05,0,1,,
3145,3.145,0.0,5.030455673053511e-06,0,1,0.0,3.717031887256613e-05,0,1,,
3146,3.146,0.0,4.7851174548550435e-06,0,1,0.0,3.535750102965911e-05,0,1,,
3147,3.1470000000000002,0.0,4.5517445227500844e-06,0,1,0.0,3.3633095356226036e-05,0,1,,
3148,3.148,0.0,4.32975332284984e-06,0,1,0.0,3.199278993988053e-05,0,1,,
3149,3.149,0.0,4.118588761524508e-06,0,1,0.0,3.043248316268479e-05,0,1,,
3150,3.15,0.0,3.917722817380066e-06,0,1,0.0,2.8948273444968323e-05,0,1,,
3151,3.1510000000000002,0.0,3.7266532209297563e-06,0,1,0.0,2.753644948934652e-05,0,1,,
3152,3.152,0.0,3.544902198658744e-06,0,1,0.0,2.619348100054407e-05,0,1,,
3153,3.153,0.0,3.372015278341473e-06,0,1,0.0,2.4916009857817924e-05,0,1,,
3154,3.154,0.0,3.2075601526243745e-06,0,1,0.0,2.370084171790626e-05,0,1,,
3155,3.1550000000000002,0.0,3.051125598032306e-06,0,1,0.0,2.2544938027506486e-05,0,1,,
3156,3.156,0.0,2.9023204466956673e-06,0,1,0.0,2.1445408425309258e-05,0,1,,
3157,3.157,0.0,2.760772608226975e-06,0,1,0.0,2.0399503514589688e-05,0,1,,
3158,3.158,0.0,2.6261281393010807e-06,0,1,0.0,1.9404607988283443e-05,0,1,,
3159,3.1590000000000003,0.0,2.498050358612498e-06,0,1,0.0,1.8458234089356818e-05,0,1,,
3160,3.16,0.0,2.3762190049967686e-06,0,1,0.0,1.7558015390118345e-05,0,1,,
3161,3.161,0.0,2.2603294366107356e-06,0,1,0.0,1.6701700874916953e-05,0,1,,
3162,3.162,0.0,2.1500918691692533e-06,0,1,0.0,1.5887149311430325e-05,0,1,,
3163,3.1630000000000003,0.0,2.0452306513335334e-06,0,1,0.0,1.5112323896468782e-05,0,1,,
3164,3.164,0.0,1.9454835754392176e-06,0,1,0.0,1.4375287162906388e-05,0,1,,
3165,3.165,0.0,1.8506012218406385e-06,0,1,0.0,1.3674196135003946e-05,0,1,,
3166,3.166,0.0,1.7603463352317888e-06,0,1,0.0,1.3007297720009691e-05,0,1,,
3167,3.1670000000000003,0.0,1.6744932313844754e-06,0,1,0.0,1.2372924324514269e-05,0,1,,
3168,3.168,0.0,1.5928272328201955e-06,0,1,0.0,1.1769489684598594e-05,0,1,,
3169,3.169,0.0,1.5151441320046194e-06,0,1,0.0,1.119548489934781e-05,0,1,,
3170,3.17,0.0,1.4412496807223879e-06,0,1,0.0,1.0649474657813052e-05,0,1,,
3171,3.1710000000000003,0.0,1.3709591043553949e-06,0,1,0.0,1.0130093649986447e-05,0,1,,
3172,3.172,0.0,1.3040966398499966e-06,0,1,0.0,9.636043152814945e-06,0,1,,
3173,3.173,0.0,1.2404950962178273e-06,0,1,0.0,9.166087782716205e-06,0,1,,
3174,3.174,0.0,1.1799954364712416e-06,0,1,0.0,8.719052406476163e-06,0,1,,
3175,3.1750000000000003,0.0,1.122446379948008e-06,0,1,0.0,8.293819202803886e-06,0,1,,
3176,3.176,0.0,1.0677040240308533e-06,0,1,0.0,7.88932486719611e-06,0,1,,
3177,3.177,0.0,1.0156314843159652e-06,0,1,0.0,7.504557953122128e-06,0,1,,
3178,3.178,0.0,9.660985523306817e-07,0,1,0.0,7.138556342880619e-06,0,1,,
3179,3.1790000000000003,0.0,9.189813699444872e-07,0,1,0.0,6.790404841804252e-06,0,1,,
3180,3.18,0.0,8.741621196591723e-07,0,1,0.0,6.459232889796321e-06,0,1,,
3181,3.181,0.0,8.315287300037188e-07,0,1,0.0,6.144212384477038e-06,0,1,,
3182,3.182,0.0,7.90974595297247e-07,0,1,0.0,5.844555610496253e-06,0,1,,
3183,3.1830000000000003,0.0,7.523983090792855e-07,0,1,0.0,5.55951326983477e-06,0,1,,
3184,3.184,0.0,7.157034105407991e-07,0,1,0.0,5.288372608169011e-06,0,1,,
3185,3.185,0.0,6.807981433219225e-07,0,1,0.0,5.0304556326139485e-06,0,1,,
3186,3.186,0.0,6.47595226073267e-07,0,1,0.0,4.785117416387742e-06,0,1,,
3187,3.1870000000000003,0.0,6.160116342070835e-07,0,1,0.0,4.551744486158855e-06,0,1,,
3188,3.188,0.0,5.859683922925484e-07,0,1,0.0,4.3297532880431855e-06,0,1,,
3189,3.189,0.0,5.573903765760495e-07,0,1,0.0,4.118588728415394e-06,0,1,,
3190,3.19,0.0,5.302061271326718e-07,0,1,0.0,3.917722785885702e-06,0,1,,
3191,3.1910000000000003,0.0,5.043476691791639e-07,0,1,0.0,3.7266531909713906e-06,0,1,,
3192,3.192,0.0,4.797503431015726e-07,0,1,0.0,3.5449021701614654e-06,0,1,,
3193,3.193,0.0,4.56352642772529e-07,0,1,0.0,3.372015251234023e-06,0,1,,
3194,3.194,0.0,4.3409606175389274e-07,0,1,0.0,3.20756012683897e-06,0,1,,
3195,3.1950000000000003,0.0,4.129249470001818e-07,0,1,0.0,3.0511255735044706e-06,0,1,,
3196,3.196,0.0,3.927863596969708e-07,0,1,0.0,2.9023204233640685e-06,0,1,,
3197,3.197,0.0,3.7362994288627995e-07,0,1,0.0,2.7607725860332716e-06,0,1,,
3198,3.198,0.0,3.554077955479507e-07,0,1,0.0,2.6261281181897768e-06,0,1,,
3199,3.1990000000000003,0.0,3.380743528221446e-07,0,1,0.0,2.4980503385308045e-06,0,1,,
3200,3.2,0.0,3.215862720734599e-07,0,1,0.0,2.376218985894471e-06,0,1,7.353402135066272,6.408174664041829
3201,3.201,0.0,3.059023245117673e-07,0,1,0.0,2.260329418440068e-06,0,1,,
3202,3.202,0.0,2.9098329209875907e-07,0,1,0.0,2.1500918518847794e-06,0,1,,
3203,3.203,0.0,2.7679186948242574e-07,0,1,0.0,2.045230634892033e-06,0,1,,
3204,3.204,0.0,2.632925707142446e-07,0,1,0.0,1.945483559799579e-06,0,1,,
3205,3.205,0.0,2.504516405158244e-07,0,1,0.0,1.8506012069637537e-06,0,1,,
3206,3.206,0.0,2.3823696987312737e-07,0,1,0.0,1.7603463210804583e-06,0,1,,
3207,3.207,0.0,2.266180157472089e-07,0,1,0.0,1.6744932179233134e-06,0,1,,
3208,3.208,0.0,2.1556572470071125e-07,0,1,0.0,1.592827220015542e-06,0,1,,
3209,3.209,0.0,2.050524602491369e-07,0,1,0.0,1.5151441198244563e-06,0,1,,
3210,3.21,0.0,1.9505193375524204e-07,0,1,0.0,1.4412496691362585e-06,0,1,,
3211,3.211,0.0,1.8553913869375027e-07,0,1,0.0,1.3709590933343277e-06,0,1,,
3212,3.212,0.0,1.7649028812201422e-07,0,1,0.0,1.3040966293664333e-06,0,1,,
3213,3.213,0.0,1.678827552002688e-07,0,1,0.0,1.2404950862455534e-06,0,1,,
3214,3.214,0.0,1.5969501661274594e-07,0,1,0.0,1.1799954269853213e-06,0,1,,
3215,3.215,0.0,1.5190659874817429e-07,0,1,0.0,1.1224463709247214e-06,0,1,,
3216,3.216,0.0,1.4449802650508672e-07,0,1,0.0,1.0677040154476377e-06,0,1,,
3217,3.217,0.0,1.3745077459392257e-07,0,1,0.0,1.015631476151358e-06,0,1,,
3218,3.218,0.0,1.3074722121415431e-07,0,1,0.0,9.660985445642668e-07,0,1,,
3219,3.219,0.0,1.2437060399060756e-07,0,1,0.0,9.189813625568449e-07,0,1,,
3220,3.22,0.0,1.1830497805879183e-07,0,1,0.0,8.741621126318296e-07,0,1,,
3221,3.221,0.0,1.1253517619443415e-07,0,1,0.0,8.315287233191037e-07,0,1,,
3222,3.222,0.0,1.0704677088751804e-07,0,1,0.0,7.909745889386445e-07,0,1,,
3223,3.223,0.0,1.0182603826599358e-07,0,1,0.0,7.523983030307957e-07,0,1,,
3224,3.224,0.0,9.685992377894875e-08,0,1,0.0,7.157034047872976e-07,0,1,,
3225,3.225,0.0,9.213600955343245e-08,0,1,0.0,6.807981378490227e-07,0,1,,
3226,3.226,0.0,8.764248334330383e-08,0,1,0.0,6.475952208672836e-07,0,1,,
3227,3.227,0.0,8.336810899246433e-08,0,1,0.0,6.160116292549989e-07,0,1,,
3228,3.228,0.0,7.930219833861464e-08,0,1,0.0,5.859683875819798e-07,0,1,,
3229,3.229,0.0,7.543458448728188e-08,0,1,0.0,5.57390372095218e-07,0,1,,
3230,3.23,0.0,7.175559638928764e-08,0,1,0.0,5.30206122870373e-07,0,1,,
3231,3.231,0.0,6.825603465808759e-08,0,1,0.0,5.043476651247398e-07,0,1,,
3232,3.232,0.0,6.492714856651344e-08,0,1,0.0,4.797503392448851e-07,0,1,,
3233,3.233,0.0,6.176061416539694e-08,0,1,0.0,4.5635263910393435e-07,0,1,,
3234,3.234,0.0,5.874851346936118e-08,0,1,0.0,4.340960582642175e-07,0,1,,
3235,3.235,0.0,5.588331465773288e-08,0,1,0.0,4.1292494368070003e-07,0,1,,
3236,3.236,0.0,5.3157853241067563e-08,0,1,0.0,3.9278635653938203e-07,0,1,,
3237,3.237,0.0,5.056531414619411e-08,0,1,0.0,3.736299398826886e-07,0,1,,
3238,3.238,0.0,4.809921467498204e-08,0,1,0.0,3.554077926908463e-07,0,1,,
3239,3.239,0.0,4.5753388294219466e-08,0,1,0.0,3.380743501043828e-07,0,1,,
3240,3.24,0.0,4.352196921606809e-08,0,1,0.0,3.2158626948824496e-07,0,1,,
3241,3.241,0.0,4.139937773053824e-08,0,1,0.0,3.059023220526348e-07,0,1,,
3242,3.242,0.0,3.938030625330756e-08,0,1,0.0,2.909832897595599e-07,0,1,,
3243,3.243,0.0,3.745970605399562e-08,0,1,0.0,2.767918672573107e-07,0,1,,
3244,3.244,0.0,3.5632774631708165e-08,0,1,0.0,2.632925685976497e-07,0,1,,
3245,3.245,0.0,3.38949437062834e-08,0,1,0.0,2.5045163850245707e-07,0,1,,
3246,3.246,0.0,3.224186779521206e-08,0,1,0.0,2.382369679579531e-07,0,1,,
3247,3.247,0.0,3.0669413347667675e-08,0,1,0.0,2.2661801392543878e-07,0,1,,
3248,3.248,0.0,2.9173648408476438e-08,0,1,0.0,2.1556572296778992e-07,0,1,,
3249,3.249,0.0,2.7750832786181214e-08,0,1,0.0,2.0505245860073114e-07,0,1,,
3250,3.25,0.0,2.6397408700614702e-08,0,1,0.0,1.9505193218722997e-07,0,1,,
3251,3.251,0.0,2.5109991886595863e-08,0,1,0.0,1.8553913720221106e-07,0,1,,
3252,3.2520000000000002,0.0,2.388536313150418e-08,0,1,0.0,1.7649028670321826e-07,0,1,,
3253,3.253,0.0,2.272046022557129e-08,0,1,0.0,1.6788275385066833e-07,0,1,,
3254,3.254,0.0,2.1612370304761542e-08,0,1,0.0,1.5969501532896627e-07,0,1,,
3255,3.255,0.0,2.0558322567094644e-08,0,1,0.0,1.5190659752700527e-07,0,1,,
3256,3.2560000000000002,0.0,1.955568134419748e-08,0,1,0.0,1.444980253434748e-07,0,1,,
3257,3.257,0.0,1.860193951076032e-08,0,1,0.0,1.3745077348896314e-07,0,1,,
3258,3.258,0.0,1.7694712215417632e-08,0,1,0.0,1.307472201630844e-07,0,1,,
3259,3.259,0.0,1.683173091737747e-08,0,1,0.0,1.2437060299079893e-07,0,1,,
3260,3.2600000000000002,0.0,1.6010837713887846e-08,0,1,0.0,1.1830497710774445e-07,0,1,,
3261,3.261,0.0,1.5229979944355863e-08,0,1,0.0,1.125351752897699e-07,0,1,,
3262,3.262,0.0,1.4487205057627045e-08,0,1,0.0,1.0704677002697479e-07,0,1,,
3263,3.263,0.0,1.3780655729590407e-08,0,1,0.0,1.0182603744741951e-07,0,1,,
3264,3.2640000000000002,0.0,1.310856521890075e-08,0,1,0.0,9.685992300029701e-08,0,1,,
3265,3.265,0.0,1.2469252949205036e-08,0,1,0.0,9.2136008812756e-08,0,1,,
3266,3.266,0.0,1.1861120306826137e-08,0,1,0.0,8.76424826387506e-08,0,1,,
3267,3.267,0.0,1.1282646643395959e-08,0,1,0.0,8.336810832227256e-08,0,1,,
3268,3.2680000000000002,0.0,1.073238547344245e-08,0,1,0.0,7.930219770110851e-08,0,1,,
3269,3.269,0.0,1.0208960857422486e-08,0,1,0.0,7.543458388086729e-08,0,1,,
3270,3.27,0.0,9.711063961156307e-09,0,1,0.0,7.175559581244823e-08,0,1,,
3271,3.271,0.0,9.237449783060338e-09,0,1,0.0,6.825603410938098e-08,0,1,,
3272,3.2720000000000002,0.0,8.78693404099473e-09,0,1,0.0,6.492714804456758e-08,0,1,,
3273,3.273,0.0,8.35839021094115e-09,0,1,0.0,6.176061366890668e-08,0,1,,
3274,3.274,0.0,7.950746710105953e-09,0,1,0.0,5.874851299708503e-08,0,1,,
3275,3.275,0.0,7.562984217405031e-09,0,1,0.0,5.5883314208489906e-08,0,1,,
3276,3.2760000000000002,0.0,7.1941331246301705e-09,0,1,0.0,5.3157852813734425e-08,0,1,,
3277,3.277,0.0,6.84327111192348e-09,0,1,0.0,5.056531373970226e-08,0,1,,
3278,3.278,0.0,6.509520841497333e-09,0,1,0.0,4.809921428831503e-08,0,1,,
3279,3.279,0.0,6.192047763832912e-09,0,1,0.0,4.5753387926410423e-08,0,1,,
3280,3.2800000000000002,0.0,5.890058030871714e-09,0,1,0.0,4.3521968866197307e-08,0,1,,
3281,3.281,0.0,5.60279651098191e-09,0,1,0.0,4.1399377397730855e-08,0,1,,
3282,3.282,0.0,5.32954490073593e-09,0,1,0.0,3.938030593673139e-08,0,1,,
3283,3.283,0.0,5.069619928777754e-09,0,1,0.0,3.745970575285905e-08,0,1,,
3284,3.2840000000000003,0.0,4.822371647288614e-09,0,1,0.0,3.56327743452582e-08,0,1,,
3285,3.285,0.0,4.587181806778908e-09,0,1,0.0,3.3894943433803767e-08,0,1,,
3286,3.286,0.0,4.363462310142446e-09,0,1,0.0,3.2241867536021414e-08,0,1,,
3287,3.287,0.0,4.150653742107355e-09,0,1,0.0,3.0669413101117904e-08,0,1,,
3288,3.2880000000000003,0.0,3.9482239704065145e-09,0,1,0.0,2.917364817395104e-08,0,1,,
3289,3.289,0.0,3.755666815169713e-09,0,1,0.0,2.7750832563093756e-08,0,1,,
3290,3.29,0.0,3.5725007832103152e-09,0,1,0.0,2.639740848840735e-08,0,1,,
3291,3.291,0.0,3.3982678640414983e-09,0,1,0.0,2.5109991684737985e-08,0,1,,
3292,3.2920000000000003,0.0,3.232532384611465e-09,0,1,0.0,2.388536293949103e-08,0,1,,
3293,3.293,0.0,3.0748799198938844e-09,0,1,0.0,2.2720460042922735e-08,0,1,,
3294,3.294,0.0,2.9249162566094613e-09,0,1,0.0,2.161237013102086e-08,0,1,,
3295,3.295,0.0,2.7822664074874005e-09,0,1,0.0,2.0558322401827396e-08,0,1,,
3296,3.2960000000000003,0.0,2.646573673601909e-09,0,1,0.0,1.955568118699041e-08,0,1,,
3297,3.297,0.0,2.5174987524390844e-09,0,1,0.0,1.8601939361220328e-08,0,1,,
3298,3.298,0.0,2.3947188894638956e-09,0,1,0.0,1.769471207317079e-08,0,1,,
3299,3.299,0.0,2.27792707106573e-09,0,1,0.0,1.6831730782068086e-08,0,1,,
3300,3.3000000000000003,0.0,2.1668312568644514e-09,0,1,0.0,1.601083758517758e-08,0,1,7.2905470962865575,6.509726321164642
3301,3.301,0.0,2.061153649457331e-09,0,1,0.0,1.5229979821922872e-08,0,1,,
3302,3.302,0.0,1.9606299997808435e-09,0,1,0.0,1.4487204941165181e-08,0,1,,
3303,3.303,0.0,1.8650089463503667e-09,0,1,0.0,1.3780655618808455e-08,0,1,,
3304,3.3040000000000003,0.0,1.7740513867255423e-09,0,1,0.0,1.3108565113521697e-08,0,1,,
3305,3.305,0.0,1.6875298796296313e-09,0,1,0.0,1.246925284896538e-08,0,1,,
3306,3.306,0.0,1.6052280762278533e-09,0,1,0.0,1.1861120211475227e-08,0,1,,
3307,3.307,0.0,1.0000000015269401,0,1,0.0,1.1282646552695368e-08,0,1,,
3308,3.3080000000000003,0.0,0.9512294259531844,0,1,0.0,1.073238538716538e-08,0,1,,
3309,3.309,0.0,0.9048374194175921,0,1,0.0,1.0208960775353197e-08,0,1,,
3310,3.31,0.0,0.8607079777393073,0,1,0.0,9.711063883089585e-09,0,1,,
3311,3.311,0.0,0.8187307543281347,0,1,0.0,9.237449708800975e-09,0,1,,
3312,3.3120000000000003,0.0,0.7788007842605871,0,1,0.0,8.78693397035704e-09,0,1,,
3313,3.313,0.0,0.740818221812903,0,1,0.0,8.3583901437485e-09,0,1,,
3314,3.314,0.0,0.70468809079473,0,1,0.0,7.950746646190326e-09,0,1,,
3315,3.315,0.0,0.670320047059178,0,1,0.0,7.562984156606606e-09,0,1,,
3316,3.3160000000000003,0.0,0.6376281525953934,0,1,0.0,7.19413306679692e-09,0,1,,
3317,3.317,0.0,0.6065306606387695,0,1,0.0,6.8432710569107905e-09,0,1,,
3318,3.318,0.0,0.5769498112614546,0,1,0.0,6.509520789167644e-09,0,1,,
3319,3.319,0.0,0.5488116369320291,0,1,0.0,6.192047714055372e-09,0,1,,
3320,3.3200000000000003,0.0,0.5220457775581488,0,1,0.0,5.890057983521854e-09,0,1,,
3321,3.321,0.0,0.4965853045496657,0,1,0.0,5.602796465941329e-09,0,1,,
3322,3.322,0.0,0.47236655346229034,0,1,0.0,5.3295448578920046e-09,0,1,,
3323,3.323,0.0,0.4493289648033202,0,1,0.0,5.069619888023351e-09,0,1,,
3324,3.3240000000000003,0.0,0.4274149326013638,0,1,0.0,4.822371608521826e-09,0,1,,
3325,3.325,0.0,0.4065696603614068,0,1,0.0,4.587181769902799e-09,0,1,,
3326,3.326,0.0,0.38674102404503174,0,1,0.0,4.363462275064807e-09,0,1,,
3327,3.327,0.0,0.36787944173317233,0,1,0.0,4.1506537087404725e-09,0,1,,
3328,3.3280000000000003,0.0,0.34993774964548946,0,1,0.0,3.948223938666954e-09,0,1,,
3329,3.329,0.0,0.33287108420635386,0,1,0.0,3.755666784978109e-09,0,1,,
3330,3.33,0.0,0.3166367698625387,0,1,0.0,3.572500754491174e-09,0,1,,
3331,3.331,0.0,0.3011942123721077,0,1,0.0,3.398267836723006e-09,0,1,,
3332,3.332,0.0,0.2865047972976658,0,1,0.0,3.2325323586253114e-09,0,1,,
3333,3.333,0.0,0.2725317934501524,0,1,0.0,3.0748798951750906e-09,0,1,,
3334,3.334,0.0,0.2592402610417359,0,1,0.0,2.9249162330962175e-09,0,1,,
3335,3.335,0.0,0.24659696431814532,0,1,0.0,2.782266385120911e-09,0,1,,
3336,3.336,0.0,0.23457028845197248,0,1,0.0,2.6465736523262463e-09,0,1,,
3337,3.337,0.0,0.22313016048913625,0,1,0.0,2.517498732201048e-09,0,1,,
3338,3.338,0.0,0.21224797415083305,0,1,0.0,1.0000000023947189,0,1,,
3339,3.339,0.0,0.20189651830293934,0,1,0.0,0.9512294267786411,0,1,,
3340,3.34,0.0,0.19204990891400286,0,1,0.0,0.9048374202027908,0,1,,
3341,3.341,0.0,0.1826835243316815,0,1,0.0,0.8607079784862114,0,1,,
3342,3.342,0.0,0.17377394371578758,0,1,0.0,0.8187307550386118,0,1,,
3343,3.343,0.0,0.1652988884739881,0,1,0.0,0.7788007849364138,0,1,,
3344,3.344,0.0,0.15723716655371942,0,1,0.0,0.7408182224557692,0,1,,
3345,3.345,0.0,0.14956861945101743,0,1,0.0,0.7046880914062433,0,1,,
3346,3.346,0.0,0.14227407180375762,0,1,0.0,0.6703200476408674,0,1,,
3347,3.347,0.0,0.13533528344326162,0,1,0.0,0.6376281531487135,0,1,,
3348,3.348,0.0,0.12873490378437477,0,1,0.0,0.6065306611651038,0,1,,
3349,3.349,0.0,0.1224564284399656,0,1,0.0,0.5769498117621192,0,1,,
3350,3.35,0.0,0.11648415795136134,0,1,0.0,0.548811637408276,0,1,,
3351,3.351,0.0,0.11080315853152371,0,1,0.0,0.5220457780111689,0,1,,
3352,3.352,0.0,0.10539922472280268,0,1,0.0,0.4965853049805917,0,1,,
3353,3.353,0.0,0.10025884387589303,0,1,0.0,0.47236655387219983,0,1,,
3354,3.354,0.0,0.09536916236117265,0,1,0.0,0.4493289651932382,0,1,,
3355,3.355,0.0,0.09071795342793341,0,1,0.0,0.4274149329722653,0,1,,
3356,3.356,0.0,0.08629358663113568,0,1,0.0,0.4065696607142192,0,1,,
3357,3.357,0.0,0.08208499874923769,0,1,0.0,0.3867410243806373,0,1,,
3358,3.358,0.0,0.0780816661203792,0,1,0.0,0.3678794420524102,0,1,,
3359,3.359,0.0,0.07427357832774521,0,1,0.0,0.34993774994915794,0,1,,
3360,3.36,0.0,0.07065121316830979,0,1,0.0,0.3328710844952123,0,1,,
3361,3.361,0.0,0.06720551284236859,0,1,0.0,0.31663677013730934,0,1,,
3362,3.362,0.0,0.06392786130432161,0,1,0.0,0.3011942126334776,0,1,,
3363,3.363,0.0,0.06081006271807131,0,1,0.0,0.2865047975462886,0,1,,
3364,3.364,0.0,0.0578443209631633,0,1,0.0,0.2725317936866497,0,1,,
3365,3.365,0.0,0.05502322014042441,0,1,0.0,0.25924026126669913,0,1,,
3366,3.366,0.0,0.05233970602835201,0,1,0.0,0.24659696453213695,0,1,,
3367,3.367,0.0,0.049787068443885835,0,1,0.0,0.23457028865552762,0,1,,
3368,3.368,0.0,0.04735892446345518,0,1,0.0,0.2231301606827639,0,1,,
3369,3.369,0.0,0.045049202462345256,0,1,0.0,0.21224797433501735,0,1,,
3370,3.37,0.0,0.042852126932472825,0,1,0.0,0.20189651847814089,0,1,,
3371,3.371,0.0,0.04076220404060767,0,1,0.0,0.19204990908065972,0,1,,
3372,3.372,0.0,0.03877420789092792,0,1,0.0,0.18268352449021039,0,1,,
3373,3.373,0.0,0.03688316745755841,0,1,0.0,0.17377394386658493,0,1,,
3374,3.374,0.0,0.03508435415441675,0,1,0.0,0.16529888861743097,0,1,,
3375,3.375,0.0,0.03337327001128508,0,1,0.0,0.1572371666901665,0,1,,
3376,3.376,0.0,0.03174563642654164,0,1,0.0,0.14956861958080991,0,1,,
3377,3.3770000000000002,0.0,0.03019738346842811,0,1,0.0,0.14227407192722005,0,1,,
3378,3.378,0.0,0.028724639698100247,0,1,0.0,0.13533528356070273,0,1,,
3379,3.379,0.0,0.02732372248901426,0,1,0.0,0.12873490389608822,0,1,,
3380,3.38,0.0,0.025991128818442254,0,1,0.0,0.12245642854623072,0,1,,
3381,3.3810000000000002,0.0,0.02472352650809075,0,1,0.0,0.11648415805244386,0,1,,
3382,3.382,0.0,0.023517745891919312,0,1,0.0,0.11080315862767638,0,1,,
3383,3.383,0.0,0.02237077189032444,0,1,0.0,0.10539922481426593,0,1,,
3384,3.384,0.0,0.02127973647087007,0,1,0.0,0.10025884396289556,0,1,,
3385,3.3850000000000002,0.0,0.02024191147671259,0,1,0.0,0.09536916244393202,0,1,,
3386,3.386,0.0,0.019254701804787715,0,1,0.0,0.09071795350665657,0,1,,
3387,3.387,0.0,0.01831563891670108,0,1,0.0,0.08629358670601946,0,1,,
3388,3.388,0.0,0.017422374666096446,0,1,0.0,0.08208499882046935,0,1,,
3389,3.3890000000000002,0.0,0.01657267542706674,0,1,0.0,0.07808166618813685,0,1,,
3390,3.39,0.0,0.01576441650892582,0,1,0.0,0.07427357839219827,0,1,,
3391,3.391,0.0,0.014995576843375064,0,1,0.0,0.07065121322961943,0,1,,
3392,3.392,0.0,0.014264233930779895,0,1,0.0,0.06720551290068812,0,1,,
3393,3.3930000000000002,0.0,0.013568559032919317,0,1,0.0,0.06392786135979686,0,1,,
3394,3.394,0.0,0.012906812600187808,0,1,0.0,0.060810062770841,0,1,,
3395,3.395,0.0,0.012277339921815213,0,1,0.0,0.05784432101335938,0,1,,
3396,3.396,0.0,0.011678566988227926,0,1,0.0,0.0550232201881724,0,1,,
3397,3.3970000000000002,0.0,0.011108996555205088,0,1,0.0,0.0523397060737713,0,1,,
3398,3.398,0.0,0.01056720439998815,0,1,0.0,0.049787068487090004,0,1,,
3399,3.399,0.0,0.010051835759982142,0,1,0.0,0.04735892450455226,0,1,,
3400,3.4,0.0,0.00956160194514351,0,1,0.0,0.045049202501438006,0,1,6.591816333338444,7.24358958234203
3401,3.4010000000000002,0.0,0.009095277115583769,0,1,0.0,0.042852126969659,0,1,,
3402,3.402,0.0,0.008651695216331263,0,1,0.0,0.04076220407598026,0,1,,
3403,3.403,0.0,0.008229747061586367,0,1,0.0,0.03877420792457536,0,1,,
3404,3.404,0.0,0.007828377561179243,0,1,0.0,0.03688316748956484,0,1,,
3405,3.4050000000000002,0.0,0.007446583082294835,0,1,0.0,0.03508435418486221,0,1,,
3406,3.406,0.0,0.007083408939868069,0,1,0.0,0.03337327004024569,0,1,,
3407,3.407,0.0,0.006737947009373916,0,1,0.0,0.03174563645408983,0,1,,
3408,3.408,0.0,0.006409333456043057,0,1,0.0,0.030197383494632756,0,1,,
3409,3.4090000000000003,0.0,0.00609674657482501,0,1,0.0,0.028724639723026878,0,1,,
3410,3.41,0.0,0.005799404735697494,0,1,0.0,0.027323722512725208,0,1,,
3411,3.411,0.0,0.005516564429184243,0,1,0.0,0.025991128840996802,0,1,,
3412,3.412,0.0,0.005247518407194037,0,1,0.0,0.0247235265295453,0,1,,
3413,3.4130000000000003,0.0,0.004991593914532087,0,1,0.0,0.023517745912327512,0,1,,
3414,3.414,0.0,0.0047481510066616234,0,1,0.0,0.022370771909737318,0,1,,
3415,3.415,0.0,0.004516580949509222,0,1,0.0,0.02127973648933617,0,1,,
3416,3.416,0.0,0.004296304697312546,0,1,0.0,0.02024191149427809,0,1,,
3417,3.4170000000000003,0.0,0.0040867714447043275,0,1,0.0,0.019254701821496533,0,1,,
3418,3.418,0.0,0.003887457249412049,0,1,0.0,0.018315638932594996,0,1,,
3419,3.419,0.0,0.003697863722129352,0,1,0.0,0.01742237468121521,0,1,,
3420,3.42,0.0,0.003517516780283172,0,1,0.0,0.016572675441448154,0,1,,
3421,3.4210000000000003,0.0,0.003345965462580366,0,1,0.0,0.015764416522605844,0,1,,
3422,3.422,0.0,0.003182780801369587,0,1,0.0,0.014995576856387903,0,1,,
3423,3.423,0.0,0.0030275547499987138,0,1,0.0,0.014264233943158091,0,1,,
3424,3.424,0.0,0.0028798991624856794,0,1,0.0,0.01356855904469382,0,1,,
3425,3.4250000000000003,0.0,0.002739444822951341,0,1,0.0,0.012906812611388062,0,1,,
3426,3.426,0.0,0.0026058405223874643,0,1,0.0,0.012277339932469223,0,1,,
3427,3.427,0.0,0.0024787521804512675,0,1,0.0,0.011678566998362335,0,1,,
3428,3.428,0.0,0.002357862010090549,0,1,0.0,0.011108996564845236,0,1,,
3429,3.4290000000000003,0.0,0.00224286772291053,0,1,0.0,0.010567204409158143,0,1,,
3430,3.43,0.0,0.0021334817732954104,0,1,0.0,0.010051835768704909,0,1,,
3431,3.431,0.0,0.002029430639394556,0,1,0.0,0.009561601953440862,0,1,,
3432,3.432,0.0,0.0019304541391753996,0,1,0.0,0.009095277123476454,0,1,,
3433,3.4330000000000003,0.0,0.0018363047798328365,0,1,0.0,0.008651695223839016,0,1,,
3434,3.434,0.0,0.0017467471389282995,0,1,0.0,0.008229747068727963,0,1,,
3435,3.435,0.0,0.001661557275711035,0,1,0.0,0.007828377567972538,0,1,,
3436,3.436,0.0,0.0015805221711495821,0,1,0.0,0.007446583088756817,0,1,,
3437,3.4370000000000003,0.0,0.001503439195273236,0,1,0.0,0.007083408946014896,0,1,,
3438,3.438,0.0,0.0014301156004915769,0,1,0.0,0.006737947015220958,0,1,,
3439,3.439,0.0,0.0013603680396250958,0,1,0.0,0.006409333461604936,0,1,,
3440,3.44,0.0,0.0012940221074417444,0,1,0.0,0.006096746580115633,0,1,,
3441,3.4410000000000003,0.0,0.0012309119045530116,0,1,0.0,0.0057994047407300894,0,1,,
3442,3.442,0.0,0.001170879622579039,0,1,0.0,0.005516564433971395,0,1,,
3443,3.443,0.0,0.0011137751495454726,0,1,0.0,0.005247518411747717,0,1,,
3444,3.444,0.0,0.0010594556945253365,0,1,0.0,0.004991593918863682,0,1,,
3445,3.4450000000000003,0.0,0.00100778543058734,0,1,0.0,0.004748151010781964,0,1,,
3446,3.446,0.0,0.0009586351551577998,0,1,0.0,0.004516580953428611,0,1,,
3447,3.447,0.0,0.0009118819669469066,0,1,0.0,0.004296304701040784,0,1,,
3448,3.448,0.0,0.000867408958631485,0,1,0.0,0.004086771448250737,0,1,,
3449,3.4490000000000003,0.0,0.0008251049245257911,0,1,0.0,0.0038874572527854982,0,1,,
3450,3.45,0.0,0.0007848640825093734,0,1,0.0,0.003697863725338276,0,1,,
3451,3.451,0.0,0.0007465858095166721,0,1,0.0,0.003517516783335595,0,1,,
3452,3.452,0.0,0.0007101743899269438,0,1,0.0,0.0033459654654839207,0,1,,
3453,3.4530000000000003,0.0,0.0006755387762253524,0,1,0.0,0.0031827808041315336,0,1,,
3454,3.454,0.0,0.0006425923613367586,0,1,0.0,0.0030275547526259585,0,1,,
3455,3.455,0.0,0.0006112527620629198,0,1,0.0,0.0028798991649847923,0,1,,
3456,3.456,0.0,0.000581441613081583,0,1,0.0,0.002739444825328571,0,1,,
3457,3.457,0.0,0.0005530843709923611,0,1,0.0,0.0026058405246487553,0,1,,
3458,3.458,0.0,0.000526110127919403,0,1,0.0,0.0024787521826022743,0,1,,
3459,3.459,0.0,0.0005004514342047707,0,1,0.0,0.0023578620121366503,0,1,,
3460,3.46,0.0,0.000476044129749161,0,1,0.0,0.0022428677248568416,0,1,,
3461,3.461,0.0,0.0004528271835782377,0,1,0.0,0.002133481775146799,0,1,,
3462,3.462,0.0,0.0004307425412334062,0,1,0.0,0.0020294306411556516,0,1,,
3463,3.463,0.0,0.00040973497960542806,0,1,0.0,0.0019304541408506056,0,1,,
3464,3.464,0.0,0.00038975196884788314,0,1,0.0,0.0018363047814263418,0,1,,
3465,3.465,0.0,0.0003707435410251921,0,1,0.0,0.0017467471404440885,0,1,,
3466,3.466,0.0,0.0003526621651667503,0,1,0.0,0.0016615572771528982,0,1,,
3467,3.467,0.0,0.00033546262841474366,0,1,0.0,0.0015805221725211248,0,1,,
3468,3.468,0.0,0.0003191019229684535,0,1,0.0,0.0015034391965778877,0,1,,
3469,3.469,0.0,0.0003035391385423532,0,1,0.0,0.0014301156017326,0,1,,
3470,3.47,0.0,0.0002887353600690851,0,1,0.0,0.0013603680408055933,0,1,,
3471,3.471,0.0,0.00027465357039152224,0,1,0.0,0.0012940221085646685,0,1,,
3472,3.472,0.0,0.00026125855770059404,0,1,0.0,0.00123091190562117,0,1,,
3473,3.473,0.0,0.00024851682748742266,0,1,0.0,0.0011708796235951027,0,1,,
3474,3.474,0.0,0.00023639651878960428,0,1,0.0,0.0011137751505119822,0,1,,
3475,3.475,0.0,0.00022486732452220751,0,1,0.0,0.001059455695444709,0,1,,
3476,3.476,0.0,0.00021390041569427476,0,1,0.0,0.0010077854314618742,0,1,,
3477,3.477,0.0,0.00020346836932132848,0,1,0.0,0.0009586351559896824,0,1,,
3478,3.478,0.0,0.00019354509985362604,0,1,0.0,0.0009118819677382178,0,1,,
3479,3.479,0.0,0.0001841057939486979,0,1,0.0,0.0008674089593842036,0,1,,
3480,3.48,0.0,0.00017512684842506694,0,1,0.0,0.0008251049252417992,0,1,,
3481,3.481,0.0,0.0001665858112420002,0,1,0.0,0.0007848640831904613,0,1,,
3482,3.482,0.0,0.0001584613253577124,0,1,0.0,0.000746585810164543,0,1,,
3483,3.483,0.0,0.00015073307532563717,0,1,0.0,0.0007101743905432176,0,1,,
3484,3.484,0.0,0.00014338173649522862,0,1,0.0,0.0006755387768115702,0,1,,
3485,3.485,0.0,0.00013638892669026934,0,1,0.0,0.0006425923618943862,0,1,,
3486,3.486,0.0,0.000129737160243855,0,1,0.0,0.0006112527625933515,0,1,,
3487,3.487,0.0,0.0001234098042751191,0,1,0.0,0.0005814416135861454,0,1,,
3488,3.488,0.0,0.0001173910370983673,0,1,0.0,0.0005530843714723156,0,1,,
3489,3.489,0.0,0.00011166580866062189,0,1,0.0,0.0005261101283759499,0,1,,
3490,3.49,0.0,0.0001062198029086502,0,1,0.0,0.0005004514346390516,0,1,,
3491,3.491,0.0,0.0001010394019913746,0,1,0.0,0.00047604413016226173,0,1,,
3492,3.492,0.0,9.611165220815156e-05,0,1,0.0,0.00045282718397119125,0,1,,
3493,3.493,0.0,9.142423161777278e-05,0,1,0.0,0.0004307425416071952,0,1,,
3494,3.494,0.0,8.696541922719398e-05,0,1,0.0,0.00040973497996098717,0,1,,
3495,3.495,0.0,8.272406568294705e-05,0,1,0.0,0.0003897519691861014,0,1,,
3496,3.496,0.0,7.868956539194899e-05,0,1,0.0,0.00037074354134691525,0,1,,
3497,3.497,0.0,7.485183000199494e-05,0,1,0.0,0.0003526621654727829,0,1,,
3498,3.498,0.0,7.120126317562292e-05,0,1,0.0,0.00033546262870585086,0,1,,
3499,3.499,0.0,6.772873659427167e-05,0,1,0.0,0.0003191019232453632,0,1,,
3500,3.5,0.0,6.44255671327295e-05,0,1,0.0,0.00030353913880575787,0,1,6.395006809170608,7.352136542646747
3501,3.501,0.0,6.12834951467984e-05,0,1,0.0,0.0002887353603196434,0,1,,
3502,3.5020000000000002,0.0,5.829466381988134e-05,0,1,0.0,0.0002746535706298607,0,1,,
3503,3.503,0.0,5.5451599516848324e-05,0,1,0.0,0.0002612585579273086,0,1,,
3504,3.504,0.0,5.27471930960557e-05,0,1,0.0,0.00024851682770308023,0,1,,
3505,3.505,0.0,5.01746821327891e-05,0,1,0.0,0.00023639651899474412,0,1,,
3506,3.5060000000000002,0.0,4.7727634009679235e-05,0,1,0.0,0.00022486732471734255,0,1,,
3507,3.507,0.0,4.539992983180789e-05,0,1,0.0,0.00021390041587989294,0,1,,
3508,3.508,0.0,4.318574912628341e-05,0,1,0.0,0.00020346836949789395,0,1,,
3509,3.509,0.0,4.107955528802679e-05,0,1,0.0,0.00019354510002158028,0,1,,
3510,3.5100000000000002,0.0,3.907608173537498e-05,0,1,0.0,0.00018410579410846095,0,1,,
3511,3.511,0.0,3.7170318740883606e-05,0,1,0.0,0.00017512684857703826,0,1,,
3512,3.512,0.0,3.535750090439882e-05,0,1,0.0,0.0001665858113865598,0,1,,
3513,3.513,0.0,3.3633095237074765e-05,0,1,0.0,0.00015846132549522177,0,1,,
3514,3.5140000000000002,0.0,3.199278982654033e-05,0,1,0.0,0.00015073307545644012,0,1,,
3515,3.515,0.0,3.043248305487226e-05,0,1,0.0,0.00014338173661965223,0,1,,
3516,3.516,0.0,2.894827334241387e-05,0,1,0.0,0.00013638892680862473,0,1,,
3517,3.517,0.0,2.7536449391793708e-05,0,1,0.0,0.0001297371603564381,0,1,,
3518,3.5180000000000002,0.0,2.6193480907748965e-05,0,1,0.0,0.00012340980438221147,0,1,,
3519,3.519,0.0,2.491600976954849e-05,0,1,0.0,0.00011739103720023671,0,1,,
3520,3.52,0.0,2.3700841633941776e-05,0,1,0.0,0.00011166580875752308,0,1,,
3521,3.521,0.0,2.2544937947636998e-05,0,1,0.0,0.00010621980300082547,0,1,,
3522,3.5220000000000002,0.0,2.144540834933505e-05,0,1,0.0,0.00010103940207905442,0,1,,
3523,3.523,0.0,2.0399503442320786e-05,0,1,0.0,9.611165229155519e-05,0,1,,
3524,3.524,0.0,1.9404607919539137e-05,0,1,0.0,9.142423169710878e-05,0,1,,
3525,3.525,0.0,1.845823402396521e-05,0,1,0.0,8.696541930266071e-05,0,1,,
3526,3.5260000000000002,0.0,1.7558015327915925e-05,0,1,0.0,8.272406575473323e-05,0,1,,
3527,3.527,0.0,1.670170081574818e-05,0,1,0.0,7.868956546023412e-05,0,1,,
3528,3.528,0.0,1.588714925514725e-05,0,1,0.0,7.485183006694976e-05,0,1,,
3529,3.529,0.0,1.5112323842930664e-05,0,1,0.0,7.120126323740987e-05,0,1,,
3530,3.5300000000000002,0.0,1.4375287111979354e-05,0,1,0.0,6.772873665304523e-05,0,1,,
3531,3.531,0.0,1.3674196086560651e-05,0,1,0.0,6.442556718863663e-05,0,1,,
3532,3.532,0.0,1.3007297673929003e-05,0,1,0.0,6.12834951999789e-05,0,1,,
3533,3.533,0.0,1.2372924280680963e-05,0,1,0.0,5.8294663870468196e-05,0,1,,
3534,3.5340000000000003,0.0,1.1769489642903063e-05,0,1,0.0,5.545159956496803e-05,0,1,,
3535,3.535,0.0,1.1195484859685794e-05,0,1,0.0,5.274719314182858e-05,0,1,,
3536,3.536,0.0,1.0649474620085376e-05,0,1,0.0,5.017468217632961e-05,0,1,,
3537,3.537,0.0,1.0130093614098772e-05,0,1,0.0,4.7727634051096246e-05,0,1,,
3538,3.5380000000000003,0.0,9.636043118677534e-06,0,1,0.0,4.539992987120496e-05,0,1,,
3539,3.539,0.0,9.166087750243696e-06,0,1,0.0,4.318574916375907e-05,0,1,,
3540,3.54,0.0,8.719052375587356e-06,0,1,0.0,4.107955532367473e-05,0,1,,
3541,3.541,0.0,8.293819173421545e-06,0,1,0.0,3.9076081769284354e-05,0,1,,
3542,3.5420000000000003,0.0,7.889324839246763e-06,0,1,0.0,3.71703187731392e-05,0,1,,
3543,3.543,0.0,7.5045579265358866e-06,0,1,0.0,3.5357500935081285e-05,0,1,,
3544,3.544,0.0,7.138556317591003e-06,0,1,0.0,3.363309526626083e-05,0,1,,
3545,3.545,0.0,6.790404817748026e-06,0,1,0.0,3.1992789854302976e-05,0,1,,
3546,3.5460000000000003,0.0,6.4592328669133306e-06,0,1,0.0,3.0432483081280903e-05,0,1,,
3547,3.547,0.0,6.1442123627100645e-06,0,1,0.0,2.894827336753455e-05,0,1,,
3548,3.548,0.0,5.844555589790867e-06,0,1,0.0,2.7536449415689235e-05,0,1,,
3549,3.549,0.0,5.5595132501391975e-06,0,1,0.0,2.6193480930479094e-05,0,1,,
3550,3.5500000000000003,0.0,5.288372589434003e-06,0,1,0.0,2.4916009791170055e-05,0,1,,
3551,3.551,0.0,5.030455614792657e-06,0,1,0.0,2.3700841654508847e-05,0,1,,
3552,3.552,0.0,4.785117399435605e-06,0,1,0.0,2.2544937967201003e-05,0,1,,
3553,3.553,0.0,4.551744470033484e-06,0,1,0.0,2.1445408367944907e-05,0,1,,
3554,3.5540000000000003,0.0,4.329753272704258e-06,0,1,0.0,2.039950346002303e-05,0,1,,
3555,3.555,0.0,4.118588713824554e-06,0,1,0.0,1.940460793637803e-05,0,1,,
3556,3.556,0.0,3.917722772006467e-06,0,1,0.0,1.845823403998286e-05,0,1,,
3557,3.557,0.0,3.7266531777690535e-06,0,1,0.0,1.7558015343152384e-05,0,1,,
3558,3.5580000000000003,0.0,3.544902157603014e-06,0,1,0.0,1.670170083024155e-05,0,1,,
3559,3.559,0.0,3.3720152392880543e-06,0,1,0.0,1.5887149268933767e-05,0,1,,
3560,3.56,0.0,3.2075601154756135e-06,0,1,0.0,1.5112323856044806e-05,0,1,,
3561,3.561,0.0,3.0511255626953116e-06,0,1,0.0,1.4375287124453911e-05,0,1,,
3562,3.5620000000000003,0.0,2.9023204130820783e-06,0,1,0.0,1.3674196098426819e-05,0,1,,
3563,3.563,0.0,2.7607725762527397e-06,0,1,0.0,1.300729768521645e-05,0,1,,
3564,3.564,0.0,2.6261281088862472e-06,0,1,0.0,1.2372924291417913e-05,0,1,,
3565,3.565,0.0,2.498050329681013e-06,0,1,0.0,1.1769489653116366e-05,0,1,,
3566,3.5660000000000003,0.0,2.376218977476289e-06,0,1,0.0,1.119548486940099e-05,0,1,,
3567,3.567,0.0,2.2603294104324454e-06,0,1,0.0,1.0649474629326754e-05,0,1,,
3568,3.568,0.0,2.1500918442676934e-06,0,1,0.0,1.0130093622889443e-05,0,1,,
3569,3.569,0.0,2.0452306276464366e-06,0,1,0.0,9.636043127039479e-06,0,1,,
3570,3.5700000000000003,0.0,1.945483552907354e-06,0,1,0.0,9.166087758197824e-06,0,1,,
3571,3.571,0.0,1.8506012004076666e-06,0,1,0.0,8.719052383153556e-06,0,1,,
3572,3.572,0.0,1.7603463148441153e-06,0,1,0.0,8.293819180618736e-06,0,1,,
3573,3.573,0.0,1.6744932119911205e-06,0,1,0.0,7.889324846092944e-06,0,1,,
3574,3.5740000000000003,0.0,1.5928272143726658e-06,0,1,0.0,7.504557933048175e-06,0,1,,
3575,3.575,0.0,1.5151441144567863e-06,0,1,0.0,7.138556323785683e-06,0,1,,
3576,3.576,0.0,1.4412496640303727e-06,0,1,0.0,6.790404823640588e-06,0,1,,
3577,3.577,0.0,1.3709590884774588e-06,0,1,0.0,6.459232872518508e-06,0,1,,
3578,3.5780000000000003,0.0,1.3040966247464365e-06,0,1,0.0,6.144212368041874e-06,0,1,,
3579,3.579,0.0,1.2404950818508764e-06,0,1,0.0,5.844555594862642e-06,0,1,,
3580,3.58,0.0,1.1799954228049753e-06,0,1,0.0,5.5595132549636185e-06,0,1,,
3581,3.581,0.0,1.1224463669482533e-06,0,1,0.0,5.2883725940231345e-06,0,1,,
3582,3.5820000000000003,0.0,1.0677040116651042e-06,0,1,0.0,5.030455619157975e-06,0,1,,
3583,3.583,0.0,1.0156314725533009e-06,0,1,0.0,4.785117403588023e-06,0,1,,
3584,3.584,0.0,9.660985411416892e-07,0,1,0.0,4.551744473983386e-06,0,1,,
3585,3.585,0.0,9.189813593011883e-07,0,1,0.0,4.329753276461521e-06,0,1,,
3586,3.586,0.0,8.741621095349533e-07,0,1,0.0,4.118588717398573e-06,0,1,,
3587,3.587,0.0,8.315287203732638e-07,0,1,0.0,3.9177227754061785e-06,0,1,,
3588,3.588,0.0,7.909745861364749e-07,0,1,0.0,3.7266531810029592e-06,0,1,,
3589,3.589,0.0,7.523983003652894e-07,0,1,0.0,3.5449021606792e-06,0,1,,
3590,3.59,0.0,7.157034022517896e-07,0,1,0.0,3.372015242214213e-06,0,1,,
3591,3.591,0.0,6.807981354371729e-07,0,1,0.0,3.2075601182590616e-06,0,1,,
3592,3.592,0.0,6.475952185730612e-07,0,1,0.0,3.051125565343009e-06,0,1,,
3593,3.593,0.0,6.160116270726671e-07,0,1,0.0,2.9023204156006465e-06,0,1,,
3594,3.594,0.0,5.859683855060816e-07,0,1,0.0,2.7607725786484763e-06,0,1,,
3595,3.595,0.0,5.573903701205625e-07,0,1,0.0,2.6261281111651424e-06,0,1,,
3596,3.596,0.0,5.302061209920226e-07,0,1,0.0,2.4980503318487653e-06,0,1,,
3597,3.597,0.0,5.043476633379977e-07,0,1,0.0,2.376218979538319e-06,0,1,,
3598,3.598,0.0,4.797503375452834e-07,0,1,0.0,2.260329412393909e-06,0,1,,
3599,3.599,0.0,4.563526374872232e-07,0,1,0.0,2.150091846133495e-06,0,1,,
3600,3.6,0.0,4.340960567263543e-07,0,1,0.0,2.0452306294212426e-06,0,1,6.3975652668999,7.038567819033694
3601,3.601,0.0,4.129249422178393e-07,0,1,0.0,1.9454835545956015e-06,0,1,,
3602,3.602,0.0,3.927863551478659e-07,0,1,0.0,1.8506012020135773e-06,0,1,,
3603,3.603,0.0,3.7362993855903754e-07,0,1,0.0,1.7603463163717047e-06,0,1,,
3604,3.604,0.0,3.5540779143175044e-07,0,1,0.0,1.6744932134442085e-06,0,1,,
3605,3.605,0.0,3.3807434890669377e-07,0,1,0.0,1.5928272157548857e-06,0,1,,
3606,3.606,0.0,3.215862683489679e-07,0,1,0.0,1.5151441157715944e-06,0,1,,
3607,3.607,0.0,3.0590232096892094e-07,0,1,0.0,1.441249665281057e-06,0,1,,
3608,3.608,0.0,2.9098328872869937e-07,0,1,0.0,1.3709590896671467e-06,0,1,,
3609,3.609,0.0,2.767918662767258e-07,0,1,0.0,1.3040966258781026e-06,0,1,,
3610,3.61,0.0,2.632925676648885e-07,0,1,0.0,1.2404950829273505e-06,0,1,,
3611,3.611,0.0,2.504516376151872e-07,0,1,0.0,1.1799954238289492e-06,0,1,,
3612,3.612,0.0,2.382369671139559e-07,0,1,0.0,1.1224463679222874e-06,0,1,,
3613,3.613,0.0,2.266180131226038e-07,0,1,0.0,1.0677040125916342e-06,0,1,,
3614,3.614,0.0,2.1556572220410967e-07,0,1,0.0,1.0156314734346433e-06,0,1,,
3615,3.615,0.0,2.0505245787429604e-07,0,1,0.0,9.660985419800479e-07,0,1,,
3616,3.616,0.0,1.9505193149622354e-07,0,1,0.0,9.189813600986598e-07,0,1,,
3617,3.617,0.0,1.8553913654490542e-07,0,1,0.0,8.741621102935316e-07,0,1,,
3618,3.618,0.0,1.7649028607796977e-07,0,1,0.0,8.315287210948457e-07,0,1,,
3619,3.619,0.0,1.6788275325591356e-07,0,1,0.0,7.909745868228648e-07,0,1,,
3620,3.62,0.0,1.5969501476321803e-07,0,1,0.0,7.523983010182038e-07,0,1,,
3621,3.621,0.0,1.5190659698884892e-07,0,1,0.0,7.157034028728609e-07,0,1,,
3622,3.622,0.0,1.4449802483156465e-07,0,1,0.0,6.807981360279541e-07,0,1,,
3623,3.623,0.0,1.3745077300201912e-07,0,1,0.0,6.475952191350296e-07,0,1,,
3624,3.624,0.0,1.3074721969988892e-07,0,1,0.0,6.16011627607228e-07,0,1,,
3625,3.625,0.0,1.2437060255019375e-07,0,1,0.0,5.859683860145717e-07,0,1,,
3626,3.626,0.0,1.1830497668862784e-07,0,1,0.0,5.573903706042532e-07,0,1,,
3627,3.6270000000000002,0.0,1.1253517489109384e-07,0,1,0.0,5.302061214521235e-07,0,1,,
3628,3.628,0.0,1.070467696477424e-07,0,1,0.0,5.043476637756592e-07,0,1,,
3629,3.629,0.0,1.0182603708668251e-07,0,1,0.0,4.797503379615999e-07,0,1,,
3630,3.63,0.0,9.685992265715336e-08,0,1,0.0,4.563526378832357e-07,0,1,,
3631,3.6310000000000002,0.0,9.213600848634766e-08,0,1,0.0,4.3409605710305304e-07,0,1,,
3632,3.632,0.0,8.764248232826138e-08,0,1,0.0,4.129249425761662e-07,0,1,,
3633,3.633,0.0,8.336810802692607e-08,0,1,0.0,3.9278635548871697e-07,0,1,,
3634,3.634,0.0,7.930219742016624e-08,0,1,0.0,3.7362993888326513e-07,0,1,,
3635,3.6350000000000002,0.0,7.543458361362674e-08,0,1,0.0,3.5540779174016525e-07,0,1,,
3636,3.636,0.0,7.175559555824115e-08,0,1,0.0,3.38074349200067e-07,0,1,,
3637,3.637,0.0,6.825603386757172e-08,0,1,0.0,3.215862686280332e-07,0,1,,
3638,3.638,0.0,6.49271478145515e-08,0,1,0.0,3.0590232123437604e-07,0,1,,
3639,3.6390000000000002,0.0,6.176061345010862e-08,0,1,0.0,2.9098328898120804e-07,0,1,,
3640,3.64,0.0,5.8748512788957876e-08,0,1,0.0,2.7679186651691946e-07,0,1,,
3641,3.641,0.0,5.588331401051324e-08,0,1,0.0,2.6329256789336773e-07,0,1,,
3642,3.642,0.0,5.31578526254132e-08,0,1,0.0,2.5045163783252336e-07,0,1,,
3643,3.6430000000000002,0.0,5.056531356056557e-08,0,1,0.0,2.3823696732069245e-07,0,1,,
3644,3.644,0.0,4.8099214117914935e-08,0,1,0.0,2.266180133192577e-07,0,1,,
3645,3.645,0.0,4.575338776432084e-08,0,1,0.0,2.1556572239117264e-07,0,1,,
3646,3.646,0.0,4.3521968712012925e-08,0,1,0.0,2.0505245805223583e-07,0,1,,
3647,3.6470000000000002,0.0,4.1399377251066134e-08,0,1,0.0,1.950519316654851e-07,0,1,,
3648,3.648,0.0,3.938030579721959e-08,0,1,0.0,1.8553913670591199e-07,0,1,,
3649,3.649,0.0,3.745970562015132e-08,0,1,0.0,1.7649028623112397e-07,0,1,,
3650,3.65,0.0,3.56327742190227e-08,0,1,0.0,1.6788275340159836e-07,0,1,,
3651,3.6510000000000002,0.0,3.389494331372484e-08,0,1,0.0,1.596950149017977e-07,0,1,,
3652,3.652,0.0,3.224186742179881e-08,0,1,0.0,1.5190659712067e-07,0,1,,
3653,3.653,0.0,3.0669412992466003e-08,0,1,0.0,1.4449802495695674e-07,0,1,,
3654,3.654,0.0,2.917364807059816e-08,0,1,0.0,1.3745077312129575e-07,0,1,,
3655,3.6550000000000002,0.0,2.775083246478145e-08,0,1,0.0,1.3074721981334838e-07,0,1,,
3656,3.656,0.0,2.639740839488979e-08,0,1,0.0,1.2437060265811973e-07,0,1,,
3657,3.657,0.0,2.510999159578133e-08,0,1,0.0,1.183049767912902e-07,0,1,,
3658,3.658,0.0,2.388536285487284e-08,0,1,0.0,1.125351749887493e-07,0,1,,
3659,3.6590000000000003,0.0,2.2720459962431424e-08,0,1,0.0,1.0704676974063514e-07,0,1,,
3660,3.66,0.0,2.1612370054455157e-08,0,1,0.0,1.0182603717504481e-07,0,1,,
3661,3.661,0.0,2.0558322328995843e-08,0,1,0.0,9.685992274120619e-08,0,1,,
3662,3.662,0.0,1.9555681117710896e-08,0,1,0.0,9.213600856630119e-08,0,1,,
3663,3.6630000000000003,0.0,1.8601939295319616e-08,0,1,0.0,8.764248240431553e-08,0,1,,
3664,3.664,0.0,1.7694712010484096e-08,0,1,0.0,8.336810809927102e-08,0,1,,
3665,3.665,0.0,1.6831730722438657e-08,0,1,0.0,7.930219748898289e-08,0,1,,
3666,3.666,0.0,1.601083752845631e-08,0,1,0.0,7.543458367908716e-08,0,1,,
3667,3.6670000000000003,0.0,1.522997976796793e-08,0,1,0.0,7.175559562050903e-08,0,1,,
3668,3.668,0.0,1.4487204889841651e-08,0,1,0.0,6.825603392680276e-08,0,1,,
3669,3.669,0.0,1.3780655569988004e-08,0,1,0.0,6.49271478708938e-08,0,1,,
3670,3.67,0.0,1.3108565067082247e-08,0,1,0.0,6.176061350370306e-08,0,1,,
3671,3.6710000000000003,0.0,1.246925280479081e-08,0,1,0.0,5.874851283993849e-08,0,1,,
3672,3.672,0.0,1.1861120169455077e-08,0,1,0.0,5.58833140590075e-08,0,1,,
3673,3.673,0.0,1.1282646512724565e-08,0,1,0.0,5.315785267154236e-08,0,1,,
3674,3.674,0.0,1.0732385349143975e-08,0,1,0.0,5.056531360444499e-08,0,1,,
3675,3.6750000000000003,0.0,1.0208960739186118e-08,0,1,0.0,4.809921415965433e-08,0,1,,
3676,3.676,0.0,9.711063848686396e-09,0,1,0.0,4.5753387804024585e-08,0,1,,
3677,3.677,0.0,9.237449676075648e-09,0,1,0.0,4.352196874978029e-08,0,1,,
3678,3.678,0.0,8.786933939227747e-09,0,1,0.0,4.139937728699157e-08,0,1,,
3679,3.6790000000000003,0.0,8.358390114137401e-09,0,1,0.0,3.938030583139292e-08,0,1,,
3680,3.68,0.0,7.950746618023377e-09,0,1,0.0,3.7459705652658e-08,0,1,,
3681,3.681,0.0,7.562984129813376e-09,0,1,0.0,3.563277424994401e-08,0,1,,
3682,3.682,0.0,7.1941330413104106e-09,0,1,0.0,3.38949433431381e-08,0,1,,
3683,3.6830000000000003,0.0,6.843271032667273e-09,0,1,0.0,3.2241867449777565e-08,0,1,,
3684,3.684,0.0,6.509520766106497e-09,0,1,0.0,3.0669413019080215e-08,0,1,,
3685,3.685,0.0,6.1920476921189304e-09,0,1,0.0,2.917364809591438e-08,0,1,,
3686,3.686,0.0,5.890057962655265e-09,0,1,0.0,2.7750832488862985e-08,0,1,,
3687,3.6870000000000003,0.0,5.6027964460924156e-09,0,1,0.0,2.6397408417796853e-08,0,1,,
3688,3.688,0.0,5.329544839011134e-09,0,1,0.0,2.5109991617571204e-08,0,1,,
3689,3.689,0.0,5.069619870063312e-09,0,1,0.0,2.3885362875600008e-08,0,1,,
3690,3.69,0.0,4.822371591437709e-09,0,1,0.0,2.2720459982147714e-08,0,1,,
3691,3.6910000000000003,0.0,4.587181753651884e-09,0,1,0.0,2.1612370073209872e-08,0,1,,
3692,3.692,0.0,4.363462259606458e-09,0,1,0.0,2.0558322346835882e-08,0,1,,
3693,3.693,0.0,4.150653694036036e-09,0,1,0.0,1.9555681134680867e-08,0,1,,
3694,3.694,0.0,3.948223924679661e-09,0,1,0.0,1.860193931146195e-08,0,1,,
3695,3.6950000000000003,0.0,3.755666771672984e-09,0,1,0.0,1.769471202583916e-08,0,1,,
3696,3.696,0.0,3.5725007418349474e-09,0,1,0.0,1.6831730737044847e-08,0,1,,
3697,3.697,0.0,3.398267824684031e-09,0,1,0.0,1.6010837542350148e-08,0,1,,
3698,3.698,0.0,3.232532347173484e-09,0,1,0.0,1.5229979781184157e-08,0,1,,
3699,3.6990000000000003,0.0,3.0748798842817755e-09,0,1,0.0,1.4487204902413316e-08,0,1,,
3700,3.7,0.0,2.924916222734175e-09,0,1,0.0,1.3780655581946542e-08,0,1,6.398367875906749,6.3978996667631245
3701,3.701,0.0,2.782266375264232e-09,0,1,0.0,1.3108565078457562e-08,0,1,,
3702,3.702,0.0,2.646573642950283e-09,0,1,0.0,1.2469252815611344e-08,0,1,,
3703,3.7030000000000003,0.0,2.517498723282356e-09,0,1,0.0,1.1861120179747885e-08,0,1,,
3704,3.704,0.0,2.394718861729158e-09,0,1,0.0,1.1282646522515387e-08,0,1,,
3705,3.705,0.0,2.2779270446836317e-09,0,1,0.0,1.0732385358457294e-08,0,1,,
3706,3.706,0.0,2.1668312317690233e-09,0,1,0.0,1.020896074804522e-08,0,1,,
3707,3.7070000000000003,0.0,2.0611536255858213e-09,0,1,0.0,9.711063857113434e-09,0,1,,
3708,3.708,0.0,1.960629977073561e-09,0,1,0.0,9.237449684091695e-09,0,1,,
3709,3.709,0.0,1.865008924750532e-09,0,1,0.0,8.786933946852845e-09,0,1,,
3710,3.71,0.0,1.774051366179144e-09,0,1,0.0,8.358390121390619e-09,0,1,,
3711,3.7110000000000003,0.0,1.6875298600852925e-09,0,1,0.0,7.950746624922852e-09,0,1,,
3712,3.712,0.0,1.6052280576367033e-09,0,1,0.0,7.562984136376359e-09,0,1,,
3713,3.713,0.0,1.5269401614581602e-09,0,1,0.0,7.194133047553313e-09,0,1,,
3714,3.714,0.0,1.452470411030873e-09,0,1,0.0,6.843271038605706e-09,0,1,,
3715,3.715,0.0,1.381632593189213e-09,0,1,0.0,6.5095207717553095e-09,0,1,,
3716,3.716,0.0,1.3142495764908042e-09,0,1,0.0,6.192047697492247e-09,0,1,,
3717,3.717,0.0,1.2501528682956548e-09,0,1,0.0,5.8900579677665214e-09,0,1,,
3718,3.718,0.0,1.1891821934467926e-09,0,1,0.0,5.602796450954393e-09,0,1,,
3719,3.719,0.0,1.1311850934988894e-09,0,1,0.0,5.32954484363599e-09,0,1,,
3720,3.72,0.0,1.076016545492735e-09,0,1,0.0,5.069619874462611e-09,0,1,,
3721,3.721,0.0,1.0235385993223006e-09,0,1,0.0,4.822371595622451e-09,0,1,,
3722,3.722,0.0,9.736200327876189e-10,0,1,0.0,4.5871817576325345e-09,0,1,,
3723,3.723,0.0,9.26136023470933e-10,0,1,0.0,4.36346226339297e-09,0,1,,
3724,3.724,0.0,8.809678366156354e-10,0,1,0.0,4.150653697637878e-09,0,1,,
3725,3.725,0.0,8.380025282275299e-10,0,1,0.0,3.94822392810584e-09,0,1,,
3726,3.726,0.0,7.971326626560166e-10,0,1,0.0,3.755666774932066e-09,0,1,,
3727,3.727,0.0,7.582560439490046e-10,0,1,0.0,3.5725007449350818e-09,0,1,,
3728,3.728,0.0,7.212754603097998e-10,0,1,0.0,3.39826782763297e-09,0,1,,
3729,3.729,0.0,6.860984410169785e-10,0,1,0.0,3.2325323499786014e-09,0,1,,
3730,3.73,0.0,6.526370251994175e-10,0,1,0.0,3.0748798869500856e-09,0,1,,
3731,3.731,0.0,6.208075418883e-10,0,1,0.0,2.9249162252723504e-09,0,1,,
3732,3.732,0.0,5.905304007961105e-10,0,1,0.0,2.7822663776786187e-09,0,1,,
3733,3.733,0.0,5.617298932994602e-10,0,1,0.0,2.6465736452469187e-09,0,1,,
3734,3.734,0.0,5.343340031280931e-10,0,1,0.0,2.5174987254669832e-09,0,1,,
3735,3.735,0.0,5.082742262866987e-10,0,1,0.0,2.3947188638072395e-09,0,1,,
3736,3.736,0.0,4.834853997592421e-10,0,1,0.0,2.2779270466603643e-09,0,1,,
3737,3.737,0.0,4.599055385674815e-10,0,1,0.0,2.1668312336493496e-09,0,1,,
3738,3.738,0.0,4.3747568077623633e-10,0,1,0.0,2.061153627374443e-09,0,1,,
3739,3.739,0.0,4.1613974005783735e-10,0,1,0.0,1.9606299787749505e-09,0,1,,
3740,3.74,0.0,3.9584436544709335e-10,0,1,0.0,1.8650089263689434e-09,0,1,,
3741,3.741,0.0,3.7653880793608893e-10,0,1,0.0,1.7740513677186245e-09,0,1,,
3742,3.742,0.0,3.5817479357523074e-10,0,1,0.0,1.6875298615496917e-09,0,1,,
3743,3.743,0.0,3.407064027632288e-10,0,1,0.0,1.605228059029683e-09,0,1,,
3744,3.744,0.0,3.2408995542417457e-10,0,1,0.0,1.5269401627832034e-09,0,1,,
3745,3.745,0.0,3.082839017845996e-10,0,1,0.0,1.4524704122912932e-09,0,1,,
3746,3.746,0.0,2.932487184773993e-10,0,1,0.0,1.3816325943881616e-09,0,1,,
3747,3.747,0.0,2.7894680971282844e-10,0,1,0.0,1.3142495776312795e-09,0,1,,
3748,3.748,0.0,2.65342413269444e-10,0,1,0.0,1.2501528693805083e-09,0,1,,
3749,3.749,0.0,2.5240151106992383e-10,0,1,0.0,1.1891821944787372e-09,0,1,,
3750,3.75,0.0,2.4009174411815424e-10,0,1,0.0,1.1311850944805054e-09,0,1,,
3751,3.751,0.0,2.2838233158488455e-10,0,1,0.0,1.0760165464264769e-09,0,1,,
3752,3.7520000000000002,0.0,2.1724399383962096e-10,0,1,0.0,1.0235386002105033e-09,0,1,,
3753,3.753,0.0,2.066488792362993e-10,0,1,0.0,9.736200336325034e-10,0,1,,
3754,3.754,0.0,1.9657049446966254e-10,0,1,0.0,9.261360242746121e-10,0,1,,
3755,3.755,0.0,1.869836383281979e-10,0,1,0.0,8.809678373801185e-10,0,1,,
3756,3.7560000000000002,0.0,1.7786433867798133e-10,0,1,0.0,8.380025289547288e-10,0,1,,
3757,3.757,0.0,1.6918979251985626e-10,0,1,0.0,7.971326633477496e-10,0,1,,
3758,3.758,0.0,1.6093830897005807e-10,0,1,0.0,7.582560446070013e-10,0,1,,
3759,3.759,0.0,1.5308925502170644e-10,0,1,0.0,7.212754609357056e-10,0,1,,
3760,3.7600000000000002,0.0,1.4562300395154085e-10,0,1,0.0,6.860984416123585e-10,0,1,,
3761,3.761,0.0,1.385208862428894e-10,0,1,0.0,6.526370257657605e-10,0,1,,
3762,3.762,0.0,1.3176514290215254e-10,0,1,0.0,6.20807542427022e-10,0,1,,
3763,3.763,0.0,1.253388810520689e-10,0,1,0.0,5.905304013085587e-10,0,1,,
3764,3.7640000000000002,0.0,1.1922603169072295e-10,0,1,0.0,5.61729893786916e-10,0,1,,
3765,3.765,0.0,1.1341130951067029e-10,0,1,0.0,5.343340035917753e-10,0,1,,
3766,3.766,0.0,1.0788017467770726e-10,0,1,0.0,5.082742267277668e-10,0,1,,
3767,3.767,0.0,1.0261879647371197e-10,0,1,0.0,4.834854001787991e-10,0,1,,
3768,3.7680000000000002,0.0,9.761401871264494e-11,0,1,0.0,4.5990553896657643e-10,0,1,,
3769,3.769,0.0,9.285332684323118e-11,0,1,0.0,4.374756811558672e-10,0,1,,
3770,3.77,0.0,8.832481665606349e-11,0,1,0.0,4.1613974041895344e-10,0,1,,
3771,3.771,0.0,8.401716451687835e-11,0,1,0.0,3.9584436579059757e-10,0,1,,
3772,3.7720000000000002,0.0,1.0000000000799196,0,1,0.0,3.7653880826284027e-10,0,1,,
3773,3.773,0.0,0.9512294245767359,0,1,0.0,3.5817479388604623e-10,0,1,,
3774,3.774,0.0,0.9048374181082738,0,1,0.0,3.407064030588856e-10,0,1,,
3775,3.775,0.0,0.8607079764938452,0,1,0.0,3.240899557054121e-10,0,1,,
3776,3.7760000000000002,0.0,0.8187307531434145,0,1,0.0,3.0828390205212105e-10,0,1,,
3777,3.777,0.0,0.7788007831336463,0,1,0.0,2.932487187318736e-10,0,1,,
3778,3.778,0.0,0.7408182207409237,0,1,0.0,2.7894680995489184e-10,0,1,,
3779,3.779,0.0,0.7046880897750318,0,1,0.0,2.6534241349970183e-10,0,1,,
3780,3.7800000000000002,0.0,0.670320046089211,0,1,0.0,2.5240151128895185e-10,0,1,,
3781,3.781,0.0,0.6376281516727323,0,1,0.0,2.4009174432650015e-10,0,1,,
3782,3.782,0.0,0.6065306597611072,0,1,0.0,2.2838233178306932e-10,0,1,,
3783,3.783,0.0,0.5769498104265964,0,1,0.0,2.1724399402814015e-10,0,1,,
3784,3.7840000000000003,0.0,0.5488116361378874,0,1,0.0,2.066488794156243e-10,0,1,,
3785,3.785,0.0,0.5220457768027379,0,1,0.0,1.9657049464024176e-10,0,1,,
3786,3.786,0.0,0.49658530383109656,0,1,0.0,1.0000000001869835,0,1,,
3787,3.787,0.0,0.4723665527787662,0,1,0.0,0.9512294246785783,0,1,,
3788,3.7880000000000003,0.0,0.44932896415313195,0,1,0.0,0.9048374182051493,0,1,,
3789,3.789,0.0,0.42741493198288566,0,1,0.0,0.8607079765859961,0,1,,
3790,3.79,0.0,0.4065696597730922,0,1,0.0,0.818730753231071,0,1,,
3791,3.791,0.0,0.38674102348540956,0,1,0.0,0.7788007832170278,0,1,,
3792,3.7920000000000003,0.0,0.36787944120084326,0,1,0.0,0.7408182208202387,0,1,,
3793,3.793,0.0,0.3499377491391224,0,1,0.0,0.7046880898504786,0,1,,
3794,3.794,0.0,0.33287108372468266,0,1,0.0,0.6703200461609782,0,1,,
3795,3.795,0.0,0.31663676940435886,0,1,0.0,0.6376281517409993,0,1,,
3796,3.7960000000000003,0.0,0.30119421193627355,0,1,0.0,0.6065306598260447,0,1,,
3797,3.797,0.0,0.28650479688308755,0,1,0.0,0.5769498104883668,0,1,,
3798,3.798,0.0,0.27253179305579334,0,1,0.0,0.5488116361966452,0,1,,
3799,3.799,0.0,0.25924026066661,0,1,0.0,0.5220457768586301,0,1,,
3800,3.8000000000000003,0.0,0.2465969639613145,0,1,0.0,0.49658530388426286,0,1,6.456821326860768,6.399267912938815
3801,3.801,0.0,0.23457028811254452,0,1,0.0,0.47236655282933954,0,1,,
3802,3.802,0.0,0.2231301601662624,0,1,0.0,0.44932896420123875,0,1,,
3803,3.803,0.0,0.21224797384370592,0,1,0.0,0.4274149320286463,0,1,,
3804,3.8040000000000003,0.0,0.20189651801079098,0,1,0.0,0.406569659816621,0,1,,
3805,3.805,0.0,0.19204990863610275,0,1,0.0,0.3867410235268155,0,1,,
3806,3.806,0.0,0.1826835240673347,0,1,0.0,0.3678794412402298,0,1,,
3807,3.807,0.0,0.17377394346433314,0,1,0.0,0.34993774917658804,0,1,,
3808,3.8080000000000003,0.0,0.16529888823479721,0,1,0.0,0.33287108376032104,0,1,,
3809,3.809,0.0,0.157237166326194,0,1,0.0,0.31663676943825914,0,1,,
3810,3.81,0.0,0.14956861923458856,0,1,0.0,0.30119421196852053,0,1,,
3811,3.811,0.0,0.1422740715978841,0,1,0.0,0.28650479691376185,0,1,,
3812,3.8120000000000003,0.0,0.1353352832474287,0,1,0.0,0.2725317930849716,0,1,,
3813,3.813,0.0,0.12873490359809273,0,1,0.0,0.25924026069436523,0,1,,
3814,3.814,0.0,0.12245642826276865,0,1,0.0,0.2465969639877161,0,1,,
3815,3.815,0.0,0.1164841577828064,0,1,0.0,0.23457028813765848,0,1,,
3816,3.8160000000000003,0.0,0.1108031583711893,0,1,0.0,0.22313016019015156,0,1,,
3817,3.817,0.0,0.10539922457028787,0,1,0.0,0.21224797386643,0,1,,
3818,3.818,0.0,0.10025884373081645,0,1,0.0,0.2018965180324068,0,1,,
3819,3.819,0.0,0.09536916222317154,0,1,0.0,0.19204990865666435,0,1,,
3820,3.8200000000000003,0.0,0.0907179532966627,0,1,0.0,0.18268352408689353,0,1,,
3821,3.821,0.0,0.08629358650626712,0,1,0.0,0.17377394348293806,0,1,,
3822,3.822,0.0,0.08208499863045905,0,1,0.0,0.16529888825249478,0,1,,
3823,3.823,0.0,0.07808166600739347,0,1,0.0,0.15723716634302845,0,1,,
3824,3.8240000000000003,0.0,0.07427357822026985,0,1,0.0,0.149568619250602,0,1,,
3825,3.825,0.0,0.07065121306607605,0,1,0.0,0.14227407161311656,0,1,,
3826,3.826,0.0,0.06720551274512085,0,1,0.0,0.13533528326191824,0,1,,
3827,3.827,0.0,0.0639278612118167,0,1,0.0,0.1287349036118756,0,1,,
3828,3.8280000000000003,0.0,0.060810062630077925,0,1,0.0,0.12245642827587931,0,1,,
3829,3.829,0.0,0.057844320879461404,0,1,0.0,0.11648415779527764,0,1,,
3830,3.83,0.0,0.055023220060804706,0,1,0.0,0.11080315838305231,0,1,,
3831,3.831,0.0,0.052339705952615403,0,1,0.0,0.10539922458157232,0,1,,
3832,3.8320000000000003,0.0,0.04978706837184295,0,1,0.0,0.10025884374155054,0,1,,
3833,3.833,0.0,0.047358924394925866,0,1,0.0,0.09536916223338214,0,1,,
3834,3.834,0.0,0.04504920239715816,0,1,0.0,0.09071795330637532,0,1,,
3835,3.835,0.0,0.04285212687046494,0,1,0.0,0.08629358651550605,0,1,,
3836,3.8360000000000003,0.0,0.040762203981623946,0,1,0.0,0.0820849986392474,0,1,,
3837,3.837,0.0,0.038774207834820856,0,1,0.0,0.0780816660157532,0,1,,
3838,3.838,0.0,0.03688316740418772,0,1,0.0,0.07427357822822188,0,1,,
3839,3.839,0.0,0.035084354103648976,0,1,0.0,0.07065121307364026,0,1,,
3840,3.84,0.0,0.03337326996299328,0,1,0.0,0.06720551275231615,0,1,,
3841,3.841,0.0,0.03174563638060506,0,1,0.0,0.06392786121866109,0,1,,
3842,3.842,0.0,0.030197383424731883,0,1,0.0,0.0608100626365885,0,1,,
3843,3.843,0.0,0.02872463965653511,0,1,0.0,0.05784432088565445,0,1,,
3844,3.844,0.0,0.02732372244947628,0,1,0.0,0.055023220066695716,0,1,,
3845,3.845,0.0,0.025991128780832564,0,1,0.0,0.05233970595821911,0,1,,
3846,3.846,0.0,0.024723526472315304,0,1,0.0,0.04978706837717335,0,1,,
3847,3.847,0.0,0.023517745857888656,0,1,0.0,0.047358924399996304,0,1,,
3848,3.848,0.0,0.022370771857953477,0,1,0.0,0.045049202401981306,0,1,,
3849,3.849,0.0,0.021279736440077853,0,1,0.0,0.04285212687505286,0,1,,
3850,3.85,0.0,0.02024191144742213,0,1,0.0,0.040762203985988114,0,1,,
3851,3.851,0.0,0.019254701776925766,0,1,0.0,0.03877420783897219,0,1,,
3852,3.852,0.0,0.018315638890197973,0,1,0.0,0.03688316740813659,0,1,,
3853,3.853,0.0,0.017422374640885915,0,1,0.0,0.035084354107405256,0,1,,
3854,3.854,0.0,0.016572675403085744,0,1,0.0,0.033373269966566366,0,1,,
3855,3.855,0.0,0.01576441648611439,0,1,0.0,0.031745636384003885,0,1,,
3856,3.856,0.0,0.014995576821676161,0,1,0.0,0.030197383427964943,0,1,,
3857,3.857,0.0,0.01426423391013926,0,1,0.0,0.02872463965961049,0,1,,
3858,3.858,0.0,0.013568559013285339,0,1,0.0,0.027323722452401673,0,1,,
3859,3.859,0.0,0.01290681258151139,0,1,0.0,0.025991128783615283,0,1,,
3860,3.86,0.0,0.012277339904049655,0,1,0.0,0.024723526474962308,0,1,,
3861,3.861,0.0,0.011678566971328805,0,1,0.0,0.02351774586040656,0,1,,
3862,3.862,0.0,0.011108996539130146,0,1,0.0,0.02237077186034858,0,1,,
3863,3.863,0.0,0.010567204384697193,0,1,0.0,0.02127973644235615,0,1,,
3864,3.864,0.0,0.010051835745436933,0,1,0.0,0.02024191144958931,0,1,,
3865,3.865,0.0,0.00956160193130768,0,1,0.0,0.019254701778987256,0,1,,
3866,3.866,0.0,0.00909527710242272,0,1,0.0,0.018315638892158922,0,1,,
3867,3.867,0.0,0.008651695203812086,0,1,0.0,0.017422374642751228,0,1,,
3868,3.868,0.0,0.00822974704967776,0,1,0.0,0.016572675404860085,0,1,,
3869,3.869,0.0,0.007828377549851424,0,1,0.0,0.015764416487802198,0,1,,
3870,3.87,0.0,0.00744658307151948,0,1,0.0,0.014995576823281651,0,1,,
3871,3.871,0.0,0.007083408929618234,0,1,0.0,0.01426423391166645,0,1,,
3872,3.872,0.0,0.006737946999623972,0,1,0.0,0.013568559014738047,0,1,,
3873,3.873,0.0,0.0064093334467686235,0,1,0.0,0.012906812582893248,0,1,,
3874,3.874,0.0,0.006096746566002896,0,1,0.0,0.012277339905364119,0,1,,
3875,3.875,0.0,0.005799404727305639,0,1,0.0,0.011678566972579161,0,1,,
3876,3.876,0.0,0.005516564421201663,0,1,0.0,0.011108996540319521,0,1,,
3877,3.8770000000000002,0.0,0.005247518399600772,0,1,0.0,0.010567204385828562,0,1,,
3878,3.878,0.0,0.0049915939073091505,0,1,0.0,0.010051835746513124,0,1,,
3879,3.879,0.0,0.004748150999790954,0,1,0.0,0.009561601932331383,0,1,,
3880,3.88,0.0,0.0045165809429736385,0,1,0.0,0.009095277103396497,0,1,,
3881,3.8810000000000002,0.0,0.004296304691095707,0,1,0.0,0.008651695204738371,0,1,,
3882,3.882,0.0,0.004086771438790687,0,1,0.0,0.008229747050558869,0,1,,
3883,3.883,0.0,0.0038874572437868206,0,1,0.0,0.007828377550689561,0,1,,
3884,3.884,0.0,0.003697863716778469,0,1,0.0,0.00744658307231674,0,1,,
3885,3.8850000000000002,0.0,0.0035175167751932543,0,1,0.0,0.007083408930376611,0,1,,
3886,3.886,0.0,0.0033459654577386866,0,1,0.0,0.006737947000345362,0,1,,
3887,3.887,0.0,0.003182780796764039,0,1,0.0,0.006409333447454831,0,1,,
3888,3.888,0.0,0.0030275547456177806,0,1,0.0,0.006096746566655636,0,1,,
3889,3.8890000000000002,0.0,0.002879899158318407,0,1,0.0,0.005799404727926545,0,1,,
3890,3.89,0.0,0.002739444818987309,0,1,0.0,0.005516564421792287,0,1,,
3891,3.891,0.0,0.0026058405186167605,0,1,0.0,0.005247518400162591,0,1,,
3892,3.892,0.0,0.0024787521768644635,0,1,0.0,0.004991593907843569,0,1,,
3893,3.8930000000000002,0.0,0.0023578620066786755,0,1,0.0,0.004748151000299308,0,1,,
3894,3.894,0.0,0.0022428677196650554,0,1,0.0,0.0045165809434572005,0,1,,
3895,3.895,0.0,0.0021334817702082193,0,1,0.0,0.004296304691555685,0,1,,
3896,3.896,0.0,0.002029430636457929,0,1,0.0,0.004086771439228232,0,1,,
3897,3.8970000000000002,0.0,0.0019304541363819934,0,1,0.0,0.0038874572442030263,0,1,,
3898,3.898,0.0,0.0018363047771756665,0,1,0.0,0.0036978637171743763,0,1,,
3899,3.899,0.0,0.0017467471364007211,0,1,0.0,0.003517516775569853,0,1,,
3900,3.9,0.0,0.001661557273306728,0,1,0.0,0.0033459654580969187,0,1,6.962604549444722,6.399046278900747
3901,3.9010000000000002,0.0,0.0015805221688625346,0,1,0.0,0.0031827807971047998,0,1,,
3902,3.902,0.0,0.001503439193097729,0,1,0.0,0.0030275547459419224,0,1,,
3903,3.903,0.0,0.0014301155984221706,0,1,0.0,0.00287989915862674,0,1,,
3904,3.904,0.0,0.0013603680376566155,0,1,0.0,0.0027394448192806045,0,1,,
3905,3.9050000000000002,0.0,0.001294022105569268,0,1,0.0,0.0026058405188957518,0,1,,
3906,3.906,0.0,0.0012309119027718572,0,1,0.0,0.002478752177129848,0,1,,
3907,3.907,0.0,0.0011708796208847526,0,1,0.0,0.002357862006931117,0,1,,
3908,3.908,0.0,0.0011137751479338173,0,1,0.0,0.0022428677199051853,0,1,,
3909,3.9090000000000003,0.0,0.0010594556929922826,0,1,0.0,0.002133481770436638,0,1,,
3910,3.91,0.0,0.001007785429129054,0,1,0.0,0.002029430636675208,0,1,,
3911,3.911,0.0,0.0009586351537706352,0,1,0.0,0.0019304541365886756,0,1,,
3912,3.912,0.0,0.0009118819656273948,0,1,0.0,0.0018363047773722685,0,1,,
3913,3.9130000000000003,0.0,0.0008674089573763266,0,1,0.0,0.0017467471365877347,0,1,,
3914,3.914,0.0,0.0008251049233318475,0,1,0.0,0.001661557273484621,0,1,,
3915,3.915,0.0,0.000784864081373659,0,1,0.0,0.0015805221690317515,0,1,,
3916,3.916,0.0,0.0007465858084363473,0,1,0.0,0.0015034391932586932,0,1,,
3917,3.9170000000000003,0.0,0.0007101743888993069,0,1,0.0,0.0014301155985752844,0,1,,
3918,3.918,0.0,0.000675538775247834,0,1,0.0,0.001360368037802262,0,1,,
3919,3.919,0.0,0.0006425923604069143,0,1,0.0,0.0012940221057078114,0,1,,
3920,3.92,0.0,0.0006112527611784245,0,1,0.0,0.0012309119029036435,0,1,,
3921,3.9210000000000003,0.0,0.0005814416122402251,0,1,0.0,0.0011708796210101115,0,1,,
3922,3.922,0.0,0.0005530843701920367,0,1,0.0,0.0011137751480530624,0,1,,
3923,3.923,0.0,0.0005261101271581109,0,1,0.0,0.001059455693105712,0,1,,
3924,3.924,0.0,0.0005004514334806073,0,1,0.0,0.0010077854292369515,0,1,,
3925,3.9250000000000003,0.0,0.0004760441290603154,0,1,0.0,0.0009586351538732705,0,1,,
3926,3.926,0.0,0.00045282718292298746,0,1,0.0,0.0009118819657250245,0,1,,
3927,3.927,0.0,0.0004307425406101129,0,1,0.0,0.0008674089574691948,0,1,,
3928,3.928,0.0,0.00040973497901253313,0,1,0.0,0.0008251049234201865,0,1,,
3929,3.9290000000000003,0.0,0.00038975196828390404,0,1,0.0,0.0007848640814576897,0,1,,
3930,3.93,0.0,0.0003707435404887186,0,1,0.0,0.0007465858085162797,0,1,,
3931,3.931,0.0,0.00035266216465644094,0,1,0.0,0.000710174388975341,0,1,,
3932,3.932,0.0,0.0003354626279293224,0,1,0.0,0.0006755387753201599,0,1,,
3933,3.9330000000000003,0.0,0.00031910192250670646,0,1,0.0,0.0006425923604757129,0,1,,
3934,3.934,0.0,0.00030353913810312585,0,1,0.0,0.0006112527612438677,0,1,,
3935,3.935,0.0,0.00028873535965127917,0,1,0.0,0.0005814416123024767,0,1,,
3936,3.936,0.0,0.00027465356999409297,0,1,0.0,0.0005530843702512522,0,1,,
3937,3.9370000000000003,0.0,0.00026125855732254765,0,1,0.0,0.0005261101272144385,0,1,,
3938,3.938,0.0,0.0002485168271278138,0,1,0.0,0.0005004514335341878,0,1,,
3939,3.939,0.0,0.00023639651844753373,0,1,0.0,0.00047604412911128277,0,1,,
3940,3.94,0.0,0.00022486732419681993,0,1,0.0,0.0004528271829714691,0,1,,
3941,3.9410000000000003,0.0,0.0002139004153847565,0,1,0.0,0.00043074254065623004,0,1,,
3942,3.942,0.0,0.0002034683690269056,0,1,0.0,0.0004097349790564011,0,1,,
3943,3.943,0.0,0.00019354509957356233,0,1,0.0,0.0003897519683256325,0,1,,
3944,3.944,0.0,0.0001841057936822931,0,1,0.0,0.0003707435405284119,0,1,,
3945,3.9450000000000003,0.0,0.00017512684817165485,0,1,0.0,0.0003526621646941984,0,1,,
3946,3.946,0.0,0.00016658581100094716,0,1,0.0,0.00033546262796523837,0,1,,
3947,3.947,0.0,0.00015846132512841569,0,1,0.0,0.0003191019225408708,0,1,,
3948,3.948,0.0,0.00015073307510752337,0,1,0.0,0.00030353913813562395,0,1,,
3949,3.9490000000000003,0.0,0.00014338173628775235,0,1,0.0,0.0002887353596821923,0,1,,
3950,3.95,0.0,0.0001363889264929118,0,1,0.0,0.0002746535700234985,0,1,,
3951,3.951,0.0,0.00012973716005612267,0,1,0.0,0.00026125855735051903,0,1,,
3952,3.952,0.0,0.0001234098040965426,0,1,0.0,0.000248516827154421,0,1,,
3953,3.9530000000000003,0.0,0.00011739103692850008,0,1,0.0,0.00023639651847284332,0,1,,
3954,3.954,0.0,0.0001116658084990392,0,1,0.0,0.00022486732422089515,0,1,,
3955,3.955,0.0,0.000106219802754948,0,1,0.0,0.00021390041540765757,0,1,,
3956,3.956,0.0,0.00010103940184516854,0,1,0.0,0.00020346836904868977,0,1,,
3957,3.9570000000000003,0.0,9.611165206907605e-05,0,1,0.0,0.00019354509959428406,0,1,,
3958,3.958,0.0,9.142423148548007e-05,0,1,0.0,0.0001841057937020042,0,1,,
3959,3.959,0.0,8.696541910135326e-05,0,1,0.0,0.00017512684819040463,0,1,,
3960,3.96,0.0,8.272406556324367e-05,0,1,0.0,0.0001665858110187825,0,1,,
3961,3.9610000000000003,0.0,7.868956527808361e-05,0,1,0.0,0.00015846132514538117,0,1,,
3962,3.962,0.0,7.485182989368285e-05,0,1,0.0,0.00015073307512366145,0,1,,
3963,3.963,0.0,7.120126307259328e-05,0,1,0.0,0.00014338173630310338,0,1,,
3964,3.964,0.0,6.772873649626685e-05,0,1,0.0,0.00013638892650751417,0,1,,
3965,3.9650000000000003,0.0,6.442556703950442e-05,0,1,0.0,0.00012973716007001288,0,1,,
3966,3.966,0.0,6.128349505811995e-05,0,1,0.0,0.00012340980410975537,0,1,,
3967,3.967,0.0,5.829466373552779e-05,0,1,0.0,0.00011739103694106845,0,1,,
3968,3.968,0.0,5.5451599436608743e-05,0,1,0.0,0.0001116658085109946,0,1,,
3969,3.969,0.0,5.2747193019729454e-05,0,1,0.0,0.00010621980276632033,0,1,,
3970,3.97,0.0,5.0174682060185326e-05,0,1,0.0,0.00010103940185598624,0,1,,
3971,3.971,0.0,4.772763394061639e-05,0,1,0.0,9.611165207936616e-05,0,1,,
3972,3.972,0.0,4.539992976611327e-05,0,1,0.0,9.142423149526832e-05,0,1,,
3973,3.973,0.0,4.3185749063792765e-05,0,1,0.0,8.696541911066413e-05,0,1,,
3974,3.974,0.0,4.1079555228583844e-05,0,1,0.0,8.272406557210045e-05,0,1,,
3975,3.975,0.0,3.907608167883111e-05,0,1,0.0,7.868956528650843e-05,0,1,,
3976,3.976,0.0,3.717031868709741e-05,0,1,0.0,7.485182990169678e-05,0,1,,
3977,3.977,0.0,3.5357500853235805e-05,0,1,0.0,7.120126308021637e-05,0,1,,
3978,3.978,0.0,3.3633095188406997e-05,0,1,0.0,6.772873650351815e-05,0,1,,
3979,3.979,0.0,3.199278978024612e-05,0,1,0.0,6.442556704640207e-05,0,1,,
3980,3.98,0.0,3.0432483010835842e-05,0,1,0.0,6.12834950646812e-05,0,1,,
3981,3.981,0.0,2.8948273300525136e-05,0,1,0.0,5.829466374176905e-05,0,1,,
3982,3.982,0.0,2.753644935194791e-05,0,1,0.0,5.545159944254561e-05,0,1,,
3983,3.983,0.0,2.619348086984647e-05,0,1,0.0,5.274719302537678e-05,0,1,,
3984,3.984,0.0,2.4916009733494518e-05,0,1,0.0,5.017468206555723e-05,0,1,,
3985,3.985,0.0,2.3700841599646178e-05,0,1,0.0,4.77276339457263e-05,0,1,,
3986,3.986,0.0,2.2544937915014015e-05,0,1,0.0,4.5399929770973974e-05,0,1,,
3987,3.987,0.0,2.1445408318303108e-05,0,1,0.0,4.3185749068416406e-05,0,1,,
3988,3.988,0.0,2.039950341280229e-05,0,1,0.0,4.1079555232981985e-05,0,1,,
3989,3.989,0.0,1.9404607891460276e-05,0,1,0.0,3.9076081683014746e-05,0,1,,
3990,3.99,0.0,1.845823399725577e-05,0,1,0.0,3.717031869107701e-05,0,1,,
3991,3.991,0.0,1.755801530250912e-05,0,1,0.0,3.535750085702132e-05,0,1,,
3992,3.992,0.0,1.670170079158048e-05,0,1,0.0,3.363309519200789e-05,0,1,,
3993,3.993,0.0,1.5887149232158222e-05,0,1,0.0,3.19927897836714e-05,0,1,,
3994,3.994,0.0,1.5112323821062826e-05,0,1,0.0,3.043248301409407e-05,0,1,,
3995,3.995,0.0,1.4375287091178024e-05,0,1,0.0,2.8948273303624457e-05,0,1,,
3996,3.996,0.0,1.3674196066773814e-05,0,1,0.0,2.7536449354896075e-05,0,1,,
3997,3.997,0.0,1.3007297655107182e-05,0,1,0.0,2.619348087265085e-05,0,1,,
3998,3.998,0.0,1.2372924262777092e-05,0,1,0.0,2.491600973616213e-05,0,1,,
3999,3.999,0.0,1.1769489625872373e-05,0,1,0.0,2.370084160218369e-05,0,1,,
4000,4.0,0.0,1.1195484843485701e-05,0,1,0.0,2.254493791742777e-05,0,1,7.340004392231945,6.399909136547497
4001,4.001,0.0,1.064947460467537e-05,0,1,0.0,2.1445408320599146e-05,0,1,,
4002,4.002,0.0,1.0130093599440322e-05,0,1,0.0,2.039950341498635e-05,0,1,,
4003,4.003,0.0,9.636043104733984e-06,0,1,0.0,1.9404607893537814e-05,0,1,,
4004,4.0040000000000004,0.0,9.16608773698018e-06,0,1,0.0,1.8458233999231987e-05,0,1,,
4005,4.005,0.0,8.719052362970709e-06,0,1,0.0,1.7558015304388955e-05,0,1,,
4006,4.006,0.0,8.293819161420218e-06,0,1,0.0,1.6701700793368636e-05,0,1,,
4007,4.007,0.0,7.889324827830747e-06,0,1,0.0,1.5887149233859166e-05,0,1,,
4008,4.008,0.0,7.504557915676636e-06,0,1,0.0,1.5112323822680813e-05,0,1,,
4009,4.009,0.0,7.1385563072613644e-06,0,1,0.0,1.4375287092717101e-05,0,1,,
4010,4.01,0.0,6.79040480792217e-06,0,1,0.0,1.367419606823783e-05,0,1,,
4011,4.011,0.0,6.459232857566688e-06,0,1,0.0,1.3007297656499798e-05,0,1,,
4012,4.0120000000000005,0.0,6.144212353819263e-06,0,1,0.0,1.2372924264101788e-05,0,1,,
4013,4.013,0.0,5.844555581333675e-06,0,1,0.0,1.1769489627132465e-05,0,1,,
4014,4.014,0.0,5.559513242094467e-06,0,1,0.0,1.1195484844684338e-05,0,1,,
4015,4.015,0.0,5.288372581781619e-06,0,1,0.0,1.0649474605815547e-05,0,1,,
4016,4.016,0.0,5.030455607513484e-06,0,1,0.0,1.0130093600524891e-05,0,1,,
4017,4.017,0.0,4.785117392511441e-06,0,1,0.0,9.636043105765658e-06,0,1,,
4018,4.018,0.0,4.551744463447015e-06,0,1,0.0,9.16608773796154e-06,0,1,,
4019,4.019,0.0,4.329753266439016e-06,0,1,0.0,8.719052363904207e-06,0,1,,
4020,4.0200000000000005,0.0,4.118588707864871e-06,0,1,0.0,8.29381916230819e-06,0,1,,
4021,4.021,0.0,3.9177227663374405e-06,0,1,0.0,7.889324828675414e-06,0,1,,
4022,4.022,0.0,3.726653172376509e-06,0,1,0.0,7.504557916480108e-06,0,1,,
4023,4.023,0.0,3.5449021524734668e-06,0,1,0.0,7.138556308025651e-06,0,1,,
4024,4.024,0.0,3.3720152344086782e-06,0,1,0.0,6.790404808649181e-06,0,1,,
4025,4.025,0.0,3.207560110834207e-06,0,1,0.0,6.459232858258242e-06,0,1,,
4026,4.026,0.0,3.0511255582802693e-06,0,1,0.0,6.14421235447709e-06,0,1,,
4027,4.027,0.0,2.9023204088823602e-06,0,1,0.0,5.8445555819594194e-06,0,1,,
4028,4.0280000000000005,0.0,2.7607725722578444e-06,0,1,0.0,5.559513242689694e-06,0,1,,
4029,4.029,0.0,2.626128105086185e-06,0,1,0.0,5.288372582347816e-06,0,1,,
4030,4.03,0.0,2.4980503260662823e-06,0,1,0.0,5.030455608052068e-06,0,1,,
4031,4.031,0.0,2.3762189740378507e-06,0,1,0.0,4.7851173930237585e-06,0,1,,
4032,4.032,0.0,2.260329407161702e-06,0,1,0.0,4.551744463934347e-06,0,1,,
4033,4.033,0.0,2.1500918411564655e-06,0,1,0.0,4.32975326690258e-06,0,1,,
4034,4.034,0.0,2.0452306246869455e-06,0,1,0.0,4.118588708305827e-06,0,1,,
4035,4.035,0.0,1.9454835500921988e-06,0,1,0.0,3.917722766756891e-06,0,1,,
4036,4.0360000000000005,0.0,1.8506011977298084e-06,0,1,0.0,3.726653172775503e-06,0,1,,
4037,4.037,0.0,1.7603463122968577e-06,0,1,0.0,3.5449021528530015e-06,0,1,,
4038,4.038,0.0,1.674493209568094e-06,0,1,0.0,3.3720152347697027e-06,0,1,,
4039,4.039,0.0,1.5928272120678116e-06,0,1,0.0,3.2075601111776243e-06,0,1,,
4040,4.04,0.0,1.5151441122643412e-06,0,1,0.0,3.0511255586069377e-06,0,1,,
4041,4.041,0.0,1.4412496619448546e-06,0,1,0.0,2.902320409193097e-06,0,1,,
4042,4.042,0.0,1.3709590864936526e-06,0,1,0.0,2.7607725725534263e-06,0,1,,
4043,4.043,0.0,1.3040966228593818e-06,0,1,0.0,2.6261281053673513e-06,0,1,,
4044,4.0440000000000005,0.0,1.2404950800558544e-06,0,1,0.0,2.498050326333736e-06,0,1,,
4045,4.045,0.0,1.1799954210974975e-06,0,1,0.0,2.3762189742922605e-06,0,1,,
4046,4.046,0.0,1.1224463653240502e-06,0,1,0.0,2.2603294074037038e-06,0,1,,
4047,4.047,0.0,1.0677040101201145e-06,0,1,0.0,2.150091841386665e-06,0,1,,
4048,4.048,0.0,1.015631471083661e-06,0,1,0.0,2.045230624905918e-06,0,1,,
4049,4.049,0.0,9.660985397437244e-07,0,1,0.0,1.945483550300492e-06,0,1,,
4050,4.05,0.0,9.189813579714032e-07,0,1,0.0,1.8506011979279427e-06,0,1,,
4051,4.051,0.0,8.741621082700225e-07,0,1,0.0,1.7603463124853289e-06,0,1,,
4052,4.0520000000000005,0.0,8.315287191700243e-07,0,1,0.0,1.6744932097473734e-06,0,1,,
4053,4.053,0.0,7.909745849919181e-07,0,1,0.0,1.5928272122383475e-06,0,1,,
4054,4.054,0.0,7.523982992765534e-07,0,1,0.0,1.51514411242656e-06,0,1,,
4055,4.055,0.0,7.157034012161518e-07,0,1,0.0,1.4412496620991617e-06,0,1,,
4056,4.056,0.0,6.807981344520437e-07,0,1,0.0,1.370959086640434e-06,0,1,,
4057,4.057,0.0,6.475952176359773e-07,0,1,0.0,1.3040966229990046e-06,0,1,,
4058,4.058,0.0,6.160116261812853e-07,0,1,0.0,1.2404950801886677e-06,0,1,,
4059,4.059,0.0,5.85968384658173e-07,0,1,0.0,1.1799954212238335e-06,0,1,,
4060,4.0600000000000005,0.0,5.573903693140069e-07,0,1,0.0,1.1224463654442247e-06,0,1,,
4061,4.061,0.0,5.302061202248033e-07,0,1,0.0,1.0677040102344281e-06,0,1,,
4062,4.062,0.0,5.04347662608196e-07,0,1,0.0,1.0156314711923995e-06,0,1,,
4063,4.063,0.0,4.797503368510746e-07,0,1,0.0,9.660985398471596e-07,0,1,,
4064,4.064,0.0,4.5635263682687135e-07,0,1,0.0,9.189813580697938e-07,0,1,,
4065,4.065,0.0,4.3409605609820817e-07,0,1,0.0,8.741621083636145e-07,0,1,,
4066,4.066,0.0,4.1292494162032823e-07,0,1,0.0,8.315287192590519e-07,0,1,,
4067,4.067,0.0,3.9278635457949576e-07,0,1,0.0,7.909745850766037e-07,0,1,,
4068,4.0680000000000005,0.0,3.7362993801838716e-07,0,1,0.0,7.523982993571088e-07,0,1,,
4069,4.069,0.0,3.554077909174679e-07,0,1,0.0,7.157034012927786e-07,0,1,,
4070,4.07,0.0,3.3807434841749307e-07,0,1,0.0,6.807981345249333e-07,0,1,,
4071,4.071,0.0,3.215862678836258e-07,0,1,0.0,6.47595217705312e-07,0,1,,
4072,4.072,0.0,3.059023205262738e-07,0,1,0.0,6.160116262472386e-07,0,1,,
4073,4.073,0.0,2.909832883076404e-07,0,1,0.0,5.859683847209097e-07,0,1,,
4074,4.074,0.0,2.7679186587620214e-07,0,1,0.0,5.573903693736839e-07,0,1,,
4075,4.075,0.0,2.6329256728389857e-07,0,1,0.0,5.302061202815697e-07,0,1,,
4076,4.0760000000000005,0.0,2.504516372527784e-07,0,1,0.0,5.043476626621939e-07,0,1,,
4077,4.077,0.0,2.3823696676922196e-07,0,1,0.0,4.79750336902439e-07,0,1,,
4078,4.078,0.0,2.2661801279468273e-07,0,1,0.0,4.5635263687573065e-07,0,1,,
4079,4.079,0.0,2.155657218921815e-07,0,1,0.0,4.340960561446846e-07,0,1,,
4080,4.08,0.0,2.0505245757758077e-07,0,1,0.0,4.1292494166453795e-07,0,1,,
4081,4.081,0.0,1.9505193121397924e-07,0,1,0.0,3.9278635462154936e-07,0,1,,
4082,4.082,0.0,1.8553913627642634e-07,0,1,0.0,3.7362993805838977e-07,0,1,,
4083,4.083,0.0,1.7649028582258457e-07,0,1,0.0,3.554077909555195e-07,0,1,,
4084,4.0840000000000005,0.0,1.6788275301298364e-07,0,1,0.0,3.380743484536889e-07,0,1,,
4085,4.085,0.0,1.5969501453213593e-07,0,1,0.0,3.2158626791805636e-07,0,1,,
4086,4.086,0.0,1.5190659676903683e-07,0,1,0.0,3.059023205590252e-07,0,1,,
4087,4.087,0.0,1.4449802462247293e-07,0,1,0.0,2.909832883387945e-07,0,1,,
4088,4.088,0.0,1.3745077280312493e-07,0,1,0.0,2.767918659058368e-07,0,1,,
4089,4.089,0.0,1.3074721951069493e-07,0,1,0.0,2.6329256731208793e-07,0,1,,
4090,4.09,0.0,1.2437060237022686e-07,0,1,0.0,2.504516372795929e-07,0,1,,
4091,4.091,0.0,1.1830497651743803e-07,0,1,0.0,2.3823696679472872e-07,0,1,,
4092,4.0920000000000005,0.0,1.1253517472825307e-07,0,1,0.0,2.266180128189455e-07,0,1,,
4093,4.093,0.0,1.0704676949284346e-07,0,1,0.0,2.1556572191526095e-07,0,1,,
4094,4.094,0.0,1.0182603693933807e-07,0,1,0.0,2.0505245759953462e-07,0,1,,
4095,4.095,0.0,9.6859922516995e-08,0,1,0.0,1.950519312348624e-07,0,1,,
4096,4.096,0.0,9.213600835302491e-08,0,1,0.0,1.85539136296291e-07,0,1,,
4097,4.097,0.0,8.764248220144086e-08,0,1,0.0,1.7649028584148042e-07,0,1,,
4098,4.098,0.0,8.336810790629066e-08,0,1,0.0,1.6788275303095794e-07,0,1,,
4099,4.099,0.0,7.930219730541429e-08,0,1,0.0,1.5969501454923363e-07,0,1,,
4100,4.1,0.0,7.543458350447131e-08,0,1,0.0,1.5190659678530066e-07,0,1,7.336950079550465,6.602533211712956
4101,4.101,0.0,7.17555954544093e-08,0,1,0.0,1.4449802463794356e-07,0,1,,
4102,4.102,0.0,6.82560337688038e-08,0,1,0.0,1.3745077281784104e-07,0,1,,
4103,4.103,0.0,6.492714772060055e-08,0,1,0.0,1.3074721952469331e-07,0,1,,
4104,4.104,0.0,6.17606133607397e-08,0,1,0.0,1.2437060238354254e-07,0,1,,
4105,4.105,0.0,5.874851270394754e-08,0,1,0.0,1.183049765301043e-07,0,1,,
4106,4.106,0.0,5.5883313929648903e-08,0,1,0.0,1.1253517474030159e-07,0,1,,
4107,4.107,0.0,5.315785254849266e-08,0,1,0.0,1.0704676950430436e-07,0,1,,
4108,4.108,0.0,5.056531348739649e-08,0,1,0.0,1.0182603695024002e-07,0,1,,
4109,4.109,0.0,4.809921404831436e-08,0,1,0.0,9.685992252736526e-08,0,1,,
4110,4.11,0.0,4.575338769811472e-08,0,1,0.0,9.21360083628894e-08,0,1,,
4111,4.111,0.0,4.3521968649035714e-08,0,1,0.0,8.764248221082426e-08,0,1,,
4112,4.112,0.0,4.139937719116036e-08,0,1,0.0,8.336810791521643e-08,0,1,,
4113,4.113,0.0,3.9380305740235454e-08,0,1,0.0,7.930219731390474e-08,0,1,,
4114,4.114,0.0,3.7459705565946335e-08,0,1,0.0,7.543458351254767e-08,0,1,,
4115,4.115,0.0,3.5632774167461325e-08,0,1,0.0,7.175559546209177e-08,0,1,,
4116,4.116,0.0,3.389494326467815e-08,0,1,0.0,6.825603377611159e-08,0,1,,
4117,4.117,0.0,3.224186737514415e-08,0,1,0.0,6.492714772755192e-08,0,1,,
4118,4.118,0.0,3.066941294808672e-08,0,1,0.0,6.176061336735205e-08,0,1,,
4119,4.119,0.0,2.9173648028383274e-08,0,1,0.0,5.87485127102374e-08,0,1,,
4120,4.12,0.0,2.7750832424625413e-08,0,1,0.0,5.5883313935632007e-08,0,1,,
4121,4.121,0.0,2.6397408356692184e-08,0,1,0.0,5.315785255418396e-08,0,1,,
4122,4.122,0.0,2.5109991559446645e-08,0,1,0.0,5.056531349281022e-08,0,1,,
4123,4.123,0.0,2.3885362820310217e-08,0,1,0.0,4.809921405346405e-08,0,1,,
4124,4.124,0.0,2.272045992955444e-08,0,1,0.0,4.5753387703013266e-08,0,1,,
4125,4.125,0.0,2.1612370023181602e-08,0,1,0.0,4.3521968653695355e-08,0,1,,
4126,4.126,0.0,2.0558322299247517e-08,0,1,0.0,4.139937719559275e-08,0,1,,
4127,4.127,0.0,1.955568108941341e-08,0,1,0.0,3.938030574445167e-08,0,1,,
4128,4.128,0.0,1.8601939268402216e-08,0,1,0.0,3.7459705569956924e-08,0,1,,
4129,4.1290000000000004,0.0,1.7694711984879474e-08,0,1,0.0,3.5632774171276315e-08,0,1,,
4130,4.13,0.0,1.683173069808279e-08,0,1,0.0,3.3894943268307075e-08,0,1,,
4131,4.131,0.0,1.6010837505288294e-08,0,1,0.0,3.224186737859609e-08,0,1,,
4132,4.132,0.0,1.5229979745929832e-08,0,1,0.0,3.066941295137031e-08,0,1,,
4133,4.133,0.0,1.4487204868878365e-08,0,1,0.0,2.917364803150672e-08,0,1,,
4134,4.134,0.0,1.378065555004711e-08,0,1,0.0,2.7750832427596526e-08,0,1,,
4135,4.135,0.0,1.3108565048113882e-08,0,1,0.0,2.6397408359518395e-08,0,1,,
4136,4.136,0.0,1.2469252786747543e-08,0,1,0.0,2.5109991562135022e-08,0,1,,
4137,4.1370000000000005,0.0,1.1861120152291789e-08,0,1,0.0,2.3885362822867482e-08,0,1,,
4138,4.138,0.0,1.128264649639834e-08,0,1,0.0,2.2720459931986985e-08,0,1,,
4139,4.139,0.0,1.0732385333613991e-08,0,1,0.0,2.161237002549551e-08,0,1,,
4140,4.14,0.0,1.020896072441354e-08,0,1,0.0,2.0558322301448575e-08,0,1,,
4141,4.141,0.0,9.711063834634284e-09,0,1,0.0,1.9555681091507124e-08,0,1,,
4142,4.142,0.0,9.237449662708868e-09,0,1,0.0,1.8601939270393815e-08,0,1,,
4143,4.143,0.0,8.78693392651287e-09,0,1,0.0,1.769471198677394e-08,0,1,,
4144,4.144,0.0,8.358390102042638e-09,0,1,0.0,1.683173069988486e-08,0,1,,
4145,4.1450000000000005,0.0,7.950746606518482e-09,0,1,0.0,1.6010837507002474e-08,0,1,,
4146,4.146,0.0,7.56298411886958e-09,0,1,0.0,1.522997974756041e-08,0,1,,
4147,4.147,0.0,7.194133030900351e-09,0,1,0.0,1.4487204870429418e-08,0,1,,
4148,4.148,0.0,6.843271022764918e-09,0,1,0.0,1.3780655551522517e-08,0,1,,
4149,4.149,0.0,6.5095207566870856e-09,0,1,0.0,1.3108565049517333e-08,0,1,,
4150,4.15,0.0,6.192047683158909e-09,0,1,0.0,1.2469252788082546e-08,0,1,,
4151,4.151,0.0,5.890057954132229e-09,0,1,0.0,1.1861120153561685e-08,0,1,,
4152,4.152,0.0,5.602796437985053e-09,0,1,0.0,1.1282646497606302e-08,0,1,,
4153,4.1530000000000005,0.0,5.329544831299173e-09,0,1,0.0,1.073238533476304e-08,0,1,,
4154,4.154,0.0,5.069619862727467e-09,0,1,0.0,1.0208960725506549e-08,0,1,,
4155,4.155,0.0,4.822371584459637e-09,0,1,0.0,9.711063835673986e-09,0,1,,
4156,4.156,0.0,4.587181747014137e-09,0,1,0.0,9.237449663697862e-09,0,1,,
4157,4.157,0.0,4.363462253292437e-09,0,1,0.0,8.786933927453632e-09,0,1,,
4158,4.158,0.0,4.150653688029954e-09,0,1,0.0,8.358390102937517e-09,0,1,,
4159,4.159,0.0,3.948223918966499e-09,0,1,0.0,7.950746607369718e-09,0,1,,
4160,4.16,0.0,3.7556667662384566e-09,0,1,0.0,7.562984119679301e-09,0,1,,
4161,4.1610000000000005,0.0,3.5725007366654648e-09,0,1,0.0,7.194133031670581e-09,0,1,,
4162,4.162,0.0,3.3982678197666667e-09,0,1,0.0,6.843271023497584e-09,0,1,,
4163,4.163,0.0,3.2325323424959425e-09,0,1,0.0,6.509520757384019e-09,0,1,,
4164,4.164,0.0,3.07487987983236e-09,0,1,0.0,6.192047683821852e-09,0,1,,
4165,4.165,0.0,2.924916218501761e-09,0,1,0.0,5.890057954762839e-09,0,1,,
4166,4.166,0.0,2.7822663712382347e-09,0,1,0.0,5.602796438584909e-09,0,1,,
4167,4.167,0.0,2.646573639120636e-09,0,1,0.0,5.329544831869773e-09,0,1,,
4168,4.168,0.0,2.517498719639483e-09,0,1,0.0,5.069619863270238e-09,0,1,,
4169,4.1690000000000005,0.0,2.39471885826395e-09,0,1,0.0,4.822371584975937e-09,0,1,,
4170,4.17,0.0,2.277927041387424e-09,0,1,0.0,4.587181747505256e-09,0,1,,
4171,4.171,0.0,2.1668312286335737e-09,0,1,0.0,4.3634622537596046e-09,0,1,,
4172,4.172,0.0,2.0611536226032892e-09,0,1,0.0,4.150653688474337e-09,0,1,,
4173,4.173,0.0,1.960629974236489e-09,0,1,0.0,3.94822391938921e-09,0,1,,
4174,4.174,0.0,1.865008922051825e-09,0,1,0.0,3.7556667666405515e-09,0,1,,
4175,4.175,0.0,1.7740513636120545e-09,0,1,0.0,3.5725007370479494e-09,0,1,,
4176,4.176,0.0,1.6875298576434016e-09,0,1,0.0,3.3982678201304976e-09,0,1,,
4177,4.1770000000000005,0.0,1.6052280553139047e-09,0,1,0.0,3.232532342842029e-09,0,1,,
4178,4.178,0.0,1.5269401592486458e-09,0,1,0.0,3.074879880161568e-09,0,1,,
4179,4.179,0.0,1.452470408929118e-09,0,1,0.0,2.924916218814913e-09,0,1,,
4180,4.18,0.0,1.3816325911899616e-09,0,1,0.0,2.782266371536114e-09,0,1,,
4181,4.181,0.0,1.3142495745890575e-09,0,1,0.0,2.6465736394039874e-09,0,1,,
4182,4.182,0.0,1.2501528664866573e-09,0,1,0.0,2.5174987199090152e-09,0,1,,
4183,4.183,0.0,1.189182191726021e-09,0,1,0.0,2.394718858520337e-09,0,1,,
4184,4.184,0.0,1.1311850918620408e-09,0,1,0.0,2.2779270416313067e-09,0,1,,
4185,4.1850000000000005,0.0,1.0760165439357163e-09,0,1,0.0,2.166831228865562e-09,0,1,,
4186,4.186,0.0,1.0235385978412188e-09,0,1,0.0,2.0611536228239632e-09,0,1,,
4187,4.187,0.0,9.736200313787704e-10,0,1,0.0,1.9606299744464004e-09,0,1,,
4188,4.188,0.0,9.261360221307949e-10,0,1,0.0,1.865008922251499e-09,0,1,,
4189,4.189,0.0,8.809678353408566e-10,0,1,0.0,1.7740513638019903e-09,0,1,,
4190,4.19,0.0,8.380025270149228e-10,0,1,0.0,1.687529857824074e-09,0,1,,
4191,4.191,0.0,7.971326615025491e-10,0,1,0.0,1.6052280554857657e-09,0,1,,
4192,4.192,0.0,7.582560428517922e-10,0,1,0.0,1.5269401594121252e-09,0,1,,
4193,4.1930000000000005,0.0,7.21275459266099e-10,0,1,0.0,1.4524704090846244e-09,0,1,,
4194,4.194,0.0,6.860984400241796e-10,0,1,0.0,1.3816325913378839e-09,0,1,,
4195,4.195,0.0,6.526370242550381e-10,0,1,0.0,1.3142495747297654e-09,0,1,,
4196,4.196,0.0,6.208075409899784e-10,0,1,0.0,1.250152866620503e-09,0,1,,
4197,4.197,0.0,5.905303999416006e-10,0,1,0.0,1.189182191853339e-09,0,1,,
4198,4.198,0.0,5.617298924866252e-10,0,1,0.0,1.1311850919831493e-09,0,1,,
4199,4.199,0.0,5.343340023549005e-10,0,1,0.0,1.0760165440509184e-09,0,1,,
4200,4.2,0.0,5.082742255512151e-10,0,1,0.0,1.0235385979508022e-09,0,1,7.045697677516507,7.342889329289243
4201,4.2010000000000005,0.0,4.834853990596284e-10,0,1,0.0,9.736200314830092e-10,0,1,,
4202,4.202,0.0,4.599055379019884e-10,0,1,0.0,9.261360222299499e-10,0,1,,
4203,4.203,0.0,4.3747568014319976e-10,0,1,0.0,8.809678354351758e-10,0,1,,
4204,4.204,0.0,4.1613973945567437e-10,0,1,0.0,8.380025271046419e-10,0,1,,
4205,4.205,0.0,3.9584436487429823e-10,0,1,0.0,7.971326615878926e-10,0,1,,
4206,4.206,0.0,3.7653880739122935e-10,0,1,0.0,7.582560429329734e-10,0,1,,
4207,4.207,0.0,3.581747930569443e-10,0,1,0.0,7.21275459343321e-10,0,1,,
4208,4.208,0.0,3.4070640227021947e-10,0,1,0.0,6.860984400976354e-10,0,1,,
4209,4.2090000000000005,0.0,3.2408995495520964e-10,0,1,0.0,6.526370243249112e-10,0,1,,
4210,4.21,0.0,3.082839013385064e-10,0,1,0.0,6.208075410564438e-10,0,1,,
4211,4.211,0.0,2.9324871805306234e-10,0,1,0.0,5.905304000048244e-10,0,1,,
4212,4.212,0.0,2.7894680930918664e-10,0,1,0.0,5.617298925467656e-10,0,1,,
4213,4.213,0.0,2.65342412885488e-10,0,1,0.0,5.343340024121078e-10,0,1,,
4214,4.214,0.0,2.524015107046936e-10,0,1,0.0,5.082742256056324e-10,0,1,,
4215,4.215,0.0,2.400917437707365e-10,0,1,0.0,4.834853991113919e-10,0,1,,
4216,4.216,0.0,2.283823312544106e-10,0,1,0.0,4.599055379512273e-10,0,1,,
4217,4.2170000000000005,0.0,2.172439935252644e-10,0,1,0.0,4.3747568019003726e-10,0,1,,
4218,4.218,0.0,2.066488789372741e-10,0,1,0.0,4.1613973950022756e-10,0,1,,
4219,4.219,0.0,1.9657049418522098e-10,0,1,0.0,3.958443649166785e-10,0,1,,
4220,4.22,0.0,1.869836380576287e-10,0,1,0.0,3.765388074315427e-10,0,1,,
4221,4.221,0.0,1.7786433842060795e-10,0,1,0.0,3.5817479309529155e-10,0,1,,
4222,4.222,0.0,1.6918979227503515e-10,0,1,0.0,3.407064023066965e-10,0,1,,
4223,4.223,0.0,1.6093830873717702e-10,0,1,0.0,3.2408995498990764e-10,0,1,,
4224,4.224,0.0,1.5308925480018312e-10,0,1,0.0,3.0828390137151214e-10,0,1,,
4225,4.225,0.0,1.4562300374082137e-10,0,1,0.0,2.932487180844584e-10,0,1,,
4226,4.226,0.0,1.3852088604244684e-10,0,1,0.0,2.789468093390515e-10,0,1,,
4227,4.227,0.0,1.317651427114857e-10,0,1,0.0,2.6534241291389634e-10,0,1,,
4228,4.228,0.0,1.25338880870701e-10,0,1,0.0,2.5240151073171646e-10,0,1,,
4229,4.229,0.0,1.1922603151820045e-10,0,1,0.0,2.400917437964414e-10,0,1,,
4230,4.23,0.0,1.134113093465618e-10,0,1,0.0,2.2838233127886184e-10,0,1,,
4231,4.231,0.0,1.0788017452160243e-10,0,1,0.0,2.1724399354852318e-10,0,1,,
4232,4.232,0.0,1.0261879632522048e-10,0,1,0.0,2.0664887895939852e-10,0,1,,
4233,4.233,0.0,9.761401857139546e-11,0,1,0.0,1.9657049420626637e-10,0,1,,
4234,4.234,0.0,9.285332670887051e-11,0,1,0.0,1.869836380776477e-10,0,1,,
4235,4.235,0.0,8.832481652825567e-11,0,1,0.0,1.7786433843965063e-10,0,1,,
4236,4.236,0.0,8.40171643953038e-11,0,1,0.0,1.691897922931491e-10,0,1,,
4237,4.237,0.0,7.991959893592672e-11,0,1,0.0,1.6093830875440756e-10,0,1,,
4238,4.238,0.0,7.602187410214945e-11,0,1,0.0,1.5308925481657332e-10,0,1,,
4239,4.239,0.0,7.231424355165335e-11,0,1,0.0,1.456230037564122e-10,0,1,,
4240,4.24,0.0,6.878743627684369e-11,0,1,0.0,1.385208860572773e-10,0,1,,
4241,4.241,0.0,6.543263342250155e-11,0,1,0.0,1.3176514272559288e-10,0,1,,
4242,4.242,0.0,6.224144623405234e-11,0,1,0.0,1.2533888088412016e-10,0,1,,
4243,4.243,0.0,5.920589508130973e-11,0,1,0.0,1.1922603153096517e-10,0,1,,
4244,4.244,0.0,5.631838950524391e-11,0,1,0.0,1.1341130935870398e-10,0,1,,
4245,4.245,0.0,5.357170923788021e-11,0,1,0.0,1.0788017453315243e-10,0,1,,
4246,4.246,0.0,5.095898614786838e-11,0,1,0.0,1.0261879633620717e-10,0,1,,
4247,4.247,0.0,4.8473687066576695e-11,0,1,0.0,9.761401858184632e-11,0,1,,
4248,4.248,0.0,4.6109597451767454e-11,0,1,0.0,9.285332671881168e-11,0,1,,
4249,4.249,0.0,4.3860805848004345e-11,0,1,0.0,8.832481653771201e-11,0,1,,
4250,4.25,0.0,4.172168910493472e-11,0,1,0.0,8.401716440429895e-11,0,1,,
4251,4.251,0.0,3.968689831648476e-11,0,1,0.0,7.991959894448317e-11,0,1,,
4252,4.252,0.0,3.775134544580816e-11,0,1,0.0,7.60218741102886e-11,0,1,,
4253,4.253,0.0,3.5910190602543744e-11,0,1,0.0,7.231424355939555e-11,0,1,,
4254,4.2540000000000004,0.0,3.4158829940568635e-11,0,1,0.0,6.87874362842083e-11,0,1,,
4255,4.255,0.0,3.249288414598486e-11,0,1,0.0,6.5432633429507e-11,0,1,,
4256,4.256,0.0,3.0908187486553556e-11,0,1,0.0,6.224144624071612e-11,0,1,,
4257,4.257,0.0,2.9400777395194507e-11,0,1,0.0,5.920589508764852e-11,0,1,,
4258,4.258,0.0,2.796688456150447e-11,0,1,0.0,5.631838951127355e-11,0,1,,
4259,4.259,0.0,2.66029235065178e-11,0,1,0.0,5.3571709243615786e-11,0,1,,
4260,4.26,0.0,2.5305483617141446e-11,0,1,0.0,5.095898615332423e-11,0,1,,
4261,4.261,0.0,2.4071320617845705e-11,0,1,0.0,4.847368707176646e-11,0,1,,
4262,4.2620000000000005,0.0,2.289734845828554e-11,0,1,0.0,4.610959745670411e-11,0,1,,
4263,4.263,0.0,2.1780631596567266e-11,0,1,0.0,4.386080585270024e-11,0,1,,
4264,4.264,0.0,2.071837765886475e-11,0,1,0.0,4.17216891094016e-11,0,1,,
4265,4.265,0.0,1.9707930457030365e-11,0,1,0.0,3.968689832073379e-11,0,1,,
4266,4.266,0.0,1.8746763346741087e-11,0,1,0.0,3.7751345449849956e-11,0,1,,
4267,4.267,0.0,1.7832472909571605e-11,0,1,0.0,3.591019060638842e-11,0,1,,
4268,4.268,0.0,1.696277294319637e-11,0,1,0.0,3.415882994422581e-11,0,1,,
4269,4.269,0.0,1.6135488744692965e-11,0,1,0.0,3.249288414946367e-11,0,1,,
4270,4.2700000000000005,0.0,1.5348551672652037e-11,0,1,0.0,3.09081874898627e-11,0,1,,
4271,4.271,0.0,1.459999397449627e-11,0,1,0.0,2.9400777398342265e-11,0,1,,
4272,4.272,0.0,1.388794386607398e-11,0,1,0.0,2.7966884564498713e-11,0,1,,
4273,4.273,0.0,1.3210620851223772e-11,0,1,0.0,2.6602923509366012e-11,0,1,,
4274,4.274,0.0,1.2566331269606722e-11,0,1,0.0,2.5305483619850746e-11,0,1,,
4275,4.275,0.0,1.1953464061673329e-11,0,1,0.0,2.407132062042287e-11,0,1,,
4276,4.276,0.0,1.1370486740175489e-11,0,1,0.0,2.2897348460737017e-11,0,1,,
4277,4.277,0.0,1.0815941558150129e-11,0,1,0.0,2.1780631598899182e-11,0,1,,
4278,4.2780000000000005,0.0,1.0288441863792503e-11,0,1,0.0,1.0000000000207183,0,1,,
4279,4.279,0.0,9.786668633104395e-12,0,1,0.0,0.9512294245204219,0,1,,
4280,4.28,0.0,9.309367171647083e-12,0,1,0.0,0.9048374180547063,0,1,,
4281,4.281,0.0,8.855343977151694e-12,0,1,0.0,0.8607079764428902,0,1,,
4282,4.282,0.0,8.42346375514187e-12,0,1,0.0,0.8187307530949446,0,1,,
4283,4.283,0.0,8.012646580106225e-12,0,1,0.0,0.7788007830875403,0,1,,
4284,4.284,0.0,7.621865195122059e-12,0,1,0.0,0.7408182206970664,0,1,,
4285,4.285,0.0,7.250142443177978e-12,0,1,0.0,0.7046880897333134,0,1,,
4286,4.2860000000000005,0.0,6.896548823772389e-12,0,1,0.0,0.6703200460495272,0,1,,
4287,4.287,0.0,6.560200168678085e-12,0,1,0.0,0.6376281516349839,0,1,,
4288,4.288,0.0,6.240255431061142e-12,0,1,0.0,0.6065306597251997,0,1,,
4289,4.289,0.0,5.9359145824257455e-12,0,1,0.0,0.5769498103924401,0,1,,
4290,4.29,0.0,5.646416612126238e-12,0,1,0.0,0.5488116361053968,0,1,,
4291,4.291,0.0,5.371037624444113e-12,0,1,0.0,0.522045776771832,0,1,,
4292,4.292,0.0,5.109089028471656e-12,0,1,0.0,0.4965853038016979,0,1,,
4293,4.293,0.0,4.859915816276005e-12,0,1,0.0,0.47236655275080136,0,1,,
4294,4.2940000000000005,0.0,4.622894925038142e-12,0,1,0.0,0.44932896412653095,0,1,,
4295,4.295,0.0,4.397433679071304e-12,0,1,0.0,0.427414931957582,0,1,,
4296,4.296,0.0,4.182968307823054e-12,0,1,0.0,0.4065696597490226,0,1,,
4297,4.297,0.0,3.978962536155249e-12,0,1,0.0,0.3867410234625139,0,1,,
4298,4.298,0.0,3.784906243376859e-12,0,1,0.0,0.36787944117906424,0,1,,
4299,4.299,0.0,3.600314187676529e-12,0,1,0.0,0.34993774911840553,0,1,,
4300,4.3,0.0,3.4247247927653006e-12,0,1,0.0,0.33287108370497615,0,1,6.3859660854103835,7.338733800233852
4301,4.301,0.0,3.257698993695464e-12,0,1,0.0,0.31663676938561347,0,1,,
4302,4.3020000000000005,0.0,3.0988191389694914e-12,0,1,0.0,0.3011942119184424,0,1,,
4303,4.303,0.0,2.9476879461937474e-12,0,1,0.0,0.28650479686612607,0,1,,
4304,4.304,0.0,2.80392750866557e-12,0,1,0.0,0.2725317930396591,0,1,,
4305,4.305,0.0,2.6671783504096707e-12,0,1,0.0,0.2592402606512626,0,1,,
4306,4.306,0.0,2.537098527300955e-12,0,1,0.0,0.24659696394671562,0,1,,
4307,4.307,0.0,2.4133627720260964e-12,0,1,0.0,0.23457028809865763,0,1,,
4308,4.308,0.0,2.2956616807458317e-12,0,1,0.0,0.2231301601530528,0,1,,
4309,4.309,0.0,2.1837009394241992e-12,0,1,0.0,0.21224797383114055,0,1,,
4310,4.3100000000000005,0.0,2.0772005878901498e-12,0,1,0.0,0.20189651799883843,0,1,,
4311,4.311,0.0,1.9758943197912918e-12,0,1,0.0,0.19204990862473312,0,1,,
4312,4.312,0.0,1.8795288166893e-12,0,1,0.0,0.1826835240565196,0,1,,
4313,4.313,0.0,1.787863114631871e-12,0,1,0.0,0.17377394345404548,0,1,,
4314,4.314,0.0,1.7006680016173289e-12,0,1,0.0,0.1652988882250113,0,1,,
4315,4.315,0.0,1.6177254444452312e-12,0,1,0.0,0.15723716631688534,0,1,,
4316,4.316,0.0,1.5388280435197991e-12,0,1,0.0,0.1495686192257339,0,1,,
4317,4.317,0.0,1.4637785142428982e-12,0,1,0.0,0.1422740715894613,0,1,,
4318,4.3180000000000005,0.0,1.3923891936997823e-12,0,1,0.0,0.13533528323941665,0,1,,
4319,4.319,0.0,1.3244815714040572e-12,0,1,0.0,0.12873490359047143,0,1,,
4320,4.32,0.0,1.2598858429284826e-12,0,1,0.0,0.12245642825551904,0,1,,
4321,4.321,0.0,1.1984404853054575e-12,0,1,0.0,0.11648415777591035,0,1,,
4322,4.322,0.0,1.1399918531354668e-12,0,1,0.0,0.11080315836462958,0,1,,
4323,4.323,0.0,1.0843937943935525e-12,0,1,0.0,0.10539922456404807,0,1,,
4324,4.324,0.0,1.0315072849731245e-12,0,1,0.0,0.10025884372488096,0,1,,
4325,4.325,0.0,9.812000810532792e-13,0,1,0.0,0.09536916221752553,0,1,,
4326,4.3260000000000005,0.0,9.333463884203646e-13,0,1,0.0,0.09071795329129205,0,1,,
4327,4.327,0.0,8.878265479169233e-13,0,1,0.0,0.0862935865011584,0,1,,
4328,4.328,0.0,8.445267362314705e-13,0,1,0.0,0.08208499862559948,0,1,,
4329,4.329,0.0,8.03338681280928e-13,0,1,0.0,0.07808166600277089,0,1,,
4330,4.33,0.0,7.641593914740197e-13,0,1,0.0,0.07427357821587272,0,1,,
4331,4.331,0.0,1.000000000000727,0,1,0.0,0.07065121306189337,0,1,,
4332,4.332,0.0,0.9512294245014056,0,1,0.0,0.06720551274114216,0,1,,
4333,4.333,0.0,0.9048374180366174,0,1,0.0,0.06392786120803205,0,1,,
4334,4.3340000000000005,0.0,0.8607079764256836,0,1,0.0,0.06081006262647785,0,1,,
4335,4.335,0.0,0.8187307530785771,0,1,0.0,0.0578443208760369,0,1,,
4336,4.336,0.0,0.7788007830719711,0,1,0.0,0.05502322005754722,0,1,,
4337,4.337,0.0,0.7408182206822564,0,1,0.0,0.052339705949516785,0,1,,
4338,4.338,0.0,0.7046880897192257,0,1,0.0,0.049787068368895446,0,1,,
4339,4.339,0.0,0.6703200460361266,0,1,0.0,0.047358924392122116,0,1,,
4340,4.34,0.0,0.6376281516222368,0,1,0.0,0.045049202394491145,0,1,,
4341,4.341,0.0,0.6065306597130744,0,1,0.0,0.042852126867928,0,1,,
4342,4.3420000000000005,0.0,0.5769498103809062,0,1,0.0,0.04076220397921074,0,1,,
4343,4.343,0.0,0.5488116360944255,0,1,0.0,0.038774207832525345,0,1,,
4344,4.344,0.0,0.5220457767613956,0,1,0.0,0.03688316740200416,0,1,,
4345,4.345,0.0,0.49658530379177057,0,1,0.0,0.035084354101571916,0,1,,
4346,4.346,0.0,0.47236655274135814,0,1,0.0,0.03337326996101752,0,1,,
4347,4.347,0.0,0.4493289641175483,0,1,0.0,0.03174563637872566,0,1,,
4348,4.348,0.0,0.42741493194903746,0,1,0.0,0.030197383422944143,0,1,,
4349,4.349,0.0,0.40656965974089476,0,1,0.0,0.028724639654834558,0,1,,
4350,4.3500000000000005,0.0,0.38674102345478245,0,1,0.0,0.027323722447858665,0,1,,
4351,4.351,0.0,0.36787944117170984,0,1,0.0,0.02599112877929384,0,1,,
4352,4.352,0.0,0.34993774911140985,0,1,0.0,0.024723526470851624,0,1,,
4353,4.353,0.0,0.33287108369832163,0,1,0.0,0.02351774585649636,0,1,,
4354,4.354,0.0,0.3166367693792835,0,1,0.0,0.022370771856629085,0,1,,
4355,4.355,0.0,0.30119421191242113,0,1,0.0,0.021279736438818055,0,1,,
4356,4.356,0.0,0.2865047968603984,0,1,0.0,0.02024191144622377,0,1,,
4357,4.357,0.0,0.27253179303421077,0,1,0.0,0.019254701775785855,0,1,,
4358,4.358,0.0,0.25924026064608,0,1,0.0,0.018315638889113656,0,1,,
4359,4.359,0.0,0.2465969639417858,0,1,0.0,0.01742237463985448,0,1,,
4360,4.36,0.0,0.2345702880939682,0,1,0.0,0.016572675402104612,0,1,,
4361,4.361,0.0,0.22313016014859208,0,1,0.0,0.01576441648518111,0,1,,
4362,4.362,0.0,0.2122479738268974,0,1,0.0,0.014995576820788396,0,1,,
4363,4.363,0.0,0.2018965179948022,0,1,0.0,0.014264233909294792,0,1,,
4364,4.364,0.0,0.19204990862089374,0,1,0.0,0.013568559012482054,0,1,,
4365,4.365,0.0,0.18268352405286747,0,1,0.0,0.012906812580747282,0,1,,
4366,4.366,0.0,0.17377394345057148,0,1,0.0,0.012277339903322812,0,1,,
4367,4.367,0.0,0.16529888822170674,0,1,0.0,0.01167856697063741,0,1,,
4368,4.368,0.0,0.15723716631374196,0,1,0.0,0.011108996538472471,0,1,,
4369,4.369,0.0,0.1495686192227438,0,1,0.0,0.010567204384071592,0,1,,
4370,4.37,0.0,0.14227407158661703,0,1,0.0,0.010051835744841843,0,1,,
4371,4.371,0.0,0.13533528323671112,0,1,0.0,0.009561601930741612,0,1,,
4372,4.372,0.0,0.12873490358789785,0,1,0.0,0.009095277101884259,0,1,,
4373,4.373,0.0,0.12245642825307097,0,1,0.0,0.008651695203299885,0,1,,
4374,4.374,0.0,0.11648415777358168,0,1,0.0,0.008229747049190538,0,1,,
4375,4.375,0.0,0.11080315836241447,0,1,0.0,0.007828377549387965,0,1,,
4376,4.376,0.0,0.105399224561941,0,1,0.0,0.0074465830710786236,0,1,,
4377,4.377,0.0,0.10025884372287665,0,1,0.0,0.007083408929198879,0,1,,
4378,4.378,0.0,0.09536916221561897,0,1,0.0,0.006737946999225068,0,1,,
4379,4.3790000000000004,0.0,0.09071795328947847,0,1,0.0,0.0064093334463891745,0,1,,
4380,4.38,0.0,0.08629358649943326,0,1,0.0,0.006096746565641953,0,1,,
4381,4.381,0.0,0.08208499862395849,0,1,0.0,0.0057994047269623,0,1,,
4382,4.382,0.0,0.07808166600120993,0,1,0.0,0.005516564420875069,0,1,,
4383,4.383,0.0,0.07427357821438789,0,1,0.0,0.005247518399290107,0,1,,
4384,4.384,0.0,0.07065121306048096,0,1,0.0,0.004991593907013636,0,1,,
4385,4.385,0.0,0.06720551273979863,0,1,0.0,0.004748150999509851,0,1,,
4386,4.386,0.0,0.06392786120675406,0,1,0.0,0.004516580942706246,0,1,,
4387,4.3870000000000005,0.0,0.06081006262526219,0,1,0.0,0.0042963046908413545,0,1,,
4388,4.388,0.0,0.05784432087488053,0,1,0.0,0.004086771438548739,0,1,,
4389,4.389,0.0,0.05502322005644724,0,1,0.0,0.0038874572435566726,0,1,,
4390,4.39,0.0,0.052339705948470455,0,1,0.0,0.0036978637165595457,0,1,,
4391,4.391,0.0,0.04978706836790015,0,1,0.0,0.003517516774985008,0,1,,
4392,4.392,0.0,0.04735892439117537,0,1,0.0,0.0033459654575405968,0,1,,
4393,4.393,0.0,0.04504920239359057,0,1,0.0,0.0031827807965756102,0,1,,
4394,4.394,0.0,0.04285212686707135,0,1,0.0,0.0030275547454385416,0,1,,
4395,4.3950000000000005,0.0,0.04076220397839587,0,1,0.0,0.0028798991581479097,0,1,,
4396,4.396,0.0,0.038774207831750215,0,1,0.0,0.002739444818825127,0,1,,
4397,4.397,0.0,0.036883167401266834,0,1,0.0,0.002605840518462488,0,1,,
4398,4.398,0.0,0.035084354100870546,0,1,0.0,0.002478752176717715,0,1,,
4399,4.399,0.0,0.03337326996035036,0,1,0.0,0.002357862006539084,0,1,,
4400,4.4,0.0,0.03174563637809104,0,1,0.0,0.002242867719532272,0,1,6.388625639494301,7.276965254398488
4401,4.401,0.0,0.03019738342234047,0,1,0.0,0.002133481770081912,0,1,,
4402,4.402,0.0,0.028724639654260326,0,1,0.0,0.0020294306363377815,0,1,,
4403,4.4030000000000005,0.0,0.02732372244731244,0,1,0.0,0.0019304541362677057,0,1,,
4404,4.404,0.0,0.025991128778774252,0,1,0.0,0.0018363047770669526,0,1,,
4405,4.405,0.0,0.024723526470357377,0,1,0.0,0.0017467471362973093,0,1,,
4406,4.406,0.0,0.02351774585602622,0,1,0.0,0.0016615572732083597,0,1,,
4407,4.407,0.0,0.022370771856181873,0,1,0.0,0.0015805221687689637,0,1,,
4408,4.408,0.0,0.021279736438392653,0,1,0.0,0.0015034391930087217,0,1,,
4409,4.409,0.0,0.020241911445819116,0,1,0.0,0.0014301155983375044,0,1,,
4410,4.41,0.0,0.019254701775400933,0,1,0.0,0.0013603680375760786,0,1,,
4411,4.4110000000000005,0.0,0.018315638888747505,0,1,0.0,0.001294022105492659,0,1,,
4412,4.412,0.0,0.017422374639506185,0,1,0.0,0.0012309119026989843,0,1,,
4413,4.413,0.0,0.016572675401773304,0,1,0.0,0.0011708796208154337,0,1,,
4414,4.414,0.0,0.01576441648486596,0,1,0.0,0.0011137751478678792,0,1,,
4415,4.415,0.0,0.014995576820488616,0,1,0.0,0.0010594556929295605,0,1,,
4416,4.416,0.0,0.014264233909009633,0,1,0.0,0.0010077854290693909,0,1,,
4417,4.417,0.0,0.013568559012210803,0,1,0.0,0.0009586351537138818,0,1,,
4418,4.418,0.0,0.01290681258048926,0,1,0.0,0.0009118819655734093,0,1,,
4419,4.4190000000000005,0.0,0.012277339903077373,0,1,0.0,0.000867408957324974,0,1,,
4420,4.42,0.0,0.011678566970403943,0,1,0.0,0.0008251049232829994,0,1,,
4421,4.421,0.0,0.01110899653825039,0,1,0.0,0.0007848640813271934,0,1,,
4422,4.422,0.0,0.010567204383860343,0,1,0.0,0.0007465858083921477,0,1,,
4423,4.423,0.0,0.010051835744640896,0,1,0.0,0.0007101743888572631,0,1,,
4424,4.424,0.0,0.009561601930550466,0,1,0.0,0.0006755387752078407,0,1,,
4425,4.425,0.0,0.009095277101702435,0,1,0.0,0.0006425923603688715,0,1,,
4426,4.426,0.0,0.00865169520312693,0,1,0.0,0.000611252761142237,0,1,,
4427,4.4270000000000005,0.0,0.008229747049026017,0,1,0.0,0.0005814416122058025,0,1,,
4428,4.428,0.0,0.007828377549231467,0,1,0.0,0.0005530843701592928,0,1,,
4429,4.429,0.0,0.007446583070929758,0,1,0.0,0.000526110127126964,0,1,,
4430,4.43,0.0,0.007083408929057273,0,1,0.0,0.0005004514334509795,0,1,,
4431,4.431,0.0,0.006737946999090369,0,1,0.0,0.0004760441290321326,0,1,,
4432,4.432,0.0,0.006409333446261045,0,1,0.0,0.00045282718289617915,0,1,,
4433,4.433,0.0,0.006096746565520072,0,1,0.0,0.0004307425405846121,0,1,,
4434,4.434,0.0,0.005799404726846363,0,1,0.0,0.000409734978988276,0,1,,
4435,4.4350000000000005,0.0,0.005516564420764787,0,1,0.0,0.00038975196826082994,0,1,,
4436,4.436,0.0,0.005247518399185203,0,1,0.0,0.00037074354046676985,0,1,,
4437,4.437,0.0,0.004991593906913849,0,1,0.0,0.0003526621646355627,0,1,,
4438,4.438,0.0,0.004748150999414931,0,1,0.0,0.00033546262790946235,0,1,,
4439,4.439,0.0,0.004516580942615954,0,1,0.0,0.00031910192248781505,0,1,,
4440,4.44,0.0,0.004296304690755467,0,1,0.0,0.00030353913808515575,0,1,,
4441,4.441,0.0,0.004086771438467041,0,1,0.0,0.0002887353596341855,0,1,,
4442,4.442,0.0,0.0038874572434789583,0,1,0.0,0.0002746535699778329,0,1,,
4443,4.4430000000000005,0.0,0.0036978637164856217,0,1,0.0,0.0002612585573070806,0,1,,
4444,4.444,0.0,0.0035175167749146893,0,1,0.0,0.00024851682711310105,0,1,,
4445,4.445,0.0,0.0033459654574737076,0,1,0.0,0.00023639651843353855,0,1,,
4446,4.446,0.0,0.003182780796511983,0,1,0.0,0.0002248673241835073,0,1,,
4447,4.447,0.0,0.003027554745378018,0,1,0.0,0.00021390041537209316,0,1,,
4448,4.448,0.0,0.0028798991580903377,0,1,0.0,0.00020346836901485987,0,1,,
4449,4.449,0.0,0.002739444818770363,0,1,0.0,0.00019354509956210408,0,1,,
4450,4.45,0.0,0.0026058405184103952,0,1,0.0,0.00018410579367139366,0,1,,
4451,4.4510000000000005,0.0,0.0024787521766681626,0,1,0.0,0.000175126848161287,0,1,,
4452,4.452,0.0,0.0023578620064919485,0,1,0.0,0.00016658581099108496,0,1,,
4453,4.453,0.0,0.002242867719487435,0,1,0.0,0.00015846132511903446,0,1,,
4454,4.454,0.0,0.0021334817700392615,0,1,0.0,0.00015073307509859968,0,1,,
4455,4.455,0.0,0.0020294306362972116,0,1,0.0,0.0001433817362792639,0,1,,
4456,4.456,0.0,0.0019304541362291144,0,1,0.0,0.00013638892648483734,0,1,,
4457,4.457,0.0,0.0018363047770302435,0,1,0.0,0.00012973716004844202,0,1,,
4458,4.458,0.0,0.0017467471362623906,0,1,0.0,0.00012340980408923654,0,1,,
4459,4.4590000000000005,0.0,0.001661557273175144,0,1,0.0,0.00011739103692155035,0,1,,
4460,4.46,0.0,0.001580522168737368,0,1,0.0,0.00011166580849242841,0,1,,
4461,4.461,0.0,0.001503439192978667,0,1,0.0,0.00010621980274865963,0,1,,
4462,4.462,0.0,0.0014301155983089152,0,1,0.0,0.00010103940183918685,0,1,,
4463,4.463,0.0,0.0013603680375488837,0,1,0.0,9.611165206338609e-05,0,1,,
4464,4.464,0.0,0.0012940221054667904,0,1,0.0,9.142423148006761e-05,0,1,,
4465,4.465,0.0,0.0012309119026743772,0,1,0.0,8.696541909620478e-05,0,1,,
4466,4.466,0.0,0.0011708796207920268,0,1,0.0,8.272406555834628e-05,0,1,,
4467,4.4670000000000005,0.0,0.001113775147845614,0,1,0.0,7.868956527342508e-05,0,1,,
4468,4.468,0.0,0.001059455692908381,0,1,0.0,7.485182988925151e-05,0,1,,
4469,4.469,0.0,0.0010077854290492445,0,1,0.0,7.120126306837806e-05,0,1,,
4470,4.47,0.0,0.000958635153694718,0,1,0.0,6.772873649225721e-05,0,1,,
4471,4.471,0.0,0.0009118819655551801,0,1,0.0,6.442556703569033e-05,0,1,,
4472,4.472,0.0,0.0008674089573076338,0,1,0.0,6.128349505449188e-05,0,1,,
4473,4.473,0.0,0.0008251049232665049,0,1,0.0,5.8294663732076666e-05,0,1,,
4474,4.474,0.0,0.0007848640813115032,0,1,0.0,5.5451599433325935e-05,0,1,,
4475,4.4750000000000005,0.0,0.0007465858083772228,0,1,0.0,5.274719301660675e-05,0,1,,
4476,4.476,0.0,0.000710174388843066,0,1,0.0,5.017468205721492e-05,0,1,,
4477,4.477,0.0,0.000675538775194336,0,1,0.0,4.7727633937790844e-05,0,1,,
4478,4.478,0.0,0.0006425923603560254,0,1,0.0,4.5399929763425535e-05,0,1,,
4479,4.479,0.0,0.0006112527611300175,0,1,0.0,4.318574906123611e-05,0,1,,
4480,4.48,0.0,0.000581441612194179,0,1,0.0,4.107955522615187e-05,0,1,,
4481,4.481,0.0,0.0005530843701482362,0,1,0.0,3.907608167651774e-05,0,1,,
4482,4.482,0.0,0.0005261101271164466,0,1,0.0,3.717031868489686e-05,0,1,,
4483,4.483,0.0,0.000500451433440975,0,1,0.0,3.535750085114258e-05,0,1,,
4484,4.484,0.0,0.00047604412902261606,0,1,0.0,3.3633095186415866e-05,0,1,,
4485,4.485,0.0,0.0004528271828871267,0,1,0.0,3.19927897783521e-05,0,1,,
4486,4.486,0.0,0.00043074254057600113,0,1,0.0,3.0432483009034193e-05,0,1,,
4487,4.487,0.0,0.000409734978980085,0,1,0.0,2.894827329881135e-05,0,1,,
4488,4.488,0.0,0.00038975196825303843,0,1,0.0,2.753644935031771e-05,0,1,,
4489,4.489,0.0,0.0003707435404593583,0,1,0.0,2.6193480868295776e-05,0,1,,
4490,4.49,0.0,0.0003526621646285126,0,1,0.0,2.4916009732019454e-05,0,1,,
4491,4.491,0.0,0.0003354626279027561,0,1,0.0,2.3700841598243054e-05,0,1,,
4492,4.492,0.0,0.0003191019224814359,0,1,0.0,2.2544937913679322e-05,0,1,,
4493,4.493,0.0,0.0003035391380790877,0,1,0.0,2.144540831703351e-05,0,1,,
4494,4.494,0.0,0.00028873535962841335,0,1,0.0,2.0399503411594612e-05,0,1,,
4495,4.495,0.0,0.0002746535699723423,0,1,0.0,1.9404607890311496e-05,0,1,,
4496,4.496,0.0,0.00026125855730185776,0,1,0.0,1.8458233996163017e-05,0,1,,
4497,4.497,0.0,0.00024851682710813296,0,1,0.0,1.7558015301469663e-05,0,1,,
4498,4.498,0.0,0.00023639651842881276,0,1,0.0,1.6701700790591716e-05,0,1,,
4499,4.499,0.0,0.000224867324179012,0,1,0.0,1.588714923121768e-05,0,1,,
4500,4.5,0.0,0.00021390041536781707,0,1,0.0,1.5112323820168154e-05,0,1,6.385951483563637,6.631575623531335
4501,4.501,0.0,0.00020346836901079232,0,1,0.0,1.4375287090326986e-05,0,1,,
4502,4.502,0.0,0.00019354509955823488,0,1,0.0,1.3674196065964283e-05,0,1,,
4503,4.503,0.0,0.00018410579366771317,0,1,0.0,1.3007297654337133e-05,0,1,,
4504,4.5040000000000004,0.0,0.000175126848157786,0,1,0.0,1.2372924262044598e-05,0,1,,
4505,4.505,0.0,0.0001665858109877547,0,1,0.0,1.1769489625175604e-05,0,1,,
4506,4.506,0.0,0.00015846132511586661,0,1,0.0,1.1195484842822913e-05,0,1,,
4507,4.507,0.0,0.00015073307509558633,0,1,0.0,1.0649474604044906e-05,0,1,,
4508,4.508,0.0,0.0001433817362763975,0,1,0.0,1.0130093598840605e-05,0,1,,
4509,4.509,0.0,0.00013638892648211074,0,1,0.0,9.636043104163516e-06,0,1,,
4510,4.51,0.0,0.0001297371600458484,0,1,0.0,9.166087736437535e-06,0,1,,
4511,4.511,0.0,0.0001234098040867694,0,1,0.0,8.719052362454529e-06,0,1,,
4512,4.5120000000000005,0.0,0.00011739103691920351,0,1,0.0,8.293819160929213e-06,0,1,,
4513,4.513,0.0,0.00011166580849019602,0,1,0.0,7.88932482736369e-06,0,1,,
4514,4.514,0.0,0.00010621980274653611,0,1,0.0,7.504557915232358e-06,0,1,,
4515,4.515,0.0,0.0001010394018371669,0,1,0.0,7.138556306838754e-06,0,1,,
4516,4.516,0.0,9.611165206146465e-05,0,1,0.0,6.790404807520171e-06,0,1,,
4517,4.517,0.0,9.142423147823988e-05,0,1,0.0,6.459232857184294e-06,0,1,,
4518,4.518,0.0,8.696541909446618e-05,0,1,0.0,6.144212353455519e-06,0,1,,
4519,4.519,0.0,8.272406555669247e-05,0,1,0.0,5.844555580987671e-06,0,1,,
4520,4.5200000000000005,0.0,7.868956527185191e-05,0,1,0.0,5.559513241765338e-06,0,1,,
4521,4.521,0.0,7.485182988775507e-05,0,1,0.0,5.288372581468542e-06,0,1,,
4522,4.522,0.0,7.12012630669546e-05,0,1,0.0,5.0304556072156766e-06,0,1,,
4523,4.523,0.0,6.772873649090316e-05,0,1,0.0,4.785117392228158e-06,0,1,,
4524,4.524,0.0,6.442556703440232e-05,0,1,0.0,4.551744463177548e-06,0,1,,
4525,4.525,0.0,6.12834950532667e-05,0,1,0.0,4.329753266182691e-06,0,1,,
4526,4.526,0.0,5.829466373091123e-05,0,1,0.0,4.118588707621048e-06,0,1,,
4527,4.527,0.0,5.545159943221734e-05,0,1,0.0,3.9177227661055085e-06,0,1,,
4528,4.5280000000000005,0.0,5.274719301555222e-05,0,1,0.0,3.726653172155888e-06,0,1,,
4529,4.529,0.0,5.017468205621182e-05,0,1,0.0,3.544902152263606e-06,0,1,,
4530,4.53,0.0,4.772763393683667e-05,0,1,0.0,3.3720152342090525e-06,0,1,,
4531,4.531,0.0,4.5399929762517895e-05,0,1,0.0,3.207560110644317e-06,0,1,,
4532,4.532,0.0,4.318574906037274e-05,0,1,0.0,3.0511255580996404e-06,0,1,,
4533,4.533,0.0,4.107955522533061e-05,0,1,0.0,2.902320408710541e-06,0,1,,
4534,4.534,0.0,3.907608167573653e-05,0,1,0.0,2.7607725720944047e-06,0,1,,
4535,4.535,0.0,3.717031868415376e-05,0,1,0.0,2.6261281049307164e-06,0,1,,
4536,4.5360000000000005,0.0,3.535750085043572e-05,0,1,0.0,2.4980503259183963e-06,0,1,,
4537,4.537,0.0,3.363309518574347e-05,0,1,0.0,2.376218973897177e-06,0,1,,
4538,4.538,0.0,3.1992789777712496e-05,0,1,0.0,2.2603294070278892e-06,0,1,,
4539,4.539,0.0,3.0432483008425783e-05,0,1,0.0,2.1500918410291793e-06,0,1,,
4540,4.54,0.0,2.8948273298232615e-05,0,1,0.0,2.0452306245658668e-06,0,1,,
4541,4.541,0.0,2.7536449349767196e-05,0,1,0.0,1.945483549977025e-06,0,1,,
4542,4.542,0.0,2.619348086777211e-05,0,1,0.0,1.8506011976202516e-06,0,1,,
4543,4.543,0.0,2.4916009731521327e-05,0,1,0.0,1.760346312192644e-06,0,1,,
4544,4.5440000000000005,0.0,2.3700841597769224e-05,0,1,0.0,1.674493209468963e-06,0,1,,
4545,4.545,0.0,2.2544937913228602e-05,0,1,0.0,1.5928272119735152e-06,0,1,,
4546,4.546,0.0,2.1445408316604773e-05,0,1,0.0,1.5151441121746436e-06,0,1,,
4547,4.547,0.0,2.0399503411186786e-05,0,1,0.0,1.4412496618595315e-06,0,1,,
4548,4.548,0.0,1.9404607889923558e-05,0,1,0.0,1.3709590864124908e-06,0,1,,
4549,4.549,0.0,1.8458233995794002e-05,0,1,0.0,1.3040966227821783e-06,0,1,,
4550,4.55,0.0,1.7558015301118642e-05,0,1,0.0,1.2404950799824162e-06,0,1,,
4551,4.551,0.0,1.6701700790257816e-05,0,1,0.0,1.179995421027641e-06,0,1,,
4552,4.5520000000000005,0.0,1.5887149230900063e-05,0,1,0.0,1.1224463652576007e-06,0,1,,
4553,4.553,0.0,1.5112323819866028e-05,0,1,0.0,1.0677040100569057e-06,0,1,,
4554,4.554,0.0,1.4375287090039594e-05,0,1,0.0,1.015631471023535e-06,0,1,,
4555,4.555,0.0,1.3674196065690908e-05,0,1,0.0,9.660985396865308e-07,0,1,,
4556,4.556,0.0,1.300729765407709e-05,0,1,0.0,9.18981357916999e-07,0,1,,
4557,4.557,0.0,1.2372924261797239e-05,0,1,0.0,8.741621082182716e-07,0,1,,
4558,4.558,0.0,1.176948962494031e-05,0,1,0.0,8.315287191207974e-07,0,1,,
4559,4.559,0.0,1.1195484842599095e-05,0,1,0.0,7.90974584945092e-07,0,1,,
4560,4.5600000000000005,0.0,1.0649474603832005e-05,0,1,0.0,7.52398299232011e-07,0,1,,
4561,4.561,0.0,1.0130093598638087e-05,0,1,0.0,7.157034011737818e-07,0,1,,
4562,4.562,0.0,9.636043103970873e-06,0,1,0.0,6.807981344117401e-07,0,1,,
4563,4.563,0.0,9.166087736254288e-06,0,1,0.0,6.475952175976393e-07,0,1,,
4564,4.564,0.0,8.71905236228022e-06,0,1,0.0,6.160116261448171e-07,0,1,,
4565,4.565,0.0,8.293819160763405e-06,0,1,0.0,5.859683846234833e-07,0,1,,
4566,4.566,0.0,7.889324827205969e-06,0,1,0.0,5.573903692810091e-07,0,1,,
4567,4.567,0.0,7.504557915082329e-06,0,1,0.0,5.302061201934147e-07,0,1,,
4568,4.5680000000000005,0.0,7.138556306696042e-06,0,1,0.0,5.043476625783382e-07,0,1,,
4569,4.569,0.0,6.790404807384419e-06,0,1,0.0,4.797503368226729e-07,0,1,,
4570,4.57,0.0,6.459232857055162e-06,0,1,0.0,4.5635263679985487e-07,0,1,,
4571,4.571,0.0,6.144212353332685e-06,0,1,0.0,4.340960560725093e-07,0,1,,
4572,4.572,0.0,5.844555580870827e-06,0,1,0.0,4.129249415958827e-07,0,1,,
4573,4.573,0.0,5.559513241654193e-06,0,1,0.0,3.9278635455624243e-07,0,1,,
4574,4.574,0.0,5.288372581362817e-06,0,1,0.0,3.736299379962679e-07,0,1,,
4575,4.575,0.0,5.0304556071151075e-06,0,1,0.0,3.5540779089642736e-07,0,1,,
4576,4.5760000000000005,0.0,4.7851173921324934e-06,0,1,0.0,3.380743483974787e-07,0,1,,
4577,4.577,0.0,4.551744463086549e-06,0,1,0.0,3.215862678645875e-07,0,1,,
4578,4.578,0.0,4.32975326609613e-06,0,1,0.0,3.0590232050816403e-07,0,1,,
4579,4.579,0.0,4.118588707538708e-06,0,1,0.0,2.909832882904138e-07,0,1,,
4580,4.58,0.0,3.917722766027185e-06,0,1,0.0,2.767918658598157e-07,0,1,,
4581,4.581,0.0,3.726653172081385e-06,0,1,0.0,2.632925672683113e-07,0,1,,
4582,4.582,0.0,3.544902152192736e-06,0,1,0.0,2.504516372379513e-07,0,1,,
4583,4.583,0.0,3.372015234141639e-06,0,1,0.0,2.38236966755118e-07,0,1,,
4584,4.5840000000000005,0.0,3.2075601105801917e-06,0,1,0.0,2.2661801278126662e-07,0,1,,
4585,4.585,0.0,3.051125558038642e-06,0,1,0.0,2.155657218794197e-07,0,1,,
4586,4.586,0.0,2.9023204086525174e-06,0,1,0.0,2.050524575654414e-07,0,1,,
4587,4.587,0.0,2.760772572039211e-06,0,1,0.0,1.950519312024319e-07,0,1,,
4588,4.588,0.0,2.626128104878215e-06,0,1,0.0,1.8553913626544217e-07,0,1,,
4589,4.589,0.0,2.498050325868455e-06,0,1,0.0,1.764902858121361e-07,0,1,,
4590,4.59,0.0,2.3762189738496714e-06,0,1,0.0,1.6788275300304477e-07,0,1,,
4591,4.591,0.0,2.2603294069827e-06,0,1,0.0,1.596950145226818e-07,0,1,,
4592,4.5920000000000005,0.0,2.150091840986194e-06,0,1,0.0,1.5190659676004378e-07,0,1,,
4593,4.593,0.0,2.045230624524978e-06,0,1,0.0,1.4449802461391848e-07,0,1,,
4594,4.594,0.0,1.9454835499381307e-06,0,1,0.0,1.374507727949877e-07,0,1,,
4595,4.595,0.0,1.850601197583254e-06,0,1,0.0,1.3074721950295453e-07,0,1,,
4596,4.596,0.0,1.760346312157451e-06,0,1,0.0,1.2437060236286397e-07,0,1,,
4597,4.597,0.0,1.6744932094354864e-06,0,1,0.0,1.1830497651043424e-07,0,1,,
4598,4.598,0.0,1.5928272119416712e-06,0,1,0.0,1.1253517472159085e-07,0,1,,
4599,4.599,0.0,1.5151441121443529e-06,0,1,0.0,1.0704676948650617e-07,0,1,,
4600,4.6000000000000005,0.0,1.4412496618307181e-06,0,1,0.0,1.0182603693330986e-07,0,1,6.384337429586779,6.387894736605171
4601,4.601,0.0,1.3709590863850827e-06,0,1,0.0,9.685992251126078e-08,0,1,,
4602,4.602,0.0,1.3040966227561069e-06,0,1,0.0,9.213600834757035e-08,0,1,,
4603,4.603,0.0,1.2404950799576163e-06,0,1,0.0,8.764248219625233e-08,0,1,,
4604,4.604,0.0,1.1799954210040507e-06,0,1,0.0,8.336810790135518e-08,0,1,,
4605,4.605,0.0,1.122446365235161e-06,0,1,0.0,7.930219730071952e-08,0,1,,
4606,4.606,0.0,1.0677040100355605e-06,0,1,0.0,7.54345835000055e-08,0,1,,
4607,4.607,0.0,1.0156314710032308e-06,0,1,0.0,7.17555954501613e-08,0,1,,
4608,4.6080000000000005,0.0,9.660985396672168e-07,0,1,0.0,6.825603376476298e-08,0,1,,
4609,4.609,0.0,9.189813578986268e-07,0,1,0.0,6.492714771675679e-08,0,1,,
4610,4.61,0.0,8.741621082007955e-07,0,1,0.0,6.176061335708341e-08,0,1,,
4611,4.611,0.0,8.315287191041736e-07,0,1,0.0,5.874851270046956e-08,0,1,,
4612,4.612,0.0,7.909745849292789e-07,0,1,0.0,5.588331392634055e-08,0,1,,
4613,4.613,0.0,7.523982992169691e-07,0,1,0.0,5.315785254534566e-08,0,1,,
4614,4.614,0.0,7.157034011594736e-07,0,1,0.0,5.056531348440296e-08,0,1,,
4615,4.615,0.0,6.807981343981297e-07,0,1,0.0,4.8099214045466824e-08,0,1,,
4616,4.616,0.0,6.475952175846927e-07,0,1,0.0,4.575338769540607e-08,0,1,,
4617,4.617,0.0,6.160116261325019e-07,0,1,0.0,4.3521968646459166e-08,0,1,,
4618,4.618,0.0,5.859683846117689e-07,0,1,0.0,4.1399377188709474e-08,0,1,,
4619,4.619,0.0,5.573903692698659e-07,0,1,0.0,3.93803057379041e-08,0,1,,
4620,4.62,0.0,5.30206120182815e-07,0,1,0.0,3.7459705563728684e-08,0,1,,
4621,4.621,0.0,5.043476625682555e-07,0,1,0.0,3.563277416535183e-08,0,1,,
4622,4.622,0.0,4.797503368130821e-07,0,1,0.0,3.389494326267153e-08,0,1,,
4623,4.623,0.0,4.5635263679073174e-07,0,1,0.0,3.22418673732354e-08,0,1,,
4624,4.624,0.0,4.340960560638311e-07,0,1,0.0,3.0669412946271057e-08,0,1,,
4625,4.625,0.0,4.129249415876278e-07,0,1,0.0,2.9173648026656164e-08,0,1,,
4626,4.626,0.0,3.927863545483901e-07,0,1,0.0,2.7750832422982533e-08,0,1,,
4627,4.627,0.0,3.7362993798879855e-07,0,1,0.0,2.6397408355129428e-08,0,1,,
4628,4.628,0.0,3.554077908893223e-07,0,1,0.0,2.5109991557960106e-08,0,1,,
4629,4.6290000000000004,0.0,3.3807434839072016e-07,0,1,0.0,2.388536281889618e-08,0,1,,
4630,4.63,0.0,3.2158626785815864e-07,0,1,0.0,2.2720459928209364e-08,0,1,,
4631,4.631,0.0,3.059023205020487e-07,0,1,0.0,2.161237002190213e-08,0,1,,
4632,4.632,0.0,2.9098328828459676e-07,0,1,0.0,2.0558322298030446e-08,0,1,,
4633,4.633,0.0,2.7679186585428235e-07,0,1,0.0,1.95556810882557e-08,0,1,,
4634,4.634,0.0,2.6329256726304785e-07,0,1,0.0,1.8601939267300964e-08,0,1,,
4635,4.635,0.0,2.504516372329445e-07,0,1,0.0,1.769471198383193e-08,0,1,,
4636,4.636,0.0,2.382369667503554e-07,0,1,0.0,1.6831730697086332e-08,0,1,,
4637,4.6370000000000005,0.0,2.2661801277673632e-07,0,1,0.0,1.6010837504340435e-08,0,1,,
4638,4.638,0.0,2.1556572187511035e-07,0,1,0.0,1.52299797450282e-08,0,1,,
4639,4.639,0.0,2.050524575613422e-07,0,1,0.0,1.4487204868020705e-08,0,1,,
4640,4.64,0.0,1.9505193119853262e-07,0,1,0.0,1.3780655549231278e-08,0,1,,
4641,4.641,0.0,1.8553913626173304e-07,0,1,0.0,1.310856504733784e-08,0,1,,
4642,4.642,0.0,1.7649028580860787e-07,0,1,0.0,1.2469252786009349e-08,0,1,,
4643,4.643,0.0,1.678827529996886e-07,0,1,0.0,1.1861120151589597e-08,0,1,,
4644,4.644,0.0,1.596950145194893e-07,0,1,0.0,1.1282646495730394e-08,0,1,,
4645,4.6450000000000005,0.0,1.5190659675700698e-07,0,1,0.0,1.073238533297862e-08,0,1,,
4646,4.646,0.0,1.4449802461102978e-07,0,1,0.0,1.0208960723809158e-08,0,1,,
4647,4.647,0.0,1.3745077279223987e-07,0,1,0.0,9.711063834059377e-09,0,1,,
4648,4.648,0.0,1.3074721950034072e-07,0,1,0.0,9.237449662161999e-09,0,1,,
4649,4.649,0.0,1.2437060236037764e-07,0,1,0.0,8.786933925992673e-09,0,1,,
4650,4.65,0.0,1.1830497650806916e-07,0,1,0.0,8.35839010154781e-09,0,1,,
4651,4.651,0.0,1.1253517471934112e-07,0,1,0.0,7.950746606047789e-09,0,1,,
4652,4.652,0.0,1.0704676948436616e-07,0,1,0.0,7.562984118421843e-09,0,1,,
4653,4.6530000000000005,0.0,1.0182603693127421e-07,0,1,0.0,7.19413303047445e-09,0,1,,
4654,4.654,0.0,9.685992250932442e-08,0,1,0.0,6.843271022359789e-09,0,1,,
4655,4.655,0.0,9.213600834572842e-08,0,1,0.0,6.5095207563017145e-09,0,1,,
4656,4.656,0.0,8.764248219450023e-08,0,1,0.0,6.1920476827923326e-09,0,1,,
4657,4.657,0.0,8.336810789968853e-08,0,1,0.0,5.89005795378353e-09,0,1,,
4658,4.658,0.0,7.930219729913415e-08,0,1,0.0,5.602796437653361e-09,0,1,,
4659,4.659,0.0,7.543458349849745e-08,0,1,0.0,5.329544830983657e-09,0,1,,
4660,4.66,0.0,7.175559544872679e-08,0,1,0.0,5.0696198624273395e-09,0,1,,
4661,4.6610000000000005,0.0,6.825603376339844e-08,0,1,0.0,4.8223715841741475e-09,0,1,,
4662,4.662,0.0,6.49271477154588e-08,0,1,0.0,4.587181746742571e-09,0,1,,
4663,4.663,0.0,6.176061335584871e-08,0,1,0.0,4.363462253034116e-09,0,1,,
4664,4.664,0.0,5.8748512699295084e-08,0,1,0.0,4.150653687784231e-09,0,1,,
4665,4.665,0.0,5.5883313925223355e-08,0,1,0.0,3.948223918732761e-09,0,1,,
4666,4.666,0.0,5.315785254428295e-08,0,1,0.0,3.755666766016118e-09,0,1,,
4667,4.667,0.0,5.056531348339209e-08,0,1,0.0,3.5725007364539696e-09,0,1,,
4668,4.668,0.0,4.809921404450525e-08,0,1,0.0,3.3982678195654865e-09,0,1,,
4669,4.6690000000000005,0.0,4.575338769449139e-08,0,1,0.0,3.232532342304574e-09,0,1,,
4670,4.67,0.0,4.35219686455891e-08,0,1,0.0,3.074879879650325e-09,0,1,,
4671,4.671,0.0,4.139937718788184e-08,0,1,0.0,2.9249162183286034e-09,0,1,,
4672,4.672,0.0,3.938030573711683e-08,0,1,0.0,2.7822663710735224e-09,0,1,,
4673,4.673,0.0,3.745970556297981e-08,0,1,0.0,2.6465736389639567e-09,0,1,,
4674,4.674,0.0,3.563277416463948e-08,0,1,0.0,2.517498719490445e-09,0,1,,
4675,4.675,0.0,3.3894943261993926e-08,0,1,0.0,2.3947188581221806e-09,0,1,,
4676,4.676,0.0,3.2241867372590834e-08,0,1,0.0,2.277927041252569e-09,0,1,,
4677,4.6770000000000005,0.0,3.0669412945657924e-08,0,1,0.0,2.1668312285052953e-09,0,1,,
4678,4.678,0.0,2.9173648026072935e-08,0,1,0.0,2.0611536224812673e-09,0,1,,
4679,4.679,0.0,2.775083242242775e-08,0,1,0.0,1.960629974120418e-09,0,1,,
4680,4.68,0.0,2.6397408354601703e-08,0,1,0.0,1.865008921941415e-09,0,1,,
4681,4.681,0.0,2.510999155745812e-08,0,1,0.0,1.7740513635070292e-09,0,1,,
4682,4.682,0.0,2.3885362818418674e-08,0,1,0.0,1.6875298575434984e-09,0,1,,
4683,4.683,0.0,2.2720459927755146e-08,0,1,0.0,1.6052280552188738e-09,0,1,,
4684,4.684,0.0,2.1612370021470062e-08,0,1,0.0,1.5269401591582496e-09,0,1,,
4685,4.6850000000000005,0.0,2.0558322297619453e-08,0,1,0.0,1.4524704088431304e-09,0,1,,
4686,4.686,0.0,1.955568108786475e-08,0,1,0.0,1.3816325911081677e-09,0,1,,
4687,4.687,0.0,1.8601939266929083e-08,0,1,0.0,1.3142495745112526e-09,0,1,,
4688,4.688,0.0,1.7694711983478187e-08,0,1,0.0,1.2501528664126472e-09,0,1,,
4689,4.689,0.0,1.6831730696749845e-08,0,1,0.0,1.1891821916556205e-09,0,1,,
4690,4.69,0.0,1.601083750402036e-08,0,1,0.0,1.1311850917950737e-09,0,1,,
4691,4.691,0.0,1.5229979744723733e-08,0,1,0.0,1.0760165438720154e-09,0,1,,
4692,4.692,0.0,1.4487204867731089e-08,0,1,0.0,1.0235385977806245e-09,0,1,,
4693,4.6930000000000005,0.0,1.3780655548955787e-08,0,1,0.0,9.736200313211312e-10,0,1,,
4694,4.694,0.0,1.3108565047075784e-08,0,1,0.0,9.261360220759668e-10,0,1,,
4695,4.695,0.0,1.2469252785760073e-08,0,1,0.0,8.809678352887025e-10,0,1,,
4696,4.696,0.0,1.1861120151352479e-08,0,1,0.0,8.380025269653123e-10,0,1,,
4697,4.697,0.0,1.128264649550484e-08,0,1,0.0,7.971326614553581e-10,0,1,,
4698,4.698,0.0,1.0732385332764067e-08,0,1,0.0,7.582560428069027e-10,0,1,,
4699,4.699,0.0,1.0208960723605068e-08,0,1,0.0,7.212754592233989e-10,0,1,,
4700,4.7,0.0,9.711063833865241e-09,0,1,0.0,6.860984399835619e-10,0,1,6.425503822722075,6.384434784575888
4701,4.7010000000000005,0.0,9.237449661977331e-09,0,1,0.0,6.526370242164013e-10,0,1,,
4702,4.702,0.0,8.786933925817012e-09,0,1,0.0,6.208075409532259e-10,0,1,,
4703,4.703,0.0,8.358390101380716e-09,0,1,0.0,5.905303999066405e-10,0,1,,
4704,4.704,0.0,7.950746605888844e-09,0,1,0.0,5.617298924533701e-10,0,1,,
4705,4.705,0.0,7.56298411827065e-09,0,1,0.0,5.343340023232672e-10,0,1,,
4706,4.706,0.0,7.194133030330631e-09,0,1,0.0,5.082742255211247e-10,0,1,,
4707,4.707,0.0,6.843271022222984e-09,0,1,0.0,4.834853990310055e-10,0,1,,
4708,4.708,0.0,6.509520756171582e-09,0,1,0.0,4.5990553787476146e-10,0,1,,
4709,4.7090000000000005,0.0,6.192047682668547e-09,0,1,0.0,4.374756801173007e-10,0,1,,
4710,4.71,0.0,5.890057953665781e-09,0,1,0.0,4.161397394310384e-10,0,1,,
4711,4.711,0.0,5.602796437541354e-09,0,1,0.0,3.9584436485086374e-10,0,1,,
4712,4.712,0.0,5.329544830877113e-09,0,1,0.0,3.7653880736893777e-10,0,1,,
4713,4.713,0.0,5.069619862325992e-09,0,1,0.0,3.5817479303573987e-10,0,1,,
4714,4.714,0.0,4.822371584077742e-09,0,1,0.0,3.407064022500492e-10,0,1,,
4715,4.715,0.0,4.587181746650867e-09,0,1,0.0,3.240899549360231e-10,0,1,,
4716,4.716,0.0,4.363462252946885e-09,0,1,0.0,3.082839013202556e-10,0,1,,
4717,4.7170000000000005,0.0,4.150653687701254e-09,0,1,0.0,2.932487180357016e-10,0,1,,
4718,4.718,0.0,3.9482239186538305e-09,0,1,0.0,2.789468092926726e-10,0,1,,
4719,4.719,0.0,3.755666765941037e-09,0,1,0.0,2.653424128697794e-10,0,1,,
4720,4.72,0.0,3.5725007363825504e-09,0,1,0.0,2.524015106897511e-10,0,1,,
4721,4.721,0.0,3.3982678194975505e-09,0,1,0.0,2.4009174375652277e-10,0,1,,
4722,4.722,0.0,3.2325323422399512e-09,0,1,0.0,2.2838233124089004e-10,0,1,,
4723,4.723,0.0,3.074879879588854e-09,0,1,0.0,2.1724399351240328e-10,0,1,,
4724,4.724,0.0,2.9249162182701304e-09,0,1,0.0,2.066488789250402e-10,0,1,,
4725,4.7250000000000005,0.0,2.782266371017901e-09,0,1,0.0,1.9657049417358374e-10,0,1,,
4726,4.726,0.0,2.646573638911048e-09,0,1,0.0,1.8698363804655903e-10,0,1,,
4727,4.727,0.0,2.5174987194401167e-09,0,1,0.0,1.7786433841007815e-10,0,1,,
4728,4.728,0.0,2.3947188580743066e-09,0,1,0.0,1.691897922650189e-10,0,1,,
4729,4.729,0.0,2.2779270412070297e-09,0,1,0.0,1.6093830872764927e-10,0,1,,
4730,4.73,0.0,2.166831228461977e-09,0,1,0.0,1.5308925479112007e-10,0,1,,
4731,4.731,0.0,2.0611536224400617e-09,0,1,0.0,1.4562300373220031e-10,0,1,,
4732,4.732,0.0,1.960629974081222e-09,0,1,0.0,1.3852088603424624e-10,0,1,,
4733,4.7330000000000005,0.0,1.8650089219041306e-09,0,1,0.0,1.3176514270368506e-10,0,1,,
4734,4.734,0.0,1.7740513634715632e-09,0,1,0.0,1.253388808632808e-10,0,1,,
4735,4.735,0.0,1.687529857509762e-09,0,1,0.0,1.1922603151114215e-10,0,1,,
4736,4.736,0.0,1.605228055186783e-09,0,1,0.0,1.1341130933984774e-10,0,1,,
4737,4.737,0.0,1.526940159127724e-09,0,1,0.0,1.0788017451521581e-10,0,1,,
4738,4.738,0.0,1.4524704088140935e-09,0,1,0.0,1.0261879631914532e-10,0,1,,
4739,4.739,0.0,1.381632591080547e-09,0,1,0.0,9.76140185656166e-11,0,1,,
4740,4.74,0.0,1.3142495744849791e-09,0,1,0.0,9.28533267033735e-11,0,1,,
4741,4.741,0.0,1.250152866387655e-09,0,1,0.0,8.832481652302675e-11,0,1,,
4742,4.742,0.0,1.189182191631847e-09,0,1,0.0,8.40171643903299e-11,0,1,,
4743,4.743,0.0,1.1311850917724598e-09,0,1,0.0,7.991959893119539e-11,0,1,,
4744,4.744,0.0,1.0760165438505043e-09,0,1,0.0,7.602187409764887e-11,0,1,,
4745,4.745,0.0,1.0235385977601625e-09,0,1,0.0,7.231424354737228e-11,0,1,,
4746,4.746,0.0,9.736200313016673e-10,0,1,0.0,6.87874362727714e-11,0,1,,
4747,4.747,0.0,9.261360220574522e-10,0,1,0.0,6.543263341862788e-11,0,1,,
4748,4.748,0.0,8.809678352710907e-10,0,1,0.0,6.224144623036758e-11,0,1,,
4749,4.749,0.0,8.380025269485595e-10,0,1,0.0,5.92058950778047e-11,0,1,,
4750,4.75,0.0,7.971326614394224e-10,0,1,0.0,5.6318389501909815e-11,0,1,,
4751,4.751,0.0,7.582560427917443e-10,0,1,0.0,5.3571709234708725e-11,0,1,,
4752,4.752,0.0,7.212754592089796e-10,0,1,0.0,5.0958986144851565e-11,0,1,,
4753,4.753,0.0,6.86098439969846e-10,0,1,0.0,4.847368706370701e-11,0,1,,
4754,4.7540000000000004,0.0,6.526370242033543e-10,0,1,0.0,4.6109597449037725e-11,0,1,,
4755,4.755,0.0,6.208075409408152e-10,0,1,0.0,4.386080584540775e-11,0,1,,
4756,4.756,0.0,5.905303998948351e-10,0,1,0.0,4.172168910246477e-11,0,1,,
4757,4.757,0.0,5.617298924421405e-10,0,1,0.0,3.968689831413527e-11,0,1,,
4758,4.758,0.0,5.343340023125853e-10,0,1,0.0,3.775134544357325e-11,0,1,,
4759,4.759,0.0,5.082742255109638e-10,0,1,0.0,3.591019060041784e-11,0,1,,
4760,4.76,0.0,4.834853990213402e-10,0,1,0.0,3.415882993854641e-11,0,1,,
4761,4.761,0.0,4.5990553786556755e-10,0,1,0.0,3.2492884144061265e-11,0,1,,
4762,4.7620000000000005,0.0,4.3747568010855516e-10,0,1,0.0,3.0908187484723774e-11,0,1,,
4763,4.763,0.0,4.161397394227194e-10,0,1,0.0,2.940077739345397e-11,0,1,,
4764,4.764,0.0,3.9584436484295046e-10,0,1,0.0,2.7966884559848824e-11,0,1,,
4765,4.765,0.0,3.765388073614104e-10,0,1,0.0,2.66029235049429e-11,0,1,,
4766,4.766,0.0,3.5817479302857964e-10,0,1,0.0,2.5305483615643354e-11,0,1,,
4767,4.767,0.0,3.407064022432382e-10,0,1,0.0,2.4071320616420676e-11,0,1,,
4768,4.768,0.0,3.2408995492954424e-10,0,1,0.0,2.2897348456930012e-11,0,1,,
4769,4.769,0.0,3.082839013140927e-10,0,1,0.0,2.1780631595277846e-11,0,1,,
4770,4.7700000000000005,0.0,2.9324871802983934e-10,0,1,0.0,2.0718377657638214e-11,0,1,,
4771,4.771,0.0,2.7894680928709626e-10,0,1,0.0,1.970793045586365e-11,0,1,,
4772,4.772,0.0,2.65342412864475e-10,0,1,0.0,1.8746763345631272e-11,0,1,,
4773,4.773,0.0,2.524015106847054e-10,0,1,0.0,1.7832472908515916e-11,0,1,,
4774,4.774,0.0,2.4009174375172315e-10,0,1,0.0,1.696277294219217e-11,0,1,,
4775,4.775,0.0,2.2838233123632452e-10,0,1,0.0,1.6135488743737742e-11,0,1,,
4776,4.776,0.0,2.1724399350806042e-10,0,1,0.0,1.5348551671743402e-11,0,1,,
4777,4.777,0.0,2.0664887892090916e-10,0,1,0.0,1.4599993973631947e-11,0,1,,
4778,4.7780000000000005,0.0,1.9657049416965416e-10,0,1,0.0,1.388794386525181e-11,0,1,,
4779,4.779,0.0,1.869836380428211e-10,0,1,0.0,1.3210620850441702e-11,0,1,,
4780,4.78,0.0,1.7786433840652254e-10,0,1,0.0,1.2566331268862793e-11,0,1,,
4781,4.781,0.0,1.6918979226163668e-10,0,1,0.0,1.1953464060965682e-11,0,1,,
4782,4.782,0.0,1.60938308724432e-10,0,1,0.0,1.1370486739502354e-11,0,1,,
4783,4.783,0.0,1.530892547880597e-10,0,1,0.0,1.0815941557509825e-11,0,1,,
4784,4.784,0.0,1.456230037292892e-10,0,1,0.0,1.0288441863183428e-11,0,1,,
4785,4.785,0.0,1.385208860314771e-10,0,1,0.0,9.786668632525026e-12,0,1,,
4786,4.7860000000000005,0.0,1.3176514270105095e-10,0,1,0.0,9.309367171095971e-12,0,1,,
4787,4.787,0.0,1.2533888086077516e-10,0,1,0.0,8.85534397662746e-12,0,1,,
4788,4.788,0.0,1.192260315087587e-10,0,1,0.0,8.423463754643203e-12,0,1,,
4789,4.789,0.0,1.1341130933758054e-10,0,1,0.0,8.012646579631877e-12,0,1,,
4790,4.79,0.0,1.0788017451305919e-10,0,1,0.0,7.621865194670845e-12,0,1,,
4791,4.791,0.0,1.0261879631709389e-10,0,1,0.0,7.25014244274877e-12,0,1,,
4792,4.792,0.0,9.761401856366521e-11,0,1,0.0,6.896548823364113e-12,0,1,,
4793,4.793,0.0,9.285332670151727e-11,0,1,0.0,6.560200168289721e-12,0,1,,
4794,4.7940000000000005,0.0,8.832481652126106e-11,0,1,0.0,6.240255430691719e-12,0,1,,
4795,4.795,0.0,8.401716438865031e-11,0,1,0.0,5.935914582074339e-12,0,1,,
4796,4.796,0.0,7.991959892959772e-11,0,1,0.0,5.64641661179197e-12,0,1,,
4797,4.797,0.0,7.602187409612911e-11,0,1,0.0,5.371037624126147e-12,0,1,,
4798,4.798,0.0,7.231424354592664e-11,0,1,0.0,5.109089028169197e-12,0,1,,
4799,4.799,0.0,6.878743627139626e-11,0,1,0.0,4.8599158159882975e-12,0,1,,
4800,4.8,0.0,6.543263341731981e-11,0,1,0.0,4.622894924764466e-12,0,1,6.868211648445791,6.382359654954412
4801,4.801,0.0,6.224144622912331e-11,0,1,0.0,4.3974336788109744e-12,0,1,,
4802,4.8020000000000005,0.0,5.92058950766211e-11,0,1,0.0,4.182968307575421e-12,0,1,,
4803,4.803,0.0,5.631838950078395e-11,0,1,0.0,3.978962535919693e-12,0,1,,
4804,4.804,0.0,5.357170923363777e-11,0,1,0.0,3.784906243152791e-12,0,1,,
4805,4.805,0.0,5.095898614383285e-11,0,1,0.0,3.600314187463389e-12,0,1,,
4806,4.806,0.0,4.8473687062737976e-11,0,1,0.0,3.4247247925625553e-12,0,1,,
4807,4.807,0.0,4.610959744811595e-11,0,1,0.0,3.2576989935026065e-12,0,1,,
4808,4.808,0.0,4.3860805844530923e-11,0,1,0.0,3.0988191387860395e-12,0,1,,
4809,4.809,0.0,4.1721689101630704e-11,0,1,0.0,2.9476879460192425e-12,0,1,,
4810,4.8100000000000005,0.0,3.9686898313341884e-11,0,1,0.0,2.803927508499576e-12,0,1,,
4811,4.811,0.0,3.775134544281856e-11,0,1,0.0,2.6671783502517725e-12,0,1,,
4812,4.812,0.0,3.591019059969995e-11,0,1,0.0,2.5370985271507574e-12,0,1,,
4813,4.813,0.0,3.4158829937863535e-11,0,1,0.0,2.413362771883224e-12,0,1,,
4814,4.814,0.0,3.249288414341169e-11,0,1,0.0,2.295661680609927e-12,0,1,,
4815,4.815,0.0,3.0908187484105877e-11,0,1,0.0,2.1837009392949228e-12,0,1,,
4816,4.816,0.0,2.9400777392866207e-11,0,1,0.0,2.077200587767178e-12,0,1,,
4817,4.817,0.0,2.7966884559289724e-11,0,1,0.0,1.9758943196743176e-12,0,1,,
4818,4.8180000000000005,0.0,2.6602923504411068e-11,0,1,0.0,1.879528816578031e-12,0,1,,
4819,4.819,0.0,2.5305483615137458e-11,0,1,0.0,1.7878631145260285e-12,0,1,,
4820,4.82,0.0,2.407132061593945e-11,0,1,0.0,1.7006680015166483e-12,0,1,,
4821,4.821,0.0,2.2897348456472258e-11,0,1,0.0,1.6177254443494608e-12,0,1,,
4822,4.822,0.0,2.1780631594842417e-11,0,1,0.0,1.5388280434286994e-12,0,1,,
4823,4.823,0.0,2.071837765722402e-11,0,1,0.0,1.4637785141562416e-12,0,1,,
4824,4.824,0.0,1.9707930455469656e-11,0,1,0.0,1.3923891936173518e-12,0,1,,
4825,4.825,0.0,1.8746763345256495e-11,0,1,0.0,1.3244815713256469e-12,0,1,,
4826,4.8260000000000005,0.0,1.7832472908159417e-11,0,1,0.0,1.2598858428538964e-12,0,1,,
4827,4.827,0.0,1.6962772941853055e-11,0,1,0.0,1.198440485234509e-12,0,1,,
4828,4.828,0.0,1.6135488743415165e-11,0,1,0.0,1.1399918530679785e-12,0,1,,
4829,4.829,0.0,1.5348551671436557e-11,0,1,0.0,1.0843937943293558e-12,0,1,,
4830,4.83,0.0,1.459999397334007e-11,0,1,0.0,1.0315072849120588e-12,0,1,,
4831,4.831,0.0,1.3887943864974167e-11,0,1,0.0,9.812000809951918e-13,0,1,,
4832,4.832,0.0,1.3210620850177598e-11,0,1,0.0,9.333463883651101e-13,0,1,,
4833,4.833,0.0,1.256633126861157e-11,0,1,0.0,8.878265478643636e-13,0,1,,
4834,4.8340000000000005,0.0,1.1953464060726711e-11,0,1,0.0,8.445267361814743e-13,0,1,,
4835,4.835,0.0,1.1370486739275038e-11,0,1,0.0,8.033386812333701e-13,0,1,,
4836,4.836,0.0,1.0815941557293595e-11,0,1,0.0,7.641593914287812e-13,0,1,,
4837,4.837,0.0,1.0288441862977743e-11,0,1,0.0,7.268908981356153e-13,0,1,,
4838,4.838,0.0,9.786668632329372e-12,0,1,0.0,6.914400107083485e-13,0,1,,
4839,4.839,0.0,9.309367170909859e-12,0,1,0.0,6.5771808346287e-13,0,1,,
4840,4.84,0.0,8.855343976450424e-12,0,1,0.0,6.256407940160984e-13,0,1,,
4841,4.841,0.0,8.423463754474801e-12,0,1,0.0,5.95127932436103e-13,0,1,,
4842,4.8420000000000005,0.0,8.012646579471689e-12,0,1,0.0,5.661032006754941e-13,0,1,,
4843,4.843,0.0,7.621865194518469e-12,0,1,0.0,5.384940217865624e-13,0,1,,
4844,4.844,0.0,7.250142442603826e-12,0,1,0.0,5.122313584411067e-13,0,1,,
4845,4.845,0.0,6.896548823226238e-12,0,1,0.0,4.872495403011529e-13,0,1,,
4846,4.846,0.0,6.5602001681585705e-12,0,1,0.0,4.634860998089032e-13,0,1,,
4847,4.847,0.0,6.240255430566964e-12,0,1,0.0,4.4088161598530346e-13,0,1,,
4848,4.848,0.0,5.9359145819556686e-12,0,1,0.0,4.19379565846645e-13,0,1,,
4849,4.849,0.0,5.646416611679087e-12,0,1,0.0,3.989261830676634e-13,0,1,,
4850,4.8500000000000005,0.0,5.3710376240187695e-12,0,1,0.0,3.7947032353771995e-13,0,1,,
4851,4.851,0.0,5.109089028067056e-12,0,1,0.0,3.609633374738851e-13,0,1,,
4852,4.852,0.0,4.8599158158911386e-12,0,1,0.0,3.4335894777114075e-13,0,1,,
4853,4.853,0.0,4.6228949246720454e-12,0,1,0.0,3.2661313428551293e-13,0,1,,
4854,4.854,0.0,4.3974336787230615e-12,0,1,0.0,3.1068402376078287e-13,0,1,,
4855,4.855,0.0,4.1829683074917955e-12,0,1,0.0,2.955317851235356e-13,0,1,,
4856,4.856,0.0,3.978962535840146e-12,0,1,0.0,2.8111852988472944e-13,0,1,,
4857,4.857,0.0,3.784906243077124e-12,0,1,0.0,2.6740821739873797e-13,0,1,,
4858,4.8580000000000005,0.0,3.6003141873914124e-12,0,1,0.0,2.5436656474296333e-13,0,1,,
4859,4.859,0.0,3.424724792494089e-12,0,1,0.0,2.419609609926726e-13,0,1,,
4860,4.86,0.0,3.2576989934374798e-12,0,1,0.0,2.301603856766997e-13,0,1,,
4861,4.861,0.0,3.0988191387240894e-12,0,1,0.0,2.1893533121010942e-13,0,1,,
4862,4.862,0.0,2.947687945960314e-12,0,1,0.0,2.082577291098656e-13,0,1,,
4863,4.863,0.0,2.803927508443521e-12,0,1,0.0,1.9810087980900304e-13,0,1,,
4864,4.864,0.0,2.6671783501984517e-12,0,1,0.0,1.884393858938031e-13,0,1,,
4865,4.865,0.0,2.5370985271000372e-12,0,1,0.0,1.7924908859703029e-13,0,1,,
4866,4.866,0.0,2.4133627718349777e-12,0,1,0.0,1.7050700738843063e-13,0,1,,
4867,4.867,0.0,2.2956616805640337e-12,0,1,0.0,1.6219128251143586e-13,0,1,,
4868,4.868,0.0,2.1837009392512676e-12,0,1,0.0,1.5428112032238587e-13,0,1,,
4869,4.869,0.0,2.077200587725652e-12,0,1,0.0,1.4675674129558853e-13,0,1,,
4870,4.87,0.0,1.975894319634817e-12,0,1,0.0,1.3959933056420285e-13,0,1,,
4871,4.871,0.0,1.879528816540457e-12,0,1,0.0,1.3279099087327162e-13,0,1,,
4872,4.872,0.0,1.7878631144902868e-12,0,1,0.0,1.2631469782726172e-13,0,1,,
4873,4.873,0.0,1.7006680014826497e-12,0,1,0.0,1.2015425732020776e-13,0,1,,
4874,4.874,0.0,1.6177254443171204e-12,0,1,0.0,1.1429426504201192e-13,0,1,,
4875,4.875,0.0,1.5388280433979362e-12,0,1,0.0,1.0872006795964507e-13,0,1,,
4876,4.876,0.0,1.4637785141269786e-12,0,1,0.0,1.034177276769317e-13,0,1,,
4877,4.877,0.0,1.392389193589516e-12,0,1,0.0,9.83739855812993e-14,0,1,,
4878,4.878,0.0,1.3244815712991686e-12,0,1,0.0,9.357622969034088e-14,0,1,,
4879,4.8790000000000004,0.0,1.2598858428287096e-12,0,1,0.0,8.901246311528958e-14,0,1,,
4880,4.88,0.0,1.1984404852105504e-12,0,1,0.0,8.467127406254794e-14,0,1,,
4881,4.881,0.0,1.1399918530451884e-12,0,1,0.0,8.054180729825971e-14,0,1,,
4882,4.882,0.0,1.0843937943076772e-12,0,1,0.0,7.661373700457099e-14,0,1,,
4883,4.883,0.0,1.0315072848914374e-12,0,1,0.0,7.287724095970712e-14,0,1,,
4884,4.884,0.0,9.812000809755761e-13,0,1,0.0,6.932297597730207e-14,0,1,,
4885,4.885,0.0,9.333463883464513e-13,0,1,0.0,6.594205454356587e-14,0,1,,
4886,4.886,0.0,8.878265478466148e-13,0,1,0.0,6.272602259387086e-14,0,1,,
4887,4.8870000000000005,0.0,8.44526736164591e-13,0,1,0.0,5.966683837318656e-14,0,1,,
4888,4.888,0.0,8.033386812173102e-13,0,1,0.0,5.675685232750337e-14,0,1,,
4889,4.889,0.0,7.641593914135046e-13,0,1,0.0,5.398878797596304e-14,0,1,,
4890,4.89,0.0,7.268908981210838e-13,0,1,0.0,5.135572371586639e-14,0,1,,
4891,4.891,0.0,6.914400106945257e-13,0,1,0.0,4.8851075515061254e-14,0,1,,
4892,4.892,0.0,6.577180834497212e-13,0,1,0.0,4.646858044843264e-14,0,1,,
4893,4.893,0.0,6.256407940035908e-13,0,1,0.0,4.420228103732771e-14,0,1,,
4894,4.894,0.0,5.951279324242055e-13,0,1,0.0,4.204651035275606e-14,0,1,,
4895,4.8950000000000005,0.0,5.661032006641769e-13,0,1,0.0,1.00000000000004,0,1,,
4896,4.896,0.0,5.384940217757972e-13,0,1,0.0,0.951229424500752,0,1,,
4897,4.897,0.0,5.122313584308665e-13,0,1,0.0,0.9048374180359957,0,1,,
4898,4.898,0.0,4.872495402914122e-13,0,1,0.0,0.8607079764250922,0,1,,
4899,4.899,0.0,4.634860997996375e-13,0,1,0.0,0.8187307530780146,0,1,,
4900,4.9,0.0,4.408816159764896e-13,0,1,0.0,0.778800783071436,0,1,7.328849961032632,6.384213607213018
4901,4.901,0.0,4.19379565838261e-13,0,1,0.0,0.7408182206817474,0,1,,
4902,4.902,0.0,3.9892618305968833e-13,0,1,0.0,0.7046880897187415,0,1,,
4903,4.9030000000000005,0.0,3.794703235301338e-13,0,1,0.0,0.6703200460356661,0,1,,
4904,4.904,0.0,3.6096333746666894e-13,0,1,0.0,0.6376281516217988,0,1,,
4905,4.905,0.0,3.433589477642765e-13,0,1,0.0,0.6065306597126576,0,1,,
4906,4.906,0.0,3.266131342789835e-13,0,1,0.0,0.5769498103805097,0,1,,
4907,4.907,0.0,3.106840237545719e-13,0,1,0.0,0.5488116360940484,0,1,,
4908,4.908,0.0,2.9553178511762757e-13,0,1,0.0,0.5220457767610369,0,1,,
4909,4.909,0.0,2.8111852987910957e-13,0,1,0.0,0.49658530379142934,0,1,,
4910,4.91,0.0,2.674082173933922e-13,0,1,0.0,0.47236655274103356,0,1,,
4911,4.9110000000000005,0.0,2.5436656473787827e-13,0,1,0.0,0.44932896411723955,0,1,,
4912,4.912,0.0,2.4196096098783555e-13,0,1,0.0,0.42741493194874375,0,1,,
4913,4.913,0.0,2.3016038567209854e-13,0,1,0.0,0.4065696597406154,0,1,,
4914,4.914,0.0,2.1893533120573267e-13,0,1,0.0,0.38674102345451666,0,1,,
4915,4.915,0.0,2.082577291057023e-13,0,1,0.0,0.36787944117145704,0,1,,
4916,4.916,0.0,1.9810087980504279e-13,0,1,0.0,0.34993774911116937,0,1,,
4917,4.917,0.0,1.8843938589003597e-13,0,1,0.0,0.3328710836980929,0,1,,
4918,4.918,0.0,1.792490885934469e-13,0,1,0.0,0.3166367693790659,0,1,,
4919,4.9190000000000005,0.0,1.70507007385022e-13,0,1,0.0,0.3011942119122141,0,1,,
4920,4.92,0.0,1.6219128250819346e-13,0,1,0.0,0.2865047968602015,0,1,,
4921,4.921,0.0,1.5428112031930159e-13,0,1,0.0,0.2725317930340235,0,1,,
4922,4.922,0.0,1.4675674129265467e-13,0,1,0.0,0.25924026064590183,0,1,,
4923,4.923,0.0,1.3959933056141207e-13,0,1,0.0,0.2465969639416163,0,1,,
4924,4.924,0.0,1.3279099087061695e-13,0,1,0.0,0.23457028809380698,0,1,,
4925,4.925,0.0,1.2631469782473653e-13,0,1,0.0,0.2231301601484387,0,1,,
4926,4.926,0.0,1.201542573178057e-13,0,1,0.0,0.2122479738267515,0,1,,
4927,4.9270000000000005,0.0,1.1429426503972703e-13,0,1,0.0,0.20189651799466346,0,1,,
4928,4.928,0.0,1.0872006795747162e-13,0,1,0.0,0.19204990862076177,0,1,,
4929,4.929,0.0,1.0341772767486425e-13,0,1,0.0,0.18268352405274194,0,1,,
4930,4.93,0.0,9.837398557933268e-14,0,1,0.0,0.17377394345045205,0,1,,
4931,4.931,0.0,9.357622968847017e-14,0,1,0.0,0.16529888822159314,0,1,,
4932,4.932,0.0,8.901246311351011e-14,0,1,0.0,0.1572371663136339,0,1,,
4933,4.933,0.0,8.467127406085526e-14,0,1,0.0,0.14956861922264103,0,1,,
4934,4.934,0.0,8.054180729664958e-14,0,1,0.0,0.14227407158651925,0,1,,
4935,4.9350000000000005,0.0,7.661373700303939e-14,0,1,0.0,0.1353352832366181,0,1,,
4936,4.936,0.0,7.287724095825021e-14,0,1,0.0,0.12873490358780934,0,1,,
4937,4.937,0.0,6.932297597591621e-14,0,1,0.0,0.12245642825298678,0,1,,
4938,4.938,0.0,6.59420545422476e-14,0,1,0.0,0.11648415777350159,0,1,,
4939,4.939,0.0,6.272602259261688e-14,0,1,0.0,0.11080315836233828,0,1,,
4940,4.94,0.0,5.966683837199375e-14,0,1,0.0,0.10539922456186852,0,1,,
4941,4.941,0.0,5.6756852326368734e-14,0,1,0.0,0.10025884372280772,0,1,,
4942,4.942,0.0,5.3988787974883744e-14,0,1,0.0,0.0953691622155534,0,1,,
4943,4.9430000000000005,0.0,5.1355723714839734e-14,0,1,0.0,0.0907179532894161,0,1,,
4944,4.944,0.0,4.885107551408467e-14,0,1,0.0,0.08629358649937394,0,1,,
4945,4.945,0.0,4.646858044750368e-14,0,1,0.0,0.08208499862390205,0,1,,
4946,4.946,0.0,4.420228103644406e-14,0,1,0.0,0.07808166600115625,0,1,,
4947,4.947,0.0,4.2046510351915506e-14,0,1,0.0,0.07427357821433683,0,1,,
4948,4.948,0.0,3.99958778443159e-14,0,1,0.0,0.0706512130604324,0,1,,
4949,4.949,0.0,3.804525586424947e-14,0,1,0.0,0.06720551273975243,0,1,,
4950,4.95,0.0,3.618976684073244e-14,0,1,0.0,0.06392786120671011,0,1,,
4951,4.9510000000000005,0.0,3.442477108472494e-14,0,1,0.0,0.06081006262522038,0,1,,
4952,4.952,0.0,3.274585518749173e-14,0,1,0.0,0.05784432087484076,0,1,,
4953,4.953,0.0,3.1148820984781475e-14,0,1,0.0,0.055023220056409416,0,1,,
4954,4.954,0.0,2.962967505922945e-14,0,1,0.0,0.05233970594843448,0,1,,
4955,4.955,0.0,2.818461875473399e-14,0,1,0.0,0.04978706836786593,0,1,,
4956,4.956,0.0,2.681003867783764e-14,0,1,0.0,0.04735892439114281,0,1,,
4957,4.957,0.0,2.5502497662361383e-14,0,1,0.0,0.045049202393559605,0,1,,
4958,4.958,0.0,2.425872617469882e-14,0,1,0.0,0.042852126867041894,0,1,,
4959,4.9590000000000005,0.0,2.3075614138279168e-14,0,1,0.0,0.04076220397836785,0,1,,
4960,4.96,0.0,2.1950203156755833e-14,0,1,0.0,0.03877420783172356,0,1,,
4961,4.961,0.0,2.087967911647461e-14,0,1,0.0,0.036883167401241486,0,1,,
4962,4.962,0.0,1.9861365149723718e-14,0,1,0.0,0.035084354100846434,0,1,,
4963,4.963,0.0,1.889271494117023e-14,0,1,0.0,0.03337326996032742,0,1,,
4964,4.964,0.0,1.79713063607454e-14,0,1,0.0,0.031745636378069216,0,1,,
4965,4.965,0.0,1.709483540705787e-14,0,1,0.0,0.03019738342231971,0,1,,
4966,4.966,0.0,1.6261110446190085e-14,0,1,0.0,0.02872463965424058,0,1,,
4967,4.9670000000000005,0.0,1.5468046731471944e-14,0,1,0.0,0.02732372244729366,0,1,,
4968,4.968,0.0,1.471366119052821e-14,0,1,0.0,0.025991128778756388,0,1,,
4969,4.969,0.0,1.3996067466564638e-14,0,1,0.0,0.024723526470340384,0,1,,
4970,4.97,0.0,1.3313471201493448e-14,0,1,0.0,0.023517745856010054,0,1,,
4971,4.971,0.0,1.2664165549103441e-14,0,1,0.0,0.022370771856166496,0,1,,
4972,4.972,0.0,1.2046526907055435e-14,0,1,0.0,0.021279736438378025,0,1,,
4973,4.973,0.0,1.1459010857030708e-14,0,1,0.0,0.020241911445805203,0,1,,
4974,4.974,0.0,1.0900148302880754e-14,0,1,0.0,0.0192547017753877,0,1,,
4975,4.9750000000000005,0.0,1.0368541797121694e-14,0,1,0.0,0.018315638888734918,0,1,,
4976,4.976,0.0,9.862862046587668e-15,0,1,0.0,0.017422374639494212,0,1,,
4977,4.977,0.0,9.381844588505521e-15,0,1,0.0,0.016572675401761914,0,1,,
4978,4.978,0.0,8.924286628679244e-15,0,1,0.0,0.015764416484855125,0,1,,
4979,4.979,0.0,8.489044033877974e-15,0,1,0.0,0.014995576820478309,0,1,,
4980,4.98,0.0,8.075028470906965e-15,0,1,0.0,0.014264233908999828,0,1,,
4981,4.981,0.0,7.681204685207714e-15,0,1,0.0,0.013568559012201477,0,1,,
4982,4.982,0.0,7.306587912182322e-15,0,1,0.0,0.012906812580480388,0,1,,
4983,4.9830000000000005,0.0,6.950241414769064e-15,0,1,0.0,0.012277339903068936,0,1,,
4984,4.984,0.0,6.611274141111805e-15,0,1,0.0,0.011678566970395916,0,1,,
4985,4.985,0.0,6.2888384964662346e-15,0,1,0.0,0.011108996538242754,0,1,,
4986,4.986,0.0,5.982128223771512e-15,0,1,0.0,0.010567204383853078,0,1,,
4987,4.987,0.0,5.690376387587654e-15,0,1,0.0,0.010051835744633985,0,1,,
4988,4.988,0.0,5.412853456357456e-15,0,1,0.0,0.009561601930543891,0,1,,
4989,4.989,0.0,5.148865478197603e-15,0,1,0.0,0.009095277101696182,0,1,,
4990,4.99,0.0,4.8977523456575e-15,0,1,0.0,0.008651695203120981,0,1,,
4991,4.9910000000000005,0.0,4.658886145106806e-15,0,1,0.0,0.008229747049020358,0,1,,
4992,4.992,0.0,4.431669586624297e-15,0,1,0.0,0.007828377549226084,0,1,,
4993,4.993,0.0,4.215534510461947e-15,0,1,0.0,0.007446583070924638,0,1,,
4994,4.994,0.0,4.009940466349617e-15,0,1,0.0,0.007083408929052403,0,1,,
4995,4.995,0.0,3.814373362087871e-15,0,1,0.0,0.006737946999085736,0,1,,
4996,4.996,0.0,3.628344178049699e-15,0,1,0.0,0.006409333446256637,0,1,,
4997,4.997,0.0,3.4513877443767315e-15,0,1,0.0,0.006096746565515879,0,1,,
4998,4.998,0.0,3.2830615778122957e-15,0,1,0.0,0.005799404726842375,0,1,,
4999,4.999,0.0,3.122944775262796e-15,0,1,0.0,0.005516564420760993,0,1,,
5000,5.0,0.0,2.970636961320741e-15,0,1,0.0,0.005247518399181594,0,1,7.327407727461098,6.555141568884233
5001,5.001,0.0,2.8257572871176783e-15,0,1,0.0,0.004991593906910416,0,1,,
5002,5.002,0.0,2.687943478003648e-15,0,1,0.0,0.004748150999411665,0,1,,
5003,5.003,0.0,2.5568509276718576e-15,0,1,0.0,0.004516580942612848,0,1,,
5004,5.0040000000000004,0.0,2.4321518364634178e-15,0,1,0.0,0.0042963046907525115,0,1,,
5005,5.005,0.0,2.3135343916974515e-15,0,1,0.0,0.00408677143846423,0,1,,
5006,5.006,0.0,2.200701987976976e-15,0,1,0.0,0.0038874572434762843,0,1,,
5007,5.007,0.0,2.0933724855209163e-15,0,1,0.0,0.0036978637164830777,0,1,,
5008,5.008,0.0,1.9912775046676903e-15,0,1,0.0,0.0035175167749122694,0,1,,
5009,5.009,0.0,1.894161754786265e-15,0,1,0.0,0.0033459654574714056,0,1,,
5010,5.01,0.0,1.8017823959166014e-15,0,1,0.0,0.0031827807965097935,0,1,,
5011,5.011,0.0,1.7139084315432663e-15,0,1,0.0,0.003027554745375935,0,1,,
5012,5.0120000000000005,0.0,1.6303201309838226e-15,0,1,0.0,0.0028798991580883566,0,1,,
5013,5.013,0.0,1.5508084799476702e-15,0,1,0.0,0.002739444818768478,0,1,,
5014,5.014,0.0,1.4751746578914494e-15,0,1,0.0,0.0026058405184086024,0,1,,
5015,5.015,0.0,1.403229540864121e-15,0,1,0.0,0.002478752176666457,0,1,,
5016,5.016,0.0,1.3347932285985789e-15,0,1,0.0,0.002357862006490326,0,1,,
5017,5.017,0.0,1.2696945946672761e-15,0,1,0.0,0.002242867719485892,0,1,,
5018,5.018,0.0,1.2077708585770205e-15,0,1,0.0,0.002133481770037794,0,1,,
5019,5.019,0.0,1.1488671787329525e-15,0,1,0.0,0.0020294306362958156,0,1,,
5020,5.0200000000000005,0.0,1.0928362652539054e-15,0,1,0.0,0.0019304541362277865,0,1,,
5021,5.021,0.0,1.0395380116709822e-15,0,1,0.0,0.0018363047770289804,0,1,,
5022,5.022,0.0,9.88839144588405e-16,0,1,0.0,0.001746747136261189,0,1,,
5023,5.023,0.0,9.406128904306068e-16,0,1,0.0,0.0016615572731740011,0,1,,
5024,5.024,0.0,8.947386584422593e-16,0,1,0.0,0.0015805221687362808,0,1,,
5025,5.025,0.0,8.511017391485712e-16,0,1,0.0,0.0015034391929776329,0,1,,
5026,5.026,0.0,8.095930175218522e-16,0,1,0.0,0.0014301155983079317,0,1,,
5027,5.027,0.0,7.701087001371079e-16,0,1,0.0,0.001360368037547948,0,1,,
5028,5.0280000000000005,0.0,1.0000000000000007,0,1,0.0,0.0012940221054659003,0,1,,
5029,5.029,0.0,0.9512294245007147,0,1,0.0,0.0012309119026735307,0,1,,
5030,5.03,0.0,0.9048374180359602,0,1,0.0,0.0011708796207912215,0,1,,
5031,5.031,0.0,0.8607079764250584,0,1,0.0,0.001113775147844848,0,1,,
5032,5.032,0.0,0.8187307530779824,0,1,0.0,0.0010594556929076524,0,1,,
5033,5.033,0.0,0.7788007830714053,0,1,0.0,0.0010077854290485514,0,1,,
5034,5.034,0.0,0.7408182206817183,0,1,0.0,0.0009586351536940588,0,1,,
5035,5.035,0.0,0.7046880897187139,0,1,0.0,0.0009118819655545531,0,1,,
5036,5.0360000000000005,0.0,0.6703200460356398,0,1,0.0,0.0008674089573070374,0,1,,
5037,5.037,0.0,0.6376281516217738,0,1,0.0,0.0008251049232659377,0,1,,
5038,5.038,0.0,0.6065306597126339,0,1,0.0,0.0007848640813109637,0,1,,
5039,5.039,0.0,0.5769498103804871,0,1,0.0,0.0007465858083767097,0,1,,
5040,5.04,0.0,0.5488116360940268,0,1,0.0,0.0007101743888425779,0,1,,
5041,5.041,0.0,0.5220457767610164,0,1,0.0,0.0006755387751938716,0,1,,
5042,5.042,0.0,0.4965853037914098,0,1,0.0,0.0006425923603555837,0,1,,
5043,5.043,0.0,0.47236655274101497,0,1,0.0,0.0006112527611295973,0,1,,
5044,5.0440000000000005,0.0,0.44932896411722184,0,1,0.0,0.0005814416121937793,0,1,,
5045,5.045,0.0,0.42741493194872693,0,1,0.0,0.0005530843701478561,0,1,,
5046,5.046,0.0,0.4065696597405994,0,1,0.0,0.000526110127116085,0,1,,
5047,5.047,0.0,0.38674102345450145,0,1,0.0,0.000500451433440631,0,1,,
5048,5.048,0.0,0.36787944117144256,0,1,0.0,0.0004760441290222888,0,1,,
5049,5.049,0.0,0.3499377491111556,0,1,0.0,0.00045282718288681544,0,1,,
5050,5.05,0.0,0.3328710836980798,0,1,0.0,0.00043074254057570504,0,1,,
5051,5.051,0.0,0.31663676937905344,0,1,0.0,0.00040973497897980334,0,1,,
5052,5.0520000000000005,0.0,0.3011942119122023,0,1,0.0,0.00038975196825277047,0,1,,
5053,5.053,0.0,0.2865047968601903,0,1,0.0,0.0003707435404591034,0,1,,
5054,5.054,0.0,0.2725317930340128,0,1,0.0,0.0003526621646282701,0,1,,
5055,5.055,0.0,0.25924026064589173,0,1,0.0,0.00033546262790252546,0,1,,
5056,5.056,0.0,0.24659696394160668,0,1,0.0,0.00031910192248121643,0,1,,
5057,5.057,0.0,0.23457028809379785,0,1,0.0,0.000303539138078879,0,1,,
5058,5.058,0.0,0.22313016014843,0,1,0.0,0.00028873535962821483,0,1,,
5059,5.059,0.0,0.21224797382674324,0,1,0.0,0.0002746535699721535,0,1,,
5060,5.0600000000000005,0.0,0.20189651799465558,0,1,0.0,0.00026125855730167817,0,1,,
5061,5.061,0.0,0.19204990862075427,0,1,0.0,0.00024851682710796215,0,1,,
5062,5.062,0.0,0.1826835240527348,0,1,0.0,0.0002363965184286503,0,1,,
5063,5.063,0.0,0.17377394345044528,0,1,0.0,0.00022486732417885744,0,1,,
5064,5.064,0.0,0.16529888822158667,0,1,0.0,0.00021390041536767005,0,1,,
5065,5.065,0.0,0.15723716631362775,0,1,0.0,0.00020346836901065246,0,1,,
5066,5.066,0.0,0.14956861922263517,0,1,0.0,0.00019354509955810185,0,1,,
5067,5.067,0.0,0.1422740715865137,0,1,0.0,0.00018410579366758662,0,1,,
5068,5.0680000000000005,0.0,0.1353352832366128,0,1,0.0,0.00017512684815766563,0,1,,
5069,5.069,0.0,0.12873490358780434,0,1,0.0,0.0001665858109876402,0,1,,
5070,5.07,0.0,0.12245642825298203,0,1,0.0,0.0001584613251157577,0,1,,
5071,5.071,0.0,0.11648415777349708,0,1,0.0,0.00015073307509548274,0,1,,
5072,5.072,0.0,0.110803158362334,0,1,0.0,0.00014338173627629895,0,1,,
5073,5.073,0.0,0.10539922456186444,0,1,0.0,0.000136388926482017,0,1,,
5074,5.074,0.0,0.10025884372280383,0,1,0.0,0.00012973716004575925,0,1,,
5075,5.075,0.0,0.09536916221554971,0,1,0.0,0.0001234098040866846,0,1,,
5076,5.0760000000000005,0.0,0.0907179532894126,0,1,0.0,0.00011739103691912286,0,1,,
5077,5.077,0.0,0.08629358649937059,0,1,0.0,0.0001116658084901193,0,1,,
5078,5.078,0.0,0.08208499862389887,0,1,0.0,0.00010621980274646313,0,1,,
5079,5.079,0.0,0.07808166600115322,0,1,0.0,0.00010103940183709748,0,1,,
5080,5.08,0.0,0.07427357821433395,0,1,0.0,9.611165206139863e-05,0,1,,
5081,5.081,0.0,0.07065121306042965,0,1,0.0,9.142423147817708e-05,0,1,,
5082,5.082,0.0,0.06720551273974983,0,1,0.0,8.696541909440644e-05,0,1,,
5083,5.083,0.0,0.06392786120670763,0,1,0.0,8.272406555663564e-05,0,1,,
5084,5.0840000000000005,0.0,0.060810062625218014,0,1,0.0,7.868956527179787e-05,0,1,,
5085,5.085,0.0,0.05784432087483851,0,1,0.0,7.485182988770366e-05,0,1,,
5086,5.086,0.0,0.05502322005640728,0,1,0.0,7.12012630669057e-05,0,1,,
5087,5.087,0.0,0.052339705948432444,0,1,0.0,6.772873649085665e-05,0,1,,
5088,5.088,0.0,0.04978706836786399,0,1,0.0,6.442556703435807e-05,0,1,,
5089,5.089,0.0,0.04735892439114097,0,1,0.0,6.12834950532246e-05,0,1,,
5090,5.09,0.0,0.045049202393557856,0,1,0.0,5.829466373087119e-05,0,1,,
5091,5.091,0.0,0.04285212686704023,0,1,0.0,5.545159943217925e-05,0,1,,
5092,5.0920000000000005,0.0,0.04076220397836626,0,1,0.0,5.2747193015515986e-05,0,1,,
5093,5.093,0.0,0.03877420783172205,0,1,0.0,5.0174682056177356e-05,0,1,,
5094,5.094,0.0,0.03688316740124004,0,1,0.0,4.772763393680389e-05,0,1,,
5095,5.095,0.0,0.03508435410084506,0,1,0.0,4.539992976248671e-05,0,1,,
5096,5.096,0.0,0.033373269960326114,0,1,0.0,4.318574906034307e-05,0,1,,
5097,5.097,0.0,0.03174563637806797,0,1,0.0,4.107955522530239e-05,0,1,,
5098,5.098,0.0,0.03019738342231853,0,1,0.0,3.907608167570969e-05,0,1,,
5099,5.099,0.0,0.028724639654239457,0,1,0.0,3.7170318684128225e-05,0,1,,
5100,5.1000000000000005,0.0,0.027323722447292587,0,1,0.0,3.535750085041143e-05,0,1,7.236516299388765,7.295007669330827
5101,5.101,0.0,0.025991128778755368,0,1,0.0,3.363309518572037e-05,0,1,,
5102,5.102,0.0,0.024723526470339416,0,1,0.0,3.199278977769052e-05,0,1,,
5103,5.103,0.0,0.02351774585600913,0,1,0.0,3.0432483008404878e-05,0,1,,
5104,5.104,0.0,0.02237077185616562,0,1,0.0,2.894827329821273e-05,0,1,,
5105,5.105,0.0,0.021279736438377193,0,1,0.0,2.753644934974828e-05,0,1,,
5106,5.106,0.0,0.020241911445804412,0,1,0.0,2.6193480867754115e-05,0,1,,
5107,5.107,0.0,0.019254701775386948,0,1,0.0,2.491600973150421e-05,0,1,,
5108,5.1080000000000005,0.0,0.018315638888734203,0,1,0.0,2.370084159775294e-05,0,1,,
5109,5.109,0.0,0.017422374639493532,0,1,0.0,2.254493791321311e-05,0,1,,
5110,5.11,0.0,0.01657267540176127,0,1,0.0,2.1445408316590038e-05,0,1,,
5111,5.111,0.0,0.01576441648485451,0,1,0.0,2.039950341117277e-05,0,1,,
5112,5.112,0.0,0.014995576820477726,0,1,0.0,1.9404607889910226e-05,0,1,,
5113,5.113,0.0,0.014264233908999275,0,1,0.0,1.8458233995781317e-05,0,1,,
5114,5.114,0.0,0.01356855901220095,0,1,0.0,1.7558015301106577e-05,0,1,,
5115,5.115,0.0,0.012906812580479887,0,1,0.0,1.670170079024634e-05,0,1,,
5116,5.1160000000000005,0.0,0.012277339903068459,0,1,0.0,1.5887149230889147e-05,0,1,,
5117,5.117,0.0,0.011678566970395462,0,1,0.0,1.5112323819855645e-05,0,1,,
5118,5.118,0.0,0.011108996538242322,0,1,0.0,1.4375287090029718e-05,0,1,,
5119,5.119,0.0,0.010567204383852669,0,1,0.0,1.3674196065681512e-05,0,1,,
5120,5.12,0.0,0.010051835744633596,0,1,0.0,1.3007297654068152e-05,0,1,,
5121,5.121,0.0,0.009561601930543522,0,1,0.0,1.2372924261788736e-05,0,1,,
5122,5.122,0.0,0.009095277101695831,0,1,0.0,1.1769489624932221e-05,0,1,,
5123,5.123,0.0,0.008651695203120648,0,1,0.0,1.11954848425914e-05,0,1,,
5124,5.124,0.0,0.008229747049020042,0,1,0.0,1.0649474603824685e-05,0,1,,
5125,5.125,0.0,0.007828377549225784,0,1,0.0,1.0130093598631124e-05,0,1,,
5126,5.126,0.0,0.007446583070924352,0,1,0.0,9.636043103964251e-06,0,1,,
5127,5.127,0.0,0.007083408929052131,0,1,0.0,9.166087736247988e-06,0,1,,
5128,5.128,0.0,0.006737946999085477,0,1,0.0,8.719052362274226e-06,0,1,,
5129,5.1290000000000004,0.0,0.006409333446256392,0,1,0.0,8.293819160757702e-06,0,1,,
5130,5.13,0.0,0.006096746565515646,0,1,0.0,7.889324827200545e-06,0,1,,
5131,5.131,0.0,0.005799404726842153,0,1,0.0,7.504557915077169e-06,0,1,,
5132,5.132,0.0,0.005516564420760781,0,1,0.0,7.138556306691133e-06,0,1,,
5133,5.133,0.0,0.005247518399181392,0,1,0.0,6.790404807379749e-06,0,1,,
5134,5.134,0.0,0.004991593906910224,0,1,0.0,6.45923285705072e-06,0,1,,
5135,5.135,0.0,0.004748150999411483,0,1,0.0,6.14421235332846e-06,0,1,,
5136,5.136,0.0,0.004516580942612675,0,1,0.0,5.844555580866809e-06,0,1,,
5137,5.1370000000000005,0.0,0.004296304690752347,0,1,0.0,5.5595132416503705e-06,0,1,,
5138,5.138,0.0,0.004086771438464073,0,1,0.0,5.2883725813591805e-06,0,1,,
5139,5.139,0.0,0.003887457243476135,0,1,0.0,5.030455607111649e-06,0,1,,
5140,5.14,0.0,0.003697863716482936,0,1,0.0,4.7851173921292036e-06,0,1,,
5141,5.141,0.0,0.0035175167749121345,0,1,0.0,4.55174446308342e-06,0,1,,
5142,5.142,0.0,0.0033459654574712772,0,1,0.0,4.329753266093153e-06,0,1,,
5143,5.143,0.0,0.0031827807965096712,0,1,0.0,4.1185887075358776e-06,0,1,,
5144,5.144,0.0,0.003027554745375819,0,1,0.0,3.917722766024492e-06,0,1,,
5145,5.1450000000000005,0.0,0.002879899158088246,0,1,0.0,3.7266531720788234e-06,0,1,,
5146,5.146,0.0,0.002739444818768373,0,1,0.0,3.5449021521902994e-06,0,1,,
5147,5.147,0.0,0.002605840518408502,0,1,0.0,3.372015234139321e-06,0,1,,
5148,5.148,0.0,0.002478752176666362,0,1,0.0,3.207560110577987e-06,0,1,,
5149,5.149,0.0,0.0023578620064902355,0,1,0.0,3.051125558036545e-06,0,1,,
5150,5.15,0.0,0.0022428677194858055,0,1,0.0,2.9023204086505226e-06,0,1,,
5151,5.151,0.0,0.0021334817700377116,0,1,0.0,2.760772572037314e-06,0,1,,
5152,5.152,0.0,0.002029430636295737,0,1,0.0,2.62612810487641e-06,0,1,,
5153,5.1530000000000005,0.0,0.001930454136227712,0,1,0.0,2.4980503258667383e-06,0,1,,
5154,5.154,0.0,0.0018363047770289093,0,1,0.0,2.3762189738480387e-06,0,1,,
5155,5.155,0.0,0.0017467471362611214,0,1,0.0,2.260329406981147e-06,0,1,,
5156,5.156,0.0,0.0016615572731739367,0,1,0.0,2.1500918409847165e-06,0,1,,
5157,5.157,0.0,0.0015805221687362194,0,1,0.0,2.0452306245235727e-06,0,1,,
5158,5.158,0.0,0.0015034391929775745,0,1,0.0,1.945483549936794e-06,0,1,,
5159,5.159,0.0,0.0014301155983078761,0,1,0.0,1.8506011975819827e-06,0,1,,
5160,5.16,0.0,0.0013603680375478954,0,1,0.0,1.7603463121562416e-06,0,1,,
5161,5.1610000000000005,0.0,0.0012940221054658502,0,1,0.0,1.6744932094343359e-06,0,1,,
5162,5.162,0.0,0.001230911902673483,0,1,0.0,1.5928272119405769e-06,0,1,,
5163,5.163,0.0,0.0011708796207911762,0,1,0.0,1.5151441121433119e-06,0,1,,
5164,5.164,0.0,0.0011137751478448048,0,1,0.0,1.4412496618297278e-06,0,1,,
5165,5.165,0.0,0.0010594556929076112,0,1,0.0,1.3709590863841406e-06,0,1,,
5166,5.166,0.0,0.0010077854290485122,0,1,0.0,1.3040966227552107e-06,0,1,,
5167,5.167,0.0,0.0009586351536940214,0,1,0.0,1.2404950799567638e-06,0,1,,
5168,5.168,0.0,0.0009118819655545174,0,1,0.0,1.1799954210032396e-06,0,1,,
5169,5.1690000000000005,0.0,0.0008674089573070036,0,1,0.0,1.1224463652343895e-06,0,1,,
5170,5.17,0.0,0.0008251049232659055,0,1,0.0,1.0677040100348265e-06,0,1,,
5171,5.171,0.0,0.0007848640813109331,0,1,0.0,1.0156314710025326e-06,0,1,,
5172,5.172,0.0,0.0007465858083766805,0,1,0.0,9.660985396665527e-07,0,1,,
5173,5.173,0.0,0.0007101743888425501,0,1,0.0,9.189813578979951e-07,0,1,,
5174,5.174,0.0,0.0006755387751938453,0,1,0.0,8.741621082001947e-07,0,1,,
5175,5.175,0.0,0.0006425923603555586,0,1,0.0,8.315287191036021e-07,0,1,,
5176,5.176,0.0,0.0006112527611295735,0,1,0.0,7.909745849287353e-07,0,1,,
5177,5.1770000000000005,0.0,0.0005814416121937567,0,1,0.0,7.52398299216452e-07,0,1,,
5178,5.178,0.0,0.0005530843701478345,0,1,0.0,7.157034011589817e-07,0,1,,
5179,5.179,0.0,0.0005261101271160645,0,1,0.0,6.807981343976618e-07,0,1,,
5180,5.18,0.0,0.0005004514334406116,0,1,0.0,6.475952175842475e-07,0,1,,
5181,5.181,0.0,0.00047604412902227036,0,1,0.0,6.160116261320784e-07,0,1,,
5182,5.182,0.0,0.0004528271828867979,0,1,0.0,5.85968384611366e-07,0,1,,
5183,5.183,0.0,0.00043074254057568834,0,1,0.0,5.573903692694827e-07,0,1,,
5184,5.184,0.0,0.00040973497897978746,0,1,0.0,5.302061201824506e-07,0,1,,
5185,5.1850000000000005,0.0,0.0003897519682527554,0,1,0.0,5.043476625679089e-07,0,1,,
5186,5.186,0.0,0.0003707435404590891,0,1,0.0,4.797503368127522e-07,0,1,,
5187,5.187,0.0,0.0003526621646282565,0,1,0.0,4.56352636790418e-07,0,1,,
5188,5.188,0.0,0.0003354626279025125,0,1,0.0,4.340960560635327e-07,0,1,,
5189,5.189,0.0,0.00031910192248120413,0,1,0.0,4.129249415873439e-07,0,1,,
5190,5.19,0.0,0.00030353913807886726,0,1,0.0,3.927863545481201e-07,0,1,,
5191,5.191,0.0,0.00028873535962820366,0,1,0.0,3.7362993798854174e-07,0,1,,
5192,5.192,0.0,0.00027465356997214286,0,1,0.0,3.5540779088907803e-07,0,1,,
5193,5.1930000000000005,0.0,0.00026125855730166803,0,1,0.0,3.380743483904878e-07,0,1,,
5194,5.194,0.0,0.0002485168271079525,0,1,0.0,3.215862678579376e-07,0,1,,
5195,5.195,0.0,0.0002363965184286411,0,1,0.0,3.059023205018385e-07,0,1,,
5196,5.196,0.0,0.0002248673241788487,0,1,0.0,2.909832882843968e-07,0,1,,
5197,5.197,0.0,0.00021390041536766176,0,1,0.0,2.7679186585409214e-07,0,1,,
5198,5.198,0.0,0.00020346836901064458,0,1,0.0,2.632925672628669e-07,0,1,,
5199,5.199,0.0,0.00019354509955809434,0,1,0.0,2.504516372327724e-07,0,1,,
5200,5.2,0.0,0.0001841057936675795,0,1,0.0,2.382369667501917e-07,0,1,6.587742129956202,7.327486582503181
5201,5.2010000000000005,0.0,0.00017512684815765883,0,1,0.0,2.266180127765806e-07,0,1,,
5202,5.202,0.0,0.00016658581098763373,0,1,0.0,2.1556572187496222e-07,0,1,,
5203,5.203,0.0,0.00015846132511575155,0,1,0.0,2.050524575612013e-07,0,1,,
5204,5.204,0.0,0.00015073307509547688,0,1,0.0,1.950519311983986e-07,0,1,,
5205,5.205,0.0,0.0001433817362762934,0,1,0.0,1.8553913626160556e-07,0,1,,
5206,5.206,0.0,0.00013638892648201172,0,1,0.0,1.764902858084866e-07,0,1,,
5207,5.207,0.0,0.0001297371600457542,0,1,0.0,1.6788275299957325e-07,0,1,,
5208,5.208,0.0,0.0001234098040866798,0,1,0.0,1.5969501451937959e-07,0,1,,
5209,5.2090000000000005,0.0,0.00011739103691911829,0,1,0.0,1.519065967569026e-07,0,1,,
5210,5.21,0.0,0.00011166580849011497,0,1,0.0,1.444980246109305e-07,0,1,,
5211,5.211,0.0,0.00010621980274645901,0,1,0.0,1.3745077279214542e-07,0,1,,
5212,5.212,0.0,0.00010103940183709357,0,1,0.0,1.3074721950025088e-07,0,1,,
5213,5.213,0.0,9.61116520613949e-05,0,1,0.0,1.2437060236029217e-07,0,1,,
5214,5.214,0.0,9.142423147817353e-05,0,1,0.0,1.1830497650798786e-07,0,1,,
5215,5.215,0.0,8.696541909440307e-05,0,1,0.0,1.1253517471926379e-07,0,1,,
5216,5.216,0.0,8.272406555663243e-05,0,1,0.0,1.070467694842926e-07,0,1,,
5217,5.2170000000000005,0.0,7.86895652717948e-05,0,1,0.0,1.0182603693120424e-07,0,1,,
5218,5.218,0.0,7.485182988770075e-05,0,1,0.0,9.685992250925786e-08,0,1,,
5219,5.219,0.0,7.120126306690292e-05,0,1,0.0,9.213600834566511e-08,0,1,,
5220,5.22,0.0,6.7728736490854e-05,0,1,0.0,8.764248219444e-08,0,1,,
5221,5.221,0.0,6.442556703435557e-05,0,1,0.0,8.336810789963123e-08,0,1,,
5222,5.222,0.0,6.128349505322221e-05,0,1,0.0,7.930219729907965e-08,0,1,,
5223,5.223,0.0,5.829466373086892e-05,0,1,0.0,7.543458349844561e-08,0,1,,
5224,5.224,0.0,5.545159943217709e-05,0,1,0.0,7.175559544867748e-08,0,1,,
5225,5.2250000000000005,0.0,5.274719301551393e-05,0,1,0.0,6.825603376335153e-08,0,1,,
5226,5.226,0.0,5.01746820561754e-05,0,1,0.0,6.492714771541418e-08,0,1,,
5227,5.227,0.0,4.7727633936802025e-05,0,1,0.0,6.176061335580628e-08,0,1,,
5228,5.228,0.0,4.5399929762484935e-05,0,1,0.0,5.874851269925472e-08,0,1,,
5229,5.229,0.0,4.318574906034138e-05,0,1,0.0,5.5883313925184954e-08,0,1,,
5230,5.23,0.0,4.1079555225300785e-05,0,1,0.0,5.315785254424642e-08,0,1,,
5231,5.231,0.0,3.9076081675708165e-05,0,1,0.0,5.056531348335734e-08,0,1,,
5232,5.232,0.0,3.7170318684126775e-05,0,1,0.0,4.8099214044472196e-08,0,1,,
5233,5.2330000000000005,0.0,3.535750085041005e-05,0,1,0.0,4.575338769445995e-08,0,1,,
5234,5.234,0.0,3.3633095185719056e-05,0,1,0.0,4.3521968645559187e-08,0,1,,
5235,5.235,0.0,3.199278977768927e-05,0,1,0.0,4.139937718785338e-08,0,1,,
5236,5.236,0.0,3.0432483008403692e-05,0,1,0.0,3.938030573708976e-08,0,1,,
5237,5.237,0.0,2.89482732982116e-05,0,1,0.0,3.745970556295406e-08,0,1,,
5238,5.238,0.0,2.753644934974721e-05,0,1,0.0,3.563277416461498e-08,0,1,,
5239,5.239,0.0,2.61934808677531e-05,0,1,0.0,3.389494326197062e-08,0,1,,
5240,5.24,0.0,2.4916009731503245e-05,0,1,0.0,3.2241867372568665e-08,0,1,,
5241,5.2410000000000005,0.0,2.3700841597752022e-05,0,1,0.0,3.066941294563684e-08,0,1,,
5242,5.242,0.0,2.254493791321224e-05,0,1,0.0,2.917364802605288e-08,0,1,,
5243,5.243,0.0,2.1445408316589208e-05,0,1,0.0,2.7750832422408674e-08,0,1,,
5244,5.244,0.0,2.039950341117198e-05,0,1,0.0,2.639740835458356e-08,0,1,,
5245,5.245,0.0,1.9404607889909473e-05,0,1,0.0,2.5109991557440858e-08,0,1,,
5246,5.246,0.0,1.8458233995780602e-05,0,1,0.0,2.3885362818402256e-08,0,1,,
5247,5.247,0.0,1.7558015301105896e-05,0,1,0.0,2.272045992773953e-08,0,1,,
5248,5.248,0.0,1.6701700790245693e-05,0,1,0.0,2.1612370021455206e-08,0,1,,
5249,5.249,0.0,1.588714923088853e-05,0,1,0.0,2.0558322297605322e-08,0,1,,
5250,5.25,0.0,1.5112323819855057e-05,0,1,0.0,1.9555681087851307e-08,0,1,,
5251,5.251,0.0,1.4375287090029159e-05,0,1,0.0,1.8601939266916295e-08,0,1,,
5252,5.252,0.0,1.367419606568098e-05,0,1,0.0,1.769471198346602e-08,0,1,,
5253,5.253,0.0,1.3007297654067648e-05,0,1,0.0,1.683173069673827e-08,0,1,,
5254,5.2540000000000004,0.0,1.2372924261788255e-05,0,1,0.0,1.6010837504009347e-08,0,1,,
5255,5.255,0.0,1.1769489624931764e-05,0,1,0.0,1.522997974471326e-08,0,1,,
5256,5.256,0.0,1.1195484842590965e-05,0,1,0.0,1.4487204867721126e-08,0,1,,
5257,5.257,0.0,1.0649474603824271e-05,0,1,0.0,1.3780655548946309e-08,0,1,,
5258,5.258,0.0,1.0130093598630731e-05,0,1,0.0,1.310856504706677e-08,0,1,,
5259,5.259,0.0,9.636043103963877e-06,0,1,0.0,1.2469252785751498e-08,0,1,,
5260,5.26,0.0,9.166087736247632e-06,0,1,0.0,1.1861120151344323e-08,0,1,,
5261,5.261,0.0,8.719052362273887e-06,0,1,0.0,1.1282646495497083e-08,0,1,,
5262,5.2620000000000005,0.0,8.29381916075738e-06,0,1,0.0,1.0732385332756688e-08,0,1,,
5263,5.263,0.0,7.889324827200238e-06,0,1,0.0,1.0208960723598048e-08,0,1,,
5264,5.264,0.0,7.504557915076878e-06,0,1,0.0,9.711063833858564e-09,0,1,,
5265,5.265,0.0,7.138556306690856e-06,0,1,0.0,9.23744966197098e-09,0,1,,
5266,5.266,0.0,6.790404807379486e-06,0,1,0.0,8.78693392581097e-09,0,1,,
5267,5.267,0.0,6.45923285705047e-06,0,1,0.0,8.358390101374969e-09,0,1,,
5268,5.268,0.0,6.144212353328221e-06,0,1,0.0,7.950746605883377e-09,0,1,,
5269,5.269,0.0,5.844555580866581e-06,0,1,0.0,7.56298411826545e-09,0,1,,
5270,5.2700000000000005,0.0,5.5595132416501545e-06,0,1,0.0,7.194133030325684e-09,0,1,,
5271,5.271,0.0,5.2883725813589755e-06,0,1,0.0,6.843271022218278e-09,0,1,,
5272,5.272,0.0,5.030455607111453e-06,0,1,0.0,6.509520756167106e-09,0,1,,
5273,5.273,0.0,4.785117392129018e-06,0,1,0.0,6.192047682664289e-09,0,1,,
5274,5.274,0.0,4.551744463083243e-06,0,1,0.0,5.890057953661731e-09,0,1,,
5275,5.275,0.0,4.329753266092985e-06,0,1,0.0,5.602796437537502e-09,0,1,,
5276,5.276,0.0,4.118588707535717e-06,0,1,0.0,5.3295448308734485e-09,0,1,,
5277,5.277,0.0,3.917722766024339e-06,0,1,0.0,5.069619862322506e-09,0,1,,
5278,5.2780000000000005,0.0,3.7266531720786777e-06,0,1,0.0,4.822371584074426e-09,0,1,,
5279,5.279,0.0,3.544902152190161e-06,0,1,0.0,4.5871817466477124e-09,0,1,,
5280,5.28,0.0,3.372015234139189e-06,0,1,0.0,4.363462252943884e-09,0,1,,
5281,5.281,0.0,3.2075601105778615e-06,0,1,0.0,4.1506536876984e-09,0,1,,
5282,5.282,0.0,3.051125558036426e-06,0,1,0.0,3.948223918651115e-09,0,1,,
5283,5.283,0.0,2.902320408650409e-06,0,1,0.0,3.755666765938454e-09,0,1,,
5284,5.284,0.0,2.760772572037206e-06,0,1,0.0,3.5725007363800932e-09,0,1,,
5285,5.285,0.0,2.6261281048763073e-06,0,1,0.0,3.398267819495213e-09,0,1,,
5286,5.2860000000000005,0.0,2.4980503258666405e-06,0,1,0.0,3.2325323422377278e-09,0,1,,
5287,5.287,0.0,2.3762189738479455e-06,0,1,0.0,3.074879879586739e-09,0,1,,
5288,5.288,0.0,2.2603294069810585e-06,0,1,0.0,2.9249162182681183e-09,0,1,,
5289,5.289,0.0,2.1500918409846326e-06,0,1,0.0,2.782266371015987e-09,0,1,,
5290,5.29,0.0,2.0452306245234927e-06,0,1,0.0,2.6465736389092275e-09,0,1,,
5291,5.291,0.0,1.945483549936718e-06,0,1,0.0,2.517498719438385e-09,0,1,,
5292,5.292,0.0,1.8506011975819103e-06,0,1,0.0,2.3947188580726593e-09,0,1,,
5293,5.293,0.0,1.7603463121561727e-06,0,1,0.0,2.2779270412054626e-09,0,1,,
5294,5.2940000000000005,0.0,1.6744932094342705e-06,0,1,0.0,2.1668312284604865e-09,0,1,,
5295,5.295,0.0,1.5928272119405146e-06,0,1,0.0,2.061153622438644e-09,0,1,,
5296,5.296,0.0,1.5151441121432526e-06,0,1,0.0,1.9606299740798733e-09,0,1,,
5297,5.297,0.0,1.4412496618296714e-06,0,1,0.0,1.8650089219028476e-09,0,1,,
5298,5.298,0.0,1.370959086384087e-06,0,1,0.0,1.7740513634703427e-09,0,1,,
5299,5.299,0.0,1.3040966227551597e-06,0,1,0.0,1.6875298575086011e-09,0,1,,
5300,5.3,0.0,1.2404950799567153e-06,0,1,0.0,1.6052280551856786e-09,0,1,6.378156712072214,7.325739579784149
5301,5.301,0.0,1.1799954210031935e-06,0,1,0.0,1.5269401591266735e-09,0,1,,
5302,5.3020000000000005,0.0,1.1224463652343454e-06,0,1,0.0,1.4524704088130943e-09,0,1,,
5303,5.303,0.0,1.0677040100347846e-06,0,1,0.0,1.3816325910795965e-09,0,1,,
5304,5.304,0.0,1.0156314710024928e-06,0,1,0.0,1.314249574484075e-09,0,1,,
5305,5.305,0.0,9.660985396665148e-07,0,1,0.0,1.2501528663867949e-09,0,1,,
5306,5.306,0.0,9.189813578979591e-07,0,1,0.0,1.189182191631029e-09,0,1,,
5307,5.307,0.0,8.741621082001604e-07,0,1,0.0,1.1311850917716814e-09,0,1,,
5308,5.308,0.0,8.315287191035695e-07,0,1,0.0,1.076016543849764e-09,0,1,,
5309,5.309,0.0,7.909745849287042e-07,0,1,0.0,1.0235385977594584e-09,0,1,,
5310,5.3100000000000005,0.0,7.523982992164225e-07,0,1,0.0,9.736200313009974e-10,0,1,,
5311,5.311,0.0,7.157034011589536e-07,0,1,0.0,9.26136022056815e-10,0,1,,
5312,5.312,0.0,6.807981343976351e-07,0,1,0.0,8.809678352704847e-10,0,1,,
5313,5.313,0.0,6.475952175842222e-07,0,1,0.0,8.38002526947983e-10,0,1,,
5314,5.314,0.0,6.160116261320544e-07,0,1,0.0,7.971326614388739e-10,0,1,,
5315,5.315,0.0,5.859683846113431e-07,0,1,0.0,7.582560427912225e-10,0,1,,
5316,5.316,0.0,5.573903692694609e-07,0,1,0.0,7.212754592084833e-10,0,1,,
5317,5.317,0.0,5.302061201824298e-07,0,1,0.0,6.860984399693739e-10,0,1,,
5318,5.3180000000000005,0.0,5.043476625678891e-07,0,1,0.0,6.526370242029052e-10,0,1,,
5319,5.319,0.0,4.797503368127334e-07,0,1,0.0,6.208075409403881e-10,0,1,,
5320,5.32,0.0,4.563526367904001e-07,0,1,0.0,5.905303998944289e-10,0,1,,
5321,5.321,0.0,4.340960560635157e-07,0,1,0.0,5.61729892441754e-10,0,1,,
5322,5.322,0.0,4.129249415873277e-07,0,1,0.0,5.343340023122176e-10,0,1,,
5323,5.323,0.0,3.927863545481047e-07,0,1,0.0,5.08274225510614e-10,0,1,,
5324,5.324,0.0,3.736299379885271e-07,0,1,0.0,4.834853990210075e-10,0,1,,
5325,5.325,0.0,3.5540779088906405e-07,0,1,0.0,4.5990553786525105e-10,0,1,,
5326,5.3260000000000005,0.0,3.380743483904745e-07,0,1,0.0,4.374756801082541e-10,0,1,,
5327,5.327,0.0,3.2158626785792496e-07,0,1,0.0,4.1613973942243303e-10,0,1,,
5328,5.328,0.0,3.059023205018264e-07,0,1,0.0,3.9584436484267806e-10,0,1,,
5329,5.329,0.0,2.909832882843853e-07,0,1,0.0,3.765388073611513e-10,0,1,,
5330,5.33,0.0,2.767918658540812e-07,0,1,0.0,3.581747930283332e-10,0,1,,
5331,5.331,0.0,2.6329256726285647e-07,0,1,0.0,3.4070640224300373e-10,0,1,,
5332,5.332,0.0,2.504516372327625e-07,0,1,0.0,3.240899549293212e-10,0,1,,
5333,5.333,0.0,2.3823696675018227e-07,0,1,0.0,3.0828390131388055e-10,0,1,,
5334,5.3340000000000005,0.0,2.2661801277657163e-07,0,1,0.0,2.932487180296375e-10,0,1,,
5335,5.335,0.0,2.1556572187495367e-07,0,1,0.0,2.7894680928690425e-10,0,1,,
5336,5.336,0.0,2.0505245756119317e-07,0,1,0.0,2.6534241286429234e-10,0,1,,
5337,5.337,0.0,1.9505193119839087e-07,0,1,0.0,2.5240151068453164e-10,0,1,,
5338,5.338,0.0,1.855391362615982e-07,0,1,0.0,2.4009174375155787e-10,0,1,,
5339,5.339,0.0,1.7649028580847962e-07,0,1,0.0,2.283823312361673e-10,0,1,,
5340,5.34,0.0,1.678827529995666e-07,0,1,0.0,2.1724399350791086e-10,0,1,,
5341,5.341,0.0,1.5969501451937326e-07,0,1,0.0,2.066488789207669e-10,0,1,,
5342,5.3420000000000005,0.0,1.519065967568966e-07,0,1,0.0,1.9657049416951881e-10,0,1,,
5343,5.343,0.0,1.4449802461092477e-07,0,1,0.0,1.8698363804269235e-10,0,1,,
5344,5.344,0.0,1.3745077279213997e-07,0,1,0.0,1.7786433840640007e-10,0,1,,
5345,5.345,0.0,1.307472195002457e-07,0,1,0.0,1.6918979226152018e-10,0,1,,
5346,5.346,0.0,1.2437060236028725e-07,0,1,0.0,1.609383087243212e-10,0,1,,
5347,5.347,0.0,1.1830497650798319e-07,0,1,0.0,1.530892547879543e-10,0,1,,
5348,5.348,0.0,1.1253517471925934e-07,0,1,0.0,1.4562300372918894e-10,0,1,,
5349,5.349,0.0,1.0704676948428836e-07,0,1,0.0,1.3852088603138172e-10,0,1,,
5350,5.3500000000000005,0.0,1.0182603693120022e-07,0,1,0.0,1.3176514270096022e-10,0,1,,
5351,5.351,0.0,9.685992250925404e-08,0,1,0.0,1.2533888086068885e-10,0,1,,
5352,5.352,0.0,9.213600834566148e-08,0,1,0.0,1.192260315086766e-10,0,1,,
5353,5.353,0.0,8.764248219443656e-08,0,1,0.0,1.1341130933750245e-10,0,1,,
5354,5.354,0.0,8.336810789962796e-08,0,1,0.0,1.078801745129849e-10,0,1,,
5355,5.355,0.0,7.930219729907654e-08,0,1,0.0,1.0261879631702322e-10,0,1,,
5356,5.356,0.0,7.543458349844265e-08,0,1,0.0,9.761401856359799e-11,0,1,,
5357,5.357,0.0,7.175559544867466e-08,0,1,0.0,9.285332670145334e-11,0,1,,
5358,5.3580000000000005,0.0,6.825603376334884e-08,0,1,0.0,8.832481652120024e-11,0,1,,
5359,5.359,0.0,6.492714771541162e-08,0,1,0.0,8.401716438859246e-11,0,1,,
5360,5.36,0.0,6.176061335580384e-08,0,1,0.0,7.991959892954268e-11,0,1,,
5361,5.361,0.0,5.87485126992524e-08,0,1,0.0,7.602187409607677e-11,0,1,,
5362,5.362,0.0,5.588331392518275e-08,0,1,0.0,7.231424354587684e-11,0,1,,
5363,5.363,0.0,5.315785254424432e-08,0,1,0.0,6.878743627134889e-11,0,1,,
5364,5.364,0.0,5.056531348335534e-08,0,1,0.0,6.543263341727475e-11,0,1,,
5365,5.365,0.0,4.8099214044470297e-08,0,1,0.0,6.224144622908045e-11,0,1,,
5366,5.3660000000000005,0.0,4.575338769445814e-08,0,1,0.0,5.920589507658033e-11,0,1,,
5367,5.367,0.0,4.3521968645557466e-08,0,1,0.0,5.6318389500745164e-11,0,1,,
5368,5.368,0.0,4.139937718785175e-08,0,1,0.0,5.357170923360088e-11,0,1,,
5369,5.369,0.0,3.9380305737088204e-08,0,1,0.0,5.095898614379775e-11,0,1,,
5370,5.37,0.0,3.745970556295258e-08,0,1,0.0,4.847368706270459e-11,0,1,,
5371,5.371,0.0,3.5632774164613574e-08,0,1,0.0,4.610959744808419e-11,0,1,,
5372,5.372,0.0,3.389494326196928e-08,0,1,0.0,4.386080584450072e-11,0,1,,
5373,5.373,0.0,3.2241867372567395e-08,0,1,0.0,4.172168910160197e-11,0,1,,
5374,5.3740000000000006,0.0,3.066941294563563e-08,0,1,0.0,3.9686898313314555e-11,0,1,,
5375,5.375,0.0,2.917364802605173e-08,0,1,0.0,3.775134544279256e-11,0,1,,
5376,5.376,0.0,2.775083242240758e-08,0,1,0.0,3.591019059967522e-11,0,1,,
5377,5.377,0.0,2.6397408354582516e-08,0,1,0.0,3.4158829937840005e-11,0,1,,
5378,5.378,0.0,2.510999155743987e-08,0,1,0.0,3.249288414338931e-11,0,1,,
5379,5.3790000000000004,0.0,2.3885362818401313e-08,0,1,0.0,3.090818748408459e-11,0,1,,
5380,5.38,0.0,2.2720459927738632e-08,0,1,0.0,2.9400777392845954e-11,0,1,,
5381,5.381,0.0,2.1612370021454353e-08,0,1,0.0,2.796688455927046e-11,0,1,,
5382,5.382,0.0,2.0558322297604508e-08,0,1,0.0,2.6602923504392744e-11,0,1,,
5383,5.383,0.0,1.9555681087850532e-08,0,1,0.0,2.530548361512003e-11,0,1,,
5384,5.384,0.0,1.860193926691556e-08,0,1,0.0,2.4071320615922875e-11,0,1,,
5385,5.385,0.0,1.7694711983465323e-08,0,1,0.0,2.289734845645649e-11,0,1,,
5386,5.386,0.0,1.6831730696737606e-08,0,1,0.0,2.1780631594827417e-11,0,1,,
5387,5.3870000000000005,0.0,1.6010837504008715e-08,0,1,0.0,2.0718377657209754e-11,0,1,,
5388,5.388,0.0,1.522997974471266e-08,0,1,0.0,1.9707930455456085e-11,0,1,,
5389,5.389,0.0,1.4487204867720554e-08,0,1,0.0,1.8746763345243586e-11,0,1,,
5390,5.39,0.0,1.3780655548945765e-08,0,1,0.0,1.7832472908147135e-11,0,1,,
5391,5.391,0.0,1.3108565047066251e-08,0,1,0.0,1.6962772941841374e-11,0,1,,
5392,5.392,0.0,1.2469252785751005e-08,0,1,0.0,1.6135488743404053e-11,0,1,,
5393,5.393,0.0,1.1861120151343853e-08,0,1,0.0,1.5348551671425987e-11,0,1,,
5394,5.394,0.0,1.1282646495496636e-08,0,1,0.0,1.4599993973330013e-11,0,1,,
5395,5.3950000000000005,0.0,1.0732385332756263e-08,0,1,0.0,1.3887943864964601e-11,0,1,,
5396,5.396,0.0,1.0208960723597644e-08,0,1,0.0,1.32106208501685e-11,0,1,,
5397,5.397,0.0,9.71106383385818e-09,0,1,0.0,1.2566331268602916e-11,0,1,,
5398,5.398,0.0,9.237449661970614e-09,0,1,0.0,1.195346406071848e-11,0,1,,
5399,5.399,0.0,8.786933925810623e-09,0,1,0.0,1.1370486739267207e-11,0,1,,
5400,5.4,0.0,8.358390101374638e-09,0,1,0.0,1.0815941557286145e-11,0,1,6.373586142704635,6.988776038580413
5401,5.401,0.0,7.950746605883062e-09,0,1,0.0,1.0288441862970657e-11,0,1,,
5402,5.402,0.0,7.56298411826515e-09,0,1,0.0,9.786668632322632e-12,0,1,,
5403,5.4030000000000005,0.0,7.194133030325398e-09,0,1,0.0,9.309367170903447e-12,0,1,,
5404,5.404,0.0,6.843271022218007e-09,0,1,0.0,8.855343976444326e-12,0,1,,
5405,5.405,0.0,6.509520756166848e-09,0,1,0.0,8.423463754469e-12,0,1,,
5406,5.406,0.0,6.1920476826640435e-09,0,1,0.0,8.01264657946617e-12,0,1,,
5407,5.407,0.0,5.890057953661498e-09,0,1,0.0,7.62186519451322e-12,0,1,,
5408,5.408,0.0,5.60279643753728e-09,0,1,0.0,7.250142442598833e-12,0,1,,
5409,5.409,0.0,5.329544830873238e-09,0,1,0.0,6.896548823221489e-12,0,1,,
5410,5.41,0.0,5.069619862322305e-09,0,1,0.0,6.560200168154053e-12,0,1,,
5411,5.4110000000000005,0.0,4.822371584074235e-09,0,1,0.0,6.240255430562667e-12,0,1,,
5412,5.412,0.0,4.587181746647531e-09,0,1,0.0,5.935914581951581e-12,0,1,,
5413,5.413,0.0,4.363462252943712e-09,0,1,0.0,5.646416611675199e-12,0,1,,
5414,5.414,0.0,4.150653687698236e-09,0,1,0.0,5.371037624015071e-12,0,1,,
5415,5.415,0.0,3.948223918650959e-09,0,1,0.0,5.109089028063538e-12,0,1,,
5416,5.416,0.0,3.755666765938306e-09,0,1,0.0,4.859915815887792e-12,0,1,,
5417,5.417,0.0,3.5725007363799526e-09,0,1,0.0,4.622894924668862e-12,0,1,,
5418,5.418,0.0,3.3982678194950793e-09,0,1,0.0,4.397433678720033e-12,0,1,,
5419,5.4190000000000005,0.0,3.2325323422376008e-09,0,1,0.0,4.182968307488915e-12,0,1,,
5420,5.42,0.0,3.074879879586618e-09,0,1,0.0,3.978962535837406e-12,0,1,,
5421,5.421,0.0,2.9249162182680033e-09,0,1,0.0,3.784906243074517e-12,0,1,,
5422,5.422,0.0,2.7822663710158778e-09,0,1,0.0,3.600314187388933e-12,0,1,,
5423,5.423,0.0,2.6465736389091237e-09,0,1,0.0,3.4247247924917304e-12,0,1,,
5424,5.424,0.0,2.517498719438286e-09,0,1,0.0,3.2576989934352357e-12,0,1,,
5425,5.425,0.0,2.3947188580725654e-09,0,1,0.0,3.098819138721955e-12,0,1,,
5426,5.426,0.0,2.2779270412053736e-09,0,1,0.0,2.9476879459582832e-12,0,1,,
5427,5.4270000000000005,0.0,2.1668312284604018e-09,0,1,0.0,2.8039275084415897e-12,0,1,,
5428,5.428,0.0,2.0611536224385632e-09,0,1,0.0,2.6671783501966143e-12,0,1,,
5429,5.429,0.0,1.9606299740797964e-09,0,1,0.0,2.537098527098289e-12,0,1,,
5430,5.43,0.0,1.8650089219027744e-09,0,1,0.0,2.413362771833315e-12,0,1,,
5431,5.431,0.0,1.7740513634702733e-09,0,1,0.0,2.295661680562452e-12,0,1,,
5432,5.432,0.0,1.687529857508535e-09,0,1,0.0,2.183700939249763e-12,0,1,,
5433,5.433,0.0,1.6052280551856156e-09,0,1,0.0,2.077200587724221e-12,0,1,,
5434,5.434,0.0,1.5269401591266135e-09,0,1,0.0,1.9758943196334554e-12,0,1,,
5435,5.4350000000000005,0.0,1.4524704088130372e-09,0,1,0.0,1.8795288165391616e-12,0,1,,
5436,5.436,0.0,1.3816325910795421e-09,0,1,0.0,1.7878631144890547e-12,0,1,,
5437,5.437,0.0,1.314249574484023e-09,0,1,0.0,1.7006680014814778e-12,0,1,,
5438,5.438,0.0,1.2501528663867457e-09,0,1,0.0,1.6177254443160056e-12,0,1,,
5439,5.439,0.0,1.189182191630982e-09,0,1,0.0,1.538828043396876e-12,0,1,,
5440,5.44,0.0,1.131185091771637e-09,0,1,0.0,1.4637785141259701e-12,0,1,,
5441,5.441,0.0,1.0760165438497216e-09,0,1,0.0,1.3923891935885568e-12,0,1,,
5442,5.442,0.0,1.023538597759418e-09,0,1,0.0,1.3244815712982562e-12,0,1,,
5443,5.4430000000000005,0.0,9.73620031300959e-10,0,1,0.0,1.2598858428278417e-12,0,1,,
5444,5.444,0.0,9.261360220567784e-10,0,1,0.0,1.1984404852097249e-12,0,1,,
5445,5.445,0.0,8.809678352704499e-10,0,1,0.0,1.139991853044403e-12,0,1,,
5446,5.446,0.0,8.380025269479498e-10,0,1,0.0,1.08439379430693e-12,0,1,,
5447,5.447,0.0,7.971326614388424e-10,0,1,0.0,1.0315072848907266e-12,0,1,,
5448,5.448,0.0,7.582560427911925e-10,0,1,0.0,9.812000809749e-13,0,1,,
5449,5.449,0.0,7.212754592084548e-10,0,1,0.0,9.333463883458081e-13,0,1,,
5450,5.45,0.0,6.860984399693467e-10,0,1,0.0,8.87826547846003e-13,0,1,,
5451,5.4510000000000005,0.0,6.526370242028794e-10,0,1,0.0,8.445267361640091e-13,0,1,,
5452,5.452,0.0,6.208075409403635e-10,0,1,0.0,8.033386812167567e-13,0,1,,
5453,5.453,0.0,5.905303998944054e-10,0,1,0.0,7.64159391412978e-13,0,1,,
5454,5.454,0.0,5.617298924417317e-10,0,1,0.0,7.268908981205829e-13,0,1,,
5455,5.455,0.0,5.343340023121964e-10,0,1,0.0,6.914400106940492e-13,0,1,,
5456,5.456,0.0,5.082742255105938e-10,0,1,0.0,6.577180834492679e-13,0,1,,
5457,5.457,0.0,4.834853990209882e-10,0,1,0.0,6.256407940031597e-13,0,1,,
5458,5.458,0.0,4.5990553786523275e-10,0,1,0.0,5.951279324237954e-13,0,1,,
5459,5.4590000000000005,0.0,4.374756801082367e-10,0,1,0.0,5.661032006637867e-13,0,1,,
5460,5.46,0.0,4.1613973942241643e-10,0,1,0.0,5.384940217754261e-13,0,1,,
5461,5.461,0.0,3.958443648426623e-10,0,1,0.0,5.122313584305135e-13,0,1,,
5462,5.462,0.0,3.765388073611363e-10,0,1,0.0,4.872495402910763e-13,0,1,,
5463,5.463,0.0,3.581747930283189e-10,0,1,0.0,4.63486099799318e-13,0,1,,
5464,5.464,0.0,3.407064022429902e-10,0,1,0.0,4.4088161597618574e-13,0,1,,
5465,5.465,0.0,3.2408995492930834e-10,0,1,0.0,4.19379565837972e-13,0,1,,
5466,5.466,0.0,3.082839013138683e-10,0,1,0.0,3.989261830594134e-13,0,1,,
5467,5.4670000000000005,0.0,2.932487180296259e-10,0,1,0.0,3.794703235298723e-13,0,1,,
5468,5.468,0.0,2.789468092868932e-10,0,1,0.0,3.609633374664202e-13,0,1,,
5469,5.469,0.0,2.6534241286428184e-10,0,1,0.0,3.433589477640399e-13,0,1,,
5470,5.47,0.0,2.5240151068452167e-10,0,1,0.0,3.266131342787584e-13,0,1,,
5471,5.471,0.0,2.4009174375154836e-10,0,1,0.0,3.106840237543578e-13,0,1,,
5472,5.472,0.0,2.2838233123615825e-10,0,1,0.0,2.955317851174239e-13,0,1,,
5473,5.473,0.0,2.1724399350790225e-10,0,1,0.0,2.811185298789158e-13,0,1,,
5474,5.474,0.0,2.0664887892075872e-10,0,1,0.0,2.6740821739320786e-13,0,1,,
5475,5.4750000000000005,0.0,1.9657049416951106e-10,0,1,0.0,2.5436656473770293e-13,0,1,,
5476,5.476,0.0,1.8698363804268495e-10,0,1,0.0,2.419609609876688e-13,0,1,,
5477,5.477,0.0,1.77864338406393e-10,0,1,0.0,2.301603856719399e-13,0,1,,
5478,5.478,0.0,1.6918979226151346e-10,0,1,0.0,2.1893533120558178e-13,0,1,,
5479,5.479,0.0,1.609383087243148e-10,0,1,0.0,2.0825772910555876e-13,0,1,,
5480,5.48,0.0,1.5308925478794822e-10,0,1,0.0,1.9810087980490627e-13,0,1,,
5481,5.481,0.0,1.4562300372918317e-10,0,1,0.0,1.8843938588990612e-13,0,1,,
5482,5.482,0.0,1.3852088603137624e-10,0,1,0.0,1.7924908859332337e-13,0,1,,
5483,5.4830000000000005,0.0,1.3176514270095502e-10,0,1,0.0,1.7050700738490448e-13,0,1,,
5484,5.484,0.0,1.253388808606839e-10,0,1,0.0,1.6219128250808168e-13,0,1,,
5485,5.485,0.0,1.1922603150867193e-10,0,1,0.0,1.5428112031919526e-13,0,1,,
5486,5.486,0.0,1.13411309337498e-10,0,1,0.0,1.4675674129255352e-13,0,1,,
5487,5.487,0.0,1.0788017451298067e-10,0,1,0.0,1.3959933056131585e-13,0,1,,
5488,5.488,0.0,1.026187963170192e-10,0,1,0.0,1.3279099087052542e-13,0,1,,
5489,5.489,0.0,9.761401856359416e-11,0,1,0.0,1.2631469782464947e-13,0,1,,
5490,5.49,0.0,9.285332670144969e-11,0,1,0.0,1.2015425731772291e-13,0,1,,
5491,5.4910000000000005,0.0,8.832481652119677e-11,0,1,0.0,1.1429426503964827e-13,0,1,,
5492,5.492,0.0,8.401716438858916e-11,0,1,0.0,1.087200679573967e-13,0,1,,
5493,5.493,0.0,7.991959892953955e-11,0,1,0.0,1.0341772767479298e-13,0,1,,
5494,5.494,0.0,7.602187409607379e-11,0,1,0.0,9.837398557926489e-14,0,1,,
5495,5.495,0.0,7.2314243545874e-11,0,1,0.0,9.357622968840569e-14,0,1,,
5496,5.496,0.0,6.87874362713462e-11,0,1,0.0,8.901246311344877e-14,0,1,,
5497,5.497,0.0,6.543263341727219e-11,0,1,0.0,8.467127406079691e-14,0,1,,
5498,5.498,0.0,6.224144622907802e-11,0,1,0.0,8.054180729659408e-14,0,1,,
5499,5.4990000000000006,0.0,5.920589507657803e-11,0,1,0.0,7.661373700298659e-14,0,1,,
5500,5.5,0.0,5.631838950074297e-11,0,1,0.0,7.287724095819999e-14,0,1,6.372871289286657,6.376597769205931
5501,5.501,0.0,5.357170923359879e-11,0,1,0.0,6.932297597586844e-14,0,1,,
5502,5.502,0.0,5.0958986143795766e-11,0,1,0.0,6.594205454220215e-14,0,1,,
5503,5.503,0.0,4.8473687062702705e-11,0,1,0.0,6.272602259257364e-14,0,1,,
5504,5.5040000000000004,0.0,4.61095974480824e-11,0,1,0.0,5.966683837195261e-14,0,1,,
5505,5.505,0.0,4.386080584449902e-11,0,1,0.0,5.6756852326329607e-14,0,1,,
5506,5.506,0.0,4.172168910160036e-11,0,1,0.0,5.398878797484652e-14,0,1,,
5507,5.507,0.0,3.9686898313313017e-11,0,1,0.0,5.135572371480433e-14,0,1,,
5508,5.508,0.0,3.77513454427911e-11,0,1,0.0,4.8851075514050995e-14,0,1,,
5509,5.509,0.0,3.591019059967383e-11,0,1,0.0,4.646858044747165e-14,0,1,,
5510,5.51,0.0,3.415882993783869e-11,0,1,0.0,4.420228103641359e-14,0,1,,
5511,5.511,0.0,3.2492884143388056e-11,0,1,0.0,4.204651035188652e-14,0,1,,
5512,5.5120000000000005,0.0,3.0908187484083394e-11,0,1,0.0,3.999587784428833e-14,0,1,,
5513,5.513,0.0,2.9400777392844816e-11,0,1,0.0,3.8045255864223244e-14,0,1,,
5514,5.514,0.0,2.7966884559269377e-11,0,1,0.0,3.6189766840707494e-14,0,1,,
5515,5.515,0.0,2.6602923504391713e-11,0,1,0.0,3.442477108470121e-14,0,1,,
5516,5.516,0.0,2.5305483615119047e-11,0,1,0.0,3.2745855187469154e-14,0,1,,
5517,5.517,0.0,2.4071320615921938e-11,0,1,0.0,3.1148820984760005e-14,0,1,,
5518,5.518,0.0,2.2897348456455598e-11,0,1,0.0,2.9629675059209026e-14,0,1,,
5519,5.519,0.0,2.178063159482657e-11,0,1,0.0,2.818461875471456e-14,0,1,,
5520,5.5200000000000005,0.0,2.0718377657208946e-11,0,1,0.0,2.6810038677819163e-14,0,1,,
5521,5.521,0.0,1.970793045545532e-11,0,1,0.0,2.5502497662343807e-14,0,1,,
5522,5.522,0.0,1.874676334524286e-11,0,1,0.0,2.4258726174682104e-14,0,1,,
5523,5.523,0.0,1.7832472908146444e-11,0,1,0.0,2.3075614138263265e-14,0,1,,
5524,5.524,0.0,1.6962772941840715e-11,0,1,0.0,2.1950203156740706e-14,0,1,,
5525,5.525,0.0,1.6135488743403426e-11,0,1,0.0,2.0879679116460217e-14,0,1,,
5526,5.526,0.0,1.534855167142539e-11,0,1,0.0,1.986136514971003e-14,0,1,,
5527,5.527,0.0,1.4599993973329445e-11,0,1,0.0,1.8892714941157208e-14,0,1,,
5528,5.5280000000000005,0.0,1.3887943864964061e-11,0,1,0.0,1.7971306360733012e-14,0,1,,
5529,5.529,0.0,1.3210620850167986e-11,0,1,0.0,1.7094835407046083e-14,0,1,,
5530,5.53,0.0,1.2566331268602426e-11,0,1,0.0,1.6261110446178876e-14,0,1,,
5531,5.531,0.0,1.1953464060718013e-11,0,1,0.0,1.5468046731461282e-14,0,1,,
5532,5.532,0.0,1.1370486739266763e-11,0,1,0.0,1.4713661190518067e-14,0,1,,
5533,5.533,0.0,1.0815941557285724e-11,0,1,0.0,1.3996067466554992e-14,0,1,,
5534,5.534,0.0,1.0288441862970256e-11,0,1,0.0,1.3313471201484272e-14,0,1,,
5535,5.535,0.0,9.78666863232225e-12,0,1,0.0,1.2664165549094714e-14,0,1,,
5536,5.5360000000000005,0.0,9.309367170903085e-12,0,1,0.0,1.2046526907047133e-14,0,1,,
5537,5.537,0.0,8.855343976443981e-12,0,1,0.0,1.1459010857022811e-14,0,1,,
5538,5.538,0.0,8.423463754468673e-12,0,1,0.0,1.0900148302873243e-14,0,1,,
5539,5.539,0.0,8.01264657946586e-12,0,1,0.0,1.0368541797114549e-14,0,1,,
5540,5.54,0.0,7.621865194512924e-12,0,1,0.0,9.862862046580871e-15,0,1,,
5541,5.541,0.0,7.250142442598552e-12,0,1,0.0,9.381844588499056e-15,0,1,,
5542,5.542,0.0,6.8965488232212215e-12,0,1,0.0,8.924286628673094e-15,0,1,,
5543,5.543,0.0,6.560200168153799e-12,0,1,0.0,8.489044033872124e-15,0,1,,
5544,5.5440000000000005,0.0,6.240255430562425e-12,0,1,0.0,8.0750284709014e-15,0,1,,
5545,5.545,0.0,5.935914581951351e-12,0,1,0.0,7.68120468520242e-15,0,1,,
5546,5.546,0.0,5.6464166116749796e-12,0,1,0.0,7.306587912177286e-15,0,1,,
5547,5.547,0.0,5.371037624014862e-12,0,1,0.0,6.950241414764273e-15,0,1,,
5548,5.548,0.0,5.10908902806334e-12,0,1,0.0,6.611274141107248e-15,0,1,,
5549,5.549,0.0,4.859915815887603e-12,0,1,0.0,6.2888384964619e-15,0,1,,
5550,5.55,0.0,4.6228949246686826e-12,0,1,0.0,5.982128223767389e-15,0,1,,
5551,5.551,0.0,4.3974336787198626e-12,0,1,0.0,5.6903763875837315e-15,0,1,,
5552,5.5520000000000005,0.0,4.1829683074887526e-12,0,1,0.0,5.4128534563537245e-15,0,1,,
5553,5.553,0.0,3.978962535837252e-12,0,1,0.0,5.148865478194054e-15,0,1,,
5554,5.554,0.0,3.784906243074371e-12,0,1,0.0,4.8977523456541234e-15,0,1,,
5555,5.555,0.0,3.6003141873887935e-12,0,1,0.0,4.658886145103594e-15,0,1,,
5556,5.556,0.0,3.424724792491598e-12,0,1,0.0,4.431669586621242e-15,0,1,,
5557,5.557,0.0,3.2576989934351097e-12,0,1,0.0,4.215534510459041e-15,0,1,,
5558,5.558,0.0,3.098819138721835e-12,0,1,0.0,4.009940466346853e-15,0,1,,
5559,5.559,0.0,2.9476879459581693e-12,0,1,0.0,3.814373362085242e-15,0,1,,
5560,5.5600000000000005,0.0,2.803927508441481e-12,0,1,0.0,3.628344178047198e-15,0,1,,
5561,5.561,0.0,2.667178350196511e-12,0,1,0.0,3.4513877443743523e-15,0,1,,
5562,5.562,0.0,2.537098527098191e-12,0,1,0.0,3.2830615778100324e-15,0,1,,
5563,5.563,0.0,2.4133627718332215e-12,0,1,0.0,3.1229447752606433e-15,0,1,,
5564,5.564,0.0,2.295661680562363e-12,0,1,0.0,2.9706369613186933e-15,0,1,,
5565,5.565,0.0,2.1837009392496787e-12,0,1,0.0,2.8257572871157306e-15,0,1,,
5566,5.566,0.0,2.0772005877241405e-12,0,1,0.0,2.6879434780017954e-15,0,1,,
5567,5.567,0.0,1.975894319633379e-12,0,1,0.0,2.5568509276700953e-15,0,1,,
5568,5.5680000000000005,0.0,1.879528816539089e-12,0,1,0.0,2.4321518364617415e-15,0,1,,
5569,5.569,0.0,1.7878631144889857e-12,0,1,0.0,2.3135343916958572e-15,0,1,,
5570,5.57,0.0,1.700668001481412e-12,0,1,0.0,2.2007019879754596e-15,0,1,,
5571,5.571,0.0,1.617725444315943e-12,0,1,0.0,2.0933724855194735e-15,0,1,,
5572,5.572,0.0,1.5388280433968164e-12,0,1,0.0,1.991277504666318e-15,0,1,,
5573,5.573,0.0,1.4637785141259134e-12,0,1,0.0,1.8941617547849597e-15,0,1,,
5574,5.574,0.0,1.392389193588503e-12,0,1,0.0,1.8017823959153597e-15,0,1,,
5575,5.575,0.0,1.324481571298205e-12,0,1,0.0,1.7139084315420852e-15,0,1,,
5576,5.5760000000000005,0.0,1.2598858428277928e-12,0,1,0.0,1.630320130982699e-15,0,1,,
5577,5.577,0.0,1.1984404852096784e-12,0,1,0.0,1.5508084799466015e-15,0,1,,
5578,5.578,0.0,1.1399918530443588e-12,0,1,0.0,1.475174657890433e-15,0,1,,
5579,5.579,0.0,1.084393794306888e-12,0,1,0.0,1.4032295408631543e-15,0,1,,
5580,5.58,0.0,1.0315072848906868e-12,0,1,0.0,1.3347932285976595e-15,0,1,,
5581,5.581,0.0,9.81200080974862e-13,0,1,0.0,1.2696945946664017e-15,0,1,,
5582,5.582,0.0,9.33346388345772e-13,0,1,0.0,1.2077708585761886e-15,0,1,,
5583,5.583,0.0,8.878265478459686e-13,0,1,0.0,1.1488671787321613e-15,0,1,,
5584,5.5840000000000005,0.0,8.445267361639764e-13,0,1,0.0,1.0928362652531527e-15,0,1,,
5585,5.585,0.0,8.033386812167256e-13,0,1,0.0,1.0395380116702661e-15,0,1,,
5586,5.586,0.0,7.641593914129485e-13,0,1,0.0,9.888391445877238e-16,0,1,,
5587,5.587,0.0,7.268908981205548e-13,0,1,0.0,9.406128904299588e-16,0,1,,
5588,5.588,0.0,6.914400106940225e-13,0,1,0.0,8.947386584416428e-16,0,1,,
5589,5.589,0.0,6.577180834492426e-13,0,1,0.0,8.511017391479848e-16,0,1,,
5590,5.59,0.0,6.256407940031356e-13,0,1,0.0,8.095930175212944e-16,0,1,,
5591,5.591,0.0,5.951279324237724e-13,0,1,0.0,7.701087001365773e-16,0,1,,
5592,5.5920000000000005,0.0,5.661032006637649e-13,0,1,0.0,7.325500556339093e-16,0,1,,
5593,5.593,0.0,5.384940217754053e-13,0,1,0.0,6.968231678386096e-16,0,1,,
5594,5.594,0.0,5.122313584304937e-13,0,1,0.0,6.628387009218851e-16,0,1,,
5595,5.595,0.0,4.872495402910575e-13,0,1,0.0,6.305116760147256e-16,0,1,,
5596,5.596,0.0,4.634860997993001e-13,0,1,0.0,5.997612587164682e-16,0,1,,
5597,5.597,0.0,4.408816159761687e-13,0,1,0.0,5.705105569666899e-16,0,1,,
5598,5.598,0.0,4.1937956583795577e-13,0,1,0.0,5.426864287750062e-16,0,1,,
5599,5.599,0.0,3.98926183059398e-13,0,1,0.0,5.162192993279969e-16,0,1,,
5600,5.6000000000000005,0.0,3.7947032352985765e-13,0,1,0.0,4.910429870159323e-16,0,1,6.369988336016134,6.377448129270066
5601,5.601,0.0,3.6096333746640626e-13,0,1,0.0,4.670945379442768e-16,0,1,,
5602,5.602,0.0,3.4335894776402666e-13,0,1,0.0,4.443140685161614e-16,0,1,,
5603,5.603,0.0,3.266131342787458e-13,0,1,0.0,4.2264461569219903e-16,0,1,,
5604,5.604,0.0,3.106840237543458e-13,0,1,0.0,4.0203199455321594e-16,0,1,,
5605,5.605,0.0,2.9553178511741255e-13,0,1,0.0,3.824246628097298e-16,0,1,,
5606,5.606,0.0,2.81118529878905e-13,0,1,0.0,3.637735919193789e-16,0,1,,
5607,5.607,0.0,2.6740821739319756e-13,0,1,0.0,3.460321444900284e-16,0,1,,
5608,5.6080000000000005,0.0,2.5436656473769313e-13,0,1,0.0,3.291559576619976e-16,0,1,,
5609,5.609,0.0,2.4196096098765945e-13,0,1,0.0,3.1310283217780335e-16,0,1,,
5610,5.61,0.0,2.30160385671931e-13,0,1,0.0,2.9783262686203553e-16,0,1,,
5611,5.611,0.0,2.1893533120557333e-13,0,1,0.0,2.8330715824751e-16,0,1,,
5612,5.612,0.0,2.0825772910555074e-13,0,1,0.0,2.6949010509671163e-16,0,1,,
5613,5.613,0.0,1.9810087980489862e-13,0,1,0.0,2.5634691757978197e-16,0,1,,
5614,5.614,0.0,1.8843938588989882e-13,0,1,0.0,2.43844730881948e-16,0,1,,
5615,5.615,0.0,1.7924908859331643e-13,0,1,0.0,2.3195228302436687e-16,0,1,,
5616,5.6160000000000005,0.0,1.705070073848979e-13,0,1,0.0,2.2063983669289523e-16,0,1,,
5617,5.617,0.0,1.6219128250807542e-13,0,1,0.0,2.0987910487931425e-16,0,1,,
5618,5.618,0.0,1.542811203191893e-13,0,1,0.0,1.9964318014907508e-16,0,1,,
5619,5.619,0.0,1.4675674129254787e-13,0,1,0.0,1.8990646735869707e-16,0,1,,
5620,5.62,0.0,1.3959933056131047e-13,0,1,0.0,1.8064461965457706e-16,0,1,,
5621,5.621,0.0,1.327909908705203e-13,0,1,0.0,1.718344775931737e-16,0,1,,
5622,5.622,0.0,1.263146978246446e-13,0,1,0.0,1.6345401123033546e-16,0,1,,
5623,5.623,0.0,1.2015425731771827e-13,0,1,0.0,1.5548226503496525e-16,0,1,,
5624,5.6240000000000006,0.0,1.1429426503964385e-13,0,1,0.0,1.478993054892775e-16,0,1,,
5625,5.625,0.0,1.087200679573925e-13,0,1,0.0,1.4068617124462073e-16,0,1,,
5626,5.626,0.0,1.03417727674789e-13,0,1,0.0,1.3382482570822948e-16,0,1,,
5627,5.627,0.0,9.83739855792611e-14,0,1,0.0,1.2729811194234748e-16,0,1,,
5628,5.628,0.0,9.357622968840208e-14,0,1,0.0,1.2108970976294667e-16,0,1,,
5629,5.6290000000000004,0.0,8.901246311344534e-14,0,1,0.0,1.1518409493076625e-16,0,1,,
5630,5.63,0.0,8.467127406079364e-14,0,1,0.0,1.0956650033262839e-16,0,1,,
5631,5.631,0.0,8.054180729659096e-14,0,1,0.0,1.042228790559634e-16,0,1,,
5632,5.632,0.0,7.661373700298363e-14,0,1,0.0,9.913986926421158e-17,0,1,,
5633,5.633,0.0,7.287724095819717e-14,0,1,0.0,9.430476078527201e-17,0,1,,
5634,5.634,0.0,6.932297597586576e-14,0,1,0.0,8.97054633294518e-17,0,1,,
5635,5.635,0.0,6.594205454219962e-14,0,1,0.0,8.533047625744434e-17,0,1,,
5636,5.636,0.0,6.272602259257123e-14,0,1,0.0,8.116885982274063e-17,0,1,,
5637,5.6370000000000005,0.0,5.966683837195032e-14,0,1,0.0,7.721020781656469e-17,0,1,,
5638,5.638,0.0,5.6756852326327417e-14,0,1,0.0,7.344462154693136e-17,0,1,,
5639,5.639,0.0,5.398878797484444e-14,0,1,0.0,6.986268508676025e-17,0,1,,
5640,5.64,0.0,5.135572371480235e-14,0,1,0.0,6.645544172915357e-17,0,1,,
5641,5.641,0.0,4.885107551404911e-14,0,1,0.0,6.321437159096348e-17,0,1,,
5642,5.642,0.0,4.6468580447469856e-14,0,1,0.0,6.013137030864648e-17,0,1,,
5643,5.643,0.0,4.4202281036411885e-14,0,1,0.0,5.719872877313312e-17,0,1,,
5644,5.644,0.0,4.2046510351884904e-14,0,1,0.0,5.4409113853039845e-17,0,1,,
5645,5.6450000000000005,0.0,3.9995877844286794e-14,0,1,0.0,5.175555005802092e-17,0,1,,
5646,5.646,0.0,3.8045255864221786e-14,0,1,0.0,4.9231402096409135e-17,0,1,,
5647,5.647,0.0,3.6189766840706106e-14,0,1,0.0,4.683035828353051e-17,0,1,,
5648,5.648,0.0,3.4424771084699894e-14,0,1,0.0,4.454641475920497e-17,0,1,,
5649,5.649,0.0,3.27458551874679e-14,0,1,0.0,4.237386047496866e-17,0,1,,
5650,5.65,0.0,3.1148820984758806e-14,0,1,0.0,4.030726291347799e-17,0,1,,
5651,5.651,0.0,2.9629675059207883e-14,0,1,0.0,3.834145450438664e-17,0,1,,
5652,5.652,0.0,2.8184618754713475e-14,0,1,0.0,3.647151970272801e-17,0,1,,
5653,5.6530000000000005,0.0,2.6810038677818128e-14,0,1,0.0,3.469278269749242e-17,0,1,,
5654,5.654,0.0,2.5502497662342822e-14,0,1,0.0,3.300079571966404e-17,0,1,,
5655,5.655,0.0,2.4258726174681166e-14,0,1,0.0,3.139132792048165e-17,0,1,,
5656,5.656,0.0,2.3075614138262375e-14,0,1,0.0,2.9860354792112956e-17,0,1,,
5657,5.657,0.0,2.1950203156739857e-14,0,1,0.0,2.840404810428875e-17,0,1,,
5658,5.658,0.0,2.0879679116459412e-14,0,1,0.0,2.7018766331733182e-17,0,1,,
5659,5.659,0.0,1.9861365149709263e-14,0,1,0.0,2.5701045548453822e-17,0,1,,
5660,5.66,0.0,1.889271494115648e-14,0,1,0.0,2.4447590766122367e-17,0,1,,
5661,5.6610000000000005,0.0,1.7971306360732318e-14,0,1,0.0,2.325526769488755e-17,0,1,,
5662,5.662,0.0,1.7094835407045424e-14,0,1,0.0,2.212109490601793e-17,0,1,,
5663,5.663,0.0,1.626111044617825e-14,0,1,0.0,2.1042236376777112e-17,0,1,,
5664,5.664,0.0,1.5468046731460686e-14,0,1,0.0,2.0015994398889682e-17,0,1,,
5665,5.665,0.0,1.47136611905175e-14,0,1,0.0,1.9039802832865346e-17,0,1,,
5666,5.666,0.0,1.3996067466554451e-14,0,1,0.0,1.8111220691313566e-17,0,1,,
5667,5.667,0.0,1.3313471201483756e-14,0,1,0.0,1.7227926035203627e-17,0,1,,
5668,5.668,0.0,1.2664165549094223e-14,0,1,0.0,1.6387710167807613e-17,0,1,,
5669,5.6690000000000005,0.0,1.2046526907046666e-14,0,1,0.0,1.5588472111808135e-17,0,1,,
5670,5.67,0.0,1.1459010857022366e-14,0,1,0.0,1.4828213355760683e-17,0,1,,
5671,5.671,0.0,1.090014830287282e-14,0,1,0.0,1.4105032856774036e-17,0,1,,
5672,5.672,0.0,1.0368541797114146e-14,0,1,0.0,1.3417122286912829e-17,0,1,,
5673,5.673,0.0,9.862862046580489e-15,0,1,0.0,1.2762761511435794e-17,0,1,,
5674,5.674,0.0,9.381844588498693e-15,0,1,0.0,1.2140314287562934e-17,0,1,,
5675,5.675,0.0,8.92428662867275e-15,0,1,0.0,1.1548224173016285e-17,0,1,,
5676,5.676,0.0,8.489044033871798e-15,0,1,0.0,1.0985010634103516e-17,0,1,,
5677,5.6770000000000005,0.0,8.07502847090109e-15,0,1,0.0,1.0449265343612511e-17,0,1,,
5678,5.678,0.0,7.681204685202124e-15,0,1,0.0,9.939648659259784e-18,0,1,,
5679,5.679,0.0,7.306587912177005e-15,0,1,0.0,9.454886273886978e-18,0,1,,
5680,5.68,0.0,6.950241414764006e-15,0,1,0.0,8.99376602902921e-18,0,1,,
5681,5.681,0.0,6.611274141106994e-15,0,1,0.0,8.555134883887526e-18,0,1,,
5682,5.682,0.0,6.2888384964616584e-15,0,1,0.0,8.137896032126315e-18,0,1,,
5683,5.683,0.0,5.982128223767159e-15,0,1,0.0,7.741006159286158e-18,0,1,,
5684,5.684,0.0,5.690376387583513e-15,0,1,0.0,7.363472833954255e-18,0,1,,
5685,5.6850000000000005,0.0,5.412853456353517e-15,0,1,0.0,7.004352026168947e-18,0,1,,
5686,5.686,0.0,5.148865478193857e-15,0,1,0.0,6.662745746853098e-18,0,1,,
5687,5.687,0.0,4.8977523456539364e-15,0,1,0.0,6.337799802373653e-18,0,1,,
5688,5.688,0.0,4.658886145103416e-15,0,1,0.0,1.0,0,1,,
5689,5.689,0.0,4.431669586621073e-15,0,1,0.0,0.951229424500714,0,1,,
5690,5.69,0.0,4.2155345104588805e-15,0,1,0.0,0.9048374180359596,0,1,,
5691,5.691,0.0,4.0099404663467e-15,0,1,0.0,0.8607079764250579,0,1,,
5692,5.692,0.0,3.814373362085096e-15,0,1,0.0,0.8187307530779819,0,1,,
5693,5.6930000000000005,0.0,3.628344178047059e-15,0,1,0.0,0.778800783071405,0,1,,
5694,5.694,0.0,3.45138774437422e-15,0,1,0.0,0.740818220681718,0,1,,
5695,5.695,0.0,3.283061577809907e-15,0,1,0.0,0.7046880897187136,0,1,,
5696,5.696,0.0,3.122944775260524e-15,0,1,0.0,0.6703200460356394,0,1,,
5697,5.697,0.0,2.9706369613185797e-15,0,1,0.0,0.6376281516217734,0,1,,
5698,5.698,0.0,2.8257572871156225e-15,0,1,0.0,0.6065306597126335,0,1,,
5699,5.699,0.0,2.6879434780016925e-15,0,1,0.0,0.5769498103804868,0,1,,
5700,5.7,0.0,2.5568509276699975e-15,0,1,0.0,0.5488116360940265,0,1,6.373389297612162,6.376180147594653
5701,5.7010000000000005,0.0,2.4321518364616484e-15,0,1,0.0,0.5220457767610162,0,1,,
5702,5.702,0.0,2.3135343916957685e-15,0,1,0.0,0.49658530379140964,0,1,,
5703,5.703,0.0,2.200701987975375e-15,0,1,0.0,0.4723665527410148,0,1,,
5704,5.704,0.0,2.0933724855193934e-15,0,1,0.0,0.4493289641172217,0,1,,
5705,5.705,0.0,1.991277504666242e-15,0,1,0.0,0.42741493194872676,0,1,,
5706,5.706,0.0,1.894161754784887e-15,0,1,0.0,0.4065696597405992,0,1,,
5707,5.707,0.0,1.8017823959152907e-15,0,1,0.0,0.3867410234545013,0,1,,
5708,5.708,0.0,1.7139084315420197e-15,0,1,0.0,0.3678794411714424,0,1,,
5709,5.7090000000000005,0.0,1.630320130982637e-15,0,1,0.0,0.34993774911115544,0,1,,
5710,5.71,0.0,1.5508084799465424e-15,0,1,0.0,0.33287108369807966,0,1,,
5711,5.711,0.0,1.4751746578903765e-15,0,1,0.0,0.31663676937905333,0,1,,
5712,5.712,0.0,1.4032295408631006e-15,0,1,0.0,0.3011942119122022,0,1,,
5713,5.713,0.0,1.3347932285976084e-15,0,1,0.0,0.2865047968601902,0,1,,
5714,5.714,0.0,1.269694594666353e-15,0,1,0.0,0.2725317930340127,0,1,,
5715,5.715,0.0,1.2077708585761423e-15,0,1,0.0,0.2592402606458916,0,1,,
5716,5.716,0.0,1.1488671787321171e-15,0,1,0.0,0.24659696394160657,0,1,,
5717,5.7170000000000005,0.0,1.0928362652531107e-15,0,1,0.0,0.23457028809379774,0,1,,
5718,5.718,0.0,1.039538011670226e-15,0,1,0.0,0.2231301601484299,0,1,,
5719,5.719,0.0,9.888391445876857e-16,0,1,0.0,0.21224797382674312,0,1,,
5720,5.72,0.0,9.406128904299227e-16,0,1,0.0,0.20189651799465547,0,1,,
5721,5.721,0.0,8.947386584416085e-16,0,1,0.0,0.19204990862075416,0,1,,
5722,5.722,0.0,8.511017391479522e-16,0,1,0.0,0.1826835240527347,0,1,,
5723,5.723,0.0,8.095930175212634e-16,0,1,0.0,0.17377394345044517,0,1,,
5724,5.724,0.0,7.701087001365478e-16,0,1,0.0,0.1652988882215866,0,1,,
5725,5.7250000000000005,0.0,7.325500556338813e-16,0,1,0.0,0.15723716631362766,0,1,,
5726,5.726,0.0,6.968231678385829e-16,0,1,0.0,0.1495686192226351,0,1,,
5727,5.727,0.0,6.628387009218597e-16,0,1,0.0,0.14227407158651362,0,1,,
5728,5.728,0.0,6.305116760147015e-16,0,1,0.0,0.13533528323661273,0,1,,
5729,5.729,0.0,5.997612587164452e-16,0,1,0.0,0.12873490358780426,0,1,,
5730,5.73,0.0,5.70510556966668e-16,0,1,0.0,0.12245642825298195,0,1,,
5731,5.731,0.0,5.426864287749854e-16,0,1,0.0,0.116484157773497,0,1,,
5732,5.732,0.0,5.16219299327977e-16,0,1,0.0,0.11080315836233391,0,1,,
5733,5.7330000000000005,0.0,4.910429870159135e-16,0,1,0.0,0.10539922456186436,0,1,,
5734,5.734,0.0,4.67094537944259e-16,0,1,0.0,0.10025884372280376,0,1,,
5735,5.735,0.0,4.443140685161444e-16,0,1,0.0,0.09536916221554964,0,1,,
5736,5.736,0.0,4.226446156921829e-16,0,1,0.0,0.09071795328941253,0,1,,
5737,5.737,0.0,4.020319945532006e-16,0,1,0.0,0.08629358649937054,0,1,,
5738,5.738,0.0,3.824246628097152e-16,0,1,0.0,0.08208499862389881,0,1,,
5739,5.739,0.0,3.63773591919365e-16,0,1,0.0,0.07808166600115317,0,1,,
5740,5.74,0.0,3.4603214449001516e-16,0,1,0.0,0.07427357821433389,0,1,,
5741,5.7410000000000005,0.0,3.2915595766198504e-16,0,1,0.0,0.0706512130604296,0,1,,
5742,5.742,0.0,3.131028321777914e-16,0,1,0.0,0.06720551273974977,0,1,,
5743,5.743,0.0,2.978326268620242e-16,0,1,0.0,0.06392786120670758,0,1,,
5744,5.744,0.0,2.833071582474992e-16,0,1,0.0,0.06081006262521798,0,1,,
5745,5.745,0.0,2.694901050967014e-16,0,1,0.0,0.05784432087483848,0,1,,
5746,5.746,0.0,2.563469175797722e-16,0,1,0.0,0.055023220056407245,0,1,,
5747,5.747,0.0,2.4384473088193867e-16,0,1,0.0,0.05233970594843241,0,1,,
5748,5.748,0.0,2.31952283024358e-16,0,1,0.0,0.04978706836786396,0,1,,
5749,5.7490000000000006,0.0,2.206398366928868e-16,0,1,0.0,0.047358924391140936,0,1,,
5750,5.75,0.0,2.0987910487930624e-16,0,1,0.0,0.04504920239355782,0,1,,
5751,5.751,0.0,1.9964318014906747e-16,0,1,0.0,0.042852126867040194,0,1,,
5752,5.752,0.0,1.8990646735868983e-16,0,1,0.0,0.04076220397836623,0,1,,
5753,5.753,0.0,1.8064461965457015e-16,0,1,0.0,0.03877420783172203,0,1,,
5754,5.7540000000000004,0.0,1.7183447759316714e-16,0,1,0.0,0.03688316740124002,0,1,,
5755,5.755,0.0,1.6345401123032923e-16,0,1,0.0,0.03508435410084504,0,1,,
5756,5.756,0.0,1.554822650349593e-16,0,1,0.0,0.033373269960326093,0,1,,
5757,5.757000000000001,0.0,1.4789930548927182e-16,0,1,0.0,0.03174563637806796,0,1,,
5758,5.758,0.0,1.4068617124461533e-16,0,1,0.0,0.030197383422318518,0,1,,
5759,5.759,0.0,1.3382482570822435e-16,0,1,0.0,0.028724639654239447,0,1,,
5760,5.76,0.0,1.272981119423426e-16,0,1,0.0,0.02732372244729258,0,1,,
5761,5.761,0.0,1.21089709762942e-16,0,1,0.0,0.02599112877875536,0,1,,
5762,5.7620000000000005,0.0,1.1518409493076183e-16,0,1,0.0,0.02472352647033941,0,1,,
5763,5.763,0.0,1.0956650033262419e-16,0,1,0.0,0.023517745856009124,0,1,,
5764,5.764,0.0,1.042228790559594e-16,0,1,0.0,0.02237077185616561,0,1,,
5765,5.765,0.0,9.913986926420778e-17,0,1,0.0,0.021279736438377186,0,1,,
5766,5.766,0.0,9.43047607852684e-17,0,1,0.0,0.020241911445804405,0,1,,
5767,5.767,0.0,8.970546332944836e-17,0,1,0.0,0.01925470177538694,0,1,,
5768,5.768,0.0,8.533047625744108e-17,0,1,0.0,0.018315638888734196,0,1,,
5769,5.769,0.0,8.116885982273752e-17,0,1,0.0,0.017422374639493525,0,1,,
5770,5.7700000000000005,0.0,7.721020781656175e-17,0,1,0.0,0.01657267540176126,0,1,,
5771,5.771,0.0,7.344462154692856e-17,0,1,0.0,0.015764416484854504,0,1,,
5772,5.772,0.0,6.986268508675759e-17,0,1,0.0,0.014995576820477719,0,1,,
5773,5.773,0.0,6.645544172915104e-17,0,1,0.0,0.014264233908999268,0,1,,
5774,5.774,0.0,6.321437159096108e-17,0,1,0.0,0.013568559012200944,0,1,,
5775,5.775,0.0,6.013137030864419e-17,0,1,0.0,0.012906812580479881,0,1,,
5776,5.776,0.0,5.719872877313093e-17,0,1,0.0,0.012277339903068453,0,1,,
5777,5.777,0.0,5.440911385303777e-17,0,1,0.0,0.011678566970395456,0,1,,
5778,5.7780000000000005,0.0,5.175555005801894e-17,0,1,0.0,0.011108996538242316,0,1,,
5779,5.779,0.0,4.9231402096407256e-17,0,1,0.0,0.010567204383852663,0,1,,
5780,5.78,0.0,4.683035828352872e-17,0,1,0.0,0.010051835744633591,0,1,,
5781,5.781,0.0,4.4546414759203274e-17,0,1,0.0,0.009561601930543517,0,1,,
5782,5.782,0.0,4.2373860474967044e-17,0,1,0.0,0.009095277101695826,0,1,,
5783,5.783,0.0,4.0307262913476453e-17,0,1,0.0,0.008651695203120643,0,1,,
5784,5.784,0.0,3.834145450438518e-17,0,1,0.0,0.008229747049020037,0,1,,
5785,5.785,0.0,3.6471519702726625e-17,0,1,0.0,0.007828377549225779,0,1,,
5786,5.7860000000000005,0.0,3.46927826974911e-17,0,1,0.0,0.007446583070924348,0,1,,
5787,5.787,0.0,3.300079571966279e-17,0,1,0.0,0.007083408929052127,0,1,,
5788,5.788,0.0,3.139132792048046e-17,0,1,0.0,0.006737946999085474,0,1,,
5789,5.789,0.0,2.986035479211183e-17,0,1,0.0,0.006409333446256388,0,1,,
5790,5.79,0.0,2.840404810428767e-17,0,1,0.0,0.006096746565515642,0,1,,
5791,5.791,0.0,2.7018766331732156e-17,0,1,0.0,0.005799404726842149,0,1,,
5792,5.792,0.0,2.5701045548452845e-17,0,1,0.0,0.0055165644207607785,0,1,,
5793,5.793,0.0,2.444759076612144e-17,0,1,0.0,0.00524751839918139,0,1,,
5794,5.7940000000000005,0.0,2.3255267694886666e-17,0,1,0.0,0.004991593906910221,0,1,,
5795,5.795,0.0,2.212109490601709e-17,0,1,0.0,0.00474815099941148,0,1,,
5796,5.796,0.0,2.1042236376776314e-17,0,1,0.0,0.004516580942612672,0,1,,
5797,5.797,0.0,2.0015994398888924e-17,0,1,0.0,0.004296304690752344,0,1,,
5798,5.798,0.0,1.9039802832864625e-17,0,1,0.0,0.00408677143846407,0,1,,
5799,5.799,0.0,1.8111220691312882e-17,0,1,0.0,0.0038874572434761325,0,1,,
5800,5.8,0.0,1.7227926035202977e-17,0,1,0.0,0.0036978637164829338,0,1,6.737589426826485,6.372981698758181
5801,5.801,0.0,1.6387710167806996e-17,0,1,0.0,0.0035175167749121328,0,1,,
5802,5.8020000000000005,0.0,1.558847211180755e-17,0,1,0.0,0.0033459654574712755,0,1,,
5803,5.803,0.0,1.4828213355760125e-17,0,1,0.0,0.0031827807965096695,0,1,,
5804,5.804,0.0,1.4105032856773506e-17,0,1,0.0,0.003027554745375817,0,1,,
5805,5.805,0.0,1.3417122286912324e-17,0,1,0.0,0.0028798991580882443,0,1,,
5806,5.806,0.0,1.2762761511435313e-17,0,1,0.0,0.0027394448187683714,0,1,,
5807,5.807,0.0,1.2140314287562476e-17,0,1,0.0,0.002605840518408501,0,1,,
5808,5.808,0.0,1.154822417301585e-17,0,1,0.0,0.0024787521766663607,0,1,,
5809,5.809,0.0,1.09850106341031e-17,0,1,0.0,0.0023578620064902346,0,1,,
5810,5.8100000000000005,0.0,1.0449265343612115e-17,0,1,0.0,0.0022428677194858047,0,1,,
5811,5.811,0.0,9.939648659259408e-18,0,1,0.0,0.0021334817700377107,0,1,,
5812,5.812,0.0,9.45488627388662e-18,0,1,0.0,0.002029430636295736,0,1,,
5813,5.813,0.0,8.99376602902887e-18,0,1,0.0,0.001930454136227711,0,1,,
5814,5.814,0.0,8.555134883887204e-18,0,1,0.0,0.0018363047770289086,0,1,,
5815,5.815,0.0,8.137896032126008e-18,0,1,0.0,0.0017467471362611208,0,1,,
5816,5.816,0.0,7.741006159285867e-18,0,1,0.0,0.001661557273173936,0,1,,
5817,5.817,0.0,7.363472833953978e-18,0,1,0.0,0.0015805221687362188,0,1,,
5818,5.8180000000000005,0.0,7.004352026168684e-18,0,1,0.0,0.0015034391929775739,0,1,,
5819,5.819,0.0,6.6627457468528475e-18,0,1,0.0,0.0014301155983078755,0,1,,
5820,5.82,0.0,6.337799802373414e-18,0,1,0.0,0.0013603680375478947,0,1,,
5821,5.821,0.0,6.028701658612401e-18,0,1,0.0,0.0012940221054658495,0,1,,
5822,5.822,0.0,5.734678409208374e-18,0,1,0.0,0.0012309119026734823,0,1,,
5823,5.823,0.0,5.454994842887952e-18,0,1,0.0,0.0011708796207911755,0,1,,
5824,5.824,0.0,5.1889516050546695e-18,0,1,0.0,0.0011137751478448041,0,1,,
5825,5.825,0.0,4.935883449038209e-18,0,1,0.0,0.0010594556929076108,0,1,,
5826,5.8260000000000005,0.0,4.695157572631215e-18,0,1,0.0,0.0010077854290485118,0,1,,
5827,5.827,0.0,4.46617203575416e-18,0,1,0.0,0.0009586351536940209,0,1,,
5828,5.828,0.0,4.248354255291612e-18,0,1,0.0,0.0009118819655545171,0,1,,
5829,5.829,0.0,4.041159573336199e-18,0,1,0.0,0.0008674089573070033,0,1,,
5830,5.83,0.0,3.844069895260144e-18,0,1,0.0,0.0008251049232659051,0,1,,
5831,5.831,0.0,3.656592394208826e-18,0,1,0.0,0.0007848640813109327,0,1,,
5832,5.832,0.0,3.4782582787769496e-18,0,1,0.0,0.0007465858083766802,0,1,,
5833,5.833,0.0,3.3086216207858418e-18,0,1,0.0,0.0007101743888425498,0,1,,
5834,5.8340000000000005,0.0,3.147258240230736e-18,0,1,0.0,0.0006755387751938449,0,1,,
5835,5.835,0.0,2.993764644609813e-18,0,1,0.0,0.0006425923603555583,0,1,,
5836,5.836,0.0,2.8477570199827767e-18,0,1,0.0,0.0006112527611295732,0,1,,
5837,5.837,0.0,2.708870271236085e-18,0,1,0.0,0.0005814416121937563,0,1,,
5838,5.838,0.0,2.576757109154994e-18,0,1,0.0,0.0005530843701478342,0,1,,
5839,5.839,0.0,2.4510871820196284e-18,0,1,0.0,0.0005261101271160642,0,1,,
5840,5.84,0.0,2.331546249553608e-18,0,1,0.0,0.0005004514334406113,0,1,,
5841,5.841,0.0,2.2178353971596765e-18,0,1,0.0,0.00047604412902227004,0,1,,
5842,5.8420000000000005,0.0,2.1096702884775114e-18,0,1,0.0,0.0004528271828867976,0,1,,
5843,5.843,0.0,2.0067804543947183e-18,0,1,0.0,0.00043074254057568807,0,1,,
5844,5.844,0.0,1.9089086167331693e-18,0,1,0.0,0.00040973497897978724,0,1,,
5845,5.845,0.0,1.8158100449195466e-18,0,1,0.0,0.0003897519682527552,0,1,,
5846,5.846,0.0,1.727251944031436e-18,0,1,0.0,0.00037074354045908887,0,1,,
5847,5.847,0.0,1.6430128726887623e-18,0,1,0.0,0.0003526621646282563,0,1,,
5848,5.848,0.0,1.5628821893349963e-18,0,1,0.0,0.0003354626279025123,0,1,,
5849,5.849,0.0,1.4866595255235444e-18,0,1,0.0,0.0003191019224812039,0,1,,
5850,5.8500000000000005,0.0,1.4141542848922657e-18,0,1,0.0,0.00030353913807886705,0,1,,
5851,5.851,0.0,1.3451851665732888e-18,0,1,0.0,0.00028873535962820344,0,1,,
5852,5.852,0.0,1.2795797118464066e-18,0,1,0.0,0.00027465356997214265,0,1,,
5853,5.853,0.0,1.2171738729024468e-18,0,1,0.0,0.0002612585573016678,0,1,,
5854,5.854,0.0,1.1578116026382998e-18,0,1,0.0,0.0002485168271079523,0,1,,
5855,5.855,0.0,1.1013444644578793e-18,0,1,0.0,0.00023639651842864088,0,1,,
5856,5.856,0.0,1.0476312611033157e-18,0,1,0.0,0.0002248673241788485,0,1,,
5857,5.857,0.0,9.965376815882643e-19,0,1,0.0,0.00021390041536766154,0,1,,
5858,5.8580000000000005,0.0,9.479359653504805e-19,0,1,0.0,0.00020346836901064436,0,1,,
5859,5.859,0.0,9.017045827838664e-19,0,1,0.0,0.00019354509955809415,0,1,,
5860,5.86,0.0,8.577279313511537e-19,0,1,0.0,0.0001841057936675793,0,1,,
5861,5.861,0.0,8.158960465173459e-19,0,1,0.0,0.00017512684815765867,0,1,,
5862,5.862,0.0,7.761043267811027e-19,0,1,0.0,0.0001665858109876336,0,1,,
5863,5.863,0.0,7.382532721165025e-19,0,1,0.0,0.00015846132511575142,0,1,,
5864,5.864,0.0,7.022482351711496e-19,0,1,0.0,0.00015073307509547677,0,1,,
5865,5.865,0.0,6.679991845984947e-19,0,1,0.0,0.00014338173627629329,0,1,,
5866,5.8660000000000005,0.0,6.354204799325724e-19,0,1,0.0,0.00013638892648201162,0,1,,
5867,5.867,0.0,6.044306574422283e-19,0,1,0.0,0.0001297371600457541,0,1,,
5868,5.868,0.0,5.749522264293591e-19,0,1,0.0,0.0001234098040866797,0,1,,
5869,5.869,0.0,5.469114754618034e-19,0,1,0.0,0.0001173910369191182,0,1,,
5870,5.87,0.0,5.202382880563677e-19,0,1,0.0,0.00011166580849011487,0,1,,
5871,5.871,0.0,4.948659673510953e-19,0,1,0.0,0.00010621980274645891,0,1,,
5872,5.872,0.0,4.707310693283715e-19,0,1,0.0,0.00010103940183709347,0,1,,
5873,5.873,0.0,4.477732441718326e-19,0,1,0.0,9.611165206139482e-05,0,1,,
5874,5.8740000000000006,0.0,4.2593508536038997e-19,0,1,0.0,9.142423147817346e-05,0,1,,
5875,5.875,0.0,4.0516198612202624e-19,0,1,0.0,8.6965419094403e-05,0,1,,
5876,5.876,0.0,3.854020028884213e-19,0,1,0.0,8.272406555663236e-05,0,1,,
5877,5.877,0.0,3.6660572540897552e-19,0,1,0.0,7.868956527179474e-05,0,1,,
5878,5.878,0.0,3.487261531994466e-19,0,1,0.0,7.485182988770068e-05,0,1,,
5879,5.8790000000000004,0.0,3.317185780162574e-19,0,1,0.0,7.120126306690287e-05,0,1,,
5880,5.88,0.0,3.1554047206259976e-19,0,1,0.0,6.772873649085395e-05,0,1,,
5881,5.881,0.0,3.001513816467904e-19,0,1,0.0,6.442556703435551e-05,0,1,,
5882,5.882000000000001,0.0,2.855128260269706e-19,0,1,0.0,6.128349505322216e-05,0,1,,
5883,5.883,0.0,2.715882011892077e-19,0,1,0.0,5.829466373086887e-05,0,1,,
5884,5.884,0.0,2.583426883183942e-19,0,1,0.0,5.545159943217704e-05,0,1,,
5885,5.885,0.0,2.4574316673307342e-19,0,1,0.0,5.2747193015513886e-05,0,1,,
5886,5.886,0.0,2.3375813106648446e-19,0,1,0.0,5.017468205617536e-05,0,1,,
5887,5.8870000000000005,0.0,2.223576124867345e-19,0,1,0.0,4.7727633936801984e-05,0,1,,
5888,5.888,0.0,2.1151310375910923e-19,0,1,0.0,4.53999297624849e-05,0,1,,
5889,5.889,0.0,2.0119748796313728e-19,0,1,0.0,4.318574906034135e-05,0,1,,
5890,5.89,0.0,1.913849706861644e-19,0,1,0.0,4.107955522530075e-05,0,1,,
5891,5.891,0.0,1.8205101552388618e-19,0,1,0.0,3.907608167570813e-05,0,1,,
5892,5.892,0.0,1.731722827265568e-19,0,1,0.0,3.717031868412674e-05,0,1,,
5893,5.893,0.0,1.6472657083745756e-19,0,1,0.0,3.5357500850410015e-05,0,1,,
5894,5.894,0.0,1.5669276117769086e-19,0,1,0.0,3.363309518571902e-05,0,1,,
5895,5.8950000000000005,0.0,1.490507650384827e-19,0,1,0.0,3.199278977768924e-05,0,1,,
5896,5.896,0.0,1.4178147344894706e-19,0,1,0.0,3.0432483008403662e-05,0,1,,
5897,5.897,0.0,1.3486670939370517e-19,0,1,0.0,2.8948273298211574e-05,0,1,,
5898,5.898,0.0,1.282891823608792e-19,0,1,0.0,2.7536449349747182e-05,0,1,,
5899,5.899,0.0,1.220324451068063e-19,0,1,0.0,2.6193480867753072e-05,0,1,,
5900,5.9,0.0,1.1608085252936233e-19,0,1,0.0,2.4916009731503218e-05,0,1,7.31840068648935,6.372969413751722
5901,5.901,0.0,1.1041952254705758e-19,0,1,0.0,2.3700841597751995e-05,0,1,,
5902,5.902,0.0,1.0503429888608119e-19,0,1,0.0,2.2544937913212214e-05,0,1,,
5903,5.9030000000000005,0.0,9.9911715682243e-20,0,1,0.0,2.1445408316589184e-05,0,1,,
5904,5.904,0.0,9.503896380929896e-20,0,1,0.0,2.0399503411171956e-05,0,1,,
5905,5.905,0.0,9.040385884946365e-20,0,1,0.0,1.9404607889909453e-05,0,1,,
5906,5.906,0.0,8.599481062601909e-20,0,1,0.0,1.8458233995780585e-05,0,1,,
5907,5.907,0.0,8.180079422183602e-20,0,1,0.0,1.7558015301105882e-05,0,1,,
5908,5.908,0.0,7.781132241133841e-20,0,1,0.0,1.670170079024568e-05,0,1,,
5909,5.909,0.0,7.401641943697695e-20,0,1,0.0,1.588714923088852e-05,0,1,,
5910,5.91,0.0,7.040659606463905e-20,0,1,0.0,1.5112323819855049e-05,0,1,,
5911,5.9110000000000005,0.0,6.697282585562083e-20,0,1,0.0,1.437528709002915e-05,0,1,,
5912,5.912,0.0,6.370652259582875e-20,0,1,0.0,1.3674196065680972e-05,0,1,,
5913,5.913,0.0,6.059951882577192e-20,0,1,0.0,1.3007297654067639e-05,0,1,,
5914,5.914,0.0,5.76440454176592e-20,0,1,0.0,1.2372924261788248e-05,0,1,,
5915,5.915,0.0,5.483271214853299e-20,0,1,0.0,1.1769489624931757e-05,0,1,,
5916,5.916,0.0,5.2158489220862344e-20,0,1,0.0,1.119548484259096e-05,0,1,,
5917,5.917,0.0,4.9614689684387584e-20,0,1,0.0,1.0649474603824266e-05,0,1,,
5918,5.918,0.0,4.7194952715261514e-20,0,1,0.0,1.0130093598630726e-05,0,1,,
5919,5.9190000000000005,0.0,4.489322771067662e-20,0,1,0.0,9.636043103963872e-06,0,1,,
5920,5.92,0.0,4.270375915920643e-20,0,1,0.0,9.166087736247627e-06,0,1,,
5921,5.921,0.0,4.062107224902903e-20,0,1,0.0,8.719052362273884e-06,0,1,,
5922,5.922,0.0,3.8639959178045806e-20,0,1,0.0,8.293819160757377e-06,0,1,,
5923,5.923,0.0,3.675546613166359e-20,0,1,0.0,7.889324827200235e-06,0,1,,
5924,5.924,0.0,3.4962880895677843e-20,0,1,0.0,7.504557915076874e-06,0,1,,
5925,5.925,0.0,3.325772107328264e-20,0,1,0.0,7.138556306690853e-06,0,1,,
5926,5.926,0.0,3.1635722876743916e-20,0,1,0.0,6.790404807379483e-06,0,1,,
5927,5.9270000000000005,0.0,3.009283046570919e-20,0,1,0.0,6.459232857050467e-06,0,1,,
5928,5.928,0.0,2.8625185805494105e-20,0,1,0.0,6.144212353328218e-06,0,1,,
5929,5.929,0.0,2.7229119019986166e-20,0,1,0.0,5.844555580866579e-06,0,1,,
5930,5.93,0.0,2.5901139215042886e-20,0,1,0.0,5.559513241650153e-06,0,1,,
5931,5.931,0.0,2.463792574943812e-20,0,1,0.0,5.288372581358974e-06,0,1,,
5932,5.932,0.0,2.3436319931529345e-20,0,1,0.0,5.030455607111452e-06,0,1,,
5933,5.933,0.0,2.2293317120883273e-20,0,1,0.0,4.785117392129016e-06,0,1,,
5934,5.934,0.0,2.120605921510971e-20,0,1,0.0,4.551744463083241e-06,0,1,,
5935,5.9350000000000005,0.0,2.0171827503116875e-20,0,1,0.0,4.329753266092983e-06,0,1,,
5936,5.936,0.0,1.918803586691754e-20,0,1,0.0,4.118588707535715e-06,0,1,,
5937,5.937,0.0,1.825222431498703e-20,0,1,0.0,3.917722766024337e-06,0,1,,
5938,5.938,0.0,1.7362052831003052e-20,0,1,0.0,3.726653172078676e-06,0,1,,
5939,5.939,0.0,1.6515295522586027e-20,0,1,0.0,3.5449021521901592e-06,0,1,,
5940,5.94,0.0,1.5709835055408725e-20,0,1,0.0,3.3720152341391875e-06,0,1,,
5941,5.941,0.0,1.4943657358757583e-20,0,1,0.0,3.2075601105778598e-06,0,1,,
5942,5.942,0.0,1.4214846589306835e-20,0,1,0.0,3.051125558036424e-06,0,1,,
5943,5.9430000000000005,0.0,1.3521580340512278e-20,0,1,0.0,2.902320408650408e-06,0,1,,
5944,5.944,0.0,1.2862125085645663e-20,0,1,0.0,2.7607725720372046e-06,0,1,,
5945,5.945,0.0,1.2234831843074921e-20,0,1,0.0,2.626128104876306e-06,0,1,,
5946,5.946,0.0,1.1638132052951167e-20,0,1,0.0,2.498050325866639e-06,0,1,,
5947,5.947,0.0,1.1070533654992052e-20,0,1,0.0,2.3762189738479443e-06,0,1,,
5948,5.948,0.0,1.0530617357553875e-20,0,1,0.0,2.260329406981057e-06,0,1,,
5949,5.949,0.0,1.0017033088663202e-20,0,1,0.0,2.1500918409846313e-06,0,1,,
5950,5.95,0.0,9.528496620133708e-21,0,1,0.0,2.0452306245234914e-06,0,1,,
5951,5.9510000000000005,0.0,9.063786356326787e-21,0,1,0.0,1.9454835499367166e-06,0,1,,
5952,5.952,0.0,8.621740279526152e-21,0,1,0.0,1.850601197581909e-06,0,1,,
5953,5.953,0.0,8.201253044288287e-21,0,1,0.0,1.7603463121561715e-06,0,1,,
5954,5.954,0.0,7.801273213503076e-21,0,1,0.0,1.6744932094342692e-06,0,1,,
5955,5.955,0.0,7.420800629253367e-21,0,1,0.0,1.5928272119405136e-06,0,1,,
5956,5.956,0.0,7.058883911899216e-21,0,1,0.0,1.5151441121432515e-06,0,1,,
5957,5.957,0.0,6.7146180811332406e-21,0,1,0.0,1.4412496618296704e-06,0,1,,
5958,5.958,0.0,6.387142293058461e-21,0,1,0.0,1.370959086384086e-06,0,1,,
5959,5.9590000000000005,0.0,6.075637687630171e-21,0,1,0.0,1.3040966227551586e-06,0,1,,
5960,5.96,0.0,5.779325341079297e-21,0,1,0.0,1.2404950799567143e-06,0,1,,
5961,5.961,0.0,5.4974643181972525e-21,0,1,0.0,1.1799954210031926e-06,0,1,,
5962,5.962,0.0,5.2293498196119826e-21,0,1,0.0,1.1224463652343446e-06,0,1,,
5963,5.963,0.0,4.974311419422419e-21,0,1,0.0,1.067704010034784e-06,0,1,,
5964,5.964,0.0,4.7317113887845175e-21,0,1,0.0,1.0156314710024922e-06,0,1,,
5965,5.965,0.0,4.500943101256971e-21,0,1,0.0,9.660985396665142e-07,0,1,,
5966,5.966,0.0,4.281429515919127e-21,0,1,0.0,9.189813578979585e-07,0,1,,
5967,5.9670000000000005,0.0,4.072621734468122e-21,0,1,0.0,8.741621082001598e-07,0,1,,
5968,5.968,0.0,3.8739976286872116e-21,0,1,0.0,8.315287191035689e-07,0,1,,
5969,5.969,0.0,3.685060534853267e-21,0,1,0.0,7.909745849287038e-07,0,1,,
5970,5.97,0.0,3.505338011818767e-21,0,1,0.0,7.523982992164221e-07,0,1,,
5971,5.971,0.0,3.3343806596628426e-21,0,1,0.0,7.157034011589532e-07,0,1,,
5972,5.972,0.0,3.171760995957397e-21,0,1,0.0,6.807981343976347e-07,0,1,,
5973,5.973,0.0,3.0170723868383663e-21,0,1,0.0,6.475952175842218e-07,0,1,,
5974,5.974,0.0,2.8699280302092546e-21,0,1,0.0,6.16011626132054e-07,0,1,,
5975,5.9750000000000005,0.0,2.729959988534417e-21,0,1,0.0,5.859683846113427e-07,0,1,,
5976,5.976,0.0,2.5968182688035694e-21,0,1,0.0,5.573903692694606e-07,0,1,,
5977,5.977,0.0,2.4701699473669597e-21,0,1,0.0,5.302061201824295e-07,0,1,,
5978,5.978,0.0,2.349698337452832e-21,0,1,0.0,5.043476625678889e-07,0,1,,
5979,5.979,0.0,2.235102197285542e-21,0,1,0.0,4.797503368127332e-07,0,1,,
5980,5.98,0.0,2.1260949768242075e-21,0,1,0.0,4.563526367903999e-07,0,1,,
5981,5.981,0.0,2.02240410123835e-21,0,1,0.0,4.340960560635155e-07,0,1,,
5982,5.982,0.0,1.9237702893288395e-21,0,1,0.0,4.129249415873275e-07,0,1,,
5983,5.9830000000000005,0.0,1.829946905189844e-21,0,1,0.0,3.927863545481045e-07,0,1,,
5984,5.984,0.0,1.740699341490598e-21,0,1,0.0,3.7362993798852686e-07,0,1,,
5985,5.985,0.0,1.6558044328348735e-21,0,1,0.0,3.554077908890639e-07,0,1,,
5986,5.986,0.0,1.5750498977312478e-21,0,1,0.0,3.3807434839047436e-07,0,1,,
5987,5.987,0.0,1.4982338077788034e-21,0,1,0.0,3.215862678579248e-07,0,1,,
5988,5.988,0.0,1.4251640827409446e-21,0,1,0.0,3.0590232050182626e-07,0,1,,
5989,5.989,0.0,1.0,0,1,0.0,2.9098328828438516e-07,0,1,,
5990,5.99,0.0,0.951229424500714,0,1,0.0,2.767918658540811e-07,0,1,,
5991,5.9910000000000005,0.0,0.9048374180359596,0,1,0.0,2.6329256726285636e-07,0,1,,
5992,5.992,0.0,0.8607079764250579,0,1,0.0,2.504516372327624e-07,0,1,,
5993,5.993,0.0,0.8187307530779819,0,1,0.0,2.382369667501822e-07,0,1,,
5994,5.994,0.0,0.778800783071405,0,1,0.0,2.2661801277657155e-07,0,1,,
5995,5.995,0.0,0.740818220681718,0,1,0.0,2.1556572187495362e-07,0,1,,
5996,5.996,0.0,0.7046880897187136,0,1,0.0,2.0505245756119312e-07,0,1,,
5997,5.997,0.0,0.6703200460356394,0,1,0.0,1.9505193119839082e-07,0,1,,
5998,5.998,0.0,0.6376281516217734,0,1,0.0,1.8553913626159815e-07,0,1,,
5999,5.9990000000000006,0.0,0.6065306597126335,0,1,0.0,1.7649028580847957e-07,0,1,,
6000,6.0,0.0,0.5769498103804868,0,1,0.0,1.6788275299956656e-07,0,1,7.32075458535542,6.518980498370849
6001,6.001,0.0,0.5488116360940265,0,1,0.0,1.596950145193732e-07,0,1,,
6002,6.002,0.0,0.5220457767610162,0,1,0.0,1.5190659675689655e-07,0,1,,
6003,6.003,0.0,0.49658530379140964,0,1,0.0,1.4449802461092475e-07,0,1,,
6004,6.0040000000000004,0.0,0.4723665527410148,0,1,0.0,1.3745077279213997e-07,0,1,,
6005,6.005,0.0,0.4493289641172217,0,1,0.0,1.307472195002457e-07,0,1,,
6006,6.006,0.0,0.42741493194872676,0,1,0.0,1.2437060236028725e-07,0,1,,
6007,6.007000000000001,0.0,0.4065696597405992,0,1,0.0,1.1830497650798319e-07,0,1,,
6008,6.008,0.0,0.3867410234545013,0,1,0.0,1.1253517471925934e-07,0,1,,
6009,6.009,0.0,0.3678794411714424,0,1,0.0,1.0704676948428836e-07,0,1,,
6010,6.01,0.0,0.34993774911115544,0,1,0.0,1.0182603693120022e-07,0,1,,
6011,6.011,0.0,0.33287108369807966,0,1,0.0,9.685992250925404e-08,0,1,,
6012,6.0120000000000005,0.0,0.31663676937905333,0,1,0.0,9.213600834566148e-08,0,1,,
6013,6.013,0.0,0.3011942119122022,0,1,0.0,8.764248219443656e-08,0,1,,
6014,6.014,0.0,0.2865047968601902,0,1,0.0,8.336810789962796e-08,0,1,,
6015,6.015000000000001,0.0,0.2725317930340127,0,1,0.0,7.930219729907654e-08,0,1,,
6016,6.016,0.0,0.2592402606458916,0,1,0.0,7.543458349844265e-08,0,1,,
6017,6.017,0.0,0.24659696394160657,0,1,0.0,7.175559544867466e-08,0,1,,
6018,6.018,0.0,0.23457028809379774,0,1,0.0,6.825603376334884e-08,0,1,,
6019,6.019,0.0,0.2231301601484299,0,1,0.0,6.492714771541162e-08,0,1,,
6020,6.0200000000000005,0.0,0.21224797382674312,0,1,0.0,6.176061335580384e-08,0,1,,
6021,6.021,0.0,0.20189651799465547,0,1,0.0,5.87485126992524e-08,0,1,,
6022,6.022,0.0,0.19204990862075416,0,1,0.0,5.588331392518275e-08,0,1,,
6023,6.023,0.0,0.1826835240527347,0,1,0.0,5.315785254424432e-08,0,1,,
6024,6.024,0.0,0.17377394345044517,0,1,0.0,5.056531348335534e-08,0,1,,
6025,6.025,0.0,0.1652988882215866,0,1,0.0,4.8099214044470297e-08,0,1,,
6026,6.026,0.0,0.15723716631362766,0,1,0.0,4.575338769445814e-08,0,1,,
6027,6.027,0.0,0.1495686192226351,0,1,0.0,4.3521968645557466e-08,0,1,,
6028,6.0280000000000005,0.0,0.14227407158651362,0,1,0.0,4.139937718785175e-08,0,1,,
6029,6.029,0.0,0.13533528323661273,0,1,0.0,3.9380305737088204e-08,0,1,,
6030,6.03,0.0,0.12873490358780426,0,1,0.0,3.745970556295258e-08,0,1,,
6031,6.031,0.0,0.12245642825298195,0,1,0.0,3.5632774164613574e-08,0,1,,
6032,6.032,0.0,0.116484157773497,0,1,0.0,3.389494326196928e-08,0,1,,
6033,6.033,0.0,0.11080315836233391,0,1,0.0,3.2241867372567395e-08,0,1,,
6034,6.034,0.0,0.10539922456186436,0,1,0.0,3.066941294563563e-08,0,1,,
6035,6.035,0.0,0.10025884372280376,0,1,0.0,2.917364802605173e-08,0,1,,
6036,6.0360000000000005,0.0,0.09536916221554964,0,1,0.0,2.775083242240758e-08,0,1,,
6037,6.037,0.0,0.09071795328941253,0,1,0.0,2.6397408354582516e-08,0,1,,
6038,6.038,0.0,0.08629358649937054,0,1,0.0,2.510999155743987e-08,0,1,,
6039,6.039,0.0,0.08208499862389881,0,1,0.0,2.3885362818401313e-08,0,1,,
6040,6.04,0.0,0.07808166600115317,0,1,0.0,2.2720459927738632e-08,0,1,,
6041,6.041,0.0,0.07427357821433389,0,1,0.0,2.1612370021454353e-08,0,1,,
6042,6.042,0.0,0.0706512130604296,0,1,0.0,2.0558322297604508e-08,0,1,,
6043,6.043,0.0,0.06720551273974977,0,1,0.0,1.9555681087850532e-08,0,1,,
6044,6.0440000000000005,0.0,0.06392786120670758,0,1,0.0,1.860193926691556e-08,0,1,,
6045,6.045,0.0,0.06081006262521798,0,1,0.0,1.7694711983465323e-08,0,1,,
6046,6.046,0.0,0.05784432087483848,0,1,0.0,1.6831730696737606e-08,0,1,,
6047,6.047,0.0,0.055023220056407245,0,1,0.0,1.6010837504008715e-08,0,1,,
6048,6.048,0.0,0.05233970594843241,0,1,0.0,1.522997974471266e-08,0,1,,
6049,6.049,0.0,0.04978706836786396,0,1,0.0,1.4487204867720554e-08,0,1,,
6050,6.05,0.0,0.047358924391140936,0,1,0.0,1.3780655548945765e-08,0,1,,
6051,6.051,0.0,0.04504920239355782,0,1,0.0,1.3108565047066251e-08,0,1,,
6052,6.0520000000000005,0.0,0.042852126867040194,0,1,0.0,1.2469252785751005e-08,0,1,,
6053,6.053,0.0,0.04076220397836623,0,1,0.0,1.1861120151343853e-08,0,1,,
6054,6.054,0.0,0.03877420783172203,0,1,0.0,1.1282646495496636e-08,0,1,,
6055,6.055,0.0,0.03688316740124002,0,1,0.0,1.0732385332756263e-08,0,1,,
6056,6.056,0.0,0.03508435410084504,0,1,0.0,1.0208960723597644e-08,0,1,,
6057,6.057,0.0,0.033373269960326093,0,1,0.0,9.71106383385818e-09,0,1,,
6058,6.058,0.0,0.03174563637806796,0,1,0.0,9.237449661970614e-09,0,1,,
6059,6.059,0.0,0.030197383422318518,0,1,0.0,8.786933925810623e-09,0,1,,
6060,6.0600000000000005,0.0,0.028724639654239447,0,1,0.0,8.358390101374638e-09,0,1,,
6061,6.061,0.0,0.02732372244729258,0,1,0.0,7.950746605883062e-09,0,1,,
6062,6.062,0.0,0.02599112877875536,0,1,0.0,7.56298411826515e-09,0,1,,
6063,6.063,0.0,0.02472352647033941,0,1,0.0,7.194133030325398e-09,0,1,,
6064,6.064,0.0,0.023517745856009124,0,1,0.0,6.843271022218007e-09,0,1,,
6065,6.065,0.0,0.02237077185616561,0,1,0.0,6.509520756166848e-09,0,1,,
6066,6.066,0.0,0.021279736438377186,0,1,0.0,6.1920476826640435e-09,0,1,,
6067,6.067,0.0,0.020241911445804405,0,1,0.0,5.890057953661498e-09,0,1,,
6068,6.0680000000000005,0.0,0.01925470177538694,0,1,0.0,5.60279643753728e-09,0,1,,
6069,6.069,0.0,0.018315638888734196,0,1,0.0,5.329544830873238e-09,0,1,,
6070,6.07,0.0,0.017422374639493525,0,1,0.0,5.069619862322305e-09,0,1,,
6071,6.071,0.0,0.01657267540176126,0,1,0.0,4.822371584074235e-09,0,1,,
6072,6.072,0.0,0.015764416484854504,0,1,0.0,4.587181746647531e-09,0,1,,
6073,6.073,0.0,0.014995576820477719,0,1,0.0,4.363462252943712e-09,0,1,,
6074,6.074,0.0,0.014264233908999268,0,1,0.0,4.150653687698236e-09,0,1,,
6075,6.075,0.0,0.013568559012200944,0,1,0.0,3.948223918650959e-09,0,1,,
6076,6.0760000000000005,0.0,0.012906812580479881,0,1,0.0,3.755666765938306e-09,0,1,,
6077,6.077,0.0,0.012277339903068453,0,1,0.0,3.5725007363799526e-09,0,1,,
6078,6.078,0.0,0.011678566970395456,0,1,0.0,3.3982678194950793e-09,0,1,,
6079,6.079,0.0,0.011108996538242316,0,1,0.0,3.2325323422376008e-09,0,1,,
6080,6.08,0.0,0.010567204383852663,0,1,0.0,3.074879879586618e-09,0,1,,
6081,6.081,0.0,0.010051835744633591,0,1,0.0,2.9249162182680033e-09,0,1,,
6082,6.082,0.0,0.009561601930543517,0,1,0.0,2.7822663710158778e-09,0,1,,
6083,6.083,0.0,0.009095277101695826,0,1,0.0,2.6465736389091237e-09,0,1,,
6084,6.0840000000000005,0.0,0.008651695203120643,0,1,0.0,2.517498719438286e-09,0,1,,
6085,6.085,0.0,0.008229747049020037,0,1,0.0,2.3947188580725654e-09,0,1,,
6086,6.086,0.0,0.007828377549225779,0,1,0.0,2.2779270412053736e-09,0,1,,
6087,6.087,0.0,0.007446583070924348,0,1,0.0,2.1668312284604018e-09,0,1,,
6088,6.088,0.0,0.007083408929052127,0,1,0.0,2.0611536224385632e-09,0,1,,
6089,6.089,0.0,0.006737946999085474,0,1,0.0,1.9606299740797964e-09,0,1,,
6090,6.09,0.0,0.006409333446256388,0,1,0.0,1.8650089219027744e-09,0,1,,
6091,6.091,0.0,0.006096746565515642,0,1,0.0,1.7740513634702733e-09,0,1,,
6092,6.0920000000000005,0.0,0.005799404726842149,0,1,0.0,1.687529857508535e-09,0,1,,
6093,6.093,0.0,0.0055165644207607785,0,1,0.0,1.6052280551856156e-09,0,1,,
6094,6.094,0.0,0.00524751839918139,0,1,0.0,1.5269401591266135e-09,0,1,,
6095,6.095,0.0,0.004991593906910221,0,1,0.0,1.4524704088130372e-09,0,1,,
6096,6.096,0.0,0.00474815099941148,0,1,0.0,1.3816325910795421e-09,0,1,,
6097,6.097,0.0,0.004516580942612672,0,1,0.0,1.314249574484023e-09,0,1,,
6098,6.098,0.0,0.004296304690752344,0,1,0.0,1.2501528663867457e-09,0,1,,
6099,6.099,0.0,0.00408677143846407,0,1,0.0,1.189182191630982e-09,0,1,,
6100,6.1000000000000005,0.0,0.0038874572434761325,0,1,0.0,1.131185091771637e-09,0,1,7.317280616006738,7.134475691979643
6101,6.101,0.0,0.0036978637164829338,0,1,0.0,1.0760165438497216e-09,0,1,,
6102,6.102,0.0,0.0035175167749121328,0,1,0.0,1.023538597759418e-09,0,1,,
6103,6.103,0.0,0.0033459654574712755,0,1,0.0,9.73620031300959e-10,0,1,,
6104,6.104,0.0,0.0031827807965096695,0,1,0.0,9.261360220567784e-10,0,1,,
6105,6.105,0.0,0.003027554745375817,0,1,0.0,8.809678352704499e-10,0,1,,
6106,6.106,0.0,0.0028798991580882443,0,1,0.0,8.380025269479498e-10,0,1,,
6107,6.107,0.0,0.0027394448187683714,0,1,0.0,7.971326614388424e-10,0,1,,
6108,6.1080000000000005,0.0,0.002605840518408501,0,1,0.0,7.582560427911925e-10,0,1,,
6109,6.109,0.0,0.0024787521766663607,0,1,0.0,7.212754592084548e-10,0,1,,
6110,6.11,0.0,0.0023578620064902346,0,1,0.0,6.860984399693467e-10,0,1,,
6111,6.111,0.0,0.0022428677194858047,0,1,0.0,6.526370242028794e-10,0,1,,
6112,6.112,0.0,0.0021334817700377107,0,1,0.0,6.208075409403635e-10,0,1,,
6113,6.113,0.0,0.002029430636295736,0,1,0.0,5.905303998944054e-10,0,1,,
6114,6.114,0.0,0.001930454136227711,0,1,0.0,5.617298924417317e-10,0,1,,
6115,6.115,0.0,0.0018363047770289086,0,1,0.0,5.343340023121964e-10,0,1,,
6116,6.1160000000000005,0.0,0.0017467471362611208,0,1,0.0,5.082742255105938e-10,0,1,,
6117,6.117,0.0,0.001661557273173936,0,1,0.0,4.834853990209882e-10,0,1,,
6118,6.118,0.0,0.0015805221687362188,0,1,0.0,4.5990553786523275e-10,0,1,,
6119,6.119,0.0,0.0015034391929775739,0,1,0.0,4.374756801082367e-10,0,1,,
6120,6.12,0.0,0.0014301155983078755,0,1,0.0,4.1613973942241643e-10,0,1,,
6121,6.121,0.0,0.0013603680375478947,0,1,0.0,3.958443648426623e-10,0,1,,
6122,6.122,0.0,0.0012940221054658495,0,1,0.0,3.765388073611363e-10,0,1,,
6123,6.123,0.0,0.0012309119026734823,0,1,0.0,3.581747930283189e-10,0,1,,
6124,6.1240000000000006,0.0,0.0011708796207911755,0,1,0.0,3.407064022429902e-10,0,1,,
6125,6.125,0.0,0.0011137751478448041,0,1,0.0,3.2408995492930834e-10,0,1,,
6126,6.126,0.0,0.0010594556929076108,0,1,0.0,3.082839013138683e-10,0,1,,
6127,6.127,0.0,0.0010077854290485118,0,1,0.0,2.932487180296259e-10,0,1,,
6128,6.128,0.0,0.0009586351536940209,0,1,0.0,2.789468092868932e-10,0,1,,
6129,6.1290000000000004,0.0,0.0009118819655545171,0,1,0.0,2.6534241286428184e-10,0,1,,
6130,6.13,0.0,0.0008674089573070033,0,1,0.0,2.5240151068452167e-10,0,1,,
6131,6.131,0.0,0.0008251049232659051,0,1,0.0,2.4009174375154836e-10,0,1,,
6132,6.132000000000001,0.0,0.0007848640813109327,0,1,0.0,2.2838233123615825e-10,0,1,,
6133,6.133,0.0,0.0007465858083766802,0,1,0.0,2.1724399350790225e-10,0,1,,
6134,6.134,0.0,0.0007101743888425498,0,1,0.0,2.0664887892075872e-10,0,1,,
6135,6.135,0.0,0.0006755387751938449,0,1,0.0,1.9657049416951106e-10,0,1,,
6136,6.136,0.0,0.0006425923603555583,0,1,0.0,1.8698363804268495e-10,0,1,,
6137,6.1370000000000005,0.0,0.0006112527611295732,0,1,0.0,1.77864338406393e-10,0,1,,
6138,6.138,0.0,0.0005814416121937563,0,1,0.0,1.6918979226151346e-10,0,1,,
6139,6.139,0.0,0.0005530843701478342,0,1,0.0,1.609383087243148e-10,0,1,,
6140,6.140000000000001,0.0,0.0005261101271160642,0,1,0.0,1.5308925478794822e-10,0,1,,
6141,6.141,0.0,0.0005004514334406113,0,1,0.0,1.4562300372918317e-10,0,1,,
6142,6.142,0.0,0.00047604412902227004,0,1,0.0,1.3852088603137624e-10,0,1,,
6143,6.143,0.0,0.0004528271828867976,0,1,0.0,1.3176514270095502e-10,0,1,,
6144,6.144,0.0,0.00043074254057568807,0,1,0.0,1.253388808606839e-10,0,1,,
6145,6.1450000000000005,0.0,0.00040973497897978724,0,1,0.0,1.1922603150867193e-10,0,1,,
6146,6.146,0.0,0.0003897519682527552,0,1,0.0,1.13411309337498e-10,0,1,,
6147,6.147,0.0,0.00037074354045908887,0,1,0.0,1.0788017451298067e-10,0,1,,
6148,6.148,0.0,0.0003526621646282563,0,1,0.0,1.026187963170192e-10,0,1,,
6149,6.149,0.0,0.0003354626279025123,0,1,0.0,9.761401856359416e-11,0,1,,
6150,6.15,0.0,0.0003191019224812039,0,1,0.0,9.285332670144969e-11,0,1,,
6151,6.151,0.0,0.00030353913807886705,0,1,0.0,8.832481652119677e-11,0,1,,
6152,6.152,0.0,0.00028873535962820344,0,1,0.0,8.401716438858916e-11,0,1,,
6153,6.1530000000000005,0.0,0.00027465356997214265,0,1,0.0,7.991959892953955e-11,0,1,,
6154,6.154,0.0,0.0002612585573016678,0,1,0.0,7.602187409607379e-11,0,1,,
6155,6.155,0.0,0.0002485168271079523,0,1,0.0,7.2314243545874e-11,0,1,,
6156,6.156,0.0,0.00023639651842864088,0,1,0.0,6.87874362713462e-11,0,1,,
6157,6.157,0.0,0.0002248673241788485,0,1,0.0,6.543263341727219e-11,0,1,,
6158,6.158,0.0,0.00021390041536766154,0,1,0.0,6.224144622907802e-11,0,1,,
6159,6.159,0.0,0.00020346836901064436,0,1,0.0,5.920589507657803e-11,0,1,,
6160,6.16,0.0,0.00019354509955809415,0,1,0.0,5.631838950074297e-11,0,1,,
6161,6.1610000000000005,0.0,0.0001841057936675793,0,1,0.0,5.357170923359879e-11,0,1,,
6162,6.162,0.0,0.00017512684815765867,0,1,0.0,5.0958986143795766e-11,0,1,,
6163,6.163,0.0,0.0001665858109876336,0,1,0.0,4.8473687062702705e-11,0,1,,
6164,6.164,0.0,0.00015846132511575142,0,1,0.0,4.61095974480824e-11,0,1,,
6165,6.165,0.0,0.00015073307509547677,0,1,0.0,4.386080584449902e-11,0,1,,
6166,6.166,0.0,0.00014338173627629329,0,1,0.0,4.172168910160036e-11,0,1,,
6167,6.167,0.0,0.00013638892648201162,0,1,0.0,3.9686898313313017e-11,0,1,,
6168,6.168,0.0,0.0001297371600457541,0,1,0.0,3.77513454427911e-11,0,1,,
6169,6.1690000000000005,0.0,0.0001234098040866797,0,1,0.0,3.591019059967383e-11,0,1,,
6170,6.17,0.0,0.0001173910369191182,0,1,0.0,3.415882993783869e-11,0,1,,
6171,6.171,0.0,0.00011166580849011487,0,1,0.0,3.2492884143388056e-11,0,1,,
6172,6.172,0.0,0.00010621980274645891,0,1,0.0,3.0908187484083394e-11,0,1,,
6173,6.173,0.0,0.00010103940183709347,0,1,0.0,2.9400777392844816e-11,0,1,,
6174,6.174,0.0,9.611165206139482e-05,0,1,0.0,2.7966884559269377e-11,0,1,,
6175,6.175,0.0,9.142423147817346e-05,0,1,0.0,2.6602923504391713e-11,0,1,,
6176,6.176,0.0,8.6965419094403e-05,0,1,0.0,2.5305483615119047e-11,0,1,,
6177,6.1770000000000005,0.0,8.272406555663236e-05,0,1,0.0,2.4071320615921938e-11,0,1,,
6178,6.178,0.0,7.868956527179474e-05,0,1,0.0,2.2897348456455598e-11,0,1,,
6179,6.179,0.0,7.485182988770068e-05,0,1,0.0,2.178063159482657e-11,0,1,,
6180,6.18,0.0,7.120126306690287e-05,0,1,0.0,2.0718377657208946e-11,0,1,,
6181,6.181,0.0,6.772873649085395e-05,0,1,0.0,1.970793045545532e-11,0,1,,
6182,6.182,0.0,6.442556703435551e-05,0,1,0.0,1.874676334524286e-11,0,1,,
6183,6.183,0.0,6.128349505322216e-05,0,1,0.0,1.7832472908146444e-11,0,1,,
6184,6.184,0.0,5.829466373086887e-05,0,1,0.0,1.6962772941840715e-11,0,1,,
6185,6.1850000000000005,0.0,5.545159943217704e-05,0,1,0.0,1.6135488743403426e-11,0,1,,
6186,6.186,0.0,5.2747193015513886e-05,0,1,0.0,1.534855167142539e-11,0,1,,
6187,6.187,0.0,5.017468205617536e-05,0,1,0.0,1.4599993973329445e-11,0,1,,
6188,6.188,0.0,4.7727633936801984e-05,0,1,0.0,1.3887943864964061e-11,0,1,,
6189,6.189,0.0,4.53999297624849e-05,0,1,0.0,1.3210620850167986e-11,0,1,,
6190,6.19,0.0,4.318574906034135e-05,0,1,0.0,1.2566331268602426e-11,0,1,,
6191,6.191,0.0,4.107955522530075e-05,0,1,0.0,1.1953464060718013e-11,0,1,,
6192,6.192,0.0,3.907608167570813e-05,0,1,0.0,1.1370486739266763e-11,0,1,,
6193,6.1930000000000005,0.0,3.717031868412674e-05,0,1,0.0,1.0815941557285724e-11,0,1,,
6194,6.194,0.0,3.5357500850410015e-05,0,1,0.0,1.0288441862970256e-11,0,1,,
6195,6.195,0.0,3.363309518571902e-05,0,1,0.0,9.78666863232225e-12,0,1,,
6196,6.196,0.0,3.199278977768924e-05,0,1,0.0,9.309367170903085e-12,0,1,,
6197,6.197,0.0,3.0432483008403662e-05,0,1,0.0,8.855343976443981e-12,0,1,,
6198,6.198,0.0,2.8948273298211574e-05,0,1,0.0,8.423463754468673e-12,0,1,,
6199,6.199,0.0,2.7536449349747182e-05,0,1,0.0,8.01264657946586e-12,0,1,,
6200,6.2,0.0,2.6193480867753072e-05,0,1,0.0,7.621865194512924e-12,0,1,7.050531734296668,7.318609150092331
6201,6.2010000000000005,0.0,2.4916009731503218e-05,0,1,0.0,7.250142442598552e-12,0,1,,
6202,6.202,0.0,2.3700841597751995e-05,0,1,0.0,6.8965488232212215e-12,0,1,,
6203,6.203,0.0,2.2544937913212214e-05,0,1,0.0,6.560200168153799e-12,0,1,,
6204,6.204,0.0,2.1445408316589184e-05,0,1,0.0,6.240255430562425e-12,0,1,,
6205,6.205,0.0,2.0399503411171956e-05,0,1,0.0,5.935914581951351e-12,0,1,,
6206,6.206,0.0,1.9404607889909453e-05,0,1,0.0,5.6464166116749796e-12,0,1,,
6207,6.207,0.0,1.8458233995780585e-05,0,1,0.0,5.371037624014862e-12,0,1,,
6208,6.208,0.0,1.7558015301105882e-05,0,1,0.0,5.10908902806334e-12,0,1,,
6209,6.2090000000000005,0.0,1.670170079024568e-05,0,1,0.0,4.859915815887603e-12,0,1,,
6210,6.21,0.0,1.588714923088852e-05,0,1,0.0,4.6228949246686826e-12,0,1,,
6211,6.211,0.0,1.5112323819855049e-05,0,1,0.0,4.3974336787198626e-12,0,1,,
6212,6.212,0.0,1.437528709002915e-05,0,1,0.0,4.1829683074887526e-12,0,1,,
6213,6.213,0.0,1.3674196065680972e-05,0,1,0.0,3.978962535837252e-12,0,1,,
6214,6.214,0.0,1.3007297654067639e-05,0,1,0.0,3.784906243074371e-12,0,1,,
6215,6.215,0.0,1.2372924261788248e-05,0,1,0.0,3.6003141873887935e-12,0,1,,
6216,6.216,0.0,1.1769489624931757e-05,0,1,0.0,3.424724792491598e-12,0,1,,
6217,6.2170000000000005,0.0,1.119548484259096e-05,0,1,0.0,3.2576989934351097e-12,0,1,,
6218,6.218,0.0,1.0649474603824266e-05,0,1,0.0,3.098819138721835e-12,0,1,,
6219,6.219,0.0,1.0130093598630726e-05,0,1,0.0,2.9476879459581693e-12,0,1,,
6220,6.22,0.0,9.636043103963872e-06,0,1,0.0,2.803927508441481e-12,0,1,,
6221,6.221,0.0,9.166087736247627e-06,0,1,0.0,2.667178350196511e-12,0,1,,
6222,6.222,0.0,8.719052362273884e-06,0,1,0.0,2.537098527098191e-12,0,1,,
6223,6.223,0.0,8.293819160757377e-06,0,1,0.0,2.4133627718332215e-12,0,1,,
6224,6.224,0.0,7.889324827200235e-06,0,1,0.0,2.295661680562363e-12,0,1,,
6225,6.2250000000000005,0.0,7.504557915076874e-06,0,1,0.0,2.1837009392496787e-12,0,1,,
6226,6.226,0.0,7.138556306690853e-06,0,1,0.0,2.0772005877241405e-12,0,1,,
6227,6.227,0.0,6.790404807379483e-06,0,1,0.0,1.975894319633379e-12,0,1,,
6228,6.228,0.0,6.459232857050467e-06,0,1,0.0,1.879528816539089e-12,0,1,,
6229,6.229,0.0,6.144212353328218e-06,0,1,0.0,1.7878631144889857e-12,0,1,,
6230,6.23,0.0,5.844555580866579e-06,0,1,0.0,1.700668001481412e-12,0,1,,
6231,6.231,0.0,5.559513241650153e-06,0,1,0.0,1.617725444315943e-12,0,1,,
6232,6.232,0.0,5.288372581358974e-06,0,1,0.0,1.5388280433968164e-12,0,1,,
6233,6.2330000000000005,0.0,5.030455607111452e-06,0,1,0.0,1.4637785141259134e-12,0,1,,
6234,6.234,0.0,4.785117392129016e-06,0,1,0.0,1.392389193588503e-12,0,1,,
6235,6.235,0.0,4.551744463083241e-06,0,1,0.0,1.324481571298205e-12,0,1,,
6236,6.236,0.0,4.329753266092983e-06,0,1,0.0,1.2598858428277928e-12,0,1,,
6237,6.237,0.0,4.118588707535715e-06,0,1,0.0,1.1984404852096784e-12,0,1,,
6238,6.238,0.0,3.917722766024337e-06,0,1,0.0,1.1399918530443588e-12,0,1,,
6239,6.239,0.0,3.726653172078676e-06,0,1,0.0,1.084393794306888e-12,0,1,,
6240,6.24,0.0,3.5449021521901592e-06,0,1,0.0,1.0315072848906868e-12,0,1,,
6241,6.2410000000000005,0.0,3.3720152341391875e-06,0,1,0.0,9.81200080974862e-13,0,1,,
6242,6.242,0.0,3.2075601105778598e-06,0,1,0.0,9.33346388345772e-13,0,1,,
6243,6.243,0.0,3.051125558036424e-06,0,1,0.0,8.878265478459686e-13,0,1,,
6244,6.244,0.0,2.902320408650408e-06,0,1,0.0,8.445267361639764e-13,0,1,,
6245,6.245,0.0,2.7607725720372046e-06,0,1,0.0,8.033386812167256e-13,0,1,,
6246,6.246,0.0,2.626128104876306e-06,0,1,0.0,7.641593914129485e-13,0,1,,
6247,6.247,0.0,2.498050325866639e-06,0,1,0.0,7.268908981205548e-13,0,1,,
6248,6.248,0.0,2.3762189738479443e-06,0,1,0.0,6.914400106940225e-13,0,1,,
6249,6.2490000000000006,0.0,2.260329406981057e-06,0,1,0.0,6.577180834492426e-13,0,1,,
6250,6.25,0.0,2.1500918409846313e-06,0,1,0.0,6.256407940031356e-13,0,1,,
6251,6.251,0.0,2.0452306245234914e-06,0,1,0.0,5.951279324237724e-13,0,1,,
6252,6.252,0.0,1.9454835499367166e-06,0,1,0.0,5.661032006637649e-13,0,1,,
6253,6.253,0.0,1.850601197581909e-06,0,1,0.0,5.384940217754053e-13,0,1,,
6254,6.2540000000000004,0.0,1.7603463121561715e-06,0,1,0.0,5.122313584304937e-13,0,1,,
6255,6.255,0.0,1.6744932094342692e-06,0,1,0.0,4.872495402910575e-13,0,1,,
6256,6.256,0.0,1.5928272119405136e-06,0,1,0.0,4.634860997993001e-13,0,1,,
6257,6.257000000000001,0.0,1.5151441121432515e-06,0,1,0.0,4.408816159761687e-13,0,1,,
6258,6.258,0.0,1.4412496618296704e-06,0,1,0.0,4.1937956583795577e-13,0,1,,
6259,6.259,0.0,1.370959086384086e-06,0,1,0.0,3.98926183059398e-13,0,1,,
6260,6.26,0.0,1.3040966227551586e-06,0,1,0.0,3.7947032352985765e-13,0,1,,
6261,6.261,0.0,1.2404950799567143e-06,0,1,0.0,3.6096333746640626e-13,0,1,,
6262,6.2620000000000005,0.0,1.1799954210031926e-06,0,1,0.0,3.4335894776402666e-13,0,1,,
6263,6.263,0.0,1.1224463652343446e-06,0,1,0.0,3.266131342787458e-13,0,1,,
6264,6.264,0.0,1.067704010034784e-06,0,1,0.0,3.106840237543458e-13,0,1,,
6265,6.265000000000001,0.0,1.0156314710024922e-06,0,1,0.0,2.9553178511741255e-13,0,1,,
6266,6.266,0.0,9.660985396665142e-07,0,1,0.0,2.81118529878905e-13,0,1,,
6267,6.267,0.0,9.189813578979585e-07,0,1,0.0,2.6740821739319756e-13,0,1,,
6268,6.268,0.0,8.741621082001598e-07,0,1,0.0,2.5436656473769313e-13,0,1,,
6269,6.269,0.0,8.315287191035689e-07,0,1,0.0,2.4196096098765945e-13,0,1,,
6270,6.2700000000000005,0.0,7.909745849287038e-07,0,1,0.0,2.30160385671931e-13,0,1,,
6271,6.271,0.0,7.523982992164221e-07,0,1,0.0,2.1893533120557333e-13,0,1,,
6272,6.272,0.0,7.157034011589532e-07,0,1,0.0,2.0825772910555074e-13,0,1,,
6273,6.273,0.0,6.807981343976347e-07,0,1,0.0,1.9810087980489862e-13,0,1,,
6274,6.274,0.0,6.475952175842218e-07,0,1,0.0,1.8843938588989882e-13,0,1,,
6275,6.275,0.0,6.16011626132054e-07,0,1,0.0,1.7924908859331643e-13,0,1,,
6276,6.276,0.0,5.859683846113427e-07,0,1,0.0,1.705070073848979e-13,0,1,,
6277,6.277,0.0,5.573903692694606e-07,0,1,0.0,1.6219128250807542e-13,0,1,,
6278,6.2780000000000005,0.0,5.302061201824295e-07,0,1,0.0,1.542811203191893e-13,0,1,,
6279,6.279,0.0,5.043476625678889e-07,0,1,0.0,1.4675674129254787e-13,0,1,,
6280,6.28,0.0,4.797503368127332e-07,0,1,0.0,1.3959933056131047e-13,0,1,,
6281,6.281,0.0,4.563526367903999e-07,0,1,0.0,1.327909908705203e-13,0,1,,
6282,6.282,0.0,4.340960560635155e-07,0,1,0.0,1.263146978246446e-13,0,1,,
6283,6.283,0.0,4.129249415873275e-07,0,1,0.0,1.2015425731771827e-13,0,1,,
6284,6.284,0.0,3.927863545481045e-07,0,1,0.0,1.1429426503964385e-13,0,1,,
6285,6.285,0.0,3.7362993798852686e-07,0,1,0.0,1.087200679573925e-13,0,1,,
6286,6.2860000000000005,0.0,3.554077908890639e-07,0,1,0.0,1.03417727674789e-13,0,1,,
6287,6.287,0.0,3.3807434839047436e-07,0,1,0.0,9.83739855792611e-14,0,1,,
6288,6.288,0.0,3.215862678579248e-07,0,1,0.0,9.357622968840208e-14,0,1,,
6289,6.289,0.0,3.0590232050182626e-07,0,1,0.0,8.901246311344534e-14,0,1,,
6290,6.29,0.0,2.9098328828438516e-07,0,1,0.0,8.467127406079364e-14,0,1,,
6291,6.291,0.0,2.767918658540811e-07,0,1,0.0,8.054180729659096e-14,0,1,,
6292,6.292,0.0,2.6329256726285636e-07,0,1,0.0,7.661373700298363e-14,0,1,,
6293,6.293,0.0,2.504516372327624e-07,0,1,0.0,7.287724095819717e-14,0,1,,
6294,6.2940000000000005,0.0,2.382369667501822e-07,0,1,0.0,6.932297597586576e-14,0,1,,
6295,6.295,0.0,2.2661801277657155e-07,0,1,0.0,6.594205454219962e-14,0,1,,
6296,6.296,0.0,2.1556572187495362e-07,0,1,0.0,6.272602259257123e-14,0,1,,
6297,6.297,0.0,2.0505245756119312e-07,0,1,0.0,5.966683837195032e-14,0,1,,
6298,6.298,0.0,1.9505193119839082e-07,0,1,0.0,5.6756852326327417e-14,0,1,,
6299,6.299,0.0,1.8553913626159815e-07,0,1,0.0,5.398878797484444e-14,0,1,,
6300,6.3,0.0,1.7649028580847957e-07,0,1,0.0,5.135572371480235e-14,0,1,6.368115583191931,7.318165950959876
6301,6.301,0.0,1.6788275299956656e-07,0,1,0.0,4.885107551404911e-14,0,1,,
6302,6.3020000000000005,0.0,1.596950145193732e-07,0,1,0.0,4.6468580447469856e-14,0,1,,
6303,6.303,0.0,1.5190659675689655e-07,0,1,0.0,4.4202281036411885e-14,0,1,,
6304,6.304,0.0,1.4449802461092475e-07,0,1,0.0,4.2046510351884904e-14,0,1,,
6305,6.305,0.0,1.3745077279213997e-07,0,1,0.0,3.9995877844286794e-14,0,1,,
6306,6.306,0.0,1.307472195002457e-07,0,1,0.0,3.8045255864221786e-14,0,1,,
6307,6.307,0.0,1.2437060236028725e-07,0,1,0.0,3.6189766840706106e-14,0,1,,
6308,6.308,0.0,1.1830497650798319e-07,0,1,0.0,3.4424771084699894e-14,0,1,,
6309,6.309,0.0,1.1253517471925934e-07,0,1,0.0,3.27458551874679e-14,0,1,,
6310,6.3100000000000005,0.0,1.0704676948428836e-07,0,1,0.0,3.1148820984758806e-14,0,1,,
6311,6.311,0.0,1.0182603693120022e-07,0,1,0.0,2.9629675059207883e-14,0,1,,
6312,6.312,0.0,9.685992250925404e-08,0,1,0.0,2.8184618754713475e-14,0,1,,
6313,6.313,0.0,9.213600834566148e-08,0,1,0.0,2.6810038677818128e-14,0,1,,
6314,6.314,0.0,8.764248219443656e-08,0,1,0.0,2.5502497662342822e-14,0,1,,
6315,6.315,0.0,8.336810789962796e-08,0,1,0.0,2.4258726174681166e-14,0,1,,
6316,6.316,0.0,7.930219729907654e-08,0,1,0.0,2.3075614138262375e-14,0,1,,
6317,6.317,0.0,7.543458349844265e-08,0,1,0.0,2.1950203156739857e-14,0,1,,
6318,6.3180000000000005,0.0,7.175559544867466e-08,0,1,0.0,2.0879679116459412e-14,0,1,,
6319,6.319,0.0,6.825603376334884e-08,0,1,0.0,1.9861365149709263e-14,0,1,,
6320,6.32,0.0,6.492714771541162e-08,0,1,0.0,1.889271494115648e-14,0,1,,
6321,6.321,0.0,6.176061335580384e-08,0,1,0.0,1.7971306360732318e-14,0,1,,
6322,6.322,0.0,5.87485126992524e-08,0,1,0.0,1.7094835407045424e-14,0,1,,
6323,6.323,0.0,5.588331392518275e-08,0,1,0.0,1.626111044617825e-14,0,1,,
6324,6.324,0.0,5.315785254424432e-08,0,1,0.0,1.5468046731460686e-14,0,1,,
6325,6.325,0.0,5.056531348335534e-08,0,1,0.0,1.47136611905175e-14,0,1,,
6326,6.3260000000000005,0.0,4.8099214044470297e-08,0,1,0.0,1.3996067466554451e-14,0,1,,
6327,6.327,0.0,4.575338769445814e-08,0,1,0.0,1.3313471201483756e-14,0,1,,
6328,6.328,0.0,4.3521968645557466e-08,0,1,0.0,1.2664165549094223e-14,0,1,,
6329,6.329,0.0,4.139937718785175e-08,0,1,0.0,1.2046526907046666e-14,0,1,,
6330,6.33,0.0,3.9380305737088204e-08,0,1,0.0,1.1459010857022366e-14,0,1,,
6331,6.331,0.0,3.745970556295258e-08,0,1,0.0,1.090014830287282e-14,0,1,,
6332,6.332,0.0,3.5632774164613574e-08,0,1,0.0,1.0368541797114146e-14,0,1,,
6333,6.333,0.0,3.389494326196928e-08,0,1,0.0,9.862862046580489e-15,0,1,,
6334,6.3340000000000005,0.0,3.2241867372567395e-08,0,1,0.0,9.381844588498693e-15,0,1,,
6335,6.335,0.0,3.066941294563563e-08,0,1,0.0,8.92428662867275e-15,0,1,,
6336,6.336,0.0,2.917364802605173e-08,0,1,0.0,8.489044033871798e-15,0,1,,
6337,6.337,0.0,2.775083242240758e-08,0,1,0.0,8.07502847090109e-15,0,1,,
6338,6.338,0.0,2.6397408354582516e-08,0,1,0.0,7.681204685202124e-15,0,1,,
6339,6.339,0.0,2.510999155743987e-08,0,1,0.0,7.306587912177005e-15,0,1,,
6340,6.34,0.0,2.3885362818401313e-08,0,1,0.0,6.950241414764006e-15,0,1,,
6341,6.341,0.0,2.2720459927738632e-08,0,1,0.0,6.611274141106994e-15,0,1,,
6342,6.3420000000000005,0.0,2.1612370021454353e-08,0,1,0.0,6.2888384964616584e-15,0,1,,
6343,6.343,0.0,2.0558322297604508e-08,0,1,0.0,5.982128223767159e-15,0,1,,
6344,6.344,0.0,1.9555681087850532e-08,0,1,0.0,5.690376387583513e-15,0,1,,
6345,6.345,0.0,1.860193926691556e-08,0,1,0.0,5.412853456353517e-15,0,1,,
6346,6.346,0.0,1.7694711983465323e-08,0,1,0.0,5.148865478193857e-15,0,1,,
6347,6.347,0.0,1.6831730696737606e-08,0,1,0.0,4.8977523456539364e-15,0,1,,
6348,6.348,0.0,1.6010837504008715e-08,0,1,0.0,4.658886145103416e-15,0,1,,
6349,6.349,0.0,1.522997974471266e-08,0,1,0.0,4.431669586621073e-15,0,1,,
6350,6.3500000000000005,0.0,1.4487204867720554e-08,0,1,0.0,4.2155345104588805e-15,0,1,,
6351,6.351,0.0,1.3780655548945765e-08,0,1,0.0,4.0099404663467e-15,0,1,,
6352,6.352,0.0,1.3108565047066251e-08,0,1,0.0,3.814373362085096e-15,0,1,,
6353,6.353,0.0,1.2469252785751005e-08,0,1,0.0,3.628344178047059e-15,0,1,,
6354,6.354,0.0,1.1861120151343853e-08,0,1,0.0,3.45138774437422e-15,0,1,,
6355,6.355,0.0,1.1282646495496636e-08,0,1,0.0,3.283061577809907e-15,0,1,,
6356,6.356,0.0,1.0732385332756263e-08,0,1,0.0,3.122944775260524e-15,0,1,,
6357,6.357,0.0,1.0208960723597644e-08,0,1,0.0,2.9706369613185797e-15,0,1,,
6358,6.3580000000000005,0.0,9.71106383385818e-09,0,1,0.0,2.8257572871156225e-15,0,1,,
6359,6.359,0.0,9.237449661970614e-09,0,1,0.0,2.6879434780016925e-15,0,1,,
6360,6.36,0.0,8.786933925810623e-09,0,1,0.0,2.5568509276699975e-15,0,1,,
6361,6.361,0.0,8.358390101374638e-09,0,1,0.0,2.4321518364616484e-15,0,1,,
6362,6.362,0.0,7.950746605883062e-09,0,1,0.0,2.3135343916957685e-15,0,1,,
6363,6.363,0.0,7.56298411826515e-09,0,1,0.0,2.200701987975375e-15,0,1,,
6364,6.364,0.0,7.194133030325398e-09,0,1,0.0,2.0933724855193934e-15,0,1,,
6365,6.365,0.0,6.843271022218007e-09,0,1,0.0,1.991277504666242e-15,0,1,,
6366,6.3660000000000005,0.0,6.509520756166848e-09,0,1,0.0,1.894161754784887e-15,0,1,,
6367,6.367,0.0,6.1920476826640435e-09,0,1,0.0,1.8017823959152907e-15,0,1,,
6368,6.368,0.0,5.890057953661498e-09,0,1,0.0,1.7139084315420197e-15,0,1,,
6369,6.369,0.0,5.60279643753728e-09,0,1,0.0,1.630320130982637e-15,0,1,,
6370,6.37,0.0,5.329544830873238e-09,0,1,0.0,1.5508084799465424e-15,0,1,,
6371,6.371,0.0,5.069619862322305e-09,0,1,0.0,1.4751746578903765e-15,0,1,,
6372,6.372,0.0,4.822371584074235e-09,0,1,0.0,1.4032295408631006e-15,0,1,,
6373,6.373,0.0,4.587181746647531e-09,0,1,0.0,1.3347932285976084e-15,0,1,,
6374,6.3740000000000006,0.0,4.363462252943712e-09,0,1,0.0,1.269694594666353e-15,0,1,,
6375,6.375,0.0,4.150653687698236e-09,0,1,0.0,1.2077708585761423e-15,0,1,,
6376,6.376,0.0,3.948223918650959e-09,0,1,0.0,1.1488671787321171e-15,0,1,,
6377,6.377,0.0,3.755666765938306e-09,0,1,0.0,1.0928362652531107e-15,0,1,,
6378,6.378,0.0,3.5725007363799526e-09,0,1,0.0,1.039538011670226e-15,0,1,,
6379,6.3790000000000004,0.0,3.3982678194950793e-09,0,1,0.0,9.888391445876857e-16,0,1,,
6380,6.38,0.0,3.2325323422376008e-09,0,1,0.0,9.406128904299227e-16,0,1,,
6381,6.381,0.0,3.074879879586618e-09,0,1,0.0,8.947386584416085e-16,0,1,,
6382,6.382000000000001,0.0,2.9249162182680033e-09,0,1,0.0,8.511017391479522e-16,0,1,,
6383,6.383,0.0,2.7822663710158778e-09,0,1,0.0,8.095930175212634e-16,0,1,,
6384,6.384,0.0,2.6465736389091237e-09,0,1,0.0,7.701087001365478e-16,0,1,,
6385,6.385,0.0,2.517498719438286e-09,0,1,0.0,7.325500556338813e-16,0,1,,
6386,6.386,0.0,2.3947188580725654e-09,0,1,0.0,6.968231678385829e-16,0,1,,
6387,6.3870000000000005,0.0,2.2779270412053736e-09,0,1,0.0,6.628387009218597e-16,0,1,,
6388,6.388,0.0,2.1668312284604018e-09,0,1,0.0,6.305116760147015e-16,0,1,,
6389,6.389,0.0,2.0611536224385632e-09,0,1,0.0,5.997612587164452e-16,0,1,,
6390,6.390000000000001,0.0,1.9606299740797964e-09,0,1,0.0,5.70510556966668e-16,0,1,,
6391,6.391,0.0,1.8650089219027744e-09,0,1,0.0,5.426864287749854e-16,0,1,,
6392,6.392,0.0,1.7740513634702733e-09,0,1,0.0,5.16219299327977e-16,0,1,,
6393,6.393,0.0,1.687529857508535e-09,0,1,0.0,4.910429870159135e-16,0,1,,
6394,6.394,0.0,1.6052280551856156e-09,0,1,0.0,4.67094537944259e-16,0,1,,
6395,6.3950000000000005,0.0,1.5269401591266135e-09,0,1,0.0,4.443140685161444e-16,0,1,,
6396,6.396,0.0,1.4524704088130372e-09,0,1,0.0,4.226446156921829e-16,0,1,,
6397,6.397,0.0,1.3816325910795421e-09,0,1,0.0,4.020319945532006e-16,0,1,,
6398,6.398000000000001,0.0,1.314249574484023e-09,0,1,0.0,3.824246628097152e-16,0,1,,
6399,6.399,0.0,1.2501528663867457e-09,0,1,0.0,3.63773591919365e-16,0,1,,
6400,6.4,0.0,1.189182191630982e-09,0,1,0.0,3.4603214449001516e-16,0,1,6.369315700578897,7.251440912257189
6401,6.401,0.0,1.131185091771637e-09,0,1,0.0,3.2915595766198504e-16,0,1,,
6402,6.402,0.0,1.0760165438497216e-09,0,1,0.0,3.131028321777914e-16,0,1,,
6403,6.4030000000000005,0.0,1.023538597759418e-09,0,1,0.0,2.978326268620242e-16,0,1,,
6404,6.404,0.0,9.73620031300959e-10,0,1,0.0,2.833071582474992e-16,0,1,,
6405,6.405,0.0,9.261360220567784e-10,0,1,0.0,2.694901050967014e-16,0,1,,
6406,6.406,0.0,8.809678352704499e-10,0,1,0.0,2.563469175797722e-16,0,1,,
6407,6.407,0.0,8.380025269479498e-10,0,1,0.0,2.4384473088193867e-16,0,1,,
6408,6.408,0.0,7.971326614388424e-10,0,1,0.0,2.31952283024358e-16,0,1,,
6409,6.409,0.0,7.582560427911925e-10,0,1,0.0,2.206398366928868e-16,0,1,,
6410,6.41,0.0,7.212754592084548e-10,0,1,0.0,2.0987910487930624e-16,0,1,,
6411,6.4110000000000005,0.0,6.860984399693467e-10,0,1,0.0,1.9964318014906747e-16,0,1,,
6412,6.412,0.0,6.526370242028794e-10,0,1,0.0,1.8990646735868983e-16,0,1,,
6413,6.413,0.0,6.208075409403635e-10,0,1,0.0,1.8064461965457015e-16,0,1,,
6414,6.414,0.0,5.905303998944054e-10,0,1,0.0,1.7183447759316714e-16,0,1,,
6415,6.415,0.0,5.617298924417317e-10,0,1,0.0,1.6345401123032923e-16,0,1,,
6416,6.416,0.0,5.343340023121964e-10,0,1,0.0,1.554822650349593e-16,0,1,,
6417,6.417,0.0,5.082742255105938e-10,0,1,0.0,1.4789930548927182e-16,0,1,,
6418,6.418,0.0,4.834853990209882e-10,0,1,0.0,1.4068617124461533e-16,0,1,,
6419,6.4190000000000005,0.0,4.5990553786523275e-10,0,1,0.0,1.3382482570822435e-16,0,1,,
6420,6.42,0.0,4.374756801082367e-10,0,1,0.0,1.272981119423426e-16,0,1,,
6421,6.421,0.0,4.1613973942241643e-10,0,1,0.0,1.21089709762942e-16,0,1,,
6422,6.422,0.0,3.958443648426623e-10,0,1,0.0,1.1518409493076183e-16,0,1,,
6423,6.423,0.0,3.765388073611363e-10,0,1,0.0,1.0956650033262419e-16,0,1,,
6424,6.424,0.0,3.581747930283189e-10,0,1,0.0,1.042228790559594e-16,0,1,,
6425,6.425,0.0,3.407064022429902e-10,0,1,0.0,9.913986926420778e-17,0,1,,
6426,6.426,0.0,3.2408995492930834e-10,0,1,0.0,9.43047607852684e-17,0,1,,
6427,6.4270000000000005,0.0,3.082839013138683e-10,0,1,0.0,8.970546332944836e-17,0,1,,
6428,6.428,0.0,2.932487180296259e-10,0,1,0.0,8.533047625744108e-17,0,1,,
6429,6.429,0.0,2.789468092868932e-10,0,1,0.0,8.116885982273752e-17,0,1,,
6430,6.43,0.0,2.6534241286428184e-10,0,1,0.0,7.721020781656175e-17,0,1,,
6431,6.431,0.0,2.5240151068452167e-10,0,1,0.0,7.344462154692856e-17,0,1,,
6432,6.432,0.0,2.4009174375154836e-10,0,1,0.0,6.986268508675759e-17,0,1,,
6433,6.433,0.0,2.2838233123615825e-10,0,1,0.0,6.645544172915104e-17,0,1,,
6434,6.434,0.0,2.1724399350790225e-10,0,1,0.0,6.321437159096108e-17,0,1,,
6435,6.4350000000000005,0.0,2.0664887892075872e-10,0,1,0.0,6.013137030864419e-17,0,1,,
6436,6.436,0.0,1.9657049416951106e-10,0,1,0.0,5.719872877313093e-17,0,1,,
6437,6.437,0.0,1.8698363804268495e-10,0,1,0.0,5.440911385303777e-17,0,1,,
6438,6.438,0.0,1.77864338406393e-10,0,1,0.0,5.175555005801894e-17,0,1,,
6439,6.439,0.0,1.6918979226151346e-10,0,1,0.0,4.9231402096407256e-17,0,1,,
6440,6.44,0.0,1.609383087243148e-10,0,1,0.0,4.683035828352872e-17,0,1,,
6441,6.441,0.0,1.5308925478794822e-10,0,1,0.0,4.4546414759203274e-17,0,1,,
6442,6.442,0.0,1.4562300372918317e-10,0,1,0.0,4.2373860474967044e-17,0,1,,
6443,6.4430000000000005,0.0,1.3852088603137624e-10,0,1,0.0,4.0307262913476453e-17,0,1,,
6444,6.444,0.0,1.3176514270095502e-10,0,1,0.0,3.834145450438518e-17,0,1,,
6445,6.445,0.0,1.253388808606839e-10,0,1,0.0,3.6471519702726625e-17,0,1,,
6446,6.446,0.0,1.1922603150867193e-10,0,1,0.0,3.46927826974911e-17,0,1,,
6447,6.447,0.0,1.13411309337498e-10,0,1,0.0,3.300079571966279e-17,0,1,,
6448,6.448,0.0,1.0788017451298067e-10,0,1,0.0,3.139132792048046e-17,0,1,,
6449,6.449,0.0,1.026187963170192e-10,0,1,0.0,2.986035479211183e-17,0,1,,
6450,6.45,0.0,9.761401856359416e-11,0,1,0.0,2.840404810428767e-17,0,1,,
6451,6.4510000000000005,0.0,9.285332670144969e-11,0,1,0.0,2.7018766331732156e-17,0,1,,
6452,6.452,0.0,8.832481652119677e-11,0,1,0.0,2.5701045548452845e-17,0,1,,
6453,6.453,0.0,8.401716438858916e-11,0,1,0.0,2.444759076612144e-17,0,1,,
6454,6.454,0.0,7.991959892953955e-11,0,1,0.0,2.3255267694886666e-17,0,1,,
6455,6.455,0.0,7.602187409607379e-11,0,1,0.0,2.212109490601709e-17,0,1,,
6456,6.456,0.0,7.2314243545874e-11,0,1,0.0,2.1042236376776314e-17,0,1,,
6457,6.457,0.0,6.87874362713462e-11,0,1,0.0,2.0015994398888924e-17,0,1,,
6458,6.458,0.0,6.543263341727219e-11,0,1,0.0,1.9039802832864625e-17,0,1,,
6459,6.4590000000000005,0.0,6.224144622907802e-11,0,1,0.0,1.8111220691312882e-17,0,1,,
6460,6.46,0.0,5.920589507657803e-11,0,1,0.0,1.7227926035202977e-17,0,1,,
6461,6.461,0.0,5.631838950074297e-11,0,1,0.0,1.6387710167806996e-17,0,1,,
6462,6.462,0.0,5.357170923359879e-11,0,1,0.0,1.558847211180755e-17,0,1,,
6463,6.463,0.0,5.0958986143795766e-11,0,1,0.0,1.4828213355760125e-17,0,1,,
6464,6.464,0.0,4.8473687062702705e-11,0,1,0.0,1.4105032856773506e-17,0,1,,
6465,6.465,0.0,4.61095974480824e-11,0,1,0.0,1.3417122286912324e-17,0,1,,
6466,6.466,0.0,4.386080584449902e-11,0,1,0.0,1.2762761511435313e-17,0,1,,
6467,6.4670000000000005,0.0,4.172168910160036e-11,0,1,0.0,1.2140314287562476e-17,0,1,,
6468,6.468,0.0,3.9686898313313017e-11,0,1,0.0,1.154822417301585e-17,0,1,,
6469,6.469,0.0,3.77513454427911e-11,0,1,0.0,1.09850106341031e-17,0,1,,
6470,6.47,0.0,3.591019059967383e-11,0,1,0.0,1.0449265343612115e-17,0,1,,
6471,6.471,0.0,3.415882993783869e-11,0,1,0.0,9.939648659259408e-18,0,1,,
6472,6.472,0.0,3.2492884143388056e-11,0,1,0.0,9.45488627388662e-18,0,1,,
6473,6.473,0.0,3.0908187484083394e-11,0,1,0.0,8.99376602902887e-18,0,1,,
6474,6.474,0.0,2.9400777392844816e-11,0,1,0.0,8.555134883887204e-18,0,1,,
6475,6.4750000000000005,0.0,2.7966884559269377e-11,0,1,0.0,8.137896032126008e-18,0,1,,
6476,6.476,0.0,2.6602923504391713e-11,0,1,0.0,7.741006159285867e-18,0,1,,
6477,6.477,0.0,2.5305483615119047e-11,0,1,0.0,7.363472833953978e-18,0,1,,
6478,6.478,0.0,2.4071320615921938e-11,0,1,0.0,7.004352026168684e-18,0,1,,
6479,6.479,0.0,2.2897348456455598e-11,0,1,0.0,6.6627457468528475e-18,0,1,,
6480,6.48,0.0,2.178063159482657e-11,0,1,0.0,6.337799802373414e-18,0,1,,
6481,6.481,0.0,2.0718377657208946e-11,0,1,0.0,6.028701658612401e-18,0,1,,
6482,6.482,0.0,1.970793045545532e-11,0,1,0.0,5.734678409208374e-18,0,1,,
6483,6.4830000000000005,0.0,1.874676334524286e-11,0,1,0.0,5.454994842887952e-18,0,1,,
6484,6.484,0.0,1.7832472908146444e-11,0,1,0.0,5.1889516050546695e-18,0,1,,
6485,6.485,0.0,1.6962772941840715e-11,0,1,0.0,4.935883449038209e-18,0,1,,
6486,6.486,0.0,1.6135488743403426e-11,0,1,0.0,4.695157572631215e-18,0,1,,
6487,6.487,0.0,1.534855167142539e-11,0,1,0.0,4.46617203575416e-18,0,1,,
6488,6.488,0.0,1.4599993973329445e-11,0,1,0.0,4.248354255291612e-18,0,1,,
6489,6.489,0.0,1.3887943864964061e-11,0,1,0.0,4.041159573336199e-18,0,1,,
6490,6.49,0.0,1.3210620850167986e-11,0,1,0.0,3.844069895260144e-18,0,1,,
6491,6.4910000000000005,0.0,1.2566331268602426e-11,0,1,0.0,3.656592394208826e-18,0,1,,
6492,6.492,0.0,1.1953464060718013e-11,0,1,0.0,3.4782582787769496e-18,0,1,,
6493,6.493,0.0,1.1370486739266763e-11,0,1,0.0,3.3086216207858418e-18,0,1,,
6494,6.494,0.0,1.0815941557285724e-11,0,1,0.0,3.147258240230736e-18,0,1,,
6495,6.495,0.0,1.0288441862970256e-11,0,1,0.0,2.993764644609813e-18,0,1,,
6496,6.496,0.0,9.78666863232225e-12,0,1,0.0,2.8477570199827767e-18,0,1,,
6497,6.497,0.0,9.309367170903085e-12,0,1,0.0,2.708870271236085e-18,0,1,,
6498,6.498,0.0,8.855343976443981e-12,0,1,0.0,2.576757109154994e-18,0,1,,
6499,6.4990000000000006,0.0,8.423463754468673e-12,0,1,0.0,2.4510871820196284e-18,0,1,,
6500,6.5,0.0,8.01264657946586e-12,0,1,0.0,2.331546249553608e-18,0,1,6.364762094356485,6.709848897581796
6501,6.501,0.0,7.621865194512924e-12,0,1,0.0,2.2178353971596765e-18,0,1,,
6502,6.502,0.0,7.250142442598552e-12,0,1,0.0,2.1096702884775114e-18,0,1,,
6503,6.503,0.0,6.8965488232212215e-12,0,1,0.0,2.0067804543947183e-18,0,1,,
6504,6.5040000000000004,0.0,6.560200168153799e-12,0,1,0.0,1.9089086167331693e-18,0,1,,
6505,6.505,0.0,6.240255430562425e-12,0,1,0.0,1.8158100449195466e-18,0,1,,
6506,6.506,0.0,5.935914581951351e-12,0,1,0.0,1.727251944031436e-18,0,1,,
6507,6.507000000000001,0.0,5.6464166116749796e-12,0,1,0.0,1.6430128726887623e-18,0,1,,
6508,6.508,0.0,5.371037624014862e-12,0,1,0.0,1.5628821893349963e-18,0,1,,
6509,6.509,0.0,5.10908902806334e-12,0,1,0.0,1.4866595255235444e-18,0,1,,
6510,6.51,0.0,4.859915815887603e-12,0,1,0.0,1.4141542848922657e-18,0,1,,
6511,6.511,0.0,4.6228949246686826e-12,0,1,0.0,1.3451851665732888e-18,0,1,,
6512,6.5120000000000005,0.0,4.3974336787198626e-12,0,1,0.0,1.2795797118464066e-18,0,1,,
6513,6.513,0.0,4.1829683074887526e-12,0,1,0.0,1.2171738729024468e-18,0,1,,
6514,6.514,0.0,3.978962535837252e-12,0,1,0.0,1.1578116026382998e-18,0,1,,
6515,6.515000000000001,0.0,3.784906243074371e-12,0,1,0.0,1.1013444644578793e-18,0,1,,
6516,6.516,0.0,3.6003141873887935e-12,0,1,0.0,1.0476312611033157e-18,0,1,,
6517,6.517,0.0,3.424724792491598e-12,0,1,0.0,9.965376815882643e-19,0,1,,
6518,6.518,0.0,3.2576989934351097e-12,0,1,0.0,9.479359653504805e-19,0,1,,
6519,6.519,0.0,3.098819138721835e-12,0,1,0.0,9.017045827838664e-19,0,1,,
6520,6.5200000000000005,0.0,2.9476879459581693e-12,0,1,0.0,8.577279313511537e-19,0,1,,
6521,6.521,0.0,2.803927508441481e-12,0,1,0.0,8.158960465173459e-19,0,1,,
6522,6.522,0.0,2.667178350196511e-12,0,1,0.0,7.761043267811027e-19,0,1,,
6523,6.523000000000001,0.0,2.537098527098191e-12,0,1,0.0,7.382532721165025e-19,0,1,,
6524,6.524,0.0,2.4133627718332215e-12,0,1,0.0,7.022482351711496e-19,0,1,,
6525,6.525,0.0,2.295661680562363e-12,0,1,0.0,6.679991845984947e-19,0,1,,
6526,6.526,0.0,2.1837009392496787e-12,0,1,0.0,6.354204799325724e-19,0,1,,
6527,6.527,0.0,2.0772005877241405e-12,0,1,0.0,6.044306574422283e-19,0,1,,
6528,6.5280000000000005,0.0,1.975894319633379e-12,0,1,0.0,5.749522264293591e-19,0,1,,
6529,6.529,0.0,1.879528816539089e-12,0,1,0.0,5.469114754618034e-19,0,1,,
6530,6.53,0.0,1.7878631144889857e-12,0,1,0.0,5.202382880563677e-19,0,1,,
6531,6.531,0.0,1.700668001481412e-12,0,1,0.0,4.948659673510953e-19,0,1,,
6532,6.532,0.0,1.617725444315943e-12,0,1,0.0,4.707310693283715e-19,0,1,,
6533,6.533,0.0,1.5388280433968164e-12,0,1,0.0,4.477732441718326e-19,0,1,,
6534,6.534,0.0,1.4637785141259134e-12,0,1,0.0,4.2593508536038997e-19,0,1,,
6535,6.535,0.0,1.392389193588503e-12,0,1,0.0,4.0516198612202624e-19,0,1,,
6536,6.5360000000000005,0.0,1.324481571298205e-12,0,1,0.0,3.854020028884213e-19,0,1,,
6537,6.537,0.0,1.2598858428277928e-12,0,1,0.0,3.6660572540897552e-19,0,1,,
6538,6.538,0.0,1.1984404852096784e-12,0,1,0.0,3.487261531994466e-19,0,1,,
6539,6.539,0.0,1.1399918530443588e-12,0,1,0.0,3.317185780162574e-19,0,1,,
6540,6.54,0.0,1.084393794306888e-12,0,1,0.0,3.1554047206259976e-19,0,1,,
6541,6.541,0.0,1.0315072848906868e-12,0,1,0.0,3.001513816467904e-19,0,1,,
6542,6.542,0.0,9.81200080974862e-13,0,1,0.0,2.855128260269706e-19,0,1,,
6543,6.543,0.0,9.33346388345772e-13,0,1,0.0,2.715882011892077e-19,0,1,,
6544,6.5440000000000005,0.0,8.878265478459686e-13,0,1,0.0,2.583426883183942e-19,0,1,,
6545,6.545,0.0,8.445267361639764e-13,0,1,0.0,2.4574316673307342e-19,0,1,,
6546,6.546,0.0,8.033386812167256e-13,0,1,0.0,2.3375813106648446e-19,0,1,,
6547,6.547,0.0,7.641593914129485e-13,0,1,0.0,2.223576124867345e-19,0,1,,
6548,6.548,0.0,7.268908981205548e-13,0,1,0.0,2.1151310375910923e-19,0,1,,
6549,6.549,0.0,6.914400106940225e-13,0,1,0.0,2.0119748796313728e-19,0,1,,
6550,6.55,0.0,6.577180834492426e-13,0,1,0.0,1.913849706861644e-19,0,1,,
6551,6.551,0.0,6.256407940031356e-13,0,1,0.0,1.8205101552388618e-19,0,1,,
6552,6.5520000000000005,0.0,5.951279324237724e-13,0,1,0.0,1.731722827265568e-19,0,1,,
6553,6.553,0.0,5.661032006637649e-13,0,1,0.0,1.6472657083745756e-19,0,1,,
6554,6.554,0.0,5.384940217754053e-13,0,1,0.0,1.5669276117769086e-19,0,1,,
6555,6.555,0.0,5.122313584304937e-13,0,1,0.0,1.490507650384827e-19,0,1,,
6556,6.556,0.0,4.872495402910575e-13,0,1,0.0,1.4178147344894706e-19,0,1,,
6557,6.557,0.0,4.634860997993001e-13,0,1,0.0,1.3486670939370517e-19,0,1,,
6558,6.558,0.0,4.408816159761687e-13,0,1,0.0,1.282891823608792e-19,0,1,,
6559,6.559,0.0,4.1937956583795577e-13,0,1,0.0,1.220324451068063e-19,0,1,,
6560,6.5600000000000005,0.0,3.98926183059398e-13,0,1,0.0,1.1608085252936233e-19,0,1,,
6561,6.561,0.0,3.7947032352985765e-13,0,1,0.0,1.1041952254705758e-19,0,1,,
6562,6.562,0.0,3.6096333746640626e-13,0,1,0.0,1.0503429888608119e-19,0,1,,
6563,6.563,0.0,3.4335894776402666e-13,0,1,0.0,9.9911715682243e-20,0,1,,
6564,6.564,0.0,3.266131342787458e-13,0,1,0.0,9.503896380929896e-20,0,1,,
6565,6.565,0.0,3.106840237543458e-13,0,1,0.0,9.040385884946365e-20,0,1,,
6566,6.566,0.0,2.9553178511741255e-13,0,1,0.0,8.599481062601909e-20,0,1,,
6567,6.567,0.0,2.81118529878905e-13,0,1,0.0,8.180079422183602e-20,0,1,,
6568,6.5680000000000005,0.0,2.6740821739319756e-13,0,1,0.0,7.781132241133841e-20,0,1,,
6569,6.569,0.0,2.5436656473769313e-13,0,1,0.0,7.401641943697695e-20,0,1,,
6570,6.57,0.0,2.4196096098765945e-13,0,1,0.0,7.040659606463905e-20,0,1,,
6571,6.571,0.0,2.30160385671931e-13,0,1,0.0,6.697282585562083e-20,0,1,,
6572,6.572,0.0,2.1893533120557333e-13,0,1,0.0,6.370652259582875e-20,0,1,,
6573,6.573,0.0,2.0825772910555074e-13,0,1,0.0,6.059951882577192e-20,0,1,,
6574,6.574,0.0,1.9810087980489862e-13,0,1,0.0,5.76440454176592e-20,0,1,,
6575,6.575,0.0,1.8843938588989882e-13,0,1,0.0,5.483271214853299e-20,0,1,,
6576,6.5760000000000005,0.0,1.7924908859331643e-13,0,1,0.0,5.2158489220862344e-20,0,1,,
6577,6.577,0.0,1.705070073848979e-13,0,1,0.0,4.9614689684387584e-20,0,1,,
6578,6.578,0.0,1.6219128250807542e-13,0,1,0.0,4.7194952715261514e-20,0,1,,
6579,6.579,0.0,1.542811203191893e-13,0,1,0.0,4.489322771067662e-20,0,1,,
6580,6.58,0.0,1.4675674129254787e-13,0,1,0.0,4.270375915920643e-20,0,1,,
6581,6.581,0.0,1.3959933056131047e-13,0,1,0.0,4.062107224902903e-20,0,1,,
6582,6.582,0.0,1.327909908705203e-13,0,1,0.0,3.8639959178045806e-20,0,1,,
6583,6.583,0.0,1.263146978246446e-13,0,1,0.0,3.675546613166359e-20,0,1,,
6584,6.5840000000000005,0.0,1.2015425731771827e-13,0,1,0.0,3.4962880895677843e-20,0,1,,
6585,6.585,0.0,1.1429426503964385e-13,0,1,0.0,3.325772107328264e-20,0,1,,
6586,6.586,0.0,1.087200679573925e-13,0,1,0.0,3.1635722876743916e-20,0,1,,
6587,6.587,0.0,1.03417727674789e-13,0,1,0.0,3.009283046570919e-20,0,1,,
6588,6.588,0.0,9.83739855792611e-14,0,1,0.0,2.8625185805494105e-20,0,1,,
6589,6.589,0.0,9.357622968840208e-14,0,1,0.0,2.7229119019986166e-20,0,1,,
6590,6.59,0.0,8.901246311344534e-14,0,1,0.0,2.5901139215042886e-20,0,1,,
6591,6.591,0.0,8.467127406079364e-14,0,1,0.0,2.463792574943812e-20,0,1,,
6592,6.5920000000000005,0.0,8.054180729659096e-14,0,1,0.0,2.3436319931529345e-20,0,1,,
6593,6.593,0.0,7.661373700298363e-14,0,1,0.0,2.2293317120883273e-20,0,1,,
6594,6.594,0.0,7.287724095819717e-14,0,1,0.0,2.120605921510971e-20,0,1,,
6595,6.595,0.0,6.932297597586576e-14,0,1,0.0,2.0171827503116875e-20,0,1,,
6596,6.596,0.0,6.594205454219962e-14,0,1,0.0,1.918803586691754e-20,0,1,,
6597,6.597,0.0,6.272602259257123e-14,0,1,0.0,1.825222431498703e-20,0,1,,
6598,6.598,0.0,5.966683837195032e-14,0,1,0.0,1.7362052831003052e-20,0,1,,
6599,6.599,0.0,5.6756852326327417e-14,0,1,0.0,1.6515295522586027e-20,0,1,,
6600,6.6000000000000005,0.0,5.398878797484444e-14,0,1,0.0,1.5709835055408725e-20,0,1,6.363681982779469,6.366186619007485
6601,6.601,0.0,5.135572371480235e-14,0,1,0.0,1.4943657358757583e-20,0,1,,
6602,6.602,0.0,4.885107551404911e-14,0,1,0.0,1.4214846589306835e-20,0,1,,
6603,6.603,0.0,4.6468580447469856e-14,0,1,0.0,1.3521580340512278e-20,0,1,,
6604,6.604,0.0,4.4202281036411885e-14,0,1,0.0,1.2862125085645663e-20,0,1,,
6605,6.605,0.0,4.2046510351884904e-14,0,1,0.0,1.2234831843074921e-20,0,1,,
6606,6.606,0.0,3.9995877844286794e-14,0,1,0.0,1.1638132052951167e-20,0,1,,
6607,6.607,0.0,3.8045255864221786e-14,0,1,0.0,1.1070533654992052e-20,0,1,,
6608,6.6080000000000005,0.0,3.6189766840706106e-14,0,1,0.0,1.0530617357553875e-20,0,1,,
6609,6.609,0.0,3.4424771084699894e-14,0,1,0.0,1.0017033088663202e-20,0,1,,
6610,6.61,0.0,3.27458551874679e-14,0,1,0.0,9.528496620133708e-21,0,1,,
6611,6.611,0.0,3.1148820984758806e-14,0,1,0.0,9.063786356326787e-21,0,1,,
6612,6.612,0.0,2.9629675059207883e-14,0,1,0.0,8.621740279526152e-21,0,1,,
6613,6.613,0.0,2.8184618754713475e-14,0,1,0.0,8.201253044288287e-21,0,1,,
6614,6.614,0.0,2.6810038677818128e-14,0,1,0.0,7.801273213503076e-21,0,1,,
6615,6.615,0.0,2.5502497662342822e-14,0,1,0.0,7.420800629253367e-21,0,1,,
6616,6.6160000000000005,0.0,2.4258726174681166e-14,0,1,0.0,7.058883911899216e-21,0,1,,
6617,6.617,0.0,2.3075614138262375e-14,0,1,0.0,6.7146180811332406e-21,0,1,,
6618,6.618,0.0,2.1950203156739857e-14,0,1,0.0,6.387142293058461e-21,0,1,,
6619,6.619,0.0,2.0879679116459412e-14,0,1,0.0,6.075637687630171e-21,0,1,,
6620,6.62,0.0,1.9861365149709263e-14,0,1,0.0,5.779325341079297e-21,0,1,,
6621,6.621,0.0,1.889271494115648e-14,0,1,0.0,5.4974643181972525e-21,0,1,,
6622,6.622,0.0,1.7971306360732318e-14,0,1,0.0,5.2293498196119826e-21,0,1,,
6623,6.623,0.0,1.7094835407045424e-14,0,1,0.0,4.974311419422419e-21,0,1,,
6624,6.6240000000000006,0.0,1.626111044617825e-14,0,1,0.0,4.7317113887845175e-21,0,1,,
6625,6.625,0.0,1.5468046731460686e-14,0,1,0.0,4.500943101256971e-21,0,1,,
6626,6.626,0.0,1.47136611905175e-14,0,1,0.0,4.281429515919127e-21,0,1,,
6627,6.627,0.0,1.3996067466554451e-14,0,1,0.0,4.072621734468122e-21,0,1,,
6628,6.628,0.0,1.3313471201483756e-14,0,1,0.0,3.8739976286872116e-21,0,1,,
6629,6.6290000000000004,0.0,1.2664165549094223e-14,0,1,0.0,3.685060534853267e-21,0,1,,
6630,6.63,0.0,1.2046526907046666e-14,0,1,0.0,3.505338011818767e-21,0,1,,
6631,6.631,0.0,1.1459010857022366e-14,0,1,0.0,3.3343806596628426e-21,0,1,,
6632,6.632000000000001,0.0,1.090014830287282e-14,0,1,0.0,3.171760995957397e-21,0,1,,
6633,6.633,0.0,1.0368541797114146e-14,0,1,0.0,3.0170723868383663e-21,0,1,,
6634,6.634,0.0,9.862862046580489e-15,0,1,0.0,2.8699280302092546e-21,0,1,,
6635,6.635,0.0,9.381844588498693e-15,0,1,0.0,2.729959988534417e-21,0,1,,
6636,6.636,0.0,8.92428662867275e-15,0,1,0.0,2.5968182688035694e-21,0,1,,
6637,6.6370000000000005,0.0,8.489044033871798e-15,0,1,0.0,2.4701699473669597e-21,0,1,,
6638,6.638,0.0,8.07502847090109e-15,0,1,0.0,2.349698337452832e-21,0,1,,
6639,6.639,0.0,7.681204685202124e-15,0,1,0.0,2.235102197285542e-21,0,1,,
6640,6.640000000000001,0.0,7.306587912177005e-15,0,1,0.0,2.1260949768242075e-21,0,1,,
6641,6.641,0.0,6.950241414764006e-15,0,1,0.0,2.02240410123835e-21,0,1,,
6642,6.642,0.0,6.611274141106994e-15,0,1,0.0,1.9237702893288395e-21,0,1,,
6643,6.643,0.0,6.2888384964616584e-15,0,1,0.0,1.829946905189844e-21,0,1,,
6644,6.644,0.0,5.982128223767159e-15,0,1,0.0,1.740699341490598e-21,0,1,,
6645,6.6450000000000005,0.0,5.690376387583513e-15,0,1,0.0,1.6558044328348735e-21,0,1,,
6646,6.646,0.0,5.412853456353517e-15,0,1,0.0,1.5750498977312478e-21,0,1,,
6647,6.647,0.0,5.148865478193857e-15,0,1,0.0,1.4982338077788034e-21,0,1,,
6648,6.648000000000001,0.0,4.8977523456539364e-15,0,1,0.0,1.4251640827409446e-21,0,1,,
6649,6.649,0.0,4.658886145103416e-15,0,1,0.0,1.3556580102447566e-21,0,1,,
6650,6.65,0.0,4.431669586621073e-15,0,1,0.0,1.2895417889049028e-21,0,1,,
6651,6.651,0.0,4.2155345104588805e-15,0,1,0.0,1.2266500937296319e-21,0,1,,
6652,6.652,0.0,4.0099404663467e-15,0,1,0.0,1.1668256627221847e-21,0,1,,
6653,6.6530000000000005,0.0,3.814373362085096e-15,0,1,0.0,1.1099189036438879e-21,0,1,,
6654,6.654,0.0,3.628344178047059e-15,0,1,0.0,1.0557875199556389e-21,0,1,,
6655,6.655,0.0,3.45138774437422e-15,0,1,0.0,1.0042961550024385e-21,0,1,,
6656,6.656000000000001,0.0,3.283061577809907e-15,0,1,0.0,9.553160535512495e-22,0,1,,
6657,6.657,0.0,3.122944775260524e-15,0,1,0.0,9.087247398358483e-22,0,1,,
6658,6.658,0.0,2.9706369613185797e-15,0,1,0.0,8.64405711303615e-22,0,1,,
6659,6.659,0.0,2.8257572871156225e-15,0,1,0.0,8.222481472984681e-22,0,1,,
6660,6.66,0.0,2.6879434780016925e-15,0,1,0.0,7.821466319515001e-22,0,1,,
6661,6.6610000000000005,0.0,2.5568509276699975e-15,0,1,0.0,7.440008905863972e-22,0,1,,
6662,6.662,0.0,2.4321518364616484e-15,0,1,0.0,7.077155389805173e-22,0,1,,
6663,6.663,0.0,2.3135343916957685e-15,0,1,0.0,6.731998448546501e-22,0,1,,
6664,6.664,0.0,2.200701987975375e-15,0,1,0.0,6.403675009950588e-22,0,1,,
6665,6.665,0.0,2.0933724855193934e-15,0,1,0.0,6.091364094404901e-22,0,1,,
6666,6.666,0.0,1.991277504666242e-15,0,1,0.0,5.794284761945088e-22,0,1,,
6667,6.667,0.0,1.894161754784887e-15,0,1,0.0,5.511694159498283e-22,0,1,,
6668,6.668,0.0,1.8017823959152907e-15,0,1,0.0,5.242885663363498e-22,0,1,,
6669,6.6690000000000005,0.0,1.7139084315420197e-15,0,1,0.0,4.987187112284304e-22,0,1,,
6670,6.67,0.0,1.630320130982637e-15,0,1,0.0,4.743959126695576e-22,0,1,,
6671,6.671,0.0,1.5508084799465424e-15,0,1,0.0,4.512593509941542e-22,0,1,,
6672,6.672,0.0,1.4751746578903765e-15,0,1,0.0,4.29251172746735e-22,0,1,,
6673,6.673,0.0,1.4032295408631006e-15,0,1,0.0,4.083163460181333e-22,0,1,,
6674,6.674,0.0,1.3347932285976084e-15,0,1,0.0,3.8840252283706336e-22,0,1,,
6675,6.675,0.0,1.269694594666353e-15,0,1,0.0,3.694599082729252e-22,0,1,,
6676,6.676,0.0,1.2077708585761423e-15,0,1,0.0,3.5144113592254124e-22,0,1,,
6677,6.6770000000000005,0.0,1.1488671787321171e-15,0,1,0.0,3.343011494694761e-22,0,1,,
6678,6.678,0.0,1.0928362652531107e-15,0,1,0.0,3.1799709001977693e-22,0,1,,
6679,6.679,0.0,1.039538011670226e-15,0,1,0.0,3.0248818893241414e-22,0,1,,
6680,6.68,0.0,9.888391445876857e-16,0,1,0.0,2.8773566587644354e-22,0,1,,
6681,6.681,0.0,9.406128904299227e-16,0,1,0.0,2.737026318599791e-22,0,1,,
6682,6.682,0.0,8.947386584416085e-16,0,1,0.0,2.6035399698849873e-22,0,1,,
6683,6.683,0.0,8.511017391479522e-16,0,1,0.0,2.4765638272183026e-22,0,1,,
6684,6.684,0.0,8.095930175212634e-16,0,1,0.0,2.3557803841041515e-22,0,1,,
6685,6.6850000000000005,0.0,7.701087001365478e-16,0,1,0.0,2.240887619021463e-22,0,1,,
6686,6.686,0.0,7.325500556338813e-16,0,1,0.0,2.1315982402125616e-22,0,1,,
6687,6.687,0.0,6.968231678385829e-16,0,1,0.0,2.0276389673041298e-22,0,1,,
6688,6.688,0.0,6.628387009218597e-16,0,1,0.0,1.9287498479639296e-22,0,1,,
6689,6.689,0.0,6.305116760147015e-16,0,1,0.0,1.8346836078845685e-22,0,1,,
6690,6.69,0.0,5.997612587164452e-16,0,1,0.0,1.7452050324689318e-22,0,1,,
6691,6.691,0.0,5.70510556966668e-16,0,1,0.0,1.6600903786711718e-22,0,1,,
6692,6.692,0.0,5.426864287749854e-16,0,1,0.0,1.579126815522551e-22,0,1,,
6693,6.6930000000000005,0.0,5.16219299327977e-16,0,1,0.0,1.5021118919431614e-22,0,1,,
6694,6.694,0.0,4.910429870159135e-16,0,1,0.0,1.4288530305087721e-22,0,1,,
6695,6.695,0.0,4.67094537944259e-16,0,1,0.0,1.3591670459069604e-22,0,1,,
6696,6.696,0.0,4.443140685161444e-16,0,1,0.0,1.2928796868784135e-22,0,1,,
6697,6.697,0.0,4.226446156921829e-16,0,1,0.0,1.2298252004980166e-22,0,1,,
6698,6.698,0.0,4.020319945532006e-16,0,1,0.0,1.1698459177062035e-22,0,1,,
6699,6.699,0.0,3.824246628097152e-16,0,1,0.0,1.1127918590541815e-22,0,1,,
6700,6.7,0.0,3.63773591919365e-16,0,1,0.0,1.0585203596771888e-22,0,1,6.3632445494100445,6.370597357398431
6701,6.7010000000000005,0.0,3.4603214449001516e-16,0,1,0.0,1.0068957125580211e-22,0,1,,
6702,6.702,0.0,3.2915595766198504e-16,0,1,0.0,9.577888291888028e-23,0,1,,
6703,6.703,0.0,3.131028321777914e-16,0,1,0.0,9.110769167824775e-23,0,1,,
6704,6.704,0.0,2.978326268620242e-16,0,1,0.0,8.66643171226881e-23,0,1,,
6705,6.705,0.0,2.833071582474992e-16,0,1,0.0,8.243764850136197e-23,0,1,,
6706,6.706,0.0,2.694901050967014e-16,0,1,0.0,7.84171169411427e-23,0,1,,
6707,6.707,0.0,2.563469175797722e-16,0,1,0.0,7.459266901892836e-23,0,1,,
6708,6.708,0.0,2.4384473088193867e-16,0,1,0.0,7.095474162284747e-23,0,1,,
6709,6.7090000000000005,0.0,2.31952283024358e-16,0,1,0.0,6.749423803949806e-23,0,1,,
6710,6.71,0.0,2.206398366928868e-16,0,1,0.0,6.420250520742594e-23,0,1,,
6711,6.711,0.0,2.0987910487930624e-16,0,1,0.0,6.107131207996387e-23,0,1,,
6712,6.712,0.0,1.9964318014906747e-16,0,1,0.0,5.809282904332754e-23,0,1,,
6713,6.713,0.0,1.8990646735868983e-16,0,1,0.0,5.525960833850282e-23,0,1,,
6714,6.714,0.0,1.8064461965457015e-16,0,1,0.0,5.2564565437968895e-23,0,1,,
6715,6.715,0.0,1.7183447759316714e-16,0,1,0.0,5.0000961330689277e-23,0,1,,
6716,6.716,0.0,1.6345401123032923e-16,0,1,0.0,4.7562385671074015e-23,0,1,,
6717,6.7170000000000005,0.0,1.554822650349593e-16,0,1,0.0,4.524274074977674e-23,0,1,,
6718,6.718,0.0,1.4789930548927182e-16,0,1,0.0,4.303622624624513e-23,0,1,,
6719,6.719,0.0,1.4068617124461533e-16,0,1,0.0,4.093732472489828e-23,0,1,,
6720,6.72,0.0,1.3382482570822435e-16,0,1,0.0,3.8940787838663837e-23,0,1,,
6721,6.721,0.0,1.272981119423426e-16,0,1,0.0,3.7041623205376603e-23,0,1,,
6722,6.722,0.0,1.21089709762942e-16,0,1,0.0,3.523508192422268e-23,0,1,,
6723,6.723,0.0,1.1518409493076183e-16,0,1,0.0,3.351664670101385e-23,0,1,,
6724,6.724,0.0,1.0956650033262419e-16,0,1,0.0,3.188202055259916e-23,0,1,,
6725,6.7250000000000005,0.0,1.042228790559594e-16,0,1,0.0,3.0327116062168835e-23,0,1,,
6726,6.726,0.0,9.913986926420778e-17,0,1,0.0,2.884804515858322e-23,0,1,,
6727,6.727,0.0,9.43047607852684e-17,0,1,0.0,2.7441109394169726e-23,0,1,,
6728,6.728,0.0,8.970546332944836e-17,0,1,0.0,2.6102790696677206e-23,0,1,,
6729,6.729,0.0,8.533047625744108e-17,0,1,0.0,2.482974257226285e-23,0,1,,
6730,6.73,0.0,8.116885982273752e-17,0,1,0.0,2.3618781737514472e-23,0,1,,
6731,6.731,0.0,7.721020781656175e-17,0,1,0.0,2.2466880159583864e-23,0,1,,
6732,6.732,0.0,7.344462154692856e-17,0,1,0.0,2.137115748452747e-23,0,1,,
6733,6.7330000000000005,0.0,6.986268508675759e-17,0,1,0.0,2.0328873834921194e-23,0,1,,
6734,6.734,0.0,6.645544172915104e-17,0,1,0.0,1.9337422958739712e-23,0,1,,
6735,6.735,0.0,6.321437159096108e-17,0,1,0.0,1.839432571236887e-23,0,1,,
6736,6.736,0.0,6.013137030864419e-17,0,1,0.0,1.749722386145533e-23,0,1,,
6737,6.737,0.0,5.719872877313093e-17,0,1,0.0,1.6643874184092314e-23,0,1,,
6738,6.738,0.0,5.440911385303777e-17,0,1,0.0,1.5832142861596424e-23,0,1,,
6739,6.739,0.0,5.175555005801894e-17,0,1,0.0,1.5060000142849455e-23,0,1,,
6740,6.74,0.0,4.9231402096407256e-17,0,1,0.0,1.432551526886336e-23,0,1,,
6741,6.7410000000000005,0.0,4.683035828352872e-17,0,1,0.0,1.3626851644877085e-23,0,1,,
6742,6.742,0.0,4.4546414759203274e-17,0,1,0.0,1.2962262247913038e-23,0,1,,
6743,6.743,0.0,4.2373860474967044e-17,0,1,0.0,1.2330085258309651e-23,0,1,,
6744,6.744,0.0,4.0307262913476453e-17,0,1,0.0,1.1728739904306627e-23,0,1,,
6745,6.745,0.0,3.834145450438518e-17,0,1,0.0,1.1156722509292152e-23,0,1,,
6746,6.746,0.0,3.6471519702726625e-17,0,1,0.0,1.0612602731828135e-23,0,1,,
6747,6.747,0.0,3.46927826974911e-17,0,1,0.0,1.0095019989051583e-23,0,1,,
6748,6.748,0.0,3.300079571966279e-17,0,1,0.0,9.602680054508742e-24,0,1,,
6749,6.7490000000000006,0.0,3.139132792048046e-17,0,1,0.0,9.134351821914836e-24,0,1,,
6750,6.75,0.0,2.986035479211183e-17,0,1,0.0,8.688864226747099e-24,0,1,,
6751,6.751,0.0,2.840404810428767e-17,0,1,0.0,8.265103317973484e-24,0,1,,
6752,6.752,0.0,2.7018766331732156e-17,0,1,0.0,7.862009472594858e-24,0,1,,
6753,6.753,0.0,2.5701045548452845e-17,0,1,0.0,7.47857474603557e-24,0,1,,
6754,6.7540000000000004,0.0,2.444759076612144e-17,0,1,0.0,7.113840351756988e-24,0,1,,
6755,6.755,0.0,2.3255267694886666e-17,0,1,0.0,6.766894263791757e-24,0,1,,
6756,6.756,0.0,2.212109490601709e-17,0,1,0.0,6.436868936203816e-24,0,1,,
6757,6.757000000000001,0.0,2.1042236376776314e-17,0,1,0.0,6.1229391337716795e-24,0,1,,
6758,6.758,0.0,2.0015994398888924e-17,0,1,0.0,5.824319868470535e-24,0,1,,
6759,6.759,0.0,1.9039802832864625e-17,0,1,0.0,5.5402644365933016e-24,0,1,,
6760,6.76,0.0,1.8111220691312882e-17,0,1,0.0,5.270062551602419e-24,0,1,,
6761,6.761,0.0,1.7227926035202977e-17,0,1,0.0,5.013038568043533e-24,0,1,,
6762,6.7620000000000005,0.0,1.6387710167806996e-17,0,1,0.0,4.7685497920799335e-24,0,1,,
6763,6.763,0.0,1.558847211180755e-17,0,1,0.0,4.535984874423195e-24,0,1,,
6764,6.764,0.0,1.4828213355760125e-17,0,1,0.0,4.314762281641519e-24,0,1,,
6765,6.765000000000001,0.0,1.4105032856773506e-17,0,1,0.0,4.10432884202325e-24,0,1,,
6766,6.766,0.0,1.3417122286912324e-17,0,1,0.0,3.904158362359458e-24,0,1,,
6767,6.767,0.0,1.2762761511435313e-17,0,1,0.0,3.713750312186837e-24,0,1,,
6768,6.768,0.0,1.2140314287562476e-17,0,1,0.0,3.532628572200832e-24,0,1,,
6769,6.769,0.0,1.154822417301585e-17,0,1,0.0,3.360340243709376e-24,0,1,,
6770,6.7700000000000005,0.0,1.09850106341031e-17,0,1,0.0,3.196454516150259e-24,0,1,,
6771,6.771,0.0,1.0449265343612115e-17,0,1,0.0,3.0405615898403192e-24,0,1,,
6772,6.772,0.0,9.939648659259408e-18,0,1,0.0,2.892271651262783e-24,0,1,,
6773,6.773000000000001,0.0,9.45488627388662e-18,0,1,0.0,2.7512138983304267e-24,0,1,,
6774,6.774,0.0,8.99376602902887e-18,0,1,0.0,2.6170356131872177e-24,0,1,,
6775,6.775,0.0,8.555134883887204e-18,0,1,0.0,2.4894012802299502e-24,0,1,,
6776,6.776,0.0,8.137896032126008e-18,0,1,0.0,2.367991747144476e-24,0,1,,
6777,6.777,0.0,7.741006159285867e-18,0,1,0.0,2.2525034268586804e-24,0,1,,
6778,6.7780000000000005,0.0,7.363472833953978e-18,0,1,0.0,2.142647538416669e-24,0,1,,
6779,6.779,0.0,7.004352026168684e-18,0,1,0.0,2.0381493848759594e-24,0,1,,
6780,6.78,0.0,6.6627457468528475e-18,0,1,0.0,1.938747666422043e-24,0,1,,
6781,6.781000000000001,0.0,6.337799802373414e-18,0,1,0.0,1.8441938269827424e-24,0,1,,
6782,6.782,0.0,6.028701658612401e-18,0,1,0.0,1.7542514327085634e-24,0,1,,
6783,6.783,0.0,5.734678409208374e-18,0,1,0.0,1.66869558076492e-24,0,1,,
6784,6.784,0.0,5.454994842887952e-18,0,1,0.0,1.5873123369578996e-24,0,1,,
6785,6.785,0.0,5.1889516050546695e-18,0,1,0.0,1.5098982007873464e-24,0,1,,
6786,6.7860000000000005,0.0,4.935883449038209e-18,0,1,0.0,1.436259596589611e-24,0,1,,
6787,6.787,0.0,4.695157572631215e-18,0,1,0.0,1.3662123894975633e-24,0,1,,
6788,6.788,0.0,4.46617203575416e-18,0,1,0.0,1.2995814250075125e-24,0,1,,
6789,6.789,0.0,4.248354255291612e-18,0,1,0.0,1.236200091001714e-24,0,1,,
6790,6.79,0.0,4.041159573336199e-18,0,1,0.0,1.1759099011312906e-24,0,1,,
6791,6.791,0.0,3.844069895260144e-18,0,1,0.0,1.118560098517809e-24,0,1,,
6792,6.792,0.0,3.656592394208826e-18,0,1,0.0,1.0640072787825575e-24,0,1,,
6793,6.793,0.0,3.4782582787769496e-18,0,1,0.0,1.012115031460903e-24,0,1,,
6794,6.7940000000000005,0.0,3.3086216207858418e-18,0,1,0.0,9.627535989050768e-25,0,1,,
6795,6.795,0.0,3.147258240230736e-18,0,1,0.0,9.157995518224675e-25,0,1,,
6796,6.796,0.0,2.993764644609813e-18,0,1,0.0,8.711354806380975e-25,0,1,,
6797,6.797,0.0,2.8477570199827767e-18,0,1,0.0,8.286497019095305e-25,0,1,,
6798,6.798,0.0,2.708870271236085e-18,0,1,0.0,7.882359790600908e-25,0,1,,
6799,6.799,0.0,2.576757109154994e-18,0,1,0.0,7.497932567320871e-25,0,1,,
6800,6.8,0.0,2.4510871820196284e-18,0,1,0.0,7.1322540809577935e-25,0,1,6.369263197867975,6.365953280246691
6801,6.801,0.0,2.331546249553608e-18,0,1,0.0,6.784409944822351e-25,0,1,,
6802,6.8020000000000005,0.0,2.2178353971596765e-18,0,1,0.0,6.453530367390286e-25,0,1,,
6803,6.803,0.0,2.1096702884775114e-18,0,1,0.0,6.138787977370543e-25,0,1,,
6804,6.804,0.0,2.0067804543947183e-18,0,1,0.0,5.839395754846084e-25,0,1,,
6805,6.805,0.0,1.9089086167331693e-18,0,1,0.0,5.554605063314153e-25,0,1,,
6806,6.806,0.0,1.8158100449195466e-18,0,1,0.0,5.283703777705075e-25,0,1,,
6807,6.807,0.0,1.727251944031436e-18,0,1,0.0,5.0260145036986465e-25,0,1,,
6808,6.808,0.0,1.6430128726887623e-18,0,1,0.0,4.780892883885506e-25,0,1,,
6809,6.809,0.0,1.5628821893349963e-18,0,1,0.0,4.547725986537968e-25,0,1,,
6810,6.8100000000000005,0.0,1.4866595255235444e-18,0,1,0.0,4.325930772961453e-25,0,1,,
6811,6.811,0.0,1.4141542848922657e-18,0,1,0.0,4.114952639594052e-25,0,1,,
6812,6.812,0.0,1.3451851665732888e-18,0,1,0.0,3.914264031208744e-25,0,1,,
6813,6.813,0.0,1.2795797118464066e-18,0,1,0.0,3.7233631217505386e-25,0,1,,
6814,6.814,0.0,1.2171738729024468e-18,0,1,0.0,3.541772559509947e-25,0,1,,
6815,6.815,0.0,1.1578116026382998e-18,0,1,0.0,3.369038273495068e-25,0,1,,
6816,6.816,0.0,1.1013444644578793e-18,0,1,0.0,3.2047283380175925e-25,0,1,,
6817,6.817,0.0,1.0476312611033157e-18,0,1,0.0,3.0484318926536043e-25,0,1,,
6818,6.8180000000000005,0.0,9.965376815882643e-19,0,1,0.0,2.8997581148785105e-25,0,1,,
6819,6.819,0.0,9.479359653504805e-19,0,1,0.0,2.758335242807161e-25,0,1,,
6820,6.82,0.0,9.017045827838664e-19,0,1,0.0,2.6238096455954927e-25,0,1,,
6821,6.821,0.0,8.577279313511537e-19,0,1,0.0,2.495844939179223e-25,0,1,,
6822,6.822,0.0,8.158960465173459e-19,0,1,0.0,2.374121145138472e-25,0,1,,
6823,6.823,0.0,7.761043267811027e-19,0,1,0.0,2.258333890585045e-25,0,1,,
6824,6.824,0.0,7.382532721165025e-19,0,1,0.0,2.1481936470716707e-25,0,1,,
6825,6.825,0.0,7.022482351711496e-19,0,1,0.0,2.0434250066200754e-25,0,1,,
6826,6.8260000000000005,0.0,6.679991845984947e-19,0,1,0.0,1.943765993057582e-25,0,1,,
6827,6.827,0.0,6.354204799325724e-19,0,1,0.0,1.8489674069402226e-25,0,1,,
6828,6.828,0.0,6.044306574422283e-19,0,1,0.0,1.7587922024243254e-25,0,1,,
6829,6.829,0.0,5.749522264293591e-19,0,1,0.0,1.6730148945284343e-25,0,1,,
6830,6.83,0.0,5.469114754618034e-19,0,1,0.0,1.5914209953034053e-25,0,1,,
6831,6.831,0.0,5.202382880563677e-19,0,1,0.0,1.5138064775008118e-25,0,1,,
6832,6.832,0.0,4.948659673510953e-19,0,1,0.0,1.4399772643985503e-25,0,1,,
6833,6.833,0.0,4.707310693283715e-19,0,1,0.0,1.3697487445079455e-25,0,1,,
6834,6.8340000000000005,0.0,4.477732441718326e-19,0,1,0.0,1.3029453099488686e-25,0,1,,
6835,6.835,0.0,4.2593508536038997e-19,0,1,0.0,1.2393999173385667e-25,0,1,,
6836,6.836,0.0,4.0516198612202624e-19,0,1,0.0,1.1789536700961973e-25,0,1,,
6837,6.837,0.0,3.854020028884213e-19,0,1,0.0,1.1214554211186103e-25,0,1,,
6838,6.838,0.0,3.6660572540897552e-19,0,1,0.0,1.0667613948338616e-25,0,1,,
6839,6.839,0.0,3.487261531994466e-19,0,1,0.0,1.0147348276873931e-25,0,1,,
6840,6.84,0.0,3.317185780162574e-19,0,1,0.0,9.652456261619101e-26,0,1,,
6841,6.841,0.0,3.1554047206259976e-19,0,1,0.0,9.181700414758251e-26,0,1,,
6842,6.8420000000000005,0.0,3.001513816467904e-19,0,1,0.0,8.733903601468458e-26,0,1,,
6843,6.843,0.0,2.855128260269706e-19,0,1,0.0,8.307946096469555e-26,0,1,,
6844,6.844,0.0,2.715882011892077e-19,0,1,0.0,7.902762784127689e-26,0,1,,
6845,6.845,0.0,2.583426883183942e-19,0,1,0.0,7.517340495111442e-26,0,1,,
6846,6.846,0.0,2.4574316673307342e-19,0,1,0.0,7.150715472940769e-26,0,1,,
6847,6.847,0.0,2.3375813106648446e-19,0,1,0.0,6.801970964093799e-26,0,1,,
6848,6.848,0.0,2.223576124867345e-19,0,1,0.0,6.470234925645512e-26,0,1,,
6849,6.849,0.0,2.1151310375910923e-19,0,1,0.0,6.1546778447062e-26,0,1,,
6850,6.8500000000000005,0.0,2.0119748796313728e-19,0,1,0.0,5.854510664207174e-26,0,1,,
6851,6.851,0.0,1.913849706861644e-19,0,1,0.0,5.568982809847083e-26,0,1,,
6852,6.852,0.0,1.8205101552388618e-19,0,1,0.0,5.29738031326521e-26,0,1,,
6853,6.853,0.0,1.731722827265568e-19,0,1,0.0,5.0390240267486776e-26,0,1,,
6854,6.854,0.0,1.6472657083745756e-19,0,1,0.0,4.793267925009415e-26,0,1,,
6855,6.855,0.0,1.5669276117769086e-19,0,1,0.0,4.5594974897844373e-26,0,1,,
6856,6.856,0.0,1.490507650384827e-19,0,1,0.0,4.337128173220101e-26,0,1,,
6857,6.857,0.0,1.4178147344894706e-19,0,1,0.0,4.125603936197989e-26,0,1,,
6858,6.8580000000000005,0.0,1.3486670939370517e-19,0,1,0.0,3.924395857947494e-26,0,1,,
6859,6.859,0.0,1.282891823608792e-19,0,1,0.0,3.7330008134683804e-26,0,1,,
6860,6.86,0.0,1.220324451068063e-19,0,1,0.0,3.550940215456225e-26,0,1,,
6861,6.861,0.0,1.1608085252936233e-19,0,1,0.0,3.377758817584866e-26,0,1,,
6862,6.862,0.0,1.1041952254705758e-19,0,1,0.0,3.2130235761534646e-26,0,1,,
6863,6.863,0.0,1.0503429888608119e-19,0,1,0.0,3.056322567251686e-26,0,1,,
6864,6.864,0.0,9.9911715682243e-20,0,1,0.0,2.907263956735366e-26,0,1,,
6865,6.865,0.0,9.503896380929896e-20,0,1,0.0,2.765475020437051e-26,0,1,,
6866,6.8660000000000005,0.0,9.040385884946365e-20,0,1,0.0,2.6306012121614364e-26,0,1,,
6867,6.867,0.0,8.599481062601909e-20,0,1,0.0,2.502305277135204e-26,0,1,,
6868,6.868,0.0,8.180079422183602e-20,0,1,0.0,2.3802664086944196e-26,0,1,,
6869,6.869,0.0,7.781132241133841e-20,0,1,0.0,2.264179446100774e-26,0,1,,
6870,6.87,0.0,7.401641943697695e-20,0,1,0.0,1.0,0,1,,
6871,6.871,0.0,7.040659606463905e-20,0,1,0.0,0.951229424500714,0,1,,
6872,6.872,0.0,6.697282585562083e-20,0,1,0.0,0.9048374180359596,0,1,,
6873,6.873,0.0,6.370652259582875e-20,0,1,0.0,0.8607079764250579,0,1,,
6874,6.8740000000000006,0.0,6.059951882577192e-20,0,1,0.0,0.8187307530779819,0,1,,
6875,6.875,0.0,5.76440454176592e-20,0,1,0.0,0.778800783071405,0,1,,
6876,6.876,0.0,5.483271214853299e-20,0,1,0.0,0.740818220681718,0,1,,
6877,6.877,0.0,5.2158489220862344e-20,0,1,0.0,0.7046880897187136,0,1,,
6878,6.878,0.0,4.9614689684387584e-20,0,1,0.0,0.6703200460356394,0,1,,
6879,6.8790000000000004,0.0,4.7194952715261514e-20,0,1,0.0,0.6376281516217734,0,1,,
6880,6.88,0.0,4.489322771067662e-20,0,1,0.0,0.6065306597126335,0,1,,
6881,6.881,0.0,4.270375915920643e-20,0,1,0.0,0.5769498103804868,0,1,,
6882,6.882000000000001,0.0,4.062107224902903e-20,0,1,0.0,0.5488116360940265,0,1,,
6883,6.883,0.0,3.8639959178045806e-20,0,1,0.0,0.5220457767610162,0,1,,
6884,6.884,0.0,3.675546613166359e-20,0,1,0.0,0.49658530379140964,0,1,,
6885,6.885,0.0,3.4962880895677843e-20,0,1,0.0,0.4723665527410148,0,1,,
6886,6.886,0.0,3.325772107328264e-20,0,1,0.0,0.4493289641172217,0,1,,
6887,6.8870000000000005,0.0,3.1635722876743916e-20,0,1,0.0,0.42741493194872676,0,1,,
6888,6.888,0.0,3.009283046570919e-20,0,1,0.0,0.4065696597405992,0,1,,
6889,6.889,0.0,2.8625185805494105e-20,0,1,0.0,0.3867410234545013,0,1,,
6890,6.890000000000001,0.0,2.7229119019986166e-20,0,1,0.0,0.3678794411714424,0,1,,
6891,6.891,0.0,2.5901139215042886e-20,0,1,0.0,0.34993774911115544,0,1,,
6892,6.892,0.0,2.463792574943812e-20,0,1,0.0,0.33287108369807966,0,1,,
6893,6.893,0.0,2.3436319931529345e-20,0,1,0.0,0.31663676937905333,0,1,,
6894,6.894,0.0,2.2293317120883273e-20,0,1,0.0,0.3011942119122022,0,1,,
6895,6.8950000000000005,0.0,2.120605921510971e-20,0,1,0.0,0.2865047968601902,0,1,,
6896,6.896,0.0,2.0171827503116875e-20,0,1,0.0,0.2725317930340127,0,1,,
6897,6.897,0.0,1.918803586691754e-20,0,1,0.0,0.2592402606458916,0,1,,
6898,6.898000000000001,0.0,1.825222431498703e-20,0,1,0.0,0.24659696394160657,0,1,,
6899,6.899,0.0,1.7362052831003052e-20,0,1,0.0,0.23457028809379774,0,1,,
6900,6.9,0.0,1.6515295522586027e-20,0,1,0.0,0.2231301601484299,0,1,6.418526329226488,6.36493820716134
6901,6.901,0.0,1.5709835055408725e-20,0,1,0.0,0.21224797382674312,0,1,,
6902,6.902,0.0,1.4943657358757583e-20,0,1,0.0,0.20189651799465547,0,1,,
6903,6.9030000000000005,0.0,1.4214846589306835e-20,0,1,0.0,0.19204990862075416,0,1,,
6904,6.904,0.0,1.3521580340512278e-20,0,1,0.0,0.1826835240527347,0,1,,
6905,6.905,0.0,1.2862125085645663e-20,0,1,0.0,0.17377394345044517,0,1,,
6906,6.906000000000001,0.0,1.2234831843074921e-20,0,1,0.0,0.1652988882215866,0,1,,
6907,6.907,0.0,1.1638132052951167e-20,0,1,0.0,0.15723716631362766,0,1,,
6908,6.908,0.0,1.1070533654992052e-20,0,1,0.0,0.1495686192226351,0,1,,
6909,6.909,0.0,1.0530617357553875e-20,0,1,0.0,0.14227407158651362,0,1,,
6910,6.91,0.0,1.0017033088663202e-20,0,1,0.0,0.13533528323661273,0,1,,
6911,6.9110000000000005,0.0,9.528496620133708e-21,0,1,0.0,0.12873490358780426,0,1,,
6912,6.912,0.0,9.063786356326787e-21,0,1,0.0,0.12245642825298195,0,1,,
6913,6.913,0.0,8.621740279526152e-21,0,1,0.0,0.116484157773497,0,1,,
6914,6.914,0.0,8.201253044288287e-21,0,1,0.0,0.11080315836233391,0,1,,
6915,6.915,0.0,7.801273213503076e-21,0,1,0.0,0.10539922456186436,0,1,,
6916,6.916,0.0,7.420800629253367e-21,0,1,0.0,0.10025884372280376,0,1,,
6917,6.917,0.0,7.058883911899216e-21,0,1,0.0,0.09536916221554964,0,1,,
6918,6.918,0.0,6.7146180811332406e-21,0,1,0.0,0.09071795328941253,0,1,,
6919,6.9190000000000005,0.0,6.387142293058461e-21,0,1,0.0,0.08629358649937054,0,1,,
6920,6.92,0.0,6.075637687630171e-21,0,1,0.0,0.08208499862389881,0,1,,
6921,6.921,0.0,5.779325341079297e-21,0,1,0.0,0.07808166600115317,0,1,,
6922,6.922,0.0,5.4974643181972525e-21,0,1,0.0,0.07427357821433389,0,1,,
6923,6.923,0.0,5.2293498196119826e-21,0,1,0.0,0.0706512130604296,0,1,,
6924,6.924,0.0,4.974311419422419e-21,0,1,0.0,0.06720551273974977,0,1,,
6925,6.925,0.0,4.7317113887845175e-21,0,1,0.0,0.06392786120670758,0,1,,
6926,6.926,0.0,4.500943101256971e-21,0,1,0.0,0.06081006262521798,0,1,,
6927,6.9270000000000005,0.0,4.281429515919127e-21,0,1,0.0,0.05784432087483848,0,1,,
6928,6.928,0.0,4.072621734468122e-21,0,1,0.0,0.055023220056407245,0,1,,
6929,6.929,0.0,3.8739976286872116e-21,0,1,0.0,0.05233970594843241,0,1,,
6930,6.93,0.0,3.685060534853267e-21,0,1,0.0,0.04978706836786396,0,1,,
6931,6.931,0.0,3.505338011818767e-21,0,1,0.0,0.047358924391140936,0,1,,
6932,6.932,0.0,3.3343806596628426e-21,0,1,0.0,0.04504920239355782,0,1,,
6933,6.933,0.0,3.171760995957397e-21,0,1,0.0,0.042852126867040194,0,1,,
6934,6.934,0.0,3.0170723868383663e-21,0,1,0.0,0.04076220397836623,0,1,,
6935,6.9350000000000005,0.0,2.8699280302092546e-21,0,1,0.0,0.03877420783172203,0,1,,
6936,6.936,0.0,2.729959988534417e-21,0,1,0.0,0.03688316740124002,0,1,,
6937,6.937,0.0,2.5968182688035694e-21,0,1,0.0,0.03508435410084504,0,1,,
6938,6.938,0.0,2.4701699473669597e-21,0,1,0.0,0.033373269960326093,0,1,,
6939,6.939,0.0,2.349698337452832e-21,0,1,0.0,0.03174563637806796,0,1,,
6940,6.94,0.0,2.235102197285542e-21,0,1,0.0,0.030197383422318518,0,1,,
6941,6.941,0.0,2.1260949768242075e-21,0,1,0.0,0.028724639654239447,0,1,,
6942,6.942,0.0,2.02240410123835e-21,0,1,0.0,0.02732372244729258,0,1,,
6943,6.9430000000000005,0.0,1.9237702893288395e-21,0,1,0.0,0.02599112877875536,0,1,,
6944,6.944,0.0,1.829946905189844e-21,0,1,0.0,0.02472352647033941,0,1,,
6945,6.945,0.0,1.740699341490598e-21,0,1,0.0,0.023517745856009124,0,1,,
6946,6.946,0.0,1.6558044328348735e-21,0,1,0.0,0.02237077185616561,0,1,,
6947,6.947,0.0,1.5750498977312478e-21,0,1,0.0,0.021279736438377186,0,1,,
6948,6.948,0.0,1.4982338077788034e-21,0,1,0.0,0.020241911445804405,0,1,,
6949,6.949,0.0,1.4251640827409446e-21,0,1,0.0,0.01925470177538694,0,1,,
6950,6.95,0.0,1.3556580102447566e-21,0,1,0.0,0.018315638888734196,0,1,,
6951,6.9510000000000005,0.0,1.2895417889049028e-21,0,1,0.0,0.017422374639493525,0,1,,
6952,6.952,0.0,1.2266500937296319e-21,0,1,0.0,0.01657267540176126,0,1,,
6953,6.953,0.0,1.1668256627221847e-21,0,1,0.0,0.015764416484854504,0,1,,
6954,6.954,0.0,1.1099189036438879e-21,0,1,0.0,0.014995576820477719,0,1,,
6955,6.955,0.0,1.0557875199556389e-21,0,1,0.0,0.014264233908999268,0,1,,
6956,6.956,0.0,1.0042961550024385e-21,0,1,0.0,0.013568559012200944,0,1,,
6957,6.957,0.0,9.553160535512495e-22,0,1,0.0,0.012906812580479881,0,1,,
6958,6.958,0.0,9.087247398358483e-22,0,1,0.0,0.012277339903068453,0,1,,
6959,6.9590000000000005,0.0,8.64405711303615e-22,0,1,0.0,0.011678566970395456,0,1,,
6960,6.96,0.0,8.222481472984681e-22,0,1,0.0,0.011108996538242316,0,1,,
6961,6.961,0.0,7.821466319515001e-22,0,1,0.0,0.010567204383852663,0,1,,
6962,6.962,0.0,7.440008905863972e-22,0,1,0.0,0.010051835744633591,0,1,,
6963,6.963,0.0,7.077155389805173e-22,0,1,0.0,0.009561601930543517,0,1,,
6964,6.964,0.0,6.731998448546501e-22,0,1,0.0,0.009095277101695826,0,1,,
6965,6.965,0.0,6.403675009950588e-22,0,1,0.0,0.008651695203120643,0,1,,
6966,6.966,0.0,6.091364094404901e-22,0,1,0.0,0.008229747049020037,0,1,,
6967,6.9670000000000005,0.0,5.794284761945088e-22,0,1,0.0,0.007828377549225779,0,1,,
6968,6.968,0.0,5.511694159498283e-22,0,1,0.0,0.007446583070924348,0,1,,
6969,6.969,0.0,5.242885663363498e-22,0,1,0.0,0.007083408929052127,0,1,,
6970,6.97,0.0,4.987187112284304e-22,0,1,0.0,0.006737946999085474,0,1,,
6971,6.971,0.0,4.743959126695576e-22,0,1,0.0,0.006409333446256388,0,1,,
6972,6.972,0.0,4.512593509941542e-22,0,1,0.0,0.006096746565515642,0,1,,
6973,6.973,0.0,4.29251172746735e-22,0,1,0.0,0.005799404726842149,0,1,,
6974,6.974,0.0,4.083163460181333e-22,0,1,0.0,0.0055165644207607785,0,1,,
6975,6.9750000000000005,0.0,3.8840252283706336e-22,0,1,0.0,0.00524751839918139,0,1,,
6976,6.976,0.0,3.694599082729252e-22,0,1,0.0,0.004991593906910221,0,1,,
6977,6.977,0.0,3.5144113592254124e-22,0,1,0.0,0.00474815099941148,0,1,,
6978,6.978,0.0,3.343011494694761e-22,0,1,0.0,0.004516580942612672,0,1,,
6979,6.979,0.0,3.1799709001977693e-22,0,1,0.0,0.004296304690752344,0,1,,
6980,6.98,0.0,3.0248818893241414e-22,0,1,0.0,0.00408677143846407,0,1,,
6981,6.981,0.0,2.8773566587644354e-22,0,1,0.0,0.0038874572434761325,0,1,,
6982,6.982,0.0,2.737026318599791e-22,0,1,0.0,0.0036978637164829338,0,1,,
6983,6.9830000000000005,0.0,2.6035399698849873e-22,0,1,0.0,0.0035175167749121328,0,1,,
6984,6.984,0.0,2.4765638272183026e-22,0,1,0.0,0.0033459654574712755,0,1,,
6985,6.985,0.0,2.3557803841041515e-22,0,1,0.0,0.0031827807965096695,0,1,,
6986,6.986,0.0,2.240887619021463e-22,0,1,0.0,0.003027554745375817,0,1,,
6987,6.987,0.0,2.1315982402125616e-22,0,1,0.0,0.0028798991580882443,0,1,,
6988,6.988,0.0,2.0276389673041298e-22,0,1,0.0,0.0027394448187683714,0,1,,
6989,6.989,0.0,1.9287498479639296e-22,0,1,0.0,0.002605840518408501,0,1,,
6990,6.99,0.0,1.8346836078845685e-22,0,1,0.0,0.0024787521766663607,0,1,,
6991,6.9910000000000005,0.0,1.7452050324689318e-22,0,1,0.0,0.0023578620064902346,0,1,,
6992,6.992,0.0,1.6600903786711718e-22,0,1,0.0,0.0022428677194858047,0,1,,
6993,6.993,0.0,1.579126815522551e-22,0,1,0.0,0.0021334817700377107,0,1,,
6994,6.994,0.0,1.5021118919431614e-22,0,1,0.0,0.002029430636295736,0,1,,
6995,6.995,0.0,1.4288530305087721e-22,0,1,0.0,0.001930454136227711,0,1,,
6996,6.996,0.0,1.3591670459069604e-22,0,1,0.0,0.0018363047770289086,0,1,,
6997,6.997,0.0,1.2928796868784135e-22,0,1,0.0,0.0017467471362611208,0,1,,
6998,6.998,0.0,1.2298252004980166e-22,0,1,0.0,0.001661557273173936,0,1,,
6999,6.9990000000000006,0.0,1.1698459177062035e-22,0,1,0.0,0.0015805221687362188,0,1,,
7000,7.0,0.0,1.1127918590541815e-22,0,1,0.0,0.0015034391929775739,0,1,6.947231282967019,6.364647350290819
7001,7.001,0.0,1.0585203596771888e-22,0,1,0.0,0.0014301155983078755,0,1,,
7002,7.002,0.0,1.0068957125580211e-22,0,1,0.0,0.0013603680375478947,0,1,,
7003,7.003,0.0,9.577888291888028e-23,0,1,0.0,0.0012940221054658495,0,1,,
7004,7.0040000000000004,0.0,9.110769167824775e-23,0,1,0.0,0.0012309119026734823,0,1,,
7005,7.005,0.0,8.66643171226881e-23,0,1,0.0,0.0011708796207911755,0,1,,
7006,7.006,0.0,8.243764850136197e-23,0,1,0.0,0.0011137751478448041,0,1,,
7007,7.007000000000001,0.0,7.84171169411427e-23,0,1,0.0,0.0010594556929076108,0,1,,
7008,7.008,0.0,7.459266901892836e-23,0,1,0.0,0.0010077854290485118,0,1,,
7009,7.009,0.0,7.095474162284747e-23,0,1,0.0,0.0009586351536940209,0,1,,
7010,7.01,0.0,6.749423803949806e-23,0,1,0.0,0.0009118819655545171,0,1,,
7011,7.011,0.0,6.420250520742594e-23,0,1,0.0,0.0008674089573070033,0,1,,
7012,7.0120000000000005,0.0,6.107131207996387e-23,0,1,0.0,0.0008251049232659051,0,1,,
7013,7.013,0.0,5.809282904332754e-23,0,1,0.0,0.0007848640813109327,0,1,,
7014,7.014,0.0,5.525960833850282e-23,0,1,0.0,0.0007465858083766802,0,1,,
7015,7.015000000000001,0.0,5.2564565437968895e-23,0,1,0.0,0.0007101743888425498,0,1,,
7016,7.016,0.0,5.0000961330689277e-23,0,1,0.0,0.0006755387751938449,0,1,,
7017,7.017,0.0,4.7562385671074015e-23,0,1,0.0,0.0006425923603555583,0,1,,
7018,7.018,0.0,4.524274074977674e-23,0,1,0.0,0.0006112527611295732,0,1,,
7019,7.019,0.0,4.303622624624513e-23,0,1,0.0,0.0005814416121937563,0,1,,
7020,7.0200000000000005,0.0,4.093732472489828e-23,0,1,0.0,0.0005530843701478342,0,1,,
7021,7.021,0.0,3.8940787838663837e-23,0,1,0.0,0.0005261101271160642,0,1,,
7022,7.022,0.0,3.7041623205376603e-23,0,1,0.0,0.0005004514334406113,0,1,,
7023,7.023000000000001,0.0,3.523508192422268e-23,0,1,0.0,0.00047604412902227004,0,1,,
7024,7.024,0.0,3.351664670101385e-23,0,1,0.0,0.0004528271828867976,0,1,,
7025,7.025,0.0,3.188202055259916e-23,0,1,0.0,0.00043074254057568807,0,1,,
7026,7.026,0.0,3.0327116062168835e-23,0,1,0.0,0.00040973497897978724,0,1,,
7027,7.027,0.0,2.884804515858322e-23,0,1,0.0,0.0003897519682527552,0,1,,
7028,7.0280000000000005,0.0,2.7441109394169726e-23,0,1,0.0,0.00037074354045908887,0,1,,
7029,7.029,0.0,2.6102790696677206e-23,0,1,0.0,0.0003526621646282563,0,1,,
7030,7.03,0.0,2.482974257226285e-23,0,1,0.0,0.0003354626279025123,0,1,,
7031,7.031000000000001,0.0,2.3618781737514472e-23,0,1,0.0,0.0003191019224812039,0,1,,
7032,7.032,0.0,2.2466880159583864e-23,0,1,0.0,0.00030353913807886705,0,1,,
7033,7.033,0.0,2.137115748452747e-23,0,1,0.0,0.00028873535962820344,0,1,,
7034,7.034,0.0,2.0328873834921194e-23,0,1,0.0,0.00027465356997214265,0,1,,
7035,7.035,0.0,1.9337422958739712e-23,0,1,0.0,0.0002612585573016678,0,1,,
7036,7.0360000000000005,0.0,1.839432571236887e-23,0,1,0.0,0.0002485168271079523,0,1,,
7037,7.037,0.0,1.749722386145533e-23,0,1,0.0,0.00023639651842864088,0,1,,
7038,7.038,0.0,1.6643874184092314e-23,0,1,0.0,0.0002248673241788485,0,1,,
7039,7.039000000000001,0.0,1.5832142861596424e-23,0,1,0.0,0.00021390041536766154,0,1,,
7040,7.04,0.0,1.5060000142849455e-23,0,1,0.0,0.00020346836901064436,0,1,,
7041,7.041,0.0,1.432551526886336e-23,0,1,0.0,0.00019354509955809415,0,1,,
7042,7.042,0.0,1.3626851644877085e-23,0,1,0.0,0.0001841057936675793,0,1,,
7043,7.043,0.0,1.2962262247913038e-23,0,1,0.0,0.00017512684815765867,0,1,,
7044,7.0440000000000005,0.0,1.2330085258309651e-23,0,1,0.0,0.0001665858109876336,0,1,,
7045,7.045,0.0,1.1728739904306627e-23,0,1,0.0,0.00015846132511575142,0,1,,
7046,7.046,0.0,1.1156722509292152e-23,0,1,0.0,0.00015073307509547677,0,1,,
7047,7.047,0.0,1.0612602731828135e-23,0,1,0.0,0.00014338173627629329,0,1,,
7048,7.048,0.0,1.0095019989051583e-23,0,1,0.0,0.00013638892648201162,0,1,,
7049,7.049,0.0,9.602680054508742e-24,0,1,0.0,0.0001297371600457541,0,1,,
7050,7.05,0.0,9.134351821914836e-24,0,1,0.0,0.0001234098040866797,0,1,,
7051,7.051,0.0,8.688864226747099e-24,0,1,0.0,0.0001173910369191182,0,1,,
7052,7.0520000000000005,0.0,8.265103317973484e-24,0,1,0.0,0.00011166580849011487,0,1,,
7053,7.053,0.0,7.862009472594858e-24,0,1,0.0,0.00010621980274645891,0,1,,
7054,7.054,0.0,7.47857474603557e-24,0,1,0.0,0.00010103940183709347,0,1,,
7055,7.055,0.0,7.113840351756988e-24,0,1,0.0,9.611165206139482e-05,0,1,,
7056,7.056,0.0,6.766894263791757e-24,0,1,0.0,9.142423147817346e-05,0,1,,
7057,7.057,0.0,6.436868936203816e-24,0,1,0.0,8.6965419094403e-05,0,1,,
7058,7.058,0.0,6.1229391337716795e-24,0,1,0.0,8.272406555663236e-05,0,1,,
7059,7.059,0.0,5.824319868470535e-24,0,1,0.0,7.868956527179474e-05,0,1,,
7060,7.0600000000000005,0.0,5.5402644365933016e-24,0,1,0.0,7.485182988770068e-05,0,1,,
7061,7.061,0.0,5.270062551602419e-24,0,1,0.0,7.120126306690287e-05,0,1,,
7062,7.062,0.0,5.013038568043533e-24,0,1,0.0,6.772873649085395e-05,0,1,,
7063,7.063,0.0,4.7685497920799335e-24,0,1,0.0,6.442556703435551e-05,0,1,,
7064,7.064,0.0,4.535984874423195e-24,0,1,0.0,6.128349505322216e-05,0,1,,
7065,7.065,0.0,4.314762281641519e-24,0,1,0.0,5.829466373086887e-05,0,1,,
7066,7.066,0.0,4.10432884202325e-24,0,1,0.0,5.545159943217704e-05,0,1,,
7067,7.067,0.0,3.904158362359458e-24,0,1,0.0,5.2747193015513886e-05,0,1,,
7068,7.0680000000000005,0.0,3.713750312186837e-24,0,1,0.0,5.017468205617536e-05,0,1,,
7069,7.069,0.0,3.532628572200832e-24,0,1,0.0,4.7727633936801984e-05,0,1,,
7070,7.07,0.0,3.360340243709376e-24,0,1,0.0,4.53999297624849e-05,0,1,,
7071,7.071,0.0,3.196454516150259e-24,0,1,0.0,4.318574906034135e-05,0,1,,
7072,7.072,0.0,3.0405615898403192e-24,0,1,0.0,4.107955522530075e-05,0,1,,
7073,7.073,0.0,2.892271651262783e-24,0,1,0.0,3.907608167570813e-05,0,1,,
7074,7.074,0.0,2.7512138983304267e-24,0,1,0.0,3.717031868412674e-05,0,1,,
7075,7.075,0.0,2.6170356131872177e-24,0,1,0.0,3.5357500850410015e-05,0,1,,
7076,7.0760000000000005,0.0,2.4894012802299502e-24,0,1,0.0,3.363309518571902e-05,0,1,,
7077,7.077,0.0,2.367991747144476e-24,0,1,0.0,3.199278977768924e-05,0,1,,
7078,7.078,0.0,2.2525034268586804e-24,0,1,0.0,3.0432483008403662e-05,0,1,,
7079,7.079,0.0,2.142647538416669e-24,0,1,0.0,2.8948273298211574e-05,0,1,,
7080,7.08,0.0,2.0381493848759594e-24,0,1,0.0,2.7536449349747182e-05,0,1,,
7081,7.081,0.0,1.938747666422043e-24,0,1,0.0,2.6193480867753072e-05,0,1,,
7082,7.082,0.0,1.8441938269827424e-24,0,1,0.0,2.4916009731503218e-05,0,1,,
7083,7.083,0.0,1.7542514327085634e-24,0,1,0.0,2.3700841597751995e-05,0,1,,
7084,7.0840000000000005,0.0,1.66869558076492e-24,0,1,0.0,2.2544937913212214e-05,0,1,,
7085,7.085,0.0,1.5873123369578996e-24,0,1,0.0,2.1445408316589184e-05,0,1,,
7086,7.086,0.0,1.5098982007873464e-24,0,1,0.0,2.0399503411171956e-05,0,1,,
7087,7.087,0.0,1.436259596589611e-24,0,1,0.0,1.9404607889909453e-05,0,1,,
7088,7.088,0.0,1.3662123894975633e-24,0,1,0.0,1.8458233995780585e-05,0,1,,
7089,7.089,0.0,1.2995814250075125e-24,0,1,0.0,1.7558015301105882e-05,0,1,,
7090,7.09,0.0,1.236200091001714e-24,0,1,0.0,1.670170079024568e-05,0,1,,
7091,7.091,0.0,1.1759099011312906e-24,0,1,0.0,1.588714923088852e-05,0,1,,
7092,7.0920000000000005,0.0,1.118560098517809e-24,0,1,0.0,1.5112323819855049e-05,0,1,,
7093,7.093,0.0,1.0640072787825575e-24,0,1,0.0,1.437528709002915e-05,0,1,,
7094,7.094,0.0,1.012115031460903e-24,0,1,0.0,1.3674196065680972e-05,0,1,,
7095,7.095,0.0,9.627535989050768e-25,0,1,0.0,1.3007297654067639e-05,0,1,,
7096,7.096,0.0,9.157995518224675e-25,0,1,0.0,1.2372924261788248e-05,0,1,,
7097,7.097,0.0,8.711354806380975e-25,0,1,0.0,1.1769489624931757e-05,0,1,,
7098,7.098,0.0,8.286497019095305e-25,0,1,0.0,1.119548484259096e-05,0,1,,
7099,7.099,0.0,7.882359790600908e-25,0,1,0.0,1.0649474603824266e-05,0,1,,
7100,7.1000000000000005,0.0,7.497932567320871e-25,0,1,0.0,1.0130093598630726e-05,0,1,7.310172552016618,6.36900640412775
7101,7.101,0.0,7.1322540809577935e-25,0,1,0.0,9.636043103963872e-06,0,1,,
7102,7.102,0.0,6.784409944822351e-25,0,1,0.0,9.166087736247627e-06,0,1,,
7103,7.103,0.0,6.453530367390286e-25,0,1,0.0,8.719052362273884e-06,0,1,,
7104,7.104,0.0,6.138787977370543e-25,0,1,0.0,8.293819160757377e-06,0,1,,
7105,7.105,0.0,5.839395754846084e-25,0,1,0.0,7.889324827200235e-06,0,1,,
7106,7.106,0.0,5.554605063314153e-25,0,1,0.0,7.504557915076874e-06,0,1,,
7107,7.107,0.0,5.283703777705075e-25,0,1,0.0,7.138556306690853e-06,0,1,,
7108,7.1080000000000005,0.0,5.0260145036986465e-25,0,1,0.0,6.790404807379483e-06,0,1,,
7109,7.109,0.0,4.780892883885506e-25,0,1,0.0,6.459232857050467e-06,0,1,,
7110,7.11,0.0,4.547725986537968e-25,0,1,0.0,6.144212353328218e-06,0,1,,
7111,7.111,0.0,4.325930772961453e-25,0,1,0.0,5.844555580866579e-06,0,1,,
7112,7.112,0.0,4.114952639594052e-25,0,1,0.0,5.559513241650153e-06,0,1,,
7113,7.113,0.0,3.914264031208744e-25,0,1,0.0,5.288372581358974e-06,0,1,,
7114,7.114,0.0,3.7233631217505386e-25,0,1,0.0,5.030455607111452e-06,0,1,,
7115,7.115,0.0,3.541772559509947e-25,0,1,0.0,4.785117392129016e-06,0,1,,
7116,7.1160000000000005,0.0,3.369038273495068e-25,0,1,0.0,4.551744463083241e-06,0,1,,
7117,7.117,0.0,3.2047283380175925e-25,0,1,0.0,4.329753266092983e-06,0,1,,
7118,7.118,0.0,3.0484318926536043e-25,0,1,0.0,4.118588707535715e-06,0,1,,
7119,7.119,0.0,2.8997581148785105e-25,0,1,0.0,3.917722766024337e-06,0,1,,
7120,7.12,0.0,2.758335242807161e-25,0,1,0.0,3.726653172078676e-06,0,1,,
7121,7.121,0.0,2.6238096455954927e-25,0,1,0.0,3.5449021521901592e-06,0,1,,
7122,7.122,0.0,2.495844939179223e-25,0,1,0.0,3.3720152341391875e-06,0,1,,
7123,7.123,0.0,2.374121145138472e-25,0,1,0.0,3.2075601105778598e-06,0,1,,
7124,7.1240000000000006,0.0,2.258333890585045e-25,0,1,0.0,3.051125558036424e-06,0,1,,
7125,7.125,0.0,2.1481936470716707e-25,0,1,0.0,2.902320408650408e-06,0,1,,
7126,7.126,0.0,2.0434250066200754e-25,0,1,0.0,2.7607725720372046e-06,0,1,,
7127,7.127,0.0,1.943765993057582e-25,0,1,0.0,2.626128104876306e-06,0,1,,
7128,7.128,0.0,1.8489674069402226e-25,0,1,0.0,2.498050325866639e-06,0,1,,
7129,7.1290000000000004,0.0,1.7587922024243254e-25,0,1,0.0,2.3762189738479443e-06,0,1,,
7130,7.13,0.0,1.6730148945284343e-25,0,1,0.0,2.260329406981057e-06,0,1,,
7131,7.131,0.0,1.5914209953034053e-25,0,1,0.0,2.1500918409846313e-06,0,1,,
7132,7.132000000000001,0.0,1.5138064775008118e-25,0,1,0.0,2.0452306245234914e-06,0,1,,
7133,7.133,0.0,1.4399772643985503e-25,0,1,0.0,1.9454835499367166e-06,0,1,,
7134,7.134,0.0,1.3697487445079455e-25,0,1,0.0,1.850601197581909e-06,0,1,,
7135,7.135,0.0,1.3029453099488686e-25,0,1,0.0,1.7603463121561715e-06,0,1,,
7136,7.136,0.0,1.2393999173385667e-25,0,1,0.0,1.6744932094342692e-06,0,1,,
7137,7.1370000000000005,0.0,1.1789536700961973e-25,0,1,0.0,1.5928272119405136e-06,0,1,,
7138,7.138,0.0,1.1214554211186103e-25,0,1,0.0,1.5151441121432515e-06,0,1,,
7139,7.139,0.0,1.0667613948338616e-25,0,1,0.0,1.4412496618296704e-06,0,1,,
7140,7.140000000000001,0.0,1.0147348276873931e-25,0,1,0.0,1.370959086384086e-06,0,1,,
7141,7.141,0.0,9.652456261619101e-26,0,1,0.0,1.3040966227551586e-06,0,1,,
7142,7.142,0.0,9.181700414758251e-26,0,1,0.0,1.2404950799567143e-06,0,1,,
7143,7.143,0.0,8.733903601468458e-26,0,1,0.0,1.1799954210031926e-06,0,1,,
7144,7.144,0.0,8.307946096469555e-26,0,1,0.0,1.1224463652343446e-06,0,1,,
7145,7.1450000000000005,0.0,7.902762784127689e-26,0,1,0.0,1.067704010034784e-06,0,1,,
7146,7.146,0.0,7.517340495111442e-26,0,1,0.0,1.0156314710024922e-06,0,1,,
7147,7.147,0.0,7.150715472940769e-26,0,1,0.0,9.660985396665142e-07,0,1,,
7148,7.148000000000001,0.0,6.801970964093799e-26,0,1,0.0,9.189813578979585e-07,0,1,,
7149,7.149,0.0,6.470234925645512e-26,0,1,0.0,8.741621082001598e-07,0,1,,
7150,7.15,0.0,6.1546778447062e-26,0,1,0.0,8.315287191035689e-07,0,1,,
7151,7.151,0.0,5.854510664207174e-26,0,1,0.0,7.909745849287038e-07,0,1,,
7152,7.152,0.0,5.568982809847083e-26,0,1,0.0,7.523982992164221e-07,0,1,,
7153,7.1530000000000005,0.0,5.29738031326521e-26,0,1,0.0,7.157034011589532e-07,0,1,,
7154,7.154,0.0,5.0390240267486776e-26,0,1,0.0,6.807981343976347e-07,0,1,,
7155,7.155,0.0,4.793267925009415e-26,0,1,0.0,6.475952175842218e-07,0,1,,
7156,7.156000000000001,0.0,4.5594974897844373e-26,0,1,0.0,6.16011626132054e-07,0,1,,
7157,7.157,0.0,4.337128173220101e-26,0,1,0.0,5.859683846113427e-07,0,1,,
7158,7.158,0.0,4.125603936197989e-26,0,1,0.0,5.573903692694606e-07,0,1,,
7159,7.159,0.0,3.924395857947494e-26,0,1,0.0,5.302061201824295e-07,0,1,,
7160,7.16,0.0,3.7330008134683804e-26,0,1,0.0,5.043476625678889e-07,0,1,,
7161,7.1610000000000005,0.0,3.550940215456225e-26,0,1,0.0,4.797503368127332e-07,0,1,,
7162,7.162,0.0,3.377758817584866e-26,0,1,0.0,4.563526367903999e-07,0,1,,
7163,7.163,0.0,3.2130235761534646e-26,0,1,0.0,4.340960560635155e-07,0,1,,
7164,7.164000000000001,0.0,3.056322567251686e-26,0,1,0.0,4.129249415873275e-07,0,1,,
7165,7.165,0.0,2.907263956735366e-26,0,1,0.0,3.927863545481045e-07,0,1,,
7166,7.166,0.0,2.765475020437051e-26,0,1,0.0,3.7362993798852686e-07,0,1,,
7167,7.167,0.0,2.6306012121614364e-26,0,1,0.0,3.554077908890639e-07,0,1,,
7168,7.168,0.0,2.502305277135204e-26,0,1,0.0,3.3807434839047436e-07,0,1,,
7169,7.1690000000000005,0.0,2.3802664086944196e-26,0,1,0.0,3.215862678579248e-07,0,1,,
7170,7.17,0.0,2.264179446100774e-26,0,1,0.0,3.0590232050182626e-07,0,1,,
7171,7.171,0.0,2.1537541114807847e-26,0,1,0.0,2.9098328828438516e-07,0,1,,
7172,7.172,0.0,2.0487142839799134e-26,0,1,0.0,2.767918658540811e-07,0,1,,
7173,7.173,0.0,1.9487973093166054e-26,0,1,0.0,2.6329256726285636e-07,0,1,,
7174,7.174,0.0,1.8537533430097744e-26,0,1,0.0,2.504516372327624e-07,0,1,,
7175,7.175,0.0,1.7633447256374624e-26,0,1,0.0,2.382369667501822e-07,0,1,,
7176,7.176,0.0,1.677345388564493e-26,0,1,0.0,2.2661801277657155e-07,0,1,,
7177,7.1770000000000005,0.0,1.5955402886531293e-26,0,1,0.0,2.1556572187495362e-07,0,1,,
7178,7.178,0.0,1.5177248705432193e-26,0,1,0.0,2.0505245756119312e-07,0,1,,
7179,7.179,0.0,1.4437045551572472e-26,0,1,0.0,1.9505193119839082e-07,0,1,,
7180,7.18,0.0,1.3732942531512875e-26,0,1,0.0,1.8553913626159815e-07,0,1,,
7181,7.181,0.0,1.306317902095237e-26,0,1,0.0,1.7649028580847957e-07,0,1,,
7182,7.182,0.0,1.2426080262250325e-26,0,1,0.0,1.6788275299956656e-07,0,1,,
7183,7.183,0.0,1.1820053176660058e-26,0,1,0.0,1.596950145193732e-07,0,1,,
7184,7.184,0.0,1.1243582380802184e-26,0,1,0.0,1.5190659675689655e-07,0,1,,
7185,7.1850000000000005,0.0,1.0695226397416829e-26,0,1,0.0,1.4449802461092475e-07,0,1,,
7186,7.186,0.0,1.0173614050919655e-26,0,1,0.0,1.3745077279213997e-07,0,1,,
7187,7.187,0.0,9.677441038748681e-27,0,1,0.0,1.307472195002457e-07,0,1,,
7188,7.188,0.0,9.2054666699285e-27,0,1,0.0,1.2437060236028725e-07,0,1,,
7189,7.189,0.0,8.756510762696592e-27,0,1,0.0,1.1830497650798319e-07,0,1,,
7190,7.19,0.0,8.329450693434188e-27,0,1,0.0,1.1253517471925934e-07,0,1,,
7191,7.191,0.0,7.923218589522475e-27,0,1,0.0,1.0704676948428836e-07,0,1,,
7192,7.192,0.0,7.536798659104824e-27,0,1,0.0,1.0182603693120022e-07,0,1,,
7193,7.1930000000000005,0.0,7.169224651078035e-27,0,1,0.0,9.685992250925404e-08,0,1,,
7194,7.194,0.0,6.819577438961291e-27,0,1,0.0,9.213600834566148e-08,0,1,,
7195,7.195,0.0,6.486982722601202e-27,0,1,0.0,8.764248219443656e-08,0,1,,
7196,7.196,0.0,6.170608841966017e-27,0,1,0.0,8.336810789962796e-08,0,1,,
7197,7.197,0.0,5.869664697562351e-27,0,1,0.0,7.930219729907654e-08,0,1,,
7198,7.198,0.0,5.5833977722743925e-27,0,1,0.0,7.543458349844265e-08,0,1,,
7199,7.199,0.0,5.311092249679139e-27,0,1,0.0,7.175559544867466e-08,0,1,,
7200,7.2,0.0,5.05206722413249e-27,0,1,0.0,6.825603376334884e-08,0,1,7.311447096649979,6.661306405205133
7201,7.2010000000000005,0.0,4.8056749981504684e-27,0,1,0.0,6.492714771541162e-08,0,1,,
7202,7.202,0.0,4.57129946282814e-27,0,1,0.0,6.176061335580384e-08,0,1,,
7203,7.203,0.0,4.3483545572464344e-27,0,1,0.0,5.87485126992524e-08,0,1,,
7204,7.204,0.0,4.1362828030145826e-27,0,1,0.0,5.588331392518275e-08,0,1,,
7205,7.205,0.0,3.9345539102837614e-27,0,1,0.0,5.315785254424432e-08,0,1,,
7206,7.206,0.0,3.742663451746256e-27,0,1,0.0,5.056531348335534e-08,0,1,,
7207,7.207,0.0,3.560131601304447e-27,0,1,0.0,4.8099214044470297e-08,0,1,,
7208,7.208,0.0,3.386501934255634e-27,0,1,0.0,4.575338769445814e-08,0,1,,
7209,7.2090000000000005,0.0,3.2213402859925418e-27,0,1,0.0,4.3521968645557466e-08,0,1,,
7210,7.21,0.0,3.064233666365651e-27,0,1,0.0,4.139937718785175e-08,0,1,,
7211,7.211,0.0,2.914789226992711e-27,0,1,0.0,3.9380305737088204e-08,0,1,,
7212,7.212,0.0,2.7726332789331576e-27,0,1,0.0,3.745970556295258e-08,0,1,,
7213,7.213,0.0,2.6374103582711153e-27,0,1,0.0,3.5632774164613574e-08,0,1,,
7214,7.214,0.0,2.508782337270455e-27,0,1,0.0,3.389494326196928e-08,0,1,,
7215,7.215,0.0,2.386427578879331e-27,0,1,0.0,3.2241867372567395e-08,0,1,,
7216,7.216,0.0,2.2700401324700185e-27,0,1,0.0,3.066941294563563e-08,0,1,,
7217,7.2170000000000005,0.0,2.1593289688029803e-27,0,1,0.0,2.917364802605173e-08,0,1,,
7218,7.218,0.0,2.0540172523021793e-27,0,1,0.0,2.775083242240758e-08,0,1,,
7219,7.219,0.0,1.95384164882194e-27,0,1,0.0,2.6397408354582516e-08,0,1,,
7220,7.22,0.0,1.85855166717442e-27,0,1,0.0,2.510999155743987e-08,0,1,,
7221,7.221,0.0,1.7679090327711663e-27,0,1,0.0,2.3885362818401313e-08,0,1,,
7222,7.222,0.0,1.6816870918125305e-27,0,1,0.0,2.2720459927738632e-08,0,1,,
7223,7.223,0.0,1.5996702445351128e-27,0,1,0.0,2.1612370021454353e-08,0,1,,
7224,7.224,0.0,1.5216534061000519e-27,0,1,0.0,2.0558322297604508e-08,0,1,,
7225,7.2250000000000005,0.0,1.4474414937741035e-27,0,1,0.0,1.9555681087850532e-08,0,1,,
7226,7.226,0.0,1.3768489391211943e-27,0,1,0.0,1.860193926691556e-08,0,1,,
7227,7.227,0.0,1.3096992239846723e-27,0,1,0.0,1.7694711983465323e-08,0,1,,
7228,7.228,0.0,1.2458244390999715e-27,0,1,0.0,1.6831730696737606e-08,0,1,,
7229,7.229,0.0,1.1850648642339907e-27,0,1,0.0,1.6010837504008715e-08,0,1,,
7230,7.23,0.0,1.1272685688013157e-27,0,1,0.0,1.522997974471266e-08,0,1,,
7231,7.231,0.0,1.072291031958619e-27,0,1,0.0,1.4487204867720554e-08,0,1,,
7232,7.232,0.0,1.0199947812272738e-27,0,1,0.0,1.3780655548945765e-08,0,1,,
7233,7.2330000000000005,0.0,9.702490487405514e-28,0,1,0.0,1.3108565047066251e-08,0,1,,
7234,7.234,0.0,9.2292944425584e-28,0,1,0.0,1.2469252785751005e-08,0,1,,
7235,7.235,0.0,8.779176441142465e-28,0,1,0.0,1.1861120151343853e-08,0,1,,
7236,7.236,0.0,8.351010953698174e-28,0,1,0.0,1.1282646495496636e-08,0,1,,
7237,7.237,0.0,7.943727343485473e-28,0,1,0.0,1.0732385332756263e-08,0,1,,
7238,7.238,0.0,7.556307189334272e-28,0,1,0.0,1.0208960723597644e-08,0,1,,
7239,7.239,0.0,7.187781739061048e-28,0,1,0.0,9.71106383385818e-09,0,1,,
7240,7.24,0.0,6.837229487083782e-28,0,1,0.0,9.237449661970614e-09,0,1,,
7241,7.2410000000000005,0.0,6.503773870178018e-28,0,1,0.0,8.786933925810623e-09,0,1,,
7242,7.242,0.0,6.186581075612218e-28,0,1,0.0,8.358390101374638e-09,0,1,,
7243,7.243,0.0,5.884857956181618e-28,0,1,0.0,7.950746605883062e-09,0,1,,
7244,7.244,0.0,5.597850046927089e-28,0,1,0.0,7.56298411826515e-09,0,1,,
7245,7.245,0.0,5.32483967857975e-28,0,1,0.0,7.194133030325398e-09,0,1,,
7246,7.246,0.0,5.065144183013982e-28,0,1,0.0,6.843271022218007e-09,0,1,,
7247,7.247,0.0,4.81811418622153e-28,0,1,0.0,6.509520756166848e-09,0,1,,
7248,7.248,0.0,4.583131984538232e-28,0,1,0.0,6.1920476826640435e-09,0,1,,
7249,7.2490000000000006,0.0,4.359610000063118e-28,0,1,0.0,5.890057953661498e-09,0,1,,
7250,7.25,0.0,4.146989311407597e-28,0,1,0.0,5.60279643753728e-09,0,1,,
7251,7.251,0.0,3.9447382561008606e-28,0,1,0.0,5.329544830873238e-09,0,1,,
7252,7.252,0.0,3.752351101156772e-28,0,1,0.0,5.069619862322305e-09,0,1,,
7253,7.253,0.0,3.569346778477977e-28,0,1,0.0,4.822371584074235e-09,0,1,,
7254,7.2540000000000004,0.0,3.3952676819350834e-28,0,1,0.0,4.587181746647531e-09,0,1,,
7255,7.255,0.0,3.2296785231129826e-28,0,1,0.0,4.363462252943712e-09,0,1,,
7256,7.256,0.0,3.0721652428630783e-28,0,1,0.0,4.150653687698236e-09,0,1,,
7257,7.257000000000001,0.0,2.922333975939742e-28,0,1,0.0,3.948223918650959e-09,0,1,,
7258,7.258,0.0,2.7798100661320443e-28,0,1,0.0,3.755666765938306e-09,0,1,,
7259,7.259,0.0,2.6442371294280763e-28,0,1,0.0,3.5725007363799526e-09,0,1,,
7260,7.26,0.0,2.515276162869289e-28,0,1,0.0,3.3982678194950793e-09,0,1,,
7261,7.261,0.0,2.392604696866518e-28,0,1,0.0,3.2325323422376008e-09,0,1,,
7262,7.2620000000000005,0.0,2.275915988858043e-28,0,1,0.0,3.074879879586618e-09,0,1,,
7263,7.263,0.0,2.16491825629341e-28,0,1,0.0,2.9249162182680033e-09,0,1,,
7264,7.264,0.0,2.0593339470250697e-28,0,1,0.0,2.7822663710158778e-09,0,1,,
7265,7.265000000000001,0.0,1.9588990452834408e-28,0,1,0.0,2.6465736389091237e-09,0,1,,
7266,7.266,0.0,1.8633624114999656e-28,0,1,0.0,2.517498719438286e-09,0,1,,
7267,7.267,0.0,1.7724851543273748e-28,0,1,0.0,2.3947188580725654e-09,0,1,,
7268,7.268,0.0,1.686040033286888e-28,0,1,0.0,2.2779270412053736e-09,0,1,,
7269,7.269,0.0,1.6038108905486512e-28,0,1,0.0,2.1668312284604018e-09,0,1,,
7270,7.2700000000000005,0.0,1.5255921104245711e-28,0,1,0.0,2.0611536224385632e-09,0,1,,
7271,7.271,0.0,1.4511881052219947e-28,0,1,0.0,1.9606299740797964e-09,0,1,,
7272,7.272,0.0,1.3804128261725997e-28,0,1,0.0,1.8650089219027744e-09,0,1,,
7273,7.273000000000001,0.0,1.313089298213566e-28,0,1,0.0,1.7740513634702733e-09,0,1,,
7274,7.274,0.0,1.2490491774577369e-28,0,1,0.0,1.687529857508535e-09,0,1,,
7275,7.275,0.0,1.1881323302462132e-28,0,1,0.0,1.6052280551856156e-09,0,1,,
7276,7.276,0.0,1.1301864327307977e-28,0,1,0.0,1.5269401591266135e-09,0,1,,
7277,7.277,0.0,1.0750665899850317e-28,0,1,0.0,1.4524704088130372e-09,0,1,,
7278,7.2780000000000005,0.0,1.0226349736914068e-28,0,1,0.0,1.3816325910795421e-09,0,1,,
7279,7.279,0.0,9.727604774987797e-29,0,1,0.0,1.314249574484023e-09,0,1,,
7280,7.28,0.0,9.25318389188204e-29,0,1,0.0,1.2501528663867457e-09,0,1,,
7281,7.281000000000001,0.0,8.801900788274229e-29,0,1,0.0,1.189182191630982e-09,0,1,,
7282,7.282,0.0,8.372627021342476e-29,0,1,0.0,1.131185091771637e-09,0,1,,
7283,7.283,0.0,7.964289183070731e-29,0,1,0.0,1.0760165438497216e-09,0,1,,
7284,7.284,0.0,7.575866216169633e-29,0,1,0.0,1.023538597759418e-09,0,1,,
7285,7.285,0.0,7.206386860901442e-29,0,1,0.0,9.73620031300959e-10,0,1,,
7286,7.2860000000000005,0.0,6.854927226424785e-29,0,1,0.0,9.261360220567784e-10,0,1,,
7287,7.287,0.0,6.520608480586324e-29,0,1,0.0,8.809678352704499e-10,0,1,,
7288,7.288,0.0,6.202594652382604e-29,0,1,0.0,8.380025269479498e-10,0,1,,
7289,7.289000000000001,0.0,5.90009054159711e-29,0,1,0.0,7.971326614388424e-10,0,1,,
7290,7.29,0.0,5.612339730385525e-29,0,1,0.0,7.582560427911925e-10,0,1,,
7291,7.291,0.0,5.338622691837115e-29,0,1,0.0,7.212754592084548e-10,0,1,,
7292,7.292,0.0,5.078254990782672e-29,0,1,0.0,6.860984399693467e-10,0,1,,
7293,7.293,0.0,4.83058557235008e-29,0,1,0.0,6.526370242028794e-10,0,1,,
7294,7.2940000000000005,0.0,4.594995133988019e-29,0,1,0.0,6.208075409403635e-10,0,1,,
7295,7.295,0.0,4.370894576887004e-29,0,1,0.0,5.905303998944054e-10,0,1,,
7296,7.296,0.0,4.157723532925517e-29,0,1,0.0,5.617298924417317e-10,0,1,,
7297,7.297,0.0,3.9549489634578147e-29,0,1,0.0,5.343340023121964e-10,0,1,,
7298,7.298,0.0,3.762063826439673e-29,0,1,0.0,5.082742255105938e-10,0,1,,
7299,7.299,0.0,3.578585808559164e-29,0,1,0.0,4.834853990209882e-10,0,1,,
7300,7.3,0.0,3.404056119202156e-29,0,1,0.0,4.5990553786523275e-10,0,1,7.30986475701222,7.310292862280372
7301,7.301,0.0,3.2380383432368007e-29,0,1,0.0,4.374756801082367e-10,0,1,,
7302,7.3020000000000005,0.0,3.0801173497483877e-29,0,1,0.0,4.1613973942241643e-10,0,1,,
7303,7.303,0.0,2.9298982539958233e-29,0,1,0.0,3.958443648426623e-10,0,1,,
7304,7.304,0.0,2.787005429994094e-29,0,1,0.0,3.765388073611363e-10,0,1,,
7305,7.305,0.0,2.651081571253647e-29,0,1,0.0,3.581747930283189e-10,0,1,,
7306,7.306,0.0,2.5217867973280552e-29,0,1,0.0,3.407064022429902e-10,0,1,,
7307,7.307,0.0,2.3987978039358647e-29,0,1,0.0,3.2408995492930834e-10,0,1,,
7308,7.308,0.0,2.2818070545314892e-29,0,1,0.0,3.082839013138683e-10,0,1,,
7309,7.309,0.0,2.170522011303658e-29,0,1,0.0,2.932487180296259e-10,0,1,,
7310,7.3100000000000005,0.0,2.064664403678511e-29,0,1,0.0,2.789468092868932e-10,0,1,,
7311,7.311,0.0,1.9639695324982197e-29,0,1,0.0,2.6534241286428184e-10,0,1,,
7312,7.312,0.0,1.868185608135218e-29,0,1,0.0,2.5240151068452167e-10,0,1,,
7313,7.313,0.0,1.7770731208869798e-29,0,1,0.0,2.4009174375154836e-10,0,1,,
7314,7.314,0.0,1.6904042420770096e-29,0,1,0.0,2.2838233123615825e-10,0,1,,
7315,7.315,0.0,1.6079622543644795e-29,0,1,0.0,2.1724399350790225e-10,0,1,,
7316,7.316,0.0,1.5295410098379945e-29,0,1,0.0,2.0664887892075872e-10,0,1,,
7317,7.317,0.0,1.4549444145384366e-29,0,1,0.0,1.9657049416951106e-10,0,1,,
7318,7.3180000000000005,0.0,1.3839859381219253e-29,0,1,0.0,1.8698363804268495e-10,0,1,,
7319,7.319,0.0,1.3164881474367998e-29,0,1,0.0,1.77864338406393e-10,0,1,,
7320,7.32,0.0,1.2522822628483182e-29,0,1,0.0,1.6918979226151346e-10,0,1,,
7321,7.321,0.0,1.1912077362016577e-29,0,1,0.0,1.609383087243148e-10,0,1,,
7322,7.322,0.0,1.1331118493679012e-29,0,1,0.0,1.5308925478794822e-10,0,1,,
7323,7.323,0.0,1.0778493323691685e-29,0,1,0.0,1.4562300372918317e-10,0,1,,
7324,7.324,0.0,1.0252820001280029e-29,0,1,0.0,1.3852088603137624e-10,0,1,,
7325,7.325,0.0,9.752784069327012e-30,0,1,0.0,1.3176514270095502e-10,0,1,,
7326,7.3260000000000005,0.0,9.277135177545665e-30,0,1,0.0,1.253388808606839e-10,0,1,,
7327,7.327,0.0,8.824683955952092e-30,0,1,0.0,1.1922603150867193e-10,0,1,,
7328,7.328,0.0,8.394299040820993e-30,0,1,0.0,1.13411309337498e-10,0,1,,
7329,7.329,0.0,7.984904245687049e-30,0,1,0.0,1.0788017451298067e-10,0,1,,
7330,7.33,0.0,7.5954758703182e-30,0,1,0.0,1.026187963170192e-10,0,1,,
7331,7.331,0.0,7.225040140931842e-30,0,1,0.0,9.761401856359416e-11,0,1,,
7332,7.332,0.0,6.872670775253154e-30,0,1,0.0,9.285332670144969e-11,0,1,,
7333,7.333,0.0,6.537486666326933e-30,0,1,0.0,8.832481652119677e-11,0,1,,
7334,7.3340000000000005,0.0,6.21864967929126e-30,0,1,0.0,8.401716438858916e-11,0,1,,
7335,7.335,0.0,5.915362555603775e-30,0,1,0.0,7.991959892953955e-11,0,1,,
7336,7.336,0.0,5.626866919480052e-30,0,1,0.0,7.602187409607379e-11,0,1,,
7337,7.337,0.0,5.352441381559115e-30,0,1,0.0,7.2314243545874e-11,0,1,,
7338,7.338,0.0,5.091399735054284e-30,0,1,0.0,6.87874362713462e-11,0,1,,
7339,7.339,0.0,4.8430892398787745e-30,0,1,0.0,6.543263341727219e-11,0,1,,
7340,7.34,0.0,4.606888990455487e-30,0,1,0.0,6.224144622907802e-11,0,1,,
7341,7.341,0.0,4.3822083631296485e-30,0,1,0.0,5.920589507657803e-11,0,1,,
7342,7.3420000000000005,0.0,4.168485539302031e-30,0,1,0.0,5.631838950074297e-11,0,1,,
7343,7.343,0.0,3.9651861005898195e-30,0,1,0.0,5.357170923359879e-11,0,1,,
7344,7.344,0.0,3.7718016925022845e-30,0,1,0.0,5.0958986143795766e-11,0,1,,
7345,7.345,0.0,3.587848753289767e-30,0,1,0.0,4.8473687062702705e-11,0,1,,
7346,7.346,0.0,3.41286730478743e-30,0,1,0.0,4.61095974480824e-11,0,1,,
7347,7.347,0.0,3.2464198022302494e-30,0,1,0.0,4.386080584449902e-11,0,1,,
7348,7.348,0.0,3.088090040163202e-30,0,1,0.0,4.172168910160036e-11,0,1,,
7349,7.349,0.0,2.9374821117108294e-30,0,1,0.0,3.9686898313313017e-11,0,1,,
7350,7.3500000000000005,0.0,2.7942194186038345e-30,0,1,0.0,3.77513454427911e-11,0,1,,
7351,7.351,0.0,2.657943729487245e-30,0,1,0.0,3.591019059967383e-11,0,1,,
7352,7.352,0.0,2.5283142841554334e-30,0,1,0.0,3.415882993783869e-11,0,1,,
7353,7.353,0.0,2.4050069414741076e-30,0,1,0.0,3.2492884143388056e-11,0,1,,
7354,7.354,0.0,2.2877133688586376e-30,0,1,0.0,3.0908187484083394e-11,0,1,,
7355,7.355,0.0,2.1761402712819915e-30,0,1,0.0,2.9400777392844816e-11,0,1,,
7356,7.356,0.0,2.0700086578843964e-30,0,1,0.0,2.7966884559269377e-11,0,1,,
7357,7.357,0.0,1.96905314435087e-30,0,1,0.0,2.6602923504391713e-11,0,1,,
7358,7.3580000000000005,0.0,1.8730212893121992e-30,0,1,0.0,2.5305483615119047e-11,0,1,,
7359,7.359,0.0,1.7816729631100285e-30,0,1,0.0,2.4071320615921938e-11,0,1,,
7360,7.36,0.0,1.694779747347634e-30,0,1,0.0,2.2897348456455598e-11,0,1,,
7361,7.361,0.0,1.6121243637249556e-30,0,1,0.0,2.178063159482657e-11,0,1,,
7362,7.362,0.0,1.5335001307296692e-30,0,1,0.0,2.0718377657208946e-11,0,1,,
7363,7.363,0.0,1.458710446825753e-30,0,1,0.0,1.970793045545532e-11,0,1,,
7364,7.364,0.0,1.3875682988472405e-30,0,1,0.0,1.874676334524286e-11,0,1,,
7365,7.365,0.0,1.3198957943678954e-30,0,1,0.0,1.7832472908146444e-11,0,1,,
7366,7.3660000000000005,0.0,1.2555237168774858e-30,0,1,0.0,1.6962772941840715e-11,0,1,,
7367,7.367,0.0,1.1942911026523682e-30,0,1,0.0,1.6135488743403426e-11,0,1,,
7368,7.368,0.0,1.1360448382623354e-30,0,1,0.0,1.534855167142539e-11,0,1,,
7369,7.369,0.0,1.080639277707288e-30,0,1,0.0,1.4599993973329445e-11,0,1,,
7370,7.37,0.0,1.0279358782263708e-30,0,1,0.0,1.3887943864964061e-11,0,1,,
7371,7.371,0.0,9.778028538689067e-31,0,1,0.0,1.3210620850167986e-11,0,1,,
7372,7.372,0.0,9.30114845960876e-31,0,1,0.0,1.2566331268602426e-11,0,1,,
7373,7.373,0.0,8.847526096429343e-31,0,1,0.0,1.1953464060718013e-11,0,1,,
7374,7.3740000000000006,0.0,8.416027156961533e-31,0,1,0.0,1.1370486739266763e-11,0,1,,
7375,7.375,0.0,8.0055726690989e-31,0,1,0.0,1.0815941557285724e-11,0,1,,
7376,7.376,0.0,7.615136282825591e-31,0,1,0.0,1.0288441862970256e-11,0,1,,
7377,7.377,0.0,7.243741703806694e-31,0,1,0.0,9.78666863232225e-12,0,1,,
7378,7.378,0.0,6.890460252143863e-31,0,1,0.0,9.309367170903085e-12,0,1,,
7379,7.3790000000000004,0.0,6.5544085401918515e-31,0,1,0.0,8.855343976443981e-12,0,1,,
7380,7.38,0.0,6.23474626362926e-31,0,1,0.0,8.423463754468673e-12,0,1,,
7381,7.381,0.0,5.930674100260038e-31,0,1,0.0,8.01264657946586e-12,0,1,,
7382,7.382000000000001,0.0,5.641431711291646e-31,0,1,0.0,7.621865194512924e-12,0,1,,
7383,7.383,0.0,5.3662958400920306e-31,0,1,0.0,7.250142442598552e-12,0,1,,
7384,7.384,0.0,5.104578503671318e-31,0,1,0.0,6.8965488232212215e-12,0,1,,
7385,7.385,0.0,4.855625272365984e-31,0,1,0.0,6.560200168153799e-12,0,1,,
7386,7.386,0.0,4.618813633423818e-31,0,1,0.0,6.240255430562425e-12,0,1,,
7387,7.3870000000000005,0.0,4.39355143439779e-31,0,1,0.0,5.935914581951351e-12,0,1,,
7388,7.388,0.0,4.179275402456496e-31,0,1,0.0,5.6464166116749796e-12,0,1,,
7389,7.389,0.0,3.975449735908683e-31,0,1,0.0,5.371037624014862e-12,0,1,,
7390,7.390000000000001,0.0,3.781564764419932e-31,0,1,0.0,5.10908902806334e-12,0,1,,
7391,7.391,0.0,3.59713567457135e-31,0,1,0.0,4.859915815887603e-12,0,1,,
7392,7.392,0.0,3.421701297573493e-31,0,1,0.0,4.6228949246686826e-12,0,1,,
7393,7.393,0.0,3.25482295610418e-31,0,1,0.0,4.3974336787198626e-12,0,1,,
7394,7.394,0.0,3.0960833673866917e-31,0,1,0.0,4.1829683074887526e-12,0,1,,
7395,7.3950000000000005,0.0,2.9450855997654756e-31,0,1,0.0,3.978962535837252e-12,0,1,,
7396,7.396,0.0,2.8014520801702536e-31,0,1,0.0,3.784906243074371e-12,0,1,,
7397,7.397,0.0,2.6648236499866785e-31,0,1,0.0,3.6003141873887935e-12,0,1,,
7398,7.398000000000001,0.0,2.53485866697272e-31,0,1,0.0,3.424724792491598e-12,0,1,,
7399,7.399,0.0,2.4112321509751078e-31,0,1,0.0,3.2576989934351097e-12,0,1,,
7400,7.4,0.0,2.2936349713096704e-31,0,1,0.0,3.098819138721835e-12,0,1,7.174097289906432,7.311125891332133
7401,7.401,0.0,2.1817730737736092e-31,0,1,0.0,2.9476879459581693e-12,0,1,,
7402,7.402,0.0,2.075366745356824e-31,0,1,0.0,2.803927508441481e-12,0,1,,
7403,7.4030000000000005,0.0,1.9741499148136917e-31,0,1,0.0,2.667178350196511e-12,0,1,,
7404,7.404,0.0,1.8778694873463615e-31,0,1,0.0,2.537098527098191e-12,0,1,,
7405,7.405,0.0,1.7862847117359303e-31,0,1,0.0,2.4133627718332215e-12,0,1,,
7406,7.406000000000001,0.0,1.6991665783389928e-31,0,1,0.0,2.295661680562363e-12,0,1,,
7407,7.407,0.0,1.6162972464442475e-31,0,1,0.0,2.1837009392496787e-12,0,1,,
7408,7.408,0.0,1.5374694995572502e-31,0,1,0.0,2.0772005877241405e-12,0,1,,
7409,7.409,0.0,1.4624862272512438e-31,0,1,0.0,1.975894319633379e-12,0,1,,
7410,7.41,0.0,1.3911599322884211e-31,0,1,0.0,1.879528816539089e-12,0,1,,
7411,7.4110000000000005,0.0,1.3233122617791672e-31,0,1,0.0,1.7878631144889857e-12,0,1,,
7412,7.412,0.0,1.2587735612069353e-31,0,1,0.0,1.700668001481412e-12,0,1,,
7413,7.413,0.0,1.1973824502035874e-31,0,1,0.0,1.617725444315943e-12,0,1,,
7414,7.414000000000001,0.0,1.1389854190144134e-31,0,1,0.0,1.5388280433968164e-12,0,1,,
7415,7.415,0.0,1.083436444643785e-31,0,1,0.0,1.4637785141259134e-12,0,1,,
7416,7.416,0.0,1.0305966257216074e-31,0,1,0.0,1.392389193588503e-12,0,1,,
7417,7.417,0.0,9.803338351775424e-32,0,1,0.0,1.324481571298205e-12,0,1,,
7418,7.418,0.0,9.325223898545115e-32,0,1,0.0,1.2598858428277928e-12,0,1,,
7419,7.4190000000000005,0.0,8.870427362353374e-32,0,1,0.0,1.1984404852096784e-12,0,1,,
7420,7.42,0.0,8.437811514966787e-32,0,1,0.0,1.1399918530443588e-12,0,1,,
7421,7.421,0.0,8.026294591427355e-32,0,1,0.0,1.084393794306888e-12,0,1,,
7422,7.422000000000001,0.0,7.634847585076636e-32,0,1,0.0,1.0315072848906868e-12,0,1,,
7423,7.423,0.0,7.262491674503115e-32,0,1,0.0,9.81200080974862e-13,0,1,,
7424,7.424,0.0,6.908295775978825e-32,0,1,0.0,9.33346388345772e-13,0,1,,
7425,7.425,0.0,6.571374215265051e-32,0,1,0.0,8.878265478459686e-13,0,1,,
7426,7.426,0.0,6.250884512965405e-32,0,1,0.0,8.445267361639764e-13,0,1,,
7427,7.4270000000000005,0.0,5.946025277888508e-32,0,1,0.0,8.033386812167256e-13,0,1,,
7428,7.428,0.0,5.656034203152584e-32,0,1,0.0,7.641593914129485e-13,0,1,,
7429,7.429,0.0,5.380186160021186e-32,0,1,0.0,7.268908981205548e-13,0,1,,
7430,7.43,0.0,5.11779138470366e-32,0,1,0.0,6.914400106940225e-13,0,1,,
7431,7.431,0.0,4.868193753586374e-32,0,1,0.0,6.577180834492426e-13,0,1,,
7432,7.432,0.0,4.6307691425819376e-32,0,1,0.0,6.256407940031356e-13,0,1,,
7433,7.433,0.0,4.4049238664938813e-32,0,1,0.0,5.951279324237724e-13,0,1,,
7434,7.434,0.0,4.1900931944944346e-32,0,1,0.0,5.661032006637649e-13,0,1,,
7435,7.4350000000000005,0.0,3.9857399380032994e-32,0,1,0.0,5.384940217754053e-13,0,1,,
7436,7.436,0.0,3.79135310743639e-32,0,1,0.0,5.122313584304937e-13,0,1,,
7437,7.437,0.0,3.606446634465711e-32,0,1,0.0,4.872495402910575e-13,0,1,,
7438,7.438,0.0,3.430558156595355e-32,0,1,0.0,4.634860997993001e-13,0,1,,
7439,7.439,0.0,3.26324786101443e-32,0,1,0.0,4.408816159761687e-13,0,1,,
7440,7.44,0.0,3.104097384835942e-32,0,1,0.0,4.1937956583795577e-13,0,1,,
7441,7.441,0.0,2.9527087689716645e-32,0,1,0.0,3.98926183059398e-13,0,1,,
7442,7.442,0.0,2.808703463027128e-32,0,1,0.0,3.7947032352985765e-13,0,1,,
7443,7.4430000000000005,0.0,2.671721378728458e-32,0,1,0.0,3.6096333746640626e-13,0,1,,
7444,7.444,0.0,2.541419989514125e-32,0,1,0.0,3.4335894776402666e-13,0,1,,
7445,7.445,0.0,2.417473474040132e-32,0,1,0.0,3.266131342787458e-13,0,1,,
7446,7.446,0.0,2.2995719014569365e-32,0,1,0.0,3.106840237543458e-13,0,1,,
7447,7.447,0.0,2.1874204564208943e-32,0,1,0.0,2.9553178511741255e-13,0,1,,
7448,7.448,0.0,2.0807387019023366e-32,0,1,0.0,2.81118529878905e-13,0,1,,
7449,7.449,0.0,1.9792598779469223e-32,0,1,0.0,2.6740821739319756e-13,0,1,,
7450,7.45,0.0,1.8827302346368042e-32,0,1,0.0,2.5436656473769313e-13,0,1,,
7451,7.4510000000000005,0.0,1.7909083975836617e-32,0,1,0.0,2.4196096098765945e-13,0,1,,
7452,7.452,0.0,1.7035647643670025e-32,0,1,0.0,2.30160385671931e-13,0,1,,
7453,7.453,0.0,1.6204809304085183e-32,0,1,0.0,2.1893533120557333e-13,0,1,,
7454,7.454,0.0,1.5414491428468765e-32,0,1,0.0,2.0825772910555074e-13,0,1,,
7455,7.455,0.0,1.4662717810473533e-32,0,1,0.0,1.9810087980489862e-13,0,1,,
7456,7.456,0.0,1.394760862447311e-32,0,1,0.0,1.8843938588989882e-13,0,1,,
7457,7.457,0.0,1.326737572501875e-32,0,1,0.0,1.7924908859331643e-13,0,1,,
7458,7.458,0.0,1.262031817554433e-32,0,1,0.0,1.705070073848979e-13,0,1,,
7459,7.4590000000000005,0.0,1.2004817995138934e-32,0,1,0.0,1.6219128250807542e-13,0,1,,
7460,7.46,0.0,1.1419336112751825e-32,0,1,0.0,1.542811203191893e-13,0,1,,
7461,7.461,0.0,1.0862408518713139e-32,0,1,0.0,1.4675674129254787e-13,0,1,,
7462,7.462,0.0,1.0332642603947153e-32,0,1,0.0,1.3959933056131047e-13,0,1,,
7463,7.463,0.0,9.828713677724209e-33,0,1,0.0,1.327909908705203e-13,0,1,,
7464,7.464,0.0,9.349361655243896e-33,0,1,0.0,1.263146978246446e-13,0,1,,
7465,7.465,0.0,8.893387906766694e-33,0,1,0.0,1.2015425731771827e-13,0,1,,
7466,7.466,0.0,8.459652260415291e-33,0,1,0.0,1.1429426503964385e-13,0,1,,
7467,7.4670000000000005,0.0,8.047070151151002e-33,0,1,0.0,1.087200679573925e-13,0,1,,
7468,7.468,0.0,7.654609908796241e-33,0,1,0.0,1.03417727674789e-13,0,1,,
7469,7.469,0.0,7.281290178321712e-33,0,1,0.0,9.83739855792611e-14,0,1,,
7470,7.47,0.0,6.926177465947663e-33,0,1,0.0,9.357622968840208e-14,0,1,,
7471,7.471,0.0,6.588383804923209e-33,0,1,0.0,8.901246311344534e-14,0,1,,
7472,7.472,0.0,6.267064535146929e-33,0,1,0.0,8.467127406079364e-14,0,1,,
7473,7.473,0.0,5.9614161910766474e-33,0,1,0.0,8.054180729659096e-14,0,1,,
7474,7.474,0.0,5.670674492647078e-33,0,1,0.0,7.661373700298363e-14,0,1,,
7475,7.4750000000000005,0.0,5.3941124341715585e-33,0,1,0.0,7.287724095819717e-14,0,1,,
7476,7.476,0.0,5.131038466449157e-33,0,1,0.0,6.932297597586576e-14,0,1,,
7477,7.477,0.0,4.8807947675314576e-33,0,1,0.0,6.594205454219962e-14,0,1,,
7478,7.478,0.0,4.642755597825045e-33,0,1,0.0,6.272602259257123e-14,0,1,,
7479,7.479,0.0,4.416325735416586e-33,0,1,0.0,5.966683837195032e-14,0,1,,
7480,7.48,0.0,4.200938987708012e-33,0,1,0.0,5.6756852326327417e-14,0,1,,
7481,7.481,0.0,3.996056775640104e-33,0,1,0.0,5.398878797484444e-14,0,1,,
7482,7.482,0.0,3.801166786964315e-33,0,1,0.0,5.135572371480235e-14,0,1,,
7483,7.4830000000000005,0.0,3.6157816951952934e-33,0,1,0.0,4.885107551404911e-14,0,1,,
7484,7.484,0.0,3.439437941040835e-33,0,1,0.0,4.6468580447469856e-14,0,1,,
7485,7.485,0.0,3.2716945732621945e-33,0,1,0.0,4.4202281036411885e-14,0,1,,
7486,7.486,0.0,3.112132146066307e-33,0,1,0.0,4.2046510351884904e-14,0,1,,
7487,7.487,0.0,2.960351670272825e-33,0,1,0.0,3.9995877844286794e-14,0,1,,
7488,7.488,0.0,2.8159736156333468e-33,0,1,0.0,3.8045255864221786e-14,0,1,,
7489,7.489,0.0,2.6786369618081035e-33,0,1,0.0,3.6189766840706106e-14,0,1,,
7490,7.49,0.0,2.5479982956270633e-33,0,1,0.0,3.4424771084699894e-14,0,1,,
7491,7.4910000000000005,0.0,2.4237309523781316e-33,0,1,0.0,3.27458551874679e-14,0,1,,
7492,7.492,0.0,2.3055241989752176e-33,0,1,0.0,3.1148820984758806e-14,0,1,,
7493,7.493,0.0,2.1930824569636658e-33,0,1,0.0,2.9629675059207883e-14,0,1,,
7494,7.494,0.0,2.0861245634201598e-33,0,1,0.0,2.8184618754713475e-14,0,1,,
7495,7.495,0.0,1.9843830678989618e-33,0,1,0.0,2.6810038677818128e-14,0,1,,
7496,7.496,0.0,1.8876035636664908e-33,0,1,0.0,2.5502497662342822e-14,0,1,,
7497,7.497,0.0,1.795544051551973e-33,0,1,0.0,2.4258726174681166e-14,0,1,,
7498,7.498,0.0,1.7079743348234634e-33,0,1,0.0,2.3075614138262375e-14,0,1,,
7499,7.4990000000000006,0.0,1.624675443576113e-33,0,1,0.0,2.1950203156739857e-14,0,1,,
7500,7.5,0.0,1.5454390871933482e-33,0,1,0.0,2.0879679116459412e-14,0,1,6.59342816715602,7.30966742446634
7501,7.501,0.0,1.4700671335118375e-33,0,1,0.0,1.9861365149709263e-14,0,1,,
7502,7.502,0.0,1.3983711133878794e-33,0,1,0.0,1.889271494115648e-14,0,1,,
7503,7.503,0.0,1.3301717494263753e-33,0,1,0.0,1.7971306360732318e-14,0,1,,
7504,7.5040000000000004,0.0,1.2652985076939589e-33,0,1,0.0,1.7094835407045424e-14,0,1,,
7505,7.505,0.0,1.2035891712953368e-33,0,1,0.0,1.626111044617825e-14,0,1,,
7506,7.506,0.0,1.1448894347465544e-33,0,1,0.0,1.5468046731460686e-14,0,1,,
7507,7.507000000000001,0.0,1.0890525181309127e-33,0,1,0.0,1.47136611905175e-14,0,1,,
7508,7.508,0.0,1.0359388000727214e-33,0,1,0.0,1.3996067466554451e-14,0,1,,
7509,7.509,0.0,9.85415468611135e-34,0,1,0.0,1.3313471201483756e-14,0,1,,
7510,7.51,0.0,9.373561891010714e-34,0,1,0.0,1.2664165549094223e-14,0,1,,
7511,7.511,0.0,8.916407883107946e-34,0,1,0.0,1.2046526907046666e-14,0,1,,
7512,7.5120000000000005,0.0,8.481549539262401e-34,0,1,0.0,1.1459010857022366e-14,0,1,,
7513,7.513,0.0,8.06789948710687e-34,0,1,0.0,1.090014830287282e-14,0,1,,
7514,7.514,0.0,7.674423386050274e-34,0,1,0.0,1.0368541797114146e-14,0,1,,
7515,7.515000000000001,0.0,7.300137340887423e-34,0,1,0.0,9.862862046580489e-15,0,1,,
7516,7.516,0.0,6.944105441548516e-34,0,1,0.0,9.381844588498693e-15,0,1,,
7517,7.517,0.0,6.605437422836471e-34,0,1,0.0,8.92428662867275e-15,0,1,,
7518,7.518,0.0,6.2832864383002165e-34,0,1,0.0,8.489044033871798e-15,0,1,,
7519,7.519,0.0,5.976846942677456e-34,0,1,0.0,8.07502847090109e-15,0,1,,
7520,7.5200000000000005,0.0,5.685352677611929e-34,0,1,0.0,7.681204685202124e-15,0,1,,
7521,7.521,0.0,5.4080747556083885e-34,0,1,0.0,7.306587912177005e-15,0,1,,
7522,7.522,0.0,5.144319837434207e-34,0,1,0.0,6.950241414764006e-15,0,1,,
7523,7.523000000000001,0.0,4.893428398410147e-34,0,1,0.0,6.611274141106994e-15,0,1,,
7524,7.524,0.0,4.654773079255134e-34,0,1,0.0,6.2888384964616584e-15,0,1,,
7525,7.525,0.0,4.427757117361278e-34,0,1,0.0,5.982128223767159e-15,0,1,,
7526,7.526,0.0,4.2118128545765085e-34,0,1,0.0,5.690376387583513e-15,0,1,,
7527,7.527,0.0,4.006400317763521e-34,0,1,0.0,5.412853456353517e-15,0,1,,
7528,7.5280000000000005,0.0,3.8110058685856724e-34,0,1,0.0,5.148865478193857e-15,0,1,,
7529,7.529,0.0,3.625140919143593e-34,0,1,0.0,4.8977523456539364e-15,0,1,,
7530,7.53,0.0,3.4483407102509494e-34,0,1,0.0,4.658886145103416e-15,0,1,,
7531,7.531000000000001,0.0,3.2801631492943942e-34,0,1,0.0,4.431669586621073e-15,0,1,,
7532,7.532,0.0,3.1201877047717563e-34,0,1,0.0,4.2155345104588805e-15,0,1,,
7533,7.533,0.0,2.9680143547442417e-34,0,1,0.0,4.0099404663467e-15,0,1,,
7534,7.534,0.0,2.823262586573223e-34,0,1,0.0,3.814373362085096e-15,0,1,,
7535,7.535,0.0,2.6855704454404445e-34,0,1,0.0,3.628344178047059e-15,0,1,,
7536,7.5360000000000005,0.0,2.5545936292724402e-34,0,1,0.0,3.45138774437422e-15,0,1,,
7537,7.537,0.0,2.430004627806014e-34,0,1,0.0,3.283061577809907e-15,0,1,,
7538,7.538,0.0,2.3114919036419864e-34,0,1,0.0,3.122944775260524e-15,0,1,,
7539,7.539000000000001,0.0,2.1987591132394267e-34,0,1,0.0,2.9706369613185797e-15,0,1,,
7540,7.54,0.0,2.0915243659024403e-34,0,1,0.0,2.8257572871156225e-15,0,1,,
7541,7.541,0.0,1.989519518906599e-34,0,1,0.0,2.6879434780016925e-15,0,1,,
7542,7.542,0.0,1.8924895070024618e-34,0,1,0.0,2.5568509276699975e-15,0,1,,
7543,7.543,0.0,1.8001917046195918e-34,0,1,0.0,2.4321518364616484e-15,0,1,,
7544,7.5440000000000005,0.0,1.7123953191762536e-34,0,1,0.0,2.3135343916957685e-15,0,1,,
7545,7.545,0.0,1.6288808139777443e-34,0,1,0.0,2.200701987975375e-15,0,1,,
7546,7.546,0.0,1.5494393592603044e-34,0,1,0.0,2.0933724855193934e-15,0,1,,
7547,7.547000000000001,0.0,1.4738723100079344e-34,0,1,0.0,1.991277504666242e-15,0,1,,
7548,7.548,0.0,1.4019907092363853e-34,0,1,0.0,1.894161754784887e-15,0,1,,
7549,7.549,0.0,1.3336148155022746e-34,0,1,0.0,1.8017823959152907e-15,0,1,,
7550,7.55,0.0,1.2685736534558546e-34,0,1,0.0,1.7139084315420197e-15,0,1,,
7551,7.551,0.0,1.2067045863135807e-34,0,1,0.0,1.630320130982637e-15,0,1,,
7552,7.5520000000000005,0.0,1.1478529091814395e-34,0,1,0.0,1.5508084799465424e-15,0,1,,
7553,7.553,0.0,1.091871462212131e-34,0,1,0.0,1.4751746578903765e-15,0,1,,
7554,7.554,0.0,1.0386202626287984e-34,0,1,0.0,1.4032295408631006e-15,0,1,,
7555,7.555,0.0,9.879661546951724e-35,0,1,0.0,1.3347932285976084e-15,0,1,,
7556,7.556,0.0,9.397824767568722e-35,0,1,0.0,1.269694594666353e-15,0,1,,
7557,7.557,0.0,8.939487445212952e-35,0,1,0.0,1.2077708585761423e-15,0,1,,
7558,7.558,0.0,8.503503497841275e-35,0,1,0.0,1.1488671787321171e-15,0,1,,
7559,7.559,0.0,8.088782738491364e-35,0,1,0.0,1.0928362652531107e-15,0,1,,
7560,7.5600000000000005,0.0,7.694288149246449e-35,0,1,0.0,1.039538011670226e-15,0,1,,
7561,7.561,0.0,7.319033288150364e-35,0,1,0.0,9.888391445876857e-16,0,1,,
7562,7.562,0.0,6.96207982258884e-35,0,1,0.0,9.406128904299227e-16,0,1,,
7563,7.563,0.0,6.622535182969215e-35,0,1,0.0,8.947386584416085e-16,0,1,,
7564,7.564,0.0,6.299550330831538e-35,0,1,0.0,8.511017391479522e-16,0,1,,
7565,7.565,0.0,5.992317635810166e-35,0,1,0.0,8.095930175212634e-16,0,1,,
7566,7.566,0.0,5.700068856137184e-35,0,1,0.0,7.701087001365478e-16,0,1,,
7567,7.567,0.0,5.422073217637817e-35,0,1,0.0,7.325500556338813e-16,0,1,,
7568,7.5680000000000005,0.0,5.157635586414355e-35,0,1,0.0,6.968231678385829e-16,0,1,,
7569,7.569,0.0,4.906094730649329e-35,0,1,0.0,6.628387009218597e-16,0,1,,
7570,7.57,0.0,4.666821667181547e-35,0,1,0.0,6.305116760147015e-16,0,1,,
7571,7.571,0.0,4.4392180887205655e-35,0,1,0.0,5.997612587164452e-16,0,1,,
7572,7.572,0.0,4.222714867766823e-35,0,1,0.0,5.70510556966668e-16,0,1,,
7573,7.573,0.0,4.0167706334964437e-35,0,1,0.0,5.426864287749854e-16,0,1,,
7574,7.574,0.0,3.820870418052191e-35,0,1,0.0,5.16219299327977e-16,0,1,,
7575,7.575,0.0,3.634524368855588e-35,0,1,0.0,4.910429870159135e-16,0,1,,
7576,7.5760000000000005,0.0,3.457266523720322e-35,0,1,0.0,4.67094537944259e-16,0,1,,
7577,7.577,0.0,3.288653645704066e-35,0,1,0.0,4.443140685161444e-16,0,1,,
7578,7.578,0.0,3.128264114785254e-35,0,1,0.0,4.226446156921829e-16,0,1,,
7579,7.579,0.0,2.9756968735934124e-35,0,1,0.0,4.020319945532006e-16,0,1,,
7580,7.58,0.0,2.830570424556836e-35,0,1,0.0,3.824246628097152e-16,0,1,,
7581,7.581,0.0,2.6925218759599405e-35,0,1,0.0,3.63773591919365e-16,0,1,,
7582,7.582,0.0,2.561206034524957e-35,0,1,0.0,3.4603214449001516e-16,0,1,,
7583,7.583,0.0,2.436294542248931e-35,0,1,0.0,3.2915595766198504e-16,0,1,,
7584,7.5840000000000005,0.0,2.3174750553376813e-35,0,1,0.0,3.131028321777914e-16,0,1,,
7585,7.585,0.0,2.204450463183623e-35,0,1,0.0,2.978326268620242e-16,0,1,,
7586,7.586,0.0,2.0969381454344901e-35,0,1,0.0,2.833071582474992e-16,0,1,,
7587,7.587,0.0,1.9946692652952447e-35,0,1,0.0,2.694901050967014e-16,0,1,,
7588,7.588,0.0,1.8973880972960576e-35,0,1,0.0,2.563469175797722e-16,0,1,,
7589,7.589,0.0,1.8048513878454337e-35,0,1,0.0,2.4384473088193867e-16,0,1,,
7590,7.59,0.0,1.716827746969527e-35,0,1,0.0,2.31952283024358e-16,0,1,,
7591,7.591,0.0,1.6330970697166804e-35,0,1,0.0,2.206398366928868e-16,0,1,,
7592,7.5920000000000005,0.0,1.5534499857804004e-35,0,1,0.0,2.0987910487930624e-16,0,1,,
7593,7.593,0.0,1.4776873359645325e-35,0,1,0.0,1.9964318014906747e-16,0,1,,
7594,7.594,0.0,1.4056196741815356e-35,0,1,0.0,1.8990646735868983e-16,0,1,,
7595,7.595,0.0,1.3370667937385831e-35,0,1,0.0,1.8064461965457015e-16,0,1,,
7596,7.596,0.0,1.2718572767269673e-35,0,1,0.0,1.7183447759316714e-16,0,1,,
7597,7.597,0.0,1.2098280653880385e-35,0,1,0.0,1.6345401123032923e-16,0,1,,
7598,7.598,0.0,1.150824054383876e-35,0,1,0.0,1.554822650349593e-16,0,1,,
7599,7.599,0.0,1.0946977029531527e-35,0,1,0.0,1.4789930548927182e-16,0,1,,
7600,7.6000000000000005,0.0,1.041308665982381e-35,0,1,0.0,1.4068617124461533e-16,0,1,6.3599498898167655,7.294182273526271
7601,7.601,0.0,9.905234430700266e-36,0,1,0.0,1.3382482570822435e-16,0,1,,
7602,7.602,0.0,9.422150447059671e-36,0,1,0.0,1.272981119423426e-16,0,1,,
7603,7.603,0.0,8.962626747315716e-36,0,1,0.0,1.21089709762942e-16,0,1,,
7604,7.604,0.0,8.525514282863835e-36,0,1,0.0,1.1518409493076183e-16,0,1,,
7605,7.605,0.0,8.109720044861184e-36,0,1,0.0,1.0956650033262419e-16,0,1,,
7606,7.606,0.0,7.714204331135208e-36,0,1,0.0,1.042228790559594e-16,0,1,,
7607,7.607,0.0,7.33797814638666e-36,0,1,0.0,9.913986926420778e-17,0,1,,
7608,7.6080000000000005,0.0,6.9801007291862e-36,0,1,0.0,9.43047607852684e-17,0,1,,
7609,7.609,0.0,6.639677199580803e-36,0,1,0.0,8.970546332944836e-17,0,1,,
7610,7.61,0.0,6.31585632142776e-36,0,1,0.0,8.533047625744108e-17,0,1,,
7611,7.611,0.0,6.0078283738609243e-36,0,1,0.0,8.116885982273752e-17,0,1,,
7612,7.612,0.0,5.714823126566788e-36,0,1,0.0,7.721020781656175e-17,0,1,,
7613,7.613,0.0,5.436107913807496e-36,0,1,0.0,7.344462154692856e-17,0,1,,
7614,7.614,0.0,5.1709858023748816e-36,0,1,0.0,6.986268508675759e-17,0,1,,
7615,7.615,0.0,4.9187938488944216e-36,0,1,0.0,6.645544172915104e-17,0,1,,
7616,7.6160000000000005,0.0,4.6789014421214926e-36,0,1,0.0,6.321437159096108e-17,0,1,,
7617,7.617,0.0,4.4507087260847885e-36,0,1,0.0,6.013137030864419e-17,0,1,,
7618,7.618,0.0,4.2336451001339395e-36,0,1,0.0,5.719872877313093e-17,0,1,,
7619,7.619,0.0,4.027167792140675e-36,0,1,0.0,5.440911385303777e-17,0,1,,
7620,7.62,0.0,3.830760501285785e-36,0,1,0.0,5.175555005801894e-17,0,1,,
7621,7.621,0.0,3.643932107038144e-36,0,1,0.0,4.9231402096407256e-17,0,1,,
7622,7.622,0.0,3.466215441097568e-36,0,1,0.0,4.683035828352872e-17,0,1,,
7623,7.623,0.0,3.297166119230728e-36,0,1,0.0,4.4546414759203274e-17,0,1,,
7624,7.6240000000000006,0.0,3.1363614300790986e-36,0,1,0.0,4.2373860474967044e-17,0,1,,
7625,7.625,0.0,2.983399278160377e-36,0,1,0.0,4.0307262913476453e-17,0,1,,
7626,7.626,0.0,2.837897178420341e-36,0,1,0.0,3.834145450438518e-17,0,1,,
7627,7.627,0.0,2.6994912998209814e-36,0,1,0.0,3.6471519702726625e-17,0,1,,
7628,7.628,0.0,2.5678355555733966e-36,0,1,0.0,3.46927826974911e-17,0,1,,
7629,7.6290000000000004,0.0,2.442600737740553e-36,0,1,0.0,3.300079571966279e-17,0,1,,
7630,7.63,0.0,2.323473694045966e-36,0,1,0.0,3.139132792048046e-17,0,1,,
7631,7.631,0.0,2.210156544829892e-36,0,1,0.0,2.986035479211183e-17,0,1,,
7632,7.632000000000001,0.0,2.1023659381950248e-36,0,1,0.0,2.840404810428767e-17,0,1,,
7633,7.633,0.0,1.999832341479157e-36,0,1,0.0,2.7018766331732156e-17,0,1,,
7634,7.634,0.0,1.9022993672831342e-36,0,1,0.0,2.5701045548452845e-17,0,1,,
7635,7.635,0.0,1.809523132368808e-36,0,1,0.0,2.444759076612144e-17,0,1,,
7636,7.636,0.0,1.7212716478239107e-36,0,1,0.0,2.3255267694886666e-17,0,1,,
7637,7.6370000000000005,0.0,1.6373242389689342e-36,0,1,0.0,2.212109490601709e-17,0,1,,
7638,7.638,0.0,1.5574709935554887e-36,0,1,0.0,2.1042236376776314e-17,0,1,,
7639,7.639,0.0,1.4815122368763428e-36,0,1,0.0,2.0015994398888924e-17,0,1,,
7640,7.640000000000001,0.0,1.409258032474649e-36,0,1,0.0,1.9039802832864625e-17,0,1,,
7641,7.641,0.0,1.340527707203869e-36,0,1,0.0,1.8111220691312882e-17,0,1,,
7642,7.642,0.0,1.275149399450798e-36,0,1,0.0,1.7227926035202977e-17,0,1,,
7643,7.643,0.0,1.2129596293920136e-36,0,1,0.0,1.6387710167806996e-17,0,1,,
7644,7.644,0.0,1.1538028902091646e-36,0,1,0.0,1.558847211180755e-17,0,1,,
7645,7.6450000000000005,0.0,1.0975312592409241e-36,0,1,0.0,1.4828213355760125e-17,0,1,,
7646,7.646,0.0,1.0,0,1,0.0,1.4105032856773506e-17,0,1,,
7647,7.647,0.0,0.951229424500714,0,1,0.0,1.3417122286912324e-17,0,1,,
7648,7.648000000000001,0.0,0.9048374180359596,0,1,0.0,1.2762761511435313e-17,0,1,,
7649,7.649,0.0,0.8607079764250579,0,1,0.0,1.2140314287562476e-17,0,1,,
7650,7.65,0.0,0.8187307530779819,0,1,0.0,1.154822417301585e-17,0,1,,
7651,7.651,0.0,0.778800783071405,0,1,0.0,1.09850106341031e-17,0,1,,
7652,7.652,0.0,0.740818220681718,0,1,0.0,1.0449265343612115e-17,0,1,,
7653,7.6530000000000005,0.0,0.7046880897187136,0,1,0.0,9.939648659259408e-18,0,1,,
7654,7.654,0.0,0.6703200460356394,0,1,0.0,9.45488627388662e-18,0,1,,
7655,7.655,0.0,0.6376281516217734,0,1,0.0,8.99376602902887e-18,0,1,,
7656,7.656000000000001,0.0,0.6065306597126335,0,1,0.0,8.555134883887204e-18,0,1,,
7657,7.657,0.0,0.5769498103804868,0,1,0.0,8.137896032126008e-18,0,1,,
7658,7.658,0.0,0.5488116360940265,0,1,0.0,7.741006159285867e-18,0,1,,
7659,7.659,0.0,0.5220457767610162,0,1,0.0,7.363472833953978e-18,0,1,,
7660,7.66,0.0,0.49658530379140964,0,1,0.0,7.004352026168684e-18,0,1,,
7661,7.6610000000000005,0.0,0.4723665527410148,0,1,0.0,6.6627457468528475e-18,0,1,,
7662,7.662,0.0,0.4493289641172217,0,1,0.0,6.337799802373414e-18,0,1,,
7663,7.663,0.0,0.42741493194872676,0,1,0.0,6.028701658612401e-18,0,1,,
7664,7.664000000000001,0.0,0.4065696597405992,0,1,0.0,5.734678409208374e-18,0,1,,
7665,7.665,0.0,0.3867410234545013,0,1,0.0,5.454994842887952e-18,0,1,,
7666,7.666,0.0,0.3678794411714424,0,1,0.0,5.1889516050546695e-18,0,1,,
7667,7.667,0.0,0.34993774911115544,0,1,0.0,4.935883449038209e-18,0,1,,
7668,7.668,0.0,0.33287108369807966,0,1,0.0,4.695157572631215e-18,0,1,,
7669,7.6690000000000005,0.0,0.31663676937905333,0,1,0.0,4.46617203575416e-18,0,1,,
7670,7.67,0.0,0.3011942119122022,0,1,0.0,4.248354255291612e-18,0,1,,
7671,7.671,0.0,0.2865047968601902,0,1,0.0,4.041159573336199e-18,0,1,,
7672,7.672000000000001,0.0,0.2725317930340127,0,1,0.0,3.844069895260144e-18,0,1,,
7673,7.673,0.0,0.2592402606458916,0,1,0.0,3.656592394208826e-18,0,1,,
7674,7.674,0.0,0.24659696394160657,0,1,0.0,3.4782582787769496e-18,0,1,,
7675,7.675,0.0,0.23457028809379774,0,1,0.0,3.3086216207858418e-18,0,1,,
7676,7.676,0.0,0.2231301601484299,0,1,0.0,3.147258240230736e-18,0,1,,
7677,7.6770000000000005,0.0,0.21224797382674312,0,1,0.0,2.993764644609813e-18,0,1,,
7678,7.678,0.0,0.20189651799465547,0,1,0.0,2.8477570199827767e-18,0,1,,
7679,7.679,0.0,0.19204990862075416,0,1,0.0,2.708870271236085e-18,0,1,,
7680,7.68,0.0,0.1826835240527347,0,1,0.0,2.576757109154994e-18,0,1,,
7681,7.681,0.0,0.17377394345044517,0,1,0.0,2.4510871820196284e-18,0,1,,
7682,7.682,0.0,0.1652988882215866,0,1,0.0,2.331546249553608e-18,0,1,,
7683,7.683,0.0,0.15723716631362766,0,1,0.0,2.2178353971596765e-18,0,1,,
7684,7.684,0.0,0.1495686192226351,0,1,0.0,2.1096702884775114e-18,0,1,,
7685,7.6850000000000005,0.0,0.14227407158651362,0,1,0.0,2.0067804543947183e-18,0,1,,
7686,7.686,0.0,0.13533528323661273,0,1,0.0,1.9089086167331693e-18,0,1,,
7687,7.687,0.0,0.12873490358780426,0,1,0.0,1.8158100449195466e-18,0,1,,
7688,7.688,0.0,0.12245642825298195,0,1,0.0,1.727251944031436e-18,0,1,,
7689,7.689,0.0,0.116484157773497,0,1,0.0,1.6430128726887623e-18,0,1,,
7690,7.69,0.0,0.11080315836233391,0,1,0.0,1.5628821893349963e-18,0,1,,
7691,7.691,0.0,0.10539922456186436,0,1,0.0,1.4866595255235444e-18,0,1,,
7692,7.692,0.0,0.10025884372280376,0,1,0.0,1.4141542848922657e-18,0,1,,
7693,7.6930000000000005,0.0,0.09536916221554964,0,1,0.0,1.3451851665732888e-18,0,1,,
7694,7.694,0.0,0.09071795328941253,0,1,0.0,1.2795797118464066e-18,0,1,,
7695,7.695,0.0,0.08629358649937054,0,1,0.0,1.2171738729024468e-18,0,1,,
7696,7.696,0.0,0.08208499862389881,0,1,0.0,1.1578116026382998e-18,0,1,,
7697,7.697,0.0,0.07808166600115317,0,1,0.0,1.1013444644578793e-18,0,1,,
7698,7.698,0.0,0.07427357821433389,0,1,0.0,1.0476312611033157e-18,0,1,,
7699,7.699,0.0,0.0706512130604296,0,1,0.0,9.965376815882643e-19,0,1,,
7700,7.7,0.0,0.06720551273974977,0,1,0.0,9.479359653504805e-19,0,1,6.359711777165277,6.940843328368385
7701,7.7010000000000005,0.0,0.06392786120670758,0,1,0.0,9.017045827838664e-19,0,1,,
7702,7.702,0.0,0.06081006262521798,0,1,0.0,8.577279313511537e-19,0,1,,
7703,7.703,0.0,0.05784432087483848,0,1,0.0,8.158960465173459e-19,0,1,,
7704,7.704,0.0,0.055023220056407245,0,1,0.0,7.761043267811027e-19,0,1,,
7705,7.705,0.0,0.05233970594843241,0,1,0.0,7.382532721165025e-19,0,1,,
7706,7.706,0.0,0.04978706836786396,0,1,0.0,7.022482351711496e-19,0,1,,
7707,7.707,0.0,0.047358924391140936,0,1,0.0,6.679991845984947e-19,0,1,,
7708,7.708,0.0,0.04504920239355782,0,1,0.0,6.354204799325724e-19,0,1,,
7709,7.7090000000000005,0.0,0.042852126867040194,0,1,0.0,6.044306574422283e-19,0,1,,
7710,7.71,0.0,0.04076220397836623,0,1,0.0,5.749522264293591e-19,0,1,,
7711,7.711,0.0,0.03877420783172203,0,1,0.0,5.469114754618034e-19,0,1,,
7712,7.712,0.0,0.03688316740124002,0,1,0.0,5.202382880563677e-19,0,1,,
7713,7.713,0.0,0.03508435410084504,0,1,0.0,4.948659673510953e-19,0,1,,
7714,7.714,0.0,0.033373269960326093,0,1,0.0,4.707310693283715e-19,0,1,,
7715,7.715,0.0,0.03174563637806796,0,1,0.0,4.477732441718326e-19,0,1,,
7716,7.716,0.0,0.030197383422318518,0,1,0.0,4.2593508536038997e-19,0,1,,
7717,7.7170000000000005,0.0,0.028724639654239447,0,1,0.0,4.0516198612202624e-19,0,1,,
7718,7.718,0.0,0.02732372244729258,0,1,0.0,3.854020028884213e-19,0,1,,
7719,7.719,0.0,0.02599112877875536,0,1,0.0,3.6660572540897552e-19,0,1,,
7720,7.72,0.0,0.02472352647033941,0,1,0.0,3.487261531994466e-19,0,1,,
7721,7.721,0.0,0.023517745856009124,0,1,0.0,3.317185780162574e-19,0,1,,
7722,7.722,0.0,0.02237077185616561,0,1,0.0,3.1554047206259976e-19,0,1,,
7723,7.723,0.0,0.021279736438377186,0,1,0.0,3.001513816467904e-19,0,1,,
7724,7.724,0.0,0.020241911445804405,0,1,0.0,2.855128260269706e-19,0,1,,
7725,7.7250000000000005,0.0,0.01925470177538694,0,1,0.0,2.715882011892077e-19,0,1,,
7726,7.726,0.0,0.018315638888734196,0,1,0.0,2.583426883183942e-19,0,1,,
7727,7.727,0.0,0.017422374639493525,0,1,0.0,2.4574316673307342e-19,0,1,,
7728,7.728,0.0,0.01657267540176126,0,1,0.0,2.3375813106648446e-19,0,1,,
7729,7.729,0.0,0.015764416484854504,0,1,0.0,2.223576124867345e-19,0,1,,
7730,7.73,0.0,0.014995576820477719,0,1,0.0,2.1151310375910923e-19,0,1,,
7731,7.731,0.0,0.014264233908999268,0,1,0.0,2.0119748796313728e-19,0,1,,
7732,7.732,0.0,0.013568559012200944,0,1,0.0,1.913849706861644e-19,0,1,,
7733,7.7330000000000005,0.0,0.012906812580479881,0,1,0.0,1.8205101552388618e-19,0,1,,
7734,7.734,0.0,0.012277339903068453,0,1,0.0,1.731722827265568e-19,0,1,,
7735,7.735,0.0,0.011678566970395456,0,1,0.0,1.6472657083745756e-19,0,1,,
7736,7.736,0.0,0.011108996538242316,0,1,0.0,1.5669276117769086e-19,0,1,,
7737,7.737,0.0,0.010567204383852663,0,1,0.0,1.490507650384827e-19,0,1,,
7738,7.738,0.0,0.010051835744633591,0,1,0.0,1.4178147344894706e-19,0,1,,
7739,7.739,0.0,0.009561601930543517,0,1,0.0,1.3486670939370517e-19,0,1,,
7740,7.74,0.0,0.009095277101695826,0,1,0.0,1.282891823608792e-19,0,1,,
7741,7.7410000000000005,0.0,0.008651695203120643,0,1,0.0,1.220324451068063e-19,0,1,,
7742,7.742,0.0,0.008229747049020037,0,1,0.0,1.1608085252936233e-19,0,1,,
7743,7.743,0.0,0.007828377549225779,0,1,0.0,1.1041952254705758e-19,0,1,,
7744,7.744,0.0,0.007446583070924348,0,1,0.0,1.0503429888608119e-19,0,1,,
7745,7.745,0.0,0.007083408929052127,0,1,0.0,9.9911715682243e-20,0,1,,
7746,7.746,0.0,0.006737946999085474,0,1,0.0,9.503896380929896e-20,0,1,,
7747,7.747,0.0,0.006409333446256388,0,1,0.0,9.040385884946365e-20,0,1,,
7748,7.748,0.0,0.006096746565515642,0,1,0.0,8.599481062601909e-20,0,1,,
7749,7.7490000000000006,0.0,0.005799404726842149,0,1,0.0,8.180079422183602e-20,0,1,,
7750,7.75,0.0,0.0055165644207607785,0,1,0.0,7.781132241133841e-20,0,1,,
7751,7.751,0.0,0.00524751839918139,0,1,0.0,7.401641943697695e-20,0,1,,
7752,7.752,0.0,0.004991593906910221,0,1,0.0,7.040659606463905e-20,0,1,,
7753,7.753,0.0,0.00474815099941148,0,1,0.0,6.697282585562083e-20,0,1,,
7754,7.7540000000000004,0.0,0.004516580942612672,0,1,0.0,6.370652259582875e-20,0,1,,
7755,7.755,0.0,0.004296304690752344,0,1,0.0,6.059951882577192e-20,0,1,,
7756,7.756,0.0,0.00408677143846407,0,1,0.0,5.76440454176592e-20,0,1,,
7757,7.757000000000001,0.0,0.0038874572434761325,0,1,0.0,5.483271214853299e-20,0,1,,
7758,7.758,0.0,0.0036978637164829338,0,1,0.0,5.2158489220862344e-20,0,1,,
7759,7.759,0.0,0.0035175167749121328,0,1,0.0,4.9614689684387584e-20,0,1,,
7760,7.76,0.0,0.0033459654574712755,0,1,0.0,4.7194952715261514e-20,0,1,,
7761,7.761,0.0,0.0031827807965096695,0,1,0.0,4.489322771067662e-20,0,1,,
7762,7.7620000000000005,0.0,0.003027554745375817,0,1,0.0,4.270375915920643e-20,0,1,,
7763,7.763,0.0,0.0028798991580882443,0,1,0.0,4.062107224902903e-20,0,1,,
7764,7.764,0.0,0.0027394448187683714,0,1,0.0,3.8639959178045806e-20,0,1,,
7765,7.765000000000001,0.0,0.002605840518408501,0,1,0.0,3.675546613166359e-20,0,1,,
7766,7.766,0.0,0.0024787521766663607,0,1,0.0,3.4962880895677843e-20,0,1,,
7767,7.767,0.0,0.0023578620064902346,0,1,0.0,3.325772107328264e-20,0,1,,
7768,7.768,0.0,0.0022428677194858047,0,1,0.0,3.1635722876743916e-20,0,1,,
7769,7.769,0.0,0.0021334817700377107,0,1,0.0,3.009283046570919e-20,0,1,,
7770,7.7700000000000005,0.0,0.002029430636295736,0,1,0.0,2.8625185805494105e-20,0,1,,
7771,7.771,0.0,0.001930454136227711,0,1,0.0,2.7229119019986166e-20,0,1,,
7772,7.772,0.0,0.0018363047770289086,0,1,0.0,2.5901139215042886e-20,0,1,,
7773,7.773000000000001,0.0,0.0017467471362611208,0,1,0.0,2.463792574943812e-20,0,1,,
7774,7.774,0.0,0.001661557273173936,0,1,0.0,2.3436319931529345e-20,0,1,,
7775,7.775,0.0,0.0015805221687362188,0,1,0.0,2.2293317120883273e-20,0,1,,
7776,7.776,0.0,0.0015034391929775739,0,1,0.0,2.120605921510971e-20,0,1,,
7777,7.777,0.0,0.0014301155983078755,0,1,0.0,2.0171827503116875e-20,0,1,,
7778,7.7780000000000005,0.0,0.0013603680375478947,0,1,0.0,1.918803586691754e-20,0,1,,
7779,7.779,0.0,0.0012940221054658495,0,1,0.0,1.825222431498703e-20,0,1,,
7780,7.78,0.0,0.0012309119026734823,0,1,0.0,1.7362052831003052e-20,0,1,,
7781,7.781000000000001,0.0,0.0011708796207911755,0,1,0.0,1.6515295522586027e-20,0,1,,
7782,7.782,0.0,0.0011137751478448041,0,1,0.0,1.5709835055408725e-20,0,1,,
7783,7.783,0.0,0.0010594556929076108,0,1,0.0,1.4943657358757583e-20,0,1,,
7784,7.784,0.0,0.0010077854290485118,0,1,0.0,1.4214846589306835e-20,0,1,,
7785,7.785,0.0,0.0009586351536940209,0,1,0.0,1.3521580340512278e-20,0,1,,
7786,7.7860000000000005,0.0,0.0009118819655545171,0,1,0.0,1.2862125085645663e-20,0,1,,
7787,7.787,0.0,0.0008674089573070033,0,1,0.0,1.2234831843074921e-20,0,1,,
7788,7.788,0.0,0.0008251049232659051,0,1,0.0,1.1638132052951167e-20,0,1,,
7789,7.789000000000001,0.0,0.0007848640813109327,0,1,0.0,1.1070533654992052e-20,0,1,,
7790,7.79,0.0,0.0007465858083766802,0,1,0.0,1.0530617357553875e-20,0,1,,
7791,7.791,0.0,0.0007101743888425498,0,1,0.0,1.0017033088663202e-20,0,1,,
7792,7.792,0.0,0.0006755387751938449,0,1,0.0,9.528496620133708e-21,0,1,,
7793,7.793,0.0,0.0006425923603555583,0,1,0.0,9.063786356326787e-21,0,1,,
7794,7.7940000000000005,0.0,0.0006112527611295732,0,1,0.0,8.621740279526152e-21,0,1,,
7795,7.795,0.0,0.0005814416121937563,0,1,0.0,8.201253044288287e-21,0,1,,
7796,7.796,0.0,0.0005530843701478342,0,1,0.0,7.801273213503076e-21,0,1,,
7797,7.797000000000001,0.0,0.0005261101271160642,0,1,0.0,7.420800629253367e-21,0,1,,
7798,7.798,0.0,0.0005004514334406113,0,1,0.0,7.058883911899216e-21,0,1,,
7799,7.799,0.0,0.00047604412902227004,0,1,0.0,6.7146180811332406e-21,0,1,,
7800,7.8,0.0,0.0004528271828867976,0,1,0.0,6.387142293058461e-21,0,1,6.3595630759187936,6.362410691984477
7801,7.801,0.0,0.00043074254057568807,0,1,0.0,6.075637687630171e-21,0,1,,
7802,7.8020000000000005,0.0,0.00040973497897978724,0,1,0.0,5.779325341079297e-21,0,1,,
7803,7.803,0.0,0.0003897519682527552,0,1,0.0,5.4974643181972525e-21,0,1,,
7804,7.804,0.0,0.00037074354045908887,0,1,0.0,5.2293498196119826e-21,0,1,,
7805,7.805000000000001,0.0,0.0003526621646282563,0,1,0.0,4.974311419422419e-21,0,1,,
7806,7.806,0.0,0.0003354626279025123,0,1,0.0,4.7317113887845175e-21,0,1,,
7807,7.807,0.0,0.0003191019224812039,0,1,0.0,4.500943101256971e-21,0,1,,
7808,7.808,0.0,0.00030353913807886705,0,1,0.0,4.281429515919127e-21,0,1,,
7809,7.809,0.0,0.00028873535962820344,0,1,0.0,4.072621734468122e-21,0,1,,
7810,7.8100000000000005,0.0,0.00027465356997214265,0,1,0.0,3.8739976286872116e-21,0,1,,
7811,7.811,0.0,0.0002612585573016678,0,1,0.0,3.685060534853267e-21,0,1,,
7812,7.812,0.0,0.0002485168271079523,0,1,0.0,3.505338011818767e-21,0,1,,
7813,7.813,0.0,0.00023639651842864088,0,1,0.0,3.3343806596628426e-21,0,1,,
7814,7.814,0.0,0.0002248673241788485,0,1,0.0,3.171760995957397e-21,0,1,,
7815,7.815,0.0,0.00021390041536766154,0,1,0.0,3.0170723868383663e-21,0,1,,
7816,7.816,0.0,0.00020346836901064436,0,1,0.0,2.8699280302092546e-21,0,1,,
7817,7.817,0.0,0.00019354509955809415,0,1,0.0,2.729959988534417e-21,0,1,,
7818,7.8180000000000005,0.0,0.0001841057936675793,0,1,0.0,2.5968182688035694e-21,0,1,,
7819,7.819,0.0,0.00017512684815765867,0,1,0.0,2.4701699473669597e-21,0,1,,
7820,7.82,0.0,0.0001665858109876336,0,1,0.0,2.349698337452832e-21,0,1,,
7821,7.821,0.0,0.00015846132511575142,0,1,0.0,2.235102197285542e-21,0,1,,
7822,7.822,0.0,0.00015073307509547677,0,1,0.0,2.1260949768242075e-21,0,1,,
7823,7.823,0.0,0.00014338173627629329,0,1,0.0,2.02240410123835e-21,0,1,,
7824,7.824,0.0,0.00013638892648201162,0,1,0.0,1.9237702893288395e-21,0,1,,
7825,7.825,0.0,0.0001297371600457541,0,1,0.0,1.829946905189844e-21,0,1,,
7826,7.8260000000000005,0.0,0.0001234098040866797,0,1,0.0,1.740699341490598e-21,0,1,,
7827,7.827,0.0,0.0001173910369191182,0,1,0.0,1.6558044328348735e-21,0,1,,
7828,7.828,0.0,0.00011166580849011487,0,1,0.0,1.5750498977312478e-21,0,1,,
7829,7.829,0.0,0.00010621980274645891,0,1,0.0,1.4982338077788034e-21,0,1,,
7830,7.83,0.0,0.00010103940183709347,0,1,0.0,1.4251640827409446e-21,0,1,,
7831,7.831,0.0,9.611165206139482e-05,0,1,0.0,1.3556580102447566e-21,0,1,,
7832,7.832,0.0,9.142423147817346e-05,0,1,0.0,1.2895417889049028e-21,0,1,,
7833,7.833,0.0,8.6965419094403e-05,0,1,0.0,1.2266500937296319e-21,0,1,,
7834,7.8340000000000005,0.0,8.272406555663236e-05,0,1,0.0,1.1668256627221847e-21,0,1,,
7835,7.835,0.0,7.868956527179474e-05,0,1,0.0,1.1099189036438879e-21,0,1,,
7836,7.836,0.0,7.485182988770068e-05,0,1,0.0,1.0557875199556389e-21,0,1,,
7837,7.837,0.0,7.120126306690287e-05,0,1,0.0,1.0042961550024385e-21,0,1,,
7838,7.838,0.0,6.772873649085395e-05,0,1,0.0,9.553160535512495e-22,0,1,,
7839,7.839,0.0,6.442556703435551e-05,0,1,0.0,9.087247398358483e-22,0,1,,
7840,7.84,0.0,6.128349505322216e-05,0,1,0.0,8.64405711303615e-22,0,1,,
7841,7.841,0.0,5.829466373086887e-05,0,1,0.0,8.222481472984681e-22,0,1,,
7842,7.8420000000000005,0.0,5.545159943217704e-05,0,1,0.0,7.821466319515001e-22,0,1,,
7843,7.843,0.0,5.2747193015513886e-05,0,1,0.0,7.440008905863972e-22,0,1,,
7844,7.844,0.0,5.017468205617536e-05,0,1,0.0,7.077155389805173e-22,0,1,,
7845,7.845,0.0,4.7727633936801984e-05,0,1,0.0,6.731998448546501e-22,0,1,,
7846,7.846,0.0,4.53999297624849e-05,0,1,0.0,6.403675009950588e-22,0,1,,
7847,7.847,0.0,4.318574906034135e-05,0,1,0.0,6.091364094404901e-22,0,1,,
7848,7.848,0.0,4.107955522530075e-05,0,1,0.0,5.794284761945088e-22,0,1,,
7849,7.849,0.0,3.907608167570813e-05,0,1,0.0,5.511694159498283e-22,0,1,,
7850,7.8500000000000005,0.0,3.717031868412674e-05,0,1,0.0,5.242885663363498e-22,0,1,,
7851,7.851,0.0,3.5357500850410015e-05,0,1,0.0,4.987187112284304e-22,0,1,,
7852,7.852,0.0,3.363309518571902e-05,0,1,0.0,4.743959126695576e-22,0,1,,
7853,7.853,0.0,3.199278977768924e-05,0,1,0.0,4.512593509941542e-22,0,1,,
7854,7.854,0.0,3.0432483008403662e-05,0,1,0.0,4.29251172746735e-22,0,1,,
7855,7.855,0.0,2.8948273298211574e-05,0,1,0.0,4.083163460181333e-22,0,1,,
7856,7.856,0.0,2.7536449349747182e-05,0,1,0.0,3.8840252283706336e-22,0,1,,
7857,7.857,0.0,2.6193480867753072e-05,0,1,0.0,3.694599082729252e-22,0,1,,
7858,7.8580000000000005,0.0,2.4916009731503218e-05,0,1,0.0,3.5144113592254124e-22,0,1,,
7859,7.859,0.0,2.3700841597751995e-05,0,1,0.0,3.343011494694761e-22,0,1,,
7860,7.86,0.0,2.2544937913212214e-05,0,1,0.0,3.1799709001977693e-22,0,1,,
7861,7.861,0.0,2.1445408316589184e-05,0,1,0.0,3.0248818893241414e-22,0,1,,
7862,7.862,0.0,2.0399503411171956e-05,0,1,0.0,2.8773566587644354e-22,0,1,,
7863,7.863,0.0,1.9404607889909453e-05,0,1,0.0,2.737026318599791e-22,0,1,,
7864,7.864,0.0,1.8458233995780585e-05,0,1,0.0,2.6035399698849873e-22,0,1,,
7865,7.865,0.0,1.7558015301105882e-05,0,1,0.0,2.4765638272183026e-22,0,1,,
7866,7.8660000000000005,0.0,1.670170079024568e-05,0,1,0.0,2.3557803841041515e-22,0,1,,
7867,7.867,0.0,1.588714923088852e-05,0,1,0.0,2.240887619021463e-22,0,1,,
7868,7.868,0.0,1.5112323819855049e-05,0,1,0.0,2.1315982402125616e-22,0,1,,
7869,7.869,0.0,1.437528709002915e-05,0,1,0.0,2.0276389673041298e-22,0,1,,
7870,7.87,0.0,1.3674196065680972e-05,0,1,0.0,1.9287498479639296e-22,0,1,,
7871,7.871,0.0,1.3007297654067639e-05,0,1,0.0,1.8346836078845685e-22,0,1,,
7872,7.872,0.0,1.2372924261788248e-05,0,1,0.0,1.7452050324689318e-22,0,1,,
7873,7.873,0.0,1.1769489624931757e-05,0,1,0.0,1.6600903786711718e-22,0,1,,
7874,7.8740000000000006,0.0,1.119548484259096e-05,0,1,0.0,1.579126815522551e-22,0,1,,
7875,7.875,0.0,1.0649474603824266e-05,0,1,0.0,1.5021118919431614e-22,0,1,,
7876,7.876,0.0,1.0130093598630726e-05,0,1,0.0,1.4288530305087721e-22,0,1,,
7877,7.877,0.0,9.636043103963872e-06,0,1,0.0,1.3591670459069604e-22,0,1,,
7878,7.878,0.0,9.166087736247627e-06,0,1,0.0,1.2928796868784135e-22,0,1,,
7879,7.8790000000000004,0.0,8.719052362273884e-06,0,1,0.0,1.2298252004980166e-22,0,1,,
7880,7.88,0.0,8.293819160757377e-06,0,1,0.0,1.1698459177062035e-22,0,1,,
7881,7.881,0.0,7.889324827200235e-06,0,1,0.0,1.1127918590541815e-22,0,1,,
7882,7.882000000000001,0.0,7.504557915076874e-06,0,1,0.0,1.0585203596771888e-22,0,1,,
7883,7.883,0.0,7.138556306690853e-06,0,1,0.0,1.0068957125580211e-22,0,1,,
7884,7.884,0.0,6.790404807379483e-06,0,1,0.0,9.577888291888028e-23,0,1,,
7885,7.885,0.0,6.459232857050467e-06,0,1,0.0,9.110769167824775e-23,0,1,,
7886,7.886,0.0,6.144212353328218e-06,0,1,0.0,8.66643171226881e-23,0,1,,
7887,7.8870000000000005,0.0,5.844555580866579e-06,0,1,0.0,8.243764850136197e-23,0,1,,
7888,7.888,0.0,5.559513241650153e-06,0,1,0.0,7.84171169411427e-23,0,1,,
7889,7.889,0.0,5.288372581358974e-06,0,1,0.0,7.459266901892836e-23,0,1,,
7890,7.890000000000001,0.0,5.030455607111452e-06,0,1,0.0,7.095474162284747e-23,0,1,,
7891,7.891,0.0,4.785117392129016e-06,0,1,0.0,6.749423803949806e-23,0,1,,
7892,7.892,0.0,4.551744463083241e-06,0,1,0.0,6.420250520742594e-23,0,1,,
7893,7.893,0.0,4.329753266092983e-06,0,1,0.0,6.107131207996387e-23,0,1,,
7894,7.894,0.0,4.118588707535715e-06,0,1,0.0,5.809282904332754e-23,0,1,,
7895,7.8950000000000005,0.0,3.917722766024337e-06,0,1,0.0,5.525960833850282e-23,0,1,,
7896,7.896,0.0,3.726653172078676e-06,0,1,0.0,5.2564565437968895e-23,0,1,,
7897,7.897,0.0,3.5449021521901592e-06,0,1,0.0,5.0000961330689277e-23,0,1,,
7898,7.898000000000001,0.0,3.3720152341391875e-06,0,1,0.0,4.7562385671074015e-23,0,1,,
7899,7.899,0.0,3.2075601105778598e-06,0,1,0.0,4.524274074977674e-23,0,1,,
7900,7.9,0.0,3.051125558036424e-06,0,1,0.0,4.303622624624513e-23,0,1,6.359296597387703,6.361643670662447
7901,7.901,0.0,2.902320408650408e-06,0,1,0.0,4.093732472489828e-23,0,1,,
7902,7.902,0.0,2.7607725720372046e-06,0,1,0.0,3.8940787838663837e-23,0,1,,
7903,7.9030000000000005,0.0,2.626128104876306e-06,0,1,0.0,3.7041623205376603e-23,0,1,,
7904,7.904,0.0,2.498050325866639e-06,0,1,0.0,3.523508192422268e-23,0,1,,
7905,7.905,0.0,2.3762189738479443e-06,0,1,0.0,3.351664670101385e-23,0,1,,
7906,7.906000000000001,0.0,2.260329406981057e-06,0,1,0.0,3.188202055259916e-23,0,1,,
7907,7.907,0.0,2.1500918409846313e-06,0,1,0.0,3.0327116062168835e-23,0,1,,
7908,7.908,0.0,2.0452306245234914e-06,0,1,0.0,2.884804515858322e-23,0,1,,
7909,7.909,0.0,1.9454835499367166e-06,0,1,0.0,2.7441109394169726e-23,0,1,,
7910,7.91,0.0,1.850601197581909e-06,0,1,0.0,2.6102790696677206e-23,0,1,,
7911,7.9110000000000005,0.0,1.7603463121561715e-06,0,1,0.0,2.482974257226285e-23,0,1,,
7912,7.912,0.0,1.6744932094342692e-06,0,1,0.0,2.3618781737514472e-23,0,1,,
7913,7.913,0.0,1.5928272119405136e-06,0,1,0.0,2.2466880159583864e-23,0,1,,
7914,7.914000000000001,0.0,1.5151441121432515e-06,0,1,0.0,2.137115748452747e-23,0,1,,
7915,7.915,0.0,1.4412496618296704e-06,0,1,0.0,2.0328873834921194e-23,0,1,,
7916,7.916,0.0,1.370959086384086e-06,0,1,0.0,1.9337422958739712e-23,0,1,,
7917,7.917,0.0,1.3040966227551586e-06,0,1,0.0,1.839432571236887e-23,0,1,,
7918,7.918,0.0,1.2404950799567143e-06,0,1,0.0,1.749722386145533e-23,0,1,,
7919,7.9190000000000005,0.0,1.1799954210031926e-06,0,1,0.0,1.6643874184092314e-23,0,1,,
7920,7.92,0.0,1.1224463652343446e-06,0,1,0.0,1.5832142861596424e-23,0,1,,
7921,7.921,0.0,1.067704010034784e-06,0,1,0.0,1.5060000142849455e-23,0,1,,
7922,7.922000000000001,0.0,1.0156314710024922e-06,0,1,0.0,1.432551526886336e-23,0,1,,
7923,7.923,0.0,9.660985396665142e-07,0,1,0.0,1.3626851644877085e-23,0,1,,
7924,7.924,0.0,9.189813578979585e-07,0,1,0.0,1.2962262247913038e-23,0,1,,
7925,7.925,0.0,8.741621082001598e-07,0,1,0.0,1.2330085258309651e-23,0,1,,
7926,7.926,0.0,8.315287191035689e-07,0,1,0.0,1.1728739904306627e-23,0,1,,
7927,7.9270000000000005,0.0,7.909745849287038e-07,0,1,0.0,1.1156722509292152e-23,0,1,,
7928,7.928,0.0,7.523982992164221e-07,0,1,0.0,1.0612602731828135e-23,0,1,,
7929,7.929,0.0,7.157034011589532e-07,0,1,0.0,1.0095019989051583e-23,0,1,,
7930,7.930000000000001,0.0,6.807981343976347e-07,0,1,0.0,9.602680054508742e-24,0,1,,
7931,7.931,0.0,6.475952175842218e-07,0,1,0.0,9.134351821914836e-24,0,1,,
7932,7.932,0.0,6.16011626132054e-07,0,1,0.0,8.688864226747099e-24,0,1,,
7933,7.933,0.0,5.859683846113427e-07,0,1,0.0,8.265103317973484e-24,0,1,,
7934,7.934,0.0,5.573903692694606e-07,0,1,0.0,7.862009472594858e-24,0,1,,
7935,7.9350000000000005,0.0,5.302061201824295e-07,0,1,0.0,7.47857474603557e-24,0,1,,
7936,7.936,0.0,5.043476625678889e-07,0,1,0.0,7.113840351756988e-24,0,1,,
7937,7.937,0.0,4.797503368127332e-07,0,1,0.0,6.766894263791757e-24,0,1,,
7938,7.938,0.0,4.563526367903999e-07,0,1,0.0,6.436868936203816e-24,0,1,,
7939,7.939,0.0,4.340960560635155e-07,0,1,0.0,6.1229391337716795e-24,0,1,,
7940,7.94,0.0,4.129249415873275e-07,0,1,0.0,5.824319868470535e-24,0,1,,
7941,7.941,0.0,3.927863545481045e-07,0,1,0.0,5.5402644365933016e-24,0,1,,
7942,7.942,0.0,3.7362993798852686e-07,0,1,0.0,5.270062551602419e-24,0,1,,
7943,7.9430000000000005,0.0,3.554077908890639e-07,0,1,0.0,5.013038568043533e-24,0,1,,
7944,7.944,0.0,3.3807434839047436e-07,0,1,0.0,4.7685497920799335e-24,0,1,,
7945,7.945,0.0,3.215862678579248e-07,0,1,0.0,4.535984874423195e-24,0,1,,
7946,7.946,0.0,3.0590232050182626e-07,0,1,0.0,4.314762281641519e-24,0,1,,
7947,7.947,0.0,2.9098328828438516e-07,0,1,0.0,4.10432884202325e-24,0,1,,
7948,7.948,0.0,2.767918658540811e-07,0,1,0.0,3.904158362359458e-24,0,1,,
7949,7.949,0.0,2.6329256726285636e-07,0,1,0.0,3.713750312186837e-24,0,1,,
7950,7.95,0.0,2.504516372327624e-07,0,1,0.0,3.532628572200832e-24,0,1,,
7951,7.9510000000000005,0.0,2.382369667501822e-07,0,1,0.0,3.360340243709376e-24,0,1,,
7952,7.952,0.0,2.2661801277657155e-07,0,1,0.0,3.196454516150259e-24,0,1,,
7953,7.953,0.0,2.1556572187495362e-07,0,1,0.0,3.0405615898403192e-24,0,1,,
7954,7.954,0.0,2.0505245756119312e-07,0,1,0.0,2.892271651262783e-24,0,1,,
7955,7.955,0.0,1.9505193119839082e-07,0,1,0.0,2.7512138983304267e-24,0,1,,
7956,7.956,0.0,1.8553913626159815e-07,0,1,0.0,2.6170356131872177e-24,0,1,,
7957,7.957,0.0,1.7649028580847957e-07,0,1,0.0,2.4894012802299502e-24,0,1,,
7958,7.958,0.0,1.6788275299956656e-07,0,1,0.0,2.367991747144476e-24,0,1,,
7959,7.9590000000000005,0.0,1.596950145193732e-07,0,1,0.0,2.2525034268586804e-24,0,1,,
7960,7.96,0.0,1.5190659675689655e-07,0,1,0.0,2.142647538416669e-24,0,1,,
7961,7.961,0.0,1.4449802461092475e-07,0,1,0.0,2.0381493848759594e-24,0,1,,
7962,7.962,0.0,1.3745077279213997e-07,0,1,0.0,1.938747666422043e-24,0,1,,
7963,7.963,0.0,1.307472195002457e-07,0,1,0.0,1.8441938269827424e-24,0,1,,
7964,7.964,0.0,1.2437060236028725e-07,0,1,0.0,1.7542514327085634e-24,0,1,,
7965,7.965,0.0,1.1830497650798319e-07,0,1,0.0,1.66869558076492e-24,0,1,,
7966,7.966,0.0,1.1253517471925934e-07,0,1,0.0,1.5873123369578996e-24,0,1,,
7967,7.9670000000000005,0.0,1.0704676948428836e-07,0,1,0.0,1.5098982007873464e-24,0,1,,
7968,7.968,0.0,1.0182603693120022e-07,0,1,0.0,1.436259596589611e-24,0,1,,
7969,7.969,0.0,9.685992250925404e-08,0,1,0.0,1.3662123894975633e-24,0,1,,
7970,7.97,0.0,9.213600834566148e-08,0,1,0.0,1.2995814250075125e-24,0,1,,
7971,7.971,0.0,8.764248219443656e-08,0,1,0.0,1.236200091001714e-24,0,1,,
7972,7.972,0.0,8.336810789962796e-08,0,1,0.0,1.1759099011312906e-24,0,1,,
7973,7.973,0.0,7.930219729907654e-08,0,1,0.0,1.118560098517809e-24,0,1,,
7974,7.974,0.0,7.543458349844265e-08,0,1,0.0,1.0640072787825575e-24,0,1,,
7975,7.9750000000000005,0.0,7.175559544867466e-08,0,1,0.0,1.012115031460903e-24,0,1,,
7976,7.976,0.0,6.825603376334884e-08,0,1,0.0,9.627535989050768e-25,0,1,,
7977,7.977,0.0,6.492714771541162e-08,0,1,0.0,9.157995518224675e-25,0,1,,
7978,7.978,0.0,6.176061335580384e-08,0,1,0.0,8.711354806380975e-25,0,1,,
7979,7.979,0.0,5.87485126992524e-08,0,1,0.0,8.286497019095305e-25,0,1,,
7980,7.98,0.0,5.588331392518275e-08,0,1,0.0,7.882359790600908e-25,0,1,,
7981,7.981,0.0,5.315785254424432e-08,0,1,0.0,7.497932567320871e-25,0,1,,
7982,7.982,0.0,5.056531348335534e-08,0,1,0.0,7.1322540809577935e-25,0,1,,
7983,7.9830000000000005,0.0,4.8099214044470297e-08,0,1,0.0,6.784409944822351e-25,0,1,,
7984,7.984,0.0,4.575338769445814e-08,0,1,0.0,6.453530367390286e-25,0,1,,
7985,7.985,0.0,4.3521968645557466e-08,0,1,0.0,6.138787977370543e-25,0,1,,
7986,7.986,0.0,4.139937718785175e-08,0,1,0.0,5.839395754846084e-25,0,1,,
7987,7.987,0.0,3.9380305737088204e-08,0,1,0.0,5.554605063314153e-25,0,1,,
7988,7.988,0.0,3.745970556295258e-08,0,1,0.0,5.283703777705075e-25,0,1,,
7989,7.989,0.0,3.5632774164613574e-08,0,1,0.0,5.0260145036986465e-25,0,1,,
7990,7.99,0.0,3.389494326196928e-08,0,1,0.0,4.780892883885506e-25,0,1,,
7991,7.9910000000000005,0.0,3.2241867372567395e-08,0,1,0.0,4.547725986537968e-25,0,1,,
7992,7.992,0.0,3.066941294563563e-08,0,1,0.0,4.325930772961453e-25,0,1,,
7993,7.993,0.0,2.917364802605173e-08,0,1,0.0,4.114952639594052e-25,0,1,,
7994,7.994,0.0,2.775083242240758e-08,0,1,0.0,3.914264031208744e-25,0,1,,
7995,7.995,0.0,2.6397408354582516e-08,0,1,0.0,3.7233631217505386e-25,0,1,,
7996,7.996,0.0,2.510999155743987e-08,0,1,0.0,3.541772559509947e-25,0,1,,
7997,7.997,0.0,2.3885362818401313e-08,0,1,0.0,3.369038273495068e-25,0,1,,
7998,7.998,0.0,2.2720459927738632e-08,0,1,0.0,3.2047283380175925e-25,0,1,,
7999,7.9990000000000006,0.0,2.1612370021454353e-08,0,1,0.0,3.0484318926536043e-25,0,1,,
