t,A_T0,A_T1,A_T2,B_T0,B_T1,B_T2,C_T0,C_T1,C_T2,A_u0,A_u1,A_u2,B_u0,B_u1,B_u2,C_u0,C_u1,C_u2
0,0.9950124791926823,0.0,0.0,0.9950124791926823,0.0,0.0,5.970074875156094,0.0,0.0,0.0,0.0,0.0,0.0,0.0,0.0,0.0,0.0,0.0
1,1.935559821254392,0.049502491687458405,0.0,1.935559821254392,0.049502491687458405,0.0,11.61335892752635,0.29701495012475043,0.0,0.0,0.0,0.0,0.0,0.0,0.0,0.0,0.0,0.0
2,2.8270861265951637,0.1406253461007417,0.0024627798490076567,2.8270861265951637,0.1406253461007417,0.0024627798490076567,16.96251675957098,0.8437520766044502,0.01477667909404594,0.0,0.0,0.0,0.0,0.0,0.0,0.0,0.0,0.0
3,3.6743453548346903,0.26670340045482316,0.009324170562154946,3.6743453548346903,0.26670340045482316,0.009324170562154946,22.046072129008138,1.6002204027289386,0.05594502337292966,0.0,0.0,0.0,0.0,0.0,0.0,0.0,0.0,0.0
4,4.481499646655438,0.42210074787568747,0.022082443348875574,4.481499646655438,0.42210074787568747,0.022082443348875574,26.888997879932624,2.5326044872541242,0.13249466009325342,0.0,0.0,0.0,0.0,0.0,0.0,0.0,0.0,0.0
5,5.2522029249970945,0.6020519794827336,0.041873466948680466,5.2522029249970945,0.6020519794827336,0.041873466948680466,31.513217549982567,3.6123118768964004,0.2512408016920828,0.0,0.0,0.0,0.0,0.0,0.0,0.0,0.0,0.0
6,5.989672021771277,0.8025279132264499,0.06953385268834825,5.989672021771277,0.8025279132264499,0.06953385268834825,35.93803213062766,4.815167479358697,0.41720311613008954,0.0,0.0,0.0,0.0,0.0,0.0,0.0,0.0,0.0
7,6.696747231157722,1.0201220326589486,0.10565396302172854,6.696747231157722,1.0201220326589486,0.10565396302172854,40.18048338694633,6.120732195953689,0.6339237781303712,0.0,0.0,0.0,0.0,0.0,0.0,0.00023067190423750605,0.0,0.0
8,7.375943898583362,1.251954441349741,0.15062236873839593,7.375943898583362,1.251954441349741,0.15062236873839593,44.25566339150017,7.511726648098443,0.9037342124303753,0.0,0.0,0.0,0.0,0.0,0.0,0.005835313861902454,0.0,0.0
9,8.029496407488658,1.4955906313441174,0.2046630943394372,8.029496407488658,1.4955906313441174,0.2046630943394372,48.17697844493195,8.973543788064703,1.2279785660366227,0.0,0.0,0.0,0.0,0.0,0.0,0.011228343581602657,0.0,0.0
10,8.659395717020061,1.748972780755051,0.2678667833505857,8.659395717020061,1.748972780755051,0.2678667833505857,51.95637430212036,10.493836684530304,1.607200700103514,0.0,0.0,0.0,0.0,0.0,0.0,0.016426190197495222,0.0,0.0
11,9.267421426991156,2.010361648002526,0.34021673971626376,9.267421426991156,2.010361648002526,0.34021673971626376,55.604528561946935,12.062169888015152,2.0413004382975823,0.0,0.0,0.0,0.0,0.0,0.0,0.021443538734200324,0.0,0.0
12,9.85516919686949,2.2782874282796812,0.4216106529381785,9.85516919686949,2.2782874282796812,0.4216106529381785,59.13101518121693,13.669724569678085,2.529663917629071,0.0,0.0,0.0,0.0,0.0,0.0,0.02629355636468987,0.0,0.0
13,10.424074218977431,2.551508189917204,0.5118786890986637,10.424074218977431,2.551508189917204,0.5118786890986637,62.54444531386458,15.309049139503221,3.0712721345919825,0.0,0.0,0.0,0.0,0.0,0.0,0.03098808610806726,0.0,0.0
14,10.975431338996774,2.828974721526916,0.6107985237981611,10.975431338996774,2.828974721526916,0.6107985237981611,65.85258803398064,16.973848329161495,3.6647911427889666,0.0,0.0,0.0,0.0,0.0,0.0,0.03553781286133646,0.0,0.0
15,11.510412326237708,3.1098008011297265,0.7181078033410533,11.510412326237708,3.1098008011297265,0.7181078033410533,69.06247395742625,18.658804806778356,4.308646820046318,0.0,0.0,0.0,0.0,0.0,0.0,0.03995240591140002,0.0,0.0
16,12.030080719435857,3.39323805098422,0.8335144446898669,12.030080719435857,3.39323805098422,0.8335144446898669,72.18048431661515,20.35942830590532,5.0010866681392,0.0,0.0,0.0,0.0,0.0,0.0,0.04,0.0,0.0
17,12.53540460892998,3.6786546708200656,0.9567051206311252,12.53540460892998,3.6786546708200656,0.9567051206311252,75.2124276535799,22.071928024920393,5.74023072378675,0.0,0.0,0.0,0.0,0.0,0.0,0.04,0.0,0.0
18,13.02726766113206,3.9655174512732883,1.0873522224440553,13.02726766113206,3.9655174512732883,1.0873522224440553,78.16360596679237,23.793104707639728,6.524113334664331,0.0,0.0,0.0,0.0,0.0,0.0,0.04,0.0,0.0
19,13.50647864469553,4.253376561586923,1.22511954660291,13.50647864469553,4.253376561586923,1.22511954660291,81.03887186817319,25.52025936952154,7.3507172796174585,0.0,0.0,0.0,0.0,0.0,0.0,0.04,0.0,0.0
20,13.973779678417358,4.541852683675901,1.36966691337837,13.973779678417358,4.541852683675901,1.36966691337837,83.84267807050415,27.251116102055406,8.21800148027022,0.0,0.0,0.0,0.0,0.0,0.0,0.04,0.0,0.0
21,14.429853387576957,4.830626130654225,1.5206538925369757,14.429853387576957,4.830626130654225,1.5206538925369757,86.57912032546174,28.98375678392535,9.123923355221851,0.0,0.0,0.0,0.0,0.0,0.0,0.04,0.0,0.0
22,14.875329127190323,5.119427643742048,1.6777427837426186,14.875329127190323,5.119427643742048,1.6777427837426186,89.25197476314193,30.71656586245229,10.066456702455708,0.0,0.0,0.0,0.0,0.0,0.0,0.04,0.0,0.0
23,15.310788406755172,5.4080306086802015,1.840600975956773,15.310788406755172,5.4080306086802015,1.840600975956773,91.86473044053103,32.44818365208121,11.043605855740633,0.0,0.0,0.0,0.0,0.0,0.0,0.04,0.0,0.0
24,15.736769630817362,5.696244472708082,2.0089027904512986,15.736769630817362,5.696244472708082,2.0089027904512986,94.42061778490418,34.17746683624849,12.053416742707785,0.0,0.0,0.0,0.0,0.0,0.0,0.04,0.0,0.0
25,16.153772252538037,5.98390917693058,2.182330895428686,16.153772252538037,5.98390917693058,2.182330895428686,90.95255864007214,35.903455061583486,13.093985372572112,0.0,0.0,0.0,0.0,0.0,0.0,0.04,0.0,0.0
26,16.562260422909002,6.270890447460942,2.360577366215396,16.562260422909002,6.270890447460942,2.360577366215396,87.76020360992766,37.3283277346409,14.163464197292372,0.0,0.0,0.0,0.0,0.0,0.0,0.04,0.0,0.0
27,16.962666205948228,6.557075812882321,2.5433444531535985,16.962666205948228,6.557075812882321,2.5433444531535985,84.81348047611837,38.49870280068947,15.245290039827543,0.0,0.0,0.0,0.0,0.0,0.0,0.04,0.0,0.0
28,17.355392419767753,6.842371236000959,2.7303451093261737,17.355392419767753,6.842371236000959,2.7303451093261737,82.08628238959838,39.454007013276815,16.32612563258411,0.0,0.0,0.0,0.0,0.0,0.0,0.04,0.0,0.0
29,17.74081515455443,7.126698265142874,2.9213033218226396,17.74081515455443,7.126698265142874,2.9213033218226396,79.55589304739397,40.22758510360311,17.39532527084258,0.0,0.0,0.0,0.0,0.0,0.0,0.04,0.00029545143720480227,0.0
30,18.11928601099628,7.409991624859843,3.1159542831474347,18.11928601099628,7.409991624859843,3.1159542831474347,77.20249851599513,40.84763787226265,18.44448489719252,0.0,0.0,0.0,0.0,0.0,0.0,0.04,0.001148217145544611,0.0
31,18.491134096317683,7.692197178270338,3.3140444333817474,18.491134096317683,7.692197178270338,3.3140444333817474,75.00877244727846,41.338015590263325,19.467063484160388,0.0,0.0,0.0,0.0,0.0,0.0,0.04,0.0018226392644054568,0.0
32,18.856667809680495,7.973270203714515,3.515331398662673,18.856667809680495,7.973270203714515,3.515331398662673,72.95952347113668,41.7188890263334,20.45806461384566,0.0,0.0,0.0,0.0,0.0,0.0,0.04,0.002346458884145683,0.0
33,19.216176444118123,8.253173937243524,3.7195838472924208,19.216176444118123,8.253173937243524,3.7195838472924208,71.0413952732086,42.0073169753627,21.413768871324145,0.0,0.0,0.0,0.0,0.0,0.0,0.04,0.002743137161690827,0.0
34,19.56993162827063,8.531878339940873,3.926581281211768,19.56993162827063,8.531878339940873,3.926581281211768,69.24261132469188,42.21772625158054,22.33150912123398,0.0,0.0,0.0,0.0,0.0,0.0,0.04,0.003032515460675081,0.0
35,19.91818862787543,8.80935905539777,4.136113777561341,19.91818862787543,8.80935905539777,4.136113777561341,67.55275746513227,42.36231764785632,23.209481965264526,0.0,0.0,0.0,0.0,0.0,0.0,0.03787607544564531,0.003231373671939132,0.0
36,20.261187524150507,9.085596528013063,4.347981692523096,20.261187524150507,9.085596528013063,4.347981692523096,65.96259658295615,42.451409280063245,24.04658971684099,0.0,0.0,0.0,0.0,0.0,0.0,0.035689108884727094,0.0033539024189848596,0.0
37,20.599154283810016,9.360575257312167,4.561995337507845,20.599154283810016,9.360575257312167,4.561995337507845,64.4639105216432,42.493726974194935,24.842308107418003,0.0,0.0,0.0,0.0,0.0,0.0,0.03362794869763941,0.003412102430718593,0.0
38,20.932301733411126,9.63428316730535,4.777974635969575,20.932301733411126,9.63428316730535,4.777974635969575,63.0493650866022,42.49664986432889,25.59657568122547,0.0,0.0,0.0,0.0,0.0,0.0,0.031682508082158625,0.003416122315156603,0.0
39,21.260830448992078,9.906711073141668,4.99574876763029,21.260830448992078,9.906711073141668,4.99574876763029,61.712394659971835,42.46641810968852,26.309701462992777,0.0,0.0,0.0,0.0,0.0,0.0,0.029843757268482582,0.0033745442350909607,0.0
40,21.58492957047883,10.177852230051585,5.215155805645036,21.58492957047883,10.177852230051585,5.215155805645036,60.447103465446745,42.40830857353116,26.982288013823908,0.0,0.0,0.0,0.0,0.0,0.0,0.02810358772760957,0.0032946255212859127,0.0
41,21.904777549072204,10.447701951885985,5.436042351187449,21.904777549072204,10.447701951885985,5.436042351187449,59.24818097781808,42.32678340541061,27.6151674389855,0.0,0.0,0.0,0.0,0.0,0.0,0.026454695833106057,0.0031825030193734713,0.0
42,22.22054283474651,10.71625728851697,5.6582631690594845,22.22054283474651,10.71625728851697,5.6582631690594845,58.110829354899174,42.225615706181436,28.209348290570166,0.0,0.0,0.0,0.0,0.0,0.0,0.024890483057398854,0.0030433659183799824,0.0
43,22.53238451006628,10.98351675302147,5.881680827197691,22.53238451006628,10.98351675302147,5.881680827197691,57.03070109360533,42.107995810489115,28.76597162852182,0.0,0.0,0.0,0.0,0.0,0.0,0.023404970229464292,0.0028816019222579203,0.0
44,22.840452875736243,11.249480090969124,6.106165342339452,22.840452875736243,11.249480090969124,6.106165342339452,56.0038453862443,41.976621176293214,29.28627477441926,0.0,0.0,0.0,0.0,0.0,0.0,0.0219927237580171,0.0027009208759815745,0.0
45,23.14488999262133,11.514148085320096,6.331593833606727,23.14488999262133,11.514148085320096,6.331593833606727,55.02666188522385,41.83377240986519,29.77156152137015,0.0,0.0,0.0,0.0,0.0,0.0,0.020648792043580666,0.002504459323601431,0.0
46,23.445830184391035,11.777522391440332,6.557850185345523,23.445830184391035,11.777522391440332,6.557850185345523,54.09586078088448,41.68137756471666,30.223177756851296,0.0,0.0,0.0,0.0,0.0,0.0,0.019368650573070953,0.002294868939300157,0.0
47,23.743400504441873,12.039605397588755,6.784824720212817,23.743400504441873,12.039605397588755,6.784824720212817,53.2084282635093,41.521066523080265,30.6424916188212,0.0,0.0,0.0,0.0,0.0,0.0,0.018148154419301246,0.0020743913188690857,0.0
48,24.037721170320516,12.30040010694756,7.012413883217233,24.037721170320516,12.30040010694756,7.012413883217233,52.36159658139207,41.354216989604176,31.030877443562776,0.0,0.0,0.0,0.0,0.0,0.0,0.01698349706149853,0.0018449212353655459,0.0
49,24.32890596849836,12.559910037872653,7.240519937185697,24.32890596849836,12.559910037872653,7.240519937185697,51.552818026086015,41.18199339098746,31.389702880406407,0.0,0.0,0.0,0.0,0.0,0.0,0.015871174606916727,0.0016080601382290616,0.0
50,24.617062632026858,12.818139139553871,7.469050669937062,24.617062632026858,12.818139139553871,7.469050669937062,50.77974227693295,41.005379775739776,31.720318647050274,0.0,0.0,0.0,0.0,0.0,0.0,0.014807954632507059,0.0013651614006994495,0.0
51,24.90229319332475,13.07509172070805,7.697919113288561,24.90229319332475,13.07509172070805,7.697919113288561,50.04019662249451,40.82520763948267,32.02405048243901,0.0,0.0,0.0,0.0,0.0,0.0,0.013790848983224649,0.0011173685882739093,0.0
52,25.184694314106814,13.330772389294642,7.927043273895759,25.184694314106814,13.330772389294642,7.927043273895759,49.33216864895156,40.642179458473954,32.302192924452974,0.0,0.0,0.0,0.0,0.0,0.0,0.01281708996318505,0.0008656478246339624,0.0
53,25.464357594253762,13.585186001553677,8.15634587582663,25.464357594253762,13.585186001553677,8.15634587582663,48.653791046916076,40.45688859331632,32.55600459900277,0.0,0.0,0.0,0.0,0.0,0.0,0.01188410944029783,0.0006108151654449154,0.0
54,25.741369861239736,13.838337618928017,8.385754114691286,25.741369861239736,13.838337618928017,8.385754114691286,48.00332824011185,40.269836122710885,32.7867047572119,0.0,0.0,0.0,0.0,0.0,0.0,0.0109895204565372,0.00035355975001084144,0.0
55,26.015813441573975,14.090232471653792,8.615199423086999,26.015813441573975,14.090232471653792,8.615199423086999,47.37916458346618,40.08144508076372,32.995470839637406,0.0,0.0,0.0,0.0,0.0,0.0,0.010131100996641731,9.446338200613802e-05,0.0
56,26.287766415572847,14.340875927990329,8.844617247070977,26.287766415572847,14.340875927990329,8.844617247070977,46.77979391553097,39.892072498319955,33.183436882135396,0.0,0.0,0.0,0.0,0.0,0.0,0.00930677961943889,0.0,0.0
57,26.557302856655305,14.590273468219669,9.073946833337743,26.557302856655305,14.590273468219669,9.073946833337743,46.203810281848845,39.70201958703093,33.35169260805044,0.0,0.0,0.0,0.0,0.0,0.0,0.008514622699583613,0.0,0.0
58,26.82449305624623,14.838430662679896,9.303131026752501,26.82449305624623,14.838430662679896,9.303131026752501,45.64989967276863,39.51154035261823,33.50128307676051,0.0,0.0,0.0,0.0,0.0,0.0,0.007752823064480968,0.0,0.0
59,27.089403735276104,15.085353153209947,9.532116077874294,27.089403735276104,15.085353153209947,9.532116077874294,45.11683264203282,39.320848879614445,33.63320877997518,0.0,0.0,0.0,0.0,0.0,0.0,0.00701968984254446,0.0,0.0
60,27.352098243180468,15.331046637479655,9.76085146009185,27.352098243180468,15.331046637479655,9.76085146009185,44.603457691830194,39.1301254924913,33.748426095183085,0.0,0.0,0.0,0.0,0.0,0.0,0.006313639365582817,0.0,0.0
61,27.612636745226915,15.575516855759856,9.989289695989493,27.612636745226915,15.575516855759856,9.989289695989493,44.10869532645841,38.93952196648075,33.84784802079841,0.0,0.0,0.0,0.0,0.0,0.0,0.005633186990733709,0.0,0.0
62,27.871076398929965,15.818769579756106,10.217386192559252,27.871076398929965,15.818769579756106,10.217386192559252,43.63153269071966,38.74916593466362,33.93234513030846,0.0,0.0,0.0,0.0,0.0,0.0,0.004976939726587602,0.0,0.0
63,28.127471520253792,16.060810603187587,10.445099084877635,28.127471520253792,16.060810603187587,10.445099084877635,43.17101872105597,38.559164615293426,34.00274669344838,0.0,0.0,0.0,0.0,0.0,0.0,0.004343589564488312,0.0,0.0
64,28.381873740248597,16.30164573384195,10.672389087870538,28.381873740248597,16.30164573384195,10.672389087870538,42.72625974753912,38.3696079642017,34.0598419214415,0.0,0.0,0.0,0.0,0.0,0.0,0.0037319074298991575,0.0,0.0
65,28.63433215271775,16.541280786878275,10.899219355796989,28.63433215271775,16.541280786878275,10.899219355796989,42.29641549343352,38.18057134096015,34.104381300911726,0.0,0.0,0.0,0.0,0.0,0.0,0.0031407376805557344,0.0,0.0
66,28.884893453468685,16.779721579185576,11.125555349091313,28.884893453468685,16.779721579185576,11.125555349091313,41.88069542637891,37.99211776379754,34.13707798742319,0.0,0.0,0.0,0.0,0.0,0.0,0.0025689930882054693,0.0,0.0
67,29.13360207166084,17.016973924633906,11.351364708213437,29.13360207166084,17.016973924633906,11.351364708213437,41.478355421485986,37.80429981670162,34.15860923492372,0.0,0.0,0.0,0.0,0.0,0.0,0.0020156502493247005,0.0,0.0
68,29.380500293727543,17.253043630080295,11.576617134168142,29.380500293727543,17.253043630080295,11.576617134168142,41.0886947019676,37.61716126235295,34.16961784182272,0.0,0.0,0.0,0.0,0.0,0.0,0.0014797453775334535,0.0,0.0
69,29.625628380315984,17.487936492012956,11.801284275365756,29.625628380315984,17.487936492012956,11.801284275365756,40.71105302747845,37.430738406262996,34.170713598157846,0.0,0.0,0.0,0.0,0.0,0.0,0.0009603704366867721,0.0,0.0
70,29.869024676659112,17.72165829373522,12.025339620508932,29.869024676659112,17.72165829373522,12.025339620508932,40.34480810422671,37.24506125049076,34.16247472141326,0.0,0.0,0.0,0.0,0.0,0.0,0.0004566695789713568,0.0,0.0
71,30.110725716765927,17.954214803005865,12.248758397202504,30.110725716765927,17.954214803005865,12.248758397202504,39.98937319424937,37.060154469393225,34.14544927114192,0.0,0.0,0.0,0.0,0.0,0.0,0.0,0.0,0.0
72,30.35076632179114,18.18561177006528,12.471517475995858,30.35076632179114,18.18561177006528,12.471517475995858,39.64419490409562,36.876038234859166,34.12015653469828,0.0,0.0,0.0,0.0,0.0,0.0,0.0,0.0,0.0
73,30.58917969292211,18.415854925987883,12.693595279579641,30.58917969292211,18.415854925987883,12.693595279579641,39.308751135609555,36.69272891424196,34.08708837817448,0.0,0.0,0.0,0.0,0.0,0.0,0.0,0.0,0.0
74,30.82599749909932,18.644949981310376,12.914971696870914,30.82599749909932,18.644949981310376,12.914971696870914,38.98254918360573,36.51023966062635,34.04671055811133,0.0,0.0,0.0,0.0,0.0,0.0,0.0,0.0,0.0
75,31.061249959866966,18.87290262489313,13.135628001732869,31.061249959866966,18.87290262489313,13.135628001732869,38.665123967040635,36.32858091203555,33.99946399077486,0.0,0.0,0.0,0.0,0.0,0.0,0.0,0.0,0.0
76,31.294965923631825,19.09971852297869,13.355546776087039,31.294965923631825,19.09971852297869,13.355546776087039,38.35603638184245,36.14776081362384,33.94576597679089,0.0,0.0,0.0,0.0,0.0,0.0,0.0,0.0,0.0
77,31.5271729415915,19.325403318416864,13.574711837187362,31.5271729415915,19.325403318416864,13.574711837187362,38.054871764908086,35.96778557473331,33.88601137974963,0.0,0.0,0.0,0.0,0.0,0.0,0.0,0.0,0.0
78,31.757897337577443,19.54996263003058,13.793108168836568,31.757897337577443,19.54996263003058,13.793108168836568,37.76123845994207,35.78865977086142,33.82057375805963,0.0,0.0,0.0,0.0,0.0,0.0,0.0,0.0,0.0
79,31.987164274043366,19.773402052100746,14.010721856336117,31.987164274043366,19.773402052100746,14.010721856336117,37.474766476821785,35.61038659903636,33.749806449869006,0.0,0.0,0.0,0.0,0.0,0.0,0.0,0.0,0.0
80,32.214997814415916,19.99572715395157,14.227540024971217,32.214997814415916,19.99572715395157,14.227540024971217,37.195106237051654,35.43296809378667,33.67404361130533,0.0,0.0,0.0,0.0,0.0,0.0,0.0,0.0,0.0
81,32.441420982011756,20.216943479620838,14.443550781842431,32.441420982011756,20.216943479620838,14.443550781842431,36.921927398633464,35.25640530978307,33.59360120862875,0.0,0.0,0.0,0.0,0.0,0.0,0.0,0.0,0.0
82,32.66645581571324,20.437056547601852,14.658743160864914,32.66645581571324,20.437056547601852,14.658743160864914,36.65491775434765,35.080698476293094,33.50877796516305,0.0,0.0,0.0,0.0,0.0,0.0,0.0,0.0,0.0
83,32.8901234225837,20.656071850645926,14.873107070765442,32.8901234225837,20.656071850645926,14.873107070765442,36.39378219802482,34.90584712779618,33.41985626407767,0.0,0.0,0.0,0.0,0.0,0.0,0.0,0.0,0.0
84,33.11244402759275,20.873994855615983,15.086633245916177,33.11244402759275,20.873994855615983,15.086633245916177,36.13824175389989,34.73185021443623,33.32710300825133,0.0,0.0,0.0,0.0,0.0,0.0,0.0,0.0,0.0
85,33.33343702061256,21.090831003383272,15.299313199852397,33.33343702061256,21.090831003383272,15.299313199852397,35.88803266459257,34.558706195421706,33.230770438563304,0.0,0.0,0.0,0.0,0.0,0.0,0.0,0.0,0.0
86,33.55312100083639,21.306585708760412,15.511139181329455,33.55312100083639,21.306585708760412,15.511139181329455,35.642905533656915,34.386413118003354,33.13109691203979,0.0,0.0,0.0,0.0,0.0,0.0,0.0,0.0,0.0
87,33.77151381876249,21.52126436046515,15.722104132781759,33.77151381876249,21.52126436046515,15.722104132781759,35.40262451899523,34.21496868425427,33.02830764133506,0.0,0.0,0.0,0.0,0.0,0.0,0.0,0.0,0.0
88,33.98863261587802,21.734872321109865,15.932201651053836,33.98863261587802,21.734872321109865,15.932201651053836,35.16696657374542,34.04437030753367,32.922615397057235,0.0,0.0,0.0,0.0,0.0,0.0,0.0,0.0,0.0
89,34.204493862170224,21.947414927212886,16.14142595028038,34.204493862170224,21.947414927212886,16.14142595028038,34.93572073152983,33.874615160225616,32.81422117445908,0.0,0.0,0.0,0.0,0.0,0.0,0.0,0.0,0.0
90,34.41911339158494,22.158897489228043,16.349771826798726,34.41911339158494,22.158897489228043,16.349771826798726,34.70868743320325,33.70570021409861,32.70331482601047,0.0,0.0,0.0,0.0,0.0,0.0,0.0,0.0,0.0
91,34.63250643554559,22.3693252915896,16.55723462598345,34.63250643554559,22.3693252915896,16.55723462598345,34.485677892461474,33.53762227442417,32.590075661352884,0.0,0.0,0.0,0.0,0.0,0.0,0.0,0.0,0.0
92,34.84468765463959,22.5787035927701,16.76381021089859,34.84468765463959,22.5787035927701,16.76381021089859,34.26651349787258,33.37037800881718,32.47467301611097,0.0,0.0,0.0,0.0,0.0,0.0,0.0,0.0,0.0
93,35.05567116857334,22.78703762534898,16.969494932668667,35.05567116857334,22.78703762534898,16.969494932668667,34.051025249074826,33.20396397161213,32.35726679100317,0.0,0.0,0.0,0.0,0.0,0.0,0.0,0.0,0.0
94,35.26547058449077,22.994332596090274,17.174285602474967,35.26547058449077,22.994332596090274,17.174285602474967,33.83905322504875,33.03837662446395,32.23800796265527,0.0,0.0,0.0,0.0,0.0,0.0,0.0,0.0,0.0
95,35.47409902374576,23.20059368602783,17.37817946508856,35.47409902374576,23.20059368602783,17.37817946508856,33.63044608251992,32.87361235375569,32.11703906747777,0.0,0.0,0.0,0.0,0.0,0.0,0.0,0.0,0.0
96,35.68156914721329,23.405826050556836,17.581174173856308,35.68156914721329,23.405826050556836,17.581174173856308,33.42506058268425,32.709667485305836,31.99449465992281,0.0,0.0,0.0,0.0,0.0,0.0,0.0,0.0,0.0
97,35.887893179219674,23.61003481953055,17.78326776706063,35.887893179219674,23.61003481953055,17.78326776706063,33.222761144571265,32.54653829679164,31.870501746388612,0.0,0.0,0.0,0.0,0.0,0.0,0.0,0.0,0.0
98,36.09308293016766,23.813225097361375,17.984458645578126,36.09308293016766,23.813225097361375,17.984458645578126,33.02341942347337,32.38422102824096,31.745180195990912,0.0,0.0,0.0,0.0,0.0,0.0,0.0,0.0,0.0
99,36.29714981792817,24.01540196312546,18.18474555176616,36.29714981792817,24.01540196312546,18.18474555176616,32.82691391297321,32.222711890890515,31.61864312937148,0.0,0.0,0.0,0.0,0.0,0.0,0.0,0.0,0.0
100,36.500104888066275,24.216570470670238,18.384127549510314,35.505092408873594,25.21158294986292,18.384127549510314,32.633129569195944,32.06200707466269,31.490997286664683,0.0,0.0,0.0,0.0,0.0,0.0,0.0,0.0,0.0
101,36.70195883296536,24.416735648724334,18.582604005369408,34.81590150339842,26.253290486603806,18.632106497056867,32.441957456001276,31.902102754473898,31.36234337569422,0.0,0.0,0.0,0.0,0.0,0.0,0.0,0.0,0.0
102,36.90272200990996,24.615902501009344,18.780174570758035,34.21626122941553,27.164200715252033,18.918337137009768,32.25329440991082,31.742995095554946,31.232776401424054,0.0,0.0,0.0,0.0,0.0,0.0,0.0,0.0,0.0
103,37.102404458184346,24.8140760063532,18.97683916510999,33.69476250380447,27.9643387308404,19.234218395002653,32.06704272364147,31.58468025793578,31.102385977640534,0.0,0.0,0.0,0.0,0.0,0.0,0.0,0.0,0.0
104,37.30101591524079,25.01126111880466,19.172597959968897,33.241617016461035,28.670641713057602,19.572616264495704,31.8831098471846,31.427154400223564,30.971256621796677,0.0,0.0,0.0,0.0,0.0,0.0,0.0,0.0,0.0
105,37.49856583198852,25.207462767748765,19.36745136395542,32.848414886474146,29.297435200729073,19.927629876489473,31.701408105435664,31.270413682783218,30.839468033905238,0.0,0.0,0.0,0.0,0.0,0.0,0.0,0.0,0.0
106,37.69506338725149,25.402685858022934,19.56140000856308,32.507919278706645,29.85683590602966,20.294394069101177,31.521854431438452,31.11445427041262,30.707095360323894,0.0,0.0,0.0,0.0,0.0,0.0,0.0,0.0,0.0
107,37.890517501440584,25.596935270033587,19.754444734737316,32.213892302941794,30.35909239889514,20.668912804374532,31.344370114364125,30.959272334590462,30.57420944323442,0.0,0.0,0.0,0.0,0.0,0.0,0.0,0.0,0.0
108,38.08493684948323,25.790215859873054,19.946586580195053,31.960947392249594,30.81287324449533,21.047918652806395,31.16888056139726,30.804864055362824,30.440877056577662,0.0,0.0,0.0,0.0,0.0,0.0,0.0,0.0,0.0
109,38.27832987305102,25.982532459436673,20.137826767444135,31.744424096906464,31.225510698576528,21.428754304448812,30.995315072749673,30.651225622924173,30.30716112916774,0.0,0.0,0.0,0.0,0.0,0.0,0.0,0.0,0.0
110,38.470704792123925,26.17388987653994,20.328166692464404,31.5602818558589,31.60320681540048,21.809272689868862,30.82360662906822,30.49835323894006,30.173120955672022,0.0,0.0,0.0,0.0,0.0,0.0,0.0,0.0,0.0
111,38.66206961592728,26.364292895035636,20.51760791401417,31.405009836938632,31.951207765738,22.18775282230043,30.653691690545305,30.34624311765138,30.038812396108295,0.0,0.0,0.0,0.0,0.0,0.0,0.0,0.0,0.0
112,38.852432153275934,26.55374627493081,20.70615214352788,31.275550384686113,32.27395126817911,22.562828918869375,30.485510007080638,30.194891486794013,29.90428806447672,0.0,0.0,0.0,0.0,0.0,0.0,0.0,0.0,0.0
113,39.04180002235804,26.742254752503577,20.89380123557254,31.169233993297805,32.575191280745265,22.93343073639107,30.319004438880146,30.044294588362323,29.769597507112213,0.0,0.0,0.0,0.0,0.0,0.0,0.0,0.0,0.0
114,39.230180659989045,26.929823040419663,21.080557178832397,31.083724042519187,32.85810346016077,23.298733376561145,30.154120786912955,29.89444867924072,29.6347873713121,0.0,0.0,0.0,0.0,0.0,0.0,0.0,0.0,0.0
115,39.41758133036498,27.11645582784865,21.266422087592876,31.016969805257002,33.12537435516796,23.65811508538154,29.99080763268025,29.7453500317237,29.49990156476487,0.0,0.0,0.0,0.0,0.0,0.0,0.0,0.0,0.0
116,39.60400913334238,27.302157780579865,21.45139819369644,30.967166464890738,33.37927684273715,24.011121799990786,29.829016186780773,29.596994933941616,29.364981406277916,0.0,0.0,0.0,0.0,0.0,0.0,0.0,0.0,0.0
117,39.78947101227071,27.486933541137894,21.635487838944584,30.932721074160792,33.62173392905887,24.357437389133516,29.668700145786744,29.449379690206804,29.230065768275953,0.0,0.0,0.0,0.0,0.0,0.0,0.0,0.0,0.0
118,39.97397376140189,27.67078772889771,21.818693467921413,30.912223551543118,33.85437270992725,24.696858696750642,29.50981555697135,29.302500621292417,29.095191211516504,0.0,0.0,0.0,0.0,0.0,0.0,0.0,0.0,0.0
119,40.15752403289987,27.85372494019934,22.001017621215833,30.904421949791264,34.07857000832393,25.029274636199844,29.352320690454672,29.156354064654405,28.960392112445234,0.00019909564039986838,0.0,0.0,0.0,0.0,0.0,0.0,0.0,0.0
120,40.34012834347227,28.035749748462074,22.182462929020403,30.908201348730817,34.295490972906,25.35464869931793,29.19617591835914,29.010936374605492,28.825700783591092,0.00045023345015083455,0.0,0.0,0.0,0.0,0.0,0.0,0.0,0.0
121,40.5217930806447,28.216866704298265,22.363032105086287,30.922565823721968,34.50612172310375,25.673004343203534,29.041343600588473,28.86624392244862,28.691147587379916,0.0007000790537921436,0.0,0.0,0.0,0.0,0.0,0.0,0.0,0.0
122,40.70252450869725,28.397080335626573,22.542727941014746,30.946623025248975,34.711296959075426,25.984412801014173,28.887787976865486,28.722273096576178,28.556761043724748,0.0009486410666603162,0.0,0.0,0.0,0.0,0.0,0.0,0.0,0.0
123,40.88232877428174,28.57639514778476,22.721553300866752,30.979570976206766,34.911723313136314,26.288982933590177,28.73547506468449,28.579020302540343,28.42256793173177,0.0011959279423163216,0.0,0.0,0.0,0.0,0.0,0.0,0.0,0.0
124,41.06121191173702,28.75481562364197,22.89951111607325,31.02068675362774,35.107999099494485,26.58685279833003,28.58437256285309,28.436481963099105,28.28859338584255,0.0014419479798558343,0.0,0.0,0.0,0.0,0.0,0.0,0.0,0.0
125,41.23917984811898,28.932346223710525,23.076604380629632,31.069316772511524,35.3006310178161,26.878182662131525,28.434449760316216,28.294654518241742,28.154860986715928,0.001686709330827027,0.0,0.0,0.0,0.0,0.0,0.0,0.0,0.0
126,41.416238407960726,29.108991386257163,23.252836146558813,31.12486843251267,35.49004828045969,27.16314922780436,28.285677449972216,28.15353442519701,28.021392847136475,0.0019302200057773056,0.0,0.0,0.0,0.0,0.0,0.0,0.0,0.0
127,41.59239331777777,29.2847555274138,23.428209519628176,31.186802924711873,35.676614560751,27.4419408793569,28.13802784720692,28.013118158426764,27.888209693220883,0.002172487880449353,0.0,0.0,0.0,0.0,0.0,0.0,0.0,0.0
128,41.767650210332114,29.45964304128775,23.60272765530647,31.25462902656533,35.86063809837977,27.71475378198126,27.991474512886676,27.873402209607345,27.755330941178936,0.0024135207016455773,0.0,0.0,0.0,0.0,0.0,0.0,0.0,0.0
129,41.94201462866839,29.633658300071435,23.776393754947527,31.327897739256844,36.04238024616277,27.981788698267763,27.845992280565653,27.734383087600673,27.622774769871835,0.002653326092779046,0.0,0.0,0.0,0.0,0.0,0.0,0.0,0.0
130,42.11549202993456,29.80680565415154,23.949211062188304,31.40619764379813,36.222062698575584,28.243248403900715,27.701557187676283,27.59605731841669,27.490558189397344,0.0028919115591281574,0.0,0.0,0.0,0.0,0.0,0.0,0.0,0.0
131,42.28808778899887,29.979089432217688,24.12118285954955,31.48915087095153,36.399873605376456,28.49933560443814,27.558146410484323,27.458421445168568,27.358697105918857,0.003129284492811066,0.0,0.0,0.0,0.0,0.0,0.0,0.0,0.0
132,42.45980720187427,30.15051394137056,24.292312465227912,31.576409595908295,36.575972742284705,28.750251270279758,27.415738202602114,27.321472028021866,27.22720638294362,0.003365452177495322,0.0,0.0,0.0,0.0,0.0,0.0,0.0,0.0
133,42.63065548896073,30.321083467229485,24.46260323006907,31.667652982086135,36.75049588415298,28.99619332002018,27.274311836865007,27.185205644138613,27.09609989924416,0.003600421792857078,0.0,0.0,0.0,0.0,0.0,0.0,0.0,0.0
134,42.80063779811544,30.49080227403953,24.63205853471186,31.762584509785686,36.92355850364019,29.23735559344097,27.133847550386566,27.04961888761718,26.96539060360641,0.003834200418803585,0.0,0.0,0.0,0.0,0.0,0.0,0.0,0.0
135,42.96975920756031,30.659674604778044,24.80068178689407,31.860929635082652,37.09525889941928,29.473927064730503,26.994326492618367,26.914708369428652,26.83509056657806,0.004066795039471861,0.0,0.0,0.0,0.0,0.0,0.0,0.0,0.0
136,43.13802472863555,30.827704681260684,24.968476418911017,31.962433732498113,37.26568084190816,29.706091254400985,26.85573067624972,26.78047071735031,26.705211029381108,0.004298212547015776,0.0,0.0,0.0,0.0,0.0,0.0,0.0,0.0
137,43.305439308407884,30.994896704246926,25.135445885218495,32.06686028191004,37.434895810940446,29.934025805022817,26.718042930791782,26.64690257589671,26.575762450143735,0.004528459745193121,0.0,0.0,0.0,0.0,0.0,0.0,0.0,0.0
138,43.47200783214118,31.161254853545046,25.301593660172212,32.173989266035406,37.60296488831504,30.157902191507986,26.58124685869891,26.51400060624882,26.44675454759809,0.004757543352763523,0.0,0.0,0.0,0.0,0.0,0.0,0.0,0.0
139,43.6377351256371,31.32678328811659,25.46692323589616,32.28361574978669,37.769940358455614,30.377885541407537,26.445326793888366,26.381761486181563,26.31819634238262,0.004985470006707529,0.0,0.0,0.0,0.0,0.0,0.0,0.0,0.0
140,43.802625957452804,31.491486146180325,25.631438120272865,32.39554861702556,37.93586706220102,30.594134544679413,26.310267762526934,26.250181909990058,26.190096196079995,0.005212246265276686,0.0,0.0,0.0,0.0,0.0,0.0,0.0,0.0
141,43.966685041002435,31.655367545315674,25.795141835048845,32.509609443816224,38.10078354180335,30.806801435747385,26.176055445960376,26.11925858841488,26.06246184811448,0.005437878610883712,0.0,0.0,0.0,0.0,0.0,0.0,0.0,0.0
142,44.12991703654876,31.818431582565633,25.95803791404889,32.62563149031922,38.264723009337686,31.01603203350638,26.042676145668313,25.988988248566468,25.935300450625906,0.00566237345284161,0.0,0.0,0.0,0.0,0.0,0.0,0.0,0.0
143,44.29232655309083,31.980682334539196,26.120129901493225,32.74345879604602,38.42771416576022,31.221965827317014,25.91011675013366,25.859367633848944,25.808618601430936,0.005885737129959823,0.0,0.0,0.0,0.0,0.0,0.0,0.0,0.0
144,44.45391815015349,32.14212385751324,26.28142135041188,32.86294536538637,38.58978189365069,31.424736099041557,25.778364703521774,25.730393503883466,25.682422375176316,0.00610797591300534,0.0,0.0,0.0,0.0,0.0,0.0,0.0,0.0
145,44.61469633948397,32.30276018753394,26.4419158211509,32.983954432182735,38.75094784312181,31.624470072864273,25.647407976070237,25.602062634431245,25.55671735278303,0.006329096007036052,0.0,0.0,0.0,0.0,0.0,0.0,0.0,0.0
146,44.77466558666063,32.46259534051765,26.60161687996543,33.106357793709925,38.911230927373545,31.82128908606024,25.517235036095617,25.474371817316346,25.43150864927491,0.00654910355361326,0.0,0.0,0.0,0.0,0.0,0.0,0.0,0.0
147,44.933830312618696,32.6216333123513,26.76052809769476,33.230035205765574,39.07064774182847,32.01530877507069,25.387834823528685,25.347317860348372,25.30680094008012,0.006768004632900053,0.0,0.0,0.0,0.0,0.0,0.0,0.0,0.0
148,45.09219489509747,32.77987807899227,26.918653048514926,33.35487383172451,39.2292129186349,32.20663927224525,25.259196724894423,25.220897587245094,25.18259848588909,0.006985805265651686,0.0,0.0,0.0,0.0,0.0,0.0,0.0,0.0
149,45.2497636700133,32.93733359656782,27.075995308764565,33.48076773938759,39.386939426506565,32.39538540945152,25.131310549657712,25.095107837555098,25.058905156147947,0.007202511415103807,0.0,0.0,0.0,0.0,0.0,0.0,0.0,0.0
150,45.40654093276231,33.094003801473946,27.23255845583997,33.60761744028932,39.543838824330116,32.58164692545678,25.004166507859996,24.96994546658053,24.935724451262075,0.007418128988764129,0.0,0.0,0.0,0.0,0.0,0.0,0.0,0.0
151,45.562530939456764,33.249892610473815,27.388346067155556,33.73532946684006,39.699921475671026,32.76551867457504,24.877755188976206,24.84540734529995,24.813059523580492,0.007632663840112838,0.0,0.0,0.0,0.0,0.0,0.0,0.0,0.0
152,45.71773790809864,33.405003920795686,27.54336171916612,33.863815983286464,39.85519673020897,32.947090834565,24.75206754192519,24.721490360291345,24.6909131972277,0.007846121770216583,0.0,0.0,0.0,0.0,0.0,0.0,0.0,0.0
153,45.87216601969387,33.55934161023031,27.6976089864475,33.99299442699378,40.009673077203345,33.126449112174534,24.627094856170494,24.598191413655364,24.569287986846184,0.008058508529260947,0.0,0.0,0.0,0.0,0.0,0.0,0.0,0.0
154,46.02581941931037,33.712909537227894,27.85109144083238,34.12278717699865,40.16335827530287,33.303674945069105,24.50282874385185,24.475507422938758,24.448186115309138,0.008269829818005545,0.0,0.0,0.0,0.00020711954111750364,0.0,0.0,0.0,0.0
155,46.17870221708305,33.86571154099455,28.00381265059827,34.25312124716286,40.31625946234792,33.47884569916506,24.37926112289092,24.353435321058054,24.327609530459828,0.008480091289166186,0.0,0.0,0.0,0.00041740630325607514,0.0,0.0,0.0,0.0
156,46.33081848916854,34.01775144158829,28.155776179704688,34.38392800158602,40.46838324825143,33.652034860624035,24.25638420101803,24.23197205622354,24.207559920930873,0.008689298548728033,0.0,0.0,0.0,0.0006266238966583029,0.0,0.0,0.0,0.0
157,46.48217227865251,34.16903304001448,28.306985587076877,34.51514289021687,40.61973579356817,33.8233122219588,24.134190460669444,24.111114591863505,24.08803873109384,0.008897457157193311,0.0,0.0,0.0,0.0008347807940060695,0.0,0.0,0.0,0.0
158,46.632767596411995,34.31956011832095,28.45744442593352,34.64670520284565,40.77032287595987,33.992744061860904,24.012672644707582,23.99085990654877,23.96904717518673,0.00910457263076736,0.0,0.0,0.0,0.00104188494138404,0.0,0.0,0.0,0.0
159,46.7826084219353,34.46933643969246,28.607156243155927,34.77855783986914,40.920149946422946,34.16039331849157,23.891823742919126,23.87120499391756,23.85058625066443,0.00931065044248626,0.0,0.0,0.0,0.0012479438356103115,0.0,0.0,0.0,0.0
160,46.93169870410173,34.618365748544825,28.756124578696504,34.91064709840091,41.06922217685781,34.326319756084295,23.771636979248456,23.752146862600636,23.732656750814623,0.009515696023289152,0.0,0.0,0.0,0.001452964589659038,0.0,0.0,0.0,0.0
161,47.08004236192326,34.7666517706185,28.904352965024245,35.04292247245619,41.217544500315164,34.49058012479459,23.652105799726176,23.63368253614683,23.615259276679406,0.009719714763038304,0.0,0.0,0.0,0.0016569539880116335,0.0,0.0,0.0,0.0
162,47.22764328525035,34.91419821307174,29.051844926605266,35.17533646607648,41.36512164504872,34.6532283138021,23.533223861054715,23.515809052948825,23.49839424832064,0.009922712011489837,0.0,0.0,0.0,0.001859918533489817,0.0,0.0,0.0,0.0
163,47.37450533544371,35.06100876457329,29.198603979416372,35.307844418377485,41.511958163329496,34.81431549772631,23.414985019815035,23.39852346616935,23.382061915464973,0.01012469307921754,0.0,0.0,0.0,0.002061864486884335,0.0,0.0,0.0,0.0
164,47.52063234601387,35.20708709539455,29.344633630489906,35.4404043396072,41.65805845582974,34.973890276461304,23.29738332226046,23.28182284366765,23.266262367562486,0.010325663238492586,0.0,0.0,0.0,0.002262797900490346,0.0,0.0,0.0,0.0
165,47.66602812323041,35.3524368575014,29.489937377488047,35.57297675739091,41.80342679225954,35.13199880856932,23.180412994665524,23.165704267926333,23.150995543291096,0.010525627724121328,0.0,0.0,0.0,0.002462724646489299,0.0,0.0,0.0,0.0
166,47.81069644670237,35.49706168464545,29.634518708305027,35.705524572419236,41.94806732883426,35.28868493839928,23.064068434199484,23.050164835978556,23.036261239537065,0.01072459173424356,0.0,0.0,0.0,0.0026616504409719896,0.0,0.0,0.0,0.0
167,47.954641069931405,35.64096519245491,29.77838110069562,35.83801292290445,42.09198412306134,35.443990317116075,22.94834420029574,22.935201659335537,22.922059119880316,0.010922560431093326,0.0,0.0,0.0,0.0028595808642750964,0.0,0.0,0.0,0.0
168,48.0978657208392,35.78415097852495,29.921528021928513,35.97040905719193,42.23518114626002,35.597954517840655,22.83323500649009,22.820811863914447,22.80838872261166,0.011119538941724197,0.0,0.0,0.0,0.0030565213781996864,0.0,0.0,0.0,0.0
169,48.24037410227055,35.92662262250769,30.06396292846315,36.10268221396749,42.3776622941635,35.75061514511034,22.718735712702166,22.706992589966617,22.695249468307598,0.011315532358701252,0.0,0.0,0.0,0.0032524773405924537,0.0,0.0,0.0,0.0
170,48.3821698924733,36.06838368620164,30.205689265648726,36.23480350954937,42.519431395899225,35.902007938875,22.604841317935783,22.593740992006108,22.58264066698692,0.01151054574076106,0.0,0.0,0.0,0.003447454017696437,0.0,0.0,0.0,0.0
171,48.52325674555654,36.20943771364077,30.3467104674441,36.36674583179645,42.660492221597444,36.05216687324745,22.491546953375305,22.48105423873863,22.470561524872004,0.011704584113441927,0.0,0.0,0.0,0.003641456594615164,0.0,0.0,0.0,0.0
172,48.66363829192811,36.349788231183105,30.48702995615751,36.498483740202225,42.80084848883952,36.20112425022692,22.378847875856376,22.368929512990796,22.359011150776485,0.011897652469685535,0.0,0.0,0.0,0.0038344901841810553,0.0,0.0,0.0,0.0
173,48.80331813871258,36.489438747598896,30.62665114220489,36.62999337177833,42.940503868124864,36.34891078861312,22.266739461690523,22.257364011639734,22.24798856213976,0.012089755770411784,0.0,0.0,0.0,0.00402655983447419,0.0,0.0,0.0,0.0
174,48.9422998701507,36.62839275415833,30.765577423885844,36.76125235236174,43.07946198750779,36.49555570832529,22.15521720082429,22.146354945543038,22.137492690727647,0.012280898945068258,0.0,0.0,0.0,0.004217670535199433,0.0,0.0,0.0,0.0
175,49.080587047981425,36.76665372471879,30.903812187176236,36.89223971300756,43.21772643653236,36.64108681033648,22.044276691314604,22.035899539469074,22.027522388017555,0.012471086892155522,0.0,0.0,0.0,0.004407827223098022,0.0,0.0,0.0,0.0
176,49.218183211807286,36.90422511581176,31.04135880553646,37.02293581115413,43.35530076957323,36.7855305524281,21.933913634103085,21.92599503202761,21.918076430285378,0.012660324479729673,0.0,0.0,0.0,0.004597034786542345,0.0,0.0,0.0,0.0
177,49.355091879444146,37.04111036672917,31.17822063973455,37.15332225626948,43.49218850867429,36.928912120964036,21.824123828072942,21.81663867560081,21.809153523410515,0.012848616545883332,0.0,0.0,0.0,0.004785298069439871,0.0,0.0,0.0,0.0
178,49.491316547256055,37.17731289960942,31.314401037683247,37.283381839709165,43.62839314596225,37.07125549887724,21.71490316537303,21.70782773627454,21.70075230741442,0.013035967899206247,0.0,0.0,0.0,0.004972621874552677,0.0,0.0,0.0,0.0
179,49.62686069047612,37.31283611952292,31.44990333429028,37.41309846853347,43.7639181457009,37.212583530054886,21.60624762699441,21.599559493770066,21.592871360747314,0.013222383319226469,0.0,0.0,0.0,0.005159010966322604,0.0,0.0,0.0,0.0
180,49.76172776351402,37.44768341455723,31.584730851321098,37.542457103049635,43.898766946041206,37.35291798030143,21.49815327858568,21.49183124137602,21.48550920433686,0.013407867556833389,0.0,0.0,0.0,0.0053444700732782555,0.0,0.0,0.0,0.0
181,49.89592120025089,37.581858155901756,31.71888689727334,37.671443697859935,44.03294296051425,37.49227959505173,21.39061626649395,21.38464028588078,21.37866430541181,0.013592425334683272,0.0,0.0,0.0,0.005529003890088195,0.0,0.0,0.0,0.0
182,50.0294444143224,37.71536369793201,31.852374767262393,37.80004514621097,44.166449579306445,37.630688153999316,21.283632814019185,21.27798394750512,21.27233508111301,0.01377606134758852,0.0,0.0,0.0,0.005712617079314822,0.0,0.0,0.0,0.0
183,50.16230079939039,37.8482033782935,31.985197742917432,37.928249227452575,44.29929017035077,37.768162522797894,21.177199217870218,21.171859559835234,21.166519901903396,0.013958780262891324,0.0,0.0,0.0,0.005895314272915127,0.0,0.0,0.0,0.0
184,50.29449372940389,37.98038051798515,32.11735909228727,38.056044557427086,44.43146808026209,37.90472070198706,21.071311844811408,21.06626446975608,21.061217094787988,0.014140586720822607,0.0,0.0,0.0,0.006077100073527027,0.0,0.0,0.0,0.0
185,50.426026558850005,38.11189842144233,32.248862069755575,38.183420541620684,44.56298663514074,38.040379873286426,20.965967128489574,20.961196037385058,20.95642494635432,0.01432148533484709,0.0,0.0,0.0,0.006257979055574597,0.0,0.0,0.0,0.0
186,50.55690262299515,38.24276037661949,32.37970991596478,38.310367330919135,44.69384914126451,38.17515644339572,20.861161566431278,20.856651636006003,20.852141705643135,0.01450148069199507,0.0,0.0,0.0,0.006437955766219743,0.0,0.0,0.0,0.0
187,50.68712523811724,38.37296965507233,32.50990585774839,38.43687577981984,44.82405888568628,38.309066085431766,20.756891717201214,20.75262865200355,20.74836558685867,0.014680577353181692,0.0,0.0,0.0,0.006617034726184107,0.0,0.0,0.0,0.0
188,50.8166977017292,38.50252951203958,32.63945310807094,38.56293740696099,44.95361913675169,38.44212377812695,20.65315419771287,20.649124484797774,20.64509477192732,0.014858779853514456,0.0,0.0,0.0,0.006795220430461067,0.0,0.0,0.0,0.0
189,50.945623292794394,38.63144318652441,32.76835486597541,38.688544357837,45.08253314454923,38.5743438429079,20.549945680683134,20.546136546779174,20.542327412912968,0.015036092702589418,0.0,0.0,0.0,0.006972517348934726,0.0,0.0,0.0,0.0
190,51.07390527193425,38.7597139013754,32.896614316537544,38.81368936957729,45.21080414130298,38.70573997896685,20.447262892223012,20.443662263244,20.44006163429692,0.015212520384776745,0.0,0.0,0.0,0.007148929926920039,0.0,0.0,0.0,0.0
191,51.201546881628545,38.8873448633671,33.02423463082666,38.938365737672505,45.33843534171693,38.8363252964328,20.345102609557,20.341699072329885,20.338295535129774,0.015388067359496174,0.0,0.0,0.0,0.007324462585636425,0.0,0.0,0.0,0.0
192,51.328551346408766,39.014339263280206,33.15121896587267,39.06256728453922,45.46542994327819,38.96611234774417,20.243461658864103,20.240244424951786,20.237027191062314,0.015562738061482978,0.0,0.0,0.0,0.007499119722624681,0.0,0.0,0.0,0.0
193,51.45492187304485,39.14070027598134,33.277570464638856,39.18628832982044,45.59179112652538,39.09511315731916,20.14233691323382,20.139295784738277,20.136254656262064,0.015736536901044748,0.0,0.0,0.0,0.007672905712116193,0.0,0.0,0.0,0.0
194,51.5806616507257,39.266431060502384,33.40329225600011,39.30952366232516,45.71752205528757,39.223339249615414,20.041725290730867,20.03885062796813,20.035975965221745,0.015909468264309695,0.0,0.0,0.0,0.007845824905361468,0.0,0.0,0.0,0.0
195,51.70577385123375,39.39153476011951,33.52838745472633,39.43226851351578,45.84262587689817,39.35080167566559,19.94162375256268,19.93890644350722,19.936189134465593,0.016081536513466707,0.0,0.0,0.0,0.008017881630924387,0.0,0.0,0.0,0.0
196,51.83026162911389,39.51601450243173,33.65285916147063,39.554518532457394,45.96710572238766,39.47751103817115,19.842029301344073,19.839460732745756,19.836892164159135,0.01625274598699765,0.0,0.0,0.0,0.008189080194947185,0.0,0.0,0.0,0.0
197,51.95412812183708,39.63987339943908,33.77671046276214,39.67626976214792,46.090964706658276,39.60347751523206,19.74293897945376,19.74051100953581,19.738083039627742,0.016423100999902462,0.0,0.0,0.0,0.008359424881390756,0.0,0.0,0.0,0.0
198,52.07737644995888,39.76311454762043,33.89994443100305,39.797518617152555,46.214205928643466,39.72871088278629,19.644349867477757,19.642054800129156,19.639759732788914,0.0165926058439171,0.0,0.0,0.0,0.008528919952253952,0.0,0.0,0.0,0.0
199,52.20000971727318,39.88574102801092,34.0225641244697,39.91826186247044,46.33683247145432,39.853220535828996,19.54625908273486,19.544089643115456,19.541920203503114,0.016761264787725036,0.0,0.0,0.0,0.008697569647774905,0.0,0.0,0.0,0.0
200,52.322031010961396,40.007755906278916,34.1445725873175,40.03849659356533,45.46383492332234,40.9720279876701,19.44866377787979,19.446613089360685,19.44456240084756,0.016929082077162386,0.0,0.0,3.539583330856855e-05,0.00749692607332382,0.0013192923027529613,0.0,0.0,0.0
201,52.44344340173724,40.12916223280276,34.26597284958933,40.10871772580874,44.74369893580937,41.98616182251119,19.351561139579715,19.34962270194594,19.34768426431722,0.017096061935417073,0.00016008933033712092,0.0,0.00013197176459169013,0.00650651476233155,0.0027140422365194566,0.0,0.0,0.0
202,52.564249943987505,40.24996304274692,34.38676792722739,40.13926786883514,44.15275640715352,42.90895663797313,19.254948387260193,19.25311605610649,19.251283724957062,0.017262208563222387,0.000326228074435872,0.0,0.0001739877278686755,0.005693784702071103,0.003983172565799199,0.0,0.0,0.0
203,52.684453675908834,40.37016135613794,34.50696082208811,40.13874599418501,43.67099024223866,43.7518396177112,19.158822771916707,19.157090739171167,19.155358706429247,0.017427526139045135,0.0004915381980915359,0.0,0.0001732699876565852,0.005031206151271415,0.005142399227777983,0.0,0.0,0.0
204,52.80405761964082,40.48976017793993,34.626554521960095,40.11428451867787,43.28147122128733,44.524616579575614,19.06318157498825,19.061544350502057,19.059907126018928,0.017592018819268695,0.000656023834065815,0.0,0.0001396278388875738,0.004495496159150125,0.006205208276591115,0.0,0.0,0.0
205,52.9230647813956,40.60876249812965,34.74555200058475,40.071783204621774,42.96988172559573,45.235714349892454,18.96802210728957,18.966474501434472,18.964926895581964,0.017755690738371188,0.0008196890945081706,0.0,8.117529255870226e-05,0.004066963539935915,0.007183189223461235,0.0,0.0,0.0
206,53.04147815158402,40.7271712917713,34.86395621767963,40.016106561817345,42.72411292353325,45.892386175684315,18.87334170799887,18.871878815217237,18.870415922437797,0.01791854600909909,0.0009825380710586293,0.0,4.602564979812318e-06,0.0037289548781381104,0.008086317542489299,0.0,0.0,0.0
207,53.15930070493871,40.84498951909089,34.981770118964135,39.95125040389446,42.53392408634004,46.50088585275918,18.779137743697934,18.77775492695327,18.776372110210463,0.01808058872263639,0.0011445748349500837,0.0,0.0,0.0034673859816423958,0.008923194151019082,0.0,0.0,0.0
208,53.276535400634025,40.962220125550246,35.098996636187536,39.88048233841248,42.39065445086012,47.06661537309916,18.685407607461887,18.684100483540472,18.682793359620625,0.01824182294876968,0.0013058034371100924,0.0,0.0,0.003270345603211787,0.009701248470789972,0.0,0.0,0.0
209,53.39318518240318,41.078866041920634,35.21563868715916,39.80646023178412,42.286979524402554,47.59425015529624,18.592148717995777,18.590913143612877,18.589677569231306,0.018402252736049077,0.001466227908262091,0.0,0.0,0.0031277602837577814,0.010426910658796543,0.0,0.0,0.0
210,53.50925297865258,41.19493018435603,35.33169917578054,39.73133206566411,42.21670497700391,48.087845296121095,18.49935851881553,18.498190577482138,18.49702263614987,0.01856188211194565,0.0016258522590262073,0.0,0.0,0.0030311108899969547,0.01110575773629377,0.0,0.0,0.0
211,53.62474170257361,41.31041545446605,35.44718099207956,39.65682007339569,42.174592323633824,48.550925752089654,18.407034477470823,18.405930467079273,18.404826456688678,0.018720715083005005,0.0017846804800195418,0.0,0.0,0.002973192873182283,0.011742637616543414,0.0,0.0,0.0
212,53.73965425225182,41.425324739388465,35.56208701224617,39.58429159856518,42.15621149308232,48.9865629122389,18.315174084807587,18.314130505896717,18.313086926986664,0.018878755634997565,0.001942716541955887,0.0,0.0,0.002947913505397158,0.01234177441623377,0.0,0.0,0.0
213,53.85399351077385,41.53966091186136,35.676420098669944,39.51481874010083,42.15781613654307,49.397439644661205,18.223774854267997,18.222788398930664,18.221801943594027,0.019036007733065574,0.002099964395745002,0.0,0.0,0.0029501203900150555,0.012906857914726844,0.0,0.0,0.0
214,53.96776234633204,41.653426830295025,35.79018309997909,39.44922852903388,42.17623816853601,49.7859055790362,18.13283432122592,18.131901862623685,18.130969404022036,0.01919247532186695,0.00225642797259145,0.0,0.0,0.0029754564226167346,0.013441119584760727,0.0,0.0,0.0
215,54.08096361232689,41.76662533884334,35.90337885108086,39.38814511202186,42.20879857378456,50.15402411644462,18.042350042355885,18.041468624807635,18.040587207259883,0.019348162325716248,0.002412111184092784,0.0,0.0,0.003020237122662056,0.013947397245587467,0.0,0.0,0.0
216,54.19360014746749,41.879259267474914,36.0160101732034,39.3320251884106,42.25323197119669,50.50361242853846,17.95231959503373,17.951486424646863,17.950653254260413,0.01950307264872274,0.0025670179223374126,0.0,0.0,0.0030813468854650056,0.014428190074292205,0.0,0.0,0.0
217,54.30567477586997,41.99133143204382,36.128079873938745,39.28118775454818,42.30762281306233,50.836275514241976,17.862740576767273,17.861953012581676,17.861165448396434,0.019657210174925818,0.0027211520600018413,0.0,0.0,0.0031561512362157026,0.014885705444365863,0.0,0.0,0.0
218,54.41719030715405,42.102844634360025,36.23959074728707,39.23583904582061,42.37035142485835,51.15343521812214,17.773610604655286,17.77286615027211,17.772121695889236,0.01981057876842786,0.0028745174504475543,0.0,0.0,0.0032424226179031818,0.015321898835004066,0.0,0.0,0.0
219,54.52814953653791,42.213801662259385,36.35054557370192,39.19609342885334,42.44004836785181,51.456354975794035,17.684927314873335,17.68422361054197,17.683519906210865,0.019963182273524574,0.003027117927817305,0.0,0.0,0.003338277625678447,0.015738507863747933,0.0,0.0,0.0
220,54.638555244931226,42.32420528967338,36.46094712013659,39.161990879623474,42.515555840797965,51.74616093431972,17.596688362184935,17.596023177323147,17.595357992461576,0.020115024514833033,0.0031789573071309557,0.0,0.0,0.0034421239221655714,0.016137081333611664,0.0,0.0,0.0
221,54.748410199026665,42.43405827669844,36.57079814009127,39.13351158456297,42.5958950350274,52.023859996225994,17.50889141947673,17.508262645600215,17.507633871723883,0.020266109297417526,0.003330039384380909,0.0,0.0,0.0035526153405373018,0.01651900404922789,0.0,0.0,0.0
222,54.85771715138979,42.54336336966497,36.6801013736612,39.11058811831967,42.68023852467496,52.29035525172132,17.42153417731634,17.42093982135531,17.420345465394437,0.020416440406913122,0.0034803679366269685,0.0,0.0,0.003668613912479246,0.01688551804095309,0.0,0.0,0.0
223,54.96647884054748,42.65212330120598,36.788859547585545,39.093115581327055,42.767886915433394,52.54645919257853,17.334614343531662,17.33405252151328,17.333490699495027,0.020566021609647364,0.003629946722090778,0.0,0.0,0.003789157752951959,0.017237740738072646,0.0,0.0,0.0
224,55.07469799107493,42.760340790325436,36.897075375297,39.080960020723076,42.858249094999245,52.79290504097501,17.2481296428105,17.2475985738871,17.24706750496381,0.020714856652759864,0.0037787794802497457,0.0,0.0,0.003913433898401944,0.017576680549485094,0.0,0.0,0.0
225,55.182377313681286,42.86801854246618,37.004751556972145,39.07396540777092,42.95082552968817,53.0303564756605,17.162077816319368,17.16157581712358,17.16107381792789,0.020862949264320127,0.003926869931930581,0.0,0.0,0.0040407553344044694,0.01790325024021258,0.0,0.0,0.0
226,55.28951950529398,42.97515924957765,37.111890779582374,39.07195940234486,43.045194137380335,53.25941599472879,17.07645662134045,17.07598210064932,17.075507579958273,0.021010303153443474,0.0040742217794023025,0.0,0.0,0.004170541566562783,0.01821827843281712,0.0,0.0,0.0
227,55.396127249141806,43.08176559018308,37.21849571694542,39.0747580990491,43.140998339424236,53.48063211779696,16.991263830925792,16.99081528461695,16.990366738308182,0.021156922010405338,0.004220838706468749,0.0,0.0,0.004302302188153938,0.01852251951264043,0.0,0.0,0.0
228,55.50220321483678,43.18784022944656,37.32456902977739,39.08216991911762,43.23793695541762,53.69450559952548,16.906497233567684,16.906073239851636,16.90564924613565,0.021302809506753853,0.004366724378560755,0.0,0.0,0.00443562298230471,0.01881666217332978,0.0,0.0,0.0
229,55.607750058454904,43.29338581923957,37.43011336574531,39.093998786537696,43.33575565662129,53.90149480028078,16.822154632884477,16.821753847797844,16.82135306271126,0.021447969295420907,0.0045118824428277,0.0,0.0,0.004570154167773267,0.019101336803171984,0.0,0.0,0.0
230,55.712770422615755,43.398404998207376,37.535131359520065,39.11004670512031,43.434239737603114,54.10202033761974,16.738233847320917,16.73785500046638,16.737476153611883,0.02159240501083161,0.004656316528228781,0.0,0.0,0.004705600457707952,0.01937712188233348,0.0,0.0,0.0
231,55.81726693656107,43.50290039183491,37.639625632829826,39.13011583489128,43.53320800278918,54.296469123545315,16.654732709862255,16.65437460038169,16.654016490901157,0.021736120269012393,0.004800030245623636,0.0,0.0,0.004841712651750742,0.019644549535344558,0.0,0.0,0.0
232,55.92124221623228,43.60687461251246,37.743598794513716,39.154010150676704,43.63250759595937,54.485197876622344,16.5716490677614,16.571310560529422,16.570972053297478,0.02187911866769761,0.004943027187862686,0.0,0.0,0.004978280524983038,0.01990411036135256,0.0,0.0,0.0
233,56.02469886434709,43.71033025960096,37.8470534405759,39.18153675266472,43.732009627248274,54.668536184610915,16.488980782278365,16.48866080430426,16.48834082633018,0.02202140378643487,0.005085310929876928,0.0,0.0,0.005115126813689676,0.02015625764619687,0.0,0.0,0.0
234,56.12763947047508,43.81326991949697,37.949992154239915,39.212506887670045,43.83160547464453,54.84678918189735,16.406725728431425,16.40642326545799,16.406120802484576,0.02216297918668901,0.005226885028767343,0.0,0.0,0.005252102128768393,0.02040141104471048,0.0,0.0,0.0
235,56.23006661111247,43.91569616569735,38.05241750600329,39.24673673049375,43.931203655954384,55.02023989636493,16.324881794759268,16.324595888047856,16.32430998133647,0.02230384841194495,0.005367753023893765,0.0,0.0,0.005389080653705337,0.020639959808398375,0.0,0.0,0.0
236,56.33198284975589,44.017611558863585,38.15433205369234,39.28404796689103,44.03072718324129,55.18915131217946,16.24344688309362,16.243176626385164,16.242906369676735,0.022444014987809083,0.0055079184369633966,0.0,0.0,0.005525956506105399,0.020872265622410235,0.0,0.0,0.0
237,56.433390736975454,44.11901864688582,38.255738342517255,39.32426821301015,44.130111325324805,55.35376818804354,16.162418908341753,16.16216344498413,16.161907981626534,0.02258348242210985,0.005647384772118881,0.0,0.0,0.005662640660431192,0.02109866510620642,0.0,0.0,0.0
238,56.534292810486924,44.219919964946534,38.35663890512722,39.367231300554984,44.22930171539983,55.514318664605824,16.08179579827837,16.081554318511003,16.08131283874366,0.022722254204996947,0.005786155516025862,0.0,0.0,0.00579905834538999,0.0213194720242465,0.0,0.0,0.0
239,56.6346915952231,44.32031803558394,38.45703626166584,39.412777452191186,44.328252750544976,55.67101568973668,16.001575493346323,16.00134723173342,16.001118970120537,0.022860333809039513,0.005924234137960158,0.0,0.0,0.005935146842759226,0.02153497924618719,0.0,0.0,0.0
240,56.73458960340452,44.420215368755024,38.556932919826586,39.46075336772547,44.42692623809933,55.82405828616129,15.921755946465725,15.921540179470034,15.92132441247436,0.022997724689323346,0.006061624089894517,0.0,0.0,0.0060708536257328,0.021745460490272817,0.0,0.0,0.0
241,56.83398933460934,44.51961446189832,38.65633137490836,39.51101223822401,44.52529025083055,55.9736326823614,15.842335122851027,15.842131166540383,15.841927210229754,0.02313443028354706,0.006198328806584878,0.0,0.0,0.006206134784420676,0.021951171878677442,0.0,0.0,0.0
242,56.932893275842574,44.61851779999634,38.75523410987116,39.56341370240194,44.623318158690644,56.11991332461743,15.763310999835593,15.763118207715006,15.762925415594434,0.023270454012117275,0.006334351705656292,0.0,0.0,0.006340953694211372,0.022152353329378066,0.0,0.0,0.0
243,57.03130390160463,44.71692785563767,38.85364359539179,39.61782375722919,44.72098780992229,56.263063785482544,15.6846815667034,15.68449932766582,15.684317088628253,0.023405799278242878,0.006469696187688306,0.0,0.0,0.006475279889538131,0.022349229805589454,0.0,0.0,0.0
244,57.129223673959174,44.81484708907885,38.9515622899196,39.67411463268922,44.81828083848027,56.40323758178806,15.606444824527484,15.606272560916727,15.606100297305979,0.02354046946802836,0.006604365636300041,0.0,0.0,0.006609088111367595,0.022542012440776416,0.0,0.0,0.0
245,57.22665504260038,44.91227794830581,39.048992639732305,39.732164638936936,44.91518207828491,56.54057891341656,15.528598786014777,15.528435951794483,15.528273117574198,0.02367446795056631,0.006738363418234708,0.0,0.0,0.006742357501615857,0.0227308995546969,0.0,0.0,0.0
246,57.32360044491952,45.00922286909509,39.14593707899173,39.79185799268169,45.01167906782993,56.67522333249464,15.451141475356978,15.450987554379807,15.450833633402645,0.023807798078029005,0.0068716928834438445,0.0,0.0,0.006875070921829943,0.022916077573750582,0.0,0.0,0.0
247,57.42006230607101,45.10568427507478,39.24239802979961,39.85308462842764,45.10776163120843,56.80729835130925,15.374070928087173,15.373925432458732,15.3737799368303,0.02394046318575921,0.007004357365171028,0.0,0.0,0.007007214376967975,0.023097721867053098,0.0,0.0,0.0
248,57.51604303903781,45.20166457778504,39.33837790225332,39.91573999920225,45.20342152377023,56.93692399610361,15.297385190941862,15.297247659474193,15.297110128006532,0.024072466592360148,0.007136360180035203,0.0,0.0,0.007138776528067672,0.02327599750807803,0.0,0.0,0.0
249,57.61154504469631,45.29716617673843,39.43387909450162,39.97972487056383,45.29865213244188,57.06421331293056,15.221082321728154,15.220952318477874,15.2208223152276,0.02420381159978477,0.007267704628113603,0.0,0.0,0.007269748280093025,0.0234510599703628,0.0,0.0,0.0
250,57.70657071188061,45.39219145947992,39.52890399280029,40.0449451109754,45.393448222278096,57.18927283090723,15.145160389195823,15.145037502082275,15.144914614968735,0.024334501493424088,0.007398393993024305,0.0,4.426455351254355e-05,0.007400122433363535,0.023623055764628115,0.0,0.0,0.0
251,57.80112241744633,45.48674280164651,39.623454971567746,40.11131148104387,45.48780572211394,57.31220298750269,15.06961747291397,15.069501312413033,15.069385151912105,0.024464539542195005,0.007528431542008204,0.0,0.00013553898601564862,0.007529893388759215,0.023792123023681055,0.0,0.0,0.0
252,57.89520252633384,45.580822567026686,39.71753439344058,40.178739423631974,45.58172154328674,57.43309851988231,14.994451663152091,14.994341861061471,14.994232058970859,0.02459392899862721,0.007657820526010828,0.0,0.0002282734114216478,0.007659056898406749,0.023958392040635365,0.0,0.0,0.0
253,57.98881339163101,45.67443310761948,39.81114460932899,40.24714885644039,45.675193426327134,57.55204882581188,14.91966106076528,14.919557269037393,14.919453477309512,0.024722673098949544,0.007786564179763492,0.0,0.000322357691622685,0.007787609854831928,0.024121985765267168,0.0,0.0,0.0
254,58.08195735463548,45.76757676369328,39.904287958472125,40.31646396831625,45.768219811305215,57.669138297179344,14.845243777083361,14.8451456667221,14.845047556360846,0.02485077506317558,0.00791466572186425,0.0,0.0004176875626677873,0.007915550112645178,0.02428302026271109,0.0,0.0,0.0
255,58.1746367449164,45.86025586384434,39.99696676849334,40.38661302026108,45.86079972818314,57.78444662880978,14.771197933803766,14.771105193821661,14.771012453839566,0.024978238095188607,0.008042128354858333,0.0,0.0005141643610867691,0.00804287633774231,0.02444160513817724,0.0,0.0,0.0
256,58.266853880375734,45.952472725054996,40.08918335545531,40.457528151876105,45.952932704088475,57.898049104921405,14.697521662887937,14.697433999320397,14.697346335752867,0.025105065382825836,0.008168955265318203,0.00010510592024198795,0.0006116947576922591,0.008169587879776424,0.024597843930917282,0.0,0.0,0.0
257,58.35861106730914,46.044229652751575,40.18094002391508,40.52914519378916,46.04461868489828,58.01001686528829,14.624213106461097,14.624130241434608,14.624047376408129,0.025231260097962255,0.008295149623923234,0.0002312999223156309,0.000710190499608257,0.008295684664311603,0.024751834480281176,0.0,0.0,0.0
258,58.449910600466296,46.13552894086206,40.27223906697889,40.601403486447836,46.13585796892672,58.120417152932625,14.551270416715202,14.55119208756653,14.551113758417866,0.02535682539659348,0.008420714585538946,0.0003568645469158513,0.0008095681610542499,0.008421167101622759,0.024903669266371192,0.0,0.0,0.0
259,58.54075476311091,46.2263728718734,40.36308276635695,40.67424570553239,46.226651150849186,58.22931354495961,14.478691755814907,14.478617714258515,14.478543672702132,0.025481764418918376,0.008545653289295949,0.00048180293210493136,0.0009097489032336217,0.008546036009573793,0.025053435727511744,0.0,0.0,0.0
260,58.63114582708021,46.3167637168886,40.453473392418054,40.74761769413548,46.31699907428416,58.336766167967156,14.406475295806413,14.406405307147452,14.406335318488502,0.025606080289420838,0.008669968858668317,0.0006061182003471999,0.001010658243528438,0.00867029254840293,0.025201216556504882,0.0,0.0,0.0
261,58.721086052844065,46.4067037356835,40.54341320424399,40.82146830176892,46.40690279169729,58.44283189930527,14.334619218529017,14.334553060919403,14.334486903309799,0.02572977611695107,0.008793664401551757,0.0007298134585838542,0.0011122258340836785,0.008793938165578274,0.02534708997742463,0.0,0.0,0.0
262,58.81057768956367,46.496195176763244,40.63290444968388,40.89574923018818,46.49636353049835,58.54756455532417,14.26312171552927,14.263059179264468,14.262996642999676,0.02585285499480637,0.008916743010341302,0.0008528917983076437,0.001214385249767816,0.00891697454917062,0.02549113000451675,0.0,0.0,0.0
263,58.89962297514985,46.58524027741852,40.721949365408264,40.97041488596945,46.58538266437577,58.651015067631334,14.19198098797757,14.191921874831884,14.191862761686208,0.025975320000811222,0.009039207762008561,0.0009753562956373238,0.0013170737854203834,0.00903940358842946,0.025633406684607146,0.0,0.0,0.0
264,58.98822413632095,46.6738412637815,40.81055017696311,41.04542223973019,46.673961689060924,58.75323164827436,14.121195246587092,14.121139369185332,14.121083491783581,0.026097174197397016,0.009161061718178723,0.001097210011391854,0.0014202322622364066,0.009161227340451383,0.025773986324279685,0.0,0.0,0.0
265,59.07638338866034,46.76200035088144,40.8987090988236,41.120730691850014,46.7621022018389,58.854259944676386,14.05076271153494,14.050709892758487,14.050657073982043,0.026218420631681033,0.00928230792520704,0.0012184559911644494,0.0015238048430907258,0.00928244800200094,0.025912931702960745,0.0,0.0,0.0
266,59.164102936673565,46.84971974270012,40.98642833444772,41.196301944522354,46.84980588422775,58.954143185071224,13.980681612385391,13.98063168481077,13.980581757236157,0.026339062335545144,0.009402949414254985,0.0013390972653962302,0.0016277388565692497,0.009403067885689259,0.026050302272937753,0.0,0.0,0.0
267,59.25138497384509,46.93700163222689,41.07371007632975,41.272099879948094,46.93707448733761,59.05292231511594,13.910950188015146,13.910902993383331,13.910855798751525,0.026459102325713774,0.009522989201366072,0.0014591368494498089,0.0017319846294471947,0.009523089399838272,0.02618615434724407,0.0,0.0,0.0
268,59.3382316826947,47.02384820151355,41.16055650605346,41.348090444468276,47.02390981949623,59.15063612629712,13.841566686540482,13.841522075255254,13.841477463970037,0.026578543603831467,0.009642430287541262,0.0015785777436824466,0.0018364953273355203,0.009642515031461948,0.026320541276257603,0.0,0.0,0.0
269,59.42464523483353,47.110261621728846,41.24696979434522,41.42424153842346,47.1103137357913,59.24732137669277,13.77252936524621,13.772487195899972,13.772445026553743,0.026697389156540047,0.009761275658813878,0.0016974229335191132,0.0019412268032031818,0.009761347331883705,0.026453513613786075,0.0,0.0,0.0
270,59.51062779101976,47.19624405321278,41.33295210112688,41.5005229115218,47.19628812923389,59.34301290460366,13.703836490516364,13.703796629441904,13.703756768367455,0.026815641955555095,0.009879528286324421,0.0018156753895251787,0.002046137453475684,0.009879588904583486,0.026585119273345434,0.0,0.0,0.0
271,59.59618150121393,47.28179764553064,41.41850557556842,41.576906063494775,47.28183492329301,59.43774373552512,13.635486337766508,13.635448658613312,13.635410979460127,0.02693330495774207,0.009997191126394758,0.0019333380674788556,0.0021511880814057485,0.009997242394930342,0.026715403675279484,0.0,0.0,0.0
272,59.68130850463394,47.366924537526664,41.503632356140464,41.65336414981949,47.366956065589605,59.53154518289189,13.56747719137762,13.567441574711365,13.567405958045125,0.027050381105191992,0.010114267120601969,0.002050413908443398,0.002256341767412115,0.010114310481509764,0.026844409885315362,0.0,0.0,0.0
273,59.76601092980971,47.4516268573776,41.588334570666554,41.72987189228777,47.45165352257125,59.624446942994766,13.499807344631447,13.499773677555426,13.499740010479417,0.02716687332529652,0.010230759195852049,0.002166905838839002,0.0023615637460841638,0.010230795868799741,0.02697217874510356,0.0,0.0,0.0
274,59.85029089463751,47.53590672264585,41.67261433637525,41.80640549420566,47.53592927501622,59.716477184436656,13.432475099647279,13.43244327544454,13.432411451241812,0.027282784530822807,0.010346670264452934,0.0022828167705144856,0.002466821289554867,0.010346701280987441,0.02709874899524782,0.0,0.0,0.0
275,59.934150506433944,47.61976624033244,41.75647375995199,41.88294256001104,47.6197853142389,59.807662632468364,13.365478767320067,13.365448685115146,13.365418602910234,0.02739811761998759,0.010462003224187374,0.0023981496008185638,0.002572083596949881,0.010462029456750427,0.02722415739129312,0.0,0.0,0.0
276,60.01759186198962,47.703207506929665,41.83991493759077,41.95946201910244,47.703223638888375,59.89802864851919,13.29881666725983,13.298788231698998,13.298759796138173,0.027512875476531154,0.010576760958385362,0.002512907212670973,0.002677321689628552,0.010576783144853816,0.027348438813105044,0.0,0.0,0.0
277,60.10061704762254,47.78623260847355,41.922939955045635,42.03594405367806,47.786246252248745,59.987599305214864,13.232487127732275,13.232460248681287,13.232433369630307,0.027627060969790646,0.010690946335996224,0.002627092474633247,0.0027825083119399838,0.010690965100437266,0.02747162636804279,0.0,0.0,0.0
278,60.183228139231105,47.86884362059596,42.0055508876819,42.112370030390444,47.86885515996355,60.076397457154904,13.16648848560059,13.166463077858985,13.16643767011739,0.027740676954773016,0.010804562211660387,0.0027407082409791894,0.002887617837226991,0.010804578081885424,0.02759375148830008,0.0,0.0,0.0
279,60.26542720234687,47.9510426085765,42.08774980052721,42.18872243562903,47.95105236811903,60.164444807702445,13.10081908626835,13.100795069299384,13.100771052330424,0.027853726272227597,0.010917611425780627,0.0028537573517650877,0.002992626178819416,0.010917624848191781,0.027714844022762017,0.0,0.0,0.0
280,60.34721629218698,48.032831627394145,42.169538748322395,42.264984814249836,48.03283988163076,60.25176197202284,13.035477283623491,13.035454581298849,13.035431878974213,0.027966211748718176,0.011030096804593187,0.0029662426328996433,0.003097510705768379,0.011030108156739785,0.027834932323702724,0.0,0.0,0.0
281,60.42859745370628,48.11421272177863,42.25091977557205,42.341141711578736,48.11421970288679,60.33836853659134,12.970461439983286,12.970439980341776,12.970418520700274,0.028078136196694678,0.011142021160238408,0.003078166896213562,0.003202250163082697,0.0111420307614368,0.027954043328627012,0.0,0.0,0.0
282,60.509572721649185,48.195187926261546,42.33189491659497,42.41717861852186,48.19519383060782,60.42428311537593,12.905769926040303,12.905749641059757,12.905729356079217,0.028189502414564527,0.011253387290831002,0.00318953293952888,0.0033068245962386,0.01125339541114638,0.028072202637539304,0.0,0.0,0.0
283,60.590144120601174,48.27575926522723,42.41246619557434,42.493081919623805,48.27576425889071,60.50952340288813,12.841401120809282,12.841381946190939,12.8413627715726,0.028300313186763404,0.011364197980530025,0.003300343546728049,0.0034112152797435916,0.011364204848372875,0.02818943458590488,0.0,0.0,0.0
284,60.670313665040055,48.35592875296334,42.49263562660768,42.56883884392151,48.355932976407196,60.59410622428228,12.777353411574907,12.777335286539598,12.777317161504293,0.02841057128382586,0.011474455999608502,0.0034106014878225455,0.003515404649545195,0.011474461808159434,0.02830576231355214,0.0,0.0,0.0
285,60.75008335938694,48.435698393711256,42.57240521375663,42.644437418448405,48.43570196573369,60.67804758267265,12.71362519384041,12.713608060935908,12.713590928031408,0.028520279462455278,0.011584164104522648,0.0035203095190214223,0.003619376239084704,0.011584169017166204,0.028421207829748316,0.0,0.0,0.0
286,60.8294551980569,48.515070181716155,42.65177695109647,42.719866424250284,48.51507320279201,60.76136270382713,12.650214871277003,12.650198676195908,12.650182481114816,0.02862944046559368,0.011693325037980817,0.0036294703827993505,0.0037231146188052983,0.011693329192901197,0.028535792074667207,0.0,0.0,0.0
287,60.908431165509356,48.59404610127687,42.73075282276544,42.79511535478106,48.59404865638381,60.84406607838669,12.58712085567408,12.587105547081679,12.58709023848928,0.02873805702249095,0.011801941529012011,0.0037380868079644816,0.0038266053389332255,0.011801945043079992,0.02864953497745408,0.0,0.0,0.0
288,60.98701323629822,48.67262812679548,42.80933480301382,42.87017437655257,48.67263028780429,60.926171501750574,12.52434156689016,12.524327096261706,12.524312625633254,0.028846131848773784,0.011910016293034148,0.0038461615097259497,0.003929834875359049,0.01191001926509444,0.028762455511080295,0.0,0.0,0.0
289,61.06520337512172,48.75081822282675,42.88752485625285,42.94503429191922,48.75082005052286,61.00769211175915,12.461875432804545,12.461861754271448,12.461848075738352,0.02895366764651429,0.012017552031922007,0.00395369718976115,0.004032790578454945,0.012017554545573503,0.02887457174416888,0.0,0.0,0.0
290,61.143003536871966,48.828618344127136,42.96532493710337,43.01968650388379,48.8286198899205,61.08864042429809,12.399720889269673,12.399707959474103,12.399695029678531,0.02906066710429807,0.01212455143407462,0.004060696536282597,0.004135460624671697,0.012124553560022039,0.028985900889961447,0.0,0.0,0.0
291,61.22041566668427,48.90603043570373,43.04273699044424,43.094122982816664,48.906031743074855,61.16902836694063,12.337876380064111,12.337864158021564,12.337851935979014,0.0291671328972921,0.012231017174482633,0.004167162224104584,0.004237833970767289,0.012231018972525196,0.029096459352586715,0.0,0.0,0.0
292,61.297441699986145,48.98305643286283,43.119762951460594,43.168336234986064,48.98305753858583,61.24886731073758,12.276340356846186,12.276328803815572,12.276317250784956,0.029273067687312124,0.012336951914795086,0.004273096914709493,0.004339900310526168,0.012336953435508655,0.029206262770781755,0.0,0.0,0.0
293,61.3740835625461,49.05969826125841,43.196404745691794,43.242319272802256,49.05969919643535,61.32816810025859,12.215111279108221,12.215100358469067,12.215089437829914,0.029378474122889714,0.012442358303386025,0.004378503256313768,0.004441650033835759,0.012442359589545635,0.02931532605920796,0.0,0.0,0.0
294,61.45034317052212,49.13595783694016,43.27266428907925,43.31606558668348,49.135958627875965,61.406941081981984,12.154187614131356,12.154177291267729,12.154166968404102,0.029483354839339018,0.01254723897542065,0.004483383883933677,0.004543074187993358,0.012547240063203763,0.029423663447496085,0.0,0.0,0.0
295,61.52622243050994,49.21183706640142,43.34854348801397,43.389569118456414,49.21183773534377,61.48519613112505,12.093567836940926,12.093558079131704,12.09354832132248,0.02958771245882308,0.012651596552921182,0.0045877414194507166,0.004644164441123477,0.012651597472925297,0.029531288517146065,0.0,0.0,0.0
296,61.60172323959102,49.28733784662691,43.42404423938388,43.462824236208306,49.287338412391996,61.5629426770014,12.033250430262378,12.033241206577529,12.033231982892678,0.029691549590419877,0.012755433644832559,0.004691578471676672,0.004744913047591698,0.01275543442293578,0.029638214236401464,0.0,0.0,0.0
297,61.67684748538025,49.36246206514006,43.49916843062095,43.5358257105123,49.36246254364187,61.64018972698697,11.973233884477702,11.973225165680251,11.973216446882796,0.02979486883018788,0.012858752847087443,0.004794897636418452,0.004845312815307076,0.012858753505176485,0.029744452993210033,0.0,0.0,0.0
298,61.751597046073464,49.43721160005024,43.573917939748085,43.608568691951746,49.43721200474821,61.71694588917172,11.913516697582375,11.913508456035721,11.913500214489064,0.029897672761231425,0.012961556742671285,0.004897701496542582,0.004945357074811092,0.012961557299257062,0.029850016626376985,0.0,0.0,0.0
299,61.825973790494665,49.51158832009972,43.648294635425835,43.68104868987307,49.51158866237731,61.793219393769725,11.854097375142768,11.854089584723088,11.854081794303404,0.029999963953765682,0.01306384790168684,0.004999992622039408,0.005045039650056211,0.01306384837242515,0.02995491645501043,0.0,0.0,0.0
300,60.904967098950294,49.58559408471037,43.722300376998824,43.75326155230054,49.58559437419527,60.87400563416356,11.794974430254033,11.794967066267473,11.794959702280911,0.028733292851887596,0.013165628881418395,0.005101773570087002,0.005144354830782419,0.013165629279550312,0.028690711193060117,0.0,0.0,0.0
301,60.038056437985006,49.609728252342705,43.79593701454199,43.82520344694994,49.60972849717762,60.00878976074201,11.736146383498435,11.736139422602838,11.73613246170724,0.027541020643405106,0.013198820879900514,0.0052030468851147135,0.005243297346405128,0.013198821216624787,0.02750076984539024,0.0,0.0,0.0
302,59.219799548178095,49.59187479287867,43.86674360905763,43.89440806343231,49.5918749999504,59.192134886731566,11.67761176290411,11.677605183035025,11.677598603165938,0.026415662526307088,0.013174266811641008,0.005300428009398367,0.005338475251863969,0.013174267096429132,0.02637761499905318,0.0,0.0,0.0
303,58.44544430171382,49.53870070084199,43.93278616120404,43.95893632497221,49.538700875975096,58.41929396281243,11.619369103904255,11.619362884204998,11.619356664505737,0.025350682844520786,0.013101135870932507,0.005391257091386756,0.005427221712554678,0.013101136111795073,0.025314717982490118,0.0,0.0,0.0
304,57.710830380574244,49.45584370570954,43.99256822231297,44.01728698334409,49.45584385383022,57.68611147142232,11.56141694929671,11.56141107005225,11.561405190807788,0.02434035986479896,0.012987181692003857,0.005473476048005202,0.0055074720445162095,0.012987181895715919,0.02430636366457571,0.0,0.0,0.0
305,57.012305675390564,49.3480710298745,44.044955737099194,44.068321446379635,49.34807115514913,56.98893984083538,11.503753849203937,11.503748291778411,11.503742734352885,0.023379670799098015,0.012838960690673862,0.005545525199969183,0.005577660328836477,0.012838960862965515,0.02334753549793893,0.0,0.0,0.0
306,56.34665515877393,49.21941365985403,44.08911389864847,44.111200618584235,49.219413765806365,56.32456833288572,11.446378361033384,11.446373107811022,11.446367854588658,0.02246419398325135,0.012662016729088427,0.005606256427722521,0.005636632547825399,0.012662016874805893,0.02243381771743086,0.0,0.0,0.0
307,55.71104033206453,49.07327990756385,44.1244541399227,44.145331879056386,49.07327999717416,55.69016250332042,11.38928904943821,11.389284083767492,11.389279118096775,0.021590025597386528,0.012461037297848254,0.005654860268244466,0.00568357366313723,0.012461037421090337,0.02156131207925152,0.0,0.0,0.0
308,55.102947636397566,48.912551455947366,44.150589676595956,44.17032461148071,48.912551531736234,55.083212625723846,11.332484486278364,11.33247979241925,11.332475098560135,0.02075370871507061,0.012239985608667986,0.005690804772600429,0.005717946455658179,0.012239985712901288,0.020726566927779425,0.0,0.0,0.0
309,54.520144465981765,48.73966459056191,44.167298261723246,44.18595294665586,48.73966465466114,54.50148971694982,11.275963250582027,11.275958813656052,11.275954376730075,0.019952172807865903,0.012002212313111535,0.005713784282009332,0.005739440284876329,0.012002212401267948,0.019926516716842355,0.0,0.0,0.0
310,53.96064163045147,48.556678902031294,44.17449102047164,44.19212458574881,48.5566789562439,53.943008010961606,11.219723928507364,11.219719734450486,11.219715540393606,0.019182682119370797,0.01175054998986573,0.0057236765658906785,0.005747928211144428,0.01175055006442495,0.019158430399557697,0.0,0.0,0.0
311,53.42266128994987,48.36533539185074,44.17218640877031,44.188854748095686,48.36533543770162,53.40599290477352,11.163765113304628,11.16376114882264,11.163757184340653,0.018442791565970756,0.01148739305832247,0.005720507006896233,0.005743431165790618,0.011487393121381709,0.018419867344017002,0.0,0.0,0.0
312,52.904609536186314,48.16710561596468,44.16048848821581,44.176244435851274,48.16710565474354,52.88885354977189,11.10808540527856,11.108081657804963,11.108077910331366,0.017730309027250854,0.011214765366306903,0.005704418722137304,0.005726088058240687,0.011214765419639908,0.0177086396378143,0.0,0.0,0.0
313,52.40505291927933,47.963233248446166,44.13956883509239,44.15446233331451,47.96323328124379,52.39015938825948,11.052683411751122,11.052679869407276,11.05267632706343,0.017043263063092867,0.010934377353083946,0.005675647682452108,0.005696130881952213,0.010934377398190892,0.017022779818485656,0.0,0.0,0.0
314,51.92269832729571,47.75476923439684,44.109651507477935,44.123729764869985,47.754769262135774,51.90862004216462,10.997557747024501,10.997554398581986,10.99755105013947,0.016379875241773867,0.010647674395546244,0.005634502037493647,0.005653864026898318,0.010647674433695922,0.01636051321421937,0.0,0.0,0.0
315,51.45637571602502,47.54260152086232,44.07100058410139,44.08430822518228,47.542601544322814,51.44306805148353,10.942707032344435,10.94270386718945,10.942700702034466,0.01573853638802629,0.010355877697484167,0.005581344977776875,0.0055996471297005135,0.010355877729749649,0.015720234203837016,0.0,0.0,0.0
316,51.00502326322573,47.32748020204676,44.02390986443158,44.03648907109565,47.32748022188871,50.9924440367196,10.8881298958638,10.888126903963528,10.888123912063255,0.015117786165501856,0.010060018872088822,0.005516580569092322,0.005533880896779635,0.010060018899377687,0.015100485810525519,0.0,0.0,0.0
317,50.56767458649059,47.11003878612231,43.968694383554144,43.98058502876993,47.11003880290386,50.555783924493156,10.833824972606497,10.833822144477294,10.833819316348093,0.014516295497354711,0.009760969190439811,0.005440642082818706,0.0054569954240221916,0.009760969213519669,0.014499942133071222,0.0,0.0,0.0
318,50.1434477188193,46.8908121818366,43.90568344954545,43.91692322373693,46.89081219602977,50.13220793043456,10.779790904431591,10.779788231108935,10.779785557786278,0.013932851404219598,0.009459464318693503,0.00535398242014315,0.005369440610936652,0.009459464338213541,0.013917393193905933,0.0,0.0,0.0
319,49.73153558249288,46.67025191085452,43.835214956812656,43.84583948732341,46.67025192285854,49.720911039978006,10.726026339997736,10.726023813007801,10.726021286017867,0.013366343902821695,0.00915612523979177,0.005257066291132338,0.005271678330211478,0.009156125256301037,0.01335173184723315,0.0,0.0,0.0
320,49.33119774121389,46.448738973735615,43.757630767534515,43.767673731553295,46.44873898388814,49.321154767042486,10.672529934727834,10.672527546060639,10.672525157393446,0.012815754662600182,0.008851475948188733,0.0051503638627748705,0.005164176066764899,0.00885147596215162,0.012801942444647121,0.0,0.0,0.0
321,48.94175324380972,46.22659473144901,43.67327298600391,43.68276621730943,46.22659474003561,48.9322600039175,10.619300350773974,10.61929809285799,10.619295834942008,0.012280147163570912,0.008545958415323462,0.005034345635041709,0.005047401785304835,0.008545958427132697,0.012267091001498392,0.0,0.0,0.0
322,48.562574401020356,46.00409010850812,43.582480978268144,43.59145456813134,46.004090115770325,48.553600803894845,10.566336256982604,10.566334122660752,10.566331988338902,0.011758658137471123,0.008239945246797067,0.004909478341963147,0.004921819823370581,0.008239945256784856,0.011746316646075741,0.0,0.0,0.0
323,48.19308136079495,45.78145337659784,43.48558901277029,43.49407140533378,45.78145338273992,48.184598962089275,10.513636328859945,10.51363431136691,10.51363229387388,0.011250490107102315,0.00793375038728475,0.004776221706775732,0.004787887638884145,0.00793375039573202,0.011238824166546466,0.0,0.0,0.0
324,47.83273736776691,45.55887673763803,43.382924417377744,43.39094249981469,45.55887674283275,47.82471928013513,10.46119924853765,10.461197341478439,10.461195434419233,0.01075490486663179,0.007627638174298762,0.004635025907262391,0.004646053268310468,0.0076276381814431304,0.010743877498439192,0.0,0.0,0.0
325,47.48104460972805,45.336521891457835,43.274806164803145,43.28238535254135,45.33652189585132,47.47346541759625,10.409023704738686,10.409021902068359,10.409020099398036,0.010271217769200786,0.0073218309954749955,0.004486329630265573,0.004496753374383648,0.007321831001517405,0.010260794019040148,0.0,0.0,0.0
326,47.1375405684543,45.114524744693874,43.16154381245201,43.16870812973316,45.1145247484097,47.1303762474572,10.357108392743465,10.357106688747967,10.357104984752475,0.009798792708173062,0.007016515764774793,0.004330558613647499,0.004340411781651635,0.007016515769885212,0.009788939535058341,0.0,0.0,0.0
327,46.80179480455106,44.89299939336946,43.04343673457175,43.050208890601276,44.89299939651215,46.79502264537872,10.305452014356174,10.305450403634227,10.305448792912287,0.009337037695295688,0.006711849399772048,0.004168124590255846,0.004177438414377607,0.006711849404094236,0.009327723866851587,0.0,0.0,0.0
328,46.47340611642598,44.67204149118207,42.92077359456724,42.92717505549599,44.672041493840034,46.46700465283915,10.254053277871337,10.25405175531732,10.254050232763312,0.008885400953401665,0.0064079634540977,0.003999424562193286,0.004008228565076967,0.006407963457753227,0.008876596946862297,0.0,0.0,0.0
329,46.15200002234868,44.45173109824707,42.79383201377522,42.79988307074117,44.451731100495074,46.14594896313463,10.202910898040598,10.202909458828362,10.202908019616135,0.00844336745345764,0.006104968035349725,0.0038248403452791346,0.0038331624335603,0.006104968038441433,0.008435045362084628,0.0,0.0,0.0
330,45.83722652206466,44.232135090431925,42.66287840009624,42.66859823354183,44.23213509233319,45.8315066867177,10.152023596039705,10.152022235607276,10.152020875174857,0.008010455836085784,0.005802955118678274,0.0036447383333648303,0.0036526048861267174,0.005802955121293099,0.008002589280708919,0.0,0.0,0.0
331,45.52875810080014,44.013309197055264,42.52816790587273,42.53357464634172,44.01330919866328,45.52335135872303,10.101390099435713,10.101388813470834,10.10138752750596,0.00758621566644864,0.005502001349256588,0.0034594694404032483,0.0034669053927913265,0.005502001351468111,0.007578779711848907,0.0,0.0,0.0
332,45.226287943900815,43.79529972427175,42.38994448944963,42.39505527505612,43.79529972563174,45.221177156934246,10.05100914215439,10.051007926580843,10.051006711007298,0.0071702249788213185,0.005202170412472076,0.0032693691851136686,0.003276398107373485,0.00520217041434249,0.007163196054690971,0.0,0.0,0.0
333,44.92952833493744,43.57814501262232,42.2484410591048,42.25327208985655,43.57814501377255,44.92469730303538,10.000879464447811,10.000878315412505,10.000877166377201,0.006762088073487618,0.004903515038511913,0.00307475788893094,0.0030814020611195994,0.004903515040093835,0.006755443899716933,0.0,0.0,0.0
334,44.63820921401015,43.36187666975229,42.10387968161486,42.10844627076318,43.36187667072511,44.633642623888946,9.950999812862177,9.950998726722933,9.95099764058369,0.006361433533959397,0.004606078697734432,0.0028759409628485166,0.002882221445456766,0.004606078699072362,0.006355153050013128,0.0,0.0,0.0
335,44.35207687629706,43.146520612975195,41.95647184073319,41.960788463312014,43.14652061379797,44.3477602528954,9.901368940205808,9.90136791351981,9.901366886833815,0.005967912437075451,0.004309897034519207,0.0026732092629061788,0.002679145963614772,0.004309897035650774,0.0059619757352352,0.0,0.0,0.0
336,44.070892793710065,42.9320979510119,41.806418733387325,41.81049907209547,42.93209795170776,44.066812454306,9.851985605517333,9.851984635030222,9.851983664543114,0.0055811967324112255,0.004014999079932961,0.0024668394975537675,0.002472451234335843,0.004014999080889987,0.005575584994672041,0.0,0.0,0.0
337,43.79443254491812,42.71862572971045,41.65391159353034,41.65776858210219,42.71862573029899,43.79057555575768,9.802848574034082,9.802847656669634,9.802846739305192,0.005200977770727484,0.003721408277326685,0.0022570946730476604,0.002262399233816971,0.003721408278136107,0.005195673209148675,0.0,0.0,0.0
338,43.52248484103906,42.506117562726516,41.49913203536504,41.50277789956736,42.50611756322427,43.518838976338934,9.753956617160648,9.753955750011029,9.753954882861414,0.004826964963993048,0.003429143349717667,0.0020442245654910055,0.0020492387644852755,0.0034291433504022376,0.004821950764314145,0.0,0.0,0.0
339,43.254850636040004,42.294584164907775,41.34225240915759,41.34569870554217,42.29458416532876,43.2514043392344,9.70530851243765,9.705307692754193,9.70530687307074,0.004458884561908273,0.0031382190333592436,0.0018284662101882912,0.0018332059412661736,0.003138219033938225,0.004454144830251347,0.0,0.0,0.0
340,42.99134231236899,42.084033803389644,41.18343616411068,41.1866938166458,42.0840338037457,42.988084659477785,9.656903043510667,9.65690226869516,9.656901493879658,0.004096478531894834,0.002848646698137884,0.0016100444007089432,0.0016145246877297403,0.002848646698627569,0.004091998244384304,0.0,0.0,0.0
341,42.73178293360592,41.87447267909429,41.022838213816044,41.02591754851281,41.87447267939542,42.72870359860799,9.608739000099353,9.608738267695811,9.608737535292272,0.0037395035312579664,0.0025604348722532075,0.0013891721914984292,0.0013934072359440483,0.0025604348726673554,0.003735268486398158,0.0,0.0,0.0
342,42.47600555700183,41.665905249367675,40.860605300682536,40.86351607832586,41.665905249622355,42.47309477910379,9.56081517796674,9.560814485653609,9.56081379334048,0.0033877299617138396,0.002273589685944419,0.0011660513990803742,0.001170054625070631,0.0022735896862946803,0.003383726735373266,0.0,0.0,0.0
343,42.22385259969985,41.458334500833665,40.696876356467534,40.6996278035555,41.458334501049066,42.22110115239645,9.513130378888702,9.513129724471506,9.513129070054315,0.0030409410977459347,0.001988115246749675,0.0009408730978995306,0.0009446571947434174,0.001988115247045917,0.0030371570006057502,0.0,0.0,0.0
344,41.975175253222744,41.25176218014365,40.53178285664818,40.53438369463784,41.25176218032582,41.97257441505087,9.465683410623605,9.465682792027993,9.465682173432384,0.0026989322813429917,0.0017040139568587423,0.0007138181076926375,0.0007173950701104062,0.001704013957109285,0.002695355318674625,0.0,0.0,0.0
345,41.72983294149025,41.04618898911597,40.365449166874896,40.36790763982723,41.046188989270036,41.72737446838381,9.41847308688212,9.418472502147283,9.41847191741245,0.0023615101766040897,0.0014212867814904634,0.0004850574699699281,0.0004884386361135168,0.0014212867817023495,0.0023581290102485525,0.0,0.0,0.0
346,41.487692818211826,40.841614749757845,40.197992880169046,40.20031678088068,40.84161474988815,41.485368917369854,9.371498227297211,9.371497674569675,9.371497121842141,0.002028492078497035,0.001139933475849314,0.0002547529117669506,0.0002579489991592354,0.0011399334760285249,0.002025295990925491,0.0,0.0,0.0
347,41.24862930000117,40.638038543815085,40.0295251438729,40.03172183857744,40.63803854392529,41.2464326051864,9.324757657394287,9.324757134922029,9.324756612449775,0.0016997052707454288,0.0008599527770497412,2.305729530262257e-05,2.6078434809458095e-05,0.0008599527772013074,0.0016966841310869854,0.0,0.0,0.0
348,41.01252363198984,40.43545883077855,39.86015097564571,39.86222742736299,40.43545883087176,41.010447180179334,9.278250208561516,9.278249714688421,9.27824922081533,0.0013749864284120644,0.000581342566411798,0.0,0.0,0.0005813425665399871,0.001372130660341149,0.0,0.0,0.0
349,40.77926348308928,40.23387354767027,39.68996956803359,39.691932358640805,40.233873547749106,40.777300692403216,9.231974718020322,9.231974251180922,9.231973784341529,0.0010541810612581318,0.0003041000066981367,0.0,0.0,0.0003041000068065569,0.001051481612639682,0.0,0.0,0.0
350,40.548742568371885,40.03328019341963,39.51907458133227,39.520929932427,40.0332801934863,40.54688721721046,9.185930028796014,9.185929587510536,9.185929146225066,0.0007371429943995728,2.8221658157558116e-05,0.0,0.0,2.822165824924866e-05,0.0007345913085957806,0.0,0.0,0.0
351,40.32086029631997,39.833675900206465,39.347554424616824,39.34930821723806,39.833675900262854,40.31910650364233,9.140114989688602,9.140114572558272,9.14011415542795,0.00042373388316449545,0.0,0.0,0.0,0.0,0.00042132187191219056,0.0,0.0,0.0
352,40.09552143893308,39.635057493781524,39.175492524937745,39.177150318207396,39.63505749382921,40.09386364561573,9.09452845524376,9.09452806094637,9.094527666648988,0.00011382275938798952,0.0,0.0,0.0,0.0,0.00011154277716064753,0.0,0.0,0.0
353,39.87263582289395,39.43742154446429,39.00296758478267,39.0045346335267,39.43742154450462,39.87106877410957,9.049169285723947,9.049168913009666,9.04916854029539,0.0,0.0,0.0,0.0,0.0,0.0,0.0,0.0,0.0
354,39.652118040176646,39.24076441025644,38.83005382798232,38.83153509938735,39.24076441029055,39.65063676873749,9.00403634707969,9.004035994767097,9.004035642454511,0.0,0.0,0.0,0.0,0.0,0.0,0.0,0.0,0.0
355,39.433887176640454,39.04508227328686,38.656821234300956,38.65822142365908,39.045082273315714,39.432486987253476,8.959128510921014,8.959128177893358,8.95912784486571,0.0,0.0,0.0,0.0,0.0,0.0,0.0,0.0,0.0
356,39.217866557293135,38.85037117061705,38.483335762998884,38.48465930859066,38.85037117064146,39.216543011676954,8.914444654489028,8.91444433969069,8.914444024892356,0.0,0.0,0.0,0.0,0.0,0.0,0.0,0.0,0.0
357,39.003983507030604,38.65662702027672,38.30965956569022,38.310910662853,38.656627020297364,39.002732409847184,8.869983660627668,8.869983363060808,8.86998306549395,0.0,0.0,0.0,0.0,0.0,0.0,0.0,0.0,0.0
358,38.79216912576858,38.46384564326544,38.13585118884444,38.13703380327064,38.4638456432829,38.79098651132493,8.825744417755583,8.82574413647698,8.825743855198379,0.0,0.0,0.0,0.0,0.0,0.0,0.0,0.0,0.0
359,38.58235807697769,38.272022782142585,37.96196576629805,37.963083646605455,38.27202278215735,38.58124019665553,8.781725819838172,8.781725553956239,8.781725288074307,0.0,0.0,0.0,0.0,0.0,0.0,0.0,0.0,0.0
360,38.37448838871864,38.08115411673193,37.78805520215328,37.78911189176733,38.081154116744415,38.373431699092116,8.737926766359779,8.73792651503173,8.737926263703681,0.0,0.0,0.0,0.0,0.0,0.0,0.0,0.0,0.0
361,38.16850126634965,37.89123527738597,37.614168344446654,37.61516719283225,37.89123527739652,38.1675024179535,8.694346162296014,8.694345924725196,8.69434568715438,0.0,0.0,0.0,0.0,0.0,0.0,0.0,0.0,0.0
362,37.96434091614587,37.70226185618645,37.44035114997109,37.44129532324968,37.70226185619538,37.96339674285836,8.650982918086244,8.650982693519612,8.65098246895298,0.0,0.0,0.0,0.0,0.0,0.0,0.0,0.0,0.0
363,37.761954379130756,37.5142294163996,37.26664684063326,37.26753933161868,37.51422941640714,37.76106188813778,8.607835949606208,8.607835737331937,8.607835525057668,0.0,0.0,0.0,0.0,0.0,0.0,0.0,0.0,0.0
364,37.56129137447361,37.32713350045516,37.09309605172255,37.093939689407584,37.327133500461535,37.56044773678219,8.564904178140791,8.564903977486022,8.564903776831251,0.0,0.0,0.0,0.0,0.0,0.0,0.0,0.0,0.0
365,37.36230415185622,37.14096963667723,36.919736972461116,36.92053443098474,37.14096963668262,37.3615066933272,8.522186530356931,8.522186340685632,8.522186151014331,0.0,0.0,0.0,0.0,0.0,0.0,0.0,0.0,0.0
366,37.164947352255545,36.9557333449593,36.746605479195274,36.74735928631905,36.95573334496386,37.164193545127205,8.479681938276668,8.479681758987624,8.479681579698578,0.0,0.0,0.0,0.0,0.0,0.0,0.0,0.0,0.0
367,36.969177876629224,36.771420141546606,36.5737352615786,36.57444780669914,36.771420141550465,36.968465331504824,8.437389339250336,8.43738916977524,8.437389000300145,0.0,0.0,0.0,0.0,0.0,0.0,0.0,0.0,0.0
368,36.77495476202691,36.58802554306343,36.40115794208594,36.401831483808714,36.5880255430667,36.774281220300864,8.395307675929892,8.395307515731549,8.395307355533207,0.0,0.0,0.0,0.0,0.0,0.0,0.0,0.0,0.0
369,36.582239064683414,36.405545069901976,36.2289031891858,36.22953986248441,36.40554506990475,36.581602391382035,8.353435896242392,8.353435744813007,8.353435593383624,0.0,0.0,0.0,0.0,0.0,0.0,0.0,0.0,0.0
370,36.390993749679744,36.22397424907136,36.05699882448647,36.05760064747003,36.223974249073706,36.39039192669384,8.311772953363583,8.311772810223161,8.31177266708274,0.0,0.0,0.0,0.0,0.0,0.0,0.0,0.0,0.0
371,36.201183586785554,36.043308616590046,35.88547092415894,35.88603980446902,36.043308616592036,36.200614706473495,8.270317805691656,8.270317670386476,8.270317535081297,0.0,0.0,0.0,0.0,0.0,0.0,0.0,0.0,0.0
372,36.0127750521221,35.86354371949227,35.7143439149271,35.71488165578451,35.863543719493954,36.012237311263014,8.229069416821122,8.229069288922297,8.229069161023471,0.0,0.0,0.0,0.0,0.0,0.0,0.0,0.0,0.0
373,35.82573623530773,35.68467511750805,35.54364066490347,35.54414897082407,35.68467511750947,35.82522792938572,8.18802675551682,8.188026634618938,8.188026513721057,0.0,0.0,0.0,0.0,0.0,0.0,0.0,0.0,0.0
374,35.64003675176968,35.5066983844672,35.373382569536325,35.37386305173393,35.5066983844684,35.63955626957088,8.147188795688061,8.147188681407904,8.14718856712775,0.0,0.0,0.0,0.0,0.0,0.0,0.0,0.0,0.0
375,35.4556476599256,35.32960910947008,35.20358963292205,35.20404381441563,35.329609109471086,35.45519347843102,8.106554516362912,8.106554408338239,8.106554300313569,0.0,0.0,0.0,0.0,0.0,0.0,0.0,0.0,0.0
376,35.27254138295667,35.153402897861,35.034280544724915,35.03470986516619,35.153402897861845,35.272112062514545,8.066122901662602,8.066122799551,8.066122697439399,0.0,0.0,0.0,0.0,0.0,0.0,0.0,0.0,0.0
377,35.09069163491108,34.97807537203495,34.86547275293475,34.86587857317161,34.97807537203567,35.090285814673514,8.025892940776062,8.025892844253859,8.025892747731659,0.0,0.0,0.0,0.0,0.0,0.0,0.0,0.0,0.0
378,34.9100733508927,34.80362217210337,34.69718253268225,34.697566139072265,34.80362217210398,34.90968974450208,7.985863627934597,7.985863536695841,7.985863445457086,0.0,0.0,0.0,0.0,0.0,0.0,0.0,0.0,0.0
379,34.73066262110413,34.63003895644075,34.52942505132044,34.52978765980838,34.63003895644126,34.73030001261568,7.946033962386687,7.946033876142171,7.946033789897656,0.0,0.0,0.0,0.0,0.0,0.0,0.0,0.0,0.0
380,34.55243662852733,34.45732140213064,34.36221442997101,34.36255718994307,34.45732140213107,34.55209386855484,7.906402948372912,7.906402866849261,7.906402785325611,0.0,0.0,0.0,0.0,0.0,0.0,0.0,0.0,0.0
381,34.375373590037725,34.285465205326524,34.19556380172387,34.19588779965098,34.28546520532689,34.37504959211026,7.866969595101011,7.866969518039814,7.866969440978617,0.0,0.0,0.0,0.0,0.0,0.0,0.0,0.0,0.0
382,34.19945270075951,34.1144660815409,34.029485366668894,34.02979162955059,34.11446608154121,34.199146437877516,7.827732916721066,7.8277328438780565,7.827732771035047,0.0,0.0,0.0,0.0,0.0,0.0,0.0,0.0,0.0
383,34.024654081481245,33.94431976587361,33.86399044392974,33.86427994254949,33.94431976587387,34.024364582861246,7.788691932300809,7.788691863445091,7.788691794589372,0.0,0.0,0.0,0.0,0.0,0.0,0.0,0.0,0.0
384,33.850958728961224,33.77502201318896,33.69908952086079,33.6993631728632,33.77502201318918,33.850685076958605,7.749845665801057,7.749845600714372,7.749845535627688,0.0,0.0,0.0,0.0,0.0,0.0,0.0,0.0,0.0
385,33.678348468961765,33.606568598249545,33.53479229955997,33.53505097235947,33.60656859824973,33.67808979616209,7.7111931460512695,7.71119308452731,7.71119302300335,0.0,0.0,0.0,0.0,0.0,0.0,0.0,0.0,0.0
386,33.50680591186105,33.43895531581359,33.371107740842156,33.371352254372525,33.438955315813736,33.50656139833054,7.6727334067252375,7.672733348568986,7.672733290412733,0.0,0.0,0.0,0.0,0.0,0.0,0.0,0.0,0.0
387,33.336314410699494,33.27217798070142,33.208044105810444,33.20827523512379,33.27217798070155,33.33608328138602,7.634465486316884,7.634465431343998,7.63446537637111,0.0,0.0,0.0,0.0,0.0,0.0,0.0,0.0,0.0
388,33.1668580215259,33.10623242783607,33.04560899515517,33.045827472878706,33.106232427836176,33.16663954380225,7.596388428116195,7.596388376152422,7.5963883241886485,0.0,0.0,0.0,0.0,0.0,0.0,0.0,0.0,0.0
389,32.998421465916195,32.94111451226188,32.883809386303795,32.884015904962084,32.941114512261976,32.998214947257814,7.5585012801852685,7.558501231065896,7.558501181946522,0.0,0.0,0.0,0.0,0.0,0.0,0.0,0.0,0.0
390,32.83099009554477,32.77682010914477,32.722651668538234,32.722846882748314,32.77682010914485,32.83079488133461,7.520803095334488,7.520803048903819,7.520803002473149,0.0,0.0,0.0,0.0,0.0,0.0,0.0,0.0,0.0
391,32.66454985869512,32.61334511375689,32.56214167618988,32.56232620473628,32.613345113756964,32.664365330148655,7.483292931098814,7.4832928872096725,7.483292843320531,0.0,0.0,0.0,0.0,0.0,0.0,0.0,0.0,0.0
392,32.49908726860284,32.45068544144833,32.402284720016894,32.40245914781301,32.45068544144839,32.49891284080667,7.445969849714193,7.445969808227462,7.445969766740731,0.0,0.0,0.0,0.0,0.0,0.0,0.0,0.0,0.0
393,32.33458937353013,32.28883702760779,32.24308561686249,32.243250496804656,32.28883702760785,32.33442449358791,7.408832918094093,7.408832878878268,7.408832839662444,0.0,0.0,0.0,0.0,0.0,0.0,0.0,0.0,0.0
394,32.17104372847632,32.12779582761414,32.08454871768787,32.0847045724079,32.12779582761419,32.17088787375625,7.371881207806146,7.371881170736923,7.371881133667701,0.0,0.0,0.0,0.0,0.0,0.0,0.0,0.0,0.0
395,32.00843836843458,31.96755781678022,31.926677934068294,31.926825257590096,31.967557816780264,32.008291044912745,7.335113795048922,7.3351137600088,7.335113724968678,0.0,0.0,0.0,0.0,0.0,0.0,0.0,0.0,0.0
396,31.84676178310965,31.808118990290204,31.769476763235915,31.769616022541452,31.80811899029024,31.84662252380408,7.298529760628805,7.298529727506714,7.298529694384622,0.0,0.0,0.0,0.0,0.0,0.0,0.0,0.0,0.0
397,31.68600289301639,31.649475363131664,31.61294831174882,31.613079948258335,31.649475363131693,31.68587125650685,7.2621281899369965,7.262128158627948,7.262128127318897,0.0,0.0,0.0,0.0,0.0,0.0,0.0,0.0,0.0
398,31.526151026883273,31.491622970023123,31.457095317861018,31.45721974883222,31.491622970023148,31.52602659591205,7.225908172926633,7.225908143331384,7.225908113736132,0.0,0.0,0.0,0.0,0.0,0.0,0.0,0.0,0.0
399,31.367195900289147,31.33455786533791,31.301920172664335,31.302037792515023,31.33455786533793,31.36707828043844,7.189868804090012,7.189868776114752,7.1898687481394905,0.0,0.0,0.0,0.0,0.0,0.0,0.0,0.0,0.0
400,31.209127595465606,31.178276123024965,31.147424940069286,31.147536121627564,31.178276123024983,31.209016413907314,7.154009182435942,7.154009155991996,7.154009129548048,0.0,0.0,0.0,0.0,0.0,0.0,0.0,0.0,0.0
401,31.051936542200995,31.02277383652714,30.99361137568826,30.99371647137431,31.022773836527154,31.051831446514935,7.118328411467198,7.118328386470744,7.11832836147429,0.0,0.0,0.0,0.0,0.0,0.0,0.0,0.0,0.0
402,30.895613499785636,30.868047118697444,30.84048094468103,30.8405802876242,30.868047118697454,30.895514156842452,7.082825599158096,7.082825575529902,7.082825551901706,0.0,0.0,0.0,0.0,0.0,0.0,0.0,0.0,0.0
403,30.740149539941164,30.71409210171363,30.688034838619245,30.68812874371401,30.71409210171364,30.740055634846385,7.047499857932175,7.047499835597344,7.047499813262513,0.0,0.0,0.0,0.0,0.0,0.0,0.0,0.0,0.0
404,30.58553603068004,30.560904936991445,30.53627399142357,30.536362756327662,30.560904936991456,30.585447265775937,7.012350304639998,7.012350283527734,7.01235026241547,0.0,0.0,0.0,0.0,0.0,0.0,0.0,0.0,0.0
405,30.43176462104424,30.40848179509684,30.38519909442411,30.385283000502028,30.408481795096847,30.431680714966312,6.977376060537058,6.97737604058044,6.977376020623822,0.0,0.0,0.0,0.0,0.0,0.0,0.0,0.0,0.0
406,30.278827226674963,30.256818865657344,30.234810610592113,30.234889923806993,30.25681886565735,30.278747913460077,6.942576251261794,6.942576232397565,6.942576213533336,0.0,0.0,0.0,0.0,0.0,0.0,0.0,0.0,0.0
407,30.126716016167787,30.10591235727283,30.085108787988233,30.085183759744876,30.10591235727284,30.12664104441114,6.907950006813729,6.907949988982093,6.907949971150457,0.0,0.0,0.0,0.0,0.0,0.0,0.0,0.0,0.0
408,29.97542339817033,29.955758497425823,29.93609367247022,29.936164540411994,29.955758497425826,29.975352530228555,6.8734964615317,6.873496444676135,6.87349642782057,0.0,0.0,0.0,0.0,0.0,0.0,0.0,0.0,0.0
409,29.824942009181655,29.806353532391473,29.787765119700563,29.78783210846268,29.806353532391476,29.824875020419537,6.839214754072212,6.839214738139289,6.839214722206367,0.0,0.0,0.0,0.0,0.0,0.0,0.0,0.0,0.0
410,29.67526470201505,29.657693727147382,29.640122806492357,29.640186128413916,29.657693727147386,29.67520138009349,6.805104027387889,6.805104012327106,6.805103997266322,0.0,0.0,0.0,0.0,0.0,0.0,0.0,0.0,0.0
411,29.526384534887843,29.509775365283293,29.493166241529657,29.49322609732671,29.509775365283296,29.526324679090795,6.771163428706047,6.7711634144696635,6.771163400233279,0.0,0.0,0.0,0.0,0.0,0.0,0.0,0.0,0.0
412,29.378294761103948,29.362594748910784,29.346894775496516,29.346951354898284,29.362594748910787,29.378238181702187,6.737392109507359,6.737392096050248,6.737392082593137,0.0,0.0,0.0,0.0,0.0,0.0,0.0,0.0,0.0
413,29.23098881929665,29.216148198573027,29.201307610647074,29.201361092997356,29.21614819857303,29.23093533694637,6.703789225504633,6.703789212784139,6.703789200063645,0.0,0.0,0.0,0.0,0.0,0.0,0.0,0.0,0.0
414,29.084460324200986,29.070432053154672,29.05640380984733,29.056454364672984,29.070432053154676,29.08440976937534,6.670353936621704,6.6703539245975065,6.670353912573309,0.0,0.0,0.0,0.0,0.0,0.0,0.0,0.0,0.0
415,28.938703057926798,28.925442669791877,28.912182305117486,28.91223009266578,28.92544266979188,28.93865527037852,6.637085406972419,6.6370853956064035,6.637085384240388,0.0,0.0,0.0,0.0,0.0,0.0,0.0,0.0,0.0
416,28.79371096170494,28.781176423782593,28.768641905702236,28.768687077448792,28.781176423782597,28.793665789958396,6.603982804839733,6.603982794095872,6.603982783352011,0.0,0.0,0.0,0.0,0.0,0.0,0.0,0.0,0.0
417,28.64947812808086,28.637629708497048,28.625781305694805,28.62582400482376,28.63762970849705,28.64943542895192,6.5710453026549125,6.571045292499151,6.571045282343389,0.0,0.0,0.0,0.0,0.0,0.0,0.0,0.0,0.0
418,28.505998793531035,28.494798935288554,28.483599091239263,28.483639453097116,28.494798935288557,28.505958431673196,6.538272076976838,6.538272067376984,6.538272057777131,0.0,0.0,0.0,0.0,0.0,0.0,0.0,0.0,0.0
419,28.363267331479104,28.352680533404587,28.342093747334115,28.34213189985875,28.352680533404595,28.363229178954484,6.505662308471413,6.505662299397037,6.505662290322663,0.0,0.0,0.0,0.0,0.0,0.0,0.0,0.0,0.0
420,28.2212782456899,28.21127094989821,28.20126366425907,28.201299728385287,28.211270949898218,28.221242181563692,6.4732151818910735,6.473215173313412,6.473215164735753,0.0,0.0,0.0,0.0,0.0,0.0,0.0,0.0,0.0
421,28.080026164020634,28.07056664953981,28.061107143645618,28.06114123368847,28.070566649539817,28.079992073977788,6.440929886054404,6.440929877946267,6.440929869838133,0.0,0.0,0.0,0.0,0.0,0.0,0.0,0.0,0.0
422,27.93950583250978,27.930564114729222,27.9216224042109,27.92165462822805,27.93056411472923,27.939473608492637,6.408805613825848,6.408805606161536,6.408805598497225,0.0,0.0,0.0,0.0,0.0,0.0,0.0,0.0,0.0
423,27.79971210978511,27.79125984540819,27.782807587173384,27.782838047307617,27.7912598454082,27.799681649650882,6.376841562095533,6.376841554850751,6.37684154760597,0.0,0.0,0.0,0.0,0.0,0.0,0.0,0.0,0.0
424,27.66063996177349,27.65265035897322,27.644660761367703,27.6446895541707,27.652650358973226,27.6606111689705,6.345036931759181,6.345036924910965,6.34503691806275,0.0,0.0,0.0,0.0,0.0,0.0,0.0,0.0,0.0
425,27.522284456695917,27.514732190188802,27.507179928075203,27.50720714481358,27.51473219018881,27.522257239957547,6.313390927698131,6.313390921224773,6.313390914751416,0.0,0.0,0.0,0.0,0.0,0.0,0.0,0.0,0.0
426,27.384640760332193,27.37750189110104,27.370363025585757,27.370388752530367,27.377501891101048,27.384615033387586,6.281902758759452,6.281902752640434,6.281902746521417,0.0,0.0,0.0,0.0,0.0,0.0,0.0,0.0,0.0
427,27.247704131540498,27.24095603095166,27.23420793350556,27.23423225220495,27.24095603095167,27.247679812841113,6.250571637736169,6.250571631952094,6.25057162616802,0.0,0.0,0.0,0.0,0.0,0.0,0.0,0.0,0.0
428,27.111469918017967,27.105091196092417,27.09871247682487,27.098735464363774,27.105091196092424,27.11144693047907,6.219396781347569,6.219396775880103,6.219396770412639,0.0,0.0,0.0,0.0,0.0,0.0,0.0,0.0,0.0
429,26.975933552289025,26.9699039898999,26.96387442975881,26.96389615900248,26.96990398989991,26.975911823045358,6.188377410219623,6.188377405051437,6.188377399883252,0.0,0.0,0.0,0.0,0.0,0.0,0.0,0.0,0.0
430,26.8410905479091,26.835391032690755,26.829691519373707,26.829712059198894,26.83539103269076,26.84107000808392,6.157512748865497,6.157512743980209,6.15751273909492,0.0,0.0,0.0,0.0,0.0,0.0,0.0,0.0,0.0
431,26.706936495871926,26.701548961637293,26.696161429010704,26.696180844523965,26.7015489616373,26.706917080358668,6.12680202566616,6.126802021048284,6.126802016430406,0.0,0.0,0.0,0.0,0.0,0.0,0.0,0.0,0.0
432,26.573467061209275,26.568374430683516,26.56328180151778,26.563300154261864,26.568374430683523,26.573448708465193,6.096244472851092,6.096244468485989,6.096244464120885,0.0,0.0,0.0,0.0,0.0,0.0,0.0,0.0,0.0
433,26.44067797977267,26.435864110461537,26.431050242300657,26.43106759044958,26.43586411046154,26.44066063162375,6.065839326479086,6.06583932235292,6.065839318226753,0.0,0.0,0.0,0.0,0.0,0.0,0.0,0.0,0.0
434,26.308565055187078,26.30401468820841,26.29946432220259,26.299480720746022,26.304014688208415,26.308548656643648,6.035585826419147,6.035585822518839,6.035585818618531,0.0,0.0,0.0,0.0,0.0,0.0,0.0,0.0,0.0
435,26.177124155967228,26.172822867683383,26.16852158022233,26.168537081139917,26.172822867683383,26.17710865504964,6.005483216331487,6.005483212644675,6.0054832089578625,0.0,0.0,0.0,0.0,0.0,0.0,0.0,0.0,0.0
436,26.046351212787652,26.04228536908551,26.038219526079246,26.03823417850536,26.04228536908551,26.046336560361535,5.975530743648616,5.975530740163613,5.97553073667861,0.0,0.0,0.0,0.0,0.0,0.0,0.0,0.0,0.0
437,25.916242215898063,25.91239892897171,25.908555642633903,25.908569493013395,25.91239892897171,25.916228365518574,5.945727659556521,5.945727656262281,5.945727652968039,0.0,0.0,0.0,0.0,0.0,0.0,0.0,0.0,0.0
438,25.786793212676145,25.78316030017523,25.779527388172077,25.779540480407494,25.78316030017523,25.786780120440735,5.916073218975948,5.916073215862029,5.916073212748107,0.0,0.0,0.0,0.0,0.0,0.0,0.0,0.0,0.0
439,25.658000305310214,25.65456625172446,25.6511321985597,25.65114457415044,25.65456625172446,25.65798792971948,5.886566680543772,5.886566677600302,5.88656667465683,0.0,0.0,0.0,0.0,0.0,0.0,0.0,0.0,0.0
440,25.529859648604713,25.52661356876222,25.523367489275785,25.523379187449645,25.52661356876222,25.529847950430856,5.857207306594457,5.857207303812108,5.8572073010297565,0.0,0.0,0.0,0.0,0.0,0.0,0.0,0.0,0.0
441,25.40236744790181,25.399299052465373,25.39623065733008,25.396241715167605,25.399299052465373,25.402356390064284,5.827994363141621,5.827994360511572,5.827994357881521,0.0,0.0,0.0,0.0,0.0,0.0,0.0,0.0,0.0
442,25.275519957112753,25.2726195199649,25.26971908307174,25.269729535623757,25.2726195199649,25.27550950456074,5.798927119859675,5.798927117373591,5.798927114887504,0.0,0.0,0.0,0.0,0.0,0.0,0.0,0.0,0.0
443,25.149313476853017,25.146571804266323,25.14383013189504,25.143840012293747,25.146571804266323,25.149303596454313,5.770004850065572,5.770004847715572,5.770004845365568,0.0,0.0,0.0,0.0,0.0,0.0,0.0,0.0,0.0
444,25.02374435267558,25.021152754170554,25.018561155847717,25.01857049541173,25.021152754170554,25.023735013111565,5.741226830700632,5.741226828479267,5.741226826257897,0.0,0.0,0.0,0.0,0.0,0.0,0.0,0.0,0.0
445,24.898808973396935,24.896359234195117,24.89390949514739,24.893918323480996,24.896359234195117,24.898800145063326,5.712592342312467,5.712592340212696,5.71259233811292,0.0,0.0,0.0,0.0,0.0,0.0,0.0,0.0,0.0
446,24.77450376951086,24.77218812449578,24.76987247961102,24.769880824698024,24.77218812449578,24.774495424423854,5.684100669036995,5.684100667052162,5.684100665067323,0.0,0.0,0.0,0.0,0.0,0.0,0.0,0.0,0.0
447,24.650825211685085,24.648636320788555,24.64644743000224,24.646455318294663,24.648636320788555,24.65081732339266,5.655751098580538,5.655751096704351,5.655751094828158,0.0,0.0,0.0,0.0,0.0,0.0,0.0,0.0,0.0
448,24.527769809336373,24.5257007342721,24.523631659301042,24.523639115802972,24.5257007342721,24.527762352834436,5.627542922202016,5.627542920428528,5.627542918655035,0.0,0.0,0.0,0.0,0.0,0.0,0.0,0.0,0.0
449,24.405334109279746,24.40337829155051,24.401422473900116,24.40142952224696,24.40337829155051,24.405327060932887,5.599475434695228,5.599475433018817,5.599475431342402,0.0,0.0,0.0,0.0,0.0,0.0,0.0,0.0,0.0
450,24.283514694447796,24.281665934556482,24.27981717473185,24.279823837265265,24.28166593455648,24.283508031914366,5.571547934371218,5.571547932786571,5.571547931201921,0.0,0.0,0.0,0.0,0.0,0.0,0.0,0.0,0.0
451,24.162308182676288,24.16056062047486,24.158813058329834,24.15881935616853,24.160560620474858,24.162301884837575,5.543759723040736,5.5437597215428305,5.543759720044921,0.0,0.0,0.0,0.0,0.0,0.0,0.0,0.0,0.0
452,24.04171122555244,24.04005932166659,24.03840741782844,24.038413370935128,24.040059321666586,24.041705272445732,5.516110105996779,5.516110104580866,5.51611010316495,0.0,0.0,0.0,0.0,0.0,0.0,0.0,0.0,0.0
453,23.92172050732243,23.920159025592998,23.918597543903914,23.918603171148582,23.920159025592994,23.92171488007774,5.488598391997222,5.488598390658813,5.488598389320402,0.0,0.0,0.0,0.0,0.0,0.0,0.0,0.0,0.0
454,23.802332743854983,23.800856734740513,23.799380725660168,23.799386044879903,23.80085673474051,23.802327424635227,5.4612238932475385,5.461223891982392,5.4612238907172435,0.0,0.0,0.0,0.0,0.0,0.0,0.0,0.0,0.0
455,23.683544681657892,23.682149466545706,23.680754251462382,23.680759279517893,23.682149466545702,23.683539653602356,5.433985925383604,5.433985924187709,5.4339859229918135,0.0,0.0,0.0,0.0,0.0,0.0,0.0,0.0,0.0
456,23.565353096944698,23.564034253320738,23.56271540972119,23.56272016255027,23.564034253320735,23.56534834411559,5.4068838074545855,5.406883806324152,5.406883805193717,0.0,0.0,0.0,0.0,0.0,0.0,0.0,0.0,0.0
457,23.4477547947487,23.44650814217917,23.44526148963028,23.44526598229832,23.446508142179162,23.447750302080642,5.379916861905917,5.379916860837361,5.379916859768804,0.0,0.0,0.0,0.0,0.0,0.0,0.0,0.0,0.0
458,23.330746608081814,23.329568194962132,23.32838978185991,23.32839402860764,23.329568194962125,23.33074236133407,5.353084414562361,5.3530844135522955,5.353084412542229,0.0,0.0,0.0,0.0,0.0,0.0,0.0,0.0,0.0
459,23.214325397135763,23.21321148816489,23.212097579208784,23.212101593497422,23.213211488164884,23.21432138284711,5.326385794611152,5.326385793656375,5.326385792701598,0.0,0.0,0.0,0.0,0.0,0.0,0.0,0.0,0.0
460,23.098488048523368,23.09743511286374,23.096382177216594,23.09638597177052,23.09743511286373,23.098484253969428,5.2998203345852275,5.299820333682713,5.299820332780198,0.0,0.0,0.0,0.0,0.0,0.0,0.0,0.0,0.0
461,22.983231474557723,22.982236174643283,22.9812408747394,22.981244461586485,22.982236174643276,22.983227887710623,5.273387370346538,5.273387369493425,5.273387368640312,0.0,0.0,0.0,0.0,0.0,0.0,0.0,0.0,0.0
462,22.868552612567196,22.867611793524087,22.8666709744899,22.866674364999632,22.86761179352408,22.868549222057453,5.247086241069446,5.24708624026303,5.247086239456615,0.0,0.0,0.0,0.0,0.0,0.0,0.0,0.0,0.0
463,22.75444842424435,22.75355910389067,22.75266978354453,22.752672988464045,22.753559103890662,22.75444521932482,5.220916289224202,5.220916288461928,5.220916287699654,0.0,0.0,0.0,0.0,0.0,0.0,0.0,0.0,0.0
464,22.6409158950269,22.640075254419855,22.639234613819195,22.639237643307357,22.64007525441985,22.640912865538713,5.194876860560509,5.19487685983996,5.194876859119412,0.0,0.0,0.0,0.0,0.0,0.0,0.0,0.0,0.0
465,22.527952033509,22.527157408009515,22.526362782515434,22.526365646175034,22.527157408009508,22.52794916984937,5.168967304091162,5.168967303410055,5.168967302728948,0.0,0.0,0.0,0.0,0.0,0.0,0.0,0.0,0.0
466,22.415553870881205,22.414802741707614,22.414051612538596,22.414054319446784,22.414802741707607,22.415551163972992,5.143186972075777,5.143186971431953,5.143186970788128,0.0,0.0,0.0,0.0,0.0,0.0,0.0,0.0,0.0
467,22.303718460397576,22.303008446641652,22.3022984328896,22.302300991626655,22.303008446641645,22.303715901660496,5.117535220004593,5.117535219396011,5.1175352187874275,0.0,0.0,0.0,0.0,0.0,0.0,0.0,0.0,0.0
468,22.19244287686841,22.19177172794844,22.19110057903174,22.191102997708274,22.191771727948428,22.19244045819185,5.092011406582362,5.092011406007092,5.092011405431822,0.0,0.0,0.0,0.0,0.0,0.0,0.0,0.0,0.0
469,22.081724216177278,22.081089804704213,22.080455393233915,22.080457679516584,22.081089804704202,22.081721929894588,5.066614893712313,5.066614893168533,5.066614892624751,0.0,0.0,0.0,0.0,0.0,0.0,0.0,0.0,0.0
470,21.971559594821013,21.97095990985514,21.970360224891603,21.970362386027404,21.97095990985513,21.971557433685195,5.041345046480204,5.04134504596619,5.041345045452173,0.0,0.0,0.0,0.0,0.0,0.0,0.0,0.0,0.0
471,21.861946149471393,21.86137929014811,21.860812430826805,21.860814473666043,21.8613792901481,21.861944106632137,5.016201233138444,5.016201232652565,5.016201232166686,0.0,0.0,0.0,0.0,0.0,0.0,0.0,0.0,0.0
472,21.752881036557415,21.752345206061932,21.75180937556812,21.751811306586127,21.75234520606192,21.752879105539392,4.9911828250903,4.991182824631018,4.991182824171735,0.0,0.0,0.0,0.0,0.0,0.0,0.0,0.0,0.0
473,21.64436143186699,21.643854931738826,21.64334843161207,21.643350256929732,21.643854931738815,21.644359606549315,4.966289196874187,4.966289196440044,4.966289196005901,0.0,0.0,0.0,0.0,0.0,0.0,0.0,0.0,0.0
474,21.536384530167037,21.535905754916282,21.535426979666717,21.53542870506988,21.53590575491627,21.536382804763864,4.941519726148021,4.941519725737643,4.941519725327264,0.0,0.0,0.0,0.0,0.0,0.0,0.0,0.0,0.0
475,21.428947544840973,21.428494976859266,21.42804240887856,21.428044039836355,21.428494976859255,21.42894591388317,4.916873793673671,4.916873793285756,4.91687379289784,0.0,0.0,0.0,0.0,0.0,0.0,0.0,0.0,0.0
476,21.322047707542684,21.32161991229273,21.321192117043616,21.321193658725807,21.321619912292718,21.322046165860485,4.8923507833014686,4.8923507829347885,4.892350782568106,0.0,0.0,0.0,0.0,0.0,0.0,0.0,0.0,0.0
477,21.215682267866082,21.21527788933449,21.214873510803613,21.214874968096982,21.21527788933448,21.215680810572707,4.867950081954813,4.867950081608204,4.867950081261593,0.0,0.0,0.0,0.0,0.0,0.0,0.0,0.0,0.0
478,21.109848493029396,21.109466249428444,21.109084005828095,21.10908538335193,21.109466249428433,21.10984711550556,4.843671079614836,4.8436710792871995,4.843671078959561,0.0,0.0,0.0,0.0,0.0,0.0,0.0,0.0,0.0
479,21.004543667573436,21.00418234727808,21.003821026983232,21.00382232910397,21.00418234727807,21.0045423654527,4.8195131693051545,4.819513168995452,4.819513168685748,0.0,0.0,0.0,0.0,0.0,0.0,0.0,0.0,0.0
480,20.899765093073057,20.89942355078036,20.899082008488094,20.89908323933316,20.89942355078035,20.899763862227996,4.795475747076695,4.7954757467839455,4.795475746491194,0.0,0.0,0.0,0.0,0.0,0.0,0.0,0.0,0.0
481,20.795510087861135,20.79518724095992,20.79486439405907,20.79486555752996,20.795187240959912,20.795508924390248,4.771558211992599,4.771558211715873,4.771558211439146,0.0,0.0,0.0,0.0,0.0,0.0,0.0,0.0,0.0
482,20.691775986764366,20.69147081190358,20.69116563704311,20.691166736827764,20.691470811903574,20.691774886979715,4.7477599661131915,4.747759965851612,4.747759965590033,0.0,0.0,0.0,0.0,0.0,0.0,0.0,0.0,0.0
483,20.58856014085028,20.58827167069522,20.587983200540425,20.587984240124907,20.588271670695217,20.5885591012658,4.724080414481038,4.724080414233778,4.724080413986517,0.0,0.0,0.0,0.0,0.0,0.0,0.0,0.0,0.0
484,20.485859917184868,20.485587237350934,20.485314557517217,20.485315540196773,20.48558723735093,20.485858934505316,4.70051896510607,4.700518964872345,4.700518964638619,0.0,0.0,0.0,0.0,0.0,0.0,0.0,0.0,0.0
485,20.383672698600236,20.383414944754534,20.38315719090902,20.38315811979852,20.38341494475453,20.383671769710737,4.677075028950784,4.6770750287298535,4.677075028508921,0.0,0.0,0.0,0.0,0.0,0.0,0.0,0.0,0.0
486,20.28199588347176,20.28175223859339,20.281508593715177,20.28150947175899,20.281752238593388,20.28199500542795,4.653748019915515,4.653748019706677,4.653748019497838,0.0,0.0,0.0,0.0,0.0,0.0,0.0,0.0,0.0
487,20.180826885504292,20.18059657729455,20.180366269084946,20.18036709906627,20.180596577294548,20.18082605552297,4.630537354823783,4.630537354626377,4.630537354428969,0.0,0.0,0.0,0.0,0.0,0.0,0.0,0.0,0.0
488,20.080163133526824,20.079945431961217,20.079727730395724,20.07972851494541,20.079945431961214,20.080162348977144,4.6074424534077165,4.607442453221116,4.607442453034514,0.0,0.0,0.0,0.0,0.0,0.0,0.0,0.0,0.0
489,19.980002071295303,19.979796286309515,19.979590501323823,19.979591242928713,19.97979628630951,19.980001329690413,4.584462738293543,4.584462738117156,4.584462737940769,0.0,0.0,0.0,0.0,0.0,0.0,0.0,0.0,0.0
490,19.88034115730302,19.88014663660558,19.879952115908225,19.879952816919037,19.880146636605577,19.88034045629221,4.561597634987156,4.561597634820425,4.561597634653693,0.0,0.0,0.0,0.0,0.0,0.0,0.0,0.0,0.0
491,19.781177864598327,19.780993991602987,19.78081011860772,19.7808107812465,19.780993991602983,19.781177201959547,4.538846571859752,4.5388465717021464,4.538846571544542,0.0,0.0,0.0,0.0,0.0,0.0,0.0,0.0,0.0
492,19.682509680609144,19.682335872480444,19.68216206435181,19.68216269071897,19.68233587248044,19.682509054241983,4.5162089801335386,4.516208979984559,4.516208979835581,0.0,0.0,0.0,0.0,0.0,0.0,0.0,0.0,0.0
493,19.584334106974023,19.584169812779837,19.584005518585705,19.584006110666692,19.584169812779834,19.584333514893036,4.493684293867515,4.493684293726691,4.4936842935858685,0.0,0.0,0.0,0.0,0.0,0.0,0.0,0.0,0.0
494,19.486648659379355,19.486493358344557,19.486338057309805,19.486338616981378,19.486493358344553,19.486648099707782,4.471271949943328,4.4712719498102125,4.4712719496770985,0.0,0.0,0.0,0.0,0.0,0.0,0.0,0.0,0.0
495,19.389450867402427,19.38930406725816,19.389157267113927,19.389157796150116,19.389304067258156,19.389450338366238,4.448971388051187,4.448971387925358,4.4489713877995305,0.0,0.0,0.0,0.0,0.0,0.0,0.0,0.0,0.0
496,19.29273827436002,19.2925995097833,19.292460745206615,19.292461245284343,19.2925995097833,19.29273777428229,4.42678205067586,4.426782050556919,4.426782050437979,0.0,0.0,0.0,0.0,0.0,0.0,0.0,0.0,0.0
497,19.19650843716224,19.19637726830101,19.19624609943981,19.19624657214421,19.19637726830101,19.196507964457837,4.404703383082737,4.404703382970306,4.404703382857877,0.0,0.0,0.0,0.0,0.0,0.0,0.0,0.0,0.0
498,19.100758926171356,19.100634937250238,19.100510948329156,19.10051139515859,19.100634937250238,19.100758479341913,4.382734833303956,4.382734833197679,4.382734833091405,0.0,0.0,0.0,0.0,0.0,0.0,0.0,0.0,0.0
499,19.005487325065328,19.005370123067728,19.005252921070152,19.005253343440973,19.005370123067724,19.0054869026945,4.360875852124609,4.36087585202415,4.360875851923693,0.0,0.0,0.0,0.0,0.0,0.0,0.0,0.0,0.0
500,18.910691230705844,18.910580444128154,18.91046965755049,18.910470056801515,18.91058044412815,18.91069083145481,10.309200768225105,4.33912589297405,4.339125892879093,0.0,0.0,0.0,0.0,0.0,0.0,0.0,0.0,0.0
501,18.81636825301057,18.81626353068461,18.816158808358672,18.81615918575544,18.81626353068461,18.8163678756138,15.930843339913386,4.614499362422022,4.317484412207512,0.0,0.0,0.0,0.0,0.0,0.0,0.0,0.0,0.0
502,18.72251601482947,18.722417024809346,18.722318034789247,18.722318391528013,18.722417024809346,18.722515658090696,21.258467628611502,5.13970294556012,4.310727547964869,0.0,0.0,0.0,0.0,0.0,0.0,0.0,0.0,0.0
503,18.629132151824905,18.62903858033483,18.62894500884478,18.62894534605633,18.62903858033483,18.629131814613345,26.32059685369789,5.874745127338478,4.330469747902266,0.0,0.0,0.0,0.0,0.0,0.0,0.0,0.0,0.0
504,18.53621431235539,18.536125862795085,18.536037413234805,18.536037731988017,18.536125862795085,18.536213993602164,31.142203323612602,6.785809930858281,4.385700103621596,0.0,0.0,0.0,0.0,0.0,0.0,0.0,0.0,0.0
505,18.443760157362806,18.443676549367336,18.44359294137189,18.443593242677142,18.443676549367336,18.44375985605754,35.74521004301062,7.844304369852784,4.483233294576803,0.0,0.0,0.0,0.0,0.0,0.0,0.0,0.0,0.0
506,18.35176736026284,18.35168832881393,18.351609297365044,18.351609582177403,18.35168832881393,18.351767075450464,40.14891747303676,9.02605282170005,4.6280884584037,0.0,0.0,0.0,0.0,0.0,0.0,0.00018725893957535766,0.0,0.0
507,18.260233606838582,18.26015890142456,18.260084196010567,18.260084465232826,18.26015890142456,18.260233337616306,44.37036685108956,10.310615660032887,4.823807242145533,0.0,0.0,0.0,0.0,0.0,0.0,0.005993066849889636,0.0,0.0
508,18.169156595137032,18.16908597895878,18.16901536278055,18.169015617266083,18.16908597895878,18.169156340651483,48.42464972468257,11.68071298122031,5.072720545491712,0.0,0.0,0.0,0.0,0.0,0.0,0.011568968742858787,0.0,0.0
509,18.078534035368445,18.07846728458878,18.078400533809134,18.078400774364606,18.07846728458878,18.07853379481296,52.325171872029166,13.121737215104702,5.376171993019405,0.0,0.0,0.0,0.0,0.0,0.0,0.0169334017395341,0.0,0.0
510,17.988363649808306,17.98830055284248,17.988237455876675,17.988237683264586,17.98830055284248,17.98836342242038,56.0838785281843,14.621340910540162,5.734704926059287,0.0,0.0,0.0,0.0,0.0,0.0,0.02210279425915311,0.0,0.0
511,17.89864317270187,17.898583529546897,17.89852388639194,17.898524101333056,17.898583529546897,17.89864295776074,59.711446774798404,16.169088100815493,6.1482186510467995,0.0,0.0,0.0,0.0,0.0,0.0,0.02709183061498209,0.0,0.0
512,17.80937035017109,17.80931397177177,17.80925759337246,17.8092577965481,17.80931397177177,17.809370146995438,63.21745005402531,17.756159442438133,6.616098790340793,0.0,0.0,0.0,0.0,0.0,0.0,0.031913677272186955,0.0,0.0
513,17.720542940123842,17.720489647773505,17.720436355423182,17.72043654747736,17.720489647773505,17.720542748069647,66.61049900771468,19.375102833307633,7.13732582835071,0.0,0.0,0.0,0.0,0.0,0.0,0.036580176545595255,0.0,0.0
514,17.632158712165324,17.63210833693938,17.63205796171344,17.632058143254927,17.63210833693938,17.632158530623823,69.89836220042672,21.019622495564388,7.7105653091486746,0.0,0.0,0.0,0.0,0.0,0.0,0.04,0.0,0.0
515,17.54421544751155,17.544167829732014,17.54412021195248,17.544120383556727,17.544167829732014,17.54421527590729,73.08806974103332,22.684400590344605,8.334242603571749,0.0,0.0,0.0,0.0,0.0,0.0,0.04,0.0,0.0
516,17.45671093890478,17.456665927634152,17.45662091636353,17.456621078574475,17.456665927634152,17.456710776693818,76.18600235748761,24.36494634673918,9.006604708934477,0.0,0.0,0.0,0.0,0.0,0.0,0.04,0.0,0.0
517,17.369642990530863,17.369600443093685,17.369557895656506,17.369558048988328,17.369600443093685,17.36964283719903,79.19796808987749,26.05746846118151,9.725771160011394,0.0,0.0,0.0,0.0,0.0,0.0,0.04,0.0,0.0
518,17.283009417938366,17.282969199468962,17.282928980999557,17.28292912593828,17.282969199468962,17.28300927299963,82.1292684372337,27.758767178046586,10.489775805036713,0.0,0.0,0.0,0.0,0.0,0.0,0.04,0.0,0.0
519,17.196808047959383,17.19677003097438,17.196732013989376,17.196732150994425,17.19677003097438,17.196807910954327,84.98475551452668,29.466143015842444,11.296600925905773,0.0,0.0,0.0,0.0,0.0,0.0,0.04,0.0,0.0
520,17.111036718632015,17.11100078262624,17.110964846620462,17.11096497612611,17.11100078262624,17.111036589126357,87.76888154006659,31.17731957158703,12.144204949771039,0.0,0.0,0.0,0.0,0.0,0.0,0.04,0.0,0.0
521,17.02569327912435,17.02565931018886,17.02562534125337,17.025625463670117,17.02565931018886,17.025693156707593,90.48574177352444,32.89037823195893,13.030544803226306,0.0,0.0,0.0,0.0,0.0,0.0,0.04,0.0,0.0
522,16.940775589659975,16.940743480120993,16.940711370582008,16.940711486297893,16.940743480120993,16.94077547394408,93.13911185544465,34.60370295472748,13.953593794703377,0.0,0.0,0.0,0.0,0.0,0.0,0.04,0.0,0.0
523,16.856281521444846,16.85625116952246,16.856220817600068,16.85622092698188,16.85625116952246,16.856281412063026,95.73248035570363,36.31593356722778,14.91135577086119,0.0,0.0,0.0,0.0,0.0,0.0,0.04,0.0,0.0
524,16.77220895659556,16.772180266081094,16.77215157556662,16.772151678961077,16.772180266081094,16.772208853201096,98.26907721689605,38.02592626821576,15.901876174650472,0.0,0.0,0.0,0.0,0.0,0.0,0.04,0.0,0.0
525,16.68855578806886,16.68852866801993,16.688501547970993,16.688501645705827,16.68852866801993,16.68855569033402,94.78182380056961,39.7327202220577,16.92325053302309,0.0,0.0,0.0,0.0,0.0,0.0,0.04,0.0,0.0
526,16.60531991959243,16.605294284044664,16.605268648496892,16.605268740881904,16.605294284044664,16.605319827207413,91.57037023075925,41.13849435545051,17.97363081808002,0.0,0.0,0.0,0.0,0.0,0.0,0.04,0.001548235414065735,0.0
527,16.522499265596796,16.522475033291357,16.52245080098591,16.522450888313937,16.522475033291357,16.522499178268767,88.60464381164813,42.28986613619845,19.03645337531576,0.0,0.0,0.0,0.0,0.0,0.0,0.04,0.0031317302741799627,0.0
528,16.440091751148426,16.44006884527443,16.44004593940043,16.44004602194828,16.44006884527443,16.44009166860057,85.8585372191072,43.226261842766,20.09838046205367,0.0,0.0,0.0,0.0,0.0,0.0,0.04,0.004419566065517085,0.0
529,16.35809531188384,16.358073659834886,16.358052007785936,16.35805208581527,16.358073659834886,16.358095233854495,83.30933367744913,43.98102573363972,21.14876590086063,0.0,0.0,0.0,0.0,0.0,0.0,0.04,0.005457601530501267,0.0
530,16.27650789394479,16.276487427088824,16.276466960232867,16.276467033991015,16.276487427088824,16.276507820186627,80.93721878280793,44.582358139057916,22.17920516397025,0.0,0.0,0.0,0.0,0.0,0.0,0.04,0.006284620907840259,0.0
531,16.195327453914416,16.195308107376174,16.19528876083794,16.195288830558706,16.195308107376174,16.19532738419364,78.72486571905016,45.05410886201844,23.183156755898924,0.0,0.0,0.0,0.0,0.0,0.0,0.04,0.0069334251060618746,0.0
532,16.114551958754348,16.114533671209713,16.11451538366509,16.11451544956947,16.114533671209713,16.114551892849956,76.65708265039264,45.41644820557371,24.15562379307029,0.0,0.0,0.0,0.0,0.0,0.0,0.04,0.007431754575075097,0.0
533,16.034179385742704,16.034162099224332,16.034144812705975,16.034144875002873,16.034162099224332,16.034179323445795,74.72051279912095,45.68643450126025,25.09288639720688,0.0,0.0,0.0,0.0,0.0,0.0,0.04,0.007803069834550369,0.0
534,15.954207722412972,15.954191382126547,15.954175041840134,15.954175100727015,15.954191382126547,15.95420766352608,72.90337917539046,45.87849410226511,25.99227697190455,0.0,0.0,0.0,0.0,0.0,0.0,0.04,0.008067211614045097,0.0
535,15.874634966493725,15.874619520644263,15.874604074794814,15.874604130458335,15.874619520644263,15.874634910830192,71.19526716000404,46.00482734271485,26.85199166010981,0.0,0.0,0.0,0.0,0.0,0.0,0.04,0.008240959173485704,0.0
536,15.795459125849115,15.795444525476798,15.795429925104491,15.795429977721097,15.795444525476798,15.795459073232502,69.58693918493323,46.07575188202781,27.67093231879304,0.0,0.0,0.0,0.0,0.0,0.0,0.04,0.008338502508606432,0.0
537,15.716678218420174,15.71666441724515,15.716650616070135,15.716650665806608,15.71666441724515,15.716678168683696,68.07017663947944,46.09999309201935,28.44857422523059,0.0,0.0,0.0,0.0,0.0,0.0,0.0385876879906141,0.008371841723677026,0.0
538,15.638290272166818,15.638277226442511,15.638264180718211,15.6382642277322,15.638277226442511,15.638290225152824,66.63764487713843,46.08492965485393,29.18485547173933,0.0,0.0,0.0,0.0,0.0,0.0,0.03661751057220994,0.008351124805192525,0.0
539,15.560293325010587,15.560280993385026,15.560268661759473,15.560268706200002,15.560280993385026,15.560293280570054,65.28277783038973,46.036801280095844,29.880084633389526,0.0,0.0,0.0,0.0,0.0,0.0,0.034754146330929825,0.008284933297523667,0.0
540,15.482685424778063,15.482673768162808,15.48266211154756,15.482662153555497,15.482673768162808,15.482685382770123,63.999679275511554,45.96088438358598,30.534863823868726,0.0,0.0,0.0,0.0,0.0,0.0,0.032989486122435116,0.008180523916097707,0.0
541,15.405464629144946,15.405453610591184,15.40544259203743,15.40544263174593,15.405453610591184,15.405464589436443,62.78303824211012,45.861640669693195,31.150024703258648,0.0,0.0,0.0,0.0,0.0,0.0,0.03131622570802428,0.0080440328942787,0.0
542,15.328629005580765,15.328618590162193,15.328608174743628,15.328608212278558,15.328618590162193,15.328628968045832,61.6280564450342,45.74284279630752,31.72657538068732,0.0,0.0,0.0,0.0,0.0,0.0,0.029727765950909896,0.007880648811878721,0.0
543,15.252176631294205,15.252166785996323,15.252156940698448,15.252156976178783,15.252166785996323,15.252176595813864,60.53038594044379,45.60768065731913,32.2656564753434,0.0,0.0,0.0,0.0,0.0,0.0,0.028218127073892443,0.007694758766674456,0.0
544,15.176105593179027,15.176096286794486,15.176086980409952,15.176087013948159,15.176096286794486,15.176105559640817,59.48607548208968,45.458851272130616,32.768504870248684,0.0,0.0,0.0,0.0,0.0,0.0,0.026781874882534196,0.0074900720004877075,0.0
545,15.10041398776056,15.100405190790243,15.100396393819931,15.10039642552232,15.100405190790243,15.10041395605817,58.49152428600994,45.29863481064373,33.23642392214115,0.0,0.0,0.0,0.0,0.0,0.0,0.025414057177214303,0.007269724457224694,0.0
546,15.025099921142731,15.025091605702249,15.02508329026177,15.025083320228829,15.025091605702249,15.02509989117567,57.54344210835178,45.128958892176826,33.670759084304336,0.0,0.0,0.0,0.0,0.0,0.0,0.0241101488476977,0.007036367213917087,0.0
547,14.95016150895565,14.950153648686955,14.95014578841826,14.950145816744978,14.950153648686955,14.950161480628932,56.638814707370585,44.9514529669348,34.072878062669005,0.0,0.0,0.0,0.0,0.0,0.0,0.022866004372624954,0.0067922412721834954,0.0
548,14.875596876303701,14.875589446291533,14.875582016279363,14.87558204305553,14.875589446291533,14.875596849527534,55.77487390148713,44.76749430969285,34.44415476364509,0.0,0.0,0.0,0.0,0.0,0.0,0.021677816640013767,0.006539240813872006,0.0
549,14.801404157714126,14.801397134407038,14.80139011109995,14.80139013641044,14.801397134407038,14.801404132403636,54.94907155452564,44.57824691942104,34.78595640883398,0.0,0.0,0.0,0.0,0.0,0.0,0.020542081168857487,0.006278966700161516,0.0
550,14.727581497086097,14.72757485822181,14.727568219357524,14.727568243282564,14.72757485822181,14.727581473161058,54.15905692023225,44.384694419033366,35.09963329033819,0.0,0.0,0.0,0.0,0.0,0.0,0.0194555649507807,0.006012771718965221,0.0
551,14.654127047640273,14.654120772175101,14.654114496709928,14.654114519325356,14.654120772175101,14.654127025024845,53.4026568636956,44.18766788067836,35.386510723629335,0.0,0.0,0.0,0.0,0.0,0.0,0.01841527924833118,0.005741798853373031,0.0
552,14.581038971868782,14.581033039910931,14.58102710795308,14.581027129330582,14.581033039910931,14.58103895049128,52.67785854973561,43.987869359252905,35.64788282522685,0.0,0.0,0.0,0.0,0.0,0.0,0.017418455786122014,0.005467013647563912,0.0
553,14.508315441485673,14.50830983423219,14.508304226978705,14.508304247186043,14.50830983423219,14.508315421278335,51.98279424970488,43.78589179610031,35.88500780178195,0.0,0.0,0.0,0.0,0.0,0.0,0.016462525855450466,0.005189231580590925,0.0
554,14.435954637377776,14.435949337054945,14.435944036732112,14.435944055833339,14.435949337054945,14.435954618276549,51.315727970158875,43.58223585275336,36.09910448724983,0.0,0.0,0.0,0.0,0.0,0.0,0.015545101924554355,0.004909141218021745,0.0
555,14.363954749555992,14.363949739363,14.363944729170006,14.363944747225666,14.363949739363,14.36395473150033,50.67504365093722,43.37732414823045,36.29134990709985,0.0,0.0,0.0,0.0,0.0,0.0,0.014663961407297421,0.004627323792655902,0.0
556,14.292313977106984,14.29230924116266,14.292304505218338,14.292304522285663,14.29230924116266,14.292313960039655,50.059234717574384,43.1715133003593,36.462877684170685,0.0,0.0,0.0,0.0,0.0,0.0,0.013817032294479475,0.004344269765095832,0.0
557,14.22103052814526,14.221026051437743,14.221021574730226,14.221021590863318,14.221026051437743,14.221030512012165,49.466894804655496,42.96510410983374,36.61477713084941,0.0,0.0,0.0,0.0,0.0,0.0,0.013002380395560897,0.004060392829997379,0.0
558,14.150102619765644,14.15009838810479,14.150094156443938,14.150094171693933,14.15009838810479,14.150102604515645,48.89670949362156,42.75835017346753,36.74809289760617,0.0,0.0,0.0,0.0,0.0,0.0,0.01221819797557111,0.0037760417619769338,0.0
559,14.079528477996114,14.079524477968526,14.079520477940937,14.079520492356176,14.079524477968526,14.079528463580871,48.347448931346655,42.55146516892485,36.86382506928215,0.0,0.0,0.0,0.0,0.0,0.0,0.011462793603352811,0.003491510434385052,0.0
560,14.009306337751019,14.00930255667752,14.00929877560402,14.009298789230195,14.00930255667752,14.00930632412484,47.817961215180446,42.344629015838315,36.96292961852684,0.0,0.0,0.0,0.0,0.0,0.0,0.01073458305393482,0.0032070462927629925,0.0
561,13.939434442784632,13.939430868680082,13.93942729457553,13.939427307455835,13.939430868680082,13.939434429904324,47.3071664466006,42.13799308661987,37.04631914093446,0.0,0.0,0.0,0.0,0.0,0.0,0.01003208113045187,0.002922857521330903,0.0
562,13.869911045645074,13.869907667180374,13.869904288715675,13.869904300890935,13.869907667180374,13.869911033469808,46.814051369598374,41.931684613539446,37.11486380918137,0.0,0.0,0.0,0.0,0.0,0.0,0.009353894290254502,0.0026391191040938122,0.0
563,13.800734407628546,13.800731214094737,13.800728020560928,13.800728032069737,13.800731214094737,13.800734396119733,46.33766452180396,41.725810416038684,37.16939249419088,0.0,0.0,0.0,0.0,0.0,0.0,0.008698713976196051,0.0023559779510591017,0.0
564,13.731902798733936,13.731899780008241,13.731896761282547,13.731896772161384,13.731899780008241,13.731902787855093,45.87711183646633,41.52046005312633,37.21069401036353,0.0,0.0,0.0,0.0,0.0,0.0,0.008065310567984846,0.0020735572337621452,0.0
565,13.6634144976177,13.663411644131449,13.663408790645198,13.663408800928549,13.663411644131449,13.663414487334345,45.43155264200629,41.315708489530486,37.239518449479604,0.0,0.0,0.0,0.0,0.0,0.0,0.007452527880323537,0.0017919600520562087,0.0
566,13.595267791549103,13.595265094257396,13.59526239696569,13.595262406686148,13.595265094257396,13.59526778182864,45.00019601318925,41.11161835060558,37.25657857422891,0.0,0.0,0.0,0.0,0.0,0.0,0.006859278144634981,0.0015112725353119208,0.0
567,13.52746097636575,13.527458426718788,13.527455877071827,13.527455886260203,13.527458426718788,13.527460967177369,44.582297434211064,40.90824182942452,37.262551247644424,0.0,0.0,0.0,0.0,0.0,0.0,0.006284537419765784,0.0012315664652630953,0.0
568,13.45999235642942,13.459989946345402,13.459987536261385,13.459987544946808,13.459989946345402,13.459992347743995,44.17715573931939,40.705622299702675,37.25807887917038,0.0,0.0,0.0,0.0,0.0,0.0,0.00572734138438772,0.0009529014942796302,0.0
569,13.39286024458221,13.392857966421717,13.392855688261228,13.392855696471226,13.392857966421717,13.392860236372208,43.784110301143755,40.50379567992635,37.243770871819244,0.0,0.0,0.0,0.0,0.0,0.0,0.005186781470075633,0.0006753270214690868,0.0
570,13.326062962102952,13.326060808644739,13.326058655186529,13.326058662947126,13.326060808644739,13.326062954342351,43.40253844079743,40.30279158705963,37.22020505798029,0.0,0.0,0.0,0.0,0.0,0.0,0.004662001299390775,0.0003988837793830191,0.0
571,13.25959883866395,13.259596803082042,13.25959476750014,13.259594774835938,13.259596803082042,13.259598831328148,43.03185303714318,40.102634312285296,37.187929114032244,0.0,0.0,0.0,0.0,0.0,0.0,0.004152193397876487,0.00012360517596463755,0.0
572,13.193466212287957,13.193464288130027,13.193462363972102,13.193462370906353,13.193464288130027,13.193466205353703,42.671500315467064,39.90334364622897,37.147461946066436,0.0,0.0,0.0,0.0,0.0,0.0,0.0036565961527958157,0.0,0.0
573,13.12766342930547,13.127661610472376,13.127659791639287,13.127659798193969,13.127661610472376,13.127663422750784,42.32095779825159,39.70493557688245,37.09929504081341,0.0,0.0,0.0,0.0,0.0,0.0,0.0031744909948062602,0.0,0.0
574,13.062188844312264,13.06218712503872,13.06218540576518,13.06218541196107,13.06218712503872,13.06218883811637,41.97973240284181,39.507422879860975,37.04389377734448,0.0,0.0,0.0,0.0,0.0,0.0,0.0027051997816580353,0.0,0.0
575,12.997040820127213,12.997039194963513,12.997037569799815,12.997037575656554,12.997039194963513,12.99704081427047,41.64735867260737,39.3108156176009,36.98169869633882,0.0,0.0,0.0,0.0,0.0,0.0,0.0022480823654909138,0.0,0.0
576,12.932217727750363,12.932216191545109,12.932214655339855,12.93221466087601,12.932216191545109,12.932217722214206,41.323397129762796,39.11512156154288,36.913126724708604,0.0,0.0,0.0,0.0,0.0,0.0,0.0018025343274490069,0.0,0.0
577,12.867717946321275,12.867716494205046,12.86771504208882,12.867715047321935,12.867716494205046,12.867717941088157,41.007432739355295,38.92034654917928,36.83857235419436,0.0,0.0,0.0,0.0,0.0,0.0,0.0013679848651854953,0.0,0.0
578,12.803539863077614,12.803538490447535,12.803537117817456,12.80353712276412,12.803538490447535,12.803539858130948,40.69907347509429,38.72649478601246,36.75840877320951,0.0,0.0,0.0,0.0,0.0,0.0,0.0009438948204314734,0.0,0.0
579,12.73968187331399,12.739680575819134,12.73967927832428,12.739679283000173,12.739680575819134,12.739681868638096,40.397948978707404,38.533569100920865,36.672988951752416,0.0,0.0,0.0,0.0,0.0,0.0,0.0005297548351928527,0.0,0.0
580,12.67614238034105,12.676141153868656,12.676139927396262,12.676139931816206,12.676141153868656,12.676142375921104,40.10370930538547,38.341571162119436,36.58264667963706,0.0,0.0,0.0,0.0,0.0,0.0,0.00012508362634638948,0.0,0.0
581,12.61291979544481,12.61291863610724,12.61291747676967,12.612917480947672,12.61291863610724,12.612919791266805,39.81602374864369,38.1505016597923,36.48769755863699,0.0,0.0,0.0,0.0,0.0,0.0,0.0,0.0,0.0
582,12.550012537846232,12.55001144196865,12.550010346091069,12.550010350040374,12.55001144196865,12.550012533896924,39.53457973859376,37.96036046053827,36.388439949407285,0.0,0.0,0.0,0.0,0.0,0.0,0.0,0.0,0.0
583,12.487419034661032,12.487417998769756,12.487416962878482,12.487416966611608,12.487417998769756,12.487419030927901,39.259081808206425,37.77114673797689,36.2851558742575,0.0,0.0,0.0,0.0,0.0,0.0,0.0,0.0,0.0
584,12.425137720859729,12.425136741671219,12.42513576248271,12.425135766011493,12.425136741671219,12.425137717330943,38.98925062265646,37.58285908319197,36.17811187700623,0.0,0.0,0.0,0.0,0.0,0.0,0.0,0.0,0.0
585,12.363167039227914,12.363166113638366,12.36316518804882,12.363165191384445,12.363166113638366,12.363167035892287,38.72482206729433,37.39549559812268,36.06755984126349,0.0,0.0,0.0,0.0,0.0,0.0,0.0,0.0,0.0
586,12.301505440326762,12.30150456540227,12.301503690477778,12.301503693630817,12.30150456540227,12.301505437173722,38.46554639018668,37.20905397453238,35.95373776856807,0.0,0.0,0.0,0.0,0.0,0.0,0.0,0.0,0.0
587,12.240151382453762,12.240150555421014,12.240149728388264,12.240149731368712,12.240150555421014,12.240151379473312,38.211187395521435,37.02353156077977,35.83687051785986,0.0,0.0,0.0,0.0,0.0,0.0,0.0,0.0,0.0
588,12.179103331603661,12.17910254984115,12.179101768078638,12.179101770895942,12.17910254984115,12.179103328786356,37.96152168448626,36.83892541827384,35.71717050779674,0.0,0.0,0.0,0.0,0.0,0.0,0.0,0.0,0.0
589,12.118359761429645,12.118359022459362,12.118358283489078,12.118358286152167,12.118359022459362,12.118359758766553,37.716337940508616,36.65523236920378,35.5948383834366,0.0,0.0,0.0,0.0,0.0,0.0,0.0,0.0,0.0
590,12.05791915320472,12.0579184546843,12.057917756163878,12.057917758681196,12.0579184546843,12.057919150687402,37.47543625599505,36.47244903688981,35.47006364880106,0.0,0.0,0.0,0.0,0.0,0.0,0.0,0.0,0.0
591,11.99777999578333,11.997779335498622,11.997778675213912,11.997778677593438,11.997779335498622,11.997779993403805,37.23862749793094,36.29057187989308,35.34302526682122,0.0,0.0,0.0,0.0,0.0,0.0,0.0,0.0,0.0
592,11.937940785563166,11.937940161421217,11.937939537279266,11.937939539528543,11.937940161421217,11.93794078331389,37.00573270990324,36.10959722084731,35.213892228140566,0.0,0.0,0.0,0.0,0.0,0.0,0.0,0.0,0.0
593,11.878400026447192,11.878399436469616,11.878398846492036,11.878398848618193,11.878399436469616,11.878400024321035,36.77658254828966,35.92952127082646,35.082824090216995,0.0,0.0,0.0,0.0,0.0,0.0,0.0,0.0,0.0
594,11.819156229805891,11.819155672122593,11.819155114439292,11.819155116449068,11.819155672122593,11.819156227796118,36.551016750522194,35.75034014993691,34.94997148812776,0.0,0.0,0.0,0.0,0.0,0.0,0.0,0.0,0.0
595,11.760207914439704,11.760207387282954,11.760206860126203,11.760206862025967,11.760207387282954,11.760207912539942,36.32888363348135,35.57204990471667,34.8154766184383,0.0,0.0,0.0,0.0,0.0,0.0,0.0,0.0,0.0
596,11.701553606541678,11.701553108240509,11.70155260993934,11.701552611735115,11.701553108240509,11.701553604745904,36.110039620212994,35.39464652283415,34.6794736974507,0.0,0.0,0.0,0.0,0.0,0.0,0.0,0.0,0.0
597,11.643191839660314,11.643191368635227,11.643190897610138,11.643190899307616,11.643191368635227,11.643191837962839,35.8943487932831,35.21812594550307,34.54208939509964,0.0,0.0,0.0,0.0,0.0,0.0,0.0,0.0,0.0
598,11.585121154662625,11.585120709420577,11.585120264178528,11.58512026578309,11.585120709420577,11.585121153058065,35.68168247319867,35.04248407796586,34.40344324571544,0.0,0.0,0.0,0.0,0.0,0.0,0.0,0.0,0.0
599,11.52734009969738,11.527339678827055,11.527339257956731,11.527339259473461,11.527339678827055,11.52734009818065,35.47191882042666,34.867716798343594,34.2636480368242,0.0,0.0,0.0,0.0,0.0,0.0,0.0,0.0,0.0
600,11.469847230158551,11.469846832325885,11.469846434493222,11.469846435926929,11.469846832325885,11.469847228724845,35.26494245963799,34.69381996510438,34.12281017710605,0.0,0.0,0.0,0.0,0.0,0.0,0.0,0.0,0.0
601,11.412641108648957,11.412640732592912,11.412640356536873,11.412640357892101,11.412640732592912,11.412641107293728,35.06064412489126,34.520789423363546,33.981030044583555,0.0,0.0,0.0,0.0,0.0,0.0,0.0,0.0,0.0
602,11.355720304944098,11.355719949472665,11.355719594001233,11.35571959528228,11.355719949472665,11.355720303663054,34.85892032455186,34.348621010195664,33.838402316064474,0.0,0.0,0.0,0.0,0.0,0.0,0.0,0.0,0.0
603,11.299083395956185,11.299083059942598,11.299082723929011,11.299082725139936,11.299083059942598,11.299083394745262,34.65967302481713,34.17731055911114,33.695016278815615,0.0,0.0,0.0,0.0,0.0,0.0,0.0,0.0,0.0
604,11.24272896569835,11.242728648077524,11.242728330456698,11.242728331601338,11.242728648077524,11.242728964553711,34.46280935078745,34.00685390382613,33.55095612539898,0.0,0.0,0.0,0.0,0.0,0.0,0.0,0.0,0.0
605,11.186655605249062,11.186655305014211,11.18665500477936,11.186655005861345,11.186655305014211,11.186655604167077,34.26824130408766,33.83724688143495,33.40630123255672,0.0,0.0,0.0,0.0,0.0,0.0,0.0,0.0,0.0
606,11.130861912716714,11.130861628916161,11.130861345115608,11.130861346138369,11.130861628916161,11.130861911693955,34.07588549610325,33.668485335077165,33.261126424988205,0.0,0.0,0.0,0.0,0.0,0.0,0.0,0.0,0.0
607,11.075346493204405,11.075346224938569,11.07534595667273,11.075345957639508,11.075346224938569,11.07534649223763,33.885662895951356,33.500565116177455,33.11550222482119,0.0,0.0,0.0,0.0,0.0,0.0,0.0,0.0,0.0
608,11.020107958774902,11.02010770519344,11.020107451611976,11.020107452525835,11.02010770519344,11.020107957861047,33.69749859235882,33.33348208632417,32.969495087538796,0.0,0.0,0.0,0.0,0.0,0.0,0.0,0.0,0.0
609,10.96514492841579,10.965144688714906,10.965144449014021,10.965144449877856,10.965144688714906,10.965144927551956,33.51132156866804,33.16723211884234,32.8231676250857,0.0,0.0,0.0,0.0,0.0,0.0,0.0,0.0,0.0
610,10.910456028004793,10.91045580142469,10.910455574844589,10.910455575661139,10.91045580142469,10.910456027188244,33.327064490236836,33.00181110010849,32.67657881684026,0.0,0.0,0.0,0.0,0.0,0.0,0.0,0.0,0.0
611,10.856039890275293,10.856039676097765,10.856039461920238,10.856039462692092,10.856039676097765,10.85603988950344,33.14466350354109,32.837214930646994,32.529784209103724,0.0,0.0,0.0,0.0,0.0,0.0,0.0,0.0,0.0
612,10.80189515478201,10.801894952328162,10.801894749874315,10.80189475060392,10.801894952328162,10.801895154052406,32.96405804632866,32.67343952604187,32.3828361037244,0.0,0.0,0.0,0.0,0.0,0.0,0.0,0.0,0.0
613,10.748020467866866,10.748020276494966,10.748020085123066,10.748020085812735,10.748020276494966,10.748020467177199,32.785190668210475,32.51048081769249,32.235783736442215,0.0,0.0,0.0,0.0,0.0,0.0,0.0,0.0,0.0
614,10.694414482625032,10.694414301728475,10.694414120831917,10.694414121483836,10.694414301728475,10.694414481973116,32.60800686110977,32.34833475343738,32.088673445508604,0.0,0.0,0.0,0.0,0.0,0.0,0.0,0.0,0.0
615,10.641075858871144,10.641075687876528,10.641075516881912,10.641075517498148,10.641075687876528,10.641075858254911,32.43245489902321,32.186997298066515,31.94154883110754,0.0,0.0,0.0,0.0,0.0,0.0,0.0,0.0,0.0
616,10.588003263105689,10.588003101471001,10.588002939836315,10.588002940418818,10.588003101471001,10.58800326252319,32.258485686578716,32.02646443373942,31.794450906075582,0.0,0.0,0.0,0.0,0.0,0.0,0.0,0.0,0.0
617,10.535195368481576,10.53519521569447,10.535195062907366,10.535195063457985,10.53519521569447,10.53519536793096,32.0860526159037,31.86673216032363,31.647418238392643,0.0,0.0,0.0,0.0,0.0,0.0,0.0,0.0,0.0
618,10.482650854770863,10.48265071034704,10.482650565923219,10.482650566443699,10.48265071034704,10.482650854250387,31.915111431344968,31.707796495665914,31.500487085889873,0.0,0.0,0.0,0.0,0.0,0.0,0.0,0.0,0.0
619,10.430368408331672,10.43036827181334,10.430368135295012,10.430368135787,10.43036827181334,10.430368407839685,31.745620101607088,31.549653475806707,31.35369152359742,0.0,0.0,0.0,0.0,0.0,0.0,0.0,0.0,0.0
620,10.378346722075257,10.378346593029685,10.378346463984116,10.378346464449175,10.378346593029685,10.378346721610201,31.577538698900288,31.39229915514653,31.207063564132017,0.0,0.0,0.0,0.0,0.0,0.0,0.0,0.0,0.0
621,10.326584495433252,10.326584373451395,10.32658425146954,10.326584251909145,10.326584373451395,10.326584494993652,31.410829284711895,31.23572960657194,31.06063327150313,0.0,0.0,0.0,0.0,0.0,0.0,0.0,0.0,0.0
622,10.275080434325082,10.275080319020285,10.275080203715492,10.275080204131031,10.275080319020285,10.275080433909544,31.245455801836698,31.07994092154729,30.91442886869576,0.0,0.0,0.0,0.0,0.0,0.0,0.0,0.0,0.0
623,10.223833251125537,10.22383314213231,10.223833033139087,10.223833033531882,10.22383314213231,10.223833250732746,31.081383972321913,30.92492921017767,30.768476839369004,0.0,0.0,0.0,0.0,0.0,0.0,0.0,0.0,0.0
624,10.17284166463252,10.172841561605381,10.172841458578244,10.172841458949538,10.172841561605381,10.172841664261231,30.918581201001594,30.77069060124752,30.622802023990875,0.0,0.0,0.0,0.0,0.0,0.0,0.0,0.0,0.0
625,10.122104400034953,10.122104302647328,10.122104205259705,10.122104205610675,10.122104302647328,10.122104399683987,30.75701648431333,30.617221242238774,30.47742771071287,0.0,0.0,0.0,0.0,0.0,0.0,0.0,0.0,0.0
626,10.071620188880841,10.071620096824034,10.07162000476723,10.071620005098989,10.071620096824034,10.071620188549087,30.596660324107006,30.46451729933172,30.332375721271106,0.0,0.0,0.0,0.0,0.0,0.0,0.0,0.0,0.0
627,10.021387769045512,10.021387682027726,10.02138759500994,10.021387595323539,10.021387682027726,10.021387768731918,30.437484646171608,30.312574957391373,30.187666492185414,0.0,0.0,0.0,0.0,0.0,0.0,0.0,0.0,0.0
628,9.97140588470001,9.971405802445416,9.971405720190823,9.971405720487255,9.971405802445416,9.97140588440358,30.279462723220995,30.16139041994159,30.04331915151311,0.0,0.0,0.0,0.0,0.0,0.0,0.0,0.0,0.0
629,9.921673286279642,9.92167320852751,9.921673130775382,9.921673131055588,9.92167320852751,9.921673285999438,30.12256910209403,30.010959909128978,29.899351591400073,0.0,0.0,0.0,0.0,0.0,0.0,0.0,0.0,0.0
630,9.872188730452697,9.872188656956572,9.872188583460453,9.87218858372532,9.872188656956572,9.87218873018783,29.966779534937828,29.861279665678165,29.755780536658758,0.0,0.0,0.0,0.0,0.0,0.0,0.0,0.0,0.0
631,9.822950980089319,9.822950910616235,9.822950841143157,9.822950841393528,9.822950910616235,9.82295097983895,29.812070914155697,29.712345948839875,29.612621609590107,0.0,0.0,0.0,0.0,0.0,0.0,0.0,0.0,0.0
632,9.773958804230533,9.773958738560276,9.773958672890025,9.773958673126693,9.773958738560276,9.77395880399387,29.6584212109133,29.56415503633299,29.46988939125469,0.0,0.0,0.0,0.0,0.0,0.0,0.0,0.0,0.0
633,9.725210978057431,9.725210915981842,9.725210853906258,9.725210854129973,9.725210915981842,9.725210977833722,29.50580941700802,29.41670322428157,29.327597479387062,0.0,0.0,0.0,0.0,0.0,0.0,0.0,0.0,0.0
634,9.676706282860515,9.67670622418283,9.676706165505147,9.676706165716617,9.67670622418283,9.676706282649052,29.354215489917134,29.269986827147694,29.18575854313687,0.0,0.0,0.0,0.0,0.0,0.0,0.0,0.0,0.0
635,9.628443506009194,9.628443450543417,9.628443395077642,9.628443395277538,9.628443450543417,9.628443505809306,29.20362030085062,29.12400217766086,29.044384374810214,0.0,0.0,0.0,0.0,0.0,0.0,0.0,0.0,0.0
636,9.580421440921434,9.58042138849175,9.58042133606207,9.580421336251023,9.58042138849175,9.580421440732486,29.05400558564394,28.97874562674448,28.90348593877523,0.0,0.0,0.0,0.0,0.0,0.0,0.0,0.0,0.0
637,9.532638887033556,9.532638837473776,9.532638787914,9.53263878809261,9.532638837473776,9.53263888685495,28.905353898335193,28.834213543440075,28.763073417687053,0.0,0.0,0.0,0.0,0.0,0.0,0.0,0.0,0.0
638,9.4850946497702,9.485094602923231,9.485094556076264,9.485094556245098,9.485094602923231,9.485094649601372,28.75764856727962,28.690402314829488,28.62315625617871,0.0,0.0,0.0,0.0,0.0,0.0,0.0,0.0,0.0
639,9.437787540514428,9.437787496231776,9.437787451949124,9.437787452108717,9.437787496231776,9.43778754035484,28.61087365366244,28.547308345955596,28.483743202156617,0.0,0.0,0.0,0.0,0.0,0.0,0.0,0.0,0.0
640,9.390716376577979,9.390716334719277,9.390716292860576,9.390716293011433,9.390716334719277,9.390716376427127,28.465013912278664,28.404928059741746,28.34484234583165,0.0,0.0,0.0,0.0,0.0,0.0,0.0,0.0,0.0
641,9.34387998117168,9.343879941604246,9.343879902036814,9.343879902179411,9.343879941604246,9.343879981029085,28.32005475445573,28.263257896910194,28.206461156609762,0.0,0.0,0.0,0.0,0.0,0.0,0.0,0.0,0.0
642,9.297277183376004,9.297277145974418,9.297277108572832,9.297277108707624,9.297277145974418,9.297277183241212,28.17598221300167,28.122294315899786,28.068606517959193,0.0,0.0,0.0,0.0,0.0,0.0,0.0,0.0,0.0
643,9.250906818111764,9.250906782757472,9.250906747403178,9.250906747530593,9.250906782757472,9.25090681798435,28.032782909067812,27.98203379278306,27.931284760365024,0.0,0.0,0.0,0.0,0.0,0.0,0.0,0.0,0.0
644,9.204767726110976,9.204767692691913,9.204767659272848,9.204767659393287,9.204767692691913,9.204767725990537,27.89044402082125,27.84247282118291,27.794501692475734,0.0,0.0,0.0,0.0,0.0,0.0,0.0,0.0,0.0
645,9.158858753887852,9.158858722298087,9.15885869070832,9.158858690822166,9.158858722298087,9.158858753774005,27.748953253827974,27.70360791218895,27.658262630540715,0.0,0.0,0.0,0.0,0.0,0.0,0.0,0.0,0.0
646,9.113178753709942,9.113178723849343,9.11317869398874,9.113178694096353,9.113178723849343,9.113178753602329,27.60829881305302,27.565435594273715,27.522572426232262,0.0,0.0,0.0,0.0,0.0,0.0,0.0,0.0,0.0
647,9.067726583569424,9.06772655534334,9.06772652711725,9.067726527218973,9.06772655534334,9.067726583467701,27.468469376389084,27.42795241320874,27.387435492940472,0.0,0.0,0.0,0.0,0.0,0.0,0.0,0.0,0.0
648,9.022501107154538,9.022501080473498,9.022501053792451,9.022501053888607,9.022501080473498,9.022501107058385,27.329454069630003,27.291154931980646,27.25285583062463,0.0,0.0,0.0,0.0,0.0,0.0,0.0,0.0,0.0
649,8.977501193821158,8.97750116860059,8.977501143380016,8.977501143470906,8.97750116860059,8.977501193730271,27.19124244280992,27.155039730707276,27.118837049300115,0.0,0.0,0.0,0.0,0.0,0.0,0.0,0.0,0.0
650,8.932725718564518,8.932725694724475,8.932725670884428,8.932725670970346,8.932725694724475,8.932725718478604,27.053824447833446,27.019603406553955,26.98538239123549,0.0,0.0,0.0,0.0,0.0,0.0,0.0,0.0,0.0
651,8.888173561991058,8.888173539455975,8.88817351692089,8.888173517002102,8.888173539455975,8.888173561909849,26.917190417326154,26.884842573649873,26.852494751930404,0.0,0.0,0.0,0.0,0.0,0.0,0.0,0.0,0.0
652,8.843843610290444,8.843843588988888,8.843843567687331,8.843843567764097,8.843843588988888,8.843843610213678,26.781331044638563,26.7507538630047,26.72017669994104,0.0,0.0,0.0,0.0,0.0,0.0,0.0,0.0,0.0
653,8.799734755207691,8.799734735072143,8.799734714936593,8.799734715009158,8.799734735072143,8.799734755135127,26.646237364940554,26.61733392242541,26.588430495616212,0.0,0.0,0.0,0.0,0.0,0.0,0.0,0.0,0.0
654,8.75584589401546,8.755845874982095,8.755845855948726,8.755845856017322,8.755845874982095,8.755845893946868,26.51190073734648,26.484579416433373,26.457258108803735,0.0,0.0,0.0,0.0,0.0,0.0,0.0,0.0,0.0
655,8.712175929486468,8.712175911494954,8.712175893503439,8.71217589356828,8.712175911494954,8.712175929421631,26.378312828014597,26.352487026181713,26.32666123558347,0.0,0.0,0.0,0.0,0.0,0.0,0.0,0.0,0.0
656,8.668723769866054,8.66872375285936,8.668723735852668,8.668723735913959,8.66872375285936,8.668723769804766,26.245465594167495,26.221053449372995,26.196641314080306,0.0,0.0,0.0,0.0,0.0,0.0,0.0,0.0,0.0
657,8.625488328844863,8.625488312769086,8.625488296693307,8.625488296751245,8.625488312769086,8.62548832878693,26.113351268983127,26.09027540017718,26.06719953940749,0.0,0.0,0.0,0.0,0.0,0.0,0.0,0.0,0.0
658,8.582468525531693,8.582468510335875,8.582468495140054,8.58246849519482,8.582468510335875,8.582468525476934,25.98196234730877,25.960149609149955,25.93833687778789,0.0,0.0,0.0,0.0,0.0,0.0,0.0,0.0,0.0
659,8.539663284426453,8.539663270062427,8.539663255698395,8.539663255750165,8.539663270062427,8.539663284374692,25.851291572152956,25.83067282315138,25.810054079898237,0.0,0.0,0.0,0.0,0.0,0.0,0.0,0.0,0.0
660,8.497071535393271,8.497071521815505,8.497071508237733,8.497071508286668,8.497071521815505,8.497071535344343,25.72133192191271,25.701841805264888,25.682351693478857,0.0,0.0,0.0,0.0,0.0,0.0,0.0,0.0,0.0
661,8.454692213633729,8.454692200799183,8.454692187964634,8.45469218801089,8.454692200799183,8.454692213587478,25.59207659829597,25.57365333471662,25.555230075249177,0.0,0.0,0.0,0.0,0.0,0.0,0.0,0.0,0.0
662,8.412524259660238,8.41252424752823,8.41252423539622,8.412524235439944,8.41252424752823,8.41252425961652,25.463519014901056,25.446104206795162,25.42868940216696,0.0,0.0,0.0,0.0,0.0,0.0,0.0,0.0,0.0
663,8.370566619269542,8.370566607801619,8.370566596333692,8.370566596375022,8.370566607801619,8.370566619228217,25.335652786417302,25.319191232771615,25.30272968206722,0.0,0.0,0.0,0.0,0.0,0.0,0.0,0.0,0.0
664,8.328818243516361,8.32881823267617,8.328818221835975,8.328818221875045,8.32881823267617,8.328818243477297,25.208471718412852,25.19291123982004,25.177350763714863,0.0,0.0,0.0,0.0,0.0,0.0,0.0,0.0,0.0
665,8.28727808868715,8.28727807844033,8.287278068193508,8.287278068230439,8.28727807844033,8.287278088650224,25.081969797677484,25.06726107093829,25.05255234630304,0.0,0.0,0.0,0.0,0.0,0.0,0.0,0.0,0.0
666,8.24594511627401,8.245945106588081,8.245945096902151,8.24594509693706,8.245945106588081,8.245945116239104,24.95614118309013,24.942237584869194,24.928333988427692,0.0,0.0,0.0,0.0,0.0,0.0,0.0,0.0,0.0
667,8.204818292948712,8.204818283792974,8.204818274637233,8.204818274670231,8.204818283792974,8.204818292915718,24.83098019698233,24.817837656022125,24.80469511656689,0.0,0.0,0.0,0.0,0.0,0.0,0.0,0.0,0.0
668,8.163896590536867,8.163896581882296,8.163896573227722,8.163896573258913,8.163896581882296,8.16389659050568,24.706481316970603,24.694058174394957,24.681635033092153,0.0,0.0,0.0,0.0,0.0,0.0,0.0,0.0,0.0
669,8.123178985992203,8.123178977811369,8.123178969630532,8.123178969660014,8.123178977811369,8.123178985962722,24.58263916823193,24.570896045496376,24.55915292383734,0.0,0.0,0.0,0.0,0.0,0.0,0.0,0.0,0.0
670,8.082664461371,8.08266445363797,8.082664445904935,8.082664445932803,8.08266445363797,8.082664461343134,24.45944851619826,24.448348190268582,24.437247865249372,0.0,0.0,0.0,0.0,0.0,0.0,0.0,0.0,0.0
671,8.042352003806622,8.042351996496883,8.042351989187141,8.042351989213483,8.042351996496883,8.042352003780282,24.33690425964705,24.326411545010366,24.315918831143723,0.0,0.0,0.0,0.0,0.0,0.0,0.0,0.0,0.0
672,8.002240605484198,8.002240598574582,8.002240591664961,8.002240591689862,8.002240598574582,8.002240605459303,24.215001424166154,24.205083061300563,24.19516469908624,0.0,0.0,0.0,0.0,0.0,0.0,0.0,0.0,0.0
673,7.962329263615427,7.962329257084029,7.962329250552629,7.9623292505761665,7.962329257084029,7.962329263591892,24.093735155972677,24.084359705921877,24.07498425642189,0.0,0.0,0.0,0.0,0.0,0.0,0.0,0.0,0.0
674,7.92261698041349,7.922616974239609,7.922616968065724,7.922616968087974,7.922616974239609,7.9226169803912425,23.973100716066334,23.964238460785072,23.955376205969664,0.0,0.0,0.0,0.0,0.0,0.0,0.0,0.0,0.0
675,7.8831027630681145,7.88310275723218,7.883102751396243,7.883102751417274,7.88310275723218,7.883102763047085,23.853093474699097,23.84471632285356,23.836339171402024,0.0,0.0,0.0,0.0,0.0,0.0,0.0,0.0,0.0
676,7.8437856237207475,7.843785618204262,7.843785612687772,7.843785612707652,7.843785618204262,7.843785623700869,23.73370890614382,23.725790304068344,23.717871702326093,0.0,0.0,0.0,0.0,0.0,0.0,0.0,0.0,0.0
677,7.804664579439852,7.804664574225328,7.804664569010802,7.804664569029594,7.804664574225328,7.804664579421062,23.614942583745464,23.607457431273325,23.599972279083016,0.0,0.0,0.0,0.0,0.0,0.0,0.0,0.0,0.0
678,7.765738652196335,7.765738647267244,7.765738642338151,7.765738642355915,7.765738647267244,7.765738652178573,23.496790175239497,23.489714746141,23.482639317280867,0.0,0.0,0.0,0.0,0.0,0.0,0.0,0.0,0.0
679,7.727006868839089,7.727006864179808,7.727006859520524,7.727006859537315,7.727006864179808,7.7270068688223,23.379247438322878,23.372559305098527,23.365871172075767,0.0,0.0,0.0,0.0,0.0,0.0,0.0,0.0,0.0
680,7.688468261070665,7.688468256666424,7.688468252262181,7.688468252278053,7.688468256666424,7.688468261054795,23.262310216463778,23.25598817925411,23.24966614221494,0.0,0.0,0.0,0.0,0.0,0.0,0.0,0.0,0.0
681,7.65012186542306,7.650121861259899,7.650121857096736,7.650121857111738,7.650121861259899,7.6501218654080585,23.14597443493701,23.13999845432383,23.13402247385485,0.0,0.0,0.0,0.0,0.0,0.0,0.0,0.0,0.0
682,7.6119667232336266,7.61196671929835,7.61196671536307,7.6119667153772514,7.61196671929835,7.611966723219446,23.03023609707284,23.024587230558765,23.018938364166644,0.0,0.0,0.0,0.0,0.0,0.0,0.0,0.0,0.0
683,7.574001880621107,7.57400187690124,7.57400187318137,7.574001873194774,7.57400187690124,7.574001880607702,22.91509128070751,22.90975162267252,22.90441196474067,0.0,0.0,0.0,0.0,0.0,0.0,0.0,0.0,0.0
684,7.53622638846178,7.5362263849455315,7.53622638142928,7.536226381441951,7.5362263849455315,7.536226388449109,22.800536134824426,22.795488759769093,22.790441384800992,0.0,0.0,0.0,0.0,0.0,0.0,0.0,0.0,0.0
685,7.498639302365735,7.498639299041959,7.49863929571818,7.498639295730158,7.498639299041959,7.498639302353758,22.68656687637563,22.68179578527111,22.677024694240366,0.0,0.0,0.0,0.0,0.0,0.0,0.0,0.0,0.0
686,7.461239682653256,7.461239679511417,7.461239676369576,7.461239676380899,7.461239679511417,7.461239682641934,22.573179787273684,22.56866985684841,22.564159926485534,0.0,0.0,0.0,0.0,0.0,0.0,0.0,0.0,0.0
687,7.4240265943313295,7.42402659136147,7.424026588391607,7.42402658840231,7.42402659136147,7.424026594320628,22.46037121154466,22.456108146347,22.451845081202112,0.0,0.0,0.0,0.0,0.0,0.0,0.0,0.0,0.0
688,7.38699910707027,7.386999104262975,7.386999101455676,7.386999101465793,7.386999104262975,7.386999107060154,22.34813755263344,22.344107839718344,22.340078126847885,0.0,0.0,0.0,0.0,0.0,0.0,0.0,0.0,0.0
689,7.350156295180455,7.350156292526826,7.350156289873194,7.350156289882757,7.350156292526826,7.350156295170893,22.236475270852978,22.232666136949017,22.228857003082812,0.0,0.0,0.0,0.0,0.0,0.0,0.0,0.0,0.0
690,7.3134972375891865,7.313497235080812,7.313497232572434,7.313497232581474,7.313497235080812,7.3134972375801475,22.125380880969725,22.121780251990714,22.118179623043638,0.0,0.0,0.0,0.0,0.0,0.0,0.0,0.0,0.0
691,7.277021017817657,7.277021015446586,7.277021013075512,7.277021013084057,7.277021015446586,7.277021017809113,22.014850949917705,22.01144741269059,22.008043875490483,0.0,0.0,0.0,0.0,0.0,0.0,0.0,0.0,0.0
692,7.2407267239580415,7.240726721716758,7.2407267194754725,7.24072671948355,7.240726721716758,7.240726723949965,21.904882094634274,21.90166486072196,21.89844762683249,0.0,0.0,0.0,0.0,0.0,0.0,0.0,0.0,0.0
693,7.2046134486506945,7.204613446532094,7.204613444413493,7.204613444421128,7.204613446532094,7.204613448643061,21.795470980010883,21.792429851515347,21.78938872303913,0.0,0.0,0.0,0.0,0.0,0.0,0.0,0.0,0.0
694,7.1686802890614665,7.168680287058835,7.168680285056202,7.168680285063418,7.168680287058835,7.168680289054251,21.686614316952596,21.683739654189864,21.680864991443475,0.0,0.0,0.0,0.0,0.0,0.0,0.0,0.0,0.0
695,7.132926346859132,7.132926344966121,7.132926343073108,7.13292634307993,7.132926344966121,7.132926346852312,21.5783088605404,21.575591551484944,21.572874242443312,0.0,0.0,0.0,0.0,0.0,0.0,0.0,0.0,0.0
696,7.097350728192929,7.097350726403538,7.097350724614145,7.097350724620593,7.097350726403538,7.097350728186482,21.470551408290728,21.467982839692414,21.46541427110579,0.0,0.0,0.0,0.0,0.0,0.0,0.0,0.0,0.0
697,7.061952543670212,7.061952541978769,7.061952540287325,7.06195254029342,7.061952541978769,7.061952543664118,21.363338798506845,21.360910828588892,21.358482858680823,0.0,0.0,0.0,0.0,0.0,0.0,0.0,0.0,0.0
698,7.026730908334216,7.02673090673536,7.026730905136502,7.026730905142264,7.02673090673536,7.026730908328456,21.25666790871714,21.25437284136854,21.252077774028294,0.0,0.0,0.0,0.0,0.0,0.0,0.0,0.0,0.0
699,6.991684941641933,6.991684940130596,6.991684938619256,6.991684938624702,6.991684940130596,6.991684941636488,21.15053565419555,21.148366214576143,21.1461967749638,0.0,0.0,0.0,0.0,0.0,0.0,0.0,0.0,0.0
700,6.956813767442093,6.956813766013485,6.956813764584873,6.95681376459002,6.956813766013485,6.956813767436947,21.04493898655963,21.04288829804052,21.040837609527394,0.0,0.0,0.0,0.0,0.0,0.0,0.0,0.0,0.0
701,6.922116513953268,6.922116512602859,6.9221165112524465,6.922116511257312,6.922116512602859,6.922116513948403,20.93987489244206,20.937936454808277,20.93599801717956,0.0,0.0,0.0,0.0,0.0,0.0,0.0,0.0,0.0
702,6.887592313742066,6.887592312465575,6.887592311189081,6.887592311193681,6.887592312465575,6.887592313737467,20.83534039223159,20.833508061077875,20.831675729928453,0.0,0.0,0.0,0.0,0.0,0.0,0.0,0.0,0.0
703,6.85324030370145,6.853240302494831,6.853240301288211,6.8532403012925585,6.853240302494831,6.853240303697103,20.73133253887959,20.72960050613404,20.727868473392125,0.0,0.0,0.0,0.0,0.0,0.0,0.0,0.0,0.0
704,6.819059625029161,6.81905962388859,6.819059622748018,6.819059622752127,6.81905962388859,6.8190596250250515,20.627848416768696,20.626211192282494,20.624573967799368,0.0,0.0,0.0,0.0,0.0,0.0,0.0,0.0,0.0
705,6.785049423206244,6.785049422128106,6.785049421049966,6.785049421053851,6.785049422128106,6.785049423202359,20.524885140640116,20.523337534785007,20.521789928932503,0.0,0.0,0.0,0.0,0.0,0.0,0.0,0.0,0.0
706,6.751208847975686,6.751208846956563,6.751208845937439,6.751208845941111,6.751208846956563,6.751208847972014,20.42243985457643,20.420976961794793,20.419514069015356,0.0,0.0,0.0,0.0,0.0,0.0,0.0,0.0,0.0
707,6.717537053321158,6.7175370523578195,6.717537051394482,6.717537051397952,6.7175370523578195,6.717537053317686,20.320509731036864,20.319126914292195,20.31774409754939,0.0,0.0,0.0,0.0,0.0,0.0,0.0,0.0,0.0
708,6.684033197445865,6.684033196535258,6.684033195624651,6.684033195627931,6.684033196535258,6.684033197442583,20.21909196994215,20.217784846020727,20.216477722100883,0.0,0.0,0.0,0.0,0.0,0.0,0.0,0.0,0.0
709,6.6506964427514985,6.650696441890736,6.650696441029974,6.650696441033075,6.650696441890736,6.650696442748395,20.11818379780631,20.116948223423403,20.115712649041836,0.0,0.0,0.0,0.0,0.0,0.0,0.0,0.0,0.0
710,6.617525955817298,6.617525955003653,6.6175259541900076,6.617525954192938,6.617525955003653,6.617525955814365,20.01778246691281,20.016614525579413,20.015446584247147,0.0,0.0,0.0,0.0,0.0,0.0,0.0,0.0,0.0
711,6.584520907379215,6.584520906610107,6.584520905840999,6.584520905843769,6.584520906610107,6.584520907376443,19.91788525453264,19.916781244141085,19.915677233750486,0.0,0.0,0.0,0.0,0.0,0.0,0.0,0.0,0.0
712,6.551680472309179,6.551680471582171,6.551680470855162,6.551680470857781,6.551680471582171,6.5516804723065585,19.81848946218205,19.817445883271184,19.816402304361123,0.0,0.0,0.0,0.0,0.0,0.0,0.0,0.0,0.0
713,6.51900382959447,6.519003828907258,6.519003828220044,6.51900382822252,6.519003828907258,6.519003829591994,19.719592414917845,19.718605959580515,19.71761950424387,0.0,0.0,0.0,0.0,0.0,0.0,0.0,0.0,0.0
714,6.486490162317194,6.486490161667599,6.486490161018002,6.486490161020342,6.486490161667599,6.486490162314854,19.62119146066808,19.620259002065843,19.619326543464187,0.0,0.0,0.0,0.0,0.0,0.0,0.0,0.0,0.0
715,6.454138657633858,6.45413865701982,6.454138656405782,6.454138656407992,6.45413865701982,6.4541386576316455,19.523283969596356,19.522402552048106,19.521521134500347,0.0,0.0,0.0,0.0,0.0,0.0,0.0,0.0,0.0
716,6.421948506755047,6.421948506174621,6.421948505594193,6.421948505596283,6.421948506174621,6.421948506752956,19.42586733349783,19.425034163110958,19.424200992724504,0.0,0.0,0.0,0.0,0.0,0.0,0.0,0.0,0.0
717,6.389918904925207,6.389918904376552,6.389918903827896,6.389918903829871,6.389918904376552,6.38991890492323,19.328938965225205,19.328151401039605,19.32736383685436,0.0,0.0,0.0,0.0,0.0,0.0,0.0,0.0,0.0
718,6.358049051402524,6.358049050883902,6.358049050365278,6.3580490503671445,6.358049050883902,6.358049051400656,19.23249629814313,19.23175184375995,19.231007389377073,0.0,0.0,0.0,0.0,0.0,0.0,0.0,0.0,0.0
719,6.3263381494389055,6.326338148948672,6.3263381484584365,6.326338148460201,6.326338148948672,6.326338149437139,19.136536785609408,19.135833081278044,19.13512937694693,0.0,0.0,0.0,0.0,0.0,0.0,0.0,0.0,0.0
720,6.294785406260061,6.294785405796663,6.294785405333262,6.29478540533493,6.294785405796663,6.294785406258392,19.04105790048161,19.040392715619827,19.03972753075825,0.0,0.0,0.0,0.0,0.0,0.0,0.0,0.0,0.0
721,6.2633900330456855,6.263390032607653,6.263390032169617,6.263390032171194,6.263390032607653,6.263390033044107,18.946057134647695,18.945428360771185,18.944799586894845,0.0,0.0,0.0,0.0,0.0,0.0,0.0,0.0,0.0
722,6.232151244909732,6.232151244495676,6.232151244081618,6.2321512440831075,6.232151244495676,6.2321512449082395,18.851531998579325,18.850937642618298,18.85034328665742,0.0,0.0,0.0,0.0,0.0,0.0,0.0,0.0,0.0
723,6.2010682608807945,6.201068260489404,6.201068260098009,6.201068260099418,6.201068260489404,6.201068260879384,18.757480020906684,18.756918198888297,18.75635637687004,0.0,0.0,0.0,0.0,0.0,0.0,0.0,0.0,0.0
724,6.170140303882583,6.170140303512616,6.170140303142645,6.1701403031439765,6.170140303512616,6.170140303881249,18.663898748013597,18.663367679090193,18.6628366101669,0.0,0.0,0.0,0.0,0.0,0.0,0.0,0.0,0.0
725,6.139366600714493,6.139366600364777,6.139366600015059,6.139366600016317,6.139366600364777,6.139366600713232,18.570785743651907,18.570283744456116,18.56978174526042,0.0,0.0,0.0,0.0,0.0,0.0,0.0,0.0,0.0
726,6.10874638203228,6.108746381701707,6.108746381371131,6.108746381372321,6.108746381701707,6.108746382031088,18.478138588573987,18.477664067882852,18.477189547191802,0.0,0.0,0.0,0.0,0.0,0.0,0.0,0.0,0.0
727,6.078278882328821,6.078278882016343,6.078278881703863,6.078278881704987,6.078278882016343,6.0782788823276945,18.38595488018251,18.385506333873664,18.385057787564893,0.0,0.0,0.0,0.0,0.0,0.0,0.0,0.0,0.0
728,6.04796333991498,6.047963339619606,6.047963339324231,6.047963339325294,6.047963339619606,6.047963339913915,18.294232232196457,18.293808238480402,18.29338424476441,0.0,0.0,0.0,0.0,0.0,0.0,0.0,0.0,0.0
729,6.017798996900565,6.017798996621359,6.017798996342152,6.017798996343156,6.017798996621359,6.0177989968995576,18.202968274332544,18.202567489245904,18.202166704159318,0.0,0.0,0.0,0.0,0.0,0.0,0.0,0.0,0.0
730,5.987785099175377,5.987785098911454,5.987785098647531,5.98778509864848,5.987785098911454,5.987785099174425,18.112160652001236,18.11178180514669,18.111402958292192,0.0,0.0,0.0,0.0,0.0,0.0,0.0,0.0,0.0
731,5.9579208963903625,5.9579208961408865,5.9579208958914105,5.9579208958923076,5.9579208961408865,5.957920896389463,18.0218070260165,18.021448916535928,18.02109080705539,0.0,0.0,0.0,0.0,0.0,0.0,0.0,0.0,0.0
732,5.928205641938852,5.928205641703031,5.928205641467211,5.928205641468059,5.928205641703031,5.928205641938001,17.931905072318674,17.931566565086694,17.931228057854746,0.0,0.0,0.0,0.0,0.0,0.0,0.0,0.0,0.0
733,5.898638592937892,5.898638592714979,5.898638592492067,5.89863859249287,5.898638592714979,5.898638592937087,17.842452481709632,17.842132503735524,17.84181252576144,0.0,0.0,0.0,0.0,0.0,0.0,0.0,0.0,0.0
734,5.869219010209677,5.869219009998966,5.869219009788256,5.869219009789015,5.869219009998966,5.869219010208916,17.75344695959966,17.753144496626224,17.752842033652808,0.0,0.0,0.0,0.0,0.0,0.0,0.0,0.0,0.0
735,5.839946158263069,5.839946158063892,5.839946157864715,5.839946157865433,5.839946158063892,5.839946158262349,17.664886225765393,17.66460031905398,17.664314412342595,0.0,0.0,0.0,0.0,0.0,0.0,0.0,0.0,0.0
736,5.810819305275207,5.810819305086933,5.81081930489866,5.810819304899337,5.810819305086933,5.810819305274528,17.5767680141182,17.57649775740975,17.576227500701318,0.0,0.0,0.0,0.0,0.0,0.0,0.0,0.0,0.0
737,5.781837723073217,5.781837722895249,5.781837722717281,5.781837722717922,5.781837722895249,5.781837723072575,17.489090072482515,17.488834609124897,17.488579145767297,0.0,0.0,0.0,0.0,0.0,0.0,0.0,0.0,0.0
738,5.753000687116001,5.753000686947774,5.753000686779549,5.753000686780155,5.753000686947774,5.753000687115393,17.401850162383514,17.40160868261615,17.4013672028488,0.0,0.0,0.0,0.0,0.0,0.0,0.0,0.0,0.0
739,5.7243074764761275,5.72430747631711,5.724307476158092,5.724307476158665,5.72430747631711,5.724307476475553,17.315046058843702,17.314817797230802,17.314589535617916,0.0,0.0,0.0,0.0,0.0,0.0,0.0,0.0,0.0
740,5.695757373821808,5.695757373671494,5.695757373521181,5.695757373521722,5.695757373671494,5.695757373821264,17.228675550187887,17.2284597831922,17.228244016196527,0.0,0.0,0.0,0.0,0.0,0.0,0.0,0.0,0.0
741,5.66734966539896,5.667349665256874,5.667349665114789,5.6673496651153,5.667349665256874,5.667349665398446,17.142736437856136,17.142532481545494,17.142328525234866,0.0,0.0,0.0,0.0,0.0,0.0,0.0,0.0,0.0
742,5.639083641013368,5.63908364087906,5.639083640744753,5.639083640745237,5.63908364087906,5.639083641012883,17.057226536224253,17.057033744103666,17.056840951983094,0.0,0.0,0.0,0.0,0.0,0.0,0.0,0.0,0.0
743,5.610958594012927,5.610958593885972,5.610958593759015,5.610958593759474,5.610958593885972,5.610958594012469,16.972143672431407,16.97196143339383,16.971779194356262,0.0,0.0,0.0,0.0,0.0,0.0,0.0,0.0,0.0
744,5.582973821269974,5.5829738211499675,5.58297382102996,5.582973821030394,5.5829738211499675,5.58297382126954,16.88748568621454,16.887313422603786,16.88714115899304,0.0,0.0,0.0,0.0,0.0,0.0,0.0,0.0,0.0
745,5.555128623163709,5.5551286230502726,5.555128622936834,5.555128622937243,5.5551286230502726,5.5551286231633,16.803250429749145,16.803087595528854,16.80292476130857,0.0,0.0,0.0,0.0,0.0,0.0,0.0,0.0,0.0
746,5.527422303562711,5.5274223034554835,5.527422303348255,5.527422303348641,5.5274223034554835,5.527422303562324,16.71943576749614,16.71928184651897,16.719127925541812,0.0,0.0,0.0,0.0,0.0,0.0,0.0,0.0,0.0
747,5.499854169807525,5.499854169706167,5.4998541696048076,5.4998541696051735,5.499854169706167,5.4998541698071595,16.636039576054486,16.63589408042605,16.63574858479762,0.0,0.0,0.0,0.0,0.0,0.0,0.0,0.0,0.0
748,5.472423532693354,5.472423532597545,5.472423532501733,5.472423532502079,5.472423532597545,5.472423532693009,16.553059744019258,16.55292221255159,16.552784681083935,0.0,0.0,0.0,0.0,0.0,0.0,0.0,0.0,0.0
749,5.445129706452825,5.44512970636226,5.445129706271693,5.445129706272019,5.44512970636226,5.445129706452498,16.47049417184486,16.47036416859458,16.47023416534431,0.0,0.0,0.0,0.0,0.0,0.0,0.0,0.0,0.0
750,5.417972008738842,5.417972008653234,5.417972008567625,5.417972008567934,5.417972008653234,5.417972008738533,16.38834077171316,16.388217884599612,16.38809499748608,0.0,0.0,0.0,0.0,0.0,0.0,0.0,0.0,0.0
751,5.390949760607533,5.3909497605266115,5.390949760445688,5.39094976044598,5.3909497605266115,5.390949760607241,16.306597467406252,16.306481306905315,16.306365146404392,0.0,0.0,0.0,0.0,0.0,0.0,0.0,0.0,0.0
752,5.364062286501273,5.3640622864247804,5.364062286348287,5.364062286348562,5.3640622864247804,5.364062286500997,16.225262194183607,16.225152392092987,16.22504259000238,0.0,0.0,0.0,0.0,0.0,0.0,0.0,0.0,0.0
753,5.337308914231794,5.337308914159489,5.337308914087182,5.337308914087443,5.337308914159489,5.337308914231533,16.14433289866341,16.144229106935523,16.14412531520765,0.0,0.0,0.0,0.0,0.0,0.0,0.0,0.0,0.0
754,5.3106889749633845,5.3106889748950366,5.310688974826688,5.310688974826935,5.3106889748950366,5.310688974963137,16.06380753870784,16.063709428346577,16.06361131798533,0.0,0.0,0.0,0.0,0.0,0.0,0.0,0.0,0.0
755,5.2842018031961615,5.2842018031315545,5.2842018030669475,5.284201803067181,5.2842018031315545,5.284201803195927,15.983684083312099,15.983591343329993,15.983498603347902,0.0,0.0,0.0,0.0,0.0,0.0,0.0,0.0,0.0
756,5.257846736749441,5.2578467366883705,5.257846736627299,5.257846736627521,5.2578467366883705,5.257846736749219,15.903960512497012,15.903872848929472,15.903785185361947,0.0,0.0,0.0,0.0,0.0,0.0,0.0,0.0,0.0
757,5.231623116745177,5.23162311668745,5.231623116629722,5.231623116629931,5.23162311668745,5.231623116744968,15.824634817204991,15.824551952178501,15.824469087152027,0.0,0.0,0.0,0.0,0.0,0.0,0.0,0.0,0.0
758,5.205530287591494,5.205530287536927,5.205530287482359,5.205530287482557,5.205530287536927,5.205530287591297,15.745704999199205,15.74562667005053,15.745548340901873,0.0,0.0,0.0,0.0,0.0,0.0,0.0,0.0,0.0
759,5.179567596966295,5.179567596914715,5.179567596863134,5.179567596863321,5.179567596914715,5.179567596966108,15.667169070965793,15.667095029409397,15.667020987853018,0.0,0.0,0.0,0.0,0.0,0.0,0.0,0.0,0.0
760,5.15373439580095,5.153734395752194,5.153734395703436,5.153734395703613,5.153734395752194,5.153734395800774,15.589025055618958,15.588955066959995,15.588885078301047,0.0,0.0,0.0,0.0,0.0,0.0,0.0,0.0,0.0
761,5.128030038264078,5.12803003821799,5.128030038171903,5.12803003817207,5.12803003821799,5.128030038263912,15.511270986808809,15.511204829199192,15.51113867158959,0.0,0.0,0.0,0.0,0.0,0.0,0.0,0.0,0.0
762,5.102453881745393,5.102453881701828,5.102453881658263,5.102453881658421,5.102453881701828,5.1024538817452365,15.433904908631797,15.433842372366994,15.433779836102204,0.0,0.0,0.0,0.0,0.0,0.0,0.0,0.0,0.0
763,5.077005286839641,5.077005286798461,5.077005286757281,5.07700528675743,5.077005286798461,5.077005286839493,15.35692487554364,15.356865762397954,15.356806649252277,0.0,0.0,0.0,0.0,0.0,0.0,0.0,0.0,0.0
764,5.051683617330617,5.051683617291692,5.051683617252766,5.051683617252907,5.051683617291692,5.051683617330478,15.28032895227457,15.28027307487281,15.280217197471059,0.0,0.0,0.0,0.0,0.0,0.0,0.0,0.0,0.0
765,5.026488240175259,5.026488240138464,5.026488240101668,5.026488240101802,5.026488240138464,5.026488240175127,15.204115213746839,15.204062394970386,15.204009576193942,0.0,0.0,0.0,0.0,0.0,0.0,0.0,0.0,0.0
766,5.001418525487817,5.001418525453036,5.001418525418254,5.001418525418381,5.001418525453036,5.001418525487693,15.128281744994336,15.128231817419715,15.128181889845102,0.0,0.0,0.0,0.0,0.0,0.0,0.0,0.0,0.0
767,4.976473846524112,4.976473846491235,4.976473846458356,4.976473846458477,4.976473846491235,4.976473846523994,15.052826641084224,15.052779446452409,15.052732251820602,0.0,0.0,0.0,0.0,0.0,0.0,0.0,0.0,0.0
768,4.951653579665865,4.951653579634788,4.951653579603708,4.951653579603823,4.951653579634788,4.951653579665754,14.97774800704049,14.977703395755263,14.977658784470046,0.0,0.0,0.0,0.0,0.0,0.0,0.0,0.0,0.0
769,4.926957104405107,4.92695710437573,4.926957104346353,4.92695710434646,4.92695710437573,4.926957104405002,14.903043957769338,14.9030017884231,14.902959619076872,0.0,0.0,0.0,0.0,0.0,0.0,0.0,0.0,0.0
770,4.902383803328663,4.902383803300895,4.902383803273126,4.902383803273227,4.902383803300895,4.902383803328564,14.828712617986305,14.828672756911848,14.828632895837398,0.0,0.0,0.0,0.0,0.0,0.0,0.0,0.0,0.0
771,4.877933062102723,4.877933062076474,4.877933062050225,4.877933062050322,4.877933062076474,4.8779330621026284,14.754752122145039,14.754714442991846,14.754676763838658,0.0,0.0,0.0,0.0,0.0,0.0,0.0,0.0,0.0
772,4.853604269457477,4.853604269432665,4.853604269407853,4.853604269407944,4.853604269432665,4.853604269457388,14.681160614367643,14.681124997701394,14.681089381035148,0.0,0.0,0.0,0.0,0.0,0.0,0.0,0.0,0.0
773,4.829396817171837,4.829396817148384,4.82939681712493,4.829396817125016,4.829396817148384,4.8293968171717525,14.607936248376543,14.607902581300527,14.607868914224513,0.0,0.0,0.0,0.0,0.0,0.0,0.0,0.0,0.0
774,4.805310100058232,4.8053101000360625,4.805310100013893,4.8053101000139735,4.8053101000360625,4.8053101000581515,14.535077187427756,14.535045363225022,14.535013539022287,0.0,0.0,0.0,0.0,0.0,0.0,0.0,0.0,0.0
775,4.7813435159474755,4.781343515926519,4.781343515905562,4.781343515905639,4.781343515926519,4.781343515947399,14.46258160424555,14.46255152204063,14.462521439835712,0.0,0.0,0.0,0.0,0.0,0.0,0.0,0.0,0.0
776,4.757496465673711,4.757496465653902,4.757496465634093,4.757496465634165,4.757496465653902,4.75749646567364,14.39044768095838,14.390419245397549,14.390390809836719,0.0,0.0,0.0,0.0,0.0,0.0,0.0,0.0,0.0
777,4.733768353059437,4.733768353040713,4.733768353021988,4.733768353022056,4.733768353040713,4.733768353059371,14.31867360903609,14.318646729985105,14.318619850934118,0.0,0.0,0.0,0.0,0.0,0.0,0.0,0.0,0.0
778,4.7101585849006,4.7101585848829,4.710158584865201,4.710158584865264,4.7101585848829,4.710158584900537,14.247257589228273,14.247232181486673,14.24720677374507,0.0,0.0,0.0,0.0,0.0,0.0,0.0,0.0,0.0
779,4.686666570951762,4.686666570935031,4.6866665709183,4.6866665709183595,4.686666570935031,4.686666570951702,14.176197831503783,14.176173814534822,14.176149797565857,0.0,0.0,0.0,0.0,0.0,0.0,0.0,0.0,0.0
780,4.663291723911348,4.663291723895532,4.663291723879717,4.663291723879774,4.663291723895532,4.66329172391129,14.105492554991315,14.105469852666678,14.105447150342037,0.0,0.0,0.0,0.0,0.0,0.0,0.0,0.0,0.0
781,4.640033459406961,4.6400334593920105,4.640033459377062,4.640033459377115,4.6400334593920105,4.640033459406906,14.035139987921015,14.035118528279511,14.035097068638002,0.0,0.0,0.0,0.0,0.0,0.0,0.0,0.0,0.0
782,4.616891195980775,4.616891195966643,4.616891195952513,4.6168911959525625,4.616891195966643,4.616891195980722,13.96513836756709,13.965118082586548,13.965097797606001,0.0,0.0,0.0,0.0,0.0,0.0,0.0,0.0,0.0
783,4.593864355074995,4.593864355061637,4.5938643550482805,4.5938643550483285,4.593864355061637,4.593864355074945,13.895485940191339,13.895466765573,13.895447590954655,0.0,0.0,0.0,0.0,0.0,0.0,0.0,0.0,0.0
784,4.570952361017399,4.570952361004772,4.5709523609921465,4.570952360992192,4.570952361004772,4.570952361017352,13.826180960987617,13.826162835952314,13.826144710917003,0.0,0.0,0.0,0.0,0.0,0.0,0.0,0.0,0.0
785,4.5481546410069384,4.548154640995003,4.548154640983069,4.548154640983111,4.548154640995003,4.548154641006895,13.757221694027136,13.75720456112264,13.757187428218135,0.0,0.0,0.0,0.0,0.0,0.0,0.0,0.0,0.0
786,4.525470625099424,4.5254706250881425,4.525470625076861,4.525470625076901,4.5254706250881425,4.525470625099383,13.688606412204605,13.688590217123515,13.688574022042417,0.0,0.0,0.0,0.0,0.0,0.0,0.0,0.0,0.0
787,4.5028997461932745,4.50289974618261,4.502899746171946,4.502899746171984,4.50289974618261,4.502899746193235,13.620333397185163,13.620318088592766,13.620302780000362,0.0,0.0,0.0,0.0,0.0,0.0,0.0,0.0,0.0
788,4.48044144001534,4.480441440005259,4.480441439995178,4.480441439995214,4.480441440005259,4.480441440015302,13.552400939352074,13.552386468723624,13.552371998095166,0.0,0.0,0.0,0.0,0.0,0.0,0.0,0.0,0.0
789,4.458095145106793,4.458095145097264,4.458095145087735,4.4580951450877695,4.458095145097264,4.458095145106758,13.484807337755148,13.484793659222055,13.484779980688952,0.0,0.0,0.0,0.0,0.0,0.0,0.0,0.0,0.0
790,4.435860302809098,4.43586030280009,4.435860302791082,4.435860302791114,4.43586030280009,4.435860302809064,13.417550900059869,13.417537970264299,13.417525040468723,0.0,0.0,0.0,0.0,0.0,0.0,0.0,0.0,0.0
791,4.413736357250035,4.41373635724152,4.413736357233005,4.413736357233035,4.41373635724152,4.413736357250003,13.350629942497179,13.35061772045463,13.350605498412078,0.0,0.0,0.0,0.0,0.0,0.0,0.0,0.0,0.0
792,4.391722755329813,4.391722755321763,4.391722755313714,4.391722755313744,4.391722755321763,4.3917227553297815,13.284042789813933,13.284031236783319,13.2840196837527,0.0,0.0,0.0,0.0,0.0,0.0,0.0,0.0,0.0
793,4.369818946707234,4.369818946699625,4.369818946692017,4.369818946692044,4.369818946699625,4.3698189467072055,13.217787775223956,13.217776854584804,13.217765933945646,0.0,0.0,0.0,0.0,0.0,0.0,0.0,0.0,0.0
794,4.348024383785942,4.34802438377875,4.348024383771557,4.348024383771584,4.34802438377875,4.348024383785915,13.151863240359706,13.151852917496079,13.151842594632448,0.0,0.0,0.0,0.0,0.0,0.0,0.0,0.0,0.0
795,4.326338521700728,4.326338521693929,4.32633852168713,4.326338521687155,4.326338521693929,4.326338521700702,13.08626753522451,13.086257777415286,13.086248019606058,0.0,0.0,0.0,0.0,0.0,0.0,0.0,0.0,0.0
796,4.304760818303907,4.30476081829748,4.3047608182910535,4.304760818291077,4.30476081829748,4.304760818303883,13.020999018145355,13.020989794460505,13.020980570775652,0.0,0.0,0.0,0.0,0.0,0.0,0.0,0.0,0.0
797,4.2832907341517705,4.283290734145695,4.283290734139621,4.283290734139643,4.283290734145695,4.283290734151748,12.956056055726215,12.956047336928762,12.956038618131306,0.0,0.0,0.0,0.0,0.0,0.0,0.0,0.0,0.0
798,4.261927732491095,4.261927732485352,4.261927732479611,4.2619277324796325,4.261927732485352,4.261927732491074,12.891437022801894,12.891428781255238,12.891420539708578,0.0,0.0,0.0,0.0,0.0,0.0,0.0,0.0,0.0
799,4.240671279245726,4.240671279240297,4.240671279234871,4.240671279234891,4.240671279240297,4.240671279245706,12.827140302392356,12.827132511972673,12.827124721552988,0.0,0.0,0.0,0.0,0.0,0.0,0.0,0.0,0.0
800,4.219520843003223,4.219520842998092,4.219520842992963,4.219520842992981,4.219520842998092,4.219520843003205,12.76316428565755,12.763156921670989,12.763149557684423,0.0,0.0,0.0,0.0,0.0,0.0,0.0,0.0,0.0
801,4.198475895001578,4.1984758949967285,4.19847589499188,4.198475894991898,4.1984758949967285,4.198475895001562,12.699507371852693,12.699500410957095,12.699493450061492,0.0,0.0,0.0,0.0,0.0,0.0,0.0,0.0,0.0
802,4.177535909115995,4.177535909111411,4.177535909106828,4.177535909106844,4.177535909111411,4.17753590911598,12.636167968283994,12.636161388414907,12.636154808545816,0.0,0.0,0.0,0.0,0.0,0.0,0.0,0.0,0.0
803,4.156700361845734,4.156700361841401,4.156700361837069,4.156700361837084,4.156700361841401,4.1567003618457194,12.573144490264824,12.573138270565563,12.573132050866299,0.0,0.0,0.0,0.0,0.0,0.0,0.0,0.0,0.0
804,4.135968732301028,4.1359687322969325,4.135968732292837,4.135968732292851,4.1359687322969325,4.135968732301015,12.510435361072298,12.510429481827835,12.510423602583371,0.0,0.0,0.0,0.0,0.0,0.0,0.0,0.0,0.0
805,4.115340502190057,4.115340502186187,4.115340502182315,4.115340502182328,4.115340502186187,4.115340502190045,12.448039011904267,12.448033454478738,12.448027897053208,0.0,0.0,0.0,0.0,0.0,0.0,0.0,0.0,0.0
806,4.094815155805994,4.094815155802336,4.094815155798676,4.094815155798688,4.094815155802336,4.094815155805983,12.385953881836706,12.385948628614338,12.385943375391973,0.0,0.0,0.0,0.0,0.0,0.0,0.0,0.0,0.0
807,4.07439218001411,4.074392180010652,4.074392180007192,4.074392180007203,4.074392180010652,4.074392180014099,12.324178417781479,12.324173452110756,12.324168486440037,0.0,0.0,0.0,0.0,0.0,0.0,0.0,0.0,0.0
808,4.054071064238944,4.054071064235677,4.054071064232406,4.054071064232416,4.054071064235677,4.054071064238935,12.262711074444482,12.262706380585362,12.262701686726245,0.0,0.0,0.0,0.0,0.0,0.0,0.0,0.0,0.0
809,4.033851300451546,4.033851300448457,4.033851300445365,4.0338513004453755,4.033851300448457,4.033851300451537,12.201550314284145,12.201545877358166,12.20154144043219,0.0,0.0,0.0,0.0,0.0,0.0,0.0,0.0,0.0
810,4.013732383156764,4.013732383153845,4.013732383150922,4.0137323831509315,4.013732383153845,4.013732383156756,12.140694607470282,12.1406904134134,12.140686219356521,0.0,0.0,0.0,0.0,0.0,0.0,0.0,0.0,0.0
811,3.99371380938062,3.9937138093778604,3.9937138093750977,3.9937138093751066,3.9937138093778604,3.993713809380612,12.080142431843289,12.0801384673613,12.08013450287931,0.0,0.0,0.0,0.0,0.0,0.0,0.0,0.0,0.0
812,3.9737950786577247,3.973795078655116,3.973795078652505,3.9737950786525134,3.973795078655116,3.973795078657717,12.019892272873655,12.019888525400056,12.019884777926457,0.0,0.0,0.0,0.0,0.0,0.0,0.0,0.0,0.0
813,3.953975693018773,3.9539756930163072,3.953975693013839,3.953975693013847,3.9539756930163072,3.9539756930187657,11.959942623621831,11.959939081277984,11.959935538934136,0.0,0.0,0.0,0.0,0.0,0.0,0.0,0.0,0.0
814,3.9342551569780904,3.9342551569757602,3.934255156973427,3.9342551569734345,3.9342551569757602,3.9342551569780837,11.900291984698375,11.900288636255858,11.90028528781334,0.0,0.0,0.0,0.0,0.0,0.0,0.0,0.0,0.0
815,3.9146329775212494,3.9146329775190467,3.9146329775168414,3.9146329775168485,3.9146329775190467,3.9146329775212427,11.840938864224432,11.840935699069446,11.840932533914458,0.0,0.0,0.0,0.0,0.0,0.0,0.0,0.0,0.0
816,3.895108664092741,3.8951086640906585,3.895108664088574,3.89510866408858,3.8951086640906585,3.8951086640927346,11.7818817777925,11.781878785892227,11.78187579399195,0.0,0.0,0.0,0.0,0.0,0.0,0.0,0.0,0.0
817,3.8756817285837113,3.875681728581743,3.8756817285797727,3.8756817285797784,3.875681728581743,3.8756817285837055,11.723119248427496,11.723116420298295,11.723113592169089,0.0,0.0,0.0,0.0,0.0,0.0,0.0,0.0,0.0
818,3.856351685319761,3.8563516853179007,3.8563516853160382,3.8563516853160436,3.8563516853179007,3.8563516853197557,11.664649806548105,11.664647133225449,11.664644459902789,0.0,0.0,0.0,0.0,0.0,0.0,0.0,0.0,0.0
819,3.837118051048802,3.8371180510470433,3.8371180510452825,3.8371180510452874,3.8371180510470433,3.8371180510487966,11.606471989928403,11.606469462938469,11.60646693594853,0.0,0.0,0.0,0.0,0.0,0.0,0.0,0.0,0.0
820,3.817980344928974,3.817980344927312,3.8179803449256475,3.8179803449256524,3.817980344927312,3.8179803449289693,11.54858434365976,11.548581954992565,11.548579566325367,0.0,0.0,0.0,0.0,0.0,0.0,0.0,0.0,0.0
821,3.7989380885166284,3.798938088515057,3.7989380885134834,3.7989380885134882,3.798938088515057,3.7989380885166235,11.490985420113011,11.490983162197027,11.490980904281038,0.0,0.0,0.0,0.0,0.0,0.0,0.0,0.0,0.0
822,3.7799908057543616,3.7799908057528766,3.779990805751389,3.779990805751394,3.7799908057528766,3.7799908057543576,11.433673778900884,11.433671644579032,11.433669510257175,0.0,0.0,0.0,0.0,0.0,0.0,0.0,0.0,0.0
823,3.7611380229591185,3.7611380229577147,3.7611380229563087,3.761138022956313,3.7611380229577147,3.7611380229591145,11.37664798684069,11.376645969347656,11.37664395185462,0.0,0.0,0.0,0.0,0.0,0.0,0.0,0.0,0.0
824,3.7423792688103465,3.7423792688090196,3.7423792688076905,3.742379268807695,3.7423792688090196,3.7423792688103426,11.319906617917256,11.319904710858047,11.319902803798838,0.0,0.0,0.0,0.0,0.0,0.0,0.0,0.0,0.0
825,3.723714074338215,3.7237140743369603,3.723714074335704,3.723714074335708,3.7237140743369603,3.723714074338211,11.263448253246114,11.26344645057579,11.263444647905464,0.0,0.0,0.0,0.0,0.0,0.0,0.0,0.0,0.0
826,3.705141972911889,3.705141972910703,3.7051419729095154,3.7051419729095194,3.705141972910703,3.705141972911885,11.20727148103693,11.207269777041434,11.207268073045938,0.0,0.0,0.0,0.0,0.0,0.0,0.0,0.0,0.0
827,3.686662500227866,3.6866625002267446,3.6866625002256224,3.686662500225626,3.6866625002267446,3.6866625002278623,11.151374896557162,11.151373285835218,11.151371675113273,0.0,0.0,0.0,0.0,0.0,0.0,0.0,0.0,0.0
828,3.668275194298366,3.6682751942973058,3.668275194296245,3.6682751942962484,3.6682751942973058,3.6682751942983622,11.095757102095961,11.09575557954195,11.095754056987934,0.0,0.0,0.0,0.0,0.0,0.0,0.0,0.0,0.0
829,3.649979595439783,3.6499795954387806,3.6499795954377774,3.649979595437781,3.6499795954387806,3.6499795954397793,11.040416706928303,11.040415267716073,11.04041382850384,0.0,0.0,0.0,0.0,0.0,0.0,0.0,0.0,0.0
830,3.631775246261192,3.631775246260245,3.6317752462592963,3.6317752462593,3.631775246260245,3.631775246261189,10.985352327279333,10.98535096684691,10.985349606414486,0.0,0.0,0.0,0.0,0.0,0.0,0.0,0.0,0.0
831,3.613661691652916,3.6136616916520206,3.613661691651124,3.613661691651127,3.6136616916520206,3.613661691652913,10.93056258628895,10.930561300324074,10.930560014359198,0.0,0.0,0.0,0.0,0.0,0.0,0.0,0.0,0.0
832,3.5956384787751454,3.5956384787742994,3.5956384787734517,3.5956384787734548,3.5956384787742994,3.595638478775143,10.87604611397659,10.876044898403046,10.8760436828295,0.0,0.0,0.0,0.0,0.0,0.0,0.0,0.0,0.0
833,3.5777051570466205,3.5777051570458207,3.577705157045019,3.5777051570450222,3.5777051570458207,3.5777051570466183,10.821801547206244,10.82180039817094,10.821799249135635,0.0,0.0,0.0,0.0,0.0,0.0,0.0,0.0,0.0
834,3.559861278133363,3.559861278132607,3.5598612781318493,3.5598612781318524,3.559861278132607,3.559861278133361,10.767827529651665,10.767826443512423,10.76782535737318,0.0,0.0,0.0,0.0,0.0,0.0,0.0,0.0,0.0
835,3.542106395937471,3.542106395936756,3.54210639593604,3.5421063959360426,3.542106395936756,3.5421063959374686,10.714122711761814,10.714121685075819,10.714120658389824,0.0,0.0,0.0,0.0,0.0,0.0,0.0,0.0,0.0
836,3.524440066585964,3.524440066585288,3.524440066584612,3.524440066584614,3.524440066585288,3.524440066585962,10.660685750726477,10.66068478023937,10.660683809752262,0.0,0.0,0.0,0.0,0.0,0.0,0.0,0.0,0.0
837,3.506861848419689,3.50686184841905,3.5068618484184104,3.5068618484184126,3.50686184841905,3.5068618484196867,10.607515310442114,10.607514393077672,10.607513475713228,0.0,0.0,0.0,0.0,0.0,0.0,0.0,0.0,0.0
838,3.4893713019822754,3.4893713019816714,3.489371301981067,3.4893713019810693,3.4893713019816714,3.489371301982273,10.55461006147789,10.554609194328275,10.55460832717866,0.0,0.0,0.0,0.0,0.0,0.0,0.0,0.0,0.0
839,3.471967990009152,3.4719679900085807,3.471967990008009,3.4719679900080114,3.4719679900085807,3.4719679900091496,10.501968681041909,10.501967861358457,10.501967041675002,0.0,0.0,0.0,0.0,0.0,0.0,0.0,0.0,0.0
840,3.4546514774166117,3.454651477416072,3.4546514774155317,3.454651477415534,3.454651477416072,3.4546514774166095,10.44958985294765,10.449589078132151,10.449588303316647,0.0,0.0,0.0,0.0,0.0,0.0,0.0,0.0,0.0
841,3.4374213312909387,3.437421331290429,3.437421331289918,3.43742133128992,3.437421331290429,3.437421331290937,10.397472267580584,10.397471535177047,10.397470802773507,0.0,0.0,0.0,0.0,0.0,0.0,0.0,0.0,0.0
842,3.420277120877582,3.4202771208771003,3.420277120876617,3.420277120876619,3.4202771208771003,3.4202771208775804,10.345614621864984,10.345613929551858,10.345613237238728,0.0,0.0,0.0,0.0,0.0,0.0,0.0,0.0,0.0
843,3.403218417570389,3.403218417569933,3.403218417569476,3.403218417569478,3.403218417569933,3.403218417570387,10.294015619230933,10.294014964813742,10.294014310396548,0.0,0.0,0.0,0.0,0.0,0.0,0.0,0.0,0.0
844,3.3862447949008874,3.386244794900456,3.386244794900024,3.386244794900026,3.386244794900456,3.3862447949008856,10.242673969581503,10.242673350985894,10.242672732390282,0.0,0.0,0.0,0.0,0.0,0.0,0.0,0.0,0.0
845,3.369355828527626,3.369355828527219,3.369355828526811,3.369355828526812,3.369355828527219,3.369355828527625,10.191588389260128,10.191587804525295,10.19158721979046,0.0,0.0,0.0,0.0,0.0,0.0,0.0,0.0,0.0
846,3.352551096225567,3.3525510962251825,3.3525510962247966,3.352551096224798,3.3525510962251825,3.352551096225566,10.140757601018153,10.14075704829062,10.140756495563084,0.0,0.0,0.0,0.0,0.0,0.0,0.0,0.0,0.0
847,3.3358301778755273,3.3358301778751636,3.335830177874799,3.3358301778748003,3.3358301778751636,3.335830177875526,10.09018033398257,10.090179811510318,10.09017928903806,0.0,0.0,0.0,0.0,0.0,0.0,0.0,0.0,0.0
848,3.319192655453677,3.319192655453333,3.3191926554529885,3.31919265545299,3.319192655453333,3.3191926554536755,10.039855323623925,10.039854829750833,10.039854335877738,0.0,0.0,0.0,0.0,0.0,0.0,0.0,0.0,0.0
849,3.3026381130210885,3.3026381130207634,3.302638113020438,3.302638113020439,3.3026381130207634,3.302638113021087,9.989781311724396,9.989780844885003,9.989780378045605,0.0,0.0,0.0,0.0,0.0,0.0,0.0,0.0,0.0
850,3.286166136713339,3.2861661367130317,3.2861661367127244,3.2861661367127253,3.2861661367130317,3.286166136713338,9.939957046346066,9.939956605060594,9.93995616377512,0.0,0.0,0.0,0.0,0.0,0.0,0.0,0.0,0.0
851,3.269776314730163,3.2697763147298726,3.269776314729582,3.2697763147295826,3.2697763147298726,3.2697763147301626,9.890381281799343,9.89038086466902,9.890380447538694,0.0,0.0,0.0,0.0,0.0,0.0,0.0,0.0,0.0
852,3.253468237325157,3.2534682373248827,3.2534682373246087,3.253468237324609,3.2534682373248827,3.2534682373251567,9.84105277861157,9.841052384314185,9.841051990016801,0.0,0.0,0.0,0.0,0.0,0.0,0.0,0.0,0.0
853,3.237241496795537,3.237241496795278,3.2372414967950185,3.237241496795019,3.237241496795278,3.2372414967955367,9.791970303495791,9.791969930781516,9.791969558067239,0.0,0.0,0.0,0.0,0.0,0.0,0.0,0.0,0.0
854,3.2210956874719443,3.221095687471699,3.221095687471454,3.2210956874714545,3.221095687471699,3.221095687471944,9.743132629319701,9.743132277007113,9.743131924694524,0.0,0.0,0.0,0.0,0.0,0.0,0.0,0.0,0.0
855,3.2050304057083046,3.2050304057080727,3.2050304057078414,3.205030405707842,3.2050304057080727,3.205030405708304,9.694538535074742,9.694538202047092,9.69453786901944,0.0,0.0,0.0,0.0,0.0,0.0,0.0,0.0,0.0
856,3.189045249871737,3.189045249871518,3.1890452498712993,3.1890452498713,3.189045249871518,3.1890452498717368,9.64618680584538,9.646186491047045,9.64618617624871,0.0,0.0,0.0,0.0,0.0,0.0,0.0,0.0,0.0
857,3.1731398203325134,3.173139820332306,3.1731398203320995,3.1731398203321,3.173139820332306,3.173139820332513,9.59807623277854,9.59807593521168,9.598075637644822,0.0,0.0,0.0,0.0,0.0,0.0,0.0,0.0,0.0
858,3.1573137194540664,3.1573137194538705,3.157313719453675,3.1573137194536756,3.1573137194538705,3.157313719454066,9.550205613053198,9.550205331774597,9.550205050495995,0.0,0.0,0.0,0.0,0.0,0.0,0.0,0.0,0.0
859,3.14156655158305,3.141566551582865,3.14156655158268,3.1415665515826805,3.141566551582865,3.1415665515830495,9.502573749850146,9.502573483968215,9.502573218086281,0.0,0.0,0.0,0.0,0.0,0.0,0.0,0.0,0.0
860,3.125897923039447,3.125897923039272,3.1258979230390973,3.1258979230390977,3.125897923039272,3.1258979230394464,9.455179452321905,9.455179200993857,9.455178949665807,0.0,0.0,0.0,0.0,0.0,0.0,0.0,0.0,0.0
861,3.1103074421067274,3.110307442106562,3.1103074421063974,3.110307442106398,3.110307442106562,3.1103074421067274,9.4080215355628,9.408021297991983,9.408021060421165,0.0,0.0,0.0,0.0,0.0,0.0,0.0,0.0,0.0
862,3.094794719022057,3.0947947190219005,3.094794719021745,3.0947947190217455,3.0947947190219005,3.094794719022057,9.36109882057919,9.36109859601256,9.361098371445928,0.0,0.0,0.0,0.0,0.0,0.0,0.0,0.0,0.0
863,3.0793593659665497,3.079359365966402,3.079359365966255,3.0793593659662553,3.079359365966402,3.0793593659665497,9.314410134259864,9.314409921985595,9.314409709711324,0.0,0.0,0.0,0.0,0.0,0.0,0.0,0.0,0.0
864,3.0640009970555755,3.0640009970554356,3.064000997055297,3.0640009970552975,3.0640009970554356,3.0640009970555755,9.267954309346576,9.267954108691805,9.267953908037034,0.0,0.0,0.0,0.0,0.0,0.0,0.0,0.0,0.0
865,3.048719228329112,3.0487192283289795,3.048719228328849,3.0487192283288493,3.0487192283289795,3.048719228329112,9.22173018440474,9.22172999473344,9.22172980506214,0.0,0.0,0.0,0.0,0.0,0.0,0.0,0.0,0.0
866,3.0335136777421443,3.033513677742019,3.033513677741896,3.0335136777418965,3.033513677742019,3.0335136777421443,9.175736603794286,9.175736424505242,9.175736245216195,0.0,0.0,0.0,0.0,0.0,0.0,0.0,0.0,0.0
867,3.0183839651551163,3.018383965154998,3.018383965154882,3.0183839651548823,3.018383965154998,3.0183839651551163,9.129972417640653,9.12997224816556,9.129972078690463,0.0,0.0,0.0,0.0,0.0,0.0,0.0,0.0,0.0
868,3.0033297123244256,3.0033297123243137,3.0033297123242035,3.003329712324204,3.0033297123243137,3.0033297123244256,9.084436481805941,9.084436321607601,9.084436161409256,0.0,0.0,0.0,0.0,0.0,0.0,0.0,0.0,0.0
869,2.988350542892966,2.988350542892861,2.9883505428927566,2.988350542892757,2.988350542892861,2.988350542892966,9.039127657860211,9.03912750643083,9.039127355001446,0.0,0.0,0.0,0.0,0.0,0.0,0.0,0.0,0.0
870,2.973446082380723,2.9734460823806237,2.973446082380525,2.9734460823805255,2.9734460823806237,2.973446082380723,8.994044813052927,8.994044669912508,8.994044526772088,0.0,0.0,0.0,0.0,0.0,0.0,0.0,0.0,0.0
871,2.958615958175407,2.9586159581753133,2.95861595817522,2.9586159581752205,2.9586159581753133,2.958615958175407,8.949186820284552,8.949186684979376,8.949186549674197,0.0,0.0,0.0,0.0,0.0,0.0,0.0,0.0,0.0
872,2.9438597995231404,2.943859799523052,2.9438597995229636,2.943859799522964,2.943859799523052,2.9438597995231404,8.904552558078294,8.904552430179471,8.904552302280646,0.0,0.0,0.0,0.0,0.0,0.0,0.0,0.0,0.0
873,2.929177237519188,2.9291772375191045,2.929177237519021,2.9291772375190215,2.9291772375191045,2.929177237519188,8.860140910551978,8.8601407896541,8.86014066875622,0.0,0.0,0.0,0.0,0.0,0.0,0.0,0.0,0.0
874,2.914567905098736,2.914567905098657,2.9145679050985778,2.914567905098578,2.914567905098657,2.914567905098736,8.815950767390088,8.815950653109937,8.815950538829782,0.0,0.0,0.0,0.0,0.0,0.0,0.0,0.0,0.0
875,2.9000314370277116,2.900031437027637,2.9000314370275624,2.900031437027563,2.900031437027637,2.9000314370277116,8.771981023815934,8.771980915791264,8.771980807766592,0.0,0.0,0.0,0.0,0.0,0.0,0.0,0.0,0.0
876,2.885567469893657,2.8855674698935863,2.8855674698935156,2.885567469893516,2.8855674698935863,2.885567469893657,8.728230580563961,8.728230478452362,8.72823037634076,0.0,0.0,0.0,0.0,0.0,0.0,0.0,0.0,0.0
877,2.87117564209664,2.871175642096573,2.871175642096506,2.8711756420965067,2.871175642096573,2.87117564209664,8.684698343852217,8.684698247330017,8.684698150807813,0.0,0.0,0.0,0.0,0.0,0.0,0.0,0.0,0.0
878,2.8568555938402156,2.8568555938401525,2.8568555938400895,2.85685559384009,2.8568555938401525,2.8568555938402156,8.641383225354938,8.641383134116182,8.641383042877427,0.0,0.0,0.0,0.0,0.0,0.0,0.0,0.0,0.0
879,2.8426069671224323,2.842606967122373,2.8426069671223133,2.8426069671223138,2.842606967122373,2.8426069671224323,8.598284142175288,8.598284055930774,8.598283969686259,0.0,0.0,0.0,0.0,0.0,0.0,0.0,0.0,0.0
880,2.82842940572688,2.828429405726824,2.8284294057267676,2.828429405726768,2.828429405726824,2.82842940572688,8.555400016818242,8.555399935294592,8.55539985377094,0.0,0.0,0.0,0.0,0.0,0.0,0.0,0.0,0.0
881,2.8143225552137854,2.814322555213732,2.814322555213679,2.8143225552136792,2.814322555213732,2.8143225552137854,8.512729777163582,8.512729700102385,8.512729623041187,0.0,0.0,0.0,0.0,0.0,0.0,0.0,0.0,0.0
882,2.8002860629111503,2.8002860629111,2.80028606291105,2.8002860629110504,2.8002860629111,2.8002860629111503,8.470272356439063,8.470272283596053,8.470272210753043,0.0,0.0,0.0,0.0,0.0,0.0,0.0,0.0,0.0
883,2.7863195779059367,2.786319577905889,2.786319577905842,2.7863195779058425,2.786319577905889,2.7863195779059367,8.42802669319369,8.42802662433797,8.428026555482251,0.0,0.0,0.0,0.0,0.0,0.0,0.0,0.0,0.0
884,2.772422751035292,2.772422751035247,2.772422751035202,2.7724227510352026,2.772422751035247,2.772422751035292,8.385991731271144,8.385991666184458,8.385991601097773,0.0,0.0,0.0,0.0,0.0,0.0,0.0,0.0,0.0
885,2.7585952348778204,2.758595234877778,2.7585952348777356,2.758595234877736,2.758595234877778,2.7585952348778204,8.344166419783333,8.34416635825937,8.344166296735409,0.0,0.0,0.0,0.0,0.0,0.0,0.0,0.0,0.0
886,2.744836683744898,2.7448366837448575,2.744836683744818,2.7448366837448184,2.7448366837448575,2.744836683744898,8.302549713084085,8.302549654927832,8.302549596771579,0.0,0.0,0.0,0.0,0.0,0.0,0.0,0.0,0.0
887,2.731146753672029,2.7311467536719913,2.7311467536719536,2.731146753671954,2.7311467536719913,2.731146753672029,8.26114057074298,8.26114051577009,8.261140460797204,0.0,0.0,0.0,0.0,0.0,0.0,0.0,0.0,0.0
888,2.71752510241025,2.7175251024102143,2.7175251024101783,2.7175251024101788,2.7175251024102143,2.71752510241025,8.219937957519287,8.219937905555513,8.21993785359174,0.0,0.0,0.0,0.0,0.0,0.0,0.0,0.0,0.0
889,2.703971389417569,2.7039713894175352,2.703971389417501,2.7039713894175015,2.7039713894175352,2.703971389417569,8.178940843336068,8.178940794216695,8.178940745097321,0.0,0.0,0.0,0.0,0.0,0.0,0.0,0.0,0.0
890,2.6904852758504556,2.6904852758504236,2.690485275850391,2.6904852758503917,2.6904852758504236,2.6904852758504556,8.13814820325439,8.13814815682372,8.138148110393049,0.0,0.0,0.0,0.0,0.0,0.0,0.0,0.0,0.0
891,2.6770664245553677,2.677066424555338,2.6770664245553073,2.6770664245553077,2.677066424555338,2.6770664245553677,8.09755901744767,8.097558973558527,8.097558929669384,0.0,0.0,0.0,0.0,0.0,0.0,0.0,0.0,0.0
892,2.663714500060325,2.663714500060297,2.6637145000602676,2.663714500060268,2.663714500060297,2.663714500060325,8.057172271176155,8.057172229689423,8.05717218820269,0.0,0.0,0.0,0.0,0.0,0.0,0.0,0.0,0.0
893,2.650429168566519,2.6504291685664922,2.6504291685664643,2.6504291685664647,2.6504291685664922,2.650429168566519,8.01698695476153,8.016986915545704,8.016986876329879,0.0,0.0,0.0,0.0,0.0,0.0,0.0,0.0,0.0
894,2.6372100979399704,2.637210097939945,2.6372100979399185,2.637210097939919,2.637210097939945,2.6372100979399704,7.977002063561651,7.977002026492427,7.9770019894232025,0.0,0.0,0.0,0.0,0.0,0.0,0.0,0.0,0.0
895,2.624056957703225,2.624056957703201,2.6240569577031763,2.6240569577031767,2.624056957703201,2.624056957703225,7.937216597945404,7.93721656290528,7.937216527865157,0.0,0.0,0.0,0.0,0.0,0.0,0.0,0.0,0.0
896,2.610969419027092,2.61096941902707,2.6109694190270463,2.6109694190270467,2.61096941902707,2.610969419027092,7.897629563267695,7.897629530145603,7.897629497023512,0.0,0.0,0.0,0.0,0.0,0.0,0.0,0.0,0.0
897,2.5979471547224233,2.597947154722402,2.5979471547223802,2.5979471547223807,2.597947154722402,2.5979471547224233,7.858239969844566,7.858239938535515,7.858239907226467,0.0,0.0,0.0,0.0,0.0,0.0,0.0,0.0,0.0
898,2.5849898392319326,2.584989839231912,2.5849898392318913,2.5849898392318917,2.584989839231912,2.5849898392319326,7.819046832928426,7.819046803333174,7.8190467737379254,0.0,0.0,0.0,0.0,0.0,0.0,0.0,0.0,0.0
899,2.5720971486220576,2.572097148622038,2.5720971486220185,2.572097148622019,2.572097148622038,2.5720971486220576,7.780049172683421,7.780049144708159,7.780049116732899,0.0,0.0,0.0,0.0,0.0,0.0,0.0,0.0,0.0
900,2.5592687605748616,2.559268760574843,2.5592687605748248,2.559268760574825,2.559268760574843,2.5592687605748616,7.741246014160922,7.741245987716973,7.741245961273027,0.0,0.0,0.0,0.0,0.0,0.0,0.0,0.0,0.0
901,2.5465043543799757,2.546504354379958,2.5465043543799406,2.546504354379941,2.546504354379958,2.5465043543799757,7.702636387275126,7.70263636227867,7.702636337282216,0.0,0.0,0.0,0.0,0.0,0.0,0.0,0.0,0.0
902,2.53380361092658,2.533803610926563,2.5338036109265465,2.533803610926547,2.533803610926563,2.53380361092658,7.6642193267788,7.664219303150603,7.664219279522409,0.0,0.0,0.0,0.0,0.0,0.0,0.0,0.0,0.0
903,2.5211662126954257,2.52116621269541,2.5211662126953946,2.521166212695395,2.52116621269541,2.5211662126954257,7.6259938722391265,7.625993849904294,7.625993827569463,0.0,0.0,0.0,0.0,0.0,0.0,0.0,0.0,0.0
904,2.5085918437509003,2.5085918437508856,2.508591843750871,2.5085918437508714,2.5085918437508856,2.5085918437509003,7.587959068013685,7.587959046901419,7.587959025789155,0.0,0.0,0.0,0.0,0.0,0.0,0.0,0.0,0.0
905,2.4960801897331244,2.4960801897331106,2.496080189733097,2.4960801897330973,2.4960801897331106,2.4960801897331244,7.5501139632265435,7.550113943269924,7.550113923313306,0.0,0.0,0.0,0.0,0.0,0.0,0.0,0.0,0.0
906,2.483630937850096,2.483630937850083,2.4836309378500703,2.4836309378500703,2.483630937850083,2.483630937850096,7.512457611744477,7.512457592880246,7.512457574016016,0.0,0.0,0.0,0.0,0.0,0.0,0.0,0.0,0.0
907,2.4712437768698705,2.471243776869858,2.4712437768698456,2.4712437768698456,2.471243776869858,2.4712437768698705,7.474989072153302,7.4749890543216635,7.474989036490028,0.0,0.0,0.0,0.0,0.0,0.0,0.0,0.0,0.0
908,2.458918397112777,2.4589183971127655,2.4589183971127535,2.4589183971127535,2.4589183971127655,2.458918397112777,7.4377074077343295,7.437707390878762,7.437707374023197,0.0,0.0,0.0,0.0,0.0,0.0,0.0,0.0,0.0
909,2.4466544904436804,2.4466544904436693,2.446654490443658,2.446654490443658,2.4466544904436693,2.4466544904436804,7.400611686440938,7.400611670508013,7.400611654575091,0.0,0.0,0.0,0.0,0.0,0.0,0.0,0.0,0.0
910,2.434451750264275,2.434451750264264,2.434451750264253,2.434451750264253,2.434451750264264,2.434451750264275,7.3637009808752625,7.363700965814476,7.363700950753692,0.0,0.0,0.0,0.0,0.0,0.0,0.0,0.0,0.0
911,2.4223098715054205,2.4223098715054103,2.4223098715053997,2.4223098715053997,2.4223098715054103,2.4223098715054205,7.326974368264998,7.326974354028611,7.326974339792227,0.0,0.0,0.0,0.0,0.0,0.0,0.0,0.0,0.0
912,2.410228550619516,2.410228550619506,2.410228550619496,2.410228550619496,2.410228550619506,2.410228550619516,7.2904309304403245,7.29043091698321,7.2904309035261,0.0,0.0,0.0,0.0,0.0,0.0,0.0,0.0,0.0
913,2.398207485572909,2.3982074855729003,2.3982074855728905,2.3982074855728905,2.3982074855729003,2.398207485572909,7.254069753810941,7.2540697410904444,7.254069728369951,0.0,0.0,0.0,0.0,0.0,0.0,0.0,0.0,0.0
914,2.3862463758383488,2.3862463758383403,2.386246375838331,2.386246375838331,2.3862463758383403,2.3862463758383488,7.217889929343222,7.217889917319022,7.217889905294825,0.0,0.0,0.0,0.0,0.0,0.0,0.0,0.0,0.0
915,2.374344922387468,2.37434492238746,2.3743449223874515,2.3743449223874515,2.37434492238746,2.374344922387468,7.181890552537483,7.181890541171465,7.18189052980545,0.0,0.0,0.0,0.0,0.0,0.0,0.0,0.0,0.0
916,2.362502827683311,2.3625028276833033,2.3625028276832953,2.3625028276832953,2.3625028276833033,2.362502827683311,7.146070723405358,7.146070712661494,7.146070701917634,0.0,0.0,0.0,0.0,0.0,0.0,0.0,0.0,0.0
917,2.350719795672893,2.350719795672886,2.3507197956728785,2.3507197956728785,2.350719795672886,2.350719795672893,7.110429546447295,7.110429536291531,7.11042952613577,0.0,0.0,0.0,0.0,0.0,0.0,0.0,0.0,0.0
918,2.3389955317798004,2.338995531779794,2.338995531779787,2.338995531779787,2.338995531779794,2.3389955317798004,7.074966130630167,7.074966121030311,7.0749661114304585,0.0,0.0,0.0,0.0,0.0,0.0,0.0,0.0,0.0
919,2.327329742896825,2.3273297428968194,2.3273297428968127,2.3273297428968127,2.3273297428968194,2.327329742896825,7.039679589364982,7.0396795802906045,7.03967957121623,0.0,0.0,0.0,0.0,0.0,0.0,0.0,0.0,0.0
920,2.3157221373786374,2.315722137378632,2.315722137378626,2.315722137378626,2.315722137378632,2.3157221373786374,7.004569040484719,7.004569031907056,7.004569023329396,0.0,0.0,0.0,0.0,0.0,0.0,0.0,0.0,0.0
921,2.304172425034495,2.30417242503449,2.3041724250344844,2.3041724250344844,2.30417242503449,2.304172425034495,6.969633606222264,6.969633598114126,6.969633590005992,0.0,0.0,0.0,0.0,0.0,0.0,0.0,0.0,0.0
922,2.2926803171209875,2.292680317120983,2.2926803171209778,2.2926803171209778,2.292680317120983,2.2926803171209875,6.934872413188465,6.9348724055241515,6.9348723978598406,0.0,0.0,0.0,0.0,0.0,0.0,0.0,0.0,0.0
923,2.2812455263348186,2.2812455263348146,2.2812455263348097,2.2812455263348097,2.2812455263348146,2.2812455263348186,6.900284592350291,6.900284585105506,6.900284577860726,0.0,0.0,0.0,0.0,0.0,0.0,0.0,0.0,0.0
924,2.2698677668056235,2.2698677668056195,2.269867766805615,2.269867766805615,2.2698677668056195,2.2698677668056235,6.865869279009098,6.86586927216088,6.865869265312664,0.0,0.0,0.0,0.0,0.0,0.0,0.0,0.0,0.0
925,2.2585467540888207,2.2585467540888167,2.2585467540888122,2.2585467540888122,2.2585467540888167,2.2585467540888207,6.831625612779014,6.831625606305654,6.8316255998322974,0.0,0.0,0.0,0.0,0.0,0.0,0.0,0.0,0.0
926,2.247282205158503,2.247282205158499,2.247282205158495,2.247282205158495,2.247282205158499,2.247282205158503,6.797552737565421,6.797552731446401,6.7975527253273835,0.0,0.0,0.0,0.0,0.0,0.0,0.0,0.0,0.0
927,2.23607383840036,2.236073838400356,2.236073838400352,2.236073838400352,2.236073838400356,2.23607383840036,6.763649801543549,6.763649795759473,6.763649789975399,0.0,0.0,0.0,0.0,0.0,0.0,0.0,0.0,0.0
928,2.2249213736046394,2.2249213736046354,2.2249213736046314,2.2249213736046314,2.2249213736046354,2.2249213736046394,6.7299159571371785,6.729915951669712,6.729915946202247,0.0,0.0,0.0,0.0,0.0,0.0,0.0,0.0,0.0
929,2.2138245319591405,2.2138245319591365,2.2138245319591325,2.2138245319591325,2.2138245319591365,2.2138245319591405,6.696350360997448,6.69635035582926,6.696350350661074,0.0,0.0,0.0,0.0,0.0,0.0,0.0,0.0,0.0
930,2.202783036042244,2.20278303604224,2.202783036042236,2.202783036042236,2.20278303604224,2.202783036042244,6.662952173981763,6.662952169096473,6.662952164211183,0.0,0.0,0.0,0.0,0.0,0.0,0.0,0.0,0.0
931,2.191796609815977,2.191796609815973,2.191796609815969,2.191796609815969,2.191796609815973,2.191796609815977,6.62972056113282,6.6297205565149415,6.629720551897063,0.0,0.0,0.0,0.0,0.0,0.0,0.0,0.0,0.0
932,2.180864978619111,2.180864978619107,2.1808649786191032,2.1808649786191032,2.180864978619107,2.180864978619111,6.596654691657727,6.596654687292621,6.596654682927516,0.0,0.0,0.0,0.0,0.0,0.0,0.0,0.0,0.0
933,2.169987869160298,2.169987869160294,2.16998786916029,2.16998786916029,2.169987869160294,2.169987869160298,6.563753738907227,6.563753734781059,6.563753730654893,0.0,0.0,0.0,0.0,0.0,0.0,0.0,0.0,0.0
934,2.159165009511234,2.15916500951123,2.159165009511226,2.159165009511226,2.15916500951123,2.159165009511234,6.531016880355038,6.531016876454729,6.531016872554422,0.0,0.0,0.0,0.0,0.0,0.0,0.0,0.0,0.0
935,2.148396129099864,2.14839612909986,2.148396129099856,2.148396129099856,2.14839612909986,2.148396129099864,6.498443297577281,6.498443293890468,6.498443290203657,0.0,0.0,0.0,0.0,0.0,0.0,0.0,0.0,0.0
936,2.137680958703618,2.137680958703614,2.13768095870361,2.13768095870361,2.137680958703614,2.137680958703618,6.466032176232019,6.466032172747016,6.466032169262013,0.0,0.0,0.0,0.0,0.0,0.0,0.0,0.0,0.0
937,2.1270192304426767,2.1270192304426727,2.1270192304426687,2.1270192304426687,2.1270192304426727,2.1270192304426767,6.433782706038896,6.433782702744654,6.433782699450414,0.0,0.0,0.0,0.0,0.0,0.0,0.0,0.0,0.0
938,2.116410677773279,2.116410677773275,2.116410677773271,2.116410677773271,2.116410677773275,2.116410677773279,6.401694080758876,6.4016940776449545,6.401694074531035,0.0,0.0,0.0,0.0,0.0,0.0,0.0,0.0,0.0
939,2.1058550354810555,2.1058550354810515,2.1058550354810475,2.1058550354810475,2.1058550354810515,2.1058550354810555,6.36976549817409,6.3697654952306175,6.369765492287148,0.0,0.0,0.0,0.0,0.0,0.0,0.0,0.0,0.0
940,2.095352039674399,2.095352039674395,2.095352039674391,2.095352039674391,2.095352039674395,2.095352039674399,6.337996160067772,6.337996157285421,6.337996154503071,0.0,0.0,0.0,0.0,0.0,0.0,0.0,0.0,0.0
941,2.0849014277778672,2.0849014277778632,2.0849014277778593,2.0849014277778593,2.0849014277778632,2.0849014277778672,6.306385272204311,6.30638526957426,6.306385266944211,0.0,0.0,0.0,0.0,0.0,0.0,0.0,0.0,0.0
942,2.074502938525619,2.074502938525615,2.074502938525611,2.074502938525611,2.074502938525615,2.074502938525619,6.2749320443093834,6.2749320418232974,6.274932039337212,0.0,0.0,0.0,0.0,0.0,0.0,0.0,0.0,0.0
943,2.0641563119548807,2.0641563119548767,2.0641563119548727,2.0641563119548727,2.0641563119548767,2.0641563119548807,6.243635690050202,6.243635687700199,6.243635685350198,0.0,0.0,0.0,0.0,0.0,0.0,0.0,0.0,0.0
944,2.0538612893994497,2.0538612893994457,2.0538612893994417,2.0538612893994417,2.0538612893994457,2.0538612893994497,6.212495427015852,6.212495424794484,6.212495422573117,0.0,0.0,0.0,0.0,0.0,0.0,0.0,0.0,0.0
945,2.043617613483226,2.043617613483222,2.043617613483218,2.043617613483218,2.043617613483222,2.043617613483226,6.18151047669773,6.181510474597955,6.181510472498182,0.0,0.0,0.0,0.0,0.0,0.0,0.0,0.0,0.0
946,2.0334250281137773,2.0334250281137733,2.0334250281137694,2.0334250281137694,2.0334250281137733,2.0334250281137773,6.150680064470082,6.150680062485246,6.15068006050041,0.0,0.0,0.0,0.0,0.0,0.0,0.0,0.0,0.0
947,2.0232832784759394,2.0232832784759354,2.0232832784759314,2.0232832784759314,2.0232832784759354,2.0232832784759394,6.1200034195706365,6.120003417694447,6.120003415818257,0.0,0.0,0.0,0.0,0.0,0.0,0.0,0.0,0.0
948,2.0131921110254427,2.0131921110254387,2.0131921110254347,2.0131921110254347,2.0131921110254387,2.0131921110254427,6.089479775081331,6.089479773307841,6.089479771534349,0.0,0.0,0.0,0.0,0.0,0.0,0.0,0.0,0.0
949,2.0031512734825756,2.0031512734825716,2.0031512734825676,2.0031512734825676,2.0031512734825716,2.0031512734825756,6.059108367909141,6.059108366232728,6.059108364556314,0.0,0.0,0.0,0.0,0.0,0.0,0.0,0.0,0.0
950,1.9931605148258764,1.9931605148258724,1.9931605148258684,1.9931605148258684,1.9931605148258724,1.9931605148258764,6.028888438766998,6.028888437182349,6.0288884355976995,0.0,0.0,0.0,0.0,0.0,0.0,0.0,0.0,0.0
951,1.983219585285858,1.9832195852858543,1.9832195852858505,1.9832195852858505,1.9832195852858543,1.983219585285858,5.998819232154813,5.998819230656905,5.998819229158997,0.0,0.0,0.0,0.0,0.0,0.0,0.0,0.0,0.0
952,1.9733282363387648,1.9733282363387612,1.9733282363387576,1.9733282363387576,1.9733282363387612,1.9733282363387648,5.968899996340581,5.968899994924667,5.968899993508751,0.0,0.0,0.0,0.0,0.0,0.0,0.0,0.0,0.0
953,1.9634862207003574,1.963486220700354,1.9634862207003507,1.9634862207003507,1.963486220700354,1.9634862207003574,5.939129983341592,5.939129982003181,5.939129980664771,0.0,0.0,0.0,0.0,0.0,0.0,0.0,0.0,0.0
954,1.9536932923197325,1.9536932923197294,1.9536932923197263,1.9536932923197263,1.9536932923197294,1.9536932923197325,5.909508448905724,5.909508447640576,5.909508446375428,0.0,0.0,0.0,0.0,0.0,0.0,0.0,0.0,0.0
955,1.9439492063731707,1.9439492063731678,1.943949206373165,1.943949206373165,1.9439492063731678,1.9439492063731707,5.880034652492845,5.880034651296949,5.880034650101053,0.0,0.0,0.0,0.0,0.0,0.0,0.0,0.0,0.0
956,1.9342537192580156,1.934253719258013,1.9342537192580103,1.9342537192580103,1.934253719258013,1.9342537192580156,5.850707857256292,5.850707856125856,5.850707854995422,0.0,0.0,0.0,0.0,0.0,0.0,0.0,0.0,0.0
957,1.9246065885865844,1.924606588586582,1.9246065885865795,1.9246065885865795,1.924606588586582,1.9246065885865844,5.821527330024449,5.8215273289558915,5.821527327887336,0.0,0.0,0.0,0.0,0.0,0.0,0.0,0.0,0.0
958,1.915007573180108,1.9150075731801057,1.9150075731801035,1.9150075731801035,1.9150075731801057,1.915007573180108,5.792492341282423,5.792492340272355,5.7924923392622905,0.0,0.0,0.0,0.0,0.0,0.0,0.0,0.0,0.0
959,1.9054564330627013,1.905456433062699,1.9054564330626969,1.9054564330626969,1.905456433062699,1.9054564330627013,5.763602165153797,5.7636021641990185,5.763602163244244,0.0,0.0,0.0,0.0,0.0,0.0,0.0,0.0,0.0
960,1.8959529294553636,1.8959529294553614,1.8959529294553594,1.8959529294553594,1.8959529294553614,1.8959529294553636,5.7348560793824905,5.734856078479974,5.734856077577462,0.0,0.0,0.0,0.0,0.0,0.0,0.0,0.0,0.0
961,1.88649682477001,1.8864968247700078,1.886496824770006,1.886496824770006,1.8864968247700078,1.88649682477001,5.706253365314698,5.706253364461583,5.706253363608473,0.0,0.0,0.0,0.0,0.0,0.0,0.0,0.0,0.0
962,1.8770878826035307,1.8770878826035287,1.8770878826035269,1.8770878826035269,1.8770878826035287,1.8770878826035307,5.677793307880921,5.677793307074504,5.677793306268092,0.0,0.0,0.0,0.0,0.0,0.0,0.0,0.0,0.0
963,1.8677258677318818,1.8677258677318798,1.867725867731878,1.867725867731878,1.8677258677318798,1.8677258677318818,5.649475195578097,5.649475194815821,5.649475194053551,0.0,0.0,0.0,0.0,0.0,0.0,0.0,0.0,0.0
964,1.8584105461042035,1.8584105461042015,1.8584105461041998,1.8584105461041998,1.8584105461042015,1.8584105461042035,5.621298320451802,5.621298319731252,5.621298319010707,0.0,0.0,0.0,0.0,0.0,0.0,0.0,0.0,0.0
965,1.8491416848369702,1.8491416848369682,1.8491416848369664,1.8491416848369664,1.8491416848369682,1.8491416848369702,5.593261978078561,5.593261977397452,5.593261976716349,0.0,0.0,0.0,0.0,0.0,0.0,0.0,0.0,0.0
966,1.8399190522081672,1.8399190522081654,1.8399190522081637,1.8399190522081637,1.8399190522081654,1.8399190522081672,5.56536546754823,5.565365466904403,5.565365466260583,0.0,0.0,0.0,0.0,0.0,0.0,0.0,0.0,0.0
967,1.8307424176514988,1.830742417651497,1.8307424176514953,1.8307424176514953,1.830742417651497,1.8307424176514988,5.537608091446476,5.53760809083789,5.537608090229312,0.0,0.0,0.0,0.0,0.0,0.0,0.0,0.0,0.0
968,1.8216115517506228,1.821611551750621,1.8216115517506193,1.8216115517506193,1.821611551750621,1.8216115517506228,5.509989155837339,5.5099891552620655,5.509989154686799,0.0,0.0,0.0,0.0,0.0,0.0,0.0,0.0,0.0
969,1.8125262262334163,1.8125262262334145,1.8125262262334128,1.8125262262334128,1.8125262262334145,1.8125262262334163,5.4825079702458845,5.482507969702101,5.482507969158324,0.0,0.0,0.0,0.0,0.0,0.0,0.0,0.0,0.0
970,1.8034862139662682,1.8034862139662664,1.8034862139662646,1.8034862139662646,1.8034862139662664,1.8034862139662682,5.455163847640945,5.455163847126927,5.4551638466129155,0.0,0.0,0.0,0.0,0.0,0.0,0.0,0.0,0.0
971,1.7944912889484008,1.794491288948399,1.7944912889483973,1.7944912889483973,1.794491288948399,1.7944912889484008,5.427956104417936,5.427956103932054,5.427956103446179,0.0,0.0,0.0,0.0,0.0,0.0,0.0,0.0,0.0
972,1.7855412263062203,1.7855412263062185,1.785541226306217,1.785541226306217,1.7855412263062185,1.7855412263062203,5.400884060381771,5.400884059922486,5.400884059463206,0.0,0.0,0.0,0.0,0.0,0.0,0.0,0.0,0.0
973,1.7766358022876945,1.7766358022876927,1.7766358022876911,1.7766358022876911,1.7766358022876927,1.7766358022876945,5.373947038729858,5.373947038295713,5.373947037861573,0.0,0.0,0.0,0.0,0.0,0.0,0.0,0.0,0.0
974,1.767774794256759,1.7677747942567572,1.7677747942567557,1.7677747942567557,1.7677747942567572,1.767774794256759,5.34714436603517,5.347144365624789,5.3471443652144135,0.0,0.0,0.0,0.0,0.0,0.0,0.0,0.0,0.0
975,1.7589579806877518,1.75895798068775,1.7589579806877484,1.7589579806877484,1.75895798068775,1.7589579806877518,5.320475372229422,5.320475371841504,5.3204753714535915,0.0,0.0,0.0,0.0,0.0,0.0,0.0,0.0,0.0
976,1.7501851411598741,1.7501851411598723,1.7501851411598708,1.7501851411598708,1.7501851411598723,1.7501851411598741,5.293939390586306,5.293939390219624,5.2939393898529445,0.0,0.0,0.0,0.0,0.0,0.0,0.0,0.0,0.0
977,1.741456056351681,1.7414560563516792,1.7414560563516777,1.7414560563516777,1.7414560563516792,1.741456056351681,5.267535757704836,5.267535757358225,5.267535757011617,0.0,0.0,0.0,0.0,0.0,0.0,0.0,0.0,0.0
978,1.7327705080355975,1.7327705080355957,1.7327705080355942,1.7327705080355942,1.7327705080355957,1.7327705080355975,5.24126381349275,5.24126381316511,5.241263812837475,0.0,0.0,0.0,0.0,0.0,0.0,0.0,0.0,0.0
979,1.7241282790724635,1.7241282790724617,1.7241282790724601,1.7241282790724601,1.7241282790724617,1.7241282790724635,5.215122901150013,5.215122900840308,5.215122900530607,0.0,0.0,0.0,0.0,0.0,0.0,0.0,0.0,0.0
980,1.7155291534061048,1.715529153406103,1.7155291534061015,1.7155291534061015,1.715529153406103,1.7155291534061048,5.189112367152401,5.189112366859648,5.189112366566899,0.0,0.0,0.0,0.0,0.0,0.0,0.0,0.0,0.0
981,1.7069729160579317,1.70697291605793,1.7069729160579283,1.7069729160579283,1.70697291605793,1.7069729160579317,5.163231561235154,5.163231560958426,5.163231560681702,0.0,0.0,0.0,0.0,0.0,0.0,0.0,0.0,0.0
982,1.698459353121565,1.6984593531215633,1.6984593531215617,1.6984593531215617,1.6984593531215633,1.698459353121565,5.137479836376727,5.137479836115147,5.137479835853569,0.0,0.0,0.0,0.0,0.0,0.0,0.0,0.0,0.0
983,1.689988251757488,1.6899882517574862,1.6899882517574847,1.6899882517574847,1.6899882517574862,1.689988251757488,5.111856548782609,5.111856548535347,5.111856548288088,0.0,0.0,0.0,0.0,0.0,0.0,0.0,0.0,0.0
984,1.6815594001877252,1.6815594001877234,1.6815594001877219,1.6815594001877219,1.6815594001877234,1.6815594001877252,5.086361057869231,5.0863610576355045,5.0863610574017795,0.0,0.0,0.0,0.0,0.0,0.0,0.0,0.0,0.0
985,1.6731725876905483,1.6731725876905466,1.673172587690545,1.673172587690545,1.6731725876905466,1.6731725876905483,5.0609927262479495,5.060992726027017,5.060992725806086,0.0,0.0,0.0,0.0,0.0,0.0,0.0,0.0,0.0
986,1.6648276045952082,1.6648276045952064,1.6648276045952048,1.6648276045952048,1.6648276045952064,1.6648276045952082,5.0357509197091135,5.035750919500273,5.035750919291436,0.0,0.0,0.0,0.0,0.0,0.0,0.0,0.0,0.0
987,1.6565242422766928,1.656524242276691,1.6565242422766895,1.6565242422766895,1.656524242276691,1.6565242422766928,5.010635007206205,5.010635007008797,5.01063500681139,0.0,0.0,0.0,0.0,0.0,0.0,0.0,0.0,0.0
988,1.6482622931505118,1.64826229315051,1.6482622931505084,1.6482622931505084,1.64826229315051,1.6482622931505118,4.985644360840069,4.985644360653466,4.985644360466865,0.0,0.0,0.0,0.0,0.0,0.0,0.0,0.0,0.0
989,1.6400415506675063,1.6400415506675046,1.640041550667503,1.640041550667503,1.6400415506675046,1.6400415506675063,4.960778355843209,4.960778355666821,4.960778355490434,0.0,0.0,0.0,0.0,0.0,0.0,0.0,0.0,0.0
990,1.6318618093086865,1.6318618093086847,1.6318618093086832,1.6318618093086832,1.6318618093086847,1.6318618093086865,4.936036370564174,4.936036370397441,4.93603637023071,0.0,0.0,0.0,0.0,0.0,0.0,0.0,0.0,0.0
991,1.6237228645800923,1.6237228645800905,1.623722864580089,1.623722864580089,1.6237228645800905,1.6237228645800923,4.911417786452013,4.9114177862944075,4.911417786136802,0.0,0.0,0.0,0.0,0.0,0.0,0.0,0.0,0.0
992,1.6156245130076816,1.6156245130076798,1.6156245130076783,1.6156245130076783,1.6156245130076798,1.6156245130076816,4.886921988040813,4.886921987891834,4.886921987742856,0.0,0.0,0.0,0.0,0.0,0.0,0.0,0.0,0.0
993,1.6075665521322433,1.6075665521322415,1.60756655213224,1.60756655213224,1.6075665521322415,1.6075665521322433,4.862548362934309,4.862548362793485,4.862548362652662,0.0,0.0,0.0,0.0,0.0,0.0,0.0,0.0,0.0
994,1.5995487805043358,1.599548780504334,1.5995487805043325,1.5995487805043325,1.599548780504334,1.5995487805043358,4.838296301790579,4.838296301657464,4.83829630152435,0.0,0.0,0.0,0.0,0.0,0.0,0.0,0.0,0.0
995,1.5915709976792507,1.5915709976792491,1.5915709976792476,1.5915709976792476,1.5915709976792491,1.5915709976792507,4.8141651983068074,4.814165198180979,4.814165198055152,0.0,0.0,0.0,0.0,0.0,0.0,0.0,0.0,0.0
996,1.5836330042120021,1.5836330042120006,1.583633004211999,1.583633004211999,1.5836330042120006,1.5836330042120021,4.790154449204128,4.790154449085187,4.790154448966247,0.0,0.0,0.0,0.0,0.0,0.0,0.0,0.0,0.0
997,1.5757346016523397,1.5757346016523381,1.5757346016523366,1.5757346016523366,1.5757346016523381,1.5757346016523397,4.76626345421254,4.766263454100109,4.76626345398768,0.0,0.0,0.0,0.0,0.0,0.0,0.0,0.0,0.0
998,1.5678755925397883,1.5678755925397867,1.5678755925397851,1.5678755925397851,1.5678755925397867,1.5678755925397883,4.742491616055903,4.742491615949627,4.742491615843352,0.0,0.0,0.0,0.0,0.0,0.0,0.0,0.0,0.0
999,1.5600557803987105,1.560055780398709,1.5600557803987074,1.5600557803987074,1.560055780398709,1.5600557803987105,4.718838340437007,4.718838340336548,4.718838340236091,0.0,0.0,0.0,0.0,0.0,0.0,0.0,0.0,0.0
1000,1.5522749697333957,1.5522749697333942,1.5522749697333926,1.5522749697333926,1.5522749697333942,1.5522749697333957,4.695303036022712,4.6953030359277514,4.695303035832793,0.0,0.0,0.0,0.0,0.0,0.0,0.0,0.0,0.0
1001,1.544532966023172,1.5445329660231704,1.5445329660231688,1.5445329660231688,1.5445329660231704,1.544532966023172,4.671885114429163,4.6718851143394,4.67188511424964,0.0,0.0,0.0,0.0,0.0,0.0,0.0,0.0,0.0
1002,1.5368295757175432,1.5368295757175416,1.53682957571754,1.53682957571754,1.5368295757175416,1.5368295757175432,4.648583990207084,4.648583990122234,4.6485839900373875,0.0,0.0,0.0,0.0,0.0,0.0,0.0,0.0,0.0
1003,1.5291646062313506,1.529164606231349,1.5291646062313478,1.5291646062313478,1.529164606231349,1.5291646062313506,4.62539908082714,4.625399080746936,4.625399080666733,0.0,0.0,0.0,0.0,0.0,0.0,0.0,0.0,0.0
1004,1.521537865939958,1.5215378659399565,1.5215378659399552,1.5215378659399552,1.5215378659399565,1.521537865939958,4.602329806665376,4.602329806589562,4.602329806513749,0.0,0.0,0.0,0.0,0.0,0.0,0.0,0.0,0.0
1005,1.513949164174461,1.5139491641744593,1.513949164174458,1.513949164174458,1.5139491641744593,1.513949164174461,4.579375590988723,4.579375590917058,4.5793755908453955,0.0,0.0,0.0,0.0,0.0,0.0,0.0,0.0,0.0
1006,1.5063983112169195,1.506398311216918,1.5063983112169168,1.5063983112169168,1.506398311216918,1.5063983112169195,4.5565358599405785,4.556535859872836,4.556535859805097,0.0,0.0,0.0,0.0,0.0,0.0,0.0,0.0,0.0
1007,1.4988851182956169,1.4988851182956153,1.4988851182956142,1.4988851182956142,1.4988851182956153,1.4988851182956169,4.533810042526465,4.533810042462432,4.533810042398399,0.0,0.0,0.0,0.0,0.0,0.0,0.0,0.0,0.0
1008,1.4914093975803386,1.491409397580337,1.491409397580336,1.491409397580336,1.491409397580337,1.4914093975803386,4.5111975705997525,4.511197570539225,4.511197570478697,0.0,0.0,0.0,0.0,0.0,0.0,0.0,0.0,0.0
1009,1.4839709621776775,1.483970962177676,1.4839709621776749,1.4839709621776749,1.483970962177676,1.4839709621776775,4.4886978788474545,4.48869787879024,4.488697878733025,0.0,0.0,0.0,0.0,0.0,0.0,0.0,0.0,0.0
1010,1.4765696261263612,1.4765696261263597,1.4765696261263586,1.4765696261263586,1.4765696261263597,1.4765696261263612,4.4663104047760935,4.466310404722011,4.466310404667928,0.0,0.0,0.0,0.0,0.0,0.0,0.0,0.0,0.0
1011,1.4692052043926027,1.4692052043926012,1.4692052043926,1.4692052043926,1.4692052043926012,1.4692052043926027,4.444034588697642,4.44403458864652,4.444034588595398,0.0,0.0,0.0,0.0,0.0,0.0,0.0,0.0,0.0
1012,1.4618775128654753,1.4618775128654737,1.4618775128654726,1.4618775128654726,1.4618775128654737,1.4618775128654753,4.421869873715529,4.421869873667206,4.421869873618882,0.0,0.0,0.0,0.0,0.0,0.0,0.0,0.0,0.0
1013,1.4545863683523088,1.4545863683523073,1.4545863683523064,1.4545863683523064,1.4545863683523073,1.4545863683523088,4.399815705710718,4.3998157056650395,4.3998157056193605,0.0,0.0,0.0,0.0,0.0,0.0,0.0,0.0,0.0
1014,1.447331588574111,1.4473315885741094,1.4473315885741085,1.4473315885741085,1.4473315885741094,1.447331588574111,4.37787153332785,4.377871533284672,4.3778715332414935,0.0,0.0,0.0,0.0,0.0,0.0,0.0,0.0,0.0
1015,1.4401129921610094,1.4401129921610079,1.440112992161007,1.440112992161007,1.4401129921610079,1.4401129921610094,4.356036807961465,4.356036807920651,4.356036807879836,0.0,0.0,0.0,0.0,0.0,0.0,0.0,0.0,0.0
1016,1.4329303986477178,1.4329303986477162,1.4329303986477153,1.4329303986477153,1.4329303986477162,1.4329303986477178,4.334310983742285,4.334310983703705,4.334310983665125,0.0,0.0,0.0,0.0,0.0,0.0,0.0,0.0,0.0
1017,1.4257836284690242,1.4257836284690226,1.4257836284690217,1.4257836284690217,1.4257836284690226,1.4257836284690242,4.312693517523566,4.312693517487097,4.312693517450629,0.0,0.0,0.0,0.0,0.0,0.0,0.0,0.0,0.0
1018,1.418672502955302,1.4186725029553005,1.4186725029552996,1.4186725029552996,1.4186725029553005,1.418672502955302,4.291183868867519,4.291183868833046,4.291183868798575,0.0,0.0,0.0,0.0,0.0,0.0,0.0,0.0,0.0
1019,1.4115968443280429,1.4115968443280413,1.4115968443280404,1.4115968443280404,1.4115968443280413,1.4115968443280429,4.269781500031801,4.2697814999992145,4.269781499966631,0.0,0.0,0.0,0.0,0.0,0.0,0.0,0.0,0.0
1020,1.4045564756954128,1.4045564756954112,1.4045564756954103,1.4045564756954103,1.4045564756954112,1.4045564756954128,4.248485875956072,4.248485875925268,4.248485875894468,0.0,0.0,0.0,0.0,0.0,0.0,0.0,0.0,0.0
1021,1.3975512210478291,1.3975512210478276,1.3975512210478267,1.3975512210478267,1.3975512210478276,1.3975512210478291,4.227296464248613,4.227296464219496,4.227296464190381,0.0,0.0,0.0,0.0,0.0,0.0,0.0,0.0,0.0
1022,1.390580905253561,1.3905809052535594,1.3905809052535585,1.3905809052535585,1.3905809052535594,1.390580905253561,4.206212735173024,4.206212735145501,4.20621273511798,0.0,0.0,0.0,0.0,0.0,0.0,0.0,0.0,0.0
1023,1.38364535405435,1.3836453540543485,1.3836453540543476,1.3836453540543476,1.3836453540543485,1.38364535405435,4.185234161634975,4.185234161608958,4.185234161582943,0.0,0.0,0.0,0.0,0.0,0.0,0.0,0.0,0.0
1024,1.3767443940610555,1.376744394061054,1.376744394061053,1.376744394061053,1.376744394061054,1.3767443940610555,4.164360219169029,4.164360219144436,4.164360219119846,0.0,0.0,0.0,0.0,0.0,0.0,0.0,0.0,0.0
1025,1.369877852749318,1.3698778527493165,1.3698778527493156,1.3698778527493156,1.3698778527493165,1.369877852749318,4.143590385925535,4.143590385902288,4.143590385879043,0.0,0.0,0.0,0.0,0.0,0.0,0.0,0.0,0.0
1026,1.3630455584552472,1.3630455584552457,1.3630455584552448,1.3630455584552448,1.3630455584552457,1.3630455584552472,4.122924142657573,4.122924142635599,4.122924142613627,0.0,0.0,0.0,0.0,0.0,0.0,0.0,0.0,0.0
1027,1.3562473403711297,1.3562473403711282,1.3562473403711273,1.3562473403711273,1.3562473403711282,1.3562473403711297,4.102360972707983,4.102360972687212,4.1023609726664425,0.0,0.0,0.0,0.0,0.0,0.0,0.0,0.0,0.0
1028,1.3494830285411594,1.3494830285411579,1.349483028541157,1.349483028541157,1.3494830285411579,1.3494830285411594,4.08190036199644,4.081900361976806,4.081900361957174,0.0,0.0,0.0,0.0,0.0,0.0,0.0,0.0,0.0
1029,1.3427524538571882,1.3427524538571867,1.3427524538571858,1.3427524538571858,1.3427524538571867,1.3427524538571882,4.0615417990066085,4.061541798988049,4.0615417989694915,0.0,0.0,0.0,0.0,0.0,0.0,0.0,0.0,0.0
1030,1.3360554480544986,1.336055448054497,1.3360554480544962,1.3360554480544962,1.336055448054497,1.3360554480544986,4.041284774773349,4.041284774755805,4.041284774738264,0.0,0.0,0.0,0.0,0.0,0.0,0.0,0.0,0.0
1031,1.3293918437075967,1.3293918437075951,1.3293918437075942,1.3293918437075942,1.3293918437075951,1.3293918437075967,4.021128782869997,4.021128782853415,4.021128782836834,0.0,0.0,0.0,0.0,0.0,0.0,0.0,0.0,0.0
1032,1.3227614742260265,1.322761474226025,1.322761474226024,1.322761474226024,1.322761474226025,1.3227614742260265,4.0010733193957035,4.00107331938003,4.001073319364355,0.0,0.0,0.0,0.0,0.0,0.0,0.0,0.0,0.0
1033,1.316164173850206,1.3161641738502046,1.3161641738502037,1.3161641738502037,1.3161641738502046,1.316164173850206,3.981117882962834,3.9811178829480185,3.9811178829332015,0.0,0.0,0.0,0.0,0.0,0.0,0.0,0.0,0.0
1034,1.3095997776472819,1.3095997776472805,1.3095997776472796,1.3095997776472796,1.3095997776472805,1.3095997776472819,3.9612619746844353,3.961261974670431,3.961261974656425,0.0,0.0,0.0,0.0,0.0,0.0,0.0,0.0,0.0
1035,1.3030681215070075,1.3030681215070061,1.3030681215070052,1.3030681215070052,1.3030681215070061,1.3030681215070075,3.9415050981617634,3.941505098148526,3.9415050981352864,0.0,0.0,0.0,0.0,0.0,0.0,0.0,0.0,0.0
1036,1.2965690421376388,1.2965690421376375,1.2965690421376368,1.2965690421376368,1.2965690421376375,1.2965690421376388,3.9218467594718747,3.9218467594593616,3.9218467594468467,0.0,0.0,0.0,0.0,0.0,0.0,0.0,0.0,0.0
1037,1.2901023770618534,1.290102377061852,1.2901023770618514,1.2901023770618514,1.290102377061852,1.2901023770618534,3.9022864671552746,3.9022864671434467,3.9022864671316166,0.0,0.0,0.0,0.0,0.0,0.0,0.0,0.0,0.0
1038,1.2836679646126874,1.283667964612686,1.2836679646126854,1.2836679646126854,1.283667964612686,1.2836679646126874,3.8828237322036347,3.882823732192455,3.882823732181272,0.0,0.0,0.0,0.0,0.0,0.0,0.0,0.0,0.0
1039,1.2772656439294945,1.2772656439294932,1.2772656439294925,1.2772656439294925,1.2772656439294932,1.2772656439294945,3.863458068047566,3.863458068036998,3.8634580680264277,0.0,0.0,0.0,0.0,0.0,0.0,0.0,0.0,0.0
1040,1.270895254953924,1.2708952549539227,1.270895254953922,1.270895254953922,1.2708952549539227,1.270895254953924,3.8441889905444535,3.844188990534464,3.844188990524472,0.0,0.0,0.0,0.0,0.0,0.0,0.0,0.0,0.0
1041,1.2645566384259201,1.2645566384259188,1.2645566384259181,1.2645566384259181,1.2645566384259188,1.2645566384259201,3.8250160179663544,3.825016017956912,3.825016017947467,0.0,0.0,0.0,0.0,0.0,0.0,0.0,0.0,0.0
1042,1.2582496358797393,1.258249635879738,1.2582496358797373,1.2582496358797373,1.258249635879738,1.2582496358797393,3.805938670987954,3.8059386709790286,3.8059386709701,0.0,0.0,0.0,0.0,0.0,0.0,0.0,0.0,0.0
1043,1.2519740896399891,1.2519740896399878,1.2519740896399871,1.2519740896399871,1.2519740896399878,1.2519740896399891,3.7869564726745826,3.7869564726661458,3.786956472657706,0.0,0.0,0.0,0.0,0.0,0.0,0.0,0.0,0.0
1044,1.245729842817687,1.2457298428176857,1.245729842817685,1.245729842817685,1.2457298428176857,1.245729842817687,3.768068948470292,3.768068948462317,3.768068948454339,0.0,0.0,0.0,0.0,0.0,0.0,0.0,0.0,0.0
1045,1.2395167393063373,1.239516739306336,1.2395167393063353,1.2395167393063353,1.239516739306336,1.2395167393063373,3.749275626185992,3.7492756261784534,3.7492756261709124,0.0,0.0,0.0,0.0,0.0,0.0,0.0,0.0,0.0
1046,1.2333346237780285,1.2333346237780272,1.2333346237780265,1.2333346237780265,1.2333346237780272,1.2333346237780285,3.730576035987645,3.7305760359805196,3.730576035973391,0.0,0.0,0.0,0.0,0.0,0.0,0.0,0.0,0.0
1047,1.2271833416795503,1.227183341679549,1.2271833416795483,1.2271833416795483,1.227183341679549,1.2271833416795503,3.7119697103845217,3.7119697103777862,3.711969710371048,0.0,0.0,0.0,0.0,0.0,0.0,0.0,0.0,0.0
1048,1.22106273922853,1.2210627392285287,1.221062739228528,1.221062739228528,1.2210627392285287,1.22106273922853,3.693456184217511,3.693456184211144,3.693456184204775,0.0,0.0,0.0,0.0,0.0,0.0,0.0,0.0,0.0
1049,1.2149726634095874,1.214972663409586,1.2149726634095854,1.2149726634095854,1.214972663409586,1.2149726634095874,3.675034994647493,3.6750349946414747,3.675034994635454,0.0,0.0,0.0,0.0,0.0,0.0,0.0,0.0,0.0
1050,1.20891296197051,1.2089129619705086,1.208912961970508,1.208912961970508,1.2089129619705086,1.20891296197051,3.656705681143768,3.65670568113808,3.656705681132389,0.0,0.0,0.0,0.0,0.0,0.0,0.0,0.0,0.0
1051,1.2028834834184459,1.2028834834184445,1.2028834834184439,1.2028834834184439,1.2028834834184445,1.2028834834184459,3.6384677854725442,3.6384677854671668,3.6384677854617875,0.0,0.0,0.0,0.0,0.0,0.0,0.0,0.0,0.0
1052,1.1968840770161175,1.1968840770161162,1.1968840770161155,1.1968840770161155,1.1968840770161162,1.1968840770161175,3.6203208516854777,3.620320851680394,3.6203208516753094,0.0,0.0,0.0,0.0,0.0,0.0,0.0,0.0,0.0
1053,1.1909145927780524,1.1909145927780511,1.1909145927780505,1.1909145927780505,1.1909145927780511,1.1909145927780524,3.6022644261082775,3.602264426103472,3.6022644260986656,0.0,0.0,0.0,0.0,0.0,0.0,0.0,0.0,0.0
1054,1.1849748814668337,1.1849748814668324,1.1849748814668317,1.1849748814668317,1.1849748814668324,1.1849748814668337,3.584298057329363,3.5842980573248204,3.5842980573202774,0.0,0.0,0.0,0.0,0.0,0.0,0.0,0.0,0.0
1055,1.179064794589369,1.1790647945893677,1.179064794589367,1.179064794589367,1.1790647945893677,1.179064794589369,3.5664212961885786,3.5664212961842847,3.56642129617999,0.0,0.0,0.0,0.0,0.0,0.0,0.0,0.0,0.0
1056,1.173184184393179,1.1731841843931776,1.173184184393177,1.173184184393177,1.1731841843931776,1.173184184393179,3.5486336957659637,3.5486336957619047,3.5486336957578453,0.0,0.0,0.0,0.0,0.0,0.0,0.0,0.0,0.0
1057,1.167332903862702,1.1673329038627007,1.1673329038627,1.1673329038627,1.1673329038627007,1.167332903862702,3.5309348113705803,3.5309348113667434,3.5309348113629064,0.0,0.0,0.0,0.0,0.0,0.0,0.0,0.0,0.0
1058,1.1615108067156203,1.161510806715619,1.1615108067156183,1.1615108067156183,1.161510806715619,1.1615108067156203,3.513324200529396,3.513324200525769,3.5133242005221423,0.0,0.0,0.0,0.0,0.0,0.0,0.0,0.0,0.0
1059,1.1557177473992017,1.1557177473992004,1.1557177473992,1.1557177473992,1.1557177473992004,1.1557177473992017,3.4958014229762226,3.4958014229727943,3.4958014229693655,0.0,0.0,0.0,0.0,0.0,0.0,0.0,0.0,0.0
1060,1.149953581086662,1.1499535810866606,1.1499535810866601,1.1499535810866601,1.1499535810866606,1.149953581086662,3.4783660406407075,3.4783660406374666,3.4783660406342256,0.0,0.0,0.0,0.0,0.0,0.0,0.0,0.0,0.0
1061,1.1442181636735427,1.1442181636735413,1.144218163673541,1.144218163673541,1.1442181636735413,1.1442181636735427,3.4610176176373835,3.46101761763432,3.4610176176312564,0.0,0.0,0.0,0.0,0.0,0.0,0.0,0.0,0.0
1062,1.1385113517741101,1.1385113517741088,1.1385113517741083,1.1385113517741083,1.1385113517741088,1.1385113517741101,3.4437557202547717,3.443755720251876,3.44375572024898,0.0,0.0,0.0,0.0,0.0,0.0,0.0,0.0,0.0
1063,1.1328330027177693,1.132833002717768,1.1328330027177675,1.1328330027177675,1.132833002717768,1.1328330027177693,3.426579916944538,3.4265799169418,3.4265799169390627,0.0,0.0,0.0,0.0,0.0,0.0,0.0,0.0,0.0
1064,1.1271829745454982,1.1271829745454969,1.1271829745454964,1.1271829745454964,1.1271829745454969,1.1271829745454982,3.409489778310704,3.409489778308116,3.4094897783055282,0.0,0.0,0.0,0.0,0.0,0.0,0.0,0.0,0.0
1065,1.1215611260062983,1.121561126006297,1.1215611260062965,1.1215611260062965,1.121561126006297,1.1215611260062983,3.392484877098914,3.392484877096467,3.392484877094021,0.0,0.0,0.0,0.0,0.0,0.0,0.0,0.0,0.0
1066,1.1159673165536632,1.1159673165536619,1.1159673165536614,1.1159673165536614,1.1159673165536619,1.1159673165536632,3.3755647881857507,3.375564788183438,3.3755647881811255,0.0,0.0,0.0,0.0,0.0,0.0,0.0,0.0,0.0
1067,1.1104014063420653,1.110401406342064,1.1104014063420635,1.1104014063420635,1.110401406342064,1.1104014063420653,3.3587290885681105,3.3587290885659242,3.358729088563738,0.0,0.0,0.0,0.0,0.0,0.0,0.0,0.0,0.0
1068,1.1048632562234595,1.1048632562234582,1.1048632562234577,1.1048632562234577,1.1048632562234582,1.1048632562234595,3.3419773573526252,3.3419773573505585,3.341977357348492,0.0,0.0,0.0,0.0,0.0,0.0,0.0,0.0,0.0
1069,1.0993527277438042,1.0993527277438029,1.0993527277438024,1.0993527277438024,1.0993527277438029,1.0993527277438042,3.3253091757451414,3.325309175743188,3.3253091757412347,0.0,0.0,0.0,0.0,0.0,0.0,0.0,0.0,0.0
1070,1.0938696831396006,1.0938696831395993,1.0938696831395989,1.0938696831395989,1.0938696831395993,1.0938696831396006,3.308724127040251,3.3087241270384045,3.308724127036558,0.0,0.0,0.0,0.0,0.0,0.0,0.0,0.0,0.0
1071,1.0884139853344479,1.0884139853344466,1.088413985334446,1.088413985334446,1.0884139853344466,1.0884139853344479,3.292221796610872,3.2922217966091263,3.292221796607381,0.0,0.0,0.0,0.0,0.0,0.0,0.0,0.0,0.0
1072,1.0829854979356168,1.0829854979356155,1.082985497935615,1.082985497935615,1.0829854979356155,1.0829854979356168,3.2758017718978834,3.2758017718962336,3.2758017718945838,0.0,0.0,0.0,0.0,0.0,0.0,0.0,0.0,0.0
1073,1.0775840852306395,1.0775840852306384,1.077584085230638,1.077584085230638,1.0775840852306384,1.0775840852306395,3.2594636423998122,3.259463642398253,3.2594636423966934,0.0,0.0,0.0,0.0,0.0,0.0,0.0,0.0,0.0
1074,1.0722096121839173,1.0722096121839162,1.0722096121839158,1.0722096121839158,1.0722096121839162,1.0722096121839173,3.24320699966257,3.2432069996610964,3.243206999659622,0.0,0.0,0.0,0.0,0.0,0.0,0.0,0.0,0.0
1075,1.066861944433344,1.066861944433343,1.0668619444333425,1.0668619444333425,1.066861944433343,1.066861944433344,3.227031437269241,3.2270314372678484,3.227031437266455,0.0,0.0,0.0,0.0,0.0,0.0,0.0,0.0,0.0
1076,1.0615409482869473,1.0615409482869462,1.0615409482869458,1.0615409482869458,1.0615409482869462,1.0615409482869473,3.2109365508299232,3.2109365508286065,3.2109365508272893,0.0,0.0,0.0,0.0,0.0,0.0,0.0,0.0,0.0
1077,1.0562464907195463,1.0562464907195452,1.0562464907195448,1.0562464907195448,1.0562464907195452,1.0562464907195463,3.1949219379716167,3.194921937970372,3.1949219379691267,0.0,0.0,0.0,0.0,0.0,0.0,0.0,0.0,0.0
1078,1.0509784393694264,1.0509784393694253,1.0509784393694248,1.0509784393694248,1.0509784393694253,1.0509784393694264,3.1789871983281657,3.178987198326989,3.178987198325812,0.0,0.0,0.0,0.0,0.0,0.0,0.0,0.0,0.0
1079,1.045736662535029,1.045736662535028,1.0457366625350275,1.0457366625350275,1.045736662535028,1.045736662535029,3.163131933530249,3.1631319335291366,3.1631319335280237,0.0,0.0,0.0,0.0,0.0,0.0,0.0,0.0,0.0
1080,1.0405210291716607,1.0405210291716596,1.0405210291716591,1.0405210291716591,1.0405210291716596,1.0405210291716607,3.1473557471954208,3.147355747194369,3.1473557471933167,0.0,0.0,0.0,0.0,0.0,0.0,0.0,0.0,0.0
1081,1.0353314088882155,1.0353314088882144,1.035331408888214,1.035331408888214,1.0353314088882144,1.0353314088882155,3.1316582449182007,3.1316582449172063,3.1316582449162116,0.0,0.0,0.0,0.0,0.0,0.0,0.0,0.0,0.0
1082,1.030167671943916,1.030167671943915,1.0301676719439146,1.0301676719439146,1.030167671943915,1.030167671943916,3.1160390342602136,3.116039034259274,3.1160390342583333,0.0,0.0,0.0,0.0,0.0,0.0,0.0,0.0,0.0
1083,1.0250296892450697,1.0250296892450688,1.0250296892450683,1.0250296892450683,1.0250296892450688,1.0250296892450697,3.10049772474038,3.100497724739492,3.1004977247386027,0.0,0.0,0.0,0.0,0.0,0.0,0.0,0.0,0.0
1084,1.0199173323418416,1.0199173323418407,1.0199173323418402,1.0199173323418402,1.0199173323418407,1.0199173323418416,3.085033927825152,3.0850339278243126,3.085033927823472,0.0,0.0,0.0,0.0,0.0,0.0,0.0,0.0,0.0
1085,1.0148304734250426,1.0148304734250417,1.0148304734250413,1.0148304734250413,1.0148304734250417,1.0148304734250426,3.0696472569188016,3.069647256918008,3.0696472569172135,0.0,0.0,0.0,0.0,0.0,0.0,0.0,0.0,0.0
1086,1.0097689853229352,1.0097689853229344,1.009768985322934,1.009768985322934,1.0097689853229344,1.0097689853229352,3.054337327353754,3.0543373273530037,3.0543373273522527,0.0,0.0,0.0,0.0,0.0,0.0,0.0,0.0,0.0
1087,1.0047327414980531,1.0047327414980523,1.0047327414980518,1.0047327414980518,1.0047327414980523,1.0047327414980531,3.0391037563809733,3.0391037563802636,3.039103756379554,0.0,0.0,0.0,0.0,0.0,0.0,0.0,0.0,0.0
1088,0.9997216160440383,0.9997216160440374,0.999721616044037,0.999721616044037,0.9997216160440374,0.9997216160440383,3.0239461631603906,3.0239461631597195,3.023946163159049,0.0,0.0,0.0,0.0,0.0,0.0,0.0,0.0,0.0
1089,0.9947354836824934,0.9947354836824925,0.9947354836824921,0.9947354836824921,0.9947354836824925,0.9947354836824934,3.008864168751386,3.008864168750752,3.008864168750118,0.0,0.0,0.0,0.0,0.0,0.0,0.0,0.0,0.0
1090,0.9897742197598498,0.9897742197598489,0.9897742197598485,0.9897742197598485,0.9897742197598489,0.9897742197598498,2.993857396103315,2.993857396102715,2.9938573961021153,0.0,0.0,0.0,0.0,0.0,0.0,0.0,0.0,0.0
1091,0.9848377002442509,0.9848377002442501,0.9848377002442497,0.9848377002442497,0.9848377002442501,0.9848377002442509,2.9789254700460774,2.978925470045511,2.9789254700449437,0.0,0.0,0.0,0.0,0.0,0.0,0.0,0.0,0.0
1092,0.9799258017224518,0.979925801722451,0.9799258017224506,0.9799258017224506,0.979925801722451,0.9799258017224518,2.964068017280746,2.9640680172802103,2.9640680172796743,0.0,0.0,0.0,0.0,0.0,0.0,0.0,0.0,0.0
1093,0.9750384013967336,0.9750384013967328,0.9750384013967324,0.9750384013967324,0.9750384013967328,0.9750384013967336,2.9492846663702266,2.9492846663697203,2.9492846663692136,0.0,0.0,0.0,0.0,0.0,0.0,0.0,0.0,0.0
1094,0.9701753770818337,0.9701753770818329,0.9701753770818324,0.9701753770818324,0.9701753770818329,0.9701753770818337,2.934575047729977,2.9345750477294983,2.9345750477290196,0.0,0.0,0.0,0.0,0.0,0.0,0.0,0.0,0.0
1095,0.9653366072018907,0.96533660720189,0.9653366072018895,0.9653366072018895,0.96533660720189,0.9653366072018907,2.9199387936187646,2.919938793618312,2.9199387936178596,0.0,0.0,0.0,0.0,0.0,0.0,0.0,0.0,0.0
1096,0.9605219707874059,0.9605219707874051,0.9605219707874046,0.9605219707874046,0.9605219707874051,0.9605219707874059,2.9053755381294746,2.9053755381290465,2.905375538128619,0.0,0.0,0.0,0.0,0.0,0.0,0.0,0.0,0.0
1097,0.9557313474722179,0.9557313474722171,0.9557313474722167,0.9557313474722167,0.9557313474722171,0.9557313474722179,2.8908849171799607,2.890884917179556,2.8908849171791515,0.0,0.0,0.0,0.0,0.0,0.0,0.0,0.0,0.0
1098,0.9509646174904944,0.9509646174904937,0.9509646174904932,0.9509646174904932,0.9509646174904937,0.9509646174904944,2.8764665685039446,2.876466568503562,2.87646656850318,0.0,0.0,0.0,0.0,0.0,0.0,0.0,0.0,0.0
1099,0.9462216616737377,0.9462216616737369,0.9462216616737364,0.9462216616737364,0.9462216616737369,0.9462216616737377,2.8621201316419587,2.862120131641597,2.8621201316412357,0.0,0.0,0.0,0.0,0.0,0.0,0.0,0.0,0.0
1100,0.9415023614478052,0.9415023614478044,0.941502361447804,0.941502361447804,0.9415023614478044,0.9415023614478052,2.8478452479323333,2.847845247931992,2.8478452479316503,0.0,0.0,0.0,0.0,0.0,0.0,0.0,0.0,0.0
1101,0.9368065988299455,0.9368065988299448,0.9368065988299443,0.9368065988299443,0.9368065988299448,0.9368065988299455,2.833641560502233,2.8336415605019103,2.833641560501587,0.0,0.0,0.0,0.0,0.0,0.0,0.0,0.0,0.0
1102,0.9321342564258487,0.9321342564258479,0.9321342564258475,0.9321342564258475,0.9321342564258479,0.9321342564258487,2.819508714258732,2.819508714258427,2.819508714258121,0.0,0.0,0.0,0.0,0.0,0.0,0.0,0.0,0.0
1103,0.9274852174267112,0.9274852174267104,0.92748521742671,0.92748521742671,0.9274852174267104,0.9274852174267112,2.8054463558799383,2.8054463558796496,2.80544635587936,0.0,0.0,0.0,0.0,0.0,0.0,0.0,0.0,0.0
1104,0.9228593656063159,0.9228593656063151,0.9228593656063147,0.9228593656063147,0.9228593656063151,0.9228593656063159,2.791454133806159,2.7914541338058863,2.7914541338056127,0.0,0.0,0.0,0.0,0.0,0.0,0.0,0.0,0.0
1105,0.9182565853181264,0.9182565853181256,0.9182565853181252,0.9182565853181252,0.9182565853181256,0.9182565853181264,2.777531698231114,2.7775316982308564,2.777531698230598,0.0,0.0,0.0,0.0,0.0,0.0,0.0,0.0,0.0
1106,0.9136767614923957,0.913676761492395,0.9136767614923945,0.9136767614923945,0.913676761492395,0.9136767614923957,2.763678701093189,2.7636787010929456,2.7636787010927013,0.0,0.0,0.0,0.0,0.0,0.0,0.0,0.0,0.0
1107,0.9091197796332898,0.909119779633289,0.9091197796332886,0.9091197796332886,0.909119779633289,0.9091197796332898,2.749894796066734,2.7498947960665037,2.7498947960662727,0.0,0.0,0.0,0.0,0.0,0.0,0.0,0.0,0.0
1108,0.9045855258160247,0.9045855258160239,0.9045855258160235,0.9045855258160235,0.9045855258160239,0.9045855258160247,2.736179638553405,2.7361796385531876,2.736179638552969,0.0,0.0,0.0,0.0,0.0,0.0,0.0,0.0,0.0
1109,0.9000738866840189,0.9000738866840181,0.9000738866840177,0.9000738866840177,0.9000738866840181,0.9000738866840189,2.7225328856735502,2.7225328856733446,2.722532885673138,0.0,0.0,0.0,0.0,0.0,0.0,0.0,0.0,0.0
1110,0.895584749446059,0.8955847494460583,0.8955847494460578,0.8955847494460578,0.8955847494460583,0.895584749446059,2.7089541962576367,2.708954196257442,2.7089541962572468,0.0,0.0,0.0,0.0,0.0,0.0,0.0,0.0,0.0
1111,0.8911180018734804,0.8911180018734797,0.8911180018734792,0.8911180018734792,0.8911180018734797,0.8911180018734804,2.6954432308377214,2.6954432308375376,2.695443230837353,0.0,0.0,0.0,0.0,0.0,0.0,0.0,0.0,0.0
1112,0.8866735322973611,0.8866735322973603,0.8866735322973599,0.8866735322973599,0.8866735322973603,0.8866735322973611,2.6819996516389653,2.6819996516387916,2.681999651638617,0.0,0.0,0.0,0.0,0.0,0.0,0.0,0.0,0.0
1113,0.8822512296057302,0.8822512296057294,0.882251229605729,0.882251229605729,0.8822512296057294,0.8822512296057302,2.6686231225711885,2.668623122571024,2.6686231225708594,0.0,0.0,0.0,0.0,0.0,0.0,0.0,0.0,0.0
1114,0.87785098324079,0.8778509832407893,0.8778509832407888,0.8778509832407888,0.8778509832407893,0.87785098324079,2.655313309220467,2.655313309220312,2.6553133092201566,0.0,0.0,0.0,0.0,0.0,0.0,0.0,0.0,0.0
1115,0.8734726831961523,0.8734726831961516,0.8734726831961511,0.8734726831961511,0.8734726831961516,0.8734726831961523,2.642069878840775,2.642069878840628,2.6420698788404815,0.0,0.0,0.0,0.0,0.0,0.0,0.0,0.0,0.0
1116,0.869116220014088,0.8691162200140872,0.8691162200140867,0.8691162200140867,0.8691162200140872,0.869116220014088,2.628892500345662,2.6288925003455232,2.6288925003453842,0.0,0.0,0.0,0.0,0.0,0.0,0.0,0.0,0.0
1117,0.8647814847827904,0.8647814847827896,0.8647814847827892,0.8647814847827892,0.8647814847827896,0.8647814847827904,2.6157808442999793,2.6157808442998487,2.6157808442997172,0.0,0.0,0.0,0.0,0.0,0.0,0.0,0.0,0.0
1118,0.8604683691336531,0.8604683691336523,0.8604683691336519,0.8604683691336519,0.8604683691336523,0.8604683691336531,2.6027345829116433,2.6027345829115203,2.602734582911396,0.0,0.0,0.0,0.0,0.0,0.0,0.0,0.0,0.0
1119,0.8561767652385603,0.8561767652385596,0.8561767652385591,0.8561767652385591,0.8561767652385596,0.8561767652385603,2.58975339002344,2.589753390023324,2.589753390023206,0.0,0.0,0.0,0.0,0.0,0.0,0.0,0.0,0.0
1120,0.851906565807191,0.8519065658071903,0.8519065658071898,0.8519065658071898,0.8519065658071903,0.851906565807191,2.576836941104871,2.576836941104761,2.5768369411046494,0.0,0.0,0.0,0.0,0.0,0.0,0.0,0.0,0.0
1121,0.8476576640843372,0.8476576640843364,0.847657664084336,0.847657664084336,0.8476576640843364,0.8476576640843372,2.5639849132440404,2.563984913243936,2.563984913243831,0.0,0.0,0.0,0.0,0.0,0.0,0.0,0.0,0.0
1122,0.8434299538472343,0.8434299538472335,0.8434299538472331,0.8434299538472331,0.8434299538472335,0.8434299538472343,2.551196985139582,2.5511969851394833,2.551196985139384,0.0,0.0,0.0,0.0,0.0,0.0,0.0,0.0,0.0
1123,0.8392233294029062,0.8392233294029054,0.839223329402905,0.839223329402905,0.8392233294029054,0.8392233294029062,2.5384728370926273,2.538472837092534,2.53847283709244,0.0,0.0,0.0,0.0,0.0,0.0,0.0,0.0,0.0
1124,0.8350376855855228,0.835037685585522,0.8350376855855216,0.8350376855855216,0.835037685585522,0.8350376855855228,2.5258121509988123,2.5258121509987244,2.5258121509986355,0.0,0.0,0.0,0.0,0.0,0.0,0.0,0.0,0.0
1125,0.8308729177537706,0.8308729177537698,0.8308729177537694,0.8308729177537694,0.8308729177537698,0.8308729177537706,2.5132146103403255,2.5132146103402424,2.5132146103401585,0.0,0.0,0.0,0.0,0.0,0.0,0.0,0.0,0.0
1126,0.8267289217882369,0.8267289217882361,0.8267289217882356,0.8267289217882356,0.8267289217882361,0.8267289217882369,2.5006799001779942,2.5006799001779156,2.500679900177836,0.0,0.0,0.0,0.0,0.0,0.0,0.0,0.0,0.0
1127,0.8226055940888067,0.822605594088806,0.8226055940888055,0.8226055940888055,0.822605594088806,0.8226055940888067,2.4882077071434114,2.4882077071433373,2.4882077071432622,0.0,0.0,0.0,0.0,0.0,0.0,0.0,0.0,0.0
1128,0.8185028315720729,0.8185028315720722,0.8185028315720717,0.8185028315720717,0.8185028315720722,0.8185028315720729,2.475797719431102,2.4757977194310317,2.4757977194309606,0.0,0.0,0.0,0.0,0.0,0.0,0.0,0.0,0.0
1129,0.8144205316687588,0.814420531668758,0.8144205316687576,0.8144205316687576,0.814420531668758,0.8144205316687588,2.463449626790726,2.4634496267906596,2.4634496267905925,0.0,0.0,0.0,0.0,0.0,0.0,0.0,0.0,0.0
1130,0.8103585923211541,0.8103585923211534,0.8103585923211529,0.8103585923211529,0.8103585923211534,0.8103585923211541,2.4511631205193254,2.4511631205192623,2.451163120519199,0.0,0.0,0.0,0.0,0.0,0.0,0.0,0.0,0.0
1131,0.8063169119805638,0.806316911980563,0.8063169119805625,0.8063169119805625,0.806316911980563,0.8063169119805638,2.4389378934536023,2.438937893453543,2.438937893453483,0.0,0.0,0.0,0.0,0.0,0.0,0.0,0.0,0.0
1132,0.8022953896047685,0.8022953896047678,0.8022953896047673,0.8022953896047673,0.8022953896047678,0.8022953896047685,2.426773639962244,2.4267736399621875,2.426773639962131,0.0,0.0,0.0,0.0,0.0,0.0,0.0,0.0,0.0
1133,0.7982939246554998,0.798293924655499,0.7982939246554985,0.7982939246554985,0.798293924655499,0.7982939246554998,2.4146700559382794,2.414670055938226,2.4146700559381724,0.0,0.0,0.0,0.0,0.0,0.0,0.0,0.0,0.0
1134,0.7943124170959251,0.7943124170959244,0.7943124170959239,0.7943124170959239,0.7943124170959244,0.7943124170959251,2.4026268387914778,2.402626838791427,2.4026268387913765,0.0,0.0,0.0,0.0,0.0,0.0,0.0,0.0,0.0
1135,0.7903507673881485,0.7903507673881477,0.7903507673881472,0.7903507673881472,0.7903507673881477,0.7903507673881485,2.390643687440783,2.390643687440735,2.3906436874406873,0.0,0.0,0.0,0.0,0.0,0.0,0.0,0.0,0.0
1136,0.7864088764907206,0.7864088764907198,0.7864088764907193,0.7864088764907193,0.7864088764907198,0.7864088764907206,2.378720302306787,2.3787203023067414,2.3787203023066965,0.0,0.0,0.0,0.0,0.0,0.0,0.0,0.0,0.0
1137,0.7824866458561638,0.782486645856163,0.7824866458561626,0.7824866458561626,0.782486645856163,0.7824866458561638,2.366856385304241,2.3668563853041973,2.366856385304155,0.0,0.0,0.0,0.0,0.0,0.0,0.0,0.0,0.0
1138,0.7785839774285079,0.7785839774285072,0.7785839774285067,0.7785839774285067,0.7785839774285072,0.7785839774285079,2.355051639834601,2.35505163983456,2.35505163983452,0.0,0.0,0.0,0.0,0.0,0.0,0.0,0.0,0.0
1139,0.7747007736408391,0.7747007736408383,0.7747007736408379,0.7747007736408379,0.7747007736408383,0.7747007736408391,2.343305770778616,2.3433057707785774,2.3433057707785396,0.0,0.0,0.0,0.0,0.0,0.0,0.0,0.0,0.0
1140,0.7708369374128603,0.7708369374128595,0.7708369374128591,0.7708369374128591,0.7708369374128595,0.7708369374128603,2.3316184844889483,2.331618484488912,2.331618484488876,0.0,0.0,0.0,0.0,0.0,0.0,0.0,0.0,0.0
1141,0.7669923721484646,0.7669923721484638,0.7669923721484634,0.7669923721484634,0.7669923721484638,0.7669923721484646,2.319989488782831,2.319989488782797,2.319989488782763,0.0,0.0,0.0,0.0,0.0,0.0,0.0,0.0,0.0
1142,0.7631669817333202,0.7631669817333194,0.763166981733319,0.763166981733319,0.7631669817333194,0.7631669817333202,2.308418492934767,2.3084184929347344,2.308418492934702,0.0,0.0,0.0,0.0,0.0,0.0,0.0,0.0,0.0
1143,0.7593606705324675,0.7593606705324667,0.7593606705324663,0.7593606705324663,0.7593606705324667,0.7593606705324675,2.296905207669256,2.2969052076692256,2.296905207669195,0.0,0.0,0.0,0.0,0.0,0.0,0.0,0.0,0.0
1144,0.7555733433879281,0.7555733433879274,0.7555733433879269,0.7555733433879269,0.7555733433879274,0.7555733433879281,2.2854493451535682,2.285449345153539,2.2854493451535096,0.0,0.0,0.0,0.0,0.0,0.0,0.0,0.0,0.0
1145,0.7518049056163263,0.7518049056163255,0.7518049056163251,0.7518049056163251,0.7518049056163255,0.7518049056163263,2.2740506189905427,2.274050618990515,2.274050618990487,0.0,0.0,0.0,0.0,0.0,0.0,0.0,0.0,0.0
1146,0.7480552630065214,0.7480552630065206,0.7480552630065201,0.7480552630065201,0.7480552630065206,0.7480552630065214,2.2627087442114324,2.262708744211406,2.26270874421138,0.0,0.0,0.0,0.0,0.0,0.0,0.0,0.0,0.0
1147,0.7443243218172528,0.744324321817252,0.7443243218172516,0.7443243218172516,0.744324321817252,0.7443243218172528,2.251423437268777,2.2514234372687523,2.2514234372687274,0.0,0.0,0.0,0.0,0.0,0.0,0.0,0.0,0.0
1148,0.7406119887747966,0.7406119887747958,0.7406119887747954,0.7406119887747954,0.7406119887747958,0.7406119887747966,2.2401944160293152,2.2401944160292917,2.240194416029268,0.0,0.0,0.0,0.0,0.0,0.0,0.0,0.0,0.0
1149,0.7369181710706334,0.7369181710706326,0.7369181710706322,0.7369181710706322,0.7369181710706326,0.7369181710706334,2.229021399766931,2.229021399766909,2.2290213997668866,0.0,0.0,0.0,0.0,0.0,0.0,0.0,0.0,0.0
1150,0.7332427763591282,0.7332427763591274,0.7332427763591269,0.7332427763591269,0.7332427763591274,0.7332427763591282,2.2179041091556364,2.217904109155615,2.2179041091555938,0.0,0.0,0.0,0.0,0.0,0.0,0.0,0.0,0.0
1151,0.7295857127552217,0.7295857127552209,0.7295857127552204,0.7295857127552204,0.7295857127552209,0.7295857127552217,2.2068422662625866,2.206842266262566,2.2068422662625458,0.0,0.0,0.0,0.0,0.0,0.0,0.0,0.0,0.0
1152,0.7259468888321333,0.7259468888321325,0.7259468888321321,0.7259468888321321,0.7259468888321325,0.7259468888321333,2.195835594541133,2.1958355945411134,2.195835594541094,0.0,0.0,0.0,0.0,0.0,0.0,0.0,0.0,0.0
1153,0.7223262136190756,0.7223262136190748,0.7223262136190743,0.7223262136190743,0.7223262136190748,0.7223262136190756,2.1848838188239093,2.184883818823891,2.1848838188238724,0.0,0.0,0.0,0.0,0.0,0.0,0.0,0.0,0.0
1154,0.7187235965989794,0.7187235965989787,0.7187235965989782,0.7187235965989782,0.7187235965989787,0.7187235965989794,2.1739866653159523,2.173986665315935,2.1739866653159177,0.0,0.0,0.0,0.0,0.0,0.0,0.0,0.0,0.0
1155,0.7151389477062319,0.7151389477062311,0.7151389477062307,0.7151389477062307,0.7151389477062311,0.7151389477062319,2.163143861587857,2.1631438615878404,2.163143861587824,0.0,0.0,0.0,0.0,0.0,0.0,0.0,0.0,0.0
1156,0.7115721773244238,0.711572177324423,0.7115721773244226,0.7115721773244226,0.711572177324423,0.7115721773244238,2.152355136568965,2.1523551365689495,2.152355136568934,0.0,0.0,0.0,0.0,0.0,0.0,0.0,0.0,0.0
1157,0.7080231962841099,0.7080231962841091,0.7080231962841087,0.7080231962841087,0.7080231962841091,0.7080231962841099,2.1416202205405894,2.1416202205405748,2.14162022054056,0.0,0.0,0.0,0.0,0.0,0.0,0.0,0.0,0.0
1158,0.7044919158605794,0.7044919158605786,0.7044919158605781,0.7044919158605781,0.7044919158605786,0.7044919158605794,2.13093884512927,2.1309388451292564,2.1309388451292426,0.0,0.0,0.0,0.0,0.0,0.0,0.0,0.0,0.0
1159,0.7009782477716376,0.7009782477716369,0.7009782477716364,0.7009782477716364,0.7009782477716369,0.7009782477716376,2.1203107433000654,2.1203107433000525,2.1203107433000397,0.0,0.0,0.0,0.0,0.0,0.0,0.0,0.0,0.0
1160,0.6974821041753995,0.6974821041753987,0.6974821041753982,0.6974821041753982,0.6974821041753987,0.6974821041753995,2.1097356493498767,2.1097356493498642,2.109735649349852,0.0,0.0,0.0,0.0,0.0,0.0,0.0,0.0,0.0
1161,0.6940033976680929,0.6940033976680922,0.6940033976680917,0.6940033976680917,0.6940033976680922,0.6940033976680929,2.099213298900804,2.099213298900792,2.09921329890078,0.0,0.0,0.0,0.0,0.0,0.0,0.0,0.0,0.0
1162,0.6905420412818741,0.6905420412818734,0.6905420412818729,0.6905420412818729,0.6905420412818734,0.6905420412818741,2.0887434288935376,2.088743428893526,2.0887434288935145,0.0,0.0,0.0,0.0,0.0,0.0,0.0,0.0,0.0
1163,0.6870979484826532,0.6870979484826524,0.6870979484826519,0.6870979484826519,0.6870979484826524,0.6870979484826532,2.0783257775807824,2.0783257775807713,2.0783257775807606,0.0,0.0,0.0,0.0,0.0,0.0,0.0,0.0,0.0
1164,0.6836710331679307,0.6836710331679299,0.6836710331679294,0.6836710331679294,0.6836710331679299,0.6836710331679307,2.0679600845207133,2.0679600845207027,2.0679600845206925,0.0,0.0,0.0,0.0,0.0,0.0,0.0,0.0,0.0
1165,0.6802612096646452,0.6802612096646444,0.680261209664644,0.680261209664644,0.6802612096646444,0.6802612096646452,2.057646090570463,2.0576460905704534,2.0576460905704437,0.0,0.0,0.0,0.0,0.0,0.0,0.0,0.0,0.0
1166,0.6768683927270317,0.6768683927270309,0.6768683927270305,0.6768683927270305,0.6768683927270309,0.6768683927270317,2.0473835378796466,2.0473835378796372,2.0473835378796283,0.0,0.0,0.0,0.0,0.0,0.0,0.0,0.0,0.0
1167,0.6734924975344899,0.6734924975344891,0.6734924975344887,0.6734924975344887,0.6734924975344891,0.6734924975344899,2.037172169883912,2.037172169883903,2.0371721698838945,0.0,0.0,0.0,0.0,0.0,0.0,0.0,0.0,0.0
1168,0.6701334396894643,0.6701334396894635,0.670133439689463,0.670133439689463,0.6701334396894635,0.6701334396894643,2.027011731298527,2.0270117312985185,2.0270117312985105,0.0,0.0,0.0,0.0,0.0,0.0,0.0,0.0,0.0
1169,0.6667911352153337,0.666791135215333,0.6667911352153325,0.6667911352153325,0.666791135215333,0.6667911352153337,2.016901968111998,2.01690196811199,2.0169019681119824,0.0,0.0,0.0,0.0,0.0,0.0,0.0,0.0,0.0
1170,0.6634655005543123,0.6634655005543115,0.6634655005543111,0.6634655005543111,0.6634655005543115,0.6634655005543123,2.006842627579719,2.0068426275797115,2.0068426275797044,0.0,0.0,0.0,0.0,0.0,0.0,0.0,0.0,0.0
1171,0.6601564525653603,0.6601564525653595,0.660156452565359,0.660156452565359,0.6601564525653595,0.6601564525653603,1.9968334582176528,1.9968334582176457,1.996833458217639,0.0,0.0,0.0,0.0,0.0,0.0,0.0,0.0,0.0
1172,0.6568639085221055,0.6568639085221047,0.6568639085221043,0.6568639085221043,0.6568639085221047,0.6568639085221055,1.9868742097960437,1.986874209796037,1.9868742097960308,0.0,0.0,0.0,0.0,0.0,0.0,0.0,0.0,0.0
1173,0.6535877861107755,0.6535877861107747,0.6535877861107743,0.6535877861107743,0.6535877861107747,0.6535877861107755,1.9769646333331627,1.9769646333331563,1.9769646333331505,0.0,0.0,0.0,0.0,0.0,0.0,0.0,0.0,0.0
1174,0.6503280034281393,0.6503280034281386,0.6503280034281381,0.6503280034281381,0.6503280034281386,0.6503280034281393,1.9671044810890823,1.967104481089076,1.9671044810890705,0.0,0.0,0.0,0.0,0.0,0.0,0.0,0.0,0.0
1175,0.6470844789794601,0.6470844789794593,0.6470844789794589,0.6470844789794589,0.6470844789794593,0.6470844789794601,1.9572935065594825,1.9572935065594765,1.9572935065594712,0.0,0.0,0.0,0.0,0.0,0.0,0.0,0.0,0.0
1176,0.6438571316764578,0.643857131676457,0.6438571316764565,0.6438571316764565,0.643857131676457,0.6438571316764578,1.9475314644694892,1.9475314644694834,1.9475314644694783,0.0,0.0,0.0,0.0,0.0,0.0,0.0,0.0,0.0
1177,0.6406458808352815,0.6406458808352807,0.6406458808352803,0.6406458808352803,0.6406458808352807,0.6406458808352815,1.9378181107675416,1.937818110767536,1.9378181107675312,0.0,0.0,0.0,0.0,0.0,0.0,0.0,0.0,0.0
1178,0.6374506461744932,0.6374506461744924,0.637450646174492,0.637450646174492,0.6374506461744924,0.6374506461744932,1.9281532026192914,1.928153202619286,1.9281532026192814,0.0,0.0,0.0,0.0,0.0,0.0,0.0,0.0,0.0
1179,0.6342713478130598,0.634271347813059,0.6342713478130586,0.6342713478130586,0.634271347813059,0.6342713478130598,1.9185364984015312,1.918536498401526,1.9185364984015216,0.0,0.0,0.0,0.0,0.0,0.0,0.0,0.0,0.0
1180,0.6311079062683568,0.631107906268356,0.6311079062683556,0.6311079062683556,0.631107906268356,0.6311079062683568,1.908967757696155,1.9089677576961501,1.908967757696146,0.0,0.0,0.0,0.0,0.0,0.0,0.0,0.0,0.0
1181,0.6279602424541807,0.6279602424541799,0.6279602424541795,0.6279602424541795,0.6279602424541799,0.6279602424541807,1.8994467412841467,1.899446741284142,1.899446741284138,0.0,0.0,0.0,0.0,0.0,0.0,0.0,0.0,0.0
1182,0.6248282776787722,0.6248282776787715,0.624828277678771,0.624828277678771,0.6248282776787715,0.6248282776787722,1.8899732111396,1.8899732111395957,1.889973211139592,0.0,0.0,0.0,0.0,0.0,0.0,0.0,0.0,0.0
1183,0.6217119336428489,0.6217119336428482,0.6217119336428477,0.6217119336428477,0.6217119336428482,0.6217119336428489,1.8805469304237679,1.8805469304237639,1.8805469304237605,0.0,0.0,0.0,0.0,0.0,0.0,0.0,0.0,0.0
1184,0.6186111324376475,0.6186111324376468,0.6186111324376463,0.6186111324376463,0.6186111324376468,0.6186111324376475,1.8711676634791417,1.8711676634791379,1.8711676634791348,0.0,0.0,0.0,0.0,0.0,0.0,0.0,0.0,0.0
1185,0.6155257965429765,0.6155257965429757,0.6155257965429752,0.6155257965429752,0.6155257965429757,0.6155257965429765,1.8618351758235592,1.8618351758235556,1.8618351758235527,0.0,0.0,0.0,0.0,0.0,0.0,0.0,0.0,0.0
1186,0.6124558488252776,0.6124558488252768,0.6124558488252764,0.6124558488252764,0.6124558488252768,0.6124558488252776,1.852549234144343,1.8525492341443397,1.852549234144337,0.0,0.0,0.0,0.0,0.0,0.0,0.0,0.0,0.0
1187,0.6094012125356981,0.6094012125356973,0.6094012125356969,0.6094012125356969,0.6094012125356973,0.6094012125356981,1.8433096062924674,1.8433096062924643,1.8433096062924619,0.0,0.0,0.0,0.0,0.0,0.0,0.0,0.0,0.0
1188,0.6063618113081717,0.6063618113081709,0.6063618113081705,0.6063618113081705,0.6063618113081709,0.6063618113081717,1.8341160612767549,1.8341160612767522,1.83411606127675,0.0,0.0,0.0,0.0,0.0,0.0,0.0,0.0,0.0
1189,0.6033375691575094,0.6033375691575086,0.6033375691575081,0.6033375691575081,0.6033375691575086,0.6033375691575094,1.8249683692581014,1.824968369258099,1.824968369258097,0.0,0.0,0.0,0.0,0.0,0.0,0.0,0.0,0.0
1190,0.6003284104774999,0.6003284104774991,0.6003284104774986,0.6003284104774986,0.6003284104774991,0.6003284104774999,1.8158663015437297,1.8158663015437275,1.8158663015437255,0.0,0.0,0.0,0.0,0.0,0.0,0.0,0.0,0.0
1191,0.5973342600390193,0.5973342600390186,0.5973342600390181,0.5973342600390181,0.5973342600390186,0.5973342600390193,1.8068096305814734,1.8068096305814711,1.8068096305814692,0.0,0.0,0.0,0.0,0.0,0.0,0.0,0.0,0.0
1192,0.594355042988151,0.5943550429881502,0.5943550429881498,0.5943550429881498,0.5943550429881502,0.594355042988151,1.7977981299540862,1.7977981299540842,1.7977981299540822,0.0,0.0,0.0,0.0,0.0,0.0,0.0,0.0,0.0
1193,0.5913906848443135,0.5913906848443127,0.5913906848443122,0.5913906848443122,0.5913906848443127,0.5913906848443135,1.7888315743735834,1.7888315743735814,1.7888315743735794,0.0,0.0,0.0,0.0,0.0,0.0,0.0,0.0,0.0
1194,0.5884411114983986,0.5884411114983978,0.5884411114983974,0.5884411114983974,0.5884411114983978,0.5884411114983986,1.7799097396756083,1.7799097396756063,1.7799097396756043,0.0,0.0,0.0,0.0,0.0,0.0,0.0,0.0,0.0
1195,0.5855062492109192,0.5855062492109184,0.585506249210918,0.585506249210918,0.5855062492109184,0.5855062492109192,1.771032402813829,1.771032402813827,1.771032402813825,0.0,0.0,0.0,0.0,0.0,0.0,0.0,0.0,0.0
1196,0.5825860246101652,0.5825860246101644,0.582586024610164,0.582586024610164,0.5825860246101644,0.5825860246101652,1.7621993418543611,1.7621993418543591,1.7621993418543571,0.0,0.0,0.0,0.0,0.0,0.0,0.0,0.0,0.0
1197,0.5796803646903695,0.5796803646903688,0.5796803646903683,0.5796803646903683,0.5796803646903688,0.5796803646903695,1.753410335970221,1.753410335970219,1.753410335970217,0.0,0.0,0.0,0.0,0.0,0.0,0.0,0.0,0.0
1198,0.5767891968098828,0.576789196809882,0.5767891968098816,0.5767891968098816,0.576789196809882,0.5767891968098828,1.7446651654358036,1.7446651654358016,1.7446651654357996,0.0,0.0,0.0,0.0,0.0,0.0,0.0,0.0,0.0
1199,0.5739124486893575,0.5739124486893568,0.5739124486893563,0.5739124486893563,0.5739124486893568,0.5739124486893575,1.7359636116213901,1.7359636116213881,1.7359636116213863,0.0,0.0,0.0,0.0,0.0,0.0,0.0,0.0,0.0
1200,0.5710500484099407,0.57105004840994,0.5710500484099396,0.5710500484099396,0.57105004840994,0.5710500484099407,1.727305456987682,1.72730545698768,1.7273054569876782,0.0,0.0,0.0,0.0,0.0,0.0,0.0,0.0,0.0
1201,0.5682019244114763,0.5682019244114757,0.5682019244114752,0.5682019244114752,0.5682019244114757,0.5682019244114763,1.7186904850803626,1.7186904850803606,1.7186904850803588,0.0,0.0,0.0,0.0,0.0,0.0,0.0,0.0,0.0
1202,0.5653680054907161,0.5653680054907154,0.5653680054907151,0.5653680054907151,0.5653680054907154,0.5653680054907161,1.7101184805246854,1.7101184805246834,1.7101184805246816,0.0,0.0,0.0,0.0,0.0,0.0,0.0,0.0,0.0
1203,0.5625482207995395,0.5625482207995388,0.5625482207995385,0.5625482207995385,0.5625482207995388,0.5625482207995395,1.70158922902009,1.701589229020088,1.7015892290200862,0.0,0.0,0.0,0.0,0.0,0.0,0.0,0.0,0.0
1204,0.5597424998431823,0.5597424998431816,0.5597424998431813,0.5597424998431813,0.5597424998431816,0.5597424998431823,1.6931025173348446,1.6931025173348426,1.6931025173348409,0.0,0.0,0.0,0.0,0.0,0.0,0.0,0.0,0.0
1205,0.5569507724784744,0.5569507724784737,0.5569507724784734,0.5569507724784734,0.5569507724784737,0.5569507724784744,1.6846581333007151,1.6846581333007131,1.6846581333007113,0.0,0.0,0.0,0.0,0.0,0.0,0.0,0.0,0.0
1206,0.5541729689120863,0.5541729689120857,0.5541729689120853,0.5541729689120853,0.5541729689120857,0.5541729689120863,1.676255865807661,1.676255865807659,1.6762558658076572,0.0,0.0,0.0,0.0,0.0,0.0,0.0,0.0,0.0
1207,0.5514090196987843,0.5514090196987836,0.5514090196987833,0.5514090196987833,0.5514090196987836,0.5514090196987843,1.6678955047985569,1.6678955047985549,1.667895504798553,0.0,0.0,0.0,0.0,0.0,0.0,0.0,0.0,0.0
1208,0.548658855739694,0.5486588557396933,0.548658855739693,0.548658855739693,0.5486588557396933,0.548658855739694,1.6595768412639424,1.6595768412639404,1.6595768412639387,0.0,0.0,0.0,0.0,0.0,0.0,0.0,0.0,0.0
1209,0.5459224082805731,0.5459224082805725,0.5459224082805721,0.5459224082805721,0.5459224082805725,0.5459224082805731,1.6512996672367959,1.6512996672367939,1.6512996672367923,0.0,0.0,0.0,0.0,0.0,0.0,0.0,0.0,0.0
1210,0.5431996089100928,0.5431996089100921,0.5431996089100918,0.5431996089100918,0.5431996089100921,0.5431996089100928,1.6430637757873356,1.6430637757873336,1.643063775787332,0.0,0.0,0.0,0.0,0.0,0.0,0.0,0.0,0.0
1211,0.5404903895581269,0.5404903895581262,0.5404903895581259,0.5404903895581259,0.5404903895581262,0.5404903895581269,1.6348689610178464,1.6348689610178444,1.6348689610178428,0.0,0.0,0.0,0.0,0.0,0.0,0.0,0.0,0.0
1212,0.5377946824940505,0.5377946824940498,0.5377946824940495,0.5377946824940495,0.5377946824940498,0.5377946824940505,1.626715018057532,1.62671501805753,1.6267150180575285,0.0,0.0,0.0,0.0,0.0,0.0,0.0,0.0,0.0
1213,0.5351124203250466,0.5351124203250459,0.5351124203250456,0.5351124203250456,0.5351124203250459,0.5351124203250466,1.618601743057394,1.618601743057392,1.6186017430573905,0.0,0.0,0.0,0.0,0.0,0.0,0.0,0.0,0.0
1214,0.5324435359944213,0.5324435359944206,0.5324435359944203,0.5324435359944203,0.5324435359944206,0.5324435359944213,1.6105289331851347,1.6105289331851327,1.6105289331851311,0.0,0.0,0.0,0.0,0.0,0.0,0.0,0.0,0.0
1215,0.5297879627799273,0.5297879627799267,0.5297879627799263,0.5297879627799263,0.5297879627799267,0.5297879627799273,1.6024963866200868,1.6024963866200848,1.6024963866200832,0.0,0.0,0.0,0.0,0.0,0.0,0.0,0.0,0.0
1216,0.527145634292096,0.5271456342920954,0.527145634292095,0.527145634292095,0.5271456342920954,0.527145634292096,1.5945039025481678,1.5945039025481658,1.5945039025481642,0.0,0.0,0.0,0.0,0.0,0.0,0.0,0.0,0.0
1217,0.5245164844725776,0.5245164844725769,0.5245164844725766,0.5245164844725766,0.5245164844725769,0.5245164844725776,1.5865512811568596,1.5865512811568576,1.586551281156856,0.0,0.0,0.0,0.0,0.0,0.0,0.0,0.0,0.0
1218,0.5219004475924895,0.5219004475924889,0.5219004475924885,0.5219004475924885,0.5219004475924889,0.5219004475924895,1.5786383236302133,1.5786383236302113,1.5786383236302097,0.0,0.0,0.0,0.0,0.0,0.0,0.0,0.0,0.0
1219,0.5192974582507736,0.5192974582507729,0.5192974582507726,0.5192974582507726,0.5192974582507729,0.5192974582507736,1.5707648321438785,1.5707648321438765,1.570764832143875,0.0,0.0,0.0,0.0,0.0,0.0,0.0,0.0,0.0
1220,0.5167074513725607,0.51670745137256,0.5167074513725597,0.5167074513725597,0.51670745137256,0.5167074513725607,1.562930609860158,1.562930609860156,1.5629306098601545,0.0,0.0,0.0,0.0,0.0,0.0,0.0,0.0,0.0
1221,0.5141303622075439,0.5141303622075433,0.5141303622075429,0.5141303622075429,0.5141303622075433,0.5141303622075439,1.5551354609230867,1.5551354609230847,1.5551354609230832,0.0,0.0,0.0,0.0,0.0,0.0,0.0,0.0,0.0
1222,0.5115661263283601,0.5115661263283594,0.5115661263283591,0.5115661263283591,0.5115661263283594,0.5115661263283601,1.5473791904535352,1.5473791904535332,1.5473791904535317,0.0,0.0,0.0,0.0,0.0,0.0,0.0,0.0,0.0
1223,0.5090146796289785,0.5090146796289778,0.5090146796289775,0.5090146796289775,0.5090146796289778,0.5090146796289785,1.5396616045443379,1.5396616045443359,1.5396616045443343,0.0,0.0,0.0,0.0,0.0,0.0,0.0,0.0,0.0
1224,0.5064759583230989,0.5064759583230982,0.5064759583230979,0.5064759583230979,0.5064759583230982,0.5064759583230989,1.531982510255445,1.531982510255443,1.5319825102554414,0.0,0.0,0.0,0.0,0.0,0.0,0.0,0.0,0.0
1225,0.5039498989425563,0.5039498989425556,0.5039498989425553,0.5039498989425553,0.5039498989425556,0.5039498989425563,1.5243417156090993,1.5243417156090973,1.5243417156090957,0.0,0.0,0.0,0.0,0.0,0.0,0.0,0.0,0.0
1226,0.5014364383357346,0.5014364383357339,0.5014364383357336,0.5014364383357336,0.5014364383357339,0.5014364383357346,1.5167390295850365,1.5167390295850345,1.516739029585033,0.0,0.0,0.0,0.0,0.0,0.0,0.0,0.0,0.0
1227,0.4989355136659879,0.4989355136659872,0.4989355136659869,0.4989355136659869,0.4989355136659872,0.4989355136659879,1.5091742621157103,1.5091742621157083,1.5091742621157067,0.0,0.0,0.0,0.0,0.0,0.0,0.0,0.0,0.0
1228,0.496447062410069,0.49644706241006836,0.49644706241006803,0.49644706241006803,0.49644706241006836,0.496447062410069,1.50164722408154,1.501647224081538,1.5016472240815364,0.0,0.0,0.0,0.0,0.0,0.0,0.0,0.0,0.0
1229,0.493971022356567,0.4939710223565664,0.4939710223565661,0.4939710223565661,0.4939710223565664,0.493971022356567,1.4941577273061823,1.4941577273061803,1.4941577273061788,0.0,0.0,0.0,0.0,0.0,0.0,0.0,0.0,0.0
1230,0.4915073316043516,0.49150733160435106,0.49150733160435073,0.49150733160435073,0.49150733160435106,0.4915073316043516,1.4867055845518282,1.4867055845518262,1.4867055845518247,0.0,0.0,0.0,0.0,0.0,0.0,0.0,0.0,0.0
1231,0.48905592856102564,0.48905592856102514,0.4890559285610248,0.4890559285610248,0.48905592856102514,0.48905592856102564,1.4792906095145206,1.4792906095145186,1.479290609514517,0.0,0.0,0.0,0.0,0.0,0.0,0.0,0.0,0.0
1232,0.4866167519413855,0.486616751941385,0.48661675194138465,0.48661675194138465,0.486616751941385,0.4866167519413855,1.4719126168194974,1.4719126168194954,1.4719126168194938,0.0,0.0,0.0,0.0,0.0,0.0,0.0,0.0,0.0
1233,0.4841897407658885,0.484189740765888,0.48418974076588767,0.48418974076588767,0.484189740765888,0.4841897407658885,1.4645714220165567,1.4645714220165547,1.464571422016553,0.0,0.0,0.0,0.0,0.0,0.0,0.0,0.0,0.0
1234,0.4817748343591289,0.4817748343591284,0.48177483435912805,0.48177483435912805,0.4817748343591284,0.4817748343591289,1.4572668415754462,1.4572668415754442,1.4572668415754426,0.0,0.0,0.0,0.0,0.0,0.0,0.0,0.0,0.0
1235,0.4793719723483207,0.4793719723483202,0.47937197234831985,0.47937197234831985,0.4793719723483202,0.4793719723483207,1.4499986928812745,1.4499986928812725,1.449998692881271,0.0,0.0,0.0,0.0,0.0,0.0,0.0,0.0,0.0
1236,0.4769810946617885,0.476981094661788,0.4769810946617877,0.4769810946617877,0.476981094661788,0.4769810946617885,1.4427667942299456,1.4427667942299436,1.4427667942299423,0.0,0.0,0.0,0.0,0.0,0.0,0.0,0.0,0.0
1237,0.47460214152746566,0.47460214152746516,0.4746021415274648,0.4746021415274648,0.47460214152746516,0.47460214152746566,1.4355709648236168,1.4355709648236148,1.4355709648236135,0.0,0.0,0.0,0.0,0.0,0.0,0.0,0.0,0.0
1238,0.4722350534713999,0.4722350534713994,0.47223505347139905,0.47223505347139905,0.4722350534713994,0.4722350534713999,1.4284110247661779,1.4284110247661759,1.4284110247661745,0.0,0.0,0.0,0.0,0.0,0.0,0.0,0.0,0.0
1239,0.4698797713162665,0.469879771316266,0.4698797713162657,0.4698797713162657,0.469879771316266,0.4698797713162665,1.4212867950587547,1.4212867950587527,1.4212867950587513,0.0,0.0,0.0,0.0,0.0,0.0,0.0,0.0,0.0
1240,0.467536236179889,0.4675362361798885,0.46753623617988815,0.46753623617988815,0.4675362361798885,0.467536236179889,1.4141980975952333,1.4141980975952313,1.41419809759523,0.0,0.0,0.0,0.0,0.0,0.0,0.0,0.0,0.0
1241,0.4652043894737668,0.4652043894737663,0.46520438947376597,0.46520438947376597,0.4652043894737663,0.4652043894737668,1.407144755157808,1.407144755157806,1.4071447551578047,0.0,0.0,0.0,0.0,0.0,0.0,0.0,0.0,0.0
1242,0.4628841729016109,0.4628841729016104,0.46288417290161005,0.46288417290161005,0.4628841729016104,0.4628841729016109,1.4001265914125505,1.4001265914125485,1.4001265914125471,0.0,0.0,0.0,0.0,0.0,0.0,0.0,0.0,0.0
1243,0.4605755284578861,0.4605755284578856,0.46057552845788524,0.46057552845788524,0.4605755284578856,0.4605755284578861,1.3931434309050017,1.3931434309049997,1.3931434309049984,0.0,0.0,0.0,0.0,0.0,0.0,0.0,0.0,0.0
1244,0.45827839842636103,0.45827839842636053,0.4582783984263602,0.4582783984263602,0.45827839842636053,0.45827839842636103,1.386195099055785,1.386195099055783,1.3861950990557816,0.0,0.0,0.0,0.0,0.0,0.0,0.0,0.0,0.0
1245,0.4559927253786653,0.45599272537866486,0.45599272537866453,0.45599272537866453,0.45599272537866486,0.4559927253786653,1.3792814221562424,1.3792814221562404,1.379281422156239,0.0,0.0,0.0,0.0,0.0,0.0,0.0,0.0,0.0
1246,0.4537184521728537,0.4537184521728533,0.45371845217285295,0.45371845217285295,0.4537184521728533,0.4537184521728537,1.3724022273640915,1.3724022273640895,1.3724022273640881,0.0,0.0,0.0,0.0,0.0,0.0,0.0,0.0,0.0
1247,0.45145552195197763,0.4514555219519772,0.45145552195197686,0.45145552195197686,0.4514555219519772,0.45145552195197763,1.365557342699104,1.365557342699102,1.3655573426991006,0.0,0.0,0.0,0.0,0.0,0.0,0.0,0.0,0.0
1248,0.44920387814266366,0.4492038781426632,0.4492038781426629,0.4492038781426629,0.4492038781426632,0.44920387814266366,1.3587465970388066,1.3587465970388046,1.3587465970388033,0.0,0.0,0.0,0.0,0.0,0.0,0.0,0.0,0.0
1249,0.44696346445369933,0.4469634644536989,0.44696346445369856,0.44696346445369856,0.4469634644536989,0.44696346445369933,1.3519698201142034,1.3519698201142014,1.3519698201142,0.0,0.0,0.0,0.0,0.0,0.0,0.0,0.0,0.0
1250,0.4447342248746257,0.4447342248746253,0.44473422487462494,0.44473422487462494,0.4447342248746253,0.4447342248746257,1.3452268425055183,1.3452268425055163,1.345226842505515,0.0,0.0,0.0,0.0,0.0,0.0,0.0,0.0,0.0
1251,0.44251610367433725,0.4425161036743368,0.44251610367433647,0.44251610367433647,0.4425161036743368,0.44251610367433725,1.3385174956379597,1.3385174956379577,1.3385174956379564,0.0,0.0,0.0,0.0,0.0,0.0,0.0,0.0,0.0
1252,0.44030904539968835,0.4403090453996879,0.44030904539968757,0.44030904539968757,0.4403090453996879,0.44030904539968835,1.3318416117775067,1.3318416117775047,1.3318416117775034,0.0,0.0,0.0,0.0,0.0,0.0,0.0,0.0,0.0
1253,0.4381129948741072,0.43811299487410676,0.43811299487410643,0.43811299487410643,0.43811299487410676,0.4381129948741072,1.3251990240267149,1.3251990240267129,1.3251990240267115,0.0,0.0,0.0,0.0,0.0,0.0,0.0,0.0,0.0
1254,0.43592789719621633,0.4359278971962159,0.43592789719621555,0.43592789719621555,0.4359278971962159,0.43592789719621633,1.3185895663205445,1.3185895663205425,1.3185895663205411,0.0,0.0,0.0,0.0,0.0,0.0,0.0,0.0,0.0
1255,0.43375369773845995,0.4337536977384595,0.4337536977384592,0.4337536977384592,0.4337536977384595,0.43375369773845995,1.3120130734222089,1.3120130734222069,1.3120130734222055,0.0,0.0,0.0,0.0,0.0,0.0,0.0,0.0,0.0
1256,0.4315903421457384,0.43159034214573794,0.4315903421457376,0.4315903421457376,0.43159034214573794,0.4315903421457384,1.3054693809190427,1.3054693809190407,1.3054693809190394,0.0,0.0,0.0,0.0,0.0,0.0,0.0,0.0,0.0
1257,0.42943777633404917,0.4294377763340487,0.4294377763340484,0.4294377763340484,0.4294377763340487,0.42943777633404917,1.298958325218393,1.298958325218391,1.2989583252183896,0.0,0.0,0.0,0.0,0.0,0.0,0.0,0.0,0.0
1258,0.4272959464891349,0.42729594648913444,0.4272959464891341,0.4272959464891341,0.42729594648913444,0.4272959464891349,1.2924797435435276,1.2924797435435258,1.2924797435435245,0.0,0.0,0.0,0.0,0.0,0.0,0.0,0.0,0.0
1259,0.4251647990651378,0.4251647990651374,0.42516479906513704,0.42516479906513704,0.4251647990651374,0.4251647990651378,1.2860334739295676,1.2860334739295658,1.2860334739295645,0.0,0.0,0.0,0.0,0.0,0.0,0.0,0.0,0.0
1260,0.4230442807832614,0.42304428078326095,0.4230442807832606,0.4230442807832606,0.42304428078326095,0.4230442807832614,1.2796193552194368,1.279619355219435,1.2796193552194337,0.0,0.0,0.0,0.0,0.0,0.0,0.0,0.0,0.0
1261,0.4209343386304381,0.4209343386304377,0.4209343386304374,0.4209343386304374,0.4209343386304377,0.4209343386304381,1.2732372270598333,1.2732372270598318,1.2732372270598304,0.0,0.0,0.0,0.0,0.0,0.0,0.0,0.0,0.0
1262,0.4188349198580043,0.4188349198580039,0.4188349198580036,0.4188349198580036,0.4188349198580039,0.4188349198580043,1.266886929897221,1.2668869298972194,1.266886929897218,0.0,0.0,0.0,0.0,0.0,0.0,0.0,0.0,0.0
1263,0.41674597198038127,0.4167459719803809,0.41674597198038055,0.41674597198038055,0.4167459719803809,0.41674597198038127,1.2605683049738396,1.2605683049738383,1.260568304973837,0.0,0.0,0.0,0.0,0.0,0.0,0.0,0.0,0.0
1264,0.4146674427737633,0.4146674427737629,0.41466744277376255,0.41466744277376255,0.4146674427737629,0.4146674427737633,1.2542811943237375,1.2542811943237362,1.2542811943237349,0.0,0.0,0.0,0.0,0.0,0.0,0.0,0.0,0.0
1265,0.4125992802748119,0.4125992802748115,0.4125992802748112,0.4125992802748112,0.4125992802748115,0.4125992802748119,1.2480254407688207,1.2480254407688194,1.248025440768818,0.0,0.0,0.0,0.0,0.0,0.0,0.0,0.0,0.0
1266,0.410541432779357,0.4105414327793566,0.4105414327793563,0.4105414327793563,0.4105414327793566,0.410541432779357,1.2418008879149245,1.2418008879149232,1.2418008879149218,0.0,0.0,0.0,0.0,0.0,0.0,0.0,0.0,0.0
1267,0.40849384884110396,0.40849384884110357,0.40849384884110324,0.40849384884110324,0.40849384884110357,0.40849384884110396,1.2356073801479033,1.235607380147902,1.2356073801479006,0.0,0.0,0.0,0.0,0.0,0.0,0.0,0.0,0.0
1268,0.40645647727034767,0.4064564772703473,0.40645647727034695,0.40645647727034695,0.4064564772703473,0.40645647727034767,1.2294447626297402,1.229444762629739,1.2294447626297376,0.0,0.0,0.0,0.0,0.0,0.0,0.0,0.0,0.0
1269,0.4044292671326928,0.4044292671326924,0.40442926713269206,0.40442926713269206,0.4044292671326924,0.4044292671326928,1.2233128812946767,1.2233128812946754,1.223312881294674,0.0,0.0,0.0,0.0,0.0,0.0,0.0,0.0,0.0
1270,0.4024121677477802,0.4024121677477798,0.4024121677477795,0.4024121677477795,0.4024121677477798,0.4024121677477802,1.2172115828453598,1.2172115828453585,1.2172115828453571,0.0,0.0,0.0,0.0,0.0,0.0,0.0,0.0,0.0
1271,0.40040512868802036,0.40040512868802,0.40040512868801964,0.40040512868801964,0.40040512868802,0.40040512868802036,1.2111407147490105,1.2111407147490092,1.2111407147490079,0.0,0.0,0.0,0.0,0.0,0.0,0.0,0.0,0.0
1272,0.39840809977733216,0.39840809977733177,0.39840809977733144,0.39840809977733144,0.39840809977733177,0.39840809977733216,1.2051001252336102,1.2051001252336089,1.2051001252336075,0.0,0.0,0.0,0.0,0.0,0.0,0.0,0.0,0.0
1273,0.3964210310898888,0.3964210310898884,0.3964210310898881,0.3964210310898881,0.3964210310898884,0.3964210310898888,1.1990896632841064,1.199089663284105,1.1990896632841037,0.0,0.0,0.0,0.0,0.0,0.0,0.0,0.0,0.0
1274,0.3944438729488696,0.39444387294886923,0.39444387294886896,0.39444387294886896,0.39444387294886923,0.3944438729488696,1.1931091786386374,1.193109178638636,1.1931091786386347,0.0,0.0,0.0,0.0,0.0,0.0,0.0,0.0,0.0
1275,0.3924765759252182,0.3924765759252178,0.3924765759252175,0.3924765759252175,0.3924765759252178,0.3924765759252182,1.1871585217847755,1.1871585217847742,1.1871585217847729,0.0,0.0,0.0,0.0,0.0,0.0,0.0,0.0,0.0
1276,0.39051909083640635,0.39051909083640596,0.3905190908364057,0.3905190908364057,0.39051909083640596,0.39051909083640635,1.1812375439557894,1.181237543955788,1.1812375439557867,0.0,0.0,0.0,0.0,0.0,0.0,0.0,0.0,0.0
1277,0.388571368745205,0.3885713687452046,0.3885713687452043,0.3885713687452043,0.3885713687452046,0.388571368745205,1.1753460971269252,1.1753460971269238,1.1753460971269225,0.0,0.0,0.0,0.0,0.0,0.0,0.0,0.0,0.0
1278,0.38663336095846035,0.38663336095845996,0.3866333609584597,0.3866333609584597,0.38663336095845996,0.38663336095846035,1.169484034011705,1.1694840340117036,1.1694840340117023,0.0,0.0,0.0,0.0,0.0,0.0,0.0,0.0,0.0
1279,0.38470501902587684,0.38470501902587645,0.38470501902587617,0.38470501902587617,0.38470501902587645,0.38470501902587684,1.1636512080582457,1.1636512080582444,1.163651208058243,0.0,0.0,0.0,0.0,0.0,0.0,0.0,0.0,0.0
1280,0.3827862947388057,0.3827862947388053,0.38278629473880504,0.38278629473880504,0.3827862947388053,0.3827862947388057,1.1578474734455948,1.1578474734455935,1.1578474734455921,0.0,0.0,0.0,0.0,0.0,0.0,0.0,0.0,0.0
1281,0.3808771401290399,0.3808771401290395,0.3808771401290392,0.3808771401290392,0.3808771401290395,0.3808771401290399,1.1520726850800846,1.1520726850800833,1.152072685080082,0.0,0.0,0.0,0.0,0.0,0.0,0.0,0.0,0.0
1282,0.37897750746761466,0.37897750746761427,0.378977507467614,0.378977507467614,0.37897750746761427,0.37897750746761466,1.1463266985917053,1.146326698591704,1.1463266985917027,0.0,0.0,0.0,0.0,0.0,0.0,0.0,0.0,0.0
1283,0.37708734926361454,0.37708734926361415,0.37708734926361387,0.37708734926361387,0.37708734926361415,0.37708734926361454,1.1406093703304954,1.140609370330494,1.1406093703304927,0.0,0.0,0.0,0.0,0.0,0.0,0.0,0.0,0.0
1284,0.375206618262986,0.3752066182629856,0.37520661826298535,0.37520661826298535,0.3752066182629856,0.375206618262986,1.1349205573629506,1.1349205573629493,1.134920557362948,0.0,0.0,0.0,0.0,0.0,0.0,0.0,0.0,0.0
1285,0.37333526744735607,0.3733352674473557,0.3733352674473554,0.3733352674473554,0.3733352674473557,0.37333526744735607,1.1292601174684502,1.129260117468449,1.1292601174684476,0.0,0.0,0.0,0.0,0.0,0.0,0.0,0.0,0.0
1286,0.37147325003285686,0.3714732500328565,0.3714732500328562,0.3714732500328562,0.3714732500328565,0.37147325003285686,1.1236279091357024,1.123627909135701,1.1236279091356998,0.0,0.0,0.0,0.0,0.0,0.0,0.0,0.0,0.0
1287,0.3696205194689561,0.3696205194689557,0.3696205194689554,0.3696205194689554,0.3696205194689557,0.3696205194689561,1.1180237915592053,1.118023791559204,1.1180237915592026,0.0,0.0,0.0,0.0,0.0,0.0,0.0,0.0,0.0
1288,0.36777702943729307,0.3677770294372927,0.3677770294372924,0.3677770294372924,0.3677770294372927,0.36777702943729307,1.1124476246357275,1.1124476246357262,1.1124476246357249,0.0,0.0,0.0,0.0,0.0,0.0,0.0,0.0,0.0
1289,0.36594273385052106,0.3659427338505207,0.3659427338505204,0.3659427338505204,0.3659427338505207,0.36594273385052106,1.1068992689608057,1.1068992689608044,1.106899268960803,0.0,0.0,0.0,0.0,0.0,0.0,0.0,0.0,0.0
1290,0.36411758685115486,0.3641175868511545,0.3641175868511542,0.3641175868511542,0.3641175868511545,0.36411758685115486,1.101378585825259,1.1013785858252576,1.1013785858252563,0.0,0.0,0.0,0.0,0.0,0.0,0.0,0.0,0.0
1291,0.3623015428104244,0.36230154281042404,0.36230154281042376,0.36230154281042376,0.36230154281042404,0.3623015428104244,1.0958854372117213,1.09588543721172,1.0958854372117186,0.0,0.0,0.0,0.0,0.0,0.0,0.0,0.0,0.0
1292,0.3604945563271341,0.36049455632713373,0.36049455632713345,0.36049455632713345,0.36049455632713373,0.3604945563271341,1.0904196857911914,1.09041968579119,1.0904196857911888,0.0,0.0,0.0,0.0,0.0,0.0,0.0,0.0,0.0
1293,0.3586965822265278,0.3586965822265274,0.3586965822265271,0.3586965822265271,0.3586965822265274,0.3586965822265278,1.084981194919599,1.0849811949195978,1.0849811949195964,0.0,0.0,0.0,0.0,0.0,0.0,0.0,0.0,0.0
1294,0.35690757555915925,0.35690757555915886,0.3569075755591586,0.3569075755591586,0.35690757555915886,0.35690757555915925,1.079569828634389,1.0795698286343878,1.0795698286343864,0.0,0.0,0.0,0.0,0.0,0.0,0.0,0.0,0.0
1295,0.35512749159976864,0.35512749159976825,0.355127491599768,0.355127491599768,0.35512749159976825,0.35512749159976864,1.0741854516511227,1.0741854516511213,1.07418545165112,0.0,0.0,0.0,0.0,0.0,0.0,0.0,0.0,0.0
1296,0.35335628584616424,0.35335628584616385,0.3533562858461636,0.3533562858461636,0.35335628584616385,0.35335628584616424,1.0688279293600949,1.0688279293600935,1.0688279293600922,0.0,0.0,0.0,0.0,0.0,0.0,0.0,0.0,0.0
1297,0.35159391401811,0.35159391401810963,0.35159391401810935,0.35159391401810935,0.35159391401810963,0.35159391401811,1.063497127822969,1.0634971278229677,1.0634971278229663,0.0,0.0,0.0,0.0,0.0,0.0,0.0,0.0,0.0
1298,0.34984033205621845,0.34984033205621806,0.3498403320562178,0.3498403320562178,0.34984033205621806,0.34984033205621845,1.0581929137694293,1.0581929137694281,1.0581929137694268,0.0,0.0,0.0,0.0,0.0,0.0,0.0,0.0,0.0
1299,0.3480954961208491,0.3480954961208487,0.34809549612084845,0.34809549612084845,0.3480954961208487,0.3480954961208491,1.0529151545938482,1.052915154593847,1.0529151545938458,0.0,0.0,0.0,0.0,0.0,0.0,0.0,0.0,0.0
1300,0.3463593625910128,0.3463593625910124,0.34635936259101213,0.34635936259101213,0.3463593625910124,0.3463593625910128,1.0476637183519713,1.0476637183519701,1.0476637183519688,0.0,0.0,0.0,0.0,0.0,0.0,0.0,0.0,0.0
1301,0.3446318880632808,0.34463188806328043,0.34463188806328016,0.34463188806328016,0.34463188806328043,0.3446318880632808,1.0424384737576189,1.0424384737576178,1.0424384737576164,0.0,0.0,0.0,0.0,0.0,0.0,0.0,0.0,0.0
1302,0.3429130293507,0.34291302935069967,0.3429130293506994,0.3429130293506994,0.34291302935069967,0.3429130293507,1.0372392901794043,1.0372392901794032,1.0372392901794019,0.0,0.0,0.0,0.0,0.0,0.0,0.0,0.0,0.0
1303,0.34120274348171303,0.3412027434817127,0.3412027434817124,0.3412027434817124,0.3412027434817127,0.34120274348171303,1.032066037637467,1.032066037637466,1.0320660376374646,0.0,0.0,0.0,0.0,0.0,0.0,0.0,0.0,0.0
1304,0.3395009876990841,0.33950098769908377,0.3395009876990835,0.3395009876990835,0.33950098769908377,0.3395009876990841,1.0269185868002242,1.026918586800223,1.026918586800222,0.0,0.0,0.0,0.0,0.0,0.0,0.0,0.0,0.0
1305,0.33780771945883004,0.3378077194588297,0.3378077194588294,0.3378077194588294,0.3378077194588297,0.33780771945883004,1.021796808981137,1.0217968089811358,1.0217968089811347,0.0,0.0,0.0,0.0,0.0,0.0,0.0,0.0,0.0
1306,0.3361228964291566,0.33612289642915627,0.336122896429156,0.336122896429156,0.33612289642915627,0.3361228964291566,1.0167005761354926,1.0167005761354915,1.0167005761354904,0.0,0.0,0.0,0.0,0.0,0.0,0.0,0.0,0.0
1307,0.3344464764894003,0.33444647648939996,0.3344464764893997,0.3344464764893997,0.33444647648939996,0.3344464764894003,1.011629760857205,1.0116297608572038,1.0116297608572027,0.0,0.0,0.0,0.0,0.0,0.0,0.0,0.0,0.0
1308,0.3327784177289753,0.332778417728975,0.3327784177289747,0.3327784177289747,0.332778417728975,0.3327784177289753,1.0065842363756279,1.0065842363756268,1.0065842363756257,0.0,0.0,0.0,0.0,0.0,0.0,0.0,0.0,0.0
1309,0.3311186784463258,0.3311186784463255,0.3311186784463252,0.3311186784463252,0.3311186784463255,0.3311186784463258,1.0015638765523864,1.0015638765523853,1.0015638765523842,0.0,0.0,0.0,0.0,0.0,0.0,0.0,0.0,0.0
1310,0.32946721714788324,0.3294672171478829,0.32946721714788263,0.32946721714788263,0.3294672171478829,0.32946721714788324,0.9965685558782237,0.9965685558782226,0.9965685558782215,0.0,0.0,0.0,0.0,0.0,0.0,0.0,0.0,0.0
1311,0.3278239925470291,0.32782399254702876,0.3278239925470285,0.3278239925470285,0.32782399254702876,0.3278239925470291,0.9915981494698624,0.9915981494698614,0.9915981494698604,0.0,0.0,0.0,0.0,0.0,0.0,0.0,0.0,0.0
1312,0.3261889635630628,0.3261889635630625,0.3261889635630622,0.3261889635630622,0.3261889635630625,0.3261889635630628,0.9866525330668837,0.9866525330668827,0.9866525330668817,0.0,0.0,0.0,0.0,0.0,0.0,0.0,0.0,0.0
1313,0.32456208932017466,0.32456208932017433,0.32456208932017405,0.32456208932017405,0.32456208932017433,0.32456208932017466,0.98173158302862,0.981731583028619,0.981731583028618,0.0,0.0,0.0,0.0,0.0,0.0,0.0,0.0,0.0
1314,0.3229433291464238,0.3229433291464235,0.3229433291464232,0.3229433291464232,0.3229433291464235,0.3229433291464238,0.9768351763310638,0.9768351763310628,0.9768351763310618,0.0,0.0,0.0,0.0,0.0,0.0,0.0,0.0,0.0
1315,0.3213326425727216,0.32133264257272126,0.321332642572721,0.321332642572721,0.32133264257272126,0.3213326425727216,0.9719631905637928,0.9719631905637918,0.9719631905637908,0.0,0.0,0.0,0.0,0.0,0.0,0.0,0.0,0.0
1316,0.3197299893318198,0.31972998933181945,0.3197299893318192,0.3197299893318192,0.31972998933181945,0.3197299893318198,0.9671155039269089,0.9671155039269079,0.9671155039269069,0.0,0.0,0.0,0.0,0.0,0.0,0.0,0.0,0.0
1317,0.3181353293573039,0.31813532935730354,0.31813532935730326,0.31813532935730326,0.31813532935730354,0.3181353293573039,0.9622919952279939,0.9622919952279929,0.9622919952279919,0.0,0.0,0.0,0.0,0.0,0.0,0.0,0.0,0.0
1318,0.31654862278259144,0.3165486227825911,0.3165486227825908,0.3165486227825908,0.3165486227825911,0.31654862278259144,0.957492543879079,0.957492543879078,0.957492543879077,0.0,0.0,0.0,0.0,0.0,0.0,0.0,0.0,0.0
1319,0.3149698299399355,0.31496982993993516,0.3149698299399349,0.3149698299399349,0.31496982993993516,0.3149698299399355,0.9527170298936306,0.9527170298936296,0.9527170298936286,0.0,0.0,0.0,0.0,0.0,0.0,0.0,0.0,0.0
1320,0.31339891135943276,0.31339891135943243,0.31339891135943215,0.31339891135943215,0.31339891135943243,0.31339891135943276,0.9479653338835502,0.9479653338835492,0.9479653338835482,0.0,0.0,0.0,0.0,0.0,0.0,0.0,0.0,0.0
1321,0.31183582776803687,0.31183582776803653,0.31183582776803626,0.31183582776803626,0.31183582776803653,0.31183582776803687,0.9432373370561902,0.9432373370561892,0.9432373370561882,0.0,0.0,0.0,0.0,0.0,0.0,0.0,0.0,0.0
1322,0.31028054008857664,0.3102805400885763,0.31028054008857603,0.31028054008857603,0.3102805400885763,0.31028054008857664,0.9385329212113835,0.9385329212113825,0.9385329212113815,0.0,0.0,0.0,0.0,0.0,0.0,0.0,0.0,0.0
1323,0.30873300943877907,0.30873300943877874,0.30873300943877846,0.30873300943877846,0.30873300943877874,0.30873300943877907,0.9338519687384891,0.9338519687384881,0.9338519687384871,0.0,0.0,0.0,0.0,0.0,0.0,0.0,0.0,0.0
1324,0.30719319713029736,0.307193197130297,0.30719319713029675,0.30719319713029675,0.307193197130297,0.30719319713029736,0.9291943626134513,0.9291943626134503,0.9291943626134493,0.0,0.0,0.0,0.0,0.0,0.0,0.0,0.0,0.0
1325,0.30566106466774356,0.30566106466774323,0.30566106466774295,0.30566106466774295,0.30566106466774323,0.30566106466774356,0.9245599863958744,0.9245599863958734,0.9245599863958724,0.0,0.0,0.0,0.0,0.0,0.0,0.0,0.0,0.0
1326,0.30413657374772635,0.304136573747726,0.30413657374772574,0.30413657374772574,0.304136573747726,0.30413657374772635,0.9199487242261116,0.9199487242261106,0.9199487242261096,0.0,0.0,0.0,0.0,0.0,0.0,0.0,0.0,0.0
1327,0.30261968625789326,0.30261968625789293,0.30261968625789265,0.30261968625789265,0.30261968625789293,0.30261968625789326,0.9153604608223685,0.9153604608223675,0.9153604608223666,0.0,0.0,0.0,0.0,0.0,0.0,0.0,0.0,0.0
1328,0.3011103642759781,0.30111036427597776,0.3011103642759775,0.3011103642759775,0.30111036427597776,0.3011103642759781,0.9107950814778211,0.9107950814778201,0.9107950814778191,0.0,0.0,0.0,0.0,0.0,0.0,0.0,0.0,0.0
1329,0.29960857006885266,0.29960857006885233,0.29960857006885205,0.29960857006885205,0.29960857006885233,0.29960857006885266,0.9062524720577478,0.9062524720577468,0.9062524720577458,0.0,0.0,0.0,0.0,0.0,0.0,0.0,0.0,0.0
1330,0.2981142660915836,0.29811426609158326,0.298114266091583,0.298114266091583,0.29811426609158326,0.2981142660915836,0.9017325189966767,0.9017325189966757,0.9017325189966747,0.0,0.0,0.0,0.0,0.0,0.0,0.0,0.0,0.0
1331,0.2966274149864936,0.29662741498649325,0.296627414986493,0.296627414986493,0.29662741498649325,0.2966274149864936,0.8972351092955458,0.8972351092955448,0.8972351092955438,0.0,0.0,0.0,0.0,0.0,0.0,0.0,0.0,0.0
1332,0.2951479795822276,0.29514797958222727,0.295147979582227,0.295147979582227,0.29514797958222727,0.2951479795822276,0.8927601305188784,0.8927601305188774,0.8927601305188764,0.0,0.0,0.0,0.0,0.0,0.0,0.0,0.0,0.0
1333,0.29367592289282346,0.2936759228928231,0.29367592289282285,0.29367592289282285,0.2936759228928231,0.29367592289282346,0.8883074707919718,0.8883074707919708,0.8883074707919698,0.0,0.0,0.0,0.0,0.0,0.0,0.0,0.0,0.0
1334,0.2922112081167873,0.29221120811678697,0.2922112081167867,0.2922112081167867,0.29221120811678697,0.2922112081167873,0.8838770187981011,0.8838770187981001,0.8838770187980991,0.0,0.0,0.0,0.0,0.0,0.0,0.0,0.0,0.0
1335,0.2907537986361734,0.29075379863617307,0.2907537986361728,0.2907537986361728,0.29075379863617307,0.2907537986361734,0.8794686637757356,0.8794686637757346,0.8794686637757336,0.0,0.0,0.0,0.0,0.0,0.0,0.0,0.0,0.0
1336,0.2893036580156688,0.2893036580156685,0.2893036580156682,0.2893036580156682,0.2893036580156685,0.2893036580156688,0.8750822955157702,0.8750822955157693,0.8750822955157683,0.0,0.0,0.0,0.0,0.0,0.0,0.0,0.0,0.0
1337,0.28786075000168254,0.2878607500016822,0.28786075000168193,0.28786075000168193,0.2878607500016822,0.28786075000168254,0.87071780435877,0.8707178043587691,0.8707178043587681,0.0,0.0,0.0,0.0,0.0,0.0,0.0,0.0,0.0
1338,0.2864250385214391,0.28642503852143875,0.28642503852143847,0.28642503852143847,0.28642503852143875,0.2864250385214391,0.8663750811922286,0.8663750811922278,0.8663750811922268,0.0,0.0,0.0,0.0,0.0,0.0,0.0,0.0,0.0
1339,0.28499648768207664,0.2849964876820763,0.284996487682076,0.284996487682076,0.2849964876820763,0.28499648768207664,0.8620540174478408,0.86205401744784,0.862054017447839,0.0,0.0,0.0,0.0,0.0,0.0,0.0,0.0,0.0
1340,0.28357506176974984,0.2835750617697495,0.2835750617697492,0.2835750617697492,0.2835750617697495,0.28357506176974984,0.8577545050987879,0.8577545050987871,0.8577545050987861,0.0,0.0,0.0,0.0,0.0,0.0,0.0,0.0,0.0
1341,0.2821607252487368,0.2821607252487365,0.2821607252487362,0.2821607252487362,0.2821607252487365,0.2821607252487368,0.8534764366570372,0.8534764366570364,0.8534764366570354,0.0,0.0,0.0,0.0,0.0,0.0,0.0,0.0,0.0
1342,0.28075344276055086,0.28075344276055053,0.28075344276055025,0.28075344276055025,0.28075344276055053,0.28075344276055086,0.8492197051706549,0.8492197051706541,0.8492197051706531,0.0,0.0,0.0,0.0,0.0,0.0,0.0,0.0,0.0
1343,0.2793531791230565,0.27935317912305624,0.27935317912305596,0.27935317912305596,0.27935317912305624,0.2793531791230565,0.8449842042211321,0.8449842042211313,0.8449842042211303,0.0,0.0,0.0,0.0,0.0,0.0,0.0,0.0,0.0
1344,0.2779598993295899,0.27795989932958964,0.27795989932958937,0.27795989932958937,0.27795989932958964,0.2779598993295899,0.8407698279207244,0.8407698279207236,0.8407698279207226,0.0,0.0,0.0,0.0,0.0,0.0,0.0,0.0,0.0
1345,0.2765735685480837,0.2765735685480834,0.2765735685480831,0.2765735685480831,0.2765735685480834,0.2765735685480837,0.8365764709098049,0.8365764709098041,0.8365764709098031,0.0,0.0,0.0,0.0,0.0,0.0,0.0,0.0,0.0
1346,0.275194152120196,0.2751941521201957,0.27519415212019543,0.27519415212019543,0.2751941521201957,0.275194152120196,0.8324040283542299,0.8324040283542291,0.8324040283542281,0.0,0.0,0.0,0.0,0.0,0.0,0.0,0.0,0.0
1347,0.2738216155604444,0.2738216155604441,0.2738216155604438,0.2738216155604438,0.2738216155604441,0.2738216155604444,0.8282523959427182,0.8282523959427174,0.8282523959427164,0.0,0.0,0.0,0.0,0.0,0.0,0.0,0.0,0.0
1348,0.27245592455534334,0.27245592455534307,0.2724559245553428,0.2724559245553428,0.27245592455534307,0.27245592455534334,0.8241214698842432,0.8241214698842424,0.8241214698842414,0.0,0.0,0.0,0.0,0.0,0.0,0.0,0.0,0.0
1349,0.2710970449625466,0.27109704496254633,0.27109704496254605,0.27109704496254605,0.27109704496254633,0.2710970449625466,0.8200111469054383,0.8200111469054375,0.8200111469054365,0.0,0.0,0.0,0.0,0.0,0.0,0.0,0.0,0.0
1350,0.26974494280999356,0.2697449428099933,0.269744942809993,0.269744942809993,0.2697449428099933,0.26974494280999356,0.815921324248015,0.8159213242480142,0.8159213242480132,0.0,0.0,0.0,0.0,0.0,0.0,0.0,0.0,0.0
1351,0.26839958429506,0.2683995842950597,0.26839958429505945,0.26839958429505945,0.2683995842950597,0.26839958429506,0.8118518996661939,0.8118518996661931,0.8118518996661921,0.0,0.0,0.0,0.0,0.0,0.0,0.0,0.0,0.0
1352,0.267060935783713,0.2670609357837127,0.2670609357837124,0.2670609357837124,0.2670609357837127,0.267060935783713,0.8078027714241484,0.8078027714241476,0.8078027714241466,0.0,0.0,0.0,0.0,0.0,0.0,0.0,0.0,0.0
1353,0.26572896380967,0.2657289638096697,0.2657289638096694,0.2657289638096694,0.2657289638096697,0.26572896380967,0.8037738382934615,0.8037738382934607,0.8037738382934597,0.0,0.0,0.0,0.0,0.0,0.0,0.0,0.0,0.0
1354,0.2644036350735623,0.264403635073562,0.26440363507356174,0.26440363507356174,0.264403635073562,0.2644036350735623,0.7997649995505952,0.7997649995505944,0.7997649995505935,0.0,0.0,0.0,0.0,0.0,0.0,0.0,0.0,0.0
1355,0.26308491644210247,0.2630849164421022,0.2630849164421019,0.2630849164421019,0.2630849164421022,0.26308491644210247,0.7957761549743722,0.7957761549743715,0.7957761549743706,0.0,0.0,0.0,0.0,0.0,0.0,0.0,0.0,0.0
1356,0.26177277494725604,0.26177277494725576,0.2617727749472555,0.2617727749472555,0.26177277494725576,0.26177277494725604,0.7918072048434702,0.7918072048434696,0.7918072048434687,0.0,0.0,0.0,0.0,0.0,0.0,0.0,0.0,0.0
1357,0.26046717778541734,0.26046717778541706,0.2604671777854168,0.2604671777854168,0.26046717778541706,0.26046717778541734,0.7878580499339294,0.7878580499339287,0.7878580499339278,0.0,0.0,0.0,0.0,0.0,0.0,0.0,0.0,0.0
1358,0.25916809231658927,0.259168092316589,0.2591680923165887,0.2591680923165887,0.259168092316589,0.25916809231658927,0.7839285915166712,0.7839285915166705,0.7839285915166696,0.0,0.0,0.0,0.0,0.0,0.0,0.0,0.0,0.0
1359,0.25787548606356747,0.2578754860635672,0.2578754860635669,0.2578754860635669,0.2578754860635672,0.25787548606356747,0.7800187313550305,0.7800187313550299,0.780018731355029,0.0,0.0,0.0,0.0,0.0,0.0,0.0,0.0,0.0
1360,0.2565893267111283,0.256589326711128,0.2565893267111277,0.2565893267111277,0.256589326711128,0.2565893267111283,0.7761283717022998,0.7761283717022991,0.7761283717022982,0.0,0.0,0.0,0.0,0.0,0.0,0.0,0.0,0.0
1361,0.25530958210522087,0.2553095821052206,0.2553095821052203,0.2553095821052203,0.2553095821052206,0.25530958210522087,0.7722574152992849,0.7722574152992843,0.7722574152992834,0.0,0.0,0.0,0.0,0.0,0.0,0.0,0.0,0.0
1362,0.2540362202521635,0.2540362202521632,0.25403622025216294,0.25403622025216294,0.2540362202521632,0.2540362202521635,0.7684057653718743,0.7684057653718737,0.7684057653718729,0.0,0.0,0.0,0.0,0.0,0.0,0.0,0.0,0.0
1363,0.25276920931784347,0.2527692093178432,0.2527692093178429,0.2527692093178429,0.2527692093178432,0.25276920931784347,0.7645733256286192,0.7645733256286186,0.7645733256286178,0.0,0.0,0.0,0.0,0.0,0.0,0.0,0.0,0.0
1364,0.2515085176269215,0.2515085176269212,0.25150851762692095,0.25150851762692095,0.2515085176269212,0.2515085176269215,0.7607600002583265,0.7607600002583258,0.760760000258325,0.0,0.0,0.0,0.0,0.0,0.0,0.0,0.0,0.0
1365,0.2502541136620396,0.2502541136620393,0.25025411366203903,0.25025411366203903,0.2502541136620393,0.2502541136620396,0.7569656939276631,0.7569656939276624,0.7569656939276617,0.0,0.0,0.0,0.0,0.0,0.0,0.0,0.0,0.0
1366,0.24900596606303332,0.24900596606303305,0.24900596606303277,0.24900596606303277,0.24900596606303305,0.24900596606303332,0.7531903117787733,0.7531903117787726,0.7531903117787718,0.0,0.0,0.0,0.0,0.0,0.0,0.0,0.0,0.0
1367,0.2477640436261477,0.24776404362614743,0.24776404362614715,0.24776404362614715,0.24776404362614743,0.2477640436261477,0.7494337594269066,0.7494337594269059,0.7494337594269052,0.0,0.0,0.0,0.0,0.0,0.0,0.0,0.0,0.0
1368,0.2465283153032571,0.24652831530325686,0.2465283153032566,0.2465283153032566,0.24652831530325686,0.2465283153032571,0.7456959429580586,0.745695942958058,0.7456959429580572,0.0,0.0,0.0,0.0,0.0,0.0,0.0,0.0,0.0
1369,0.24529875020108916,0.2452987502010889,0.24529875020108866,0.24529875020108866,0.2452987502010889,0.24529875020108916,0.7419767689266229,0.7419767689266222,0.7419767689266215,0.0,0.0,0.0,0.0,0.0,0.0,0.0,0.0,0.0
1370,0.2440753175804522,0.24407531758045195,0.2440753175804517,0.2440753175804517,0.24407531758045195,0.2440753175804522,0.738276144353055,0.7382761443530543,0.7382761443530536,0.0,0.0,0.0,0.0,0.0,0.0,0.0,0.0,0.0
1371,0.24285798685546703,0.24285798685546678,0.24285798685546653,0.24285798685546653,0.24285798685546678,0.24285798685546703,0.7345939767215479,0.7345939767215472,0.7345939767215465,0.0,0.0,0.0,0.0,0.0,0.0,0.0,0.0,0.0
1372,0.2416467275928021,0.24164672759280184,0.24164672759280162,0.24164672759280162,0.24164672759280184,0.2416467275928021,0.730930173977719,0.7309301739777183,0.7309301739777175,0.0,0.0,0.0,0.0,0.0,0.0,0.0,0.0,0.0
1373,0.24044150951091275,0.2404415095109125,0.24044150951091228,0.24044150951091228,0.2404415095109125,0.24044150951091275,0.7272846445263088,0.7272846445263081,0.7272846445263074,0.0,0.0,0.0,0.0,0.0,0.0,0.0,0.0,0.0
1374,0.2392423024792842,0.23924230247928396,0.23924230247928374,0.23924230247928374,0.23924230247928396,0.2392423024792842,0.7236572972288912,0.7236572972288905,0.7236572972288897,0.0,0.0,0.0,0.0,0.0,0.0,0.0,0.0,0.0
1375,0.2380490765176782,0.23804907651767795,0.23804907651767773,0.23804907651767773,0.23804907651767795,0.2380490765176782,0.7200480414015948,0.7200480414015942,0.7200480414015934,0.0,0.0,0.0,0.0,0.0,0.0,0.0,0.0,0.0
1376,0.23686180179538352,0.23686180179538327,0.23686180179538305,0.23686180179538305,0.23686180179538327,0.23686180179538352,0.7164567868128361,0.7164567868128354,0.7164567868128346,0.0,0.0,0.0,0.0,0.0,0.0,0.0,0.0,0.0
1377,0.2356804486304703,0.23568044863047005,0.23568044863046983,0.23568044863046983,0.23568044863047005,0.2356804486304703,0.7128834436810632,0.7128834436810625,0.7128834436810617,0.0,0.0,0.0,0.0,0.0,0.0,0.0,0.0,0.0
1378,0.23450498748904786,0.2345049874890476,0.23450498748904738,0.23450498748904738,0.2345049874890476,0.23450498748904786,0.7093279226725115,0.7093279226725109,0.7093279226725101,0.0,0.0,0.0,0.0,0.0,0.0,0.0,0.0,0.0
1379,0.23333538898452647,0.23333538898452622,0.233335388984526,0.233335388984526,0.23333538898452622,0.23333538898452647,0.705790134898971,0.7057901348989704,0.7057901348989696,0.0,0.0,0.0,0.0,0.0,0.0,0.0,0.0,0.0
1380,0.2321716238768826,0.23217162387688234,0.23217162387688212,0.23217162387688212,0.23217162387688234,0.2321716238768826,0.7022699919155628,0.7022699919155622,0.7022699919155614,0.0,0.0,0.0,0.0,0.0,0.0,0.0,0.0,0.0
1381,0.2310136630719279,0.23101366307192767,0.23101366307192744,0.23101366307192744,0.23101366307192767,0.2310136630719279,0.6987674057185291,0.6987674057185285,0.6987674057185277,0.0,0.0,0.0,0.0,0.0,0.0,0.0,0.0,0.0
1382,0.22986147762058198,0.22986147762058176,0.22986147762058154,0.22986147762058154,0.22986147762058176,0.22986147762058198,0.6952822887430326,0.6952822887430319,0.6952822887430311,0.0,0.0,0.0,0.0,0.0,0.0,0.0,0.0,0.0
1383,0.22871503871814855,0.22871503871814833,0.2287150387181481,0.2287150387181481,0.22871503871814833,0.22871503871814855,0.6918145538609672,0.6918145538609666,0.6918145538609658,0.0,0.0,0.0,0.0,0.0,0.0,0.0,0.0,0.0
1384,0.22757431770359532,0.2275743177035951,0.22757431770359487,0.22757431770359487,0.2275743177035951,0.22757431770359532,0.6883641143787804,0.6883641143787798,0.688364114378779,0.0,0.0,0.0,0.0,0.0,0.0,0.0,0.0,0.0
1385,0.2264392860588375,0.22643928605883729,0.22643928605883706,0.22643928605883706,0.22643928605883729,0.2264392860588375,0.6849308840353054,0.6849308840353048,0.684930884035304,0.0,0.0,0.0,0.0,0.0,0.0,0.0,0.0,0.0
1386,0.2253099154080249,0.22530991540802467,0.22530991540802445,0.22530991540802445,0.22530991540802467,0.2253099154080249,0.6815147769996048,0.6815147769996042,0.6815147769996034,0.0,0.0,0.0,0.0,0.0,0.0,0.0,0.0,0.0
1387,0.22418617751683237,0.22418617751683215,0.22418617751683195,0.22418617751683195,0.22418617751683215,0.22418617751683237,0.6781157078688248,0.6781157078688241,0.6781157078688234,0.0,0.0,0.0,0.0,0.0,0.0,0.0,0.0,0.0
1388,0.22306804429175414,0.22306804429175392,0.22306804429175373,0.22306804429175373,0.22306804429175392,0.22306804429175414,0.6747335916660601,0.6747335916660594,0.6747335916660586,0.0,0.0,0.0,0.0,0.0,0.0,0.0,0.0,0.0
1389,0.22195548777940136,0.22195548777940113,0.22195548777940094,0.22195548777940094,0.22195548777940113,0.22195548777940136,0.6713683438382294,0.6713683438382287,0.671368343838228,0.0,0.0,0.0,0.0,0.0,0.0,0.0,0.0,0.0
1390,0.22084848016580325,0.22084848016580302,0.22084848016580283,0.22084848016580283,0.22084848016580302,0.22084848016580325,0.6680198802539619,0.6680198802539612,0.6680198802539604,0.0,0.0,0.0,0.0,0.0,0.0,0.0,0.0,0.0
1391,0.21974699377571183,0.2197469937757116,0.2197469937757114,0.2197469937757114,0.2197469937757116,0.21974699377571183,0.6646881172014933,0.6646881172014927,0.6646881172014919,0.0,0.0,0.0,0.0,0.0,0.0,0.0,0.0,0.0
1392,0.21865100107190996,0.21865100107190974,0.21865100107190955,0.21865100107190955,0.21865100107190974,0.21865100107190996,0.6613729713865741,0.6613729713865735,0.6613729713865727,0.0,0.0,0.0,0.0,0.0,0.0,0.0,0.0,0.0
1393,0.21756047465452297,0.21756047465452275,0.21756047465452255,0.21756047465452255,0.21756047465452275,0.21756047465452297,0.6580743599303861,0.6580743599303854,0.6580743599303847,0.0,0.0,0.0,0.0,0.0,0.0,0.0,0.0,0.0
1394,0.21647538726033363,0.2164753872603334,0.21647538726033322,0.21647538726033322,0.2164753872603334,0.21647538726033363,0.654792200367471,0.6547922003674703,0.6547922003674695,0.0,0.0,0.0,0.0,0.0,0.0,0.0,0.0,0.0
1395,0.21539571176210057,0.21539571176210034,0.21539571176210015,0.21539571176210015,0.21539571176210034,0.21539571176210057,0.6515264106436689,0.6515264106436682,0.6515264106436675,0.0,0.0,0.0,0.0,0.0,0.0,0.0,0.0,0.0
1396,0.21432142116788008,0.21432142116787986,0.21432142116787967,0.21432142116787967,0.21432142116787986,0.21432142116788008,0.6482769091140665,0.6482769091140659,0.6482769091140651,0.0,0.0,0.0,0.0,0.0,0.0,0.0,0.0,0.0
1397,0.21325248862035137,0.21325248862035118,0.21325248862035098,0.21325248862035098,0.21325248862035118,0.21325248862035137,0.6450436145409566,0.6450436145409559,0.6450436145409552,0.0,0.0,0.0,0.0,0.0,0.0,0.0,0.0,0.0
1398,0.21218888739614508,0.2121888873961449,0.2121888873961447,0.2121888873961447,0.2121888873961449,0.21218888739614508,0.6418264460918062,0.6418264460918055,0.6418264460918047,0.0,0.0,0.0,0.0,0.0,0.0,0.0,0.0,0.0
1399,0.21113059090517522,0.21113059090517503,0.21113059090517483,0.21113059090517483,0.21113059090517503,0.21113059090517522,0.6386253233372365,0.6386253233372359,0.6386253233372351,0.0,0.0,0.0,0.0,0.0,0.0,0.0,0.0,0.0
1400,0.21007757268997437,0.21007757268997418,0.21007757268997398,0.21007757268997398,0.21007757268997418,0.21007757268997437,0.6354401662490121,0.6354401662490115,0.6354401662490107,0.0,0.0,0.0,0.0,0.0,0.0,0.0,0.0,0.0
1401,0.20902980642503233,0.20902980642503213,0.20902980642503194,0.20902980642503194,0.20902980642503213,0.20902980642503233,0.6322708951980398,0.6322708951980391,0.6322708951980384,0.0,0.0,0.0,0.0,0.0,0.0,0.0,0.0,0.0
1402,0.2079872659161379,0.2079872659161377,0.2079872659161375,0.2079872659161375,0.2079872659161377,0.2079872659161379,0.6291174309523782,0.6291174309523776,0.6291174309523768,0.0,0.0,0.0,0.0,0.0,0.0,0.0,0.0,0.0
1403,0.20694992509972404,0.20694992509972385,0.20694992509972365,0.20694992509972365,0.20694992509972385,0.20694992509972404,0.6259796946752569,0.6259796946752564,0.6259796946752556,0.0,0.0,0.0,0.0,0.0,0.0,0.0,0.0,0.0
1404,0.20591775804221632,0.20591775804221613,0.20591775804221596,0.20591775804221596,0.20591775804221613,0.20591775804221632,0.6228576079231057,0.6228576079231052,0.6228576079231044,0.0,0.0,0.0,0.0,0.0,0.0,0.0,0.0,0.0
1405,0.20489073893938456,0.20489073893938436,0.2048907389393842,0.2048907389393842,0.20489073893938436,0.20489073893938456,0.6197510926435932,0.6197510926435926,0.6197510926435918,0.0,0.0,0.0,0.0,0.0,0.0,0.0,0.0,0.0
1406,0.2038688421156977,0.2038688421156975,0.20386884211569734,0.20386884211569734,0.2038688421156975,0.2038688421156977,0.6166600711736754,0.6166600711736748,0.616660071173674,0.0,0.0,0.0,0.0,0.0,0.0,0.0,0.0,0.0
1407,0.2028520420236819,0.2028520420236817,0.20285204202368154,0.20285204202368154,0.2028520420236817,0.2028520420236819,0.6135844662376547,0.6135844662376542,0.6135844662376534,0.0,0.0,0.0,0.0,0.0,0.0,0.0,0.0,0.0
1408,0.20184031324328192,0.20184031324328172,0.20184031324328155,0.20184031324328155,0.20184031324328172,0.20184031324328192,0.6105242009452475,0.610524200945247,0.6105242009452462,0.0,0.0,0.0,0.0,0.0,0.0,0.0,0.0,0.0
1409,0.20083363048122552,0.20083363048122532,0.20083363048122516,0.20083363048122516,0.20083363048122532,0.20083363048122552,0.6074791987896621,0.6074791987896615,0.6074791987896607,0.0,0.0,0.0,0.0,0.0,0.0,0.0,0.0,0.0
1410,0.19983196857039126,0.19983196857039107,0.1998319685703909,0.1998319685703909,0.19983196857039107,0.19983196857039126,0.6044493836456859,0.6044493836456853,0.6044493836456846,0.0,0.0,0.0,0.0,0.0,0.0,0.0,0.0,0.0
1411,0.1988353024691792,0.198835302469179,0.19883530246917883,0.19883530246917883,0.198835302469179,0.1988353024691792,0.6014346797677826,0.6014346797677821,0.6014346797677814,0.0,0.0,0.0,0.0,0.0,0.0,0.0,0.0,0.0
1412,0.19784360726088485,0.19784360726088465,0.19784360726088449,0.19784360726088449,0.19784360726088465,0.19784360726088485,0.5984350117881984,0.5984350117881978,0.5984350117881971,0.0,0.0,0.0,0.0,0.0,0.0,0.0,0.0,0.0
1413,0.1968568581530764,0.19685685815307621,0.19685685815307605,0.19685685815307605,0.19685685815307621,0.1968568581530764,0.5954503047150773,0.5954503047150768,0.5954503047150761,0.0,0.0,0.0,0.0,0.0,0.0,0.0,0.0,0.0
1414,0.19587503047697474,0.19587503047697455,0.19587503047697438,0.19587503047697438,0.19587503047697455,0.19587503047697474,0.5924804839305872,0.5924804839305866,0.592480483930586,0.0,0.0,0.0,0.0,0.0,0.0,0.0,0.0,0.0
1415,0.19489809968683686,0.19489809968683666,0.1948980996868365,0.1948980996868365,0.19489809968683666,0.19489809968683686,0.5895254751890537,0.5895254751890532,0.5895254751890526,0.0,0.0,0.0,0.0,0.0,0.0,0.0,0.0,0.0
1416,0.19392604135934208,0.19392604135934188,0.19392604135934172,0.19392604135934172,0.19392604135934188,0.19392604135934208,0.5865852046151044,0.5865852046151039,0.5865852046151034,0.0,0.0,0.0,0.0,0.0,0.0,0.0,0.0,0.0
1417,0.1929588311929816,0.1929588311929814,0.19295883119298124,0.19295883119298124,0.1929588311929814,0.1929588311929816,0.5836595987018219,0.5836595987018214,0.5836595987018209,0.0,0.0,0.0,0.0,0.0,0.0,0.0,0.0,0.0
1418,0.19199644500745092,0.19199644500745072,0.19199644500745056,0.19199644500745056,0.19199644500745072,0.19199644500745092,0.5807485843089059,0.5807485843089054,0.580748584308905,0.0,0.0,0.0,0.0,0.0,0.0,0.0,0.0,0.0
1419,0.19103885874304524,0.19103885874304505,0.19103885874304488,0.19103885874304488,0.19103885874304505,0.19103885874304524,0.5778520886608449,0.5778520886608445,0.577852088660844,0.0,0.0,0.0,0.0,0.0,0.0,0.0,0.0,0.0
1420,0.19008604846005808,0.1900860484600579,0.19008604846005772,0.19008604846005772,0.1900860484600579,0.19008604846005808,0.5749700393450969,0.5749700393450965,0.574970039345096,0.0,0.0,0.0,0.0,0.0,0.0,0.0,0.0,0.0
1421,0.18913799033818274,0.18913799033818254,0.18913799033818238,0.18913799033818238,0.18913799033818254,0.18913799033818274,0.572102364310279,0.5721023643102786,0.5721023643102782,0.0,0.0,0.0,0.0,0.0,0.0,0.0,0.0,0.0
1422,0.1881946606759168,0.18819466067591661,0.18819466067591645,0.18819466067591645,0.18819466067591661,0.1881946606759168,0.569248991864366,0.5692489918643655,0.5692489918643651,0.0,0.0,0.0,0.0,0.0,0.0,0.0,0.0,0.0
1423,0.18725603588996959,0.1872560358899694,0.18725603588996922,0.18725603588996922,0.1872560358899694,0.18725603588996959,0.5664098506728978,0.5664098506728974,0.566409850672897,0.0,0.0,0.0,0.0,0.0,0.0,0.0,0.0,0.0
1424,0.18632209251467255,0.18632209251467236,0.1863220925146722,0.1863220925146722,0.18632209251467236,0.18632209251467255,0.563584869757197,0.5635848697571966,0.5635848697571961,0.0,0.0,0.0,0.0,0.0,0.0,0.0,0.0,0.0
1425,0.18539280720139265,0.18539280720139245,0.18539280720139228,0.18539280720139228,0.18539280720139245,0.18539280720139265,0.5607739784925936,0.5607739784925931,0.5607739784925927,0.0,0.0,0.0,0.0,0.0,0.0,0.0,0.0,0.0
1426,0.18446815671794867,0.18446815671794847,0.1844681567179483,0.1844681567179483,0.18446815671794847,0.18446815671794867,0.5579771066066594,0.557977106606659,0.5579771066066586,0.0,0.0,0.0,0.0,0.0,0.0,0.0,0.0,0.0
1427,0.18354811794803036,0.18354811794803017,0.18354811794803,0.18354811794803,0.18354811794803017,0.18354811794803036,0.5551941841774518,0.5551941841774514,0.5551941841774509,0.0,0.0,0.0,0.0,0.0,0.0,0.0,0.0,0.0
1428,0.18263266789062055,0.18263266789062035,0.1826326678906202,0.1826326678906202,0.18263266789062035,0.18263266789062055,0.552425141631765,0.5524251416317646,0.5524251416317641,0.0,0.0,0.0,0.0,0.0,0.0,0.0,0.0,0.0
1429,0.18172178365942013,0.18172178365941993,0.18172178365941977,0.18172178365941977,0.18172178365941993,0.18172178365942013,0.5496699097433911,0.5496699097433908,0.5496699097433904,0.0,0.0,0.0,0.0,0.0,0.0,0.0,0.0,0.0
1430,0.18081544248227588,0.18081544248227568,0.18081544248227552,0.18081544248227552,0.18081544248227568,0.18081544248227588,0.5469284196313895,0.5469284196313892,0.5469284196313887,0.0,0.0,0.0,0.0,0.0,0.0,0.0,0.0,0.0
1431,0.17991362170061118,0.17991362170061098,0.17991362170061082,0.17991362170061082,0.17991362170061098,0.17991362170061118,0.5442006027583646,0.5442006027583642,0.5442006027583638,0.0,0.0,0.0,0.0,0.0,0.0,0.0,0.0,0.0
1432,0.1790162987688595,0.1790162987688593,0.17901629876885913,0.17901629876885913,0.1790162987688593,0.1790162987688595,0.5414863909287524,0.5414863909287521,0.5414863909287516,0.0,0.0,0.0,0.0,0.0,0.0,0.0,0.0,0.0
1433,0.1781234512539008,0.1781234512539006,0.17812345125390044,0.17812345125390044,0.1781234512539006,0.1781234512539008,0.5387857162871159,0.5387857162871156,0.5387857162871151,0.0,0.0,0.0,0.0,0.0,0.0,0.0,0.0,0.0
1434,0.17723505683450075,0.17723505683450055,0.1772350568345004,0.1772350568345004,0.17723505683450055,0.17723505683450075,0.5360985113164484,0.536098511316448,0.5360985113164476,0.0,0.0,0.0,0.0,0.0,0.0,0.0,0.0,0.0
1435,0.17635109330075255,0.17635109330075235,0.1763510933007522,0.1763510933007522,0.17635109330075235,0.17635109330075255,0.5334247088364855,0.5334247088364852,0.5334247088364847,0.0,0.0,0.0,0.0,0.0,0.0,0.0,0.0,0.0
1436,0.17547153855352182,0.17547153855352163,0.17547153855352146,0.17547153855352146,0.17547153855352163,0.17547153855352182,0.5307642420020262,0.5307642420020259,0.5307642420020254,0.0,0.0,0.0,0.0,0.0,0.0,0.0,0.0,0.0
1437,0.17459637060389407,0.17459637060389388,0.1745963706038937,0.1745963706038937,0.17459637060389388,0.17459637060389407,0.5281170443012609,0.5281170443012606,0.5281170443012602,0.0,0.0,0.0,0.0,0.0,0.0,0.0,0.0,0.0
1438,0.173725567572625,0.1737255675726248,0.17372556757262464,0.17372556757262464,0.1737255675726248,0.173725567572625,0.5254830495541093,0.525483049554109,0.5254830495541085,0.0,0.0,0.0,0.0,0.0,0.0,0.0,0.0,0.0
1439,0.17285910768959345,0.17285910768959326,0.1728591076895931,0.1728591076895931,0.17285910768959326,0.17285910768959345,0.5228621919105654,0.522862191910565,0.5228621919105646,0.0,0.0,0.0,0.0,0.0,0.0,0.0,0.0,0.0
1440,0.17199696929325722,0.17199696929325703,0.17199696929325686,0.17199696929325686,0.17199696929325703,0.17199696929325722,0.5202544058490517,0.5202544058490514,0.5202544058490509,0.0,0.0,0.0,0.0,0.0,0.0,0.0,0.0,0.0
1441,0.17113913083011154,0.17113913083011134,0.17113913083011117,0.17113913083011117,0.17113913083011134,0.17113913083011154,0.5176596261747809,0.5176596261747806,0.5176596261747801,0.0,0.0,0.0,0.0,0.0,0.0,0.0,0.0,0.0
1442,0.17028557085415008,0.1702855708541499,0.17028557085414972,0.17028557085414972,0.1702855708541499,0.17028557085415008,0.5150777880181259,0.5150777880181255,0.5150777880181251,0.0,0.0,0.0,0.0,0.0,0.0,0.0,0.0,0.0
1443,0.16943626802632905,0.16943626802632886,0.1694362680263287,0.1694362680263287,0.16943626802632886,0.16943626802632905,0.5125088268329983,0.5125088268329979,0.5125088268329975,0.0,0.0,0.0,0.0,0.0,0.0,0.0,0.0,0.0
1444,0.16859120111403347,0.16859120111403328,0.1685912011140331,0.1685912011140331,0.16859120111403328,0.16859120111403347,0.5099526783952347,0.5099526783952344,0.509952678395234,0.0,0.0,0.0,0.0,0.0,0.0,0.0,0.0,0.0
1445,0.16775034899054656,0.16775034899054636,0.1677503489905462,0.1677503489905462,0.16775034899054636,0.16775034899054656,0.5074092788009911,0.5074092788009907,0.5074092788009903,0.0,0.0,0.0,0.0,0.0,0.0,0.0,0.0,0.0
1446,0.1669136906345214,0.16691369063452122,0.16691369063452105,0.16691369063452105,0.16691369063452122,0.1669136906345214,0.5048785644651451,0.5048785644651448,0.5048785644651443,0.0,0.0,0.0,0.0,0.0,0.0,0.0,0.0,0.0
1447,0.16608120512945554,0.16608120512945534,0.16608120512945518,0.16608120512945518,0.16608120512945534,0.16608120512945554,0.5023604721197066,0.5023604721197062,0.5023604721197058,0.0,0.0,0.0,0.0,0.0,0.0,0.0,0.0,0.0
1448,0.165252871663168,0.1652528716631678,0.16525287166316763,0.16525287166316763,0.1652528716631678,0.165252871663168,0.4998549388122356,0.4998549388122353,0.49985493881223486,0.0,0.0,0.0,0.0,0.0,0.0,0.0,0.0,0.0
1449,0.16442866952727894,0.16442866952727875,0.16442866952727858,0.16442866952727858,0.16442866952727875,0.16442866952727894,0.49736190190426904,0.49736190190426877,0.4973619019042683,0.0,0.0,0.0,0.0,0.0,0.0,0.0,0.0,0.0
1450,0.16360857811669208,0.16360857811669188,0.16360857811669172,0.16360857811669172,0.16360857811669188,0.16360857811669208,0.4948812990697544,0.49488129906975414,0.4948812990697537,0.0,0.0,0.0,0.0,0.0,0.0,0.0,0.0,0.0
1451,0.16279257692907942,0.16279257692907922,0.16279257692907906,0.16279257692907906,0.16279257692907922,0.16279257692907942,0.49241306829349163,0.49241306829349135,0.4924130682934909,0.0,0.0,0.0,0.0,0.0,0.0,0.0,0.0,0.0
1452,0.16198064556436878,0.16198064556436859,0.16198064556436842,0.16198064556436842,0.16198064556436859,0.16198064556436878,0.4899571478695827,0.48995714786958244,0.489957147869582,0.0,0.0,0.0,0.0,0.0,0.0,0.0,0.0,0.0
1453,0.16117276372423375,0.16117276372423356,0.1611727637242334,0.1611727637242334,0.16117276372423356,0.16117276372423375,0.4875134763998892,0.4875134763998889,0.48751347639988846,0.0,0.0,0.0,0.0,0.0,0.0,0.0,0.0,0.0
1454,0.16036891121158625,0.16036891121158606,0.1603689112115859,0.1603689112115859,0.16036891121158606,0.16036891121158625,0.485081992792497,0.4850819927924967,0.48508199279249625,0.0,0.0,0.0,0.0,0.0,0.0,0.0,0.0,0.0
1455,0.15956906793007158,0.1595690679300714,0.15956906793007122,0.15956906793007122,0.1595690679300714,0.15956906793007158,0.4826626362601893,0.482662636260189,0.48266263626018857,0.0,0.0,0.0,0.0,0.0,0.0,0.0,0.0,0.0
1456,0.15877321388356605,0.15877321388356588,0.15877321388356572,0.15877321388356572,0.15877321388356588,0.15877321388356605,0.4802553463189268,0.4802553463189265,0.4802553463189261,0.0,0.0,0.0,0.0,0.0,0.0,0.0,0.0,0.0
1457,0.15798132917567706,0.1579813291756769,0.15798132917567673,0.15798132917567673,0.1579813291756769,0.15798132917567706,0.4778600627863356,0.4778600627863353,0.47786006278633486,0.0,0.0,0.0,0.0,0.0,0.0,0.0,0.0,0.0
1458,0.15719339400924567,0.1571933940092455,0.15719339400924534,0.15719339400924534,0.1571933940092455,0.15719339400924567,0.4754767257802026,0.47547672578020234,0.4754767257802019,0.0,0.0,0.0,0.0,0.0,0.0,0.0,0.0,0.0
1459,0.15640938868585166,0.1564093886858515,0.15640938868585133,0.15640938868585133,0.1564093886858515,0.15640938868585166,0.4731052757169786,0.4731052757169783,0.47310527571697786,0.0,0.0,0.0,0.0,0.0,0.0,0.0,0.0,0.0
1460,0.15562929360532113,0.15562929360532096,0.1556292936053208,0.1556292936053208,0.15562929360532096,0.15562929360532113,0.4707456533102884,0.4707456533102881,0.47074565331028767,0.0,0.0,0.0,0.0,0.0,0.0,0.0,0.0,0.0
1461,0.15485308926523644,0.15485308926523628,0.1548530892652361,0.1548530892652361,0.15485308926523628,0.15485308926523644,0.468397799569449,0.4683977995694487,0.46839779956944827,0.0,0.0,0.0,0.0,0.0,0.0,0.0,0.0,0.0
1462,0.15408075626044865,0.15408075626044848,0.15408075626044831,0.15408075626044831,0.15408075626044848,0.15408075626044865,0.4660616557979945,0.46606165579799425,0.46606165579799386,0.0,0.0,0.0,0.0,0.0,0.0,0.0,0.0,0.0
1463,0.15331227528259242,0.15331227528259225,0.1533122752825921,0.1533122752825921,0.15331227528259225,0.15331227528259242,0.46373716359220907,0.46373716359220885,0.46373716359220846,0.0,0.0,0.0,0.0,0.0,0.0,0.0,0.0,0.0
1464,0.15254762711960326,0.1525476271196031,0.15254762711960293,0.15254762711960293,0.1525476271196031,0.15254762711960326,0.4614242648396664,0.4614242648396662,0.4614242648396658,0.0,0.0,0.0,0.0,0.0,0.0,0.0,0.0,0.0
1465,0.1517867926552373,0.15178679265523715,0.15178679265523698,0.15178679265523698,0.15178679265523715,0.1517867926552373,0.4591229017177773,0.4591229017177771,0.4591229017177767,0.0,0.0,0.0,0.0,0.0,0.0,0.0,0.0,0.0
1466,0.1510297528685933,0.15102975286859313,0.15102975286859296,0.15102975286859296,0.15102975286859313,0.1510297528685933,0.45683301669234383,0.4568330166923436,0.4568330166923432,0.0,0.0,0.0,0.0,0.0,0.0,0.0,0.0,0.0
1467,0.15027648883363715,0.15027648883363698,0.1502764888336368,0.1502764888336368,0.15027648883363698,0.15027648883363715,0.45455455251612104,0.4545545525161208,0.4545545525161204,0.0,0.0,0.0,0.0,0.0,0.0,0.0,0.0,0.0
1468,0.14952698171872875,0.14952698171872858,0.1495269817187284,0.1495269817187284,0.14952698171872858,0.14952698171872875,0.4522874522273859,0.4522874522273857,0.4522874522273853,0.0,0.0,0.0,0.0,0.0,0.0,0.0,0.0,0.0
1469,0.14878121278615117,0.148781212786151,0.14878121278615083,0.14878121278615083,0.148781212786151,0.14878121278615117,0.4500316591485131,0.4500316591485129,0.4500316591485125,0.0,0.0,0.0,0.0,0.0,0.0,0.0,0.0,0.0
1470,0.14803916339164228,0.1480391633916421,0.14803916339164194,0.14803916339164194,0.1480391633916421,0.14803916339164228,0.4477871168845582,0.44778711688455797,0.4477871168845576,0.0,0.0,0.0,0.0,0.0,0.0,0.0,0.0,0.0
1471,0.14730081498392855,0.14730081498392839,0.14730081498392822,0.14730081498392822,0.14730081498392839,0.14730081498392855,0.44555376932184765,0.4455537693218474,0.44555376932184704,0.0,0.0,0.0,0.0,0.0,0.0,0.0,0.0,0.0
1472,0.14656614910426136,0.1465661491042612,0.14656614910426102,0.14656614910426102,0.1465661491042612,0.14656614910426136,0.44333156062657614,0.4433315606265759,0.4433315606265755,0.0,0.0,0.0,0.0,0.0,0.0,0.0,0.0,0.0
1473,0.14583514738595543,0.14583514738595527,0.1458351473859551,0.1458351473859551,0.14583514738595527,0.14583514738595543,0.4411204352434105,0.44112043524341027,0.4411204352434099,0.0,0.0,0.0,0.0,0.0,0.0,0.0,0.0,0.0
1474,0.14510779155392975,0.14510779155392958,0.14510779155392942,0.14510779155392942,0.14510779155392958,0.14510779155392975,0.43892033789410095,0.43892033789410073,0.43892033789410034,0.0,0.0,0.0,0.0,0.0,0.0,0.0,0.0,0.0
1475,0.1443840634242506,0.14438406342425045,0.14438406342425028,0.14438406342425028,0.14438406342425045,0.1443840634242506,0.43673121357609923,0.436731213576099,0.4367312135760986,0.0,0.0,0.0,0.0,0.0,0.0,0.0,0.0,0.0
1476,0.1436639449036771,0.14366394490367693,0.14366394490367676,0.14366394490367676,0.14366394490367693,0.1436639449036771,0.4345530075611833,0.4345530075611831,0.4345530075611827,0.0,0.0,0.0,0.0,0.0,0.0,0.0,0.0,0.0
1477,0.14294741798920865,0.1429474179892085,0.14294741798920832,0.14294741798920832,0.1429474179892085,0.14294741798920865,0.43238566539408946,0.43238566539408924,0.43238566539408885,0.0,0.0,0.0,0.0,0.0,0.0,0.0,0.0,0.0
1478,0.14223446476763513,0.14223446476763496,0.1422344647676348,0.1422344647676348,0.14223446476763496,0.14223446476763513,0.43022913289115056,0.43022913289115033,0.43022913289114995,0.0,0.0,0.0,0.0,0.0,0.0,0.0,0.0,0.0
1479,0.14152506741508886,0.1415250674150887,0.14152506741508852,0.14152506741508852,0.1415250674150887,0.14152506741508886,0.4280833561389417,0.4280833561389415,0.4280833561389411,0.0,0.0,0.0,0.0,0.0,0.0,0.0,0.0,0.0
1480,0.14081920819659907,0.1408192081965989,0.14081920819659874,0.14081920819659874,0.1408192081965989,0.14081920819659907,0.42594828149293235,0.4259482814929321,0.42594828149293174,0.0,0.0,0.0,0.0,0.0,0.0,0.0,0.0,0.0
1481,0.14011686946564852,0.14011686946564836,0.1401168694656482,0.1401168694656482,0.14011686946564836,0.14011686946564852,0.42382385557614516,0.42382385557614494,0.42382385557614455,0.0,0.0,0.0,0.0,0.0,0.0,0.0,0.0,0.0
1482,0.1394180336637324,0.13941803366373223,0.13941803366373207,0.13941803366373207,0.13941803366373223,0.1394180336637324,0.42171002527782153,0.4217100252778213,0.4217100252778209,0.0,0.0,0.0,0.0,0.0,0.0,0.0,0.0,0.0
1483,0.13872268331991922,0.13872268331991905,0.13872268331991888,0.13872268331991888,0.13872268331991905,0.13872268331991922,0.41960673775209395,0.41960673775209373,0.41960673775209334,0.0,0.0,0.0,0.0,0.0,0.0,0.0,0.0,0.0
1484,0.13803080105041418,0.13803080105041401,0.13803080105041385,0.13803080105041385,0.13803080105041401,0.13803080105041418,0.4175139404166647,0.41751394041666445,0.41751394041666406,0.0,0.0,0.0,0.0,0.0,0.0,0.0,0.0,0.0
1485,0.1373423695581245,0.13734236955812434,0.13734236955812418,0.13734236955812418,0.13734236955812434,0.1373423695581245,0.41543158095149135,0.41543158095149113,0.41543158095149074,0.0,0.0,0.0,0.0,0.0,0.0,0.0,0.0,0.0
1486,0.13665737163222705,0.13665737163222688,0.13665737163222672,0.13665737163222672,0.13665737163222688,0.13665737163222705,0.4133596072974789,0.41335960729747867,0.4133596072974783,0.0,0.0,0.0,0.0,0.0,0.0,0.0,0.0,0.0
1487,0.13597579014773797,0.1359757901477378,0.13597579014773764,0.13597579014773764,0.1359757901477378,0.13597579014773797,0.41129796765517807,0.41129796765517784,0.41129796765517745,0.0,0.0,0.0,0.0,0.0,0.0,0.0,0.0,0.0
1488,0.13529760806508467,0.1352976080650845,0.13529760806508434,0.13529760806508434,0.1352976080650845,0.13529760806508467,0.40924661048349037,0.40924661048349015,0.40924661048348976,0.0,0.0,0.0,0.0,0.0,0.0,0.0,0.0,0.0
1489,0.13462280842967975,0.13462280842967958,0.1346228084296794,0.1346228084296794,0.13462280842967958,0.13462280842967975,0.40720548449837973,0.4072054844983795,0.4072054844983791,0.0,0.0,0.0,0.0,0.0,0.0,0.0,0.0,0.0
1490,0.13395137437149718,0.133951374371497,0.13395137437149685,0.13395137437149685,0.133951374371497,0.13395137437149718,0.4051745386715902,0.40517453867159,0.4051745386715896,0.0,0.0,0.0,0.0,0.0,0.0,0.0,0.0,0.0
1491,0.13328328910465054,0.13328328910465037,0.1332832891046502,0.1332832891046502,0.13328328910465037,0.13328328910465054,0.4031537222293703,0.40315372222937007,0.4031537222293697,0.0,0.0,0.0,0.0,0.0,0.0,0.0,0.0,0.0
1492,0.13261853592697337,0.1326185359269732,0.13261853592697304,0.13261853592697304,0.1326185359269732,0.13261853592697337,0.40114298465120374,0.4011429846512035,0.4011429846512031,0.0,0.0,0.0,0.0,0.0,0.0,0.0,0.0,0.0
1493,0.13195709821960158,0.13195709821960142,0.13195709821960125,0.13195709821960125,0.13195709821960142,0.13195709821960158,0.3991422756685463,0.3991422756685461,0.3991422756685457,0.0,0.0,0.0,0.0,0.0,0.0,0.0,0.0,0.0
1494,0.13129895944655806,0.1312989594465579,0.13129895944655773,0.13129895944655773,0.1312989594465579,0.13129895944655806,0.3971515452635693,0.3971515452635691,0.3971515452635687,0.0,0.0,0.0,0.0,0.0,0.0,0.0,0.0,0.0
1495,0.1306441031543392,0.13064410315433903,0.13064410315433886,0.13064410315433886,0.13064410315433903,0.1306441031543392,0.3951707436679089,0.39517074366790866,0.3951707436679083,0.0,0.0,0.0,0.0,0.0,0.0,0.0,0.0,0.0
1496,0.12999251297150358,0.1299925129715034,0.12999251297150324,0.12999251297150324,0.1299925129715034,0.12999251297150358,0.393199821361422,0.3931998213614218,0.3931998213614214,0.0,0.0,0.0,0.0,0.0,0.0,0.0,0.0,0.0
1497,0.1293441726082627,0.12934417260826253,0.12934417260826236,0.12934417260826236,0.12934417260826253,0.1293441726082627,0.3912387290709483,0.3912387290709481,0.3912387290709477,0.0,0.0,0.0,0.0,0.0,0.0,0.0,0.0,0.0
1498,0.12869906585607369,0.12869906585607352,0.12869906585607335,0.12869906585607335,0.12869906585607352,0.12869906585607369,0.38928741776907844,0.3892874177690782,0.3892874177690778,0.0,0.0,0.0,0.0,0.0,0.0,0.0,0.0,0.0
1499,0.12805717658723417,0.128057176587234,0.12805717658723384,0.12805717658723384,0.128057176587234,0.12805717658723417,0.3873458386729282,0.387345838672928,0.3873458386729276,0.0,0.0,0.0,0.0,0.0,0.0,0.0,0.0,0.0
1500,0.12741848875447898,0.1274184887544788,0.12741848875447864,0.12741848875447864,0.1274184887544788,0.12741848875447898,0.38541394324291905,0.38541394324291883,0.38541394324291844,0.0,0.0,0.0,0.0,0.0,0.0,0.0,0.0,0.0
1501,0.12678298639057903,0.12678298639057886,0.1267829863905787,0.1267829863905787,0.12678298639057886,0.12678298639057903,0.3834916831815646,0.3834916831815644,0.383491683181564,0.0,0.0,0.0,0.0,0.0,0.0,0.0,0.0,0.0
1502,0.12615065360794214,0.12615065360794198,0.1261506536079418,0.1261506536079418,0.12615065360794198,0.12615065360794214,0.3815790104322633,0.38157901043226305,0.38157901043226267,0.0,0.0,0.0,0.0,0.0,0.0,0.0,0.0,0.0
1503,0.1255214745982158,0.12552147459821564,0.12552147459821547,0.12552147459821547,0.12552147459821564,0.1255214745982158,0.3796758771780967,0.3796758771780965,0.3796758771780961,0.0,0.0,0.0,0.0,0.0,0.0,0.0,0.0,0.0
1504,0.12489543363189201,0.12489543363189184,0.12489543363189168,0.12489543363189168,0.12489543363189184,0.12489543363189201,0.37778223584063436,0.37778223584063414,0.37778223584063375,0.0,0.0,0.0,0.0,0.0,0.0,0.0,0.0,0.0
1505,0.12427251505791397,0.12427251505791381,0.12427251505791367,0.12427251505791367,0.12427251505791381,0.12427251505791397,0.3758980390787442,0.375898039078744,0.3758980390787436,0.0,0.0,0.0,0.0,0.0,0.0,0.0,0.0,0.0
1506,0.1236527033032849,0.12365270330328476,0.12365270330328464,0.12365270330328464,0.12365270330328476,0.1236527033032849,0.37402323978740903,0.3740232397874088,0.3740232397874084,0.0,0.0,0.0,0.0,0.0,0.0,0.0,0.0,0.0
1507,0.12303598287267868,0.12303598287267854,0.12303598287267842,0.12303598287267842,0.12303598287267854,0.12303598287267868,0.37215779109654895,0.37215779109654873,0.37215779109654834,0.0,0.0,0.0,0.0,0.0,0.0,0.0,0.0,0.0
1508,0.1224223383480524,0.12242233834805227,0.12242233834805215,0.12242233834805215,0.12242233834805227,0.1224223383480524,0.3703016463698495,0.3703016463698493,0.3703016463698489,0.0,0.0,0.0,0.0,0.0,0.0,0.0,0.0,0.0
1509,0.121811754388261,0.12181175438826088,0.12181175438826075,0.12181175438826075,0.12181175438826088,0.121811754388261,0.3684547592035959,0.36845475920359566,0.3684547592035953,0.0,0.0,0.0,0.0,0.0,0.0,0.0,0.0,0.0
1510,0.12120421572867368,0.12120421572867356,0.12120421572867343,0.12120421572867343,0.12120421572867356,0.12120421572867368,0.36661708342551275,0.3666170834255125,0.36661708342551214,0.0,0.0,0.0,0.0,0.0,0.0,0.0,0.0,0.0
1511,0.1205997071807923,0.12059970718079217,0.12059970718079205,0.12059970718079205,0.12059970718079217,0.1205997071807923,0.3647885730936099,0.3647885730936097,0.3647885730936093,0.0,0.0,0.0,0.0,0.0,0.0,0.0,0.0,0.0
1512,0.11999821363187167,0.11999821363187155,0.11999821363187142,0.11999821363187142,0.11999821363187155,0.11999821363187167,0.3629691824950338,0.36296918249503357,0.3629691824950332,0.0,0.0,0.0,0.0,0.0,0.0,0.0,0.0,0.0
1513,0.11939972004454176,0.11939972004454164,0.11939972004454151,0.11939972004454151,0.11939972004454164,0.11939972004454176,0.3611588661449247,0.3611588661449245,0.3611588661449241,0.0,0.0,0.0,0.0,0.0,0.0,0.0,0.0,0.0
1514,0.1188042114564317,0.11880421145643158,0.11880421145643145,0.11880421145643145,0.11880421145643158,0.1188042114564317,0.35935757878527963,0.3593575787852794,0.359357578785279,0.0,0.0,0.0,0.0,0.0,0.0,0.0,0.0,0.0
1515,0.11821167297979578,0.11821167297979565,0.11821167297979554,0.11821167297979554,0.11821167297979565,0.11821167297979578,0.35756527538382077,0.35756527538382055,0.35756527538382016,0.0,0.0,0.0,0.0,0.0,0.0,0.0,0.0,0.0
1516,0.11762208980114121,0.11762208980114108,0.11762208980114097,0.11762208980114097,0.11762208980114108,0.11762208980114121,0.35578191113286967,0.35578191113286944,0.35578191113286906,0.0,0.0,0.0,0.0,0.0,0.0,0.0,0.0,0.0
1517,0.11703544718085783,0.1170354471808577,0.1170354471808576,0.1170354471808576,0.1170354471808577,0.11703544718085783,0.3540074414482272,0.354007441448227,0.3540074414482266,0.0,0.0,0.0,0.0,0.0,0.0,0.0,0.0,0.0
1518,0.11645173045284957,0.11645173045284944,0.11645173045284933,0.11645173045284933,0.11645173045284944,0.11645173045284957,0.35224182196805887,0.35224182196805864,0.35224182196805826,0.0,0.0,0.0,0.0,0.0,0.0,0.0,0.0,0.0
1519,0.11587092502416783,0.11587092502416771,0.1158709250241676,0.1158709250241676,0.11587092502416771,0.11587092502416783,0.35048500855178566,0.35048500855178544,0.35048500855178505,0.0,0.0,0.0,0.0,0.0,0.0,0.0,0.0,0.0
1520,0.11529301637464665,0.11529301637464652,0.11529301637464641,0.11529301637464641,0.11529301637464652,0.11529301637464665,0.3487369572789807,0.3487369572789805,0.34873695727898013,0.0,0.0,0.0,0.0,0.0,0.0,0.0,0.0,0.0
1521,0.11471799005653968,0.11471799005653956,0.11471799005653945,0.11471799005653945,0.11471799005653956,0.11471799005653968,0.3469976244482711,0.3469976244482709,0.34699762444827054,0.0,0.0,0.0,0.0,0.0,0.0,0.0,0.0,0.0
1522,0.11414583169415903,0.1141458316941589,0.11414583169415879,0.11414583169415879,0.1141458316941589,0.11414583169415903,0.34526696657624556,0.3452669665762454,0.345266966576245,0.0,0.0,0.0,0.0,0.0,0.0,0.0,0.0,0.0
1523,0.11357652698351582,0.1135765269835157,0.11357652698351559,0.11357652698351559,0.1135765269835157,0.11357652698351582,0.34354494039636707,0.3435449403963669,0.3435449403963665,0.0,0.0,0.0,0.0,0.0,0.0,0.0,0.0,0.0
1524,0.11301006169196266,0.11301006169196254,0.11301006169196243,0.11301006169196243,0.11301006169196254,0.11301006169196266,0.3418315028578915,0.3418315028578913,0.34183150285789093,0.0,0.0,0.0,0.0,0.0,0.0,0.0,0.0,0.0
1525,0.11244642165783775,0.11244642165783762,0.11244642165783751,0.11244642165783751,0.11244642165783762,0.11244642165783775,0.3401266111247911,0.3401266111247909,0.34012661112479053,0.0,0.0,0.0,0.0,0.0,0.0,0.0,0.0,0.0
1526,0.11188559279011086,0.11188559279011075,0.11188559279011064,0.11188559279011064,0.11188559279011075,0.11188559279011086,0.33843022257468375,0.3384302225746836,0.3384302225746832,0.0,0.0,0.0,0.0,0.0,0.0,0.0,0.0,0.0
1527,0.1113275610680311,0.111327561068031,0.11132756106803089,0.11132756106803089,0.111327561068031,0.1113275610680311,0.33674229479776735,0.3367422947977672,0.3367422947977668,0.0,0.0,0.0,0.0,0.0,0.0,0.0,0.0,0.0
1528,0.11077231254077637,0.11077231254077627,0.11077231254077616,0.11077231254077616,0.11077231254077627,0.11077231254077637,0.3350627855957596,0.3350627855957594,0.335062785595759,0.0,0.0,0.0,0.0,0.0,0.0,0.0,0.0,0.0
1529,0.11021983332710454,0.11021983332710444,0.11021983332710433,0.11021983332710433,0.11021983332710444,0.11021983332710454,0.3333916529808429,0.3333916529808427,0.33339165298084233,0.0,0.0,0.0,0.0,0.0,0.0,0.0,0.0,0.0
1530,0.10967010961500652,0.10967010961500642,0.10967010961500631,0.10967010961500631,0.10967010961500642,0.10967010961500652,0.3317288551746149,0.33172885517461476,0.33172885517461437,0.0,0.0,0.0,0.0,0.0,0.0,0.0,0.0,0.0
1531,0.10912312766136087,0.10912312766136077,0.10912312766136066,0.10912312766136066,0.10912312766136077,0.10912312766136087,0.3300743506070439,0.3300743506070437,0.3300743506070433,0.0,0.0,0.0,0.0,0.0,0.0,0.0,0.0,0.0
1532,0.10857887379159024,0.10857887379159015,0.10857887379159004,0.10857887379159004,0.10857887379159015,0.10857887379159024,0.3284280979154294,0.3284280979154292,0.3284280979154288,0.0,0.0,0.0,0.0,0.0,0.0,0.0,0.0,0.0
1533,0.10803733439931956,0.10803733439931947,0.10803733439931935,0.10803733439931935,0.10803733439931947,0.10803733439931956,0.3267900559433684,0.32679005594336824,0.32679005594336785,0.0,0.0,0.0,0.0,0.0,0.0,0.0,0.0,0.0
1534,0.10749849594603582,0.10749849594603572,0.10749849594603561,0.10749849594603561,0.10749849594603572,0.10749849594603582,0.3251601837397263,0.32516018373972616,0.32516018373972577,0.0,0.0,0.0,0.0,0.0,0.0,0.0,0.0,0.0
1535,0.1069623449607496,0.10696234496074951,0.1069623449607494,0.1069623449607494,0.10696234496074951,0.1069623449607496,0.3235384405576132,0.32353844055761305,0.32353844055761266,0.0,0.0,0.0,0.0,0.0,0.0,0.0,0.0,0.0
1536,0.10642886803965837,0.10642886803965827,0.10642886803965818,0.10642886803965818,0.10642886803965827,0.10642886803965837,0.321924785853365,0.3219247858533648,0.3219247858533644,0.0,0.0,0.0,0.0,0.0,0.0,0.0,0.0,0.0
1537,0.1058980518458113,0.1058980518458112,0.10589805184581111,0.10589805184581111,0.1058980518458112,0.1058980518458113,0.32031917928553005,0.3203191792855299,0.3203191792855295,0.0,0.0,0.0,0.0,0.0,0.0,0.0,0.0,0.0
1538,0.10536988310877592,0.10536988310877582,0.10536988310877572,0.10536988310877572,0.10536988310877582,0.10536988310877592,0.31872158071386053,0.31872158071386036,0.31872158071386,0.0,0.0,0.0,0.0,0.0,0.0,0.0,0.0,0.0
1539,0.10484434862430626,0.10484434862430617,0.10484434862430607,0.10484434862430607,0.10484434862430617,0.10484434862430626,0.317131950198309,0.3171319501983088,0.3171319501983084,0.0,0.0,0.0,0.0,0.0,0.0,0.0,0.0,0.0
1540,0.10432143525401287,0.10432143525401277,0.10432143525401268,0.10432143525401268,0.10432143525401277,0.10432143525401287,0.31555024799802966,0.3155502479980295,0.3155502479980291,0.0,0.0,0.0,0.0,0.0,0.0,0.0,0.0,0.0
1541,0.10380112992503424,0.10380112992503414,0.10380112992503404,0.10380112992503404,0.10380112992503414,0.10380112992503424,0.3139764345703852,0.3139764345703851,0.3139764345703847,0.0,0.0,0.0,0.0,0.0,0.0,0.0,0.0,0.0
1542,0.10328341962971004,0.10328341962970994,0.10328341962970986,0.10328341962970986,0.10328341962970994,0.10328341962971004,0.312410470569958,0.3124104705699579,0.3124104705699575,0.0,0.0,0.0,0.0,0.0,0.0,0.0,0.0,0.0
1543,0.10276829142525594,0.10276829142525584,0.10276829142525576,0.10276829142525576,0.10276829142525584,0.10276829142525594,0.3108523168475664,0.3108523168475663,0.3108523168475659,0.0,0.0,0.0,0.0,0.0,0.0,0.0,0.0,0.0
1544,0.10225573243344,0.1022557324334399,0.10225573243343981,0.10225573243343981,0.1022557324334399,0.10225573243344,0.3093019344492863,0.30930193444928616,0.3093019344492858,0.0,0.0,0.0,0.0,0.0,0.0,0.0,0.0,0.0
1545,0.1017457298402607,0.1017457298402606,0.10174572984026052,0.10174572984026052,0.1017457298402606,0.1017457298402607,0.30775928461547686,0.30775928461547675,0.30775928461547636,0.0,0.0,0.0,0.0,0.0,0.0,0.0,0.0,0.0
1546,0.10123827089562668,0.10123827089562658,0.1012382708956265,0.1012382708956265,0.10123827089562658,0.10123827089562668,0.306224328779812,0.30622432877981187,0.3062243287798115,0.0,0.0,0.0,0.0,0.0,0.0,0.0,0.0,0.0
1547,0.10073334291303787,0.10073334291303777,0.10073334291303769,0.10073334291303769,0.10073334291303777,0.10073334291303787,0.30469702856831576,0.30469702856831565,0.30469702856831526,0.0,0.0,0.0,0.0,0.0,0.0,0.0,0.0,0.0
1548,0.10023093326926842,0.10023093326926832,0.10023093326926825,0.10023093326926825,0.10023093326926832,0.10023093326926842,0.30317734579840344,0.30317734579840333,0.30317734579840294,0.0,0.0,0.0,0.0,0.0,0.0,0.0,0.0,0.0
1549,0.09973102940405107,0.09973102940405097,0.0997310294040509,0.0997310294040509,0.09973102940405097,0.09973102940405107,0.30166524247792653,0.3016652424779264,0.30166524247792603,0.0,0.0,0.0,0.0,0.0,0.0,0.0,0.0,0.0
1550,0.09923361881976316,0.09923361881976306,0.09923361881976299,0.09923361881976299,0.09923361881976306,0.09923361881976316,0.30016068080422337,0.30016068080422326,0.30016068080422287,0.0,0.0,0.0,0.0,0.0,0.0,0.0,0.0,0.0
1551,0.09873868908111416,0.09873868908111406,0.098738689081114,0.098738689081114,0.09873868908111406,0.09873868908111416,0.2986636231631737,0.2986636231631736,0.2986636231631732,0.0,0.0,0.0,0.0,0.0,0.0,0.0,0.0,0.0
1552,0.09824622781483483,0.09824622781483473,0.09824622781483466,0.09824622781483466,0.09824622781483473,0.09824622781483483,0.2971740321282585,0.2971740321282584,0.297174032128258,0.0,0.0,0.0,0.0,0.0,0.0,0.0,0.0,0.0
1553,0.09775622270936787,0.09775622270936778,0.09775622270936771,0.09775622270936771,0.09775622270936778,0.09775622270936787,0.2956918704596243,0.2956918704596242,0.2956918704596238,0.0,0.0,0.0,0.0,0.0,0.0,0.0,0.0,0.0
1554,0.09726866151456012,0.09726866151456003,0.09726866151455996,0.09726866151455996,0.09726866151456003,0.09726866151456012,0.29421710110315225,0.29421710110315213,0.29421710110315175,0.0,0.0,0.0,0.0,0.0,0.0,0.0,0.0,0.0
1555,0.09678353204135631,0.09678353204135622,0.09678353204135615,0.09678353204135615,0.09678353204135622,0.09678353204135631,0.2927496871895316,0.2927496871895315,0.2927496871895311,0.0,0.0,0.0,0.0,0.0,0.0,0.0,0.0,0.0
1556,0.09630082216149435,0.09630082216149426,0.09630082216149419,0.09630082216149419,0.09630082216149426,0.09630082216149435,0.29128959203333804,0.29128959203333793,0.29128959203333754,0.0,0.0,0.0,0.0,0.0,0.0,0.0,0.0,0.0
1557,0.0958205198072021,0.095820519807202,0.09582051980720194,0.09582051980720194,0.095820519807202,0.0958205198072021,0.2898367791321167,0.2898367791321166,0.2898367791321162,0.0,0.0,0.0,0.0,0.0,0.0,0.0,0.0,0.0
1558,0.09534261297089569,0.0953426129708956,0.09534261297089552,0.09534261297089552,0.0953426129708956,0.09534261297089569,0.2883912121654693,0.2883912121654692,0.2883912121654688,0.0,0.0,0.0,0.0,0.0,0.0,0.0,0.0,0.0
1559,0.09486708970487931,0.09486708970487921,0.09486708970487914,0.09486708970487914,0.09486708970487921,0.09486708970487931,0.28695285499414647,0.28695285499414636,0.28695285499414597,0.0,0.0,0.0,0.0,0.0,0.0,0.0,0.0,0.0
1560,0.09439393812104654,0.09439393812104646,0.09439393812104639,0.09439393812104639,0.09439393812104646,0.09439393812104654,0.28552167165914394,0.2855216716591438,0.28552167165914344,0.0,0.0,0.0,0.0,0.0,0.0,0.0,0.0,0.0
1561,0.09392314639058316,0.09392314639058308,0.09392314639058301,0.09392314639058301,0.09392314639058308,0.09392314639058316,0.2840976263808038,0.2840976263808037,0.2840976263808033,0.0,0.0,0.0,0.0,0.0,0.0,0.0,0.0,0.0
1562,0.09345470274367139,0.0934547027436713,0.09345470274367124,0.09345470274367124,0.0934547027436713,0.09345470274367139,0.28268068355792,0.28268068355791987,0.28268068355791953,0.0,0.0,0.0,0.0,0.0,0.0,0.0,0.0,0.0
1563,0.09298859546919563,0.09298859546919555,0.09298859546919548,0.09298859546919548,0.09298859546919555,0.09298859546919563,0.28127080776684804,0.28127080776684793,0.2812708077668476,0.0,0.0,0.0,0.0,0.0,0.0,0.0,0.0,0.0
1564,0.09252481291444978,0.0925248129144497,0.09252481291444963,0.09252481291444963,0.0925248129144497,0.09252481291444978,0.27986796376061984,0.27986796376061973,0.2798679637606194,0.0,0.0,0.0,0.0,0.0,0.0,0.0,0.0,0.0
1565,0.09206334348484578,0.0920633434848457,0.09206334348484563,0.09206334348484563,0.0920633434848457,0.09206334348484578,0.27847211646806214,0.278472116468062,0.2784721164680617,0.0,0.0,0.0,0.0,0.0,0.0,0.0,0.0,0.0
1566,0.09160417564362387,0.09160417564362379,0.09160417564362372,0.09160417564362372,0.09160417564362379,0.09160417564362387,0.27708323099291987,0.27708323099291976,0.2770832309929194,0.0,0.0,0.0,0.0,0.0,0.0,0.0,0.0,0.0
1567,0.09114729791156412,0.09114729791156403,0.09114729791156397,0.09114729791156397,0.09114729791156403,0.09114729791156412,0.2757012726129839,0.27570127261298377,0.27570127261298344,0.0,0.0,0.0,0.0,0.0,0.0,0.0,0.0,0.0
1568,0.09069269886669941,0.09069269886669933,0.09069269886669926,0.09069269886669926,0.09069269886669933,0.09069269886669941,0.27432620677922265,0.27432620677922254,0.2743262067792222,0.0,0.0,0.0,0.0,0.0,0.0,0.0,0.0,0.0
1569,0.09024036714402994,0.09024036714402986,0.0902403671440298,0.0902403671440298,0.09024036714402986,0.09024036714402994,0.27295799911491875,0.27295799911491864,0.2729579991149183,0.0,0.0,0.0,0.0,0.0,0.0,0.0,0.0,0.0
1570,0.0897902914352391,0.08979029143523902,0.08979029143523896,0.08979029143523896,0.08979029143523902,0.0897902914352391,0.2715966154148093,0.2715966154148092,0.27159661541480884,0.0,0.0,0.0,0.0,0.0,0.0,0.0,0.0,0.0
1571,0.08934246048841073,0.08934246048841064,0.08934246048841059,0.08934246048841059,0.08934246048841064,0.08934246048841073,0.2702420216442309,0.2702420216442308,0.27024202164423045,0.0,0.0,0.0,0.0,0.0,0.0,0.0,0.0,0.0
1572,0.08889686310774782,0.08889686310774773,0.08889686310774768,0.08889686310774768,0.08889686310774773,0.08889686310774782,0.2688941839382687,0.2688941839382686,0.26889418393826825,0.0,0.0,0.0,0.0,0.0,0.0,0.0,0.0,0.0
1573,0.08845348815329265,0.08845348815329257,0.08845348815329251,0.08845348815329251,0.08845348815329257,0.08845348815329265,0.2675530686009099,0.26755306860090977,0.26755306860090944,0.0,0.0,0.0,0.0,0.0,0.0,0.0,0.0,0.0
1574,0.08801232454064828,0.0880123245406482,0.08801232454064814,0.08801232454064814,0.0880123245406482,0.08801232454064828,0.26621864210420115,0.26621864210420104,0.2662186421042007,0.0,0.0,0.0,0.0,0.0,0.0,0.0,0.0,0.0
1575,0.0875733612407014,0.08757336124070132,0.08757336124070127,0.08757336124070127,0.08757336124070132,0.0875733612407014,0.2648908710874106,0.2648908710874105,0.26489087108741016,0.0,0.0,0.0,0.0,0.0,0.0,0.0,0.0,0.0
1576,0.08713658727934666,0.08713658727934658,0.08713658727934652,0.08713658727934652,0.08713658727934658,0.08713658727934666,0.26356972235619364,0.2635697223561935,0.2635697223561932,0.0,0.0,0.0,0.0,0.0,0.0,0.0,0.0,0.0
1577,0.08670199173721227,0.08670199173721219,0.08670199173721213,0.08670199173721213,0.08670199173721219,0.08670199173721227,0.2622551628817632,0.2622551628817631,0.26225516288176276,0.0,0.0,0.0,0.0,0.0,0.0,0.0,0.0,0.0
1578,0.08626956374938703,0.08626956374938695,0.0862695637493869,0.0862695637493869,0.08626956374938695,0.08626956374938703,0.26094715980006394,0.26094715980006383,0.2609471598000635,0.0,0.0,0.0,0.0,0.0,0.0,0.0,0.0,0.0
1579,0.08583929250514874,0.08583929250514866,0.0858392925051486,0.0858392925051486,0.08583929250514866,0.08583929250514874,0.25964568041095065,0.25964568041095054,0.2596456804109502,0.0,0.0,0.0,0.0,0.0,0.0,0.0,0.0,0.0
1580,0.08541116724769388,0.08541116724769379,0.08541116724769375,0.08541116724769375,0.08541116724769379,0.08541116724769388,0.2583506921773709,0.2583506921773708,0.25835069217737044,0.0,0.0,0.0,0.0,0.0,0.0,0.0,0.0,0.0
1581,0.08498517727386871,0.08498517727386863,0.08498517727386859,0.08498517727386859,0.08498517727386863,0.08498517727386871,0.25706216272455135,0.25706216272455124,0.2570621627245509,0.0,0.0,0.0,0.0,0.0,0.0,0.0,0.0,0.0
1582,0.0845613119339017,0.08456131193390162,0.0845613119339016,0.0845613119339016,0.08456131193390162,0.0845613119339017,0.25578005983918856,0.25578005983918845,0.2557800598391881,0.0,0.0,0.0,0.0,0.0,0.0,0.0,0.0,0.0
1583,0.0841395606311373,0.08413956063113721,0.08413956063113719,0.08413956063113719,0.08413956063113721,0.0841395606311373,0.25450435146864364,0.25450435146864353,0.2545043514686432,0.0,0.0,0.0,0.0,0.0,0.0,0.0,0.0,0.0
1584,0.08371991282177094,0.08371991282177085,0.08371991282177083,0.08371991282177083,0.08371991282177085,0.08371991282177094,0.2532350057201409,0.2532350057201408,0.25323500572014046,0.0,0.0,0.0,0.0,0.0,0.0,0.0,0.0,0.0
1585,0.08330235801458553,0.08330235801458545,0.08330235801458542,0.08330235801458542,0.08330235801458545,0.08330235801458553,0.25197199085997046,0.25197199085997035,0.2519719908599701,0.0,0.0,0.0,0.0,0.0,0.0,0.0,0.0,0.0
1586,0.08288688577068916,0.08288688577068908,0.08288688577068905,0.08288688577068905,0.08288688577068908,0.08288688577068916,0.2507152753126951,0.250715275312695,0.2507152753126947,0.0,0.0,0.0,0.0,0.0,0.0,0.0,0.0,0.0
1587,0.08247348570325408,0.082473485703254,0.08247348570325397,0.08247348570325397,0.082473485703254,0.08247348570325408,0.24946482766036066,0.24946482766036054,0.24946482766036027,0.0,0.0,0.0,0.0,0.0,0.0,0.0,0.0,0.0
1588,0.08206214747725708,0.082062147477257,0.08206214747725697,0.08206214747725697,0.082062147477257,0.08206214747725708,0.2482206166417107,0.24822061664171058,0.2482206166417103,0.0,0.0,0.0,0.0,0.0,0.0,0.0,0.0,0.0
1589,0.08165286080922109,0.081652860809221,0.08165286080922098,0.08165286080922098,0.081652860809221,0.08165286080922109,0.24698261115140493,0.24698261115140482,0.24698261115140455,0.0,0.0,0.0,0.0,0.0,0.0,0.0,0.0,0.0
1590,0.08124561546695808,0.081245615466958,0.08124561546695797,0.08124561546695797,0.081245615466958,0.08124561546695808,0.24575078023924166,0.24575078023924155,0.2457507802392413,0.0,0.0,0.0,0.0,0.0,0.0,0.0,0.0,0.0
1591,0.08084040126931329,0.0808404012693132,0.08084040126931318,0.08084040126931318,0.0808404012693132,0.08084040126931329,0.2445250931093839,0.24452509310938378,0.24452509310938353,0.0,0.0,0.0,0.0,0.0,0.0,0.0,0.0,0.0
1592,0.08043720808591068,0.0804372080859106,0.08043720808591057,0.08043720808591057,0.0804372080859106,0.08043720808591068,0.24330551911958956,0.24330551911958945,0.2433055191195892,0.0,0.0,0.0,0.0,0.0,0.0,0.0,0.0,0.0
1593,0.08003602583689966,0.08003602583689957,0.08003602583689955,0.08003602583689955,0.08003602583689957,0.08003602583689966,0.24209202778044536,0.24209202778044528,0.24209202778044503,0.0,0.0,0.0,0.0,0.0,0.0,0.0,0.0,0.0
1594,0.0796368444927031,0.07963684449270302,0.07963684449270299,0.07963684449270299,0.07963684449270302,0.0796368444927031,0.24088458875460467,0.24088458875460458,0.24088458875460433,0.0,0.0,0.0,0.0,0.0,0.0,0.0,0.0,0.0
1595,0.07923965407376662,0.07923965407376654,0.07923965407376651,0.07923965407376651,0.07923965407376654,0.07923965407376662,0.23968317185602891,0.23968317185602883,0.23968317185602858,0.0,0.0,0.0,0.0,0.0,0.0,0.0,0.0,0.0
1596,0.07884444465030906,0.07884444465030897,0.07884444465030895,0.07884444465030895,0.07884444465030897,0.07884444465030906,0.23848774704923306,0.23848774704923298,0.23848774704923273,0.0,0.0,0.0,0.0,0.0,0.0,0.0,0.0,0.0
1597,0.07845120634207424,0.07845120634207416,0.07845120634207413,0.07845120634207413,0.07845120634207416,0.07845120634207424,0.2372982844485347,0.23729828444853462,0.23729828444853437,0.0,0.0,0.0,0.0,0.0,0.0,0.0,0.0,0.0
1598,0.07805992931808398,0.07805992931808389,0.07805992931808386,0.07805992931808386,0.07805992931808389,0.07805992931808398,0.23611475431730686,0.23611475431730677,0.23611475431730652,0.0,0.0,0.0,0.0,0.0,0.0,0.0,0.0,0.0
1599,0.07767060379639229,0.0776706037963922,0.07767060379639218,0.07767060379639218,0.0776706037963922,0.07767060379639229,0.23493712706723457,0.2349371270672345,0.23493712706723427,0.0,0.0,0.0,0.0,0.0,0.0,0.0,0.0,0.0
1600,0.07728322004384086,0.07728322004384078,0.07728322004384075,0.07728322004384075,0.07728322004384078,0.07728322004384086,0.2337653732575753,0.2337653732575752,0.233765373257575,0.0,0.0,0.0,0.0,0.0,0.0,0.0,0.0,0.0
1601,0.07689776837581569,0.0768977683758156,0.07689776837581558,0.07689776837581558,0.0768977683758156,0.07689776837581569,0.23259946359442274,0.23259946359442266,0.23259946359442246,0.0,0.0,0.0,0.0,0.0,0.0,0.0,0.0,0.0
1602,0.07651423915600501,0.07651423915600493,0.0765142391560049,0.0765142391560049,0.07651423915600493,0.07651423915600501,0.23143936892997463,0.23143936892997455,0.23143936892997435,0.0,0.0,0.0,0.0,0.0,0.0,0.0,0.0,0.0
1603,0.07613262279615836,0.07613262279615828,0.07613262279615825,0.07613262279615825,0.07613262279615828,0.07613262279615836,0.2302850602618039,0.23028506026180381,0.23028506026180362,0.0,0.0,0.0,0.0,0.0,0.0,0.0,0.0,0.0
1604,0.07575290975584685,0.07575290975584677,0.07575290975584674,0.07575290975584674,0.07575290975584677,0.07575290975584685,0.22913650873213373,0.22913650873213368,0.22913650873213348,0.0,0.0,0.0,0.0,0.0,0.0,0.0,0.0,0.0
1605,0.0753750905422247,0.07537509054222462,0.07537509054222459,0.07537509054222459,0.07537509054222462,0.0753750905422247,0.22799368562711608,0.22799368562711603,0.22799368562711583,0.0,0.0,0.0,0.0,0.0,0.0,0.0,0.0,0.0
1606,0.0749991557097919,0.07499915570979182,0.07499915570979179,0.07499915570979179,0.07499915570979182,0.0749991557097919,0.2268565623761138,0.22685656237611374,0.22685656237611354,0.0,0.0,0.0,0.0,0.0,0.0,0.0,0.0,0.0
1607,0.07462509586015806,0.07462509586015798,0.07462509586015795,0.07462509586015795,0.07462509586015798,0.07462509586015806,0.22572511055098637,0.22572511055098632,0.22572511055098612,0.0,0.0,0.0,0.0,0.0,0.0,0.0,0.0,0.0
1608,0.07425290164180744,0.07425290164180737,0.07425290164180734,0.07425290164180734,0.07425290164180737,0.07425290164180744,0.22459930186537924,0.2245993018653792,0.224599301865379,0.0,0.0,0.0,0.0,0.0,0.0,0.0,0.0,0.0
1609,0.07388256374986521,0.07388256374986514,0.07388256374986511,0.07388256374986511,0.07388256374986514,0.07388256374986521,0.22347910817401664,0.2234791081740166,0.2234791081740164,0.0,0.0,0.0,0.0,0.0,0.0,0.0,0.0,0.0
1610,0.07351407292586479,0.07351407292586472,0.07351407292586469,0.07351407292586469,0.07351407292586472,0.07351407292586479,0.22236450147199793,0.22236450147199788,0.22236450147199768,0.0,0.0,0.0,0.0,0.0,0.0,0.0,0.0,0.0
1611,0.07314741995751636,0.0731474199575163,0.07314741995751627,0.07314741995751627,0.0731474199575163,0.07314741995751636,0.2212554538940975,0.22125545389409745,0.22125545389409726,0.0,0.0,0.0,0.0,0.0,0.0,0.0,0.0,0.0
1612,0.07278259567847664,0.07278259567847657,0.07278259567847654,0.07278259567847654,0.07278259567847657,0.07278259567847664,0.22015193771406819,0.22015193771406813,0.22015193771406794,0.0,0.0,0.0,0.0,0.0,0.0,0.0,0.0,0.0
1613,0.07241959096811965,0.07241959096811958,0.07241959096811955,0.07241959096811955,0.07241959096811958,0.07241959096811965,0.21905392534394796,0.2190539253439479,0.21905392534394771,0.0,0.0,0.0,0.0,0.0,0.0,0.0,0.0,0.0
1614,0.07205839675130872,0.07205839675130865,0.07205839675130862,0.07205839675130862,0.07205839675130865,0.07205839675130872,0.21796138933337042,0.21796138933337036,0.21796138933337017,0.0,0.0,0.0,0.0,0.0,0.0,0.0,0.0,0.0
1615,0.07169900399816961,0.07169900399816954,0.07169900399816952,0.07169900399816952,0.07169900399816954,0.07169900399816961,0.21687430236887836,0.2168743023688783,0.2168743023688781,0.0,0.0,0.0,0.0,0.0,0.0,0.0,0.0,0.0
1616,0.07134140372386479,0.07134140372386472,0.07134140372386469,0.07134140372386469,0.07134140372386472,0.07134140372386479,0.21579263727324108,0.21579263727324102,0.21579263727324083,0.0,0.0,0.0,0.0,0.0,0.0,0.0,0.0,0.0
1617,0.07098558698836877,0.0709855869883687,0.07098558698836867,0.07098558698836867,0.0709855869883687,0.07098558698836877,0.21471636700477484,0.21471636700477478,0.2147163670047746,0.0,0.0,0.0,0.0,0.0,0.0,0.0,0.0,0.0
1618,0.07063154489624461,0.07063154489624454,0.07063154489624451,0.07063154489624451,0.07063154489624454,0.07063154489624461,0.21364546465666687,0.2136454646566668,0.21364546465666662,0.0,0.0,0.0,0.0,0.0,0.0,0.0,0.0,0.0
1619,0.0702792685964216,0.07027926859642153,0.0702792685964215,0.0702792685964215,0.07027926859642153,0.0702792685964216,0.21257990345630268,0.21257990345630262,0.21257990345630243,0.0,0.0,0.0,0.0,0.0,0.0,0.0,0.0,0.0
1620,0.06992874928197387,0.0699287492819738,0.06992874928197378,0.06992874928197378,0.0699287492819738,0.06992874928197387,0.21151965676459678,0.21151965676459672,0.21151965676459653,0.0,0.0,0.0,0.0,0.0,0.0,0.0,0.0,0.0
1621,0.06957997818990033,0.06957997818990026,0.06957997818990024,0.06957997818990024,0.06957997818990026,0.06957997818990033,0.21046469807532667,0.2104646980753266,0.21046469807532642,0.0,0.0,0.0,0.0,0.0,0.0,0.0,0.0,0.0
1622,0.0692329466009055,0.06923294660090543,0.0692329466009054,0.0692329466009054,0.06923294660090543,0.0692329466009055,0.20941500101447014,0.20941500101447008,0.2094150010144699,0.0,0.0,0.0,0.0,0.0,0.0,0.0,0.0,0.0
1623,0.06888764583918157,0.0688876458391815,0.06888764583918147,0.06888764583918147,0.0688876458391815,0.06888764583918157,0.20837053933954602,0.20837053933954597,0.20837053933954577,0.0,0.0,0.0,0.0,0.0,0.0,0.0,0.0,0.0
1624,0.06854406727219152,0.06854406727219145,0.06854406727219142,0.06854406727219142,0.06854406727219145,0.06854406727219152,0.20733128693895803,0.20733128693895797,0.20733128693895778,0.0,0.0,0.0,0.0,0.0,0.0,0.0,0.0,0.0
1625,0.06820220231045328,0.06820220231045321,0.06820220231045318,0.06820220231045318,0.06820220231045321,0.06820220231045328,0.20629721783134203,0.20629721783134197,0.20629721783134178,0.0,0.0,0.0,0.0,0.0,0.0,0.0,0.0,0.0
1626,0.067862042407325,0.06786204240732494,0.06786204240732491,0.06786204240732491,0.06786204240732494,0.067862042407325,0.20526830616491645,0.2052683061649164,0.2052683061649162,0.0,0.0,0.0,0.0,0.0,0.0,0.0,0.0,0.0
1627,0.0675235790587914,0.06752357905879133,0.0675235790587913,0.0675235790587913,0.06752357905879133,0.0675235790587914,0.2042445262168361,0.20424452621683603,0.20424452621683584,0.0,0.0,0.0,0.0,0.0,0.0,0.0,0.0,0.0
1628,0.06718680380325112,0.06718680380325105,0.06718680380325102,0.06718680380325102,0.06718680380325105,0.06718680380325112,0.20322585239254887,0.2032258523925488,0.20322585239254862,0.0,0.0,0.0,0.0,0.0,0.0,0.0,0.0,0.0
1629,0.06685170822130523,0.06685170822130516,0.06685170822130514,0.06685170822130514,0.06685170822130516,0.06685170822130523,0.20221225922515615,0.2022122592251561,0.2022122592251559,0.0,0.0,0.0,0.0,0.0,0.0,0.0,0.0,0.0
1630,0.06651828393554675,0.06651828393554668,0.06651828393554665,0.06651828393554665,0.06651828393554668,0.06651828393554675,0.20120372137477596,0.2012037213747759,0.2012037213747757,0.0,0.0,0.0,0.0,0.0,0.0,0.0,0.0,0.0
1631,0.06618652261035114,0.06618652261035107,0.06618652261035105,0.06618652261035105,0.06618652261035107,0.06618652261035114,0.20020021362790952,0.20020021362790946,0.20020021362790927,0.0,0.0,0.0,0.0,0.0,0.0,0.0,0.0,0.0
1632,0.06585641595166801,0.06585641595166794,0.06585641595166791,0.06585641595166791,0.06585641595166794,0.06585641595166801,0.19920171089681088,0.19920171089681082,0.19920171089681063,0.0,0.0,0.0,0.0,0.0,0.0,0.0,0.0,0.0
1633,0.0655279557068137,0.06552795570681363,0.0655279557068136,0.0655279557068136,0.06552795570681363,0.0655279557068137,0.19820818821885974,0.1982081882188597,0.1982081882188595,0.0,0.0,0.0,0.0,0.0,0.0,0.0,0.0,0.0
1634,0.06520113366426498,0.06520113366426492,0.06520113366426489,0.06520113366426489,0.06520113366426492,0.06520113366426498,0.19721962075593744,0.19721962075593738,0.19721962075593719,0.0,0.0,0.0,0.0,0.0,0.0,0.0,0.0,0.0
1635,0.06487594165345376,0.06487594165345369,0.06487594165345366,0.06487594165345366,0.06487594165345369,0.06487594165345376,0.19623598379380588,0.19623598379380583,0.19623598379380564,0.0,0.0,0.0,0.0,0.0,0.0,0.0,0.0,0.0
1636,0.06455237154456282,0.06455237154456275,0.06455237154456273,0.06455237154456273,0.06455237154456275,0.06455237154456282,0.19525725274148983,0.19525725274148978,0.19525725274148958,0.0,0.0,0.0,0.0,0.0,0.0,0.0,0.0,0.0
1637,0.06423041524832261,0.06423041524832254,0.06423041524832251,0.06423041524832251,0.06423041524832254,0.06423041524832261,0.19428340313066197,0.19428340313066192,0.19428340313066172,0.0,0.0,0.0,0.0,0.0,0.0,0.0,0.0,0.0
1638,0.06391006471580894,0.06391006471580887,0.06391006471580885,0.06391006471580885,0.06391006471580887,0.06391006471580894,0.1933144106150313,0.19331441061503124,0.19331441061503107,0.0,0.0,0.0,0.0,0.0,0.0,0.0,0.0,0.0
1639,0.06359131193824183,0.06359131193824176,0.06359131193824173,0.06359131193824173,0.06359131193824176,0.06359131193824183,0.19235025096973446,0.1923502509697344,0.19235025096973427,0.0,0.0,0.0,0.0,0.0,0.0,0.0,0.0,0.0
1640,0.06327414894678522,0.06327414894678515,0.06327414894678512,0.06327414894678512,0.06327414894678515,0.06327414894678522,0.19139090009073012,0.19139090009073007,0.19139090009072993,0.0,0.0,0.0,0.0,0.0,0.0,0.0,0.0,0.0
1641,0.06295856781234781,0.06295856781234774,0.06295856781234771,0.06295856781234771,0.06295856781234774,0.06295856781234781,0.19043633399419635,0.1904363339941963,0.19043633399419616,0.0,0.0,0.0,0.0,0.0,0.0,0.0,0.0,0.0
1642,0.0626445606453848,0.06264456064538473,0.0626445606453847,0.0626445606453847,0.06264456064538473,0.0626445606453848,0.189486528815931,0.18948652881593095,0.1894865288159308,0.0,0.0,0.0,0.0,0.0,0.0,0.0,0.0,0.0
1643,0.062332119595700675,0.062332119595700605,0.06233211959570058,0.06233211959570058,0.062332119595700605,0.062332119595700675,0.18854146081075515,0.1885414608107551,0.18854146081075496,0.0,0.0,0.0,0.0,0.0,0.0,0.0,0.0,0.0
1644,0.0620212368522529,0.06202123685225283,0.062021236852252803,0.062021236852252803,0.06202123685225283,0.0620212368522529,0.18760110635191943,0.18760110635191937,0.18760110635191923,0.0,0.0,0.0,0.0,0.0,0.0,0.0,0.0,0.0
1645,0.061711904642956714,0.061711904642956644,0.061711904642956616,0.061711904642956616,0.061711904642956644,0.061711904642956714,0.1866654419305134,0.18666544193051335,0.1866654419305132,0.0,0.0,0.0,0.0,0.0,0.0,0.0,0.0,0.0
1646,0.06140411523449076,0.06140411523449069,0.061404115234490665,0.061404115234490665,0.06140411523449069,0.06140411523449076,0.18573444415487783,0.18573444415487778,0.18573444415487764,0.0,0.0,0.0,0.0,0.0,0.0,0.0,0.0,0.0
1647,0.0610978609321038,0.06109786093210374,0.06109786093210371,0.06109786093210371,0.06109786093210374,0.0610978609321038,0.1848080897500198,0.18480808975001975,0.1848080897500196,0.0,0.0,0.0,0.0,0.0,0.0,0.0,0.0,0.0
1648,0.06079313407942233,0.060793134079422266,0.06079313407942224,0.06079313407942224,0.060793134079422266,0.06079313407942233,0.18388635555703095,0.1838863555570309,0.18388635555703076,0.0,0.0,0.0,0.0,0.0,0.0,0.0,0.0,0.0
1649,0.06048992705825915,0.06048992705825909,0.06048992705825906,0.06048992705825906,0.06048992705825909,0.06048992705825915,0.18296921853250844,0.1829692185325084,0.18296921853250825,0.0,0.0,0.0,0.0,0.0,0.0,0.0,0.0,0.0
1650,0.06018823228842296,0.0601882322884229,0.06018823228842287,0.06018823228842287,0.0601882322884229,0.06018823228842296,0.1820566557479789,0.18205665574797886,0.18205665574797872,0.0,0.0,0.0,0.0,0.0,0.0,0.0,0.0,0.0
1651,0.05988804222752878,0.05988804222752872,0.05988804222752869,0.05988804222752869,0.05988804222752872,0.05988804222752878,0.1811486443893252,0.18114864438932515,0.18114864438932501,0.0,0.0,0.0,0.0,0.0,0.0,0.0,0.0,0.0
1652,0.059589349370809466,0.059589349370809404,0.059589349370809376,0.059589349370809376,0.059589349370809404,0.059589349370809466,0.18024516175621605,0.180245161756216,0.18024516175621585,0.0,0.0,0.0,0.0,0.0,0.0,0.0,0.0,0.0
1653,0.05929214625092803,0.05929214625092797,0.05929214625092794,0.05929214625092794,0.05929214625092797,0.05929214625092803,0.1793461852615386,0.17934618526153853,0.1793461852615384,0.0,0.0,0.0,0.0,0.0,0.0,0.0,0.0,0.0
1654,0.058996425437791,0.05899642543779094,0.05899642543779091,0.05899642543779091,0.05899642543779094,0.058996425437791,0.17845169243083361,0.17845169243083356,0.17845169243083342,0.0,0.0,0.0,0.0,0.0,0.0,0.0,0.0,0.0
1655,0.05870217953836265,0.05870217953836259,0.05870217953836256,0.05870217953836256,0.05870217953836259,0.05870217953836265,0.17756166090173378,0.17756166090173373,0.1775616609017336,0.0,0.0,0.0,0.0,0.0,0.0,0.0,0.0,0.0
1656,0.05840940119648017,0.05840940119648011,0.05840940119648008,0.05840940119648008,0.05840940119648011,0.05840940119648017,0.1766760684234045,0.17667606842340444,0.1766760684234043,0.0,0.0,0.0,0.0,0.0,0.0,0.0,0.0,0.0
1657,0.05811808309266976,0.0581180830926697,0.05811808309266967,0.05811808309266967,0.0581180830926697,0.05811808309266976,0.17579489285598768,0.17579489285598762,0.17579489285598748,0.0,0.0,0.0,0.0,0.0,0.0,0.0,0.0,0.0
1658,0.05782821794396365,0.05782821794396359,0.05782821794396356,0.05782821794396356,0.05782821794396359,0.05782821794396365,0.17491811217004827,0.1749181121700482,0.17491811217004807,0.0,0.0,0.0,0.0,0.0,0.0,0.0,0.0,0.0
1659,0.05753979850371803,0.057539798503717966,0.05753979850371794,0.05753979850371794,0.057539798503717966,0.05753979850371803,0.17404570444602344,0.17404570444602338,0.17404570444602324,0.0,0.0,0.0,0.0,0.0,0.0,0.0,0.0,0.0
1660,0.05725281756143187,0.05725281756143181,0.05725281756143178,0.05725281756143178,0.05725281756143181,0.05725281756143187,0.17317764787367462,0.17317764787367457,0.17317764787367443,0.0,0.0,0.0,0.0,0.0,0.0,0.0,0.0,0.0
1661,0.056967267942566666,0.0569672679425666,0.056967267942566575,0.056967267942566575,0.0569672679425666,0.056967267942566666,0.17231392075154234,0.17231392075154228,0.17231392075154214,0.0,0.0,0.0,0.0,0.0,0.0,0.0,0.0,0.0
1662,0.05668314250836707,0.056683142508367014,0.056683142508366986,0.056683142508366986,0.056683142508367014,0.05668314250836707,0.17145450148640354,0.17145450148640348,0.17145450148640334,0.0,0.0,0.0,0.0,0.0,0.0,0.0,0.0,0.0
1663,0.05640043415568244,0.05640043415568238,0.056400434155682355,0.056400434155682355,0.05640043415568238,0.05640043415568244,0.1705993685927318,0.17059936859273175,0.17059936859273162,0.0,0.0,0.0,0.0,0.0,0.0,0.0,0.0,0.0
1664,0.05611913581678922,0.056119135816789165,0.05611913581678914,0.05611913581678914,0.056119135816789165,0.05611913581678922,0.1697485006921603,0.16974850069216024,0.1697485006921601,0.0,0.0,0.0,0.0,0.0,0.0,0.0,0.0,0.0
1665,0.0558392404592143,0.05583924045921424,0.055839240459214214,0.055839240459214214,0.05583924045921424,0.0558392404592143,0.16890187651294716,0.1689018765129471,0.16890187651294697,0.0,0.0,0.0,0.0,0.0,0.0,0.0,0.0,0.0
1666,0.05556074108555915,0.0555607410855591,0.05556074108555907,0.05556074108555907,0.0555607410855591,0.05556074108555915,0.16805947488944384,0.16805947488944378,0.16805947488944364,0.0,0.0,0.0,0.0,0.0,0.0,0.0,0.0,0.0
1667,0.05528363073332493,0.05528363073332488,0.05528363073332485,0.05528363073332485,0.05528363073332488,0.05528363073332493,0.16722127476156584,0.16722127476156579,0.16722127476156565,0.0,0.0,0.0,0.0,0.0,0.0,0.0,0.0,0.0
1668,0.055007902474738406,0.05500790247473836,0.05500790247473833,0.05500790247473833,0.05500790247473836,0.055007902474738406,0.16638725517426634,0.16638725517426628,0.16638725517426614,0.0,0.0,0.0,0.0,0.0,0.0,0.0,0.0,0.0
1669,0.05473354941657874,0.054733549416578695,0.05473354941657867,0.05473354941657867,0.054733549416578695,0.05473354941657874,0.16555739527701221,0.16555739527701216,0.16555739527701202,0.0,0.0,0.0,0.0,0.0,0.0,0.0,0.0,0.0
1670,0.05446056470000521,0.05446056470000516,0.05446056470000513,0.05446056470000513,0.05446056470000516,0.05446056470000521,0.1647316743232628,0.16473167432326274,0.1647316743232626,0.0,0.0,0.0,0.0,0.0,0.0,0.0,0.0,0.0
1671,0.05418894150038566,0.05418894150038561,0.054188941500385585,0.054188941500385585,0.05418894150038561,0.05418894150038566,0.16391007166995125,0.1639100716699512,0.16391007166995106,0.0,0.0,0.0,0.0,0.0,0.0,0.0,0.0,0.0
1672,0.05391867302712597,0.05391867302712592,0.05391867302712589,0.05391867302712589,0.05391867302712592,0.05391867302712597,0.16309256677696843,0.16309256677696837,0.16309256677696823,0.0,0.0,0.0,0.0,0.0,0.0,0.0,0.0,0.0
1673,0.05364975252350022,0.05364975252350017,0.05364975252350014,0.05364975252350014,0.05364975252350017,0.05364975252350022,0.16227913920664944,0.1622791392066494,0.16227913920664927,0.0,0.0,0.0,0.0,0.0,0.0,0.0,0.0,0.0
1674,0.053382173266481814,0.053382173266481765,0.05338217326648174,0.05338217326648174,0.053382173266481765,0.053382173266481814,0.16146976862326268,0.16146976862326265,0.1614697686232625,0.0,0.0,0.0,0.0,0.0,0.0,0.0,0.0,0.0
1675,0.0531159285665754,0.05311592856657535,0.05311592856657532,0.05311592856657532,0.05311592856657535,0.0531159285665754,0.1606644347925014,0.16066443479250136,0.16066443479250123,0.0,0.0,0.0,0.0,0.0,0.0,0.0,0.0,0.0
1676,0.0528510117676496,0.05285101176764955,0.05285101176764953,0.05285101176764953,0.05285101176764955,0.0528510117676496,0.15986311758097785,0.15986311758097782,0.15986311758097768,0.0,0.0,0.0,0.0,0.0,0.0,0.0,0.0,0.0
1677,0.05258741624677066,0.05258741624677061,0.05258741624677059,0.05258741624677059,0.05258741624677061,0.05258741624677066,0.15906579695572004,0.15906579695572,0.15906579695571987,0.0,0.0,0.0,0.0,0.0,0.0,0.0,0.0,0.0
1678,0.052325135414036814,0.052325135414036765,0.052325135414036744,0.052325135414036744,0.052325135414036765,0.052325135414036814,0.15827245298367082,0.1582724529836708,0.15827245298367065,0.0,0.0,0.0,0.0,0.0,0.0,0.0,0.0,0.0
1679,0.05206416271241359,0.05206416271241354,0.05206416271241352,0.05206416271241352,0.05206416271241354,0.05206416271241359,0.15748306583118954,0.1574830658311895,0.15748306583118937,0.0,0.0,0.0,0.0,0.0,0.0,0.0,0.0,0.0
1680,0.05180449161756986,0.05180449161756981,0.05180449161756979,0.05180449161756979,0.05180449161756981,0.05180449161756986,0.1566976157635563,0.15669761576355629,0.15669761576355615,0.0,0.0,0.0,0.0,0.0,0.0,0.0,0.0,0.0
1681,0.05154611563771471,0.05154611563771466,0.05154611563771464,0.05154611563771464,0.05154611563771466,0.05154611563771471,0.1559160831444785,0.15591608314447847,0.15591608314447833,0.0,0.0,0.0,0.0,0.0,0.0,0.0,0.0,0.0
1682,0.05128902831343521,0.05128902831343516,0.05128902831343514,0.05128902831343514,0.05128902831343516,0.05128902831343521,0.15513844843559993,0.1551384484355999,0.15513844843559976,0.0,0.0,0.0,0.0,0.0,0.0,0.0,0.0,0.0
1683,0.05103322321753485,0.0510332232175348,0.05103322321753478,0.05103322321753478,0.0510332232175348,0.05103322321753485,0.1543646921960124,0.15436469219601237,0.15436469219601223,0.0,0.0,0.0,0.0,0.0,0.0,0.0,0.0,0.0
1684,0.0507786939548729,0.050778693954872854,0.05077869395487283,0.05077869395487283,0.050778693954872854,0.0507786939548729,0.1535947950817696,0.15359479508176957,0.15359479508176943,0.0,0.0,0.0,0.0,0.0,0.0,0.0,0.0,0.0
1685,0.050525434162204556,0.05052543416220451,0.05052543416220449,0.05052543416220449,0.05052543416220451,0.050525434162204556,0.15282873784540357,0.15282873784540355,0.1528287378454034,0.0,0.0,0.0,0.0,0.0,0.0,0.0,0.0,0.0
1686,0.0502734375080218,0.050273437508021754,0.05027343750802173,0.05027343750802173,0.050273437508021754,0.0502734375080218,0.15206650133544353,0.1520665013354435,0.15206650133544336,0.0,0.0,0.0,0.0,0.0,0.0,0.0,0.0,0.0
1687,0.05002269769239516,0.05002269769239511,0.05002269769239509,0.05002269769239509,0.05002269769239511,0.05002269769239516,0.151308066495937,0.15130806649593698,0.15130806649593684,0.0,0.0,0.0,0.0,0.0,0.0,0.0,0.0,0.0
1688,0.049773208446816174,0.04977320844681613,0.04977320844681611,0.04977320844681611,0.04977320844681613,0.049773208446816174,0.1505534143659735,0.1505534143659735,0.15055341436597336,0.0,0.0,0.0,0.0,0.0,0.0,0.0,0.0,0.0
1689,0.04952496353404072,0.04952496353404068,0.04952496353404066,0.04952496353404066,0.04952496353404068,0.04952496353404072,0.1498025260792105,0.1498025260792105,0.14980252607921035,0.0,0.0,0.0,0.0,0.0,0.0,0.0,0.0,0.0
1690,0.04927795674793304,0.049277956747933,0.04927795674793298,0.04927795674793298,0.049277956747933,0.04927795674793304,0.14905538286340167,0.14905538286340167,0.14905538286340153,0.0,0.0,0.0,0.0,0.0,0.0,0.0,0.0,0.0
1691,0.04903218191331062,0.04903218191331058,0.04903218191331056,0.04903218191331056,0.04903218191331058,0.04903218191331062,0.14831196603992775,0.14831196603992775,0.1483119660399276,0.0,0.0,0.0,0.0,0.0,0.0,0.0,0.0,0.0
1692,0.0487876328857898,0.04878763288578976,0.04878763288578974,0.04878763288578974,0.04878763288578976,0.0487876328857898,0.1475722570233294,0.1475722570233294,0.14757225702332927,0.0,0.0,0.0,0.0,0.0,0.0,0.0,0.0,0.0
1693,0.04854430355163215,0.048544303551632105,0.048544303551632084,0.048544303551632084,0.048544303551632105,0.04854430355163215,0.14683623732084272,0.14683623732084272,0.14683623732084258,0.0,0.0,0.0,0.0,0.0,0.0,0.0,0.0,0.0
1694,0.04830218782759164,0.048302187827591596,0.048302187827591575,0.048302187827591575,0.048302187827591596,0.04830218782759164,0.1461038885319368,0.1461038885319368,0.14610388853193665,0.0,0.0,0.0,0.0,0.0,0.0,0.0,0.0,0.0
1695,0.048061279660762554,0.04806127966076251,0.0480612796607625,0.0480612796607625,0.04806127966076251,0.048061279660762554,0.14537519234785373,0.14537519234785373,0.1453751923478536,0.0,0.0,0.0,0.0,0.0,0.0,0.0,0.0,0.0
1696,0.04782157302842819,0.04782157302842815,0.047821573028428134,0.047821573028428134,0.04782157302842815,0.04782157302842819,0.144650130551151,0.144650130551151,0.14465013055115086,0.0,0.0,0.0,0.0,0.0,0.0,0.0,0.0,0.0
1697,0.047583061937910245,0.047583061937910204,0.04758306193791019,0.04758306193791019,0.047583061937910204,0.047583061937910245,0.14392868501524592,0.14392868501524592,0.14392868501524578,0.0,0.0,0.0,0.0,0.0,0.0,0.0,0.0,0.0
1698,0.04734574042641903,0.04734574042641899,0.047345740426418974,0.047345740426418974,0.04734574042641899,0.04734574042641903,0.1432108377039625,0.1432108377039625,0.14321083770396237,0.0,0.0,0.0,0.0,0.0,0.0,0.0,0.0,0.0
1699,0.0471096025609044,0.04710960256090436,0.047109602560904344,0.047109602560904344,0.04710960256090436,0.0471096025609044,0.1424965706710806,0.1424965706710806,0.14249657067108046,0.0,0.0,0.0,0.0,0.0,0.0,0.0,0.0,0.0
1700,0.04687464243790742,0.04687464243790738,0.046874642437907364,0.046874642437907364,0.04687464243790738,0.04687464243790742,0.14178586605988716,0.14178586605988716,0.14178586605988702,0.0,0.0,0.0,0.0,0.0,0.0,0.0,0.0,0.0
1701,0.04664085418341278,0.04664085418341274,0.046640854183412725,0.046640854183412725,0.04664085418341274,0.04664085418341278,0.1410787061027299,0.1410787061027299,0.14107870610272977,0.0,0.0,0.0,0.0,0.0,0.0,0.0,0.0,0.0
1702,0.04640823195270194,0.0464082319527019,0.046408231952701884,0.046408231952701884,0.0464082319527019,0.04640823195270194,0.1403750731205731,0.1403750731205731,0.14037507312057296,0.0,0.0,0.0,0.0,0.0,0.0,0.0,0.0,0.0
1703,0.046176769930207015,0.04617676993020697,0.04617676993020696,0.04617676993020696,0.04617676993020697,0.046176769930207015,0.1396749495225555,0.1396749495225555,0.13967494952255535,0.0,0.0,0.0,0.0,0.0,0.0,0.0,0.0,0.0
1704,0.04594646232936539,0.04594646232936535,0.045946462329365334,0.045946462329365334,0.04594646232936535,0.04594646232936539,0.1389783178055507,0.1389783178055507,0.13897831780555056,0.0,0.0,0.0,0.0,0.0,0.0,0.0,0.0,0.0
1705,0.04571730339247504,0.045717303392475,0.045717303392474984,0.045717303392474984,0.045717303392475,0.04571730339247504,0.1382851605537295,0.1382851605537295,0.13828516055372936,0.0,0.0,0.0,0.0,0.0,0.0,0.0,0.0,0.0
1706,0.045489287390550616,0.045489287390550574,0.04548928739055056,0.04548928739055056,0.045489287390550574,0.045489287390550616,0.1375954604381245,0.1375954604381245,0.13759546043812437,0.0,0.0,0.0,0.0,0.0,0.0,0.0,0.0,0.0
1707,0.04526240862318019,0.04526240862318015,0.045262408623180136,0.045262408623180136,0.04526240862318015,0.04526240862318019,0.1369092002161969,0.1369092002161969,0.13690920021619676,0.0,0.0,0.0,0.0,0.0,0.0,0.0,0.0,0.0
1708,0.045036661418382765,0.04503666141838272,0.04503666141838271,0.04503666141838271,0.04503666141838272,0.045036661418382765,0.1362263627314054,0.1362263627314054,0.13622636273140526,0.0,0.0,0.0,0.0,0.0,0.0,0.0,0.0,0.0
1709,0.04481204013246646,0.04481204013246642,0.0448120401324664,0.0448120401324664,0.04481204013246642,0.04481204013246646,0.1355469309127773,0.1355469309127773,0.13554693091277717,0.0,0.0,0.0,0.0,0.0,0.0,0.0,0.0,0.0
1710,0.044588539149887425,0.044588539149887384,0.04458853914988737,0.04458853914988737,0.044588539149887384,0.044588539149887425,0.13487088777448178,0.13487088777448178,0.13487088777448164,0.0,0.0,0.0,0.0,0.0,0.0,0.0,0.0,0.0
1711,0.04436615288310946,0.044366152883109425,0.04436615288310941,0.04436615288310941,0.044366152883109425,0.04436615288310946,0.13419821641540514,0.13419821641540514,0.134198216415405,0.0,0.0,0.0,0.0,0.0,0.0,0.0,0.0,0.0
1712,0.044144875772464315,0.04414487577246428,0.044144875772464266,0.044144875772464266,0.04414487577246428,0.044144875772464315,0.13352890001872839,0.13352890001872839,0.13352890001872825,0.0,0.0,0.0,0.0,0.0,0.0,0.0,0.0,0.0
1713,0.043924702286012696,0.04392470228601266,0.04392470228601265,0.04392470228601265,0.04392470228601266,0.043924702286012696,0.13286292185150675,0.13286292185150675,0.1328629218515066,0.0,0.0,0.0,0.0,0.0,0.0,0.0,0.0,0.0
1714,0.04370562691940597,0.04370562691940594,0.043705626919405924,0.043705626919405924,0.04370562691940594,0.04370562691940597,0.13220026526425133,0.13220026526425133,0.1322002652642512,0.0,0.0,0.0,0.0,0.0,0.0,0.0,0.0,0.0
1715,0.04348764419574857,0.043487644195748534,0.04348764419574852,0.04348764419574852,0.043487644195748534,0.04348764419574857,0.13154091369051296,0.13154091369051296,0.13154091369051282,0.0,0.0,0.0,0.0,0.0,0.0,0.0,0.0,0.0
1716,0.043270748665461045,0.04327074866546101,0.043270748665461,0.043270748665461,0.04327074866546101,0.043270748665461045,0.13088485064646796,0.13088485064646796,0.13088485064646782,0.0,0.0,0.0,0.0,0.0,0.0,0.0,0.0,0.0
1717,0.043054934906143844,0.04305493490614381,0.043054934906143795,0.043054934906143795,0.04305493490614381,0.043054934906143844,0.13023205973050603,0.13023205973050603,0.1302320597305059,0.0,0.0,0.0,0.0,0.0,0.0,0.0,0.0,0.0
1718,0.042840197522441746,0.04284019752244171,0.0428401975224417,0.0428401975224417,0.04284019752244171,0.042840197522441746,0.1295825246228203,0.1295825246228203,0.12958252462282016,0.0,0.0,0.0,0.0,0.0,0.0,0.0,0.0,0.0
1719,0.04262653114590897,0.04262653114590893,0.04262653114590892,0.04262653114590892,0.04262653114590893,0.04262653114590897,0.12893622908499922,0.12893622908499922,0.12893622908499908,0.0,0.0,0.0,0.0,0.0,0.0,0.0,0.0,0.0
1720,0.04241393043487497,0.04241393043487494,0.04241393043487492,0.04241393043487492,0.04241393043487494,0.04241393043487497,0.1282931569596207,0.1282931569596207,0.12829315695962057,0.0,0.0,0.0,0.0,0.0,0.0,0.0,0.0,0.0
1721,0.04220239007431091,0.042202390074310876,0.04220239007431086,0.04220239007431086,0.042202390074310876,0.04220239007431091,0.12765329216984814,0.12765329216984814,0.127653292169848,0.0,0.0,0.0,0.0,0.0,0.0,0.0,0.0,0.0
1722,0.041991904775696746,0.04199190477569671,0.0419919047756967,0.0419919047756967,0.04199190477569671,0.041991904775696746,0.12701661871902842,0.12701661871902842,0.12701661871902828,0.0,0.0,0.0,0.0,0.0,0.0,0.0,0.0,0.0
1723,0.041782469276889056,0.04178246927688902,0.04178246927688901,0.04178246927688901,0.04178246927688902,0.041782469276889056,0.12638312069029212,0.12638312069029212,0.12638312069029198,0.0,0.0,0.0,0.0,0.0,0.0,0.0,0.0,0.0
1724,0.04157407834198946,0.04157407834198942,0.04157407834198941,0.04157407834198941,0.04157407834198942,0.04157407834198946,0.12575278224615555,0.12575278224615555,0.1257527822461554,0.0,0.0,0.0,0.0,0.0,0.0,0.0,0.0,0.0
1725,0.04136672676121373,0.041366726761213696,0.04136672676121368,0.04136672676121368,0.041366726761213696,0.04136672676121373,0.12512558762812476,0.12512558762812476,0.12512558762812462,0.0,0.0,0.0,0.0,0.0,0.0,0.0,0.0,0.0
1726,0.041160409350761554,0.04116040935076152,0.041160409350761505,0.041160409350761505,0.04116040935076152,0.041160409350761554,0.12450152115630163,0.12450152115630163,0.12450152115630149,0.0,0.0,0.0,0.0,0.0,0.0,0.0,0.0,0.0
1727,0.04095512095268692,0.040955120952686885,0.04095512095268687,0.04095512095268687,0.040955120952686885,0.04095512095268692,0.12388056722899188,0.12388056722899186,0.12388056722899175,0.0,0.0,0.0,0.0,0.0,0.0,0.0,0.0,0.0
1728,0.04075085643476918,0.040750856434769146,0.04075085643476913,0.04075085643476913,0.040750856434769146,0.04075085643476918,0.12326271032231496,0.12326271032231495,0.12326271032231484,0.0,0.0,0.0,0.0,0.0,0.0,0.0,0.0,0.0
1729,0.040547610690384754,0.04054761069038472,0.040547610690384706,0.040547610690384706,0.04054761069038472,0.040547610690384754,0.12264793498981605,0.12264793498981603,0.12264793498981592,0.0,0.0,0.0,0.0,0.0,0.0,0.0,0.0,0.0
1730,0.04034537863837944,0.040345378638379406,0.04034537863837939,0.04034537863837939,0.040345378638379406,0.04034537863837944,0.1220362258620798,0.12203622586207978,0.12203622586207967,0.0,0.0,0.0,0.0,0.0,0.0,0.0,0.0,0.0
1731,0.040144155222941416,0.04014415522294138,0.04014415522294137,0.04014415522294137,0.04014415522294138,0.040144155222941416,0.12142756764634616,0.12142756764634614,0.12142756764634603,0.0,0.0,0.0,0.0,0.0,0.0,0.0,0.0,0.0
1732,0.0399439354134748,0.03994393541347477,0.039943935413474754,0.039943935413474754,0.03994393541347477,0.0399439354134748,0.12082194512612802,0.12082194512612801,0.1208219451261279,0.0,0.0,0.0,0.0,0.0,0.0,0.0,0.0,0.0
1733,0.039744714204473945,0.03974471420447391,0.0397447142044739,0.0397447142044739,0.03974471420447391,0.039744714204473945,0.12021934316083087,0.12021934316083085,0.12021934316083074,0.0,0.0,0.0,0.0,0.0,0.0,0.0,0.0,0.0
1734,0.03954648661539824,0.0395464866153982,0.03954648661539819,0.03954648661539819,0.0395464866153982,0.03954648661539824,0.11961974668537416,0.11961974668537415,0.11961974668537403,0.0,0.0,0.0,0.0,0.0,0.0,0.0,0.0,0.0
1735,0.03934924769054763,0.039349247690547595,0.03934924769054758,0.03934924769054758,0.039349247690547595,0.03934924769054763,0.11902314070981479,0.11902314070981478,0.11902314070981466,0.0,0.0,0.0,0.0,0.0,0.0,0.0,0.0,0.0
1736,0.03915299249893873,0.039152992498938693,0.03915299249893868,0.03915299249893868,0.039152992498938693,0.03915299249893873,0.1184295103189723,0.11842951031897228,0.11842951031897217,0.0,0.0,0.0,0.0,0.0,0.0,0.0,0.0,0.0
1737,0.038957716134181516,0.03895771613418148,0.03895771613418147,0.03895771613418147,0.03895771613418148,0.038957716134181516,0.11783884067205598,0.11783884067205597,0.11783884067205586,0.0,0.0,0.0,0.0,0.0,0.0,0.0,0.0,0.0
1738,0.03876341371435671,0.038763413714356675,0.03876341371435666,0.03876341371435666,0.038763413714356675,0.03876341371435671,0.1172511170022939,0.11725111700229389,0.11725111700229378,0.0,0.0,0.0,0.0,0.0,0.0,0.0,0.0,0.0
1739,0.03857008038189369,0.038570080381893655,0.03857008038189364,0.03857008038189364,0.038570080381893655,0.03857008038189369,0.11666632461656372,0.1166663246165637,0.1166663246165636,0.0,0.0,0.0,0.0,0.0,0.0,0.0,0.0,0.0
1740,0.03837771130344908,0.038377711303449046,0.03837771130344903,0.03837771130344903,0.038377711303449046,0.03837771130344908,0.11608444889502532,0.11608444889502531,0.1160844488950252,0.0,0.0,0.0,0.0,0.0,0.0,0.0,0.0,0.0
1741,0.0381863016697859,0.038186301669785865,0.03818630166978585,0.03818630166978585,0.038186301669785865,0.0381863016697859,0.11550547529075537,0.11550547529075536,0.11550547529075525,0.0,0.0,0.0,0.0,0.0,0.0,0.0,0.0,0.0
1742,0.03799584669565333,0.0379958466956533,0.037995846695653285,0.037995846695653285,0.0379958466956533,0.03799584669565333,0.11492938932938361,0.1149293893293836,0.11492938932938349,0.0,0.0,0.0,0.0,0.0,0.0,0.0,0.0,0.0
1743,0.03780634161966711,0.037806341619667075,0.03780634161966706,0.03780634161966706,0.037806341619667075,0.03780634161966711,0.114356176608731,0.11435617660873099,0.11435617660873088,0.0,0.0,0.0,0.0,0.0,0.0,0.0,0.0,0.0
1744,0.03761778170419046,0.037617781704190424,0.03761778170419041,0.03761778170419041,0.037617781704190424,0.03761778170419046,0.11378582279844966,0.11378582279844965,0.11378582279844954,0.0,0.0,0.0,0.0,0.0,0.0,0.0,0.0,0.0
1745,0.037430162235215676,0.03743016223521564,0.03743016223521563,0.03743016223521563,0.03743016223521564,0.037430162235215676,0.11321831363966463,0.11321831363966461,0.1132183136396645,0.0,0.0,0.0,0.0,0.0,0.0,0.0,0.0,0.0
1746,0.037243478522246264,0.03724347852224623,0.037243478522246215,0.037243478522246215,0.03724347852224623,0.037243478522246264,0.11265363494461739,0.11265363494461737,0.11265363494461726,0.0,0.0,0.0,0.0,0.0,0.0,0.0,0.0,0.0
1747,0.03705772589817967,0.037057725898179635,0.03705772589817962,0.03705772589817962,0.037057725898179635,0.03705772589817967,0.11209177259631113,0.11209177259631112,0.112091772596311,0.0,0.0,0.0,0.0,0.0,0.0,0.0,0.0,0.0
1748,0.036872899719190624,0.03687289971919059,0.036872899719190576,0.036872899719190576,0.03687289971919059,0.036872899719190624,0.11153271254815791,0.1115327125481579,0.11153271254815779,0.0,0.0,0.0,0.0,0.0,0.0,0.0,0.0,0.0
1749,0.03668899536461502,0.036688995364614986,0.03668899536461497,0.03668899536461497,0.036688995364614986,0.03668899536461502,0.1109764408236274,0.11097644082362738,0.11097644082362727,0.0,0.0,0.0,0.0,0.0,0.0,0.0,0.0,0.0
1750,0.03650600823683442,0.036506008236834385,0.03650600823683437,0.03650600823683437,0.036506008236834385,0.03650600823683442,0.1104229435158975,0.11042294351589749,0.11042294351589738,0.0,0.0,0.0,0.0,0.0,0.0,0.0,0.0,0.0
1751,0.036323933761161095,0.03632393376116106,0.03632393376116105,0.03632393376116105,0.03632393376116106,0.036323933761161095,0.1098722067875067,0.10987220678750668,0.10987220678750657,0.0,0.0,0.0,0.0,0.0,0.0,0.0,0.0,0.0
1752,0.036142767385723674,0.03614276738572364,0.036142767385723626,0.036142767385723626,0.03614276738572364,0.036142767385723674,0.1093242168700081,0.10932421687000808,0.10932421687000797,0.0,0.0,0.0,0.0,0.0,0.0,0.0,0.0,0.0
1753,0.03596250458135333,0.0359625045813533,0.035962504581353284,0.035962504581353284,0.0359625045813533,0.03596250458135333,0.10877896006362522,0.10877896006362521,0.1087789600636251,0.0,0.0,0.0,0.0,0.0,0.0,0.0,0.0,0.0
1754,0.03578314084147058,0.035783140841470544,0.03578314084147053,0.03578314084147053,0.035783140841470544,0.03578314084147058,0.10823642273690952,0.1082364227369095,0.1082364227369094,0.0,0.0,0.0,0.0,0.0,0.0,0.0,0.0,0.0
1755,0.035604671681972566,0.03560467168197253,0.03560467168197252,0.03560467168197252,0.03560467168197253,0.035604671681972566,0.10769659132639955,0.10769659132639954,0.10769659132639943,0.0,0.0,0.0,0.0,0.0,0.0,0.0,0.0,0.0
1756,0.03542709264112101,0.035427092641120976,0.03542709264112096,0.03542709264112096,0.035427092641120976,0.03542709264112101,0.10715945233628195,0.10715945233628194,0.10715945233628182,0.0,0.0,0.0,0.0,0.0,0.0,0.0,0.0,0.0
1757,0.03525039927943065,0.03525039927943061,0.0352503992794306,0.0352503992794306,0.03525039927943061,0.03525039927943065,0.10662499233805398,0.10662499233805396,0.10662499233805385,0.0,0.0,0.0,0.0,0.0,0.0,0.0,0.0,0.0
1758,0.035074587179558234,0.0350745871795582,0.035074587179558185,0.035074587179558185,0.0350745871795582,0.035074587179558234,0.10609319797018785,0.10609319797018783,0.10609319797018772,0.0,0.0,0.0,0.0,0.0,0.0,0.0,0.0,0.0
1759,0.03489965194619211,0.03489965194619207,0.03489965194619206,0.03489965194619206,0.03489965194619207,0.03489965194619211,0.10556405593779666,0.10556405593779665,0.10556405593779654,0.0,0.0,0.0,0.0,0.0,0.0,0.0,0.0,0.0
1760,0.03472558920594233,0.03472558920594229,0.03472558920594228,0.03472558920594228,0.03472558920594229,0.03472558920594233,0.10503755301230205,0.10503755301230204,0.10503755301230193,0.0,0.0,0.0,0.0,0.0,0.0,0.0,0.0,0.0
1761,0.03455239460723132,0.034552394607231286,0.03455239460723127,0.03455239460723127,0.034552394607231286,0.03455239460723132,0.10451367603110347,0.10451367603110345,0.10451367603110334,0.0,0.0,0.0,0.0,0.0,0.0,0.0,0.0,0.0
1762,0.0343800638201851,0.03438006382018507,0.034380063820185054,0.034380063820185054,0.03438006382018507,0.0343800638201851,0.10399241189724907,0.10399241189724906,0.10399241189724895,0.0,0.0,0.0,0.0,0.0,0.0,0.0,0.0,0.0
1763,0.03420859253652502,0.03420859253652499,0.03420859253652497,0.03420859253652497,0.03420859253652499,0.03420859253652502,0.10347374757910839,0.10347374757910838,0.10347374757910827,0.0,0.0,0.0,0.0,0.0,0.0,0.0,0.0,0.0
1764,0.03403797646946005,0.03403797646946002,0.03403797646946,0.03403797646946,0.03403797646946002,0.03403797646946005,0.10295767011004645,0.10295767011004643,0.10295767011004632,0.0,0.0,0.0,0.0,0.0,0.0,0.0,0.0,0.0
1765,0.03386821135357963,0.0338682113535796,0.033868211353579585,0.033868211353579585,0.0338682113535796,0.03386821135357963,0.10244416658809964,0.10244416658809963,0.10244416658809952,0.0,0.0,0.0,0.0,0.0,0.0,0.0,0.0,0.0
1766,0.03369929294474702,0.03369929294474699,0.033699292944746974,0.033699292944746974,0.03369929294474699,0.03369929294474702,0.10193322417565318,0.10193322417565316,0.10193322417565305,0.0,0.0,0.0,0.0,0.0,0.0,0.0,0.0,0.0
1767,0.033531217019993204,0.03353121701999317,0.033531217019993155,0.033531217019993155,0.03353121701999317,0.033531217019993204,0.10142483009912012,0.10142483009912011,0.10142483009912,0.0,0.0,0.0,0.0,0.0,0.0,0.0,0.0,0.0
1768,0.033363979377411306,0.03336397937741127,0.03336397937741126,0.03336397937741126,0.03336397937741127,0.033363979377411306,0.1009189716486221,0.10091897164862208,0.10091897164862197,0.0,0.0,0.0,0.0,0.0,0.0,0.0,0.0,0.0
1769,0.03319757583605155,0.03319757583605151,0.0331975758360515,0.0331975758360515,0.03319757583605151,0.03319757583605155,0.10041563617767149,0.10041563617767148,0.10041563617767137,0.0,0.0,0.0,0.0,0.0,0.0,0.0,0.0,0.0
1770,0.03303200223581673,0.0330320022358167,0.03303200223581668,0.03303200223581668,0.0330320022358167,0.03303200223581673,0.09991481110285531,0.0999148111028553,0.09991481110285519,0.0,0.0,0.0,0.0,0.0,0.0,0.0,0.0,0.0
1771,0.03286725443735823,0.0328672544373582,0.03286725443735818,0.03286725443735818,0.0328672544373582,0.03286725443735823,0.0994164839035206,0.09941648390352059,0.09941648390352048,0.0,0.0,0.0,0.0,0.0,0.0,0.0,0.0,0.0
1772,0.0327033283219725,0.032703328321972466,0.03270332832197245,0.03270332832197245,0.032703328321972466,0.0327033283219725,0.09892064212146143,0.09892064212146141,0.0989206421214613,0.0,0.0,0.0,0.0,0.0,0.0,0.0,0.0,0.0
1773,0.03254021979149812,0.032540219791498085,0.03254021979149807,0.03254021979149807,0.032540219791498085,0.03254021979149812,0.09842727336060741,0.0984272733606074,0.09842727336060729,0.0,0.0,0.0,0.0,0.0,0.0,0.0,0.0,0.0
1774,0.03237792476821333,0.032377924768213294,0.03237792476821328,0.03237792476821328,0.032377924768213294,0.03237792476821333,0.09793636528671384,0.09793636528671383,0.09793636528671372,0.0,0.0,0.0,0.0,0.0,0.0,0.0,0.0,0.0
1775,0.032216439194734096,0.03221643919473406,0.03221643919473405,0.03221643919473405,0.03221643919473406,0.032216439194734096,0.0974479056270533,0.09744790562705329,0.09744790562705317,0.0,0.0,0.0,0.0,0.0,0.0,0.0,0.0,0.0
1776,0.032055759033912674,0.03205575903391264,0.032055759033912626,0.032055759033912626,0.03205575903391264,0.032055759033912674,0.09696188217010884,0.09696188217010883,0.09696188217010872,0.0,0.0,0.0,0.0,0.0,0.0,0.0,0.0,0.0
1777,0.03189588026873667,0.03189588026873664,0.031895880268736625,0.031895880268736625,0.03189588026873664,0.03189588026873667,0.09647828276526874,0.09647828276526872,0.09647828276526861,0.0,0.0,0.0,0.0,0.0,0.0,0.0,0.0,0.0
1778,0.031736798902228636,0.0317367989022286,0.03173679890222859,0.03173679890222859,0.0317367989022286,0.031736798902228636,0.09599709532252268,0.09599709532252267,0.09599709532252255,0.0,0.0,0.0,0.0,0.0,0.0,0.0,0.0,0.0
1779,0.031578510957346116,0.03157851095734608,0.03157851095734607,0.03157851095734607,0.03157851095734608,0.031578510957346116,0.09551830781215954,0.09551830781215953,0.09551830781215942,0.0,0.0,0.0,0.0,0.0,0.0,0.0,0.0,0.0
1780,0.03142101247688224,0.031421012476882205,0.03142101247688219,0.03142101247688219,0.031421012476882205,0.03142101247688224,0.09504190826446662,0.09504190826446661,0.0950419082644665,0.0,0.0,0.0,0.0,0.0,0.0,0.0,0.0,0.0
1781,0.031264299523366804,0.03126429952336677,0.031264299523366755,0.031264299523366755,0.03126429952336677,0.031264299523366804,0.09456788476943041,0.0945678847694304,0.09456788476943029,0.0,0.0,0.0,0.0,0.0,0.0,0.0,0.0,0.0
1782,0.0311083681789678,0.031108368178967765,0.03110836817896775,0.03110836817896775,0.031108368178967765,0.0311083681789678,0.09409622547643885,0.09409622547643884,0.09409622547643873,0.0,0.0,0.0,0.0,0.0,0.0,0.0,0.0,0.0
1783,0.030953214545393494,0.030953214545393463,0.03095321454539345,0.03095321454539345,0.030953214545393463,0.030953214545393494,0.09362691859398506,0.09362691859398505,0.09362691859398493,0.0,0.0,0.0,0.0,0.0,0.0,0.0,0.0,0.0
1784,0.030798834743794974,0.030798834743794943,0.03079883474379493,0.03079883474379493,0.030798834743794943,0.030798834743794974,0.09315995238937252,0.09315995238937251,0.0931599523893724,0.0,0.0,0.0,0.0,0.0,0.0,0.0,0.0,0.0
1785,0.03064522491466916,0.030645224914669127,0.030645224914669113,0.030645224914669113,0.030645224914669127,0.03064522491466916,0.0926953151884218,0.09269531518842179,0.09269531518842168,0.0,0.0,0.0,0.0,0.0,0.0,0.0,0.0,0.0
1786,0.030492381217762318,0.030492381217762286,0.030492381217762272,0.030492381217762272,0.030492381217762286,0.030492381217762318,0.09223299537517868,0.09223299537517866,0.09223299537517855,0.0,0.0,0.0,0.0,0.0,0.0,0.0,0.0,0.0
1787,0.030340299831974064,0.030340299831974032,0.03034029983197402,0.03034029983197402,0.030340299831974032,0.030340299831974064,0.09177298139162374,0.09177298139162372,0.09177298139162361,0.0,0.0,0.0,0.0,0.0,0.0,0.0,0.0,0.0
1788,0.030188976955261834,0.030188976955261806,0.030188976955261793,0.030188976955261793,0.030188976955261806,0.030188976955261834,0.09131526173738344,0.09131526173738343,0.09131526173738332,0.0,0.0,0.0,0.0,0.0,0.0,0.0,0.0,0.0
1789,0.030038408804545832,0.030038408804545804,0.03003840880454579,0.03003840880454579,0.030038408804545804,0.030038408804545832,0.09085982496944259,0.09085982496944257,0.09085982496944246,0.0,0.0,0.0,0.0,0.0,0.0,0.0,0.0,0.0
1790,0.029888591615614444,0.029888591615614416,0.029888591615614402,0.029888591615614402,0.029888591615614416,0.029888591615614444,0.09040665970185825,0.09040665970185824,0.09040665970185813,0.0,0.0,0.0,0.0,0.0,0.0,0.0,0.0,0.0
1791,0.029739521643030144,0.02973952164303012,0.029739521643030106,0.029739521643030106,0.02973952164303012,0.029739521643030144,0.08995575460547514,0.08995575460547513,0.08995575460547502,0.0,0.0,0.0,0.0,0.0,0.0,0.0,0.0,0.0
1792,0.029591195160035857,0.029591195160035833,0.02959119516003582,0.02959119516003582,0.029591195160035833,0.029591195160035857,0.08950709840764237,0.08950709840764236,0.08950709840764225,0.0,0.0,0.0,0.0,0.0,0.0,0.0,0.0,0.0
1793,0.02944360845846178,0.029443608458461754,0.02944360845846174,0.02944360845846174,0.029443608458461754,0.02944360845846178,0.08906067989193163,0.08906067989193162,0.0890606798919315,0.0,0.0,0.0,0.0,0.0,0.0,0.0,0.0,0.0
1794,0.029296757848632685,0.02929675784863266,0.029296757848632646,0.029296757848632646,0.02929675784863266,0.029296757848632685,0.08861648789785675,0.08861648789785674,0.08861648789785663,0.0,0.0,0.0,0.0,0.0,0.0,0.0,0.0,0.0
1795,0.02915063965927568,0.029150639659275657,0.029150639659275644,0.029150639659275644,0.029150639659275657,0.02915063965927568,0.08817451132059478,0.08817451132059477,0.08817451132059466,0.0,0.0,0.0,0.0,0.0,0.0,0.0,0.0,0.0
1796,0.029005250237428424,0.0290052502374284,0.029005250237428386,0.029005250237428386,0.0290052502374284,0.029005250237428424,0.08773473911070825,0.08773473911070824,0.08773473911070813,0.0,0.0,0.0,0.0,0.0,0.0,0.0,0.0,0.0
1797,0.028860585948347794,0.02886058594834777,0.028860585948347756,0.028860585948347756,0.02886058594834777,0.028860585948347794,0.08729716027386901,0.087297160273869,0.08729716027386888,0.0,0.0,0.0,0.0,0.0,0.0,0.0,0.0,0.0
1798,0.02871664317541903,0.028716643175419006,0.028716643175418992,0.028716643175418992,0.028716643175419006,0.02871664317541903,0.08686176387058334,0.08686176387058332,0.08686176387058321,0.0,0.0,0.0,0.0,0.0,0.0,0.0,0.0,0.0
1799,0.02857341832006531,0.028573418320065287,0.028573418320065273,0.028573418320065273,0.028573418320065287,0.02857341832006531,0.08642853901591849,0.08642853901591847,0.08642853901591836,0.0,0.0,0.0,0.0,0.0,0.0,0.0,0.0,0.0
1800,0.028430907801657794,0.02843090780165777,0.028430907801657756,0.028430907801657756,0.02843090780165777,0.028430907801657794,0.08599747487923053,0.08599747487923051,0.0859974748792304,0.0,0.0,0.0,0.0,0.0,0.0,0.0,0.0,0.0
1801,0.028289108057426095,0.02828910805742607,0.028289108057426057,0.028289108057426057,0.02828910805742607,0.028289108057426095,0.08556856068389358,0.08556856068389357,0.08556856068389346,0.0,0.0,0.0,0.0,0.0,0.0,0.0,0.0,0.0
1802,0.028148015542369224,0.0281480155423692,0.028148015542369186,0.028148015542369186,0.0281480155423692,0.028148015542369224,0.08514178570703043,0.08514178570703042,0.0851417857070303,0.0,0.0,0.0,0.0,0.0,0.0,0.0,0.0,0.0
1803,0.028007626729166957,0.028007626729166932,0.02800762672916692,0.02800762672916692,0.028007626729166932,0.028007626729166957,0.08471713927924443,0.08471713927924442,0.0847171392792443,0.0,0.0,0.0,0.0,0.0,0.0,0.0,0.0,0.0
1804,0.02786793810809165,0.027867938108091624,0.02786793810809161,0.02786793810809161,0.027867938108091624,0.02786793810809165,0.08429461078435277,0.08429461078435276,0.08429461078435264,0.0,0.0,0.0,0.0,0.0,0.0,0.0,0.0,0.0
1805,0.0277289461869205,0.027728946186920476,0.027728946186920463,0.027728946186920463,0.027728946186920476,0.0277289461869205,0.08387418965912107,0.08387418965912105,0.08387418965912094,0.0,0.0,0.0,0.0,0.0,0.0,0.0,0.0,0.0
1806,0.027590647490848243,0.02759064749084822,0.027590647490848205,0.027590647490848205,0.02759064749084822,0.027590647490848243,0.08345586539299929,0.08345586539299928,0.08345586539299917,0.0,0.0,0.0,0.0,0.0,0.0,0.0,0.0,0.0
1807,0.02745303856240027,0.027453038562400247,0.027453038562400233,0.027453038562400233,0.027453038562400247,0.02745303856240027,0.083039627527859,0.08303962752785898,0.08303962752785887,0.0,0.0,0.0,0.0,0.0,0.0,0.0,0.0,0.0
1808,0.027316115961346206,0.02731611596134618,0.027316115961346168,0.027316115961346168,0.02731611596134618,0.027316115961346206,0.08262546565773189,0.08262546565773188,0.08262546565773177,0.0,0.0,0.0,0.0,0.0,0.0,0.0,0.0,0.0
1809,0.02717987626461389,0.027179876264613864,0.02717987626461385,0.02717987626461385,0.027179876264613864,0.02717987626461389,0.08221336942854965,0.08221336942854963,0.08221336942854952,0.0,0.0,0.0,0.0,0.0,0.0,0.0,0.0,0.0
1810,0.027044316066203805,0.027044316066203784,0.02704431606620377,0.02704431606620377,0.027044316066203784,0.027044316066203805,0.08180332853788506,0.08180332853788505,0.08180332853788494,0.0,0.0,0.0,0.0,0.0,0.0,0.0,0.0,0.0
1811,0.026909431977103937,0.026909431977103916,0.026909431977103902,0.026909431977103902,0.026909431977103916,0.026909431977103937,0.08139533273469451,0.0813953327346945,0.08139533273469439,0.0,0.0,0.0,0.0,0.0,0.0,0.0,0.0,0.0
1812,0.026775220625205032,0.02677522062520501,0.026775220625204998,0.026775220625204998,0.02677522062520501,0.026775220625205032,0.08098937181906168,0.08098937181906167,0.08098937181906156,0.0,0.0,0.0,0.0,0.0,0.0,0.0,0.0,0.0
1813,0.0266416786552163,0.02664167865521628,0.026641678655216265,0.026641678655216265,0.02664167865521628,0.0266416786552163,0.08058543564194252,0.08058543564194251,0.0805854356419424,0.0,0.0,0.0,0.0,0.0,0.0,0.0,0.0,0.0
1814,0.026508802728581537,0.026508802728581516,0.026508802728581502,0.026508802728581502,0.026508802728581516,0.026508802728581537,0.08018351410491158,0.08018351410491156,0.08018351410491145,0.0,0.0,0.0,0.0,0.0,0.0,0.0,0.0,0.0
1815,0.026376589523395656,0.026376589523395635,0.02637658952339562,0.02637658952339562,0.026376589523395635,0.026376589523395656,0.07978359715990949,0.07978359715990947,0.07978359715990936,0.0,0.0,0.0,0.0,0.0,0.0,0.0,0.0,0.0
1816,0.02624503573432164,0.02624503573432162,0.026245035734321607,0.026245035734321607,0.02624503573432162,0.02624503573432164,0.07938567480899178,0.07938567480899177,0.07938567480899165,0.0,0.0,0.0,0.0,0.0,0.0,0.0,0.0,0.0
1817,0.026114138072507915,0.026114138072507894,0.02611413807250788,0.02611413807250788,0.026114138072507894,0.026114138072507915,0.07898973710407897,0.07898973710407896,0.07898973710407885,0.0,0.0,0.0,0.0,0.0,0.0,0.0,0.0,0.0
1818,0.025983893265506115,0.025983893265506094,0.02598389326550608,0.02598389326550608,0.025983893265506094,0.025983893265506115,0.07859577414670782,0.0785957741467078,0.0785957741467077,0.0,0.0,0.0,0.0,0.0,0.0,0.0,0.0,0.0
1819,0.025854298057189282,0.02585429805718926,0.025854298057189248,0.025854298057189248,0.02585429805718926,0.025854298057189282,0.07820377608778388,0.07820377608778387,0.07820377608778376,0.0,0.0,0.0,0.0,0.0,0.0,0.0,0.0,0.0
1820,0.02572534920767046,0.025725349207670438,0.025725349207670424,0.025725349207670424,0.025725349207670438,0.02572534920767046,0.07781373312733525,0.07781373312733524,0.07781373312733512,0.0,0.0,0.0,0.0,0.0,0.0,0.0,0.0,0.0
1821,0.02559704349322169,0.025597043493221668,0.025597043493221654,0.025597043493221654,0.025597043493221668,0.02559704349322169,0.0774256355142676,0.07742563551426758,0.07742563551426748,0.0,0.0,0.0,0.0,0.0,0.0,0.0,0.0,0.0
1822,0.02546937770619343,0.02546937770619341,0.025469377706193397,0.025469377706193397,0.02546937770619341,0.02546937770619343,0.07703947354612038,0.07703947354612037,0.07703947354612029,0.0,0.0,0.0,0.0,0.0,0.0,0.0,0.0,0.0
1823,0.025342348654934357,0.025342348654934337,0.025342348654934323,0.025342348654934323,0.025342348654934337,0.025342348654934357,0.07665523756882431,0.0766552375688243,0.07665523756882421,0.0,0.0,0.0,0.0,0.0,0.0,0.0,0.0,0.0
1824,0.02521595316371157,0.025215953163711554,0.02521595316371154,0.02521595316371154,0.025215953163711554,0.02521595316371157,0.07627291797645992,0.07627291797645991,0.07627291797645983,0.0,0.0,0.0,0.0,0.0,0.0,0.0,0.0,0.0
1825,0.025090188072631213,0.025090188072631196,0.02509018807263118,0.02509018807263118,0.025090188072631196,0.025090188072631213,0.0758925052110175,0.07589250521101748,0.0758925052110174,0.0,0.0,0.0,0.0,0.0,0.0,0.0,0.0,0.0
1826,0.02496505023755945,0.024965050237559433,0.02496505023755942,0.02496505023755942,0.024965050237559433,0.02496505023755945,0.07551398976215808,0.07551398976215806,0.07551398976215798,0.0,0.0,0.0,0.0,0.0,0.0,0.0,0.0,0.0
1827,0.02484053653004389,0.024840536530043873,0.02484053653004386,0.02484053653004386,0.024840536530043873,0.02484053653004389,0.07513736216697574,0.07513736216697572,0.07513736216697564,0.0,0.0,0.0,0.0,0.0,0.0,0.0,0.0,0.0
1828,0.02471664383723536,0.024716643837235344,0.02471664383723533,0.02471664383723533,0.024716643837235344,0.02471664383723536,0.07476261300976098,0.07476261300976098,0.07476261300976089,0.0,0.0,0.0,0.0,0.0,0.0,0.0,0.0,0.0
1829,0.02459336906181009,0.02459336906181007,0.024593369061810057,0.024593369061810057,0.02459336906181007,0.02459336906181009,0.07438973292176536,0.07438973292176536,0.07438973292176528,0.0,0.0,0.0,0.0,0.0,0.0,0.0,0.0,0.0
1830,0.024470709121892267,0.02447070912189225,0.024470709121892236,0.024470709121892236,0.02447070912189225,0.024470709121892267,0.07401871258096725,0.07401871258096725,0.07401871258096716,0.0,0.0,0.0,0.0,0.0,0.0,0.0,0.0,0.0
1831,0.02434866095097701,0.024348660950976993,0.02434866095097698,0.02434866095097698,0.024348660950976993,0.02434866095097701,0.07364954271183881,0.07364954271183881,0.07364954271183873,0.0,0.0,0.0,0.0,0.0,0.0,0.0,0.0,0.0
1832,0.02422722149785369,0.02422722149785367,0.024227221497853658,0.024227221497853658,0.02422722149785367,0.02422722149785369,0.07328221408511408,0.07328221408511408,0.073282214085114,0.0,0.0,0.0,0.0,0.0,0.0,0.0,0.0,0.0
1833,0.02410638772652965,0.02410638772652963,0.024106387726529618,0.024106387726529618,0.02410638772652963,0.02410638772652965,0.07291671751755827,0.07291671751755827,0.07291671751755818,0.0,0.0,0.0,0.0,0.0,0.0,0.0,0.0,0.0
1834,0.023986156616154313,0.023986156616154296,0.023986156616154285,0.023986156616154285,0.023986156616154296,0.023986156616154313,0.07255304387173814,0.07255304387173814,0.07255304387173805,0.0,0.0,0.0,0.0,0.0,0.0,0.0,0.0,0.0
1835,0.023866525160943664,0.023866525160943647,0.023866525160943636,0.023866525160943636,0.023866525160943647,0.023866525160943664,0.07219118405579361,0.07219118405579361,0.07219118405579353,0.0,0.0,0.0,0.0,0.0,0.0,0.0,0.0,0.0
1836,0.023747490370105085,0.02374749037010507,0.02374749037010506,0.02374749037010506,0.02374749037010507,0.023747490370105085,0.07183112902321044,0.07183112902321044,0.07183112902321036,0.0,0.0,0.0,0.0,0.0,0.0,0.0,0.0,0.0
1837,0.02362904926776261,0.023629049267762596,0.023629049267762586,0.023629049267762586,0.023629049267762596,0.02362904926776261,0.07147286977259405,0.07147286977259405,0.07147286977259397,0.0,0.0,0.0,0.0,0.0,0.0,0.0,0.0,0.0
1838,0.023511198892882508,0.023511198892882494,0.023511198892882484,0.023511198892882484,0.023511198892882494,0.023511198892882508,0.07111639734744453,0.07111639734744453,0.07111639734744445,0.0,0.0,0.0,0.0,0.0,0.0,0.0,0.0,0.0
1839,0.023393936299199274,0.02339393629919926,0.02339393629919925,0.02339393629919925,0.02339393629919926,0.023393936299199274,0.07076170283593268,0.07076170283593268,0.0707617028359326,0.0,0.0,0.0,0.0,0.0,0.0,0.0,0.0,0.0
1840,0.023277258555141952,0.023277258555141938,0.023277258555141928,0.023277258555141928,0.023277258555141938,0.023277258555141952,0.07040877737067723,0.07040877737067723,0.07040877737067715,0.0,0.0,0.0,0.0,0.0,0.0,0.0,0.0,0.0
1841,0.023161162743760868,0.023161162743760854,0.023161162743760844,0.023161162743760844,0.023161162743760854,0.023161162743760868,0.07005761212852318,0.07005761212852318,0.0700576121285231,0.0,0.0,0.0,0.0,0.0,0.0,0.0,0.0,0.0
1842,0.02304564596265469,0.023045645962654675,0.023045645962654664,0.023045645962654664,0.023045645962654675,0.02304564596265469,0.06970819833032119,0.06970819833032119,0.0697081983303211,0.0,0.0,0.0,0.0,0.0,0.0,0.0,0.0,0.0
1843,0.022930705323897873,0.02293070532389786,0.02293070532389785,0.02293070532389785,0.02293070532389786,0.022930705323897873,0.06936052724070808,0.06936052724070808,0.069360527240708,0.0,0.0,0.0,0.0,0.0,0.0,0.0,0.0,0.0
1844,0.022816337953968462,0.02281633795396845,0.022816337953968438,0.022816337953968438,0.02281633795396845,0.022816337953968462,0.06901459016788852,0.06901459016788852,0.06901459016788844,0.0,0.0,0.0,0.0,0.0,0.0,0.0,0.0,0.0
1845,0.022702540993676253,0.02270254099367624,0.02270254099367623,0.02270254099367623,0.02270254099367624,0.022702540993676253,0.06867037846341768,0.06867037846341768,0.0686703784634176,0.0,0.0,0.0,0.0,0.0,0.0,0.0,0.0,0.0
1846,0.02258931159809131,0.022589311598091296,0.022589311598091286,0.022589311598091286,0.022589311598091296,0.02258931159809131,0.068327883521985,0.068327883521985,0.06832788352198492,0.0,0.0,0.0,0.0,0.0,0.0,0.0,0.0,0.0
1847,0.022476646936472847,0.022476646936472833,0.022476646936472822,0.022476646936472822,0.022476646936472833,0.022476646936472847,0.06798709678119913,0.06798709678119913,0.06798709678119905,0.0,0.0,0.0,0.0,0.0,0.0,0.0,0.0,0.0
1848,0.022364544192198455,0.02236454419219844,0.02236454419219843,0.02236454419219843,0.02236454419219844,0.022364544192198455,0.06764800972137378,0.06764800972137378,0.06764800972137369,0.0,0.0,0.0,0.0,0.0,0.0,0.0,0.0,0.0
1849,0.02225300056269369,0.022253000562693675,0.022253000562693664,0.022253000562693664,0.022253000562693675,0.02225300056269369,0.0673106138653148,0.0673106138653148,0.06731061386531471,0.0,0.0,0.0,0.0,0.0,0.0,0.0,0.0,0.0
1850,0.022142013259362003,0.02214201325936199,0.02214201325936198,0.02214201325936198,0.02214201325936199,0.022142013259362003,0.06697490077810822,0.06697490077810822,0.06697490077810814,0.0,0.0,0.0,0.0,0.0,0.0,0.0,0.0,0.0
1851,0.02203157950751503,0.02203157950751502,0.022031579507515008,0.022031579507515008,0.02203157950751502,0.02203157950751503,0.06664086206690936,0.06664086206690936,0.06664086206690929,0.0,0.0,0.0,0.0,0.0,0.0,0.0,0.0,0.0
1852,0.021921696546303222,0.021921696546303215,0.021921696546303205,0.021921696546303205,0.021921696546303215,0.021921696546303222,0.06630848938073307,0.06630848938073307,0.066308489380733,0.0,0.0,0.0,0.0,0.0,0.0,0.0,0.0,0.0
1853,0.02181236162864683,0.021812361628646824,0.021812361628646814,0.021812361628646814,0.021812361628646824,0.02181236162864683,0.06597777441024485,0.06597777441024485,0.06597777441024479,0.0,0.0,0.0,0.0,0.0,0.0,0.0,0.0,0.0
1854,0.021703572021167218,0.02170357202116721,0.0217035720211672,0.0217035720211672,0.02170357202116721,0.021703572021167218,0.06564870888755325,0.06564870888755325,0.06564870888755318,0.0,0.0,0.0,0.0,0.0,0.0,0.0,0.0,0.0
1855,0.02159532500411853,0.021595325004118524,0.021595325004118513,0.021595325004118513,0.021595325004118524,0.02159532500411853,0.06532128458600304,0.06532128458600304,0.06532128458600298,0.0,0.0,0.0,0.0,0.0,0.0,0.0,0.0,0.0
1856,0.0214876178713197,0.021487617871319694,0.021487617871319684,0.021487617871319684,0.021487617871319694,0.0214876178713197,0.06499549331996964,0.06499549331996964,0.06499549331996957,0.0,0.0,0.0,0.0,0.0,0.0,0.0,0.0,0.0
1857,0.021380447930086803,0.021380447930086796,0.021380447930086786,0.021380447930086786,0.021380447930086796,0.021380447930086803,0.06467132694465441,0.06467132694465441,0.06467132694465434,0.0,0.0,0.0,0.0,0.0,0.0,0.0,0.0,0.0
1858,0.021273812501165723,0.021273812501165716,0.021273812501165706,0.021273812501165706,0.021273812501165716,0.021273812501165723,0.0643487773558811,0.0643487773558811,0.06434877735588103,0.0,0.0,0.0,0.0,0.0,0.0,0.0,0.0,0.0
1859,0.021167708918665182,0.021167708918665176,0.021167708918665165,0.021167708918665165,0.021167708918665176,0.021167708918665182,0.06402783648989319,0.06402783648989319,0.06402783648989312,0.0,0.0,0.0,0.0,0.0,0.0,0.0,0.0,0.0
1860,0.021062134529990097,0.02106213452999009,0.02106213452999008,0.02106213452999008,0.02106213452999009,0.021062134529990097,0.06370849632315231,0.06370849632315231,0.06370849632315224,0.0,0.0,0.0,0.0,0.0,0.0,0.0,0.0,0.0
1861,0.020957086695775246,0.02095708669577524,0.02095708669577523,0.02095708669577523,0.02095708669577524,0.020957086695775246,0.06339074887213766,0.06339074887213766,0.0633907488721376,0.0,0.0,0.0,0.0,0.0,0.0,0.0,0.0,0.0
1862,0.020852562789819305,0.0208525627898193,0.020852562789819288,0.020852562789819288,0.0208525627898193,0.020852562789819305,0.06307458619314643,0.06307458619314643,0.06307458619314636,0.0,0.0,0.0,0.0,0.0,0.0,0.0,0.0,0.0
1863,0.020748560199019182,0.020748560199019175,0.020748560199019165,0.020748560199019165,0.020748560199019175,0.020748560199019182,0.06276000038209516,0.06276000038209516,0.06276000038209509,0.0,0.0,0.0,0.0,0.0,0.0,0.0,0.0,0.0
1864,0.02064507632330469,0.020645076323304683,0.020645076323304673,0.020645076323304673,0.020645076323304683,0.02064507632330469,0.06244698357432219,0.06244698357432219,0.06244698357432212,0.0,0.0,0.0,0.0,0.0,0.0,0.0,0.0,0.0
1865,0.020542108575573547,0.02054210857557354,0.02054210857557353,0.02054210857557353,0.02054210857557354,0.020542108575573547,0.062135527944391034,0.06213552794439103,0.06213552794439097,0.0,0.0,0.0,0.0,0.0,0.0,0.0,0.0,0.0
1866,0.020439654381626694,0.020439654381626687,0.020439654381626676,0.020439654381626676,0.020439654381626687,0.020439654381626694,0.06182562570589471,0.061825625705894706,0.06182562570589465,0.0,0.0,0.0,0.0,0.0,0.0,0.0,0.0,0.0
1867,0.020337711180103947,0.02033771118010394,0.02033771118010393,0.02033771118010393,0.02033771118010394,0.020337711180103947,0.061517269111261125,0.06151726911126112,0.06151726911126107,0.0,0.0,0.0,0.0,0.0,0.0,0.0,0.0,0.0
1868,0.02023627642241996,0.020236276422419954,0.020236276422419944,0.020236276422419944,0.020236276422419954,0.02023627642241996,0.06121045045155935,0.061210450451559345,0.061210450451559296,0.0,0.0,0.0,0.0,0.0,0.0,0.0,0.0,0.0
1869,0.02013534757270051,0.020135347572700503,0.020135347572700493,0.020135347572700493,0.020135347572700503,0.02013534757270051,0.06090516205630691,0.0609051620563069,0.060905162056306854,0.0,0.0,0.0,0.0,0.0,0.0,0.0,0.0,0.0
1870,0.020034922107719094,0.020034922107719087,0.020034922107719077,0.020034922107719077,0.020034922107719087,0.020034922107719094,0.06060139629327802,0.060601396293278015,0.060601396293277966,0.0,0.0,0.0,0.0,0.0,0.0,0.0,0.0,0.0
1871,0.019934997516833856,0.01993499751683385,0.01993499751683384,0.01993499751683384,0.01993499751683385,0.019934997516833856,0.06029914556831279,0.060299145568312784,0.060299145568312736,0.0,0.0,0.0,0.0,0.0,0.0,0.0,0.0,0.0
1872,0.01983557130192482,0.019835571301924815,0.019835571301924804,0.019835571301924804,0.019835571301924815,0.01983557130192482,0.059998402325127355,0.05999840232512735,0.0599984023251273,0.0,0.0,0.0,0.0,0.0,0.0,0.0,0.0,0.0
1873,0.019736640977331438,0.01973664097733143,0.01973664097733142,0.01973664097733142,0.01973664097733143,0.019736640977331438,0.05969915904512497,0.05969915904512496,0.05969915904512491,0.0,0.0,0.0,0.0,0.0,0.0,0.0,0.0,0.0
1874,0.01963820406979044,0.019638204069790433,0.019638204069790423,0.019638204069790423,0.019638204069790433,0.01963820406979044,0.05940140824720804,0.059401408247208035,0.059401408247207986,0.0,0.0,0.0,0.0,0.0,0.0,0.0,0.0,0.0
1875,0.01954025811837401,0.019540258118374003,0.019540258118373992,0.019540258118373992,0.019540258118374003,0.01954025811837401,0.05910514248759112,0.05910514248759111,0.059105142487591064,0.0,0.0,0.0,0.0,0.0,0.0,0.0,0.0,0.0
1876,0.019442800674428263,0.019442800674428256,0.019442800674428246,0.019442800674428246,0.019442800674428256,0.019442800674428263,0.058810354359614785,0.05881035435961478,0.05881035435961473,0.0,0.0,0.0,0.0,0.0,0.0,0.0,0.0,0.0
1877,0.019345829301512022,0.019345829301512015,0.019345829301512005,0.019345829301512005,0.019345829301512015,0.019345829301512022,0.05851703649356048,0.05851703649356047,0.05851703649356042,0.0,0.0,0.0,0.0,0.0,0.0,0.0,0.0,0.0
1878,0.019249341575335914,0.019249341575335907,0.019249341575335897,0.019249341575335897,0.019249341575335907,0.019249341575335914,0.05822518155646628,0.05822518155646627,0.05822518155646622,0.0,0.0,0.0,0.0,0.0,0.0,0.0,0.0,0.0
1879,0.01915333508370176,0.019153335083701754,0.019153335083701744,0.019153335083701744,0.019153335083701754,0.01915333508370176,0.05793478225194355,0.057934782251943547,0.0579347822519435,0.0,0.0,0.0,0.0,0.0,0.0,0.0,0.0,0.0
1880,0.01905780742644227,0.019057807426442263,0.019057807426442253,0.019057807426442253,0.019057807426442263,0.01905780742644227,0.05764583131999457,0.05764583131999456,0.05764583131999451,0.0,0.0,0.0,0.0,0.0,0.0,0.0,0.0,0.0
1881,0.018962756215361035,0.01896275621536103,0.018962756215361018,0.018962756215361018,0.01896275621536103,0.018962756215361035,0.05735832153683097,0.057358321536830965,0.05735832153683092,0.0,0.0,0.0,0.0,0.0,0.0,0.0,0.0,0.0
1882,0.01886817907417283,0.018868179074172823,0.018868179074172813,0.018868179074172813,0.018868179074172823,0.01886817907417283,0.05707224571469321,0.0570722457146932,0.05707224571469315,0.0,0.0,0.0,0.0,0.0,0.0,0.0,0.0,0.0
1883,0.018774073638444196,0.01877407363844419,0.018774073638444178,0.018774073638444178,0.01877407363844419,0.018774073638444196,0.05678759670167083,0.05678759670167082,0.05678759670167077,0.0,0.0,0.0,0.0,0.0,0.0,0.0,0.0,0.0
1884,0.018680437555534342,0.018680437555534335,0.018680437555534325,0.018680437555534325,0.018680437555534335,0.018680437555534342,0.05650436738152368,0.056504367381523674,0.056504367381523625,0.0,0.0,0.0,0.0,0.0,0.0,0.0,0.0,0.0
1885,0.018587268484536314,0.018587268484536307,0.018587268484536297,0.018587268484536297,0.018587268484536307,0.018587268484536314,0.056222550673504006,0.056222550673504,0.05622255067350395,0.0,0.0,0.0,0.0,0.0,0.0,0.0,0.0,0.0
1886,0.01849456409621849,0.018494564096218483,0.018494564096218472,0.018494564096218472,0.018494564096218483,0.01849456409621849,0.055942139532179434,0.05594213953217943,0.05594213953217938,0.0,0.0,0.0,0.0,0.0,0.0,0.0,0.0,0.0
1887,0.01840232207296633,0.018402322072966323,0.018402322072966312,0.018402322072966312,0.018402322072966323,0.01840232207296633,0.05566312694725682,0.055663126947256815,0.055663126947256766,0.0,0.0,0.0,0.0,0.0,0.0,0.0,0.0,0.0
1888,0.01831054010872445,0.018310540108724443,0.018310540108724432,0.018310540108724432,0.018310540108724443,0.01831054010872445,0.055385505943407014,0.05538550594340701,0.05538550594340696,0.0,0.0,0.0,0.0,0.0,0.0,0.0,0.0,0.0
1889,0.018219215908938963,0.018219215908938956,0.018219215908938945,0.018219215908938945,0.018219215908938956,0.018219215908938963,0.05510926958009046,0.05510926958009045,0.0551092695800904,0.0,0.0,0.0,0.0,0.0,0.0,0.0,0.0,0.0
1890,0.018128347190500115,0.018128347190500108,0.018128347190500098,0.018128347190500098,0.018128347190500108,0.018128347190500115,0.05483441095138368,0.05483441095138367,0.054834410951383625,0.0,0.0,0.0,0.0,0.0,0.0,0.0,0.0,0.0
1891,0.018037931681685215,0.01803793168168521,0.018037931681685198,0.018037931681685198,0.01803793168168521,0.018037931681685215,0.054560923185806645,0.05456092318580664,0.05456092318580659,0.0,0.0,0.0,0.0,0.0,0.0,0.0,0.0,0.0
1892,0.017947967122101834,0.017947967122101827,0.017947967122101817,0.017947967122101817,0.017947967122101827,0.017947967122101834,0.054288799446150976,0.05428879944615097,0.05428879944615092,0.0,0.0,0.0,0.0,0.0,0.0,0.0,0.0,0.0
1893,0.017858451262631296,0.017858451262631293,0.017858451262631282,0.017858451262631282,0.017858451262631293,0.017858451262631296,0.054018032929309,0.05401803292930899,0.05401803292930894,0.0,0.0,0.0,0.0,0.0,0.0,0.0,0.0,0.0
1894,0.017769381865372455,0.01776938186537245,0.01776938186537244,0.01776938186537244,0.01776938186537245,0.017769381865372455,0.053748616866103695,0.05374861686610369,0.053748616866103646,0.0,0.0,0.0,0.0,0.0,0.0,0.0,0.0,0.0
1895,0.017680756703585737,0.017680756703585734,0.017680756703585723,0.017680756703585723,0.017680756703585734,0.017680756703585737,0.05348054452111946,0.05348054452111945,0.05348054452111941,0.0,0.0,0.0,0.0,0.0,0.0,0.0,0.0,0.0
1896,0.017592573561637483,0.01759257356163748,0.01759257356163747,0.01759257356163747,0.01759257356163748,0.017592573561637483,0.0532138091925337,0.05321380919253369,0.05321380919253365,0.0,0.0,0.0,0.0,0.0,0.0,0.0,0.0,0.0
1897,0.01750483023494455,0.017504830234944545,0.017504830234944535,0.017504830234944535,0.017504830234944545,0.01750483023494455,0.0529484042119493,0.052948404211949296,0.052948404211949254,0.0,0.0,0.0,0.0,0.0,0.0,0.0,0.0,0.0
1898,0.0174175245299192,0.017417524529919196,0.017417524529919185,0.017417524529919185,0.017417524529919196,0.0174175245299192,0.05268432294422794,0.05268432294422793,0.05268432294422789,0.0,0.0,0.0,0.0,0.0,0.0,0.0,0.0,0.0
1899,0.01733065426391426,0.017330654263914256,0.017330654263914246,0.017330654263914246,0.017330654263914256,0.01733065426391426,0.05242155878732416,0.05242155878732415,0.05242155878732411,0.0,0.0,0.0,0.0,0.0,0.0,0.0,0.0,0.0
1900,0.017244217265168556,0.017244217265168553,0.017244217265168546,0.017244217265168546,0.017244217265168553,0.017244217265168556,0.05216010517212035,0.052160105172120344,0.0521601051721203,0.0,0.0,0.0,0.0,0.0,0.0,0.0,0.0,0.0
1901,0.01715821137275262,0.017158211372752617,0.01715821137275261,0.01715821137275261,0.017158211372752617,0.01715821137275262,0.05189995556226252,0.05189995556226251,0.05189995556226248,0.0,0.0,0.0,0.0,0.0,0.0,0.0,0.0,0.0
1902,0.01707263443651466,0.017072634436514657,0.01707263443651465,0.01707263443651465,0.017072634436514657,0.01707263443651466,0.05164110345399687,0.05164110345399686,0.05164110345399683,0.0,0.0,0.0,0.0,0.0,0.0,0.0,0.0,0.0
1903,0.016987484317026815,0.01698748431702681,0.016987484317026805,0.016987484317026805,0.01698748431702681,0.016987484317026815,0.051383542376007216,0.05138354237600721,0.051383542376007174,0.0,0.0,0.0,0.0,0.0,0.0,0.0,0.0,0.0
1904,0.016902758885531662,0.01690275888553166,0.016902758885531652,0.016902758885531652,0.01690275888553166,0.016902758885531662,0.05112726588925319,0.05112726588925318,0.05112726588925315,0.0,0.0,0.0,0.0,0.0,0.0,0.0,0.0,0.0
1905,0.016818456023889,0.016818456023888997,0.01681845602388899,0.01681845602388899,0.016818456023888997,0.016818456023889,0.050872267586809274,0.05087226758680927,0.05087226758680923,0.0,0.0,0.0,0.0,0.0,0.0,0.0,0.0,0.0
1906,0.016734573624522898,0.016734573624522894,0.016734573624522887,0.016734573624522887,0.016734573624522894,0.016734573624522898,0.05061854109370463,0.05061854109370462,0.05061854109370459,0.0,0.0,0.0,0.0,0.0,0.0,0.0,0.0,0.0
1907,0.016651109590369,0.016651109590368997,0.01665110959036899,0.01665110959036899,0.016651109590368997,0.016651109590369,0.05036608006676371,0.050366080066763706,0.05036608006676367,0.0,0.0,0.0,0.0,0.0,0.0,0.0,0.0,0.0
1908,0.01656806183482211,0.016568061834822106,0.0165680618348221,0.0165680618348221,0.016568061834822106,0.01656806183482211,0.0501148781944477,0.050114878194447696,0.05011487819444766,0.0,0.0,0.0,0.0,0.0,0.0,0.0,0.0,0.0
1909,0.01648542828168401,0.016485428281684006,0.016485428281684,0.016485428281684,0.016485428281684006,0.01648542828168401,0.0498649291966967,0.049864929196696696,0.04986492919669666,0.0,0.0,0.0,0.0,0.0,0.0,0.0,0.0,0.0
1910,0.016403206865111566,0.016403206865111562,0.016403206865111555,0.016403206865111555,0.016403206865111562,0.016403206865111566,0.049616226824772756,0.04961622682477275,0.049616226824772715,0.0,0.0,0.0,0.0,0.0,0.0,0.0,0.0,0.0
1911,0.016321395529565085,0.01632139552956508,0.016321395529565075,0.016321395529565075,0.01632139552956508,0.016321395529565085,0.04936876486110361,0.0493687648611036,0.049368764861103566,0.0,0.0,0.0,0.0,0.0,0.0,0.0,0.0,0.0
1912,0.016239992229756917,0.016239992229756913,0.016239992229756906,0.016239992229756906,0.016239992229756913,0.016239992229756917,0.04912253711912728,0.04912253711912727,0.04912253711912724,0.0,0.0,0.0,0.0,0.0,0.0,0.0,0.0,0.0
1913,0.016158994930600325,0.016158994930600322,0.016158994930600315,0.016158994930600315,0.016158994930600322,0.016158994930600325,0.048877537443137394,0.04887753744313739,0.04887753744313735,0.0,0.0,0.0,0.0,0.0,0.0,0.0,0.0,0.0
1914,0.016078401607158614,0.01607840160715861,0.016078401607158604,0.016078401607158604,0.01607840160715861,0.016078401607158614,0.0486337597081293,0.04863375970812929,0.048633759708129255,0.0,0.0,0.0,0.0,0.0,0.0,0.0,0.0,0.0
1915,0.0159982102445945,0.015998210244594496,0.01599821024459449,0.01599821024459449,0.015998210244594496,0.0159982102445945,0.04839119781964692,0.04839119781964691,0.048391197819646875,0.0,0.0,0.0,0.0,0.0,0.0,0.0,0.0,0.0
1916,0.01591841883811974,0.015918418838119737,0.01591841883811973,0.01591841883811973,0.015918418838119737,0.01591841883811974,0.0481498457136304,0.048149845713630395,0.04814984571363036,0.0,0.0,0.0,0.0,0.0,0.0,0.0,0.0,0.0
1917,0.01583902539294502,0.015839025392945016,0.01583902539294501,0.01583902539294501,0.015839025392945016,0.01583902539294502,0.04790969735626453,0.047909697356264526,0.04790969735626449,0.0,0.0,0.0,0.0,0.0,0.0,0.0,0.0,0.0
1918,0.015760027924230074,0.01576002792423007,0.015760027924230063,0.015760027924230063,0.01576002792423007,0.015760027924230074,0.04767074674382787,0.04767074674382786,0.04767074674382783,0.0,0.0,0.0,0.0,0.0,0.0,0.0,0.0,0.0
1919,0.01568142445703407,0.015681424457034066,0.01568142445703406,0.01568142445703406,0.015681424457034066,0.01568142445703407,0.047432987902542655,0.04743298790254265,0.04743298790254262,0.0,0.0,0.0,0.0,0.0,0.0,0.0,0.0,0.0
1920,0.015603213026266232,0.015603213026266228,0.015603213026266221,0.015603213026266221,0.015603213026266228,0.015603213026266232,0.04719641488842548,0.04719641488842547,0.04719641488842544,0.0,0.0,0.0,0.0,0.0,0.0,0.0,0.0,0.0
1921,0.015525391676636718,0.015525391676636715,0.015525391676636708,0.015525391676636708,0.015525391676636715,0.015525391676636718,0.04696102178713866,0.04696102178713865,0.046961021787138624,0.0,0.0,0.0,0.0,0.0,0.0,0.0,0.0,0.0
1922,0.015447958462607736,0.015447958462607733,0.015447958462607726,0.015447958462607726,0.015447958462607733,0.015447958462607736,0.04672680271384241,0.0467268027138424,0.04672680271384237,0.0,0.0,0.0,0.0,0.0,0.0,0.0,0.0,0.0
1923,0.0153709114483449,0.015370911448344897,0.01537091144834489,0.01537091144834489,0.015370911448344897,0.0153709114483449,0.04649375181304769,0.046493751813047685,0.04649375181304766,0.0,0.0,0.0,0.0,0.0,0.0,0.0,0.0,0.0
1924,0.015294248707668842,0.01529424870766884,0.015294248707668833,0.015294248707668833,0.01529424870766884,0.015294248707668842,0.04626186325846985,0.04626186325846984,0.046261863258469815,0.0,0.0,0.0,0.0,0.0,0.0,0.0,0.0,0.0
1925,0.015217968324007052,0.01521796832400705,0.015217968324007044,0.015217968324007044,0.01521796832400705,0.015217968324007052,0.04603113125288295,0.04603113125288294,0.04603113125288291,0.0,0.0,0.0,0.0,0.0,0.0,0.0,0.0,0.0
1926,0.015142068390345965,0.015142068390345964,0.015142068390345957,0.015142068390345957,0.015142068390345964,0.015142068390345965,0.04580155002797482,0.04580155002797481,0.045801550027974786,0.0,0.0,0.0,0.0,0.0,0.0,0.0,0.0,0.0
1927,0.015066547009183287,0.015066547009183286,0.015066547009183279,0.015066547009183279,0.015066547009183286,0.015066547009183287,0.045573113844202894,0.04557311384420289,0.04557311384420286,0.0,0.0,0.0,0.0,0.0,0.0,0.0,0.0,0.0
1928,0.014991402292480556,0.014991402292480555,0.014991402292480548,0.014991402292480548,0.014991402292480555,0.014991402292480556,0.04534581699065068,0.04534581699065067,0.04534581699065064,0.0,0.0,0.0,0.0,0.0,0.0,0.0,0.0,0.0
1929,0.01491663236161594,0.014916632361615938,0.01491663236161593,0.01491663236161593,0.014916632361615938,0.01491663236161594,0.045119653784884986,0.04511965378488498,0.04511965378488495,0.0,0.0,0.0,0.0,0.0,0.0,0.0,0.0,0.0
1930,0.014842235347337272,0.01484223534733727,0.014842235347337264,0.014842235347337264,0.01484223534733727,0.014842235347337272,0.044894618572813905,0.0448946185728139,0.04489461857281387,0.0,0.0,0.0,0.0,0.0,0.0,0.0,0.0,0.0
1931,0.014768209389715322,0.01476820938971532,0.014768209389715313,0.014768209389715313,0.01476820938971532,0.014768209389715322,0.0446707057285454,0.044670705728545396,0.04467070572854537,0.0,0.0,0.0,0.0,0.0,0.0,0.0,0.0,0.0
1932,0.014694552638097292,0.01469455263809729,0.014694552638097283,0.014694552638097283,0.01469455263809729,0.014694552638097292,0.04444790965424672,0.04444790965424671,0.044447909654246685,0.0,0.0,0.0,0.0,0.0,0.0,0.0,0.0,0.0
1933,0.014621263251060557,0.014621263251060555,0.014621263251060548,0.014621263251060548,0.014621263251060555,0.014621263251060557,0.04422622478000439,0.04422622478000438,0.044226224780004354,0.0,0.0,0.0,0.0,0.0,0.0,0.0,0.0,0.0
1934,0.014548339396366622,0.01454833939636662,0.014548339396366614,0.014548339396366614,0.01454833939636662,0.014548339396366622,0.04400564556368501,0.044005645563685004,0.04400564556368498,0.0,0.0,0.0,0.0,0.0,0.0,0.0,0.0,0.0
1935,0.014475779250915324,0.014475779250915323,0.014475779250915316,0.014475779250915316,0.014475779250915323,0.014475779250915324,0.04378616649079668,0.043786166490796675,0.04378616649079665,0.0,0.0,0.0,0.0,0.0,0.0,0.0,0.0,0.0
1936,0.014403581000699247,0.014403581000699245,0.014403581000699238,0.014403581000699238,0.014403581000699245,0.014403581000699247,0.043567782074351157,0.04356778207435115,0.04356778207435112,0.0,0.0,0.0,0.0,0.0,0.0,0.0,0.0,0.0
1937,0.014331742840758374,0.014331742840758372,0.014331742840758365,0.014331742840758365,0.014331742840758372,0.014331742840758374,0.04335048685472665,0.043350486854726644,0.043350486854726616,0.0,0.0,0.0,0.0,0.0,0.0,0.0,0.0,0.0
1938,0.014260262975134965,0.014260262975134963,0.014260262975134956,0.014260262975134956,0.014260262975134963,0.014260262975134965,0.04313427539953135,0.043134275399531345,0.04313427539953132,0.0,0.0,0.0,0.0,0.0,0.0,0.0,0.0,0.0
1939,0.014189139616828658,0.014189139616828656,0.014189139616828649,0.014189139616828649,0.014189139616828656,0.014189139616828658,0.04291914230346762,0.04291914230346761,0.042919142303467585,0.0,0.0,0.0,0.0,0.0,0.0,0.0,0.0,0.0
1940,0.014118370987751788,0.014118370987751786,0.01411837098775178,0.01411837098775178,0.014118370987751786,0.014118370987751788,0.042705082188196845,0.04270508218819684,0.04270508218819681,0.0,0.0,0.0,0.0,0.0,0.0,0.0,0.0,0.0
1941,0.014047955318684946,0.014047955318684944,0.014047955318684937,0.014047955318684937,0.014047955318684944,0.014047955318684946,0.042492089702205,0.04249208970220499,0.042492089702204965,0.0,0.0,0.0,0.0,0.0,0.0,0.0,0.0,0.0
1942,0.013977890849232736,0.013977890849232734,0.013977890849232727,0.013977890849232727,0.013977890849232734,0.013977890849232736,0.04228015952066884,0.04228015952066883,0.04228015952066881,0.0,0.0,0.0,0.0,0.0,0.0,0.0,0.0,0.0
1943,0.013908175827779772,0.01390817582777977,0.013908175827779763,0.013908175827779763,0.01390817582777977,0.013908175827779772,0.042069286345322796,0.04206928634532279,0.04206928634532277,0.0,0.0,0.0,0.0,0.0,0.0,0.0,0.0,0.0
1944,0.013838808511446888,0.013838808511446886,0.013838808511446879,0.013838808511446879,0.013838808511446886,0.013838808511446888,0.041859464904326495,0.04185946490432649,0.04185946490432647,0.0,0.0,0.0,0.0,0.0,0.0,0.0,0.0,0.0
1945,0.013769787166047561,0.01376978716604756,0.013769787166047553,0.013769787166047553,0.01376978716604756,0.013769787166047561,0.04165068995213298,0.041650689952132974,0.041650689952132953,0.0,0.0,0.0,0.0,0.0,0.0,0.0,0.0,0.0
1946,0.013701110066044563,0.013701110066044561,0.013701110066044554,0.013701110066044554,0.013701110066044561,0.013701110066044563,0.04144295626935758,0.041442956269357574,0.04144295626935755,0.0,0.0,0.0,0.0,0.0,0.0,0.0,0.0,0.0
1947,0.013632775494506815,0.013632775494506814,0.013632775494506807,0.013632775494506807,0.013632775494506814,0.013632775494506815,0.0412362586626474,0.04123625866264739,0.04123625866264737,0.0,0.0,0.0,0.0,0.0,0.0,0.0,0.0,0.0
1948,0.013564781743066473,0.013564781743066471,0.013564781743066464,0.013564781743066464,0.013564781743066471,0.013564781743066473,0.04103059196455151,0.041030591964551506,0.041030591964551485,0.0,0.0,0.0,0.0,0.0,0.0,0.0,0.0,0.0
1949,0.013497127111876206,0.013497127111876204,0.013497127111876197,0.013497127111876197,0.013497127111876204,0.013497127111876206,0.040825951033391754,0.04082595103339175,0.040825951033391726,0.0,0.0,0.0,0.0,0.0,0.0,0.0,0.0,0.0
1950,0.013429809909566711,0.01342980990956671,0.013429809909566702,0.013429809909566702,0.01342980990956671,0.013429809909566711,0.04062233075313418,0.04062233075313417,0.04062233075313415,0.0,0.0,0.0,0.0,0.0,0.0,0.0,0.0,0.0
1951,0.013362828453204426,0.013362828453204424,0.013362828453204417,0.013362828453204417,0.013362828453204424,0.013362828453204426,0.04041972603326118,0.040419726033261175,0.040419726033261154,0.0,0.0,0.0,0.0,0.0,0.0,0.0,0.0,0.0
1952,0.013296181068249452,0.01329618106824945,0.013296181068249443,0.013296181068249443,0.01329618106824945,0.013296181068249452,0.04021813180864421,0.040218131808644204,0.040218131808644184,0.0,0.0,0.0,0.0,0.0,0.0,0.0,0.0,0.0
1953,0.013229866088513694,0.013229866088513693,0.013229866088513686,0.013229866088513686,0.013229866088513693,0.013229866088513694,0.04001754303941715,0.040017543039417146,0.040017543039417125,0.0,0.0,0.0,0.0,0.0,0.0,0.0,0.0,0.0
1954,0.013163881856119206,0.013163881856119204,0.013163881856119197,0.013163881856119197,0.013163881856119204,0.013163881856119206,0.039817954710850326,0.03981795471085032,0.0398179547108503,0.0,0.0,0.0,0.0,0.0,0.0,0.0,0.0,0.0
1955,0.013098226721456739,0.013098226721456737,0.01309822672145673,0.01309822672145673,0.013098226721456737,0.013098226721456739,0.03961936183322513,0.03961936183322512,0.0396193618332251,0.0,0.0,0.0,0.0,0.0,0.0,0.0,0.0,0.0
1956,0.01303289904314451,0.013032899043144508,0.0130328990431445,0.0130328990431445,0.013032899043144508,0.01303289904314451,0.03942175944170927,0.03942175944170926,0.03942175944170924,0.0,0.0,0.0,0.0,0.0,0.0,0.0,0.0,0.0
1957,0.012967897187987156,0.012967897187987154,0.012967897187987147,0.012967897187987147,0.012967897187987154,0.012967897187987156,0.03922514259623267,0.039225142596232665,0.039225142596232644,0.0,0.0,0.0,0.0,0.0,0.0,0.0,0.0,0.0
1958,0.012903219530934915,0.012903219530934913,0.012903219530934906,0.012903219530934906,0.012903219530934913,0.012903219530934915,0.03902950638136396,0.03902950638136395,0.03902950638136393,0.0,0.0,0.0,0.0,0.0,0.0,0.0,0.0,0.0
1959,0.01283886445504299,0.012838864455042988,0.012838864455042981,0.012838864455042981,0.012838864455042988,0.01283886445504299,0.03883484590618757,0.03883484590618756,0.03883484590618754,0.0,0.0,0.0,0.0,0.0,0.0,0.0,0.0,0.0
1960,0.012774830351431132,0.01277483035143113,0.012774830351431123,0.012774830351431123,0.01277483035143113,0.012774830351431132,0.03864115630418148,0.038641156304181475,0.038641156304181454,0.0,0.0,0.0,0.0,0.0,0.0,0.0,0.0,0.0
1961,0.012711115619243415,0.012711115619243414,0.012711115619243407,0.012711115619243407,0.012711115619243414,0.012711115619243415,0.03844843273309556,0.038448432733095554,0.03844843273309553,0.0,0.0,0.0,0.0,0.0,0.0,0.0,0.0,0.0
1962,0.012647718665608218,0.012647718665608217,0.01264771866560821,0.01264771866560821,0.012647718665608217,0.012647718665608218,0.03825667037483049,0.038256670374830486,0.038256670374830465,0.0,0.0,0.0,0.0,0.0,0.0,0.0,0.0,0.0
1963,0.012584637905598398,0.012584637905598396,0.012584637905598389,0.012584637905598389,0.012584637905598396,0.012584637905598398,0.03806586443531733,0.03806586443531732,0.0380658644353173,0.0,0.0,0.0,0.0,0.0,0.0,0.0,0.0,0.0
1964,0.012521871762191666,0.012521871762191664,0.012521871762191657,0.012521871762191657,0.012521871762191664,0.012521871762191666,0.03787601014439765,0.03787601014439764,0.03787601014439762,0.0,0.0,0.0,0.0,0.0,0.0,0.0,0.0,0.0
1965,0.01245941866623117,0.012459418666231169,0.012459418666231162,0.012459418666231162,0.012459418666231169,0.01245941866623117,0.03768710275570429,0.037687102755704284,0.03768710275570426,0.0,0.0,0.0,0.0,0.0,0.0,0.0,0.0,0.0
1966,0.01239727705638626,0.012397277056386258,0.012397277056386252,0.012397277056386252,0.012397277056386258,0.01239727705638626,0.037499137546542695,0.03749913754654269,0.03749913754654267,0.0,0.0,0.0,0.0,0.0,0.0,0.0,0.0,0.0
1967,0.012335445379113451,0.01233544537911345,0.012335445379113442,0.012335445379113442,0.01233544537911345,0.012335445379113451,0.037312109817772846,0.03731210981777284,0.03731210981777282,0.0,0.0,0.0,0.0,0.0,0.0,0.0,0.0,0.0
1968,0.012273922088617592,0.01227392208861759,0.012273922088617583,0.012273922088617583,0.01227392208861759,0.012273922088617592,0.03712601489369178,0.03712601489369177,0.03712601489369175,0.0,0.0,0.0,0.0,0.0,0.0,0.0,0.0,0.0
1969,0.012212705646813215,0.012212705646813213,0.012212705646813208,0.012212705646813208,0.012212705646813213,0.012212705646813215,0.036940848121916704,0.0369408481219167,0.036940848121916676,0.0,0.0,0.0,0.0,0.0,0.0,0.0,0.0,0.0
1970,0.012151794523286089,0.012151794523286087,0.012151794523286082,0.012151794523286082,0.012151794523286087,0.012151794523286089,0.036756604873268685,0.03675660487326868,0.03675660487326866,0.0,0.0,0.0,0.0,0.0,0.0,0.0,0.0,0.0
1971,0.01209118719525495,0.012091187195254949,0.012091187195254944,0.012091187195254944,0.012091187195254949,0.01209118719525495,0.0365732805416569,0.03657328054165689,0.03657328054165687,0.0,0.0,0.0,0.0,0.0,0.0,0.0,0.0,0.0
1972,0.012030882147533443,0.012030882147533442,0.012030882147533437,0.012030882147533437,0.012030882147533442,0.012030882147533443,0.03639087054396352,0.03639087054396351,0.03639087054396349,0.0,0.0,0.0,0.0,0.0,0.0,0.0,0.0,0.0
1973,0.011970877872492234,0.011970877872492233,0.011970877872492227,0.011970877872492227,0.011970877872492233,0.011970877872492234,0.036209370319929095,0.03620937031992909,0.03620937031992907,0.0,0.0,0.0,0.0,0.0,0.0,0.0,0.0,0.0
1974,0.01191117287002132,0.011911172870021318,0.011911172870021313,0.011911172870021313,0.011911172870021318,0.01191117287002132,0.036028775332038576,0.03602877533203857,0.03602877533203855,0.0,0.0,0.0,0.0,0.0,0.0,0.0,0.0,0.0
1975,0.01185176564749253,0.011851765647492529,0.011851765647492523,0.011851765647492523,0.011851765647492529,0.01185176564749253,0.03584908106540786,0.03584908106540785,0.03584908106540783,0.0,0.0,0.0,0.0,0.0,0.0,0.0,0.0,0.0
1976,0.011792654719722209,0.011792654719722207,0.011792654719722202,0.011792654719722202,0.011792654719722207,0.011792654719722209,0.03567028302767092,0.03567028302767091,0.03567028302767089,0.0,0.0,0.0,0.0,0.0,0.0,0.0,0.0,0.0
1977,0.01173383860893408,0.011733838608934078,0.011733838608934075,0.011733838608934075,0.011733838608934078,0.01173383860893408,0.0354923767488675,0.035492376748867495,0.035492376748867474,0.0,0.0,0.0,0.0,0.0,0.0,0.0,0.0,0.0
1978,0.011675315844722313,0.011675315844722312,0.011675315844722308,0.011675315844722308,0.011675315844722312,0.011675315844722313,0.035315357781331366,0.03531535778133136,0.03531535778133134,0.0,0.0,0.0,0.0,0.0,0.0,0.0,0.0,0.0
1979,0.011617084964014755,0.011617084964014753,0.01161708496401475,0.01161708496401475,0.011617084964014753,0.011617084964014755,0.03513922169957911,0.0351392216995791,0.03513922169957908,0.0,0.0,0.0,0.0,0.0,0.0,0.0,0.0,0.0
1980,0.011559144511036354,0.011559144511036352,0.011559144511036349,0.011559144511036349,0.011559144511036352,0.011559144511036354,0.03496396410019951,0.0349639641001995,0.03496396410019948,0.0,0.0,0.0,0.0,0.0,0.0,0.0,0.0,0.0
1981,0.011501493037272768,0.011501493037272766,0.011501493037272763,0.011501493037272763,0.011501493037272766,0.011501493037272768,0.034789580601743454,0.03478958060174345,0.034789580601743426,0.0,0.0,0.0,0.0,0.0,0.0,0.0,0.0,0.0
1982,0.01144412910143415,0.011444129101434148,0.011444129101434145,0.011444129101434145,0.011444129101434148,0.01144412910143415,0.0346160668446144,0.03461606684461439,0.03461606684461437,0.0,0.0,0.0,0.0,0.0,0.0,0.0,0.0,0.0
1983,0.011387051269419118,0.011387051269419116,0.011387051269419112,0.011387051269419112,0.011387051269419116,0.011387051269419118,0.03444341849095939,0.03444341849095938,0.03444341849095936,0.0,0.0,0.0,0.0,0.0,0.0,0.0,0.0,0.0
1984,0.011330258114278896,0.011330258114278895,0.011330258114278891,0.011330258114278891,0.011330258114278895,0.011330258114278896,0.034271631224560575,0.03427163122456057,0.03427163122456055,0.0,0.0,0.0,0.0,0.0,0.0,0.0,0.0,0.0
1985,0.01127374821618165,0.011273748216181649,0.011273748216181646,0.011273748216181646,0.011273748216181649,0.01127374821618165,0.03410070075072736,0.03410070075072735,0.03410070075072733,0.0,0.0,0.0,0.0,0.0,0.0,0.0,0.0,0.0
1986,0.011217520162376985,0.011217520162376983,0.01121752016237698,0.01121752016237698,0.011217520162376983,0.011217520162376985,0.03393062279618899,0.03393062279618898,0.03393062279618896,0.0,0.0,0.0,0.0,0.0,0.0,0.0,0.0,0.0
1987,0.011161572547160624,0.011161572547160622,0.011161572547160619,0.011161572547160619,0.011161572547160622,0.011161572547160624,0.03376139310898775,0.03376139310898774,0.03376139310898772,0.0,0.0,0.0,0.0,0.0,0.0,0.0,0.0,0.0
1988,0.011105903971839274,0.011105903971839273,0.011105903971839269,0.011105903971839269,0.011105903971839273,0.011105903971839274,0.03359300745837264,0.03359300745837263,0.03359300745837261,0.0,0.0,0.0,0.0,0.0,0.0,0.0,0.0,0.0
1989,0.011050513044695653,0.011050513044695651,0.011050513044695648,0.011050513044695648,0.011050513044695651,0.011050513044695653,0.03342546163469363,0.03342546163469362,0.0334254616346936,0.0,0.0,0.0,0.0,0.0,0.0,0.0,0.0,0.0
1990,0.010995398380953697,0.010995398380953696,0.010995398380953692,0.010995398380953692,0.010995398380953696,0.010995398380953697,0.033258751449296395,0.03325875144929639,0.03325875144929637,0.0,0.0,0.0,0.0,0.0,0.0,0.0,0.0,0.0
1991,0.010940558602743943,0.010940558602743941,0.01094055860274394,0.01094055860274394,0.010940558602743941,0.010940558602743943,0.03309287273441762,0.03309287273441761,0.03309287273441759,0.0,0.0,0.0,0.0,0.0,0.0,0.0,0.0,0.0
1992,0.010885992339069079,0.010885992339069077,0.010885992339069075,0.010885992339069075,0.010885992339069077,0.010885992339069079,0.032927821343080796,0.03292782134308079,0.03292782134308077,0.0,0.0,0.0,0.0,0.0,0.0,0.0,0.0,0.0
1993,0.010831698225769671,0.01083169822576967,0.010831698225769668,0.010831698225769668,0.01083169822576967,0.010831698225769671,0.03276359314899254,0.032763593148992534,0.03276359314899251,0.0,0.0,0.0,0.0,0.0,0.0,0.0,0.0,0.0
1994,0.010777674905490059,0.010777674905490057,0.010777674905490055,0.010777674905490055,0.010777674905490057,0.010777674905490059,0.03260018404643945,0.03260018404643944,0.03260018404643942,0.0,0.0,0.0,0.0,0.0,0.0,0.0,0.0,0.0
1995,0.010723921027644422,0.01072392102764442,0.010723921027644419,0.010723921027644419,0.01072392102764442,0.010723921027644422,0.03243758995018545,0.03243758995018544,0.03243758995018542,0.0,0.0,0.0,0.0,0.0,0.0,0.0,0.0,0.0
1996,0.010670435248383014,0.010670435248383013,0.010670435248383011,0.010670435248383011,0.010670435248383013,0.010670435248383014,0.032275806795369656,0.03227580679536965,0.03227580679536963,0.0,0.0,0.0,0.0,0.0,0.0,0.0,0.0,0.0
1997,0.010617216230558568,0.010617216230558566,0.010617216230558564,0.010617216230558564,0.010617216230558566,0.010617216230558568,0.032114830537404784,0.03211483053740478,0.03211483053740476,0.0,0.0,0.0,0.0,0.0,0.0,0.0,0.0,0.0
1998,0.010564262643692866,0.010564262643692864,0.010564262643692863,0.010564262643692863,0.010564262643692864,0.010564262643692866,0.031954657151875995,0.03195465715187599,0.03195465715187597,0.0,0.0,0.0,0.0,0.0,0.0,0.0,0.0,0.0
1999,0.010511573163943478,0.010511573163943477,0.010511573163943475,0.010511573163943475,0.010511573163943477,0.010511573163943478,0.031795282634440314,0.03179528263444031,0.031795282634440286,0.0,0.0,0.0,0.0,0.0,0.0,0.0,0.0,0.0
