t,A_T0,A_T1,A_T2,B_T0,B_T1,B_T2,C_T0,C_T1,C_T2,A_u0,A_u1,A_u2,B_u0,B_u1,B_u2,C_u0,C_u1,C_u2
0,0.6213852932558301,0.0,0.0,0.6213852932558301,0.0,0.0,3.728311759534981,0.0,0.0,0.0,0.0,0.0,0.0,0.0,0.0,0.0,0.0,0.0
1,1.208757108373368,0.030914306058817776,0.0,1.208757108373368,0.030914306058817776,0.0,7.252542650240207,0.18548583635290666,0.0,0.0,0.0,0.0,0.0,0.0,0.0,0.0,0.0,0.0
2,1.76551528605868,0.0878205286399132,0.0015380060157052819,1.76551528605868,0.0878205286399132,0.0015380060157052819,10.593091716352077,0.5269231718394792,0.009228036094231692,0.0,0.0,0.0,0.0,0.0,0.0,0.0,0.0,0.0
3,2.2946286740942647,0.16655627358403705,0.005822944516065764,2.2946286740942647,0.16655627358403705,0.005822944516065764,13.767772044565584,0.9993376415042222,0.03493766709639458,0.0,0.0,0.0,0.0,0.0,0.0,0.0,0.0,0.0
4,2.798696529336322,0.26360191704836683,0.013790485871372798,2.798696529336322,0.26360191704836683,0.013790485871372798,16.792179176017928,1.5816115022902006,0.08274291522823678,0.0,0.0,0.0,0.0,0.0,0.0,0.0,0.0,0.0
5,3.280000726660687,0.3759814611869671,0.026149980109450955,3.280000726660687,0.3759814611869671,0.026149980109450955,19.68000435996412,2.2558887671218026,0.15689988065670568,0.0,0.0,0.0,0.0,0.0,0.0,0.0,0.0,0.0
6,3.740550177596164,0.501178681809918,0.04342389100387349,3.740550177596164,0.501178681809918,0.04342389100387349,22.443301065576982,3.0070720908595074,0.2605433460232409,0.0,0.0,0.0,0.0,0.0,0.0,0.0,0.0,0.0
7,4.182118645857998,0.6370662093955135,0.06598089990706947,4.182118645857998,0.6370662093955135,0.06598089990706947,25.092711875147987,3.82239725637308,0.39588539944241685,0.0,0.0,0.0,0.0,0.0,0.0,0.0,0.0,0.0
8,4.606276964665311,0.7818455486229133,0.09406366927712827,4.606276964665311,0.7818455486229133,0.09406366927712827,27.637661787991863,4.691073291737479,0.5643820156627696,0.0,0.0,0.0,0.0,0.0,0.0,0.0,0.0,0.0
9,5.014420506476668,0.9339963492744016,0.12781210241497853,5.014420506476668,0.9339963492744016,0.12781210241497853,30.08652303886001,5.603978095646409,0.7668726144898712,0.0,0.0,0.0,0.0,0.0,0.0,0.0,0.0,0.0
10,5.407792625279029,1.0922335015815297,0.16728280620244082,5.407792625279029,1.0922335015815297,0.16728280620244082,32.44675575167417,6.5534010094891775,1.0036968372146446,0.0,0.0,0.0,0.0,0.0,0.0,0.0,0.0,0.0
11,5.787504681155978,1.2554708491775777,0.21246535395280677,5.787504681155978,1.2554708491775777,0.21246535395280677,34.725028086935865,7.532825095065465,1.2747921237168405,0.0,0.0,0.0,0.0,0.0,0.0,0.0,0.0,0.0
12,6.154553163444998,1.422790498960661,0.2632958527598926,6.154553163444998,1.422790498960661,0.2632958527598926,36.92731898066998,8.536742993763967,1.5797751165593552,0.0,0.0,0.0,0.0,0.0,0.0,0.0,0.0,0.0
13,6.509834349751407,1.593416864603294,0.3196682413421156,6.509834349751407,1.593416864603294,0.3196682413421156,39.05900609850843,9.560501187619765,1.9180094480526935,0.0,0.0,0.0,0.0,0.0,0.0,0.0,0.0,0.0
14,6.854156871203487,1.7666947135935593,0.3814436781119517,6.854156871203487,1.7666947135935593,0.3814436781119517,41.124941227220916,10.600168281561357,2.2886620686717105,0.0,0.0,0.0,0.0,0.0,0.0,0.0015295956408414094,0.0,0.0
15,7.18825249773545,1.9420706003055144,0.44845832318648776,7.18825249773545,1.9420706003055144,0.44845832318648776,43.129514986412694,11.652423601833087,2.690749939118927,0.0,0.0,0.0,0.0,0.0,0.0,0.0042865090006060855,0.0,0.0
16,7.5127854092876944,2.1190771628396456,0.5205297707088219,7.5127854092876944,2.1190771628396456,0.5205297707088219,45.07671245572617,12.714462977037876,3.123178624252932,0.0,0.0,0.0,0.0,0.0,0.0,0.006964512088611548,0.0,0.0
17,7.828360178276775,2.2973198419271315,0.5974623478341378,7.828360178276775,2.2973198419271315,0.5974623478341378,46.97016106966065,13.783919051562789,3.5847740870048272,0.0,0.0,0.0,0.0,0.0,0.0,0.009568593757269414,0.0,0.0
18,8.135528654376973,2.476465648320169,0.6790514629163126,8.135528654376973,2.476465648320169,0.6790514629163126,48.81317192626184,14.858793889921014,4.074308777497876,0.0,0.0,0.0,0.0,0.0,0.0,0.01210330779782623,0.0,0.0
19,8.43479591361236,2.656233662711034,0.7650871568535172,8.43479591361236,2.656233662711034,0.7650871568535172,50.60877548167416,15.937401976266203,4.590522941121105,0.0,0.0,0.0,0.0,0.0,0.0,0.0145728220314921,0.0,0.0
20,8.726625409171643,2.8363870009556007,0.8553569874047922,8.726625409171643,2.8363870009556007,0.8553569874047922,52.35975245502985,17.018322005733605,5.132141924428754,0.0,0.0,0.0,0.0,0.0,0.0,0.016980960813290244,0.0,0.0
21,9.011443440541811,3.0167260185935643,0.9496483558893414,9.011443440541811,3.0167260185935643,0.9496483558893414,54.068660643250865,18.100356111561386,5.697890135336049,0.0,0.0,0.0,0.0,0.0,0.0,0.019331241910762728,0.0,0.0
22,9.289643039930358,3.1970825635169096,1.0477503684472655,9.289643039930358,3.1970825635169096,1.0477503684472655,55.737858239582145,19.182495381101457,6.286502210683594,0.0,0.0,0.0,0.0,0.0,0.0,0.021626908574217507,0.0,0.0
23,9.561587360018608,3.3773151151207865,1.1494553094850049,9.561587360018608,3.3773151151207865,1.1494553094850049,57.36952416011164,20.26389069072472,6.89673185691003,0.0,0.0,0.0,0.0,0.0,0.0,0.023870957492025446,0.0,0.0
24,9.827612634445446,3.5573046732061977,1.254559792636836,9.827612634445446,3.5573046732061977,1.254559792636836,58.96567580667267,21.34382803923718,7.527358755821017,0.0,0.0,0.0,0.0,0.0,0.0,0.02606616322014428,0.0,0.0
25,10.088030771710008,3.736951280993148,1.3628656441952145,10.088030771710008,3.736951280993148,1.3628656441952145,56.79987287072506,22.421707685958882,8.177193865171287,0.0,0.0,0.0,0.0,0.0,0.0,0.02308750951815282,0.0,0.0
26,10.343131634106674,3.916171084439359,1.474180565201515,10.343131634106674,3.916171084439359,1.474180565201515,54.80624715439983,23.31154067028324,8.845083391209089,0.0,0.0,0.0,0.0,0.0,0.0,0.02034565312773319,0.0,0.0
27,10.59318504561467,4.094893845145011,1.5883186109944227,10.59318504561467,4.094893845145011,1.5883186109944227,52.96601855733592,24.042439899030573,9.520683629872304,0.0,0.0,0.0,0.0,0.0,0.0,0.017814765560736398,0.0,0.0
28,10.838442566144966,4.273060836882601,1.7051005207741958,10.838442566144966,4.273060836882601,1.7051005207741958,51.262883352304186,24.63902737979137,10.19566545754878,0.0,0.0,0.0,0.0,0.0,0.0,0.01547242411347996,0.0,0.0
29,11.079139064019246,4.450623066581726,1.8243539244782387,11.079139064019246,4.450623066581726,1.8243539244782387,49.68265520809752,25.122126897200143,10.863380631641194,0.0,0.0,0.0,0.0,0.0,0.0,0.013299118161397644,0.0,0.0
30,11.315494113867182,4.627539769724974,1.9459134498255735,11.315494113867182,4.627539769724974,1.9459134498255735,48.212960323238946,25.509349851228023,11.518580818296732,0.0,0.0,0.0,0.0,0.0,0.0,0.011277829872919767,0.0,0.0
31,11.5477132431504,4.803777137829829,2.069620748646902,11.5477132431504,4.803777137829829,2.069620748646902,46.84297839332538,25.815590736119447,12.157181145858164,0.0,0.0,0.0,0.0,0.0,0.0,0.009393677958880076,0.0,0.0
32,11.775989047145474,4.9793072422197175,2.1953244584648397,11.775989047145474,4.9793072422197175,2.1953244584648397,45.56322240772484,26.05344619694521,12.776061351346616,0.0,0.0,0.0,0.0,0.0,0.0,0.007633614824379367,0.0,0.0
33,12.000502189351772,5.154107123808584,2.322880112634117,12.000502189351772,5.154107123808584,2.322880112634117,44.36535134811875,26.233569451114004,13.372898660141928,0.0,0.0,0.0,0.0,0.0,0.0,0.005986168970935193,0.0,0.0
34,12.221422301855014,5.328158023293078,2.4521500101167497,12.221422301855014,5.328158023293078,2.4521500101167497,43.24201077227006,26.36497004411204,13.946027446210621,0.0,0.0,0.0,0.0,0.0,0.0,0.004441225749503598,0.0,0.0
35,12.438908798108214,5.50144473009591,2.583003054087058,12.438908798108214,5.50144473009591,2.583003054087058,42.18669703697509,26.455267371086272,14.494321487307698,0.0,0.0,0.0,0.0,0.0,0.0,0.0029898406247422515,0.0,0.0
36,12.653111608831999,5.673955031744161,2.7153145669806746,12.653111608831999,5.673955031744161,2.7153145669806746,41.19364156605611,26.51090509539949,15.0170952781672,0.0,0.0,0.0,0.0,0.0,0.0,0.0016240800074488332,0.0,0.0
37,12.864171850239362,5.845679248191452,2.8489660882736514,12.864171850239362,5.845679248191452,2.8489660882736514,40.25771212076618,26.537332495384728,15.514021413082544,0.0,0.0,0.0,0.0,0.0,0.0,0.00033688547061258567,0.0,0.0
38,13.072222432515254,6.016609837982195,2.9838451601630016,13.072222432515254,6.016609837982195,2.9838451601630016,39.374328496583075,26.539157840273383,15.985061512925308,0.0,0.0,0.0,0.0,0.0,0.0,0.0,0.0,0.0
39,13.277388615395557,6.1867410651769745,3.119845105385118,13.277388615395557,6.1867410651769745,3.119845105385118,38.53939046515241,26.520278109500474,16.430408563638988,0.0,0.0,0.0,0.0,0.0,0.0,0.0,0.0,0.0
40,13.479788516764033,6.356068717667218,3.2568648006253276,13.479788516764033,6.356068717667218,3.2568648006253276,37.74921611417149,26.4839887041702,16.850438864633027,0.0,0.0,0.0,0.0,0.0,0.0,0.0,0.0,0.0
41,13.679533579395596,6.524589868952801,3.3948084483165646,13.679533579395596,6.524589868952801,3.3948084483165646,37.000489020647386,26.433076236678914,17.245672065646446,0.0,0.0,0.0,0.0,0.0,0.0,0.0,0.0,0.0
42,13.8767290002992,6.6923026766788505,3.5335853490776508,13.8767290002992,6.6923026766788505,3.5335853490776508,36.29021293213454,26.369897008510296,17.616738007461066,0.0,0.0,0.0,0.0,0.0,0.0,0.0,0.0,0.0
43,14.071474126536396,6.859206212261912,3.6731096765849607,14.071474126536396,6.859206212261912,3.6731096765849607,35.61567283295653,26.29644338365044,17.964349282011877,0.0,0.0,0.0,0.0,0.0,0.0,0.0,0.0,0.0
44,14.26386282089729,7.025300316810221,3.8133002562909906,14.26386282089729,7.025300316810221,3.8133002562909906,34.97440144370957,26.214399924595103,18.289278596624825,0.0,0.0,0.0,0.0,0.0,0.0,0.0,0.0,0.0
45,14.453983800392026,7.1905854792824035,3.954080349087404,14.453983800392026,7.1905854792824035,3.954080349087404,34.3641503473223,26.1251908699608,18.592340170095657,0.0,0.0,0.0,0.0,0.0,0.0,0.0,0.0,0.0
46,14.641920950152207,7.355062733454491,4.095377440748283,14.641920950152207,7.355062733454491,4.095377440748283,33.78286505766236,26.030020289165545,18.874374509153633,0.0,0.0,0.0,0.0,0.0,0.0,0.0,0.0,0.0
47,14.827753615023953,7.518733570794182,4.237123037772909,14.827753615023953,7.518733570794182,4.237123037772909,33.22866345056157,25.929906043663618,19.136236015953838,0.0,0.0,0.0,0.0,0.0,0.0,0.0,0.0,0.0
48,15.011556870865167,7.681599866788756,4.379252470069167,15.011556870865167,7.681599866788756,4.379252470069167,32.699817065079365,25.8257085100078,19.378782963504953,0.0,0.0,0.0,0.0,0.0,0.0,0.0,0.0,0.0
49,15.193401777327233,7.843663818651477,4.521704700772472,15.193401777327233,7.843663818651477,4.521704700772472,32.19473485729073,25.71815487267166,19.6028694488138,0.0,0.0,0.0,0.0,0.0,0.0,0.0,0.0,0.0
50,15.37335561370078,8.004927892651398,4.664422143375699,15.37335561370078,8.004927892651398,4.664422143375699,31.711949051944643,25.607859669949484,19.80933899508289,0.0,0.0,0.0,0.0,0.0,0.0,0.0,0.0,0.0
51,15.551482099231311,8.165394779582183,4.80735048624871,15.551482099231311,8.165394779582183,4.80735048624871,31.250102790747835,25.495342170856926,19.999019526283156,0.0,0.0,0.0,0.0,0.0,0.0,0.0,0.0,0.0
52,15.72784159915971,8.325067357114511,4.950438524547905,15.72784159915971,8.325067357114511,4.950438524547905,30.80793932127026,25.381041071816984,20.17271948132088,0.0,0.0,0.0,0.0,0.0,0.0,0.0,0.0,0.0
53,15.90249131761148,8.483948657970277,5.093637999453736,15.90249131761148,8.483948657970277,5.093637999453736,30.3842925087991,25.265326926526043,20.331224872077225,0.0,0.0,0.0,0.0,0.0,0.0,0.0,0.0,0.0
54,16.07548547834422,8.642041843020552,5.236903444624712,16.07548547834422,8.642041843020552,5.236903444624712,29.97807848594986,25.148512658632946,20.475297120878828,0.0,0.0,0.0,0.0,0.0,0.0,0.0,0.0,0.0
55,16.24687549426295,8.799350178547797,5.380192039717835,16.24687549426295,8.799350178547797,5.380192039717835,29.58828828237464,25.03086245293694,20.60567153935356,0.0,0.0,0.0,0.0,0.0,0.0,0.0,0.0,0.0
56,16.416710126525246,8.955877017029964,5.5234634707958294,16.416710126525246,8.955877017029964,5.5234634707958294,29.213981300249106,24.91259927520081,20.723056332893552,0.0,0.0,0.0,0.0,0.0,0.0,0.0,0.0,0.0
57,16.585035633981242,9.111625780903188,5.666679797419425,16.585035633981242,9.111625780903188,5.666679797419425,28.854279521014618,24.79391123210082,20.828132033727496,0.0,0.0,0.0,0.0,0.0,0.0,0.0,0.0,0.0
58,16.751895913625773,9.266599948843599,5.809805326206941,16.751895913625773,9.266599948843599,5.809805326206941,28.508362345644024,24.674956950210095,20.92155128143693,0.0,0.0,0.0,0.0,0.0,0.0,0.0,0.0,0.0
59,16.91733263267993,9.420803044179616,5.952806490632501,16.91733263267993,9.420803044179616,5.952806490632501,28.175461984949507,24.555870125319228,21.003938883094495,0.0,0.0,0.0,0.0,0.0,0.0,0.0,0.0,0.0
60,17.081385352866203,9.574238625106048,6.0956517368273655,17.081385352866203,9.574238625106048,6.0956517368273655,27.854859328547963,24.436763370060827,21.07589209644183,0.0,0.0,0.0,0.0,0.0,0.0,0.0,0.0,0.0
61,17.244091647394207,9.726910276422034,6.238311415145443,17.244091647394207,9.726910276422034,6.238311415145443,27.545880231373285,24.317731468067233,21.1379810889886,0.0,0.0,0.0,0.0,0.0,0.0,0.0,0.0,0.0
62,17.40548721113176,9.878821602557691,6.380757677253257,17.40548721113176,9.878821602557691,6.380757677253257,27.247892165354433,24.198854126197435,21.190749533877625,0.0,0.0,0.0,0.0,0.0,0.0,0.0,0.0,0.0
63,17.56560596439849,10.029976221690651,6.522964378506087,17.56560596439849,10.029976221690651,6.522964378506087,26.960301191299457,24.08019830225075,21.234715310058505,0.0,0.0,0.0,0.0,0.0,0.0,0.0,0.0,0.0
64,17.724480150785247,10.180377760784301,6.664906985375154,17.724480150785247,10.180377760784301,6.664906985375154,26.68254921233818,23.961820173643964,21.27037127994021,0.0,0.0,0.0,0.0,0.0,0.0,0.0,0.0,0.0
65,17.882140429372235,10.330029851405486,6.806562487695222,17.882140429372235,10.330029851405486,6.806562487695222,26.414111475649232,23.843766802429617,21.298186122419363,0.0,0.0,0.0,0.0,0.0,0.0,0.0,0.0,0.0
66,18.038615961691196,10.478936126201395,6.947909315507528,18.038615961691196,10.478936126201395,6.947909315507528,26.154494293773624,23.726077543491567,21.318605203145772,0.0,0.0,0.0,0.0,0.0,0.0,0.0,0.0,0.0
67,18.193934493752195,10.627100215933877,7.088927260279295,18.193934493752195,10.627100215933877,7.088927260279295,25.903232960718,23.608785235530164,21.332051467209855,0.0,0.0,0.0,0.0,0.0,0.0,0.0,0.0,0.0
68,18.348122433432852,10.774525746985148,7.229597400288008,18.348122433432852,10.774525746985148,7.229597400288008,25.659889841378764,23.491917208339416,21.33892634221828,0.0,0.0,0.0,0.0,0.0,0.0,0.0,0.0,0.0
69,18.50120492350733,10.921216339262093,7.369902029965918,18.50120492350733,10.921216339262093,7.369902029965918,25.42405261566029,23.375496134711238,21.339610642049564,0.0,0.0,0.0,0.0,0.0,0.0,0.0,0.0,0.0
70,18.653205910573615,11.067175604437649,7.509824593007832,18.653205910573615,11.067175604437649,7.509824593007832,25.195332661089576,23.259540750931475,21.33446546352257,0.0,0.0,0.0,0.0,0.0,0.0,0.0,0.0,0.0
71,18.804148210120317,11.212407144477169,7.649349619052968,18.804148210120317,11.212407144477169,7.649349619052968,24.973363559808725,23.14406646613606,21.323833069828115,0.0,0.0,0.0,0.0,0.0,0.0,0.0,0.0,0.0
72,18.954053567958564,11.356914550405772,7.788462663759418,18.954053567958564,11.356914550405772,7.788462663759418,24.75779971760771,23.029085877669537,21.308037755919063,0.0,0.0,0.0,0.0,0.0,0.0,0.0,0.0,0.0
73,19.10294271822985,11.500701401279438,7.927150252097491,19.10294271822985,11.500701401279438,7.927150252097491,24.54831508418816,22.914609206944093,21.28738669216995,0.0,0.0,0.0,0.0,0.0,0.0,0.0,0.0,0.0
74,19.25083543818752,11.643771263328333,8.065399824695891,19.25083543818752,11.643771263328333,8.065399824695891,24.344601965161768,22.80064466806114,21.262170743540512,0.0,0.0,0.0,0.0,0.0,0.0,0.0,0.0,0.0
75,19.397750599936916,11.786127689245761,8.203199687082181,19.397750599936916,11.786127689245761,8.203199687082181,24.146369917416873,22.687198779566188,21.232665262238893,0.0,0.0,0.0,0.0,0.0,0.0,0.0,0.0,0.0
76,19.54370621930807,11.927774217600193,8.34053896166636,19.54370621930807,11.927774217600193,8.34053896166636,23.953344720460606,22.574276628108077,21.1991308525059,0.0,0.0,0.0,0.0,0.0,0.0,0.0,0.0,0.0
77,19.688719502023883,12.06871437235133,8.47740754232351,19.688719502023883,12.06871437235133,8.47740754232351,23.765267417185093,22.46188209142094,21.16181410665364,0.0,0.0,0.0,0.0,0.0,0.0,0.0,0.0,0.0
78,19.832806887317105,12.208951662454096,8.61379605143844,19.832806887317105,12.208951662454096,8.61379605143844,23.581893418233815,22.350018026902944,21.120948311908233,0.0,0.0,0.0,0.0,0.0,0.0,0.0,0.0,0.0
79,19.975984089140074,12.348489581536914,8.749695799281909,19.975984089140074,12.348489581536914,8.749695799281909,23.402991664775197,22.238686431098195,21.076754127943186,0.0,0.0,0.0,0.0,0.0,0.0,0.0,0.0,0.0
80,20.118266135102733,12.487331607642755,8.885098745594528,20.118266135102733,12.487331607642755,8.885098745594528,23.22834384503875,22.127888574569763,21.029440235260168,0.0,0.0,0.0,0.0,0.0,0.0,0.0,0.0,0.0
81,20.259667403266334,12.625481203023211,9.0199974632606,20.259667403266334,12.625481203023211,9.0199974632606,23.05774366044659,22.01762511595951,20.979203954788638,0.0,0.0,0.0,0.0,0.0,0.0,0.0,0.0,0.0
82,20.400201656912913,12.762941813977353,9.15438510396014,20.400201656912913,12.762941813977353,9.15438510396014,22.890996137590097,21.907896198445023,20.926231839244306,0.0,0.0,0.0,0.0,0.0,0.0,0.0,0.0,0.0
83,20.53988207740351,12.899716870728376,9.28825536569302,20.53988207740351,12.899716870728376,9.28825536569302,22.727916982666493,21.798701531308698,20.87070023691649,0.0,0.0,0.0,0.0,0.0,0.0,0.0,0.0,0.0
84,20.678721295231664,13.035809787332179,9.421602462074654,20.678721295231664,13.035809787332179,9.421602462074654,22.56833197531047,21.690040458915412,20.81277582865294,0.0,0.0,0.0,0.0,0.0,0.0,0.0,0.0,0.0
85,20.816731419372537,13.17122396161285,9.554421093307823,20.816731419372537,13.17122396161285,9.554421093307823,22.41207639903805,21.581912019040843,20.75261613888277,0.0,0.0,0.0,0.0,0.0,0.0,0.0,0.0,0.0
86,20.953924065022324,13.305962775120875,9.686706418740245,20.953924065022324,13.305962775120875,9.686706418740245,22.258994505768733,21.474314992193083,20.690370021568835,0.0,0.0,0.0,0.0,0.0,0.0,0.0,0.0,0.0
87,21.090310379817176,13.440029593110483,9.818454030922208,21.090310379817176,13.440029593110483,9.818454030922208,22.10893901211251,21.367247943316784,20.626178122013734,0.0,0.0,0.0,0.0,0.0,0.0,0.0,0.0,0.0
88,21.22590106861582,13.573427764533108,9.949659931083122,21.22590106861582,13.573427764533108,9.949659931083122,21.961770625304005,21.26070925705477,20.56017331546223,0.0,0.0,0.0,0.0,0.0,0.0,0.0,0.0,0.0
89,21.360706416925304,13.706160622044445,10.080320505950098,21.360706416925304,13.706160622044445,10.080320505950098,21.817357596840367,21.154697167560894,20.492481123449682,0.0,0.0,0.0,0.0,0.0,0.0,0.0,0.0,0.0
90,21.4947363130448,13.83823148202291,10.210432505835808,21.4947363130448,13.83823148202291,10.210432505835808,21.675575302035423,21.049209783704576,20.423220108843523,0.0,0.0,0.0,0.0,0.0,0.0,0.0,0.0,0.0
91,21.62800026899822,13.969643644597706,10.33999302392667,21.62800026899822,13.969643644597706,10.33999302392667,21.53630584384218,20.94424511037789,20.352502250514863,0.0,0.0,0.0,0.0,0.0,0.0,0.0,0.0,0.0
92,21.760507440322428,14.100400393684929,10.468999476706173,21.760507440322428,14.100400393684929,10.468999476706173,21.39943767942141,20.839801066506322,20.280433298561285,0.0,0.0,0.0,0.0,0.0,0.0,0.0,0.0,0.0
93,21.892266644774054,14.23050499703044,10.597449585451583,21.892266644774054,14.23050499703044,10.597449585451583,21.264865268047217,20.735875500271767,20.207113110981464,0.0,0.0,0.0,0.0,0.0,0.0,0.0,0.0,0.0
94,22.023286380014486,14.359960706258379,10.725341358745617,22.023286380014486,14.359960706258379,10.725341358745617,21.132488739042934,20.632466201977724,20.1326359726782,0.0,0.0,0.0,0.0,0.0,0.0,0.0,0.0,0.0
95,22.153574840329227,14.488770756924383,10.852673075947806,22.153574840329227,14.488770756924383,10.852673075947806,21.002213578533677,20.529570914920416,20.057090897639853,0.0,0.0,0.0,0.0,0.0,0.0,0.0,0.0,0.0
96,22.283139932434704,14.616938368572747,10.979443271573263,22.283139932434704,14.616938368572747,10.979443271573263,20.87395033388631,20.427187344573483,19.98056191512178,0.0,0.0,0.0,0.0,0.0,0.0,0.0,0.0,0.0
97,22.41198929042269,14.74446674479683,11.105650720529363,22.41198929042269,14.74446674479683,11.105650720529363,20.74761433478475,20.32531316634637,19.90312834061967,0.0,0.0,0.0,0.0,0.0,0.0,0.0,0.0,0.0
98,22.540130289889706,14.871359073302179,11.231294424163542,22.540130289889706,14.871359073302179,11.231294424163542,20.623125429959117,20.223946032136467,19.824865032396307,0.0,0.0,0.0,0.0,0.0,0.0,0.0,0.0,0.0
99,22.66757006129615,14.997618525971848,11.356373597077969,22.66757006129615,14.997618525971848,11.356373597077969,20.500407738651766,20.123083575861116,19.745842634292472,0.0,0.0,0.0,0.0,0.0,0.0,0.0,0.0,0.0
100,22.794315502597396,15.123248258933565,11.480887654669194,22.17293020934157,15.744633552189393,11.480887654669194,20.379389415962866,20.022723418126837,19.666127805522077,0.0,0.0,0.0,0.0,0.0,0.0,0.0,0.0,0.0
101,22.92037329118687,15.248251412628347,11.604836201353196,21.742530488872323,16.395179908884078,11.635750507412014,20.26000243127279,19.922863170168938,19.58578343812102,0.0,0.0,0.0,0.0,0.0,0.0,0.0,0.0,0.0
102,23.04574989518877,15.372631111880338,11.728219019438393,21.368055137770007,16.964043346674895,11.814501542062603,20.142182358989306,19.823500437174054,19.504868862689303,0.0,0.0,0.0,0.0,0.0,0.0,0.0,0.0,0.0
103,23.170451584136124,15.496390465967577,11.851036058611188,21.042379183625897,17.463729537409833,12.01176938767916,20.025868180914095,19.724632821080885,19.423440043036496,0.0,0.0,0.0,0.0,0.0,0.0,0.0,0.0,0.0
104,23.294484439067876,15.619532568693515,11.973287426000576,20.759389826779923,17.904815749804477,12.22309885717757,19.91100209956678,19.626257922939608,19.34154976031201,0.0,0.0,0.0,0.0,0.0,0.0,0.0,0.0,0.0
105,23.41785436207683,15.742060498459105,12.094973376790163,20.513835096603117,18.296248282855313,12.444804857867679,19.79752936184457,19.528373344898114,19.25924778717381,0.0,0.0,0.0,0.0,0.0,0.0,0.0,0.0,0.0
106,23.540567085338555,15.863977318335325,12.216094305347644,20.301195589552314,18.645594023315528,12.67384909615369,19.685398092433314,19.430976691872672,19.176581052522263,0.0,0.0,0.0,0.0,0.0,0.0,0.0,0.0,0.0
107,23.662628179649648,15.985286076135978,12.336650736843456,20.11757574318717,18.95925320311002,12.907736046331902,19.574559136420394,19.334065572951733,19.093593797299885,0.0,0.0,0.0,0.0,0.0,0.0,0.0,0.0,0.0
108,23.784043062502278,16.105989804490722,12.456643319331812,19.95961164645989,19.24263934118734,13.1444251986776,19.464965910592586,19.237637602574072,19.01032772183274,0.0,0.0,0.0,0.0,0.0,0.0,0.0,0.0,0.0
109,23.904817005720364,16.2260915209182,12.576072816268864,19.824392848518105,19.50033143126105,13.38225706312829,19.356574262932167,19.141690401516136,18.92682212516524,0.0,0.0,0.0,0.0,0.0,0.0,0.0,0.0,0.0
110,24.02495514268139,16.34559422789919,12.69494009944402,19.7093960189839,19.736202656217607,13.619890794823112,19.249342339853097,19.046221597718056,18.843114036817166,0.0,0.0,0.0,0.0,0.0,0.0,0.0,0.0,0.0
111,24.144462475146582,16.464500912949752,12.81324614230185,19.612428643168187,19.95352924970339,13.856251637526624,19.143230460745535,18.951228826973278,18.75923834136962,0.0,0.0,0.0,0.0,0.0,0.0,0.0,0.0,0.0
112,24.263343879720818,16.58281454869429,12.93099201363316,19.531581215236486,20.155082566977864,14.090486659833932,19.03820099942185,18.856709733502854,18.675227896265703,0.0,0.0,0.0,0.0,0.0,0.0,0.0,0.0,0.0
113,24.381604113962595,16.700538092938483,13.04817887161505,19.465186628814486,20.343206954825423,14.321927494876233,18.934218272080642,18.762661970432262,18.59111364319157,0.0,0.0,0.0,0.0,0.0,0.0,0.0,0.0,0.0
114,24.49924782216316,16.81767448874208,13.16480795818083,19.41178566455324,20.519885610870407,14.550058993662443,18.83124843142713,18.66908320018582,18.5069247133844,0.0,0.0,0.0,0.0,0.0,0.0,0.0,0.0,0.0
115,24.616279540812933,16.934226664491487,13.280880593701747,19.370097643383005,20.686796284802398,14.774492870820781,18.729259366608808,18.57597109481144,18.422688527195653,0.0,0.0,0.0,0.0,0.0,0.0,0.0,0.0,0.0
116,24.732703703772316,17.050197533972128,13.396398171963426,19.338995457324277,20.84535838828936,14.994945564094257,18.628220608644583,18.483323336246528,18.33843088822055,0.0,0.0,0.0,0.0,0.0,0.0,0.0,0.0,0.0
117,24.84852464716306,17.16558999644062,13.511362155420892,19.317484310813427,20.996772838697275,15.211219649513893,18.528103241043812,18.391137616534138,18.254176072288324,0.0,0.0,0.0,0.0,0.0,0.0,0.0,0.0,0.0
118,24.963746613995482,17.280406936696625,13.625774070716924,19.30468360793869,21.142055757349578,15.423188256120786,18.4288798153286,18.299411637997103,18.16994691159205,0.0,0.0,0.0,0.0,0.0,0.0,0.0,0.0,0.0
119,25.078373758545972,17.39465122515449,13.73963550444929,19.299811507644655,21.282066970198304,15.630782010306811,18.33052427118893,18.208143113376664,18.085764874222043,0.0,0.0,0.0,0.0,0.0,0.0,0.0,0.0,0.0
120,25.192410150498436,17.50832571791457,13.852948099173243,19.302171742282404,21.41753411257981,15.833978112724058,18.23301186101527,18.117329765941122,18.00165013935263,0.0,0.0,0.0,0.0,0.0,0.0,0.0,0.0,0.0
121,25.305859778862615,17.62143325683427,13.965713549626388,19.311142356914377,21.549073016078303,16.032791212330615,18.13631907856749,18.026969329569155,17.917621668318752,0.0,0.0,0.0,0.0,0.0,0.0,0.0,0.0,0.0
122,25.418726555681435,17.7339766695988,14.07793359916371,19.326166079267992,21.67720495094261,16.22726579423336,18.040423591552486,17.937059548811813,17.8336972718061,0.0,0.0,0.0,0.0,0.0,0.0,0.0,0.0,0.0
123,25.531014319538947,17.845958769791586,14.189610036391286,19.34674207464113,21.80237120905363,16.417469842027074,17.945304177895455,17.847598178936433,17.749893673366483,0.0,0.0,0.0,0.0,0.0,0.0,0.0,0.0,0.0
124,25.64272683887977,17.957382356964416,14.300744691987745,19.372418877640527,21.924945437634303,16.603489572557113,17.850940665501746,17.758582985955382,17.66622656945866,0.0,0.0,0.0,0.0,0.0,0.0,0.0,0.0,0.0
125,25.753867815150304,18.068250216707227,14.411339435703209,19.402788324433452,22.04524407062615,16.785425072501145,17.757313875317468,17.670011746641958,17.582710686204088,0.0,0.0,0.0,0.0,0.0,0.0,0.0,0.0,0.0
126,25.864440885771476,18.178565120717604,14.521396173525984,19.437480336104166,22.163535151147073,16.96338669276383,17.66440556750764,17.58188224853552,17.49935983303672,0.0,0.0,0.0,0.0,0.0,0.0,0.0,0.0,0.0
127,25.97444962695222,18.288329826869926,14.630916845007802,19.47615842648257,22.280045793188993,17.137492079158392,17.572198390580713,17.494192289937505,17.416186953416435,0.0,0.0,0.0,0.0,0.0,0.0,0.0,0.0,0.0
128,26.08389755635241,18.39754707928421,14.739903420738896,19.518515827090052,22.394968492438167,17.307863736847303,17.48067583329772,17.40693967989978,17.33320417276624,0.0,0.0,0.0,0.0,0.0,0.0,0.0,0.0,0.0
129,26.192788135603415,18.50621960839462,14.848357899964736,19.5642721381659,22.50846646372865,17.474627042068224,17.38982217921324,17.32012223820661,17.250422843784957,0.0,0.0,0.0,0.0,0.0,0.0,0.0,0.0,0.0
130,26.301124772694138,18.614350131017645,14.9562823083366,19.613170428551932,22.62067815526045,17.637908628236005,17.29962246370383,17.233737795351214,17.167853589278636,0.0,0.0,0.0,0.0,0.0,0.0,0.0,0.0,0.0
131,26.4089108242298,18.721941350419954,15.063678695788697,19.66497471890923,22.731721066557594,17.797835084971627,17.210062433347453,17.147784192507764,17.085506342646323,0.0,0.0,0.0,0.0,0.0,0.0,0.0,0.0,0.0
132,26.516149597570486,18.82899595638592,15.170549134534836,19.719467792644732,22.8416949775568,17.954531918289717,17.12112850752501,17.062259281499653,17.003390386148286,0.0,0.0,0.0,0.0,0.0,0.0,0.0,0.0,0.0
133,26.62284435285598,18.93551662528482,15.27689571717814,19.776449287312794,22.95068467965354,18.10812272835261,17.032807742122188,16.97716092476456,16.92151438707797,0.0,0.0,0.0,0.0,0.0,0.0,0.0,0.0,0.0
134,26.7289983049231,19.041506020137692,15.382720554927563,19.835734026361166,23.0587622855233,18.25872856810389,16.945087795216402,16.892486995316926,16.839886431952195,0.0,0.0,0.0,0.0,0.0,0.0,0.0,0.0,0.0
135,26.83461462512142,19.146966790683894,15.488025775915352,19.897150557109118,23.165989182687344,18.406467451924208,16.85795689464016,16.808235376708193,16.75851405882799,0.0,0.0,0.0,0.0,0.0,0.0,0.0,0.0,0.0
136,26.939696443032908,19.251901573447302,15.592813523609934,19.960539865945073,23.272417685771654,18.551453988373424,16.77140380731794,16.724403962985267,16.677404287848496,0.0,0.0,0.0,0.0,0.0,0.0,0.0,0.0,0.0
137,27.04424684810073,19.35631299180221,15.697085955318954,20.025754246052824,23.37809243393232,18.693799115236757,16.68541781027946,16.640990658647496,16.59656365011476,0.0,0.0,0.0,0.0,0.0,0.0,0.0,0.0,0.0
138,27.148268891172176,19.460203656038885,15.800845240777551,20.092656296639117,23.483051572752753,18.833609918596746,16.599988663257463,16.55799337860239,16.515998214975006,0.0,0.0,0.0,0.0,0.0,0.0,0.0,0.0,0.0
139,27.251765585960374,19.563576163428817,15.904093560817156,20.161118035741794,23.587327753855543,18.970989520609017,16.51510658278328,16.475410048120384,16.435713615817946,0.0,0.0,0.0,0.0,0.0,0.0,0.0,0.0,0.0
140,27.35473991042928,19.66643309828962,16.006833106110406,20.231020111332466,23.690948980344544,19.106037023152304,16.430762217698064,16.393238602788788,16.355715074451957,0.0,0.0,0.0,0.0,0.0,0.0,0.0,0.0,0.0
141,27.457194808106028,19.768777032049645,16.109066075988007,20.302251097663234,23.7939393218562,19.238847496624253,16.34694662600225,16.31147698846509,16.276007424147494,0.0,0.0,0.0,0.0,0.0,0.0,0.0,0.0,0.0
142,27.559133189324704,19.870610523312244,16.210794677323538,20.374706865704358,23.896319519331392,19.369512004924744,16.263651252969858,16.230123161229756,16.19659513141588,0.0,0.0,0.0,0.0,0.0,0.0,0.0,0.0,0.0
143,27.66055793240523,19.971936117919732,16.312021123482527,20.448290018130745,23.998107496517267,19.498117659159483,16.180867910458467,16.149175087338662,16.11748231659362,0.0,0.0,0.0,0.0,0.0,0.0,0.0,0.0,0.0
144,27.761471884770863,20.072756349017023,16.412747633332227,20.522909380683796,24.099318792584864,19.62474769385146,16.098588757349344,16.06863074317522,16.03867277329761,0.0,0.0,0.0,0.0,0.0,0.0,0.0,0.0,0.0
145,27.86187786400775,20.17307373711495,16.512976430308747,20.598479542898126,24.19996692802958,19.74948156050375,16.01680628105586,15.988488115202308,15.960169986813003,0.0,0.0,0.0,0.0,0.0,0.0,0.0,0.0,0.0
146,27.96177865886957,20.27289079015328,16.61270974153842,20.674920442171857,24.300063714144787,19.87239503424463,15.935513280041711,15.908745199914055,15.881977151472183,0.0,0.0,0.0,0.0,0.0,0.0,0.0,0.0,0.0
147,28.061177030230382,20.372210003563392,16.711949797010387,20.75215698600061,24.39961951477189,19.99356033003166,15.854702847293664,15.829400003787557,15.804097187080037,0.0,0.0,0.0,0.0,0.0,0.0,0.0,0.0,0.0
148,28.160075711988377,20.471033860330678,16.81069882879758,20.830118707911964,24.4986434676875,20.113046225517166,15.774368354696568,15.750450543234559,15.72653275443774,0.0,0.0,0.0,0.0,0.0,0.0,0.0,0.0,0.0
149,28.258477411923312,20.569364831056607,16.90895907032348,20.908739453247556,24.59714367185336,20.230918188202484,15.694503438261242,15.671894844553155,15.649286270014393,0.0,0.0,0.0,0.0,0.0,0.0,0.0,0.0,0.0
150,28.356384812510065,20.667205374020483,17.00673275567207,20.987957091460686,24.695127345794166,20.347238504947768,15.615101984158569,15.593730943879537,15.572359919813167,0.0,0.0,0.0,0.0,0.0,0.0,0.0,0.0,0.0
151,28.45380057169075,20.764557935240905,17.10402211893865,21.06771325204162,24.792600961556563,20.462066412272122,15.536158115515644,15.515956887139815,15.495755672476015,0.0,0.0,0.0,0.0,0.0,0.0,0.0,0.0,0.0
152,28.550727323607603,20.861424948536914,17.200829393619248,21.1479530815624,24.88957035801551,20.57545822618585,15.457666179932284,15.438570730001942,15.419475291668697,0.0,0.0,0.0,0.0,0.0,0.0,0.0,0.0,0.0
153,28.647167679298825,20.95780883558884,17.297156812036466,21.228625019657617,24.9860408367135,20.68746747055301,15.379620737678477,15.361570537827774,15.34352034778544,0.0,0.0,0.0,0.0,0.0,0.0,0.0,0.0,0.0
154,28.743124227359328,21.053712005998825,17.393006604799826,21.309680592035658,25.082017242926653,20.79814500319567,15.302016550535482,15.284954385625252,15.267892229010554,0.0,0.0,0.0,0.0,0.0,0.0,0.0,0.0,0.0
155,28.838599534568367,21.1491368573511,17.488381000298627,21.39107421885321,25.177504034236293,20.907539139128595,15.224848571245381,15.20872035800075,15.192592151772159,0.0,0.0,0.0,0.0,0.0,0.0,0.0,0.0,0.0
156,28.93359614648576,21.24408577527188,17.583282224225584,21.47276303699047,25.27250533853303,21.015695770459725,15.148111933535759,15.132866549111599,15.117621170621327,0.0,0.0,0.0,0.0,0.0,0.0,0.0,0.0,0.0
157,29.028116588018495,21.338561133489044,17.677712499129516,21.55470673494044,25.367025003083334,21.12265848261329,15.071801942688065,15.057391062618757,15.042980187568098,0.0,0.0,0.0,0.0,0.0,0.0,0.0,0.0,0.0
158,29.12216336395929,21.432565293891436,17.77167404399549,21.636867399177113,25.46106663603695,21.228468666632157,14.995914066619882,14.982292011639707,14.968669960904109,0.0,0.0,0.0,0.0,0.0,0.0,0.0,0.0,0.0
159,29.215738959498598,21.526100606587942,17.865169073850883,21.71920937099828,25.55463364154114,21.333165627398007,14.920443927452991,14.907567518701514,14.894691113539933,0.0,0.0,0.0,0.0,0.0,0.0,0.0,0.0,0.0
160,29.30884584071153,21.61916940996624,17.95819979939597,21.80169911295137,25.647729249447714,21.436786687674662,14.845387293540657,14.833215715694097,14.821044140883728,0.0,0.0,0.0,0.0,0.0,0.0,0.0,0.0,0.0
161,29.401486455021075,21.711774030751247,18.050768426657644,21.884305084048897,25.740356540446832,21.539367287934244,14.770740071928994,14.759234743823693,14.747729418286283,0.0,0.0,0.0,0.0,0.0,0.0,0.0,0.0,0.0
162,29.493663231638845,21.803916784063297,18.142877156664987,21.966997623064767,25.83251846733294,21.640941081969434,14.696498301228669,14.685622753566541,14.674747208076234,0.0,0.0,0.0,0.0,0.0,0.0,0.0,0.0,0.0
163,29.585378581984592,21.895599973476006,18.23452818514552,22.049748839276745,25.924217872999286,21.7415400283301,14.622658144874489,14.61237790462276,14.60209766620787,0.0,0.0,0.0,0.0,0.0,0.0,0.0,0.0,0.0
164,29.676634900085656,21.986825891073885,18.325723702240943,22.132532510084697,26.015457505665687,21.841194477650102,14.549215884751655,14.539498365870447,14.529780848542767,0.0,0.0,0.0,0.0,0.0,0.0,0.0,0.0,0.0
165,29.767434562957387,22.077596817509612,18.41646589224128,22.21532398499063,26.106240031766102,21.93993325595156,14.47616791516862,14.466982315319996,14.457796716785284,0.0,0.0,0.0,0.0,0.0,0.0,0.0,0.0,0.0
166,29.857779930965627,22.167915022061074,18.506756933336483,22.298100095475817,26.19656804685701,22.037783744030364,14.40351073715758,14.394827940068607,14.386145144090893,0.0,0.0,0.0,0.0,0.0,0.0,0.0,0.0,0.0
167,29.94767334817216,22.25778276268808,18.596598997384405,22.38083907035383,26.28644408485182,22.134771953039003,14.331240953084691,14.323033436255043,14.314825920365253,0.0,0.0,0.0,0.0,0.0,0.0,0.0,0.0,0.0
168,30.037117142664076,22.347202286088827,18.685994249694346,22.46352045621636,26.375870625839397,22.2309225963915,14.259355261553063,14.251597009014574,14.243838757270977,0.0,0.0,0.0,0.0,0.0,0.0,0.0,0.0,0.0
169,30.12611362686795,22.43617582775605,18.77494484882523,22.546125042622702,26.46485010270512,22.326259158121417,14.187850452582506,14.180516872434154,14.17318329295809,0.0,0.0,0.0,0.0,0.0,0.0,0.0,0.0,0.0
170,30.21466509784957,22.52470561203292,18.86345294639762,22.62863479171359,26.55338490673908,22.420803957827452,14.116723403050901,14.109791249507817,14.102859096533326,0.0,0.0,0.0,0.0,0.0,0.0,0.0,0.0,0.0
171,30.302773837600053,22.612793852168657,18.951520686918833,22.71103277195689,26.641477392387618,22.514578212343046,14.045971072382885,14.039418372092276,14.032865672282561,0.0,0.0,0.0,0.0,0.0,0.0,0.0,0.0,0.0
172,30.390442113309103,22.700442750373846,19.039150207620356,22.793303095756297,26.729129881280294,22.607602094266724,13.975590498472314,13.969396480862754,13.963202463659911,0.0,0.0,0.0,0.0,0.0,0.0,0.0,0.0,0.0
173,30.477672177626005,22.787654497875508,19.126343638306945,22.875430860675575,26.816344665643985,22.699894787488905,13.90557879382574,13.899723825269014,13.893868857056276,0.0,0.0,0.0,0.0,0.0,0.0,0.0,0.0,0.0
174,30.56446626890911,22.874431274971872,19.213103101216703,22.95740209404991,26.903124011198624,22.791474539849155,13.835933141914776,13.830398663491628,13.824864185359411,0.0,0.0,0.0,0.0,0.0,0.0,0.0,0.0,0.0
175,30.6508266114644,22.960775251086883,19.299430710891553,23.039203700773232,26.989470159614466,22.882358713055144,13.766650793725978,13.761419262398439,13.756187731316958,0.0,0.0,0.0,0.0,0.0,0.0,0.0,0.0,0.0
176,30.73675541577365,23.046688584824437,19.38532857405751,23.12082341406576,27.075385330598493,22.97256382999136,13.697729064497384,13.692783897501247,13.687838730713214,0.0,0.0,0.0,0.0,0.0,0.0,0.0,0.0,0.0
177,30.822254878712865,23.13217342402236,19.470798789514216,23.202249749040302,27.160871723667103,23.062105619542052,13.62916533063156,13.62449085291271,13.619816375369862,0.0,0.0,0.0,0.0,0.0,0.0,0.0,0.0,0.0
178,30.907327183761403,23.217231905806074,19.555843448033173,23.283471958898385,27.245931519653436,23.150999059048846,13.560957026775464,13.556538421303454,13.552119815980301,0.0,0.0,0.0,0.0,0.0,0.0,0.0,0.0,0.0
179,30.991974501202336,23.301866156642056,19.640464632264266,23.36447999359916,27.330566881990222,23.239258414519284,13.493101643058015,13.488924903859408,13.484748164786696,0.0,0.0,0.0,0.0,0.0,0.0,0.0,0.0,0.0
180,31.076198988314495,23.386078292390984,19.72466441665001,23.44526446085451,27.414779957802743,23.32689727869825,13.425596722476763,13.421648610239327,13.417700498108367,0.0,0.0,0.0,0.0,0.0,0.0,0.0,0.0,0.0
181,31.16000278955667,23.46987041836064,19.808444867347184,23.525816589313546,27.498572878841156,23.413928607109813,13.35843985842548,13.35470785853255,13.350975858729672,0.0,0.0,0.0,0.0,0.0,0.0,0.0,0.0,0.0
182,31.243388036744324,23.553244629358534,19.891808042155354,23.606128193808765,27.581947762276883,23.500364752172583,13.29162869235499,13.28810097521695,13.284573258155072,0.0,0.0,0.0,0.0,0.0,0.0,0.0,0.0,0.0
183,31.326356849219284,23.636203009744282,19.974755990451925,23.68619164254415,27.664906711384063,23.586217495487297,13.225160911559959,13.221826295117108,13.218491678738669,0.0,0.0,0.0,0.0,0.0,0.0,0.0,0.0,0.0
184,31.408911334012714,23.71874763348172,20.05729075313339,23.76599982611323,27.747451816123682,23.67149807839093,13.159034247084731,13.155882161362676,13.152730075695098,0.0,0.0,0.0,0.0,0.0,0.0,0.0,0.0,0.0
185,31.491053586001815,23.800880564190734,20.13941436256234,23.845546128242127,27.829585153645397,23.75621723086738,13.093246471741743,13.09026692534697,13.087287378998273,0.0,0.0,0.0,0.0,0.0,0.0,0.0,0.0,0.0
186,31.572785688060456,23.882603855198873,20.22112884251999,23.92482439815901,27.91130878871969,23.840385198900638,13.027795398236336,13.024978946685753,13.022162495174138,0.0,0.0,0.0,0.0,0.0,0.0,0.0,0.0,0.0
187,31.654109711204196,23.963919549592664,20.302436208163854,24.003828924497505,27.992624774111086,23.924011770352145,12.962678877392161,12.960016593176222,12.95735430899324,0.0,0.0,0.0,0.0,0.0,0.0,0.0,0.0,0.0
188,31.735027714729867,24.04482968026871,20.383338465990285,24.082554410647152,28.073535150901435,24.007106299440288,12.89789479647169,12.895378240756214,12.89286168506861,0.0,0.0,0.0,0.0,0.0,0.0,0.0,0.0,0.0
189,31.815541746350082,24.125336269984484,20.46383761380163,24.160995951469225,28.154041948770995,24.089677729895993,12.833441077586619,12.831062273463598,12.82868346936415,0.0,0.0,0.0,0.0,0.0,0.0,0.0,0.0,0.0
190,31.895653842322925,24.205441331408924,20.54393564067768,24.239149011301038,28.23414718624371,24.1717346168648,12.769315676193271,12.767067083395883,12.764818490618428,0.0,0.0,0.0,0.0,0.0,0.0,0.0,0.0,0.0
191,31.97536602757701,24.285146867172738,20.62363452695124,24.317009403176495,28.31385287090222,24.253285147622286,12.705516579668346,12.703391070670017,12.701265561688546,0.0,0.0,0.0,0.0,0.0,0.0,0.0,0.0,0.0
192,32.05468031583226,24.364454869918475,20.702936244187473,24.394573269194755,28.393160999577226,24.33433716116624,12.642041805960632,12.640032643382396,12.638023480818417,0.0,0.0,0.0,0.0,0.0,0.0,0.0,0.0,0.0
193,32.13359870971649,24.44336732235033,20.781842755166956,24.471837061972874,28.472073558515095,24.41489816674582,12.57888940231452,12.57699021756906,12.575091032835658,0.0,0.0,0.0,0.0,0.0,0.0,0.0,0.0,0.0
194,32.21212320087818,24.521886197283727,20.86035601387206,24.548797527122073,28.550592523527083,24.494975361384828,12.516057444061426,12.514262217166102,12.512466990280977,0.0,0.0,0.0,0.0,0.0,0.0,0.0,0.0,0.0
195,32.29025577009546,24.600013457694626,20.938477965476583,24.625451686690614,28.628719860122903,24.574575646453162,12.453544033475396,12.451847073970264,12.45015011447376,0.0,0.0,0.0,0.0,0.0,0.0,0.0,0.0,0.0
196,32.36799838738161,24.677751056768606,21.0162105463384,24.701796823519647,28.70645752363109,24.653705643337886,12.391347298689375,12.389743227599729,12.38813915651738,0.0,0.0,0.0,0.0,0.0,0.0,0.0,0.0,0.0
197,32.44535301208724,24.755100937949695,21.093555683994946,24.777830466461378,28.78380745930809,24.73237170826242,12.329465392668876,12.327949125455113,12.326432858247525,0.0,0.0,0.0,0.0,0.0,0.0,0.0,0.0,0.0
198,32.522321592999305,24.83206503498895,21.17051529716139,24.853550376411775,28.86077160243784,24.810579946300038,12.267896492239863,12.26646322268066,12.265029953126678,0.0,0.0,0.0,0.0,0.0,0.0,0.0,0.0,0.0
199,32.59890606843709,24.908645271992807,21.247091295731316,24.92895453311279,28.93735187842322,24.888336224625206,12.206638797167924,12.205283982125602,12.203929167087697,0.0,0.0,0.0,0.0,0.0,0.0,0.0,0.0,0.0
200,32.67510836634538,24.984843563471177,21.323285580779768,25.004041122681546,28.392164909614802,25.587031478299977,12.145690529285933,12.14440987430575,12.143129219329301,0.0,0.0,0.0,0.0,0.0,0.0,0.0,0.0,0.0
201,32.750930404384896,25.060661814385316,21.399100044568527,25.047894219767553,27.942439985412953,26.220358058158237,12.085049931667537,12.08383937736524,12.082628823066104,0.0,0.0,0.0,0.0,0.0,0.0,0.0,0.0,0.0
202,32.82637409002019,25.136101920195447,21.474536570553497,25.066972784087543,27.57339637626737,26.796643420414213,12.024715267843996,12.023570977038505,12.022426686235685,0.0,0.0,0.0,0.0,0.0,0.0,0.0,0.0,0.0
203,32.90144132060506,25.21116576690814,21.549597033394022,25.066646873368533,27.27253340627804,27.323023841260643,11.964684821061988,11.963603166612396,11.962521512165063,0.0,0.0,0.0,0.0,0.0,0.0,0.0,0.0,0.0
204,32.97613398346569,25.28585523112348,21.624283298964073,25.051370681914328,27.029278777693936,27.80562305394497,11.904956893580167,11.903934446888538,11.902912000198818,0.0,0.0,0.0,0.0,0.0,0.0,0.0,0.0,0.0
205,33.050453955981546,25.36017218008196,21.69859722436517,25.0248286112863,26.83469113763453,28.249703611507837,11.845529806002343,11.844563326145831,11.843596846290934,0.0,0.0,0.0,0.0,0.0,0.0,0.0,0.0,0.0
206,33.124403105664214,25.434118471711173,21.772540657940922,24.990058547854936,26.681208520746512,28.65979516671485,11.7864018966453,11.785488320103166,11.784574743562402,0.0,0.0,0.0,0.0,0.0,0.0,0.0,0.0,0.0
207,33.19798329023421,25.507695954672258,21.846115439293097,24.949555877232097,26.562435591919357,29.039803215048103,11.727571520939367,11.726707951882322,11.725844382826432,0.0,0.0,0.0,0.0,0.0,0.0,0.0,0.0,0.0
208,33.271196357695935,25.580906468406127,21.91932339929911,24.905361220338595,26.472963704562147,29.39310130050042,11.669037050859956,11.66822075197103,11.667404453083078,0.0,0.0,0.0,0.0,0.0,0.0,0.0,0.0,0.0
209,33.344044146410766,25.653751843179432,21.992166360130888,24.85913441474919,26.4082187129894,29.72260922198249,11.610796874388368,11.610025258186246,11.609253641984948,0.0,0.0,0.0,0.0,0.0,0.0,0.0,0.0,0.0
210,33.41652848516852,25.72623390013034,22.064646135274945,24.81221687500724,26.36433225813894,30.030859387427615,11.552849395000305,11.552120015637598,11.551390636275592,0.0,0.0,0.0,0.0,0.0,0.0,0.0,0.0,0.0
211,33.488651193257205,25.798354451314047,22.136764529553677,24.76568413583561,26.338032906109326,30.320053132179982,11.495193031180536,11.49450357669101,11.493814122202075,0.0,0.0,0.0,0.0,0.0,0.0,0.0,0.0,0.0
212,33.560414080531245,25.87011529974809,22.208523339147725,24.720390103303952,26.326554077429908,30.59210853869319,11.437826215962344,11.437174500932505,11.436522785903167,0.0,0.0,0.0,0.0,0.0,0.0,0.0,0.0,0.0
213,33.63181894747825,25.941518239457416,22.279924351619375,24.677004303192966,26.32755617727115,30.848701058090917,11.380747396490369,11.380131355132205,11.379515313774466,0.0,0.0,0.0,0.0,0.0,0.0,0.0,0.0,0.0
214,33.702867585284345,26.01256505551924,22.350969345936935,24.636043216381655,26.33906073625074,31.091298034108107,11.323955033605593,11.323372713208496,11.322790392811758,0.0,0.0,0.0,0.0,0.0,0.0,0.0,0.0,0.0
215,33.77356177589813,26.083257524107662,22.421660092499994,24.597896622457647,26.35939470932846,31.321188060719656,11.267447601451256,11.266897156192373,11.266346710933794,0.0,0.0,0.0,0.0,0.0,0.0,0.0,0.0,0.0
216,33.84390329209344,26.15359741253808,22.49199835316552,24.562849730162412,26.387143366012335,31.53950596162226,11.211223587098571,11.21070327219197,11.210182957285626,0.0,0.0,0.0,0.0,0.0,0.0,0.0,0.0,0.0
217,33.913893897530784,26.223586479311365,22.561985881274747,24.531101752715333,26.421110446757424,31.747254058644106,11.155281490191166,11.154789656357261,11.154297822523572,0.0,0.0,0.0,0.0,0.0,0.0,0.0,0.0,0.0
218,33.983535346817696,26.293226474157834,22.631624421680772,24.502781484114966,26.46028446482404,31.94532029371727,11.099619822607231,11.099154910844938,11.098689999082827,0.0,0.0,0.0,0.0,0.0,0.0,0.0,0.0,0.0
219,34.05282938556792,26.362519138080984,22.700915710776854,24.477960346318902,26.50381020572345,32.13449368238337,11.044237108138402,11.043797644783465,11.043358181428683,0.0,0.0,0.0,0.0,0.0,0.0,0.0,0.0,0.0
220,34.12177775045955,26.431466203401023,22.769861476525303,24.456663304324852,26.550964622578324,32.31547750348266,10.989131882184495,10.98871647423831,10.988301066292253,0.0,0.0,0.0,0.0,0.0,0.0,0.0,0.0,0.0
221,34.19038216929216,26.500069393798174,22.838463438487008,24.438877984559564,26.601136449374604,32.48890056764313,10.93430269146322,10.933910022177338,10.933517352891563,0.0,0.0,0.0,0.0,0.0,0.0,0.0,0.0,0.0
222,34.25864436104293,26.56833042435577,22.906723307851433,24.424562279890626,26.653808958659507,32.655326854699965,10.879748093734054,10.879376918436394,10.879005743138825,0.0,0.0,0.0,0.0,0.0,0.0,0.0,0.0,0.0
223,34.32656603592191,26.636251001603135,22.974642787467182,24.41365068053874,26.708545378688154,32.815263765765295,10.825466657535525,10.825115799685046,10.824764941834644,0.0,0.0,0.0,0.0,0.0,0.0,0.0,0.0,0.0
224,34.3941488954263,26.703832823558233,23.042223571872984,24.40605953294156,26.764976559827026,32.9691691980889,10.771456961935161,10.771125309392497,10.7707936568499,0.0,0.0,0.0,0.0,0.0,0.0,0.0,0.0,0.0
225,34.46139463239397,26.771077579770132,23.10946734732911,24.401691397152938,26.822790543290257,33.117457619049986,10.717717596291449,10.717404097793679,10.717090599295968,0.0,0.0,0.0,0.0,0.0,0.0,0.0,0.0,0.0
226,34.5283049310561,26.83798695136124,23.176375791849203,24.400438646764364,26.881723738794015,33.26050528870813,10.664247160027115,10.663950821855504,10.663654483683942,0.0,0.0,0.0,0.0,0.0,0.0,0.0,0.0,0.0
227,34.59488146708907,26.904562611069334,23.242950575232424,24.402186432856162,26.941553462970433,33.398654757564195,10.611044262413161,10.610764145243289,10.61048402807346,0.0,0.0,0.0,0.0,0.0,0.0,0.0,0.0,0.0
228,34.661125907665586,26.970806223289372,23.30919335909599,24.406815114488953,27.0020916286583,33.53221874690365,10.558107522363024,10.55784273828735,10.55757795421171,0.0,0.0,0.0,0.0,0.0,0.0,0.0,0.0,0.0
229,34.7270399115051,27.03671944411511,23.375105796907953,24.414202242192793,27.06317940755999,33.66148350277534,10.505435568236361,10.505185277949757,10.504934987663178,0.0,0.0,0.0,0.0,0.0,0.0,0.0,0.0,0.0
230,34.79262512892355,27.102303921380503,23.44068953402029,24.42422416734764,27.124682716133144,33.786711700843526,10.453027037651918,10.452790447791257,10.452553857930617,0.0,0.0,0.0,0.0,0.0,0.0,0.0,0.0,0.0
231,34.857883201882395,27.1675612947009,23.505946207702234,24.43675733888961,27.186488397741844,33.908144967654046,10.400880577308984,10.400656937938368,10.400433298567767,0.0,0.0,0.0,0.0,0.0,0.0,0.0,0.0,0.0
232,34.92281576403706,27.232493195514028,23.570877447173824,24.45167933909761,27.248500993676625,34.026006073950654,10.348994842816998,10.348783445050628,10.34857204728427,0.0,0.0,0.0,0.0,0.0,0.0,0.0,0.0,0.0
233,34.98742444078476,27.297101247120793,23.635484873639655,24.46886970203912,27.31064001221655,34.140500847289516,10.297368498532844,10.297168672288013,10.296968846043193,0.0,0.0,0.0,0.0,0.0,0.0,0.0,0.0,0.0
234,35.05171084931169,27.36138706472585,23.699770100322834,24.488210551349944,27.372837618915515,34.251819844094896,10.24600021740543,10.245811329278517,10.245622441151614,0.0,0.0,0.0,0.0,0.0,0.0,0.0,0.0,0.0
235,35.11567659863974,27.425352255477986,23.76373473249906,24.509587088193346,27.435036683143515,34.3601398152799,10.194888680827166,10.19471013208589,10.194531583344622,0.0,0.0,0.0,0.0,0.0,0.0,0.0,0.0,0.0
236,35.17932328967255,27.488998418510302,23.827380367530875,24.532887955323446,27.497189125934185,34.46562499445608,10.144032578491968,10.143863803177538,10.143695027863119,0.0,0.0,0.0,0.0,0.0,0.0,0.0,0.0,0.0
237,35.24265251524117,27.55232714498019,23.89070859490203,24.558005499024834,27.55925452266534,34.568428233433195,10.093430608259428,10.093271071392593,10.09311153452577,0.0,0.0,0.0,0.0,0.0,0.0,0.0,0.0,0.0
238,35.30566586014908,27.615340018109105,23.953720996251953,24.584835947196584,27.621198921267194,34.66869200604634,10.043081476024847,10.042930671910124,10.042779867795414,0.0,0.0,0.0,0.0,0.0,0.0,0.0,0.0,0.0
239,35.368364901216815,27.678038613222164,24.01641914541032,24.613279518893393,27.68299384271534,34.766549298240555,9.992983895594783,9.992841346217524,9.992698796840276,0.0,0.0,0.0,0.0,0.0,0.0,0.0,0.0,0.0
240,35.43075120732611,27.740424497787505,24.078804608431707,24.643240478144556,27.74461543569303,34.862124399707724,9.943136588567851,9.94300184207904,9.94286709559024,0.0,0.0,0.0,0.0,0.0,0.0,0.0,0.0,0.0
241,35.49282633946352,27.802499231455492,24.140878943630273,24.674627142770895,27.806043761643686,34.955533610134694,9.893538284220472,9.893410913504473,9.893283542788483,0.0,0.0,0.0,0.0,0.0,0.0,0.0,0.0,0.0
242,35.55459185076367,27.864264366097704,24.202643701614537,24.70735185715001,27.86726219010231,35.04688587122359,9.844187719397334,9.844067320718025,9.843946922038727,0.0,0.0,0.0,0.0,0.0,0.0,0.0,0.0,0.0
243,35.61604928655208,27.92572144584572,24.264100425322166,24.741330936389627,27.928256887296474,35.13628333403385,9.79508363840628,9.794969830127307,9.794856021848346,0.0,0.0,0.0,0.0,0.0,0.0,0.0,0.0,0.0
244,35.67720018438749,27.986872007129737,24.325250650054787,24.776484588114418,27.989016383630933,35.223821869826644,9.746224792917422,9.746117214292498,9.746009635667587,0.0,0.0,0.0,0.0,0.0,0.0,0.0,0.0,0.0
245,35.73804607410392,28.04771757871697,24.386095903512825,24.812736817016123,28.04953120788893,35.309591531428644,9.697609941866235,9.697508251895657,9.69740656192509,0.0,0.0,0.0,0.0,0.0,0.0,0.0,0.0,0.0
246,35.79858847785223,28.108259681749878,24.446637705830337,24.850015316429722,28.109793577859797,35.3936769711429,9.64923785136044,9.649141727710193,9.649045604059957,0.0,0.0,0.0,0.0,0.0,0.0,0.0,0.0,0.0
247,35.85882891014133,28.168499829784192,24.506877569609856,24.888251350453064,28.16979713868967,35.47615782039262,9.601107294590445,9.60101643257048,9.600925570550526,0.0,0.0,0.0,0.0,0.0,0.0,0.0,0.0,0.0
248,35.918768877879096,28.228439528826748,24.5668169999572,24.92737962950181,28.229536741594515,35.557109035566704,9.553217051743198,9.553131163341636,9.553045274940084,0.0,0.0,0.0,0.0,0.0,0.0,0.0,0.0,0.0
249,35.978409880412826,28.288080277373144,24.62645749451626,24.96733818166712,28.28900825670996,35.63660121392514,9.505565909919238,9.505484722889435,9.50540353585964,0.0,0.0,0.0,0.0,0.0,0.0,0.0,0.0,0.0
250,36.037753409569426,28.3474235664452,24.685800543503774,25.008068221804145,28.348208414812678,35.71470088290157,9.458152663052797,9.458075920050383,9.457999177047979,0.0,0.0,0.0,0.0,0.0,0.0,0.0,0.0,0.0
251,36.09680094969522,28.406470879628237,24.74484762974405,25.049514019911904,28.407134673460163,35.791470765695436,9.41097611183478,9.410903569601942,9.410831027369111,0.0,0.0,0.0,0.0,0.0,0.0,0.0,0.0,0.0
252,36.15555397769547,28.465223693108157,24.803600228703637,25.09162277005818,28.465785103782576,35.86697002566651,9.364035063638486,9.363966492232892,9.363897920827304,0.0,0.0,0.0,0.0,0.0,0.0,0.0,0.0,0.0
253,36.214013963073555,28.523683475708356,24.862059808525952,25.134344460847032,28.524158294741305,35.941254491719526,9.317328332447923,9.317263514513854,9.317198696579792,0.0,0.0,0.0,0.0,0.0,0.0,0.0,0.0,0.0
254,36.27218236796985,28.581851688926445,24.92022783006584,25.177631748213507,28.582253272160113,36.01437686658851,9.270854738788566,9.270793468867955,9.27073219894735,0.0,0.0,0.0,0.0,0.0,0.0,0.0,0.0,0.0
255,36.330060647200284,28.639729786970786,24.97810574692409,25.221439831153052,28.640069430250378,36.08638691969172,9.224613109660458,9.224555193541631,9.224497277422811,0.0,0.0,0.0,0.0,0.0,0.0,0.0,0.0,0.0
256,36.38765024829464,28.697319216796842,25.035695005481845,25.265726330846633,28.69760647370326,36.157331666023424,9.178602278473521,9.178547532575593,9.178492786677669,0.0,0.0,0.0,0.0,0.0,0.0,0.0,0.0,0.0
257,36.444952611534546,28.75462141814336,25.092997044934968,25.310451173521336,28.754864368718984,36.227255532372546,9.132821084984961,9.132769335775917,9.13271758656688,0.0,0.0,0.0,0.0,0.0,0.0,0.0,0.0,0.0
258,36.50196916999119,28.811637823568354,25.150013297328314,25.355576477286682,28.81184330159474,36.296200512006436,9.087268375238649,9.087219458685302,9.087170542131961,0.0,0.0,0.0,0.0,0.0,0.0,0.0,0.0,0.0
259,36.55870134956275,28.868369858484936,25.206745187589913,25.401066443104988,28.868543643705323,36.36420630882729,9.041943001506416,9.041896762554448,9.041850523602484,0.0,0.0,0.0,0.0,0.0,0.0,0.0,0.0,0.0
260,36.61515056901158,28.92481894119693,25.263194133565072,25.446887249987615,28.924965921890465,36.4313104718955,8.99684382223111,8.996800114313588,8.996756406396072,0.0,0.0,0.0,0.0,0.0,0.0,0.0,0.0,0.0
261,36.67131824000111,28.98098648293434,25.31936154605037,25.493006954454696,28.981110793414967,36.49754852111615,8.951969701971375,8.951928386544171,8.951887071116973,0.0,0.0,0.0,0.0,0.0,0.0,0.0,0.0,0.0
262,36.72720576713251,29.036873887888643,25.37524882882758,25.53939539425253,29.03697902479623,36.56295406479996,8.907319511348033,8.907280457450664,8.907241403553302,0.0,0.0,0.0,0.0,0.0,0.0,0.0,0.0,0.0
263,36.78281454798108,29.092482553247866,25.430857378697457,25.586024096287932,29.092571473902677,36.62755890973578,8.862892126991996,8.862855210832516,8.86281829467304,0.0,0.0,0.0,0.0,0.0,0.0,0.0,0.0,0.0
264,36.838145973132434,29.147813869231545,25.48618858551346,25.632866188711517,29.147889074818558,36.69139316434735,8.818686431493642,8.818651536056244,8.81861664061885,0.0,0.0,0.0,0.0,0.0,0.0,0.0,0.0,0.0
265,36.89320142621839,29.202869219125457,25.541243832215336,25.679896317060347,29.202932825048403,36.75448533545042,8.774701313353573,8.77466832802768,8.77463534270179,0.0,0.0,0.0,0.0,0.0,0.0,0.0,0.0,0.0
266,36.94798228395265,29.25764997931622,25.596024494862604,25.727090564354224,29.25770377470024,36.816862419077,8.730935666934679,8.73090448716433,8.730873307393985,0.0,0.0,0.0,0.0,0.0,0.0,0.0,0.0,0.0
267,37.00248991616627,29.31215751932569,25.65053194266793,25.774426375027602,29.31220301734235,36.878549985789924,8.68738839241546,8.687358919367895,8.687329446320332,0.0,0.0,0.0,0.0,0.0,0.0,0.0,0.0,0.0
268,37.05672568584285,29.36639320184521,25.70476753803038,25.82188248257045,29.366431682275408,36.939572260872566,8.644058395744532,8.644030535996912,8.644002676249293,0.0,0.0,0.0,0.0,0.0,0.0,0.0,0.0,0.0
269,37.11069094915354,29.420358382769663,25.75873263656859,25.869438840745463,29.420390928001677,36.99995219974464,8.60094458859626,8.600918253839538,8.600891919082818,0.0,0.0,0.0,0.0,0.0,0.0,0.0,0.0,0.0
270,37.164387055491844,29.474054411231386,25.812428587153732,25.917076558245377,29.474081936706575,37.059711558924995,8.55804588832747,8.558020995086475,8.557996101845479,0.0,0.0,0.0,0.0,0.0,0.0,0.0,0.0,0.0
271,37.2178153475081,29.527482629633884,25.865856731942475,25.9647778366525,29.527505909596496,37.11887096283545,8.515361217935185,8.515337687304019,8.515314156672853,0.0,0.0,0.0,0.0,0.0,0.0,0.0,0.0,0.0
272,37.2709771611439,29.580644373685402,25.919018406409716,26.012525911562285,29.580664062960718,37.177449966716,8.472889506015324,8.472867263407254,8.472845020799182,0.0,0.0,0.0,0.0,0.0,0.0,0.0,0.0,0.0
273,37.32387382566616,29.63354097243231,25.97191493938126,26.060304996733727,29.633557624845757,37.235467115900235,8.43062968672234,8.43060866163337,8.430587636544399,0.0,0.0,0.0,0.0,0.0,0.0,0.0,0.0,0.0
274,37.37650666370113,29.686173748292333,26.024547653066342,26.10810023113145,29.686187832247644,37.29294000168069,8.388580699729726,8.388560825515121,8.388540951300513,0.0,0.0,0.0,0.0,0.0,0.0,0.0,0.0,0.0
275,37.428876991268,29.738544017087605,26.076917863090014,26.155897628726905,29.7385559287422,37.34988531397649,8.346741490191384,8.346722703854415,8.346703917517441,0.0,0.0,0.0,0.0,0.0,0.0,0.0,0.0,0.0
276,37.48098611781252,29.790653088077576,26.129026878525433,26.20368403092948,29.790663162485803,37.406318891000225,8.305111008703767,8.30509325069603,8.305075492688289,0.0,0.0,0.0,0.0,0.0,0.0,0.0,0.0,0.0
277,37.53283534624028,29.842502263991737,26.180876001925995,26.251447061521954,29.842510784529352,37.46225576610668,8.263688211268809,8.263671425301471,8.263654639334128,0.0,0.0,0.0,0.0,0.0,0.0,0.0,0.0,0.0
278,37.58442597294983,29.894092841062182,26.23246652935734,26.299175083978838,29.894100047397245,37.51771021199323,8.22247205925757,8.222456192122943,8.22244032498831,0.0,0.0,0.0,0.0,0.0,0.0,0.0,0.0,0.0
279,37.635759287865625,29.945426109056026,26.283799750429232,26.346857161050334,29.94543220389034,37.57269578241017,8.181461519374587,8.181446520777472,8.181431522180352,0.0,0.0,0.0,0.0,0.0,0.0,0.0,0.0,0.0
280,37.686836574470775,29.996503351307645,26.33487694832732,26.394483016499027,29.996508506078413,37.62722535152826,8.140655563622872,8.140641386021137,8.140627208419398,0.0,0.0,0.0,0.0,0.0,0.0,0.0,0.0,0.0
281,37.73765910983958,30.047325844750752,26.38569939984473,26.442042998880925,30.047330204452805,37.68131115110129,8.100053169269563,8.100039767723445,8.100026366177323,0.0,0.0,0.0,0.0,0.0,0.0,0.0,0.0,0.0
282,37.78822816466993,30.097894859950333,26.436268375413544,26.489528047266905,30.097898547214584,37.734964805552266,8.05965331881217,8.059640650841823,8.059627982871472,0.0,0.0,0.0,0.0,0.0,0.0,0.0,0.0,0.0
283,37.838545003315446,30.1482116611344,26.486585139136164,26.53692965880507,30.148214779677247,37.788197365103635,8.019454999945399,8.019443025396246,8.019431050847091,0.0,0.0,0.0,0.0,0.0,0.0,0.0,0.0,0.0
284,37.888610883817535,30.198277506225605,26.53665094881649,26.58423985802899,30.198280143766294,37.84101933706428,7.979457205528532,7.979445886443983,7.979434567359433,0.0,0.0,0.0,0.0,0.0,0.0,0.0,0.0,0.0
285,37.93842705793717,30.24809364687268,26.586467055991015,26.63145116782103,30.24809587760069,37.893440715379064,7.939658933553338,7.939648234054478,7.939637534555617,0.0,0.0,0.0,0.0,0.0,0.0,0.0,0.0,0.0
286,37.98799477118655,30.297661328481738,26.636034705959744,26.678556581944306,30.29766321514361,37.94547100854004,7.9000591871124906,7.9000490732843485,7.9000389594562055,0.0,0.0,0.0,0.0,0.0,0.0,0.0,0.0,0.0
287,38.0373152628606,30.346981790247398,26.685355137817012,26.725549539060776,30.346983385911688,37.997119265952485,7.8606569743684656,7.8606474141525124,7.860637853936558,0.0,0.0,0.0,0.0,0.0,0.0,0.0,0.0,0.0
288,38.086389766068244,30.396056265183777,26.734429584482125,26.772423898157083,30.396057614733774,38.048394102843226,7.8214513085229065,7.821442271615439,7.821433234707969,0.0,0.0,0.0,0.0,0.0,0.0,0.0,0.0,0.0
289,38.13521950776352,30.444885980155302,26.783259272729904,26.819173915303555,30.444887121551524,38.09930372379358,7.782441207786441,7.782432665542522,7.782424123298603,0.0,0.0,0.0,0.0,0.0,0.0,0.0,0.0,0.0
290,38.18380570877655,30.49347215590739,26.831845423221054,26.86579422167543,30.493473121255352,38.14985594497415,7.743625695348914,7.74361762069158,7.743609546034246,0.0,0.0,0.0,0.0,0.0,0.0,0.0,0.0,0.0
291,38.23214958384433,30.54181600709697,26.88018925053243,26.91227980276901,30.541816823550246,38.20005821515441,7.705003799350041,7.704996166684469,7.704988534018897,0.0,0.0,0.0,0.0,0.0,0.0,0.0,0.0,0.0
292,38.28025234164135,30.589918742322833,26.92829196318714,26.958625978748803,30.58991943284685,38.249917635555605,7.666574552850446,7.666567337982827,7.666560123115208,0.0,0.0,0.0,0.0,0.0,0.0,0.0,0.0,0.0
293,38.32811518481004,30.63778156415587,26.976154763684523,27.00482838586501,30.637782148173876,38.29944097861147,7.628336993803086,7.628330173863936,7.628323353924785,0.0,0.0,0.0,0.0,0.0,0.0,0.0,0.0,0.0
294,38.37573930999106,30.685405669169118,27.023778848529993,27.050882958883832,30.68540616310854,38.348634705697734,7.590290165025033,7.5902837183967,7.590277271768366,0.0,0.0,0.0,0.0,0.0,0.0,0.0,0.0,0.0
295,38.42312590785345,30.73279224796768,27.07116540826473,27.09678591447603,30.732792665722183,38.39750498388758,7.55243311416961,7.552427020417752,7.552420926665893,0.0,0.0,0.0,0.0,0.0,0.0,0.0,0.0,0.0
296,38.47027616312458,30.7799424852185,27.118315627495235,27.142533735512085,30.779942838538798,38.44605770178736,7.514764893698857,7.5147591335076696,7.514753373316483,0.0,0.0,0.0,0.0,0.0,0.0,0.0,0.0,0.0
297,38.51719125461996,30.826857559679958,27.16523068492278,27.18812315621493,30.826857858504347,38.494298484503354,7.477284560856328,7.4772791159673195,7.477273671078312,0.0,0.0,0.0,0.0,0.0,0.0,0.0,0.0,0.0
298,38.56387235527287,30.873538644231363,27.211911753372675,27.233551148123865,30.873538896965258,38.542232707787726,7.439991177640196,7.43998603079431,7.439980883948426,0.0,0.0,0.0,0.0,0.0,0.0,0.0,0.0,0.0
299,38.61032063216391,30.919986905902263,27.25835999982343,27.27881490682573,30.919987119654632,38.58986551140918,7.402883810776661,7.4028789456595705,7.402874080542482,0.0,0.0,0.0,0.0,0.0,0.0,0.0,0.0,0.0
300,38.03515195329445,30.966203505901614,27.30457658543576,27.32391183941169,30.966203686684945,38.01581651853513,7.365961531693646,7.365956932884039,7.365952334074434,0.0,0.0,0.0,0.0,0.0,0.0,0.0,0.0,0.0
301,37.49376624552163,30.98127529358801,27.35056266558147,27.368839552620244,30.981275446487423,37.47548920558338,7.329223416494775,7.329219069415474,7.329214722336174,0.0,0.0,0.0,0.0,0.0,0.0,0.0,0.0,0.0
302,36.982764817837214,30.970125808152723,27.394781383856486,27.41205783561348,30.97012593746902,36.96548823676386,7.29266854593362,7.292664436805375,7.292660327677131,0.0,0.0,0.0,0.0,0.0,0.0,0.0,0.0,0.0
303,36.49917996642028,30.936918587675816,27.43602495767192,27.452355734945147,30.936918697046444,36.48284907977636,7.2562960053882115,7.256292121186023,7.256288236983835,0.0,0.0,0.0,0.0,0.0,0.0,0.0,0.0,0.0
304,36.04041357266861,30.885174394215596,27.473358854834448,27.48879572109839,30.885174486716963,36.024976613903235,7.220104884835799,7.2201012132476325,7.220097541659466,0.0,0.0,0.0,0.0,0.0,0.0,0.0,0.0,0.0
305,35.6041848942814,30.81787035815661,27.506074857818444,27.520666743264083,30.81787043639062,35.58959293060169,7.184094278827862,7.18409080821562,7.184087337603378,0.0,0.0,0.0,0.0,0.0,0.0,0.0,0.0,0.0
306,35.18848614665431,30.73752383057883,27.533651629705968,27.547444786305853,30.73752389674607,35.17469292388713,7.148263286465352,7.148260005827985,7.148256725190619,0.0,0.0,0.0,0.0,0.0,0.0,0.0,0.0,0.0
307,34.79154468737429,30.646263302273617,27.555721610381724,27.568759758470716,30.64626335823526,34.7785064833236,7.112611011374165,7.112607910312801,7.112604809251438,0.0,0.0,0.0,0.0,0.0,0.0,0.0,0.0,0.0
308,34.41179079893028,30.54588838423912,27.572043253034177,27.584367719869707,30.54588843156927,34.39946628476454,7.077136561680842,7.077133630365823,7.077130699050806,0.0,0.0,0.0,0.0,0.0,0.0,0.0,0.0,0.0
309,34.047830219005604,30.4379205368059,27.58247776444617,27.594127615186586,30.437920576835875,34.03618032823516,7.041839049988479,7.041836279128206,7.041833508267934,0.0,0.0,0.0,0.0,0.0,0.0,0.0,0.0,0.0
310,33.698420698216935,30.323645974318534,27.58696964228454,27.59798180380013,30.323646008174308,33.68740850284552,7.006717593352851,7.006714974164329,7.006712354975808,0.0,0.0,0.0,0.0,0.0,0.0,0.0,0.0,0.0
311,33.36245197557369,30.20415195221078,27.58553041227706,27.595939790185756,30.204151980844653,33.35204256903106,6.971771313258742,6.971768837439741,6.97176636162074,0.0,0.0,0.0,0.0,0.0,0.0,0.0,0.0,0.0
312,33.03892865534834,30.080357457169935,27.578225060890773,27.58806465018912,30.080357481387335,33.02908904183254,6.936999335596464,6.936996995299201,6.936994655001939,0.0,0.0,0.0,0.0,0.0,0.0,0.0,0.0,0.0
313,32.72695554808993,29.95303916365462,27.565160737515193,27.57446172715491,29.953039184136742,32.71765453796804,6.902400790638579,6.902398578444846,6.902396366251114,0.0,0.0,0.0,0.0,0.0,0.0,0.0,0.0,0.0
314,32.42572510539616,29.822853386880812,27.546477366419968,27.55526923816131,29.822853404203784,32.4169332163318,6.867974813016804,6.867972721914452,6.867970630812102,0.0,0.0,0.0,0.0,0.0,0.0,0.0,0.0,0.0
315,32.13450663465761,29.690354649778506,27.522339864771318,27.53065048662634,29.69035466442959,32.12619599815146,6.833720541699103,6.833718565059813,6.833716588420526,0.0,0.0,0.0,0.0,0.0,0.0,0.0,0.0,0.0
316,31.85263702788445,29.556011386178188,27.492931710337523,27.50078742489924,29.5560113985695,31.844781300931384,6.799637119966946,6.799635251525224,6.7996333830835045,0.0,0.0,0.0,0.0,0.0,0.0,0.0,0.0,0.0
317,31.57951277926336,29.420219221933372,27.458449642529562,27.465875350466828,29.420219232413455,31.572087060845973,6.76572369539276,6.765721929226071,6.7657201630593855,0.0,0.0,0.0,0.0,0.0,0.0,0.0,0.0,0.0
318,31.314583100402647,29.283312207556946,27.41909931424113,27.42611855322372,29.28331221642059,31.307563852556378,6.731979419817531,6.73197775032753,6.731976080837533,0.0,0.0,0.0,0.0,0.0,0.0,0.0,0.0,0.0
319,31.057343971266793,29.145572318328636,27.375091740529502,27.38172675983348,29.145572325825157,31.050708944466262,6.6984034493285876,6.698401871223372,6.69840029311816,0.0,0.0,0.0,0.0,0.0,0.0,0.0,0.0,0.0
320,30.807332989388062,29.007237489097882,27.3266404143253,27.332912245355043,29.007237495438144,30.80106115201803,6.664994944237534,6.66499345251487,6.66499196079221,0.0,0.0,0.0,0.0,0.0,0.0,0.0,0.0,0.0
321,30.564124900759158,28.868508409789893,27.273958979759435,27.27988750270975,28.868508415152238,30.558196372446474,6.631753069058349,6.631751658989816,6.6317502489212865,0.0,0.0,0.0,0.0,0.0,0.0,0.0,0.0,0.0
322,30.3273277134372,28.729554272763313,27.217259370928453,27.22286337779804,28.729554277298572,30.32172370203233,6.598676992485639,6.598675659601641,6.598674326717647,0.0,0.0,0.0,0.0,0.0,0.0,0.0,0.0,0.0
323,30.096579309816434,28.590517633685344,27.156750338475046,27.162047592630955,28.590517637521085,30.09128205182475,6.565765887373038,6.565764627448637,6.56576336752424,0.0,0.0,0.0,0.0,0.0,0.0,0.0,0.0,0.0
324,29.871544486170425,28.451518522654943,27.0926362986524,27.097643591134286,28.451518525899058,29.866537190444387,6.533018930711764,6.533017739753286,6.533016548794813,0.0,0.0,0.0,0.0,0.0,0.0,0.0,0.0,0.0
325,29.65191235877516,28.31265792121541,27.025116449919565,27.029849652662083,28.312657923959154,29.64717915328886,6.500435303609311,6.500434177841691,6.500433052074076,0.0,0.0,0.0,0.0,0.0,0.0,0.0,0.0,0.0
326,29.437394084999703,28.174020703061316,26.95438411087628,26.95885822701837,28.174020705381864,29.432919966537025,6.468014191268296,6.468013127123107,6.468012062977922,0.0,0.0,0.0,0.0,0.0,0.0,0.0,0.0,0.0
327,29.22772085544213,28.03567812115922,26.880626240740057,26.884855452180506,28.035678123121844,29.22349164203901,6.435754782965432,6.435753777069577,6.435752771173725,0.0,0.0,0.0,0.0,0.0,0.0,0.0,0.0,0.0
328,29.022642119708017,27.897689911243194,26.804023109807236,26.80802082215725,27.897689912903104,29.018644405698048,6.403656272030652,6.403655321195669,6.403654370360689,0.0,0.0,0.0,0.0,0.0,0.0,0.0,0.0,0.0
329,28.821924013956746,27.76010607085529,26.724748092602624,26.72852697767787,27.760106072259173,28.81814512747757,6.371717855826355,6.3717169570383145,6.3717160582502785,0.0,0.0,0.0,0.0,0.0,0.0,0.0,0.0,0.0
330,28.625347963029373,27.62296836397473,26.6429675608601,26.646539596846885,27.62296836516208,28.6217759258552,6.339938735726797,6.339937886136747,6.339937036546701,0.0,0.0,0.0,0.0,0.0,0.0,0.0,0.0,0.0
331,28.43270943394968,27.48631159356101,26.55884085721752,26.562217366640414,27.48631159456522,28.42933292352253,6.308318117097605,6.308317314012538,6.308316510927475,0.0,0.0,0.0,0.0,0.0,0.0,0.0,0.0,0.0
332,28.24381682096605,27.350164677807705,26.472520333661297,26.475712019272553,27.35016467865702,28.24062513450543,6.276855209275419,6.276854450149738,6.276853691024062,0.0,0.0,0.0,0.0,0.0,0.0,0.0,0.0,0.0
333,28.05849044516842,27.21455156038264,26.384151441410946,26.38716842011542,27.214551561100954,28.055473465745585,6.24554922554766,6.245548507975112,6.245547790402567,0.0,0.0,0.0,0.0,0.0,0.0,0.0,0.0,0.0
334,27.876561654149327,27.079491980260304,26.293872861168484,26.296724696091612,27.079491980867825,27.873709818618636,6.214399383132433,6.214398704838474,6.214398026544519,0.0,0.0,0.0,0.0,0.0,0.0,0.0,0.0,0.0
335,27.697872009247504,26.945002122803007,26.201816664537876,26.204512395338355,26.945002123316822,27.695176277933164,6.18340490315853,6.1834042619931235,6.183403620827721,0.0,0.0,0.0,0.0,0.0,0.0,0.0,0.0,0.0
336,27.52227254967193,26.811095170406922,26.108108499000387,26.11065667052362,26.811095170841487,27.519724377714088,6.152565010645577,6.152564404576376,6.1525637985071775,0.0,0.0,0.0,0.0,0.0,0.0,0.0,0.0,0.0
337,27.34962312430136,26.677781768204174,26.012867790159696,26.01527647952282,26.67778176857171,27.347214434570656,6.121878934484286,6.1218783615901895,6.121877788696095,0.0,0.0,0.0,0.0,0.0,0.0,0.0,0.0,0.0
338,27.179791783228886,26.5450704179227,25.916207956085465,25.91848479827982,26.545070418233546,27.177514940723647,6.0913459074168275,6.091345365881891,6.0913448243469555,0.0,0.0,0.0,0.0,0.0,0.0,0.0,0.0,0.0
339,27.012654222206976,26.4129678109849,25.81823662951891,25.820388841611084,26.412967811247796,27.010502009851866,6.060965166017316,6.060964654124996,6.060964142232679,0.0,0.0,0.0,0.0,0.0,0.0,0.0,0.0,0.0
340,26.848093274074426,26.28147911021683,25.719055884487116,25.7210902884953,26.281479110439175,26.846058869843862,6.0307359506724145,6.030735466800131,6.03073498292785,0.0,0.0,0.0,0.0,0.0,0.0,0.0,0.0,0.0
341,26.685998442036894,26.150608188094374,25.618762464528114,25.620685509046247,26.150608188282426,26.684075397330677,6.000657505562049,6.000657048176037,6.000656590790027,0.0,0.0,0.0,0.0,0.0,0.0,0.0,0.0,0.0
342,26.526265470347642,26.020357828230104,25.517448010276237,25.5192657909145,26.020357828389148,26.5244476895503,5.970729078640232,5.970728646290682,5.970728213941133,0.0,0.0,0.0,0.0,0.0,0.0,0.0,0.0,0.0
343,26.368795948512556,25.89072989577062,25.415199284613966,25.416917563320414,25.89072989590513,26.367077669671563,5.940949921615997,5.940949512932459,5.940949104248922,0.0,0.0,0.0,0.0,0.0,0.0,0.0,0.0,0.0
344,26.213496945637605,25.7617254814997,25.312098393976775,25.313722617301334,25.761725481613468,26.211872722199253,5.911319289934443,5.911318903621485,5.911318517308526,0.0,0.0,0.0,0.0,0.0,0.0,0.0,0.0,0.0
345,26.06028067196066,25.633345023702912,25.208223004713364,25.209758321072105,25.63334502379913,26.05874535550567,5.881836442757886,5.881836077590982,5.8818357124240785,0.0,0.0,0.0,0.0,0.0,0.0,0.0,0.0,0.0
346,25.90906416497328,25.505588411223762,25.10364655366556,25.105097829659982,25.505588411305144,25.907612888897457,5.852500642947111,5.852500297768765,5.852499952590421,0.0,0.0,0.0,0.0,0.0,0.0,0.0,0.0,0.0
347,25.759768997850724,25.37845507061251,24.99843845234862,24.999810288191608,25.378455070681337,25.758397161938884,5.823311157042734,5.82331083075881,5.823310504474888,0.0,0.0,0.0,0.0,0.0,0.0,0.0,0.0,0.0
348,25.61232100817765,25.251944039821197,24.892664284290742,24.89396102838818,25.2519440398794,25.61102426402197,5.794267255246669,5.794266946822923,5.7942666383991765,0.0,0.0,0.0,0.0,0.0,0.0,0.0,0.0,0.0
349,25.46665004518925,25.126054030520077,24.786385995236973,24.787611757971174,25.1260540305693,25.465424282405788,5.765368211403693,5.7653679198624905,5.765367628321288,0.0,0.0,0.0,0.0,0.0,0.0,0.0,0.0,0.0
350,25.322689733948238,25.00078348079055,24.679662076041996,24.680820742800655,25.000783480832176,25.321531067147912,5.736613302983113,5.736613027400335,5.736612751817557,0.0,0.0,0.0,0.0,0.0,0.0,0.0,0.0,0.0
351,25.180377255051816,24.87613059967893,24.572547738173203,24.57364298166516,24.876130599714134,25.179282011524617,5.708001811060534,5.708001550562646,5.708001290064757,0.0,0.0,0.0,0.0,0.0,0.0,0.0,0.0,0.0
352,25.039653138613705,24.752093404866553,24.46509508182362,24.46613037372051,24.752093404896325,25.038617846687004,5.67953302029973,5.679532774061013,5.679532527822295,0.0,0.0,0.0,0.0,0.0,0.0,0.0,0.0,0.0
353,24.900461071397263,24.628669754517944,24.357353256696772,24.35833187863742,24.62866975454312,24.899482449431407,5.6512062189346075,5.65120598617454,5.651205753414473,0.0,0.0,0.0,0.0,0.0,0.0,0.0,0.0,0.0
354,24.76274771609031,24.505857374205142,24.24936861557496,24.250293669567395,24.505857374226434,24.761822662076547,5.62302069875127,5.623020478732056,5.6230202587128435,0.0,0.0,0.0,0.0,0.0,0.0,0.0,0.0,0.0
355,24.62646254181196,24.38365387966764,24.141184860820946,24.142059279075088,24.38365387968565,24.62558812353978,5.594975755070176,5.594975547094407,5.594975339118638,0.0,0.0,0.0,0.0,0.0,0.0,0.0,0.0,0.0
356,24.49155766502956,24.262056796050345,24.0328431839928,24.033669738214858,24.262056796065576,24.490731110792247,5.567070686728401,5.56707049013684,5.567070293545279,0.0,0.0,0.0,0.0,0.0,0.0,0.0,0.0,0.0
357,24.35798770014061,24.14106357416281,23.924382398773535,23.925163708951686,24.14106357417569,24.357206389949553,5.539304796061982,5.539304610231478,5.539304424400974,0.0,0.0,0.0,0.0,0.0,0.0,0.0,0.0,0.0
358,24.22570961904248,24.020671604219263,23.81583906743335,23.816577610142502,24.020671604230156,24.224971076322408,5.511677388888365,5.511677213229878,5.511677037571391,0.0,0.0,0.0,0.0,0.0,0.0,0.0,0.0,0.0
359,24.09468261907257,23.90087822744804,23.70724762105313,23.707945737305092,23.90087822745725,24.09398450281137,5.484187774488942,5.4841876084456755,5.484187442402408,0.0,0.0,0.0,0.0,0.0,0.0,0.0,0.0,0.0
360,23.964867998754794,23.781680745899084,23.598640473744727,23.599300376408678,23.781680745906876,23.96420809608302,5.4568352655916845,5.456835108637319,5.456834951682953,0.0,0.0,0.0,0.0,0.0,0.0,0.0,0.0,0.0
361,23.83622904083536,23.663076430727532,23.490048131106935,23.490671911923723,23.663076430734115,23.835605260011956,5.429619178353864,5.429619029990889,5.4296188816279125,0.0,0.0,0.0,0.0,0.0,0.0,0.0,0.0,0.0
362,23.708730902133098,23.545062529188435,23.381499293156946,23.382088929369406,23.545062529194,23.70814126591504,5.402538832344862,5.402538692103001,5.402538551861139,0.0,0.0,0.0,0.0,0.0,0.0,0.0,0.0,0.0
363,23.582340509767157,23.42763627054154,23.273020951975464,23.273578312595845,23.427636270546248,23.58178314914204,5.37559355052908,5.375593417963799,5.375593285398516,0.0,0.0,0.0,0.0,0.0,0.0,0.0,0.0,0.0
364,23.457026463358766,23.31079487103424,23.164638484300728,23.165165336035017,23.31079487103822,23.45649961162047,5.348782659248928,5.348782533940025,5.348782408631119,0.0,0.0,0.0,0.0,0.0,0.0,0.0,0.0,0.0
365,23.332758942834207,23.19453553810492,23.056375739301963,23.056873752149947,23.194535538108287,23.33226092998283,5.322105488207908,5.322105369758181,5.322105251308453,0.0,0.0,0.0,0.0,0.0,0.0,0.0,0.0,0.0
366,23.209509621483587,23.078855473927074,22.948255121757445,22.94872587430623,23.07885547392992,23.20903886893193,5.295561370453784,5.295561258487775,5.295561146521766,0.0,0.0,0.0,0.0,0.0,0.0,0.0,0.0,0.0
367,23.08725158395495,22.963751878395847,22.84029767085583,22.840742655283595,22.963751878398256,23.086806599524756,5.26914964236184,5.269149536524642,5.2691494306874445,0.0,0.0,0.0,0.0,0.0,0.0,0.0,0.0,0.0
368,22.9659592488858,22.849221951643106,22.732523134832665,22.732943761638523,22.84922195164514,22.965538622077887,5.2428696436182225,5.242869543574357,5.242869443530492,0.0,0.0,0.0,0.0,0.0,0.0,0.0,0.0,0.0
369,22.845608295894785,22.73526289615378,22.624950041646528,22.625347644121497,22.7352628961555,22.84521069341808,5.216720717203377,5.2167206226357274,5.216720528068079,0.0,0.0,0.0,0.0,0.0,0.0,0.0,0.0,0.0
370,22.72617559667499,22.621871918545065,22.517595765891798,22.517971604345018,22.621871918546518,22.725799758220298,5.190702209375561,5.190702119984368,5.190702030593177,0.0,0.0,0.0,0.0,0.0,0.0,0.0,0.0,0.0
371,22.60763914994757,22.509046231060484,22.410476592137254,22.410831857890887,22.50904623106171,22.607283884192693,5.164813469654443,5.164813385156358,5.164813300658275,0.0,0.0,0.0,0.0,0.0,0.0,0.0,0.0,0.0
372,22.48997802005024,22.396783052822922,22.30360777487197,22.30394359403741,22.396783052823956,22.489642200883747,5.139053850804794,5.1390537709319775,5.139053691059162,0.0,0.0,0.0,0.0,0.0,0.0,0.0,0.0,0.0
373,22.373172278949667,22.28507961088377,22.197003595232218,22.197321032279614,22.285079610884644,22.372854841901376,5.113422708820257,5.11342263331953,5.113422557818804,0.0,0.0,0.0,0.0,0.0,0.0,0.0,0.0,0.0
374,22.257202951480156,22.17393314109976,22.090677414675433,22.090977475807822,22.1739331411005,22.25690289034701,5.087919402907197,5.08791933153924,5.087919260171284,0.0,0.0,0.0,0.0,0.0,0.0,0.0,0.0,0.0
375,22.142051963623533,22.063340888864055,21.98464172575982,21.984925362102544,22.06334088886468,22.141768327280165,5.062543295468641,5.062543228007234,5.062543160545828,0.0,0.0,0.0,0.0,0.0,0.0,0.0,0.0,0.0
376,22.027702093656433,21.95330010971418,21.878908200180703,21.87917631079627,21.95330010971471,22.02743398304032,5.037293752088297,5.037293688319603,5.03729362455091,0.0,0.0,0.0,0.0,0.0,0.0,0.0,0.0,0.0
377,21.914136926001962,21.843808069835816,21.773487734207748,21.773741168945655,21.84380806983626,21.913883491263597,5.012170141514654,5.0121700812365395,5.0121700209584255,0.0,0.0,0.0,0.0,0.0,0.0,0.0,0.0,0.0
378,21.801340807632485,21.734862046478543,21.66839049166006,21.668630053850617,21.734862046478916,21.80110124544154,4.987171835645159,4.987171778666557,4.987171721687955,0.0,0.0,0.0,0.0,0.0,0.0,0.0,0.0,0.0
379,21.68929880687952,21.626459328297237,21.563625944549607,21.563852393550317,21.626459328297553,21.689072357878484,4.9622982095104895,4.96229815565079,4.962298101791091,0.0,0.0,0.0,0.0,0.0,0.0,0.0,0.0,0.0
380,21.577996674515312,21.51859721563057,21.45920291151689,21.45941696511943,21.51859721563084,21.57778262091249,4.9375486412588865,4.937548590347367,4.937548539435848,0.0,0.0,0.0,0.0,0.0,0.0,0.0,0.0,0.0
381,21.467420806978556,21.4112730207264,21.35512959417655,21.355331930882024,21.411273020726632,21.467218470272847,4.912922512140584,4.9129224640158675,4.91292241589115,0.0,0.0,0.0,0.0,0.0,0.0,0.0,0.0,0.0
382,21.35755821162431,21.304484067922278,21.251413611484715,21.251604872654326,21.304484067922473,21.3573669504545,4.888419206492308,4.88841916100185,4.8884191155113905,0.0,0.0,0.0,0.0,0.0,0.0,0.0,0.0,0.0
383,21.248396473885034,21.198227693788056,21.14806203223411,21.148242824122143,21.198227693788223,21.248215681996836,4.864038111721858,4.864038068721463,4.864038025721067,0.0,0.0,0.0,0.0,0.0,0.0,0.0,0.0,0.0
384,21.13992372623628,21.09250124723649,21.04508140577756,21.045252301453054,21.092501247236633,21.139752830560635,4.839778618292763,4.839778577646129,4.8397785369994955,0.0,0.0,0.0,0.0,0.0,0.0,0.0,0.0,0.0
385,21.032128618866615,20.98730208960683,20.9424777910752,20.942639332238475,20.987302089606946,21.03196707770321,4.815640119709021,4.815640081287309,4.8156400428655965,0.0,0.0,0.0,0.0,0.0,0.0,0.0,0.0,0.0
386,20.925000291957218,20.88262759472557,20.840256784155923,20.840409482855623,20.88262759472567,20.924847593257407,4.791622012499914,4.791621976181335,4.791621939862757,0.0,0.0,0.0,0.0,0.0,0.0,0.0,0.0,0.0
387,20.818528349481827,20.778475148948022,20.738423544078618,20.738567884334792,20.778475148948104,20.818384009225557,4.767723696204897,4.76772366187433,4.767723627543763,0.0,0.0,0.0,0.0,0.0,0.0,0.0,0.0,0.0
388,20.712702834442915,20.67484215118361,20.636982817474397,20.63711925681274,20.67484215118368,20.712566395104496,4.743944573358567,4.743944540907191,4.743944508455815,0.0,0.0,0.0,0.0,0.0,0.0,0.0,0.0,0.0
389,20.607514205464653,20.571726012907533,20.535938961746716,20.536067932648805,20.57172601290759,20.607385234562496,4.720284049475703,4.720284018800656,4.720283988125607,0.0,0.0,0.0,0.0,0.0,0.0,0.0,0.0,0.0
390,20.5029533146677,20.4691241581609,20.435295967002126,20.435417878276304,20.46912415816094,20.502831403393458,4.69674153303639,4.696741504040438,4.696741475044486,0.0,0.0,0.0,0.0,0.0,0.0,0.0,0.0,0.0
391,20.399011386755088,20.36703402354117,20.335057476780584,20.33517271485779,20.367034023541205,20.398896148677828,4.673316435471212,4.673316408062444,4.673316380653676,0.0,0.0,0.0,0.0,0.0,0.0,0.0,0.0,0.0
392,20.295679999242463,20.265453058184473,20.23522680765055,20.23533573780921,20.2654530581845,20.29557106908376,4.650008171146516,4.650008145238053,4.65000811932959,0.0,0.0,0.0,0.0,0.0,0.0,0.0,0.0,0.0
393,20.192951063769552,20.16437872374106,20.135806967730623,20.13590993525449,20.164378723741084,20.192848096245648,4.626816157349763,4.6268161328594815,4.6268161083692005,0.0,0.0,0.0,0.0,0.0,0.0,0.0,0.0,0.0
394,20.090816808433452,20.06380849434503,20.036800674196076,20.036898005468714,20.06380849434505,20.09071947716078,4.603739814274941,4.603739791125212,4.603739767975483,0.0,0.0,0.0,0.0,0.0,0.0,0.0,0.0,0.0
395,19.989269761087385,19.96373985657924,19.938210369825647,19.938302373364994,19.96373985657926,19.989177757548006,4.580778565008054,4.580778543125498,4.5807785212429435,0.0,0.0,0.0,0.0,0.0,0.0,0.0,0.0,0.0
396,19.888302733551964,19.864170309436226,19.840038238640826,19.84012520607712,19.86417030943624,19.888215766115646,4.557931835512691,4.5579318148279455,4.557931794143201,0.0,0.0,0.0,0.0,0.0,0.0,0.0,0.0,0.0
397,19.787908806688726,19.765097364275718,19.742286220687138,19.74236842768731,19.76509736427573,19.787826599688525,4.535199054615656,4.5351990350631555,4.535199015510656,0.0,0.0,0.0,0.0,0.0,0.0,0.0,0.0,0.0
398,19.688081316288596,19.666518544779436,19.644956026004206,19.645033733145702,19.666518544779443,19.688003609147074,4.512579653992685,4.512579635510451,4.512579617028219,0.0,0.0,0.0,0.0,0.0,0.0,0.0,0.0,0.0
399,19.588813839730562,19.56843138690352,19.548049147828877,19.548122601425614,19.568431386903523,19.588740386133807,4.490073068154215,4.490073050683665,4.490073033213116,0.0,0.0,0.0,0.0,0.0,0.0,0.0,0.0,0.0
400,19.49010018336826,19.470833438829086,19.45156687507327,19.451636307956395,19.470833438829086,19.49003075048512,4.4676787344312485,4.467678717917003,4.46767870140276,0.0,0.0,0.0,0.0,0.0,0.0,0.0,0.0,0.0
401,19.39193437060451,19.373722260911194,19.35551030411732,19.35557593637324,19.37372226091119,19.391868738348577,4.445396092961269,4.445396077350982,4.445396061740698,0.0,0.0,0.0,0.0,0.0,0.0,0.0,0.0,0.0
402,19.294310630616117,19.27709542562655,19.259880349953306,19.259942389621298,19.277095425626545,19.29424859094811,4.423224586674234,4.423224571918426,4.423224557162619,0.0,0.0,0.0,0.0,0.0,0.0,0.0,0.0,0.0
403,19.197223387693246,19.180950517520156,19.164677756717722,19.164736400449385,19.18095051752015,19.19716474396157,4.401163661278646,4.401163647330544,4.401163633382443,0.0,0.0,0.0,0.0,0.0,0.0,0.0,0.0,0.0
404,19.100667251159674,19.08528513315115,19.06990310764402,19.06995854132661,19.085285133151142,19.10061181747707,4.379212765247682,4.379212752063073,4.379212738878465,0.0,0.0,0.0,0.0,0.0,0.0,0.0,0.0,0.0
405,19.004637005842117,18.990096881037967,18.975556834467856,18.975609233813504,18.99009688103796,19.004584606496458,4.357371349805396,4.357371337342488,4.35737132487958,0.0,0.0,0.0,0.0,0.0,0.0,0.0,0.0,0.0
406,18.9091276030585,18.895383381603004,18.881639226314775,18.881688757417454,18.895383381602997,18.90907807195581,4.335638868912994,4.335638857132283,4.33563884535157,0.0,0.0,0.0,0.0,0.0,0.0,0.0,0.0,0.0
407,18.81413415209677,18.80114226711688,18.78815043809865,18.78819725796066,18.801142267116873,18.81408733223475,4.314014779255178,4.31401476811932,4.314014756983462,0.0,0.0,0.0,0.0,0.0,0.0,0.0,0.0,0.0
408,18.71965191215736,18.707371181642422,18.695090498457652,18.695134755487278,18.707371181642415,18.71960765512772,4.292498540226551,4.292498529700249,4.2924985191739475,0.0,0.0,0.0,0.0,0.0,0.0,0.0,0.0,0.0
409,18.625676284733935,18.61406778097847,18.602459317253,18.60250115173493,18.614067780978463,18.625634450251987,4.2710896139181,4.271089603967988,4.2710895940178775,0.0,0.0,0.0,0.0,0.0,0.0,0.0,0.0,0.0
410,18.53220280640839,18.521229732603533,18.510256692654476,18.510296237194478,18.521229732603526,18.53216326186837,4.249787465103741,4.2497874556982795,4.249787446292819,0.0,0.0,0.0,0.0,0.0,0.0,0.0,0.0,0.0
411,18.43922714203745,18.42885471561941,18.41848231783527,18.418519697780514,18.4288547156194,18.439189762092187,4.2285915612269305,4.228591552336307,4.228591543445684,0.0,0.0,0.0,0.0,0.0,0.0,0.0,0.0,0.0
412,18.346745078309407,18.336940420694777,18.32713578729757,18.32717112113396,18.33694042069477,18.346709744473,4.207501372387349,4.207501363983382,4.207501355579415,0.0,0.0,0.0,0.0,0.0,0.0,0.0,0.0,0.0
413,18.254752517650747,18.24548455000885,18.236216602849094,18.236250002576835,18.245484550008843,18.254719117922992,4.186516371327647,4.1865163633836975,4.186516355439748,0.0,0.0,0.0,0.0,0.0,0.0,0.0,0.0,0.0
414,18.163245472463508,18.15448481719509,18.145724179249655,18.145755750738264,18.154484817195083,18.163213900974885,4.165636033420258,4.165636025911145,4.165636018402033,0.0,0.0,0.0,0.0,0.0,0.0,0.0,0.0,0.0
415,18.07222005967528,18.063938947285024,18.05565784954587,18.055687692869764,18.063938947285017,18.07219021635137,4.1448598366542795,4.144859829556202,4.144859822458123,0.0,0.0,0.0,0.0,0.0,0.0,0.0,0.0,0.0
416,17.981672495584732,17.973844676652224,17.966016870111044,17.966045079866753,17.973844676652217,17.981644285829006,4.124187261622417,4.124187254912875,4.124187248203332,0.0,0.0,0.0,0.0,0.0,0.0,0.0,0.0,0.0
417,17.891599090986496,17.8841997529564,17.876800425406405,17.87682709101242,17.88419975295639,17.891572425380463,4.103617791507997,4.1036177851657225,4.103617778823447,0.0,0.0,0.0,0.0,0.0,0.0,0.0,0.0,0.0
418,17.80199624656013,17.795001935087694,17.788007632478916,17.78803283845913,17.795001935087686,17.8019710405799,4.08315091207204,4.08315090607693,4.083150900081819,0.0,0.0,0.0,0.0,0.0,0.0,0.0,0.0,0.0
419,17.712860448508696,17.70624899311116,17.69963754521015,17.699661371461772,17.706248993111153,17.71283662225706,4.062786111640402,4.062786105973453,4.062786100306504,0.0,0.0,0.0,0.0,0.0,0.0,0.0,0.0,0.0
420,17.624188264433336,17.617938708211426,17.611689158329785,17.611711680376597,17.61793870821142,17.624165742386513,4.04252288109098,4.042522875734229,4.0425228703774785,0.0,0.0,0.0,0.0,0.0,0.0,0.0,0.0,0.0
421,17.535976339430878,17.530068872637607,17.52416141120668,17.524182700438434,17.5300688726376,17.535955050199114,4.022360713840979,4.022360708777447,4.022360703713915,0.0,0.0,0.0,0.0,0.0,0.0,0.0,0.0,0.0
422,17.44822139240235,17.442637289648392,17.437053191429698,17.437073315328405,17.442637289648385,17.448201268503635,4.002299105834247,4.002299101047883,4.002299096261519,0.0,0.0,0.0,0.0,0.0,0.0,0.0,0.0,0.0
423,17.360920212560792,17.355641773457407,17.35036333818977,17.350382360543595,17.3556417734574,17.36090119020696,3.9823375555286655,3.9823375510042975,3.98233754647993,0.0,0.0,0.0,0.0,0.0,0.0,0.0,0.0,0.0
424,17.274069656127537,17.269080149178766,17.26409064547412,17.26410862657959,17.26908014917876,17.27405167502206,3.9624755638836135,3.9624755596069012,3.962475555330189,0.0,0.0,0.0,0.0,0.0,0.0,0.0,0.0,0.0
425,17.187666643206594,17.182950252772898,17.178233865082955,17.178250861936068,17.18295025277289,17.18764964635347,3.942712634347487,3.942712630304874,3.942712626262261,0.0,0.0,0.0,0.0,0.0,0.0,0.0,0.0,0.0
426,17.10170815482745,17.097249930992593,17.092791709478295,17.092807775955198,17.097249930992586,17.101692088350532,3.923048272845282,3.923048269023954,3.9230482652026266,0.0,0.0,0.0,0.0,0.0,0.0,0.0,0.0,0.0
427,17.016191230147037,17.011977041329306,17.00776285447421,17.007778041501975,17.0119770413293,17.01617604311926,3.903481987766241,3.903481984154085,3.9034819805419305,0.0,0.0,0.0,0.0,0.0,0.0,0.0,0.0,0.0
428,16.931112963802217,16.927129451959708,16.92314594177712,16.92316029749516,16.9271294519597,16.931098608084163,3.88401328995156,3.884013286537127,3.8840132831226946,0.0,0.0,0.0,0.0,0.0,0.0,0.0,0.0,0.0
429,16.846470503404493,16.84270504169248,16.838939581384366,16.83895315129703,16.842705041692472,16.846456933491808,3.864641692682158,3.8646416894546247,3.8646416862270923,0.0,0.0,0.0,0.0,0.0,0.0,0.0,0.0,0.0
430,16.76226104716923,16.758701699915367,16.75514235384887,16.75515518096969,16.75870169991536,16.76224822004839,3.8453667116665065,3.8453667086156424,3.8453667055647793,0.0,0.0,0.0,0.0,0.0,0.0,0.0,0.0,0.0
431,16.678481841672014,16.67511732654248,16.67175281241718,16.6717649374052,16.675117326542473,16.678469716683974,3.8261878650285204,3.8261878621446552,3.826187859260791,0.0,0.0,0.0,0.0,0.0,0.0,0.0,0.0,0.0
432,16.59513017972519,16.591949831961845,16.588769485047845,16.588780946336517,16.591949831961838,16.5951187184365,3.8071046732955103,3.8071046705695024,3.8071046678434954,0.0,0.0,0.0,0.0,0.0,0.0,0.0,0.0,0.0
433,16.51220339836803,16.509197136983218,16.50619087631675,16.506201710235743,16.50919713698321,16.512192564449016,3.788116659386192,3.7881166568094007,3.7881166542326103,0.0,0.0,0.0,0.0,0.0,0.0,0.0,0.0,0.0
434,16.429698876964327,16.426857172786143,16.424015469215504,16.42402571010587,16.426857172786136,16.42968863607394,3.7692233485987594,3.769223346163017,3.7692233437272757,0.0,0.0,0.0,0.0,0.0,0.0,0.0,0.0,0.0
435,16.34761403540153,16.344927880868262,16.342241726848833,16.342251407171858,16.344927880868255,16.34760435507848,3.7504242685990157,3.7504242662966014,3.750424263994188,0.0,0.0,0.0,0.0,0.0,0.0,0.0,0.0,0.0
436,16.265946332385884,16.26340721299389,16.26086809403648,16.26087724447658,16.263407212993883,16.26593718194576,3.7317189494085623,3.731718947232178,3.7317189450557944,0.0,0.0,0.0,0.0,0.0,0.0,0.0,0.0,0.0
437,16.184693263828336,16.182293131142824,16.17989299882486,16.179901648386846,16.182293131142817,16.18468461426633,3.713106923393049,3.713106921335796,3.7131069192785433,0.0,0.0,0.0,0.0,0.0,0.0,0.0,0.0,0.0
438,16.103852361316246,16.10158360745942,16.09931485391345,16.09932303001446,16.101583607459414,16.10384418521522,3.6945877252504813,3.694587723305838,3.694587721361196,0.0,0.0,0.0,0.0,0.0,0.0,0.0,0.0,0.0
439,16.02342119066622,16.021276624201917,16.019132058000523,16.01913978655693,16.02127662420191,16.023413462109797,3.676160891999587,3.67616089016139,3.6761608883231935,0.0,0.0,0.0,0.0,0.0,0.0,0.0,0.0,0.0
440,15.943397350553633,15.941370173691997,15.93934299705272,15.939350302562287,15.94137017369199,15.943390045044051,3.6578259629682397,3.6578259612306625,3.6578259594930858,0.0,0.0,0.0,0.0,0.0,0.0,0.0,0.0,0.0
441,15.86377847121467,15.861862258264617,15.859946045502626,15.859952951122153,15.86186225826461,15.86377156559513,3.639582479781943,3.6395824781394777,3.639582476497013,0.0,0.0,0.0,0.0,0.0,0.0,0.0,0.0,0.0
442,15.784562213216905,15.78275089021807,15.780939567378294,15.78094609499702,15.782750890218063,15.784555685598166,3.621429986352368,3.6214299847998084,3.621429983247249,0.0,0.0,0.0,0.0,0.0,0.0,0.0,0.0,0.0
443,15.705746266294701,15.704034091764308,15.702321917368442,15.70232808767743,15.704034091764301,15.705740095985702,3.60336802886595,3.6033680273983753,3.6033680259308003,0.0,0.0,0.0,0.0,0.0,0.0,0.0,0.0,0.0
444,15.62732834824589,15.6257098949795,15.624091441826888,15.624097274384608,15.625709894979494,15.627322515688157,3.5853961557725453,3.5853961543853026,3.58539615299806,0.0,0.0,0.0,0.0,0.0,0.0,0.0,0.0,0.0
445,15.549306203886376,15.54777634175484,15.546246479719533,15.546251993013865,15.547776341754835,15.549300690592032,3.5675139177741366,3.567513916462829,3.5675139151515216,0.0,0.0,0.0,0.0,0.0,0.0,0.0,0.0,0.0
446,15.471677604059524,15.470231483747604,15.468785363517071,15.468790575023899,15.470231483747598,15.471672392552682,3.5497208678136043,3.5497208665740754,3.5497208653345464,0.0,0.0,0.0,0.0,0.0,0.0,0.0,0.0,0.0
447,15.394440344697328,15.39307338233244,15.391706420036389,15.391711346275,15.393073382332435,15.394435418458702,3.5320165610635468,3.5320165598918676,3.5320165587201884,0.0,0.0,0.0,0.0,0.0,0.0,0.0,0.0,0.0
448,15.317592245930557,15.316300108552914,15.315007971233491,15.31501262781894,15.316300108552907,15.317587589345093,3.5144005549151602,3.5144005538076164,3.5144005527000726,0.0,0.0,0.0,0.0,0.0,0.0,0.0,0.0,0.0
449,15.241131151245192,15.239909743073282,15.238688334950611,15.23869273664321,15.239909743073275,15.241126749552576,3.4968724089671714,3.496872407920252,3.496872406873333,0.0,0.0,0.0,0.0,0.0,0.0,0.0,0.0,0.0
450,15.165054926682638,15.16390037613051,15.162745825620027,15.162749986372141,15.163900376130503,15.165050765930507,3.4794316850148275,3.4794316840252146,3.4794316830356022,0.0,0.0,0.0,0.0,0.0,0.0,0.0,0.0,0.0
451,15.089361460081332,15.088270107486538,15.087178754926967,15.087182687927228,15.088270107486531,15.089357527081054,3.4620779470389413,3.4620779461034985,3.4620779451680552,0.0,0.0,0.0,0.0,0.0,0.0,0.0,0.0,0.0
452,15.014048660357489,15.01301704638077,15.011985432433846,15.01198915014897,15.013017046380764,15.014044942642348,3.4448107611949896,3.4448107603107516,3.444810759426513,0.0,0.0,0.0,0.0,0.0,0.0,0.0,0.0,0.0
453,14.939114456822848,14.938139311482814,14.937164166167976,14.937167680382272,14.938139311482807,14.939110942608536,3.4276296958022665,3.4276296949664298,3.427629694130593,0.0,0.0,0.0,0.0,0.0,0.0,0.0,0.0,0.0
454,14.864556798537425,14.863635030845437,14.862713263174758,14.862716585027481,14.86363503084543,14.864553476684685,3.410534321333089,3.4105343205430048,3.4105343197529203,0.0,0.0,0.0,0.0,0.0,0.0,0.0,0.0,0.0
455,14.79037365369534,14.78950234185778,14.788631030038239,14.788634170058907,14.789502341857773,14.79037051367466,3.3935242104020618,3.3935242096552254,3.393524208908389,0.0,0.0,0.0,0.0,0.0,0.0,0.0,0.0,0.0
456,14.71656300904195,14.715739391198786,14.714915773370864,14.714918741512628,14.71573939119878,14.716560040900175,3.3765989377553898,3.3765989370494336,3.3765989363434774,0.0,0.0,0.0,0.0,0.0,0.0,0.0,0.0,0.0
457,14.64312286932055,14.642344334790875,14.641565800274092,14.641568605945285,14.642344334790868,14.643120063649349,3.3597580802602462,3.359758079592933,3.3597580789256196,0.0,0.0,0.0,0.0,0.0,0.0,0.0,0.0,0.0
458,14.570051256747078,14.569315337753837,14.568579418771499,14.568582070865453,14.56931533775383,14.570048604653115,3.343001216894195,3.3430012162634095,3.343001215632624,0.0,0.0,0.0,0.0,0.0,0.0,0.0,0.0,0.0
459,14.497346210511271,14.49665057435896,14.49595493821587,14.495957445139123,14.496650574358952,14.49734370358801,3.326327928734665,3.3263279281384075,3.32632792754215,0.0,0.0,0.0,0.0,0.0,0.0,0.0,0.0,0.0
460,14.425005786302831,14.42434822798339,14.423690669671748,14.42369303937067,14.424348227983383,14.425003416603898,3.3097377989484746,3.3097377983848553,3.309737797821236,0.0,0.0,0.0,0.0,0.0,0.0,0.0,0.0,0.0
461,14.353028055861285,14.352406491064716,14.35178492627474,14.351787166260738,14.35240649106471,14.353025815875275,3.293230412781413,3.293230412248645,3.2932304117158773,0.0,0.0,0.0,0.0,0.0,0.0,0.0,0.0,0.0
462,14.281411106548202,14.280823565055778,14.28023602356893,14.280238140942249,14.28082356505577,14.28140898917487,3.276805357547869,3.2768053570442635,3.2768053565406583,0.0,0.0,0.0,0.0,0.0,0.0,0.0,0.0,0.0
463,14.210153040940584,14.209597660379707,14.209042279823546,14.209044281295776,14.2095976603797,14.210151039468341,3.2604622226205144,3.2604622221444752,3.2604622216684365,0.0,0.0,0.0,0.0,0.0,0.0,0.0,0.0,0.0
464,14.139251976444285,14.138726996385186,14.138202016330073,14.138203908245426,14.138726996385179,14.13925008452892,3.2442005994200382,3.2442005989700564,3.244200598520075,0.0,0.0,0.0,0.0,0.0,0.0,0.0,0.0,0.0
465,14.068706044926355,14.06820980130193,14.067713557680875,14.06771534603629,14.068209801301922,14.068704256570927,3.2280200814049316,3.2280200809795807,3.2280200805542303,0.0,0.0,0.0,0.0,0.0,0.0,0.0,0.0,0.0
466,13.998513392365297,13.998044312196393,13.997575232030341,13.997576922494497,13.998044312196386,13.998511701901126,3.211920264061324,3.211920263659256,3.211920263257188,0.0,0.0,0.0,0.0,0.0,0.0,0.0,0.0,0.0
467,13.92867217851827,13.9282287749277,13.927785371339542,13.927786969270826,13.928228774927693,13.92867058058697,3.1959007448928696,3.19590074451281,3.195900744132751,0.0,0.0,0.0,0.0,0.0,0.0,0.0,0.0,0.0
468,13.859180576604306,13.858761444103788,13.858342311605309,13.858343822068798,13.85876144410378,13.8591790661408,3.179961123410686,3.1799611230514304,3.179961122692175,0.0,0.0,0.0,0.0,0.0,0.0,0.0,0.0,0.0
469,13.790036773002697,13.78964058303777,13.789244393074569,13.789245820858087,13.789640583037762,13.790035345219161,3.1641010011233406,3.16410100078375,3.16410100044416,0.0,0.0,0.0,0.0,0.0,0.0,0.0,0.0,0.0
470,13.721238966965709,13.720864463704523,13.720489960444795,13.720491310074094,13.720864463704514,13.721237617336394,3.148319981526888,3.148319981205886,3.1483199808848847,0.0,0.0,0.0,0.0,0.0,0.0,0.0,0.0,0.0
471,13.652785370344871,13.652431366697483,13.65207736305133,13.652078638804424,13.652431366697474,13.65278409459176,3.1326176700949584,3.132617669791528,3.1326176694880976,0.0,0.0,0.0,0.0,0.0,0.0,0.0,0.0,0.0
472,13.584674207330092,13.584339581185665,13.584004955042282,13.584006160963016,13.584339581185656,13.584673001409339,3.116993674268893,3.1169936739820714,3.1169936736952506,0.0,0.0,0.0,0.0,0.0,0.0,0.0,0.0,0.0
473,13.516903714200923,13.516587404870883,13.516271095541729,13.516272235452599,13.516587404870874,13.516902574290034,3.10144760344793,3.1014476031768083,3.1014476029056874,0.0,0.0,0.0,0.0,0.0,0.0,0.0,0.0,0.0
474,13.449472139089302,13.449173143945206,13.448874148801858,13.44887522631612,13.449173143945197,13.44947106157502,3.0859790689794395,3.0859790687231583,3.0859790684668784,0.0,0.0,0.0,0.0,0.0,0.0,0.0,0.0,0.0
475,13.382377741753174,13.382095113048598,13.381812484344653,13.381813502877785,13.382095113048589,13.382376723220025,3.0705876841492072,3.070587683906955,3.0705876836647032,0.0,0.0,0.0,0.0,0.0,0.0,0.0,0.0,0.0
476,13.315618793360393,13.315351635226795,13.31508447709373,13.315085439874249,13.315351635226786,13.315617830579859,3.0552730641717676,3.0552730639427756,3.055273063713784,0.0,0.0,0.0,0.0,0.0,0.0,0.0,0.0,0.0
477,13.249193576282355,13.248941041889376,13.248688507496848,13.248689417576548,13.248941041889369,13.24919266620264,3.040034826180781,3.040034825964324,3.040034825747867,0.0,0.0,0.0,0.0,0.0,0.0,0.0,0.0,0.0
478,13.183100383896846,13.18286167276805,13.182622961639638,13.182623821903261,13.182861672768043,13.183099523633205,3.024872589219465,3.0248725890148567,3.024872588810248,0.0,0.0,0.0,0.0,0.0,0.0,0.0,0.0,0.0
479,13.1173375203996,13.117111875875148,13.116886231351021,13.116887044525411,13.11711187587514,13.117336707225194,3.0097859742310686,3.0097859740376602,3.0097859738442514,0.0,0.0,0.0,0.0,0.0,0.0,0.0,0.0,0.0
480,13.051903300624113,13.051690007462323,13.051476714300806,13.05147748296354,13.051690007462316,13.051902531961366,2.994774604049396,2.9947746038665746,2.9947746036837524,0.0,0.0,0.0,0.0,0.0,0.0,0.0,0.0,0.0
481,12.986796049869266,12.986594431979459,12.98639281408988,12.98639354067744,12.986594431979452,12.986795323281692,2.9798381033893775,2.9798381032165633,2.9798381030437486,0.0,0.0,0.0,0.0,0.0,0.0,0.0,0.0,0.0
482,12.922014103734332,12.921823522033776,12.921632940333414,12.92163362714892,12.921823522033769,12.922013416918814,2.9649760988376874,2.9649760986743328,2.9649760985109777,0.0,0.0,0.0,0.0,0.0,0.0,0.0,0.0,0.0
483,12.857555807960987,12.857375658349154,12.857195508737487,12.857196157957986,12.857375658349149,12.857555158740475,2.950188218843408,2.9501882186889947,2.9501882185345814,0.0,0.0,0.0,0.0,0.0,0.0,0.0,0.0,0.0
484,12.793419518281938,12.793249229725646,12.793078941169494,12.793079554852866,12.79324922972564,12.793418904598552,2.935474093708741,2.93547409356278,2.9354740934168184,0.0,0.0,0.0,0.0,0.0,0.0,0.0,0.0,0.0
485,12.729603600275833,12.729442632999195,12.729281665722675,12.729282245814158,12.72944263299919,12.729603020184337,2.9208333555797648,2.9208333554417933,2.920833355303822,0.0,0.0,0.0,0.0,0.0,0.0,0.0,0.0,0.0
486,12.666106429228103,12.66595427300156,12.66580211677512,12.665802665113471,12.665954273001555,12.666105880889738,2.906265638437239,2.9062656383068197,2.9062656381764005,0.0,0.0,0.0,0.0,0.0,0.0,0.0,0.0,0.0
487,12.602926389997418,12.602782562520435,12.60263873504354,12.602639253366867,12.602782562520431,12.602925871674076,2.8917705780874523,2.8917705779641723,2.8917705778408918,0.0,0.0,0.0,0.0,0.0,0.0,0.0,0.0,0.0
488,12.54006187688749,12.539925922259767,12.539789967632121,12.53979045758339,12.539925922259764,12.540061386936207,2.877347812153119,2.8773478120365867,2.8773478119200546,0.0,0.0,0.0,0.0,0.0,0.0,0.0,0.0,0.0
489,12.477511293523904,12.477382780800278,12.477254268076718,12.477254731208964,12.477382780800275,12.477510830391644,2.8629969800643176,2.8629969799541644,2.8629969798440107,0.0,0.0,0.0,0.0,0.0,0.0,0.0,0.0,0.0
490,12.415273052735724,12.415151574560173,12.415030096384676,12.415030534165922,12.41515157456017,12.415272614954466,2.848717723049479,2.8487177229453553,2.848717722841231,0.0,0.0,0.0,0.0,0.0,0.0,0.0,0.0,0.0
491,12.353345576441644,12.353230747756056,12.353115919070511,12.353116332888423,12.35323074775605,12.353345162623718,2.8345096841264152,2.834509684027991,2.834509683929566,0.0,0.0,0.0,0.0,0.0,0.0,0.0,0.0,0.0
492,12.2917272955404,12.291618752364029,12.291510209187694,12.29151060035398,12.291618752364023,12.291726904374098,2.8203725080933943,2.8203725080003577,2.8203725079073205,0.0,0.0,0.0,0.0,0.0,0.0,0.0,0.0,0.0
493,12.230416649805266,12.230314048080999,12.230211446356762,12.230211816111332,12.230314048080993,12.230416280050681,2.8063058415202633,2.806305841432319,2.8063058413443747,0.0,0.0,0.0,0.0,0.0,0.0,0.0,0.0,0.0
494,12.169412087782396,12.169315102286166,12.169218116789963,12.169218466304853,12.169315102286161,12.16941173826749,2.7923093327396082,2.7923093326564783,2.792309332573348,0.0,0.0,0.0,0.0,0.0,0.0,0.0,0.0,0.0
495,12.108712066692807,12.108620390002711,12.108528713312637,12.10852904369573,12.108620390002706,12.108711736309697,2.778382631837966,2.7783826317593867,2.778382631680807,0.0,0.0,0.0,0.0,0.0,0.0,0.0,0.0,0.0
496,12.048315052337822,12.048228393859663,12.04814173538152,12.048142047680056,12.048228393859656,12.048314740039272,2.764525390647075,2.7645253905727967,2.764525390498518,0.0,0.0,0.0,0.0,0.0,0.0,0.0,0.0,0.0
497,11.988219519007808,11.988137604053973,11.988055689100152,11.988055984304044,11.988137604053966,11.9882192238039,2.750737262735169,2.750737262664957,2.7507372625947437,0.0,0.0,0.0,0.0,0.0,0.0,0.0,0.0,0.0
498,11.928423949394,11.928346518312766,11.928269087231547,11.928269366276524,11.92834651831276,11.928423670349007,2.7370179033983204,2.7370179033319513,2.7370179032655813,0.0,0.0,0.0,0.0,0.0,0.0,0.0,0.0,0.0
499,11.868926834503286,11.868853641855786,11.868780449208298,11.868780712978872,11.868853641855779,11.868926570732697,2.723366969651819,2.7233669695890823,2.7233669695263454,0.0,0.0,0.0,0.0,0.0,0.0,0.0,0.0,0.0
500,11.809726673575787,11.809657487358022,11.809588301140268,11.80958855047253,11.809657487358015,11.809726424243511,6.438095879756578,2.709784120162295,2.7097841201029924,0.0,0.0,0.0,0.0,0.0,0.0,0.0,0.0,0.0
501,11.75082197400509,11.75075657491253,11.750691175819979,11.750691411504254,11.750756574912522,11.7508217383208,9.94881166577591,2.8817548518325533,2.69626901542359,0.0,0.0,0.0,0.0,0.0,0.0,0.0,0.0,0.0
502,11.692211251260991,11.692149431993428,11.692087612725873,11.692087835509227,11.692149431993421,11.692211028477622,13.275913034067882,3.2097444895022953,2.6920493537040593,0.0,0.0,0.0,0.0,0.0,0.0,0.0,0.0,0.0
503,11.633893028814638,11.633834593419094,11.633776158023556,11.63377636861216,11.633834593419087,11.633892818226018,16.43721273513433,3.6687783320228795,2.7043783575649636,0.0,0.0,0.0,0.0,0.0,0.0,0.0,0.0,0.0
504,11.575865838065928,11.575810601315524,11.575755364565127,11.575755563626501,11.575810601315517,11.575865639004538,19.448305975596067,4.237738301820996,2.7388697147116856,0.0,0.0,0.0,0.0,0.0,0.0,0.0,0.0,0.0
505,11.518128218273059,11.518076005079894,11.518023791886737,11.51802398005186,11.518076005079887,11.518128030107919,22.32288367186013,4.898768078973064,2.7997791924632125,0.0,0.0,0.0,0.0,0.0,0.0,0.0,0.0,0.0
506,11.46067871648413,11.460629361344292,11.460580006204461,11.460580184069773,11.460629361344285,11.4606785386188,25.072998961911455,5.636769987151681,2.8902412422731096,0.0,0.0,0.0,0.0,0.0,0.0,0.0,0.0,0.0
507,11.40351588747068,11.403469233939632,11.40342258040859,11.403422748537885,11.403469233939624,11.40351571934137,27.70929409850543,6.438979479690537,3.0124676227198846,0.0,0.0,0.0,0.0,0.0,0.0,0.0,0.0,0.0
508,11.346638293663062,11.346594193859751,11.346550094056445,11.346550252982654,11.346594193859744,11.346638134736839,30.241193753064266,7.294605256772082,3.1679139806595726,0.0,0.0,0.0,0.0,0.0,0.0,0.0,0.0,0.0
509,11.290044505087579,11.290002819225686,11.289961133363798,11.289961283590682,11.290002819225679,11.290044354860681,32.67706983408222,8.194524890832884,3.3574194096406162,0.0,0.0,0.0,0.0,0.0,0.0,0.0,0.0,0.0
510,11.233733099305272,11.233693695250123,11.233654291194977,11.23365443319872,11.233693695250116,11.233732957301518,35.0243821408511,9.131027398632332,3.581323226324023,0.0,0.0,0.0,0.0,0.0,0.0,0.0,0.0,0.0
511,11.177702661352303,11.17766541420203,11.177628167051758,11.177628301282478,11.177665414202023,11.177702527121571,37.2897985108616,10.097595518959277,3.839562547578725,0.0,0.0,0.0,0.0,0.0,0.0,0.0,0.0,0.0
512,11.12195178368183,11.121916575371463,11.121881367061095,11.121881493944272,11.121916575371456,11.12195165679864,39.47929755873881,11.088721571802616,4.1317536945678235,0.0,0.0,0.0,0.0,0.0,0.0,0.0,0.0,0.0
513,11.066479066107323,11.066445785034546,11.066412503961768,11.066412623899595,11.066445785034539,11.066478946169482,41.59825663031781,12.099751719400617,4.457259979805017,0.0,0.0,0.0,0.0,0.0,0.0,0.002180551761661008,0.0,0.0
514,11.011283115747231,11.011251656418633,11.011220197090035,11.011220310462688,11.011251656418626,11.011283002374563,43.651527194166476,13.12675424847996,4.8152480355633465,0.0,0.0,0.0,0.0,0.0,0.0,0.005004438397275886,0.0,0.0
515,10.956362546970949,10.956332809667634,10.956303072364317,10.956303179531163,10.956332809667627,10.95636243980409,45.6434995532753,14.166408168670207,5.204734505930555,0.0,0.0,0.0,0.0,0.0,0.0,0.0077440209064888466,0.0,0.0
516,10.90171598134602,10.90168787180752,10.901659762269016,10.901659863569748,10.901687871807512,10.901715880045277,47.57815847225099,15.21590899353862,5.62462464072958,0.0,0.0,0.0,0.0,0.0,0.0,0.010404779581920418,0.0,0.0
517,10.84734204758651,10.847315476711996,10.847288905837482,10.847289001593198,10.847315476711989,10.847341951830781,49.45913107212848,16.27288905400785,6.073744089427115,0.0,0.0,0.0,0.0,0.0,0.0,0.012991702844871014,0.0,0.0
518,10.793239381502493,10.793214265068356,10.793189148634218,10.793189239148445,10.793214265068348,10.793239290988256,51.28972813905244,17.335350102690093,6.550864990245426,0.0,0.0,0.0,0.0,0.0,0.0,0.015509344057626162,0.0,0.0
519,10.73940662595062,10.73938288434349,10.739359142736358,10.739359228296005,10.739382884343483,10.739406540390963,53.072979818821906,18.401606313393604,7.054727278228155,0.0,0.0,0.0,0.0,0.0,0.0,0.017961870614574313,0.0,0.0
520,10.685842430785678,10.685819988750076,10.685797546714472,10.685797627590741,10.685819988750069,10.685842349909397,54.81166652177158,19.470236072456096,7.584055991132012,0.0,0.0,0.0,0.0,0.0,0.0,0.020353106446045946,0.0,0.0
521,10.632545452813142,10.632524239212934,10.632503025612724,10.632503102061975,10.632524239212927,10.632545376363879,56.508345737566,20.540041205858344,8.137575229614827,0.0,0.0,0.0,0.0,0.0,0.0,0.022686568897008416,0.0,0.0
522,10.57951435574264,10.579494303335549,10.579474250928458,10.579474323193018,10.579494303335542,10.579514283478067,58.16537535372518,21.610012495227306,8.714019324792257,0.0,0.0,0.0,0.0,0.0,0.0,0.02496550079730271,0.0,0.0
523,10.526747810142293,10.526728855366764,10.526709900591236,10.526709968900168,10.526728855366757,10.526747741833349,59.78493398213691,22.679300512733743,9.312141678902812,0.0,0.0,0.0,0.0,0.0,0.0,0.02719289841692968,0.0,0.0
524,10.474244493393913,10.47422657616763,10.474208658941349,10.474208723511175,10.474226576167624,10.474244428824074,61.36903872195158,23.74719095450074,9.930721671069218,0.0,0.0,0.0,0.0,0.0,0.0,0.029371535895563766,0.0,0.0
525,10.42200308964899,10.421986153178436,10.421969216707879,10.421969277743273,10.421986153178429,10.422003028613585,59.19124896345571,24.813083778675036,10.568569957872917,0.0,0.0,0.0,0.0,0.0,0.0,0.02637639657857664,0.0,0.0
526,10.37002228978546,10.370006280385882,10.369990270986303,10.369990328680732,10.370006280385875,10.370022232091017,57.185696209109146,25.690989724978852,11.22453244589097,0.0,0.0,0.0,0.0,0.0,0.0,0.023618136795509254,0.0,0.0
527,10.31830079136519,10.318285658290442,10.318270525215695,10.318270579752037,10.318285658290435,10.318300736828833,55.33360006037425,26.41002140205594,11.888265132884689,0.0,0.0,0.0,0.0,0.0,0.0,0.02107092764812689,0.0,0.0
528,10.266837298592183,10.266822993873872,10.26680868915556,10.266808740706683,10.266822993873864,10.266837247041046,53.61865649333245,26.994800520807377,12.551438598552515,0.0,0.0,0.0,0.0,0.0,0.0,0.018712346024706714,0.0,0.0
529,10.215630522271448,10.215617000566878,10.215603478862308,10.215603527591618,10.215617000566871,10.215630473542124,52.02667888156698,27.466150570658016,13.207404305087463,0.0,0.0,0.0,0.0,0.0,0.0,0.01652288089467724,0.0,0.0
530,10.16467917976851,10.164666398216962,10.164653616665415,10.164653662727373,10.164666398216955,10.164679133706537,50.545293129863545,27.84168265784168,13.850913624899421,0.0,0.0,0.0,0.0,0.0,0.0,0.01448551402248846,0.0,0.0
531,10.113981994969542,10.113969913056412,10.113957831143283,10.113957874683894,10.113969913056405,10.113981951428915,49.16367864154681,28.136290984330525,14.47788139405888,0.0,0.0,0.0,0.0,0.0,0.0,0.01258536371700876,0.0,0.0
532,10.063537698242078,10.063526277670459,10.06351485709884,10.063514898256118,10.063526277670451,10.063537657084785,47.8723481151702,28.362571904380786,15.085187058772398,0.0,0.0,0.0,0.0,0.0,0.0,0.010809381983378247,0.0,0.0
533,10.013345026396305,10.013334230965588,10.013323435534872,10.013323474439277,10.013334230965581,10.013344987491887,46.662960243051025,28.531178346037034,15.6705075550557,0.0,0.0,0.0,0.0,0.0,0.0,0.0091460969251487,0.0,0.0
534,9.963402722646888,9.96339251813802,9.963382313629154,9.963382350404004,9.963392518138013,9.963402685872026,45.52816029503132,28.651119566864566,16.23217696895439,0.0,0.0,0.0,0.0,0.0,0.0,0.007585393497295201,0.0,0.0
535,9.913709536575317,9.913699890642334,9.913690244709352,9.913690279471213,9.913699890642327,9.913709501813443,44.46144434142251,28.730014675525428,16.76906879173858,0.0,0.0,0.0,0.0,0.0,0.0,0.0061183267704694524,0.0,0.0
536,9.864264224092759,9.864255106160252,9.864245988227747,9.864246021086808,9.864255106160245,9.864264191233685,43.45704352099079,28.774307050326367,17.280497233086255,0.0,0.0,0.0,0.0,0.0,0.0,0.0047369627634282485,0.0,0.0
537,9.815065547403385,9.815056928569588,9.815048309735793,9.815048340796208,9.81505692856958,9.815065516342957,42.50982531135491,28.789445685966083,17.766134603656507,0.0,0.0,0.0,0.0,0.0,0.0,0.0034342426590752775,0.0,0.0
538,9.766112274968165,9.766104127913339,9.766095980858516,9.766096010218742,9.766104127913332,9.766112245607927,41.615209225772944,28.78003856945628,18.225942242101215,0.0,0.0,0.0,0.0,0.0,0.0,0.002203866861281878,0.0,0.0
539,9.7174031814691,9.71739548036894,9.717387779268785,9.717387807021886,9.717395480368934,9.717403153715985,40.76909475507838,28.749982399419856,18.660112853551762,0.0,0.0,0.0,0.0,0.0,0.0,0.001040195892602444,0.0,0.0
540,9.66893704777389,9.668929768217666,9.668922488661446,9.668922514895392,9.668929768217659,9.668937021539929,39.96779970755696,28.702572297549445,19.069022458006025,0.0,0.0,0.0,0.0,0.0,0.0,0.0,0.0,0.0
541,9.620712660901008,9.620705779814188,9.620698898727369,9.62069892352532,9.62070577981418,9.620712636103045,39.20800738219777,28.640594598223405,19.453190427185028,0.0,0.0,0.0,0.0,0.0,0.0,0.0,0.0,0.0
542,9.572728813985178,9.572722309556283,9.572715805127391,9.572715828567947,9.572722309556276,9.572728790544607,38.48672124992385,28.56640532629405,19.813246325239234,0.0,0.0,0.0,0.0,0.0,0.0,0.0,0.0,0.0
543,9.524984306243221,9.524978157854697,9.524972009466175,9.524972031623639,9.52497815785469,9.524984284085743,37.801226019807146,28.4819965704958,20.14990246885196,0.0,0.0,0.0,0.0,0.0,0.0,0.0,0.0,0.0
544,9.477477942940293,9.47747213110315,9.47746631926601,9.477466340210613,9.477472131103143,9.477477921995675,37.149054138565006,28.389052619445568,20.463931291470306,0.0,0.0,0.0,0.0,0.0,0.0,0.0,0.0,0.0
545,9.43020853535646,9.4302030416485,9.430197547940542,9.430197567738677,9.430203041648493,9.430208515558311,36.52795691661321,28.28899743924701,20.75614673937715,0.0,0.0,0.0,0.0,0.0,0.0,0.0,0.0,0.0
546,9.383174900753627,9.383169707761049,9.383164514768472,9.383164533482892,9.383169707761041,9.38317488203919,35.93587959666569,28.183034828164427,21.02738904814806,0.0,0.0,0.0,0.0,0.0,0.0,0.0,0.0,0.0
547,9.336375862342797,9.336370953604998,9.3363660448672,9.336366062557227,9.336370953604991,9.336375844652753,35.370939784752935,28.072182377850787,21.278512350136797,0.0,0.0,0.0,0.0,0.0,0.0,0.0,0.0,0.0
548,9.289810249251655,9.289805609209056,9.289800969166459,9.289800985888167,9.289805609209049,9.28981023252993,34.83140875147871,27.95730019640319,21.51037464989636,0.0,0.0,0.0,0.0,0.0,0.0,0.0,0.0,0.0
549,9.243476896492465,9.24347251043719,9.243468124381915,9.243468140188309,9.243472510437183,9.243476880686055,34.31569518580126,27.839115201178448,21.723829777316823,0.0,0.0,0.0,0.0,0.0,0.0,0.0,0.0,0.0
550,9.197374644930262,9.197370498959515,9.19736635298877,9.19736636792995,9.197370498959508,9.197374629989065,33.82233104668504,27.718241664686346,21.9197209898162,0.0,0.0,0.0,0.0,0.0,0.0,0.0,0.0,0.0
551,9.151502341251344,9.151498422223344,9.151494503195346,9.151494517318675,9.151498422223337,9.151502327128,33.3499592113779,27.595198591483648,22.09887594690652,0.0,0.0,0.0,0.0,0.0,0.0,0.0,0.0,0.0
552,9.105858837932047,9.10585513342437,9.105851428916694,9.105851442266937,9.105855133424363,9.105858824581789,32.89732266430989,27.47042441485345,22.26210282435417,0.0,0.0,0.0,0.0,0.0,0.0,0.0,0.0,0.0
553,9.060442993207795,9.060439491477995,9.060435989748196,9.060436002367672,9.060439491477988,9.060442980588306,32.4632550089407,27.344289426664652,22.41018737221283,0.0,0.0,0.0,0.0,0.0,0.0,0.0,0.0,0.0
554,9.015253671042414,9.015250360990805,9.015247050939198,9.015247062867909,9.015250360990798,9.01525365911369,32.046672117364224,27.21710629004448,22.54389075228752,0.0,0.0,0.0,0.0,0.0,0.0,0.0,0.0,0.0
555,8.97028974109771,8.970286612232185,8.970283483366662,8.970283494642416,8.970286612232178,8.970289729821943,31.6465647600103,27.089138930569924,22.663948016983856,0.0,0.0,0.0,0.0,0.0,0.0,0.0,0.0,0.0
556,8.925550078703305,8.925547121106073,8.925544163508846,8.925544174167385,8.925547121106066,8.925550068044751,31.261992081125207,26.960610056074387,22.77106711376459,0.0,0.0,0.0,0.0,0.0,0.0,0.0,0.0,0.0
557,8.881033564826708,8.881030769122862,8.88102797341902,8.88102798349413,8.881030769122855,8.881033554751584,30.89207580550736,26.831707516591177,22.865928318215456,0.0,0.0,0.0,0.0,0.0,0.0,0.0,0.0,0.0
558,8.836739086043638,8.836736443371434,8.836733800699232,8.83673381022285,8.836736443371427,8.836739076520006,30.535995078766668,26.70258968333048,22.949184014555055,0.0,0.0,0.0,0.0,0.0,0.0,0.0,0.0,0.0
559,8.792665534508567,8.792663036491337,8.79266053847411,8.79266054747642,8.79266303649133,8.79266552550624,30.19298185762599,26.573389997993576,23.0214587557667,0.0,0.0,0.0,0.0,0.0,0.0,0.0,0.0,0.0
560,8.748811807925504,8.748809446645103,8.748807085364705,8.748807093874243,8.748809446645096,8.74881179941595,29.86231677888019,26.44422082039104,23.083349546770016,0.0,0.0,0.0,0.0,0.0,0.0,0.0,0.0,0.0
561,8.705176809518996,8.705174577490704,8.705172345462413,8.705172353506155,8.705174577490697,8.70517680147524,29.543325445902074,26.315176682594117,23.135426303513572,0.0,0.0,0.0,0.0,0.0,0.0,0.0,0.0,0.0
562,8.66175944800534,8.661757338154136,8.661755228302933,8.661755235906377,8.661757338154128,8.661759440401884,29.23537508031419,26.18633704115539,23.178232448833775,0.0,0.0,0.0,0.0,0.0,0.0,0.0,0.0,0.0
563,8.618558637564018,8.618556643202155,8.618554648840293,8.618554656027538,8.618556643202147,8.61855863037676,28.937871493866577,26.05776860481616,23.21228561262221,0.0,0.0,0.0,0.0,0.0,0.0,0.0,0.0,0.0
564,8.575573297809333,8.575571412615139,8.575569527420944,8.575569534214774,8.575571412615131,8.575573291015491,28.65025634187323,25.929527303177398,23.23807840947203,0.0,0.0,0.0,0.0,0.0,0.0,0.0,0.0,0.0
565,8.532802353762245,8.532800571760081,8.53279878975792,8.532798796179868,8.532800571760076,8.532802347340283,28.372004624932938,25.801659951711795,23.25607927170002,0.0,0.0,0.0,0.0,0.0,0.0,0.0,0.0,0.0
566,8.490244735822406,8.490243051363736,8.490241366905066,8.49024137297549,8.49024305136373,8.49024472975197,28.102622410236698,25.674205659953195,23.266733319605965,0.0,0.0,0.0,0.0,0.0,0.0,0.0,0.0,0.0
567,8.447899379740402,8.447897787485875,8.447896195231348,8.447896200969486,8.44789778748587,8.447899374002251,27.84164474766482,25.547197022475622,23.270463254153952,0.0,0.0,0.0,0.0,0.0,0.0,0.0,0.0,0.0
568,8.405765226590164,8.405763721492697,8.405762216395228,8.405762221819272,8.405763721492692,8.405765221166108,27.58863375920497,25.420661126164333,23.26767026004191,0.0,0.0,0.0,0.0,0.0,0.0,0.0,0.0,0.0
569,8.36384122274158,8.363839800030355,8.363838377319132,8.363838382446271,8.36383980003035,8.363841217614427,27.343176883064285,25.294620402114013,23.258734909451128,0.0,0.0,0.0,0.0,0.0,0.0,0.0,0.0,0.0
570,8.322126319833284,8.322124974998632,8.322123630163983,8.322123635010472,8.322124974998626,8.32212631498678,27.104885256278006,25.16909334611875,23.244018058708697,0.0,0.0,0.0,0.0,0.0,0.0,0.0,0.0,0.0
571,8.280619474745627,8.280618203524728,8.280616932303833,8.280616936885034,8.280618203524723,8.280619470164412,26.873392221695926,25.044095128022175,23.22386173171314,0.0,0.0,0.0,0.0,0.0,0.0,0.0,0.0,0.0
572,8.23931964957382,8.239318447937196,8.239317246300573,8.239317250631007,8.23931844793719,8.239319645243372,26.648351947009193,24.919638107069996,23.19858998531849,0.0,0.0,0.0,0.0,0.0,0.0,0.0,0.0,0.0
573,8.198225811601258,8.198224675739992,8.198223539878729,8.198223543972123,8.198224675739986,8.19822580750785,26.429438145008127,24.795732267763093,23.168509752987973,0.0,0.0,0.0,0.0,0.0,0.0,0.0,0.0,0.0
574,8.157336933273001,8.157335859586674,8.157334785900348,8.157334789769678,8.157335859586668,8.157336929403659,26.216342885574722,24.67238558847318,23.13391166395163,0.0,0.0,0.0,0.0,0.0,0.0,0.0,0.0,0.0
575,8.116651992169437,8.116650977254707,8.116649962339977,8.116649965997507,8.116650977254702,8.116651988511896,26.008775491043313,24.54960435319176,23.095070835863595,0.0,0.0,0.0,0.0,0.0,0.0,0.0,0.0,0.0
576,8.076169970980095,8.076169011619914,8.076168052259733,8.076168055717057,8.076169011619909,8.07616996752276,25.806461507536877,24.427393415183527,23.05224763958053,0.0,0.0,0.0,0.0,0.0,0.0,0.0,0.0,0.0
577,8.035889857477631,8.035888950631046,8.03588804378446,8.035888047052536,8.03588895063104,8.035889854209543,25.609141745727396,24.305756419962464,23.005688435194386,0.0,0.0,0.0,0.0,0.0,0.0,0.0,0.0,0.0
578,7.995810644491965,7.995809787284479,7.9958089300769934,7.995808933166181,7.995809787284474,7.995810641402765,25.416571385196395,24.18469599386479,22.955626278869342,0.0,0.0,0.0,0.0,0.0,0.0,0.0,0.0,0.0
579,7.955931329884582,7.955930519599043,7.955929709313505,7.955929712233596,7.955930519599038,7.955931326964479,25.228519137202785,24.06421390352509,22.90228160036939,0.0,0.0,0.0,0.0,0.0,0.0,0.0,0.0,0.0
580,7.916250916522981,7.91625015059097,7.9162493846589586,7.916249387419208,7.916250150590964,7.916250913762719,25.044766461213243,23.944311190743598,22.845862851433345,0.0,0.0,0.0,0.0,0.0,0.0,0.0,0.0,0.0
581,7.876768412255279,7.8767676882489654,7.876766964242652,7.87676696685181,7.87676768824896,7.876768409646108,24.865106831027997,23.8249882865403,22.786567125368805,0.0,0.0,0.0,0.0,0.0,0.0,0.0,0.0,0.0
582,7.8374828298849675,7.837482145509417,7.837481461133865,7.837481463600202,7.837482145509411,7.837482827418618,24.689345046751818,23.70624510760616,22.724580748404858,0.0,0.0,0.0,0.0,0.0,0.0,0.0,0.0,0.0
583,7.798393187145811,7.798392540231707,7.798391893317604,7.798391895648939,7.798392540231702,7.798393184814463,24.51729658922492,23.588081137866578,22.660079843473817,0.0,0.0,0.0,0.0,0.0,0.0,0.0,0.0,0.0
584,7.759498506676897,7.759497895173671,7.759497283670445,7.759497285874167,7.7594978951736655,7.759498504473162,24.34878701384897,23.470495497453395,22.5932308671904,0.0,0.0,0.0,0.0,0.0,0.0,0.0,0.0,0.0
585,7.7207978159978286,7.720797237967155,7.720796659936481,7.720796662019574,7.720797237967149,7.7207978139147215,24.183651381025317,23.353487001027624,22.52419112086906,0.0,0.0,0.0,0.0,0.0,0.0,0.0,0.0,0.0
586,7.68229014748406,7.6822896010937125,7.682289054703365,7.682289056672434,7.682289601093707,7.682290145514978,24.02173372067159,23.237054207095483,22.453109236470766,0.0,0.0,0.0,0.0,0.0,0.0,0.0,0.0,0.0
587,7.643974538342371,7.6439740218604175,7.643973505378464,7.643973507239749,7.643974021860412,7.643974536481072,23.862886528503143,23.121195459706982,22.380125638403488,0.0,0.0,0.0,0.0,0.0,0.0,0.0,0.0,0.0
588,7.605850030586482,7.605849542375793,7.605849054165104,7.605849055924505,7.605849542375788,7.605850028827067,23.706970291961674,23.005908923712028,22.30537298211907,0.0,0.0,0.0,0.0,0.0,0.0,0.0,0.0,0.0
589,7.567915671012808,7.567915209525866,7.567914748038923,7.56791474970202,7.567915209525861,7.5679156693497,23.553853043847642,22.891192614567775,22.22897657045617,0.0,0.0,0.0,0.0,0.0,0.0,0.0,0.0,0.0
590,7.530170511176343,7.53017007495034,7.5301696387243355,7.530169640296397,7.530170074950335,7.53017050960427,23.40340994186892,22.7770444235377,22.151054748676273,0.0,0.0,0.0,0.0,0.0,0.0,0.0,0.0,0.0
591,7.492613607366685,7.492613195018884,7.492612782671082,7.4926127841570915,7.492613195018879,7.492613605880664,23.255522872457885,22.66346213899324,22.071719279129862,0.0,0.0,0.0,0.0,0.0,0.0,0.0,0.0,0.0
592,7.455244020584192,7.455243630807544,7.455243241030896,7.4552432424355635,7.455243630807539,7.455244019179513,23.110080077334583,22.550443464419157,21.99107569647379,0.0,0.0,0.0,0.0,0.0,0.0,0.0,0.0,0.0
593,7.418060816516266,7.418060448075269,7.418060079634271,7.41806008096205,7.418060448075264,7.418060815188476,22.9669758014069,22.437986033631134,21.909223644340518,0.0,0.0,0.0,0.0,0.0,0.0,0.0,0.0,0.0
594,7.381063065513773,7.381062717240553,7.381062368967332,7.3810623702224305,7.381062717240548,7.381063064258664,22.826109960701114,22.326087423635606,21.82625719433579,0.0,0.0,0.0,0.0,0.0,0.0,0.0,0.0,0.0
595,7.3442498425675895,7.344249513358199,7.344249184148808,7.3442491853352045,7.344249513358194,7.344249841381183,22.687387829109106,22.214745165495565,21.742265148214724,0.0,0.0,0.0,0.0,0.0,0.0,0.0,0.0,0.0
596,7.3076202272852715,7.3076199160961925,7.307619604907112,7.307619606028568,7.307619916096187,7.307620226163806,22.550719742823023,22.10395675350993,21.657331324057967,0.0,0.0,0.0,0.0,0.0,0.0,0.0,0.0,0.0
597,7.27117330386786,7.271173009712694,7.271172715557526,7.271172716617595,7.2711730097126885,7.271173302807781,22.416020821405308,21.99371965296667,21.57153482723973,0.0,0.0,0.0,0.0,0.0,0.0,0.0,0.0,0.0
598,7.2349081610868025,7.234907883033145,7.234907604979486,7.234907605981528,7.23490788303314,7.234908160084751,22.28321070451258,21.88403130668969,21.484950306949298,0.0,0.0,0.0,0.0,0.0,0.0,0.0,0.0,0.0
599,7.198823892261007,7.1988236294274905,7.198823366593972,7.198823367541165,7.198823629427485,7.198823891313805,22.152213303356458,21.774889140565584,21.397648198996723,0.0,0.0,0.0,0.0,0.0,0.0,0.0,0.0,0.0
600,7.162919595234008,7.162919346787511,7.162919098341011,7.162919099236356,7.162919346787506,7.162919594338654,22.022956566043938,21.666290568207696,21.309694955602733,0.0,0.0,0.0,0.0,0.0,0.0,0.0,0.0,0.0
601,7.127194372351267,7.12719413750427,7.127193902657271,7.127193903503605,7.127194137504265,7.127194371504922,21.8953722559946,21.558232994890545,21.221153262842435,0.0,0.0,0.0,0.0,0.0,0.0,0.0,0.0,0.0
602,7.091647330437583,7.091647108445676,7.091646886453765,7.091646887253773,7.09164710844567,7.091647329637565,21.769395742682644,21.450713820867204,21.13208224638227,0.0,0.0,0.0,0.0,0.0,0.0,0.0,0.0,0.0
603,7.056277580774632,7.056277370934149,7.056277161093664,7.05627716184988,7.0562773709341435,7.056277580018404,21.64496580399831,21.34373044416492,21.042537666120356,0.0,0.0,0.0,0.0,0.0,0.0,0.0,0.0,0.0
604,7.021084239078614,7.02108404072441,7.021083842370204,7.021083843085026,7.021084040724404,7.02108423836378,21.522024439566774,21.23728026293943,20.95257210031167,0.0,0.0,0.0,0.0,0.0,0.0,0.0,0.0,0.0
605,6.986066425478033,6.986066237981371,6.986066050484705,6.9860660511604,6.986066237981365,6.9860664248023285,21.400516694402754,21.131360677456133,20.86223511973167,0.0,0.0,0.0,0.0,0.0,0.0,0.0,0.0,0.0
606,6.951223264491582,6.951223087258139,6.951222910024693,6.9512229106634,6.951223087258134,6.951223263852865,21.280390492316485,21.02596909175569,20.771573452405132,0.0,0.0,0.0,0.0,0.0,0.0,0.0,0.0,0.0
607,6.916553885006145,6.916553717474132,6.916553549942116,6.916553550545862,6.916553717474127,6.916553884402389,21.161596478521627,20.921102915052824,20.680631139400838,0.0,0.0,0.0,0.0,0.0,0.0,0.0,0.0,0.0
608,6.882057420254921,6.8820572618933,6.882057103531675,6.882057104102373,6.882057261893294,6.882057419684212,21.04408787092809,20.816759562909446,20.58944968216798,0.0,0.0,0.0,0.0,0.0,0.0,0.0,0.0,0.0
609,6.847733007795655,6.847732858102455,6.847732708409253,6.84773270894871,6.84773285810245,6.847733007256186,20.927820319633202,20.712936458217044,20.498068181866024,0.0,0.0,0.0,0.0,0.0,0.0,0.0,0.0,0.0
610,6.813579789488988,6.813579647989716,6.813579506490441,6.81357950700037,6.8135796479897115,6.813579788979048,20.812751774152918,20.609631032017752,20.406523471116746,0.0,0.0,0.0,0.0,0.0,0.0,0.0,0.0,0.0
611,6.779596911476915,6.779596777723051,6.779596643969184,6.779596644451201,6.779596777723047,6.779596910994888,20.698842357961425,20.506840724189047,20.314850238585276,0.0,0.0,0.0,0.0,0.0,0.0,0.0,0.0,0.0
612,6.745783524161359,6.745783397728934,6.745783271296505,6.745783271752137,6.745783397728929,6.745783523705717,20.58605424993226,20.40456298401315,20.22308114677589,0.0,0.0,0.0,0.0,0.0,0.0,0.0,0.0,0.0
613,6.712138782182851,6.712138662671102,6.71213854315935,6.712138543590042,6.712138662671098,6.7121387817521505,20.474351572297454,20.302795270648964,20.131246943408165,0.0,0.0,0.0,0.0,0.0,0.0,0.0,0.0,0.0
614,6.678661844399326,6.678661731429429,6.678661618459528,6.678661618866645,6.6786617314294245,6.678661843992201,20.363700284763063,20.20153505352165,20.03937656672013,0.0,0.0,0.0,0.0,0.0,0.0,0.0,0.0,0.0
615,6.645351873865023,6.645351767078888,6.64535166029275,6.645351660677582,6.645351767078884,6.645351873480183,20.254068084440007,20.100779812642546,19.947497245026664,0.0,0.0,0.0,0.0,0.0,0.0,0.0,0.0,0.0
616,6.612208037809497,6.612207936868637,6.612207835927774,6.612207836291541,6.612207936868632,6.612208037445722,20.145424311268417,20.000527038870274,19.855634590844204,0.0,0.0,0.0,0.0,0.0,0.0,0.0,0.0,0.0
617,6.579229507616738,6.579229412201193,6.5792293167856455,6.579229317129501,6.5792294122011885,6.579229507272875,20.037739858631866,19.90077423412211,19.763812689876207,0.0,0.0,0.0,0.0,0.0,0.0,0.0,0.0,0.0
618,6.546415458804398,6.546415368611723,6.546415278419046,6.546415278744079,6.546415368611719,6.546415458479357,19.93098708887494,19.80151891154337,19.67205418513823,0.0,0.0,0.0,0.0,0.0,0.0,0.0,0.0,0.0
619,6.513765071003123,6.513764985747428,6.51376490049173,6.5137649007989715,6.513764985747423,6.513765070695874,19.825139753453634,19.702758595641296,19.58038035648659,0.0,0.0,0.0,0.0,0.0,0.0,0.0,0.0,0.0
620,6.481277527935991,6.481277447347035,6.481277366758076,6.4812773670484995,6.481277447347031,6.4812775276455605,19.720172917463234,19.604490822389014,19.488811195800444,0.0,0.0,0.0,0.0,0.0,0.0,0.0,0.0,0.0
621,6.448952017398059,6.448951941220393,6.448951865042724,6.44895186531725,6.448951941220389,6.448952017123526,19.616062888302583,19.506713139304182,19.397365478053704,0.0,0.0,0.0,0.0,0.0,0.0,0.0,0.0,0.0
622,6.416787731236007,6.416787659228165,6.41678758722032,6.416787587479819,6.41678765922816,6.4167877309765,19.51278714824702,19.40942310550629,19.306060828500502,0.0,0.0,0.0,0.0,0.0,0.0,0.0,0.0,0.0
623,6.384783865327892,6.384783797261625,6.384783729195355,6.384783729440651,6.384783797261621,6.384783865082589,19.41032429071504,19.312618291755957,19.214913786185942,0.0,0.0,0.0,0.0,0.0,0.0,0.0,0.0,0.0
624,6.352939619563004,6.352939555222558,6.352939490882109,6.352939491113977,6.352939555222553,6.352939619331128,19.3086539600255,19.216296280479078,19.1239398639823,0.0,0.0,0.0,0.0,0.0,0.0,0.0,0.0,0.0
625,6.3212541978218235,6.321254137003254,6.321254076184682,6.321254076403858,6.321254137003249,6.32125419760264,19.207756794453676,19.120454665778112,19.03315360534019,0.0,0.0,0.0,0.0,0.0,0.0,0.0,0.0,0.0
626,6.2897268079560815,6.289726750466607,6.289726692977132,6.289726693184309,6.289726750466603,6.289726807748895,19.10761437240483,19.025091053432657,18.942568637933807,0.0,0.0,0.0,0.0,0.0,0.0,0.0,0.0,0.0
627,6.25835666176892,6.258356607426312,6.258356553083704,6.25835655327954,6.2583566074263075,6.258356661573075,19.00820916153417,18.93020306089091,18.85219772436979,0.0,0.0,0.0,0.0,0.0,0.0,0.0,0.0,0.0
628,6.227142974995153,6.227142923627159,6.227142872259165,6.227142872444281,6.227142923627155,6.227142974810028,18.90952447065151,18.83578831725352,18.762052810119936,0.0,0.0,0.0,0.0,0.0,0.0,0.0,0.0,0.0
629,6.1960849672816325,6.196084918725428,6.196084870169222,6.1960848703442055,6.196084918725424,6.196084967106641,18.81154440425772,18.741844463251045,18.672145068829348,0.0,0.0,0.0,0.0,0.0,0.0,0.0,0.0,0.0
630,6.165181862167706,6.165181816269378,6.165181770371048,6.165181770536453,6.1651818162693734,6.165181862002293,18.714253819568675,18.648369151216013,18.582484945143396,0.0,0.0,0.0,0.0,0.0,0.0,0.0,0.0,0.0
631,6.134432887065777,6.134432843679837,6.134432800293897,6.134432800450249,6.134432843679833,6.134432886909417,18.617638285890234,18.555360045050502,18.493082195189025,0.0,0.0,0.0,0.0,0.0,0.0,0.0,0.0,0.0
632,6.103837273241965,6.103837232230891,6.103837191219816,6.103837191367609,6.1038372322308865,6.103837273094165,18.52168404621536,18.462814820189955,18.403945924838556,0.0,0.0,0.0,0.0,0.0,0.0,0.0,0.0,0.0
633,6.073394255796862,6.073394217030659,6.073394178264454,6.073394178404158,6.073394217030654,6.073394255657153,18.42637798092151,18.370731163563843,18.315084625877223,0.0,0.0,0.0,0.0,0.0,0.0,0.0,0.0,0.0
634,6.043103073646389,6.043103037002176,6.043103000357961,6.043103000490016,6.043103037002171,6.0431030735143265,18.33170757345325,18.27910677355374,18.22650621018898,0.0,0.0,0.0,0.0,0.0,0.0,0.0,0.0,0.0
635,6.012962969502739,6.012962934864363,6.012962900225984,6.012962900350812,6.012962934864358,6.012962969377906,18.23766087788121,18.187939359949212,18.13821804206898,0.0,0.0,0.0,0.0,0.0,0.0,0.0,0.0,0.0
636,5.982973189855433,5.982973157113097,5.9829731243707585,5.982973124488753,5.982973157113093,5.982973189737432,18.14422648823464,18.097226643901934,18.050226968765134,0.0,0.0,0.0,0.0,0.0,0.0,0.0,0.0,0.0
637,5.953132984952453,5.953132954002372,5.953132923052289,5.953132923163824,5.953132954002368,5.953132984840912,18.051393509510326,18.006966357878333,17.96253934934557,0.0,0.0,0.0,0.0,0.0,0.0,0.0,0.0,0.0
638,5.923441608781487,5.923441579525557,5.923441550269624,5.9234415503750535,5.923441579525552,5.923441608676051,17.959151530266123,17.91715624561102,17.87516108198361,0.0,0.0,0.0,0.0,0.0,0.0,0.0,0.0,0.0
639,5.8938983190512575,5.893898291396742,5.8938982637422255,5.8938982638418835,5.893898291396738,5.893898318951593,17.867490596712194,17.827794062049275,17.78809762974681,0.0,0.0,0.0,0.0,0.0,0.0,0.0,0.0,0.0
640,5.864502377172945,5.864502351032187,5.864502324891427,5.864502324985629,5.864502351032183,5.864502377078737,17.776401188218024,17.738877573308724,17.701354044971872,0.0,0.0,0.0,0.0,0.0,0.0,0.0,0.0,0.0
641,5.835253048241712,5.835253023531851,5.8352529988219874,5.8352529989110336,5.8352530235318465,5.83525304815266,17.685874194157602,17.65040455662042,17.614934992302803,0.0,0.0,0.0,0.0,0.0,0.0,0.0,0.0,0.0
642,5.806149601018312,5.806149577661023,5.806149554303731,5.806149554387903,5.806149577661018,5.806149600934134,17.59590089201954,17.56237280027942,17.528844770465522,0.0,0.0,0.0,0.0,0.0,0.0,0.0,0.0,0.0
643,5.777191307910795,5.777191285832039,5.777191263753283,5.777191263832847,5.777191285832035,5.777191307831224,17.506472926712846,17.474780103593023,17.443087332847963,0.0,0.0,0.0,0.0,0.0,0.0,0.0,0.0,0.0
644,5.748377444956303,5.748377424086097,5.748377403215891,5.748377403291101,5.748377424086093,5.748377444881087,17.41758229100287,17.387624276828728,17.3576663069511,0.0,0.0,0.0,0.0,0.0,0.0,0.0,0.0,0.0
645,5.719707291802963,5.719707272075153,5.719707252347343,5.719707252418435,5.719707272075149,5.719707291731863,17.32922130701557,17.300903141162003,17.27258501277268,0.0,0.0,0.0,0.0,0.0,0.0,0.0,0.0,0.0
646,5.6911801316918575,5.691180113043912,5.691180094395965,5.691180094463166,5.691180113043908,5.69118013162465,17.241382608751607,17.214614528623937,17.187846480182053,0.0,0.0,0.0,0.0,0.0,0.0,0.0,0.0,0.0
647,5.662795251439104,5.662795233811913,5.66279521618472,5.6627952162482424,5.6627952338119085,5.6627952513755755,17.15405912555498,17.12875628204886,17.103453465341328,0.0,0.0,0.0,0.0,0.0,0.0,0.0,0.0,0.0
648,5.634551941418008,5.634551924755697,5.634551908093384,5.634551908153429,5.6345519247556926,5.634551941357956,17.067244066483934,17.043326255021917,17.019408466225084,0.0,0.0,0.0,0.0,0.0,0.0,0.0,0.0,0.0
649,5.6064494955413124,5.606449479791066,5.606449464040817,5.606449464097575,5.606449479791062,5.606449495484548,16.98093090553479,16.9583223118267,16.935713737287927,0.0,0.0,0.0,0.0,0.0,0.0,0.0,0.0,0.0
650,5.57848721124354,5.578487196355432,5.578487181467323,5.578487181520974,5.578487196355428,5.5784872111898824,16.895113367671986,16.873742327392947,16.852371303326567,0.0,0.0,0.0,0.0,0.0,0.0,0.0,0.0,0.0
651,5.550664389463415,5.550664375390254,5.550664361317092,5.550664361367806,5.55066437539025,5.5506643894126935,16.809785415620183,16.789584187244348,16.76938297258054,0.0,0.0,0.0,0.0,0.0,0.0,0.0,0.0,0.0
652,5.5229803346263795,5.522980321323558,5.522980308020736,5.522980308068672,5.522980321323554,5.522980334578436,16.724941237376783,16.70584578744644,16.686750349113183,0.0,0.0,0.0,0.0,0.0,0.0,0.0,0.0,0.0
653,5.495434354627201,5.495434342052551,5.4954343294779,5.495434329523213,5.495434342052547,5.495434354581882,16.640575234405375,16.622525034554673,16.60447484451233,0.0,0.0,0.0,0.0,0.0,0.0,0.0,0.0,0.0
654,5.468025760812653,5.4680257489263155,5.468025737039977,5.46802573708281,5.468025748926311,5.468025760769813,16.556682010472873,16.539619845562644,16.522557688947938,0.0,0.0,0.0,0.0,0.0,0.0,0.0,0.0,0.0
655,5.440753867964299,5.4407538567285965,5.440753845492894,5.440753845533383,5.440753856728592,5.440753867923803,16.47325636109511,16.457128147850483,16.440999941621882,0.0,0.0,0.0,0.0,0.0,0.0,0.0,0.0,0.0
656,5.413617994281349,5.413617983660669,5.4136179730399885,5.41361797307826,5.413617983660664,5.41361799424307,16.390293263557595,16.375047879133437,16.359802500643156,0.0,0.0,0.0,0.0,0.0,0.0,0.0,0.0,0.0
657,5.386617461363616,5.386617451324292,5.386617441284968,5.386617441321144,5.3866174513242875,5.3866174613274325,16.307787867479956,16.29337698741065,16.27896611235998,0.0,0.0,0.0,0.0,0.0,0.0,0.0,0.0,0.0
658,5.359751594194542,5.359751584704751,5.359751575214962,5.359751575249158,5.359751584704747,5.359751594160339,16.225735485894322,16.212113430914147,16.19849138017854,0.0,0.0,0.0,0.0,0.0,0.0,0.0,0.0,0.0
659,5.333019721124319,5.333019712153982,5.333019703183647,5.33301970321597,5.333019712153978,5.333019721091988,16.144131586809515,16.131255178058037,16.118378772896452,0.0,0.0,0.0,0.0,0.0,0.0,0.0,0.0,0.0
660,5.306421173853096,5.306421165373779,5.306421156894463,5.306421156925016,5.3064211653737745,5.306421173822535,16.06297178523448,16.05080020738792,16.038628632577552,0.0,0.0,0.0,0.0,0.0,0.0,0.0,0.0,0.0
661,5.2799552874142615,5.279955279399086,5.279955271383912,5.279955271412793,5.279955279399082,5.2799552873853735,15.982251835635827,15.970746507530526,15.959241181993118,0.0,0.0,0.0,0.0,0.0,0.0,0.0,0.0,0.0
662,5.253621400157816,5.253621392581376,5.253621385004938,5.253621385032238,5.253621392581372,5.253621400130509,15.901967624805703,15.891092077143576,15.880216531653272,0.0,0.0,0.0,0.0,0.0,0.0,0.0,0.0,0.0
663,5.227418853733827,5.227418846572108,5.227418839410389,5.2274188394361945,5.227418846572103,5.227418853708014,15.8221151651176,15.81183492486587,15.801554686450984,0.0,0.0,0.0,0.0,0.0,0.0,0.0,0.0,0.0
664,5.201346993075965,5.201346986306264,5.201346979536566,5.201346979560958,5.201346986306261,5.201346993051565,15.74269058814882,15.732973069267615,15.723255551939936,0.0,0.0,0.0,0.0,0.0,0.0,0.0,0.0,0.0
665,5.175405166385122,5.175405159985982,5.175405153586845,5.175405153609901,5.175405159985979,5.175405166362057,15.663690138649585,15.654504538800964,15.645318940266252,0.0,0.0,0.0,0.0,0.0,0.0,0.0,0.0,0.0
666,5.1495927251131155,5.149592719064253,5.149592713015392,5.149592713037186,5.149592719064249,5.149592725091313,15.585110168839782,15.576427371750812,15.567744575773098,0.0,0.0,0.0,0.0,0.0,0.0,0.0,0.0,0.0
667,5.123909023946467,5.123909018228709,5.123909012510951,5.123909012531551,5.123909018228705,5.123909023925858,15.506947133015464,15.498739616185818,15.490532100296027,0.0,0.0,0.0,0.0,0.0,0.0,0.0,0.0,0.0
668,5.09835342079027,5.09835341538549,5.098353409980712,5.098353410000184,5.098353415385486,5.098353420770788,15.42919758244814,15.421439329909651,15.413681078166054,0.0,0.0,0.0,0.0,0.0,0.0,0.0,0.0,0.0
669,5.072925276752128,5.072925271643196,5.0729252665342655,5.072925266552672,5.072925271643192,5.072925276733712,15.351858160560838,15.344524580412486,15.337191000936421,0.0,0.0,0.0,0.0,0.0,0.0,0.0,0.0,0.0
670,5.047623956126186,5.047623951296908,5.04762394646763,5.04762394648503,5.047623951296904,5.047623956108779,15.274925598365813,15.267993444822727,15.261061291848238,0.0,0.0,0.0,0.0,0.0,0.0,0.0,0.0,0.0
671,5.022448826377232,5.022448821812299,5.022448817247367,5.022448817263814,5.022448821812295,5.022448826360778,15.198396710149582,15.191844009858972,15.185291310049259,0.0,0.0,0.0,0.0,0.0,0.0,0.0,0.0,0.0
672,4.997399258124879,4.997399253809822,4.997399249494767,4.997399249510313,4.997399253809818,4.997399258109325,15.122268389391765,15.1160743717822,15.10988035457936,0.0,0.0,0.0,0.0,0.0,0.0,0.0,0.0,0.0
673,4.972474625127831,4.972474621048971,4.972474616970114,4.972474616984809,4.972474621048968,4.9724746251131275,15.046537604904938,15.04068263634821,15.034827668135474,0.0,0.0,0.0,0.0,0.0,0.0,0.0,0.0,0.0
674,4.947674304268221,4.947674300412631,4.947674296557042,4.947674296570933,4.947674300412627,4.947674304254322,14.971201397183425,14.965666918760276,14.96013244062806,0.0,0.0,0.0,0.0,0.0,0.0,0.0,0.0,0.0
675,4.922997675536035,4.922997671891492,4.922997668246951,4.922997668260082,4.922997671891489,4.922997675522896,14.896256874949586,14.891025343622047,14.885793812540568,0.0,0.0,0.0,0.0,0.0,0.0,0.0,0.0,0.0
676,4.898444122013603,4.898444118568557,4.89844411512351,4.898444115135923,4.898444118568554,4.898444122001184,14.821701211886817,14.81675604489068,14.811810878102648,0.0,0.0,0.0,0.0,0.0,0.0,0.0,0.0,0.0
677,4.874013029860184,4.874013026603714,4.874013023347242,4.874013023358975,4.87401302660371,4.874013029848444,14.747531643549042,14.742857165830191,14.738182688287345,0.0,0.0,0.0,0.0,0.0,0.0,0.0,0.0,0.0
678,4.849703788296607,4.84970378521839,4.849703782140172,4.849703782151262,4.849703785218386,4.8497037882855105,14.673745464437067,14.669326858965057,14.664908253641906,0.0,0.0,0.0,0.0,0.0,0.0,0.0,0.0,0.0
679,4.825515789590008,4.825515786680286,4.825515783770563,4.8255157837810465,4.825515786680282,4.8255157895795175,14.600340025232638,14.596163286034031,14.591986546961321,0.0,0.0,0.0,0.0,0.0,0.0,0.0,0.0,0.0
680,4.801448429038627,4.801448426288178,4.801448423537728,4.801448423547637,4.801448426288174,4.801448429028711,14.527312730181631,14.523364617944194,14.519416505813236,0.0,0.0,0.0,0.0,0.0,0.0,0.0,0.0,0.0
681,4.777501104956697,4.777501102356803,4.777501099756908,4.777501099766274,4.7775011023567995,4.777501104947324,14.454661034618164,14.450929034725233,14.447197034922358,0.0,0.0,0.0,0.0,0.0,0.0,0.0,0.0,0.0
682,4.7536732186593955,4.753673216201816,4.753673213744233,4.753673213753087,4.753673216201812,4.753673218650535,14.38238244262199,14.37885472548395,14.375327008422074,0.0,0.0,0.0,0.0,0.0,0.0,0.0,0.0,0.0
683,4.729964174447877,4.72996417212482,4.729964169801762,4.72996416981013,4.7299641721248165,4.729964174439501,14.310474504801842,14.307139888358991,14.303805271980554,0.0,0.0,0.0,0.0,0.0,0.0,0.0,0.0,0.0
684,4.706373379594378,4.706373377398481,4.706373375202582,4.706373375210492,4.706373377398477,4.70637337958646,14.238934816197856,14.235782730475801,14.232630644808225,0.0,0.0,0.0,0.0,0.0,0.0,0.0,0.0,0.0
685,4.682900244327398,4.6829002422517,4.682900240176,4.682900240183478,4.682900242251696,4.682900244319913,14.167761014296582,14.16478146790181,14.161801921553113,0.0,0.0,0.0,0.0,0.0,0.0,0.0,0.0,0.0
686,4.659544181816956,4.659544179854876,4.659544177892797,4.659544177899864,4.659544179854873,4.6595441818098795,14.096950777152417,14.094134325601834,14.09131787409022,0.0,0.0,0.0,0.0,0.0,0.0,0.0,0.0,0.0
687,4.636304608159913,4.636304606305234,4.636304604450555,4.636304604457235,4.636304606305231,4.636304608153224,14.026501821609642,14.023839537393703,14.021177253210723,0.0,0.0,0.0,0.0,0.0,0.0,0.0,0.0,0.0
688,4.613180942365381,4.613180940612224,4.613180938859067,4.613180938865381,4.613180940612221,4.613180942359057,13.956411901619584,13.953895345904108,13.951378790216506,0.0,0.0,0.0,0.0,0.0,0.0,0.0,0.0,0.0
689,4.590172606340191,4.590172604683,4.590172603025807,4.590172603031775,4.590172604682996,4.590172606334214,13.886678806647687,13.884300002524666,13.881921198425218,0.0,0.0,0.0,0.0,0.0,0.0,0.0,0.0,0.0
690,4.567279024874443,4.567279023307964,4.5672790217414825,4.567279021747124,4.56727902330796,4.567279024868793,13.817300360165596,13.815051767368205,13.812803174590753,0.0,0.0,0.0,0.0,0.0,0.0,0.0,0.0,0.0
691,4.544499625627123,4.54449962414639,4.544499622665655,4.544499622670987,4.544499624146386,4.544499625621782,13.74827441822361,13.746148909225276,13.744023400243808,0.0,0.0,0.0,0.0,0.0,0.0,0.0,0.0,0.0
692,4.5218338391117925,4.521833837712112,4.52183383631243,4.52183383631747,4.521833837712109,4.521833839106744,13.67959886809911,13.677589705520868,13.675580542956892,0.0,0.0,0.0,0.0,0.0,0.0,0.0,0.0,0.0
693,4.499281098682355,4.499281097359289,4.499281096036223,4.4992810960409875,4.499281097359286,4.499281098677582,13.611271627016801,13.609372442271338,13.60747325753794,0.0,0.0,0.0,0.0,0.0,0.0,0.0,0.0,0.0
694,4.476840840518882,4.476840839268239,4.476840838017595,4.476840838022098,4.4768408392682355,4.476840840514371,13.5432906409369,13.541495414041576,13.539700187156452,0.0,0.0,0.0,0.0,0.0,0.0,0.0,0.0,0.0
695,4.4545125036135245,4.4545125024313394,4.454512501249153,4.454512501253409,4.454512502431336,4.45451250360926,13.475653883407485,13.473956923902353,13.47225996440585,0.0,0.0,0.0,0.0,0.0,0.0,0.0,0.0,0.0
696,4.432295529756481,4.432295528639006,4.43229552752153,4.432295527525553,4.432295528639003,4.43229552975245,13.408359354477565,13.406755283387918,13.405151212305569,0.0,0.0,0.0,0.0,0.0,0.0,0.0,0.0,0.0
697,4.410189363522044,4.410189362465738,4.41018936140943,4.4101893614132335,4.410189362465735,4.410189363518233,13.34140507966753,13.339888812453767,13.338372545246179,0.0,0.0,0.0,0.0,0.0,0.0,0.0,0.0,0.0
698,4.388193452254715,4.388193451256229,4.3881934502577415,4.388193450261337,4.3881934512562255,4.388193452251113,13.27478910899386,13.273355839434657,13.271922569880674,0.0,0.0,0.0,0.0,0.0,0.0,0.0,0.0,0.0
699,4.366307246055384,4.366307245111553,4.3663072441677215,4.36630724417112,4.36630724511155,4.36630724605198,13.208509516045126,13.207154701002805,13.205799885964899,0.0,0.0,0.0,0.0,0.0,0.0,0.0,0.0,0.0
700,4.344530197767584,4.344530196875417,4.344530195983249,4.3445301959864615,4.3445301968754135,4.3445301977643656,13.142564397106494,13.14128374212631,13.14000308714986,0.0,0.0,0.0,0.0,0.0,0.0,0.0,0.0,0.0
701,4.322861762963813,4.322861762120481,4.3228617612771485,4.322861761280185,4.3228617621204775,4.32286176296077,13.076951870330072,13.075741316027775,13.074530761728637,0.0,0.0,0.0,0.0,0.0,0.0,0.0,0.0,0.0
702,4.3013013999319165,4.301301399134747,4.301301398337577,4.301301398340447,4.3013013991347435,4.30130139992904,13.011670074948633,13.010525784143141,13.00938149334032,0.0,0.0,0.0,0.0,0.0,0.0,0.0,0.0,0.0
703,4.279848569661551,4.279848568908018,4.279848568154484,4.279848568157196,4.279848568908014,4.279848569658832,12.946717170530308,12.945635516080717,12.944553861633382,0.0,0.0,0.0,0.0,0.0,0.0,0.0,0.0,0.0
704,4.258502735830707,4.25850273511842,4.258502734406133,4.2585027344086965,4.258502735118417,4.258502735828137,12.882091336272055,12.881068889580426,12.880046442890704,0.0,0.0,0.0,0.0,0.0,0.0,0.0,0.0,0.0
705,4.2372633647922955,4.237263364118998,4.2372633634457,4.237263363448124,4.237263364118994,4.237263364789865,12.817790770329758,12.816824290473248,12.815857810618349,0.0,0.0,0.0,0.0,0.0,0.0,0.0,0.0,0.0
706,4.2161299255608125,4.2161299249243696,4.216129924287926,4.216129924290218,4.216129924924366,4.216129925558515,12.753813689182989,12.752900112640857,12.751986536100091,0.0,0.0,0.0,0.0,0.0,0.0,0.0,0.0,0.0
707,4.1951018897990595,4.1951018891974545,4.195101888595849,4.195101888598015,4.195101889197451,4.195101889796888,12.69015832703253,12.689294757975484,12.688431188919596,0.0,0.0,0.0,0.0,0.0,0.0,0.0,0.0,0.0
708,4.174178731804939,4.174178731236265,4.174178730667589,4.174178730669636,4.174178731236261,4.174178731802886,12.626822935228878,12.626006636339952,12.625190337452002,0.0,0.0,0.0,0.0,0.0,0.0,0.0,0.0,0.0
709,4.153359928498308,4.153359927960761,4.153359927423214,4.153359927425148,4.153359927960757,4.153359928496367,12.563805781730046,12.563034165527924,12.562262549326627,0.0,0.0,0.0,0.0,0.0,0.0,0.0,0.0,0.0
710,4.1326449594079,4.132644958899777,4.132644958391654,4.132644958393483,4.132644958899774,4.132644959406065,12.501105150587057,12.500375771224352,12.499646391862345,0.0,0.0,0.0,0.0,0.0,0.0,0.0,0.0,0.0
711,4.112033306658317,4.1120333061780086,4.1120333056976985,4.112033305699428,4.112033306178005,4.112033306656582,12.43871934145564,12.438029886966117,12.437340432477182,0.0,0.0,0.0,0.0,0.0,0.0,0.0,0.0,0.0
712,4.09152445495708,4.0915244545030625,4.091524454049043,4.091524454050678,4.091524454503059,4.09152445495544,12.376646669132699,12.375994954102865,12.375343239073526,0.0,0.0,0.0,0.0,0.0,0.0,0.0,0.0,0.0
713,4.0711178915817445,4.071117891152579,4.0711178907234125,4.071117890724957,4.071117891152576,4.071117891580195,12.314885463116203,12.314269421758043,12.313653380400302,0.0,0.0,0.0,0.0,0.0,0.0,0.0,0.0,0.0
714,4.050813106367086,4.050813105961413,4.050813105555737,4.050813105557197,4.050813105961409,4.050813106365621,12.253434067187223,12.25285174679013,12.25226942639339,0.0,0.0,0.0,0.0,0.0,0.0,0.0,0.0,0.0
715,4.030609591692342,4.030609591308875,4.030609590925405,4.030609590926786,4.030609591308871,4.030609591690958,12.192290839012932,12.191740393754053,12.191189948495472,0.0,0.0,0.0,0.0,0.0,0.0,0.0,0.0,0.0
716,4.0105068424685255,4.0105068421060475,4.010506841743568,4.010506841744873,4.010506842106044,4.0105068424672154,12.131454149769402,12.130933834862804,12.13041351995646,0.0,0.0,0.0,0.0,0.0,0.0,0.0,0.0,0.0
717,3.9905043561257902,3.9905043557831537,3.9905043554405153,3.990504355441749,3.99050435578315,3.990504356124552,12.070922383783147,12.070430549949243,12.069938716115555,0.0,0.0,0.0,0.0,0.0,0.0,0.0,0.0,0.0
718,3.9706016326008746,3.9706016322769933,3.9706016319531106,3.9706016319542763,3.9706016322769897,3.9706016325997044,12.010693938190391,12.0102290264281,12.00976411466599,0.0,0.0,0.0,0.0,0.0,0.0,0.0,0.0,0.0
719,3.950798174324595,3.950798174018442,3.9507981737122884,3.9507981737133897,3.9507981740184386,3.950798174323489,11.950767222613083,11.950327759258148,11.949888295903365,0.0,0.0,0.0,0.0,0.0,0.0,0.0,0.0,0.0
720,3.931093486209407,3.9310934859200124,3.9310934856306172,3.9310934856316577,3.931093485920009,3.931093486208361,11.891140658850773,11.89072525090459,11.890309842958533,0.0,0.0,0.0,0.0,0.0,0.0,0.0,0.0,0.0
721,3.9114870756370292,3.911487075363475,3.911487075089921,3.9114870750909043,3.9114870753634716,3.91148707563604,11.831812680587493,11.831420011301612,11.831027342015837,0.0,0.0,0.0,0.0,0.0,0.0,0.0,0.0,0.0
722,3.8919784524461263,3.8919784521875456,3.8919784519289653,3.8919784519298943,3.891978452187542,3.8919784524451906,11.772781733112796,11.772410557815135,11.772039382517566,0.0,0.0,0.0,0.0,0.0,0.0,0.0,0.0,0.0
723,3.8725671289200543,3.872567128675628,3.872567128431202,3.87256712843208,3.8725671286756245,3.8725671289191697,11.71404627305623,11.713695415205752,11.713344557355349,0.0,0.0,0.0,0.0,0.0,0.0,0.0,0.0,0.0
724,3.8532526197746706,3.853252619543624,3.8532526193125776,3.853252619313407,3.8532526195436203,3.8532526197738344,11.655604768134499,11.655273115591836,11.654941463049235,0.0,0.0,0.0,0.0,0.0,0.0,0.0,0.0,0.0
725,3.8340344421461983,3.8340344419277987,3.8340344417093997,3.8340344417101835,3.834034441927795,3.834034442145408,11.597455696910622,11.597142198412854,11.59682869991514,0.0,0.0,0.0,0.0,0.0,0.0,0.0,0.0,0.0
726,3.8149121155791557,3.814912115372711,3.8149121151662673,3.8149121151670076,3.8149121153727075,3.8149121155784087,11.53959754856446,11.539301210392852,11.539004872221286,0.0,0.0,0.0,0.0,0.0,0.0,0.0,0.0,0.0
727,3.7958851620143452,3.7958851618192013,3.7958851616240583,3.7958851616247578,3.7958851618191978,3.795885162013639,11.482028822673982,11.481748705504113,11.48146858833428,0.0,0.0,0.0,0.0,0.0,0.0,0.0,0.0,0.0
728,3.7769531057769017,3.7769531055924395,3.776953105407978,3.7769531054086394,3.776953105592436,3.776953105776234,11.424748029006691,11.42448324493102,11.42421846085538,0.0,0.0,0.0,0.0,0.0,0.0,0.0,0.0,0.0
729,3.758115473564399,3.758115473390034,3.7581154732156694,3.7581154732162947,3.7581154733900304,3.758115473563768,11.36775368732068,11.367503397034076,11.367253106747498,0.0,0.0,0.0,0.0,0.0,0.0,0.0,0.0,0.0
730,3.739371794435019,3.7393717942701987,3.7393717941053786,3.739371794105969,3.739371794270195,3.7393717944344225,11.311044327174777,11.310807737314116,11.310571147453476,0.0,0.0,0.0,0.0,0.0,0.0,0.0,0.0,0.0
731,3.7207215997957777,3.720721599639979,3.720721599484181,3.720721599484739,3.7207215996399756,3.7207215997952137,11.25461848774731,11.254394848376695,11.254171209006094,0.0,0.0,0.0,0.0,0.0,0.0,0.0,0.0,0.0
732,3.702164423390809,3.7021644232435387,3.7021644230962685,3.7021644230967956,3.702164423243535,3.7021644233902755,11.198474717663018,11.198263319896647,11.19805192213029,0.0,0.0,0.0,0.0,0.0,0.0,0.0,0.0,0.0
733,3.683699801289709,3.6836998011505004,3.6836998010112914,3.683699801011789,3.683699801150497,3.6836998012892046,11.142611574827672,11.14241174858284,11.14221192233802,0.0,0.0,0.0,0.0,0.0,0.0,0.0,0.0,0.0
734,3.6653272718759387,3.66532727174435,3.6653272716127616,3.6653272716132315,3.6653272717443466,3.665327271875462,11.087027626269997,11.086838738143081,11.086649850016181,0.0,0.0,0.0,0.0,0.0,0.0,0.0,0.0,0.0
735,3.6470463758352816,3.647046375710896,3.647046375586511,3.6470463755869544,3.6470463757108926,3.6470463758348313,11.031721447990497,11.031542899249217,11.031364350507951,0.0,0.0,0.0,0.0,0.0,0.0,0.0,0.0,0.0
736,3.6288566561443623,3.6288566560267856,3.628856655909209,3.628856655909628,3.628856656026782,3.6288566561439364,10.976691624816826,10.976522849502395,10.976354074187975,0.0,0.0,0.0,0.0,0.0,0.0,0.0,0.0,0.0
737,3.6107576580592196,3.6107576579480787,3.6107576578369383,3.6107576578373335,3.610757657948075,3.6107576580588168,10.92193675026534,10.921777213398503,10.921617676531678,0.0,0.0,0.0,0.0,0.0,0.0,0.0,0.0,0.0
738,3.5927489291039385,3.5927489289988808,3.592748928893824,3.5927489288941974,3.5927489289988777,3.5927489291035575,10.867455426408513,10.86730462229379,10.867153818179077,0.0,0.0,0.0,0.0,0.0,0.0,0.0,0.0,0.0
739,3.5748300190593376,3.5748300189600304,3.574830018860724,3.574830018861077,3.5748300189600273,3.5748300190589775,10.813246263747901,10.81310371437064,10.81296116499339,0.0,0.0,0.0,0.0,0.0,0.0,0.0,0.0,0.0
740,3.5570004799517148,3.557000479857843,3.557000479763973,3.5570004797643064,3.55700047985784,3.557000479951374,10.759307881092345,10.759173134603532,10.75903838811473,0.0,0.0,0.0,0.0,0.0,0.0,0.0,0.0,0.0
741,3.5392598660416463,3.5392598659529133,3.539259865864181,3.5392598658644965,3.53925986595291,3.5392598660413244,10.705638905441166,10.705511534725163,10.705384164009173,0.0,0.0,0.0,0.0,0.0,0.0,0.0,0.0,0.0
742,3.521607733812845,3.5216077337289686,3.5216077336450935,3.521607733645392,3.5216077337289655,3.52160773381254,10.652237971872053,10.652117573192742,10.651997174513443,0.0,0.0,0.0,0.0,0.0,0.0,0.0,0.0,0.0
743,3.5040436419610694,3.5040436418817844,3.5040436418025007,3.5040436418027827,3.5040436418817813,3.504043641960781,10.599103723433423,10.59898991515445,10.598876106875487,0.0,0.0,0.0,0.0,0.0,0.0,0.0,0.0,0.0
744,3.486567151383095,3.48656715130815,3.486567151233206,3.486567151233472,3.486567151308147,3.4865671513828222,10.546234811040991,10.546127232416067,10.546019653791154,0.0,0.0,0.0,0.0,0.0,0.0,0.0,0.0,0.0
745,3.469177825165733,3.4691778250948904,3.4691778250240484,3.4691778250243,3.4691778250948873,3.469177825165475,10.493629893378351,10.493528203407772,10.493426513437203,0.0,0.0,0.0,0.0,0.0,0.0,0.0,0.0,0.0
746,3.451875228574909,3.4518752285079444,3.45187522844098,3.4518752284412177,3.4518752285079413,3.451875228574665,10.441287636801349,10.4411915131511,10.441095389500862,0.0,0.0,0.0,0.0,0.0,0.0,0.0,0.0,0.0
747,3.4346589290447955,3.4346589289814964,3.434658928918198,3.434658928918422,3.4346589289814933,3.434658929044565,10.389206715246035,10.38911585322607,10.389024991206114,0.0,0.0,0.0,0.0,0.0,0.0,0.0,0.0,0.0
748,3.417528496166996,3.417528496107162,3.4175284960473284,3.41752849604754,3.417528496107159,3.4175284961667782,10.337385810140033,10.33729992173847,10.337214033336917,0.0,0.0,0.0,0.0,0.0,0.0,0.0,0.0,0.0
749,3.4004835016797847,3.4004835016232264,3.400483501566668,3.4004835015668675,3.4004835016232233,3.400483501679579,10.28582361031712,10.285742423287315,10.285661236257521,0.0,0.0,0.0,0.0,0.0,0.0,0.0,0.0,0.0
750,3.3835235194574023,3.38352351940394,3.3835235193504776,3.383523519350666,3.383523519403937,3.383523519457208,10.234518811934874,10.23444206893246,10.234365325930055,0.0,0.0,0.0,0.0,0.0,0.0,0.0,0.0,0.0
751,3.3666481254994003,3.3666481254488643,3.366648125398328,3.366648125398506,3.366648125448861,3.3666481254992164,10.18347011839521,10.18339757616237,10.183325033929542,0.0,0.0,0.0,0.0,0.0,0.0,0.0,0.0,0.0
752,3.3498568979200405,3.349856897872271,3.349856897824501,3.3498568978246688,3.349856897872268,3.349856897919867,10.132676240267669,10.132607668862072,10.132539097456487,0.0,0.0,0.0,0.0,0.0,0.0,0.0,0.0,0.0
753,3.333149416937751,3.3331494168925966,3.333149416847441,3.3331494168475997,3.3331494168925935,3.333149416937587,10.082135895215307,10.082071077281235,10.082006259347176,0.0,0.0,0.0,0.0,0.0,0.0,0.0,0.0,0.0
754,3.316525264864629,3.316525264821946,3.316525264779262,3.316525264779412,3.316525264821943,3.3165252648644734,10.031847807923054,10.03178653800244,10.03172526808184,0.0,0.0,0.0,0.0,0.0,0.0,0.0,0.0,0.0
755,3.299984026095998,3.2999840260556517,3.2999840260153044,3.299984026015446,3.2999840260556486,3.299984026095851,9.981810710028412,9.981752793909584,9.981694877790765,0.0,0.0,0.0,0.0,0.0,0.0,0.0,0.0,0.0
756,3.2835252871000207,3.283525287061883,3.2835252870237444,3.283525287023878,3.28352528706188,3.283525287099882,9.93202334005439,9.931968594156459,9.931913848258537,0.0,0.0,0.0,0.0,0.0,0.0,0.0,0.0,0.0
757,3.267148636407358,3.2671486363713083,3.267148636335257,3.2671486363353837,3.267148636371305,3.267148636407227,9.882484443344522,9.882432694135478,9.88238094492644,0.0,0.0,0.0,0.0,0.0,0.0,0.0,0.0,0.0
758,3.2508536646008834,3.2508536645668067,3.250853664532729,3.250853664532848,3.2508536645668036,3.2508536646007595,9.833192771999908,9.83314385544656,9.83309493889322,0.0,0.0,0.0,0.0,0.0,0.0,0.0,0.0,0.0
759,3.234639964305446,3.2346399642732346,3.2346399642410226,3.234639964241135,3.2346399642732315,3.234639964305329,9.784147084818143,9.784100845866172,9.78405460691421,0.0,0.0,0.0,0.0,0.0,0.0,0.0,0.0,0.0
760,3.218507130177689,3.2185071301472408,3.218507130116792,3.218507130116898,3.2185071301472377,3.218507130177578,9.735346147234043,9.73530243931652,9.735258731399005,0.0,0.0,0.0,0.0,0.0,0.0,0.0,0.0,0.0
761,3.2024547588959127,3.2024547588671313,3.2024547588383485,3.202454758838449,3.202454758867128,3.2024547588958074,9.686788731262105,9.686747415834898,9.686706100407699,0.0,0.0,0.0,0.0,0.0,0.0,0.0,0.0,0.0
762,3.1864824491499943,3.186482449122788,3.186482449095581,3.1864824490956756,3.186482449122785,3.1864824491498944,9.638473615440562,9.63843456154319,9.638395507645827,0.0,0.0,0.0,0.0,0.0,0.0,0.0,0.0,0.0
763,3.1705898016313525,3.1705898016056357,3.1705898015799177,3.170589801580007,3.1705898016056326,3.170589801631258,9.590399584777009,9.590362668617525,9.590325752458048,0.0,0.0,0.0,0.0,0.0,0.0,0.0,0.0,0.0
764,3.1547764190229675,3.1547764189986585,3.154776418974348,3.154776418974432,3.1547764189986554,3.154776419022878,9.542565430695474,9.542530535258072,9.542495639820677,0.0,0.0,0.0,0.0,0.0,0.0,0.0,0.0,0.0
765,3.139041905989446,3.1390419059664674,3.139041905943488,3.139041905943567,3.1390419059664643,3.1390419059893615,9.494969950984906,9.494936965659008,9.494903980333117,0.0,0.0,0.0,0.0,0.0,0.0,0.0,0.0,0.0
766,3.123385869167138,3.1233858691454173,3.123385869123696,3.1233858691237706,3.123385869145414,3.123385869167058,9.447611949748968,9.447580769978615,9.447549590208267,0.0,0.0,0.0,0.0,0.0,0.0,0.0,0.0,0.0
767,3.1078079171543043,3.1078079171337727,3.1078079171132402,3.1078079171133104,3.1078079171337696,3.1078079171542288,9.400490237357102,9.400460764309532,9.400431291261967,0.0,0.0,0.0,0.0,0.0,0.0,0.0,0.0,0.0
768,3.092307660501329,3.0923076604819215,3.092307660462513,3.0923076604625788,3.0923076604819184,3.0923076605012576,9.35360363039679,9.353575770649165,9.353547910901545,0.0,0.0,0.0,0.0,0.0,0.0,0.0,0.0,0.0
769,3.0768847117009854,3.07688471168264,3.076884711664294,3.0768847116643556,3.076884711682637,3.076884711700918,9.306950951626957,9.30692461687023,9.306898282113508,0.0,0.0,0.0,0.0,0.0,0.0,0.0,0.0,0.0
770,3.0615386851787467,3.0615386851614055,3.0615386851440634,3.0615386851441215,3.0615386851614024,3.0615386851786828,9.260531029932453,9.260506136691452,9.260481243450457,0.0,0.0,0.0,0.0,0.0,0.0,0.0,0.0,0.0
771,3.0462691972831473,3.046269197266755,3.0462691972503624,3.046269197250417,3.046269197266752,3.046269197283086,9.214342700279582,9.21431916964841,9.214295639017244,0.0,0.0,0.0,0.0,0.0,0.0,0.0,0.0,0.0
772,3.0310758662761907,3.031075866260696,3.031075866245201,3.0310758662452524,3.031075866260693,3.031075866276133,9.168384803672598,9.168362561064523,9.168340318456453,0.0,0.0,0.0,0.0,0.0,0.0,0.0,0.0,0.0
773,3.0159583123238085,3.0159583123091624,3.0159583122945155,3.015958312294564,3.0159583123091593,3.0159583123237543,9.122656187111156,9.122635162022181,9.122614136933212,0.0,0.0,0.0,0.0,0.0,0.0,0.0,0.0,0.0
774,3.0009161574863623,3.000916157472518,3.0009161574586725,3.000916157458718,3.0009161574725147,3.000916157486311,9.07715570354864,9.077135829334027,9.077115955119423,0.0,0.0,0.0,0.0,0.0,0.0,0.0,0.0,0.0
775,2.9859490257091945,2.9859490256961077,2.9859490256830203,2.9859490256830634,2.9859490256961045,2.9859490257091457,9.031882211851352,9.031863425514375,9.031844639177406,0.0,0.0,0.0,0.0,0.0,0.0,0.0,0.0,0.0
776,2.971056542813229,2.9710565428008584,2.9710565427884874,2.971056542788528,2.9710565428008553,2.9710565428131828,8.986834576758515,8.986816818750771,8.986799060743033,0.0,0.0,0.0,0.0,0.0,0.0,0.0,0.0,0.0
777,2.9562383364856153,2.956238336473922,2.9562383364622282,2.956238336462266,2.956238336473919,2.9562383364855713,8.942011668843044,8.941994882875699,8.94197809690836,0.0,0.0,0.0,0.0,0.0,0.0,0.0,0.0,0.0
778,2.941494036270421,2.941494036259368,2.9414940362483146,2.94149403624835,2.941494036259365,2.9414940362703796,8.897412364473062,8.897396497338429,8.8973806302038,0.0,0.0,0.0,0.0,0.0,0.0,0.0,0.0,0.0
779,2.9268232735593718,2.9268232735489237,2.9268232735384756,2.9268232735385085,2.9268232735489206,2.9268232735593323,8.85303554577412,8.853020547176998,8.853005548579882,0.0,0.0,0.0,0.0,0.0,0.0,0.0,0.0,0.0
780,2.9122256815826333,2.9122256815727567,2.9122256815628806,2.9122256815629113,2.9122256815727536,2.9122256815825955,8.808880100592082,8.808865922990341,8.808851745388605,0.0,0.0,0.0,0.0,0.0,0.0,0.0,0.0,0.0
781,2.8977008953996437,2.8977008953903076,2.8977008953809724,2.897700895381001,2.8977008953903045,2.8977008953996077,8.76494492245668,8.764931520910554,8.764918119364435,0.0,0.0,0.0,0.0,0.0,0.0,0.0,0.0,0.0
782,2.8832485518899906,2.8832485518811652,2.883248551872341,2.8832485518723683,2.883248551881162,2.8832485518899564,8.721228910545653,8.721216242575299,8.72120357460495,0.0,0.0,0.0,0.0,0.0,0.0,0.0,0.0,0.0
783,2.8688682897443316,2.8688682897359894,2.868868289727648,2.868868289727674,2.8688682897359863,2.868868289744299,8.677730969649497,8.677718995100337,8.677707020551184,0.0,0.0,0.0,0.0,0.0,0.0,0.0,0.0,0.0
784,2.854559749455363,2.8545597494474775,2.8545597494395927,2.8545597494396167,2.8545597494474744,2.854559749455332,8.634450010136772,8.634438691052218,8.63442737196767,0.0,0.0,0.0,0.0,0.0,0.0,0.0,0.0,0.0
785,2.8403225733088306,2.8403225733013766,2.8403225732939235,2.840322573293946,2.8403225733013735,2.840322573308801,8.591384947919952,8.591374248421086,8.591363548922226,0.0,0.0,0.0,0.0,0.0,0.0,0.0,0.0,0.0
786,2.8261564053745882,2.826156405367542,2.826156405360497,2.8261564053605177,2.8261564053675388,2.82615640537456,8.548534704421781,8.548524590593633,8.54851447676549,0.0,0.0,0.0,0.0,0.0,0.0,0.0,0.0,0.0
787,2.812060891497698,2.812060891491037,2.8120608914843777,2.812060891484397,2.812060891491034,2.812060891497671,8.50589820654214,8.50588864632618,8.505879086110227,0.0,0.0,0.0,0.0,0.0,0.0,0.0,0.0,0.0
788,2.7980356792895775,2.7980356792832812,2.7980356792769863,2.7980356792770045,2.798035679283278,2.798035679289552,8.463474386625377,8.463465349717902,8.463456312810433,0.0,0.0,0.0,0.0,0.0,0.0,0.0,0.0,0.0
789,2.7840804181191903,2.7840804181132386,2.7840804181072882,2.784080418107305,2.7840804181132355,2.7840804181191663,8.421262182428098,8.421253640184172,8.421245097940252,0.0,0.0,0.0,0.0,0.0,0.0,0.0,0.0,0.0
790,2.770194759104279,2.7701947590986533,2.7701947590930285,2.7701947590930445,2.77019475909865,2.770194759104256,8.379260537087395,8.379252462430054,8.379244387772719,0.0,0.0,0.0,0.0,0.0,0.0,0.0,0.0,0.0
791,2.7563783551026444,2.7563783550973264,2.7563783550920093,2.7563783550920244,2.7563783550973233,2.756378355102622,8.337468399089495,8.337460766423916,8.337453133758343,0.0,0.0,0.0,0.0,0.0,0.0,0.0,0.0,0.0
792,2.742630860703465,2.7426308606984384,2.7426308606934127,2.742630860693427,2.7426308606984353,2.742630860703444,8.295884722238807,8.295877507371182,8.295870292503562,0.0,0.0,0.0,0.0,0.0,0.0,0.0,0.0,0.0
793,2.728951932218665,2.7289519322139135,2.7289519322091627,2.728951932209176,2.7289519322139104,2.728951932218645,8.254508465627366,8.25450164568821,8.254494825749058,0.0,0.0,0.0,0.0,0.0,0.0,0.0,0.0,0.0
794,2.715341227674318,2.715341227669827,2.715341227665336,2.7153412276653484,2.715341227669824,2.715341227674299,8.213338593604641,8.213332146976303,8.213325700347966,0.0,0.0,0.0,0.0,0.0,0.0,0.0,0.0,0.0
795,2.7017984068021015,2.701798406797856,2.701798406793611,2.7017984067936225,2.7017984067978533,2.7017984068020833,8.17237407574771,8.172367981995848,8.172361888243985,0.0,0.0,0.0,0.0,0.0,0.0,0.0,0.0,0.0
796,2.688323131030787,2.688323131026774,2.688323131022761,2.6883231310227718,2.6883231310267712,2.68832313103077,8.131613886831778,8.131608126640586,8.131602366449396,0.0,0.0,0.0,0.0,0.0,0.0,0.0,0.0,0.0
797,2.674915063477778,2.6749150634739842,2.6749150634701913,2.674915063470201,2.674915063473982,2.6749150634777616,8.091057006801025,8.091051561912012,8.091046117023001,0.0,0.0,0.0,0.0,0.0,0.0,0.0,0.0,0.0
798,2.6615738689406867,2.6615738689371002,2.6615738689335147,2.661573868933524,2.661573868937098,2.6615738689406707,8.050702420739785,8.050697273893896,8.05069212704801,0.0,0.0,0.0,0.0,0.0,0.0,0.0,0.0,0.0
799,2.6482992138889534,2.648299213885563,2.6482992138821744,2.648299213882183,2.6482992138855614,2.6482992138889383,8.010549118844027,8.010544253726934,8.010539388609844,0.0,0.0,0.0,0.0,0.0,0.0,0.0,0.0,0.0
800,2.6350907664555105,2.635090766452306,2.635090766449103,2.6350907664491103,2.6350907664523042,2.6350907664554963,7.970596096393141,7.9705914975835315,7.9705868987739255,0.0,0.0,0.0,0.0,0.0,0.0,0.0,0.0,0.0
801,2.6219481964284834,2.6219481964254543,2.6219481964224265,2.6219481964224336,2.6219481964254525,2.62194819642847,7.930842353722007,7.930838006642704,7.930833659563404,0.0,0.0,0.0,0.0,0.0,0.0,0.0,0.0,0.0
802,2.6088711752429368,2.6088711752400733,2.608871175237211,2.608871175237218,2.6088711752400715,2.608871175242924,7.891286896193355,7.891282787065108,7.891278677936864,0.0,0.0,0.0,0.0,0.0,0.0,0.0,0.0,0.0
803,2.595859375972659,2.595859375969952,2.5958593759672466,2.595859375967253,2.59585937596995,2.5958593759726467,7.851928734170383,7.851924849968192,7.851920965766005,0.0,0.0,0.0,0.0,0.0,0.0,0.0,0.0,0.0
804,2.58291247332199,2.582912473319431,2.582912473316874,2.58291247331688,2.5829124733194293,2.582912473321978,7.81276688298965,7.812763211401481,7.812759539813316,0.0,0.0,0.0,0.0,0.0,0.0,0.0,0.0,0.0
805,2.570030143617689,2.57003014361527,2.570030143612853,2.570030143612858,2.570030143615268,2.5700301436176773,7.773800362934215,7.77379689232197,7.77379342170973,0.0,0.0,0.0,0.0,0.0,0.0,0.0,0.0,0.0
806,2.557212064800842,2.5572120647985552,2.557212064796271,2.5572120647962753,2.5572120647985535,2.5572120648008307,7.735028199207022,7.7350249185696525,7.735021637932288,0.0,0.0,0.0,0.0,0.0,0.0,0.0,0.0,0.0
807,2.54445791641881,2.5444579164166488,2.544457916414489,2.5444579164144936,2.544457916416647,2.5444579164187995,7.696449421904532,7.696446320843165,7.696443219781804,0.0,0.0,0.0,0.0,0.0,0.0,0.0,0.0,0.0
808,2.5317673796172198,2.5317673796151765,2.531767379613135,2.531767379613139,2.5317673796151747,2.5317673796172095,7.658063065990578,7.658060134675557,7.65805720336054,0.0,0.0,0.0,0.0,0.0,0.0,0.0,0.0,0.0
809,2.519140137131989,2.5191401371300577,2.519140137128128,2.5191401371281317,2.519140137130056,2.5191401371319793,7.619868171270448,7.6198654004101725,7.6198626295499015,0.0,0.0,0.0,0.0,0.0,0.0,0.0,0.0,0.0
810,2.506575873281398,2.5065758732795724,2.5065758732777486,2.506575873277752,2.5065758732795707,2.5065758732813883,7.5818637823651915,7.581861163176667,7.5818585439881465,0.0,0.0,0.0,0.0,0.0,0.0,0.0,0.0,0.0
811,2.4940742739581956,2.4940742739564703,2.494074273954746,2.4940742739547495,2.4940742739564685,2.4940742739581863,7.544048948686133,7.544046472867129,7.54404399704813,0.0,0.0,0.0,0.0,0.0,0.0,0.0,0.0,0.0
812,2.4816350266217477,2.4816350266201166,2.481635026618487,2.4816350266184903,2.481635026620115,2.481635026621739,7.506422724409598,7.5064203841123325,7.5064180438150725,0.0,0.0,0.0,0.0,0.0,0.0,0.0,0.0,0.0
813,2.4692578202902222,2.4692578202886803,2.46925782028714,2.469257820287143,2.4692578202886786,2.469257820290214,7.468984168451833,7.468981956258099,7.468979744064368,0.0,0.0,0.0,0.0,0.0,0.0,0.0,0.0,0.0
814,2.456942345532816,2.456942345531359,2.456942345529902,2.4569423455299053,2.456942345531357,2.456942345532808,7.431732344444134,7.431730253341781,7.431728162239431,0.0,0.0,0.0,0.0,0.0,0.0,0.0,0.0,0.0
815,2.4446882944620185,2.4446882944606414,2.4446882944592643,2.444688294459267,2.4446882944606396,2.444688294462011,7.394666320708156,7.394664344068866,7.39466236742958,0.0,0.0,0.0,0.0,0.0,0.0,0.0,0.0,0.0
816,2.4324953607259148,2.432495360724613,2.432495360723311,2.4324953607233137,2.4324953607246114,2.4324953607259077,7.3577851702314145,7.357783301789693,7.357781433347974,0.0,0.0,0.0,0.0,0.0,0.0,0.0,0.0,0.0
817,2.4203632395005257,2.4203632394992955,2.420363239498065,2.420363239498067,2.4203632394992938,2.420363239500519,7.321087970642971,7.321086204476282,7.3210844383095965,0.0,0.0,0.0,0.0,0.0,0.0,0.0,0.0,0.0
818,2.4082916274821886,2.408291627481026,2.408291627479863,2.4082916274798647,2.408291627481024,2.4082916274821824,7.28457380418929,7.284572134699291,7.284570465209292,0.0,0.0,0.0,0.0,0.0,0.0,0.0,0.0,0.0
819,2.3962802228799744,2.3962802228788753,2.396280222877776,2.396280222877778,2.3962802228788735,2.3962802228799687,7.248241757710286,7.248240179605071,7.2482386014998585,0.0,0.0,0.0,0.0,0.0,0.0,0.0,0.0,0.0
820,2.384328725408142,2.3843287254071033,2.384328725406064,2.3843287254060654,2.3843287254071015,2.3843287254081367,7.212090922615517,7.212089430892855,7.212087939170194,0.0,0.0,0.0,0.0,0.0,0.0,0.0,0.0,0.0
821,2.372436836278632,2.3724368362776502,2.372436836276668,2.3724368362766692,2.3724368362776485,2.372436836278627,7.176120394860573,7.1761189847920415,7.176117574723511,0.0,0.0,0.0,0.0,0.0,0.0,0.0,0.0,0.0
822,2.3606042581935966,2.3606042581926685,2.3606042581917404,2.3606042581917412,2.3606042581926667,2.3606042581935918,7.1403292749236,7.140327942039604,7.140326609155609,0.0,0.0,0.0,0.0,0.0,0.0,0.0,0.0,0.0
823,2.3488306953379676,2.3488306953370897,2.348830695336212,2.348830695336213,2.348830695337088,2.3488306953379627,7.104716667782009,7.10471540785761,7.104714147933211,0.0,0.0,0.0,0.0,0.0,0.0,0.0,0.0,0.0
824,2.3371158533720595,2.3371158533712295,2.3371158533704,2.3371158533704004,2.3371158533712277,2.337115853372055,7.069281682889325,7.069280491930849,7.069279300972375,0.0,0.0,0.0,0.0,0.0,0.0,0.0,0.0,0.0
825,2.3254594394242134,2.3254594394234287,2.325459439422644,2.3254594394226444,2.325459439423427,2.325459439424209,7.034023434152197,7.0340223083845785,7.0340211826169625,0.0,0.0,0.0,0.0,0.0,0.0,0.0,0.0,0.0
826,2.313861162083473,2.313861162082731,2.3138611620819893,2.3138611620819898,2.313861162082729,2.3138611620834686,6.998941039907561,6.998939975762374,6.998938911617189,0.0,0.0,0.0,0.0,0.0,0.0,0.0,0.0,0.0
827,2.3023207313923004,2.302320731391599,2.302320731390898,2.3023207313908984,2.3023207313915974,2.3023207313922964,6.9640336228999455,6.964032617004092,6.964031611108239,0.0,0.0,0.0,0.0,0.0,0.0,0.0,0.0,0.0
828,2.2908378588393274,2.290837858838665,2.290837858838002,2.2908378588380023,2.290837858838663,2.2908378588393234,6.929300310258927,6.929299359423945,6.929298408588965,0.0,0.0,0.0,0.0,0.0,0.0,0.0,0.0,0.0
829,2.279412257352142,2.279412257351516,2.2794122573508893,2.2794122573508893,2.279412257351514,2.2794122573521385,6.894740233476724,6.894739334688685,6.894738435900647,0.0,0.0,0.0,0.0,0.0,0.0,0.0,0.0,0.0
830,2.268043641290112,2.26804364128952,2.268043641288928,2.2680436412889278,2.2680436412895184,2.2680436412901086,6.860352528385943,6.860351678795894,6.860350829205846,0.0,0.0,0.0,0.0,0.0,0.0,0.0,0.0,0.0
831,2.2567317264372435,2.256731726436684,2.256731726436125,2.2567317264361244,2.256731726436682,2.2567317264372404,6.826136335137448,6.826135532052382,6.826134728967317,0.0,0.0,0.0,0.0,0.0,0.0,0.0,0.0,0.0
832,2.245476229995076,2.245476229994547,2.2454762299940185,2.245476229994018,2.245476229994545,2.245476229995073,6.79209079817838,6.792090039052701,6.792089279927022,0.0,0.0,0.0,0.0,0.0,0.0,0.0,0.0,0.0
833,2.2342768705756115,2.234276870575112,2.2342768705746128,2.234276870574612,2.23427687057511,2.234276870575609,6.758215066230298,6.75821434865775,6.758213631085203,0.0,0.0,0.0,0.0,0.0,0.0,0.0,0.0,0.0
834,2.2231333681942824,2.22313336819381,2.223133368193338,2.223133368193337,2.223133368193808,2.2231333681942798,6.7245082922674655,6.724507613973507,6.72450693567955,0.0,0.0,0.0,0.0,0.0,0.0,0.0,0.0,0.0
835,2.2120454442629476,2.212045444262501,2.212045444262055,2.212045444262054,2.2120454442624995,2.212045444262945,6.6909696334952535,6.690968992329847,6.690968351164443,0.0,0.0,0.0,0.0,0.0,0.0,0.0,0.0,0.0
836,2.201012821582932,2.201012821582509,2.2010128215820877,2.2010128215820868,2.201012821582508,2.201012821582929,6.657598251328686,6.657597645259485,6.657597039190285,0.0,0.0,0.0,0.0,0.0,0.0,0.0,0.0,0.0
837,2.190035224338093,2.1900352243376933,2.190035224337295,2.190035224337294,2.1900352243376924,2.1900352243380907,6.624393311371101,6.624392738477004,6.624392165582908,0.0,0.0,0.0,0.0,0.0,0.0,0.0,0.0,0.0
838,2.179112378087928,2.1791123780875505,2.179112378087174,2.179112378087173,2.1791123780875497,2.179112378087926,6.591353983392943,6.591353441858006,6.591352900323069,0.0,0.0,0.0,0.0,0.0,0.0,0.0,0.0,0.0
839,2.1682440097607123,2.1682440097603553,2.168244009759999,2.168244009759998,2.1682440097603544,2.16824400976071,6.5584794413106735,6.558478929418354,6.558478417526035,0.0,0.0,0.0,0.0,0.0,0.0,0.0,0.0,0.0
840,2.157429847646671,2.1574298476463336,2.157429847645997,2.157429847645996,2.1574298476463327,2.157429847646669,6.525768863165808,6.525768379293525,6.525767895421243,0.0,0.0,0.0,0.0,0.0,0.0,0.0,0.0,0.0
841,2.1466696213911884,2.146669621390869,2.146669621390551,2.1466696213905503,2.1466696213908683,2.1466696213911862,6.493221431104075,6.493220973718063,6.493220516332052,0.0,0.0,0.0,0.0,0.0,0.0,0.0,0.0,0.0
842,2.1359630619880474,2.1359630619877454,2.135963061987445,2.135963061987444,2.1359630619877445,2.135963061988045,6.460836331354684,6.460835899005132,6.460835466655583,0.0,0.0,0.0,0.0,0.0,0.0,0.0,0.0,0.0
843,2.125309901772705,2.1253099017724195,2.1253099017721353,2.1253099017721344,2.1253099017724186,2.125309901772703,6.428612754209718,6.4286123455261786,6.428611936842642,0.0,0.0,0.0,0.0,0.0,0.0,0.0,0.0,0.0
844,2.114709874415601,2.114709874415331,2.1147098744150625,2.1147098744150616,2.1147098744153303,2.114709874415599,6.396549894003648,6.396549507690687,6.3965491213777295,0.0,0.0,0.0,0.0,0.0,0.0,0.0,0.0,0.0
845,2.1041627149154998,2.1041627149152444,2.1041627149149904,2.1041627149149895,2.1041627149152435,2.1041627149154976,6.364646949092949,6.364646583926042,6.364646218759139,0.0,0.0,0.0,0.0,0.0,0.0,0.0,0.0,0.0
846,2.093668159592864,2.0936681595926228,2.0936681595923825,2.0936681595923816,2.093668159592622,2.0936681595928617,6.332903121835836,6.3329027766574875,6.332902431479144,0.0,0.0,0.0,0.0,0.0,0.0,0.0,0.0,0.0
847,2.083225946083264,2.083225946083036,2.083225946082809,2.083225946082808,2.083225946083035,2.0832259460832616,6.301317618572114,6.301317292288188,6.301316966004267,0.0,0.0,0.0,0.0,0.0,0.0,0.0,0.0,0.0
848,2.072835813330818,2.072835813330603,2.0728358133303884,2.0728358133303875,2.072835813330602,2.0728358133308165,6.269889649603138,6.269889341179391,6.269889032755645,0.0,0.0,0.0,0.0,0.0,0.0,0.0,0.0,0.0
849,2.0624975015816664,2.062497501581463,2.0624975015812606,2.0624975015812597,2.062497501581462,2.062497501581665,6.238618429171884,6.238618137630679,6.238617846089477,0.0,0.0,0.0,0.0,0.0,0.0,0.0,0.0,0.0
850,2.052210752377477,2.0522107523772846,2.0522107523770936,2.0522107523770927,2.0522107523772837,2.0522107523774755,6.207503175443116,6.207502899860336,6.207502624277559,0.0,0.0,0.0,0.0,0.0,0.0,0.0,0.0,0.0
851,2.0419753085489836,2.041975308548802,2.0419753085486216,2.0419753085486207,2.041975308548801,2.0419753085489822,6.176543110483688,6.176542849985798,6.1765425894879105,0.0,0.0,0.0,0.0,0.0,0.0,0.0,0.0,0.0
852,2.031790914209558,2.031790914209386,2.0317909142092154,2.0317909142092145,2.031790914209385,2.0317909142095565,6.145737460242923,6.145737214004204,6.145736967765488,0.0,0.0,0.0,0.0,0.0,0.0,0.0,0.0,0.0
853,2.0216573147488104,2.021657314748648,2.021657314748486,2.0216573147484853,2.021657314748647,2.021657314748809,6.11508545453312,6.115085221773051,6.115084989012985,0.0,0.0,0.0,0.0,0.0,0.0,0.0,0.0,0.0
854,2.011574256826227,2.011574256826073,2.01157425682592,2.011574256825919,2.011574256826072,2.0115742568262256,6.084586327010152,6.084586106990937,6.084585886971725,0.0,0.0,0.0,0.0,0.0,0.0,0.0,0.0,0.0
855,2.001541488364834,2.0015414883646883,2.0015414883645435,2.0015414883645426,2.0015414883646874,2.0015414883648326,6.054239315154175,6.054239107178404,6.054238899202635,0.0,0.0,0.0,0.0,0.0,0.0,0.0,0.0,0.0
856,1.9915587585448977,1.9915587585447598,1.9915587585446228,1.991558758544622,1.991558758544759,1.9915587585448964,6.024043660250438,6.0240434636588756,6.024043267067314,0.0,0.0,0.0,0.0,0.0,0.0,0.0,0.0,0.0
857,1.9816258177976525,1.9816258177975221,1.9816258177973927,1.9816258177973918,1.9816258177975212,1.9816258177976511,5.993998607370196,5.993998421539691,5.993998235709187,0.0,0.0,0.0,0.0,0.0,0.0,0.0,0.0,0.0
858,1.9717424177990623,1.971742417798939,1.9717424177988168,1.9717424177988159,1.9717424177989382,1.971742417799061,5.964103405351721,5.964103229693232,5.964103054034745,0.0,0.0,0.0,0.0,0.0,0.0,0.0,0.0,0.0
859,1.9619083114636124,1.961908311463496,1.9619083114633804,1.9619083114633795,1.9619083114634952,1.961908311463611,5.934357306781415,5.934357140738147,5.93435697469488,0.0,0.0,0.0,0.0,0.0,0.0,0.0,0.0,0.0
860,1.9521232529381325,1.9521232529380224,1.9521232529379131,1.9521232529379122,1.9521232529380215,1.9521232529381312,5.904759567975028,5.904759411020661,5.9047592540662945,0.0,0.0,0.0,0.0,0.0,0.0,0.0,0.0,0.0
861,1.9423869975956494,1.9423869975955452,1.9423869975954422,1.9423869975954413,1.9423869975955443,1.942386997595648,5.8753094489589675,5.875309300595991,5.875309152233014,0.0,0.0,0.0,0.0,0.0,0.0,0.0,0.0,0.0
862,1.9326993020292726,1.932699302029174,1.9326993020290768,1.932699302029076,1.9326993020291732,1.9326993020292713,5.8460062134517035,5.846006073209842,5.846005932967978,0.0,0.0,0.0,0.0,0.0,0.0,0.0,0.0,0.0
863,1.9230599240461084,1.9230599240460151,1.9230599240459232,1.9230599240459223,1.9230599240460142,1.923059924046107,5.816849128845284,5.816848996280002,5.816848863714718,0.0,0.0,0.0,0.0,0.0,0.0,0.0,0.0,0.0
864,1.913468622661205,1.9134686226611168,1.91346862266103,1.9134686226610291,1.913468622661116,1.9134686226612037,5.787837466186935,5.78783734087803,5.787837215569124,0.0,0.0,0.0,0.0,0.0,0.0,0.0,0.0,0.0
865,1.9039251580915284,1.903925158091445,1.903925158091363,1.903925158091362,1.903925158091444,1.903925158091527,5.758970500160759,5.758970381711031,5.758970263261301,0.0,0.0,0.0,0.0,0.0,0.0,0.0,0.0,0.0
866,1.894429291749967,1.8944292917498882,1.8944292917498107,1.8944292917498098,1.8944292917498873,1.8944292917499659,5.73024750906953,5.730247397103521,5.7302472851375095,0.0,0.0,0.0,0.0,0.0,0.0,0.0,0.0,0.0
867,1.884980786239368,1.8849807862392935,1.88498078623922,1.8849807862392192,1.8849807862392927,1.8849807862393668,5.7016677748165865,5.701667668979389,5.701667563142189,0.0,0.0,0.0,0.0,0.0,0.0,0.0,0.0,0.0
868,1.8755794053466013,1.8755794053465311,1.8755794053464616,1.8755794053464607,1.8755794053465302,1.8755794053466002,5.673230582887809,5.673230482843944,5.673230382800076,0.0,0.0,0.0,0.0,0.0,0.0,0.0,0.0,0.0
869,1.8662249140366551,1.8662249140365887,1.8662249140365232,1.8662249140365224,1.8662249140365879,1.866224914036654,5.644935222333701,5.64493512776605,5.644935033198399,0.0,0.0,0.0,0.0,0.0,0.0,0.0,0.0,0.0
870,1.8569170784467595,1.8569170784466966,1.8569170784466347,1.8569170784466338,1.8569170784466957,1.8569170784467584,5.616780985751552,5.616780896360359,5.616780806969166,0.0,0.0,0.0,0.0,0.0,0.0,0.0,0.0,0.0
871,1.8476556658805396,1.8476556658804801,1.8476556658804215,1.8476556658804206,1.8476556658804792,1.8476556658805385,5.588767169267702,5.588767084769617,5.588767000271532,0.0,0.0,0.0,0.0,0.0,0.0,0.0,0.0,0.0
872,1.8384404448021991,1.8384404448021427,1.8384404448020875,1.8384404448020866,1.8384404448021419,1.838440444802198,5.560893072519893,5.5608929926470765,5.56089291277426,0.0,0.0,0.0,0.0,0.0,0.0,0.0,0.0,0.0
873,1.829271184830731,1.8292711848306777,1.8292711848306253,1.8292711848306245,1.8292711848306769,1.82927118483073,5.533157998639709,5.533157923138982,5.533157847638255,0.0,0.0,0.0,0.0,0.0,0.0,0.0,0.0,0.0
874,1.8201476567341583,1.8201476567341082,1.8201476567340586,1.8201476567340578,1.8201476567341073,1.8201476567341572,5.505561254235109,5.505561182867152,5.505561111499194,0.0,0.0,0.0,0.0,0.0,0.0,0.0,0.0,0.0
875,1.8110696324238038,1.8110696324237563,1.8110696324237094,1.8110696324237086,1.8110696324237554,1.8110696324238027,5.478102149373049,5.478102081911642,5.478102014450234,0.0,0.0,0.0,0.0,0.0,0.0,0.0,0.0,0.0
876,1.8020368849485864,1.8020368849485415,1.8020368849484973,1.8020368849484965,1.8020368849485406,1.8020368849485853,5.450779997562192,5.4507799337934975,5.450779870024801,0.0,0.0,0.0,0.0,0.0,0.0,0.0,0.0,0.0
877,1.7930491884893491,1.7930491884893067,1.793049188489265,1.793049188489264,1.7930491884893058,1.793049188489348,5.423594115735708,5.423594055457593,5.423593995179476,0.0,0.0,0.0,0.0,0.0,0.0,0.0,0.0,0.0
878,1.7841063183532122,1.7841063183531722,1.7841063183531327,1.7841063183531318,1.7841063183531713,1.784106318353211,5.396543824234157,5.396543767255554,5.396543710276949,0.0,0.0,0.0,0.0,0.0,0.0,0.0,0.0,0.0
879,1.7752080509679566,1.775208050967919,1.7752080509678816,1.7752080509678807,1.775208050967918,1.7752080509679555,5.369628446788466,5.369628392928766,5.369628339069064,0.0,0.0,0.0,0.0,0.0,0.0,0.0,0.0,0.0
880,1.7663541638764344,1.7663541638763984,1.7663541638763631,1.7663541638763622,1.7663541638763975,1.7663541638764333,5.3428473105029894,5.34284725959147,5.342847208679949,0.0,0.0,0.0,0.0,0.0,0.0,0.0,0.0,0.0
881,1.7575444357310066,1.7575444357309726,1.7575444357309393,1.7575444357309384,1.7575444357309717,1.7575444357310055,5.316199745838654,5.316199697713937,5.316199649589218,0.0,0.0,0.0,0.0,0.0,0.0,0.0,0.0,0.0
882,1.748778646288011,1.748778646287979,1.7487786462879473,1.7487786462879464,1.7487786462879782,1.74877864628801,5.289685086596192,5.2896850411057335,5.289684995615272,0.0,0.0,0.0,0.0,0.0,0.0,0.0,0.0,0.0
883,1.7400565764022553,1.7400565764022249,1.740056576402195,1.740056576402194,1.740056576402224,1.7400565764022542,5.263302669899457,5.263302626899062,5.263302583898663,0.0,0.0,0.0,0.0,0.0,0.0,0.0,0.0,0.0
884,1.7313780080215375,1.7313780080215089,1.7313780080214805,1.7313780080214796,1.731378008021508,1.7313780080215364,5.237051836178827,5.237051795532193,5.237051754885556,0.0,0.0,0.0,0.0,0.0,0.0,0.0,0.0,0.0
885,1.7227427241811966,1.7227427241811695,1.7227427241811424,1.7227427241811415,1.7227427241811686,1.7227427241811955,5.210931929154688,5.210931890732976,5.21093185231126,0.0,0.0,0.0,0.0,0.0,0.0,0.0,0.0,0.0
886,1.7141505089986864,1.7141505089986608,1.714150508998635,1.7141505089986342,1.71415050899866,1.7141505089986853,5.184942295821009,5.18494225950243,5.184942223183848,0.0,0.0,0.0,0.0,0.0,0.0,0.0,0.0,0.0
887,1.7056011476681798,1.7056011476681558,1.7056011476681314,1.7056011476681305,1.705601147668155,1.7056011476681787,5.159082286428989,5.159082252098421,5.15908221776785,0.0,0.0,0.0,0.0,0.0,0.0,0.0,0.0,0.0
888,1.6970944264551988,1.697094426455176,1.6970944264551528,1.697094426455152,1.697094426455175,1.6970944264551977,5.133351254470793,5.133351222019416,5.133351189568037,0.0,0.0,0.0,0.0,0.0,0.0,0.0,0.0,0.0
889,1.6886301326912696,1.6886301326912478,1.688630132691226,1.6886301326912252,1.688630132691247,1.6886301326912685,5.107748556663373,5.107748525988325,5.107748495313274,0.0,0.0,0.0,0.0,0.0,0.0,0.0,0.0,0.0
890,1.6802080547686071,1.6802080547685867,1.680208054768566,1.6802080547685652,1.6802080547685858,1.680208054768606,5.082273552932365,5.082273523936412,5.082273494940456,0.0,0.0,0.0,0.0,0.0,0.0,0.0,0.0,0.0
891,1.6718279821348248,1.6718279821348057,1.6718279821347861,1.6718279821347852,1.6718279821348048,1.6718279821348236,5.056925606396067,5.0569255789872996,5.056925551578528,0.0,0.0,0.0,0.0,0.0,0.0,0.0,0.0,0.0
892,1.6634897052876705,1.6634897052876523,1.6634897052876338,1.663489705287633,1.6634897052876516,1.6634897052876694,5.031704083349506,5.031704057441043,5.031704031532578,0.0,0.0,0.0,0.0,0.0,0.0,0.0,0.0,0.0
893,1.6551930157697885,1.6551930157697714,1.6551930157697539,1.655193015769753,1.6551930157697707,1.6551930157697874,5.006608353248573,5.006608328758292,5.006608304268007,0.0,0.0,0.0,0.0,0.0,0.0,0.0,0.0,0.0
894,1.6469377061635089,1.6469377061634927,1.6469377061634762,1.6469377061634753,1.646937706163492,1.6469377061635078,4.981637788694249,4.981637765544519,4.9816377423947875,0.0,0.0,0.0,0.0,0.0,0.0,0.0,0.0,0.0
895,1.6387235700856615,1.6387235700856462,1.6387235700856306,1.6387235700856297,1.6387235700856455,1.6387235700856604,4.956791765416902,4.956791743534347,4.956791721651788,0.0,0.0,0.0,0.0,0.0,0.0,0.0,0.0,0.0
896,1.6305504021824166,1.630550402182402,1.6305504021823873,1.6305504021823867,1.6305504021824015,1.6305504021824155,4.932069662260674,4.932069641575929,4.932069620891181,0.0,0.0,0.0,0.0,0.0,0.0,0.0,0.0,0.0
897,1.6224179981241509,1.6224179981241371,1.6224179981241231,1.6224179981241225,1.6224179981241367,1.6224179981241498,4.90747086116793,4.907470841615429,4.907470822062926,0.0,0.0,0.0,0.0,0.0,0.0,0.0,0.0,0.0
898,1.6143261546003393,1.6143261546003262,1.614326154600313,1.6143261546003123,1.6143261546003258,1.6143261546003382,4.8829947471638,4.882994728681568,4.882994710199332,0.0,0.0,0.0,0.0,0.0,0.0,0.0,0.0,0.0
899,1.6062746693144723,1.60627466931446,1.6062746693144474,1.6062746693144467,1.6062746693144596,1.6062746693144712,4.858640708340795,4.858640690870246,4.858640673399694,0.0,0.0,0.0,0.0,0.0,0.0,0.0,0.0,0.0
900,1.5982633409789984,1.5982633409789868,1.5982633409789748,1.5982633409789744,1.5982633409789864,1.5982633409789972,4.8344081358434945,4.83440811932925,4.834408102815003,0.0,0.0,0.0,0.0,0.0,0.0,0.0,0.0,0.0
901,1.590291969310292,1.590291969310281,1.5902919693102697,1.5902919693102693,1.5902919693102806,1.590291969310291,4.810296423853315,4.81029640824303,4.8102963926327424,0.0,0.0,0.0,0.0,0.0,0.0,0.0,0.0,0.0
902,1.5823603550236462,1.5823603550236358,1.5823603550236252,1.5823603550236247,1.5823603550236354,1.5823603550236454,4.78630496957336,4.7863049548175525,4.786304940061743,0.0,0.0,0.0,0.0,0.0,0.0,0.0,0.0,0.0
903,1.5744682998282908,1.5744682998282808,1.5744682998282706,1.5744682998282702,1.5744682998282804,1.57446829982829,4.762433173213334,4.762433159265232,4.762433145317128,0.0,0.0,0.0,0.0,0.0,0.0,0.0,0.0,0.0
904,1.5666156064224348,1.5666156064224253,1.5666156064224155,1.566615606422415,1.5666156064224248,1.566615606422434,4.738680437974546,4.738680424789937,4.738680411605325,0.0,0.0,0.0,0.0,0.0,0.0,0.0,0.0,0.0
905,1.5588020784883339,1.5588020784883247,1.5588020784883154,1.558802078488315,1.5588020784883243,1.558802078488333,4.7150461700349755,4.715046157572068,4.715046145109158,0.0,0.0,0.0,0.0,0.0,0.0,0.0,0.0,0.0
906,1.5510275206873827,1.5510275206873743,1.5510275206873654,1.551027520687365,1.5510275206873738,1.5510275206873818,4.691529778534425,4.691529766753715,4.691529754973001,0.0,0.0,0.0,0.0,0.0,0.0,0.0,0.0,0.0
907,1.5432917386552316,1.5432917386552236,1.5432917386552152,1.5432917386552147,1.5432917386552232,1.5432917386552307,4.668130675559737,4.66813066442388,4.668130653288021,0.0,0.0,0.0,0.0,0.0,0.0,0.0,0.0,0.0
908,1.5355945389969268,1.5355945389969192,1.5355945389969112,1.5355945389969108,1.5355945389969188,1.5355945389969259,4.644848276130089,4.644848265603788,4.644848255077485,0.0,0.0,0.0,0.0,0.0,0.0,0.0,0.0,0.0
909,1.5279357292820757,1.5279357292820688,1.5279357292820612,1.5279357292820608,1.5279357292820683,1.5279357292820748,4.621681998182367,4.621681988232256,4.621681978282143,0.0,0.0,0.0,0.0,0.0,0.0,0.0,0.0,0.0
910,1.5203151180400367,1.5203151180400303,1.5203151180400232,1.5203151180400227,1.5203151180400298,1.520315118040036,4.598631262556602,4.598631253151142,4.598631243745681,0.0,0.0,0.0,0.0,0.0,0.0,0.0,0.0,0.0
911,1.5127325147551323,1.512732514755126,1.5127325147551194,1.512732514755119,1.5127325147551256,1.5127325147551316,4.575695492981493,4.575695484090869,4.575695475200245,0.0,0.0,0.0,0.0,0.0,0.0,0.0,0.0,0.0
912,1.5051877298618848,1.5051877298618788,1.5051877298618725,1.505187729861872,1.5051877298618783,1.505187729861884,4.552874116059983,4.552874107656017,4.5528740992520484,0.0,0.0,0.0,0.0,0.0,0.0,0.0,0.0,0.0
913,1.497680574740279,1.4976805747402733,1.4976805747402675,1.497680574740267,1.4976805747402728,1.4976805747402784,4.5301665612549336,4.530166553310984,4.530166545367034,0.0,0.0,0.0,0.0,0.0,0.0,0.0,0.0,0.0
914,1.490210861711046,1.4902108617110406,1.4902108617110352,1.4902108617110348,1.4902108617110401,1.4902108617110454,4.507572260874843,4.507572253365731,4.507572245856618,0.0,0.0,0.0,0.0,0.0,0.0,0.0,0.0,0.0
915,1.4827784040309713,1.482778404030966,1.4827784040309608,1.4827784040309604,1.4827784040309655,1.4827784040309706,4.485090650059659,4.485090642961581,4.485090635863504,0.0,0.0,0.0,0.0,0.0,0.0,0.0,0.0,0.0
916,1.4753830158882253,1.4753830158882202,1.4753830158882153,1.4753830158882149,1.4753830158882197,1.4753830158882246,4.462721166766647,4.462721160057105,4.462721153347562,0.0,0.0,0.0,0.0,0.0,0.0,0.0,0.0,0.0
917,1.4680245123977194,1.4680245123977145,1.46802451239771,1.4680245123977096,1.468024512397714,1.4680245123977187,4.440463251756337,4.440463245414063,4.440463239071789,0.0,0.0,0.0,0.0,0.0,0.0,0.0,0.0,0.0
918,1.460702709596483,1.4607027095964784,1.4607027095964742,1.4607027095964737,1.460702709596478,1.4607027095964824,4.418316348578541,4.418316342583431,4.418316336588322,0.0,0.0,0.0,0.0,0.0,0.0,0.0,0.0,0.0
919,1.4534174244390652,1.4534174244390607,1.4534174244390567,1.4534174244390563,1.4534174244390603,1.4534174244390645,4.396279903558433,4.3962798978914845,4.396279892224537,0.0,0.0,0.0,0.0,0.0,0.0,0.0,0.0,0.0
920,1.446168474792957,1.4461684747929529,1.446168474792949,1.4461684747929486,1.4461684747929524,1.4461684747929564,4.374353365782708,4.374353360425959,4.374353355069209,0.0,0.0,0.0,0.0,0.0,0.0,0.0,0.0,0.0
921,1.4389556794340401,1.4389556794340361,1.4389556794340326,1.4389556794340321,1.4389556794340357,1.4389556794340395,4.352536187085805,4.352536182022274,4.3525361769587425,0.0,0.0,0.0,0.0,0.0,0.0,0.0,0.0,0.0
922,1.4317788580420547,1.431778858042051,1.4317788580420476,1.4317788580420472,1.4317788580420505,1.431778858042054,4.330827822036198,4.330827817249835,4.330827812463471,0.0,0.0,0.0,0.0,0.0,0.0,0.0,0.0,0.0
923,1.4246378311960923,1.4246378311960888,1.4246378311960857,1.4246378311960852,1.4246378311960883,1.4246378311960917,4.309227727922758,4.309227723398392,4.309227718874023,0.0,0.0,0.0,0.0,0.0,0.0,0.0,0.0,0.0
924,1.4175324203701096,1.4175324203701063,1.4175324203701034,1.417532420370103,1.4175324203701059,1.417532420370109,4.2877353647411836,4.287735360464472,4.287735356187759,0.0,0.0,0.0,0.0,0.0,0.0,0.0,0.0,0.0
925,1.410462447928466,1.410462447928463,1.4104624479284604,1.41046244792846,1.4104624479284626,1.4104624479284655,4.266350195180497,4.266350191137883,4.26635018709527,0.0,0.0,0.0,0.0,0.0,0.0,0.0,0.0,0.0
926,1.4034277371214823,1.4034277371214796,1.4034277371214772,1.4034277371214767,1.4034277371214792,1.4034277371214818,4.2450716846096075,4.245071680788279,4.245071676966951,0.0,0.0,0.0,0.0,0.0,0.0,0.0,0.0,0.0
927,1.3964281120810218,1.3964281120810194,1.3964281120810174,1.396428112081017,1.396428112081019,1.3964281120810214,4.223899301063948,4.223899297451792,4.223899293839637,0.0,0.0,0.0,0.0,0.0,0.0,0.0,0.0,0.0
928,1.3894633978160942,1.389463397816092,1.38946339781609,1.3894633978160895,1.3894633978160915,1.3894633978160937,4.202832515232171,4.202832511817737,4.202832508403304,0.0,0.0,0.0,0.0,0.0,0.0,0.0,0.0,0.0
929,1.3825334202084798,1.3825334202084778,1.3825334202084758,1.3825334202084754,1.3825334202084774,1.3825334202084794,4.181870800442908,4.1818707972153755,4.181870793987843,0.0,0.0,0.0,0.0,0.0,0.0,0.0,0.0,0.0
930,1.375638006008378,1.375638006008376,1.375638006008374,1.3756380060083735,1.3756380060083755,1.3756380060083775,4.161013632651613,4.16101362960075,4.161013626549886,0.0,0.0,0.0,0.0,0.0,0.0,0.0,0.0,0.0
931,1.3687769828300742,1.3687769828300722,1.3687769828300702,1.3687769828300698,1.3687769828300718,1.3687769828300738,4.1402604904274485,4.140260487543584,4.140260484659718,0.0,0.0,0.0,0.0,0.0,0.0,0.0,0.0,0.0
932,1.3619501791476316,1.3619501791476296,1.3619501791476276,1.3619501791476272,1.3619501791476292,1.3619501791476312,4.119610854940253,4.119610852214245,4.119610849488237,0.0,0.0,0.0,0.0,0.0,0.0,0.0,0.0,0.0
933,1.3551574242906028,1.3551574242906008,1.3551574242905988,1.3551574242905984,1.3551574242906004,1.3551574242906024,4.099064209947565,4.099064207370774,4.099064204793984,0.0,0.0,0.0,0.0,0.0,0.0,0.0,0.0,0.0
934,1.3483985484397625,1.3483985484397605,1.3483985484397585,1.348398548439758,1.34839854843976,1.348398548439762,4.078620041781724,4.0786200393459815,4.078620036910239,0.0,0.0,0.0,0.0,0.0,0.0,0.0,0.0,0.0
935,1.3416733826228622,1.3416733826228602,1.3416733826228582,1.3416733826228577,1.3416733826228597,1.3416733826228617,4.0582778393370145,4.0582778370346,4.058277834732186,0.0,0.0,0.0,0.0,0.0,0.0,0.0,0.0,0.0
936,1.3349817587104063,1.3349817587104045,1.3349817587104025,1.334981758710402,1.334981758710404,1.3349817587104058,4.038037094056898,4.038037091880514,4.03803708970413,0.0,0.0,0.0,0.0,0.0,0.0,0.0,0.0,0.0
937,1.3283235094114485,1.3283235094114467,1.3283235094114447,1.3283235094114443,1.3283235094114463,1.328323509411448,4.017897299921292,4.01789729786404,4.017897295806787,0.0,0.0,0.0,0.0,0.0,0.0,0.0,0.0,0.0
938,1.3216984682694097,1.321698468269408,1.321698468269406,1.3216984682694055,1.3216984682694075,1.3216984682694093,3.997857953433919,3.9978579514892774,3.9978579495446342,0.0,0.0,0.0,0.0,0.0,0.0,0.0,0.0,0.0
939,1.3151064696579162,1.3151064696579144,1.3151064696579124,1.315106469657912,1.315106469657914,1.3151064696579158,3.97791855360972,3.9779185517715243,3.977918549933327,0.0,0.0,0.0,0.0,0.0,0.0,0.0,0.0,0.0
940,1.3085473487766592,1.3085473487766575,1.3085473487766555,1.308547348776655,1.308547348776657,1.3085473487766588,3.9580786019623253,3.958078600224749,3.9580785984871714,0.0,0.0,0.0,0.0,0.0,0.0,0.0,0.0,0.0
941,1.3020209416472752,1.3020209416472734,1.3020209416472714,1.302020941647271,1.302020941647273,1.3020209416472748,3.9383376024915937,3.9383376008491293,3.9383375992066636,0.0,0.0,0.0,0.0,0.0,0.0,0.0,0.0,0.0
942,1.295527085109246,1.2955270851092444,1.2955270851092424,1.295527085109242,1.295527085109244,1.2955270851092455,3.9186950616712117,3.9186950601186528,3.9186950585660925,0.0,0.0,0.0,0.0,0.0,0.0,0.0,0.0,0.0
943,1.2890656168158199,1.2890656168158183,1.2890656168158166,1.289065616815816,1.2890656168158179,1.2890656168158194,3.8991504884363524,3.899150486968778,3.899150485501202,0.0,0.0,0.0,0.0,0.0,0.0,0.0,0.0,0.0
944,1.2826363752299532,1.2826363752299517,1.2826363752299499,1.2826363752299494,1.2826363752299512,1.2826363752299528,3.8797033941714005,3.879703392784158,3.8797033913969146,0.0,0.0,0.0,0.0,0.0,0.0,0.0,0.0,0.0
945,1.2762391996202713,1.2762391996202698,1.276239199620268,1.2762391996202676,1.2762391996202693,1.2762391996202709,3.860353292697733,3.860353291386426,3.8603532900751176,0.0,0.0,0.0,0.0,0.0,0.0,0.0,0.0,0.0
946,1.2698739300570507,1.2698739300570492,1.2698739300570474,1.269873930057047,1.2698739300570487,1.2698739300570503,3.8410997002615677,3.8410996990220387,3.841099697782509,0.0,0.0,0.0,0.0,0.0,0.0,0.0,0.0,0.0
947,1.2635404074082208,1.2635404074082193,1.2635404074082177,1.2635404074082173,1.2635404074082188,1.2635404074082204,3.821942135521864,3.8219421343501847,3.8219421331785046,0.0,0.0,0.0,0.0,0.0,0.0,0.0,0.0,0.0
948,1.2572384733353856,1.257238473335384,1.2572384733353825,1.257238473335382,1.2572384733353836,1.2572384733353852,3.8028801195382926,3.802880118430749,3.8028801173232045,0.0,0.0,0.0,0.0,0.0,0.0,0.0,0.0,0.0
949,1.250967970289865,1.2509679702898635,1.250967970289862,1.2509679702898615,1.250967970289863,1.2509679702898646,3.7839131757592597,3.7839131747123407,3.7839131736654212,0.0,0.0,0.0,0.0,0.0,0.0,0.0,0.0,0.0
950,1.2447287415087565,1.244728741508755,1.2447287415087533,1.244728741508753,1.2447287415087545,1.244728741508756,3.765040830009992,3.7650408290203794,3.7650408280307666,0.0,0.0,0.0,0.0,0.0,0.0,0.0,0.0,0.0
951,1.2385206310110153,1.2385206310110137,1.2385206310110122,1.2385206310110117,1.2385206310110133,1.2385206310110148,3.7462626104806827,3.74626260954524,3.746262608609796,0.0,0.0,0.0,0.0,0.0,0.0,0.0,0.0,0.0
952,1.2323434835935556,1.232343483593554,1.2323434835935525,1.232343483593552,1.2323434835935536,1.2323434835935552,3.7275780477146947,3.7275780468304567,3.7275780459462178,0.0,0.0,0.0,0.0,0.0,0.0,0.0,0.0,0.0
953,1.2261971448273703,1.2261971448273687,1.2261971448273674,1.226197144827367,1.2261971448273683,1.2261971448273699,3.708986674596826,3.708986673760989,3.7089866729251515,0.0,0.0,0.0,0.0,0.0,0.0,0.0,0.0,0.0
954,1.2200814610536703,1.2200814610536688,1.2200814610536674,1.220081461053667,1.2200814610536683,1.2200814610536699,3.690488026341627,3.690488025551542,3.6904880247614567,0.0,0.0,0.0,0.0,0.0,0.0,0.0,0.0,0.0
955,1.2139962793800425,1.213996279380041,1.2139962793800396,1.2139962793800392,1.2139962793800405,1.213996279380042,3.672081640481784,3.6720816397349467,3.6720816389881095,0.0,0.0,0.0,0.0,0.0,0.0,0.0,0.0,0.0
956,1.2079414476766284,1.2079414476766268,1.2079414476766255,1.207941447676625,1.2079414476766264,1.207941447676628,3.6537670568565566,3.6537670561505995,3.6537670554446424,0.0,0.0,0.0,0.0,0.0,0.0,0.0,0.0,0.0
957,1.2019168145723198,1.2019168145723182,1.201916814572317,1.2019168145723165,1.2019168145723178,1.2019168145723194,3.635543817600271,3.6355438169329566,3.6355438162656424,0.0,0.0,0.0,0.0,0.0,0.0,0.0,0.0,0.0
958,1.1959222294509755,1.195922229450974,1.1959222294509726,1.1959222294509722,1.1959222294509735,1.195922229450975,3.617411467130875,3.6174114665000885,3.6174114658693015,0.0,0.0,0.0,0.0,0.0,0.0,0.0,0.0,0.0
959,1.189957542447655,1.1899575424476534,1.189957542447652,1.1899575424476516,1.189957542447653,1.1899575424476545,3.5993695521385485,3.59936955154229,3.599369550946031,0.0,0.0,0.0,0.0,0.0,0.0,0.0,0.0,0.0
960,1.1840226044448727,1.1840226044448712,1.1840226044448698,1.1840226044448694,1.1840226044448707,1.1840226044448723,3.5814176215743676,3.581417621010747,3.581417620447126,0.0,0.0,0.0,0.0,0.0,0.0,0.0,0.0,0.0
961,1.1781172670688695,1.178117267068868,1.1781172670688667,1.1781172670688662,1.1781172670688675,1.178117267068869,3.5635552266390307,3.5635552261062617,3.5635552255734924,0.0,0.0,0.0,0.0,0.0,0.0,0.0,0.0,0.0
962,1.1722413826859033,1.1722413826859017,1.1722413826859004,1.1722413826859,1.1722413826859013,1.1722413826859028,3.5457819207716375,3.545781920268031,3.5457819197644245,0.0,0.0,0.0,0.0,0.0,0.0,0.0,0.0,0.0
963,1.1663948043985586,1.166394804398557,1.1663948043985557,1.1663948043985553,1.1663948043985566,1.1663948043985581,3.5280972596385234,3.5280972591624833,3.528097258686443,0.0,0.0,0.0,0.0,0.0,0.0,0.0,0.0,0.0
964,1.1605773860420736,1.160577386042072,1.1605773860420707,1.1605773860420703,1.1605773860420716,1.1605773860420732,3.5105008011221526,3.51050080067217,3.510500800222187,0.0,0.0,0.0,0.0,0.0,0.0,0.0,0.0,0.0
965,1.1547889821806865,1.154788982180685,1.1547889821806836,1.1547889821806832,1.1547889821806845,1.154788982180686,3.4929921053100634,3.492992104884712,3.492992104459361,0.0,0.0,0.0,0.0,0.0,0.0,0.0,0.0,0.0
966,1.149029448103999,1.1490294481039975,1.1490294481039962,1.1490294481039958,1.149029448103997,1.1490294481039987,3.4755707344838718,3.475570734081803,3.4755707336797346,0.0,0.0,0.0,0.0,0.0,0.0,0.0,0.0,0.0
967,1.1432986398233596,1.143298639823358,1.1432986398233569,1.1432986398233564,1.1432986398233576,1.143298639823359,3.4582362531083257,3.4582362527282657,3.4582362523482058,0.0,0.0,0.0,0.0,0.0,0.0,0.0,0.0,0.0
968,1.1375964140682626,1.137596414068261,1.13759641406826,1.1375964140682595,1.1375964140682606,1.1375964140682622,3.4409882278204194,3.440988227461163,3.440988227101907,0.0,0.0,0.0,0.0,0.0,0.0,0.0,0.0,0.0
969,1.1319226282827672,1.1319226282827657,1.1319226282827646,1.1319226282827641,1.1319226282827652,1.1319226282827668,3.4238262274185565,3.4238262270789654,3.4238262267393744,0.0,0.0,0.0,0.0,0.0,0.0,0.0,0.0,0.0
970,1.1262771406219332,1.1262771406219316,1.1262771406219305,1.12627714062193,1.1262771406219312,1.1262771406219327,3.406749822851771,3.4067498225307693,3.406749822209767,0.0,0.0,0.0,0.0,0.0,0.0,0.0,0.0,0.0
971,1.120659809948275,1.1206598099482734,1.1206598099482723,1.1206598099482719,1.120659809948273,1.1206598099482745,3.389758587209002,3.3897585869055713,3.3897585866021402,0.0,0.0,0.0,0.0,0.0,0.0,0.0,0.0,0.0
972,1.1150704958282334,1.1150704958282318,1.1150704958282307,1.1150704958282303,1.1150704958282314,1.115070495828233,3.3728520957084176,3.372852095421596,3.3728520951347742,0.0,0.0,0.0,0.0,0.0,0.0,0.0,0.0,0.0
973,1.109509058528664,1.1095090585286624,1.1095090585286613,1.1095090585286609,1.109509058528662,1.1095090585286635,3.3560299256867974,3.3560299254156756,3.356029925144554,0.0,0.0,0.0,0.0,0.0,0.0,0.0,0.0,0.0
974,1.1039753590133448,1.1039753590133432,1.103975359013342,1.1039753590133417,1.1039753590133428,1.1039753590133443,3.339291656588965,3.339291656332684,3.339291656076403,0.0,0.0,0.0,0.0,0.0,0.0,0.0,0.0,0.0
975,1.0984692589394998,1.0984692589394982,1.098469258939497,1.0984692589394967,1.0984692589394978,1.0984692589394993,3.3226368699572753,3.3226368697150224,3.32263686947277,0.0,0.0,0.0,0.0,0.0,0.0,0.0,0.0,0.0
976,1.0929906206543403,1.0929906206543387,1.0929906206543376,1.0929906206543372,1.0929906206543383,1.0929906206543398,3.3060651494211504,3.306065149192158,3.3060651489631656,0.0,0.0,0.0,0.0,0.0,0.0,0.0,0.0,0.0
977,1.0875393071916237,1.0875393071916222,1.087539307191621,1.0875393071916206,1.0875393071916217,1.0875393071916233,3.2895760806866723,3.2895760804702143,3.2895760802537564,0.0,0.0,0.0,0.0,0.0,0.0,0.0,0.0,0.0
978,1.0821151822682296,1.082115182268228,1.082115182268227,1.0821151822682264,1.0821151822682276,1.0821151822682291,3.273169251526224,3.2731692513216144,3.273169251117005,0.0,0.0,0.0,0.0,0.0,0.0,0.0,0.0,0.0
979,1.0767181102807524,1.0767181102807508,1.0767181102807497,1.0767181102807493,1.0767181102807504,1.076718110280752,3.256844251768185,3.2568442515747753,3.256844251381366,0.0,0.0,0.0,0.0,0.0,0.0,0.0,0.0,0.0
980,1.0713479563021113,1.0713479563021098,1.0713479563021087,1.0713479563021082,1.0713479563021093,1.0713479563021109,3.240600673286676,3.2406006731038532,3.2406006729210306,0.0,0.0,0.0,0.0,0.0,0.0,0.0,0.0,0.0
981,1.0660045860781773,1.0660045860781757,1.0660045860781746,1.0660045860781742,1.0660045860781753,1.0660045860781768,3.2244381099913553,3.22443810981854,3.2244381096457246,0.0,0.0,0.0,0.0,0.0,0.0,0.0,0.0,0.0
982,1.0606878660244163,1.0606878660244148,1.0606878660244137,1.0606878660244132,1.0606878660244143,1.060687866024416,3.208356157817268,3.208356157653912,3.208356157490556,0.0,0.0,0.0,0.0,0.0,0.0,0.0,0.0,0.0
983,1.0553976632225501,1.0553976632225486,1.0553976632225475,1.055397663222547,1.0553976632225481,1.0553976632225497,3.1923544147147416,3.1923544145603273,3.192354414405913,0.0,0.0,0.0,0.0,0.0,0.0,0.0,0.0,0.0
984,1.0501338454172333,1.0501338454172318,1.0501338454172306,1.0501338454172302,1.0501338454172313,1.0501338454172329,3.176432480639337,3.176432480493375,3.1764324803474135,0.0,0.0,0.0,0.0,0.0,0.0,0.0,0.0,0.0
985,1.0448962810127462,1.044896281012745,1.0448962810127438,1.0448962810127433,1.0448962810127445,1.0448962810127458,3.1605899575418466,3.1605899574038747,3.160589957265903,0.0,0.0,0.0,0.0,0.0,0.0,0.0,0.0,0.0
986,1.0396848390697062,1.0396848390697049,1.0396848390697038,1.0396848390697033,1.0396848390697044,1.0396848390697058,3.144826449358343,3.1448264492279234,3.1448264490975038,0.0,0.0,0.0,0.0,0.0,0.0,0.0,0.0,0.0
987,1.0344993893017933,1.034499389301792,1.0344993893017909,1.0344993893017904,1.0344993893017915,1.0344993893017929,3.1291415620002767,3.129141561876996,3.1291415617537153,0.0,0.0,0.0,0.0,0.0,0.0,0.0,0.0,0.0
988,1.029339802072493,1.0293398020724918,1.0293398020724907,1.0293398020724902,1.0293398020724913,1.0293398020724926,3.1135349033446245,3.1135349032280923,3.1135349031115593,0.0,0.0,0.0,0.0,0.0,0.0,0.0,0.0,0.0
989,1.0242059483918562,1.0242059483918549,1.0242059483918537,1.0242059483918533,1.0242059483918544,1.0242059483918557,3.098006083224086,3.0980060831139324,3.098006083003778,0.0,0.0,0.0,0.0,0.0,0.0,0.0,0.0,0.0
990,1.0190976999132733,1.019097699913272,1.0190976999132708,1.0190976999132704,1.0190976999132715,1.0190976999132728,3.0825547134173292,3.082554713313205,3.08255471320908,0.0,0.0,0.0,0.0,0.0,0.0,0.0,0.0,0.0
991,1.0140149289302662,1.014014928930265,1.0140149289302638,1.0140149289302633,1.0140149289302645,1.0140149289302658,3.067180407639285,3.06718040754086,3.0671804074424345,0.0,0.0,0.0,0.0,0.0,0.0,0.0,0.0,0.0
992,1.0089575083732958,1.0089575083732945,1.0089575083732933,1.008957508373293,1.008957508373294,1.0089575083732953,3.05188278153149,3.051882781438453,3.051882781345415,0.0,0.0,0.0,0.0,0.0,0.0,0.0,0.0,0.0
993,1.0039253118065845,1.0039253118065832,1.003925311806582,1.0039253118065816,1.0039253118065827,1.003925311806584,3.0366614526524787,3.0366614525645343,3.0366614524765887,0.0,0.0,0.0,0.0,0.0,0.0,0.0,0.0,0.0
994,0.9989182134249562,0.9989182134249549,0.9989182134249538,0.9989182134249535,0.9989182134249545,0.9989182134249558,3.0215160404682195,3.021516040385089,3.0215160403019574,0.0,0.0,0.0,0.0,0.0,0.0,0.0,0.0,0.0
995,0.9939360880506906,0.9939360880506893,0.9939360880506883,0.9939360880506879,0.9939360880506889,0.9939360880506901,3.006446166342604,3.0064461662640243,3.006446166185443,0.0,0.0,0.0,0.0,0.0,0.0,0.0,0.0,0.0
996,0.9889788111303937,0.9889788111303925,0.9889788111303915,0.9889788111303911,0.9889788111303921,0.9889788111303932,2.9914514535279806,2.991451453453702,2.991451453379422,0.0,0.0,0.0,0.0,0.0,0.0,0.0,0.0,0.0
997,0.9840462587318846,0.9840462587318834,0.9840462587318825,0.984046258731882,0.984046258731883,0.9840462587318841,2.9765315271557338,2.9765315270855206,2.976531527015307,0.0,0.0,0.0,0.0,0.0,0.0,0.0,0.0,0.0
998,0.9791383075410962,0.9791383075410951,0.9791383075410941,0.9791383075410937,0.9791383075410947,0.9791383075410958,2.9616860142269146,2.9616860141605446,2.961686014094174,0.0,0.0,0.0,0.0,0.0,0.0,0.0,0.0,0.0
999,0.9742548348589932,0.9742548348589921,0.9742548348589911,0.9742548348589907,0.9742548348589917,0.9742548348589928,2.946914543602914,2.946914543540177,2.94691454347744,0.0,0.0,0.0,0.0,0.0,0.0,0.0,0.0,0.0
1000,0.9693957185985042,0.969395718598503,0.969395718598502,0.9693957185985016,0.9693957185985026,0.9693957185985037,2.9322167459961856,2.9322167459368833,2.9322167458775805,0.0,0.0,0.0,0.0,0.0,0.0,0.0,0.0,0.0
1001,0.9645608372814694,0.9645608372814684,0.9645608372814674,0.9645608372814669,0.9645608372814679,0.9645608372814689,2.917592253961014,2.917592253904958,2.917592253848901,0.0,0.0,0.0,0.0,0.0,0.0,0.0,0.0,0.0
1002,0.9597500700356043,0.9597500700356033,0.9597500700356023,0.9597500700356019,0.9597500700356029,0.9597500700356039,2.903040701884326,2.903040701831338,2.9030407017783495,0.0,0.0,0.0,0.0,0.0,0.0,0.0,0.0,0.0
1003,0.9549632965914772,0.9549632965914762,0.9549632965914752,0.9549632965914747,0.9549632965914757,0.9549632965914767,2.8885617259765515,2.8885617259264644,2.888561725876376,0.0,0.0,0.0,0.0,0.0,0.0,0.0,0.0,0.0
1004,0.9502003972795025,0.9502003972795015,0.9502003972795005,0.9502003972795,0.950200397279501,0.950200397279502,2.87415496426253,2.874154964215185,2.874154964167838,0.0,0.0,0.0,0.0,0.0,0.0,0.0,0.0,0.0
1005,0.9454612530269494,0.9454612530269484,0.9454612530269474,0.945461253026947,0.945461253026948,0.945461253026949,2.8598200565724596,2.859820056527706,2.8598200564829512,0.0,0.0,0.0,0.0,0.0,0.0,0.0,0.0,0.0
1006,0.9407457453549648,0.9407457453549638,0.9407457453549628,0.9407457453549624,0.9407457453549634,0.9407457453549644,2.8455566445328935,2.8455566444905895,2.8455566444482847,0.0,0.0,0.0,0.0,0.0,0.0,0.0,0.0,0.0
1007,0.9360537563756114,0.9360537563756104,0.9360537563756094,0.936053756375609,0.93605375637561,0.936053756375611,2.83136437155778,2.831364371517792,2.8313643714778025,0.0,0.0,0.0,0.0,0.0,0.0,0.0,0.0,0.0
1008,0.9313851687889202,0.9313851687889192,0.9313851687889182,0.9313851687889177,0.9313851687889187,0.9313851687889197,2.8172428828395484,2.817242882801749,2.8172428827639484,0.0,0.0,0.0,0.0,0.0,0.0,0.0,0.0,0.0
1009,0.9267398658799584,0.9267398658799574,0.9267398658799564,0.9267398658799559,0.9267398658799569,0.9267398658799579,2.803191825340238,2.8031918253045074,2.803191825268776,0.0,0.0,0.0,0.0,0.0,0.0,0.0,0.0,0.0
1010,0.9221177315159113,0.9221177315159103,0.9221177315159093,0.9221177315159088,0.9221177315159098,0.9221177315159108,2.789210847782673,2.7892108477488984,2.7892108477151227,0.0,0.0,0.0,0.0,0.0,0.0,0.0,0.0,0.0
1011,0.917518650143179,0.9175186501431781,0.9175186501431771,0.9175186501431767,0.9175186501431777,0.9175186501431786,2.7752996006416804,2.775299600609755,2.775299600577828,0.0,0.0,0.0,0.0,0.0,0.0,0.0,0.0,0.0
1012,0.9129425067844879,0.912942506784487,0.912942506784486,0.9129425067844855,0.9129425067844865,0.9129425067844874,2.761457736135351,2.7614577361051733,2.761457736074994,0.0,0.0,0.0,0.0,0.0,0.0,0.0,0.0,0.0
1013,0.9083891870360155,0.9083891870360146,0.9083891870360136,0.9083891870360131,0.9083891870360141,0.908389187036015,2.747684908216346,2.7476849081878205,2.747684908159293,0.0,0.0,0.0,0.0,0.0,0.0,0.0,0.0,0.0
1014,0.903858577064531,0.9038585770645301,0.9038585770645291,0.9038585770645287,0.9038585770645297,0.9038585770645305,2.7339807725632452,2.733980772536281,2.733980772509315,0.0,0.0,0.0,0.0,0.0,0.0,0.0,0.0,0.0
1015,0.8993505636045491,0.8993505636045482,0.8993505636045472,0.8993505636045468,0.8993505636045478,0.8993505636045487,2.7203449865719382,2.7203449865464497,2.72034498652096,0.0,0.0,0.0,0.0,0.0,0.0,0.0,0.0,0.0
1016,0.8948650339554985,0.8948650339554977,0.8948650339554967,0.8948650339554962,0.8948650339554972,0.8948650339554981,2.7067772093470603,2.706777209322967,2.7067772092988727,0.0,0.0,0.0,0.0,0.0,0.0,0.0,0.0,0.0
1017,0.8904018759789044,0.8904018759789035,0.8904018759789025,0.8904018759789021,0.8904018759789031,0.890401875978904,2.69327710169347,2.6932771016706956,2.69327710164792,0.0,0.0,0.0,0.0,0.0,0.0,0.0,0.0,0.0
1018,0.8859609780955849,0.885960978095584,0.885960978095583,0.8859609780955826,0.8859609780955836,0.8859609780955845,2.6798443261077685,2.679844326086241,2.679844326064712,0.0,0.0,0.0,0.0,0.0,0.0,0.0,0.0,0.0
1019,0.8815422292828616,0.8815422292828609,0.8815422292828599,0.8815422292828594,0.8815422292828604,0.8815422292828612,2.666478546769863,2.6664785467495133,2.666478546729163,0.0,0.0,0.0,0.0,0.0,0.0,0.0,0.0,0.0
1020,0.8771455190717842,0.8771455190717834,0.8771455190717824,0.877145519071782,0.877145519071783,0.8771455190717837,2.6531794295345694,2.653179429515334,2.6531794294960975,0.0,0.0,0.0,0.0,0.0,0.0,0.0,0.0,0.0
1021,0.8727707375443682,0.8727707375443674,0.8727707375443664,0.872770737544366,0.872770737544367,0.8727707375443677,2.6399466419232613,2.639946641905079,2.6399466418868958,0.0,0.0,0.0,0.0,0.0,0.0,0.0,0.0,0.0
1022,0.8684177753308476,0.8684177753308469,0.8684177753308459,0.8684177753308454,0.8684177753308464,0.8684177753308472,2.626779853115556,2.626779853098369,2.626779853081181,0.0,0.0,0.0,0.0,0.0,0.0,0.0,0.0,0.0
1023,0.8640865236069405,0.8640865236069397,0.8640865236069387,0.8640865236069383,0.8640865236069393,0.86408652360694,2.613678733941044,2.613678733924798,2.6136787339085505,0.0,0.0,0.0,0.0,0.0,0.0,0.0,0.0,0.0
1024,0.8597768740911281,0.8597768740911274,0.8597768740911264,0.8597768740911259,0.8597768740911269,0.8597768740911277,2.600642956871061,2.600642956855704,2.600642956840346,0.0,0.0,0.0,0.0,0.0,0.0,0.0,0.0,0.0
1025,0.8554887190419481,0.8554887190419473,0.8554887190419463,0.8554887190419459,0.8554887190419469,0.8554887190419477,2.5876721960104985,2.587672195995982,2.587672195981465,0.0,0.0,0.0,0.0,0.0,0.0,0.0,0.0,0.0
1026,0.8512219512553009,0.8512219512553001,0.8512219512552991,0.8512219512552986,0.8512219512552996,0.8512219512553004,2.5747661270896565,2.5747661270759346,2.574766127062212,0.0,0.0,0.0,0.0,0.0,0.0,0.0,0.0,0.0
1027,0.8469764640617695,0.8469764640617687,0.8469764640617677,0.8469764640617673,0.8469764640617683,0.8469764640617691,2.5619244274561375,2.5619244274431665,2.5619244274301955,0.0,0.0,0.0,0.0,0.0,0.0,0.0,0.0,0.0
1028,0.8427521513239531,0.8427521513239523,0.8427521513239513,0.8427521513239509,0.8427521513239519,0.8427521513239526,2.549146776066779,2.5491467760545183,2.549146776042257,0.0,0.0,0.0,0.0,0.0,0.0,0.0,0.0,0.0
1029,0.8385489074338132,0.8385489074338124,0.8385489074338114,0.8385489074338109,0.8385489074338119,0.8385489074338127,2.5364328534796297,2.53643285346804,2.5364328534564495,0.0,0.0,0.0,0.0,0.0,0.0,0.0,0.0,0.0
1030,0.8343666273100335,0.8343666273100327,0.8343666273100317,0.8343666273100313,0.8343666273100323,0.8343666273100331,2.5237823418459593,2.5237823418350036,2.523782341824048,0.0,0.0,0.0,0.0,0.0,0.0,0.0,0.0,0.0
1031,0.8302052063953933,0.8302052063953925,0.8302052063953915,0.8302052063953911,0.8302052063953921,0.8302052063953929,2.511194924902316,2.5111949248919605,2.511194924881605,0.0,0.0,0.0,0.0,0.0,0.0,0.0,0.0,0.0
1032,0.8260645406541528,0.826064540654152,0.826064540654151,0.8260645406541506,0.8260645406541516,0.8260645406541524,2.49867028796262,2.498670287952831,2.4986702879430425,0.0,0.0,0.0,0.0,0.0,0.0,0.0,0.0,0.0
1033,0.8219445265694529,0.8219445265694522,0.8219445265694512,0.8219445265694507,0.8219445265694517,0.8219445265694525,2.486208117910293,2.48620811790104,2.486208117891787,0.0,0.0,0.0,0.0,0.0,0.0,0.0,0.0,0.0
1034,0.8178450611407269,0.8178450611407262,0.8178450611407252,0.8178450611407247,0.8178450611407257,0.8178450611407264,2.473808103190433,2.4738081031816863,2.47380810317294,0.0,0.0,0.0,0.0,0.0,0.0,0.0,0.0,0.0
1035,0.8137660418811254,0.8137660418811248,0.8137660418811238,0.8137660418811233,0.8137660418811243,0.813766041881125,2.4614699338020243,2.4614699337937567,2.461469933785489,0.0,0.0,0.0,0.0,0.0,0.0,0.0,0.0,0.0
1036,0.8097073668149548,0.8097073668149541,0.8097073668149531,0.8097073668149527,0.8097073668149537,0.8097073668149544,2.4491933012901885,2.4491933012823734,2.4491933012745584,0.0,0.0,0.0,0.0,0.0,0.0,0.0,0.0,0.0
1037,0.8056689344751268,0.8056689344751261,0.8056689344751251,0.8056689344751247,0.8056689344751257,0.8056689344751263,2.436977898738472,2.4369778987310844,2.4369778987236974,0.0,0.0,0.0,0.0,0.0,0.0,0.0,0.0,0.0
1038,0.8016506439006226,0.8016506439006219,0.8016506439006209,0.8016506439006205,0.8016506439006215,0.8016506439006221,2.4248234207611725,2.4248234207541897,2.4248234207472072,0.0,0.0,0.0,0.0,0.0,0.0,0.0,0.0,0.0
1039,0.7976523946339686,0.797652394633968,0.797652394633967,0.7976523946339665,0.7976523946339675,0.7976523946339682,2.4127295634957076,2.412729563489107,2.4127295634825066,0.0,0.0,0.0,0.0,0.0,0.0,0.0,0.0,0.0
1040,0.793674086718725,0.7936740867187243,0.7936740867187233,0.7936740867187229,0.7936740867187239,0.7936740867187245,2.400696024595014,2.4006960245887745,2.4006960245825355,0.0,0.0,0.0,0.0,0.0,0.0,0.0,0.0,0.0
1041,0.7897156206969864,0.7897156206969858,0.7897156206969849,0.7897156206969844,0.7897156206969854,0.789715620696986,2.3887225032199915,2.388722503214093,2.3887225032081956,0.0,0.0,0.0,0.0,0.0,0.0,0.0,0.0,0.0
1042,0.7857768976068964,0.7857768976068957,0.7857768976068948,0.7857768976068944,0.7857768976068954,0.785776897606896,2.3768087000319804,2.376808700026405,2.3768087000208302,0.0,0.0,0.0,0.0,0.0,0.0,0.0,0.0,0.0
1043,0.7818578189801725,0.7818578189801718,0.7818578189801709,0.7818578189801705,0.7818578189801715,0.781857818980172,2.36495431718528,2.3649543171800094,2.3649543171747403,0.0,0.0,0.0,0.0,0.0,0.0,0.0,0.0,0.0
1044,0.7779582868396449,0.7779582868396442,0.7779582868396433,0.7779582868396429,0.7779582868396439,0.7779582868396444,2.3531590583197004,2.353159058314718,2.3531590583097377,0.0,0.0,0.0,0.0,0.0,0.0,0.0,0.0,0.0
1045,0.7740782036968069,0.7740782036968062,0.7740782036968054,0.7740782036968049,0.7740782036968059,0.7740782036968065,2.341422628553155,2.3414226285484454,2.3414226285437376,0.0,0.0,0.0,0.0,0.0,0.0,0.0,0.0,0.0
1046,0.770217472549378,0.7702174725493773,0.7702174725493764,0.770217472549376,0.770217472549377,0.7702174725493776,2.3297447344742874,2.3297447344698354,2.3297447344653857,0.0,0.0,0.0,0.0,0.0,0.0,0.0,0.0,0.0
1047,0.7663759968788784,0.7663759968788777,0.7663759968788768,0.7663759968788764,0.7663759968788774,0.7663759968788779,2.318125084135137,2.318125084130928,2.3181250841267222,0.0,0.0,0.0,0.0,0.0,0.0,0.0,0.0,0.0
1048,0.7625536806482162,0.7625536806482155,0.7625536806482146,0.7625536806482142,0.7625536806482152,0.7625536806482157,2.3065633870438385,2.3065633870398603,2.306563387035885,0.0,0.0,0.0,0.0,0.0,0.0,0.0,0.0,0.0
1049,0.7587504282992865,0.7587504282992859,0.758750428299285,0.7587504282992845,0.7587504282992855,0.7587504282992861,2.2950593541573623,2.2950593541536017,2.2950593541498443,0.0,0.0,0.0,0.0,0.0,0.0,0.0,0.0,0.0
1050,0.7549661447505827,0.754966144750582,0.7549661447505811,0.7549661447505807,0.7549661447505817,0.7549661447505822,2.2836126978742866,2.2836126978707316,2.28361269786718,0.0,0.0,0.0,0.0,0.0,0.0,0.0,0.0,0.0
1051,0.7512007353948187,0.751200735394818,0.7512007353948171,0.7512007353948167,0.7512007353948177,0.7512007353948182,2.272223132027607,2.2722231320242465,2.272223132020889,0.0,0.0,0.0,0.0,0.0,0.0,0.0,0.0,0.0
1052,0.7474541060965647,0.747454106096564,0.7474541060965632,0.7474541060965627,0.7474541060965637,0.7474541060965643,2.2608903718775837,2.260890371874407,2.2608903718712337,0.0,0.0,0.0,0.0,0.0,0.0,0.0,0.0,0.0
1053,0.743726163189893,0.7437261631898924,0.7437261631898915,0.743726163189891,0.743726163189892,0.7437261631898926,2.249614134104622,2.2496141341016194,2.2496141340986195,0.0,0.0,0.0,0.0,0.0,0.0,0.0,0.0,0.0
1054,0.7400168134760369,0.7400168134760362,0.7400168134760353,0.7400168134760349,0.7400168134760359,0.7400168134760364,2.2383941368021896,2.2383941367993514,2.238394136796516,0.0,0.0,0.0,0.0,0.0,0.0,0.0,0.0,0.0
1055,0.7363259642210602,0.7363259642210596,0.7363259642210587,0.7363259642210582,0.7363259642210592,0.7363259642210598,2.2272300994697694,2.2272300994670866,2.2272300994644065,0.0,0.0,0.0,0.0,0.0,0.0,0.0,0.0,0.0
1056,0.7326535231535395,0.7326535231535388,0.7326535231535379,0.7326535231535375,0.7326535231535385,0.732653523153539,2.2161217430058464,2.21612174300331,2.216121743000777,0.0,0.0,0.0,0.0,0.0,0.0,0.0,0.0,0.0
1057,0.7289993984622566,0.7289993984622559,0.728999398462255,0.7289993984622546,0.7289993984622556,0.7289993984622561,2.2050687897009293,2.205068789698532,2.2050687896961376,0.0,0.0,0.0,0.0,0.0,0.0,0.0,0.0,0.0
1058,0.725363498793904,0.7253634987939034,0.7253634987939025,0.725363498793902,0.725363498793903,0.7253634987939036,2.19407096323061,2.1940709632283437,2.1940709632260806,0.0,0.0,0.0,0.0,0.0,0.0,0.0,0.0,0.0
1059,0.7217457332508007,0.7217457332508,0.7217457332507992,0.7217457332507987,0.7217457332507997,0.7217457332508003,2.183127988648653,2.1831279886465107,2.1831279886443715,0.0,0.0,0.0,0.0,0.0,0.0,0.0,0.0,0.0
1060,0.7181460113886196,0.7181460113886189,0.718146011388618,0.7181460113886176,0.7181460113886186,0.7181460113886191,2.172239592380124,2.172239592378099,2.1722395923760764,0.0,0.0,0.0,0.0,0.0,0.0,0.0,0.0,0.0
1061,0.7145642432141266,0.7145642432141259,0.714564243214125,0.7145642432141246,0.7145642432141256,0.7145642432141261,2.161405502214548,2.161405502212634,2.161405502210722,0.0,0.0,0.0,0.0,0.0,0.0,0.0,0.0,0.0
1062,0.7110003391829309,0.7110003391829303,0.7110003391829294,0.7110003391829289,0.7110003391829299,0.7110003391829305,2.150625447299107,2.1506254472972977,2.15062544729549,0.0,0.0,0.0,0.0,0.0,0.0,0.0,0.0,0.0
1063,0.7074542101972461,0.7074542101972455,0.7074542101972446,0.7074542101972442,0.7074542101972452,0.7074542101972456,2.1398991581318656,2.1398991581301554,2.139899158128447,0.0,0.0,0.0,0.0,0.0,0.0,0.0,0.0,0.0
1064,0.7039257676036628,0.7039257676036623,0.7039257676036614,0.703925767603661,0.703925767603662,0.7039257676036624,2.129226366555036,2.1292263665534197,2.1292263665518045,0.0,0.0,0.0,0.0,0.0,0.0,0.0,0.0,0.0
1065,0.7004149231909325,0.700414923190932,0.7004149231909311,0.7004149231909307,0.7004149231909317,0.7004149231909321,2.118606805748273,2.118606805746745,2.1186068057452183,0.0,0.0,0.0,0.0,0.0,0.0,0.0,0.0,0.0
1066,0.6969215891877618,0.6969215891877615,0.6969215891877606,0.6969215891877601,0.6969215891877611,0.6969215891877616,2.108040210222003,2.108040210220558,2.1080402102191154,0.0,0.0,0.0,0.0,0.0,0.0,0.0,0.0,0.0
1067,0.693445678260619,0.6934456782606186,0.6934456782606178,0.6934456782606173,0.6934456782606183,0.6934456782606188,2.097526315810786,2.0975263158094206,2.097526315808057,0.0,0.0,0.0,0.0,0.0,0.0,0.0,0.0,0.0
1068,0.6899871035115496,0.6899871035115492,0.6899871035115485,0.689987103511548,0.6899871035115489,0.6899871035115493,2.0870648596667154,2.087064859665425,2.0870648596641357,0.0,0.0,0.0,0.0,0.0,0.0,0.0,0.0,0.0
1069,0.6865457784760048,0.6865457784760045,0.6865457784760037,0.6865457784760033,0.6865457784760042,0.6865457784760046,2.076655580252842,2.076655580251622,2.0766555802504034,0.0,0.0,0.0,0.0,0.0,0.0,0.0,0.0,0.0
1070,0.6831216171206796,0.6831216171206793,0.6831216171206785,0.6831216171206781,0.683121617120679,0.6831216171206794,2.0662982173366378,2.0662982173354845,2.0662982173343325,0.0,0.0,0.0,0.0,0.0,0.0,0.0,0.0,0.0
1071,0.6797145338413617,0.6797145338413614,0.6797145338413606,0.6797145338413602,0.679714533841361,0.6797145338413615,2.0559925119834905,2.0559925119824003,2.0559925119813114,0.0,0.0,0.0,0.0,0.0,0.0,0.0,0.0,0.0
1072,0.6763244434607917,0.6763244434607913,0.6763244434607906,0.6763244434607901,0.676324443460791,0.6763244434607915,2.045738206550229,2.0457382065491987,2.0457382065481697,0.0,0.0,0.0,0.0,0.0,0.0,0.0,0.0,0.0
1073,0.6729512612265335,0.6729512612265331,0.6729512612265324,0.6729512612265319,0.6729512612265328,0.6729512612265333,2.0355350446786837,2.03553504467771,2.0355350446767373,0.0,0.0,0.0,0.0,0.0,0.0,0.0,0.0,0.0
1074,0.6695949028088555,0.6695949028088551,0.6695949028088544,0.6695949028088539,0.6695949028088548,0.6695949028088553,2.025382771289276,2.0253827712883554,2.025382771287436,0.0,0.0,0.0,0.0,0.0,0.0,0.0,0.0,0.0
1075,0.6662552842986225,0.6662552842986221,0.6662552842986214,0.6662552842986209,0.6662552842986218,0.6662552842986222,2.0152811325746423,2.015281132573772,2.015281132572903,0.0,0.0,0.0,0.0,0.0,0.0,0.0,0.0,0.0
1076,0.6629323222051977,0.6629323222051974,0.6629323222051966,0.6629323222051962,0.662932322205197,0.6629323222051975,2.005229875993288,2.0052298759924656,2.0052298759916445,0.0,0.0,0.0,0.0,0.0,0.0,0.0,0.0,0.0
1077,0.6596259334543558,0.6596259334543555,0.6596259334543547,0.6596259334543543,0.6596259334543552,0.6596259334543556,1.9952287502632753,1.9952287502624981,1.9952287502617219,0.0,0.0,0.0,0.0,0.0,0.0,0.0,0.0,0.0
1078,0.6563360353862059,0.6563360353862056,0.6563360353862048,0.6563360353862043,0.6563360353862052,0.6563360353862057,1.9852775053559402,1.9852775053552054,1.9852775053544718,0.0,0.0,0.0,0.0,0.0,0.0,0.0,0.0,0.0
1079,0.6530625457531248,0.6530625457531245,0.6530625457531237,0.6530625457531233,0.6530625457531242,0.6530625457531246,1.9753758924896412,1.9753758924889466,1.9753758924882532,0.0,0.0,0.0,0.0,0.0,0.0,0.0,0.0,0.0
1080,0.6498053827177013,0.6498053827177009,0.6498053827177002,0.6498053827176997,0.6498053827177006,0.649805382717701,1.965523664123541,1.9655236641228844,1.9655236641222287,0.0,0.0,0.0,0.0,0.0,0.0,0.0,0.0,0.0
1081,0.6465644648506897,0.6465644648506894,0.6465644648506886,0.6465644648506882,0.6465644648506891,0.6465644648506895,1.9557205739514167,1.9557205739507961,1.9557205739501764,0.0,0.0,0.0,0.0,0.0,0.0,0.0,0.0,0.0
1082,0.6433397111289747,0.6433397111289744,0.6433397111289736,0.6433397111289731,0.643339711128974,0.6433397111289745,1.9459663768955038,1.9459663768949174,1.9459663768943316,0.0,0.0,0.0,0.0,0.0,0.0,0.0,0.0,0.0
1083,0.6401310409335452,0.6401310409335449,0.6401310409335441,0.6401310409335437,0.6401310409335446,0.640131040933545,1.9362608291003678,1.9362608290998133,1.9362608290992598,0.0,0.0,0.0,0.0,0.0,0.0,0.0,0.0,0.0
1084,0.6369383740474792,0.6369383740474789,0.6369383740474781,0.6369383740474777,0.6369383740474786,0.636938374047479,1.9266036879268078,1.9266036879262838,1.9266036879257606,0.0,0.0,0.0,0.0,0.0,0.0,0.0,0.0,0.0
1085,0.6337616306539383,0.633761630653938,0.6337616306539372,0.6337616306539368,0.6337616306539376,0.6337616306539381,1.9169947119457917,1.9169947119452964,1.916994711944802,0.0,0.0,0.0,0.0,0.0,0.0,0.0,0.0,0.0
1086,0.6306007313341722,0.6306007313341718,0.6306007313341712,0.6306007313341707,0.6306007313341716,0.6306007313341719,1.9074336609324194,1.9074336609319513,1.907433660931484,0.0,0.0,0.0,0.0,0.0,0.0,0.0,0.0,0.0
1087,0.6274555970655332,0.6274555970655329,0.6274555970655322,0.6274555970655318,0.6274555970655327,0.627455597065533,1.8979202958599177,1.897920295859475,1.897920295859033,0.0,0.0,0.0,0.0,0.0,0.0,0.0,0.0,0.0
1088,0.6243261492195009,0.6243261492195006,0.6243261492194999,0.6243261492194995,0.6243261492195004,0.6243261492195007,1.8884543788936639,1.8884543788932453,1.8884543788928274,0.0,0.0,0.0,0.0,0.0,0.0,0.0,0.0,0.0
1089,0.6212123095597162,0.6212123095597158,0.6212123095597152,0.6212123095597147,0.6212123095597156,0.621212309559716,1.8790356733852407,1.879035673384845,1.87903567338445,0.0,0.0,0.0,0.0,0.0,0.0,0.0,0.0,0.0
1090,0.6181140002400253,0.6181140002400249,0.6181140002400243,0.6181140002400238,0.6181140002400247,0.618114000240025,1.86966394386652,1.869663943866146,1.8696639438657725,0.0,0.0,0.0,0.0,0.0,0.0,0.0,0.0,0.0
1091,0.6150311438025338,0.6150311438025334,0.6150311438025328,0.6150311438025323,0.6150311438025332,0.6150311438025335,1.8603389560437755,1.860338956043422,1.860338956043069,0.0,0.0,0.0,0.0,0.0,0.0,0.0,0.0,0.0
1092,0.6119636631756702,0.6119636631756699,0.6119636631756692,0.6119636631756687,0.6119636631756696,0.61196366317567,1.851060476791826,1.8510604767914918,1.851060476791158,0.0,0.0,0.0,0.0,0.0,0.0,0.0,0.0,0.0
1093,0.6089114816722592,0.6089114816722588,0.6089114816722582,0.6089114816722577,0.6089114816722586,0.608911481672259,1.8418282741482068,1.8418282741478909,1.8418282741475753,0.0,0.0,0.0,0.0,0.0,0.0,0.0,0.0,0.0
1094,0.6058745229876041,0.6058745229876038,0.6058745229876031,0.6058745229876027,0.6058745229876036,0.6058745229876039,1.832642117307371,1.8326421173070722,1.832642117306774,0.0,0.0,0.0,0.0,0.0,0.0,0.0,0.0,0.0
1095,0.6028527111975798,0.6028527111975794,0.6028527111975788,0.6028527111975783,0.6028527111975792,0.6028527111975795,1.823501776614919,1.8235017766146364,1.8235017766143544,0.0,0.0,0.0,0.0,0.0,0.0,0.0,0.0,0.0
1096,0.599845970756734,0.5998459707567336,0.599845970756733,0.5998459707567325,0.5998459707567334,0.5998459707567337,1.8144070235618572,1.8144070235615901,1.8144070235613237,0.0,0.0,0.0,0.0,0.0,0.0,0.0,0.0,0.0
1097,0.5968542264963991,0.5968542264963987,0.5968542264963981,0.5968542264963976,0.5968542264963985,0.5968542264963989,1.805357630778886,1.8053576307786334,1.8053576307783814,0.0,0.0,0.0,0.0,0.0,0.0,0.0,0.0,0.0
1098,0.5938774036228128,0.5938774036228125,0.5938774036228118,0.5938774036228114,0.5938774036228123,0.5938774036228126,1.7963533720307139,1.7963533720304752,1.7963533720302371,0.0,0.0,0.0,0.0,0.0,0.0,0.0,0.0,0.0
1099,0.5909154277152483,0.590915427715248,0.5909154277152473,0.5909154277152469,0.5909154277152477,0.5909154277152481,1.7873940222104034,1.7873940222101778,1.787394022209953,0.0,0.0,0.0,0.0,0.0,0.0,0.0,0.0,0.0
1100,0.5879682247241534,0.5879682247241531,0.5879682247241524,0.587968224724152,0.5879682247241529,0.5879682247241532,1.7784793573337425,1.7784793573335294,1.7784793573333169,0.0,0.0,0.0,0.0,0.0,0.0,0.0,0.0,0.0
1101,0.5850357209693001,0.5850357209692998,0.5850357209692991,0.5850357209692987,0.5850357209692996,0.5850357209692999,1.769609154533645,1.7696091545334434,1.7696091545332426,0.0,0.0,0.0,0.0,0.0,0.0,0.0,0.0,0.0
1102,0.5821178431379417,0.5821178431379413,0.5821178431379407,0.5821178431379402,0.5821178431379411,0.5821178431379415,1.7607831920545787,1.760783192054388,1.760783192054198,0.0,0.0,0.0,0.0,0.0,0.0,0.0,0.0,0.0
1103,0.5792145182829803,0.57921451828298,0.5792145182829793,0.5792145182829789,0.5792145182829798,0.5792145182829801,1.7520012492470216,1.7520012492468415,1.7520012492466621,0.0,0.0,0.0,0.0,0.0,0.0,0.0,0.0,0.0
1104,0.5763256738211434,0.5763256738211431,0.5763256738211425,0.5763256738211421,0.5763256738211429,0.5763256738211432,1.7432631065619464,1.7432631065617763,1.7432631065616067,0.0,0.0,0.0,0.0,0.0,0.0,0.0,0.0,0.0
1105,0.5734512375311691,0.5734512375311688,0.5734512375311682,0.5734512375311678,0.5734512375311686,0.5734512375311689,1.734568545545331,1.7345685455451703,1.7345685455450097,0.0,0.0,0.0,0.0,0.0,0.0,0.0,0.0,0.0
1106,0.5705911375520003,0.570591137552,0.5705911375519994,0.570591137551999,0.5705911375519997,0.5705911375520001,1.7259173488326969,1.725917348832545,1.7259173488323931,0.0,0.0,0.0,0.0,0.0,0.0,0.0,0.0,0.0
1107,0.5677453023809886,0.5677453023809883,0.5677453023809877,0.5677453023809873,0.5677453023809881,0.5677453023809884,1.7173093001436757,1.717309300143532,1.7173093001433886,0.0,0.0,0.0,0.0,0.0,0.0,0.0,0.0,0.0
1108,0.5649136608721066,0.5649136608721063,0.5649136608721057,0.5649136608721053,0.564913660872106,0.5649136608721064,1.7087441842766018,1.708744184276466,1.7087441842763302,0.0,0.0,0.0,0.0,0.0,0.0,0.0,0.0,0.0
1109,0.5620961422341689,0.5620961422341686,0.562096142234168,0.5620961422341676,0.5620961422341684,0.5620961422341687,1.7002217871031322,1.7002217871030039,1.7002217871028757,0.0,0.0,0.0,0.0,0.0,0.0,0.0,0.0,0.0
1110,0.559292676029063,0.5592926760290626,0.5592926760290621,0.5592926760290616,0.5592926760290624,0.5592926760290627,1.691741895562894,1.6917418955627728,1.6917418955626518,0.0,0.0,0.0,0.0,0.0,0.0,0.0,0.0,0.0
1111,0.5565031921699877,0.5565031921699873,0.5565031921699868,0.5565031921699863,0.5565031921699871,0.5565031921699874,1.6833042976581571,1.6833042976580423,1.683304297657928,0.0,0.0,0.0,0.0,0.0,0.0,0.0,0.0,0.0
1112,0.5537276209197012,0.5537276209197008,0.5537276209197003,0.5537276209196998,0.5537276209197006,0.553727620919701,1.674908782448534,1.6749087824484257,1.6749087824483175,0.0,0.0,0.0,0.0,0.0,0.0,0.0,0.0,0.0
1113,0.5509658928887776,0.5509658928887773,0.5509658928887767,0.5509658928887763,0.5509658928887771,0.5509658928887774,1.6665551400457075,1.6665551400456051,1.6665551400455028,0.0,0.0,0.0,0.0,0.0,0.0,0.0,0.0,0.0
1114,0.5482179390338725,0.5482179390338722,0.5482179390338716,0.5482179390338712,0.548217939033872,0.5482179390338723,1.6582431616081823,1.6582431616080855,1.6582431616079887,0.0,0.0,0.0,0.0,0.0,0.0,0.0,0.0,0.0
1115,0.5454836906559962,0.5454836906559959,0.5454836906559953,0.5454836906559949,0.5454836906559957,0.545483690655996,1.6499726393360643,1.6499726393359728,1.6499726393358813,0.0,0.0,0.0,0.0,0.0,0.0,0.0,0.0,0.0
1116,0.542763079398797,0.5427630793987966,0.5427630793987961,0.5427630793987956,0.5427630793987964,0.5427630793987968,1.6417433664658663,1.64174336646578,1.6417433664656933,0.0,0.0,0.0,0.0,0.0,0.0,0.0,0.0,0.0
1117,0.5400560372468517,0.5400560372468514,0.5400560372468508,0.5400560372468504,0.5400560372468511,0.5400560372468515,1.6335551372653379,1.6335551372652561,1.6335551372651742,0.0,0.0,0.0,0.0,0.0,0.0,0.0,0.0,0.0
1118,0.5373624965239655,0.5373624965239652,0.5373624965239646,0.5373624965239642,0.537362496523965,0.5373624965239653,1.6254077470283224,1.625407747028245,1.6254077470281674,0.0,0.0,0.0,0.0,0.0,0.0,0.0,0.0,0.0
1119,0.5346823898914801,0.5346823898914798,0.5346823898914792,0.5346823898914788,0.5346823898914795,0.5346823898914799,1.6173009920696395,1.6173009920695665,1.617300992069493,0.0,0.0,0.0,0.0,0.0,0.0,0.0,0.0,0.0
1120,0.53201565034659,0.5320156503465897,0.5320156503465892,0.5320156503465887,0.5320156503465895,0.5320156503465898,1.609234669719993,1.609234669719924,1.6092346697198545,0.0,0.0,0.0,0.0,0.0,0.0,0.0,0.0,0.0
1121,0.5293622112206677,0.5293622112206674,0.5293622112206668,0.5293622112206664,0.5293622112206672,0.5293622112206675,1.601208578320904,1.601208578320839,1.6012085783207732,0.0,0.0,0.0,0.0,0.0,0.0,0.0,0.0,0.0
1122,0.5267220061775969,0.5267220061775967,0.5267220061775961,0.5267220061775957,0.5267220061775965,0.5267220061775967,1.5932225172196697,1.5932225172196082,1.5932225172195462,0.0,0.0,0.0,0.0,0.0,0.0,0.0,0.0,0.0
1123,0.5240949692121141,0.5240949692121138,0.5240949692121133,0.5240949692121128,0.5240949692121136,0.5240949692121138,1.5852762867643464,1.5852762867642882,1.5852762867642298,0.0,0.0,0.0,0.0,0.0,0.0,0.0,0.0,0.0
1124,0.5214810346481581,0.5214810346481579,0.5214810346481573,0.5214810346481569,0.5214810346481576,0.5214810346481579,1.5773696882987591,1.577369688298704,1.5773696882986488,0.0,0.0,0.0,0.0,0.0,0.0,0.0,0.0,0.0
1125,0.5188801371372288,0.5188801371372286,0.518880137137228,0.5188801371372276,0.5188801371372284,0.5188801371372286,1.5695025241575342,1.569502524157482,1.5695025241574296,0.0,0.0,0.0,0.0,0.0,0.0,0.0,0.0,0.0
1126,0.516292211656753,0.5162922116567528,0.5162922116567522,0.5162922116567518,0.5162922116567525,0.5162922116567528,1.5616745976611583,1.561674597661109,1.5616745976610595,0.0,0.0,0.0,0.0,0.0,0.0,0.0,0.0,0.0
1127,0.5137171935084589,0.5137171935084587,0.5137171935084581,0.5137171935084577,0.5137171935084585,0.5137171935084587,1.5538857131110615,1.5538857131110149,1.553885713110968,0.0,0.0,0.0,0.0,0.0,0.0,0.0,0.0,0.0
1128,0.5111550183167586,0.5111550183167584,0.5111550183167578,0.5111550183167574,0.5111550183167581,0.5111550183167584,1.5461356757847242,1.54613567578468,1.5461356757846358,0.0,0.0,0.0,0.0,0.0,0.0,0.0,0.0,0.0
1129,0.5086056220271389,0.5086056220271387,0.5086056220271381,0.5086056220271377,0.5086056220271384,0.5086056220271387,1.5384242919308095,1.5384242919307678,1.538424291930726,0.0,0.0,0.0,0.0,0.0,0.0,0.0,0.0,0.0
1130,0.5060689409045598,0.5060689409045596,0.506068940904559,0.5060689409045586,0.5060689409045593,0.5060689409045596,1.5307513687643197,1.5307513687642802,1.5307513687642407,0.0,0.0,0.0,0.0,0.0,0.0,0.0,0.0,0.0
1131,0.5035449115318611,0.5035449115318609,0.5035449115318603,0.5035449115318599,0.5035449115318607,0.5035449115318609,1.5231167144617757,1.5231167144617384,1.523116714461701,0.0,0.0,0.0,0.0,0.0,0.0,0.0,0.0,0.0
1132,0.501033470808177,0.5010334708081767,0.5010334708081762,0.5010334708081757,0.5010334708081765,0.5010334708081767,1.5155201381564225,1.5155201381563872,1.5155201381563517,0.0,0.0,0.0,0.0,0.0,0.0,0.0,0.0,0.0
1133,0.49853455594735857,0.49853455594735835,0.4985345559473578,0.49853455594735735,0.4985345559473581,0.49853455594735835,1.5079614499334566,1.5079614499334233,1.5079614499333898,0.0,0.0,0.0,0.0,0.0,0.0,0.0,0.0,0.0
1134,0.49604810447640424,0.496048104476404,0.4960481044764035,0.4960481044764031,0.49604810447640374,0.496048104476404,1.5004404608252788,1.5004404608252475,1.5004404608252158,0.0,0.0,0.0,0.0,0.0,0.0,0.0,0.0,0.0
1135,0.49357405423389766,0.49357405423389744,0.49357405423389694,0.49357405423389655,0.49357405423389716,0.49357405423389744,1.49295698280677,1.4929569828067402,1.4929569828067102,0.0,0.0,0.0,0.0,0.0,0.0,0.0,0.0,0.0
1136,0.49111234336845394,0.4911123433684537,0.4911123433684532,0.4911123433684529,0.49111234336845344,0.4911123433684537,1.4855108287905894,1.4855108287905614,1.485510828790533,0.0,0.0,0.0,0.0,0.0,0.0,0.0,0.0,0.0
1137,0.48866291033717324,0.488662910337173,0.4886629103371725,0.4886629103371722,0.48866291033717274,0.488662910337173,1.4781018126224992,1.4781018126224728,1.4781018126224459,0.0,0.0,0.0,0.0,0.0,0.0,0.0,0.0,0.0
1138,0.4862256939041022,0.486225693904102,0.4862256939041015,0.4862256939041012,0.4862256939041017,0.486225693904102,1.470729749076709,1.4707297490766842,1.4707297490766589,0.0,0.0,0.0,0.0,0.0,0.0,0.0,0.0,0.0
1139,0.48380063313870303,0.4838006331387028,0.4838006331387023,0.48380063313870203,0.48380063313870253,0.4838006331387028,1.4633944538512464,1.4633944538512231,1.4633944538511992,0.0,0.0,0.0,0.0,0.0,0.0,0.0,0.0,0.0
1140,0.48138766741433026,0.48138766741433003,0.4813876674143296,0.4813876674143293,0.48138766741432976,0.48138766741433003,1.456095743563349,1.4560957435633268,1.4560957435633042,0.0,0.0,0.0,0.0,0.0,0.0,0.0,0.0,0.0
1141,0.4789867364067152,0.47898673640671496,0.4789867364067145,0.47898673640671424,0.4789867364067147,0.47898673640671496,1.448833435744879,1.448833435744858,1.4488334357448367,0.0,0.0,0.0,0.0,0.0,0.0,0.0,0.0,0.0
1142,0.4765977800924575,0.4765977800924573,0.47659778009245685,0.47659778009245657,0.476597780092457,0.4765977800924573,1.4416073488377628,1.441607348837743,1.4416073488377228,0.0,0.0,0.0,0.0,0.0,0.0,0.0,0.0,0.0
1143,0.47422073874752496,0.47422073874752474,0.4742207387475243,0.474220738747524,0.47422073874752446,0.47422073874752474,1.4344173021894515,1.4344173021894326,1.4344173021894138,0.0,0.0,0.0,0.0,0.0,0.0,0.0,0.0,0.0
1144,0.4718555529457601,0.47185555294575987,0.4718555529457595,0.4718555529457592,0.47185555294575965,0.47185555294575987,1.4272631160484042,1.4272631160483864,1.4272631160483684,0.0,0.0,0.0,0.0,0.0,0.0,0.0,0.0,0.0
1145,0.4695021635573947,0.4695021635573945,0.4695021635573941,0.4695021635573938,0.46950216355739427,0.4695021635573945,1.4201446115595948,1.420144611559578,1.420144611559561,0.0,0.0,0.0,0.0,0.0,0.0,0.0,0.0,0.0
1146,0.46716051174757156,0.46716051174757134,0.46716051174757095,0.4671605117475707,0.4671605117475711,0.46716051174757134,1.4130616107600404,1.4130616107600245,1.4130616107600085,0.0,0.0,0.0,0.0,0.0,0.0,0.0,0.0,0.0
1147,0.46483053897487336,0.46483053897487314,0.46483053897487275,0.4648305389748725,0.4648305389748729,0.46483053897487314,1.406013936574352,1.406013936574337,1.406013936574322,0.0,0.0,0.0,0.0,0.0,0.0,0.0,0.0,0.0
1148,0.46251218698985946,0.4625121869898593,0.4625121869898589,0.46251218698985863,0.4625121869898591,0.4625121869898593,1.399001412810308,1.3990014128102939,1.3990014128102797,0.0,0.0,0.0,0.0,0.0,0.0,0.0,0.0,0.0
1149,0.46020539783360953,0.46020539783360936,0.460205397833609,0.4602053978336087,0.46020539783360914,0.46020539783360936,1.3920238641544491,1.3920238641544358,1.3920238641544223,0.0,0.0,0.0,0.0,0.0,0.0,0.0,0.0,0.0
1150,0.4579101138362745,0.45791011383627434,0.45791011383627395,0.45791011383627367,0.4579101138362741,0.45791011383627434,1.3850811161676955,1.3850811161676828,1.38508111616767,0.0,0.0,0.0,0.0,0.0,0.0,0.0,0.0,0.0
1151,0.4556262776156349,0.45562627761563473,0.45562627761563435,0.45562627761563407,0.4556262776156345,0.45562627761563473,1.3781729952809856,1.3781729952809736,1.3781729952809616,0.0,0.0,0.0,0.0,0.0,0.0,0.0,0.0,0.0
1152,0.4533538320756662,0.45335383207566604,0.45335383207566565,0.4533538320756654,0.4533538320756658,0.45335383207566604,1.3712993287909376,1.3712993287909263,1.3712993287909152,0.0,0.0,0.0,0.0,0.0,0.0,0.0,0.0,0.0
1153,0.4510927204051116,0.45109272040511145,0.45109272040511106,0.4510927204051108,0.4510927204051112,0.45109272040511145,1.3644599448555315,1.3644599448555208,1.3644599448555104,0.0,0.0,0.0,0.0,0.0,0.0,0.0,0.0,0.0
1154,0.4488428860760616,0.44884288607606143,0.44884288607606104,0.44884288607606077,0.4488428860760612,0.44884288607606143,1.3576546724898124,1.3576546724898024,1.3576546724897924,0.0,0.0,0.0,0.0,0.0,0.0,0.0,0.0,0.0
1155,0.44660427284254073,0.44660427284254056,0.4466042728425402,0.4466042728425399,0.44660427284254034,0.44660427284254056,1.350883341561617,1.3508833415616075,1.350883341561598,0.0,0.0,0.0,0.0,0.0,0.0,0.0,0.0,0.0
1156,0.44437682473910156,0.4443768247391014,0.444376824739101,0.44437682473910073,0.4443768247391012,0.4443768247391014,1.344145782787319,1.3441457827873102,1.3441457827873011,0.0,0.0,0.0,0.0,0.0,0.0,0.0,0.0,0.0
1157,0.44216048607942554,0.4421604860794254,0.442160486079425,0.4421604860794247,0.44216048607942515,0.4421604860794254,1.3374418277275986,1.3374418277275901,1.3374418277275817,0.0,0.0,0.0,0.0,0.0,0.0,0.0,0.0,0.0
1158,0.4399552014549307,0.43995520145493056,0.43995520145493017,0.4399552014549299,0.43995520145493033,0.43995520145493056,1.3307713087832298,1.3307713087832218,1.3307713087832138,0.0,0.0,0.0,0.0,0.0,0.0,0.0,0.0,0.0
1159,0.4377609157333866,0.43776091573338644,0.43776091573338605,0.43776091573338577,0.4377609157333862,0.43776091573338644,1.3241340591908917,1.3241340591908841,1.3241340591908766,0.0,0.0,0.0,0.0,0.0,0.0,0.0,0.0,0.0
1160,0.4355775740575359,0.4355775740575357,0.43557757405753533,0.43557757405753506,0.4355775740575355,0.4355775740575357,1.3175299130189986,1.3175299130189915,1.3175299130189846,0.0,0.0,0.0,0.0,0.0,0.0,0.0,0.0,0.0
1161,0.433405121843723,0.4334051218437228,0.43340512184372243,0.43340512184372215,0.4334051218437226,0.4334051218437228,1.3109587051635525,1.3109587051635458,1.3109587051635394,0.0,0.0,0.0,0.0,0.0,0.0,0.0,0.0,0.0
1162,0.43124350478052936,0.4312435047805292,0.4312435047805288,0.43124350478052853,0.431243504780529,0.4312435047805292,1.3044202713440147,1.3044202713440085,1.3044202713440023,0.0,0.0,0.0,0.0,0.0,0.0,0.0,0.0,0.0
1163,0.42909266882741587,0.4290926688274157,0.4290926688274153,0.42909266882741504,0.4290926688274155,0.4290926688274157,1.2979144480991993,1.2979144480991933,1.2979144480991873,0.0,0.0,0.0,0.0,0.0,0.0,0.0,0.0,0.0
1164,0.42695256021337163,0.42695256021337147,0.4269525602133711,0.4269525602133708,0.42695256021337125,0.42695256021337147,1.291441072783186,1.2914410727831804,1.2914410727831747,0.0,0.0,0.0,0.0,0.0,0.0,0.0,0.0,0.0
1165,0.4248231254355699,0.4248231254355697,0.4248231254355693,0.42482312543556905,0.4248231254355695,0.4248231254355697,1.2849999835612549,1.2849999835612496,1.2849999835612442,0.0,0.0,0.0,0.0,0.0,0.0,0.0,0.0,0.0
1166,0.42270431125803026,0.4227043112580301,0.4227043112580297,0.42270431125802943,0.4227043112580299,0.4227043112580301,1.27859101940584,1.278591019405835,1.2785910194058299,0.0,0.0,0.0,0.0,0.0,0.0,0.0,0.0,0.0
1167,0.42059606471028793,0.42059606471028776,0.4205960647102874,0.4205960647102871,0.42059606471028754,0.42059606471028776,1.2722140200925036,1.272214020092499,1.272214020092494,0.0,0.0,0.0,0.0,0.0,0.0,0.0,0.0,0.0
1168,0.41849833308606943,0.41849833308606926,0.4184983330860689,0.4184983330860686,0.41849833308606904,0.41849833308606926,1.2658688261959308,1.2658688261959263,1.2658688261959217,0.0,0.0,0.0,0.0,0.0,0.0,0.0,0.0,0.0
1169,0.4164110639419749,0.41641106394197475,0.41641106394197436,0.4164110639419741,0.4164110639419745,0.41641106394197475,1.2595552790859434,1.2595552790859394,1.259555279085935,0.0,0.0,0.0,0.0,0.0,0.0,0.0,0.0,0.0
1170,0.41433420509616703,0.41433420509616686,0.4143342050961665,0.4143342050961662,0.41433420509616664,0.41433420509616686,1.2532732209235353,1.2532732209235316,1.2532732209235273,0.0,0.0,0.0,0.0,0.0,0.0,0.0,0.0,0.0
1171,0.41226770462706647,0.4122677046270663,0.4122677046270659,0.41226770462706563,0.4122677046270661,0.4122677046270663,1.2470224946569248,1.2470224946569215,1.2470224946569175,0.0,0.0,0.0,0.0,0.0,0.0,0.0,0.0,0.0
1172,0.4102115108720539,0.4102115108720537,0.4102115108720533,0.41021151087205304,0.4102115108720535,0.4102115108720537,1.24080294401763,1.240802944017627,1.2408029440176231,0.0,0.0,0.0,0.0,0.0,0.0,0.0,0.0,0.0
1173,0.4081655724261783,0.4081655724261781,0.40816557242617774,0.40816557242617746,0.4081655724261779,0.4081655724261781,1.2346144135165609,1.234614413516558,1.2346144135165544,0.0,0.0,0.0,0.0,0.0,0.0,0.0,0.0,0.0
1174,0.406129838140872,0.40612983814087183,0.40612983814087145,0.40612983814087117,0.4061298381408716,0.40612983814087183,1.2284567484401325,1.2284567484401299,1.2284567484401265,0.0,0.0,0.0,0.0,0.0,0.0,0.0,0.0,0.0
1175,0.40410425712267184,0.4041042571226717,0.4041042571226713,0.404104257122671,0.40410425712267145,0.4041042571226717,1.2223297948463974,1.222329794846395,1.2223297948463918,0.0,0.0,0.0,0.0,0.0,0.0,0.0,0.0,0.0
1176,0.40208877873194687,0.4020887787319467,0.4020887787319463,0.40208877873194604,0.4020887787319465,0.4020887787319467,1.2162333995611965,1.2162333995611943,1.2162333995611914,0.0,0.0,0.0,0.0,0.0,0.0,0.0,0.0,0.0
1177,0.40008335258163236,0.4000833525816322,0.4000833525816318,0.4000833525816315,0.40008335258163197,0.4000833525816322,1.2101674101743303,1.210167410174328,1.2101674101743254,0.0,0.0,0.0,0.0,0.0,0.0,0.0,0.0,0.0
1178,0.39808792853597,0.39808792853596986,0.39808792853596947,0.3980879285359692,0.39808792853596964,0.39808792853596986,1.204131675035748,1.2041316750357458,1.2041316750357434,0.0,0.0,0.0,0.0,0.0,0.0,0.0,0.0,0.0
1179,0.39610245670925487,0.3961024567092547,0.3961024567092543,0.39610245670925404,0.3961024567092545,0.3961024567092547,1.1981260432517569,1.1981260432517546,1.1981260432517524,0.0,0.0,0.0,0.0,0.0,0.0,0.0,0.0,0.0
1180,0.3941268874645878,0.3941268874645876,0.39412688746458724,0.39412688746458696,0.3941268874645874,0.3941268874645876,1.1921503646812492,1.1921503646812472,1.1921503646812452,0.0,0.0,0.0,0.0,0.0,0.0,0.0,0.0,0.0
1181,0.3921611714126348,0.3921611714126346,0.39216117141263424,0.39216117141263396,0.3921611714126344,0.3921611714126346,1.1862044899319502,1.1862044899319482,1.1862044899319462,0.0,0.0,0.0,0.0,0.0,0.0,0.0,0.0,0.0
1182,0.3902052594103922,0.390205259410392,0.39020525941039164,0.39020525941039136,0.3902052594103918,0.390205259410392,1.1802882703566808,1.1802882703566788,1.1802882703566768,0.0,0.0,0.0,0.0,0.0,0.0,0.0,0.0,0.0
1183,0.38825910255995805,0.3882591025599579,0.3882591025599575,0.3882591025599572,0.38825910255995766,0.3882591025599579,1.1744015580496439,1.1744015580496419,1.1744015580496399,0.0,0.0,0.0,0.0,0.0,0.0,0.0,0.0,0.0
1184,0.38632265220730977,0.3863226522073096,0.3863226522073092,0.38632265220730894,0.3863226522073094,0.3863226522073096,1.168544205842725,1.168544205842723,1.168544205842721,0.0,0.0,0.0,0.0,0.0,0.0,0.0,0.0,0.0
1185,0.38439585994108766,0.3843958599410875,0.3843958599410871,0.3843958599410868,0.38439585994108727,0.3843958599410875,1.1627160673018138,1.1627160673018118,1.1627160673018098,0.0,0.0,0.0,0.0,0.0,0.0,0.0,0.0,0.0
1186,0.3824786775913847,0.38247867759138454,0.38247867759138415,0.3824786775913839,0.3824786775913843,0.38247867759138454,1.1569169967231434,1.1569169967231414,1.1569169967231394,0.0,0.0,0.0,0.0,0.0,0.0,0.0,0.0,0.0
1187,0.38057105722854234,0.3805710572285422,0.3805710572285418,0.3805710572285415,0.38057105722854195,0.3805710572285422,1.1511468491296473,1.1511468491296453,1.1511468491296433,0.0,0.0,0.0,0.0,0.0,0.0,0.0,0.0,0.0
1188,0.3786729511619521,0.37867295116195193,0.37867295116195154,0.37867295116195127,0.3786729511619517,0.37867295116195193,1.145405480267335,1.145405480267333,1.145405480267331,0.0,0.0,0.0,0.0,0.0,0.0,0.0,0.0,0.0
1189,0.37678431193886347,0.3767843119388633,0.3767843119388629,0.37678431193886264,0.3767843119388631,0.3767843119388633,1.139692746601686,1.139692746601684,1.139692746601682,0.0,0.0,0.0,0.0,0.0,0.0,0.0,0.0,0.0
1190,0.3749050923431975,0.37490509234319735,0.37490509234319697,0.3749050923431967,0.37490509234319713,0.37490509234319735,1.134008505314061,1.134008505314059,1.134008505314057,0.0,0.0,0.0,0.0,0.0,0.0,0.0,0.0,0.0
1191,0.37303524539436644,0.3730352453943663,0.3730352453943659,0.37303524539436567,0.37303524539436606,0.3730352453943663,1.128352614298132,1.12835261429813,1.128352614298128,0.0,0.0,0.0,0.0,0.0,0.0,0.0,0.0,0.0
1192,0.37117472434609916,0.371174724346099,0.3711747243460986,0.3711747243460984,0.37117472434609877,0.371174724346099,1.1227249321563286,1.1227249321563266,1.1227249321563246,0.0,0.0,0.0,0.0,0.0,0.0,0.0,0.0,0.0
1193,0.3693234826852726,0.36932348268527243,0.36932348268527204,0.3693234826852718,0.3693234826852722,0.36932348268527243,1.1171253181963046,1.1171253181963026,1.1171253181963006,0.0,0.0,0.0,0.0,0.0,0.0,0.0,0.0,0.0
1194,0.3674814741307488,0.3674814741307486,0.3674814741307482,0.367481474130748,0.3674814741307484,0.3674814741307486,1.1115536324274191,1.1115536324274171,1.1115536324274151,0.0,0.0,0.0,0.0,0.0,0.0,0.0,0.0,0.0
1195,0.3656486526322179,0.36564865263221774,0.36564865263221735,0.36564865263221713,0.3656486526322175,0.36564865263221774,1.1060097355572378,1.1060097355572358,1.1060097355572338,0.0,0.0,0.0,0.0,0.0,0.0,0.0,0.0,0.0
1196,0.36382497236904704,0.3638249723690469,0.3638249723690465,0.36382497236904626,0.36382497236904665,0.3638249723690469,1.1004934889880502,1.1004934889880482,1.1004934889880462,0.0,0.0,0.0,0.0,0.0,0.0,0.0,0.0,0.0
1197,0.36201038774913463,0.36201038774913447,0.3620103877491341,0.36201038774913386,0.36201038774913424,0.36201038774913447,1.0950047548134048,1.0950047548134028,1.0950047548134008,0.0,0.0,0.0,0.0,0.0,0.0,0.0,0.0,0.0
1198,0.3602048534077707,0.36020485340777053,0.36020485340777014,0.3602048534077699,0.3602048534077703,0.36020485340777053,1.0895433958146612,1.0895433958146592,1.0895433958146572,0.0,0.0,0.0,0.0,0.0,0.0,0.0,0.0,0.0
1199,0.35840832420650265,0.3584083242065025,0.3584083242065021,0.35840832420650187,0.35840832420650226,0.3584083242065025,1.08410927545756,1.084109275457558,1.084109275457556,0.0,0.0,0.0,0.0,0.0,0.0,0.0,0.0,0.0
1200,0.35662075523200687,0.3566207552320067,0.3566207552320063,0.3566207552320061,0.3566207552320065,0.3566207552320067,1.0787022578888095,1.0787022578888075,1.0787022578888055,0.0,0.0,0.0,0.0,0.0,0.0,0.0,0.0,0.0
1201,0.3548421017949659,0.3548421017949657,0.35484210179496534,0.3548421017949651,0.3548421017949655,0.3548421017949657,1.0733222079326885,1.0733222079326865,1.0733222079326845,0.0,0.0,0.0,0.0,0.0,0.0,0.0,0.0,0.0
1202,0.3530723194289512,0.353072319428951,0.3530723194289506,0.3530723194289504,0.3530723194289508,0.353072319428951,1.067968991087668,1.0679689910876662,1.0679689910876642,0.0,0.0,0.0,0.0,0.0,0.0,0.0,0.0,0.0
1203,0.3513113638893114,0.3513113638893112,0.35131136388931083,0.3513113638893106,0.351311363889311,0.3513113638893112,1.0626424735230482,1.0626424735230464,1.0626424735230444,0.0,0.0,0.0,0.0,0.0,0.0,0.0,0.0,0.0
1204,0.3495591911520663,0.34955919115206613,0.34955919115206574,0.3495591911520655,0.3495591911520659,0.34955919115206613,1.0573425220756125,1.0573425220756107,1.0573425220756087,0.0,0.0,0.0,0.0,0.0,0.0,0.0,0.0,0.0
1205,0.34781575741280624,0.34781575741280607,0.3478157574128057,0.34781575741280546,0.34781575741280585,0.34781575741280607,1.0520690042462986,1.0520690042462968,1.0520690042462948,0.0,0.0,0.0,0.0,0.0,0.0,0.0,0.0,0.0
1206,0.3460810190855969,0.34608101908559674,0.34608101908559635,0.34608101908559613,0.3460810190855965,0.34608101908559674,1.0468217881968862,1.0468217881968844,1.0468217881968824,0.0,0.0,0.0,0.0,0.0,0.0,0.0,0.0,0.0
1207,0.3443549328018898,0.3443549328018896,0.3443549328018892,0.344354932801889,0.3443549328018894,0.3443549328018896,1.0416007427467007,1.041600742746699,1.041600742746697,0.0,0.0,0.0,0.0,0.0,0.0,0.0,0.0,0.0
1208,0.34263745540943785,0.3426374554094377,0.3426374554094373,0.3426374554094371,0.34263745540943746,0.3426374554094377,1.036405737369334,1.0364057373693323,1.0364057373693303,0.0,0.0,0.0,0.0,0.0,0.0,0.0,0.0,0.0
1209,0.3409285439712169,0.34092854397121675,0.34092854397121636,0.34092854397121614,0.3409285439712165,0.34092854397121675,1.031236642189381,1.0312366421893793,1.0312366421893773,0.0,0.0,0.0,0.0,0.0,0.0,0.0,0.0,0.0
1210,0.33922815576435195,0.3392281557643518,0.3392281557643514,0.33922815576435117,0.33922815576435156,0.3392281557643518,1.026093327979193,1.0260933279791913,1.0260933279791893,0.0,0.0,0.0,0.0,0.0,0.0,0.0,0.0,0.0
1211,0.3375362482790492,0.33753624827904904,0.3375362482790487,0.3375362482790485,0.3375362482790489,0.33753624827904904,1.020975666155647,1.0209756661556453,1.0209756661556433,0.0,0.0,0.0,0.0,0.0,0.0,0.0,0.0,0.0
1212,0.3358527792175335,0.3358527792175333,0.33585277921753304,0.3358527792175328,0.33585277921753315,0.3358527792175333,1.0158835287769308,1.015883528776929,1.015883528776927,0.0,0.0,0.0,0.0,0.0,0.0,0.0,0.0,0.0
1213,0.33417770649299056,0.3341777064929904,0.3341777064929901,0.3341777064929899,0.3341777064929902,0.3341777064929904,1.0108167885393444,1.0108167885393426,1.0108167885393409,0.0,0.0,0.0,0.0,0.0,0.0,0.0,0.0,0.0
1214,0.33251098822851505,0.3325109882285149,0.3325109882285146,0.3325109882285144,0.3325109882285147,0.3325109882285149,1.0057753187741183,1.0057753187741167,1.005775318774115,0.0,0.0,0.0,0.0,0.0,0.0,0.0,0.0,0.0
1215,0.33085258275606355,0.3308525827560634,0.3308525827560631,0.3308525827560629,0.3308525827560632,0.3308525827560634,1.0007589934442458,1.0007589934442442,1.0007589934442425,0.0,0.0,0.0,0.0,0.0,0.0,0.0,0.0,0.0
1216,0.32920244861541287,0.3292024486154127,0.3292024486154124,0.3292024486154122,0.32920244861541254,0.3292024486154127,0.9957676871413323,0.9957676871413308,0.995767687141329,0.0,0.0,0.0,0.0,0.0,0.0,0.0,0.0,0.0
1217,0.32756054455312356,0.3275605445531234,0.3275605445531231,0.3275605445531229,0.3275605445531232,0.3275605445531234,0.9908012750824602,0.9908012750824589,0.9908012750824572,0.0,0.0,0.0,0.0,0.0,0.0,0.0,0.0,0.0
1218,0.32592682952150853,0.32592682952150837,0.3259268295215081,0.32592682952150787,0.3259268295215082,0.32592682952150837,0.9858596331070694,0.9858596331070683,0.9858596331070667,0.0,0.0,0.0,0.0,0.0,0.0,0.0,0.0,0.0
1219,0.32430126267760695,0.3243012626776068,0.3243012626776065,0.3243012626776063,0.3243012626776066,0.3243012626776068,0.9809426376738531,0.9809426376738521,0.9809426376738507,0.0,0.0,0.0,0.0,0.0,0.0,0.0,0.0,0.0
1220,0.322683803382163,0.32268380338216285,0.32268380338216257,0.32268380338216235,0.3226838033821627,0.32268380338216285,0.9760501658576697,0.9760501658576687,0.9760501658576674,0.0,0.0,0.0,0.0,0.0,0.0,0.0,0.0,0.0
1221,0.3210744111986101,0.3210744111986099,0.32107441119860963,0.3210744111986094,0.32107441119860974,0.3210744111986099,0.9711820953464687,0.9711820953464677,0.9711820953464665,0.0,0.0,0.0,0.0,0.0,0.0,0.0,0.0,0.0
1222,0.3194730458920597,0.31947304589205955,0.31947304589205927,0.31947304589205905,0.3194730458920594,0.31947304589205955,0.9663383044382338,0.9663383044382328,0.9663383044382318,0.0,0.0,0.0,0.0,0.0,0.0,0.0,0.0,0.0
1223,0.31787966742829593,0.31787966742829576,0.3178796674282955,0.31787966742829527,0.3178796674282956,0.31787966742829576,0.96151867203794,0.961518672037939,0.961518672037938,0.0,0.0,0.0,0.0,0.0,0.0,0.0,0.0,0.0
1224,0.31629423597277406,0.3162942359727739,0.3162942359727736,0.3162942359727734,0.31629423597277373,0.3162942359727739,0.9567230776545262,0.9567230776545252,0.9567230776545242,0.0,0.0,0.0,0.0,0.0,0.0,0.0,0.0,0.0
1225,0.3147167118896252,0.314716711889625,0.31471671188962475,0.3147167118896245,0.31471671188962486,0.314716711889625,0.9519514013978833,0.9519514013978823,0.9519514013978813,0.0,0.0,0.0,0.0,0.0,0.0,0.0,0.0,0.0
1226,0.3131470557406651,0.3131470557406649,0.31314705574066465,0.3131470557406644,0.31314705574066476,0.3131470557406649,0.947203523975856,0.947203523975855,0.9472035239758541,0.0,0.0,0.0,0.0,0.0,0.0,0.0,0.0,0.0
1227,0.31158522828440827,0.3115852282844081,0.3115852282844078,0.3115852282844076,0.31158522828440793,0.3115852282844081,0.9424793266912619,0.9424793266912609,0.9424793266912599,0.0,0.0,0.0,0.0,0.0,0.0,0.0,0.0,0.0
1228,0.3100311904750869,0.31003119047508676,0.3100311904750865,0.3100311904750863,0.3100311904750866,0.31003119047508676,0.9377786914389225,0.9377786914389215,0.9377786914389205,0.0,0.0,0.0,0.0,0.0,0.0,0.0,0.0,0.0
1229,0.30848490346167495,0.3084849034616748,0.3084849034616745,0.30848490346167434,0.3084849034616746,0.3084849034616748,0.9331015007027117,0.9331015007027107,0.9331015007027097,0.0,0.0,0.0,0.0,0.0,0.0,0.0,0.0,0.0
1230,0.30694632858691645,0.3069463285869163,0.306946328586916,0.30694632858691584,0.3069463285869161,0.3069463285869163,0.9284476375526176,0.9284476375526166,0.9284476375526156,0.0,0.0,0.0,0.0,0.0,0.0,0.0,0.0,0.0
1231,0.30541542738635946,0.3054154273863593,0.305415427386359,0.30541542738635885,0.30541542738635913,0.3054154273863593,0.923816985641819,0.923816985641818,0.923816985641817,0.0,0.0,0.0,0.0,0.0,0.0,0.0,0.0,0.0
1232,0.3038921615873942,0.303892161587394,0.30389216158739374,0.30389216158739357,0.30389216158739385,0.303892161587394,0.9192094292037769,0.9192094292037759,0.9192094292037749,0.0,0.0,0.0,0.0,0.0,0.0,0.0,0.0,0.0
1233,0.3023764931082963,0.3023764931082961,0.30237649310829584,0.3023764931082957,0.30237649310829595,0.3023764931082961,0.9146248530493405,0.9146248530493395,0.9146248530493385,0.0,0.0,0.0,0.0,0.0,0.0,0.0,0.0,0.0
1234,0.3008683840572749,0.30086838405727473,0.30086838405727445,0.3008683840572743,0.30086838405727456,0.30086838405727473,0.910063142563867,0.910063142563866,0.910063142563865,0.0,0.0,0.0,0.0,0.0,0.0,0.0,0.0,0.0
1235,0.2993677967315252,0.299367796731525,0.29936779673152475,0.2993677967315246,0.29936779673152486,0.299367796731525,0.9055241837043568,0.9055241837043558,0.9055241837043548,0.0,0.0,0.0,0.0,0.0,0.0,0.0,0.0,0.0
1236,0.2978746936162859,0.2978746936162857,0.29787469361628544,0.29787469361628527,0.29787469361628555,0.2978746936162857,0.901007862996602,0.901007862996601,0.9010078629966,0.0,0.0,0.0,0.0,0.0,0.0,0.0,0.0,0.0
1237,0.29638903738390127,0.2963890373839011,0.2963890373839008,0.29638903738390066,0.29638903738390093,0.2963890373839011,0.8965140675323495,0.8965140675323485,0.8965140675323476,0.0,0.0,0.0,0.0,0.0,0.0,0.0,0.0,0.0
1238,0.2949107908928882,0.294910790892888,0.29491079089288774,0.2949107908928876,0.29491079089288785,0.294910790892888,0.8920426849664789,0.892042684966478,0.8920426849664771,0.0,0.0,0.0,0.0,0.0,0.0,0.0,0.0,0.0
1239,0.2934399171870074,0.29343991718700724,0.29343991718700696,0.2934399171870068,0.29343991718700707,0.29343991718700724,0.887593603514193,0.8875936035141921,0.8875936035141913,0.0,0.0,0.0,0.0,0.0,0.0,0.0,0.0,0.0
1240,0.29197637949433963,0.29197637949433947,0.2919763794943392,0.291976379494339,0.2919763794943393,0.29197637949433947,0.8831667119482239,0.883166711948223,0.8831667119482222,0.0,0.0,0.0,0.0,0.0,0.0,0.0,0.0,0.0
1241,0.2905201412263663,0.29052014122636616,0.2905201412263659,0.2905201412263657,0.290520141226366,0.29052014122636616,0.8787618995960518,0.878761899596051,0.8787618995960501,0.0,0.0,0.0,0.0,0.0,0.0,0.0,0.0,0.0
1242,0.28907116597705496,0.2890711659770548,0.2890711659770545,0.28907116597705435,0.2890711659770546,0.2890711659770548,0.8743790563371384,0.8743790563371376,0.8743790563371368,0.0,0.0,0.0,0.0,0.0,0.0,0.0,0.0,0.0
1243,0.2876294175219488,0.28762941752194865,0.28762941752194837,0.2876294175219482,0.2876294175219485,0.28762941752194865,0.8700180726001742,0.8700180726001734,0.8700180726001725,0.0,0.0,0.0,0.0,0.0,0.0,0.0,0.0,0.0
1244,0.28619485981726145,0.2861948598172613,0.286194859817261,0.28619485981726084,0.2861948598172611,0.2861948598172613,0.8656788393603384,0.8656788393603376,0.8656788393603367,0.0,0.0,0.0,0.0,0.0,0.0,0.0,0.0,0.0
1245,0.2847674569989755,0.2847674569989753,0.28476745699897504,0.2847674569989749,0.28476745699897515,0.2847674569989753,0.8613612481365741,0.8613612481365733,0.8613612481365724,0.0,0.0,0.0,0.0,0.0,0.0,0.0,0.0,0.0
1246,0.28334717338194615,0.283347173381946,0.2833471733819457,0.28334717338194554,0.2833471733819458,0.283347173381946,0.8570651909888758,0.857065190988875,0.8570651909888741,0.0,0.0,0.0,0.0,0.0,0.0,0.0,0.0,0.0
1247,0.28193397345900906,0.2819339734590089,0.2819339734590086,0.28193397345900845,0.2819339734590087,0.2819339734590089,0.8527905605155911,0.8527905605155903,0.8527905605155894,0.0,0.0,0.0,0.0,0.0,0.0,0.0,0.0,0.0
1248,0.2805278219000925,0.28052782190009234,0.28052782190009207,0.2805278219000919,0.2805278219000922,0.28052782190009234,0.8485372498507355,0.8485372498507348,0.8485372498507339,0.0,0.0,0.0,0.0,0.0,0.0,0.0,0.0,0.0
1249,0.2791286835513343,0.27912868355133413,0.27912868355133386,0.2791286835513337,0.27912868355133397,0.27912868355133413,0.8443051526613209,0.8443051526613201,0.8443051526613192,0.0,0.0,0.0,0.0,0.0,0.0,0.0,0.0,0.0
1250,0.27773652343420285,0.2777365234342027,0.2777365234342024,0.27773652343420224,0.2777365234342025,0.2777365234342027,0.840094163144697,0.8400941631446962,0.8400941631446953,0.0,0.0,0.0,0.0,0.0,0.0,0.0,0.0,0.0
1251,0.2763513067446227,0.27635130674462255,0.27635130674462227,0.2763513067446221,0.2763513067446224,0.27635130674462255,0.8359041760259067,0.8359041760259059,0.835904176025905,0.0,0.0,0.0,0.0,0.0,0.0,0.0,0.0,0.0
1252,0.27497299885210447,0.2749729988521043,0.274972998852104,0.27497299885210386,0.27497299885210413,0.2749729988521043,0.8317350865550538,0.831735086555053,0.8317350865550521,0.0,0.0,0.0,0.0,0.0,0.0,0.0,0.0,0.0
1253,0.2736015652988791,0.2736015652988789,0.27360156529887864,0.27360156529887847,0.27360156529887875,0.2736015652988789,0.8275867905046843,0.8275867905046835,0.8275867905046826,0.0,0.0,0.0,0.0,0.0,0.0,0.0,0.0,0.0
1254,0.2722369717990362,0.27223697179903605,0.2722369717990358,0.2722369717990356,0.2722369717990359,0.27223697179903605,0.8234591841671809,0.8234591841671801,0.8234591841671793,0.0,0.0,0.0,0.0,0.0,0.0,0.0,0.0,0.0
1255,0.2708791842376674,0.2708791842376672,0.27087918423766694,0.27087918423766677,0.27087918423766705,0.2708791842376672,0.8193521643521703,0.8193521643521695,0.8193521643521687,0.0,0.0,0.0,0.0,0.0,0.0,0.0,0.0,0.0
1256,0.2695281686700128,0.2695281686700126,0.26952816867001234,0.26952816867001217,0.26952816867001245,0.2695281686700126,0.815265628383943,0.8152656283839423,0.8152656283839416,0.0,0.0,0.0,0.0,0.0,0.0,0.0,0.0,0.0
1257,0.2681838913206129,0.2681838913206127,0.26818389132061243,0.26818389132061227,0.26818389132061254,0.2681838913206127,0.8111994740988872,0.8111994740988865,0.8111994740988857,0.0,0.0,0.0,0.0,0.0,0.0,0.0,0.0,0.0
1258,0.2668463185824639,0.2668463185824637,0.26684631858246344,0.26684631858246327,0.26684631858246355,0.2668463185824637,0.8071535998429338,0.8071535998429331,0.8071535998429323,0.0,0.0,0.0,0.0,0.0,0.0,0.0,0.0,0.0
1259,0.2655154170161777,0.26551541701617754,0.26551541701617726,0.2655154170161771,0.26551541701617737,0.26551541701617754,0.8031279044690158,0.8031279044690152,0.8031279044690144,0.0,0.0,0.0,0.0,0.0,0.0,0.0,0.0,0.0
1260,0.2641911533491459,0.2641911533491457,0.26419115334914545,0.2641911533491453,0.26419115334914556,0.2641911533491457,0.7991222873345392,0.7991222873345385,0.7991222873345377,0.0,0.0,0.0,0.0,0.0,0.0,0.0,0.0,0.0
1261,0.26287349447470776,0.2628734944747076,0.2628734944747073,0.26287349447470715,0.2628734944747074,0.2628734944747076,0.7951366482988669,0.7951366482988662,0.7951366482988654,0.0,0.0,0.0,0.0,0.0,0.0,0.0,0.0,0.0
1262,0.26156240745132286,0.2615624074513227,0.2615624074513224,0.26156240745132225,0.26156240745132253,0.2615624074513227,0.7911708877208155,0.7911708877208148,0.791170887720814,0.0,0.0,0.0,0.0,0.0,0.0,0.0,0.0,0.0
1263,0.2602578595017473,0.2602578595017471,0.26025785950174685,0.2602578595017467,0.26025785950174696,0.2602578595017471,0.7872249064561638,0.7872249064561633,0.7872249064561625,0.0,0.0,0.0,0.0,0.0,0.0,0.0,0.0,0.0
1264,0.25895981801221435,0.2589598180122142,0.2589598180122139,0.25895981801221374,0.258959818012214,0.2589598180122142,0.783298605855175,0.7832986058551744,0.7832986058551736,0.0,0.0,0.0,0.0,0.0,0.0,0.0,0.0,0.0
1265,0.25766825053161924,0.25766825053161907,0.2576682505316188,0.2576682505316186,0.2576682505316189,0.25766825053161907,0.7793918877601294,0.7793918877601288,0.779391887760128,0.0,0.0,0.0,0.0,0.0,0.0,0.0,0.0,0.0
1266,0.2563831247707076,0.25638312477070746,0.2563831247707072,0.256383124770707,0.2563831247707073,0.25638312477070746,0.7755046545028711,0.7755046545028705,0.7755046545028698,0.0,0.0,0.0,0.0,0.0,0.0,0.0,0.0,0.0
1267,0.2551044086012686,0.25510440860126843,0.25510440860126815,0.255104408601268,0.25510440860126826,0.25510440860126843,0.7716368089023663,0.7716368089023657,0.771636808902365,0.0,0.0,0.0,0.0,0.0,0.0,0.0,0.0,0.0
1268,0.2538320700553313,0.25383207005533115,0.25383207005533087,0.2538320700553307,0.253832070055331,0.25383207005533115,0.7677882542622735,0.7677882542622729,0.7677882542622722,0.0,0.0,0.0,0.0,0.0,0.0,0.0,0.0,0.0
1269,0.2525660773243658,0.25256607732436565,0.25256607732436537,0.2525660773243652,0.2525660773243655,0.25256607732436565,0.7639588943685263,0.7639588943685257,0.7639588943685249,0.0,0.0,0.0,0.0,0.0,0.0,0.0,0.0,0.0
1270,0.2513063987584879,0.25130639875848776,0.2513063987584875,0.2513063987584873,0.2513063987584876,0.25130639875848776,0.7601486334869278,0.7601486334869273,0.7601486334869265,0.0,0.0,0.0,0.0,0.0,0.0,0.0,0.0,0.0
1271,0.2500530028656679,0.25005300286566773,0.25005300286566745,0.2500530028656673,0.25005300286566756,0.25005300286566773,0.7563573763607577,0.7563573763607572,0.7563573763607564,0.0,0.0,0.0,0.0,0.0,0.0,0.0,0.0,0.0
1272,0.2488058583109431,0.24880585831094296,0.24880585831094268,0.2488058583109425,0.2488058583109428,0.24880585831094296,0.7525850282083902,0.7525850282083897,0.7525850282083889,0.0,0.0,0.0,0.0,0.0,0.0,0.0,0.0,0.0
1273,0.24756493391563472,0.24756493391563458,0.24756493391563433,0.24756493391563417,0.24756493391563442,0.24756493391563458,0.7488314947209251,0.7488314947209246,0.7488314947209238,0.0,0.0,0.0,0.0,0.0,0.0,0.0,0.0,0.0
1274,0.24633019865656827,0.24633019865656813,0.24633019865656788,0.24633019865656772,0.24633019865656797,0.24633019865656813,0.7450966820598297,0.7450966820598292,0.7450966820598284,0.0,0.0,0.0,0.0,0.0,0.0,0.0,0.0,0.0
1275,0.24510162166529795,0.2451016216652978,0.24510162166529756,0.2451016216652974,0.24510162166529764,0.2451016216652978,0.741380496854593,0.7413804968545924,0.7413804968545916,0.0,0.0,0.0,0.0,0.0,0.0,0.0,0.0,0.0
1276,0.24387917222733496,0.24387917222733482,0.24387917222733457,0.2438791722273344,0.24387917222733466,0.24387917222733482,0.7376828462003912,0.7376828462003906,0.7376828462003898,0.0,0.0,0.0,0.0,0.0,0.0,0.0,0.0,0.0
1277,0.2426628197813797,0.24266281978137957,0.24266281978137932,0.24266281978137916,0.2426628197813794,0.24266281978137957,0.7340036376557654,0.7340036376557648,0.734003637655764,0.0,0.0,0.0,0.0,0.0,0.0,0.0,0.0,0.0
1278,0.2414525339185577,0.24145253391855756,0.2414525339185573,0.24145253391855714,0.2414525339185574,0.24145253391855756,0.7303427792403103,0.7303427792403098,0.7303427792403091,0.0,0.0,0.0,0.0,0.0,0.0,0.0,0.0,0.0
1279,0.24024828438165932,0.24024828438165918,0.24024828438165893,0.24024828438165877,0.24024828438165902,0.24024828438165918,0.7267001794323751,0.7267001794323745,0.7267001794323739,0.0,0.0,0.0,0.0,0.0,0.0,0.0,0.0,0.0
1280,0.23905004106438343,0.2390500410643833,0.23905004106438305,0.23905004106438288,0.23905004106438313,0.2390500410643833,0.7230757471667746,0.723075747166774,0.7230757471667734,0.0,0.0,0.0,0.0,0.0,0.0,0.0,0.0,0.0
1281,0.23785777401058467,0.23785777401058453,0.23785777401058428,0.2378577740105841,0.23785777401058436,0.23785777401058453,0.7194693918325136,0.719469391832513,0.7194693918325124,0.0,0.0,0.0,0.0,0.0,0.0,0.0,0.0,0.0
1282,0.2366714534135246,0.23667145341352447,0.23667145341352422,0.23667145341352405,0.2366714534135243,0.23667145341352447,0.7158810232705207,0.7158810232705202,0.7158810232705195,0.0,0.0,0.0,0.0,0.0,0.0,0.0,0.0,0.0
1283,0.23549104961512654,0.2354910496151264,0.23549104961512615,0.23549104961512599,0.23549104961512624,0.2354910496151264,0.7123105517713951,0.7123105517713946,0.7123105517713939,0.0,0.0,0.0,0.0,0.0,0.0,0.0,0.0,0.0
1284,0.234316533105234,0.23431653310523387,0.23431653310523362,0.23431653310523345,0.2343165331052337,0.23431653310523387,0.7087578880731633,0.7087578880731628,0.7087578880731621,0.0,0.0,0.0,0.0,0.0,0.0,0.0,0.0,0.0
1285,0.2331478745208731,0.233147874520873,0.23314787452087274,0.23314787452087257,0.23314787452087282,0.233147874520873,0.7052229433590479,0.7052229433590473,0.7052229433590467,0.0,0.0,0.0,0.0,0.0,0.0,0.0,0.0,0.0
1286,0.23198504464551836,0.23198504464551825,0.231985044645518,0.23198504464551783,0.23198504464551808,0.23198504464551825,0.7017056292552468,0.7017056292552463,0.7017056292552456,0.0,0.0,0.0,0.0,0.0,0.0,0.0,0.0,0.0
1287,0.23082801440836231,0.2308280144083622,0.23082801440836195,0.2308280144083618,0.23082801440836204,0.2308280144083622,0.6982058578287244,0.6982058578287238,0.6982058578287231,0.0,0.0,0.0,0.0,0.0,0.0,0.0,0.0,0.0
1288,0.22967675488358877,0.22967675488358869,0.22967675488358844,0.22967675488358827,0.22967675488358852,0.22967675488358869,0.6947235415850125,0.6947235415850119,0.6947235415850113,0.0,0.0,0.0,0.0,0.0,0.0,0.0,0.0,0.0
1289,0.22853123728964966,0.22853123728964958,0.22853123728964933,0.22853123728964916,0.2285312372896494,0.22853123728964958,0.6912585934660238,0.6912585934660233,0.6912585934660226,0.0,0.0,0.0,0.0,0.0,0.0,0.0,0.0,0.0
1290,0.22739143298854547,0.2273914329885454,0.22739143298854514,0.22739143298854497,0.22739143298854522,0.2273914329885454,0.6878109268478748,0.6878109268478743,0.6878109268478736,0.0,0.0,0.0,0.0,0.0,0.0,0.0,0.0,0.0
1291,0.22625731348510933,0.22625731348510925,0.226257313485109,0.22625731348510883,0.22625731348510908,0.22625731348510925,0.6843804555387206,0.6843804555387201,0.6843804555387194,0.0,0.0,0.0,0.0,0.0,0.0,0.0,0.0,0.0
1292,0.22512885042629455,0.22512885042629446,0.2251288504262942,0.22512885042629405,0.2251288504262943,0.22512885042629446,0.6809670937765997,0.6809670937765991,0.6809670937765985,0.0,0.0,0.0,0.0,0.0,0.0,0.0,0.0,0.0
1293,0.2240060156004659,0.22400601560046582,0.22400601560046557,0.2240060156004654,0.22400601560046565,0.22400601560046582,0.6775707562272902,0.6775707562272897,0.677570756227289,0.0,0.0,0.0,0.0,0.0,0.0,0.0,0.0,0.0
1294,0.22288878093669426,0.22288878093669418,0.22288878093669393,0.22288878093669376,0.222888780936694,0.22288878093669418,0.6741913579821767,0.6741913579821761,0.6741913579821754,0.0,0.0,0.0,0.0,0.0,0.0,0.0,0.0,0.0
1295,0.22177711850405482,0.22177711850405474,0.2217771185040545,0.22177711850405432,0.22177711850405457,0.22177711850405474,0.6708288145561268,0.6708288145561262,0.6708288145561255,0.0,0.0,0.0,0.0,0.0,0.0,0.0,0.0,0.0
1296,0.2206710005109289,0.2206710005109288,0.22067100051092856,0.2206710005109284,0.22067100051092864,0.2206710005109288,0.6674830418853798,0.6674830418853792,0.6674830418853785,0.0,0.0,0.0,0.0,0.0,0.0,0.0,0.0,0.0
1297,0.21957039930430902,0.21957039930430894,0.2195703993043087,0.21957039930430852,0.21957039930430877,0.21957039930430894,0.6641539563254447,0.6641539563254442,0.6641539563254435,0.0,0.0,0.0,0.0,0.0,0.0,0.0,0.0,0.0
1298,0.21847528736910773,0.21847528736910765,0.2184752873691074,0.21847528736910724,0.21847528736910748,0.21847528736910765,0.6608414746490092,0.6608414746490087,0.660841474649008,0.0,0.0,0.0,0.0,0.0,0.0,0.0,0.0,0.0
1299,0.2173856373274696,0.21738563732746952,0.21738563732746927,0.2173856373274691,0.21738563732746935,0.21738563732746952,0.6575455140438587,0.6575455140438582,0.6575455140438575,0.0,0.0,0.0,0.0,0.0,0.0,0.0,0.0,0.0
1300,0.21630142193808682,0.21630142193808674,0.2163014219380865,0.21630142193808632,0.21630142193808657,0.21630142193808674,0.6542659921108066,0.654265992110806,0.6542659921108054,0.0,0.0,0.0,0.0,0.0,0.0,0.0,0.0,0.0
1301,0.2152226140955182,0.21522261409551813,0.21522261409551788,0.2152226140955177,0.21522261409551796,0.21522261409551813,0.6510028268616336,0.651002826861633,0.6510028268616324,0.0,0.0,0.0,0.0,0.0,0.0,0.0,0.0,0.0
1302,0.2141491868295115,0.21414918682951142,0.21414918682951117,0.214149186829511,0.21414918682951126,0.21414918682951142,0.6477559367170386,0.647755936717038,0.6477559367170374,0.0,0.0,0.0,0.0,0.0,0.0,0.0,0.0,0.0
1303,0.21308111330432916,0.21308111330432908,0.21308111330432883,0.21308111330432866,0.2130811133043289,0.21308111330432908,0.6445252405045988,0.6445252405045983,0.6445252405045976,0.0,0.0,0.0,0.0,0.0,0.0,0.0,0.0,0.0
1304,0.2120183668180774,0.21201836681807731,0.21201836681807706,0.2120183668180769,0.21201836681807715,0.21201836681807731,0.6413106574567407,0.6413106574567401,0.6413106574567394,0.0,0.0,0.0,0.0,0.0,0.0,0.0,0.0,0.0
1305,0.21096092080203874,0.21096092080203865,0.2109609208020384,0.21096092080203824,0.2109609208020385,0.21096092080203865,0.6381121072087206,0.63811210720872,0.6381121072087194,0.0,0.0,0.0,0.0,0.0,0.0,0.0,0.0,0.0
1306,0.20990874882000768,0.2099087488200076,0.20990874882000735,0.20990874882000718,0.20990874882000743,0.2099087488200076,0.6349295097966158,0.6349295097966152,0.6349295097966146,0.0,0.0,0.0,0.0,0.0,0.0,0.0,0.0,0.0
1307,0.20886182456762986,0.20886182456762978,0.20886182456762953,0.20886182456762936,0.2088618245676296,0.20886182456762978,0.6317627856553252,0.6317627856553246,0.631762785655324,0.0,0.0,0.0,0.0,0.0,0.0,0.0,0.0,0.0
1308,0.20782012187174448,0.2078201218717444,0.20782012187174415,0.20782012187174398,0.20782012187174423,0.2078201218717444,0.6286118556165803,0.6286118556165797,0.6286118556165791,0.0,0.0,0.0,0.0,0.0,0.0,0.0,0.0,0.0
1309,0.20678361468972986,0.20678361468972978,0.20678361468972953,0.20678361468972936,0.2067836146897296,0.20678361468972978,0.625476640906966,0.6254766409069654,0.6254766409069648,0.0,0.0,0.0,0.0,0.0,0.0,0.0,0.0,0.0
1310,0.20575227710885247,0.20575227710885238,0.20575227710885213,0.20575227710885197,0.20575227710885222,0.20575227710885238,0.6223570631459513,0.6223570631459507,0.6223570631459501,0.0,0.0,0.0,0.0,0.0,0.0,0.0,0.0,0.0
1311,0.20472608334561906,0.20472608334561898,0.20472608334561873,0.20472608334561856,0.20472608334561881,0.20472608334561898,0.6192530443439297,0.6192530443439291,0.6192530443439285,0.0,0.0,0.0,0.0,0.0,0.0,0.0,0.0,0.0
1312,0.20370500774513214,0.20370500774513206,0.2037050077451318,0.20370500774513164,0.2037050077451319,0.20370500774513206,0.6161645069002695,0.616164506900269,0.6161645069002684,0.0,0.0,0.0,0.0,0.0,0.0,0.0,0.0,0.0
1313,0.20268902478044848,0.2026890247804484,0.20268902478044815,0.20268902478044798,0.20268902478044823,0.2026890247804484,0.6130913736013738,0.6130913736013733,0.6130913736013727,0.0,0.0,0.0,0.0,0.0,0.0,0.0,0.0,0.0
1314,0.20167810905194106,0.20167810905194097,0.20167810905194072,0.20167810905194056,0.2016781090519408,0.20167810905194097,0.6100335676187499,0.6100335676187495,0.6100335676187488,0.0,0.0,0.0,0.0,0.0,0.0,0.0,0.0,0.0
1315,0.20067223528666403,0.20067223528666395,0.2006722352866637,0.20067223528666353,0.20067223528666378,0.20067223528666395,0.6069910125070892,0.6069910125070888,0.6069910125070881,0.0,0.0,0.0,0.0,0.0,0.0,0.0,0.0,0.0
1316,0.19967137833772083,0.19967137833772075,0.1996713783377205,0.19967137833772033,0.19967137833772058,0.19967137833772075,0.6039636322023553,0.6039636322023548,0.6039636322023542,0.0,0.0,0.0,0.0,0.0,0.0,0.0,0.0,0.0
1317,0.19867551318363566,0.19867551318363558,0.19867551318363533,0.19867551318363516,0.1986755131836354,0.19867551318363558,0.6009513510198828,0.6009513510198824,0.6009513510198817,0.0,0.0,0.0,0.0,0.0,0.0,0.0,0.0,0.0
1318,0.19768461492772776,0.19768461492772768,0.19768461492772743,0.19768461492772726,0.19768461492772751,0.19768461492772768,0.5979540936524855,0.5979540936524851,0.5979540936524844,0.0,0.0,0.0,0.0,0.0,0.0,0.0,0.0,0.0
1319,0.19669865879748913,0.19669865879748905,0.1966986587974888,0.19669865879748863,0.19669865879748888,0.19669865879748905,0.594971785168573,0.5949717851685725,0.5949717851685719,0.0,0.0,0.0,0.0,0.0,0.0,0.0,0.0,0.0
1320,0.19571762014396518,0.1957176201439651,0.19571762014396485,0.19571762014396468,0.19571762014396493,0.1957176201439651,0.5920043510102777,0.5920043510102774,0.5920043510102767,0.0,0.0,0.0,0.0,0.0,0.0,0.0,0.0,0.0
1321,0.19474147444113846,0.19474147444113837,0.19474147444113812,0.19474147444113796,0.1947414744411382,0.19474147444113837,0.5890517169915913,0.589051716991591,0.5890517169915903,0.0,0.0,0.0,0.0,0.0,0.0,0.0,0.0,0.0
1322,0.19377019728531555,0.19377019728531547,0.19377019728531522,0.19377019728531505,0.1937701972853153,0.19377019728531547,0.5861138092965096,0.5861138092965092,0.5861138092965086,0.0,0.0,0.0,0.0,0.0,0.0,0.0,0.0,0.0
1323,0.192803764394517,0.1928037643945169,0.19280376439451666,0.1928037643945165,0.19280376439451674,0.1928037643945169,0.583190554477187,0.5831905544771867,0.583190554477186,0.0,0.0,0.0,0.0,0.0,0.0,0.0,0.0,0.0
1324,0.19184215160787016,0.19184215160787008,0.19184215160786983,0.19184215160786966,0.1918421516078699,0.19184215160787008,0.580281879452101,0.5802818794521006,0.5802818794521,0.0,0.0,0.0,0.0,0.0,0.0,0.0,0.0,0.0
1325,0.1908853348850053,0.19088533488500523,0.19088533488500498,0.1908853348850048,0.19088533488500506,0.19088533488500523,0.5773877115042242,0.5773877115042239,0.5773877115042232,0.0,0.0,0.0,0.0,0.0,0.0,0.0,0.0,0.0
1326,0.18993329030545456,0.18993329030545447,0.18993329030545422,0.18993329030545406,0.1899332903054543,0.18993329030545447,0.5745079782792073,0.574507978279207,0.5745079782792063,0.0,0.0,0.0,0.0,0.0,0.0,0.0,0.0,0.0
1327,0.1889859940680538,0.18898599406805372,0.18898599406805347,0.1889859940680533,0.18898599406805355,0.18898599406805372,0.5716426077835698,0.5716426077835695,0.5716426077835688,0.0,0.0,0.0,0.0,0.0,0.0,0.0,0.0,0.0
1328,0.18804342249034778,0.1880434224903477,0.18804342249034744,0.18804342249034728,0.18804342249034753,0.1880434224903477,0.5687915283828999,0.5687915283828996,0.5687915283828989,0.0,0.0,0.0,0.0,0.0,0.0,0.0,0.0,0.0
1329,0.18710555200799794,0.18710555200799786,0.1871055520079976,0.18710555200799744,0.1871055520079977,0.18710555200799786,0.5659546688000642,0.5659546688000638,0.5659546688000632,0.0,0.0,0.0,0.0,0.0,0.0,0.0,0.0,0.0
1330,0.1861723591741934,0.1861723591741933,0.18617235917419306,0.1861723591741929,0.18617235917419314,0.1861723591741933,0.5631319581134253,0.563131958113425,0.5631319581134243,0.0,0.0,0.0,0.0,0.0,0.0,0.0,0.0,0.0
1331,0.18524382065906467,0.1852438206590646,0.18524382065906436,0.1852438206590642,0.18524382065906445,0.1852438206590646,0.560323325755069,0.5603233257550687,0.560323325755068,0.0,0.0,0.0,0.0,0.0,0.0,0.0,0.0,0.0
1332,0.18431991324910055,0.1843199132491005,0.18431991324910024,0.18431991324910008,0.18431991324910033,0.1843199132491005,0.5575287015090402,0.5575287015090399,0.5575287015090392,0.0,0.0,0.0,0.0,0.0,0.0,0.0,0.0,0.0
1333,0.18340061384656767,0.1834006138465676,0.18340061384656736,0.1834006138465672,0.18340061384656745,0.1834006138465676,0.5547480155095871,0.5547480155095867,0.5547480155095861,0.0,0.0,0.0,0.0,0.0,0.0,0.0,0.0,0.0
1334,0.18248589946893307,0.182485899468933,0.18248589946893276,0.1824858994689326,0.18248589946893284,0.182485899468933,0.5519811982394148,0.5519811982394145,0.5519811982394138,0.0,0.0,0.0,0.0,0.0,0.0,0.0,0.0,0.0
1335,0.18157574724828968,0.18157574724828962,0.18157574724828937,0.1815757472482892,0.18157574724828945,0.18157574724828962,0.5492281805279476,0.5492281805279473,0.5492281805279466,0.0,0.0,0.0,0.0,0.0,0.0,0.0,0.0,0.0
1336,0.18067013443078458,0.18067013443078453,0.18067013443078428,0.1806701344307841,0.18067013443078436,0.18067013443078453,0.5464888935495993,0.546488893549599,0.5464888935495983,0.0,0.0,0.0,0.0,0.0,0.0,0.0,0.0,0.0
1337,0.17976903837605016,0.1797690383760501,0.17976903837604985,0.17976903837604968,0.17976903837604993,0.1797690383760501,0.5437632688220526,0.5437632688220523,0.5437632688220516,0.0,0.0,0.0,0.0,0.0,0.0,0.0,0.0,0.0
1338,0.17887243655663812,0.17887243655663806,0.17887243655663781,0.17887243655663765,0.1788724365566379,0.17887243655663806,0.5410512382045476,0.5410512382045473,0.5410512382045466,0.0,0.0,0.0,0.0,0.0,0.0,0.0,0.0,0.0
1339,0.17798030655745628,0.17798030655745622,0.17798030655745598,0.1779803065574558,0.17798030655745606,0.17798030655745622,0.5383527338961774,0.5383527338961771,0.5383527338961764,0.0,0.0,0.0,0.0,0.0,0.0,0.0,0.0,0.0
1340,0.17709262607520818,0.17709262607520812,0.17709262607520787,0.17709262607520773,0.17709262607520795,0.17709262607520812,0.5356676884341939,0.5356676884341935,0.5356676884341929,0.0,0.0,0.0,0.0,0.0,0.0,0.0,0.0,0.0
1341,0.17620937291783553,0.17620937291783548,0.17620937291783526,0.17620937291783512,0.17620937291783534,0.17620937291783548,0.5329960346923206,0.5329960346923203,0.5329960346923196,0.0,0.0,0.0,0.0,0.0,0.0,0.0,0.0,0.0
1342,0.17533052500396343,0.17533052500396337,0.17533052500396315,0.175330525003963,0.17533052500396323,0.17533052500396337,0.5303377058790748,0.5303377058790745,0.5303377058790738,0.0,0.0,0.0,0.0,0.0,0.0,0.0,0.0,0.0
1343,0.17445606036234823,0.17445606036234818,0.17445606036234795,0.17445606036234781,0.17445606036234804,0.17445606036234818,0.5276926355360978,0.5276926355360975,0.5276926355360968,0.0,0.0,0.0,0.0,0.0,0.0,0.0,0.0,0.0
1344,0.17358595713132835,0.1735859571313283,0.17358595713132807,0.17358595713132793,0.17358595713132816,0.1735859571313283,0.5250607575364932,0.5250607575364928,0.5250607575364922,0.0,0.0,0.0,0.0,0.0,0.0,0.0,0.0,0.0
1345,0.1727201935582777,0.17272019355827764,0.17272019355827742,0.17272019355827728,0.1727201935582775,0.17272019355827764,0.5224420060831739,0.5224420060831736,0.5224420060831729,0.0,0.0,0.0,0.0,0.0,0.0,0.0,0.0,0.0
1346,0.17185874799906184,0.17185874799906178,0.17185874799906156,0.17185874799906142,0.17185874799906165,0.17185874799906178,0.5198363157072173,0.519836315707217,0.5198363157072163,0.0,0.0,0.0,0.0,0.0,0.0,0.0,0.0,0.0
1347,0.17100159891749694,0.1710015989174969,0.17100159891749667,0.17100159891749653,0.17100159891749675,0.1710015989174969,0.5172436212662282,0.5172436212662279,0.5172436212662272,0.0,0.0,0.0,0.0,0.0,0.0,0.0,0.0,0.0
1348,0.17014872488481134,0.17014872488481128,0.17014872488481106,0.17014872488481092,0.17014872488481114,0.17014872488481128,0.5146638579427106,0.5146638579427103,0.5146638579427096,0.0,0.0,0.0,0.0,0.0,0.0,0.0,0.0,0.0
1349,0.16930010457910977,0.1693001045791097,0.1693001045791095,0.16930010457910935,0.16930010457910957,0.1693001045791097,0.512096961242447,0.5120969612424466,0.512096961242446,0.0,0.0,0.0,0.0,0.0,0.0,0.0,0.0,0.0
1350,0.1684557167848404,0.16845571678484034,0.16845571678484011,0.16845571678483998,0.1684557167848402,0.16845571678484034,0.5095428669928861,0.5095428669928858,0.5095428669928851,0.0,0.0,0.0,0.0,0.0,0.0,0.0,0.0,0.0
1351,0.1676155403922644,0.16761554039226434,0.16761554039226412,0.16761554039226398,0.1676155403922642,0.16761554039226434,0.5070015113415388,0.5070015113415385,0.5070015113415378,0.0,0.0,0.0,0.0,0.0,0.0,0.0,0.0,0.0
1352,0.16677955439692818,0.16677955439692813,0.1667795543969279,0.16677955439692776,0.166779554396928,0.16677955439692813,0.5044728307543814,0.5044728307543811,0.5044728307543804,0.0,0.0,0.0,0.0,0.0,0.0,0.0,0.0,0.0
1353,0.16594773789913833,0.16594773789913828,0.16594773789913805,0.16594773789913791,0.16594773789913814,0.16594773789913828,0.5019567620142675,0.5019567620142672,0.5019567620142665,0.0,0.0,0.0,0.0,0.0,0.0,0.0,0.0,0.0
1354,0.16512007010343907,0.16512007010343902,0.1651200701034388,0.16512007010343865,0.16512007010343888,0.16512007010343902,0.49945324221934756,0.4994532422193472,0.49945324221934656,0.0,0.0,0.0,0.0,0.0,0.0,0.0,0.0,0.0
1355,0.1642965303180924,0.16429653031809235,0.16429653031809213,0.164296530318092,0.16429653031809222,0.16429653031809235,0.4969622087814963,0.49696220878149594,0.49696220878149533,0.0,0.0,0.0,0.0,0.0,0.0,0.0,0.0,0.0
1356,0.16347709795456083,0.16347709795456078,0.16347709795456056,0.16347709795456042,0.16347709795456064,0.16347709795456078,0.494483599424748,0.4944835994247477,0.4944835994247471,0.0,0.0,0.0,0.0,0.0,0.0,0.0,0.0,0.0
1357,0.16266175252699255,0.1626617525269925,0.16266175252699228,0.16266175252699214,0.16266175252699236,0.1626617525269925,0.49201735218373976,0.49201735218373943,0.49201735218373893,0.0,0.0,0.0,0.0,0.0,0.0,0.0,0.0,0.0
1358,0.16185047365170943,0.16185047365170938,0.16185047365170915,0.16185047365170901,0.16185047365170924,0.16185047365170938,0.48956340540216203,0.4895634054021617,0.4895634054021612,0.0,0.0,0.0,0.0,0.0,0.0,0.0,0.0,0.0
1359,0.16104324104669732,0.16104324104669726,0.16104324104669704,0.1610432410466969,0.16104324104669712,0.16104324104669726,0.48712169773121744,0.4871216977312171,0.4871216977312166,0.0,0.0,0.0,0.0,0.0,0.0,0.0,0.0,0.0
1360,0.16024003453109903,0.16024003453109897,0.16024003453109875,0.1602400345310986,0.16024003453109883,0.16024003453109897,0.4846921681280871,0.48469216812808674,0.48469216812808624,0.0,0.0,0.0,0.0,0.0,0.0,0.0,0.0,0.0
1361,0.15944083402470988,0.15944083402470982,0.1594408340247096,0.15944083402470946,0.15944083402470968,0.15944083402470982,0.4822747558544043,0.482274755854404,0.4822747558544035,0.0,0.0,0.0,0.0,0.0,0.0,0.0,0.0,0.0
1362,0.15864561954747555,0.1586456195474755,0.15864561954747528,0.15864561954747514,0.15864561954747536,0.1586456195474755,0.4798694004747364,0.4798694004747361,0.4798694004747356,0.0,0.0,0.0,0.0,0.0,0.0,0.0,0.0,0.0
1363,0.1578543712189927,0.15785437121899265,0.15785437121899243,0.1578543712189923,0.1578543712189925,0.15785437121899265,0.4774760418550736,0.47747604185507325,0.4774760418550728,0.0,0.0,0.0,0.0,0.0,0.0,0.0,0.0,0.0
1364,0.15706706925801192,0.15706706925801187,0.15706706925801164,0.1570670692580115,0.15706706925801173,0.15706706925801187,0.4750946201613257,0.47509462016132536,0.4750946201613249,0.0,0.0,0.0,0.0,0.0,0.0,0.0,0.0,0.0
1365,0.15628369398194317,0.1562836939819431,0.1562836939819429,0.15628369398194278,0.15628369398194297,0.1562836939819431,0.4727250758578264,0.4727250758578261,0.47272507585782564,0.0,0.0,0.0,0.0,0.0,0.0,0.0,0.0,0.0
1366,0.15550422580636375,0.1555042258063637,0.15550422580636347,0.15550422580636336,0.15550422580636356,0.1555042258063637,0.47036734970584465,0.4703673497058444,0.47036734970584393,0.0,0.0,0.0,0.0,0.0,0.0,0.0,0.0,0.0
1367,0.15472864524452867,0.15472864524452862,0.1547286452445284,0.15472864524452828,0.15472864524452848,0.15472864524452862,0.46802138276210387,0.4680213827621036,0.46802138276210314,0.0,0.0,0.0,0.0,0.0,0.0,0.0,0.0,0.0
1368,0.1539569329068835,0.15395693290688345,0.15395693290688323,0.15395693290688311,0.1539569329068833,0.15395693290688345,0.4656871163773083,0.46568711637730803,0.4656871163773076,0.0,0.0,0.0,0.0,0.0,0.0,0.0,0.0,0.0
1369,0.15318906950057962,0.15318906950057956,0.15318906950057934,0.15318906950057923,0.15318906950057942,0.15318906950057956,0.46336449219467674,0.46336449219467646,0.463364492194676,0.0,0.0,0.0,0.0,0.0,0.0,0.0,0.0,0.0
1370,0.15242503582899183,0.15242503582899178,0.15242503582899156,0.15242503582899145,0.15242503582899164,0.15242503582899178,0.4610534521484836,0.4610534521484833,0.46105345214848287,0.0,0.0,0.0,0.0,0.0,0.0,0.0,0.0,0.0
1371,0.15166481279123858,0.15166481279123853,0.1516648127912383,0.1516648127912382,0.1516648127912384,0.15166481279123853,0.45875393846260737,0.4587539384626071,0.45875393846260665,0.0,0.0,0.0,0.0,0.0,0.0,0.0,0.0,0.0
1372,0.15090838138170434,0.1509083813817043,0.15090838138170407,0.15090838138170395,0.15090838138170415,0.1509083813817043,0.4564658936490862,0.4564658936490859,0.45646589364908546,0.0,0.0,0.0,0.0,0.0,0.0,0.0,0.0,0.0
1373,0.15015572268956445,0.1501557226895644,0.15015572268956418,0.15015572268956406,0.15015572268956426,0.1501557226895644,0.4541892605066805,0.45418926050668024,0.4541892605066798,0.0,0.0,0.0,0.0,0.0,0.0,0.0,0.0,0.0
1374,0.14940681789831242,0.14940681789831237,0.14940681789831214,0.14940681789831203,0.14940681789831223,0.14940681789831237,0.45192398211944323,0.45192398211944296,0.4519239821194425,0.0,0.0,0.0,0.0,0.0,0.0,0.0,0.0,0.0
1375,0.14866164828528947,0.1486616482852894,0.1486616482852892,0.14866164828528908,0.14866164828528927,0.1486616482852894,0.44967000185529665,0.4496700018552964,0.44967000185529593,0.0,0.0,0.0,0.0,0.0,0.0,0.0,0.0,0.0
1376,0.14792019522121644,0.14792019522121638,0.14792019522121616,0.14792019522121605,0.14792019522121624,0.14792019522121638,0.4474272633646168,0.4474272633646165,0.4474272633646161,0.0,0.0,0.0,0.0,0.0,0.0,0.0,0.0,0.0
1377,0.14718244016972812,0.14718244016972806,0.14718244016972784,0.14718244016972773,0.14718244016972792,0.14718244016972806,0.44519571057882457,0.4451957105788243,0.44519571057882384,0.0,0.0,0.0,0.0,0.0,0.0,0.0,0.0,0.0
1378,0.1464483646869098,0.14644836468690975,0.14644836468690953,0.14644836468690942,0.1464483646869096,0.14644836468690975,0.4429752877089841,0.4429752877089838,0.44297528770898337,0.0,0.0,0.0,0.0,0.0,0.0,0.0,0.0,0.0
1379,0.14571795042083618,0.14571795042083613,0.1457179504208359,0.1457179504208358,0.145717950420836,0.14571795042083613,0.440765939244408,0.4407659392444077,0.44076593924440727,0.0,0.0,0.0,0.0,0.0,0.0,0.0,0.0,0.0
1380,0.1449911791111126,0.14499117911111253,0.1449911791111123,0.1449911791111122,0.1449911791111124,0.14499117911111253,0.4385676099512696,0.4385676099512693,0.43856760995126887,0.0,0.0,0.0,0.0,0.0,0.0,0.0,0.0,0.0
1381,0.1442680325884184,0.14426803258841833,0.1442680325884181,0.144268032588418,0.1442680325884182,0.14426803258841833,0.43638024487122207,0.4363802448712218,0.43638024487122135,0.0,0.0,0.0,0.0,0.0,0.0,0.0,0.0,0.0
1382,0.14354849277405288,0.14354849277405282,0.1435484927740526,0.1435484927740525,0.14354849277405268,0.14354849277405282,0.43420378932002446,0.4342037893200242,0.43420378932002374,0.0,0.0,0.0,0.0,0.0,0.0,0.0,0.0,0.0
1383,0.1428325416794832,0.14283254167948314,0.14283254167948292,0.1428325416794828,0.142832541679483,0.14283254167948314,0.4320381888861747,0.4320381888861744,0.43203818888617396,0.0,0.0,0.0,0.0,0.0,0.0,0.0,0.0,0.0
1384,0.1421201614058947,0.14212016140589465,0.14212016140589442,0.1421201614058943,0.1421201614058945,0.14212016140589465,0.429883389429549,0.42988338942954873,0.42988338942954835,0.0,0.0,0.0,0.0,0.0,0.0,0.0,0.0,0.0
1385,0.14141133414374346,0.1414113341437434,0.14141133414374318,0.14141133414374307,0.14141133414374327,0.1414113341437434,0.4277393370800489,0.42773933708004863,0.42773933708004824,0.0,0.0,0.0,0.0,0.0,0.0,0.0,0.0,0.0
1386,0.14070604217231097,0.14070604217231092,0.14070604217231072,0.1407060421723106,0.1407060421723108,0.14070604217231092,0.4256059782362539,0.4256059782362536,0.42560597823625324,0.0,0.0,0.0,0.0,0.0,0.0,0.0,0.0,0.0
1387,0.14000426785926126,0.1400042678592612,0.140004267859261,0.1400042678592609,0.1400042678592611,0.1400042678592612,0.4234832595640818,0.4234832595640815,0.4234832595640811,0.0,0.0,0.0,0.0,0.0,0.0,0.0,0.0,0.0
1388,0.1393059936601999,0.13930599366019986,0.13930599366019966,0.13930599366019955,0.13930599366019975,0.13930599366019986,0.42137112799545523,0.42137112799545495,0.42137112799545456,0.0,0.0,0.0,0.0,0.0,0.0,0.0,0.0,0.0
1389,0.1386112021182356,0.13861120211823555,0.13861120211823535,0.13861120211823524,0.13861120211823544,0.13861120211823555,0.419269530726975,0.4192695307269747,0.4192695307269743,0.0,0.0,0.0,0.0,0.0,0.0,0.0,0.0,0.0
1390,0.1379198758635436,0.13791987586354354,0.13791987586354335,0.13791987586354323,0.13791987586354343,0.13791987586354354,0.4171784152185999,0.4171784152185996,0.4171784152185992,0.0,0.0,0.0,0.0,0.0,0.0,0.0,0.0,0.0
1391,0.1372319976129315,0.13723199761293145,0.13723199761293126,0.13723199761293114,0.13723199761293134,0.13723199761293145,0.4150977291923333,0.415097729192333,0.4150977291923326,0.0,0.0,0.0,0.0,0.0,0.0,0.0,0.0,0.0
1392,0.13654755016940723,0.13654755016940717,0.13654755016940698,0.13654755016940687,0.13654755016940706,0.13654755016940717,0.4130274206309162,0.4130274206309159,0.4130274206309155,0.0,0.0,0.0,0.0,0.0,0.0,0.0,0.0,0.0
1393,0.13586651642174905,0.135866516421749,0.1358665164217488,0.13586651642174868,0.13586651642174888,0.135866516421749,0.4109674377765267,0.41096743777652645,0.41096743777652606,0.0,0.0,0.0,0.0,0.0,0.0,0.0,0.0,0.0
1394,0.1351888793440778,0.13518887934407775,0.13518887934407756,0.13518887934407744,0.13518887934407764,0.13518887934407775,0.40891772912948626,0.408917729129486,0.4089177291294856,0.0,0.0,0.0,0.0,0.0,0.0,0.0,0.0,0.0
1395,0.13451462199543127,0.1345146219954312,0.13451462199543102,0.1345146219954309,0.1345146219954311,0.1345146219954312,0.4068782434469719,0.4068782434469716,0.4068782434469712,0.0,0.0,0.0,0.0,0.0,0.0,0.0,0.0,0.0
1396,0.1338437275193406,0.13384372751934054,0.13384372751934034,0.13384372751934023,0.13384372751934043,0.13384372751934054,0.40484892974173525,0.404848929741735,0.4048489297417346,0.0,0.0,0.0,0.0,0.0,0.0,0.0,0.0,0.0
1397,0.13317617914340893,0.13317617914340887,0.13317617914340868,0.13317617914340857,0.13317617914340876,0.13317617914340887,0.40282973728082805,0.40282973728082777,0.4028297372808274,0.0,0.0,0.0,0.0,0.0,0.0,0.0,0.0,0.0
1398,0.1325119601788921,0.13251196017889205,0.13251196017889186,0.13251196017889175,0.13251196017889194,0.13251196017889205,0.40082061558433363,0.40082061558433335,0.40082061558433296,0.0,0.0,0.0,0.0,0.0,0.0,0.0,0.0,0.0
1399,0.13185105402028144,0.13185105402028138,0.1318510540202812,0.13185105402028108,0.13185105402028127,0.13185105402028138,0.3988215144241049,0.39882151442410463,0.39882151442410424,0.0,0.0,0.0,0.0,0.0,0.0,0.0,0.0,0.0
1400,0.1311934441448885,0.13119344414488845,0.13119344414488826,0.13119344414488815,0.13119344414488834,0.13119344414488845,0.39683238382250874,0.39683238382250846,0.3968323838225081,0.0,0.0,0.0,0.0,0.0,0.0,0.0,0.0,0.0
1401,0.13053911411243221,0.13053911411243216,0.13053911411243196,0.13053911411243185,0.13053911411243205,0.13053911411243216,0.3948531740511765,0.3948531740511762,0.3948531740511758,0.0,0.0,0.0,0.0,0.0,0.0,0.0,0.0,0.0
1402,0.12988804756462763,0.12988804756462757,0.12988804756462738,0.1298880475646273,0.12988804756462746,0.12988804756462757,0.3928838356297608,0.39288383562976054,0.39288383562976015,0.0,0.0,0.0,0.0,0.0,0.0,0.0,0.0,0.0
1403,0.12924022822477718,0.12924022822477713,0.12924022822477693,0.12924022822477685,0.12924022822477702,0.12924022822477713,0.3909243193246986,0.39092431932469834,0.39092431932469796,0.0,0.0,0.0,0.0,0.0,0.0,0.0,0.0,0.0
1404,0.1285956398973636,0.12859563989736356,0.12859563989736336,0.12859563989736328,0.12859563989736345,0.12859563989736356,0.3889745761479802,0.3889745761479799,0.38897457614797953,0.0,0.0,0.0,0.0,0.0,0.0,0.0,0.0,0.0
1405,0.12795426646764518,0.12795426646764513,0.12795426646764493,0.12795426646764485,0.12795426646764502,0.12795426646764513,0.38703455735592457,0.3870345573559243,0.3870345573559239,0.0,0.0,0.0,0.0,0.0,0.0,0.0,0.0,0.0
1406,0.12731609190125273,0.12731609190125268,0.12731609190125248,0.1273160919012524,0.12731609190125256,0.12731609190125268,0.3851042144479609,0.3851042144479606,0.3851042144479602,0.0,0.0,0.0,0.0,0.0,0.0,0.0,0.0,0.0
1407,0.12668110024378887,0.1266811002437888,0.12668110024378862,0.12668110024378854,0.1266811002437887,0.1266811002437888,0.38318349916541594,0.38318349916541566,0.3831834991654153,0.0,0.0,0.0,0.0,0.0,0.0,0.0,0.0,0.0
1408,0.12604927562042909,0.12604927562042903,0.12604927562042884,0.12604927562042875,0.12604927562042892,0.12604927562042903,0.38127236349030763,0.38127236349030735,0.38127236349030696,0.0,0.0,0.0,0.0,0.0,0.0,0.0,0.0,0.0
1409,0.12542060223552487,0.12542060223552481,0.12542060223552462,0.12542060223552454,0.1254206022355247,0.12542060223552481,0.3793707596441445,0.37937075964414424,0.37937075964414385,0.0,0.0,0.0,0.0,0.0,0.0,0.0,0.0,0.0
1410,0.12479506437220887,0.12479506437220882,0.12479506437220862,0.12479506437220854,0.1247950643722087,0.12479506437220882,0.37747864008673143,0.37747864008673115,0.37747864008673077,0.0,0.0,0.0,0.0,0.0,0.0,0.0,0.0,0.0
1411,0.12417264639200193,0.12417264639200186,0.12417264639200169,0.12417264639200161,0.12417264639200176,0.12417264639200187,0.37559595751498087,0.3755959575149806,0.3755959575149802,0.0,0.0,0.0,0.0,0.0,0.0,0.0,0.0,0.0
1412,0.12355333273442212,0.12355333273442205,0.1235533327344219,0.12355333273442182,0.12355333273442196,0.12355333273442207,0.3737226648617305,0.3737226648617302,0.37372266486172984,0.0,0.0,0.0,0.0,0.0,0.0,0.0,0.0,0.0
1413,0.12293710791659575,0.12293710791659568,0.12293710791659554,0.12293710791659544,0.12293710791659558,0.12293710791659569,0.37185871529456643,0.37185871529456616,0.37185871529456577,0.0,0.0,0.0,0.0,0.0,0.0,0.0,0.0,0.0
1414,0.12232395653287027,0.1223239565328702,0.12232395653287007,0.12232395653286998,0.1223239565328701,0.12232395653287022,0.3700040622146524,0.3700040622146521,0.3700040622146517,0.0,0.0,0.0,0.0,0.0,0.0,0.0,0.0,0.0
1415,0.12171386325442916,0.1217138632544291,0.12171386325442896,0.12171386325442887,0.121713863254429,0.12171386325442911,0.36815865925556474,0.36815865925556446,0.36815865925556407,0.0,0.0,0.0,0.0,0.0,0.0,0.0,0.0,0.0
1416,0.12110681282890869,0.12110681282890862,0.12110681282890848,0.1211068128289084,0.12110681282890852,0.12110681282890863,0.36632246028213344,0.36632246028213317,0.3663224602821328,0.0,0.0,0.0,0.0,0.0,0.0,0.0,0.0,0.0
1417,0.12050279008001658,0.1205027900800165,0.12050279008001637,0.12050279008001628,0.12050279008001641,0.12050279008001652,0.3644954193892885,0.3644954193892882,0.3644954193892878,0.0,0.0,0.0,0.0,0.0,0.0,0.0,0.0,0.0
1418,0.11990177990715266,0.11990177990715259,0.11990177990715246,0.11990177990715237,0.11990177990715249,0.1199017799071526,0.3626774909009124,0.3626774909009121,0.3626774909009118,0.0,0.0,0.0,0.0,0.0,0.0,0.0,0.0,0.0
1419,0.11930376728503131,0.11930376728503124,0.11930376728503111,0.11930376728503102,0.11930376728503114,0.11930376728503125,0.36086862936869835,0.36086862936869807,0.36086862936869774,0.0,0.0,0.0,0.0,0.0,0.0,0.0,0.0,0.0
1420,0.11870873726330583,0.11870873726330576,0.11870873726330564,0.11870873726330554,0.11870873726330566,0.11870873726330577,0.35906878957101374,0.35906878957101346,0.3590687895710131,0.0,0.0,0.0,0.0,0.0,0.0,0.0,0.0,0.0
1421,0.11811667496619468,0.11811667496619462,0.11811667496619449,0.1181166749661944,0.11811667496619452,0.11811667496619463,0.3572779265117699,0.35727792651176965,0.3572779265117693,0.0,0.0,0.0,0.0,0.0,0.0,0.0,0.0,0.0
1422,0.11752756559210961,0.11752756559210954,0.11752756559210942,0.11752756559210932,0.11752756559210945,0.11752756559210956,0.35549599541929716,0.3554959954192969,0.35549599541929655,0.0,0.0,0.0,0.0,0.0,0.0,0.0,0.0,0.0
1423,0.11694139441328558,0.11694139441328551,0.11694139441328538,0.11694139441328529,0.11694139441328541,0.11694139441328552,0.35372295174522533,0.35372295174522506,0.3537229517452247,0.0,0.0,0.0,0.0,0.0,0.0,0.0,0.0,0.0
1424,0.11635814677541258,0.11635814677541251,0.11635814677541238,0.11635814677541229,0.11635814677541241,0.11635814677541252,0.3519587511633702,0.35195875116336994,0.3519587511633696,0.0,0.0,0.0,0.0,0.0,0.0,0.0,0.0,0.0
1425,0.11577780809726929,0.11577780809726922,0.11577780809726909,0.115777808097269,0.11577780809726912,0.11577780809726923,0.35020334956862537,0.3502033495686251,0.35020334956862476,0.0,0.0,0.0,0.0,0.0,0.0,0.0,0.0,0.0
1426,0.11520036387035852,0.11520036387035845,0.11520036387035833,0.11520036387035823,0.11520036387035835,0.11520036387035847,0.3484567030758595,0.34845670307585924,0.3484567030758589,0.0,0.0,0.0,0.0,0.0,0.0,0.0,0.0,0.0
1427,0.11462579965854454,0.11462579965854447,0.11462579965854434,0.11462579965854425,0.11462579965854437,0.11462579965854448,0.34671876801881935,0.34671876801881907,0.34671876801881873,0.0,0.0,0.0,0.0,0.0,0.0,0.0,0.0,0.0
1428,0.11405410109769212,0.11405410109769205,0.11405410109769193,0.11405410109769183,0.11405410109769196,0.11405410109769207,0.3449895009490379,0.34498950094903763,0.3449895009490373,0.0,0.0,0.0,0.0,0.0,0.0,0.0,0.0,0.0
1429,0.11348525389530748,0.1134852538953074,0.11348525389530728,0.11348525389530718,0.11348525389530731,0.11348525389530742,0.34326885863474843,0.34326885863474815,0.3432688586347478,0.0,0.0,0.0,0.0,0.0,0.0,0.0,0.0,0.0
1430,0.1129192438301809,0.11291924383018083,0.1129192438301807,0.11291924383018061,0.11291924383018073,0.11291924383018084,0.34155679805980343,0.34155679805980316,0.3415567980598028,0.0,0.0,0.0,0.0,0.0,0.0,0.0,0.0,0.0
1431,0.1123560567520313,0.11235605675203122,0.1123560567520311,0.112356056752031,0.11235605675203113,0.11235605675203124,0.3398532764225994,0.3398532764225991,0.33985327642259877,0.0,0.0,0.0,0.0,0.0,0.0,0.0,0.0,0.0
1432,0.11179567858115237,0.1117956785811523,0.11179567858115218,0.11179567858115208,0.1117956785811522,0.11179567858115232,0.3381582511350066,0.3381582511350063,0.33815825113500597,0.0,0.0,0.0,0.0,0.0,0.0,0.0,0.0,0.0
1433,0.11123809530806067,0.1112380953080606,0.11123809530806048,0.11123809530806038,0.1112380953080605,0.11123809530806061,0.3364716798213046,0.3364716798213043,0.336471679821304,0.0,0.0,0.0,0.0,0.0,0.0,0.0,0.0,0.0
1434,0.11068329299314533,0.11068329299314526,0.11068329299314514,0.11068329299314504,0.11068329299314517,0.11068329299314528,0.33479352031712273,0.33479352031712245,0.3347935203171221,0.0,0.0,0.0,0.0,0.0,0.0,0.0,0.0,0.0
1435,0.11013125776631959,0.11013125776631952,0.1101312577663194,0.1101312577663193,0.11013125776631942,0.11013125776631953,0.33312373066838596,0.3331237306683857,0.33312373066838535,0.0,0.0,0.0,0.0,0.0,0.0,0.0,0.0,0.0
1436,0.109581975826674,0.10958197582667394,0.10958197582667381,0.10958197582667371,0.10958197582667384,0.10958197582667395,0.3314622691302661,0.33146226913026583,0.3314622691302655,0.0,0.0,0.0,0.0,0.0,0.0,0.0,0.0,0.0
1437,0.10903543344213149,0.10903543344213142,0.10903543344213129,0.1090354334421312,0.10903543344213132,0.10903543344213143,0.3298090941661382,0.3298090941661379,0.3298090941661376,0.0,0.0,0.0,0.0,0.0,0.0,0.0,0.0,0.0
1438,0.10849161694910395,0.10849161694910388,0.10849161694910375,0.10849161694910366,0.10849161694910378,0.10849161694910389,0.32816416444654195,0.3281641644465417,0.32816416444654134,0.0,0.0,0.0,0.0,0.0,0.0,0.0,0.0,0.0
1439,0.10795051275215076,0.10795051275215069,0.10795051275215056,0.10795051275215047,0.10795051275215059,0.1079505127521507,0.3265274388481488,0.3265274388481485,0.3265274388481482,0.0,0.0,0.0,0.0,0.0,0.0,0.0,0.0,0.0
1440,0.10741210732363879,0.10741210732363872,0.1074121073236386,0.1074121073236385,0.10741210732363862,0.10741210732363873,0.32489887645273346,0.3248988764527332,0.3248988764527329,0.0,0.0,0.0,0.0,0.0,0.0,0.0,0.0,0.0
1441,0.1068763872034043,0.10687638720340423,0.1068763872034041,0.106876387203404,0.10687638720340413,0.10687638720340424,0.3232784365461513,0.32327843654615107,0.3232784365461508,0.0,0.0,0.0,0.0,0.0,0.0,0.0,0.0,0.0
1442,0.10634333899841637,0.1063433389984163,0.10634333899841618,0.10634333899841608,0.1063433389984162,0.10634333899841632,0.3216660786173202,0.32166607861732,0.3216660786173197,0.0,0.0,0.0,0.0,0.0,0.0,0.0,0.0,0.0
1443,0.10581294938244214,0.10581294938244207,0.10581294938244194,0.10581294938244185,0.10581294938244197,0.10581294938244208,0.32006176235720807,0.32006176235720785,0.32006176235720757,0.0,0.0,0.0,0.0,0.0,0.0,0.0,0.0,0.0
1444,0.10528520509571355,0.10528520509571349,0.10528520509571336,0.10528520509571326,0.10528520509571339,0.1052852050957135,0.31846544765782475,0.31846544765782453,0.31846544765782425,0.0,0.0,0.0,0.0,0.0,0.0,0.0,0.0,0.0
1445,0.10476009294459597,0.1047600929445959,0.10476009294459578,0.10476009294459568,0.1047600929445958,0.10476009294459591,0.3168770946112196,0.3168770946112194,0.3168770946112191,0.0,0.0,0.0,0.0,0.0,0.0,0.0,0.0,0.0
1446,0.10423759980125827,0.1042375998012582,0.10423759980125807,0.10423759980125798,0.1042375998012581,0.10423759980125821,0.3152966635084838,0.31529666350848357,0.3152966635084833,0.0,0.0,0.0,0.0,0.0,0.0,0.0,0.0,0.0
1447,0.10371771260334464,0.10371771260334457,0.10371771260334445,0.10371771260334435,0.10371771260334448,0.10371771260334459,0.3137241148387574,0.3137241148387572,0.3137241148387569,0.0,0.0,0.0,0.0,0.0,0.0,0.0,0.0,0.0
1448,0.10320041835364807,0.103200418353648,0.10320041835364788,0.10320041835364778,0.1032004183536479,0.10320041835364802,0.31215940928824176,0.31215940928824154,0.31215940928824126,0.0,0.0,0.0,0.0,0.0,0.0,0.0,0.0,0.0
1449,0.10268570411978536,0.1026857041197853,0.10268570411978517,0.10268570411978507,0.1026857041197852,0.10268570411978531,0.31060250773921666,0.31060250773921644,0.31060250773921616,0.0,0.0,0.0,0.0,0.0,0.0,0.0,0.0,0.0
1450,0.10217355703387387,0.1021735570338738,0.10217355703387368,0.10217355703387358,0.10217355703387371,0.10217355703387382,0.3090533712690623,0.30905337126906207,0.3090533712690618,0.0,0.0,0.0,0.0,0.0,0.0,0.0,0.0,0.0
1451,0.10166396429220977,0.1016639642922097,0.10166396429220957,0.10166396429220947,0.1016639642922096,0.10166396429220971,0.3075119611492862,0.307511961149286,0.3075119611492857,0.0,0.0,0.0,0.0,0.0,0.0,0.0,0.0,0.0
1452,0.10115691315494797,0.1011569131549479,0.10115691315494778,0.10115691315494768,0.1011569131549478,0.10115691315494792,0.30597823884455505,0.30597823884455483,0.30597823884455455,0.0,0.0,0.0,0.0,0.0,0.0,0.0,0.0,0.0
1453,0.10065239094578364,0.10065239094578357,0.10065239094578345,0.10065239094578335,0.10065239094578347,0.10065239094578358,0.3044521660117314,0.3044521660117312,0.3044521660117309,0.0,0.0,0.0,0.0,0.0,0.0,0.0,0.0,0.0
1454,0.10015038505163527,0.1001503850516352,0.10015038505163508,0.10015038505163498,0.10015038505163511,0.10015038505163522,0.302933704498915,0.30293370449891477,0.3029337044989145,0.0,0.0,0.0,0.0,0.0,0.0,0.0,0.0,0.0
1455,0.09965088292232936,0.09965088292232929,0.09965088292232917,0.09965088292232907,0.0996508829223292,0.0996508829223293,0.3014228163444888,0.3014228163444886,0.3014228163444883,0.0,0.0,0.0,0.0,0.0,0.0,0.0,0.0,0.0
1456,0.09915387207028667,0.0991538720702866,0.09915387207028648,0.09915387207028638,0.0991538720702865,0.09915387207028661,0.29991946377617035,0.2999194637761702,0.2999194637761699,0.0,0.0,0.0,0.0,0.0,0.0,0.0,0.0,0.0
1457,0.09865934007021,0.09865934007020993,0.09865934007020981,0.09865934007020971,0.09865934007020984,0.09865934007020995,0.2984236092100671,0.298423609210067,0.2984236092100667,0.0,0.0,0.0,0.0,0.0,0.0,0.0,0.0,0.0
1458,0.0981672745587736,0.09816727455877353,0.0981672745587734,0.0981672745587733,0.09816727455877343,0.09816727455877354,0.29693521524973704,0.29693521524973693,0.29693521524973665,0.0,0.0,0.0,0.0,0.0,0.0,0.0,0.0,0.0
1459,0.09767766323431404,0.09767766323431397,0.09767766323431386,0.09767766323431376,0.09767766323431389,0.09767766323431398,0.2954542446852536,0.2954542446852535,0.2954542446852532,0.0,0.0,0.0,0.0,0.0,0.0,0.0,0.0,0.0
1460,0.09719049385652273,0.09719049385652266,0.09719049385652255,0.09719049385652245,0.09719049385652258,0.09719049385652268,0.29398066049227556,0.29398066049227545,0.29398066049227517,0.0,0.0,0.0,0.0,0.0,0.0,0.0,0.0,0.0
1461,0.09670575424613984,0.09670575424613978,0.09670575424613967,0.09670575424613957,0.0967057542461397,0.09670575424613978,0.29251442583112136,0.29251442583112125,0.29251442583112097,0.0,0.0,0.0,0.0,0.0,0.0,0.0,0.0,0.0
1462,0.09622343228464986,0.0962234322846498,0.0962234322846497,0.09622343228464961,0.09622343228464972,0.0962234322846498,0.29105550404584807,0.29105550404584796,0.2910555040458477,0.0,0.0,0.0,0.0,0.0,0.0,0.0,0.0,0.0
1463,0.09574351591397864,0.09574351591397859,0.09574351591397849,0.0957435159139784,0.0957435159139785,0.09574351591397859,0.28960385866333505,0.28960385866333493,0.28960385866333466,0.0,0.0,0.0,0.0,0.0,0.0,0.0,0.0,0.0
1464,0.09526599313619193,0.09526599313619187,0.09526599313619177,0.09526599313619168,0.09526599313619179,0.09526599313619187,0.2881594533923722,0.2881594533923721,0.2881594533923718,0.0,0.0,0.0,0.0,0.0,0.0,0.0,0.0,0.0
1465,0.09479085201319538,0.09479085201319533,0.09479085201319523,0.09479085201319513,0.09479085201319525,0.09479085201319533,0.28672225212275243,0.2867222521227523,0.28672225212275204,0.0,0.0,0.0,0.0,0.0,0.0,0.0,0.0,0.0
1466,0.0943180806664362,0.09431808066643614,0.09431808066643604,0.09431808066643595,0.09431808066643606,0.09431808066643614,0.28529221892436923,0.2852922189243691,0.28529221892436885,0.0,0.0,0.0,0.0,0.0,0.0,0.0,0.0,0.0
1467,0.09384766727660608,0.09384766727660603,0.09384766727660593,0.09384766727660583,0.09384766727660594,0.09384766727660603,0.2838693180463181,0.283869318046318,0.2838693180463177,0.0,0.0,0.0,0.0,0.0,0.0,0.0,0.0,0.0
1468,0.09337960008334578,0.09337960008334573,0.09337960008334563,0.09337960008334553,0.09337960008334564,0.09337960008334573,0.282453513916003,0.2824535139160029,0.2824535139160026,0.0,0.0,0.0,0.0,0.0,0.0,0.0,0.0,0.0
1469,0.0929138673849511,0.09291386738495104,0.09291386738495094,0.09291386738495085,0.09291386738495096,0.09291386738495104,0.28104477113824694,0.28104477113824683,0.28104477113824655,0.0,0.0,0.0,0.0,0.0,0.0,0.0,0.0,0.0
1470,0.0924504575380803,0.09245045753808025,0.09245045753808015,0.09245045753808005,0.09245045753808016,0.09245045753808025,0.2796430544944071,0.27964305449440696,0.2796430544944067,0.0,0.0,0.0,0.0,0.0,0.0,0.0,0.0,0.0
1471,0.09198935895746309,0.09198935895746303,0.09198935895746294,0.09198935895746284,0.09198935895746295,0.09198935895746303,0.27824832894149437,0.27824832894149426,0.278248328941494,0.0,0.0,0.0,0.0,0.0,0.0,0.0,0.0,0.0
1472,0.09153056011561092,0.09153056011561087,0.09153056011561077,0.09153056011561067,0.09153056011561078,0.09153056011561087,0.2768605596112973,0.2768605596112972,0.2768605596112969,0.0,0.0,0.0,0.0,0.0,0.0,0.0,0.0,0.0
1473,0.09107404954252887,0.09107404954252882,0.09107404954252872,0.09107404954252862,0.09107404954252873,0.09107404954252882,0.2754797118095103,0.2754797118095102,0.27547971180951,0.0,0.0,0.0,0.0,0.0,0.0,0.0,0.0,0.0
1474,0.09061981582542883,0.09061981582542877,0.09061981582542868,0.09061981582542858,0.09061981582542869,0.09061981582542877,0.2741057510148665,0.2741057510148664,0.2741057510148662,0.0,0.0,0.0,0.0,0.0,0.0,0.0,0.0,0.0
1475,0.09016784760844421,0.09016784760844415,0.09016784760844405,0.09016784760844396,0.09016784760844407,0.09016784760844415,0.27273864287827443,0.2727386428782743,0.2727386428782741,0.0,0.0,0.0,0.0,0.0,0.0,0.0,0.0,0.0
1476,0.08971813359234604,0.08971813359234598,0.08971813359234589,0.08971813359234579,0.0897181335923459,0.08971813359234598,0.27137835322195947,0.27137835322195936,0.27137835322195913,0.0,0.0,0.0,0.0,0.0,0.0,0.0,0.0,0.0
1477,0.08927066253426051,0.08927066253426046,0.08927066253426036,0.08927066253426026,0.08927066253426037,0.08927066253426046,0.2700248480386093,0.2700248480386092,0.270024848038609,0.0,0.0,0.0,0.0,0.0,0.0,0.0,0.0,0.0
1478,0.08882542324738785,0.08882542324738779,0.0888254232473877,0.0888254232473876,0.08882542324738771,0.08882542324738779,0.26867809349052396,0.26867809349052385,0.26867809349052363,0.0,0.0,0.0,0.0,0.0,0.0,0.0,0.0,0.0
1479,0.0883824046007227,0.08838240460072265,0.08838240460072255,0.08838240460072246,0.08838240460072257,0.08838240460072265,0.2673380559087695,0.2673380559087694,0.2673380559087692,0.0,0.0,0.0,0.0,0.0,0.0,0.0,0.0,0.0
1480,0.08794159551877583,0.08794159551877577,0.08794159551877567,0.08794159551877559,0.08794159551877569,0.08794159551877577,0.26600470179233665,0.26600470179233654,0.2660047017923364,0.0,0.0,0.0,0.0,0.0,0.0,0.0,0.0,0.0
1481,0.08750298498129722,0.08750298498129716,0.08750298498129706,0.08750298498129698,0.08750298498129708,0.08750298498129716,0.26467799780730306,0.26467799780730294,0.2646779978073028,0.0,0.0,0.0,0.0,0.0,0.0,0.0,0.0,0.0
1482,0.08706656202300059,0.08706656202300053,0.08706656202300044,0.08706656202300035,0.08706656202300045,0.08706656202300053,0.26335791078599996,0.26335791078599985,0.2633579107859997,0.0,0.0,0.0,0.0,0.0,0.0,0.0,0.0,0.0
1483,0.08663231573328925,0.08663231573328921,0.08663231573328911,0.08663231573328903,0.08663231573328913,0.08663231573328921,0.2620444077261831,0.262044407726183,0.2620444077261828,0.0,0.0,0.0,0.0,0.0,0.0,0.0,0.0,0.0
1484,0.08620023525598336,0.08620023525598332,0.08620023525598322,0.08620023525598314,0.08620023525598323,0.08620023525598332,0.2607374557902075,0.2607374557902074,0.26073745579020724,0.0,0.0,0.0,0.0,0.0,0.0,0.0,0.0,0.0
1485,0.08577030978904847,0.08577030978904843,0.08577030978904833,0.08577030978904825,0.08577030978904834,0.08577030978904843,0.2594370223042068,0.2594370223042067,0.2594370223042065,0.0,0.0,0.0,0.0,0.0,0.0,0.0,0.0,0.0
1486,0.0853425285843255,0.08534252858432546,0.08534252858432537,0.08534252858432528,0.08534252858432538,0.08534252858432546,0.258143074757276,0.2581430747572759,0.2581430747572757,0.0,0.0,0.0,0.0,0.0,0.0,0.0,0.0,0.0
1487,0.08491688094726207,0.08491688094726203,0.08491688094726194,0.08491688094726185,0.08491688094726195,0.08491688094726203,0.2568555808006591,0.256855580800659,0.25685558080065884,0.0,0.0,0.0,0.0,0.0,0.0,0.0,0.0,0.0
1488,0.08449335623664508,0.08449335623664504,0.08449335623664495,0.08449335623664486,0.08449335623664496,0.08449335623664504,0.25557450824694017,0.25557450824694006,0.2555745082469399,0.0,0.0,0.0,0.0,0.0,0.0,0.0,0.0,0.0
1489,0.08407194386433471,0.08407194386433467,0.08407194386433457,0.08407194386433449,0.08407194386433459,0.08407194386433467,0.2542998250692386,0.2542998250692385,0.2542998250692383,0.0,0.0,0.0,0.0,0.0,0.0,0.0,0.0,0.0
1490,0.0836526332949997,0.08365263329499965,0.08365263329499956,0.08365263329499947,0.08365263329499957,0.08365263329499965,0.25303149940040853,0.2530314994004084,0.25303149940040826,0.0,0.0,0.0,0.0,0.0,0.0,0.0,0.0,0.0
1491,0.08323541404585397,0.08323541404585393,0.08323541404585383,0.08323541404585375,0.08323541404585384,0.08323541404585393,0.2517694995322422,0.2517694995322421,0.2517694995322419,0.0,0.0,0.0,0.0,0.0,0.0,0.0,0.0,0.0
1492,0.08282027568639456,0.08282027568639452,0.08282027568639443,0.08282027568639434,0.08282027568639444,0.08282027568639452,0.2505137939146772,0.2505137939146771,0.25051379391467693,0.0,0.0,0.0,0.0,0.0,0.0,0.0,0.0,0.0
1493,0.08240720783814089,0.08240720783814084,0.08240720783814075,0.08240720783814066,0.08240720783814076,0.08240720783814084,0.24926435115500767,0.24926435115500756,0.2492643511550074,0.0,0.0,0.0,0.0,0.0,0.0,0.0,0.0,0.0
1494,0.0819962001743752,0.08199620017437516,0.08199620017437506,0.08199620017437499,0.08199620017437508,0.08199620017437516,0.24802114001709952,0.2480211400170994,0.24802114001709924,0.0,0.0,0.0,0.0,0.0,0.0,0.0,0.0,0.0
1495,0.08158724241988452,0.08158724241988448,0.08158724241988438,0.08158724241988431,0.0815872424198844,0.08158724241988448,0.2467841294206096,0.24678412942060948,0.24678412942060932,0.0,0.0,0.0,0.0,0.0,0.0,0.0,0.0,0.0
1496,0.08118032435070367,0.08118032435070363,0.08118032435070353,0.08118032435070346,0.08118032435070355,0.08118032435070363,0.24555328844020852,0.2455532884402084,0.24555328844020824,0.0,0.0,0.0,0.0,0.0,0.0,0.0,0.0,0.0
1497,0.08077543579385973,0.08077543579385969,0.0807754357938596,0.08077543579385953,0.08077543579385961,0.08077543579385969,0.2443285863048077,0.24432858630480758,0.24432858630480742,0.0,0.0,0.0,0.0,0.0,0.0,0.0,0.0,0.0
1498,0.08037256662711771,0.08037256662711767,0.08037256662711757,0.0803725666271175,0.08037256662711759,0.08037256662711767,0.24310999239678996,0.24310999239678985,0.24310999239678968,0.0,0.0,0.0,0.0,0.0,0.0,0.0,0.0,0.0
1499,0.07997170677872743,0.07997170677872739,0.0799717067787273,0.07997170677872723,0.07997170677872731,0.07997170677872739,0.24189747625124414,0.24189747625124403,0.24189747625124386,0.0,0.0,0.0,0.0,0.0,0.0,0.0,0.0,0.0
1500,0.07957284622717183,0.07957284622717178,0.07957284622717169,0.07957284622717162,0.0795728462271717,0.07957284622717178,0.24069100755520342,0.2406910075552033,0.24069100755520315,0.0,0.0,0.0,0.0,0.0,0.0,0.0,0.0,0.0
1501,0.07917597500091632,0.07917597500091628,0.07917597500091618,0.07917597500091611,0.0791759750009162,0.07917597500091628,0.23949055614688758,0.23949055614688747,0.2394905561468873,0.0,0.0,0.0,0.0,0.0,0.0,0.0,0.0,0.0
1502,0.07878108317815959,0.07878108317815954,0.07878108317815945,0.07878108317815938,0.07878108317815946,0.07878108317815954,0.2382960920149489,0.23829609201494878,0.2382960920149486,0.0,0.0,0.0,0.0,0.0,0.0,0.0,0.0,0.0
1503,0.07838816088658548,0.07838816088658544,0.07838816088658536,0.07838816088658529,0.07838816088658536,0.07838816088658544,0.23710758529772186,0.23710758529772175,0.23710758529772158,0.0,0.0,0.0,0.0,0.0,0.0,0.0,0.0,0.0
1504,0.07799719830311627,0.07799719830311623,0.07799719830311615,0.07799719830311608,0.07799719830311615,0.07799719830311623,0.23592500628247662,0.2359250062824765,0.23592500628247634,0.0,0.0,0.0,0.0,0.0,0.0,0.0,0.0,0.0
1505,0.07760818565366699,0.07760818565366695,0.07760818565366687,0.0776081856536668,0.07760818565366687,0.07760818565366695,0.23474832540467622,0.2347483254046761,0.23474832540467594,0.0,0.0,0.0,0.0,0.0,0.0,0.0,0.0,0.0
1506,0.07722111321290115,0.07722111321290111,0.07722111321290102,0.07722111321290095,0.07722111321290102,0.07722111321290111,0.2335775132472374,0.2335775132472373,0.23357751324723713,0.0,0.0,0.0,0.0,0.0,0.0,0.0,0.0,0.0
1507,0.07683597130398757,0.07683597130398753,0.07683597130398745,0.07683597130398738,0.07683597130398745,0.07683597130398753,0.2324125405397953,0.23241254053979518,0.23241254053979502,0.0,0.0,0.0,0.0,0.0,0.0,0.0,0.0,0.0
1508,0.07645275029835848,0.07645275029835844,0.07645275029835835,0.07645275029835828,0.07645275029835835,0.07645275029835844,0.2312533781579715,0.2312533781579714,0.23125337815797123,0.0,0.0,0.0,0.0,0.0,0.0,0.0,0.0,0.0
1509,0.07607144061546875,0.07607144061546871,0.07607144061546862,0.07607144061546856,0.07607144061546862,0.07607144061546871,0.23009999712264612,0.230099997122646,0.23009999712264584,0.0,0.0,0.0,0.0,0.0,0.0,0.0,0.0,0.0
1510,0.07569203272255647,0.07569203272255642,0.07569203272255634,0.07569203272255627,0.07569203272255634,0.07569203272255642,0.22895236859923318,0.22895236859923307,0.2289523685992329,0.0,0.0,0.0,0.0,0.0,0.0,0.0,0.0,0.0
1511,0.07531451713440454,0.0753145171344045,0.07531451713440442,0.07531451713440435,0.07531451713440442,0.0753145171344045,0.22781046389695983,0.22781046389695972,0.22781046389695955,0.0,0.0,0.0,0.0,0.0,0.0,0.0,0.0,0.0
1512,0.07493888441310362,0.07493888441310358,0.0749388844131035,0.07493888441310342,0.0749388844131035,0.07493888441310358,0.22667425446814904,0.22667425446814893,0.22667425446814876,0.0,0.0,0.0,0.0,0.0,0.0,0.0,0.0,0.0
1513,0.07456512516781609,0.07456512516781605,0.07456512516781597,0.0745651251678159,0.07456512516781597,0.07456512516781605,0.2255437119075059,0.2255437119075058,0.22554371190750563,0.0,0.0,0.0,0.0,0.0,0.0,0.0,0.0,0.0
1514,0.07419323005454136,0.07419323005454131,0.07419323005454123,0.07419323005454116,0.07419323005454123,0.07419323005454131,0.22441880795140756,0.22441880795140745,0.22441880795140728,0.0,0.0,0.0,0.0,0.0,0.0,0.0,0.0,0.0
1515,0.07382318977588223,0.07382318977588219,0.0738231897758821,0.07382318977588204,0.0738231897758821,0.07382318977588219,0.22329951447719648,0.22329951447719637,0.2232995144771962,0.0,0.0,0.0,0.0,0.0,0.0,0.0,0.0,0.0
1516,0.07345499508081246,0.07345499508081242,0.07345499508081234,0.07345499508081227,0.07345499508081234,0.07345499508081242,0.22218580350247752,0.2221858035024774,0.22218580350247724,0.0,0.0,0.0,0.0,0.0,0.0,0.0,0.0,0.0
1517,0.07308863676444549,0.07308863676444545,0.07308863676444537,0.0730886367644453,0.07308863676444537,0.07308863676444545,0.2210776471844183,0.2210776471844182,0.22107764718441805,0.0,0.0,0.0,0.0,0.0,0.0,0.0,0.0,0.0
1518,0.07272410566780434,0.0727241056678043,0.07272410566780421,0.07272410566780414,0.07272410566780421,0.0727241056678043,0.21997501781905318,0.21997501781905307,0.21997501781905293,0.0,0.0,0.0,0.0,0.0,0.0,0.0,0.0,0.0
1519,0.07236139267759259,0.07236139267759255,0.07236139267759246,0.0723613926775924,0.07236139267759246,0.07236139267759255,0.21887788784059056,0.21887788784059048,0.21887788784059034,0.0,0.0,0.0,0.0,0.0,0.0,0.0,0.0,0.0
1520,0.07200048872596661,0.07200048872596657,0.07200048872596648,0.07200048872596641,0.07200048872596648,0.07200048872596657,0.21778622982072388,0.2177862298207238,0.21778622982072365,0.0,0.0,0.0,0.0,0.0,0.0,0.0,0.0,0.0
1521,0.0716413847903088,0.07164138479030877,0.07164138479030868,0.07164138479030861,0.07164138479030868,0.07164138479030877,0.21670001646794573,0.21670001646794565,0.2167000164679455,0.0,0.0,0.0,0.0,0.0,0.0,0.0,0.0,0.0
1522,0.0712840718930021,0.07128407189300205,0.07128407189300197,0.0712840718930019,0.07128407189300197,0.07128407189300205,0.21561922062686578,0.2156192206268657,0.21561922062686556,0.0,0.0,0.0,0.0,0.0,0.0,0.0,0.0,0.0
1523,0.07092854110120542,0.07092854110120538,0.07092854110120529,0.07092854110120522,0.07092854110120529,0.07092854110120538,0.21454381527753166,0.21454381527753158,0.21454381527753144,0.0,0.0,0.0,0.0,0.0,0.0,0.0,0.0,0.0
1524,0.07057478352663046,0.07057478352663042,0.07057478352663034,0.07057478352663027,0.07057478352663034,0.07057478352663042,0.21347377353475366,0.21347377353475358,0.21347377353475344,0.0,0.0,0.0,0.0,0.0,0.0,0.0,0.0,0.0
1525,0.07022279032531946,0.07022279032531942,0.07022279032531933,0.07022279032531926,0.07022279032531933,0.07022279032531942,0.21240906864743245,0.21240906864743236,0.21240906864743223,0.0,0.0,0.0,0.0,0.0,0.0,0.0,0.0,0.0
1526,0.06987255269742403,0.06987255269742398,0.0698725526974239,0.06987255269742383,0.0698725526974239,0.06987255269742398,0.2113496739978904,0.2113496739978903,0.21134967399789018,0.0,0.0,0.0,0.0,0.0,0.0,0.0,0.0,0.0
1527,0.06952406188698522,0.06952406188698518,0.0695240618869851,0.06952406188698503,0.0695240618869851,0.06952406188698518,0.21029556310120612,0.21029556310120603,0.2102955631012059,0.0,0.0,0.0,0.0,0.0,0.0,0.0,0.0,0.0
1528,0.06917730918171464,0.0691773091817146,0.06917730918171451,0.06917730918171444,0.06917730918171451,0.0691773091817146,0.20924670960455227,0.2092467096045522,0.20924670960455205,0.0,0.0,0.0,0.0,0.0,0.0,0.0,0.0,0.0
1529,0.06883228591277658,0.06883228591277654,0.06883228591277646,0.06883228591277639,0.06883228591277646,0.06883228591277654,0.2082030872865368,0.20820308728653672,0.20820308728653658,0.0,0.0,0.0,0.0,0.0,0.0,0.0,0.0,0.0
1530,0.06848898345457137,0.06848898345457133,0.06848898345457125,0.06848898345457118,0.06848898345457125,0.06848898345457133,0.20716467005654743,0.20716467005654735,0.2071646700565472,0.0,0.0,0.0,0.0,0.0,0.0,0.0,0.0,0.0
1531,0.06814739322451965,0.06814739322451961,0.06814739322451953,0.06814739322451946,0.06814739322451953,0.06814739322451961,0.2061314319540993,0.20613143195409922,0.20613143195409908,0.0,0.0,0.0,0.0,0.0,0.0,0.0,0.0,0.0
1532,0.0678075066828479,0.06780750668284787,0.06780750668284778,0.06780750668284771,0.06780750668284778,0.06780750668284787,0.20510334714818604,0.20510334714818595,0.20510334714818582,0.0,0.0,0.0,0.0,0.0,0.0,0.0,0.0,0.0
1533,0.06746931533237487,0.06746931533237482,0.06746931533237474,0.06746931533237467,0.06746931533237474,0.06746931533237482,0.20408038993663397,0.20408038993663388,0.20408038993663374,0.0,0.0,0.0,0.0,0.0,0.0,0.0,0.0,0.0
1534,0.06713281071829917,0.06713281071829913,0.06713281071829905,0.06713281071829898,0.06713281071829905,0.06713281071829913,0.2030625347454595,0.2030625347454594,0.20306253474545927,0.0,0.0,0.0,0.0,0.0,0.0,0.0,0.0,0.0
1535,0.06679798442798794,0.0667979844279879,0.06679798442798782,0.06679798442798775,0.06679798442798782,0.0667979844279879,0.20204975612822984,0.20204975612822976,0.20204975612822962,0.0,0.0,0.0,0.0,0.0,0.0,0.0,0.0,0.0
1536,0.06646482809076647,0.06646482809076643,0.06646482809076634,0.06646482809076627,0.06646482809076634,0.06646482809076643,0.20104202876542684,0.20104202876542676,0.20104202876542662,0.0,0.0,0.0,0.0,0.0,0.0,0.0,0.0,0.0
1537,0.06613333337770898,0.06613333337770894,0.06613333337770885,0.06613333337770878,0.06613333337770885,0.06613333337770894,0.20003932746381392,0.20003932746381384,0.2000393274638137,0.0,0.0,0.0,0.0,0.0,0.0,0.0,0.0,0.0
1538,0.06580349200143037,0.06580349200143033,0.06580349200143025,0.06580349200143018,0.06580349200143025,0.06580349200143033,0.1990416271558063,0.19904162715580623,0.1990416271558061,0.0,0.0,0.0,0.0,0.0,0.0,0.0,0.0,0.0
1539,0.06547529571587908,0.06547529571587904,0.06547529571587896,0.06547529571587889,0.06547529571587896,0.06547529571587904,0.19804890289884436,0.19804890289884428,0.19804890289884414,0.0,0.0,0.0,0.0,0.0,0.0,0.0,0.0,0.0
1540,0.06514873631613086,0.06514873631613081,0.06514873631613073,0.06514873631613066,0.06514873631613073,0.06514873631613081,0.19706112987476992,0.19706112987476984,0.1970611298747697,0.0,0.0,0.0,0.0,0.0,0.0,0.0,0.0,0.0
1541,0.0648238056381837,0.06482380563818366,0.06482380563818357,0.0648238056381835,0.06482380563818357,0.06482380563818366,0.19607828338920597,0.19607828338920588,0.19607828338920577,0.0,0.0,0.0,0.0,0.0,0.0,0.0,0.0,0.0
1542,0.06450049555875374,0.0645004955587537,0.06450049555875362,0.06450049555875355,0.06450049555875362,0.0645004955587537,0.19510033887093917,0.19510033887093908,0.19510033887093897,0.0,0.0,0.0,0.0,0.0,0.0,0.0,0.0,0.0
1543,0.06417879799507216,0.06417879799507212,0.06417879799507203,0.06417879799507197,0.06417879799507203,0.06417879799507212,0.19412727187130563,0.19412727187130555,0.19412727187130543,0.0,0.0,0.0,0.0,0.0,0.0,0.0,0.0,0.0
1544,0.0638587049046831,0.06385870490468305,0.06385870490468297,0.0638587049046829,0.06385870490468297,0.06385870490468305,0.19315905806357966,0.19315905806357958,0.19315905806357947,0.0,0.0,0.0,0.0,0.0,0.0,0.0,0.0,0.0
1545,0.06354020828524262,0.06354020828524258,0.0635402082852425,0.06354020828524244,0.0635402082852425,0.06354020828524258,0.19219567324236567,0.19219567324236558,0.19219567324236547,0.0,0.0,0.0,0.0,0.0,0.0,0.0,0.0,0.0
1546,0.06322330017431868,0.06322330017431864,0.06322330017431856,0.0632233001743185,0.06322330017431856,0.06322330017431864,0.19123709332299293,0.19123709332299285,0.19123709332299274,0.0,0.0,0.0,0.0,0.0,0.0,0.0,0.0,0.0
1547,0.06290797264919197,0.06290797264919193,0.06290797264919185,0.06290797264919179,0.06290797264919185,0.06290797264919193,0.19028329434091357,0.19028329434091348,0.19028329434091337,0.0,0.0,0.0,0.0,0.0,0.0,0.0,0.0,0.0
1548,0.06259421782665796,0.06259421782665792,0.06259421782665783,0.06259421782665778,0.06259421782665783,0.06259421782665792,0.1893342524511033,0.18933425245110322,0.1893342524511031,0.0,0.0,0.0,0.0,0.0,0.0,0.0,0.0,0.0
1549,0.06228202786282973,0.062282027862829686,0.0622820278628296,0.06228202786282955,0.0622820278628296,0.062282027862829686,0.1883899439274655,0.18838994392746541,0.1883899439274653,0.0,0.0,0.0,0.0,0.0,0.0,0.0,0.0,0.0
1550,0.061971394952941926,0.061971394952941884,0.06197139495294181,0.061971394952941745,0.0619713949529418,0.06197139495294188,0.18745034516223785,0.18745034516223777,0.18745034516223766,0.0,0.0,0.0,0.0,0.0,0.0,0.0,0.0,0.0
1551,0.06166231133115563,0.061662311331155586,0.06166231133115552,0.06166231133115545,0.0616623113311555,0.06166231133115557,0.1865154326654023,0.18651543266540221,0.1865154326654021,0.0,0.0,0.0,0.0,0.0,0.0,0.0,0.0,0.0
1552,0.061354769270364186,0.061354769270364144,0.061354769270364075,0.06135476927036401,0.06135476927036406,0.06135476927036413,0.18558518306409774,0.18558518306409766,0.18558518306409755,0.0,0.0,0.0,0.0,0.0,0.0,0.0,0.0,0.0
1553,0.061048761082000066,0.061048761082000025,0.06104876108199996,0.0610487610819999,0.06104876108199994,0.061048761082000004,0.1846595731020357,0.18465957310203562,0.1846595731020355,0.0,0.0,0.0,0.0,0.0,0.0,0.0,0.0,0.0
1554,0.060744279115842625,0.060744279115842584,0.06074427911584252,0.06074427911584246,0.0607442791158425,0.06074427911584256,0.1837385796389189,0.18373857963891882,0.1837385796389187,0.0,0.0,0.0,0.0,0.0,0.0,0.0,0.0,0.0
1555,0.06044131575982685,0.06044131575982681,0.060441315759826746,0.06044131575982668,0.060441315759826725,0.06044131575982679,0.1828221796498628,0.18282217964986272,0.1828221796498626,0.0,0.0,0.0,0.0,0.0,0.0,0.0,0.0,0.0
1556,0.06013986343985306,0.06013986343985302,0.060139863439852954,0.06013986343985289,0.060139863439852934,0.060139863439852996,0.18191035022481994,0.18191035022481986,0.18191035022481974,0.0,0.0,0.0,0.0,0.0,0.0,0.0,0.0,0.0
1557,0.05983991461959755,0.059839914619597506,0.059839914619597444,0.05983991461959738,0.05983991461959742,0.059839914619597485,0.1810030685680072,0.18100306856800713,0.18100306856800702,0.0,0.0,0.0,0.0,0.0,0.0,0.0,0.0,0.0
1558,0.05954146180032419,0.05954146180032415,0.05954146180032409,0.059541461800324026,0.05954146180032407,0.05954146180032413,0.18010031199733592,0.18010031199733584,0.18010031199733573,0.0,0.0,0.0,0.0,0.0,0.0,0.0,0.0,0.0
1559,0.059244497520696965,0.05924449752069692,0.05924449752069686,0.0592444975206968,0.05924449752069684,0.0592444975206969,0.1792020579438448,0.17920205794384472,0.1792020579438446,0.0,0.0,0.0,0.0,0.0,0.0,0.0,0.0,0.0
1560,0.05894901435659341,0.05894901435659337,0.058949014356593304,0.05894901435659324,0.058949014356593284,0.058949014356593346,0.17830828395113574,0.17830828395113565,0.17830828395113554,0.0,0.0,0.0,0.0,0.0,0.0,0.0,0.0,0.0
1561,0.05865500492091903,0.05865500492091899,0.05865500492091893,0.058655004920918866,0.05865500492091891,0.05865500492091897,0.17741896767481233,0.17741896767481224,0.17741896767481213,0.0,0.0,0.0,0.0,0.0,0.0,0.0,0.0,0.0
1562,0.05836246186342263,0.05836246186342259,0.058362461863422525,0.05836246186342246,0.058362461863422505,0.05836246186342257,0.17653408688192138,0.1765340868819213,0.17653408688192118,0.0,0.0,0.0,0.0,0.0,0.0,0.0,0.0,0.0
1563,0.058071377870512524,0.05807137787051248,0.05807137787051242,0.05807137787051236,0.0580713778705124,0.05807137787051246,0.17565361945039695,0.17565361945039687,0.1756536194503968,0.0,0.0,0.0,0.0,0.0,0.0,0.0,0.0,0.0
1564,0.057781745665073735,0.05778174566507369,0.05778174566507363,0.05778174566507357,0.05778174566507361,0.05778174566507367,0.17477754336850743,0.17477754336850734,0.17477754336850726,0.0,0.0,0.0,0.0,0.0,0.0,0.0,0.0,0.0
1565,0.05749355800628604,0.057493558006286,0.05749355800628594,0.057493558006285875,0.057493558006285916,0.05749355800628598,0.17390583673430512,0.17390583673430504,0.17390583673430496,0.0,0.0,0.0,0.0,0.0,0.0,0.0,0.0,0.0
1566,0.057206807689442966,0.057206807689442925,0.05720680768944286,0.0572068076894428,0.05720680768944284,0.057206807689442904,0.17303847775507877,0.1730384777550787,0.17303847775507863,0.0,0.0,0.0,0.0,0.0,0.0,0.0,0.0,0.0
1567,0.05692148754577165,0.05692148754577161,0.056921487545771546,0.05692148754577148,0.056921487545771525,0.05692148754577159,0.17217544474680874,0.17217544474680865,0.1721754447468086,0.0,0.0,0.0,0.0,0.0,0.0,0.0,0.0,0.0
1568,0.05663759044225364,0.056637590442253596,0.056637590442253534,0.05663759044225347,0.05663759044225351,0.056637590442253576,0.17131671613362484,0.17131671613362476,0.1713167161336247,0.0,0.0,0.0,0.0,0.0,0.0,0.0,0.0,0.0
1569,0.05635510928144656,0.05635510928144652,0.05635510928144646,0.056355109281446394,0.056355109281446436,0.0563551092814465,0.17046227044726706,0.17046227044726697,0.17046227044726692,0.0,0.0,0.0,0.0,0.0,0.0,0.0,0.0,0.0
1570,0.056074037001306684,0.05607403700130664,0.05607403700130658,0.05607403700130652,0.05607403700130656,0.05607403700130662,0.1696120863265487,0.16961208632654862,0.16961208632654856,0.0,0.0,0.0,0.0,0.0,0.0,0.0,0.0,0.0
1571,0.05579436657501236,0.05579436657501233,0.055794366575012265,0.0557943665750122,0.055794366575012244,0.05579436657501231,0.16876614251682248,0.1687661425168224,0.16876614251682234,0.0,0.0,0.0,0.0,0.0,0.0,0.0,0.0,0.0
1572,0.05551609101078838,0.055516091010788346,0.055516091010788284,0.05551609101078822,0.05551609101078826,0.055516091010788325,0.1679244178694491,0.167924417869449,0.16792441786944895,0.0,0.0,0.0,0.0,0.0,0.0,0.0,0.0,0.0
1573,0.05523920335173113,0.055239203351731096,0.055239203351731034,0.05523920335173097,0.05523920335173101,0.055239203351731075,0.1670868913412685,0.16708689134126842,0.16708689134126836,0.0,0.0,0.0,0.0,0.0,0.0,0.0,0.0,0.0
1574,0.05496369667563472,0.054963696675634686,0.054963696675634624,0.05496369667563456,0.0549636966756346,0.054963696675634666,0.16625354199407388,0.1662535419940738,0.16625354199407374,0.0,0.0,0.0,0.0,0.0,0.0,0.0,0.0,0.0
1575,0.05468956409481789,0.05468956409481786,0.054689564094817796,0.05468956409481774,0.054689564094817775,0.05468956409481784,0.16542434899408817,0.1654243489940881,0.16542434899408803,0.0,0.0,0.0,0.0,0.0,0.0,0.0,0.0,0.0
1576,0.05441679875595185,0.05441679875595182,0.054416798755951755,0.0544167987559517,0.054416798755951734,0.0544167987559518,0.16459929161144318,0.1645992916114431,0.16459929161144304,0.0,0.0,0.0,0.0,0.0,0.0,0.0,0.0,0.0
1577,0.05414539383988892,0.05414539383988889,0.054145393839888825,0.05414539383988877,0.054145393839888804,0.05414539383988887,0.16377834921966136,0.16377834921966128,0.16377834921966122,0.0,0.0,0.0,0.0,0.0,0.0,0.0,0.0,0.0
1578,0.05387534256149207,0.05387534256149203,0.05387534256149197,0.053875342561491915,0.05387534256149195,0.05387534256149201,0.16296150129514017,0.1629615012951401,0.16296150129514003,0.0,0.0,0.0,0.0,0.0,0.0,0.0,0.0,0.0
1579,0.05360663816946526,0.053606638169465225,0.05360663816946516,0.05360663816946511,0.05360663816946514,0.053606638169465204,0.16214872741663894,0.16214872741663885,0.1621487274166388,0.0,0.0,0.0,0.0,0.0,0.0,0.0,0.0,0.0
1580,0.0533392739461847,0.053339273946184665,0.0533392739461846,0.05333927394618455,0.05333927394618458,0.053339273946184644,0.16134000726476838,0.1613400072647683,0.16134000726476824,0.0,0.0,0.0,0.0,0.0,0.0,0.0,0.0,0.0
1581,0.05307324320753089,0.05307324320753085,0.05307324320753079,0.053073243207530735,0.05307324320753077,0.05307324320753083,0.16053532062148257,0.16053532062148249,0.16053532062148243,0.0,0.0,0.0,0.0,0.0,0.0,0.0,0.0,0.0
1582,0.052808539302721495,0.05280853930272146,0.0528085393027214,0.05280853930272134,0.05280853930272138,0.05280853930272144,0.15973464736957352,0.15973464736957343,0.15973464736957338,0.0,0.0,0.0,0.0,0.0,0.0,0.0,0.0,0.0
1583,0.05254515561414512,0.052545155614145085,0.05254515561414502,0.05254515561414497,0.052545155614145,0.052545155614145064,0.1589379674921682,0.15893796749216813,0.15893796749216807,0.0,0.0,0.0,0.0,0.0,0.0,0.0,0.0,0.0
1584,0.052283085557195824,0.05228308555719579,0.05228308555719573,0.05228308555719567,0.052283085557195706,0.05228308555719577,0.15814526107222823,0.15814526107222815,0.1581452610722281,0.0,0.0,0.0,0.0,0.0,0.0,0.0,0.0,0.0
1585,0.05202232258010854,0.052022322580108506,0.05202232258010844,0.05202232258010839,0.05202232258010842,0.052022322580108485,0.1573565082920518,0.15735650829205172,0.15735650829205167,0.0,0.0,0.0,0.0,0.0,0.0,0.0,0.0,0.0
1586,0.051762860163795256,0.05176286016379522,0.05176286016379516,0.0517628601637951,0.05176286016379514,0.0517628601637952,0.15657168943277833,0.15657168943277824,0.1565716894327782,0.0,0.0,0.0,0.0,0.0,0.0,0.0,0.0,0.0
1587,0.051504691821682054,0.05150469182168202,0.05150469182168196,0.0515046918216819,0.051504691821681936,0.051504691821682,0.15579078487389547,0.1557907848738954,0.15579078487389533,0.0,0.0,0.0,0.0,0.0,0.0,0.0,0.0,0.0
1588,0.05124781109954693,0.051247811099546896,0.05124781109954683,0.05124781109954678,0.05124781109954681,0.051247811099546875,0.15501377509274858,0.1550137750927485,0.15501377509274844,0.0,0.0,0.0,0.0,0.0,0.0,0.0,0.0,0.0
1589,0.05099221157535845,0.050992211575358416,0.05099221157535836,0.050992211575358305,0.05099221157535834,0.0509922115753584,0.15424064066405263,0.15424064066405255,0.1542406406640525,0.0,0.0,0.0,0.0,0.0,0.0,0.0,0.0,0.0
1590,0.050737886859115205,0.05073788685911517,0.050737886859115115,0.05073788685911506,0.050737886859115094,0.05073788685911516,0.15347136225940666,0.15347136225940658,0.15347136225940652,0.0,0.0,0.0,0.0,0.0,0.0,0.0,0.0,0.0
1591,0.05048483059268604,0.050484830592686006,0.05048483059268595,0.050484830592685895,0.05048483059268593,0.05048483059268599,0.1527059206468105,0.1527059206468104,0.15270592064681035,0.0,0.0,0.0,0.0,0.0,0.0,0.0,0.0,0.0
1592,0.05023303644965111,0.050233036449651075,0.05023303644965102,0.050233036449650964,0.050233036449651,0.05023303644965106,0.15194429669018392,0.15194429669018383,0.15194429669018378,0.0,0.0,0.0,0.0,0.0,0.0,0.0,0.0,0.0
1593,0.04998249813514373,0.049982498135143695,0.04998249813514364,0.049982498135143584,0.04998249813514362,0.04998249813514368,0.15118647134888838,0.1511864713488883,0.15118647134888824,0.0,0.0,0.0,0.0,0.0,0.0,0.0,0.0,0.0
1594,0.049733209385692985,0.04973320938569295,0.049733209385692895,0.04973320938569284,0.049733209385692874,0.049733209385692936,0.15043242567725085,0.15043242567725076,0.1504324256772507,0.0,0.0,0.0,0.0,0.0,0.0,0.0,0.0,0.0
1595,0.04948516396906715,0.04948516396906712,0.04948516396906706,0.049485163969067006,0.04948516396906704,0.0494851639690671,0.1496821408240903,0.1496821408240902,0.14968214082409015,0.0,0.0,0.0,0.0,0.0,0.0,0.0,0.0,0.0
1596,0.0492383556841179,0.049238355684117864,0.049238355684117815,0.04923835568411776,0.049238355684117795,0.04923835568411786,0.1489355980322463,0.1489355980322462,0.14893559803224615,0.0,0.0,0.0,0.0,0.0,0.0,0.0,0.0,0.0
1597,0.04899277836062525,0.04899277836062522,0.04899277836062517,0.048992778360625114,0.04899277836062515,0.04899277836062521,0.14819277863811017,0.1481927786381101,0.14819277863811003,0.0,0.0,0.0,0.0,0.0,0.0,0.0,0.0,0.0
1598,0.04874842585914333,0.048748425859143296,0.04874842585914325,0.04874842585914319,0.04874842585914323,0.04874842585914329,0.14745366407115837,0.14745366407115829,0.14745366407115823,0.0,0.0,0.0,0.0,0.0,0.0,0.0,0.0,0.0
1599,0.04850529207084687,0.048505292070846834,0.048505292070846785,0.04850529207084673,0.048505292070846764,0.04850529207084683,0.14671823585348823,0.14671823585348814,0.1467182358534881,0.0,0.0,0.0,0.0,0.0,0.0,0.0,0.0,0.0
1600,0.0482633709173785,0.048263370917378465,0.048263370917378416,0.04826337091737836,0.048263370917378395,0.04826337091737846,0.145986475599356,0.14598647559935593,0.14598647559935587,0.0,0.0,0.0,0.0,0.0,0.0,0.0,0.0,0.0
1601,0.04802265635069678,0.048022656350696746,0.0480226563506967,0.04802265635069664,0.04802265635069668,0.04802265635069674,0.14525836501471726,0.14525836501471717,0.14525836501471712,0.0,0.0,0.0,0.0,0.0,0.0,0.0,0.0,0.0
1602,0.047783142352925016,0.04778314235292498,0.04778314235292493,0.04778314235292488,0.04778314235292491,0.047783142352924975,0.1445338858967694,0.14453388589676933,0.14453388589676927,0.0,0.0,0.0,0.0,0.0,0.0,0.0,0.0,0.0
1603,0.04754482293620078,0.04754482293620074,0.047544822936200694,0.047544822936200645,0.04754482293620068,0.047544822936200735,0.14381302013349678,0.1438130201334967,0.14381302013349664,0.0,0.0,0.0,0.0,0.0,0.0,0.0,0.0,0.0
1604,0.04730769214252624,0.047307692142526205,0.047307692142526156,0.04730769214252611,0.04730769214252614,0.0473076921425262,0.14309574970321778,0.1430957497032177,0.14309574970321765,0.0,0.0,0.0,0.0,0.0,0.0,0.0,0.0,0.0
1605,0.04707174404361921,0.047071744043619176,0.04707174404361913,0.04707174404361908,0.047071744043619114,0.04707174404361917,0.14238205667413426,0.14238205667413417,0.14238205667413412,0.0,0.0,0.0,0.0,0.0,0.0,0.0,0.0,0.0
1606,0.046836972740764926,0.04683697274076489,0.04683697274076484,0.046836972740764794,0.04683697274076483,0.046836972740764884,0.14167192320388333,0.14167192320388325,0.1416719232038832,0.0,0.0,0.0,0.0,0.0,0.0,0.0,0.0,0.0
1607,0.04660337236466859,0.046603372364668556,0.04660337236466851,0.04660337236466846,0.046603372364668494,0.04660337236466855,0.14096533153909124,0.14096533153909116,0.1409653315390911,0.0,0.0,0.0,0.0,0.0,0.0,0.0,0.0,0.0
1608,0.046370937075308635,0.0463709370753086,0.04637093707530855,0.0463709370753085,0.04637093707530854,0.046370937075308594,0.14026226401492958,0.1402622640149295,0.14026226401492944,0.0,0.0,0.0,0.0,0.0,0.0,0.0,0.0,0.0
1609,0.04613966106179072,0.04613966106179068,0.046139661061790634,0.046139661061790585,0.04613966106179062,0.046139661061790675,0.13956270305467364,0.13956270305467355,0.1395627030546735,0.0,0.0,0.0,0.0,0.0,0.0,0.0,0.0,0.0
1610,0.04590953854220245,0.045909538542202415,0.045909538542202366,0.04590953854220232,0.04590953854220235,0.04590953854220241,0.13886663116926296,0.13886663116926287,0.13886663116926282,0.0,0.0,0.0,0.0,0.0,0.0,0.0,0.0,0.0
1611,0.045680563763468865,0.04568056376346883,0.04568056376346878,0.04568056376346873,0.04568056376346877,0.04568056376346882,0.13817403095686415,0.13817403095686406,0.138174030956864,0.0,0.0,0.0,0.0,0.0,0.0,0.0,0.0,0.0
1612,0.045452731001208564,0.04545273100120853,0.04545273100120848,0.04545273100120843,0.04545273100120847,0.04545273100120852,0.13748488510243584,0.13748488510243576,0.1374848851024357,0.0,0.0,0.0,0.0,0.0,0.0,0.0,0.0,0.0
1613,0.04522603455959062,0.04522603455959059,0.04522603455959054,0.04522603455959049,0.045226034559590525,0.04522603455959058,0.13679917637729577,0.1367991763772957,0.13679917637729563,0.0,0.0,0.0,0.0,0.0,0.0,0.0,0.0,0.0
1614,0.045000468771192195,0.04500046877119216,0.04500046877119211,0.04500046877119206,0.0450004687711921,0.045000468771192154,0.1361168876386901,0.13611688763869,0.13611688763868995,0.0,0.0,0.0,0.0,0.0,0.0,0.0,0.0,0.0
1615,0.04477602799685682,0.04477602799685679,0.04477602799685674,0.04477602799685669,0.044776027996856725,0.04477602799685678,0.1354380018293648,0.13543800182936472,0.13543800182936466,0.0,0.0,0.0,0.0,0.0,0.0,0.0,0.0,0.0
1616,0.04455270662555346,0.044552706625553426,0.04455270662555338,0.04455270662555333,0.044552706625553364,0.04455270662555342,0.13476250197713932,0.13476250197713924,0.13476250197713918,0.0,0.0,0.0,0.0,0.0,0.0,0.0,0.0,0.0
1617,0.044330499074236196,0.04433049907423616,0.04433049907423611,0.044330499074236064,0.0443304990742361,0.044330499074236154,0.13409037119448214,0.13409037119448206,0.134090371194482,0.0,0.0,0.0,0.0,0.0,0.0,0.0,0.0,0.0
1618,0.044109399787704666,0.04410939978770463,0.04410939978770458,0.044109399787704534,0.04410939978770457,0.044109399787704624,0.1334215926780887,0.13342159267808862,0.13342159267808856,0.0,0.0,0.0,0.0,0.0,0.0,0.0,0.0,0.0
1619,0.04388940323846519,0.04388940323846516,0.04388940323846511,0.04388940323846506,0.043889403238465095,0.04388940323846515,0.13275614970846128,0.1327561497084612,0.13275614970846114,0.0,0.0,0.0,0.0,0.0,0.0,0.0,0.0,0.0
1620,0.043670503926592594,0.04367050392659256,0.04367050392659251,0.04367050392659246,0.0436705039265925,0.04367050392659255,0.13209402564949094,0.13209402564949085,0.1320940256494908,0.0,0.0,0.0,0.0,0.0,0.0,0.0,0.0,0.0
1621,0.04345269637959266,0.04345269637959263,0.04345269637959258,0.04345269637959254,0.043452696379592565,0.04345269637959262,0.13143520394804176,0.13143520394804167,0.13143520394804162,0.0,0.0,0.0,0.0,0.0,0.0,0.0,0.0,0.0
1622,0.043235975152265384,0.04323597515226535,0.0432359751522653,0.04323597515226526,0.04323597515226529,0.04323597515226534,0.13077966813353686,0.13077966813353678,0.13077966813353673,0.0,0.0,0.0,0.0,0.0,0.0,0.0,0.0,0.0
1623,0.04302033482656879,0.04302033482656876,0.04302033482656871,0.04302033482656867,0.043020334826568696,0.04302033482656875,0.13012740181754676,0.13012740181754667,0.13012740181754662,0.0,0.0,0.0,0.0,0.0,0.0,0.0,0.0,0.0
1624,0.04280577001148351,0.042805770011483474,0.042805770011483425,0.042805770011483384,0.04280577001148341,0.04280577001148347,0.12947838869337955,0.12947838869337946,0.1294783886933794,0.0,0.0,0.0,0.0,0.0,0.0,0.0,0.0,0.0
1625,0.04259227534287798,0.04259227534287795,0.0425922753428779,0.04259227534287786,0.042592275342877885,0.04259227534287794,0.12883261253567335,0.12883261253567327,0.1288326125356732,0.0,0.0,0.0,0.0,0.0,0.0,0.0,0.0,0.0
1626,0.042379845483374375,0.04237984548337434,0.04237984548337429,0.04237984548337425,0.04237984548337428,0.04237984548337433,0.12819005719999058,0.1281900571999905,0.12819005719999044,0.0,0.0,0.0,0.0,0.0,0.0,0.0,0.0,0.0
1627,0.04216847512221514,0.0421684751222151,0.042168475122215054,0.04216847512221501,0.04216847512221504,0.042168475122215096,0.12755070662241438,0.1275507066224143,0.12755070662241424,0.0,0.0,0.0,0.0,0.0,0.0,0.0,0.0,0.0
1628,0.04195815897513023,0.041958158975130194,0.041958158975130146,0.04195815897513011,0.04195815897513013,0.04195815897513019,0.12691454481914702,0.12691454481914693,0.12691454481914688,0.0,0.0,0.0,0.0,0.0,0.0,0.0,0.0,0.0
1629,0.041748891784205024,0.04174889178420499,0.04174889178420494,0.041748891784204906,0.041748891784204926,0.04174889178420498,0.12628155588611026,0.12628155588611018,0.12628155588611012,0.0,0.0,0.0,0.0,0.0,0.0,0.0,0.0,0.0
1630,0.041540668317748844,0.04154066831774881,0.04154066831774876,0.04154066831774873,0.04154066831774875,0.0415406683177488,0.12565172399854782,0.12565172399854774,0.12565172399854768,0.0,0.0,0.0,0.0,0.0,0.0,0.0,0.0,0.0
1631,0.04133348337016419,0.041333483370164154,0.041333483370164105,0.04133348337016408,0.04133348337016409,0.04133348337016415,0.12502503341062973,0.12502503341062965,0.1250250334106296,0.0,0.0,0.0,0.0,0.0,0.0,0.0,0.0,0.0
1632,0.04112733176181658,0.041127331761816543,0.041127331761816495,0.04112733176181647,0.04112733176181648,0.04112733176181654,0.12440146845505863,0.12440146845505855,0.12440146845505849,0.0,0.0,0.0,0.0,0.0,0.0,0.0,0.0,0.0
1633,0.04092220833890506,0.040922208338905024,0.040922208338904975,0.04092220833890495,0.04092220833890496,0.04092220833890502,0.12378101354267815,0.12378101354267806,0.12378101354267801,0.0,0.0,0.0,0.0,0.0,0.0,0.0,0.0,0.0
1634,0.04071810797333338,0.04071810797333335,0.0407181079733333,0.04071810797333327,0.040718107973333285,0.04071810797333334,0.12316365316208316,0.12316365316208308,0.12316365316208303,0.0,0.0,0.0,0.0,0.0,0.0,0.0,0.0,0.0
1635,0.040515025562581776,0.04051502556258174,0.04051502556258169,0.040515025562581665,0.04051502556258168,0.040515025562581734,0.12254937187923201,0.12254937187923193,0.12254937187923187,0.0,0.0,0.0,0.0,0.0,0.0,0.0,0.0,0.0
1636,0.04031295602957939,0.04031295602957936,0.04031295602957931,0.04031295602957928,0.040312956029579294,0.04031295602957935,0.12193815433706062,0.12193815433706054,0.1219381543370605,0.0,0.0,0.0,0.0,0.0,0.0,0.0,0.0,0.0
1637,0.040111894322577384,0.04011189432257735,0.0401118943225773,0.04011189432257727,0.040111894322577286,0.04011189432257734,0.12132998525509862,0.12132998525509854,0.1213299852550985,0.0,0.0,0.0,0.0,0.0,0.0,0.0,0.0,0.0
1638,0.0399118354150226,0.039911835415022565,0.039911835415022516,0.03991183541502249,0.0399118354150225,0.03991183541502256,0.12072484942908727,0.12072484942908719,0.12072484942908715,0.0,0.0,0.0,0.0,0.0,0.0,0.0,0.0,0.0
1639,0.039712774305431936,0.0397127743054319,0.03971277430543185,0.039712774305431825,0.03971277430543184,0.039712774305431894,0.12012273173059941,0.12012273173059933,0.12012273173059929,0.0,0.0,0.0,0.0,0.0,0.0,0.0,0.0,0.0
1640,0.03951470601726728,0.03951470601726725,0.0395147060172672,0.03951470601726717,0.039514706017267184,0.03951470601726724,0.1195236171066612,0.11952361710666112,0.11952361710666108,0.0,0.0,0.0,0.0,0.0,0.0,0.0,0.0,0.0
1641,0.03931762559881112,0.039317625598811086,0.03931762559881104,0.03931762559881101,0.039317625598811023,0.03931762559881108,0.11892749057937586,0.11892749057937578,0.11892749057937574,0.0,0.0,0.0,0.0,0.0,0.0,0.0,0.0,0.0
1642,0.039121528123042724,0.03912152812304269,0.03912152812304264,0.03912152812304261,0.03912152812304263,0.03912152812304268,0.11833433724554915,0.11833433724554906,0.11833433724554902,0.0,0.0,0.0,0.0,0.0,0.0,0.0,0.0,0.0
1643,0.038926408687514985,0.03892640868751495,0.0389264086875149,0.038926408687514874,0.03892640868751489,0.03892640868751494,0.11774414227631683,0.11774414227631674,0.1177441422763167,0.0,0.0,0.0,0.0,0.0,0.0,0.0,0.0,0.0
1644,0.038732262414231854,0.03873226241423182,0.03873226241423177,0.03873226241423174,0.038732262414231756,0.03873226241423181,0.11715689091677392,0.11715689091677384,0.1171568909167738,0.0,0.0,0.0,0.0,0.0,0.0,0.0,0.0,0.0
1645,0.03853908444952638,0.03853908444952635,0.0385390844495263,0.03853908444952627,0.038539084449526285,0.03853908444952634,0.11657256848560586,0.11657256848560578,0.11657256848560574,0.0,0.0,0.0,0.0,0.0,0.0,0.0,0.0,0.0
1646,0.0383468699639394,0.038346869963939365,0.038346869963939316,0.03834686996393929,0.0383468699639393,0.03834686996393936,0.11599116037472144,0.11599116037472136,0.11599116037472132,0.0,0.0,0.0,0.0,0.0,0.0,0.0,0.0,0.0
1647,0.03815561415209875,0.03815561415209871,0.038155614152098664,0.03815561415209864,0.03815561415209865,0.038155614152098706,0.11541265204888759,0.11541265204888751,0.11541265204888747,0.0,0.0,0.0,0.0,0.0,0.0,0.0,0.0,0.0
1648,0.03796531223259917,0.037965312232599135,0.03796531223259909,0.03796531223259906,0.03796531223259907,0.03796531223259913,0.11483702904536605,0.11483702904536597,0.11483702904536593,0.0,0.0,0.0,0.0,0.0,0.0,0.0,0.0,0.0
1649,0.03777595944788277,0.037775959447882736,0.03777595944788269,0.03777595944788266,0.03777595944788267,0.03777595944788273,0.11426427697355174,0.11426427697355165,0.11426427697355161,0.0,0.0,0.0,0.0,0.0,0.0,0.0,0.0,0.0
1650,0.03758755106412007,0.03758755106412003,0.037587551064119984,0.037587551064119956,0.03758755106411997,0.037587551064120026,0.11369438151461304,0.11369438151461296,0.11369438151461292,0.0,0.0,0.0,0.0,0.0,0.0,0.0,0.0,0.0
1651,0.03740008237109165,0.03740008237109162,0.03740008237109157,0.03740008237109154,0.037400082371091554,0.03740008237109161,0.1131273284211338,0.11312732842113371,0.11312732842113367,0.0,0.0,0.0,0.0,0.0,0.0,0.0,0.0,0.0
1652,0.037213548682070434,0.0372135486820704,0.03721354868207035,0.03721354868207033,0.03721354868207034,0.03721354868207039,0.11256310351675713,0.11256310351675705,0.11256310351675701,0.0,0.0,0.0,0.0,0.0,0.0,0.0,0.0,0.0
1653,0.03702794533370448,0.037027945333704446,0.0370279453337044,0.037027945333704376,0.03702794533370438,0.03702794533370444,0.11200169269583106,0.11200169269583098,0.11200169269583093,0.0,0.0,0.0,0.0,0.0,0.0,0.0,0.0,0.0
1654,0.036843267685900405,0.03684326768590037,0.03684326768590032,0.0368432676859003,0.03684326768590031,0.03684326768590036,0.1114430819230558,0.11144308192305571,0.11144308192305567,0.0,0.0,0.0,0.0,0.0,0.0,0.0,0.0,0.0
1655,0.0366595111217074,0.036659511121707365,0.03665951112170732,0.036659511121707296,0.0366595111217073,0.03665951112170736,0.11088725723313295,0.11088725723313286,0.11088725723313282,0.0,0.0,0.0,0.0,0.0,0.0,0.0,0.0,0.0
1656,0.03647667104720179,0.03647667104720176,0.03647667104720171,0.03647667104720169,0.036476671047201696,0.03647667104720175,0.1103342047304163,0.11033420473041622,0.11033420473041618,0.0,0.0,0.0,0.0,0.0,0.0,0.0,0.0,0.0
1657,0.03629474289137219,0.036294742891372155,0.036294742891372106,0.036294742891372085,0.03629474289137209,0.03629474289137215,0.1097839105885645,0.10978391058856442,0.10978391058856438,0.0,0.0,0.0,0.0,0.0,0.0,0.0,0.0,0.0
1658,0.036113722106005226,0.03611372210600519,0.03611372210600514,0.03611372210600512,0.03611372210600513,0.036113722106005185,0.10923636105019534,0.10923636105019525,0.10923636105019521,0.0,0.0,0.0,0.0,0.0,0.0,0.0,0.0,0.0
1659,0.035933604165571835,0.0359336041655718,0.03593360416557175,0.03593360416557173,0.03593360416557174,0.03593360416557179,0.10869154242654182,0.10869154242654173,0.10869154242654169,0.0,0.0,0.0,0.0,0.0,0.0,0.0,0.0,0.0
1660,0.03575438456711413,0.03575438456711409,0.03575438456711404,0.03575438456711402,0.03575438456711403,0.035754384567114085,0.10814944109710999,0.1081494410971099,0.10814944109710986,0.0,0.0,0.0,0.0,0.0,0.0,0.0,0.0,0.0
1661,0.0355760588301328,0.035576058830132776,0.03557605883013273,0.035576058830132706,0.03557605883013271,0.03557605883013277,0.10761004350933837,0.10761004350933828,0.10761004350933824,0.0,0.0,0.0,0.0,0.0,0.0,0.0,0.0,0.0
1662,0.03539862249647516,0.03539862249647513,0.03539862249647508,0.03539862249647506,0.03539862249647507,0.03539862249647512,0.10707333617825918,0.1070733361782591,0.10707333617825905,0.0,0.0,0.0,0.0,0.0,0.0,0.0,0.0,0.0
1663,0.0352220711302236,0.035222071130223576,0.03522207113022353,0.035222071130223506,0.03522207113022351,0.03522207113022357,0.10653930568616118,0.1065393056861611,0.10653930568616106,0.0,0.0,0.0,0.0,0.0,0.0,0.0,0.0,0.0
1664,0.03504640031758479,0.03504640031758476,0.035046400317584714,0.03504640031758469,0.0350464003175847,0.035046400317584755,0.10600793868225428,0.1060079386822542,0.10600793868225415,0.0,0.0,0.0,0.0,0.0,0.0,0.0,0.0,0.0
1665,0.03487160566677925,0.03487160566677922,0.034871605666779174,0.03487160566677915,0.03487160566677916,0.034871605666779215,0.10547922188233567,0.10547922188233559,0.10547922188233555,0.0,0.0,0.0,0.0,0.0,0.0,0.0,0.0,0.0
1666,0.03469768280793161,0.03469768280793158,0.034697682807931535,0.034697682807931514,0.03469768280793152,0.034697682807931576,0.10495314206845785,0.10495314206845777,0.10495314206845772,0.0,0.0,0.0,0.0,0.0,0.0,0.0,0.0,0.0
1667,0.034524627392961346,0.03452462739296132,0.03452462739296127,0.03452462739296125,0.034524627392961256,0.03452462739296131,0.10442968608859805,0.10442968608859797,0.10442968608859793,0.0,0.0,0.0,0.0,0.0,0.0,0.0,0.0,0.0
1668,0.03435243509547406,0.03435243509547403,0.034352435095473983,0.03435243509547396,0.03435243509547397,0.034352435095474025,0.10390884085632952,0.10390884085632944,0.1039088408563294,0.0,0.0,0.0,0.0,0.0,0.0,0.0,0.0,0.0
1669,0.03418110161065335,0.034181101610653325,0.034181101610653276,0.034181101610653256,0.03418110161065326,0.03418110161065332,0.10339059335049432,0.10339059335049423,0.10339059335049419,0.0,0.0,0.0,0.0,0.0,0.0,0.0,0.0,0.0
1670,0.03401062265515318,0.03401062265515315,0.0340106226551531,0.03401062265515308,0.03401062265515309,0.034010622655153144,0.1028749306148778,0.10287493061487772,0.10287493061487768,0.0,0.0,0.0,0.0,0.0,0.0,0.0,0.0,0.0
1671,0.03384099396699077,0.033840993966990744,0.033840993966990696,0.033840993966990675,0.03384099396699068,0.03384099396699074,0.10236183975788474,0.10236183975788465,0.10236183975788461,0.0,0.0,0.0,0.0,0.0,0.0,0.0,0.0,0.0
1672,0.03367221130544009,0.03367221130544006,0.033672211305440014,0.03367221130544,0.03367221130544,0.033672211305440056,0.10185130795221697,0.10185130795221689,0.10185130795221685,0.0,0.0,0.0,0.0,0.0,0.0,0.0,0.0,0.0
1673,0.03350427045092581,0.033504270450925785,0.03350427045092574,0.03350427045092572,0.03350427045092572,0.03350427045092578,0.10134332243455277,0.10134332243455269,0.10134332243455264,0.0,0.0,0.0,0.0,0.0,0.0,0.0,0.0,0.0
1674,0.03333716720491782,0.03333716720491779,0.03333716720491774,0.03333716720491773,0.03333716720491773,0.033337167204917785,0.10083787050522773,0.10083787050522765,0.1008378705052276,0.0,0.0,0.0,0.0,0.0,0.0,0.0,0.0,0.0
1675,0.033170897389826266,0.03317089738982624,0.03317089738982619,0.033170897389826176,0.033170897389826176,0.03317089738982623,0.1003349395279173,0.10033493952791722,0.10033493952791718,0.0,0.0,0.0,0.0,0.0,0.0,0.0,0.0,0.0
1676,0.03300545684889711,0.03300545684889708,0.03300545684889703,0.03300545684889702,0.03300545684889702,0.03300545684889707,0.09983451692932085,0.09983451692932077,0.09983451692932073,0.0,0.0,0.0,0.0,0.0,0.0,0.0,0.0,0.0
1677,0.03284084144610821,0.03284084144610818,0.03284084144610813,0.03284084144610812,0.03284084144610812,0.032840841446108174,0.09933659019884736,0.09933659019884727,0.09933659019884723,0.0,0.0,0.0,0.0,0.0,0.0,0.0,0.0,0.0
1678,0.032677047066065924,0.0326770470660659,0.03267704706606585,0.032677047066065834,0.032677047066065834,0.03267704706606589,0.09884114688830262,0.09884114688830253,0.09884114688830249,0.0,0.0,0.0,0.0,0.0,0.0,0.0,0.0,0.0
1679,0.03251406961390222,0.03251406961390219,0.032514069613902144,0.03251406961390213,0.03251406961390213,0.032514069613902186,0.09834817461157806,0.09834817461157798,0.09834817461157794,0.0,0.0,0.0,0.0,0.0,0.0,0.0,0.0,0.0
1680,0.03235190501517231,0.03235190501517228,0.03235190501517223,0.03235190501517222,0.03235190501517222,0.03235190501517227,0.0978576610443411,0.09785766104434102,0.09785766104434097,0.0,0.0,0.0,0.0,0.0,0.0,0.0,0.0,0.0
1681,0.03219054921575277,0.03219054921575274,0.03219054921575269,0.03219054921575268,0.03219054921575268,0.032190549215752734,0.097369593923727,0.09736959392372692,0.09736959392372688,0.0,0.0,0.0,0.0,0.0,0.0,0.0,0.0,0.0
1682,0.03202999818174022,0.03202999818174019,0.03202999818174014,0.03202999818174013,0.03202999818174013,0.03202999818174018,0.09688396104803235,0.09688396104803226,0.09688396104803222,0.0,0.0,0.0,0.0,0.0,0.0,0.0,0.0,0.0
1683,0.03187024789935044,0.03187024789935041,0.03187024789935036,0.03187024789935035,0.03187024789935035,0.031870247899350404,0.09640075027640993,0.09640075027640985,0.0964007502764098,0.0,0.0,0.0,0.0,0.0,0.0,0.0,0.0,0.0
1684,0.03171129437481805,0.031711294374818025,0.03171129437481798,0.03171129437481797,0.03171129437481797,0.03171129437481802,0.0959199495285653,0.09591994952856522,0.09591994952856518,0.0,0.0,0.0,0.0,0.0,0.0,0.0,0.0,0.0
1685,0.031553133634296675,0.03155313363429665,0.031553133634296605,0.03155313363429659,0.03155313363429659,0.03155313363429664,0.09544154678445471,0.09544154678445464,0.0954415467844546,0.0,0.0,0.0,0.0,0.0,0.0,0.0,0.0,0.0
1686,0.03139576172375955,0.03139576172375952,0.03139576172375948,0.03139576172375946,0.03139576172375946,0.03139576172375951,0.09496553008398466,0.09496553008398459,0.09496553008398455,0.0,0.0,0.0,0.0,0.0,0.0,0.0,0.0,0.0
1687,0.031239174708900707,0.03123917470890068,0.031239174708900638,0.031239174708900624,0.031239174708900624,0.031239174708900672,0.09449188752671284,0.09449188752671277,0.09449188752671273,0.0,0.0,0.0,0.0,0.0,0.0,0.0,0.0,0.0
1688,0.03108336867503663,0.031083368675036607,0.03108336867503657,0.03108336867503655,0.031083368675036555,0.031083368675036596,0.09402060727155064,0.09402060727155057,0.09402060727155052,0.0,0.0,0.0,0.0,0.0,0.0,0.0,0.0,0.0
1689,0.03092833972700836,0.030928339727008335,0.0309283397270083,0.03092833972700828,0.030928339727008286,0.03092833972700832,0.09355167753646713,0.09355167753646706,0.09355167753646702,0.0,0.0,0.0,0.0,0.0,0.0,0.0,0.0,0.0
1690,0.030774083989084114,0.03077408398908409,0.030774083989084055,0.030774083989084034,0.03077408398908404,0.030774083989084076,0.09308508659819453,0.09308508659819446,0.09308508659819442,0.0,0.0,0.0,0.0,0.0,0.0,0.0,0.0,0.0
1691,0.030620597604862416,0.030620597604862392,0.03062059760486236,0.030620597604862337,0.030620597604862344,0.030620597604862375,0.09262082279193506,0.092620822791935,0.09262082279193495,0.0,0.0,0.0,0.0,0.0,0.0,0.0,0.0,0.0
1692,0.030467876737175662,0.030467876737175638,0.030467876737175607,0.030467876737175582,0.03046787673717559,0.03046787673717562,0.09215887451106941,0.09215887451106934,0.0921588745110693,0.0,0.0,0.0,0.0,0.0,0.0,0.0,0.0,0.0
1693,0.03031591756799421,0.030315917567994184,0.030315917567994153,0.03031591756799413,0.030315917567994136,0.030315917567994167,0.09169923020686647,0.0916992302068664,0.09169923020686636,0.0,0.0,0.0,0.0,0.0,0.0,0.0,0.0,0.0
1694,0.03016471629833091,0.030164716298330885,0.030164716298330854,0.03016471629833083,0.030164716298330837,0.030164716298330868,0.09124187838819471,0.09124187838819464,0.0912418783881946,0.0,0.0,0.0,0.0,0.0,0.0,0.0,0.0,0.0
1695,0.03001426914814615,0.030014269148146127,0.030014269148146096,0.03001426914814607,0.03001426914814608,0.03001426914814611,0.09078680762123484,0.09078680762123477,0.09078680762123473,0.0,0.0,0.0,0.0,0.0,0.0,0.0,0.0,0.0
1696,0.02986457235625334,0.029864572356253314,0.029864572356253283,0.02986457235625326,0.029864572356253265,0.029864572356253297,0.09033400652919399,0.09033400652919392,0.09033400652919388,0.0,0.0,0.0,0.0,0.0,0.0,0.0,0.0,0.0
1697,0.02971562218022488,0.029715622180224856,0.029715622180224825,0.0297156221802248,0.029715622180224808,0.02971562218022484,0.08988346379202126,0.0898834637920212,0.08988346379202115,0.0,0.0,0.0,0.0,0.0,0.0,0.0,0.0,0.0
1698,0.02956741489629862,0.029567414896298595,0.029567414896298563,0.02956741489629854,0.029567414896298546,0.029567414896298577,0.08943516814612477,0.0894351681461247,0.08943516814612466,0.0,0.0,0.0,0.0,0.0,0.0,0.0,0.0,0.0
1699,0.029419946799284735,0.02941994679928471,0.02941994679928468,0.029419946799284655,0.02941994679928466,0.029419946799284693,0.08898910838409002,0.08898910838408995,0.08898910838408991,0.0,0.0,0.0,0.0,0.0,0.0,0.0,0.0,0.0
1700,0.029273214202473124,0.0292732142024731,0.02927321420247307,0.029273214202473044,0.02927321420247305,0.029273214202473082,0.08854527335439973,0.08854527335439966,0.08854527335439961,0.0,0.0,0.0,0.0,0.0,0.0,0.0,0.0,0.0
1701,0.02912721343754122,0.029127213437541197,0.029127213437541166,0.02912721343754114,0.029127213437541148,0.02912721343754118,0.08810365196115502,0.08810365196115495,0.08810365196115491,0.0,0.0,0.0,0.0,0.0,0.0,0.0,0.0,0.0
1702,0.0289819408544623,0.028981940854462276,0.028981940854462245,0.02898194085446222,0.028981940854462228,0.02898194085446226,0.08766423316379808,0.08766423316379801,0.08766423316379797,0.0,0.0,0.0,0.0,0.0,0.0,0.0,0.0,0.0
1703,0.02883739282141422,0.028837392821414197,0.028837392821414166,0.02883739282141414,0.02883739282141415,0.02883739282141418,0.0872270059768361,0.08722700597683603,0.08722700597683598,0.0,0.0,0.0,0.0,0.0,0.0,0.0,0.0,0.0
1704,0.028693565724688626,0.0286935657246886,0.02869356572468857,0.028693565724688546,0.028693565724688553,0.028693565724688584,0.0867919594695666,0.08679195946956653,0.08679195946956648,0.0,0.0,0.0,0.0,0.0,0.0,0.0,0.0,0.0
1705,0.028550455968600605,0.02855045596860058,0.02855045596860055,0.028550455968600525,0.028550455968600532,0.028550455968600563,0.08635908276580426,0.08635908276580419,0.08635908276580415,0.0,0.0,0.0,0.0,0.0,0.0,0.0,0.0,0.0
1706,0.028408059975398803,0.02840805997539878,0.028408059975398747,0.028408059975398723,0.02840805997539873,0.02840805997539876,0.08592836504360894,0.08592836504360887,0.08592836504360883,0.0,0.0,0.0,0.0,0.0,0.0,0.0,0.0,0.0
1707,0.028266374185175972,0.028266374185175948,0.028266374185175917,0.028266374185175892,0.0282663741851759,0.02826637418517593,0.08549979553501515,0.08549979553501509,0.08549979553501505,0.0,0.0,0.0,0.0,0.0,0.0,0.0,0.0,0.0
1708,0.02812539505577998,0.028125395055779955,0.028125395055779923,0.0281253950557799,0.028125395055779906,0.028125395055779937,0.08507336352576285,0.0850733635257628,0.08507336352576275,0.0,0.0,0.0,0.0,0.0,0.0,0.0,0.0,0.0
1709,0.027985119062725248,0.027985119062725224,0.027985119062725192,0.027985119062725168,0.027985119062725175,0.027985119062725206,0.0846490583550296,0.08464905835502955,0.0846490583550295,0.0,0.0,0.0,0.0,0.0,0.0,0.0,0.0,0.0
1710,0.027845542699104643,0.02784554269910462,0.027845542699104588,0.027845542699104563,0.02784554269910457,0.0278455426991046,0.08422686941516404,0.08422686941516398,0.08422686941516394,0.0,0.0,0.0,0.0,0.0,0.0,0.0,0.0,0.0
1711,0.027706662475501805,0.02770666247550178,0.02770666247550175,0.027706662475501725,0.02770666247550173,0.027706662475501763,0.08380678615142068,0.08380678615142062,0.08380678615142058,0.0,0.0,0.0,0.0,0.0,0.0,0.0,0.0,0.0
1712,0.027568474919903913,0.027568474919903888,0.027568474919903857,0.027568474919903833,0.02756847491990384,0.02756847491990387,0.08338879806169604,0.08338879806169598,0.08338879806169594,0.0,0.0,0.0,0.0,0.0,0.0,0.0,0.0,0.0
1713,0.027430976577614875,0.02743097657761485,0.02743097657761482,0.027430976577614796,0.027430976577614802,0.027430976577614834,0.08297289469626612,0.08297289469626606,0.08297289469626602,0.0,0.0,0.0,0.0,0.0,0.0,0.0,0.0,0.0
1714,0.027294164011168978,0.027294164011168954,0.027294164011168923,0.0272941640111689,0.027294164011168905,0.027294164011168937,0.08255906565752512,0.08255906565752506,0.08255906565752502,0.0,0.0,0.0,0.0,0.0,0.0,0.0,0.0,0.0
1715,0.02715803380024493,0.027158033800244907,0.027158033800244875,0.02715803380024485,0.027158033800244858,0.02715803380024489,0.08214730059972551,0.08214730059972546,0.08214730059972541,0.0,0.0,0.0,0.0,0.0,0.0,0.0,0.0,0.0
1716,0.027022582541580374,0.02702258254158035,0.02702258254158032,0.027022582541580294,0.0270225825415803,0.027022582541580333,0.0817375892287194,0.08173758922871935,0.0817375892287193,0.0,0.0,0.0,0.0,0.0,0.0,0.0,0.0,0.0
1717,0.026887806848886784,0.02688780684888676,0.02688780684888673,0.026887806848886704,0.02688780684888671,0.026887806848886742,0.08132992130170118,0.08132992130170112,0.08132992130170108,0.0,0.0,0.0,0.0,0.0,0.0,0.0,0.0,0.0
1718,0.02675370335276482,0.026753703352764797,0.026753703352764766,0.02675370335276474,0.026753703352764748,0.02675370335276478,0.08092428662695143,0.08092428662695138,0.08092428662695134,0.0,0.0,0.0,0.0,0.0,0.0,0.0,0.0,0.0
1719,0.026620268700620103,0.02662026870062008,0.026620268700620047,0.026620268700620023,0.02662026870062003,0.02662026870062006,0.08052067506358217,0.08052067506358211,0.08052067506358207,0.0,0.0,0.0,0.0,0.0,0.0,0.0,0.0,0.0
1720,0.02648749955657937,0.02648749955657935,0.02648749955657932,0.026487499556579294,0.0264874995565793,0.026487499556579332,0.08011907652128329,0.08011907652128324,0.0801190765212832,0.0,0.0,0.0,0.0,0.0,0.0,0.0,0.0,0.0
1721,0.026355392601407113,0.026355392601407093,0.02635539260140706,0.026355392601407037,0.026355392601407044,0.026355392601407075,0.07971948096007031,0.07971948096007025,0.07971948096007021,0.0,0.0,0.0,0.0,0.0,0.0,0.0,0.0,0.0
1722,0.02622394453242257,0.02622394453242255,0.02622394453242252,0.026223944532422494,0.0262239445324225,0.026223944532422532,0.07932187839003339,0.07932187839003334,0.0793218783900333,0.0,0.0,0.0,0.0,0.0,0.0,0.0,0.0,0.0
1723,0.02609315206341717,0.026093152063417148,0.026093152063417117,0.026093152063417092,0.0260931520634171,0.02609315206341713,0.07892625887108758,0.07892625887108752,0.07892625887108748,0.0,0.0,0.0,0.0,0.0,0.0,0.0,0.0,0.0
1724,0.02596301192457237,0.02596301192457235,0.02596301192457232,0.025963011924572295,0.025963011924572302,0.025963011924572333,0.07853261251272428,0.07853261251272423,0.07853261251272418,0.0,0.0,0.0,0.0,0.0,0.0,0.0,0.0,0.0
1725,0.025833520862377928,0.025833520862377907,0.025833520862377876,0.025833520862377852,0.02583352086237786,0.02583352086237789,0.07814092947376405,0.078140929473764,0.07814092947376396,0.0,0.0,0.0,0.0,0.0,0.0,0.0,0.0,0.0
1726,0.025704675639550544,0.025704675639550523,0.025704675639550492,0.025704675639550468,0.025704675639550475,0.025704675639550506,0.07775119996211051,0.07775119996211045,0.07775119996211041,0.0,0.0,0.0,0.0,0.0,0.0,0.0,0.0,0.0
1727,0.025576473034952935,0.025576473034952914,0.025576473034952883,0.02557647303495286,0.025576473034952866,0.025576473034952897,0.07736341423450556,0.0773634142345055,0.07736341423450546,0.0,0.0,0.0,0.0,0.0,0.0,0.0,0.0,0.0
1728,0.025448909843513307,0.025448909843513286,0.025448909843513254,0.025448909843513234,0.025448909843513237,0.02544890984351327,0.07697756259628583,0.07697756259628577,0.07697756259628573,0.0,0.0,0.0,0.0,0.0,0.0,0.0,0.0,0.0
1729,0.025321982876145233,0.025321982876145212,0.02532198287614518,0.02532198287614516,0.025321982876145163,0.025321982876145194,0.07659363540114025,0.0765936354011402,0.07659363540114016,0.0,0.0,0.0,0.0,0.0,0.0,0.0,0.0,0.0
1730,0.025195688959667915,0.025195688959667895,0.025195688959667863,0.025195688959667843,0.025195688959667846,0.025195688959667877,0.07621162305086897,0.07621162305086891,0.07621162305086887,0.0,0.0,0.0,0.0,0.0,0.0,0.0,0.0,0.0
1731,0.025070024936726866,0.025070024936726845,0.025070024936726814,0.025070024936726793,0.025070024936726797,0.025070024936726828,0.0758315159951433,0.07583151599514325,0.0758315159951432,0.0,0.0,0.0,0.0,0.0,0.0,0.0,0.0,0.0
1732,0.024944987665714968,0.024944987665714947,0.024944987665714916,0.024944987665714895,0.024944987665714898,0.02494498766571493,0.07545330473126709,0.07545330473126703,0.07545330473126699,0.0,0.0,0.0,0.0,0.0,0.0,0.0,0.0,0.0
1733,0.02482057402069393,0.02482057402069391,0.02482057402069388,0.024820574020693858,0.02482057402069386,0.024820574020693893,0.07507697980393901,0.07507697980393896,0.07507697980393892,0.0,0.0,0.0,0.0,0.0,0.0,0.0,0.0,0.0
1734,0.02469678089131615,0.02469678089131613,0.0246967808913161,0.024696780891316078,0.02469678089131608,0.024696780891316113,0.0747025318050163,0.07470253180501625,0.07470253180501621,0.0,0.0,0.0,0.0,0.0,0.0,0.0,0.0,0.0
1735,0.024573605182746944,0.024573605182746924,0.024573605182746892,0.024573605182746875,0.02457360518274688,0.024573605182746906,0.07432995137327948,0.07432995137327943,0.07432995137327938,0.0,0.0,0.0,0.0,0.0,0.0,0.0,0.0,0.0
1736,0.024451043815587183,0.024451043815587162,0.02445104381558713,0.024451043815587114,0.024451043815587117,0.024451043815587145,0.07395922919419834,0.07395922919419828,0.07395922919419824,0.0,0.0,0.0,0.0,0.0,0.0,0.0,0.0,0.0
1737,0.024329093725796305,0.024329093725796284,0.024329093725796253,0.024329093725796235,0.02432909372579624,0.024329093725796266,0.0735903559996991,0.07359035599969904,0.073590355999699,0.0,0.0,0.0,0.0,0.0,0.0,0.0,0.0,0.0
1738,0.024207751864615712,0.02420775186461569,0.024207751864615663,0.024207751864615646,0.02420775186461565,0.024207751864615674,0.07322332256793268,0.07322332256793262,0.07322332256793258,0.0,0.0,0.0,0.0,0.0,0.0,0.0,0.0,0.0
1739,0.02408701519849256,0.024087015198492538,0.02408701519849251,0.024087015198492493,0.024087015198492497,0.02408701519849252,0.07285811972304418,0.07285811972304412,0.07285811972304408,0.0,0.0,0.0,0.0,0.0,0.0,0.0,0.0,0.0
1740,0.0239668807090039,0.02396688070900388,0.02396688070900385,0.023966880709003834,0.023966880709003838,0.023966880709003862,0.07249473833494345,0.0724947383349434,0.07249473833494335,0.0,0.0,0.0,0.0,0.0,0.0,0.0,0.0,0.0
1741,0.023847345392781244,0.023847345392781223,0.023847345392781195,0.023847345392781178,0.02384734539278118,0.023847345392781206,0.07213316931907687,0.07213316931907682,0.07213316931907678,0.0,0.0,0.0,0.0,0.0,0.0,0.0,0.0,0.0
1742,0.023728406261435457,0.023728406261435436,0.02372840626143541,0.02372840626143539,0.023728406261435395,0.02372840626143542,0.0717734036362002,0.07177340363620015,0.0717734036362001,0.0,0.0,0.0,0.0,0.0,0.0,0.0,0.0,0.0
1743,0.02361006034148206,0.02361006034148204,0.02361006034148201,0.023610060341481994,0.023610060341481998,0.023610060341482022,0.07141543229215265,0.0714154322921526,0.07141543229215255,0.0,0.0,0.0,0.0,0.0,0.0,0.0,0.0,0.0
1744,0.02349230467426689,0.02349230467426687,0.023492304674266842,0.02349230467426683,0.02349230467426683,0.023492304674266853,0.07105924633763196,0.0710592463376319,0.07105924633763186,0.0,0.0,0.0,0.0,0.0,0.0,0.0,0.0,0.0
1745,0.02337513631589214,0.02337513631589212,0.02337513631589209,0.023375136315892078,0.023375136315892078,0.023375136315892102,0.0707048368679707,0.07070483686797065,0.0707048368679706,0.0,0.0,0.0,0.0,0.0,0.0,0.0,0.0,0.0
1746,0.023258552337142743,0.023258552337142722,0.023258552337142694,0.02325855233714268,0.02325855233714268,0.023258552337142704,0.07035219502291369,0.07035219502291364,0.0703521950229136,0.0,0.0,0.0,0.0,0.0,0.0,0.0,0.0,0.0
1747,0.023142549823413155,0.023142549823413135,0.023142549823413107,0.023142549823413093,0.023142549823413093,0.023142549823413117,0.07000131198639643,0.07000131198639638,0.07000131198639634,0.0,0.0,0.0,0.0,0.0,0.0,0.0,0.0,0.0
1748,0.023027125874634496,0.023027125874634475,0.023027125874634447,0.023027125874634433,0.023027125874634433,0.023027125874634458,0.06965217898632474,0.06965217898632468,0.06965217898632464,0.0,0.0,0.0,0.0,0.0,0.0,0.0,0.0,0.0
1749,0.022912277605202033,0.022912277605202012,0.022912277605201984,0.02291227760520197,0.02291227760520197,0.022912277605201994,0.06930478729435544,0.06930478729435538,0.06930478729435534,0.0,0.0,0.0,0.0,0.0,0.0,0.0,0.0,0.0
1750,0.022798002143903047,0.022798002143903026,0.022798002143903002,0.022798002143902988,0.022798002143902988,0.022798002143903012,0.06895912822567811,0.06895912822567805,0.06895912822567801,0.0,0.0,0.0,0.0,0.0,0.0,0.0,0.0,0.0
1751,0.022684296633845056,0.022684296633845035,0.02268429663384501,0.022684296633845,0.022684296633845,0.02268429663384502,0.06861519313879805,0.06861519313879799,0.06861519313879795,0.0,0.0,0.0,0.0,0.0,0.0,0.0,0.0,0.0
1752,0.022571158232384387,0.022571158232384366,0.022571158232384342,0.02257115823238433,0.02257115823238433,0.022571158232384352,0.06827297343532017,0.06827297343532011,0.06827297343532007,0.0,0.0,0.0,0.0,0.0,0.0,0.0,0.0,0.0
1753,0.02245858411105511,0.02245858411105509,0.022458584111055065,0.022458584111055054,0.022458584111055054,0.022458584111055075,0.06793246055973406,0.06793246055973401,0.06793246055973397,0.0,0.0,0.0,0.0,0.0,0.0,0.0,0.0,0.0
1754,0.02234657145549833,0.02234657145549831,0.022346571455498284,0.022346571455498274,0.022346571455498274,0.022346571455498294,0.0675936459992001,0.06759364599920005,0.06759364599920001,0.0,0.0,0.0,0.0,0.0,0.0,0.0,0.0,0.0
1755,0.02223511746539182,0.0222351174653918,0.022235117465391776,0.022235117465391765,0.022235117465391765,0.022235117465391786,0.06725652128333663,0.06725652128333658,0.06725652128333653,0.0,0.0,0.0,0.0,0.0,0.0,0.0,0.0,0.0
1756,0.022124219354380026,0.022124219354380005,0.02212421935437998,0.02212421935437997,0.02212421935437997,0.02212421935437999,0.06692107798400819,0.06692107798400813,0.06692107798400809,0.0,0.0,0.0,0.0,0.0,0.0,0.0,0.0,0.0
1757,0.022013874350004396,0.022013874350004375,0.02201387435000435,0.02201387435000434,0.02201387435000434,0.02201387435000436,0.06658730771511483,0.06658730771511477,0.06658730771511473,0.0,0.0,0.0,0.0,0.0,0.0,0.0,0.0,0.0
1758,0.021904079693634074,0.021904079693634053,0.02190407969363403,0.021904079693634018,0.021904079693634018,0.02190407969363404,0.06625520213238242,0.06625520213238237,0.06625520213238233,0.0,0.0,0.0,0.0,0.0,0.0,0.0,0.0,0.0
1759,0.02179483264039693,0.02179483264039691,0.021794832640396885,0.021794832640396875,0.021794832640396875,0.021794832640396895,0.06592475293315413,0.06592475293315407,0.06592475293315403,0.0,0.0,0.0,0.0,0.0,0.0,0.0,0.0,0.0
1760,0.021686130459110945,0.021686130459110924,0.0216861304591109,0.02168613045911089,0.02168613045911089,0.02168613045911091,0.06559595185618275,0.0655959518561827,0.06559595185618265,0.0,0.0,0.0,0.0,0.0,0.0,0.0,0.0,0.0
1761,0.021577970432215925,0.021577970432215904,0.02157797043221588,0.02157797043221587,0.02157797043221587,0.02157797043221589,0.06526879068142423,0.06526879068142417,0.06526879068142413,0.0,0.0,0.0,0.0,0.0,0.0,0.0,0.0,0.0
1762,0.02147034985570556,0.02147034985570554,0.021470349855705517,0.021470349855705506,0.021470349855705506,0.021470349855705527,0.06494326122983217,0.06494326122983211,0.06494326122983207,0.0,0.0,0.0,0.0,0.0,0.0,0.0,0.0,0.0
1763,0.02136326603905984,0.02136326603905982,0.021363266039059796,0.021363266039059785,0.021363266039059785,0.021363266039059806,0.06461935536315332,0.06461935536315326,0.06461935536315322,0.0,0.0,0.0,0.0,0.0,0.0,0.0,0.0,0.0
1764,0.021256716305177767,0.021256716305177746,0.021256716305177722,0.02125671630517771,0.02125671630517771,0.021256716305177732,0.06429706498372413,0.06429706498372408,0.06429706498372403,0.0,0.0,0.0,0.0,0.0,0.0,0.0,0.0,0.0
1765,0.021150697990310444,0.021150697990310423,0.0211506979903104,0.02115069799031039,0.02115069799031039,0.02115069799031041,0.06397638203426835,0.0639763820342683,0.06397638203426825,0.0,0.0,0.0,0.0,0.0,0.0,0.0,0.0,0.0
1766,0.02104520844399448,0.02104520844399446,0.021045208443994434,0.021045208443994424,0.021045208443994424,0.021045208443994445,0.06365729849769554,0.06365729849769548,0.06365729849769544,0.0,0.0,0.0,0.0,0.0,0.0,0.0,0.0,0.0
1767,0.02094024502898572,0.0209402450289857,0.020940245028985675,0.020940245028985664,0.020940245028985664,0.020940245028985685,0.06333980639690065,0.0633398063969006,0.06333980639690055,0.0,0.0,0.0,0.0,0.0,0.0,0.0,0.0,0.0
1768,0.02083580512119332,0.0208358051211933,0.020835805121193277,0.020835805121193266,0.020835805121193266,0.020835805121193287,0.06302389779456463,0.06302389779456458,0.06302389779456453,0.0,0.0,0.0,0.0,0.0,0.0,0.0,0.0,0.0
1769,0.020731886109614153,0.02073188610961413,0.020731886109614107,0.020731886109614097,0.020731886109614097,0.020731886109614118,0.06270956479295597,0.06270956479295592,0.06270956479295588,0.0,0.0,0.0,0.0,0.0,0.0,0.0,0.0,0.0
1770,0.02062848539626751,0.02062848539626749,0.020628485396267465,0.020628485396267455,0.020628485396267455,0.020628485396267476,0.06239679953373327,0.06239679953373321,0.06239679953373317,0.0,0.0,0.0,0.0,0.0,0.0,0.0,0.0,0.0
1771,0.02052560039613018,0.020525600396130158,0.020525600396130134,0.020525600396130123,0.020525600396130123,0.020525600396130144,0.06208559419774874,0.062085594197748686,0.062085594197748645,0.0,0.0,0.0,0.0,0.0,0.0,0.0,0.0,0.0
1772,0.02042322853707179,0.02042322853707177,0.020423228537071746,0.020423228537071736,0.020423228537071736,0.020423228537071757,0.061775941004852786,0.06177594100485273,0.06177594100485269,0.0,0.0,0.0,0.0,0.0,0.0,0.0,0.0,0.0
1773,0.020321367259790543,0.020321367259790522,0.020321367259790498,0.020321367259790488,0.020321367259790488,0.02032136725979051,0.061467832213699454,0.0614678322136994,0.06146783221369936,0.0,0.0,0.0,0.0,0.0,0.0,0.0,0.0,0.0
1774,0.020220014017749192,0.02022001401774917,0.020220014017749147,0.020220014017749137,0.020220014017749137,0.020220014017749158,0.061161260121552916,0.06116126012155286,0.06116126012155282,0.0,0.0,0.0,0.0,0.0,0.0,0.0,0.0,0.0
1775,0.020119166277111415,0.020119166277111394,0.02011916627711137,0.02011916627711136,0.02011916627711136,0.02011916627711138,0.0608562170640949,0.060856217064094845,0.0608562170640948,0.0,0.0,0.0,0.0,0.0,0.0,0.0,0.0,0.0
1776,0.02001882151667844,0.020018821516678418,0.020018821516678394,0.020018821516678383,0.020018821516678383,0.020018821516678404,0.06055269541523309,0.06055269541523303,0.06055269541523299,0.0,0.0,0.0,0.0,0.0,0.0,0.0,0.0,0.0
1777,0.019918977227826026,0.019918977227826005,0.01991897722782598,0.01991897722782597,0.01991897722782597,0.01991897722782599,0.06025068758691044,0.060250687586910386,0.060250687586910344,0.0,0.0,0.0,0.0,0.0,0.0,0.0,0.0,0.0
1778,0.019819630914441756,0.019819630914441735,0.01981963091444171,0.0198196309144417,0.0198196309144417,0.01981963091444172,0.059950186028915525,0.05995018602891547,0.05995018602891543,0.0,0.0,0.0,0.0,0.0,0.0,0.0,0.0,0.0
1779,0.01972078009286262,0.0197207800928626,0.019720780092862576,0.019720780092862565,0.019720780092862565,0.019720780092862586,0.05965118322869374,0.059651183228693686,0.059651183228693644,0.0,0.0,0.0,0.0,0.0,0.0,0.0,0.0,0.0
1780,0.019622422291812932,0.01962242229181291,0.019622422291812887,0.019622422291812876,0.019622422291812876,0.019622422291812897,0.05935367171115951,0.059353671711159454,0.05935367171115941,0.0,0.0,0.0,0.0,0.0,0.0,0.0,0.0,0.0
1781,0.01952455505234254,0.01952455505234252,0.019524555052342497,0.019524555052342487,0.019524555052342487,0.019524555052342508,0.059057644038509396,0.05905764403850934,0.0590576440385093,0.0,0.0,0.0,0.0,0.0,0.0,0.0,0.0,0.0
1782,0.019427175927765362,0.019427175927765345,0.01942717592776532,0.01942717592776531,0.01942717592776531,0.01942717592776533,0.05876309281003617,0.05876309281003612,0.058763092810036076,0.0,0.0,0.0,0.0,0.0,0.0,0.0,0.0,0.0
1783,0.01933028248359821,0.019330282483598193,0.01933028248359817,0.01933028248359816,0.01933028248359816,0.01933028248359818,0.05847001066194378,0.058470010661943725,0.05847001066194368,0.0,0.0,0.0,0.0,0.0,0.0,0.0,0.0,0.0
1784,0.019233872297499937,0.01923387229749992,0.019233872297499895,0.019233872297499885,0.019233872297499885,0.019233872297499906,0.058178390267163246,0.05817839026716319,0.05817839026716315,0.0,0.0,0.0,0.0,0.0,0.0,0.0,0.0,0.0
1785,0.019137942959210865,0.019137942959210848,0.019137942959210823,0.019137942959210813,0.019137942959210813,0.019137942959210834,0.05788822433516952,0.057888224335169464,0.05788822433516942,0.0,0.0,0.0,0.0,0.0,0.0,0.0,0.0,0.0
1786,0.019042492070492543,0.019042492070492526,0.019042492070492502,0.01904249207049249,0.01904249207049249,0.019042492070492512,0.05759950561179919,0.057599505611799134,0.05759950561179909,0.0,0.0,0.0,0.0,0.0,0.0,0.0,0.0,0.0
1787,0.01894751724506778,0.018947517245067762,0.018947517245067737,0.018947517245067727,0.018947517245067727,0.018947517245067748,0.05731222687906913,0.057312226879069075,0.057312226879069034,0.0,0.0,0.0,0.0,0.0,0.0,0.0,0.0,0.0
1788,0.018853016108560994,0.018853016108560976,0.018853016108560952,0.01885301610856094,0.01885301610856094,0.018853016108560963,0.05702638095499606,0.05702638095499601,0.057026380954995966,0.0,0.0,0.0,0.0,0.0,0.0,0.0,0.0,0.0
1789,0.018758986298438852,0.018758986298438834,0.01875898629843881,0.0187589862984388,0.0187589862984388,0.01875898629843882,0.056741960693417,0.05674196069341694,0.0567419606934169,0.0,0.0,0.0,0.0,0.0,0.0,0.0,0.0,0.0
1790,0.0186654254639512,0.018665425463951182,0.018665425463951158,0.018665425463951148,0.018665425463951148,0.01866542546395117,0.05645895898381058,0.05645895898381052,0.05645895898381048,0.0,0.0,0.0,0.0,0.0,0.0,0.0,0.0,0.0
1791,0.018572331266072307,0.01857233126607229,0.018572331266072266,0.018572331266072255,0.018572331266072255,0.018572331266072276,0.056177368751119325,0.05617736875111927,0.05617736875111923,0.0,0.0,0.0,0.0,0.0,0.0,0.0,0.0,0.0
1792,0.018479701377442374,0.018479701377442356,0.018479701377442332,0.018479701377442325,0.018479701377442325,0.018479701377442342,0.055897182955572756,0.0558971829555727,0.05589718295557266,0.0,0.0,0.0,0.0,0.0,0.0,0.0,0.0,0.0
1793,0.018387533482309364,0.018387533482309346,0.018387533482309322,0.018387533482309315,0.018387533482309315,0.018387533482309332,0.055618394592511396,0.05561839459251134,0.0556183945925113,0.0,0.0,0.0,0.0,0.0,0.0,0.0,0.0,0.0
1794,0.018295825276471094,0.018295825276471077,0.018295825276471053,0.018295825276471046,0.018295825276471046,0.018295825276471063,0.05534099669221164,0.05534099669221158,0.05534099669221154,0.0,0.0,0.0,0.0,0.0,0.0,0.0,0.0,0.0
1795,0.018204574467217644,0.01820457446721763,0.018204574467217606,0.0182045744672176,0.0182045744672176,0.018204574467217616,0.05506498231971153,0.05506498231971148,0.055064982319711436,0.0,0.0,0.0,0.0,0.0,0.0,0.0,0.0,0.0
1796,0.018113778773274032,0.018113778773274018,0.018113778773273994,0.018113778773273987,0.018113778773273987,0.018113778773274004,0.05479034457463739,0.054790344574637335,0.054790344574637294,0.0,0.0,0.0,0.0,0.0,0.0,0.0,0.0,0.0
1797,0.01802343592474318,0.018023435924743165,0.01802343592474314,0.018023435924743134,0.018023435924743134,0.01802343592474315,0.054517076591031284,0.05451707659103123,0.05451707659103119,0.0,0.0,0.0,0.0,0.0,0.0,0.0,0.0,0.0
1798,0.017933543663049164,0.01793354366304915,0.017933543663049126,0.01793354366304912,0.01793354366304912,0.017933543663049136,0.054245171537179386,0.05424517153717933,0.05424517153717929,0.0,0.0,0.0,0.0,0.0,0.0,0.0,0.0,0.0
1799,0.017844099740880765,0.01784409974088075,0.017844099740880727,0.01784409974088072,0.01784409974088072,0.017844099740880737,0.053974622615441184,0.05397462261544113,0.053974622615441094,0.0,0.0,0.0,0.0,0.0,0.0,0.0,0.0,0.0
1800,0.01775510192213527,0.017755101922135256,0.01775510192213523,0.017755101922135225,0.017755101922135225,0.017755101922135242,0.05370542306207955,0.053705423062079496,0.05370542306207946,0.0,0.0,0.0,0.0,0.0,0.0,0.0,0.0,0.0
1801,0.017666547981862575,0.01766654798186256,0.017666547981862537,0.01766654798186253,0.01766654798186253,0.017666547981862547,0.05343756614709163,0.053437566147091574,0.05343756614709154,0.0,0.0,0.0,0.0,0.0,0.0,0.0,0.0,0.0
1802,0.01757843570620956,0.017578435706209546,0.01757843570620952,0.017578435706209514,0.017578435706209514,0.01757843570620953,0.053171045174040595,0.05317104517404054,0.053171045174040504,0.0,0.0,0.0,0.0,0.0,0.0,0.0,0.0,0.0
1803,0.017490762892364745,0.01749076289236473,0.017490762892364706,0.0174907628923647,0.0174907628923647,0.017490762892364717,0.052905853479888236,0.05290585347988818,0.052905853479888146,0.0,0.0,0.0,0.0,0.0,0.0,0.0,0.0,0.0
1804,0.017403527348503214,0.0174035273485032,0.017403527348503176,0.01740352734850317,0.01740352734850317,0.017403527348503187,0.05264198443482839,0.052641984434828336,0.0526419844348283,0.0,0.0,0.0,0.0,0.0,0.0,0.0,0.0,0.0
1805,0.017316726893731833,0.01731672689373182,0.017316726893731794,0.017316726893731788,0.017316726893731788,0.017316726893731805,0.05237943144212119,0.052379431442121135,0.0523794314421211,0.0,0.0,0.0,0.0,0.0,0.0,0.0,0.0,0.0
1806,0.017230359358034707,0.017230359358034693,0.01723035935803467,0.01723035935803466,0.01723035935803466,0.01723035935803468,0.05211818793792814,0.052118187937928086,0.05211818793792805,0.0,0.0,0.0,0.0,0.0,0.0,0.0,0.0,0.0
1807,0.017144422582218946,0.017144422582218932,0.01714442258221891,0.017144422582218904,0.017144422582218904,0.01714442258221892,0.051858247391148034,0.05185824739114798,0.051858247391147944,0.0,0.0,0.0,0.0,0.0,0.0,0.0,0.0,0.0
1808,0.01705891441786068,0.017058914417860668,0.017058914417860647,0.01705891441786064,0.01705891441786064,0.017058914417860654,0.05159960330325365,0.0515996033032536,0.05159960330325356,0.0,0.0,0.0,0.0,0.0,0.0,0.0,0.0,0.0
1809,0.01697383272725135,0.016973832727251337,0.016973832727251316,0.01697383272725131,0.01697383272725131,0.016973832727251323,0.05134224920812934,0.051342249208129284,0.05134224920812925,0.0,0.0,0.0,0.0,0.0,0.0,0.0,0.0,0.0
1810,0.016889175383344255,0.01688917538334424,0.01688917538334422,0.016889175383344213,0.016889175383344213,0.016889175383344227,0.0510861786719093,0.051086178671909246,0.05108617867190921,0.0,0.0,0.0,0.0,0.0,0.0,0.0,0.0,0.0
1811,0.016804940269701387,0.016804940269701373,0.016804940269701352,0.016804940269701345,0.016804940269701345,0.01680494026970136,0.050831385292816805,0.05083138529281675,0.050831385292816715,0.0,0.0,0.0,0.0,0.0,0.0,0.0,0.0,0.0
1812,0.01672112528044052,0.016721125280440507,0.016721125280440487,0.01672112528044048,0.01672112528044048,0.016721125280440494,0.050577862701004096,0.05057786270100405,0.05057786270100401,0.0,0.0,0.0,0.0,0.0,0.0,0.0,0.0,0.0
1813,0.01663772832018256,0.016637728320182545,0.016637728320182524,0.016637728320182517,0.016637728320182517,0.01663772832018253,0.05032560455839318,0.05032560455839313,0.0503256045583931,0.0,0.0,0.0,0.0,0.0,0.0,0.0,0.0,0.0
1814,0.01655474730399915,0.016554747303999136,0.016554747303999116,0.01655474730399911,0.01655474730399911,0.016554747303999123,0.05007460455851735,0.050074604558517304,0.05007460455851727,0.0,0.0,0.0,0.0,0.0,0.0,0.0,0.0,0.0
1815,0.01647218015736057,0.016472180157360555,0.016472180157360534,0.016472180157360527,0.016472180157360527,0.01647218015736054,0.04982485642636354,0.049824856426363494,0.04982485642636346,0.0,0.0,0.0,0.0,0.0,0.0,0.0,0.0,0.0
1816,0.016390024816083846,0.016390024816083832,0.01639002481608381,0.016390024816083804,0.016390024816083804,0.016390024816083818,0.04957635391821544,0.04957635391821539,0.049576353918215355,0.0,0.0,0.0,0.0,0.0,0.0,0.0,0.0,0.0
1817,0.016308279226281176,0.016308279226281162,0.01630827922628114,0.016308279226281135,0.016308279226281135,0.01630827922628115,0.04932909082149739,0.04932909082149734,0.04932909082149731,0.0,0.0,0.0,0.0,0.0,0.0,0.0,0.0,0.0
1818,0.016226941344308552,0.016226941344308538,0.016226941344308517,0.01622694134430851,0.01622694134430851,0.016226941344308524,0.04908306095461911,0.04908306095461906,0.04908306095461903,0.0,0.0,0.0,0.0,0.0,0.0,0.0,0.0,0.0
1819,0.01614600913671469,0.016146009136714677,0.016146009136714656,0.01614600913671465,0.01614600913671465,0.016146009136714663,0.04883825816682111,0.04883825816682106,0.048838258166821025,0.0,0.0,0.0,0.0,0.0,0.0,0.0,0.0,0.0
1820,0.016065480580190184,0.01606548058019017,0.01606548058019015,0.016065480580190142,0.016065480580190142,0.016065480580190156,0.048594676338020934,0.048594676338020885,0.04859467633802085,0.0,0.0,0.0,0.0,0.0,0.0,0.0,0.0,0.0
1821,0.01598535366151693,0.015985353661516915,0.015985353661516894,0.015985353661516887,0.015985353661516887,0.0159853536615169,0.04835230937866019,0.04835230937866014,0.048352309378660106,0.0,0.0,0.0,0.0,0.0,0.0,0.0,0.0,0.0
1822,0.01590562637751778,0.015905626377517766,0.015905626377517745,0.01590562637751774,0.01590562637751774,0.015905626377517752,0.04811115122955226,0.04811115122955221,0.04811115122955218,0.0,0.0,0.0,0.0,0.0,0.0,0.0,0.0,0.0
1823,0.01582629673500649,0.015826296735006476,0.015826296735006455,0.015826296735006448,0.015826296735006448,0.015826296735006462,0.04787119586173086,0.04787119586173081,0.04787119586173078,0.0,0.0,0.0,0.0,0.0,0.0,0.0,0.0,0.0
1824,0.01574736275073786,0.015747362750737848,0.015747362750737827,0.01574736275073782,0.01574736275073782,0.015747362750737834,0.047632437276299296,0.04763243727629925,0.04763243727629922,0.0,0.0,0.0,0.0,0.0,0.0,0.0,0.0,0.0
1825,0.015668822451358175,0.015668822451358165,0.015668822451358144,0.015668822451358137,0.015668822451358137,0.01566882245135815,0.0473948695042805,0.04739486950428045,0.04739486950428042,0.0,0.0,0.0,0.0,0.0,0.0,0.0,0.0,0.0
1826,0.015590673873355861,0.01559067387335585,0.01559067387335583,0.015590673873355823,0.015590673873355823,0.015590673873355837,0.04715848660646779,0.047158486606467744,0.047158486606467716,0.0,0.0,0.0,0.0,0.0,0.0,0.0,0.0,0.0
1827,0.015512915063012394,0.015512915063012384,0.015512915063012365,0.015512915063012356,0.015512915063012356,0.01551291506301237,0.046923282673276424,0.046923282673276376,0.04692328267327635,0.0,0.0,0.0,0.0,0.0,0.0,0.0,0.0,0.0
1828,0.015435544076353468,0.015435544076353457,0.01543554407635344,0.01543554407635343,0.01543554407635343,0.015435544076353443,0.04668925182459581,0.04668925182459576,0.04668925182459573,0.0,0.0,0.0,0.0,0.0,0.0,0.0,0.0,0.0
1829,0.015358558979100385,0.015358558979100375,0.015358558979100358,0.015358558979100347,0.015358558979100347,0.015358558979100361,0.04645638820964254,0.04645638820964249,0.046456388209642464,0.0,0.0,0.0,0.0,0.0,0.0,0.0,0.0,0.0
1830,0.015281957846621707,0.015281957846621697,0.01528195784662168,0.015281957846621669,0.015281957846621669,0.015281957846621683,0.04622468600681412,0.04622468600681407,0.04622468600681404,0.0,0.0,0.0,0.0,0.0,0.0,0.0,0.0,0.0
1831,0.01520573876388513,0.01520573876388512,0.015205738763885104,0.015205738763885092,0.015205738763885092,0.015205738763885106,0.045994139423543405,0.045994139423543356,0.04599413942354333,0.0,0.0,0.0,0.0,0.0,0.0,0.0,0.0,0.0
1832,0.015129899825409616,0.015129899825409606,0.01512989982540959,0.015129899825409578,0.015129899825409578,0.015129899825409592,0.04576474269615381,0.045764742696153764,0.045764742696153736,0.0,0.0,0.0,0.0,0.0,0.0,0.0,0.0,0.0
1833,0.015054439135217753,0.015054439135217743,0.015054439135217727,0.015054439135217715,0.015054439135217715,0.015054439135217729,0.045536490089715206,0.04553649008971516,0.04553649008971513,0.0,0.0,0.0,0.0,0.0,0.0,0.0,0.0,0.0
1834,0.014979354806788357,0.014979354806788346,0.01497935480678833,0.014979354806788319,0.014979354806788319,0.014979354806788333,0.04530937589790054,0.04530937589790049,0.04530937589790046,0.0,0.0,0.0,0.0,0.0,0.0,0.0,0.0,0.0
1835,0.014904644963009306,0.014904644963009295,0.01490464496300928,0.014904644963009268,0.014904644963009268,0.014904644963009282,0.04508339444284318,0.04508339444284313,0.0450833944428431,0.0,0.0,0.0,0.0,0.0,0.0,0.0,0.0,0.0
1836,0.014830307736130614,0.014830307736130604,0.014830307736130588,0.014830307736130576,0.014830307736130576,0.01483030773613059,0.044858540074994985,0.044858540074994936,0.04485854007499491,0.0,0.0,0.0,0.0,0.0,0.0,0.0,0.0,0.0
1837,0.014756341267717738,0.014756341267717727,0.014756341267717712,0.0147563412677177,0.0147563412677177,0.014756341267717714,0.044634807172985055,0.04463480717298501,0.04463480717298498,0.0,0.0,0.0,0.0,0.0,0.0,0.0,0.0,0.0
1838,0.014682743708605115,0.014682743708605105,0.01468274370860509,0.014682743708605077,0.014682743708605077,0.014682743708605091,0.04441219014347918,0.04441219014347913,0.0444121901434791,0.0,0.0,0.0,0.0,0.0,0.0,0.0,0.0,0.0
1839,0.014609513218849934,0.014609513218849924,0.014609513218849908,0.014609513218849896,0.014609513218849896,0.01460951321884991,0.044190683421040024,0.044190683421039975,0.04419068342103995,0.0,0.0,0.0,0.0,0.0,0.0,0.0,0.0,0.0
1840,0.014536647967686138,0.014536647967686127,0.014536647967686112,0.0145366479676861,0.0145366479676861,0.014536647967686113,0.043970281467987996,0.04397028146798795,0.04397028146798792,0.0,0.0,0.0,0.0,0.0,0.0,0.0,0.0,0.0
1841,0.01446414613347865,0.01446414613347864,0.014464146133478625,0.014464146133478612,0.014464146133478612,0.014464146133478626,0.04375097877426279,0.04375097877426274,0.04375097877426271,0.0,0.0,0.0,0.0,0.0,0.0,0.0,0.0,0.0
1842,0.014392005903677842,0.014392005903677832,0.014392005903677816,0.014392005903677804,0.014392005903677804,0.014392005903677818,0.04353276985728564,0.04353276985728559,0.04353276985728556,0.0,0.0,0.0,0.0,0.0,0.0,0.0,0.0,0.0
1843,0.01432022547477421,0.0143202254747742,0.014320225474774184,0.014320225474774172,0.014320225474774172,0.014320225474774186,0.043315649261822256,0.04331564926182221,0.04331564926182218,0.0,0.0,0.0,0.0,0.0,0.0,0.0,0.0,0.0
1844,0.014248803052253293,0.014248803052253282,0.014248803052253267,0.014248803052253255,0.014248803052253255,0.014248803052253269,0.04309961155984644,0.043099611559846394,0.04309961155984637,0.0,0.0,0.0,0.0,0.0,0.0,0.0,0.0,0.0
1845,0.014177736850550808,0.014177736850550798,0.014177736850550782,0.01417773685055077,0.01417773685055077,0.014177736850550784,0.042884651350404396,0.042884651350404354,0.042884651350404326,0.0,0.0,0.0,0.0,0.0,0.0,0.0,0.0,0.0
1846,0.014107025093008011,0.014107025093008001,0.014107025093007985,0.014107025093007973,0.014107025093007973,0.014107025093007987,0.04267076325947969,0.04267076325947965,0.04267076325947962,0.0,0.0,0.0,0.0,0.0,0.0,0.0,0.0,0.0
1847,0.014036666011827282,0.014036666011827272,0.014036666011827256,0.014036666011827244,0.014036666011827244,0.014036666011827258,0.042457941939858905,0.04245794193985886,0.042457941939858836,0.0,0.0,0.0,0.0,0.0,0.0,0.0,0.0,0.0
1848,0.013966657848027924,0.013966657848027914,0.013966657848027898,0.013966657848027886,0.013966657848027886,0.0139666578480279,0.04224618207099797,0.04224618207099793,0.0422461820709979,0.0,0.0,0.0,0.0,0.0,0.0,0.0,0.0,0.0
1849,0.013896998851402198,0.013896998851402187,0.013896998851402172,0.01389699885140216,0.01389699885140216,0.013896998851402173,0.042035478358889135,0.04203547835888909,0.04203547835888907,0.0,0.0,0.0,0.0,0.0,0.0,0.0,0.0,0.0
1850,0.01382768728047156,0.013827687280471549,0.013827687280471533,0.013827687280471521,0.013827687280471521,0.013827687280471535,0.041825825535928625,0.04182582553592858,0.04182582553592856,0.0,0.0,0.0,0.0,0.0,0.0,0.0,0.0,0.0
1851,0.013758721402443125,0.013758721402443115,0.0137587214024431,0.013758721402443087,0.013758721402443087,0.013758721402443101,0.04161721836078494,0.0416172183607849,0.04161721836078488,0.0,0.0,0.0,0.0,0.0,0.0,0.0,0.0,0.0
1852,0.013690099493166354,0.013690099493166344,0.013690099493166328,0.013690099493166316,0.013690099493166316,0.01369009949316633,0.041409651618267845,0.041409651618267804,0.04140965161826778,0.0,0.0,0.0,0.0,0.0,0.0,0.0,0.0,0.0
1853,0.013621819837089938,0.013621819837089927,0.013621819837089912,0.0136218198370899,0.0136218198370899,0.013621819837089913,0.04120312011919796,0.04120312011919792,0.0412031201191979,0.0,0.0,0.0,0.0,0.0,0.0,0.0,0.0,0.0
1854,0.01355388072721892,0.01355388072721891,0.013553880727218894,0.013553880727218881,0.013553880727218881,0.013553880727218895,0.04099761870027705,0.04099761870027701,0.04099761870027699,0.0,0.0,0.0,0.0,0.0,0.0,0.0,0.0,0.0
1855,0.013486280465072014,0.013486280465072003,0.013486280465071988,0.013486280465071976,0.013486280465071976,0.01348628046507199,0.040793142223958946,0.040793142223958904,0.040793142223958884,0.0,0.0,0.0,0.0,0.0,0.0,0.0,0.0,0.0
1856,0.013419017360639145,0.013419017360639135,0.01341901736063912,0.013419017360639107,0.013419017360639107,0.013419017360639121,0.04058968557832108,0.04058968557832104,0.040589685578321016,0.0,0.0,0.0,0.0,0.0,0.0,0.0,0.0,0.0
1857,0.0133520897323392,0.01335208973233919,0.013352089732339175,0.013352089732339163,0.013352089732339163,0.013352089732339176,0.04038724367693672,0.04038724367693668,0.040387243676936656,0.0,0.0,0.0,0.0,0.0,0.0,0.0,0.0,0.0
1858,0.013285495906977985,0.013285495906977977,0.013285495906977961,0.013285495906977949,0.013285495906977949,0.013285495906977963,0.040185811458747785,0.04018581145874774,0.04018581145874772,0.0,0.0,0.0,0.0,0.0,0.0,0.0,0.0,0.0
1859,0.013219234219706399,0.01321923421970639,0.013219234219706374,0.013219234219706362,0.013219234219706362,0.013219234219706376,0.03998538388793833,0.03998538388793829,0.03998538388793827,0.0,0.0,0.0,0.0,0.0,0.0,0.0,0.0,0.0
1860,0.013153303013978808,0.013153303013978799,0.013153303013978783,0.013153303013978771,0.013153303013978771,0.013153303013978785,0.039785955953808655,0.03978595595380861,0.03978595595380859,0.0,0.0,0.0,0.0,0.0,0.0,0.0,0.0,0.0
1861,0.013087700641511634,0.013087700641511626,0.01308770064151161,0.013087700641511598,0.013087700641511598,0.013087700641511612,0.03958752267065001,0.039587522670649966,0.039587522670649945,0.0,0.0,0.0,0.0,0.0,0.0,0.0,0.0,0.0
1862,0.01302242546224215,0.013022425462242141,0.013022425462242125,0.013022425462242113,0.013022425462242113,0.013022425462242127,0.03939007907761998,0.03939007907761994,0.03939007907761992,0.0,0.0,0.0,0.0,0.0,0.0,0.0,0.0,0.0
1863,0.012957475844287473,0.012957475844287464,0.012957475844287449,0.012957475844287436,0.012957475844287436,0.01295747584428745,0.039193620238618464,0.03919362023861842,0.0391936202386184,0.0,0.0,0.0,0.0,0.0,0.0,0.0,0.0,0.0
1864,0.012892850163903773,0.012892850163903765,0.012892850163903749,0.012892850163903737,0.012892850163903737,0.01289285016390375,0.03899814124216425,0.038998141242164205,0.038998141242164185,0.0,0.0,0.0,0.0,0.0,0.0,0.0,0.0,0.0
1865,0.012828546805445673,0.012828546805445665,0.012828546805445649,0.012828546805445639,0.012828546805445639,0.01282854680544565,0.03880363720127224,0.038803637201272195,0.038803637201272174,0.0,0.0,0.0,0.0,0.0,0.0,0.0,0.0,0.0
1866,0.012764564161325865,0.012764564161325856,0.01276456416132584,0.01276456416132583,0.01276456416132583,0.012764564161325842,0.038610103253331286,0.038610103253331245,0.038610103253331224,0.0,0.0,0.0,0.0,0.0,0.0,0.0,0.0,0.0
1867,0.012700900631974911,0.012700900631974902,0.012700900631974887,0.012700900631974876,0.012700900631974876,0.012700900631974888,0.03841753455998261,0.03841753455998257,0.03841753455998255,0.0,0.0,0.0,0.0,0.0,0.0,0.0,0.0,0.0
1868,0.012637554625801262,0.012637554625801253,0.012637554625801238,0.012637554625801227,0.012637554625801227,0.01263755462580124,0.03822592630699885,0.03822592630699881,0.03822592630699879,0.0,0.0,0.0,0.0,0.0,0.0,0.0,0.0,0.0
1869,0.012574524559151465,0.012574524559151456,0.01257452455915144,0.01257452455915143,0.01257452455915143,0.012574524559151442,0.0380352737041637,0.03803527370416366,0.03803527370416364,0.0,0.0,0.0,0.0,0.0,0.0,0.0,0.0,0.0
1870,0.01251180885627057,0.01251180885627056,0.012511808856270545,0.012511808856270535,0.012511808856270535,0.012511808856270547,0.03784557198515216,0.03784557198515212,0.0378455719851521,0.0,0.0,0.0,0.0,0.0,0.0,0.0,0.0,0.0
1871,0.012449405949262738,0.01244940594926273,0.012449405949262714,0.012449405949262703,0.012449405949262703,0.012449405949262716,0.03765681640741138,0.037656816407411337,0.037656816407411316,0.0,0.0,0.0,0.0,0.0,0.0,0.0,0.0,0.0
1872,0.012387314278052045,0.012387314278052036,0.01238731427805202,0.012387314278052012,0.012387314278052012,0.012387314278052022,0.03746900225204207,0.03746900225204203,0.03746900225204201,0.0,0.0,0.0,0.0,0.0,0.0,0.0,0.0,0.0
1873,0.012325532290343477,0.012325532290343468,0.012325532290343453,0.012325532290343444,0.012325532290343444,0.012325532290343454,0.037282124823680575,0.03728212482368053,0.03728212482368051,0.0,0.0,0.0,0.0,0.0,0.0,0.0,0.0,0.0
1874,0.012264058441584123,0.012264058441584114,0.012264058441584099,0.01226405844158409,0.01226405844158409,0.0122640584415841,0.037096179450381454,0.03709617945038141,0.03709617945038139,0.0,0.0,0.0,0.0,0.0,0.0,0.0,0.0,0.0
1875,0.012202891194924561,0.012202891194924554,0.012202891194924539,0.01220289119492453,0.01220289119492453,0.01220289119492454,0.03691116148350069,0.03691116148350065,0.036911161483500626,0.0,0.0,0.0,0.0,0.0,0.0,0.0,0.0,0.0
1876,0.012142029021180441,0.012142029021180435,0.012142029021180419,0.01214202902118041,0.01214202902118041,0.01214202902118042,0.036727066297579464,0.03672706629757942,0.0367270662975794,0.0,0.0,0.0,0.0,0.0,0.0,0.0,0.0,0.0
1877,0.012081470398794248,0.012081470398794243,0.012081470398794227,0.012081470398794219,0.012081470398794219,0.012081470398794229,0.03654388929022855,0.03654388929022851,0.03654388929022849,0.0,0.0,0.0,0.0,0.0,0.0,0.0,0.0,0.0
1878,0.012021213813797268,0.012021213813797263,0.012021213813797248,0.012021213813797239,0.012021213813797239,0.01202121381379725,0.03636162588201322,0.03636162588201318,0.03636162588201316,0.0,0.0,0.0,0.0,0.0,0.0,0.0,0.0,0.0
1879,0.01196125775977174,0.011961257759771735,0.011961257759771719,0.01196125775977171,0.01196125775977171,0.01196125775977172,0.03618027151633878,0.036180271516338736,0.036180271516338715,0.0,0.0,0.0,0.0,0.0,0.0,0.0,0.0,0.0
1880,0.011901600737813187,0.011901600737813182,0.011901600737813168,0.01190160073781316,0.01190160073781316,0.01190160073781317,0.035999821659336635,0.035999821659336594,0.03599982165933657,0.0,0.0,0.0,0.0,0.0,0.0,0.0,0.0,0.0
1881,0.011842241256492957,0.011842241256492952,0.011842241256492938,0.01184224125649293,0.01184224125649293,0.01184224125649294,0.03582027179975097,0.035820271799750926,0.035820271799750905,0.0,0.0,0.0,0.0,0.0,0.0,0.0,0.0,0.0
1882,0.011783177831820922,0.011783177831820917,0.011783177831820903,0.011783177831820894,0.011783177831820894,0.011783177831820904,0.035641617448825935,0.035641617448825894,0.03564161744882587,0.0,0.0,0.0,0.0,0.0,0.0,0.0,0.0,0.0
1883,0.01172440898720839,0.011724408987208385,0.011724408987208371,0.011724408987208362,0.011724408987208362,0.011724408987208373,0.03546385414019346,0.035463854140193415,0.035463854140193395,0.0,0.0,0.0,0.0,0.0,0.0,0.0,0.0,0.0
1884,0.011665933253431186,0.01166593325343118,0.011665933253431167,0.011665933253431158,0.011665933253431158,0.011665933253431168,0.035286977429761564,0.03528697742976152,0.0352869774297615,0.0,0.0,0.0,0.0,0.0,0.0,0.0,0.0,0.0
1885,0.011607749168592918,0.011607749168592913,0.011607749168592899,0.01160774916859289,0.01160774916859289,0.0116077491685929,0.03511098289560328,0.035110982895603236,0.035110982895603216,0.0,0.0,0.0,0.0,0.0,0.0,0.0,0.0,0.0
1886,0.011549855278088435,0.01154985527808843,0.011549855278088418,0.01154985527808841,0.01154985527808841,0.01154985527808842,0.034935866137846085,0.03493586613784604,0.03493586613784602,0.0,0.0,0.0,0.0,0.0,0.0,0.0,0.0,0.0
1887,0.011492250134567462,0.011492250134567457,0.011492250134567445,0.011492250134567436,0.011492250134567436,0.011492250134567446,0.034761622778561915,0.034761622778561874,0.03476162277856185,0.0,0.0,0.0,0.0,0.0,0.0,0.0,0.0,0.0
1888,0.011434932297898407,0.011434932297898402,0.01143493229789839,0.011434932297898381,0.011434932297898381,0.011434932297898392,0.03458824846165771,0.034588248461657665,0.034588248461657645,0.0,0.0,0.0,0.0,0.0,0.0,0.0,0.0,0.0
1889,0.01137790033513237,0.011377900335132364,0.011377900335132352,0.011377900335132344,0.011377900335132344,0.011377900335132354,0.03441573885276652,0.03441573885276648,0.034415738852766456,0.0,0.0,0.0,0.0,0.0,0.0,0.0,0.0,0.0
1890,0.01132115282046731,0.011321152820467304,0.011321152820467292,0.011321152820467284,0.011321152820467284,0.011321152820467294,0.034244089639139136,0.034244089639139094,0.03424408963913907,0.0,0.0,0.0,0.0,0.0,0.0,0.0,0.0,0.0
1891,0.011264688335212407,0.011264688335212401,0.01126468833521239,0.01126468833521238,0.01126468833521238,0.011264688335212391,0.03407329652953628,0.03407329652953624,0.034073296529536216,0.0,0.0,0.0,0.0,0.0,0.0,0.0,0.0,0.0
1892,0.011208505467752585,0.01120850546775258,0.011208505467752568,0.01120850546775256,0.01120850546775256,0.01120850546775257,0.03390335525412131,0.03390335525412127,0.03390335525412125,0.0,0.0,0.0,0.0,0.0,0.0,0.0,0.0,0.0
1893,0.011152602813513235,0.01115260281351323,0.011152602813513218,0.01115260281351321,0.01115260281351321,0.01115260281351322,0.033734261564353496,0.033734261564353454,0.033734261564353434,0.0,0.0,0.0,0.0,0.0,0.0,0.0,0.0,0.0
1894,0.011096978974925089,0.011096978974925084,0.011096978974925072,0.011096978974925063,0.011096978974925063,0.011096978974925073,0.03356601123288178,0.03356601123288174,0.03356601123288172,0.0,0.0,0.0,0.0,0.0,0.0,0.0,0.0,0.0
1895,0.011041632561389283,0.011041632561389278,0.011041632561389266,0.011041632561389257,0.011041632561389257,0.011041632561389268,0.03339860005343913,0.03339860005343909,0.033398600053439066,0.0,0.0,0.0,0.0,0.0,0.0,0.0,0.0,0.0
1896,0.010986562189242597,0.010986562189242592,0.01098656218924258,0.010986562189242571,0.010986562189242571,0.010986562189242582,0.03323202384073732,0.03323202384073728,0.03323202384073726,0.0,0.0,0.0,0.0,0.0,0.0,0.0,0.0,0.0
1897,0.01093176648172286,0.010931766481722855,0.010931766481722843,0.010931766481722834,0.010931766481722834,0.010931766481722845,0.03306627843036237,0.03306627843036233,0.033066278430362306,0.0,0.0,0.0,0.0,0.0,0.0,0.0,0.0,0.0
1898,0.01087724406893453,0.010877244068934524,0.010877244068934512,0.010877244068934503,0.010877244068934503,0.010877244068934514,0.032901359678670375,0.03290135967867033,0.03290135967867031,0.0,0.0,0.0,0.0,0.0,0.0,0.0,0.0,0.0
1899,0.010822993587814446,0.01082299358781444,0.010822993587814429,0.01082299358781442,0.01082299358781442,0.01082299358781443,0.03273726346268396,0.03273726346268392,0.0327372634626839,0.0,0.0,0.0,0.0,0.0,0.0,0.0,0.0,0.0
1900,0.010769013682097756,0.01076901368209775,0.010769013682097739,0.01076901368209773,0.01076901368209773,0.01076901368209774,0.03257398567998918,0.03257398567998915,0.03257398567998913,0.0,0.0,0.0,0.0,0.0,0.0,0.0,0.0,0.0
1901,0.010715303002284005,0.010715303002284,0.010715303002283988,0.01071530300228398,0.01071530300228398,0.01071530300228399,0.03241152224863297,0.03241152224863293,0.03241152224863291,0.0,0.0,0.0,0.0,0.0,0.0,0.0,0.0,0.0
1902,0.0106618602056034,0.010661860205603396,0.010661860205603384,0.010661860205603375,0.010661860205603375,0.010661860205603385,0.03224986910702107,0.03224986910702104,0.03224986910702102,0.0,0.0,0.0,0.0,0.0,0.0,0.0,0.0,0.0
1903,0.01060868395598324,0.010608683955983236,0.010608683955983224,0.010608683955983215,0.010608683955983215,0.010608683955983226,0.032089022213816536,0.0320890222138165,0.03208902221381648,0.0,0.0,0.0,0.0,0.0,0.0,0.0,0.0,0.0
1904,0.010555772924014516,0.010555772924014512,0.0105557729240145,0.010555772924014491,0.010555772924014491,0.010555772924014502,0.03192897754783865,0.03192897754783861,0.03192897754783859,0.0,0.0,0.0,0.0,0.0,0.0,0.0,0.0,0.0
1905,0.010503125786918673,0.01050312578691867,0.010503125786918657,0.010503125786918649,0.010503125786918649,0.010503125786918659,0.03176973110796242,0.031769731107962385,0.03176973110796237,0.0,0.0,0.0,0.0,0.0,0.0,0.0,0.0,0.0
1906,0.010450741228514542,0.010450741228514538,0.010450741228514526,0.010450741228514518,0.010450741228514518,0.010450741228514528,0.03161127891301857,0.031611278913018535,0.03161127891301852,0.0,0.0,0.0,0.0,0.0,0.0,0.0,0.0,0.0
1907,0.010398617939185433,0.01039861793918543,0.010398617939185418,0.010398617939185409,0.010398617939185409,0.01039861793918542,0.03145361700169397,0.03145361700169393,0.03145361700169392,0.0,0.0,0.0,0.0,0.0,0.0,0.0,0.0,0.0
1908,0.0103467546158464,0.010346754615846396,0.010346754615846384,0.010346754615846375,0.010346754615846375,0.010346754615846386,0.03129674143243262,0.031296741432432586,0.03129674143243257,0.0,0.0,0.0,0.0,0.0,0.0,0.0,0.0,0.0
1909,0.010295149961911656,0.010295149961911653,0.01029514996191164,0.010295149961911632,0.010295149961911632,0.010295149961911642,0.03114064828333712,0.031140648283337086,0.031140648283337072,0.0,0.0,0.0,0.0,0.0,0.0,0.0,0.0,0.0
1910,0.010243802687262165,0.010243802687262162,0.01024380268726215,0.010243802687262141,0.010243802687262141,0.010243802687262151,0.030985333652070613,0.030985333652070582,0.030985333652070568,0.0,0.0,0.0,0.0,0.0,0.0,0.0,0.0,0.0
1911,0.010192711508213388,0.010192711508213385,0.010192711508213373,0.010192711508213364,0.010192711508213364,0.010192711508213374,0.03083079365575923,0.0308307936557592,0.030830793655759185,0.0,0.0,0.0,0.0,0.0,0.0,0.0,0.0,0.0
1912,0.010141875147483187,0.010141875147483184,0.010141875147483171,0.010141875147483163,0.010141875147483163,0.010141875147483173,0.030677024430895015,0.030677024430894984,0.03067702443089497,0.0,0.0,0.0,0.0,0.0,0.0,0.0,0.0,0.0
1913,0.010091292334159896,0.010091292334159892,0.01009129233415988,0.010091292334159872,0.010091292334159872,0.010091292334159882,0.030524022133239334,0.030524022133239303,0.03052402213323929,0.0,0.0,0.0,0.0,0.0,0.0,0.0,0.0,0.0
1914,0.010040961803670548,0.010040961803670544,0.010040961803670532,0.010040961803670524,0.010040961803670524,0.010040961803670534,0.030371782937726778,0.030371782937726747,0.030371782937726733,0.0,0.0,0.0,0.0,0.0,0.0,0.0,0.0,0.0
1915,0.009990882297749259,0.009990882297749255,0.009990882297749243,0.009990882297749235,0.009990882297749235,0.009990882297749245,0.03022030303836953,0.0302203030383695,0.030220303038369485,0.0,0.0,0.0,0.0,0.0,0.0,0.0,0.0,0.0
1916,0.009941052564405773,0.00994105256440577,0.009941052564405757,0.009941052564405748,0.009941052564405748,0.009941052564405759,0.030069578648162218,0.030069578648162187,0.030069578648162173,0.0,0.0,0.0,0.0,0.0,0.0,0.0,0.0,0.0
1917,0.00989147135789416,0.009891471357894156,0.009891471357894144,0.009891471357894135,0.009891471357894135,0.009891471357894146,0.029919605998987235,0.029919605998987204,0.02991960599898719,0.0,0.0,0.0,0.0,0.0,0.0,0.0,0.0,0.0
1918,0.009842137438681675,0.009842137438681672,0.00984213743868166,0.00984213743868165,0.00984213743868165,0.009842137438681661,0.02977038134152054,0.02977038134152051,0.029770381341520494,0.0,0.0,0.0,0.0,0.0,0.0,0.0,0.0,0.0
1919,0.00979304957341777,0.009793049573417766,0.009793049573417754,0.009793049573417745,0.009793049573417745,0.009793049573417756,0.029621900945137922,0.02962190094513789,0.029621900945137877,0.0,0.0,0.0,0.0,0.0,0.0,0.0,0.0,0.0
1920,0.009744206534903255,0.009744206534903252,0.00974420653490324,0.009744206534903231,0.009744206534903231,0.009744206534903242,0.029474161097821742,0.02947416109782171,0.029474161097821697,0.0,0.0,0.0,0.0,0.0,0.0,0.0,0.0,0.0
1921,0.009695607102059625,0.009695607102059621,0.00969560710205961,0.0096956071020596,0.0096956071020596,0.009695607102059611,0.029327158106068122,0.02932715810606809,0.029327158106068077,0.0,0.0,0.0,0.0,0.0,0.0,0.0,0.0,0.0
1922,0.009647250059898525,0.009647250059898521,0.00964725005989851,0.0096472500598985,0.0096472500598985,0.009647250059898511,0.02918088829479461,0.02918088829479458,0.029180888294794566,0.0,0.0,0.0,0.0,0.0,0.0,0.0,0.0,0.0
1923,0.009599134199491384,0.00959913419949138,0.009599134199491368,0.00959913419949136,0.00959913419949136,0.00959913419949137,0.02903534800724831,0.029035348007248277,0.029035348007248264,0.0,0.0,0.0,0.0,0.0,0.0,0.0,0.0,0.0
1924,0.009551258317939185,0.009551258317939182,0.00955125831793917,0.009551258317939161,0.009551258317939161,0.009551258317939171,0.028890533604914448,0.028890533604914417,0.028890533604914403,0.0,0.0,0.0,0.0,0.0,0.0,0.0,0.0,0.0
1925,0.009503621218342398,0.009503621218342395,0.009503621218342383,0.009503621218342374,0.009503621218342374,0.009503621218342384,0.028746441467425426,0.028746441467425395,0.02874644146742538,0.0,0.0,0.0,0.0,0.0,0.0,0.0,0.0,0.0
1926,0.00945622170977105,0.009456221709771047,0.009456221709771034,0.009456221709771026,0.009456221709771026,0.009456221709771036,0.028603067992470303,0.028603067992470272,0.028603067992470258,0.0,0.0,0.0,0.0,0.0,0.0,0.0,0.0,0.0
1927,0.009409058607234958,0.009409058607234955,0.009409058607234943,0.009409058607234934,0.009409058607234934,0.009409058607234944,0.028460409595704735,0.028460409595704703,0.02846040959570469,0.0,0.0,0.0,0.0,0.0,0.0,0.0,0.0,0.0
1928,0.009362130731654102,0.009362130731654098,0.009362130731654086,0.009362130731654077,0.009362130731654077,0.009362130731654088,0.028318462710661373,0.02831846271066134,0.028318462710661328,0.0,0.0,0.0,0.0,0.0,0.0,0.0,0.0,0.0
1929,0.00931543690982915,0.009315436909829146,0.009315436909829134,0.009315436909829125,0.009315436909829125,0.009315436909829135,0.0281772237886607,0.02817722378866067,0.028177223788660655,0.0,0.0,0.0,0.0,0.0,0.0,0.0,0.0,0.0
1930,0.009268975974412121,0.009268975974412117,0.009268975974412105,0.009268975974412097,0.009268975974412097,0.009268975974412107,0.028036689298722307,0.028036689298722276,0.028036689298722262,0.0,0.0,0.0,0.0,0.0,0.0,0.0,0.0,0.0
1931,0.009222746763877214,0.00922274676387721,0.009222746763877198,0.00922274676387719,0.00922274676387719,0.0092227467638772,0.02789685572747663,0.027896855727476598,0.027896855727476584,0.0,0.0,0.0,0.0,0.0,0.0,0.0,0.0,0.0
1932,0.009176748122491755,0.009176748122491751,0.00917674812249174,0.00917674812249173,0.00917674812249173,0.009176748122491741,0.0277577195790771,0.027757719579077068,0.027757719579077054,0.0,0.0,0.0,0.0,0.0,0.0,0.0,0.0,0.0
1933,0.009130978900287313,0.00913097890028731,0.009130978900287298,0.009130978900287289,0.009130978900287289,0.0091309789002873,0.02761927737511276,0.02761927737511273,0.027619277375112716,0.0,0.0,0.0,0.0,0.0,0.0,0.0,0.0,0.0
1934,0.009085437953030951,0.009085437953030948,0.009085437953030935,0.009085437953030927,0.009085437953030927,0.009085437953030937,0.02748152565452131,0.027481525654521277,0.027481525654521263,0.0,0.0,0.0,0.0,0.0,0.0,0.0,0.0,0.0
1935,0.009040124142196616,0.009040124142196612,0.0090401241421966,0.009040124142196591,0.009040124142196591,0.009040124142196602,0.02734446097350255,0.02734446097350252,0.027344460973502505,0.0,0.0,0.0,0.0,0.0,0.0,0.0,0.0,0.0
1936,0.008995036334936675,0.008995036334936672,0.00899503633493666,0.008995036334936651,0.008995036334936651,0.008995036334936661,0.02720807990543232,0.027208079905432288,0.027208079905432274,0.0,0.0,0.0,0.0,0.0,0.0,0.0,0.0,0.0
1937,0.0089501734040536,0.008950173404053597,0.008950173404053584,0.008950173404053576,0.008950173404053576,0.008950173404053586,0.027072379040776813,0.027072379040776782,0.027072379040776768,0.0,0.0,0.0,0.0,0.0,0.0,0.0,0.0,0.0
1938,0.008905534227971782,0.008905534227971778,0.008905534227971766,0.008905534227971757,0.008905534227971757,0.008905534227971768,0.026937354987007348,0.026937354987007316,0.026937354987007302,0.0,0.0,0.0,0.0,0.0,0.0,0.0,0.0,0.0
1939,0.008861117690709493,0.00886111769070949,0.008861117690709477,0.008861117690709469,0.008861117690709469,0.00886111769070948,0.026803004368515546,0.026803004368515515,0.0268030043685155,0.0,0.0,0.0,0.0,0.0,0.0,0.0,0.0,0.0
1940,0.008816922681850988,0.008816922681850985,0.008816922681850973,0.008816922681850964,0.008816922681850964,0.008816922681850975,0.026669323826528948,0.026669323826528916,0.026669323826528903,0.0,0.0,0.0,0.0,0.0,0.0,0.0,0.0,0.0
1941,0.008772948096518745,0.008772948096518742,0.00877294809651873,0.008772948096518721,0.008772948096518721,0.008772948096518731,0.02653631001902704,0.02653631001902701,0.026536310019026996,0.0,0.0,0.0,0.0,0.0,0.0,0.0,0.0,0.0
1942,0.00872919283534584,0.008729192835345836,0.008729192835345824,0.008729192835345815,0.008729192835345815,0.008729192835345826,0.02640395962065771,0.02640395962065768,0.026403959620657665,0.0,0.0,0.0,0.0,0.0,0.0,0.0,0.0,0.0
1943,0.008685655804448463,0.00868565580444846,0.008685655804448448,0.008685655804448439,0.008685655804448439,0.00868565580444845,0.026272269322654106,0.026272269322654074,0.02627226932265406,0.0,0.0,0.0,0.0,0.0,0.0,0.0,0.0,0.0
1944,0.008642335915398577,0.008642335915398574,0.008642335915398562,0.008642335915398553,0.008642335915398553,0.008642335915398563,0.026141235832751915,0.026141235832751884,0.02614123583275187,0.0,0.0,0.0,0.0,0.0,0.0,0.0,0.0,0.0
1945,0.008599232085196699,0.008599232085196695,0.008599232085196683,0.008599232085196674,0.008599232085196674,0.008599232085196685,0.026010855875107066,0.026010855875107035,0.02601085587510702,0.0,0.0,0.0,0.0,0.0,0.0,0.0,0.0,0.0
1946,0.008556343236244827,0.008556343236244823,0.008556343236244811,0.008556343236244802,0.008556343236244802,0.008556343236244813,0.025881126190213828,0.025881126190213797,0.025881126190213783,0.0,0.0,0.0,0.0,0.0,0.0,0.0,0.0,0.0
1947,0.008513668296319504,0.0085136682963195,0.008513668296319488,0.00851366829631948,0.00851366829631948,0.00851366829631949,0.025752043534823323,0.025752043534823292,0.025752043534823278,0.0,0.0,0.0,0.0,0.0,0.0,0.0,0.0,0.0
1948,0.008471206198545009,0.008471206198545005,0.008471206198544993,0.008471206198544986,0.008471206198544986,0.008471206198544995,0.025623604681862443,0.02562360468186241,0.025623604681862398,0.0,0.0,0.0,0.0,0.0,0.0,0.0,0.0,0.0
1949,0.008428955881366686,0.008428955881366683,0.00842895588136667,0.008428955881366664,0.008428955881366664,0.008428955881366672,0.025495806420353172,0.02549580642035314,0.025495806420353127,0.0,0.0,0.0,0.0,0.0,0.0,0.0,0.0,0.0
1950,0.008386916288524407,0.008386916288524403,0.008386916288524391,0.008386916288524384,0.008386916288524384,0.008386916288524393,0.025368645555332317,0.025368645555332286,0.025368645555332272,0.0,0.0,0.0,0.0,0.0,0.0,0.0,0.0,0.0
1951,0.00834508636902616,0.008345086369026157,0.008345086369026145,0.008345086369026138,0.008345086369026138,0.008345086369026146,0.02524211890777163,0.0252421189077716,0.025242118907771584,0.0,0.0,0.0,0.0,0.0,0.0,0.0,0.0,0.0
1952,0.008303465077121779,0.008303465077121775,0.008303465077121763,0.008303465077121756,0.008303465077121756,0.008303465077121765,0.02511622331449833,0.0251162233144983,0.025116223314498285,0.0,0.0,0.0,0.0,0.0,0.0,0.0,0.0,0.0
1953,0.008262051372276799,0.008262051372276796,0.008262051372276783,0.008262051372276777,0.008262051372276777,0.008262051372276785,0.024990955628116034,0.024990955628116002,0.02499095562811599,0.0,0.0,0.0,0.0,0.0,0.0,0.0,0.0,0.0
1954,0.00822084421914644,0.008220844219146437,0.008220844219146425,0.008220844219146418,0.008220844219146418,0.008220844219146426,0.02486631271692605,0.02486631271692602,0.024866312716926006,0.0,0.0,0.0,0.0,0.0,0.0,0.0,0.0,0.0
1955,0.00817984258754973,0.008179842587549727,0.008179842587549715,0.008179842587549708,0.008179842587549708,0.008179842587549717,0.024742291464849114,0.024742291464849082,0.02474229146484907,0.0,0.0,0.0,0.0,0.0,0.0,0.0,0.0,0.0
1956,0.008139045452443743,0.00813904545244374,0.008139045452443728,0.00813904545244372,0.00813904545244372,0.00813904545244373,0.02461888877134746,0.02461888877134743,0.024618888771347415,0.0,0.0,0.0,0.0,0.0,0.0,0.0,0.0,0.0
1957,0.008098451793897976,0.008098451793897973,0.00809845179389796,0.008098451793897954,0.008098451793897954,0.008098451793897963,0.024496101551347325,0.024496101551347294,0.02449610155134728,0.0,0.0,0.0,0.0,0.0,0.0,0.0,0.0,0.0
1958,0.008058060597068852,0.008058060597068848,0.008058060597068836,0.008058060597068829,0.008058060597068829,0.008058060597068838,0.024373926735161814,0.024373926735161783,0.02437392673516177,0.0,0.0,0.0,0.0,0.0,0.0,0.0,0.0,0.0
1959,0.008017870852174343,0.00801787085217434,0.00801787085217433,0.008017870852174322,0.008017870852174322,0.008017870852174331,0.02425236126841416,0.024252361268414128,0.024252361268414114,0.0,0.0,0.0,0.0,0.0,0.0,0.0,0.0,0.0
1960,0.007977881554468737,0.007977881554468734,0.007977881554468724,0.007977881554468717,0.007977881554468717,0.007977881554468725,0.024131402111961357,0.024131402111961325,0.02413140211196131,0.0,0.0,0.0,0.0,0.0,0.0,0.0,0.0,0.0
1961,0.007938091704217509,0.007938091704217505,0.007938091704217495,0.007938091704217488,0.007938091704217488,0.007938091704217496,0.0240110462418182,0.024011046241818167,0.024011046241818153,0.0,0.0,0.0,0.0,0.0,0.0,0.0,0.0,0.0
1962,0.007898500306672327,0.007898500306672324,0.007898500306672314,0.007898500306672307,0.007898500306672307,0.007898500306672315,0.023891290649081662,0.02389129064908163,0.023891290649081617,0.0,0.0,0.0,0.0,0.0,0.0,0.0,0.0,0.0
1963,0.007859106372046194,0.00785910637204619,0.00785910637204618,0.007859106372046173,0.007859106372046173,0.007859106372046181,0.023772132339855694,0.023772132339855662,0.02377213233985565,0.0,0.0,0.0,0.0,0.0,0.0,0.0,0.0,0.0
1964,0.00781990891548869,0.007819908915488687,0.007819908915488677,0.00781990891548867,0.00781990891548867,0.007819908915488678,0.023653568335176355,0.023653568335176324,0.02365356833517631,0.0,0.0,0.0,0.0,0.0,0.0,0.0,0.0,0.0
1965,0.007780906957061361,0.007780906957061358,0.0077809069570613475,0.0077809069570613405,0.0077809069570613405,0.007780906957061349,0.023535595670937354,0.023535595670937322,0.02353559567093731,0.0,0.0,0.0,0.0,0.0,0.0,0.0,0.0,0.0
1966,0.007742099521713215,0.007742099521713211,0.007742099521713202,0.007742099521713194,0.007742099521713194,0.007742099521713203,0.023418211397815938,0.023418211397815906,0.023418211397815893,0.0,0.0,0.0,0.0,0.0,0.0,0.0,0.0,0.0
1967,0.007703485639256346,0.007703485639256343,0.007703485639256334,0.007703485639256325,0.007703485639256325,0.007703485639256334,0.023301412581199166,0.023301412581199134,0.02330141258119912,0.0,0.0,0.0,0.0,0.0,0.0,0.0,0.0,0.0
1968,0.007665064344341682,0.0076650643443416785,0.007665064344341671,0.007665064344341661,0.007665064344341662,0.007665064344341669,0.02318519630111054,0.02318519630111051,0.023185196301110496,0.0,0.0,0.0,0.0,0.0,0.0,0.0,0.0,0.0
1969,0.007626834676434849,0.0076268346764348455,0.007626834676434838,0.007626834676434828,0.007626834676434829,0.007626834676434836,0.023069559652137007,0.023069559652136976,0.023069559652136962,0.0,0.0,0.0,0.0,0.0,0.0,0.0,0.0,0.0
1970,0.007588795679792158,0.007588795679792155,0.007588795679792147,0.007588795679792137,0.007588795679792138,0.007588795679792145,0.022954499743356317,0.022954499743356286,0.022954499743356272,0.0,0.0,0.0,0.0,0.0,0.0,0.0,0.0,0.0
1971,0.007550946403436712,0.007550946403436709,0.007550946403436701,0.007550946403436691,0.007550946403436692,0.007550946403436699,0.022840013698264758,0.022840013698264727,0.022840013698264713,0.0,0.0,0.0,0.0,0.0,0.0,0.0,0.0,0.0
1972,0.007513285901134631,0.007513285901134628,0.00751328590113462,0.00751328590113461,0.007513285901134611,0.007513285901134618,0.02272609865470524,0.02272609865470521,0.022726098654705196,0.0,0.0,0.0,0.0,0.0,0.0,0.0,0.0,0.0
1973,0.0074758132313713956,0.007475813231371392,0.007475813231371384,0.007475813231371375,0.007475813231371376,0.0074758132313713825,0.022612751764795744,0.022612751764795713,0.0226127517647957,0.0,0.0,0.0,0.0,0.0,0.0,0.0,0.0,0.0
1974,0.00743852745732831,0.007438527457328307,0.007438527457328299,0.007438527457328289,0.00743852745732829,0.007438527457328297,0.022499970194858117,0.022499970194858086,0.02249997019485807,0.0,0.0,0.0,0.0,0.0,0.0,0.0,0.0,0.0
1975,0.007401427646859081,0.007401427646859078,0.00740142764685907,0.007401427646859061,0.0074014276468590615,0.007401427646859068,0.022387751125347233,0.022387751125347202,0.02238775112534719,0.0,0.0,0.0,0.0,0.0,0.0,0.0,0.0,0.0
1976,0.007364512872466515,0.007364512872466512,0.0073645128724665046,0.007364512872466495,0.007364512872466496,0.007364512872466503,0.022276091750780515,0.022276091750780484,0.02227609175078047,0.0,0.0,0.0,0.0,0.0,0.0,0.0,0.0,0.0
1977,0.00732778221127933,0.007327782211279327,0.007327782211279319,0.00732778221127931,0.007327782211279311,0.0073277822112793175,0.02216498927966778,0.02216498927966775,0.022164989279667736,0.0,0.0,0.0,0.0,0.0,0.0,0.0,0.0,0.0
1978,0.007291234745029082,0.007291234745029079,0.007291234745029071,0.007291234745029062,0.0072912347450290625,0.007291234745029069,0.022054440934441467,0.022054440934441435,0.02205444093444142,0.0,0.0,0.0,0.0,0.0,0.0,0.0,0.0,0.0
1979,0.007254869560027212,0.007254869560027209,0.007254869560027201,0.007254869560027192,0.007254869560027193,0.0072548695600272,0.021944443951387182,0.02194444395138715,0.021944443951387137,0.0,0.0,0.0,0.0,0.0,0.0,0.0,0.0,0.0
1980,0.0072186857471422,0.007218685747142198,0.00721868574714219,0.0072186857471421804,0.007218685747142181,0.007218685747142188,0.021834995580574623,0.02183499558057459,0.021834995580574577,0.0,0.0,0.0,0.0,0.0,0.0,0.0,0.0,0.0
1981,0.007182682401776841,0.0071826824017768385,0.007182682401776831,0.007182682401776821,0.007182682401776822,0.007182682401776829,0.021726093085788815,0.021726093085788784,0.021726093085788774,0.0,0.0,0.0,0.0,0.0,0.0,0.0,0.0,0.0
1982,0.007146858623845624,0.007146858623845622,0.007146858623845614,0.007146858623845604,0.007146858623845605,0.007146858623845612,0.02161773374446172,0.02161773374446169,0.02161773374446168,0.0,0.0,0.0,0.0,0.0,0.0,0.0,0.0,0.0
1983,0.007111213517752237,0.007111213517752234,0.007111213517752226,0.007111213517752217,0.007111213517752218,0.007111213517752225,0.021509914847604165,0.021509914847604134,0.021509914847604124,0.0,0.0,0.0,0.0,0.0,0.0,0.0,0.0,0.0
1984,0.007075746192367169,0.007075746192367166,0.007075746192367159,0.007075746192367149,0.00707574619236715,0.007075746192367157,0.02140263369973811,0.021402633699738077,0.021402633699738067,0.0,0.0,0.0,0.0,0.0,0.0,0.0,0.0,0.0
1985,0.0070404557610054385,0.007040455761005436,0.007040455761005429,0.007040455761005419,0.00704045576100542,0.007040455761005427,0.021295887618829265,0.021295887618829234,0.021295887618829223,0.0,0.0,0.0,0.0,0.0,0.0,0.0,0.0,0.0
1986,0.007005341341404424,0.007005341341404421,0.007005341341404415,0.007005341341404406,0.0070053413414044065,0.007005341341404413,0.021189673936220055,0.021189673936220024,0.021189673936220014,0.0,0.0,0.0,0.0,0.0,0.0,0.0,0.0,0.0
1987,0.0069704020557018066,0.006970402055701804,0.006970402055701798,0.006970402055701788,0.006970402055701789,0.006970402055701796,0.02108398999656288,0.02108398999656285,0.02108398999656284,0.0,0.0,0.0,0.0,0.0,0.0,0.0,0.0,0.0
1988,0.006935637030413624,0.006935637030413621,0.006935637030413615,0.006935637030413605,0.006935637030413606,0.006935637030413613,0.020978833157753746,0.020978833157753715,0.020978833157753705,0.0,0.0,0.0,0.0,0.0,0.0,0.0,0.0,0.0
1989,0.006901045396412433,0.00690104539641243,0.006901045396412424,0.006901045396412415,0.006901045396412416,0.006901045396412423,0.020874200790866205,0.020874200790866174,0.020874200790866163,0.0,0.0,0.0,0.0,0.0,0.0,0.0,0.0,0.0
1990,0.006866626288905582,0.00686662628890558,0.006866626288905574,0.006866626288905564,0.006866626288905565,0.006866626288905572,0.020770090280085633,0.020770090280085602,0.02077009028008559,0.0,0.0,0.0,0.0,0.0,0.0,0.0,0.0,0.0
1991,0.006832378847413592,0.006832378847413589,0.006832378847413583,0.006832378847413573,0.006832378847413574,0.006832378847413581,0.02066649902264384,0.02066649902264381,0.020666499022643798,0.0,0.0,0.0,0.0,0.0,0.0,0.0,0.0,0.0
1992,0.006798302215748639,0.006798302215748637,0.006798302215748631,0.006798302215748621,0.006798302215748622,0.006798302215748629,0.020563424428753994,0.020563424428753963,0.020563424428753953,0.0,0.0,0.0,0.0,0.0,0.0,0.0,0.0,0.0
1993,0.006764395541993159,0.006764395541993156,0.00676439554199315,0.006764395541993141,0.006764395541993142,0.006764395541993149,0.02046086392154588,0.02046086392154585,0.02046086392154584,0.0,0.0,0.0,0.0,0.0,0.0,0.0,0.0,0.0
1994,0.006730657978478541,0.006730657978478539,0.006730657978478533,0.006730657978478523,0.006730657978478524,0.006730657978478531,0.020358814937001476,0.020358814937001445,0.020358814937001434,0.0,0.0,0.0,0.0,0.0,0.0,0.0,0.0,0.0
1995,0.006697088681763941,0.006697088681763938,0.006697088681763932,0.006697088681763923,0.0066970886817639234,0.00669708868176393,0.02025727492389085,0.02025727492389082,0.02025727492389081,0.0,0.0,0.0,0.0,0.0,0.0,0.0,0.0,0.0
1996,0.0066636868126151915,0.006663686812615189,0.006663686812615183,0.006663686812615173,0.006663686812615174,0.006663686812615181,0.02015624134370839,0.02015624134370836,0.02015624134370835,0.0,0.0,0.0,0.0,0.0,0.0,0.0,0.0,0.0
1997,0.006630451535983825,0.006630451535983822,0.006630451535983816,0.006630451535983807,0.0066304515359838076,0.0066304515359838145,0.02005571167060933,0.020055711670609298,0.020055711670609287,0.0,0.0,0.0,0.0,0.0,0.0,0.0,0.0,0.0
1998,0.006597382020986194,0.006597382020986192,0.006597382020986186,0.006597382020986176,0.006597382020986177,0.006597382020986184,0.0199556833913466,0.019955683391346568,0.019955683391346558,0.0,0.0,0.0,0.0,0.0,0.0,0.0,0.0,0.0
1999,0.006564477440882702,0.006564477440882699,0.006564477440882693,0.006564477440882684,0.0065644774408826845,0.0065644774408826915,0.019856154005208015,0.019856154005207984,0.019856154005207974,0.0,0.0,0.0,0.0,0.0,0.0,0.0,0.0,0.0
