k,t_phys,u_C,col_C,sup_C,epoch_C,energy_C
0,0.0,0.0,0.0,0,0,11.401100000000001
1,0.001,0.0,0.0,0,0,
2,0.002,0.0,0.0,0,0,
3,0.003,0.0,0.0,0,0,
4,0.004,0.0,0.0,0,0,
5,0.005,0.0,0.0,0,0,
6,0.006,0.0,0.0,0,0,
7,0.007,0.0,0.0,0,0,
8,0.008,0.0,0.0,0,0,
9,0.009000000000000001,0.0,0.0,0,0,
10,0.01,0.0,0.0,0,0,
11,0.011,0.0,0.0,0,0,
12,0.012,0.0,0.0,0,0,
13,0.013000000000000001,0.0,0.0,0,0,
14,0.014,0.0,0.0,0,0,
15,0.015,0.0,0.0,0,0,
16,0.016,0.0,0.0,0,0,
17,0.017,0.0,0.0,0,0,
18,0.018000000000000002,0.0,0.0,0,0,
19,0.019,0.0,0.0,0,0,
20,0.02,0.0,0.0,0,0,
21,0.021,0.0,0.0,0,0,
22,0.022,0.0,0.0,0,0,
23,0.023,0.0,0.0,0,0,
24,0.024,0.0,0.0,0,0,
25,0.025,0.0,0.0,0,0,
26,0.026000000000000002,0.0,0.0,0,0,
27,0.027,0.0,0.0,0,0,
28,0.028,0.0,0.0,0,0,
29,0.029,0.0,0.0,0,0,
30,0.03,0.0,0.0,0,0,
31,0.031,0.0,0.0,0,0,
32,0.032,0.0,0.0,0,0,
33,0.033,0.0,0.0,0,0,
34,0.034,0.0,0.0,0,0,
35,0.035,0.0,0.0,0,0,
36,0.036000000000000004,0.0,0.0,0,0,
37,0.037,0.0,0.0,0,0,
38,0.038,0.0,0.0,0,0,
39,0.039,0.0,0.0,0,0,
40,0.04,0.0,0.0,0,0,
41,0.041,0.0,0.0,0,0,
42,0.042,0.0,0.0,0,0,
43,0.043000000000000003,0.0,0.0,0,0,
44,0.044,0.0,0.0,0,0,
45,0.045,0.0,0.0,0,0,
46,0.046,0.0,0.0,0,0,
47,0.047,0.0,0.0,0,0,
48,0.048,0.0,0.0,0,0,
49,0.049,0.0,0.0,0,0,
50,0.05,0.0,0.0,0,0,
51,0.051000000000000004,0.0,0.0,0,0,
52,0.052000000000000005,0.0,0.0,0,0,
53,0.053,0.0,0.0,0,0,
54,0.054,0.0,0.0,0,0,
55,0.055,0.0,0.0,0,0,
56,0.056,0.0,0.0,0,0,
57,0.057,0.0,0.0,0,0,
58,0.058,0.0,0.0,0,0,
59,0.059000000000000004,0.0,0.0,0,0,
60,0.06,0.0,0.0,0,0,
61,0.061,0.0,0.0,0,0,
62,0.062,0.0,0.0,0,0,
63,0.063,0.0,0.0,0,0,
64,0.064,0.0,0.0,0,0,
65,0.065,0.0,0.0,0,0,
66,0.066,0.0,0.0,0,0,
67,0.067,0.0,0.0,0,0,
68,0.068,0.0,0.0,0,0,
69,0.069,0.0,0.0,0,0,
70,0.07,0.0,0.0,0,0,
71,0.07100000000000001,0.0,0.0,0,0,
72,0.07200000000000001,0.0,0.0,0,0,
73,0.073,0.0,0.0,0,0,
74,0.074,0.0,0.0,0,0,
75,0.075,0.0,0.0,0,0,
76,0.076,0.0,0.0,0,0,
77,0.077,0.0,0.0,0,0,
78,0.078,0.0,0.0,0,0,
79,0.079,0.0,0.0,0,0,
80,0.08,0.0,0.0,0,0,
81,0.081,0.0,0.0,0,0,
82,0.082,0.0,0.0,0,0,
83,0.083,0.0,0.0,0,0,
84,0.084,0.0,0.0,0,0,
85,0.085,0.0,0.0,0,0,
86,0.08600000000000001,0.0,0.0,0,0,
87,0.08700000000000001,0.0,0.0,0,0,
88,0.088,0.0,0.0,0,0,
89,0.089,0.0,0.0,0,0,
90,0.09,0.0,0.0,0,0,
91,0.091,0.0,0.0,0,0,
92,0.092,0.0,0.0,0,0,
93,0.093,0.0,0.0,0,0,
94,0.094,0.0,0.0,0,0,
95,0.095,0.0,0.0,0,0,
96,0.096,0.0,0.0,0,0,
97,0.097,0.0,0.0,0,0,
98,0.098,0.0,0.0,0,0,
99,0.099,0.0,0.0,0,0,
100,0.1,0.0,0.0,0,0,6.442416306581407
101,0.101,0.0,0.0,0,0,
102,0.10200000000000001,0.0,0.0,0,0,
103,0.10300000000000001,0.0,0.0,0,0,
104,0.10400000000000001,0.0,0.0,0,0,
105,0.105,0.0,0.0,0,0,
106,0.106,0.0,0.0,0,0,
107,0.107,0.0,0.0,0,0,
108,0.108,0.0,0.0,0,0,
109,0.109,0.0,0.0,0,0,
110,0.11,0.0,0.0,0,0,
111,0.111,0.0,0.0,0,0,
112,0.112,0.0,0.0,0,0,
113,0.113,0.0,0.0,0,0,
114,0.114,0.0,0.0,0,0,
115,0.115,0.0,0.0,0,0,
116,0.116,0.0,0.0,0,0,
117,0.117,0.0,0.0,0,0,
118,0.11800000000000001,0.0,0.0,0,0,
119,0.11900000000000001,0.0,0.0,0,0,
120,0.12,0.0,0.0,0,0,
121,0.121,0.0,0.0,0,0,
122,0.122,0.0,0.0,0,0,
123,0.123,0.0,0.0,0,0,
124,0.124,0.0,0.0,0,0,
125,0.125,0.0,0.0,0,0,
126,0.126,0.0,0.0,0,0,
127,0.127,0.0,0.0,0,0,
128,0.128,0.0,0.0,0,0,
129,0.129,0.0,0.0,0,0,
130,0.13,0.0,0.0,0,0,
131,0.131,0.0,0.0,0,0,
132,0.132,0.0,0.0,0,0,
133,0.133,0.0,0.0,0,0,
134,0.134,0.0,0.0,0,0,
135,0.135,0.0,0.0,0,0,
136,0.136,0.0,0.0,0,0,
137,0.137,0.0,0.0,0,0,
138,0.138,0.0,0.0,0,0,
139,0.139,0.0,0.0,0,0,
140,0.14,0.0,0.0,0,0,
141,0.14100000000000001,0.0,0.0,0,0,
142,0.14200000000000002,0.0,0.0,0,0,
143,0.14300000000000002,0.0,0.0,0,0,
144,0.14400000000000002,0.0,0.0,0,0,
145,0.145,0.0,0.0,0,0,
146,0.146,0.0,0.0,0,0,
147,0.147,0.0,0.0,0,0,
148,0.148,0.0,0.0,0,0,
149,0.149,0.0,0.0,0,0,
150,0.15,0.0,0.0,0,0,
151,0.151,0.0,0.0,0,0,
152,0.152,0.0,0.0,0,0,
153,0.153,0.0,0.0,0,0,
154,0.154,0.0,0.0,0,0,
155,0.155,0.0,0.0,0,0,
156,0.156,0.0,0.0,0,0,
157,0.157,0.0,0.0,0,0,
158,0.158,0.0,0.0,0,0,
159,0.159,0.0,0.0,0,0,
160,0.16,0.0,0.0,0,0,
161,0.161,0.0,0.0,0,0,
162,0.162,0.0,0.0,0,0,
163,0.163,0.0,0.0,0,0,
164,0.164,0.0,0.0,0,0,
165,0.165,0.0,0.0,0,0,
166,0.166,0.0,0.0,0,0,
167,0.167,0.0,0.0,0,0,
168,0.168,0.0,0.0,0,0,
169,0.169,0.0,0.0,0,0,
170,0.17,0.0,0.0,0,0,
171,0.171,0.0,0.0,0,0,
172,0.17200000000000001,0.0,0.0,0,0,
173,0.17300000000000001,0.0,0.0,0,0,
174,0.17400000000000002,0.0,0.0,0,0,
175,0.17500000000000002,0.0,0.0,0,0,
176,0.176,0.0,0.0,0,0,
177,0.177,0.0,0.0,0,0,
178,0.178,0.0,0.0,0,0,
179,0.179,0.0,0.0,0,0,
180,0.18,0.0,0.0,0,0,
181,0.181,0.0,0.0,0,0,
182,0.182,0.0,0.0,0,0,
183,0.183,0.0,0.0,0,0,
184,0.184,0.0,0.0,0,0,
185,0.185,0.0,0.0,0,0,
186,0.186,0.0,0.0,0,0,
187,0.187,0.0,0.0,0,0,
188,0.188,0.0,0.0,0,0,
189,0.189,0.0,0.0,0,0,
190,0.19,0.0,0.0,0,0,
191,0.191,0.0,0.0,0,0,
192,0.192,0.0,0.0,0,0,
193,0.193,0.0,0.0,0,0,
194,0.194,0.0,0.0,0,0,
195,0.195,0.0,0.0,0,0,
196,0.196,0.0,0.0,0,0,
197,0.197,0.0,0.0,0,0,
198,0.198,0.0,0.0,0,0,
199,0.199,0.0,0.0,0,0,
200,0.2,0.0,0.0,0,0,6.370044546689933
201,0.201,0.0,0.0,0,0,
202,0.202,0.0,0.0,0,0,
203,0.203,0.0,0.0,0,0,
204,0.20400000000000001,0.0,0.0,0,0,
205,0.20500000000000002,0.0,0.0,0,0,
206,0.20600000000000002,0.0,0.0,0,0,
207,0.20700000000000002,0.0,0.0,0,0,
208,0.20800000000000002,0.0,0.0,0,0,
209,0.209,0.0,0.0,0,0,
210,0.21,0.0,0.0,0,0,
211,0.211,0.0,0.0,0,0,
212,0.212,0.0,0.0,0,0,
213,0.213,0.0,0.0,0,0,
214,0.214,0.0,0.0,0,0,
215,0.215,0.0,0.0,0,0,
216,0.216,0.0,0.0,0,0,
217,0.217,0.0,0.0,0,0,
218,0.218,0.0,0.0,0,0,
219,0.219,0.0,0.0,0,0,
220,0.22,0.0,0.0,0,0,
221,0.221,0.0,0.0,0,0,
222,0.222,0.0,0.0,0,0,
223,0.223,0.0,0.0,0,0,
224,0.224,0.0,0.0,0,0,
225,0.225,0.0,0.0,0,0,
226,0.226,0.0,0.0,0,0,
227,0.227,0.0,0.0,0,0,
228,0.228,0.0,0.0,0,0,
229,0.229,0.0,0.0,0,0,
230,0.23,0.0,0.0,0,0,
231,0.231,0.0,0.0,0,0,
232,0.232,0.0,0.0,0,0,
233,0.233,0.0,0.0,0,0,
234,0.234,0.0,0.0,0,0,
235,0.23500000000000001,0.0,0.0,0,0,
236,0.23600000000000002,0.0,0.0,0,0,
237,0.23700000000000002,0.0,0.0,0,0,
238,0.23800000000000002,0.0,0.0,0,0,
239,0.23900000000000002,0.0,0.0,0,0,
240,0.24,0.0,0.0,0,0,
241,0.241,0.0,0.0,0,0,
242,0.242,0.0,0.0,0,0,
243,0.243,0.0,0.0,0,0,
244,0.244,0.0,0.0,0,0,
245,0.245,0.0,0.0,0,0,
246,0.246,0.0,0.0,0,0,
247,0.247,0.0,0.0,0,0,
248,0.248,0.0,0.0,0,0,
249,0.249,0.0,0.0,0,0,
250,0.25,0.0,0.0,0,0,
251,0.251,0.0,0.0,0,0,
252,0.252,0.0,0.0,0,0,
253,0.253,0.0,0.0,0,0,
254,0.254,0.0,0.0,0,0,
255,0.255,0.0,0.0,0,0,
256,0.256,0.0,0.0,0,0,
257,0.257,0.0,0.0,0,0,
258,0.258,0.0,0.0,0,0,
259,0.259,0.0,0.0,0,0,
260,0.26,0.0,0.0,0,0,
261,0.261,0.0,0.0,0,0,
262,0.262,0.0,0.0,0,0,
263,0.263,0.0,0.0,0,0,
264,0.264,0.0,0.0,0,0,
265,0.265,0.0,0.0,0,0,
266,0.266,0.0,0.0,0,0,
267,0.267,0.0,0.0,0,0,
268,0.268,0.0,0.0,0,0,
269,0.269,0.0,0.0,0,0,
270,0.27,0.0,0.0,0,0,
271,0.271,0.0,0.0,0,0,
272,0.272,0.0,0.0,0,0,
273,0.273,0.0,0.0,0,0,
274,0.274,0.0,0.0,0,0,
275,0.275,0.0,0.0,0,0,
276,0.276,0.0,0.0,0,0,
277,0.277,0.0,0.0,0,0,
278,0.278,0.0,0.0,0,0,
279,0.279,0.0,0.0,0,0,
280,0.28,0.0,0.0,0,0,
281,0.281,0.0,0.0,0,0,
282,0.28200000000000003,0.0,0.0,0,0,
283,0.28300000000000003,0.0,0.0,0,0,
284,0.28400000000000003,0.0,0.0,0,0,
285,0.28500000000000003,0.0,0.0,0,0,
286,0.28600000000000003,0.0,0.0,0,0,
287,0.28700000000000003,0.0,0.0,0,0,
288,0.28800000000000003,0.0,0.0,0,0,
289,0.289,0.0,0.0,0,0,
290,0.29,0.0,0.0,0,0,
291,0.291,0.0,0.0,0,0,
292,0.292,0.0,0.0,0,0,
293,0.293,0.0,0.0,0,0,
294,0.294,0.0,0.0,0,0,
295,0.295,0.0,0.0,0,0,
296,0.296,0.0,0.0,0,0,
297,0.297,0.0,0.0,0,0,
298,0.298,0.0,0.0,0,0,
299,0.299,0.0,0.0,0,0,
300,0.3,0.0,0.0,0,0,6.647762479269418
301,0.301,0.0,0.0,0,0,
302,0.302,0.0,0.0,0,0,
303,0.303,0.0,0.0,0,0,
304,0.304,0.0,0.0,0,0,
305,0.305,0.0,0.0,0,0,
306,0.306,0.0,0.0,0,0,
307,0.307,0.0,0.0,0,0,
308,0.308,0.0,0.0,0,0,
309,0.309,0.0,0.0,0,0,
310,0.31,0.0,0.0,0,0,
311,0.311,0.0,0.0,0,0,
312,0.312,0.0,0.0,0,0,
313,0.313,0.0,0.0,0,0,
314,0.314,0.0,0.0,0,0,
315,0.315,0.0,0.0,0,0,
316,0.316,0.0,0.0,0,0,
317,0.317,0.0,0.0,0,0,
318,0.318,0.0,0.0,0,0,
319,0.319,0.0,0.0,0,0,
320,0.32,0.0,0.0,0,0,
321,0.321,0.0,0.0,0,0,
322,0.322,0.0,0.0,0,0,
323,0.323,0.0,0.0,0,0,
324,0.324,0.0,0.0,0,0,
325,0.325,0.0,0.0,0,0,
326,0.326,0.0,0.0,0,0,
327,0.327,0.0,0.0,0,0,
328,0.328,0.0,0.0,0,0,
329,0.329,0.0,0.0,0,0,
330,0.33,0.0,0.0,0,0,
331,0.331,0.0,0.0,0,0,
332,0.332,0.0,0.0,0,0,
333,0.333,0.0,0.0,0,0,
334,0.334,0.0,0.0,0,0,
335,0.335,0.0,0.0,0,0,
336,0.336,0.0,0.0,0,0,
337,0.337,0.0,0.0,0,0,
338,0.338,0.0,0.0,0,0,
339,0.339,0.0,0.0,0,0,
340,0.34,0.0,0.0,0,0,
341,0.341,0.0,0.0,0,0,
342,0.342,0.0,0.0,0,0,
343,0.343,0.0,0.0,0,0,
344,0.34400000000000003,0.0,0.0,0,0,
345,0.34500000000000003,0.0,0.0,0,0,
346,0.34600000000000003,0.0,0.0,0,0,
347,0.34700000000000003,0.0,0.0,0,0,
348,0.34800000000000003,0.0,0.0,0,0,
349,0.34900000000000003,0.0,0.0,0,0,
350,0.35000000000000003,0.0,0.0,0,0,
351,0.35100000000000003,0.0,0.0,0,0,
352,0.352,0.0,0.0,0,0,
353,0.353,0.0,0.0,0,0,
354,0.354,0.0,0.0,0,0,
355,0.355,0.0,0.0,0,0,
356,0.356,0.0,0.0,0,0,
357,0.357,0.0,0.0,0,0,
358,0.358,0.0,0.0,0,0,
359,0.359,0.0,0.0,0,0,
360,0.36,0.0,0.0,0,0,
361,0.361,0.0,0.0,0,0,
362,0.362,0.0,0.0,0,0,
363,0.363,0.0,0.0,0,0,
364,0.364,0.0,0.0,0,0,
365,0.365,0.0,0.0,0,0,
366,0.366,0.0,0.0,0,0,
367,0.367,0.0,0.0,0,0,
368,0.368,0.0,0.0,0,0,
369,0.369,0.0,0.0,0,0,
370,0.37,0.0,0.0,0,0,
371,0.371,0.0,0.0,0,0,
372,0.372,0.0,0.0,0,0,
373,0.373,0.0,0.0,0,0,
374,0.374,0.0,0.0,0,0,
375,0.375,0.0,0.0,0,0,
376,0.376,0.0,0.0,0,0,
377,0.377,0.0,0.0,0,0,
378,0.378,0.0,0.0,0,0,
379,0.379,0.0,0.0,0,0,
380,0.38,0.0,0.0,0,0,
381,0.381,0.0,0.0,0,0,
382,0.382,0.0,0.0,0,0,
383,0.383,0.0,0.0,0,0,
384,0.384,0.0,0.0,0,0,
385,0.385,0.0,0.0,0,0,
386,0.386,0.0,0.0,0,0,
387,0.387,0.0,0.0,0,0,
388,0.388,0.0,0.0,0,0,
389,0.389,0.0,0.0,0,0,
390,0.39,0.0,0.0,0,0,
391,0.391,0.0,0.0,0,0,
392,0.392,0.0,0.0,0,0,
393,0.393,0.0,0.0,0,0,
394,0.394,0.0,0.0,0,0,
395,0.395,0.0,0.0,0,0,
396,0.396,0.0,0.0,0,0,
397,0.397,0.0,0.0,0,0,
398,0.398,0.0,0.0,0,0,
399,0.399,0.0,0.0,0,0,
400,0.4,0.0,0.0,0,0,7.306615436646073
401,0.401,0.0,0.0,0,0,
402,0.402,0.0,0.0,0,0,
403,0.403,0.0,0.0,0,0,
404,0.404,0.0,0.0,0,0,
405,0.405,0.0,0.0,0,0,
406,0.406,0.0,0.0,0,0,
407,0.40700000000000003,0.0,0.0,0,0,
408,0.40800000000000003,0.0,0.0,0,0,
409,0.40900000000000003,0.0,0.0,0,0,
410,0.41000000000000003,0.0,0.0,0,0,
411,0.41100000000000003,0.0,0.0,0,0,
412,0.41200000000000003,0.0,0.0,0,0,
413,0.41300000000000003,0.0,0.0,0,0,
414,0.41400000000000003,0.0,0.0,0,0,
415,0.41500000000000004,0.0,0.0,0,0,
416,0.41600000000000004,0.0,0.0,0,0,
417,0.417,0.0,0.0,0,0,
418,0.418,0.0,0.0,0,0,
419,0.419,0.0,0.0,0,0,
420,0.42,0.0,0.0,0,0,
421,0.421,0.0,0.0,0,0,
422,0.422,0.0,0.0,0,0,
423,0.423,0.0,0.0,0,0,
424,0.424,0.0,0.0,0,0,
425,0.425,0.0,0.0,0,0,
426,0.426,0.0,0.0,0,0,
427,0.427,0.0,0.0,0,0,
428,0.428,0.0,0.0,0,0,
429,0.429,0.0,0.0,0,0,
430,0.43,0.0,0.0,0,0,
431,0.431,0.0,0.0,0,0,
432,0.432,0.0,0.0,0,0,
433,0.433,0.0,0.0,0,0,
434,0.434,0.0,0.0,0,0,
435,0.435,0.0,0.0,0,0,
436,0.436,0.0,0.0,0,0,
437,0.437,0.0,0.0,0,0,
438,0.438,0.0,0.0,0,0,
439,0.439,0.0,0.0,0,0,
440,0.44,0.0,0.0,0,0,
441,0.441,0.0,0.0,0,0,
442,0.442,0.0,0.0,0,0,
443,0.443,0.0,0.0,0,0,
444,0.444,0.0,0.0,0,0,
445,0.445,0.0,0.0,0,0,
446,0.446,0.0,0.0,0,0,
447,0.447,0.0,0.0,0,0,
448,0.448,0.0,0.0,0,0,
449,0.449,0.0,0.0,0,0,
450,0.45,0.0,0.0,0,0,
451,0.451,0.0,0.0,0,0,
452,0.452,0.0,0.0,0,0,
453,0.453,0.0,0.0,0,0,
454,0.454,0.0,0.0,0,0,
455,0.455,0.0,0.0,0,0,
456,0.456,0.0,0.0,0,0,
457,0.457,0.0,0.0,0,0,
458,0.458,0.0,0.0,0,0,
459,0.459,0.0,0.0,0,0,
460,0.46,0.0,0.0,0,0,
461,0.461,0.0,0.0,0,0,
462,0.462,0.0,0.0,0,0,
463,0.463,0.0,0.0,0,0,
464,0.464,0.0,0.0,0,0,
465,0.465,0.0,0.0,0,0,
466,0.466,0.0,0.0,0,0,
467,0.467,0.0,0.0,0,0,
468,0.468,0.0,0.0,0,0,
469,0.46900000000000003,0.0,0.0,0,0,
470,0.47000000000000003,0.0,0.0,0,0,
471,0.47100000000000003,0.0,0.0,0,0,
472,0.47200000000000003,0.0,0.0,0,0,
473,0.47300000000000003,0.0,0.0,0,0,
474,0.47400000000000003,0.0,0.0,0,0,
475,0.47500000000000003,0.0,0.0,0,0,
476,0.47600000000000003,0.0,0.0,0,0,
477,0.47700000000000004,0.0,0.0,0,0,
478,0.47800000000000004,0.0,0.0,0,0,
479,0.47900000000000004,0.0,0.0,0,0,
480,0.48,0.0,0.0,0,0,
481,0.481,0.0,0.0,0,0,
482,0.482,0.0,0.0,0,0,
483,0.483,0.0,0.0,0,0,
484,0.484,0.0,0.0,0,0,
485,0.485,0.0,0.0,0,0,
486,0.486,0.0,0.0,0,0,
487,0.487,0.0,0.0,0,0,
488,0.488,0.0,0.0,0,0,
489,0.489,0.0,0.0,0,0,
490,0.49,0.0,0.0,0,0,
491,0.491,0.0,0.0,0,0,
492,0.492,0.0,0.0,0,0,
493,0.493,0.0,0.0,0,0,
494,0.494,0.0,0.0,0,0,
495,0.495,0.0,0.0,0,0,
496,0.496,0.0,0.0,0,0,
497,0.497,0.0,0.0,0,0,
498,0.498,0.0,0.0,0,0,
499,0.499,0.0,0.0,0,0,
500,0.5,0.0,0.0,0,0,7.304254815482706
501,0.501,0.0,0.0,0,0,
502,0.502,0.0,0.0,0,0,
503,0.503,0.0,0.0,0,0,
504,0.504,0.0,0.0,0,0,
505,0.505,0.0,0.0,0,0,
506,0.506,0.0,0.0,0,0,
507,0.507,0.0,0.0,0,0,
508,0.508,0.0,0.0,0,0,
509,0.509,0.0,0.0,0,0,
510,0.51,0.0,0.0,0,0,
511,0.511,0.0,0.0,0,0,
512,0.512,0.0,0.0,0,0,
513,0.513,0.0,0.0,0,0,
514,0.514,0.0,0.0,0,0,
515,0.515,0.0,0.0,0,0,
516,0.516,0.0,0.0,0,0,
517,0.517,0.0,0.0,0,0,
518,0.518,0.0,0.0,0,0,
519,0.519,0.0,0.0,0,0,
520,0.52,0.0,0.0,0,0,
521,0.521,0.0,0.0,0,0,
522,0.522,0.0,0.0,0,0,
523,0.523,0.0,0.0,0,0,
524,0.524,0.0,0.0,0,0,
525,0.525,0.0,0.0,0,0,
526,0.526,0.0,0.0,0,0,
527,0.527,0.0,0.0,0,0,
528,0.528,0.0,0.0,0,0,
529,0.529,0.0,0.0,0,0,
530,0.53,0.0,0.0,0,0,
531,0.531,0.0,0.0,0,0,
532,0.532,0.0,0.0,0,0,
533,0.533,0.0,0.0,0,0,
534,0.534,0.0,0.0,0,0,
535,0.535,0.0,0.0,0,0,
536,0.536,0.0,0.0,0,0,
537,0.537,0.0,0.0,0,0,
538,0.538,0.0,0.0,0,0,
539,0.539,0.0,0.0,0,0,
540,0.54,0.0,0.0,0,0,
541,0.541,0.0,0.0,0,0,
542,0.542,0.0,0.0,0,0,
543,0.543,0.0,0.0,0,0,
544,0.544,0.0,0.0,0,0,
545,0.545,0.0,0.0,0,0,
546,0.546,0.0,0.0,0,0,
547,0.547,0.0,0.0,0,0,
548,0.548,0.0,0.0,0,0,
549,0.549,0.0,0.0,0,0,
550,0.55,0.0,0.0,0,0,
551,0.551,0.0,0.0,0,0,
552,0.552,0.0,0.0,0,0,
553,0.553,0.0,0.0,0,0,
554,0.554,0.0,0.0,0,0,
555,0.555,0.0,0.0,0,0,
556,0.556,0.0,0.0,0,0,
557,0.557,0.0,0.0,0,0,
558,0.558,0.0,0.0,0,0,
559,0.559,0.0,0.0,0,0,
560,0.56,0.0,0.0,0,0,
561,0.561,0.0,0.0,0,0,
562,0.562,0.0,0.0,0,0,
563,0.5630000000000001,0.0,0.0,0,0,
564,0.5640000000000001,0.0,0.0,0,0,
565,0.5650000000000001,0.0,0.0,0,0,
566,0.5660000000000001,0.0,0.0,0,0,
567,0.5670000000000001,0.0,0.0,0,0,
568,0.5680000000000001,0.0,0.0,0,0,
569,0.5690000000000001,0.0,0.0,0,0,
570,0.5700000000000001,0.0,0.0,0,0,
571,0.5710000000000001,0.0,0.0,0,0,
572,0.5720000000000001,0.0,0.0,0,0,
573,0.5730000000000001,0.0,0.0,0,0,
574,0.5740000000000001,0.0,0.0,0,0,
575,0.5750000000000001,0.0,0.0,0,0,
576,0.5760000000000001,0.0,0.0,0,0,
577,0.577,0.0,0.0,0,0,
578,0.578,0.0,0.0,0,0,
579,0.579,0.0,0.0,0,0,
580,0.58,0.0,0.0,0,0,
581,0.581,0.0,0.0,0,0,
582,0.582,0.0,0.0,0,0,
583,0.583,0.0,0.0,0,0,
584,0.584,0.0,0.0,0,0,
585,0.585,0.0,0.0,0,0,
586,0.586,0.0,0.0,0,0,
587,0.587,0.0,0.0,0,0,
588,0.588,0.0,0.0,0,0,
589,0.589,0.0,0.0,0,0,
590,0.59,0.0,0.0,0,0,
591,0.591,0.0,0.0,0,0,
592,0.592,0.0,0.0,0,0,
593,0.593,0.0,0.0,0,0,
594,0.594,0.0,0.0,0,0,
595,0.595,0.0,0.0,0,0,
596,0.596,0.0,0.0,0,0,
597,0.597,0.0,0.0,0,0,
598,0.598,0.0,0.0,0,0,
599,0.599,0.0,0.0,0,0,
600,0.6,0.0,0.0,0,0,7.304879093173903
601,0.601,0.0,0.0,0,0,
602,0.602,0.0,0.0,0,0,
603,0.603,0.0,0.0,0,0,
604,0.604,0.0,0.0,0,0,
605,0.605,0.0,0.0,0,0,
606,0.606,0.0,0.0,0,0,
607,0.607,0.0,0.0,0,0,
608,0.608,0.0,0.0,0,0,
609,0.609,0.0,0.0,0,0,
610,0.61,0.0,0.0,0,0,
611,0.611,0.0,0.0,0,0,
612,0.612,0.0,0.0,0,0,
613,0.613,0.0,0.0,0,0,
614,0.614,0.0,0.0,0,0,
615,0.615,0.0,0.0,0,0,
616,0.616,0.0,0.0,0,0,
617,0.617,0.0,0.0,0,0,
618,0.618,0.0,0.0,0,0,
619,0.619,0.0,0.0,0,0,
620,0.62,0.0,0.0,0,0,
621,0.621,0.0,0.0,0,0,
622,0.622,0.0,0.0,0,0,
623,0.623,0.0,0.0,0,0,
624,0.624,0.0,0.0,0,0,
625,0.625,0.0,0.0,0,0,
626,0.626,0.0,0.0,0,0,
627,0.627,0.0,0.0,0,0,
628,0.628,0.0,0.0,0,0,
629,0.629,0.0,0.0,0,0,
630,0.63,0.0,0.0,0,0,
631,0.631,0.0,0.0,0,0,
632,0.632,0.0,0.0,0,0,
633,0.633,0.0,0.0,0,0,
634,0.634,0.0,0.0,0,0,
635,0.635,0.0,0.0,0,0,
636,0.636,0.0,0.0,0,0,
637,0.637,0.0,0.0,0,0,
638,0.638,0.0,0.0,0,0,
639,0.639,0.0,0.0,0,0,
640,0.64,0.0,0.0,0,0,
641,0.641,0.0,0.0,0,0,
642,0.642,0.0,0.0,0,0,
643,0.643,0.0,0.0,0,0,
644,0.644,0.0,0.0,0,0,
645,0.645,0.0,0.0,0,0,
646,0.646,0.0,0.0,0,0,
647,0.647,0.0,0.0,0,0,
648,0.648,0.0,0.0,0,0,
649,0.649,0.0,0.0,0,0,
650,0.65,0.0,0.0,0,0,
651,0.651,0.0,0.0,0,0,
652,0.652,0.0,0.0,0,0,
653,0.653,0.0,0.0,0,0,
654,0.654,0.0,0.0,0,0,
655,0.655,0.0,0.0,0,0,
656,0.656,0.0,0.0,0,0,
657,0.657,0.0,0.0,0,0,
658,0.658,0.0,0.0,0,0,
659,0.659,0.0,0.0,0,0,
660,0.66,0.0,0.0,0,0,
661,0.661,0.0,0.0,0,0,
662,0.662,0.0,0.0,0,0,
663,0.663,0.0,0.0,0,0,
664,0.664,0.0,0.0,0,0,
665,0.665,0.0,0.0,0,0,
666,0.666,0.0,0.0,0,0,
667,0.667,0.0,0.0,0,0,
668,0.668,0.0,0.0,0,0,
669,0.669,0.0,0.0,0,0,
670,0.67,0.0,0.0,0,0,
671,0.671,0.0,0.0,0,0,
672,0.672,0.0,0.0,0,0,
673,0.673,0.0,0.0,0,0,
674,0.674,0.0,0.0,0,0,
675,0.675,0.0,0.0,0,0,
676,0.676,0.0,0.0,0,0,
677,0.677,0.0,0.0,0,0,
678,0.678,0.0,0.0,0,0,
679,0.679,0.0,0.0,0,0,
680,0.68,0.0,0.0,0,0,
681,0.681,0.0,0.0,0,0,
682,0.682,0.0,0.0,0,0,
683,0.683,0.0,0.0,0,0,
684,0.684,0.0,0.0,0,0,
685,0.685,0.0,0.0,0,0,
686,0.686,0.0,0.0,0,0,
687,0.687,0.0,0.0,0,0,
688,0.6880000000000001,0.0,0.0,0,0,
689,0.6890000000000001,0.0,0.0,0,0,
690,0.6900000000000001,0.0,0.0,0,0,
691,0.6910000000000001,0.0,0.0,0,0,
692,0.6920000000000001,0.0,0.0,0,0,
693,0.6930000000000001,0.0,0.0,0,0,
694,0.6940000000000001,0.0,0.0,0,0,
695,0.6950000000000001,0.0,0.0,0,0,
696,0.6960000000000001,0.0,0.0,0,0,
697,0.6970000000000001,0.0,0.0,0,0,
698,0.6980000000000001,0.0,0.0,0,0,
699,0.6990000000000001,0.0,0.0,0,0,
700,0.7000000000000001,0.0,0.0,0,0,7.305777840886415
701,0.7010000000000001,0.0,0.0,0,0,
702,0.7020000000000001,0.0,0.0,0,0,
703,0.7030000000000001,0.0,0.0,0,0,
704,0.704,0.0,0.0,0,0,
705,0.705,0.0,0.0,0,0,
706,0.706,0.0,0.0,0,0,
707,0.707,0.0,0.0,0,0,
708,0.708,0.0,0.0,0,0,
709,0.709,0.0,0.0,0,0,
710,0.71,0.0,0.0,0,0,
711,0.711,0.0,0.0,0,0,
712,0.712,0.0,0.0,0,0,
713,0.713,0.0,0.0,0,0,
714,0.714,0.0,0.0,0,0,
715,0.715,0.0,0.0,0,0,
716,0.716,0.0,0.0,0,0,
717,0.717,0.0,0.0,0,0,
718,0.718,0.0,0.0,0,0,
719,0.719,0.0,0.0,0,0,
720,0.72,0.0,0.0,0,0,
721,0.721,0.0,0.0,0,0,
722,0.722,0.0,0.0,0,0,
723,0.723,0.0,0.0,0,0,
724,0.724,0.0,0.0,0,0,
725,0.725,0.0,0.0,0,0,
726,0.726,0.0,0.0,0,0,
727,0.727,0.0,0.0,0,0,
728,0.728,0.0,0.0,0,0,
729,0.729,0.0,0.0,0,0,
730,0.73,0.0,0.0,0,0,
731,0.731,0.0,0.0,0,0,
732,0.732,0.0,0.0,0,0,
733,0.733,0.0,0.0,0,0,
734,0.734,0.0,0.0,0,0,
735,0.735,0.0,0.0,0,0,
736,0.736,0.0,0.0,0,0,
737,0.737,0.0,0.0,0,0,
738,0.738,0.0,0.0,0,0,
739,0.739,0.0,0.0,0,0,
740,0.74,0.0,0.0,0,0,
741,0.741,0.0,0.0,0,0,
742,0.742,0.0,0.0,0,0,
743,0.743,0.0,0.0,0,0,
744,0.744,0.0,0.0,0,0,
745,0.745,0.0,0.0,0,0,
746,0.746,0.0,0.0,0,0,
747,0.747,0.0,0.0,0,0,
748,0.748,0.0,0.0,0,0,
749,0.749,0.0,0.0,0,0,
750,0.75,0.0,0.0,0,0,
751,0.751,0.0,0.0,0,0,
752,0.752,0.0,0.0,0,0,
753,0.753,0.0,0.0,0,0,
754,0.754,0.0,0.0,0,0,
755,0.755,0.0,0.0,0,0,
756,0.756,0.0,0.0,0,0,
757,0.757,0.0,0.0,0,0,
758,0.758,0.0,0.0,0,0,
759,0.759,0.0,0.0,0,0,
760,0.76,0.0,0.0,0,0,
761,0.761,0.0,0.0,0,0,
762,0.762,0.0,0.0,0,0,
763,0.763,0.0,0.0,0,0,
764,0.764,0.0,0.0,0,0,
765,0.765,0.0,0.0,0,0,
766,0.766,0.0,0.0,0,0,
767,0.767,0.0,0.0,0,0,
768,0.768,0.0,0.0,0,0,
769,0.769,0.0,0.0,0,0,
770,0.77,0.0,0.0,0,0,
771,0.771,0.0,0.0,0,0,
772,0.772,0.0,0.0,0,0,
773,0.773,0.0,0.0,0,0,
774,0.774,0.0,0.0,0,0,
775,0.775,0.0,0.0,0,0,
776,0.776,0.0,0.0,0,0,
777,0.777,0.0,0.0,0,0,
778,0.778,0.0,0.0,0,0,
779,0.779,0.0,0.0,0,0,
780,0.78,0.0,0.0,0,0,
781,0.781,0.0,0.0,0,0,
782,0.782,0.0,0.0,0,0,
783,0.783,0.0,0.0,0,0,
784,0.784,0.0,0.0,0,0,
785,0.785,0.0,0.0,0,0,
786,0.786,0.0,0.0,0,0,
787,0.787,0.0,0.0,0,0,
788,0.788,0.0,0.0,0,0,
789,0.789,0.0,0.0,0,0,
790,0.79,0.0,0.0,0,0,
791,0.791,0.0,0.0,0,0,
792,0.792,0.0,0.0,0,0,
793,0.793,0.0,0.0,0,0,
794,0.794,0.0,0.0,0,0,
795,0.795,0.0,0.0,0,0,
796,0.796,0.0,0.0,0,0,
797,0.797,0.0,0.0,0,0,
798,0.798,0.0,0.0,0,0,
799,0.799,0.0,0.0,0,0,
800,0.8,0.0,0.0,0,0,7.298973666619704
801,0.801,0.0,0.0,0,0,
802,0.802,0.0,0.0,0,0,
803,0.803,0.0,0.0,0,0,
804,0.804,0.0,0.0,0,0,
805,0.805,0.0,0.0,0,0,
806,0.806,0.0,0.0,0,0,
807,0.807,0.0,0.0,0,0,
808,0.808,0.0,0.0,0,0,
809,0.809,0.0,0.0,0,0,
810,0.81,0.0,0.0,0,0,
811,0.811,0.0,0.0,0,0,
812,0.812,0.0,0.0,0,0,
813,0.8130000000000001,0.0,0.0,0,0,
814,0.8140000000000001,0.0,0.0,0,0,
815,0.8150000000000001,0.0,0.0,0,0,
816,0.8160000000000001,0.0,0.0,0,0,
817,0.8170000000000001,0.0,0.0,0,0,
818,0.8180000000000001,0.0,0.0,0,0,
819,0.8190000000000001,0.0,0.0,0,0,
820,0.8200000000000001,0.0,0.0,0,0,
821,0.8210000000000001,0.0,0.0,0,0,
822,0.8220000000000001,0.0,0.0,0,0,
823,0.8230000000000001,0.0,0.0,0,0,
824,0.8240000000000001,0.0,0.0,0,0,
825,0.8250000000000001,0.0,0.0,0,0,
826,0.8260000000000001,0.0,0.0,0,0,
827,0.8270000000000001,0.0,0.0,0,0,
828,0.8280000000000001,0.0,0.0,0,0,
829,0.8290000000000001,0.0,0.0,0,0,
830,0.8300000000000001,0.0,0.0,0,0,
831,0.8310000000000001,0.0,0.0,0,0,
832,0.8320000000000001,0.0,0.0,0,0,
833,0.833,0.0,0.0,0,0,
834,0.834,0.0,0.0,0,0,
835,0.835,0.0,0.0,0,0,
836,0.836,0.0,0.0,0,0,
837,0.837,0.0,0.0,0,0,
838,0.838,0.0,0.0,0,0,
839,0.839,0.0,0.0,0,0,
840,0.84,0.0,0.0,0,0,
841,0.841,0.0,0.0,0,0,
842,0.842,0.0,0.0,0,0,
843,0.843,0.0,0.0,0,0,
844,0.844,0.0,0.0,0,0,
845,0.845,0.0,0.0,0,0,
846,0.846,0.0,0.0,0,0,
847,0.847,0.0,0.0,0,0,
848,0.848,0.0,0.0,0,0,
849,0.849,0.0,0.0,0,0,
850,0.85,0.0,0.0,0,0,
851,0.851,0.0,0.0,0,0,
852,0.852,0.0,0.0,0,0,
853,0.853,0.0,0.0,0,0,
854,0.854,0.0,0.0,0,0,
855,0.855,0.0,0.0,0,0,
856,0.856,0.0,0.0,0,0,
857,0.857,0.0,0.0,0,0,
858,0.858,0.0,0.0,0,0,
859,0.859,0.0,0.0,0,0,
860,0.86,0.0,0.0,0,0,
861,0.861,0.0,0.0,0,0,
862,0.862,0.0,0.0,0,0,
863,0.863,0.0,0.0,0,0,
864,0.864,0.0,0.0,0,0,
865,0.865,0.0,0.0,0,0,
866,0.866,0.0,0.0,0,0,
867,0.867,0.0,0.0,0,0,
868,0.868,0.0,0.0,0,0,
869,0.869,0.0,0.0,0,0,
870,0.87,0.0,0.0,0,0,
871,0.871,0.0,0.0,0,0,
872,0.872,0.0,0.0,0,0,
873,0.873,0.0,0.0,0,0,
874,0.874,0.0,0.0,0,0,
875,0.875,0.0,0.0,0,0,
876,0.876,0.0,0.0,0,0,
877,0.877,0.0,0.0,0,0,
878,0.878,0.0,0.0,0,0,
879,0.879,0.0,0.0,0,0,
880,0.88,0.0,0.0,0,0,
881,0.881,0.0,0.0,0,0,
882,0.882,0.0,0.0,0,0,
883,0.883,0.0,0.0,0,0,
884,0.884,0.0,0.0,0,0,
885,0.885,0.0,0.0,0,0,
886,0.886,0.0,0.0,0,0,
887,0.887,0.0,0.0,0,0,
888,0.888,0.0,0.0,0,0,
889,0.889,0.0,0.0,0,0,
890,0.89,0.0,0.0,0,0,
891,0.891,0.0,0.0,0,0,
892,0.892,0.0,0.0,0,0,
893,0.893,0.0,0.0,0,0,
894,0.894,0.0,0.0,0,0,
895,0.895,0.0,0.0,0,0,
896,0.896,0.0,0.0,0,0,
897,0.897,0.0,0.0,0,0,
898,0.898,0.0,0.0,0,0,
899,0.899,0.0,0.0,0,0,
900,0.9,0.0,0.0,0,0,7.06157959688847
901,0.901,0.0,0.0,0,0,
902,0.902,0.0,0.0,0,0,
903,0.903,0.0,0.0,0,0,
904,0.904,0.0,0.0,0,0,
905,0.905,0.0,0.0,0,0,
906,0.906,0.0,0.0,0,0,
907,0.907,0.0,0.0,0,0,
908,0.908,0.0,0.0,0,0,
909,0.909,0.0,0.0,0,0,
910,0.91,0.0,0.0,0,0,
911,0.911,0.0,0.0,0,0,
912,0.912,0.0,0.0,0,0,
913,0.913,0.0,0.0,0,0,
914,0.914,0.0,0.0,0,0,
915,0.915,0.0,0.0,0,0,
916,0.916,0.0,0.0,0,0,
917,0.917,0.0,0.0,0,0,
918,0.918,0.0,0.0,0,0,
919,0.919,0.0,0.0,0,0,
920,0.92,0.0,0.0,0,0,
921,0.921,0.0,0.0,0,0,
922,0.922,0.0,0.0,0,0,
923,0.923,0.0,0.0,0,0,
924,0.924,0.0,0.0,0,0,
925,0.925,0.0,0.0,0,0,
926,0.926,0.0,0.0,0,0,
927,0.927,0.0,0.0,0,0,
928,0.928,0.0,0.0,0,0,
929,0.929,0.0,0.0,0,0,
930,0.93,0.0,0.0,0,0,
931,0.931,0.0,0.0,0,0,
932,0.932,0.0,0.0,0,0,
933,0.933,0.0,0.0,0,0,
934,0.934,0.0,0.0,0,0,
935,0.935,0.0,0.0,0,0,
936,0.936,0.0,0.0,0,0,
937,0.937,0.0,0.0,0,0,
938,0.9380000000000001,0.0,0.0,0,0,
939,0.9390000000000001,0.0,0.0,0,0,
940,0.9400000000000001,0.0,0.0,0,0,
941,0.9410000000000001,0.0,0.0,0,0,
942,0.9420000000000001,0.0,0.0,0,0,
943,0.9430000000000001,0.0,0.0,0,0,
944,0.9440000000000001,0.0,0.0,0,0,
945,0.9450000000000001,0.0,0.0,0,0,
946,0.9460000000000001,0.0,0.0,0,0,
947,0.9470000000000001,0.0,0.0,0,0,
948,0.9480000000000001,0.0,0.0,0,0,
949,0.9490000000000001,0.0,0.0,0,0,
950,0.9500000000000001,0.0,0.0,0,0,
951,0.9510000000000001,0.0,0.0,0,0,
952,0.9520000000000001,0.0,0.0,0,0,
953,0.9530000000000001,0.0,0.0,0,0,
954,0.9540000000000001,0.0,0.0,0,0,
955,0.9550000000000001,0.0,0.0,0,0,
956,0.9560000000000001,0.0,0.0,0,0,
957,0.9570000000000001,0.0,0.0,0,0,
958,0.9580000000000001,0.0,0.0,0,0,
959,0.9590000000000001,0.0,0.0,0,0,
960,0.96,0.0,0.0,0,0,
961,0.961,0.0,0.0,0,0,
962,0.962,0.0,0.0,0,0,
963,0.963,0.0,0.0,0,0,
964,0.964,0.0,0.0,0,0,
965,0.965,0.0,0.0,0,0,
966,0.966,0.0,0.0,0,0,
967,0.967,0.0,0.0,0,0,
968,0.968,0.0,0.0,0,0,
969,0.969,0.0,0.0,0,0,
970,0.97,0.0,0.0,0,0,
971,0.971,0.0,0.0,0,0,
972,0.972,0.0,0.0,0,0,
973,0.973,0.0,0.0,0,0,
974,0.974,0.0,0.0,0,0,
975,0.975,0.0,0.0,0,0,
976,0.976,0.0,0.0,0,0,
977,0.977,0.0,0.0,0,0,
978,0.978,0.0,0.0,0,0,
979,0.979,0.0,0.0,0,0,
980,0.98,0.0,0.0,0,0,
981,0.981,0.0,0.0,0,0,
982,0.982,0.0,0.0,0,0,
983,0.983,0.0,0.0,0,0,
984,0.984,0.0,0.0,0,0,
985,0.985,0.0,0.0,0,0,
986,0.986,0.0,0.0,0,0,
987,0.987,0.0,0.0,0,0,
988,0.988,0.0,0.0,0,0,
989,0.989,0.0,0.0,0,0,
990,0.99,0.0,0.0,0,0,
991,0.991,0.0,0.0,0,0,
992,0.992,0.0,0.0,0,0,
993,0.993,0.0,0.0,0,0,
994,0.994,0.0,0.0,0,0,
995,0.995,0.0,0.0,0,0,
996,0.996,0.0,0.0,0,0,
997,0.997,0.0,0.0,0,0,
998,0.998,0.0,0.0,0,0,
999,0.999,0.0,0.0,0,0,
1000,1.0,0.0,0.0,0,0,6.458783583300103
1001,1.0010000000000001,0.0,0.0,0,0,
1002,1.002,0.0,0.0,0,0,
1003,1.0030000000000001,0.0,0.0,0,0,
1004,1.004,0.0,0.0,0,0,
1005,1.0050000000000001,0.0,0.0,0,0,
1006,1.006,0.0,0.0,0,0,
1007,1.0070000000000001,0.0,0.0,0,0,
1008,1.008,0.0,0.0,0,0,
1009,1.0090000000000001,0.0,0.0,0,0,
1010,1.01,0.0,0.0,0,0,
1011,1.0110000000000001,0.0,0.0,0,0,
1012,1.012,0.0,0.0,0,0,
1013,1.0130000000000001,0.0,0.0,0,0,
1014,1.014,0.0,0.0,0,0,
1015,1.0150000000000001,0.0,0.0,0,0,
1016,1.016,0.0,0.0,0,0,
1017,1.0170000000000001,0.0,0.0,0,0,
1018,1.018,0.0,0.0,0,0,
1019,1.0190000000000001,0.0,0.0,0,0,
1020,1.02,0.0,0.0,0,0,
1021,1.0210000000000001,0.0,0.0,0,0,
1022,1.022,0.0,0.0,0,0,
1023,1.0230000000000001,0.0,0.0,0,0,
1024,1.024,0.0,0.0,0,0,
1025,1.025,0.0,0.0,0,0,
1026,1.026,0.0,0.0,0,0,
1027,1.027,0.0,0.0,0,0,
1028,1.028,0.0,0.0,0,0,
1029,1.029,0.0,0.0,0,0,
1030,1.03,0.0,0.0,0,0,
1031,1.031,0.0,0.0,0,0,
1032,1.032,0.0,0.0,0,0,
1033,1.033,0.0,0.0,0,0,
1034,1.034,0.0,0.0,0,0,
1035,1.035,0.0,0.0,0,0,
1036,1.036,0.0,0.0,0,0,
1037,1.037,0.0,0.0,0,0,
1038,1.038,0.0,0.0,0,0,
1039,1.039,0.0,0.0,0,0,
1040,1.04,0.0,0.0,0,0,
1041,1.041,0.0,0.0,0,0,
1042,1.042,0.0,0.0,0,0,
1043,1.043,0.0,0.0,0,0,
1044,1.044,0.0,0.0,0,0,
1045,1.045,0.0,0.0,0,0,
1046,1.046,0.0,0.0,0,0,
1047,1.047,0.0,0.0,0,0,
1048,1.048,0.0,0.0,0,0,
1049,1.049,0.0,0.0,0,0,
1050,1.05,0.0,0.0,0,0,
1051,1.051,0.0,0.0,0,0,
1052,1.052,0.0,0.0,0,0,
1053,1.053,0.0,0.0,0,0,
1054,1.054,0.0,0.0,0,0,
1055,1.055,0.0,0.0,0,0,
1056,1.056,0.0,0.0,0,0,
1057,1.057,0.0,0.0,0,0,
1058,1.058,0.0,0.0,0,0,
1059,1.059,0.0,0.0,0,0,
1060,1.06,0.0,0.0,0,0,
1061,1.061,0.0,0.0,0,0,
1062,1.062,0.0,0.0,0,0,
1063,1.063,0.0,0.0,0,0,
1064,1.064,0.0,0.0,0,0,
1065,1.065,0.0,0.0,0,0,
1066,1.066,0.0,0.0,0,0,
1067,1.067,0.0,0.0,0,0,
1068,1.068,0.0,0.0,0,0,
1069,1.069,0.0,0.0,0,0,
1070,1.07,0.0,0.0,0,0,
1071,1.071,0.0,0.0,0,0,
1072,1.072,0.0,0.0,0,0,
1073,1.073,0.0,0.0,0,0,
1074,1.074,0.0,0.0,0,0,
1075,1.075,0.0,0.0,0,0,
1076,1.076,0.0,0.0,0,0,
1077,1.077,0.0,0.0,0,0,
1078,1.078,0.0,0.0,0,0,
1079,1.079,0.0,0.0,0,0,
1080,1.08,0.0,0.0,0,0,
1081,1.081,0.0,0.0,0,0,
1082,1.082,0.0,0.0,0,0,
1083,1.083,0.0,0.0,0,0,
1084,1.084,0.0,0.0,0,0,
1085,1.085,0.0,0.0,0,0,
1086,1.086,0.0,0.0,0,0,
1087,1.087,0.0,0.0,0,0,
1088,1.088,0.0,0.0,0,0,
1089,1.089,0.0,0.0,0,0,
1090,1.09,0.0,0.0,0,0,
1091,1.091,0.0,0.0,0,0,
1092,1.092,0.0,0.0,0,0,
1093,1.093,0.0,0.0,0,0,
1094,1.094,0.0,0.0,0,0,
1095,1.095,0.0,0.0,0,0,
1096,1.096,0.0,0.0,0,0,
1097,1.097,0.0,0.0,0,0,
1098,1.098,0.0,0.0,0,0,
1099,1.099,0.0,0.0,0,0,
1100,1.1,0.0,0.0,0,0,6.354585806484597
1101,1.101,0.0,0.0,0,0,
1102,1.102,0.0,0.0,0,0,
1103,1.103,0.0,0.0,0,0,
1104,1.104,0.0,0.0,0,0,
1105,1.105,0.0,0.0,0,0,
1106,1.106,0.0,0.0,0,0,
1107,1.107,0.0,0.0,0,0,
1108,1.108,0.0,0.0,0,0,
1109,1.109,0.0,0.0,0,0,
1110,1.11,0.0,0.0,0,0,
1111,1.111,0.0,0.0,0,0,
1112,1.112,0.0,0.0,0,0,
1113,1.113,0.0,0.0,0,0,
1114,1.114,0.0,0.0,0,0,
1115,1.115,0.0,0.0,0,0,
1116,1.116,0.0,0.0,0,0,
1117,1.117,0.0,0.0,0,0,
1118,1.118,0.0,0.0,0,0,
1119,1.119,0.0,0.0,0,0,
1120,1.12,0.0,0.0,0,0,
1121,1.121,0.0,0.0,0,0,
1122,1.122,0.0,0.0,0,0,
1123,1.123,0.0,0.0,0,0,
1124,1.124,0.0,0.0,0,0,
1125,1.125,0.0,0.0,0,0,
1126,1.1260000000000001,0.0,0.0,0,0,
1127,1.127,0.0,0.0,0,0,
1128,1.1280000000000001,0.0,0.0,0,0,
1129,1.129,0.0,0.0,0,0,
1130,1.1300000000000001,0.0,0.0,0,0,
1131,1.131,0.0,0.0,0,0,
1132,1.1320000000000001,0.0,0.0,0,0,
1133,1.133,0.0,0.0,0,0,
1134,1.1340000000000001,0.0,0.0,0,0,
1135,1.135,0.0,0.0,0,0,
1136,1.1360000000000001,0.0,0.0,0,0,
1137,1.137,0.0,0.0,0,0,
1138,1.1380000000000001,0.0,0.0,0,0,
1139,1.139,0.0,0.0,0,0,
1140,1.1400000000000001,0.0,0.0,0,0,
1141,1.141,0.0,0.0,0,0,
1142,1.1420000000000001,0.0,0.0,0,0,
1143,1.143,0.0,0.0,0,0,
1144,1.1440000000000001,0.0,0.0,0,0,
1145,1.145,0.0,0.0,0,0,
1146,1.1460000000000001,0.0,0.0,0,0,
1147,1.147,0.0,0.0,0,0,
1148,1.1480000000000001,0.0,0.0,0,0,
1149,1.149,0.0,0.0,0,0,
1150,1.1500000000000001,0.0,0.0,0,0,
1151,1.151,0.0,0.0,0,0,
1152,1.1520000000000001,0.0,0.0,0,0,
1153,1.153,0.0,0.0,0,0,
1154,1.154,0.0,0.0,0,0,
1155,1.155,0.0,0.0,0,0,
1156,1.156,0.0,0.0,0,0,
1157,1.157,0.0,0.0,0,0,
1158,1.158,0.0,0.0,0,0,
1159,1.159,0.0,0.0,0,0,
1160,1.16,0.0,0.0,0,0,
1161,1.161,0.0,0.0,0,0,
1162,1.162,0.0,0.0,0,0,
1163,1.163,0.0,0.0,0,0,
1164,1.164,0.0,0.0,0,0,
1165,1.165,0.0,0.0,0,0,
1166,1.166,0.0,0.0,0,0,
1167,1.167,0.0,0.0,0,0,
1168,1.168,0.0,0.0,0,0,
1169,1.169,0.0,0.0,0,0,
1170,1.17,0.0,0.0,0,0,
1171,1.171,0.0,0.0,0,0,
1172,1.172,0.0,0.0,0,0,
1173,1.173,0.0,0.0,0,0,
1174,1.174,0.0,0.0,0,0,
1175,1.175,0.0,0.0,0,0,
1176,1.176,0.0,0.0,0,0,
1177,1.177,0.0,0.0,0,0,
1178,1.178,0.0,0.0,0,0,
1179,1.179,0.0,0.0,0,0,
1180,1.18,0.0,0.0,0,0,
1181,1.181,0.0,0.0,0,0,
1182,1.182,0.0,0.0,0,0,
1183,1.183,0.0,0.0,0,0,
1184,1.184,0.0,0.0,0,0,
1185,1.185,0.0,0.0,0,0,
1186,1.186,0.0,0.0,0,0,
1187,1.187,0.0,0.0,0,0,
1188,1.188,0.0,0.0,0,0,
1189,1.189,0.0,0.0,0,0,
1190,1.19,0.0,0.0,0,0,
1191,1.191,0.0,0.0,0,0,
1192,1.192,0.0,0.0,0,0,
1193,1.193,0.0,0.0,0,0,
1194,1.194,0.0,0.0,0,0,
1195,1.195,0.0,0.0,0,0,
1196,1.196,0.0,0.0,0,0,
1197,1.197,0.0,0.0,0,0,
1198,1.198,0.0,0.0,0,0,
1199,1.199,0.0,0.0,0,0,
1200,1.2,0.0,0.0,0,0,6.353303608712084
1201,1.201,0.0,0.0,0,0,
1202,1.202,0.0,0.0,0,0,
1203,1.203,0.0,0.0,0,0,
1204,1.204,0.0,0.0,0,0,
1205,1.205,0.0,0.0,0,0,
1206,1.206,0.0,0.0,0,0,
1207,1.207,0.0,0.0,0,0,
1208,1.208,0.0,0.0,0,0,
1209,1.209,0.0,0.0,0,0,
1210,1.21,0.0,0.0,0,0,
1211,1.211,0.0,0.0,0,0,
1212,1.212,0.0,0.0,0,0,
1213,1.213,0.0,0.0,0,0,
1214,1.214,0.0,0.0,0,0,
1215,1.215,0.0,0.0,0,0,
1216,1.216,0.0,0.0,0,0,
1217,1.217,0.0,0.0,0,0,
1218,1.218,0.0,0.0,0,0,
1219,1.219,0.0,0.0,0,0,
1220,1.22,0.0,0.0,0,0,
1221,1.221,0.0,0.0,0,0,
1222,1.222,0.0,0.0,0,0,
1223,1.223,0.0,0.0,0,0,
1224,1.224,0.0,0.0,0,0,
1225,1.225,0.0,0.0,0,0,
1226,1.226,0.0,0.0,0,0,
1227,1.227,0.0,0.0,0,0,
1228,1.228,0.0,0.0,0,0,
1229,1.229,0.0,0.0,0,0,
1230,1.23,0.0,0.0,0,0,
1231,1.231,0.0,0.0,0,0,
1232,1.232,0.0,0.0,0,0,
1233,1.233,0.0,0.0,0,0,
1234,1.234,0.0,0.0,0,0,
1235,1.235,0.0,0.0,0,0,
1236,1.236,0.0,0.0,0,0,
1237,1.237,0.0,0.0,0,0,
1238,1.238,0.0,0.0,0,0,
1239,1.239,0.0,0.0,0,0,
1240,1.24,0.0,0.0,0,0,
1241,1.241,0.0,0.0,0,0,
1242,1.242,0.0,0.0,0,0,
1243,1.243,0.0,0.0,0,0,
1244,1.244,0.0,0.0,0,0,
1245,1.245,0.0,0.0,0,0,
1246,1.246,0.0,0.0,0,0,
1247,1.247,0.0,0.0,0,0,
1248,1.248,0.0,0.0,0,0,
1249,1.249,0.0,0.0,0,0,
1250,1.25,0.0,0.0,0,0,
1251,1.2510000000000001,0.0,0.0,0,0,
1252,1.252,0.0,0.0,0,0,
1253,1.2530000000000001,0.0,0.0,0,0,
1254,1.254,0.0,0.0,0,0,
1255,1.2550000000000001,0.0,0.0,0,0,
1256,1.256,0.0,0.0,0,0,
1257,1.2570000000000001,0.0,0.0,0,0,
1258,1.258,0.0,0.0,0,0,
1259,1.2590000000000001,0.0,0.0,0,0,
1260,1.26,0.0,0.0,0,0,
1261,1.2610000000000001,0.0,0.0,0,0,
1262,1.262,0.0,0.0,0,0,
1263,1.2630000000000001,0.0,0.0,0,0,
1264,1.264,0.0,0.0,0,0,
1265,1.2650000000000001,0.0,0.0,0,0,
1266,1.266,0.0,0.0,0,0,
1267,1.2670000000000001,0.0,0.0,0,0,
1268,1.268,0.0,0.0,0,0,
1269,1.2690000000000001,0.0,0.0,0,0,
1270,1.27,0.0,0.0,0,0,
1271,1.2710000000000001,0.0,0.0,0,0,
1272,1.272,0.0,0.0,0,0,
1273,1.2730000000000001,0.0,0.0,0,0,
1274,1.274,0.0,0.0,0,0,
1275,1.2750000000000001,0.0,0.0,0,0,
1276,1.276,0.0,0.0,0,0,
1277,1.2770000000000001,0.0,0.0,0,0,
1278,1.278,0.0,0.0,0,0,
1279,1.2790000000000001,0.0,0.0,0,0,
1280,1.28,0.0,0.0,0,0,
1281,1.281,0.0,0.0,0,0,
1282,1.282,0.0,0.0,0,0,
1283,1.283,0.0,0.0,0,0,
1284,1.284,0.0,0.0,0,0,
1285,1.285,0.0,0.0,0,0,
1286,1.286,0.0,0.0,0,0,
1287,1.287,0.0,0.0,0,0,
1288,1.288,0.0,0.0,0,0,
1289,1.289,0.0,0.0,0,0,
1290,1.29,0.0,0.0,0,0,
1291,1.291,0.0,0.0,0,0,
1292,1.292,0.0,0.0,0,0,
1293,1.293,0.0,0.0,0,0,
1294,1.294,0.0,0.0,0,0,
1295,1.295,0.0,0.0,0,0,
1296,1.296,0.0,0.0,0,0,
1297,1.297,0.0,0.0,0,0,
1298,1.298,0.0,0.0,0,0,
1299,1.299,0.0,0.0,0,0,
1300,1.3,0.0,0.0,0,0,6.354889787461896
1301,1.301,0.0,0.0,0,0,
1302,1.302,0.0,0.0,0,0,
1303,1.303,0.0,0.0,0,0,
1304,1.304,0.0,0.0,0,0,
1305,1.305,0.0,0.0,0,0,
1306,1.306,0.0,0.0,0,0,
1307,1.307,0.0,0.0,0,0,
1308,1.308,0.0,0.0,0,0,
1309,1.309,0.0,0.0,0,0,
1310,1.31,0.0,0.0,0,0,
1311,1.311,0.0,0.0,0,0,
1312,1.312,0.0,0.0,0,0,
1313,1.313,0.0,0.0,0,0,
1314,1.314,0.0,0.0,0,0,
1315,1.315,0.0,0.0,0,0,
1316,1.316,0.0,0.0,0,0,
1317,1.317,0.0,0.0,0,0,
1318,1.318,0.0,0.0,0,0,
1319,1.319,0.0,0.0,0,0,
1320,1.32,0.0,0.0,0,0,
1321,1.321,0.0,0.0,0,0,
1322,1.322,0.0,0.0,0,0,
1323,1.323,0.0,0.0,0,0,
1324,1.324,0.0,0.0,0,0,
1325,1.325,0.0,0.0,0,0,
1326,1.326,0.0,0.0,0,0,
1327,1.327,0.0,0.0,0,0,
1328,1.328,0.0,0.0,0,0,
1329,1.329,0.0,0.0,0,0,
1330,1.33,0.0,0.0,0,0,
1331,1.331,0.0,0.0,0,0,
1332,1.332,0.0,0.0,0,0,
1333,1.333,0.0,0.0,0,0,
1334,1.334,0.0,0.0,0,0,
1335,1.335,0.0,0.0,0,0,
1336,1.336,0.0,0.0,0,0,
1337,1.337,0.0,0.0,0,0,
1338,1.338,0.0,0.0,0,0,
1339,1.339,0.0,0.0,0,0,
1340,1.34,0.0,0.0,0,0,
1341,1.341,0.0,0.0,0,0,
1342,1.342,0.0,0.0,0,0,
1343,1.343,0.0,0.0,0,0,
1344,1.344,0.0,0.0,0,0,
1345,1.345,0.0,0.0,0,0,
1346,1.346,0.0,0.0,0,0,
1347,1.347,0.0,0.0,0,0,
1348,1.348,0.0,0.0,0,0,
1349,1.349,0.0,0.0,0,0,
1350,1.35,0.0,0.0,0,0,
1351,1.351,0.0,0.0,0,0,
1352,1.352,0.0,0.0,0,0,
1353,1.353,0.0,0.0,0,0,
1354,1.354,0.0,0.0,0,0,
1355,1.355,0.0,0.0,0,0,
1356,1.356,0.0,0.0,0,0,
1357,1.357,0.0,0.0,0,0,
1358,1.358,0.0,0.0,0,0,
1359,1.359,0.0,0.0,0,0,
1360,1.36,0.0,0.0,0,0,
1361,1.361,0.0,0.0,0,0,
1362,1.362,0.0,0.0,0,0,
1363,1.363,0.0,0.0,0,0,
1364,1.364,0.0,0.0,0,0,
1365,1.365,0.0,0.0,0,0,
1366,1.366,0.0,0.0,0,0,
1367,1.367,0.0,0.0,0,0,
1368,1.368,0.0,0.0,0,0,
1369,1.369,0.0,0.0,0,0,
1370,1.37,0.0,0.0,0,0,
1371,1.371,0.0,0.0,0,0,
1372,1.372,0.0,0.0,0,0,
1373,1.373,0.0,0.0,0,0,
1374,1.374,0.0,0.0,0,0,
1375,1.375,0.0,0.0,0,0,
1376,1.3760000000000001,0.0,0.0,0,0,
1377,1.377,0.0,0.0,0,0,
1378,1.3780000000000001,0.0,0.0,0,0,
1379,1.379,0.0,0.0,0,0,
1380,1.3800000000000001,0.0,0.0,0,0,
1381,1.381,0.0,0.0,0,0,
1382,1.3820000000000001,0.0,0.0,0,0,
1383,1.383,0.0,0.0,0,0,
1384,1.3840000000000001,0.0,0.0,0,0,
1385,1.385,0.0,0.0,0,0,
1386,1.3860000000000001,0.0,0.0,0,0,
1387,1.387,0.0,0.0,0,0,
1388,1.3880000000000001,0.0,0.0,0,0,
1389,1.389,0.0,0.0,0,0,
1390,1.3900000000000001,0.0,0.0,0,0,
1391,1.391,0.0,0.0,0,0,
1392,1.3920000000000001,0.0,0.0,0,0,
1393,1.393,0.0,0.0,0,0,
1394,1.3940000000000001,0.0,0.0,0,0,
1395,1.395,0.0,0.0,0,0,
1396,1.3960000000000001,0.0,0.0,0,0,
1397,1.397,0.0,0.0,0,0,
1398,1.3980000000000001,0.0,0.0,0,0,
1399,1.399,0.0,0.0,0,0,
1400,1.4000000000000001,0.0,0.0,0,0,6.353679291246616
1401,1.401,0.0,0.0,0,0,
1402,1.4020000000000001,0.0,0.0,0,0,
1403,1.403,0.0,0.0,0,0,
1404,1.4040000000000001,0.0,0.0,0,0,
1405,1.405,0.0,0.0,0,0,
1406,1.4060000000000001,0.0,0.0,0,0,
1407,1.407,0.0,0.0,0,0,
1408,1.408,0.0,0.0,0,0,
1409,1.409,0.0,0.0,0,0,
1410,1.41,0.0,0.0,0,0,
1411,1.411,0.0,0.0,0,0,
1412,1.412,0.0,0.0,0,0,
1413,1.413,0.0,0.0,0,0,
1414,1.414,0.0,0.0,0,0,
1415,1.415,0.0,0.0,0,0,
1416,1.416,0.0,0.0,0,0,
1417,1.417,0.0,0.0,0,0,
1418,1.418,0.0,0.0,0,0,
1419,1.419,0.0,0.0,0,0,
1420,1.42,0.0,0.0,0,0,
1421,1.421,0.0,0.0,0,0,
1422,1.422,0.0,0.0,0,0,
1423,1.423,0.0,0.0,0,0,
1424,1.424,0.0,0.0,0,0,
1425,1.425,0.0,0.0,0,0,
1426,1.426,0.0,0.0,0,0,
1427,1.427,0.0,0.0,0,0,
1428,1.428,0.0,0.0,0,0,
1429,1.429,0.0,0.0,0,0,
1430,1.43,0.0,0.0,0,0,
1431,1.431,0.0,0.0,0,0,
1432,1.432,0.0,0.0,0,0,
1433,1.433,0.0,0.0,0,0,
1434,1.434,0.0,0.0,0,0,
1435,1.435,0.0,0.0,0,0,
1436,1.436,0.0,0.0,0,0,
1437,1.437,0.0,0.0,0,0,
1438,1.438,0.0,0.0,0,0,
1439,1.439,0.0,0.0,0,0,
1440,1.44,0.0,0.0,0,0,
1441,1.441,0.0,0.0,0,0,
1442,1.442,0.0,0.0,0,0,
1443,1.443,0.0,0.0,0,0,
1444,1.444,0.0,0.0,0,0,
1445,1.445,0.0,0.0,0,0,
1446,1.446,0.0,0.0,0,0,
1447,1.447,0.0,0.0,0,0,
1448,1.448,0.0,0.0,0,0,
1449,1.449,0.0,0.0,0,0,
1450,1.45,0.0,0.0,0,0,
1451,1.451,0.0,0.0,0,0,
1452,1.452,0.0,0.0,0,0,
1453,1.453,0.0,0.0,0,0,
1454,1.454,0.0,0.0,0,0,
1455,1.455,0.0,0.0,0,0,
1456,1.456,0.0,0.0,0,0,
1457,1.457,0.0,0.0,0,0,
1458,1.458,0.0,0.0,0,0,
1459,1.459,0.0,0.0,0,0,
1460,1.46,0.0,0.0,0,0,
1461,1.461,0.0,0.0,0,0,
1462,1.462,0.0,0.0,0,0,
1463,1.463,0.0,0.0,0,0,
1464,1.464,0.0,0.0,0,0,
1465,1.465,0.0,0.0,0,0,
1466,1.466,0.0,0.0,0,0,
1467,1.467,0.0,0.0,0,0,
1468,1.468,0.0,0.0,0,0,
1469,1.469,0.0,0.0,0,0,
1470,1.47,0.0,0.0,0,0,
1471,1.471,0.0,0.0,0,0,
1472,1.472,0.0,0.0,0,0,
1473,1.473,0.0,0.0,0,0,
1474,1.474,0.0,0.0,0,0,
1475,1.475,0.0,0.0,0,0,
1476,1.476,0.0,0.0,0,0,
1477,1.477,0.0,0.0,0,0,
1478,1.478,0.0,0.0,0,0,
1479,1.479,0.0,0.0,0,0,
1480,1.48,0.0,0.0,0,0,
1481,1.481,0.0,0.0,0,0,
1482,1.482,0.0,0.0,0,0,
1483,1.483,0.0,0.0,0,0,
1484,1.484,0.0,0.0,0,0,
1485,1.485,0.0,0.0,0,0,
1486,1.486,0.0,0.0,0,0,
1487,1.487,0.0,0.0,0,0,
1488,1.488,0.0,0.0,0,0,
1489,1.489,0.0,0.0,0,0,
1490,1.49,0.0,0.0,0,0,
1491,1.491,0.0,0.0,0,0,
1492,1.492,0.0,0.0,0,0,
1493,1.493,0.0,0.0,0,0,
1494,1.494,0.0,0.0,0,0,
1495,1.495,0.0,0.0,0,0,
1496,1.496,0.0,0.0,0,0,
1497,1.497,0.0,0.0,0,0,
1498,1.498,0.0,0.0,0,0,
1499,1.499,0.0,0.0,0,0,
1500,1.5,0.0,0.0,0,0,6.352816410408238
1501,1.5010000000000001,0.0,0.0,0,0,
1502,1.502,0.0,0.0,0,0,
1503,1.5030000000000001,0.0,0.0,0,0,
1504,1.504,0.0,0.0,0,0,
1505,1.5050000000000001,0.0,0.0,0,0,
1506,1.506,0.0,0.0,0,0,
1507,1.5070000000000001,0.0,0.0,0,0,
1508,1.508,0.0,0.0,0,0,
1509,1.5090000000000001,0.0,0.0,0,0,
1510,1.51,0.0,0.0,0,0,
1511,1.5110000000000001,0.0,0.0,0,0,
1512,1.512,0.0,0.0,0,0,
1513,1.5130000000000001,0.0,0.0,0,0,
1514,1.514,0.0,0.0,0,0,
1515,1.5150000000000001,0.0,0.0,0,0,
1516,1.516,0.0,0.0,0,0,
1517,1.5170000000000001,0.0,0.0,0,0,
1518,1.518,0.0,0.0,0,0,
1519,1.5190000000000001,0.0,0.0,0,0,
1520,1.52,0.0,0.0,0,0,
1521,1.5210000000000001,0.0,0.0,0,0,
1522,1.522,0.0,0.0,0,0,
1523,1.5230000000000001,0.0,0.0,0,0,
1524,1.524,0.0,0.0,0,0,
1525,1.5250000000000001,0.0,0.0,0,0,
1526,1.526,0.0,0.0,0,0,
1527,1.5270000000000001,0.0,0.0,0,0,
1528,1.528,0.0,0.0,0,0,
1529,1.5290000000000001,0.0,0.0,0,0,
1530,1.53,0.0,0.0,0,0,
1531,1.5310000000000001,0.0,0.0,0,0,
1532,1.532,0.0,0.0,0,0,
1533,1.5330000000000001,0.0,0.0,0,0,
1534,1.534,0.0,0.0,0,0,
1535,1.5350000000000001,0.0,0.0,0,0,
1536,1.536,0.0,0.0,0,0,
1537,1.537,0.0,0.0,0,0,
1538,1.538,0.0,0.0,0,0,
1539,1.539,0.0,0.0,0,0,
1540,1.54,0.0,0.0,0,0,
1541,1.541,0.0,0.0,0,0,
1542,1.542,0.0,0.0,0,0,
1543,1.543,0.0,0.0,0,0,
1544,1.544,0.0,0.0,0,0,
1545,1.545,0.0,0.0,0,0,
1546,1.546,0.0,0.0,0,0,
1547,1.547,0.0,0.0,0,0,
1548,1.548,0.0,0.0,0,0,
1549,1.549,0.0,0.0,0,0,
1550,1.55,0.0,0.0,0,0,
1551,1.551,0.0,0.0,0,0,
1552,1.552,0.0,0.0,0,0,
1553,1.553,0.0,0.0,0,0,
1554,1.554,0.0,0.0,0,0,
1555,1.555,0.0,0.0,0,0,
1556,1.556,0.0,0.0,0,0,
1557,1.557,0.0,0.0,0,0,
1558,1.558,0.0,0.0,0,0,
1559,1.559,0.0,0.0,0,0,
1560,1.56,0.0,0.0,0,0,
1561,1.561,0.0,0.0,0,0,
1562,1.562,0.0,0.0,0,0,
1563,1.563,0.0,0.0,0,0,
1564,1.564,0.0,0.0,0,0,
1565,1.565,0.0,0.0,0,0,
1566,1.566,0.0,0.0,0,0,
1567,1.567,0.0,0.0,0,0,
1568,1.568,0.0,0.0,0,0,
1569,1.569,0.0,0.0,0,0,
1570,1.57,0.0,0.0,0,0,
1571,1.571,0.0,0.0,0,0,
1572,1.572,0.0,0.0,0,0,
1573,1.573,0.0,0.0,0,0,
1574,1.574,0.0,0.0,0,0,
1575,1.575,0.0,0.0,0,0,
1576,1.576,0.0,0.0,0,0,
1577,1.577,0.0,0.0,0,0,
1578,1.578,0.0,0.0,0,0,
1579,1.579,0.0,0.0,0,0,
1580,1.58,0.0,0.0,0,0,
1581,1.581,0.0,0.0,0,0,
1582,1.582,0.0,0.0,0,0,
1583,1.583,0.0,0.0,0,0,
1584,1.584,0.0,0.0,0,0,
1585,1.585,0.0,0.0,0,0,
1586,1.586,0.0,0.0,0,0,
1587,1.587,0.0,0.0,0,0,
1588,1.588,0.0,0.0,0,0,
1589,1.589,0.0,0.0,0,0,
1590,1.59,0.0,0.0,0,0,
1591,1.591,0.0,0.0,0,0,
1592,1.592,0.0,0.0,0,0,
1593,1.593,0.0,0.0,0,0,
1594,1.594,0.0,0.0,0,0,
1595,1.595,0.0,0.0,0,0,
1596,1.596,0.0,0.0,0,0,
1597,1.597,0.0,0.0,0,0,
1598,1.598,0.0,0.0,0,0,
1599,1.599,0.0,0.0,0,0,
1600,1.6,0.0,0.0,0,0,6.354714415112546
1601,1.601,0.0,0.0,0,0,
1602,1.602,0.0,0.0,0,0,
1603,1.603,0.0,0.0,0,0,
1604,1.604,0.0,0.0,0,0,
1605,1.605,0.0,0.0,0,0,
1606,1.606,0.0,0.0,0,0,
1607,1.607,0.0,0.0,0,0,
1608,1.608,0.0,0.0,0,0,
1609,1.609,0.0,0.0,0,0,
1610,1.61,0.0,0.0,0,0,
1611,1.611,0.0,0.0,0,0,
1612,1.612,0.0,0.0,0,0,
1613,1.613,0.0,0.0,0,0,
1614,1.614,0.0,0.0,0,0,
1615,1.615,0.0,0.0,0,0,
1616,1.616,0.0,0.0,0,0,
1617,1.617,0.0,0.0,0,0,
1618,1.618,0.0,0.0,0,0,
1619,1.619,0.0,0.0,0,0,
1620,1.62,0.0,0.0,0,0,
1621,1.621,0.0,0.0,0,0,
1622,1.622,0.0,0.0,0,0,
1623,1.623,0.0,0.0,0,0,
1624,1.624,0.0,0.0,0,0,
1625,1.625,0.0,0.0,0,0,
1626,1.6260000000000001,0.0,0.0,0,0,
1627,1.627,0.0,0.0,0,0,
1628,1.6280000000000001,0.0,0.0,0,0,
1629,1.629,0.0,0.0,0,0,
1630,1.6300000000000001,0.0,0.0,0,0,
1631,1.631,0.0,0.0,0,0,
1632,1.6320000000000001,0.0,0.0,0,0,
1633,1.633,0.0,0.0,0,0,
1634,1.6340000000000001,0.0,0.0,0,0,
1635,1.635,0.0,0.0,0,0,
1636,1.6360000000000001,0.0,0.0,0,0,
1637,1.637,0.0,0.0,0,0,
1638,1.6380000000000001,0.0,0.0,0,0,
1639,1.639,0.0,0.0,0,0,
1640,1.6400000000000001,0.0,0.0,0,0,
1641,1.641,0.0,0.0,0,0,
1642,1.6420000000000001,0.0,0.0,0,0,
1643,1.643,0.0,0.0,0,0,
1644,1.6440000000000001,0.0,0.0,0,0,
1645,1.645,0.0,0.0,0,0,
1646,1.6460000000000001,0.0,0.0,0,0,
1647,1.647,0.0,0.0,0,0,
1648,1.6480000000000001,0.0,0.0,0,0,
1649,1.649,0.0,0.0,0,0,
1650,1.6500000000000001,0.0,0.0,0,0,
1651,1.651,0.0,0.0,0,0,
1652,1.6520000000000001,0.0,0.0,0,0,
1653,1.653,0.0,0.0,0,0,
1654,1.6540000000000001,0.0,0.0,0,0,
1655,1.655,0.0,0.0,0,0,
1656,1.6560000000000001,0.0,0.0,0,0,
1657,1.657,0.0,0.0,0,0,
1658,1.6580000000000001,0.0,0.0,0,0,
1659,1.659,0.0,0.0,0,0,
1660,1.6600000000000001,0.0,0.0,0,0,
1661,1.661,0.0,0.0,0,0,
1662,1.6620000000000001,0.0,0.0,0,0,
1663,1.663,0.0,0.0,0,0,
1664,1.6640000000000001,0.0,0.0,0,0,
1665,1.665,0.0,0.0,0,0,
1666,1.666,0.0,0.0,0,0,
1667,1.667,0.0,0.0,0,0,
1668,1.668,0.0,0.0,0,0,
1669,1.669,0.0,0.0,0,0,
1670,1.67,0.0,0.0,0,0,
1671,1.671,0.0,0.0,0,0,
1672,1.672,0.0,0.0,0,0,
1673,1.673,0.0,0.0,0,0,
1674,1.674,0.0,0.0,0,0,
1675,1.675,0.0,0.0,0,0,
1676,1.676,0.0,0.0,0,0,
1677,1.677,0.0,0.0,0,0,
1678,1.678,0.0,0.0,0,0,
1679,1.679,0.0,0.0,0,0,
1680,1.68,0.0,0.0,0,0,
1681,1.681,0.0,0.0,0,0,
1682,1.682,0.0,0.0,0,0,
1683,1.683,0.0,0.0,0,0,
1684,1.684,0.0,0.0,0,0,
1685,1.685,0.0,0.0,0,0,
1686,1.686,0.0,0.0,0,0,
1687,1.687,0.0,0.0,0,0,
1688,1.688,0.0,0.0,0,0,
1689,1.689,0.0,0.0,0,0,
1690,1.69,0.0,0.0,0,0,
1691,1.691,0.0,0.0,0,0,
1692,1.692,0.0,0.0,0,0,
1693,1.693,0.0,0.0,0,0,
1694,1.694,0.0,0.0,0,0,
1695,1.695,0.0,0.0,0,0,
1696,1.696,0.0,0.0,0,0,
1697,1.697,0.0,0.0,0,0,
1698,1.698,0.0,0.0,0,0,
1699,1.699,0.0,0.0,0,0,
1700,1.7,0.0,0.0,0,0,6.353793975658986
1701,1.701,0.0,0.0,0,0,
1702,1.702,0.0,0.0,0,0,
1703,1.703,0.0,0.0,0,0,
1704,1.704,0.0,0.0,0,0,
1705,1.705,0.0,0.0,0,0,
1706,1.706,0.0,0.0,0,0,
1707,1.707,0.0,0.0,0,0,
1708,1.708,0.0,0.0,0,0,
1709,1.709,0.0,0.0,0,0,
1710,1.71,0.0,0.0,0,0,
1711,1.711,0.0,0.0,0,0,
1712,1.712,0.0,0.0,0,0,
1713,1.713,0.0,0.0,0,0,
1714,1.714,0.0,0.0,0,0,
1715,1.715,0.0,0.0,0,0,
1716,1.716,0.0,0.0,0,0,
1717,1.717,0.0,0.0,0,0,
1718,1.718,0.0,0.0,0,0,
1719,1.719,0.0,0.0,0,0,
1720,1.72,0.0,0.0,0,0,
1721,1.721,0.0,0.0,0,0,
1722,1.722,0.0,0.0,0,0,
1723,1.723,0.0,0.0,0,0,
1724,1.724,0.0,0.0,0,0,
1725,1.725,0.0,0.0,0,0,
1726,1.726,0.0,0.0,0,0,
1727,1.727,0.0,0.0,0,0,
1728,1.728,0.0,0.0,0,0,
1729,1.729,0.0,0.0,0,0,
1730,1.73,0.0,0.0,0,0,
1731,1.731,0.0,0.0,0,0,
1732,1.732,0.0,0.0,0,0,
1733,1.733,0.0,0.0,0,0,
1734,1.734,0.0,0.0,0,0,
1735,1.735,0.0,0.0,0,0,
1736,1.736,0.0,0.0,0,0,
1737,1.737,0.0,0.0,0,0,
1738,1.738,0.0,0.0,0,0,
1739,1.739,0.0,0.0,0,0,
1740,1.74,0.0,0.0,0,0,
1741,1.741,0.0,0.0,0,0,
1742,1.742,0.0,0.0,0,0,
1743,1.743,0.0,0.0,0,0,
1744,1.744,0.0,0.0,0,0,
1745,1.745,0.0,0.0,0,0,
1746,1.746,0.0,0.0,0,0,
1747,1.747,0.0,0.0,0,0,
1748,1.748,0.0,0.0,0,0,
1749,1.749,0.0,0.0,0,0,
1750,1.75,0.0,0.0,0,0,
1751,1.7510000000000001,0.0,0.0,0,0,
1752,1.752,0.0,0.0,0,0,
1753,1.7530000000000001,0.0,0.0,0,0,
1754,1.754,0.0,0.0,0,0,
1755,1.7550000000000001,0.0,0.0,0,0,
1756,1.756,0.0,0.0,0,0,
1757,1.7570000000000001,0.0,0.0,0,0,
1758,1.758,0.0,0.0,0,0,
1759,1.7590000000000001,0.0,0.0,0,0,
1760,1.76,0.0,0.0,0,0,
1761,1.7610000000000001,0.0,0.0,0,0,
1762,1.762,0.0,0.0,0,0,
1763,1.7630000000000001,0.0,0.0,0,0,
1764,1.764,0.0,0.0,0,0,
1765,1.7650000000000001,0.0,0.0,0,0,
1766,1.766,0.0,0.0,0,0,
1767,1.7670000000000001,0.0,0.0,0,0,
1768,1.768,0.0,0.0,0,0,
1769,1.7690000000000001,0.0,0.0,0,0,
1770,1.77,0.0,0.0,0,0,
1771,1.7710000000000001,0.0,0.0,0,0,
1772,1.772,0.0,0.0,0,0,
1773,1.7730000000000001,0.0,0.0,0,0,
1774,1.774,0.0,0.0,0,0,
1775,1.7750000000000001,0.0,0.0,0,0,
1776,1.776,0.0,0.0,0,0,
1777,1.7770000000000001,0.0,0.0,0,0,
1778,1.778,0.0,0.0,0,0,
1779,1.7790000000000001,0.0,0.0,0,0,
1780,1.78,0.0,0.0,0,0,
1781,1.7810000000000001,0.0,0.0,0,0,
1782,1.782,0.0,0.0,0,0,
1783,1.7830000000000001,0.0,0.0,0,0,
1784,1.784,0.0,0.0,0,0,
1785,1.7850000000000001,0.0,0.0,0,0,
1786,1.786,0.0,0.0,0,0,
1787,1.7870000000000001,0.0,0.0,0,0,
1788,1.788,0.0,0.0,0,0,
1789,1.7890000000000001,0.0,0.0,0,0,
1790,1.79,0.0,0.0,0,0,
1791,1.7910000000000001,0.0,0.0,0,0,
1792,1.792,0.0,0.0,0,0,
1793,1.793,0.0,0.0,0,0,
1794,1.794,0.0,0.0,0,0,
1795,1.795,0.0,0.0,0,0,
1796,1.796,0.0,0.0,0,0,
1797,1.797,0.0,0.0,0,0,
1798,1.798,0.0,0.0,0,0,
1799,1.799,0.0,0.0,0,0,
1800,1.8,0.0,0.0,0,0,6.353114782043123
1801,1.801,0.0,0.0,0,0,
1802,1.802,0.0,0.0,0,0,
1803,1.803,0.0,0.0,0,0,
1804,1.804,0.0,0.0,0,0,
1805,1.805,0.0,0.0,0,0,
1806,1.806,0.0,0.0,0,0,
1807,1.807,0.0,0.0,0,0,
1808,1.808,0.0,0.0,0,0,
1809,1.809,0.0,0.0,0,0,
1810,1.81,0.0,0.0,0,0,
1811,1.811,0.0,0.0,0,0,
1812,1.812,0.0,0.0,0,0,
1813,1.813,0.0,0.0,0,0,
1814,1.814,0.0,0.0,0,0,
1815,1.815,0.0,0.0,0,0,
1816,1.816,0.0,0.0,0,0,
1817,1.817,0.0,0.0,0,0,
1818,1.818,0.0,0.0,0,0,
1819,1.819,0.0,0.0,0,0,
1820,1.82,0.0,0.0,0,0,
1821,1.821,0.0,0.0,0,0,
1822,1.822,0.0,0.0,0,0,
1823,1.823,0.0,0.0,0,0,
1824,1.824,0.0,0.0,0,0,
1825,1.825,0.0,0.0,0,0,
1826,1.826,0.0,0.0,0,0,
1827,1.827,0.0,0.0,0,0,
1828,1.828,0.0,0.0,0,0,
1829,1.829,0.0,0.0,0,0,
1830,1.83,0.0,0.0,0,0,
1831,1.831,0.0,0.0,0,0,
1832,1.832,0.0,0.0,0,0,
1833,1.833,0.0,0.0,0,0,
1834,1.834,0.0,0.0,0,0,
1835,1.835,0.0,0.0,0,0,
1836,1.836,0.0,0.0,0,0,
1837,1.837,0.0,0.0,0,0,
1838,1.838,0.0,0.0,0,0,
1839,1.839,0.0,0.0,0,0,
1840,1.84,0.0,0.0,0,0,
1841,1.841,0.0,0.0,0,0,
1842,1.842,0.0,0.0,0,0,
1843,1.843,0.0,0.0,0,0,
1844,1.844,0.0,0.0,0,0,
1845,1.845,0.0,0.0,0,0,
1846,1.846,0.0,0.0,0,0,
1847,1.847,0.0,0.0,0,0,
1848,1.848,0.0,0.0,0,0,
1849,1.849,0.0,0.0,0,0,
1850,1.85,0.0,0.0,0,0,
1851,1.851,0.0,0.0,0,0,
1852,1.852,0.0,0.0,0,0,
1853,1.853,0.0,0.0,0,0,
1854,1.854,0.0,0.0,0,0,
1855,1.855,0.0,0.0,0,0,
1856,1.856,0.0,0.0,0,0,
1857,1.857,0.0,0.0,0,0,
1858,1.858,0.0,0.0,0,0,
1859,1.859,0.0,0.0,0,0,
1860,1.86,0.0,0.0,0,0,
1861,1.861,0.0,0.0,0,0,
1862,1.862,0.0,0.0,0,0,
1863,1.863,0.0,0.0,0,0,
1864,1.864,0.0,0.0,0,0,
1865,1.865,0.0,0.0,0,0,
1866,1.866,0.0,0.0,0,0,
1867,1.867,0.0,0.0,0,0,
1868,1.868,0.0,0.0,0,0,
1869,1.869,0.0,0.0,0,0,
1870,1.87,0.0,0.0,0,0,
1871,1.871,0.0,0.0,0,0,
1872,1.872,0.0,0.0,0,0,
1873,1.873,0.0,0.0,0,0,
1874,1.874,0.0,0.0,0,0,
1875,1.875,0.0,0.0,0,0,
1876,1.8760000000000001,0.0,0.0,0,0,
1877,1.877,0.0,0.0,0,0,
1878,1.8780000000000001,0.0,0.0,0,0,
1879,1.879,0.0,0.0,0,0,
1880,1.8800000000000001,0.0,0.0,0,0,
1881,1.881,0.0,0.0,0,0,
1882,1.8820000000000001,0.0,0.0,0,0,
1883,1.883,0.0,0.0,0,0,
1884,1.8840000000000001,0.0,0.0,0,0,
1885,1.885,0.0,0.0,0,0,
1886,1.8860000000000001,0.0,0.0,0,0,
1887,1.887,0.0,0.0,0,0,
1888,1.8880000000000001,0.0,0.0,0,0,
1889,1.889,0.0,0.0,0,0,
1890,1.8900000000000001,0.0,0.0,0,0,
1891,1.891,0.0,0.0,0,0,
1892,1.8920000000000001,0.0,0.0,0,0,
1893,1.893,0.0,0.0,0,0,
1894,1.8940000000000001,0.0,0.0,0,0,
1895,1.895,0.0,0.0,0,0,
1896,1.8960000000000001,0.0,0.0,0,0,
1897,1.897,0.0,0.0,0,0,
1898,1.8980000000000001,0.0,0.0,0,0,
1899,1.899,0.0,0.0,0,0,
1900,1.9000000000000001,0.0,0.0,0,0,6.352609781782813
1901,1.901,0.0,0.0,0,0,
1902,1.9020000000000001,0.0,0.0,0,0,
1903,1.903,0.0,0.0,0,0,
1904,1.9040000000000001,0.0,0.0,0,0,
1905,1.905,0.0,0.0,0,0,
1906,1.9060000000000001,0.0,0.0,0,0,
1907,1.907,0.0,0.0,0,0,
1908,1.9080000000000001,0.0,0.0,0,0,
1909,1.909,0.0,0.0,0,0,
1910,1.9100000000000001,0.0,0.0,0,0,
1911,1.911,0.0,0.0,0,0,
1912,1.9120000000000001,0.0,0.0,0,0,
1913,1.913,0.0,0.0,0,0,
1914,1.9140000000000001,0.0,0.0,0,0,
1915,1.915,0.0,0.0,0,0,
1916,1.9160000000000001,0.0,0.0,0,0,
1917,1.917,0.0,0.0,0,0,
1918,1.9180000000000001,0.0,0.0,0,0,
1919,1.919,0.0,0.0,0,0,
1920,1.92,0.0,0.0,0,0,
1921,1.921,0.0,0.0,0,0,
1922,1.922,0.0,0.0,0,0,
1923,1.923,0.0,0.0,0,0,
1924,1.924,0.0,0.0,0,0,
1925,1.925,0.0,0.0,0,0,
1926,1.926,0.0,0.0,0,0,
1927,1.927,0.0,0.0,0,0,
1928,1.928,0.0,0.0,0,0,
1929,1.929,0.0,0.0,0,0,
1930,1.93,0.0,0.0,0,0,
1931,1.931,0.0,0.0,0,0,
1932,1.932,0.0,0.0,0,0,
1933,1.933,0.0,0.0,0,0,
1934,1.934,0.0,0.0,0,0,
1935,1.935,0.0,0.0,0,0,
1936,1.936,0.0,0.0,0,0,
1937,1.937,0.0,0.0,0,0,
1938,1.938,0.0,0.0,0,0,
1939,1.939,0.0,0.0,0,0,
1940,1.94,0.0,0.0,0,0,
1941,1.941,0.0,0.0,0,0,
1942,1.942,0.0,0.0,0,0,
1943,1.943,0.0,0.0,0,0,
1944,1.944,0.0,0.0,0,0,
1945,1.945,0.0,0.0,0,0,
1946,1.946,0.0,0.0,0,0,
1947,1.947,0.0,0.0,0,0,
1948,1.948,0.0,0.0,0,0,
1949,1.949,0.0,0.0,0,0,
1950,1.95,0.0,0.0,0,0,
1951,1.951,0.0,0.0,0,0,
1952,1.952,0.0,0.0,0,0,
1953,1.953,0.0,0.0,0,0,
1954,1.954,0.0,0.0,0,0,
1955,1.955,0.0,0.0,0,0,
1956,1.956,0.0,0.0,0,0,
1957,1.957,0.0,0.0,0,0,
1958,1.958,0.0,0.0,0,0,
1959,1.959,0.0,0.0,0,0,
1960,1.96,0.0,0.0,0,0,
1961,1.961,0.0,0.0,0,0,
1962,1.962,0.0,0.0,0,0,
1963,1.963,0.0,0.0,0,0,
1964,1.964,0.0,0.0,0,0,
1965,1.965,0.0,0.0,0,0,
1966,1.966,0.0,0.0,0,0,
1967,1.967,0.0,0.0,0,0,
1968,1.968,0.0,0.0,0,0,
1969,1.969,0.0,0.0,0,0,
1970,1.97,0.0,0.0,0,0,
1971,1.971,0.0,0.0,0,0,
1972,1.972,0.0,0.0,0,0,
1973,1.973,0.0,0.0,0,0,
1974,1.974,0.0,0.0,0,0,
1975,1.975,0.0,0.0,0,0,
1976,1.976,0.0,0.0,0,0,
1977,1.977,0.0,0.0,0,0,
1978,1.978,0.0,0.0,0,0,
1979,1.979,0.0,0.0,0,0,
1980,1.98,0.0,0.0,0,0,
1981,1.981,0.0,0.0,0,0,
1982,1.982,0.0,0.0,0,0,
1983,1.983,0.0,0.0,0,0,
1984,1.984,0.0,0.0,0,0,
1985,1.985,0.0,0.0,0,0,
1986,1.986,0.0,0.0,0,0,
1987,1.987,0.0,0.0,0,0,
1988,1.988,0.0,0.0,0,0,
1989,1.989,0.0,0.0,0,0,
1990,1.99,0.0,0.0,0,0,
1991,1.991,0.0,0.0,0,0,
1992,1.992,0.0,0.0,0,0,
1993,1.993,0.0,0.0,0,0,
1994,1.994,0.0,0.0,0,0,
1995,1.995,0.0,0.0,0,0,
1996,1.996,0.0,0.0,0,0,
1997,1.997,0.0,0.0,0,0,
1998,1.998,0.0,0.0,0,0,
1999,1.999,0.0,0.0,0,0,
2000,2.0,0.0,0.0,0,0,6.4330245722876755
2001,2.001,0.0,0.0,0,0,
2002,2.0020000000000002,0.0,0.0,0,0,
2003,2.003,0.0,0.0,0,0,
2004,2.004,0.0,0.0,0,0,
2005,2.005,0.0,0.0,0,0,
2006,2.0060000000000002,0.0,0.0,0,0,
2007,2.007,0.0,0.0,0,0,
2008,2.008,0.0,0.0,0,0,
2009,2.009,0.0,0.0,0,0,
2010,2.0100000000000002,0.0,0.0,0,0,
2011,2.011,0.0,0.0,0,0,
2012,2.012,0.0,0.0,0,0,
2013,2.013,0.0,0.0,0,0,
2014,2.0140000000000002,0.0,0.0,0,0,
2015,2.015,0.0,0.0,0,0,
2016,2.016,0.0,0.0,0,0,
2017,2.017,0.0,0.0,0,0,
2018,2.0180000000000002,0.0,0.0,0,0,
2019,2.019,0.0,0.0,0,0,
2020,2.02,0.0,0.0,0,0,
2021,2.021,0.0,0.0,0,0,
2022,2.0220000000000002,0.0,0.0,0,0,
2023,2.023,0.0,0.0,0,0,
2024,2.024,0.0,0.0,0,0,
2025,2.025,0.0,0.0,0,0,
2026,2.0260000000000002,0.0,0.0,0,0,
2027,2.027,0.0,0.0,0,0,
2028,2.028,0.0,0.0,0,0,
2029,2.029,0.0,0.0,0,0,
2030,2.0300000000000002,0.0,0.0,0,0,
2031,2.031,0.0,0.0,0,0,
2032,2.032,0.0,0.0,0,0,
2033,2.033,0.0,0.0,0,0,
2034,2.0340000000000003,0.0,0.0,0,0,
2035,2.035,0.0,0.0,0,0,
2036,2.036,0.0,0.0,0,0,
2037,2.037,0.0,0.0,0,0,
2038,2.0380000000000003,0.0,0.0,0,0,
2039,2.039,0.0,0.0,0,0,
2040,2.04,0.0,0.0,0,0,
2041,2.041,0.0,0.0,0,0,
2042,2.0420000000000003,0.0,0.0,0,0,
2043,2.043,0.0,0.0,0,0,
2044,2.044,0.0,0.0,0,0,
2045,2.045,0.0,0.0,0,0,
2046,2.0460000000000003,0.0,0.0,0,0,
2047,2.047,0.0,0.0,0,0,
2048,2.048,0.0,0.0,0,0,
2049,2.049,0.0,0.0,0,0,
2050,2.05,0.0,0.0,0,0,
2051,2.051,0.0,0.0,0,0,
2052,2.052,0.0,0.0,0,0,
2053,2.053,0.0,0.0,0,0,
2054,2.054,0.0,0.0,0,0,
2055,2.055,0.0,0.0,0,0,
2056,2.056,0.0,0.0,0,0,
2057,2.057,0.0,0.0,0,0,
2058,2.058,0.0,0.0,0,0,
2059,2.059,0.0,0.0,0,0,
2060,2.06,0.0,0.0,0,0,
2061,2.061,0.0,0.0,0,0,
2062,2.062,0.0,0.0,0,0,
2063,2.063,0.0,0.0,0,0,
2064,2.064,0.0,0.0,0,0,
2065,2.065,0.0,0.0,0,0,
2066,2.066,0.0,0.0,0,0,
2067,2.067,0.0,0.0,0,0,
2068,2.068,0.0,0.0,0,0,
2069,2.069,0.0,0.0,0,0,
2070,2.07,0.0,0.0,0,0,
2071,2.071,0.0,0.0,0,0,
2072,2.072,0.0,0.0,0,0,
2073,2.073,0.0,0.0,0,0,
2074,2.074,0.0,0.0,0,0,
2075,2.075,0.0,0.0,0,0,
2076,2.076,0.0,0.0,0,0,
2077,2.077,0.0,0.0,0,0,
2078,2.078,0.0,0.0,0,0,
2079,2.079,0.0,0.0,0,0,
2080,2.08,0.0,0.0,0,0,
2081,2.081,0.0,0.0,0,0,
2082,2.082,0.0,0.0,0,0,
2083,2.083,0.0,0.0,0,0,
2084,2.084,0.0,0.0,0,0,
2085,2.085,0.0,0.0,0,0,
2086,2.086,0.0,0.0,0,0,
2087,2.087,0.0,0.0,0,0,
2088,2.088,0.0,0.0,0,0,
2089,2.089,0.0,0.0,0,0,
2090,2.09,0.0,0.0,0,0,
2091,2.091,0.0,0.0,0,0,
2092,2.092,0.0,0.0,0,0,
2093,2.093,0.0,0.0,0,0,
2094,2.094,0.0,0.0,0,0,
2095,2.095,0.0,0.0,0,0,
2096,2.096,0.0,0.0,0,0,
2097,2.097,0.0,0.0,0,0,
2098,2.098,0.0,0.0,0,0,
2099,2.099,0.0,0.0,0,0,
2100,2.1,0.0,0.0,0,0,6.752681108392987
2101,2.101,0.0,0.0,0,0,
2102,2.102,0.0,0.0,0,0,
2103,2.103,0.0,0.0,0,0,
2104,2.104,0.0,0.0,0,0,
2105,2.105,0.0,0.0,0,0,
2106,2.106,0.0,0.0,0,0,
2107,2.107,0.0,0.0,0,0,
2108,2.108,0.0,0.0,0,0,
2109,2.109,0.0,0.0,0,0,
2110,2.11,0.0,0.0,0,0,
2111,2.111,0.0,0.0,0,0,
2112,2.112,0.0,0.0,0,0,
2113,2.113,0.0,0.0,0,0,
2114,2.114,0.0,0.0,0,0,
2115,2.115,0.0,0.0,0,0,
2116,2.116,0.0,0.0,0,0,
2117,2.117,0.0,0.0,0,0,
2118,2.118,0.0,0.0,0,0,
2119,2.119,0.0,0.0,0,0,
2120,2.12,0.0,0.0,0,0,
2121,2.121,0.0,0.0,0,0,
2122,2.122,0.0,0.0,0,0,
2123,2.123,0.0,0.0,0,0,
2124,2.124,0.0,0.0,0,0,
2125,2.125,0.0,0.0,0,0,
2126,2.126,0.0,0.0,0,0,
2127,2.1270000000000002,0.0,0.0,0,0,
2128,2.128,0.0,0.0,0,0,
2129,2.129,0.0,0.0,0,0,
2130,2.13,0.0,0.0,0,0,
2131,2.1310000000000002,0.0,0.0,0,0,
2132,2.132,0.0,0.0,0,0,
2133,2.133,0.0,0.0,0,0,
2134,2.134,0.0,0.0,0,0,
2135,2.1350000000000002,0.0,0.0,0,0,
2136,2.136,0.0,0.0,0,0,
2137,2.137,0.0,0.0,0,0,
2138,2.138,0.0,0.0,0,0,
2139,2.1390000000000002,0.0,0.0,0,0,
2140,2.14,0.0,0.0,0,0,
2141,2.141,0.0,0.0,0,0,
2142,2.142,0.0,0.0,0,0,
2143,2.1430000000000002,0.0,0.0,0,0,
2144,2.144,0.0,0.0,0,0,
2145,2.145,0.0,0.0,0,0,
2146,2.146,0.0,0.0,0,0,
2147,2.1470000000000002,0.0,0.0,0,0,
2148,2.148,0.0,0.0,0,0,
2149,2.149,0.0,0.0,0,0,
2150,2.15,0.0,0.0,0,0,
2151,2.1510000000000002,0.0,0.0,0,0,
2152,2.152,0.0,0.0,0,0,
2153,2.153,0.0,0.0,0,0,
2154,2.154,0.0,0.0,0,0,
2155,2.1550000000000002,0.0,0.0,0,0,
2156,2.156,0.0,0.0,0,0,
2157,2.157,0.0,0.0,0,0,
2158,2.158,0.0,0.0,0,0,
2159,2.1590000000000003,0.0,0.0,0,0,
2160,2.16,0.0,0.0,0,0,
2161,2.161,0.0,0.0,0,0,
2162,2.162,0.0,0.0,0,0,
2163,2.1630000000000003,0.0,0.0,0,0,
2164,2.164,0.0,0.0,0,0,
2165,2.165,0.0,0.0,0,0,
2166,2.166,0.0,0.0,0,0,
2167,2.1670000000000003,0.0,0.0,0,0,
2168,2.168,0.0,0.0,0,0,
2169,2.169,0.0,0.0,0,0,
2170,2.17,0.0,0.0,0,0,
2171,2.1710000000000003,0.0,0.0,0,0,
2172,2.172,0.0,0.0,0,0,
2173,2.173,0.0,0.0,0,0,
2174,2.174,0.0,0.0,0,0,
2175,2.1750000000000003,0.0,0.0,0,0,
2176,2.176,0.0,0.0,0,0,
2177,2.177,0.0,0.0,0,0,
2178,2.178,0.0,0.0,0,0,
2179,2.179,0.0,0.0,0,0,
2180,2.18,0.0,0.0,0,0,
2181,2.181,0.0,0.0,0,0,
2182,2.182,0.0,0.0,0,0,
2183,2.183,0.0,0.0,0,0,
2184,2.184,0.0,0.0,0,0,
2185,2.185,0.0,0.0,0,0,
2186,2.186,0.0,0.0,0,0,
2187,2.187,0.0,0.0,0,0,
2188,2.188,0.0,0.0,0,0,
2189,2.189,0.0,0.0,0,0,
2190,2.19,0.0,0.0,0,0,
2191,2.191,0.0,0.0,0,0,
2192,2.192,0.0,0.0,0,0,
2193,2.193,0.0,0.0,0,0,
2194,2.194,0.0,0.0,0,0,
2195,2.195,0.0,0.0,0,0,
2196,2.196,0.0,0.0,0,0,
2197,2.197,0.0,0.0,0,0,
2198,2.198,0.0,0.0,0,0,
2199,2.199,0.0,0.0,0,0,
2200,2.2,0.0,0.0,0,0,7.3
2201,2.201,0.0,0.0,0,0,
2202,2.202,0.0,0.0,0,0,
2203,2.203,0.0,0.0,0,0,
2204,2.204,0.0,0.0,0,0,
2205,2.205,0.0,0.0,0,0,
2206,2.206,0.0,0.0,0,0,
2207,2.207,0.0,0.0,0,0,
2208,2.208,0.0,0.0,0,0,
2209,2.209,0.0,0.0,0,0,
2210,2.21,0.0,0.0,0,0,
2211,2.211,0.0,0.0,0,0,
2212,2.212,0.0,0.0,0,0,
2213,2.213,0.0,0.0,0,0,
2214,2.214,0.0,0.0,0,0,
2215,2.215,0.0,0.0,0,0,
2216,2.216,0.0,0.0,0,0,
2217,2.217,0.0,0.0,0,0,
2218,2.218,0.0,0.0,0,0,
2219,2.219,0.0,0.0,0,0,
2220,2.22,0.0,0.0,0,0,
2221,2.221,0.0,0.0,0,0,
2222,2.222,0.0,0.0,0,0,
2223,2.223,0.0,0.0,0,0,
2224,2.224,0.0,0.0,0,0,
2225,2.225,0.0,0.0,0,0,
2226,2.226,0.0,0.0,0,0,
2227,2.227,0.0,0.0,0,0,
2228,2.228,0.0,0.0,0,0,
2229,2.229,0.0,0.0,0,0,
2230,2.23,0.0,0.0,0,0,
2231,2.231,0.0,0.0,0,0,
2232,2.232,0.0,0.0,0,0,
2233,2.233,0.0,0.0,0,0,
2234,2.234,0.0,0.0,0,0,
2235,2.235,0.0,0.0,0,0,
2236,2.236,0.0,0.0,0,0,
2237,2.237,0.0,0.0,0,0,
2238,2.238,0.0,0.0,0,0,
2239,2.239,0.0,0.0,0,0,
2240,2.24,0.0,0.0,0,0,
2241,2.241,0.0,0.0,0,0,
2242,2.242,0.0,0.0,0,0,
2243,2.243,0.0,0.0,0,0,
2244,2.244,0.0,0.0,0,0,
2245,2.245,0.0,0.0,0,0,
2246,2.246,0.0,0.0,0,0,
2247,2.247,0.0,0.0,0,0,
2248,2.248,0.0,0.0,0,0,
2249,2.249,0.0,0.0,0,0,
2250,2.25,0.0,0.0,0,0,
2251,2.251,0.0,0.0,0,0,
2252,2.2520000000000002,0.0,0.0,0,0,
2253,2.253,0.0,0.0,0,0,
2254,2.254,0.0,0.0,0,0,
2255,2.255,0.0,0.0,0,0,
2256,2.2560000000000002,0.0,0.0,0,0,
2257,2.257,0.0,0.0,0,0,
2258,2.258,0.0,0.0,0,0,
2259,2.259,0.0,0.0,0,0,
2260,2.2600000000000002,0.0,0.0,0,0,
2261,2.261,0.0,0.0,0,0,
2262,2.262,0.0,0.0,0,0,
2263,2.263,0.0,0.0,0,0,
2264,2.2640000000000002,0.0,0.0,0,0,
2265,2.265,0.0,0.0,0,0,
2266,2.266,0.0,0.0,0,0,
2267,2.267,0.0,0.0,0,0,
2268,2.2680000000000002,0.0,0.0,0,0,
2269,2.269,0.0,0.0,0,0,
2270,2.27,0.0,0.0,0,0,
2271,2.271,0.0,0.0,0,0,
2272,2.2720000000000002,0.0,0.0,0,0,
2273,2.273,0.0,0.0,0,0,
2274,2.274,0.0,0.0,0,0,
2275,2.275,0.0,0.0,0,0,
2276,2.2760000000000002,0.0,0.0,0,0,
2277,2.277,0.0,0.0,0,0,
2278,2.278,0.0,0.0,0,0,
2279,2.279,0.0,0.0,0,0,
2280,2.2800000000000002,0.0,0.0,0,0,
2281,2.281,0.0,0.0,0,0,
2282,2.282,0.0,0.0,0,0,
2283,2.283,0.0,0.0,0,0,
2284,2.2840000000000003,0.0,0.0,0,0,
2285,2.285,0.0,0.0,0,0,
2286,2.286,0.0,0.0,0,0,
2287,2.287,0.0,0.0,0,0,
2288,2.2880000000000003,0.0,0.0,0,0,
2289,2.289,0.0,0.0,0,0,
2290,2.29,0.0,0.0,0,0,
2291,2.291,0.0,0.0,0,0,
2292,2.2920000000000003,0.0,0.0,0,0,
2293,2.293,0.0,0.0,0,0,
2294,2.294,0.0,0.0,0,0,
2295,2.295,0.0,0.0,0,0,
2296,2.2960000000000003,0.0,0.0,0,0,
2297,2.297,0.0,0.0,0,0,
2298,2.298,0.0,0.0,0,0,
2299,2.299,0.0,0.0,0,0,
2300,2.3000000000000003,0.0,0.0,0,0,7.3
2301,2.301,0.0,0.0,0,0,
2302,2.302,0.0,0.0,0,0,
2303,2.303,0.0,0.0,0,0,
2304,2.3040000000000003,0.0,0.0,0,0,
2305,2.305,0.0,0.0,0,0,
2306,2.306,0.0,0.0,0,0,
2307,2.307,0.0,0.0,0,0,
2308,2.308,0.0,0.0,0,0,
2309,2.309,0.0,0.0,0,0,
2310,2.31,0.0,0.0,0,0,
2311,2.311,0.0,0.0,0,0,
2312,2.312,0.0,0.0,0,0,
2313,2.313,0.0,0.0,0,0,
2314,2.314,0.0,0.0,0,0,
2315,2.315,0.0,0.0,0,0,
2316,2.316,0.0,0.0,0,0,
2317,2.317,0.0,0.0,0,0,
2318,2.318,0.0,0.0,0,0,
2319,2.319,0.0,0.0,0,0,
2320,2.32,0.0,0.0,0,0,
2321,2.321,0.0,0.0,0,0,
2322,2.322,0.0,0.0,0,0,
2323,2.323,0.0,0.0,0,0,
2324,2.324,0.0,0.0,0,0,
2325,2.325,0.0,0.0,0,0,
2326,2.326,0.0,0.0,0,0,
2327,2.327,0.0,0.0,0,0,
2328,2.328,0.0,0.0,0,0,
2329,2.329,0.0,0.0,0,0,
2330,2.33,0.0,0.0,0,0,
2331,2.331,0.0,0.0,0,0,
2332,2.332,0.0,0.0,0,0,
2333,2.333,0.0,0.0,0,0,
2334,2.334,0.0,0.0,0,0,
2335,2.335,0.0,0.0,0,0,
2336,2.336,0.0,0.0,0,0,
2337,2.337,0.0,0.0,0,0,
2338,2.338,0.0,0.0,0,0,
2339,2.339,0.0,0.0,0,0,
2340,2.34,0.0,0.0,0,0,
2341,2.341,0.0,0.0,0,0,
2342,2.342,0.0,0.0,0,0,
2343,2.343,0.0,0.0,0,0,
2344,2.344,0.0,0.0,0,0,
2345,2.345,0.0,0.0,0,0,
2346,2.346,0.0,0.0,0,0,
2347,2.347,0.0,0.0,0,0,
2348,2.348,0.0,0.0,0,0,
2349,2.349,0.0,0.0,0,0,
2350,2.35,0.0,0.0,0,0,
2351,2.351,0.0,0.0,0,0,
2352,2.352,0.0,0.0,0,0,
2353,2.353,0.0,0.0,0,0,
2354,2.354,0.0,0.0,0,0,
2355,2.355,0.0,0.0,0,0,
2356,2.356,0.0,0.0,0,0,
2357,2.357,0.0,0.0,0,0,
2358,2.358,0.0,0.0,0,0,
2359,2.359,0.0,0.0,0,0,
2360,2.36,0.0,0.0,0,0,
2361,2.361,0.0,0.0,0,0,
2362,2.362,0.0,0.0,0,0,
2363,2.363,0.0,0.0,0,0,
2364,2.364,0.0,0.0,0,0,
2365,2.365,0.0,0.0,0,0,
2366,2.366,0.0,0.0,0,0,
2367,2.367,0.0,0.0,0,0,
2368,2.368,0.0,0.0,0,0,
2369,2.369,0.0,0.0,0,0,
2370,2.37,0.0,0.0,0,0,
2371,2.371,0.0,0.0,0,0,
2372,2.372,0.0,0.0,0,0,
2373,2.373,0.0,0.0,0,0,
2374,2.374,0.0,0.0,0,0,
2375,2.375,0.0,0.0,0,0,
2376,2.376,0.0,0.0,0,0,
2377,2.3770000000000002,0.0,0.0,0,0,
2378,2.378,0.0,0.0,0,0,
2379,2.379,0.0,0.0,0,0,
2380,2.38,0.0,0.0,0,0,
2381,2.3810000000000002,0.0,0.0,0,0,
2382,2.382,0.0,0.0,0,0,
2383,2.383,0.0,0.0,0,0,
2384,2.384,0.0,0.0,0,0,
2385,2.3850000000000002,0.0,0.0,0,0,
2386,2.386,0.0,0.0,0,0,
2387,2.387,0.0,0.0,0,0,
2388,2.388,0.0,0.0,0,0,
2389,2.3890000000000002,0.0,0.0,0,0,
2390,2.39,0.0,0.0,0,0,
2391,2.391,0.0,0.0,0,0,
2392,2.392,0.0,0.0,0,0,
2393,2.3930000000000002,0.0,0.0,0,0,
2394,2.394,0.0,0.0,0,0,
2395,2.395,0.0,0.0,0,0,
2396,2.396,0.0,0.0,0,0,
2397,2.3970000000000002,0.0,0.0,0,0,
2398,2.398,0.0,0.0,0,0,
2399,2.399,0.0,0.0,0,0,
2400,2.4,0.0,0.0,0,0,7.3
2401,2.4010000000000002,0.0,0.0,0,0,
2402,2.402,0.0,0.0,0,0,
2403,2.403,0.0,0.0,0,0,
2404,2.404,0.0,0.0,0,0,
2405,2.4050000000000002,0.0,0.0,0,0,
2406,2.406,0.0,0.0,0,0,
2407,2.407,0.0,0.0,0,0,
2408,2.408,0.0,0.0,0,0,
2409,2.4090000000000003,0.0,0.0,0,0,
2410,2.41,0.0,0.0,0,0,
2411,2.411,0.0,0.0,0,0,
2412,2.412,0.0,0.0,0,0,
2413,2.4130000000000003,0.0,0.0,0,0,
2414,2.414,0.0,0.0,0,0,
2415,2.415,0.0,0.0,0,0,
2416,2.416,0.0,0.0,0,0,
2417,2.4170000000000003,0.0,0.0,0,0,
2418,2.418,0.0,0.0,0,0,
2419,2.419,0.0,0.0,0,0,
2420,2.42,0.0,0.0,0,0,
2421,2.4210000000000003,0.0,0.0,0,0,
2422,2.422,0.0,0.0,0,0,
2423,2.423,0.0,0.0,0,0,
2424,2.424,0.0,0.0,0,0,
2425,2.4250000000000003,0.0,0.0,0,0,
2426,2.426,0.0,0.0,0,0,
2427,2.427,0.0,0.0,0,0,
2428,2.428,0.0,0.0,0,0,
2429,2.4290000000000003,0.0,0.0,0,0,
2430,2.43,0.0,0.0,0,0,
2431,2.431,0.0,0.0,0,0,
2432,2.432,0.0,0.0,0,0,
2433,2.433,0.0,0.0,0,0,
2434,2.434,0.0,0.0,0,0,
2435,2.435,0.0,0.0,0,0,
2436,2.436,0.0,0.0,0,0,
2437,2.437,0.0,0.0,0,0,
2438,2.438,0.0,0.0,0,0,
2439,2.439,0.0,0.0,0,0,
2440,2.44,0.0,0.0,0,0,
2441,2.441,0.0,0.0,0,0,
2442,2.442,0.0,0.0,0,0,
2443,2.443,0.0,0.0,0,0,
2444,2.444,0.0,0.0,0,0,
2445,2.445,0.0,0.0,0,0,
2446,2.446,0.0,0.0,0,0,
2447,2.447,0.0,0.0,0,0,
2448,2.448,0.0,0.0,0,0,
2449,2.449,0.0,0.0,0,0,
2450,2.45,0.0,0.0,0,0,
2451,2.451,0.0,0.0,0,0,
2452,2.452,0.0,0.0,0,0,
2453,2.453,0.0,0.0,0,0,
2454,2.454,0.0,0.0,0,0,
2455,2.455,0.0,0.0,0,0,
2456,2.456,0.0,0.0,0,0,
2457,2.457,0.0,0.0,0,0,
2458,2.458,0.0,0.0,0,0,
2459,2.459,0.0,0.0,0,0,
2460,2.46,0.0,0.0,0,0,
2461,2.461,0.0,0.0,0,0,
2462,2.462,0.0,0.0,0,0,
2463,2.463,0.0,0.0,0,0,
2464,2.464,0.0,0.0,0,0,
2465,2.465,0.0,0.0,0,0,
2466,2.466,0.0,0.0,0,0,
2467,2.467,0.0,0.0,0,0,
2468,2.468,0.0,0.0,0,0,
2469,2.469,0.0,0.0,0,0,
2470,2.47,0.0,0.0,0,0,
2471,2.471,0.0,0.0,0,0,
2472,2.472,0.0,0.0,0,0,
2473,2.473,0.0,0.0,0,0,
2474,2.474,0.0,0.0,0,0,
2475,2.475,0.0,0.0,0,0,
2476,2.476,0.0,0.0,0,0,
2477,2.477,0.0,0.0,0,0,
2478,2.478,0.0,0.0,0,0,
2479,2.479,0.0,0.0,0,0,
2480,2.48,0.0,0.0,0,0,
2481,2.481,0.0,0.0,0,0,
2482,2.482,0.0,0.0,0,0,
2483,2.483,0.0,0.0,0,0,
2484,2.484,0.0,0.0,0,0,
2485,2.485,0.0,0.0,0,0,
2486,2.486,0.0,0.0,0,0,
2487,2.487,0.0,0.0,0,0,
2488,2.488,0.0,0.0,0,0,
2489,2.489,0.0,0.0,0,0,
2490,2.49,0.0,0.0,0,0,
2491,2.491,0.0,0.0,0,0,
2492,2.492,0.0,0.0,0,0,
2493,2.493,0.0,0.0,0,0,
2494,2.494,0.0,0.0,0,0,
2495,2.495,0.0,0.0,0,0,
2496,2.496,0.0,0.0,0,0,
2497,2.497,0.0,0.0,0,0,
2498,2.498,0.0,0.0,0,0,
2499,2.499,0.0,0.0,0,0,
2500,2.5,0.0,0.0,0,0,7.3
2501,2.501,0.0,0.0,0,0,
2502,2.5020000000000002,0.0,0.0,0,0,
2503,2.503,0.0,0.0,0,0,
2504,2.504,0.0,0.0,0,0,
2505,2.505,0.0,0.0,0,0,
2506,2.5060000000000002,0.0,0.0,0,0,
2507,2.507,0.0,0.0,0,0,
2508,2.508,0.0,0.0,0,0,
2509,2.509,0.0,0.0,0,0,
2510,2.5100000000000002,0.0,0.0,0,0,
2511,2.511,0.0,0.0,0,0,
2512,2.512,0.0,0.0,0,0,
2513,2.513,0.0,0.0,0,0,
2514,2.5140000000000002,0.0,0.0,0,0,
2515,2.515,0.0,0.0,0,0,
2516,2.516,0.0,0.0,0,0,
2517,2.517,0.0,0.0,0,0,
2518,2.5180000000000002,0.0,0.0,0,0,
2519,2.519,0.0,0.0,0,0,
2520,2.52,0.0,0.0,0,0,
2521,2.521,0.0,0.0,0,0,
2522,2.5220000000000002,0.0,0.0,0,0,
2523,2.523,0.0,0.0,0,0,
2524,2.524,0.0,0.0,0,0,
2525,2.525,0.0,0.0,0,0,
2526,2.5260000000000002,0.0,0.0,0,0,
2527,2.527,0.0,0.0,0,0,
2528,2.528,0.0,0.0,0,0,
2529,2.529,0.0,0.0,0,0,
2530,2.5300000000000002,0.0,0.0,0,0,
2531,2.531,0.0,0.0,0,0,
2532,2.532,0.0,0.0,0,0,
2533,2.533,0.0,0.0,0,0,
2534,2.5340000000000003,0.0,0.0,0,0,
2535,2.535,0.0,0.0,0,0,
2536,2.536,0.0,0.0,0,0,
2537,2.537,0.0,0.0,0,0,
2538,2.5380000000000003,0.0,0.0,0,0,
2539,2.539,0.0,0.0,0,0,
2540,2.54,0.0,0.0,0,0,
2541,2.541,0.0,0.0,0,0,
2542,2.5420000000000003,0.0,0.0,0,0,
2543,2.543,0.0,0.0,0,0,
2544,2.544,0.0,0.0,0,0,
2545,2.545,0.0,0.0,0,0,
2546,2.5460000000000003,0.0,0.0,0,0,
2547,2.547,0.0,0.0,0,0,
2548,2.548,0.0,0.0,0,0,
2549,2.549,0.0,0.0,0,0,
2550,2.5500000000000003,0.0,0.0,0,0,
2551,2.551,0.0,0.0,0,0,
2552,2.552,0.0,0.0,0,0,
2553,2.553,0.0,0.0,0,0,
2554,2.5540000000000003,0.0,0.0,0,0,
2555,2.555,0.0,0.0,0,0,
2556,2.556,0.0,0.0,0,0,
2557,2.557,0.0,0.0,0,0,
2558,2.5580000000000003,0.0,0.0,0,0,
2559,2.559,0.0,0.0,0,0,
2560,2.56,0.0,0.0,0,0,
2561,2.561,0.0,0.0,0,0,
2562,2.562,0.0,0.0,0,0,
2563,2.563,0.0,0.0,0,0,
2564,2.564,0.0,0.0,0,0,
2565,2.565,0.0,0.0,0,0,
2566,2.566,0.0,0.0,0,0,
2567,2.567,0.0,0.0,0,0,
2568,2.568,0.0,0.0,0,0,
2569,2.569,0.0,0.0,0,0,
2570,2.57,0.0,0.0,0,0,
2571,2.571,0.0,0.0,0,0,
2572,2.572,0.0,0.0,0,0,
2573,2.573,0.0,0.0,0,0,
2574,2.574,0.0,0.0,0,0,
2575,2.575,0.0,0.0,0,0,
2576,2.576,0.0,0.0,0,0,
2577,2.577,0.0,0.0,0,0,
2578,2.578,0.0,0.0,0,0,
2579,2.579,0.0,0.0,0,0,
2580,2.58,0.0,0.0,0,0,
2581,2.581,0.0,0.0,0,0,
2582,2.582,0.0,0.0,0,0,
2583,2.583,0.0,0.0,0,0,
2584,2.584,0.0,0.0,0,0,
2585,2.585,0.0,0.0,0,0,
2586,2.586,0.0,0.0,0,0,
2587,2.587,0.0,0.0,0,0,
2588,2.588,0.0,0.0,0,0,
2589,2.589,0.0,0.0,0,0,
2590,2.59,0.0,0.0,0,0,
2591,2.591,0.0,0.0,0,0,
2592,2.592,0.0,0.0,0,0,
2593,2.593,0.0,0.0,0,0,
2594,2.594,0.0,0.0,0,0,
2595,2.595,0.0,0.0,0,0,
2596,2.596,0.0,0.0,0,0,
2597,2.597,0.0,0.0,0,0,
2598,2.598,0.0,0.0,0,0,
2599,2.599,0.0,0.0,0,0,
2600,2.6,0.0,0.0,0,0,7.3
2601,2.601,0.0,0.0,0,0,
2602,2.602,0.0,0.0,0,0,
2603,2.603,0.0,0.0,0,0,
2604,2.604,0.0,0.0,0,0,
2605,2.605,0.0,0.0,0,0,
2606,2.606,0.0,0.0,0,0,
2607,2.607,0.0,0.0,0,0,
2608,2.608,0.0,0.0,0,0,
2609,2.609,0.0,0.0,0,0,
2610,2.61,0.0,0.0,0,0,
2611,2.611,0.0,0.0,0,0,
2612,2.612,0.0,0.0,0,0,
2613,2.613,0.0,0.0,0,0,
2614,2.614,0.0,0.0,0,0,
2615,2.615,0.0,0.0,0,0,
2616,2.616,0.0,0.0,0,0,
2617,2.617,0.0,0.0,0,0,
2618,2.618,0.0,0.0,0,0,
2619,2.619,0.0,0.0,0,0,
2620,2.62,0.0,0.0,0,0,
2621,2.621,0.0,0.0,0,0,
2622,2.622,0.0,0.0,0,0,
2623,2.623,0.0,0.0,0,0,
2624,2.624,0.0,0.0,0,0,
2625,2.625,0.0,0.0,0,0,
2626,2.626,0.0,0.0,0,0,
2627,2.6270000000000002,0.0,0.0,0,0,
2628,2.628,0.0,0.0,0,0,
2629,2.629,0.0,0.0,0,0,
2630,2.63,0.0,0.0,0,0,
2631,2.6310000000000002,0.0,0.0,0,0,
2632,2.632,0.0,0.0,0,0,
2633,2.633,0.0,0.0,0,0,
2634,2.634,0.0,0.0,0,0,
2635,2.6350000000000002,0.0,0.0,0,0,
2636,2.636,0.0,0.0,0,0,
2637,2.637,0.0,0.0,0,0,
2638,2.638,0.0,0.0,0,0,
2639,2.6390000000000002,0.0,0.0,0,0,
2640,2.64,0.0,0.0,0,0,
2641,2.641,0.0,0.0,0,0,
2642,2.642,0.0,0.0,0,0,
2643,2.6430000000000002,0.0,0.0,0,0,
2644,2.644,0.0,0.0,0,0,
2645,2.645,0.0,0.0,0,0,
2646,2.646,0.0,0.0,0,0,
2647,2.6470000000000002,0.0,0.0,0,0,
2648,2.648,0.0,0.0,0,0,
2649,2.649,0.0,0.0,0,0,
2650,2.65,0.0,0.0,0,0,
2651,2.6510000000000002,0.0,0.0,0,0,
2652,2.652,0.0,0.0,0,0,
2653,2.653,0.0,0.0,0,0,
2654,2.654,0.0,0.0,0,0,
2655,2.6550000000000002,0.0,0.0,0,0,
2656,2.656,0.0,0.0,0,0,
2657,2.657,0.0,0.0,0,0,
2658,2.658,0.0,0.0,0,0,
2659,2.6590000000000003,0.0,0.0,0,0,
2660,2.66,0.0,0.0,0,0,
2661,2.661,0.0,0.0,0,0,
2662,2.662,0.0,0.0,0,0,
2663,2.6630000000000003,0.0,0.0,0,0,
2664,2.664,0.0,0.0,0,0,
2665,2.665,0.0,0.0,0,0,
2666,2.666,0.0,0.0,0,0,
2667,2.6670000000000003,0.0,0.0,0,0,
2668,2.668,0.0,0.0,0,0,
2669,2.669,0.0,0.0,0,0,
2670,2.67,0.0,0.0,0,0,
2671,2.6710000000000003,0.0,0.0,0,0,
2672,2.672,0.0,0.0,0,0,
2673,2.673,0.0,0.0,0,0,
2674,2.674,0.0,0.0,0,0,
2675,2.6750000000000003,0.0,0.0,0,0,
2676,2.676,0.0,0.0,0,0,
2677,2.677,0.0,0.0,0,0,
2678,2.678,0.0,0.0,0,0,
2679,2.6790000000000003,0.0,0.0,0,0,
2680,2.68,0.0,0.0,0,0,
2681,2.681,0.0,0.0,0,0,
2682,2.682,0.0,0.0,0,0,
2683,2.6830000000000003,0.0,0.0,0,0,
2684,2.684,0.0,0.0,0,0,
2685,2.685,0.0,0.0,0,0,
2686,2.686,0.0,0.0,0,0,
2687,2.6870000000000003,0.0,0.0,0,0,
2688,2.688,0.0,0.0,0,0,
2689,2.689,0.0,0.0,0,0,
2690,2.69,0.0,0.0,0,0,
2691,2.691,0.0,0.0,0,0,
2692,2.692,0.0,0.0,0,0,
2693,2.693,0.0,0.0,0,0,
2694,2.694,0.0,0.0,0,0,
2695,2.695,0.0,0.0,0,0,
2696,2.696,0.0,0.0,0,0,
2697,2.697,0.0,0.0,0,0,
2698,2.698,0.0,0.0,0,0,
2699,2.699,0.0,0.0,0,0,
2700,2.7,0.0,0.0,0,0,7.3
2701,2.701,0.0,0.0,0,0,
2702,2.702,0.0,0.0,0,0,
2703,2.703,0.0,0.0,0,0,
2704,2.704,0.0,0.0,0,0,
2705,2.705,0.0,0.0,0,0,
2706,2.706,0.0,0.0,0,0,
2707,2.707,0.0,0.0,0,0,
2708,2.708,0.0,0.0,0,0,
2709,2.709,0.0,0.0,0,0,
2710,2.71,0.0,0.0,0,0,
2711,2.711,0.0,0.0,0,0,
2712,2.712,0.0,0.0,0,0,
2713,2.713,0.0,0.0,0,0,
2714,2.714,0.0,0.0,0,0,
2715,2.715,0.0,0.0,0,0,
2716,2.716,0.0,0.0,0,0,
2717,2.717,0.0,0.0,0,0,
2718,2.718,0.0,0.0,0,0,
2719,2.719,0.0,0.0,0,0,
2720,2.72,0.0,0.0,0,0,
2721,2.721,0.0,0.0,0,0,
2722,2.722,0.0,0.0,0,0,
2723,2.723,0.0,0.0,0,0,
2724,2.724,0.0,0.0,0,0,
2725,2.725,0.0,0.0,0,0,
2726,2.726,0.0,0.0,0,0,
2727,2.727,0.0,0.0,0,0,
2728,2.728,0.0,0.0,0,0,
2729,2.729,0.0,0.0,0,0,
2730,2.73,0.0,0.0,0,0,
2731,2.731,0.0,0.0,0,0,
2732,2.732,0.0,0.0,0,0,
2733,2.733,0.0,0.0,0,0,
2734,2.734,0.0,0.0,0,0,
2735,2.735,0.0,0.0,0,0,
2736,2.736,0.0,0.0,0,0,
2737,2.737,0.0,0.0,0,0,
2738,2.738,0.0,0.0,0,0,
2739,2.739,0.0,0.0,0,0,
2740,2.74,0.0,0.0,0,0,
2741,2.741,0.0,0.0,0,0,
2742,2.742,0.0,0.0,0,0,
2743,2.743,0.0,0.0,0,0,
2744,2.744,0.0,0.0,0,0,
2745,2.745,0.0,0.0,0,0,
2746,2.746,0.0,0.0,0,0,
2747,2.747,0.0,0.0,0,0,
2748,2.748,0.0,0.0,0,0,
2749,2.749,0.0,0.0,0,0,
2750,2.75,0.0,0.0,0,0,
2751,2.751,0.0,0.0,0,0,
2752,2.7520000000000002,0.0,0.0,0,0,
2753,2.753,0.0,0.0,0,0,
2754,2.754,0.0,0.0,0,0,
2755,2.755,0.0,0.0,0,0,
2756,2.7560000000000002,0.0,0.0,0,0,
2757,2.757,0.0,0.0,0,0,
2758,2.758,0.0,0.0,0,0,
2759,2.759,0.0,0.0,0,0,
2760,2.7600000000000002,0.0,0.0,0,0,
2761,2.761,0.0,0.0,0,0,
2762,2.762,0.0,0.0,0,0,
2763,2.763,0.0,0.0,0,0,
2764,2.7640000000000002,0.0,0.0,0,0,
2765,2.765,0.0,0.0,0,0,
2766,2.766,0.0,0.0,0,0,
2767,2.767,0.0,0.0,0,0,
2768,2.7680000000000002,0.0,0.0,0,0,
2769,2.769,0.0,0.0,0,0,
2770,2.77,0.0,0.0,0,0,
2771,2.771,0.0,0.0,0,0,
2772,2.7720000000000002,0.0,0.0,0,0,
2773,2.773,0.0,0.0,0,0,
2774,2.774,0.0,0.0,0,0,
2775,2.775,0.0,0.0,0,0,
2776,2.7760000000000002,0.0,0.0,0,0,
2777,2.777,0.0,0.0,0,0,
2778,2.778,0.0,0.0,0,0,
2779,2.779,0.0,0.0,0,0,
2780,2.7800000000000002,0.0,0.0,0,0,
2781,2.781,0.0,0.0,0,0,
2782,2.782,0.0,0.0,0,0,
2783,2.783,0.0,0.0,0,0,
2784,2.7840000000000003,0.0,0.0,0,0,
2785,2.785,0.0,0.0,0,0,
2786,2.786,0.0,0.0,0,0,
2787,2.787,0.0,0.0,0,0,
2788,2.7880000000000003,0.0,0.0,0,0,
2789,2.789,0.0,0.0,0,0,
2790,2.79,0.0,0.0,0,0,
2791,2.791,0.0,0.0,0,0,
2792,2.7920000000000003,0.0,0.0,0,0,
2793,2.793,0.0,0.0,0,0,
2794,2.794,0.0,0.0,0,0,
2795,2.795,0.0,0.0,0,0,
2796,2.7960000000000003,0.0,0.0,0,0,
2797,2.797,0.0,0.0,0,0,
2798,2.798,0.0,0.0,0,0,
2799,2.799,0.0,0.0,0,0,
2800,2.8000000000000003,0.0,0.0,0,0,7.296785265192678
2801,2.801,0.0,0.0,0,0,
2802,2.802,0.0,0.0,0,0,
2803,2.803,0.0,0.0,0,0,
2804,2.8040000000000003,0.0,0.0,0,0,
2805,2.805,0.0,0.0,0,0,
2806,2.806,0.0,0.0,0,0,
2807,2.807,0.0,0.0,0,0,
2808,2.8080000000000003,0.0,0.0,0,0,
2809,2.809,0.0,0.0,0,0,
2810,2.81,0.0,0.0,0,0,
2811,2.811,0.0,0.0,0,0,
2812,2.8120000000000003,0.0,0.0,0,0,
2813,2.813,0.0,0.0,0,0,
2814,2.814,0.0,0.0,0,0,
2815,2.815,0.0,0.0,0,0,
2816,2.816,0.0,0.0,0,0,
2817,2.817,0.0,0.0,0,0,
2818,2.818,0.0,0.0,0,0,
2819,2.819,0.0,0.0,0,0,
2820,2.82,0.0,0.0,0,0,
2821,2.821,0.0,0.0,0,0,
2822,2.822,0.0,0.0,0,0,
2823,2.823,0.0,0.0,0,0,
2824,2.824,0.0,0.0,0,0,
2825,2.825,0.0,0.0,0,0,
2826,2.826,0.0,0.0,0,0,
2827,2.827,0.0,0.0,0,0,
2828,2.828,0.0,0.0,0,0,
2829,2.829,0.0,0.0,0,0,
2830,2.83,0.0,0.0,0,0,
2831,2.831,0.0,0.0,0,0,
2832,2.832,0.0,0.0,0,0,
2833,2.833,0.0,0.0,0,0,
2834,2.834,0.0,0.0,0,0,
2835,2.835,0.0,0.0,0,0,
2836,2.836,0.0,0.0,0,0,
2837,2.837,0.0,0.0,0,0,
2838,2.838,0.0,0.0,0,0,
2839,2.839,0.0,0.0,0,0,
2840,2.84,0.0,0.0,0,0,
2841,2.841,0.0,0.0,0,0,
2842,2.842,0.0,0.0,0,0,
2843,2.843,0.0,0.0,0,0,
2844,2.844,0.0,0.0,0,0,
2845,2.845,0.0,0.0,0,0,
2846,2.846,0.0,0.0,0,0,
2847,2.847,0.0,0.0,0,0,
2848,2.848,0.0,0.0,0,0,
2849,2.849,0.0,0.0,0,0,
2850,2.85,0.0,0.0,0,0,
2851,2.851,0.0,0.0,0,0,
2852,2.852,0.0,0.0,0,0,
2853,2.853,0.0,0.0,0,0,
2854,2.854,0.0,0.0,0,0,
2855,2.855,0.0,0.0,0,0,
2856,2.856,0.0,0.0,0,0,
2857,2.857,0.0,0.0,0,0,
2858,2.858,0.0,0.0,0,0,
2859,2.859,0.0,0.0,0,0,
2860,2.86,0.0,0.0,0,0,
2861,2.861,0.0,0.0,0,0,
2862,2.862,0.0,0.0,0,0,
2863,2.863,0.0,0.0,0,0,
2864,2.864,0.0,0.0,0,0,
2865,2.865,0.0,0.0,0,0,
2866,2.866,0.0,0.0,0,0,
2867,2.867,0.0,0.0,0,0,
2868,2.868,0.0,0.0,0,0,
2869,2.869,0.0,0.0,0,0,
2870,2.87,0.0,0.0,0,0,
2871,2.871,0.0,0.0,0,0,
2872,2.872,0.0,0.0,0,0,
2873,2.873,0.0,0.0,0,0,
2874,2.874,0.0,0.0,0,0,
2875,2.875,0.0,0.0,0,0,
2876,2.876,0.0,0.0,0,0,
2877,2.8770000000000002,0.0,0.0,0,0,
2878,2.878,0.0,0.0,0,0,
2879,2.879,0.0,0.0,0,0,
2880,2.88,0.0,0.0,0,0,
2881,2.8810000000000002,0.0,0.0,0,0,
2882,2.882,0.0,0.0,0,0,
2883,2.883,0.0,0.0,0,0,
2884,2.884,0.0,0.0,0,0,
2885,2.8850000000000002,0.0,0.0,0,0,
2886,2.886,0.0,0.0,0,0,
2887,2.887,0.0,0.0,0,0,
2888,2.888,0.0,0.0,0,0,
2889,2.8890000000000002,0.0,0.0,0,0,
2890,2.89,0.0,0.0,0,0,
2891,2.891,0.0,0.0,0,0,
2892,2.892,0.0,0.0,0,0,
2893,2.8930000000000002,0.0,0.0,0,0,
2894,2.894,0.0,0.0,0,0,
2895,2.895,0.0,0.0,0,0,
2896,2.896,0.0,0.0,0,0,
2897,2.8970000000000002,0.0,0.0,0,0,
2898,2.898,0.0,0.0,0,0,
2899,2.899,0.0,0.0,0,0,
2900,2.9,0.0,0.0,0,0,7.133135822754618
2901,2.9010000000000002,0.0,0.0,0,0,
2902,2.902,0.0,0.0,0,0,
2903,2.903,0.0,0.0,0,0,
2904,2.904,0.0,0.0,0,0,
2905,2.9050000000000002,0.0,0.0,0,0,
2906,2.906,0.0,0.0,0,0,
2907,2.907,0.0,0.0,0,0,
2908,2.908,0.0,0.0,0,0,
2909,2.9090000000000003,0.0,0.0,0,0,
2910,2.91,0.0,0.0,0,0,
2911,2.911,0.0,0.0,0,0,
2912,2.912,0.0,0.0,0,0,
2913,2.9130000000000003,0.0,0.0,0,0,
2914,2.914,0.0,0.0,0,0,
2915,2.915,0.0,0.0,0,0,
2916,2.916,0.0,0.0,0,0,
2917,2.9170000000000003,0.0,0.0,0,0,
2918,2.918,0.0,0.0,0,0,
2919,2.919,0.0,0.0,0,0,
2920,2.92,0.0,0.0,0,0,
2921,2.9210000000000003,0.0,0.0,0,0,
2922,2.922,0.0,0.0,0,0,
2923,2.923,0.0,0.0,0,0,
2924,2.924,0.0,0.0,0,0,
2925,2.9250000000000003,0.0,0.0,0,0,
2926,2.926,0.0,0.0,0,0,
2927,2.927,0.0,0.0,0,0,
2928,2.928,0.0,0.0,0,0,
2929,2.9290000000000003,0.0,0.0,0,0,
2930,2.93,0.0,0.0,0,0,
2931,2.931,0.0,0.0,0,0,
2932,2.932,0.0,0.0,0,0,
2933,2.9330000000000003,0.0,0.0,0,0,
2934,2.934,0.0,0.0,0,0,
2935,2.935,0.0,0.0,0,0,
2936,2.936,0.0,0.0,0,0,
2937,2.9370000000000003,0.0,0.0,0,0,
2938,2.938,0.0,0.0,0,0,
2939,2.939,0.0,0.0,0,0,
2940,2.94,0.0,0.0,0,0,
2941,2.9410000000000003,0.0,0.0,0,0,
2942,2.942,0.0,0.0,0,0,
2943,2.943,0.0,0.0,0,0,
2944,2.944,0.0,0.0,0,0,
2945,2.945,0.0,0.0,0,0,
2946,2.946,0.0,0.0,0,0,
2947,2.947,0.0,0.0,0,0,
2948,2.948,0.0,0.0,0,0,
2949,2.949,0.0,0.0,0,0,
2950,2.95,0.0,0.0,0,0,
2951,2.951,0.0,0.0,0,0,
2952,2.952,0.0,0.0,0,0,
2953,2.953,0.0,0.0,0,0,
2954,2.954,0.0,0.0,0,0,
2955,2.955,0.0,0.0,0,0,
2956,2.956,0.0,0.0,0,0,
2957,2.957,0.0,0.0,0,0,
2958,2.958,0.0,0.0,0,0,
2959,2.959,0.0,0.0,0,0,
2960,2.96,0.0,0.0,0,0,
2961,2.961,0.0,0.0,0,0,
2962,2.962,0.0,0.0,0,0,
2963,2.963,0.0,0.0,0,0,
2964,2.964,0.0,0.0,0,0,
2965,2.965,0.0,0.0,0,0,
2966,2.966,0.0,0.0,0,0,
2967,2.967,0.0,0.0,0,0,
2968,2.968,0.0,0.0,0,0,
2969,2.969,0.0,0.0,0,0,
2970,2.97,0.0,0.0,0,0,
2971,2.971,0.0,0.0,0,0,
2972,2.972,0.0,0.0,0,0,
2973,2.973,0.0,0.0,0,0,
2974,2.974,0.0,0.0,0,0,
2975,2.975,0.0,0.0,0,0,
2976,2.976,0.0,0.0,0,0,
2977,2.977,0.0,0.0,0,0,
2978,2.978,0.0,0.0,0,0,
2979,2.979,0.0,0.0,0,0,
2980,2.98,0.0,0.0,0,0,
2981,2.981,0.0,0.0,0,0,
2982,2.982,0.0,0.0,0,0,
2983,2.983,0.0,0.0,0,0,
2984,2.984,0.0,0.0,0,0,
2985,2.985,0.0,0.0,0,0,
2986,2.986,0.0,0.0,0,0,
2987,2.987,0.0,0.0,0,0,
2988,2.988,0.0,0.0,0,0,
2989,2.989,0.0,0.0,0,0,
2990,2.99,0.0,0.0,0,0,
2991,2.991,0.0,0.0,0,0,
2992,2.992,0.0,0.0,0,0,
2993,2.993,0.0,0.0,0,0,
2994,2.994,0.0,0.0,0,0,
2995,2.995,0.0,0.0,0,0,
2996,2.996,0.0,0.0,0,0,
2997,2.997,0.0,0.0,0,0,
2998,2.998,0.0,0.0,0,0,
2999,2.999,0.0,0.0,0,0,
3000,3.0,0.0,0.0,0,0,6.721221557719974
3001,3.001,0.0,0.0,0,0,
3002,3.0020000000000002,0.0,0.0,0,0,
3003,3.003,0.0,0.0,0,0,
3004,3.004,0.0,0.0,0,0,
3005,3.005,0.0,0.0,0,0,
3006,3.0060000000000002,0.0,0.0,0,0,
3007,3.007,0.0,0.0,0,0,
3008,3.008,0.0,0.0,0,0,
3009,3.009,0.0,0.0,0,0,
3010,3.0100000000000002,0.0,0.0,0,0,
3011,3.011,0.0,0.0,0,0,
3012,3.012,0.0,0.0,0,0,
3013,3.013,0.0,0.0,0,0,
3014,3.0140000000000002,0.0,0.0,0,0,
3015,3.015,0.0,0.0,0,0,
3016,3.016,0.0,0.0,0,0,
3017,3.017,0.0,0.0,0,0,
3018,3.0180000000000002,0.0,0.0,0,0,
3019,3.019,0.0,0.0,0,0,
3020,3.02,0.0,0.0,0,0,
3021,3.021,0.0,0.0,0,0,
3022,3.0220000000000002,0.0,0.0,0,0,
3023,3.023,0.0,0.0,0,0,
3024,3.024,0.0,0.0,0,0,
3025,3.025,0.0,0.0,0,0,
3026,3.0260000000000002,0.0,0.0,0,0,
3027,3.027,0.0,0.0,0,0,
3028,3.028,0.0,0.0,0,0,
3029,3.029,0.0,0.0,0,0,
3030,3.0300000000000002,0.0,0.0,0,0,
3031,3.031,0.0,0.0,0,0,
3032,3.032,0.0,0.0,0,0,
3033,3.033,0.0,0.0,0,0,
3034,3.0340000000000003,0.0,0.0,0,0,
3035,3.035,0.0,0.0,0,0,
3036,3.036,0.0,0.0,0,0,
3037,3.037,0.0,0.0,0,0,
3038,3.0380000000000003,0.0,0.0,0,0,
3039,3.039,0.0,0.0,0,0,
3040,3.04,0.0,0.0,0,0,
3041,3.041,0.0,0.0,0,0,
3042,3.0420000000000003,0.0,0.0,0,0,
3043,3.043,0.0,0.0,0,0,
3044,3.044,0.0,0.0,0,0,
3045,3.045,0.0,0.0,0,0,
3046,3.0460000000000003,0.0,0.0,0,0,
3047,3.047,0.0,0.0,0,0,
3048,3.048,0.0,0.0,0,0,
3049,3.049,0.0,0.0,0,0,
3050,3.0500000000000003,0.0,0.0,0,0,
3051,3.051,0.0,0.0,0,0,
3052,3.052,0.0,0.0,0,0,
3053,3.053,0.0,0.0,0,0,
3054,3.0540000000000003,0.0,0.0,0,0,
3055,3.055,0.0,0.0,0,0,
3056,3.056,0.0,0.0,0,0,
3057,3.057,0.0,0.0,0,0,
3058,3.0580000000000003,0.0,0.0,0,0,
3059,3.059,0.0,0.0,0,0,
3060,3.06,0.0,0.0,0,0,
3061,3.061,0.0,0.0,0,0,
3062,3.0620000000000003,0.0,0.0,0,0,
3063,3.063,0.0,0.0,0,0,
3064,3.064,0.0,0.0,0,0,
3065,3.065,0.0,0.0,0,0,
3066,3.0660000000000003,0.0,0.0,0,0,
3067,3.067,0.0,0.0,0,0,
3068,3.068,0.0,0.0,0,0,
3069,3.069,0.0,0.0,0,0,
3070,3.0700000000000003,0.0,0.0,0,0,
3071,3.071,0.0,0.0,0,0,
3072,3.072,0.0,0.0,0,0,
3073,3.073,0.0,0.0,0,0,
3074,3.074,0.0,0.0,0,0,
3075,3.075,0.0,0.0,0,0,
3076,3.076,0.0,0.0,0,0,
3077,3.077,0.0,0.0,0,0,
3078,3.078,0.0,0.0,0,0,
3079,3.079,0.0,0.0,0,0,
3080,3.08,0.0,0.0,0,0,
3081,3.081,0.0,0.0,0,0,
3082,3.082,0.0,0.0,0,0,
3083,3.083,0.0,0.0,0,0,
3084,3.084,0.0,0.0,0,0,
3085,3.085,0.0,0.0,0,0,
3086,3.086,0.0,0.0,0,0,
3087,3.087,0.0,0.0,0,0,
3088,3.088,0.0,0.0,0,0,
3089,3.089,0.0,0.0,0,0,
3090,3.09,0.0,0.0,0,0,
3091,3.091,0.0,0.0,0,0,
3092,3.092,0.0,0.0,0,0,
3093,3.093,0.0,0.0,0,0,
3094,3.094,0.0,0.0,0,0,
3095,3.095,0.0,0.0,0,0,
3096,3.096,0.0,0.0,0,0,
3097,3.097,0.0,0.0,0,0,
3098,3.098,0.0,0.0,0,0,
3099,3.099,0.0,0.0,0,0,
3100,3.1,0.0,0.0,0,0,6.35
3101,3.101,0.0,0.0,0,0,
3102,3.102,0.0,0.0,0,0,
3103,3.103,0.0,0.0,0,0,
3104,3.104,0.0,0.0,0,0,
3105,3.105,0.0,0.0,0,0,
3106,3.106,0.0,0.0,0,0,
3107,3.107,0.0,0.0,0,0,
3108,3.108,0.0,0.0,0,0,
3109,3.109,0.0,0.0,0,0,
3110,3.11,0.0,0.0,0,0,
3111,3.111,0.0,0.0,0,0,
3112,3.112,0.0,0.0,0,0,
3113,3.113,0.0,0.0,0,0,
3114,3.114,0.0,0.0,0,0,
3115,3.115,0.0,0.0,0,0,
3116,3.116,0.0,0.0,0,0,
3117,3.117,0.0,0.0,0,0,
3118,3.118,0.0,0.0,0,0,
3119,3.119,0.0,0.0,0,0,
3120,3.12,0.0,0.0,0,0,
3121,3.121,0.0,0.0,0,0,
3122,3.122,0.0,0.0,0,0,
3123,3.123,0.0,0.0,0,0,
3124,3.124,0.0,0.0,0,0,
3125,3.125,0.0,0.0,0,0,
3126,3.126,0.0,0.0,0,0,
3127,3.1270000000000002,0.0,0.0,0,0,
3128,3.128,0.0,0.0,0,0,
3129,3.129,0.0,0.0,0,0,
3130,3.13,0.0,0.0,0,0,
3131,3.1310000000000002,0.0,0.0,0,0,
3132,3.132,0.0,0.0,0,0,
3133,3.133,0.0,0.0,0,0,
3134,3.134,0.0,0.0,0,0,
3135,3.1350000000000002,0.0,0.0,0,0,
3136,3.136,0.0,0.0,0,0,
3137,3.137,0.0,0.0,0,0,
3138,3.138,0.0,0.0,0,0,
3139,3.1390000000000002,0.0,0.0,0,0,
3140,3.14,0.0,0.0,0,0,
3141,3.141,0.0,0.0,0,0,
3142,3.142,0.0,0.0,0,0,
3143,3.1430000000000002,0.0,0.0,0,0,
3144,3.144,0.0,0.0,0,0,
3145,3.145,0.0,0.0,0,0,
3146,3.146,0.0,0.0,0,0,
3147,3.1470000000000002,0.0,0.0,0,0,
3148,3.148,0.0,0.0,0,0,
3149,3.149,0.0,0.0,0,0,
3150,3.15,0.0,0.0,0,0,
3151,3.1510000000000002,0.0,0.0,0,0,
3152,3.152,0.0,0.0,0,0,
3153,3.153,0.0,0.0,0,0,
3154,3.154,0.0,0.0,0,0,
3155,3.1550000000000002,0.0,0.0,0,0,
3156,3.156,0.0,0.0,0,0,
3157,3.157,0.0,0.0,0,0,
3158,3.158,0.0,0.0,0,0,
3159,3.1590000000000003,0.0,0.0,0,0,
3160,3.16,0.0,0.0,0,0,
3161,3.161,0.0,0.0,0,0,
3162,3.162,0.0,0.0,0,0,
3163,3.1630000000000003,0.0,0.0,0,0,
3164,3.164,0.0,0.0,0,0,
3165,3.165,0.0,0.0,0,0,
3166,3.166,0.0,0.0,0,0,
3167,3.1670000000000003,0.0,0.0,0,0,
3168,3.168,0.0,0.0,0,0,
3169,3.169,0.0,0.0,0,0,
3170,3.17,0.0,0.0,0,0,
3171,3.1710000000000003,0.0,0.0,0,0,
3172,3.172,0.0,0.0,0,0,
3173,3.173,0.0,0.0,0,0,
3174,3.174,0.0,0.0,0,0,
3175,3.1750000000000003,0.0,0.0,0,0,
3176,3.176,0.0,0.0,0,0,
3177,3.177,0.0,0.0,0,0,
3178,3.178,0.0,0.0,0,0,
3179,3.1790000000000003,0.0,0.0,0,0,
3180,3.18,0.0,0.0,0,0,
3181,3.181,0.0,0.0,0,0,
3182,3.182,0.0,0.0,0,0,
3183,3.1830000000000003,0.0,0.0,0,0,
3184,3.184,0.0,0.0,0,0,
3185,3.185,0.0,0.0,0,0,
3186,3.186,0.0,0.0,0,0,
3187,3.1870000000000003,0.0,0.0,0,0,
3188,3.188,0.0,0.0,0,0,
3189,3.189,0.0,0.0,0,0,
3190,3.19,0.0,0.0,0,0,
3191,3.1910000000000003,0.0,0.0,0,0,
3192,3.192,0.0,0.0,0,0,
3193,3.193,0.0,0.0,0,0,
3194,3.194,0.0,0.0,0,0,
3195,3.1950000000000003,0.0,0.0,0,0,
3196,3.196,0.0,0.0,0,0,
3197,3.197,0.0,0.0,0,0,
3198,3.198,0.0,0.0,0,0,
3199,3.1990000000000003,0.0,0.0,0,0,
3200,3.2,0.0,0.0,0,0,6.35
3201,3.201,0.0,0.0,0,0,
3202,3.202,0.0,0.0,0,0,
3203,3.203,0.0,0.0,0,0,
3204,3.204,0.0,0.0,0,0,
3205,3.205,0.0,0.0,0,0,
3206,3.206,0.0,0.0,0,0,
3207,3.207,0.0,0.0,0,0,
3208,3.208,0.0,0.0,0,0,
3209,3.209,0.0,0.0,0,0,
3210,3.21,0.0,0.0,0,0,
3211,3.211,0.0,0.0,0,0,
3212,3.212,0.0,0.0,0,0,
3213,3.213,0.0,0.0,0,0,
3214,3.214,0.0,0.0,0,0,
3215,3.215,0.0,0.0,0,0,
3216,3.216,0.0,0.0,0,0,
3217,3.217,0.0,0.0,0,0,
3218,3.218,0.0,0.0,0,0,
3219,3.219,0.0,0.0,0,0,
3220,3.22,0.0,0.0,0,0,
3221,3.221,0.0,0.0,0,0,
3222,3.222,0.0,0.0,0,0,
3223,3.223,0.0,0.0,0,0,
3224,3.224,0.0,0.0,0,0,
3225,3.225,0.0,0.0,0,0,
3226,3.226,0.0,0.0,0,0,
3227,3.227,0.0,0.0,0,0,
3228,3.228,0.0,0.0,0,0,
3229,3.229,0.0,0.0,0,0,
3230,3.23,0.0,0.0,0,0,
3231,3.231,0.0,0.0,0,0,
3232,3.232,0.0,0.0,0,0,
3233,3.233,0.0,0.0,0,0,
3234,3.234,0.0,0.0,0,0,
3235,3.235,0.0,0.0,0,0,
3236,3.236,0.0,0.0,0,0,
3237,3.237,0.0,0.0,0,0,
3238,3.238,0.0,0.0,0,0,
3239,3.239,0.0,0.0,0,0,
3240,3.24,0.0,0.0,0,0,
3241,3.241,0.0,0.0,0,0,
3242,3.242,0.0,0.0,0,0,
3243,3.243,0.0,0.0,0,0,
3244,3.244,0.0,0.0,0,0,
3245,3.245,0.0,0.0,0,0,
3246,3.246,0.0,0.0,0,0,
3247,3.247,0.0,0.0,0,0,
3248,3.248,0.0,0.0,0,0,
3249,3.249,0.0,0.0,0,0,
3250,3.25,0.0,0.0,0,0,
3251,3.251,0.0,0.0,0,0,
3252,3.2520000000000002,0.0,0.0,0,0,
3253,3.253,0.0,0.0,0,0,
3254,3.254,0.0,0.0,0,0,
3255,3.255,0.0,0.0,0,0,
3256,3.2560000000000002,0.0,0.0,0,0,
3257,3.257,0.0,0.0,0,0,
3258,3.258,0.0,0.0,0,0,
3259,3.259,0.0,0.0,0,0,
3260,3.2600000000000002,0.0,0.0,0,0,
3261,3.261,0.0,0.0,0,0,
3262,3.262,0.0,0.0,0,0,
3263,3.263,0.0,0.0,0,0,
3264,3.2640000000000002,0.0,0.0,0,0,
3265,3.265,0.0,0.0,0,0,
3266,3.266,0.0,0.0,0,0,
3267,3.267,0.0,0.0,0,0,
3268,3.2680000000000002,0.0,0.0,0,0,
3269,3.269,0.0,0.0,0,0,
3270,3.27,0.0,0.0,0,0,
3271,3.271,0.0,0.0,0,0,
3272,3.2720000000000002,0.0,0.0,0,0,
3273,3.273,0.0,0.0,0,0,
3274,3.274,0.0,0.0,0,0,
3275,3.275,0.0,0.0,0,0,
3276,3.2760000000000002,0.0,0.0,0,0,
3277,3.277,0.0,0.0,0,0,
3278,3.278,0.0,0.0,0,0,
3279,3.279,0.0,0.0,0,0,
3280,3.2800000000000002,0.0,0.0,0,0,
3281,3.281,0.0,0.0,0,0,
3282,3.282,0.0,0.0,0,0,
3283,3.283,0.0,0.0,0,0,
3284,3.2840000000000003,0.0,0.0,0,0,
3285,3.285,0.0,0.0,0,0,
3286,3.286,0.0,0.0,0,0,
3287,3.287,0.0,0.0,0,0,
3288,3.2880000000000003,0.0,0.0,0,0,
3289,3.289,0.0,0.0,0,0,
3290,3.29,0.0,0.0,0,0,
3291,3.291,0.0,0.0,0,0,
3292,3.2920000000000003,0.0,0.0,0,0,
3293,3.293,0.0,0.0,0,0,
3294,3.294,0.0,0.0,0,0,
3295,3.295,0.0,0.0,0,0,
3296,3.2960000000000003,0.0,0.0,0,0,
3297,3.297,0.0,0.0,0,0,
3298,3.298,0.0,0.0,0,0,
3299,3.299,0.0,0.0,0,0,
3300,3.3000000000000003,0.0,0.0,0,0,6.35
3301,3.301,0.0,0.0,0,0,
3302,3.302,0.0,0.0,0,0,
3303,3.303,0.0,0.0,0,0,
3304,3.3040000000000003,0.0,0.0,0,0,
3305,3.305,0.0,0.0,0,0,
3306,3.306,0.0,0.0,0,0,
3307,3.307,0.0,0.0,0,0,
3308,3.3080000000000003,0.0,0.0,0,0,
3309,3.309,0.0,0.0,0,0,
3310,3.31,0.0,0.0,0,0,
3311,3.311,0.0,0.0,0,0,
3312,3.3120000000000003,0.0,0.0,0,0,
3313,3.313,0.0,0.0,0,0,
3314,3.314,0.0,0.0,0,0,
3315,3.315,0.0,0.0,0,0,
3316,3.3160000000000003,0.0,0.0,0,0,
3317,3.317,0.0,0.0,0,0,
3318,3.318,0.0,0.0,0,0,
3319,3.319,0.0,0.0,0,0,
3320,3.3200000000000003,0.0,0.0,0,0,
3321,3.321,0.0,0.0,0,0,
3322,3.322,0.0,0.0,0,0,
3323,3.323,0.0,0.0,0,0,
3324,3.3240000000000003,0.0,0.0,0,0,
3325,3.325,0.0,0.0,0,0,
3326,3.326,0.0,0.0,0,0,
3327,3.327,0.0,0.0,0,0,
3328,3.3280000000000003,0.0,0.0,0,0,
3329,3.329,0.0,0.0,0,0,
3330,3.33,0.0,0.0,0,0,
3331,3.331,0.0,0.0,0,0,
3332,3.332,0.0,0.0,0,0,
3333,3.333,0.0,0.0,0,0,
3334,3.334,0.0,0.0,0,0,
3335,3.335,0.0,0.0,0,0,
3336,3.336,0.0,0.0,0,0,
3337,3.337,0.0,0.0,0,0,
3338,3.338,0.0,0.0,0,0,
3339,3.339,0.0,0.0,0,0,
3340,3.34,0.0,0.0,0,0,
3341,3.341,0.0,0.0,0,0,
3342,3.342,0.0,0.0,0,0,
3343,3.343,0.0,0.0,0,0,
3344,3.344,0.0,0.0,0,0,
3345,3.345,0.0,0.0,0,0,
3346,3.346,0.0,0.0,0,0,
3347,3.347,0.0,0.0,0,0,
3348,3.348,0.0,0.0,0,0,
3349,3.349,0.0,0.0,0,0,
3350,3.35,0.0,0.0,0,0,
3351,3.351,0.0,0.0,0,0,
3352,3.352,0.0,0.0,0,0,
3353,3.353,0.0,0.0,0,0,
3354,3.354,0.0,0.0,0,0,
3355,3.355,0.0,0.0,0,0,
3356,3.356,0.0,0.0,0,0,
3357,3.357,0.0,0.0,0,0,
3358,3.358,0.0,0.0,0,0,
3359,3.359,0.0,0.0,0,0,
3360,3.36,0.0,0.0,0,0,
3361,3.361,0.0,0.0,0,0,
3362,3.362,0.0,0.0,0,0,
3363,3.363,0.0,0.0,0,0,
3364,3.364,0.0,0.0,0,0,
3365,3.365,0.0,0.0,0,0,
3366,3.366,0.0,0.0,0,0,
3367,3.367,0.0,0.0,0,0,
3368,3.368,0.0,0.0,0,0,
3369,3.369,0.0,0.0,0,0,
3370,3.37,0.0,0.0,0,0,
3371,3.371,0.0,0.0,0,0,
3372,3.372,0.0,0.0,0,0,
3373,3.373,0.0,0.0,0,0,
3374,3.374,0.0,0.0,0,0,
3375,3.375,0.0,0.0,0,0,
3376,3.376,0.0,0.0,0,0,
3377,3.3770000000000002,0.0,0.0,0,0,
3378,3.378,0.0,0.0,0,0,
3379,3.379,0.0,0.0,0,0,
3380,3.38,0.0,0.0,0,0,
3381,3.3810000000000002,0.0,0.0,0,0,
3382,3.382,0.0,0.0,0,0,
3383,3.383,0.0,0.0,0,0,
3384,3.384,0.0,0.0,0,0,
3385,3.3850000000000002,0.0,0.0,0,0,
3386,3.386,0.0,0.0,0,0,
3387,3.387,0.0,0.0,0,0,
3388,3.388,0.0,0.0,0,0,
3389,3.3890000000000002,0.0,0.0,0,0,
3390,3.39,0.0,0.0,0,0,
3391,3.391,0.0,0.0,0,0,
3392,3.392,0.0,0.0,0,0,
3393,3.3930000000000002,0.0,0.0,0,0,
3394,3.394,0.0,0.0,0,0,
3395,3.395,0.0,0.0,0,0,
3396,3.396,0.0,0.0,0,0,
3397,3.3970000000000002,0.0,0.0,0,0,
3398,3.398,0.0,0.0,0,0,
3399,3.399,0.0,0.0,0,0,
3400,3.4,0.0,0.0,0,0,6.35
3401,3.4010000000000002,0.0,0.0,0,0,
3402,3.402,0.0,0.0,0,0,
3403,3.403,0.0,0.0,0,0,
3404,3.404,0.0,0.0,0,0,
3405,3.4050000000000002,0.0,0.0,0,0,
3406,3.406,0.0,0.0,0,0,
3407,3.407,0.0,0.0,0,0,
3408,3.408,0.0,0.0,0,0,
3409,3.4090000000000003,0.0,0.0,0,0,
3410,3.41,0.0,0.0,0,0,
3411,3.411,0.0,0.0,0,0,
3412,3.412,0.0,0.0,0,0,
3413,3.4130000000000003,0.0,0.0,0,0,
3414,3.414,0.0,0.0,0,0,
3415,3.415,0.0,0.0,0,0,
3416,3.416,0.0,0.0,0,0,
3417,3.4170000000000003,0.0,0.0,0,0,
3418,3.418,0.0,0.0,0,0,
3419,3.419,0.0,0.0,0,0,
3420,3.42,0.0,0.0,0,0,
3421,3.4210000000000003,0.0,0.0,0,0,
3422,3.422,0.0,0.0,0,0,
3423,3.423,0.0,0.0,0,0,
3424,3.424,0.0,0.0,0,0,
3425,3.4250000000000003,0.0,0.0,0,0,
3426,3.426,0.0,0.0,0,0,
3427,3.427,0.0,0.0,0,0,
3428,3.428,0.0,0.0,0,0,
3429,3.4290000000000003,0.0,0.0,0,0,
3430,3.43,0.0,0.0,0,0,
3431,3.431,0.0,0.0,0,0,
3432,3.432,0.0,0.0,0,0,
3433,3.4330000000000003,0.0,0.0,0,0,
3434,3.434,0.0,0.0,0,0,
3435,3.435,0.0,0.0,0,0,
3436,3.436,0.0,0.0,0,0,
3437,3.4370000000000003,0.0,0.0,0,0,
3438,3.438,0.0,0.0,0,0,
3439,3.439,0.0,0.0,0,0,
3440,3.44,0.0,0.0,0,0,
3441,3.4410000000000003,0.0,0.0,0,0,
3442,3.442,0.0,0.0,0,0,
3443,3.443,0.0,0.0,0,0,
3444,3.444,0.0,0.0,0,0,
3445,3.4450000000000003,0.0,0.0,0,0,
3446,3.446,0.0,0.0,0,0,
3447,3.447,0.0,0.0,0,0,
3448,3.448,0.0,0.0,0,0,
3449,3.4490000000000003,0.0,0.0,0,0,
3450,3.45,0.0,0.0,0,0,
3451,3.451,0.0,0.0,0,0,
3452,3.452,0.0,0.0,0,0,
3453,3.4530000000000003,0.0,0.0,0,0,
3454,3.454,0.0,0.0,0,0,
3455,3.455,0.0,0.0,0,0,
3456,3.456,0.0,0.0,0,0,
3457,3.457,0.0,0.0,0,0,
3458,3.458,0.0,0.0,0,0,
3459,3.459,0.0,0.0,0,0,
3460,3.46,0.0,0.0,0,0,
3461,3.461,0.0,0.0,0,0,
3462,3.462,0.0,0.0,0,0,
3463,3.463,0.0,0.0,0,0,
3464,3.464,0.0,0.0,0,0,
3465,3.465,0.0,0.0,0,0,
3466,3.466,0.0,0.0,0,0,
3467,3.467,0.0,0.0,0,0,
3468,3.468,0.0,0.0,0,0,
3469,3.469,0.0,0.0,0,0,
3470,3.47,0.0,0.0,0,0,
3471,3.471,0.0,0.0,0,0,
3472,3.472,0.0,0.0,0,0,
3473,3.473,0.0,0.0,0,0,
3474,3.474,0.0,0.0,0,0,
3475,3.475,0.0,0.0,0,0,
3476,3.476,0.0,0.0,0,0,
3477,3.477,0.0,0.0,0,0,
3478,3.478,0.0,0.0,0,0,
3479,3.479,0.0,0.0,0,0,
3480,3.48,0.0,0.0,0,0,
3481,3.481,0.0,0.0,0,0,
3482,3.482,0.0,0.0,0,0,
3483,3.483,0.0,0.0,0,0,
3484,3.484,0.0,0.0,0,0,
3485,3.485,0.0,0.0,0,0,
3486,3.486,0.0,0.0,0,0,
3487,3.487,0.0,0.0,0,0,
3488,3.488,0.0,0.0,0,0,
3489,3.489,0.0,0.0,0,0,
3490,3.49,0.0,0.0,0,0,
3491,3.491,0.0,0.0,0,0,
3492,3.492,0.0,0.0,0,0,
3493,3.493,0.0,0.0,0,0,
3494,3.494,0.0,0.0,0,0,
3495,3.495,0.0,0.0,0,0,
3496,3.496,0.0,0.0,0,0,
3497,3.497,0.0,0.0,0,0,
3498,3.498,0.0,0.0,0,0,
3499,3.499,0.0,0.0,0,0,
3500,3.5,0.0,0.0,0,0,6.35
3501,3.501,0.0,0.0,0,0,
3502,3.5020000000000002,0.0,0.0,0,0,
3503,3.503,0.0,0.0,0,0,
3504,3.504,0.0,0.0,0,0,
3505,3.505,0.0,0.0,0,0,
3506,3.5060000000000002,0.0,0.0,0,0,
3507,3.507,0.0,0.0,0,0,
3508,3.508,0.0,0.0,0,0,
3509,3.509,0.0,0.0,0,0,
3510,3.5100000000000002,0.0,0.0,0,0,
3511,3.511,0.0,0.0,0,0,
3512,3.512,0.0,0.0,0,0,
3513,3.513,0.0,0.0,0,0,
3514,3.5140000000000002,0.0,0.0,0,0,
3515,3.515,0.0,0.0,0,0,
3516,3.516,0.0,0.0,0,0,
3517,3.517,0.0,0.0,0,0,
3518,3.5180000000000002,0.0,0.0,0,0,
3519,3.519,0.0,0.0,0,0,
3520,3.52,0.0,0.0,0,0,
3521,3.521,0.0,0.0,0,0,
3522,3.5220000000000002,0.0,0.0,0,0,
3523,3.523,0.0,0.0,0,0,
3524,3.524,0.0,0.0,0,0,
3525,3.525,0.0,0.0,0,0,
3526,3.5260000000000002,0.0,0.0,0,0,
3527,3.527,0.0,0.0,0,0,
3528,3.528,0.0,0.0,0,0,
3529,3.529,0.0,0.0,0,0,
3530,3.5300000000000002,0.0,0.0,0,0,
3531,3.531,0.0,0.0,0,0,
3532,3.532,0.0,0.0,0,0,
3533,3.533,0.0,0.0,0,0,
3534,3.5340000000000003,0.0,0.0,0,0,
3535,3.535,0.0,0.0,0,0,
3536,3.536,0.0,0.0,0,0,
3537,3.537,0.0,0.0,0,0,
3538,3.5380000000000003,0.0,0.0,0,0,
3539,3.539,0.0,0.0,0,0,
3540,3.54,0.0,0.0,0,0,
3541,3.541,0.0,0.0,0,0,
3542,3.5420000000000003,0.0,0.0,0,0,
3543,3.543,0.0,0.0,0,0,
3544,3.544,0.0,0.0,0,0,
3545,3.545,0.0,0.0,0,0,
3546,3.5460000000000003,0.0,0.0,0,0,
3547,3.547,0.0,0.0,0,0,
3548,3.548,0.0,0.0,0,0,
3549,3.549,0.0,0.0,0,0,
3550,3.5500000000000003,0.0,0.0,0,0,
3551,3.551,0.0,0.0,0,0,
3552,3.552,0.0,0.0,0,0,
3553,3.553,0.0,0.0,0,0,
3554,3.5540000000000003,0.0,0.0,0,0,
3555,3.555,0.0,0.0,0,0,
3556,3.556,0.0,0.0,0,0,
3557,3.557,0.0,0.0,0,0,
3558,3.5580000000000003,0.0,0.0,0,0,
3559,3.559,0.0,0.0,0,0,
3560,3.56,0.0,0.0,0,0,
3561,3.561,0.0,0.0,0,0,
3562,3.5620000000000003,0.0,0.0,0,0,
3563,3.563,0.0,0.0,0,0,
3564,3.564,0.0,0.0,0,0,
3565,3.565,0.0,0.0,0,0,
3566,3.5660000000000003,0.0,0.0,0,0,
3567,3.567,0.0,0.0,0,0,
3568,3.568,0.0,0.0,0,0,
3569,3.569,0.0,0.0,0,0,
3570,3.5700000000000003,0.0,0.0,0,0,
3571,3.571,0.0,0.0,0,0,
3572,3.572,0.0,0.0,0,0,
3573,3.573,0.0,0.0,0,0,
3574,3.5740000000000003,0.0,0.0,0,0,
3575,3.575,0.0,0.0,0,0,
3576,3.576,0.0,0.0,0,0,
3577,3.577,0.0,0.0,0,0,
3578,3.5780000000000003,0.0,0.0,0,0,
3579,3.579,0.0,0.0,0,0,
3580,3.58,0.0,0.0,0,0,
3581,3.581,0.0,0.0,0,0,
3582,3.5820000000000003,0.0,0.0,0,0,
3583,3.583,0.0,0.0,0,0,
3584,3.584,0.0,0.0,0,0,
3585,3.585,0.0,0.0,0,0,
3586,3.586,0.0,0.0,0,0,
3587,3.587,0.0,0.0,0,0,
3588,3.588,0.0,0.0,0,0,
3589,3.589,0.0,0.0,0,0,
3590,3.59,0.0,0.0,0,0,
3591,3.591,0.0,0.0,0,0,
3592,3.592,0.0,0.0,0,0,
3593,3.593,0.0,0.0,0,0,
3594,3.594,0.0,0.0,0,0,
3595,3.595,0.0,0.0,0,0,
3596,3.596,0.0,0.0,0,0,
3597,3.597,0.0,0.0,0,0,
3598,3.598,0.0,0.0,0,0,
3599,3.599,0.0,0.0,0,0,
3600,3.6,0.0,0.0,0,0,6.35
3601,3.601,0.0,0.0,0,0,
3602,3.602,0.0,0.0,0,0,
3603,3.603,0.0,0.0,0,0,
3604,3.604,0.0,0.0,0,0,
3605,3.605,0.0,0.0,0,0,
3606,3.606,0.0,0.0,0,0,
3607,3.607,0.0,0.0,0,0,
3608,3.608,0.0,0.0,0,0,
3609,3.609,0.0,0.0,0,0,
3610,3.61,0.0,0.0,0,0,
3611,3.611,0.0,0.0,0,0,
3612,3.612,0.0,0.0,0,0,
3613,3.613,0.0,0.0,0,0,
3614,3.614,0.0,0.0,0,0,
3615,3.615,0.0,0.0,0,0,
3616,3.616,0.0,0.0,0,0,
3617,3.617,0.0,0.0,0,0,
3618,3.618,0.0,0.0,0,0,
3619,3.619,0.0,0.0,0,0,
3620,3.62,0.0,0.0,0,0,
3621,3.621,0.0,0.0,0,0,
3622,3.622,0.0,0.0,0,0,
3623,3.623,0.0,0.0,0,0,
3624,3.624,0.0,0.0,0,0,
3625,3.625,0.0,0.0,0,0,
3626,3.626,0.0,0.0,0,0,
3627,3.6270000000000002,0.0,0.0,0,0,
3628,3.628,0.0,0.0,0,0,
3629,3.629,0.0,0.0,0,0,
3630,3.63,0.0,0.0,0,0,
3631,3.6310000000000002,0.0,0.0,0,0,
3632,3.632,0.0,0.0,0,0,
3633,3.633,0.0,0.0,0,0,
3634,3.634,0.0,0.0,0,0,
3635,3.6350000000000002,0.0,0.0,0,0,
3636,3.636,0.0,0.0,0,0,
3637,3.637,0.0,0.0,0,0,
3638,3.638,0.0,0.0,0,0,
3639,3.6390000000000002,0.0,0.0,0,0,
3640,3.64,0.0,0.0,0,0,
3641,3.641,0.0,0.0,0,0,
3642,3.642,0.0,0.0,0,0,
3643,3.6430000000000002,0.0,0.0,0,0,
3644,3.644,0.0,0.0,0,0,
3645,3.645,0.0,0.0,0,0,
3646,3.646,0.0,0.0,0,0,
3647,3.6470000000000002,0.0,0.0,0,0,
3648,3.648,0.0,0.0,0,0,
3649,3.649,0.0,0.0,0,0,
3650,3.65,0.0,0.0,0,0,
3651,3.6510000000000002,0.0,0.0,0,0,
3652,3.652,0.0,0.0,0,0,
3653,3.653,0.0,0.0,0,0,
3654,3.654,0.0,0.0,0,0,
3655,3.6550000000000002,0.0,0.0,0,0,
3656,3.656,0.0,0.0,0,0,
3657,3.657,0.0,0.0,0,0,
3658,3.658,0.0,0.0,0,0,
3659,3.6590000000000003,0.0,0.0,0,0,
3660,3.66,0.0,0.0,0,0,
3661,3.661,0.0,0.0,0,0,
3662,3.662,0.0,0.0,0,0,
3663,3.6630000000000003,0.0,0.0,0,0,
3664,3.664,0.0,0.0,0,0,
3665,3.665,0.0,0.0,0,0,
3666,3.666,0.0,0.0,0,0,
3667,3.6670000000000003,0.0,0.0,0,0,
3668,3.668,0.0,0.0,0,0,
3669,3.669,0.0,0.0,0,0,
3670,3.67,0.0,0.0,0,0,
3671,3.6710000000000003,0.0,0.0,0,0,
3672,3.672,0.0,0.0,0,0,
3673,3.673,0.0,0.0,0,0,
3674,3.674,0.0,0.0,0,0,
3675,3.6750000000000003,0.0,0.0,0,0,
3676,3.676,0.0,0.0,0,0,
3677,3.677,0.0,0.0,0,0,
3678,3.678,0.0,0.0,0,0,
3679,3.6790000000000003,0.0,0.0,0,0,
3680,3.68,0.0,0.0,0,0,
3681,3.681,0.0,0.0,0,0,
3682,3.682,0.0,0.0,0,0,
3683,3.6830000000000003,0.0,0.0,0,0,
3684,3.684,0.0,0.0,0,0,
3685,3.685,0.0,0.0,0,0,
3686,3.686,0.0,0.0,0,0,
3687,3.6870000000000003,0.0,0.0,0,0,
3688,3.688,0.0,0.0,0,0,
3689,3.689,0.0,0.0,0,0,
3690,3.69,0.0,0.0,0,0,
3691,3.6910000000000003,0.0,0.0,0,0,
3692,3.692,0.0,0.0,0,0,
3693,3.693,0.0,0.0,0,0,
3694,3.694,0.0,0.0,0,0,
3695,3.6950000000000003,0.0,0.0,0,0,
3696,3.696,0.0,0.0,0,0,
3697,3.697,0.0,0.0,0,0,
3698,3.698,0.0,0.0,0,0,
3699,3.6990000000000003,0.0,0.0,0,0,
3700,3.7,0.0,0.0,0,0,6.35
3701,3.701,0.0,0.0,0,0,
3702,3.702,0.0,0.0,0,0,
3703,3.7030000000000003,0.0,0.0,0,0,
3704,3.704,0.0,0.0,0,0,
3705,3.705,0.0,0.0,0,0,
3706,3.706,0.0,0.0,0,0,
3707,3.7070000000000003,0.0,0.0,0,0,
3708,3.708,0.0,0.0,0,0,
3709,3.709,0.0,0.0,0,0,
3710,3.71,0.0,0.0,0,0,
3711,3.7110000000000003,0.0,0.0,0,0,
3712,3.712,0.0,0.0,0,0,
3713,3.713,0.0,0.0,0,0,
3714,3.714,0.0,0.0,0,0,
3715,3.715,0.0,0.0,0,0,
3716,3.716,0.0,0.0,0,0,
3717,3.717,0.0,0.0,0,0,
3718,3.718,0.0,0.0,0,0,
3719,3.719,0.0,0.0,0,0,
3720,3.72,0.0,0.0,0,0,
3721,3.721,0.0,0.0,0,0,
3722,3.722,0.0,0.0,0,0,
3723,3.723,0.0,0.0,0,0,
3724,3.724,0.0,0.0,0,0,
3725,3.725,0.0,0.0,0,0,
3726,3.726,0.0,0.0,0,0,
3727,3.727,0.0,0.0,0,0,
3728,3.728,0.0,0.0,0,0,
3729,3.729,0.0,0.0,0,0,
3730,3.73,0.0,0.0,0,0,
3731,3.731,0.0,0.0,0,0,
3732,3.732,0.0,0.0,0,0,
3733,3.733,0.0,0.0,0,0,
3734,3.734,0.0,0.0,0,0,
3735,3.735,0.0,0.0,0,0,
3736,3.736,0.0,0.0,0,0,
3737,3.737,0.0,0.0,0,0,
3738,3.738,0.0,0.0,0,0,
3739,3.739,0.0,0.0,0,0,
3740,3.74,0.0,0.0,0,0,
3741,3.741,0.0,0.0,0,0,
3742,3.742,0.0,0.0,0,0,
3743,3.743,0.0,0.0,0,0,
3744,3.744,0.0,0.0,0,0,
3745,3.745,0.0,0.0,0,0,
3746,3.746,0.0,0.0,0,0,
3747,3.747,0.0,0.0,0,0,
3748,3.748,0.0,0.0,0,0,
3749,3.749,0.0,0.0,0,0,
3750,3.75,0.0,0.0,0,0,
3751,3.751,0.0,0.0,0,0,
3752,3.7520000000000002,0.0,0.0,0,0,
3753,3.753,0.0,0.0,0,0,
3754,3.754,0.0,0.0,0,0,
3755,3.755,0.0,0.0,0,0,
3756,3.7560000000000002,0.0,0.0,0,0,
3757,3.757,0.0,0.0,0,0,
3758,3.758,0.0,0.0,0,0,
3759,3.759,0.0,0.0,0,0,
3760,3.7600000000000002,0.0,0.0,0,0,
3761,3.761,0.0,0.0,0,0,
3762,3.762,0.0,0.0,0,0,
3763,3.763,0.0,0.0,0,0,
3764,3.7640000000000002,0.0,0.0,0,0,
3765,3.765,0.0,0.0,0,0,
3766,3.766,0.0,0.0,0,0,
3767,3.767,0.0,0.0,0,0,
3768,3.7680000000000002,0.0,0.0,0,0,
3769,3.769,0.0,0.0,0,0,
3770,3.77,0.0,0.0,0,0,
3771,3.771,0.0,0.0,0,0,
3772,3.7720000000000002,0.0,0.0,0,0,
3773,3.773,0.0,0.0,0,0,
3774,3.774,0.0,0.0,0,0,
3775,3.775,0.0,0.0,0,0,
3776,3.7760000000000002,0.0,0.0,0,0,
3777,3.777,0.0,0.0,0,0,
3778,3.778,0.0,0.0,0,0,
3779,3.779,0.0,0.0,0,0,
3780,3.7800000000000002,0.0,0.0,0,0,
3781,3.781,0.0,0.0,0,0,
3782,3.782,0.0,0.0,0,0,
3783,3.783,0.0,0.0,0,0,
3784,3.7840000000000003,0.0,0.0,0,0,
3785,3.785,0.0,0.0,0,0,
3786,3.786,0.0,0.0,0,0,
3787,3.787,0.0,0.0,0,0,
3788,3.7880000000000003,0.0,0.0,0,0,
3789,3.789,0.0,0.0,0,0,
3790,3.79,0.0,0.0,0,0,
3791,3.791,0.0,0.0,0,0,
3792,3.7920000000000003,0.0,0.0,0,0,
3793,3.793,0.0,0.0,0,0,
3794,3.794,0.0,0.0,0,0,
3795,3.795,0.0,0.0,0,0,
3796,3.7960000000000003,0.0,0.0,0,0,
3797,3.797,0.0,0.0,0,0,
3798,3.798,0.0,0.0,0,0,
3799,3.799,0.0,0.0,0,0,
3800,3.8000000000000003,0.0,0.0,0,0,6.35
3801,3.801,0.0,0.0,0,0,
3802,3.802,0.0,0.0,0,0,
3803,3.803,0.0,0.0,0,0,
3804,3.8040000000000003,0.0,0.0,0,0,
3805,3.805,0.0,0.0,0,0,
3806,3.806,0.0,0.0,0,0,
3807,3.807,0.0,0.0,0,0,
3808,3.8080000000000003,0.0,0.0,0,0,
3809,3.809,0.0,0.0,0,0,
3810,3.81,0.0,0.0,0,0,
3811,3.811,0.0,0.0,0,0,
3812,3.8120000000000003,0.0,0.0,0,0,
3813,3.813,0.0,0.0,0,0,
3814,3.814,0.0,0.0,0,0,
3815,3.815,0.0,0.0,0,0,
3816,3.8160000000000003,0.0,0.0,0,0,
3817,3.817,0.0,0.0,0,0,
3818,3.818,0.0,0.0,0,0,
3819,3.819,0.0,0.0,0,0,
3820,3.8200000000000003,0.0,0.0,0,0,
3821,3.821,0.0,0.0,0,0,
3822,3.822,0.0,0.0,0,0,
3823,3.823,0.0,0.0,0,0,
3824,3.8240000000000003,0.0,0.0,0,0,
3825,3.825,0.0,0.0,0,0,
3826,3.826,0.0,0.0,0,0,
3827,3.827,0.0,0.0,0,0,
3828,3.8280000000000003,0.0,0.0,0,0,
3829,3.829,0.0,0.0,0,0,
3830,3.83,0.0,0.0,0,0,
3831,3.831,0.0,0.0,0,0,
3832,3.8320000000000003,0.0,0.0,0,0,
3833,3.833,0.0,0.0,0,0,
3834,3.834,0.0,0.0,0,0,
3835,3.835,0.0,0.0,0,0,
3836,3.8360000000000003,0.0,0.0,0,0,
3837,3.837,0.0,0.0,0,0,
3838,3.838,0.0,0.0,0,0,
3839,3.839,0.0,0.0,0,0,
3840,3.84,0.0,0.0,0,0,
3841,3.841,0.0,0.0,0,0,
3842,3.842,0.0,0.0,0,0,
3843,3.843,0.0,0.0,0,0,
3844,3.844,0.0,0.0,0,0,
3845,3.845,0.0,0.0,0,0,
3846,3.846,0.0,0.0,0,0,
3847,3.847,0.0,0.0,0,0,
3848,3.848,0.0,0.0,0,0,
3849,3.849,0.0,0.0,0,0,
3850,3.85,0.0,0.0,0,0,
3851,3.851,0.0,0.0,0,0,
3852,3.852,0.0,0.0,0,0,
3853,3.853,0.0,0.0,0,0,
3854,3.854,0.0,0.0,0,0,
3855,3.855,0.0,0.0,0,0,
3856,3.856,0.0,0.0,0,0,
3857,3.857,0.0,0.0,0,0,
3858,3.858,0.0,0.0,0,0,
3859,3.859,0.0,0.0,0,0,
3860,3.86,0.0,0.0,0,0,
3861,3.861,0.0,0.0,0,0,
3862,3.862,0.0,0.0,0,0,
3863,3.863,0.0,0.0,0,0,
3864,3.864,0.0,0.0,0,0,
3865,3.865,0.0,0.0,0,0,
3866,3.866,0.0,0.0,0,0,
3867,3.867,0.0,0.0,0,0,
3868,3.868,0.0,0.0,0,0,
3869,3.869,0.0,0.0,0,0,
3870,3.87,0.0,0.0,0,0,
3871,3.871,0.0,0.0,0,0,
3872,3.872,0.0,0.0,0,0,
3873,3.873,0.0,0.0,0,0,
3874,3.874,0.0,0.0,0,0,
3875,3.875,0.0,0.0,0,0,
3876,3.876,0.0,0.0,0,0,
3877,3.8770000000000002,0.0,0.0,0,0,
3878,3.878,0.0,0.0,0,0,
3879,3.879,0.0,0.0,0,0,
3880,3.88,0.0,0.0,0,0,
3881,3.8810000000000002,0.0,0.0,0,0,
3882,3.882,0.0,0.0,0,0,
3883,3.883,0.0,0.0,0,0,
3884,3.884,0.0,0.0,0,0,
3885,3.8850000000000002,0.0,0.0,0,0,
3886,3.886,0.0,0.0,0,0,
3887,3.887,0.0,0.0,0,0,
3888,3.888,0.0,0.0,0,0,
3889,3.8890000000000002,0.0,0.0,0,0,
3890,3.89,0.0,0.0,0,0,
3891,3.891,0.0,0.0,0,0,
3892,3.892,0.0,0.0,0,0,
3893,3.8930000000000002,0.0,0.0,0,0,
3894,3.894,0.0,0.0,0,0,
3895,3.895,0.0,0.0,0,0,
3896,3.896,0.0,0.0,0,0,
3897,3.8970000000000002,0.0,0.0,0,0,
3898,3.898,0.0,0.0,0,0,
3899,3.899,0.0,0.0,0,0,
3900,3.9,0.0,0.0,0,0,6.35
3901,3.9010000000000002,0.0,0.0,0,0,
3902,3.902,0.0,0.0,0,0,
3903,3.903,0.0,0.0,0,0,
3904,3.904,0.0,0.0,0,0,
3905,3.9050000000000002,0.0,0.0,0,0,
3906,3.906,0.0,0.0,0,0,
3907,3.907,0.0,0.0,0,0,
3908,3.908,0.0,0.0,0,0,
3909,3.9090000000000003,0.0,0.0,0,0,
3910,3.91,0.0,0.0,0,0,
3911,3.911,0.0,0.0,0,0,
3912,3.912,0.0,0.0,0,0,
3913,3.9130000000000003,0.0,0.0,0,0,
3914,3.914,0.0,0.0,0,0,
3915,3.915,0.0,0.0,0,0,
3916,3.916,0.0,0.0,0,0,
3917,3.9170000000000003,0.0,0.0,0,0,
3918,3.918,0.0,0.0,0,0,
3919,3.919,0.0,0.0,0,0,
3920,3.92,0.0,0.0,0,0,
3921,3.9210000000000003,0.0,0.0,0,0,
3922,3.922,0.0,0.0,0,0,
3923,3.923,0.0,0.0,0,0,
3924,3.924,0.0,0.0,0,0,
3925,3.9250000000000003,0.0,0.0,0,0,
3926,3.926,0.0,0.0,0,0,
3927,3.927,0.0,0.0,0,0,
3928,3.928,0.0,0.0,0,0,
3929,3.9290000000000003,0.0,0.0,0,0,
3930,3.93,0.0,0.0,0,0,
3931,3.931,0.0,0.0,0,0,
3932,3.932,0.0,0.0,0,0,
3933,3.9330000000000003,0.0,0.0,0,0,
3934,3.934,0.0,0.0,0,0,
3935,3.935,0.0,0.0,0,0,
3936,3.936,0.0,0.0,0,0,
3937,3.9370000000000003,0.0,0.0,0,0,
3938,3.938,0.0,0.0,0,0,
3939,3.939,0.0,0.0,0,0,
3940,3.94,0.0,0.0,0,0,
3941,3.9410000000000003,0.0,0.0,0,0,
3942,3.942,0.0,0.0,0,0,
3943,3.943,0.0,0.0,0,0,
3944,3.944,0.0,0.0,0,0,
3945,3.9450000000000003,0.0,0.0,0,0,
3946,3.946,0.0,0.0,0,0,
3947,3.947,0.0,0.0,0,0,
3948,3.948,0.0,0.0,0,0,
3949,3.9490000000000003,0.0,0.0,0,0,
3950,3.95,0.0,0.0,0,0,
3951,3.951,0.0,0.0,0,0,
3952,3.952,0.0,0.0,0,0,
3953,3.9530000000000003,0.0,0.0,0,0,
3954,3.954,0.0,0.0,0,0,
3955,3.955,0.0,0.0,0,0,
3956,3.956,0.0,0.0,0,0,
3957,3.9570000000000003,0.0,0.0,0,0,
3958,3.958,0.0,0.0,0,0,
3959,3.959,0.0,0.0,0,0,
3960,3.96,0.0,0.0,0,0,
3961,3.9610000000000003,0.0,0.0,0,0,
3962,3.962,0.0,0.0,0,0,
3963,3.963,0.0,0.0,0,0,
3964,3.964,0.0,0.0,0,0,
3965,3.9650000000000003,0.0,0.0,0,0,
3966,3.966,0.0,0.0,0,0,
3967,3.967,0.0,0.0,0,0,
3968,3.968,0.0,0.0,0,0,
3969,3.969,0.0,0.0,0,0,
3970,3.97,0.0,0.0,0,0,
3971,3.971,0.0,0.0,0,0,
3972,3.972,0.0,0.0,0,0,
3973,3.973,0.0,0.0,0,0,
3974,3.974,0.0,0.0,0,0,
3975,3.975,0.0,0.0,0,0,
3976,3.976,0.0,0.0,0,0,
3977,3.977,0.0,0.0,0,0,
3978,3.978,0.0,0.0,0,0,
3979,3.979,0.0,0.0,0,0,
3980,3.98,0.0,0.0,0,0,
3981,3.981,0.0,0.0,0,0,
3982,3.982,0.0,0.0,0,0,
3983,3.983,0.0,0.0,0,0,
3984,3.984,0.0,0.0,0,0,
3985,3.985,0.0,0.0,0,0,
3986,3.986,0.0,0.0,0,0,
3987,3.987,0.0,0.0,0,0,
3988,3.988,0.0,0.0,0,0,
3989,3.989,0.0,0.0,0,0,
3990,3.99,0.0,0.0,0,0,
3991,3.991,0.0,0.0,0,0,
3992,3.992,0.0,0.0,0,0,
3993,3.993,0.0,0.0,0,0,
3994,3.994,0.0,0.0,0,0,
3995,3.995,0.0,0.0,0,0,
3996,3.996,0.0,0.0,0,0,
3997,3.997,0.0,0.0,0,0,
3998,3.998,0.0,0.0,0,0,
3999,3.999,0.0,0.0,0,0,
4000,4.0,0.0,0.0,0,0,6.35
4001,4.001,0.0,0.0,0,0,
4002,4.002,0.0,0.0,0,0,
4003,4.003,0.0,0.0,0,0,
4004,4.0040000000000004,0.0,0.0,0,0,
4005,4.005,0.0,0.0,0,0,
4006,4.006,0.0,0.0,0,0,
4007,4.007,0.0,0.0,0,0,
4008,4.008,0.0,0.0,0,0,
4009,4.009,0.0,0.0,0,0,
4010,4.01,0.0,0.0,0,0,
4011,4.011,0.0,0.0,0,0,
4012,4.0120000000000005,0.0,0.0,0,0,
4013,4.013,0.0,0.0,0,0,
4014,4.014,0.0,0.0,0,0,
4015,4.015,0.0,0.0,0,0,
4016,4.016,0.0,0.0,0,0,
4017,4.017,0.0,0.0,0,0,
4018,4.018,0.0,0.0,0,0,
4019,4.019,0.0,0.0,0,0,
4020,4.0200000000000005,0.0,0.0,0,0,
4021,4.021,0.0,0.0,0,0,
4022,4.022,0.0,0.0,0,0,
4023,4.023,0.0,0.0,0,0,
4024,4.024,0.0,0.0,0,0,
4025,4.025,0.0,0.0,0,0,
4026,4.026,0.0,0.0,0,0,
4027,4.027,0.0,0.0,0,0,
4028,4.0280000000000005,0.0,0.0,0,0,
4029,4.029,0.0,0.0,0,0,
4030,4.03,0.0,0.0,0,0,
4031,4.031,0.0,0.0,0,0,
4032,4.032,0.0,0.0,0,0,
4033,4.033,0.0,0.0,0,0,
4034,4.034,0.0,0.0,0,0,
4035,4.035,0.0,0.0,0,0,
4036,4.0360000000000005,0.0,0.0,0,0,
4037,4.037,0.0,0.0,0,0,
4038,4.038,0.0,0.0,0,0,
4039,4.039,0.0,0.0,0,0,
4040,4.04,0.0,0.0,0,0,
4041,4.041,0.0,0.0,0,0,
4042,4.042,0.0,0.0,0,0,
4043,4.043,0.0,0.0,0,0,
4044,4.0440000000000005,0.0,0.0,0,0,
4045,4.045,0.0,0.0,0,0,
4046,4.046,0.0,0.0,0,0,
4047,4.047,0.0,0.0,0,0,
4048,4.048,0.0,0.0,0,0,
4049,4.049,0.0,0.0,0,0,
4050,4.05,0.0,0.0,0,0,
4051,4.051,0.0,0.0,0,0,
4052,4.0520000000000005,0.0,0.0,0,0,
4053,4.053,0.0,0.0,0,0,
4054,4.054,0.0,0.0,0,0,
4055,4.055,0.0,0.0,0,0,
4056,4.056,0.0,0.0,0,0,
4057,4.057,0.0,0.0,0,0,
4058,4.058,0.0,0.0,0,0,
4059,4.059,0.0,0.0,0,0,
4060,4.0600000000000005,0.0,0.0,0,0,
4061,4.061,0.0,0.0,0,0,
4062,4.062,0.0,0.0,0,0,
4063,4.063,0.0,0.0,0,0,
4064,4.064,0.0,0.0,0,0,
4065,4.065,0.0,0.0,0,0,
4066,4.066,0.0,0.0,0,0,
4067,4.067,0.0,0.0,0,0,
4068,4.0680000000000005,0.0,0.0,0,0,
4069,4.069,0.0,0.0,0,0,
4070,4.07,0.0,0.0,0,0,
4071,4.071,0.0,0.0,0,0,
4072,4.072,0.0,0.0,0,0,
4073,4.073,0.0,0.0,0,0,
4074,4.074,0.0,0.0,0,0,
4075,4.075,0.0,0.0,0,0,
4076,4.0760000000000005,0.0,0.0,0,0,
4077,4.077,0.0,0.0,0,0,
4078,4.078,0.0,0.0,0,0,
4079,4.079,0.0,0.0,0,0,
4080,4.08,0.0,0.0,0,0,
4081,4.081,0.0,0.0,0,0,
4082,4.082,0.0,0.0,0,0,
4083,4.083,0.0,0.0,0,0,
4084,4.0840000000000005,0.0,0.0,0,0,
4085,4.085,0.0,0.0,0,0,
4086,4.086,0.0,0.0,0,0,
4087,4.087,0.0,0.0,0,0,
4088,4.088,0.0,0.0,0,0,
4089,4.089,0.0,0.0,0,0,
4090,4.09,0.0,0.0,0,0,
4091,4.091,0.0,0.0,0,0,
4092,4.0920000000000005,0.0,0.0,0,0,
4093,4.093,0.0,0.0,0,0,
4094,4.094,0.0,0.0,0,0,
4095,4.095,0.0,0.0,0,0,
4096,4.096,0.0,0.0,0,0,
4097,4.097,0.0,0.0,0,0,
4098,4.098,0.0,0.0,0,0,
4099,4.099,0.0,0.0,0,0,
4100,4.1,0.0,0.0,0,0,6.35
4101,4.101,0.0,0.0,0,0,
4102,4.102,0.0,0.0,0,0,
4103,4.103,0.0,0.0,0,0,
4104,4.104,0.0,0.0,0,0,
4105,4.105,0.0,0.0,0,0,
4106,4.106,0.0,0.0,0,0,
4107,4.107,0.0,0.0,0,0,
4108,4.108,0.0,0.0,0,0,
4109,4.109,0.0,0.0,0,0,
4110,4.11,0.0,0.0,0,0,
4111,4.111,0.0,0.0,0,0,
4112,4.112,0.0,0.0,0,0,
4113,4.113,0.0,0.0,0,0,
4114,4.114,0.0,0.0,0,0,
4115,4.115,0.0,0.0,0,0,
4116,4.116,0.0,0.0,0,0,
4117,4.117,0.0,0.0,0,0,
4118,4.118,0.0,0.0,0,0,
4119,4.119,0.0,0.0,0,0,
4120,4.12,0.0,0.0,0,0,
4121,4.121,0.0,0.0,0,0,
4122,4.122,0.0,0.0,0,0,
4123,4.123,0.0,0.0,0,0,
4124,4.124,0.0,0.0,0,0,
4125,4.125,0.0,0.0,0,0,
4126,4.126,0.0,0.0,0,0,
4127,4.127,0.0,0.0,0,0,
4128,4.128,0.0,0.0,0,0,
4129,4.1290000000000004,0.0,0.0,0,0,
4130,4.13,0.0,0.0,0,0,
4131,4.131,0.0,0.0,0,0,
4132,4.132,0.0,0.0,0,0,
4133,4.133,0.0,0.0,0,0,
4134,4.134,0.0,0.0,0,0,
4135,4.135,0.0,0.0,0,0,
4136,4.136,0.0,0.0,0,0,
4137,4.1370000000000005,0.0,0.0,0,0,
4138,4.138,0.0,0.0,0,0,
4139,4.139,0.0,0.0,0,0,
4140,4.14,0.0,0.0,0,0,
4141,4.141,0.0,0.0,0,0,
4142,4.142,0.0,0.0,0,0,
4143,4.143,0.0,0.0,0,0,
4144,4.144,0.0,0.0,0,0,
4145,4.1450000000000005,0.0,0.0,0,0,
4146,4.146,0.0,0.0,0,0,
4147,4.147,0.0,0.0,0,0,
4148,4.148,0.0,0.0,0,0,
4149,4.149,0.0,0.0,0,0,
4150,4.15,0.0,0.0,0,0,
4151,4.151,0.0,0.0,0,0,
4152,4.152,0.0,0.0,0,0,
4153,4.1530000000000005,0.0,0.0,0,0,
4154,4.154,0.0,0.0,0,0,
4155,4.155,0.0,0.0,0,0,
4156,4.156,0.0,0.0,0,0,
4157,4.157,0.0,0.0,0,0,
4158,4.158,0.0,0.0,0,0,
4159,4.159,0.0,0.0,0,0,
4160,4.16,0.0,0.0,0,0,
4161,4.1610000000000005,0.0,0.0,0,0,
4162,4.162,0.0,0.0,0,0,
4163,4.163,0.0,0.0,0,0,
4164,4.164,0.0,0.0,0,0,
4165,4.165,0.0,0.0,0,0,
4166,4.166,0.0,0.0,0,0,
4167,4.167,0.0,0.0,0,0,
4168,4.168,0.0,0.0,0,0,
4169,4.1690000000000005,0.0,0.0,0,0,
4170,4.17,0.0,0.0,0,0,
4171,4.171,0.0,0.0,0,0,
4172,4.172,0.0,0.0,0,0,
4173,4.173,0.0,0.0,0,0,
4174,4.174,0.0,0.0,0,0,
4175,4.175,0.0,0.0,0,0,
4176,4.176,0.0,0.0,0,0,
4177,4.1770000000000005,0.0,0.0,0,0,
4178,4.178,0.0,0.0,0,0,
4179,4.179,0.0,0.0,0,0,
4180,4.18,0.0,0.0,0,0,
4181,4.181,0.0,0.0,0,0,
4182,4.182,0.0,0.0,0,0,
4183,4.183,0.0,0.0,0,0,
4184,4.184,0.0,0.0,0,0,
4185,4.1850000000000005,0.0,0.0,0,0,
4186,4.186,0.0,0.0,0,0,
4187,4.187,0.0,0.0,0,0,
4188,4.188,0.0,0.0,0,0,
4189,4.189,0.0,0.0,0,0,
4190,4.19,0.0,0.0,0,0,
4191,4.191,0.0,0.0,0,0,
4192,4.192,0.0,0.0,0,0,
4193,4.1930000000000005,0.0,0.0,0,0,
4194,4.194,0.0,0.0,0,0,
4195,4.195,0.0,0.0,0,0,
4196,4.196,0.0,0.0,0,0,
4197,4.197,0.0,0.0,0,0,
4198,4.198,0.0,0.0,0,0,
4199,4.199,0.0,0.0,0,0,
4200,4.2,0.0,0.0,0,0,6.35
4201,4.2010000000000005,0.0,0.0,0,0,
4202,4.202,0.0,0.0,0,0,
4203,4.203,0.0,0.0,0,0,
4204,4.204,0.0,0.0,0,0,
4205,4.205,0.0,0.0,0,0,
4206,4.206,0.0,0.0,0,0,
4207,4.207,0.0,0.0,0,0,
4208,4.208,0.0,0.0,0,0,
4209,4.2090000000000005,0.0,0.0,0,0,
4210,4.21,0.0,0.0,0,0,
4211,4.211,0.0,0.0,0,0,
4212,4.212,0.0,0.0,0,0,
4213,4.213,0.0,0.0,0,0,
4214,4.214,0.0,0.0,0,0,
4215,4.215,0.0,0.0,0,0,
4216,4.216,0.0,0.0,0,0,
4217,4.2170000000000005,0.0,0.0,0,0,
4218,4.218,0.0,0.0,0,0,
4219,4.219,0.0,0.0,0,0,
4220,4.22,0.0,0.0,0,0,
4221,4.221,0.0,0.0,0,0,
4222,4.222,0.0,0.0,0,0,
4223,4.223,0.0,0.0,0,0,
4224,4.224,0.0,0.0,0,0,
4225,4.225,0.0,0.0,0,0,
4226,4.226,0.0,0.0,0,0,
4227,4.227,0.0,0.0,0,0,
4228,4.228,0.0,0.0,0,0,
4229,4.229,0.0,0.0,0,0,
4230,4.23,0.0,0.0,0,0,
4231,4.231,0.0,0.0,0,0,
4232,4.232,0.0,0.0,0,0,
4233,4.233,0.0,0.0,0,0,
4234,4.234,0.0,0.0,0,0,
4235,4.235,0.0,0.0,0,0,
4236,4.236,0.0,0.0,0,0,
4237,4.237,0.0,0.0,0,0,
4238,4.238,0.0,0.0,0,0,
4239,4.239,0.0,0.0,0,0,
4240,4.24,0.0,0.0,0,0,
4241,4.241,0.0,0.0,0,0,
4242,4.242,0.0,0.0,0,0,
4243,4.243,0.0,0.0,0,0,
4244,4.244,0.0,0.0,0,0,
4245,4.245,0.0,0.0,0,0,
4246,4.246,0.0,0.0,0,0,
4247,4.247,0.0,0.0,0,0,
4248,4.248,0.0,0.0,0,0,
4249,4.249,0.0,0.0,0,0,
4250,4.25,0.0,0.0,0,0,
4251,4.251,0.0,0.0,0,0,
4252,4.252,0.0,0.0,0,0,
4253,4.253,0.0,0.0,0,0,
4254,4.2540000000000004,0.0,0.0,0,0,
4255,4.255,0.0,0.0,0,0,
4256,4.256,0.0,0.0,0,0,
4257,4.257,0.0,0.0,0,0,
4258,4.258,0.0,0.0,0,0,
4259,4.259,0.0,0.0,0,0,
4260,4.26,0.0,0.0,0,0,
4261,4.261,0.0,0.0,0,0,
4262,4.2620000000000005,0.0,0.0,0,0,
4263,4.263,0.0,0.0,0,0,
4264,4.264,0.0,0.0,0,0,
4265,4.265,0.0,0.0,0,0,
4266,4.266,0.0,0.0,0,0,
4267,4.267,0.0,0.0,0,0,
4268,4.268,0.0,0.0,0,0,
4269,4.269,0.0,0.0,0,0,
4270,4.2700000000000005,0.0,0.0,0,0,
4271,4.271,0.0,0.0,0,0,
4272,4.272,0.0,0.0,0,0,
4273,4.273,0.0,0.0,0,0,
4274,4.274,0.0,0.0,0,0,
4275,4.275,0.0,0.0,0,0,
4276,4.276,0.0,0.0,0,0,
4277,4.277,0.0,0.0,0,0,
4278,4.2780000000000005,0.0,0.0,0,0,
4279,4.279,0.0,0.0,0,0,
4280,4.28,0.0,0.0,0,0,
4281,4.281,0.0,0.0,0,0,
4282,4.282,0.0,0.0,0,0,
4283,4.283,0.0,0.0,0,0,
4284,4.284,0.0,0.0,0,0,
4285,4.285,0.0,0.0,0,0,
4286,4.2860000000000005,0.0,0.0,0,0,
4287,4.287,0.0,0.0,0,0,
4288,4.288,0.0,0.0,0,0,
4289,4.289,0.0,0.0,0,0,
4290,4.29,0.0,0.0,0,0,
4291,4.291,0.0,0.0,0,0,
4292,4.292,0.0,0.0,0,0,
4293,4.293,0.0,0.0,0,0,
4294,4.2940000000000005,0.0,0.0,0,0,
4295,4.295,0.0,0.0,0,0,
4296,4.296,0.0,0.0,0,0,
4297,4.297,0.0,0.0,0,0,
4298,4.298,0.0,0.0,0,0,
4299,4.299,0.0,0.0,0,0,
4300,4.3,0.0,0.0,0,0,6.35
4301,4.301,0.0,0.0,0,0,
4302,4.3020000000000005,0.0,0.0,0,0,
4303,4.303,0.0,0.0,0,0,
4304,4.304,0.0,0.0,0,0,
4305,4.305,0.0,0.0,0,0,
4306,4.306,0.0,0.0,0,0,
4307,4.307,0.0,0.0,0,0,
4308,4.308,0.0,0.0,0,0,
4309,4.309,0.0,0.0,0,0,
4310,4.3100000000000005,0.0,0.0,0,0,
4311,4.311,0.0,0.0,0,0,
4312,4.312,0.0,0.0,0,0,
4313,4.313,0.0,0.0,0,0,
4314,4.314,0.0,0.0,0,0,
4315,4.315,0.0,0.0,0,0,
4316,4.316,0.0,0.0,0,0,
4317,4.317,0.0,0.0,0,0,
4318,4.3180000000000005,0.0,0.0,0,0,
4319,4.319,0.0,0.0,0,0,
4320,4.32,0.0,0.0,0,0,
4321,4.321,0.0,0.0,0,0,
4322,4.322,0.0,0.0,0,0,
4323,4.323,0.0,0.0,0,0,
4324,4.324,0.0,0.0,0,0,
4325,4.325,0.0,0.0,0,0,
4326,4.3260000000000005,0.0,0.0,0,0,
4327,4.327,0.0,0.0,0,0,
4328,4.328,0.0,0.0,0,0,
4329,4.329,0.0,0.0,0,0,
4330,4.33,0.0,0.0,0,0,
4331,4.331,0.0,0.0,0,0,
4332,4.332,0.0,0.0,0,0,
4333,4.333,0.0,0.0,0,0,
4334,4.3340000000000005,0.0,0.0,0,0,
4335,4.335,0.0,0.0,0,0,
4336,4.336,0.0,0.0,0,0,
4337,4.337,0.0,0.0,0,0,
4338,4.338,0.0,0.0,0,0,
4339,4.339,0.0,0.0,0,0,
4340,4.34,0.0,0.0,0,0,
4341,4.341,0.0,0.0,0,0,
4342,4.3420000000000005,0.0,0.0,0,0,
4343,4.343,0.0,0.0,0,0,
4344,4.344,0.0,0.0,0,0,
4345,4.345,0.0,0.0,0,0,
4346,4.346,0.0,0.0,0,0,
4347,4.347,0.0,0.0,0,0,
4348,4.348,0.0,0.0,0,0,
4349,4.349,0.0,0.0,0,0,
4350,4.3500000000000005,0.0,0.0,0,0,
4351,4.351,0.0,0.0,0,0,
4352,4.352,0.0,0.0,0,0,
4353,4.353,0.0,0.0,0,0,
4354,4.354,0.0,0.0,0,0,
4355,4.355,0.0,0.0,0,0,
4356,4.356,0.0,0.0,0,0,
4357,4.357,0.0,0.0,0,0,
4358,4.358,0.0,0.0,0,0,
4359,4.359,0.0,0.0,0,0,
4360,4.36,0.0,0.0,0,0,
4361,4.361,0.0,0.0,0,0,
4362,4.362,0.0,0.0,0,0,
4363,4.363,0.0,0.0,0,0,
4364,4.364,0.0,0.0,0,0,
4365,4.365,0.0,0.0,0,0,
4366,4.366,0.0,0.0,0,0,
4367,4.367,0.0,0.0,0,0,
4368,4.368,0.0,0.0,0,0,
4369,4.369,0.0,0.0,0,0,
4370,4.37,0.0,0.0,0,0,
4371,4.371,0.0,0.0,0,0,
4372,4.372,0.0,0.0,0,0,
4373,4.373,0.0,0.0,0,0,
4374,4.374,0.0,0.0,0,0,
4375,4.375,0.0,0.0,0,0,
4376,4.376,0.0,0.0,0,0,
4377,4.377,0.0,0.0,0,0,
4378,4.378,0.0,0.0,0,0,
4379,4.3790000000000004,0.0,0.0,0,0,
4380,4.38,0.0,0.0,0,0,
4381,4.381,0.0,0.0,0,0,
4382,4.382,0.0,0.0,0,0,
4383,4.383,0.0,0.0,0,0,
4384,4.384,0.0,0.0,0,0,
4385,4.385,0.0,0.0,0,0,
4386,4.386,0.0,0.0,0,0,
4387,4.3870000000000005,0.0,0.0,0,0,
4388,4.388,0.0,0.0,0,0,
4389,4.389,0.0,0.0,0,0,
4390,4.39,0.0,0.0,0,0,
4391,4.391,0.0,0.0,0,0,
4392,4.392,0.0,0.0,0,0,
4393,4.393,0.0,0.0,0,0,
4394,4.394,0.0,0.0,0,0,
4395,4.3950000000000005,0.0,0.0,0,0,
4396,4.396,0.0,0.0,0,0,
4397,4.397,0.0,0.0,0,0,
4398,4.398,0.0,0.0,0,0,
4399,4.399,0.0,0.0,0,0,
4400,4.4,0.0,0.0,0,0,6.35
4401,4.401,0.0,0.0,0,0,
4402,4.402,0.0,0.0,0,0,
4403,4.4030000000000005,0.0,0.0,0,0,
4404,4.404,0.0,0.0,0,0,
4405,4.405,0.0,0.0,0,0,
4406,4.406,0.0,0.0,0,0,
4407,4.407,0.0,0.0,0,0,
4408,4.408,0.0,0.0,0,0,
4409,4.409,0.0,0.0,0,0,
4410,4.41,0.0,0.0,0,0,
4411,4.4110000000000005,0.0,0.0,0,0,
4412,4.412,0.0,0.0,0,0,
4413,4.413,0.0,0.0,0,0,
4414,4.414,0.0,0.0,0,0,
4415,4.415,0.0,0.0,0,0,
4416,4.416,0.0,0.0,0,0,
4417,4.417,0.0,0.0,0,0,
4418,4.418,0.0,0.0,0,0,
4419,4.4190000000000005,0.0,0.0,0,0,
4420,4.42,0.0,0.0,0,0,
4421,4.421,0.0,0.0,0,0,
4422,4.422,0.0,0.0,0,0,
4423,4.423,0.0,0.0,0,0,
4424,4.424,0.0,0.0,0,0,
4425,4.425,0.0,0.0,0,0,
4426,4.426,0.0,0.0,0,0,
4427,4.4270000000000005,0.0,0.0,0,0,
4428,4.428,0.0,0.0,0,0,
4429,4.429,0.0,0.0,0,0,
4430,4.43,0.0,0.0,0,0,
4431,4.431,0.0,0.0,0,0,
4432,4.432,0.0,0.0,0,0,
4433,4.433,0.0,0.0,0,0,
4434,4.434,0.0,0.0,0,0,
4435,4.4350000000000005,0.0,0.0,0,0,
4436,4.436,0.0,0.0,0,0,
4437,4.437,0.0,0.0,0,0,
4438,4.438,0.0,0.0,0,0,
4439,4.439,0.0,0.0,0,0,
4440,4.44,0.0,0.0,0,0,
4441,4.441,0.0,0.0,0,0,
4442,4.442,0.0,0.0,0,0,
4443,4.4430000000000005,0.0,0.0,0,0,
4444,4.444,0.0,0.0,0,0,
4445,4.445,0.0,0.0,0,0,
4446,4.446,0.0,0.0,0,0,
4447,4.447,0.0,0.0,0,0,
4448,4.448,0.0,0.0,0,0,
4449,4.449,0.0,0.0,0,0,
4450,4.45,0.0,0.0,0,0,
4451,4.4510000000000005,0.0,0.0,0,0,
4452,4.452,0.0,0.0,0,0,
4453,4.453,0.0,0.0,0,0,
4454,4.454,0.0,0.0,0,0,
4455,4.455,0.0,0.0,0,0,
4456,4.456,0.0,0.0,0,0,
4457,4.457,0.0,0.0,0,0,
4458,4.458,0.0,0.0,0,0,
4459,4.4590000000000005,0.0,0.0,0,0,
4460,4.46,0.0,0.0,0,0,
4461,4.461,0.0,0.0,0,0,
4462,4.462,0.0,0.0,0,0,
4463,4.463,0.0,0.0,0,0,
4464,4.464,0.0,0.0,0,0,
4465,4.465,0.0,0.0,0,0,
4466,4.466,0.0,0.0,0,0,
4467,4.4670000000000005,0.0,0.0,0,0,
4468,4.468,0.0,0.0,0,0,
4469,4.469,0.0,0.0,0,0,
4470,4.47,0.0,0.0,0,0,
4471,4.471,0.0,0.0,0,0,
4472,4.472,0.0,0.0,0,0,
4473,4.473,0.0,0.0,0,0,
4474,4.474,0.0,0.0,0,0,
4475,4.4750000000000005,0.0,0.0,0,0,
4476,4.476,0.0,0.0,0,0,
4477,4.477,0.0,0.0,0,0,
4478,4.478,0.0,0.0,0,0,
4479,4.479,0.0,0.0,0,0,
4480,4.48,0.0,0.0,0,0,
4481,4.481,0.0,0.0,0,0,
4482,4.482,0.0,0.0,0,0,
4483,4.483,0.0,0.0,0,0,
4484,4.484,0.0,0.0,0,0,
4485,4.485,0.0,0.0,0,0,
4486,4.486,0.0,0.0,0,0,
4487,4.487,0.0,0.0,0,0,
4488,4.488,0.0,0.0,0,0,
4489,4.489,0.0,0.0,0,0,
4490,4.49,0.0,0.0,0,0,
4491,4.491,0.0,0.0,0,0,
4492,4.492,0.0,0.0,0,0,
4493,4.493,0.0,0.0,0,0,
4494,4.494,0.0,0.0,0,0,
4495,4.495,0.0,0.0,0,0,
4496,4.496,0.0,0.0,0,0,
4497,4.497,0.0,0.0,0,0,
4498,4.498,0.0,0.0,0,0,
4499,4.499,0.0,0.0,0,0,
4500,4.5,0.0,0.0,0,0,6.35
4501,4.501,0.0,0.0,0,0,
4502,4.502,0.0,0.0,0,0,
4503,4.503,0.0,0.0,0,0,
4504,4.5040000000000004,0.0,0.0,0,0,
4505,4.505,0.0,0.0,0,0,
4506,4.506,0.0,0.0,0,0,
4507,4.507,0.0,0.0,0,0,
4508,4.508,0.0,0.0,0,0,
4509,4.509,0.0,0.0,0,0,
4510,4.51,0.0,0.0,0,0,
4511,4.511,0.0,0.0,0,0,
4512,4.5120000000000005,0.0,0.0,0,0,
4513,4.513,0.0,0.0,0,0,
4514,4.514,0.0,0.0,0,0,
4515,4.515,0.0,0.0,0,0,
4516,4.516,0.0,0.0,0,0,
4517,4.517,0.0,0.0,0,0,
4518,4.518,0.0,0.0,0,0,
4519,4.519,0.0,0.0,0,0,
4520,4.5200000000000005,0.0,0.0,0,0,
4521,4.521,0.0,0.0,0,0,
4522,4.522,0.0,0.0,0,0,
4523,4.523,0.0,0.0,0,0,
4524,4.524,0.0,0.0,0,0,
4525,4.525,0.0,0.0,0,0,
4526,4.526,0.0,0.0,0,0,
4527,4.527,0.0,0.0,0,0,
4528,4.5280000000000005,0.0,0.0,0,0,
4529,4.529,0.0,0.0,0,0,
4530,4.53,0.0,0.0,0,0,
4531,4.531,0.0,0.0,0,0,
4532,4.532,0.0,0.0,0,0,
4533,4.533,0.0,0.0,0,0,
4534,4.534,0.0,0.0,0,0,
4535,4.535,0.0,0.0,0,0,
4536,4.5360000000000005,0.0,0.0,0,0,
4537,4.537,0.0,0.0,0,0,
4538,4.538,0.0,0.0,0,0,
4539,4.539,0.0,0.0,0,0,
4540,4.54,0.0,0.0,0,0,
4541,4.541,0.0,0.0,0,0,
4542,4.542,0.0,0.0,0,0,
4543,4.543,0.0,0.0,0,0,
4544,4.5440000000000005,0.0,0.0,0,0,
4545,4.545,0.0,0.0,0,0,
4546,4.546,0.0,0.0,0,0,
4547,4.547,0.0,0.0,0,0,
4548,4.548,0.0,0.0,0,0,
4549,4.549,0.0,0.0,0,0,
4550,4.55,0.0,0.0,0,0,
4551,4.551,0.0,0.0,0,0,
4552,4.5520000000000005,0.0,0.0,0,0,
4553,4.553,0.0,0.0,0,0,
4554,4.554,0.0,0.0,0,0,
4555,4.555,0.0,0.0,0,0,
4556,4.556,0.0,0.0,0,0,
4557,4.557,0.0,0.0,0,0,
4558,4.558,0.0,0.0,0,0,
4559,4.559,0.0,0.0,0,0,
4560,4.5600000000000005,0.0,0.0,0,0,
4561,4.561,0.0,0.0,0,0,
4562,4.562,0.0,0.0,0,0,
4563,4.563,0.0,0.0,0,0,
4564,4.564,0.0,0.0,0,0,
4565,4.565,0.0,0.0,0,0,
4566,4.566,0.0,0.0,0,0,
4567,4.567,0.0,0.0,0,0,
4568,4.5680000000000005,0.0,0.0,0,0,
4569,4.569,0.0,0.0,0,0,
4570,4.57,0.0,0.0,0,0,
4571,4.571,0.0,0.0,0,0,
4572,4.572,0.0,0.0,0,0,
4573,4.573,0.0,0.0,0,0,
4574,4.574,0.0,0.0,0,0,
4575,4.575,0.0,0.0,0,0,
4576,4.5760000000000005,0.0,0.0,0,0,
4577,4.577,0.0,0.0,0,0,
4578,4.578,0.0,0.0,0,0,
4579,4.579,0.0,0.0,0,0,
4580,4.58,0.0,0.0,0,0,
4581,4.581,0.0,0.0,0,0,
4582,4.582,0.0,0.0,0,0,
4583,4.583,0.0,0.0,0,0,
4584,4.5840000000000005,0.0,0.0,0,0,
4585,4.585,0.0,0.0,0,0,
4586,4.586,0.0,0.0,0,0,
4587,4.587,0.0,0.0,0,0,
4588,4.588,0.0,0.0,0,0,
4589,4.589,0.0,0.0,0,0,
4590,4.59,0.0,0.0,0,0,
4591,4.591,0.0,0.0,0,0,
4592,4.5920000000000005,0.0,0.0,0,0,
4593,4.593,0.0,0.0,0,0,
4594,4.594,0.0,0.0,0,0,
4595,4.595,0.0,0.0,0,0,
4596,4.596,0.0,0.0,0,0,
4597,4.597,0.0,0.0,0,0,
4598,4.598,0.0,0.0,0,0,
4599,4.599,0.0,0.0,0,0,
4600,4.6000000000000005,0.0,0.0,0,0,6.35
4601,4.601,0.0,0.0,0,0,
4602,4.602,0.0,0.0,0,0,
4603,4.603,0.0,0.0,0,0,
4604,4.604,0.0,0.0,0,0,
4605,4.605,0.0,0.0,0,0,
4606,4.606,0.0,0.0,0,0,
4607,4.607,0.0,0.0,0,0,
4608,4.6080000000000005,0.0,0.0,0,0,
4609,4.609,0.0,0.0,0,0,
4610,4.61,0.0,0.0,0,0,
4611,4.611,0.0,0.0,0,0,
4612,4.612,0.0,0.0,0,0,
4613,4.613,0.0,0.0,0,0,
4614,4.614,0.0,0.0,0,0,
4615,4.615,0.0,0.0,0,0,
4616,4.616,0.0,0.0,0,0,
4617,4.617,0.0,0.0,0,0,
4618,4.618,0.0,0.0,0,0,
4619,4.619,0.0,0.0,0,0,
4620,4.62,0.0,0.0,0,0,
4621,4.621,0.0,0.0,0,0,
4622,4.622,0.0,0.0,0,0,
4623,4.623,0.0,0.0,0,0,
4624,4.624,0.0,0.0,0,0,
4625,4.625,0.0,0.0,0,0,
4626,4.626,0.0,0.0,0,0,
4627,4.627,0.0,0.0,0,0,
4628,4.628,0.0,0.0,0,0,
4629,4.6290000000000004,0.0,0.0,0,0,
4630,4.63,0.0,0.0,0,0,
4631,4.631,0.0,0.0,0,0,
4632,4.632,0.0,0.0,0,0,
4633,4.633,0.0,0.0,0,0,
4634,4.634,0.0,0.0,0,0,
4635,4.635,0.0,0.0,0,0,
4636,4.636,0.0,0.0,0,0,
4637,4.6370000000000005,0.0,0.0,0,0,
4638,4.638,0.0,0.0,0,0,
4639,4.639,0.0,0.0,0,0,
4640,4.64,0.0,0.0,0,0,
4641,4.641,0.0,0.0,0,0,
4642,4.642,0.0,0.0,0,0,
4643,4.643,0.0,0.0,0,0,
4644,4.644,0.0,0.0,0,0,
4645,4.6450000000000005,0.0,0.0,0,0,
4646,4.646,0.0,0.0,0,0,
4647,4.647,0.0,0.0,0,0,
4648,4.648,0.0,0.0,0,0,
4649,4.649,0.0,0.0,0,0,
4650,4.65,0.0,0.0,0,0,
4651,4.651,0.0,0.0,0,0,
4652,4.652,0.0,0.0,0,0,
4653,4.6530000000000005,0.0,0.0,0,0,
4654,4.654,0.0,0.0,0,0,
4655,4.655,0.0,0.0,0,0,
4656,4.656,0.0,0.0,0,0,
4657,4.657,0.0,0.0,0,0,
4658,4.658,0.0,0.0,0,0,
4659,4.659,0.0,0.0,0,0,
4660,4.66,0.0,0.0,0,0,
4661,4.6610000000000005,0.0,0.0,0,0,
4662,4.662,0.0,0.0,0,0,
4663,4.663,0.0,0.0,0,0,
4664,4.664,0.0,0.0,0,0,
4665,4.665,0.0,0.0,0,0,
4666,4.666,0.0,0.0,0,0,
4667,4.667,0.0,0.0,0,0,
4668,4.668,0.0,0.0,0,0,
4669,4.6690000000000005,0.0,0.0,0,0,
4670,4.67,0.0,0.0,0,0,
4671,4.671,0.0,0.0,0,0,
4672,4.672,0.0,0.0,0,0,
4673,4.673,0.0,0.0,0,0,
4674,4.674,0.0,0.0,0,0,
4675,4.675,0.0,0.0,0,0,
4676,4.676,0.0,0.0,0,0,
4677,4.6770000000000005,0.0,0.0,0,0,
4678,4.678,0.0,0.0,0,0,
4679,4.679,0.0,0.0,0,0,
4680,4.68,0.0,0.0,0,0,
4681,4.681,0.0,0.0,0,0,
4682,4.682,0.0,0.0,0,0,
4683,4.683,0.0,0.0,0,0,
4684,4.684,0.0,0.0,0,0,
4685,4.6850000000000005,0.0,0.0,0,0,
4686,4.686,0.0,0.0,0,0,
4687,4.687,0.0,0.0,0,0,
4688,4.688,0.0,0.0,0,0,
4689,4.689,0.0,0.0,0,0,
4690,4.69,0.0,0.0,0,0,
4691,4.691,0.0,0.0,0,0,
4692,4.692,0.0,0.0,0,0,
4693,4.6930000000000005,0.0,0.0,0,0,
4694,4.694,0.0,0.0,0,0,
4695,4.695,0.0,0.0,0,0,
4696,4.696,0.0,0.0,0,0,
4697,4.697,0.0,0.0,0,0,
4698,4.698,0.0,0.0,0,0,
4699,4.699,0.0,0.0,0,0,
4700,4.7,0.0,0.0,0,0,6.35
4701,4.7010000000000005,0.0,0.0,0,0,
4702,4.702,0.0,0.0,0,0,
4703,4.703,0.0,0.0,0,0,
4704,4.704,0.0,0.0,0,0,
4705,4.705,0.0,0.0,0,0,
4706,4.706,0.0,0.0,0,0,
4707,4.707,0.0,0.0,0,0,
4708,4.708,0.0,0.0,0,0,
4709,4.7090000000000005,0.0,0.0,0,0,
4710,4.71,0.0,0.0,0,0,
4711,4.711,0.0,0.0,0,0,
4712,4.712,0.0,0.0,0,0,
4713,4.713,0.0,0.0,0,0,
4714,4.714,0.0,0.0,0,0,
4715,4.715,0.0,0.0,0,0,
4716,4.716,0.0,0.0,0,0,
4717,4.7170000000000005,0.0,0.0,0,0,
4718,4.718,0.0,0.0,0,0,
4719,4.719,0.0,0.0,0,0,
4720,4.72,0.0,0.0,0,0,
4721,4.721,0.0,0.0,0,0,
4722,4.722,0.0,0.0,0,0,
4723,4.723,0.0,0.0,0,0,
4724,4.724,0.0,0.0,0,0,
4725,4.7250000000000005,0.0,0.0,0,0,
4726,4.726,0.0,0.0,0,0,
4727,4.727,0.0,0.0,0,0,
4728,4.728,0.0,0.0,0,0,
4729,4.729,0.0,0.0,0,0,
4730,4.73,0.0,0.0,0,0,
4731,4.731,0.0,0.0,0,0,
4732,4.732,0.0,0.0,0,0,
4733,4.7330000000000005,0.0,0.0,0,0,
4734,4.734,0.0,0.0,0,0,
4735,4.735,0.0,0.0,0,0,
4736,4.736,0.0,0.0,0,0,
4737,4.737,0.0,0.0,0,0,
4738,4.738,0.0,0.0,0,0,
4739,4.739,0.0,0.0,0,0,
4740,4.74,0.0,0.0,0,0,
4741,4.741,0.0,0.0,0,0,
4742,4.742,0.0,0.0,0,0,
4743,4.743,0.0,0.0,0,0,
4744,4.744,0.0,0.0,0,0,
4745,4.745,0.0,0.0,0,0,
4746,4.746,0.0,0.0,0,0,
4747,4.747,0.0,0.0,0,0,
4748,4.748,0.0,0.0,0,0,
4749,4.749,0.0,0.0,0,0,
4750,4.75,0.0,0.0,0,0,
4751,4.751,0.0,0.0,0,0,
4752,4.752,0.0,0.0,0,0,
4753,4.753,0.0,0.0,0,0,
4754,4.7540000000000004,0.0,0.0,0,0,
4755,4.755,0.0,0.0,0,0,
4756,4.756,0.0,0.0,0,0,
4757,4.757,0.0,0.0,0,0,
4758,4.758,0.0,0.0,0,0,
4759,4.759,0.0,0.0,0,0,
4760,4.76,0.0,0.0,0,0,
4761,4.761,0.0,0.0,0,0,
4762,4.7620000000000005,0.0,0.0,0,0,
4763,4.763,0.0,0.0,0,0,
4764,4.764,0.0,0.0,0,0,
4765,4.765,0.0,0.0,0,0,
4766,4.766,0.0,0.0,0,0,
4767,4.767,0.0,0.0,0,0,
4768,4.768,0.0,0.0,0,0,
4769,4.769,0.0,0.0,0,0,
4770,4.7700000000000005,0.0,0.0,0,0,
4771,4.771,0.0,0.0,0,0,
4772,4.772,0.0,0.0,0,0,
4773,4.773,0.0,0.0,0,0,
4774,4.774,0.0,0.0,0,0,
4775,4.775,0.0,0.0,0,0,
4776,4.776,0.0,0.0,0,0,
4777,4.777,0.0,0.0,0,0,
4778,4.7780000000000005,0.0,0.0,0,0,
4779,4.779,0.0,0.0,0,0,
4780,4.78,0.03,0.0,1,1,
4781,4.781,0.03,0.0,1,1,
4782,4.782,0.03,0.0,1,1,
4783,4.783,0.03,0.0,1,1,
4784,4.784,0.03,0.0,1,1,
4785,4.785,0.03,0.0,1,1,
4786,4.7860000000000005,0.03,0.0,1,1,
4787,4.787,0.03,0.0,1,1,
4788,4.788,0.03,0.0,1,1,
4789,4.789,0.03,0.0,1,1,
4790,4.79,0.03,0.0,1,1,
4791,4.791,0.03,0.0,1,1,
4792,4.792,0.03,0.0,1,1,
4793,4.793,0.03,0.0,1,1,
4794,4.7940000000000005,0.03,0.0,1,1,
4795,4.795,0.03,0.0,1,1,
4796,4.796,0.03,0.0,1,1,
4797,4.797,0.03,0.0,1,1,
4798,4.798,0.03,0.0,1,1,
4799,4.799,0.03,0.0,1,1,
4800,4.8,0.03,0.0,1,1,5.971687031721197
4801,4.801,0.03,0.0,1,1,
4802,4.8020000000000005,0.03,0.0,1,1,
4803,4.803,0.03,0.0,1,1,
4804,4.804,0.03,0.0,1,1,
4805,4.805,0.03,0.0,1,1,
4806,4.806,0.03,0.0,1,1,
4807,4.807,0.03,0.0,1,1,
4808,4.808,0.03,0.0,1,1,
4809,4.809,0.03,0.0,1,1,
4810,4.8100000000000005,0.03,0.0,1,1,
4811,4.811,0.03,0.0,1,1,
4812,4.812,0.03,0.0,1,1,
4813,4.813,0.03,0.0,1,1,
4814,4.814,0.03,0.0,1,1,
4815,4.815,0.03,0.0,1,1,
4816,4.816,0.03,0.0,1,1,
4817,4.817,0.03,0.0,1,1,
4818,4.8180000000000005,0.03,0.0,1,1,
4819,4.819,0.03,0.0,1,1,
4820,4.82,0.03,0.0,1,1,
4821,4.821,0.03,0.0,1,1,
4822,4.822,0.03,0.0,1,1,
4823,4.823,0.03,0.0,1,1,
4824,4.824,0.03,0.0,1,1,
4825,4.825,0.03,0.0,1,1,
4826,4.8260000000000005,0.03,0.0,1,1,
4827,4.827,0.03,0.0,1,1,
4828,4.828,0.03,0.0,1,1,
4829,4.829,0.03,0.0,1,1,
4830,4.83,0.03,0.0,1,1,
4831,4.831,0.03,0.0,1,1,
4832,4.832,0.03,0.0,1,1,
4833,4.833,0.03,0.0,1,1,
4834,4.8340000000000005,0.03,0.0,1,1,
4835,4.835,0.03,0.0,1,1,
4836,4.836,0.03,0.0,1,1,
4837,4.837,0.03,0.0,1,1,
4838,4.838,0.03,0.0,1,1,
4839,4.839,0.03,0.0,1,1,
4840,4.84,0.03,0.0,1,1,
4841,4.841,0.03,0.0,1,1,
4842,4.8420000000000005,0.03,0.0,1,1,
4843,4.843,0.03,0.0,1,1,
4844,4.844,0.03,0.0,1,1,
4845,4.845,0.03,0.0,1,1,
4846,4.846,0.03,0.0,1,1,
4847,4.847,0.03,0.0,1,1,
4848,4.848,0.03,0.0,1,1,
4849,4.849,0.03,0.0,1,1,
4850,4.8500000000000005,0.03,0.0,1,1,
4851,4.851,0.03,0.0,1,1,
4852,4.852,0.03,0.0,1,1,
4853,4.853,0.03,0.0,1,1,
4854,4.854,0.03,0.0,1,1,
4855,4.855,0.03,0.0,1,1,
4856,4.856,0.03,0.0,1,1,
4857,4.857,0.03,0.0,1,1,
4858,4.8580000000000005,0.03,0.0,1,1,
4859,4.859,0.03,0.0,1,1,
4860,4.86,0.03,0.0,1,1,
4861,4.861,0.03,0.0,1,1,
4862,4.862,0.03,0.0,1,1,
4863,4.863,0.03,0.0,1,1,
4864,4.864,0.03,0.0,1,1,
4865,4.865,0.03,0.0,1,1,
4866,4.866,0.03,0.0,1,1,
4867,4.867,0.03,0.0,1,1,
4868,4.868,0.03,0.0,1,1,
4869,4.869,0.03,0.0,1,1,
4870,4.87,0.03,0.0,1,1,
4871,4.871,0.03,0.0,1,1,
4872,4.872,0.03,0.0,1,1,
4873,4.873,0.03,0.0,1,1,
4874,4.874,0.03,0.0,1,1,
4875,4.875,0.03,0.0,1,1,
4876,4.876,0.03,0.0,1,1,
4877,4.877,0.03,0.0,1,1,
4878,4.878,0.03,0.0,1,1,
4879,4.8790000000000004,0.03,0.0,1,1,
4880,4.88,0.03,0.0,1,1,
4881,4.881,0.03,0.0,1,1,
4882,4.882,0.03,0.0,1,1,
4883,4.883,0.03,0.0,1,1,
4884,4.884,0.03,0.0,1,1,
4885,4.885,0.03,0.0,1,1,
4886,4.886,0.03,0.0,1,1,
4887,4.8870000000000005,0.03,0.0,1,1,
4888,4.888,0.03,0.0,1,1,
4889,4.889,0.03,0.0,1,1,
4890,4.89,0.03,0.0,1,1,
4891,4.891,0.03,0.0,1,1,
4892,4.892,0.03,0.0,1,1,
4893,4.893,0.03,0.0,1,1,
4894,4.894,0.03,0.0,1,1,
4895,4.8950000000000005,0.03,0.0,1,1,
4896,4.896,0.03,0.0,1,1,
4897,4.897,0.03,0.0,1,1,
4898,4.898,0.03,0.0,1,1,
4899,4.899,0.03,0.0,1,1,
4900,4.9,0.03,0.0,1,1,5.880695187981333
4901,4.901,0.03,0.0,1,1,
4902,4.902,0.03,0.0,1,1,
4903,4.9030000000000005,0.03,0.0,1,1,
4904,4.904,0.03,0.0,1,1,
4905,4.905,0.03,0.0,1,1,
4906,4.906,0.03,0.0,1,1,
4907,4.907,0.03,0.0,1,1,
4908,4.908,0.03,0.0,1,1,
4909,4.909,0.03,0.0,1,1,
4910,4.91,0.03,0.0,1,1,
4911,4.9110000000000005,0.03,0.0,1,1,
4912,4.912,0.03,0.0,1,1,
4913,4.913,0.03,0.0,1,1,
4914,4.914,0.03,0.0,1,1,
4915,4.915,0.03,0.0,1,1,
4916,4.916,0.03,0.0,1,1,
4917,4.917,0.03,0.0,1,1,
4918,4.918,0.03,0.0,1,1,
4919,4.9190000000000005,0.03,0.0,1,1,
4920,4.92,0.03,0.0,1,1,
4921,4.921,0.03,0.0,1,1,
4922,4.922,0.03,0.0,1,1,
4923,4.923,0.03,0.0,1,1,
4924,4.924,0.03,0.0,1,1,
4925,4.925,0.03,0.0,1,1,
4926,4.926,0.03,0.0,1,1,
4927,4.9270000000000005,0.03,0.0,1,1,
4928,4.928,0.03,0.0,1,1,
4929,4.929,0.03,0.0,1,1,
4930,4.93,0.03,0.0,1,1,
4931,4.931,0.03,0.0,1,1,
4932,4.932,0.03,0.0,1,1,
4933,4.933,0.03,0.0,1,1,
4934,4.934,0.03,0.0,1,1,
4935,4.9350000000000005,0.03,0.0,1,1,
4936,4.936,0.03,0.0,1,1,
4937,4.937,0.03,0.0,1,1,
4938,4.938,0.03,0.0,1,1,
4939,4.939,0.03,0.0,1,1,
4940,4.94,0.03,0.0,1,1,
4941,4.941,0.03,0.0,1,1,
4942,4.942,0.03,0.0,1,1,
4943,4.9430000000000005,0.03,0.0,1,1,
4944,4.944,0.03,0.0,1,1,
4945,4.945,0.03,0.0,1,1,
4946,4.946,0.03,0.0,1,1,
4947,4.947,0.03,0.0,1,1,
4948,4.948,0.03,0.0,1,1,
4949,4.949,0.03,0.0,1,1,
4950,4.95,0.03,0.0,1,1,
4951,4.9510000000000005,0.03,0.0,1,1,
4952,4.952,0.03,0.0,1,1,
4953,4.953,0.03,0.0,1,1,
4954,4.954,0.03,0.0,1,1,
4955,4.955,0.03,0.0,1,1,
4956,4.956,0.03,0.0,1,1,
4957,4.957,0.03,0.0,1,1,
4958,4.958,0.03,0.0,1,1,
4959,4.9590000000000005,0.03,0.0,1,1,
4960,4.96,0.03,0.0,1,1,
4961,4.961,0.03,0.0,1,1,
4962,4.962,0.03,0.0,1,1,
4963,4.963,0.03,0.0,1,1,
4964,4.964,0.03,0.0,1,1,
4965,4.965,0.03,0.0,1,1,
4966,4.966,0.03,0.0,1,1,
4967,4.9670000000000005,0.03,0.0,1,1,
4968,4.968,0.03,0.0,1,1,
4969,4.969,0.03,0.0,1,1,
4970,4.97,0.03,0.0,1,1,
4971,4.971,0.03,0.0,1,1,
4972,4.972,0.03,0.0,1,1,
4973,4.973,0.03,0.0,1,1,
4974,4.974,0.03,0.0,1,1,
4975,4.9750000000000005,0.03,0.0,1,1,
4976,4.976,0.03,0.0,1,1,
4977,4.977,0.03,0.0,1,1,
4978,4.978,0.03,0.0,1,1,
4979,4.979,0.03,0.0,1,1,
4980,4.98,0.03,0.0,1,1,
4981,4.981,0.03,0.0,1,1,
4982,4.982,0.03,0.0,1,1,
4983,4.9830000000000005,0.03,0.0,1,1,
4984,4.984,0.03,0.0,1,1,
4985,4.985,0.03,0.0,1,1,
4986,4.986,0.03,0.0,1,1,
4987,4.987,0.03,0.0,1,1,
4988,4.988,0.03,0.0,1,1,
4989,4.989,0.03,0.0,1,1,
4990,4.99,0.03,0.0,1,1,
4991,4.9910000000000005,0.03,0.0,1,1,
4992,4.992,0.03,0.0,1,1,
4993,4.993,0.03,0.0,1,1,
4994,4.994,0.03,0.0,1,1,
4995,4.995,0.03,0.0,1,1,
4996,4.996,0.03,0.0,1,1,
4997,4.997,0.03,0.0,1,1,
4998,4.998,0.03,0.0,1,1,
4999,4.999,0.03,0.0,1,1,
5000,5.0,0.03,0.0,1,1,6.399597019747661
5001,5.001,0.03,0.0,1,1,
5002,5.002,0.03,0.0,1,1,
5003,5.003,0.03,0.0,1,1,
5004,5.0040000000000004,0.03,0.0,1,1,
5005,5.005,0.03,0.0,1,1,
5006,5.006,0.03,0.0,1,1,
5007,5.007,0.03,0.0,1,1,
5008,5.008,0.03,0.0,1,1,
5009,5.009,0.03,0.0,1,1,
5010,5.01,0.03,0.0,1,1,
5011,5.011,0.03,0.0,1,1,
5012,5.0120000000000005,0.03,0.0,1,1,
5013,5.013,0.03,0.0,1,1,
5014,5.014,0.03,0.0,1,1,
5015,5.015,0.03,0.0,1,1,
5016,5.016,0.03,0.0,1,1,
5017,5.017,0.03,0.0,1,1,
5018,5.018,0.03,0.0,1,1,
5019,5.019,0.03,0.0,1,1,
5020,5.0200000000000005,0.03,0.0,1,1,
5021,5.021,0.03,0.0,1,1,
5022,5.022,0.03,0.0,1,1,
5023,5.023,0.03,0.0,1,1,
5024,5.024,0.03,0.0,1,1,
5025,5.025,0.03,0.0,1,1,
5026,5.026,0.03,0.0,1,1,
5027,5.027,0.03,0.0,1,1,
5028,5.0280000000000005,0.03,0.0,1,1,
5029,5.029,0.03,0.0,1,1,
5030,5.03,0.03,0.0,1,1,
5031,5.031,0.03,0.0,1,1,
5032,5.032,0.03,0.0,1,1,
5033,5.033,0.03,0.0,1,1,
5034,5.034,0.03,0.0,1,1,
5035,5.035,0.03,0.0,1,1,
5036,5.0360000000000005,0.03,0.0,1,1,
5037,5.037,0.03,0.0,1,1,
5038,5.038,0.03,0.0,1,1,
5039,5.039,0.03,0.0,1,1,
5040,5.04,0.03,0.0,1,1,
5041,5.041,0.03,0.0,1,1,
5042,5.042,0.03,0.0,1,1,
5043,5.043,0.03,0.0,1,1,
5044,5.0440000000000005,0.03,0.0,1,1,
5045,5.045,0.03,0.0,1,1,
5046,5.046,0.03,0.0,1,1,
5047,5.047,0.03,0.0,1,1,
5048,5.048,0.03,0.0,1,1,
5049,5.049,0.03,0.0,1,1,
5050,5.05,0.03,0.0,1,1,
5051,5.051,0.03,0.0,1,1,
5052,5.0520000000000005,0.03,0.0,1,1,
5053,5.053,0.03,0.0,1,1,
5054,5.054,0.03,0.0,1,1,
5055,5.055,0.03,0.0,1,1,
5056,5.056,0.03,0.0,1,1,
5057,5.057,0.03,0.0,1,1,
5058,5.058,0.03,0.0,1,1,
5059,5.059,0.03,0.0,1,1,
5060,5.0600000000000005,0.03,0.0,1,1,
5061,5.061,0.03,0.0,1,1,
5062,5.062,0.03,0.0,1,1,
5063,5.063,0.03,0.0,1,1,
5064,5.064,0.03,0.0,1,1,
5065,5.065,0.03,0.0,1,1,
5066,5.066,0.03,0.0,1,1,
5067,5.067,0.03,0.0,1,1,
5068,5.0680000000000005,0.03,0.0,1,1,
5069,5.069,0.03,0.0,1,1,
5070,5.07,0.03,0.0,1,1,
5071,5.071,0.03,0.0,1,1,
5072,5.072,0.03,0.0,1,1,
5073,5.073,0.03,0.0,1,1,
5074,5.074,0.03,0.0,1,1,
5075,5.075,0.03,0.0,1,1,
5076,5.0760000000000005,0.03,0.0,1,1,
5077,5.077,0.03,0.0,1,1,
5078,5.078,0.03,0.0,1,1,
5079,5.079,0.03,0.0,1,1,
5080,5.08,0.03,0.0,1,1,
5081,5.081,0.03,0.0,1,1,
5082,5.082,0.03,0.0,1,1,
5083,5.083,0.03,0.0,1,1,
5084,5.0840000000000005,0.03,0.0,1,1,
5085,5.085,0.03,0.0,1,1,
5086,5.086,0.03,0.0,1,1,
5087,5.087,0.03,0.0,1,1,
5088,5.088,0.03,0.0,1,1,
5089,5.089,0.03,0.0,1,1,
5090,5.09,0.03,0.0,1,1,
5091,5.091,0.03,0.0,1,1,
5092,5.0920000000000005,0.03,0.0,1,1,
5093,5.093,0.03,0.0,1,1,
5094,5.094,0.03,0.0,1,1,
5095,5.095,0.03,0.0,1,1,
5096,5.096,0.03,0.0,1,1,
5097,5.097,0.03,0.0,1,1,
5098,5.098,0.03,0.0,1,1,
5099,5.099,0.03,0.0,1,1,
5100,5.1000000000000005,0.03,0.0,1,1,6.108062187610034
5101,5.101,0.03,0.0,1,1,
5102,5.102,0.03,0.0,1,1,
5103,5.103,0.03,0.0,1,1,
5104,5.104,0.03,0.0,1,1,
5105,5.105,0.03,0.0,1,1,
5106,5.106,0.03,0.0,1,1,
5107,5.107,0.03,0.0,1,1,
5108,5.1080000000000005,0.03,0.0,1,1,
5109,5.109,0.03,0.0,1,1,
5110,5.11,0.03,0.0,1,1,
5111,5.111,0.03,0.0,1,1,
5112,5.112,0.03,0.0,1,1,
5113,5.113,0.03,0.0,1,1,
5114,5.114,0.03,0.0,1,1,
5115,5.115,0.03,0.0,1,1,
5116,5.1160000000000005,0.03,0.0,1,1,
5117,5.117,0.03,0.0,1,1,
5118,5.118,0.03,0.0,1,1,
5119,5.119,0.03,0.0,1,1,
5120,5.12,0.03,0.0,1,1,
5121,5.121,0.03,0.0,1,1,
5122,5.122,0.03,0.0,1,1,
5123,5.123,0.03,0.0,1,1,
5124,5.124,0.03,0.0,1,1,
5125,5.125,0.03,0.0,1,1,
5126,5.126,0.03,0.0,1,1,
5127,5.127,0.03,0.0,1,1,
5128,5.128,0.03,0.0,1,1,
5129,5.1290000000000004,0.03,0.0,1,1,
5130,5.13,0.03,0.0,1,1,
5131,5.131,0.03,0.0,1,1,
5132,5.132,0.03,0.0,1,1,
5133,5.133,0.03,0.0,1,1,
5134,5.134,0.03,0.0,1,1,
5135,5.135,0.03,0.0,1,1,
5136,5.136,0.03,0.0,1,1,
5137,5.1370000000000005,0.03,0.0,1,1,
5138,5.138,0.03,0.0,1,1,
5139,5.139,0.03,0.0,1,1,
5140,5.14,0.03,0.0,1,1,
5141,5.141,0.03,0.0,1,1,
5142,5.142,0.03,0.0,1,1,
5143,5.143,0.03,0.0,1,1,
5144,5.144,0.03,0.0,1,1,
5145,5.1450000000000005,0.03,0.0,1,1,
5146,5.146,0.03,0.0,1,1,
5147,5.147,0.03,0.0,1,1,
5148,5.148,0.03,0.0,1,1,
5149,5.149,0.03,0.0,1,1,
5150,5.15,0.03,0.0,1,1,
5151,5.151,0.03,0.0,1,1,
5152,5.152,0.03,0.0,1,1,
5153,5.1530000000000005,0.03,0.0,1,1,
5154,5.154,0.03,0.0,1,1,
5155,5.155,0.03,0.0,1,1,
5156,5.156,0.03,0.0,1,1,
5157,5.157,0.03,0.0,1,1,
5158,5.158,0.03,0.0,1,1,
5159,5.159,0.03,0.0,1,1,
5160,5.16,0.03,0.0,1,1,
5161,5.1610000000000005,0.03,0.0,1,1,
5162,5.162,0.03,0.0,1,1,
5163,5.163,0.03,0.0,1,1,
5164,5.164,0.03,0.0,1,1,
5165,5.165,0.03,0.0,1,1,
5166,5.166,0.03,0.0,1,1,
5167,5.167,0.03,0.0,1,1,
5168,5.168,0.03,0.0,1,1,
5169,5.1690000000000005,0.03,0.0,1,1,
5170,5.17,0.03,0.0,1,1,
5171,5.171,0.03,0.0,1,1,
5172,5.172,0.03,0.0,1,1,
5173,5.173,0.03,0.0,1,1,
5174,5.174,0.03,0.0,1,1,
5175,5.175,0.03,0.0,1,1,
5176,5.176,0.03,0.0,1,1,
5177,5.1770000000000005,0.03,0.0,1,1,
5178,5.178,0.03,0.0,1,1,
5179,5.179,0.03,0.0,1,1,
5180,5.18,0.03,0.0,1,1,
5181,5.181,0.03,0.0,1,1,
5182,5.182,0.03,0.0,1,1,
5183,5.183,0.03,0.0,1,1,
5184,5.184,0.03,0.0,1,1,
5185,5.1850000000000005,0.03,0.0,1,1,
5186,5.186,0.03,0.0,1,1,
5187,5.187,0.03,0.0,1,1,
5188,5.188,0.03,0.0,1,1,
5189,5.189,0.03,0.0,1,1,
5190,5.19,0.03,0.0,1,1,
5191,5.191,0.03,0.0,1,1,
5192,5.192,0.03,0.0,1,1,
5193,5.1930000000000005,0.03,0.0,1,1,
5194,5.194,0.03,0.0,1,1,
5195,5.195,0.03,0.0,1,1,
5196,5.196,0.03,0.0,1,1,
5197,5.197,0.03,0.0,1,1,
5198,5.198,0.03,0.0,1,1,
5199,5.199,0.03,0.0,1,1,
5200,5.2,0.03,0.0,1,1,3.5260460979618222
5201,5.2010000000000005,0.03,0.0,1,1,
5202,5.202,0.03,0.0,1,1,
5203,5.203,0.03,0.0,1,1,
5204,5.204,0.03,0.0,1,1,
5205,5.205,0.03,0.0,1,1,
5206,5.206,0.03,0.0,1,1,
5207,5.207,0.03,0.0,1,1,
5208,5.208,0.03,0.0,1,1,
5209,5.2090000000000005,0.03,0.0,1,1,
5210,5.21,0.03,0.0,1,1,
5211,5.211,0.03,0.0,1,1,
5212,5.212,0.03,0.0,1,1,
5213,5.213,0.03,0.0,1,1,
5214,5.214,0.03,0.0,1,1,
5215,5.215,0.03,0.0,1,1,
5216,5.216,0.03,0.0,1,1,
5217,5.2170000000000005,0.03,0.0,1,1,
5218,5.218,0.03,0.0,1,1,
5219,5.219,0.03,0.0,1,1,
5220,5.22,0.03,0.0,1,1,
5221,5.221,0.03,0.0,1,1,
5222,5.222,0.03,0.0,1,1,
5223,5.223,0.03,0.0,1,1,
5224,5.224,0.03,0.0,1,1,
5225,5.2250000000000005,0.03,0.0,1,1,
5226,5.226,0.03,0.0,1,1,
5227,5.227,0.03,0.0,1,1,
5228,5.228,0.03,0.0,1,1,
5229,5.229,0.03,0.0,1,1,
5230,5.23,0.03,0.0,1,1,
5231,5.231,0.03,0.0,1,1,
5232,5.232,0.03,0.0,1,1,
5233,5.2330000000000005,0.03,0.0,1,1,
5234,5.234,0.03,0.0,1,1,
5235,5.235,0.03,0.0,1,1,
5236,5.236,0.03,0.0,1,1,
5237,5.237,0.03,0.0,1,1,
5238,5.238,0.03,0.0,1,1,
5239,5.239,0.03,0.0,1,1,
5240,5.24,0.03,0.0,1,1,
5241,5.2410000000000005,0.03,0.0,1,1,
5242,5.242,0.03,0.0,1,1,
5243,5.243,0.03,0.0,1,1,
5244,5.244,0.03,0.0,1,1,
5245,5.245,0.03,0.0,1,1,
5246,5.246,0.03,0.0,1,1,
5247,5.247,0.03,0.0,1,1,
5248,5.248,0.03,0.0,1,1,
5249,5.249,0.03,0.0,1,1,
5250,5.25,0.03,0.0,1,1,
5251,5.251,0.03,0.0,1,1,
5252,5.252,0.03,0.0,1,1,
5253,5.253,0.03,0.0,1,1,
5254,5.2540000000000004,0.03,0.0,1,1,
5255,5.255,0.03,0.0,1,1,
5256,5.256,0.03,0.0,1,1,
5257,5.257,0.03,0.0,1,1,
5258,5.258,0.03,0.0,1,1,
5259,5.259,0.03,0.0,1,1,
5260,5.26,0.03,0.0,1,1,
5261,5.261,0.03,0.0,1,1,
5262,5.2620000000000005,0.03,0.0,1,1,
5263,5.263,0.03,0.0,1,1,
5264,5.264,0.03,0.0,1,1,
5265,5.265,0.03,0.0,1,1,
5266,5.266,0.03,0.0,1,1,
5267,5.267,0.03,0.0,1,1,
5268,5.268,0.03,0.0,1,1,
5269,5.269,0.03,0.0,1,1,
5270,5.2700000000000005,0.03,0.0,1,1,
5271,5.271,0.03,0.0,1,1,
5272,5.272,0.03,0.0,1,1,
5273,5.273,0.03,0.0,1,1,
5274,5.274,0.03,0.0,1,1,
5275,5.275,0.03,0.0,1,1,
5276,5.276,0.03,0.0,1,1,
5277,5.277,0.03,0.0,1,1,
5278,5.2780000000000005,0.03,0.0,1,1,
5279,5.279,0.03,0.0,1,1,
5280,5.28,0.03,0.0,1,1,
5281,5.281,0.03,0.0,1,1,
5282,5.282,0.03,0.0,1,1,
5283,5.283,0.03,0.0,1,1,
5284,5.284,0.03,0.0,1,1,
5285,5.285,0.03,0.0,1,1,
5286,5.2860000000000005,0.03,0.0,1,1,
5287,5.287,0.03,0.0,1,1,
5288,5.288,0.03,0.0,1,1,
5289,5.289,0.03,0.0,1,1,
5290,5.29,0.03,0.0,1,1,
5291,5.291,0.03,0.0,1,1,
5292,5.292,0.03,0.0,1,1,
5293,5.293,0.03,0.0,1,1,
5294,5.2940000000000005,0.03,0.0,1,1,
5295,5.295,0.03,0.0,1,1,
5296,5.296,0.03,0.0,1,1,
5297,5.297,0.03,0.0,1,1,
5298,5.298,0.03,0.0,1,1,
5299,5.299,0.03,0.0,1,1,
5300,5.3,0.03,0.0,1,1,3.537305412818659
5301,5.301,0.03,0.0,1,1,
5302,5.3020000000000005,0.03,0.0,1,1,
5303,5.303,0.03,0.0,1,1,
5304,5.304,0.03,0.0,1,1,
5305,5.305,0.03,0.0,1,1,
5306,5.306,0.03,0.0,1,1,
5307,5.307,0.03,0.0,1,1,
5308,5.308,0.03,0.0,1,1,
5309,5.309,0.03,0.0,1,1,
5310,5.3100000000000005,0.03,0.0,1,1,
5311,5.311,0.03,0.0,1,1,
5312,5.312,0.03,0.0,1,1,
5313,5.313,0.03,0.0,1,1,
5314,5.314,0.03,0.0,1,1,
5315,5.315,0.03,0.0,1,1,
5316,5.316,0.03,0.0,1,1,
5317,5.317,0.03,0.0,1,1,
5318,5.3180000000000005,0.03,0.0,1,1,
5319,5.319,0.03,0.0,1,1,
5320,5.32,0.03,0.0,1,1,
5321,5.321,0.03,0.0,1,1,
5322,5.322,0.03,0.0,1,1,
5323,5.323,0.03,0.0,1,1,
5324,5.324,0.03,0.0,1,1,
5325,5.325,0.03,0.0,1,1,
5326,5.3260000000000005,0.03,0.0,1,1,
5327,5.327,0.03,0.0,1,1,
5328,5.328,0.03,0.0,1,1,
5329,5.329,0.03,0.0,1,1,
5330,5.33,0.03,0.0,1,1,
5331,5.331,0.03,0.0,1,1,
5332,5.332,0.03,0.0,1,1,
5333,5.333,0.03,0.0,1,1,
5334,5.3340000000000005,0.03,0.0,1,1,
5335,5.335,0.03,0.0,1,1,
5336,5.336,0.03,0.0,1,1,
5337,5.337,0.03,0.0,1,1,
5338,5.338,0.03,0.0,1,1,
5339,5.339,0.03,0.0,1,1,
5340,5.34,0.03,0.0,1,1,
5341,5.341,0.03,0.0,1,1,
5342,5.3420000000000005,0.03,0.0,1,1,
5343,5.343,0.03,0.0,1,1,
5344,5.344,0.03,0.0,1,1,
5345,5.345,0.03,0.0,1,1,
5346,5.346,0.03,0.0,1,1,
5347,5.347,0.03,0.0,1,1,
5348,5.348,0.03,0.0,1,1,
5349,5.349,0.03,0.0,1,1,
5350,5.3500000000000005,0.03,0.0,1,1,
5351,5.351,0.03,0.0,1,1,
5352,5.352,0.03,0.0,1,1,
5353,5.353,0.03,0.0,1,1,
5354,5.354,0.03,0.0,1,1,
5355,5.355,0.03,0.0,1,1,
5356,5.356,0.03,0.0,1,1,
5357,5.357,0.03,0.0,1,1,
5358,5.3580000000000005,0.03,0.0,1,1,
5359,5.359,0.03,0.0,1,1,
5360,5.36,0.03,0.0,1,1,
5361,5.361,0.03,0.0,1,1,
5362,5.362,0.03,0.0,1,1,
5363,5.363,0.03,0.0,1,1,
5364,5.364,0.03,0.0,1,1,
5365,5.365,0.03,0.0,1,1,
5366,5.3660000000000005,0.03,0.0,1,1,
5367,5.367,0.03,0.0,1,1,
5368,5.368,0.03,0.0,1,1,
5369,5.369,0.03,0.0,1,1,
5370,5.37,0.03,0.0,1,1,
5371,5.371,0.03,0.0,1,1,
5372,5.372,0.03,0.0,1,1,
5373,5.373,0.03,0.0,1,1,
5374,5.3740000000000006,0.03,0.0,1,1,
5375,5.375,0.03,0.0,1,1,
5376,5.376,0.03,0.0,1,1,
5377,5.377,0.03,0.0,1,1,
5378,5.378,0.03,0.0,1,1,
5379,5.3790000000000004,0.03,0.0,1,1,
5380,5.38,0.0,0.0,0,1,
5381,5.381,0.0,0.0,0,1,
5382,5.382,0.0,0.0,0,1,
5383,5.383,0.0,0.0,0,1,
5384,5.384,0.0,0.0,0,1,
5385,5.385,0.0,0.0,0,1,
5386,5.386,0.0,0.0,0,1,
5387,5.3870000000000005,0.0,0.0,0,1,
5388,5.388,0.0,0.0,0,1,
5389,5.389,0.0,0.0,0,1,
5390,5.39,0.0,0.0,0,1,
5391,5.391,0.0,0.0,0,1,
5392,5.392,0.0,0.0,0,1,
5393,5.393,0.0,0.0,0,1,
5394,5.394,0.0,0.0,0,1,
5395,5.3950000000000005,0.0,0.0,0,1,
5396,5.396,0.0,0.0,0,1,
5397,5.397,0.0,0.0,0,1,
5398,5.398,0.0,0.0,0,1,
5399,5.399,0.0,0.0,0,1,
5400,5.4,0.0,0.0,0,1,3.5480577800973068
5401,5.401,0.0,0.0,0,1,
5402,5.402,0.0,1.0,0,1,
5403,5.4030000000000005,0.0,0.951229424500714,0,1,
5404,5.404,0.0,0.9048374180359596,0,1,
5405,5.405,0.0,0.8607079764250579,0,1,
5406,5.406,0.0,0.8187307530779819,0,1,
5407,5.407,0.0,0.778800783071405,0,1,
5408,5.408,0.0,0.740818220681718,0,1,
5409,5.409,0.0,0.7046880897187136,0,1,
5410,5.41,0.0,0.6703200460356394,0,1,
5411,5.4110000000000005,0.0,0.6376281516217734,0,1,
5412,5.412,0.0,0.6065306597126335,0,1,
5413,5.413,0.0,0.5769498103804868,0,1,
5414,5.414,0.0,0.5488116360940265,0,1,
5415,5.415,0.0,0.5220457767610162,0,1,
5416,5.416,0.0,0.49658530379140964,0,1,
5417,5.417,0.0,0.4723665527410148,0,1,
5418,5.418,0.0,0.4493289641172217,0,1,
5419,5.4190000000000005,0.0,0.42741493194872676,0,1,
5420,5.42,0.0,0.4065696597405992,0,1,
5421,5.421,0.0,0.3867410234545013,0,1,
5422,5.422,0.0,0.3678794411714424,0,1,
5423,5.423,0.0,0.34993774911115544,0,1,
5424,5.424,0.0,0.33287108369807966,0,1,
5425,5.425,0.0,0.31663676937905333,0,1,
5426,5.426,0.0,0.3011942119122022,0,1,
5427,5.4270000000000005,0.0,0.2865047968601902,0,1,
5428,5.428,0.0,0.2725317930340127,0,1,
5429,5.429,0.0,0.2592402606458916,0,1,
5430,5.43,0.0,0.24659696394160657,0,1,
5431,5.431,0.0,0.23457028809379774,0,1,
5432,5.432,0.0,0.2231301601484299,0,1,
5433,5.433,0.0,0.21224797382674312,0,1,
5434,5.434,0.0,0.20189651799465547,0,1,
5435,5.4350000000000005,0.0,0.19204990862075416,0,1,
5436,5.436,0.0,0.1826835240527347,0,1,
5437,5.437,0.0,0.17377394345044517,0,1,
5438,5.438,0.0,0.1652988882215866,0,1,
5439,5.439,0.0,0.15723716631362766,0,1,
5440,5.44,0.0,0.1495686192226351,0,1,
5441,5.441,0.0,0.14227407158651362,0,1,
5442,5.442,0.0,0.13533528323661273,0,1,
5443,5.4430000000000005,0.0,0.12873490358780426,0,1,
5444,5.444,0.0,0.12245642825298195,0,1,
5445,5.445,0.0,0.116484157773497,0,1,
5446,5.446,0.0,0.11080315836233391,0,1,
5447,5.447,0.0,0.10539922456186436,0,1,
5448,5.448,0.0,0.10025884372280376,0,1,
5449,5.449,0.0,0.09536916221554964,0,1,
5450,5.45,0.0,0.09071795328941253,0,1,
5451,5.4510000000000005,0.0,0.08629358649937054,0,1,
5452,5.452,0.0,0.08208499862389881,0,1,
5453,5.453,0.0,0.07808166600115317,0,1,
5454,5.454,0.0,0.07427357821433389,0,1,
5455,5.455,0.0,0.0706512130604296,0,1,
5456,5.456,0.0,0.06720551273974977,0,1,
5457,5.457,0.0,0.06392786120670758,0,1,
5458,5.458,0.0,0.06081006262521798,0,1,
5459,5.4590000000000005,0.0,0.05784432087483848,0,1,
5460,5.46,0.0,0.055023220056407245,0,1,
5461,5.461,0.0,0.05233970594843241,0,1,
5462,5.462,0.0,0.04978706836786396,0,1,
5463,5.463,0.0,0.047358924391140936,0,1,
5464,5.464,0.0,0.04504920239355782,0,1,
5465,5.465,0.0,0.042852126867040194,0,1,
5466,5.466,0.0,0.04076220397836623,0,1,
5467,5.4670000000000005,0.0,0.03877420783172203,0,1,
5468,5.468,0.0,0.03688316740124002,0,1,
5469,5.469,0.0,0.03508435410084504,0,1,
5470,5.47,0.0,0.033373269960326093,0,1,
5471,5.471,0.0,0.03174563637806796,0,1,
5472,5.472,0.0,0.030197383422318518,0,1,
5473,5.473,0.0,0.028724639654239447,0,1,
5474,5.474,0.0,0.02732372244729258,0,1,
5475,5.4750000000000005,0.0,0.02599112877875536,0,1,
5476,5.476,0.0,0.02472352647033941,0,1,
5477,5.477,0.0,0.023517745856009124,0,1,
5478,5.478,0.0,0.02237077185616561,0,1,
5479,5.479,0.0,0.021279736438377186,0,1,
5480,5.48,0.0,0.020241911445804405,0,1,
5481,5.481,0.0,0.01925470177538694,0,1,
5482,5.482,0.0,0.018315638888734196,0,1,
5483,5.4830000000000005,0.0,0.017422374639493525,0,1,
5484,5.484,0.0,0.01657267540176126,0,1,
5485,5.485,0.0,0.015764416484854504,0,1,
5486,5.486,0.0,0.014995576820477719,0,1,
5487,5.487,0.0,0.014264233908999268,0,1,
5488,5.488,0.0,0.013568559012200944,0,1,
5489,5.489,0.0,0.012906812580479881,0,1,
5490,5.49,0.0,0.012277339903068453,0,1,
5491,5.4910000000000005,0.0,0.011678566970395456,0,1,
5492,5.492,0.0,0.011108996538242316,0,1,
5493,5.493,0.0,0.010567204383852663,0,1,
5494,5.494,0.0,0.010051835744633591,0,1,
5495,5.495,0.0,0.009561601930543517,0,1,
5496,5.496,0.0,0.009095277101695826,0,1,
5497,5.497,0.0,0.008651695203120643,0,1,
5498,5.498,0.0,0.008229747049020037,0,1,
5499,5.4990000000000006,0.0,0.007828377549225779,0,1,
5500,5.5,0.0,0.007446583070924348,0,1,3.5507252546998402
5501,5.501,0.0,0.007083408929052127,0,1,
5502,5.502,0.0,0.006737946999085474,0,1,
5503,5.503,0.0,0.006409333446256388,0,1,
5504,5.5040000000000004,0.0,0.006096746565515642,0,1,
5505,5.505,0.0,0.005799404726842149,0,1,
5506,5.506,0.0,0.0055165644207607785,0,1,
5507,5.507,0.0,0.00524751839918139,0,1,
5508,5.508,0.0,0.004991593906910221,0,1,
5509,5.509,0.0,0.00474815099941148,0,1,
5510,5.51,0.0,0.004516580942612672,0,1,
5511,5.511,0.0,0.004296304690752344,0,1,
5512,5.5120000000000005,0.0,0.00408677143846407,0,1,
5513,5.513,0.0,0.0038874572434761325,0,1,
5514,5.514,0.0,0.0036978637164829338,0,1,
5515,5.515,0.0,0.0035175167749121328,0,1,
5516,5.516,0.0,0.0033459654574712755,0,1,
5517,5.517,0.0,0.0031827807965096695,0,1,
5518,5.518,0.0,0.003027554745375817,0,1,
5519,5.519,0.0,0.0028798991580882443,0,1,
5520,5.5200000000000005,0.0,0.0027394448187683714,0,1,
5521,5.521,0.0,0.002605840518408501,0,1,
5522,5.522,0.0,0.0024787521766663607,0,1,
5523,5.523,0.0,0.0023578620064902346,0,1,
5524,5.524,0.0,0.0022428677194858047,0,1,
5525,5.525,0.0,0.0021334817700377107,0,1,
5526,5.526,0.0,0.002029430636295736,0,1,
5527,5.527,0.0,0.001930454136227711,0,1,
5528,5.5280000000000005,0.0,0.0018363047770289086,0,1,
5529,5.529,0.0,0.0017467471362611208,0,1,
5530,5.53,0.0,0.001661557273173936,0,1,
5531,5.531,0.0,0.0015805221687362188,0,1,
5532,5.532,0.0,0.0015034391929775739,0,1,
5533,5.533,0.0,0.0014301155983078755,0,1,
5534,5.534,0.0,0.0013603680375478947,0,1,
5535,5.535,0.0,0.0012940221054658495,0,1,
5536,5.5360000000000005,0.0,0.0012309119026734823,0,1,
5537,5.537,0.0,0.0011708796207911755,0,1,
5538,5.538,0.0,0.0011137751478448041,0,1,
5539,5.539,0.0,0.0010594556929076108,0,1,
5540,5.54,0.0,0.0010077854290485118,0,1,
5541,5.541,0.0,0.0009586351536940209,0,1,
5542,5.542,0.0,0.0009118819655545171,0,1,
5543,5.543,0.0,0.0008674089573070033,0,1,
5544,5.5440000000000005,0.0,0.0008251049232659051,0,1,
5545,5.545,0.0,0.0007848640813109327,0,1,
5546,5.546,0.0,0.0007465858083766802,0,1,
5547,5.547,0.0,0.0007101743888425498,0,1,
5548,5.548,0.0,0.0006755387751938449,0,1,
5549,5.549,0.0,0.0006425923603555583,0,1,
5550,5.55,0.0,0.0006112527611295732,0,1,
5551,5.551,0.0,0.0005814416121937563,0,1,
5552,5.5520000000000005,0.0,0.0005530843701478342,0,1,
5553,5.553,0.0,0.0005261101271160642,0,1,
5554,5.554,0.0,0.0005004514334406113,0,1,
5555,5.555,0.0,0.00047604412902227004,0,1,
5556,5.556,0.0,0.0004528271828867976,0,1,
5557,5.557,0.0,0.00043074254057568807,0,1,
5558,5.558,0.0,0.00040973497897978724,0,1,
5559,5.559,0.0,0.0003897519682527552,0,1,
5560,5.5600000000000005,0.0,0.00037074354045908887,0,1,
5561,5.561,0.0,0.0003526621646282563,0,1,
5562,5.562,0.0,0.0003354626279025123,0,1,
5563,5.563,0.0,0.0003191019224812039,0,1,
5564,5.564,0.0,0.00030353913807886705,0,1,
5565,5.565,0.0,0.00028873535962820344,0,1,
5566,5.566,0.0,0.00027465356997214265,0,1,
5567,5.567,0.0,0.0002612585573016678,0,1,
5568,5.5680000000000005,0.0,0.0002485168271079523,0,1,
5569,5.569,0.0,0.00023639651842864088,0,1,
5570,5.57,0.0,0.0002248673241788485,0,1,
5571,5.571,0.0,0.00021390041536766154,0,1,
5572,5.572,0.0,0.00020346836901064436,0,1,
5573,5.573,0.0,0.00019354509955809415,0,1,
5574,5.574,0.0,0.0001841057936675793,0,1,
5575,5.575,0.0,0.00017512684815765867,0,1,
5576,5.5760000000000005,0.0,0.0001665858109876336,0,1,
5577,5.577,0.0,0.00015846132511575142,0,1,
5578,5.578,0.0,0.00015073307509547677,0,1,
5579,5.579,0.0,0.00014338173627629329,0,1,
5580,5.58,0.0,0.00013638892648201162,0,1,
5581,5.581,0.0,0.0001297371600457541,0,1,
5582,5.582,0.0,0.0001234098040866797,0,1,
5583,5.583,0.0,0.0001173910369191182,0,1,
5584,5.5840000000000005,0.0,0.00011166580849011487,0,1,
5585,5.585,0.0,0.00010621980274645891,0,1,
5586,5.586,0.0,0.00010103940183709347,0,1,
5587,5.587,0.0,9.611165206139482e-05,0,1,
5588,5.588,0.0,9.142423147817346e-05,0,1,
5589,5.589,0.0,8.6965419094403e-05,0,1,
5590,5.59,0.0,8.272406555663236e-05,0,1,
5591,5.591,0.0,7.868956527179474e-05,0,1,
5592,5.5920000000000005,0.0,7.485182988770068e-05,0,1,
5593,5.593,0.0,7.120126306690287e-05,0,1,
5594,5.594,0.0,6.772873649085395e-05,0,1,
5595,5.595,0.0,6.442556703435551e-05,0,1,
5596,5.596,0.0,6.128349505322216e-05,0,1,
5597,5.597,0.0,5.829466373086887e-05,0,1,
5598,5.598,0.0,5.545159943217704e-05,0,1,
5599,5.599,0.0,5.2747193015513886e-05,0,1,
5600,5.6000000000000005,0.0,5.017468205617536e-05,0,1,3.5514752900300706
5601,5.601,0.0,4.7727633936801984e-05,0,1,
5602,5.602,0.0,4.53999297624849e-05,0,1,
5603,5.603,0.0,4.318574906034135e-05,0,1,
5604,5.604,0.0,4.107955522530075e-05,0,1,
5605,5.605,0.0,3.907608167570813e-05,0,1,
5606,5.606,0.0,3.717031868412674e-05,0,1,
5607,5.607,0.0,3.5357500850410015e-05,0,1,
5608,5.6080000000000005,0.0,3.363309518571902e-05,0,1,
5609,5.609,0.0,3.199278977768924e-05,0,1,
5610,5.61,0.0,3.0432483008403662e-05,0,1,
5611,5.611,0.0,2.8948273298211574e-05,0,1,
5612,5.612,0.0,2.7536449349747182e-05,0,1,
5613,5.613,0.0,2.6193480867753072e-05,0,1,
5614,5.614,0.0,2.4916009731503218e-05,0,1,
5615,5.615,0.0,2.3700841597751995e-05,0,1,
5616,5.6160000000000005,0.0,2.2544937913212214e-05,0,1,
5617,5.617,0.0,2.1445408316589184e-05,0,1,
5618,5.618,0.0,2.0399503411171956e-05,0,1,
5619,5.619,0.0,1.9404607889909453e-05,0,1,
5620,5.62,0.0,1.8458233995780585e-05,0,1,
5621,5.621,0.0,1.7558015301105882e-05,0,1,
5622,5.622,0.0,1.670170079024568e-05,0,1,
5623,5.623,0.0,1.588714923088852e-05,0,1,
5624,5.6240000000000006,0.0,1.5112323819855049e-05,0,1,
5625,5.625,0.0,1.437528709002915e-05,0,1,
5626,5.626,0.0,1.3674196065680972e-05,0,1,
5627,5.627,0.0,1.3007297654067639e-05,0,1,
5628,5.628,0.0,1.2372924261788248e-05,0,1,
5629,5.6290000000000004,0.0,1.1769489624931757e-05,0,1,
5630,5.63,0.0,1.119548484259096e-05,0,1,
5631,5.631,0.0,1.0649474603824266e-05,0,1,
5632,5.632,0.0,1.0130093598630726e-05,0,1,
5633,5.633,0.0,9.636043103963872e-06,0,1,
5634,5.634,0.0,9.166087736247627e-06,0,1,
5635,5.635,0.0,8.719052362273884e-06,0,1,
5636,5.636,0.0,8.293819160757377e-06,0,1,
5637,5.6370000000000005,0.0,7.889324827200235e-06,0,1,
5638,5.638,0.0,7.504557915076874e-06,0,1,
5639,5.639,0.0,7.138556306690853e-06,0,1,
5640,5.64,0.0,6.790404807379483e-06,0,1,
5641,5.641,0.0,6.459232857050467e-06,0,1,
5642,5.642,0.0,6.144212353328218e-06,0,1,
5643,5.643,0.0,5.844555580866579e-06,0,1,
5644,5.644,0.0,5.559513241650153e-06,0,1,
5645,5.6450000000000005,0.0,5.288372581358974e-06,0,1,
5646,5.646,0.0,5.030455607111452e-06,0,1,
5647,5.647,0.0,4.785117392129016e-06,0,1,
5648,5.648,0.0,4.551744463083241e-06,0,1,
5649,5.649,0.0,4.329753266092983e-06,0,1,
5650,5.65,0.0,4.118588707535715e-06,0,1,
5651,5.651,0.0,3.917722766024337e-06,0,1,
5652,5.652,0.0,3.726653172078676e-06,0,1,
5653,5.6530000000000005,0.0,3.5449021521901592e-06,0,1,
5654,5.654,0.0,3.3720152341391875e-06,0,1,
5655,5.655,0.0,3.2075601105778598e-06,0,1,
5656,5.656,0.0,3.051125558036424e-06,0,1,
5657,5.657,0.0,2.902320408650408e-06,0,1,
5658,5.658,0.0,2.7607725720372046e-06,0,1,
5659,5.659,0.0,2.626128104876306e-06,0,1,
5660,5.66,0.0,2.498050325866639e-06,0,1,
5661,5.6610000000000005,0.0,2.3762189738479443e-06,0,1,
5662,5.662,0.0,2.260329406981057e-06,0,1,
5663,5.663,0.0,2.1500918409846313e-06,0,1,
5664,5.664,0.0,2.0452306245234914e-06,0,1,
5665,5.665,0.0,1.9454835499367166e-06,0,1,
5666,5.666,0.0,1.850601197581909e-06,0,1,
5667,5.667,0.0,1.7603463121561715e-06,0,1,
5668,5.668,0.0,1.6744932094342692e-06,0,1,
5669,5.6690000000000005,0.0,1.5928272119405136e-06,0,1,
5670,5.67,0.0,1.5151441121432515e-06,0,1,
5671,5.671,0.0,1.4412496618296704e-06,0,1,
5672,5.672,0.0,1.370959086384086e-06,0,1,
5673,5.673,0.0,1.3040966227551586e-06,0,1,
5674,5.674,0.0,1.2404950799567143e-06,0,1,
5675,5.675,0.0,1.1799954210031926e-06,0,1,
5676,5.676,0.0,1.1224463652343446e-06,0,1,
5677,5.6770000000000005,0.0,1.067704010034784e-06,0,1,
5678,5.678,0.0,1.0156314710024922e-06,0,1,
5679,5.679,0.0,9.660985396665142e-07,0,1,
5680,5.68,0.0,9.189813578979585e-07,0,1,
5681,5.681,0.0,8.741621082001598e-07,0,1,
5682,5.682,0.0,8.315287191035689e-07,0,1,
5683,5.683,0.0,7.909745849287038e-07,0,1,
5684,5.684,0.0,7.523982992164221e-07,0,1,
5685,5.6850000000000005,0.0,7.157034011589532e-07,0,1,
5686,5.686,0.0,6.807981343976347e-07,0,1,
5687,5.687,0.0,6.475952175842218e-07,0,1,
5688,5.688,0.0,6.16011626132054e-07,0,1,
5689,5.689,0.0,5.859683846113427e-07,0,1,
5690,5.69,0.0,5.573903692694606e-07,0,1,
5691,5.691,0.0,5.302061201824295e-07,0,1,
5692,5.692,0.0,5.043476625678889e-07,0,1,
5693,5.6930000000000005,0.0,4.797503368127332e-07,0,1,
5694,5.694,0.0,4.563526367903999e-07,0,1,
5695,5.695,0.0,4.340960560635155e-07,0,1,
5696,5.696,0.0,4.129249415873275e-07,0,1,
5697,5.697,0.0,3.927863545481045e-07,0,1,
5698,5.698,0.0,3.7362993798852686e-07,0,1,
5699,5.699,0.0,3.554077908890639e-07,0,1,
5700,5.7,0.0,3.3807434839047436e-07,0,1,3.562143425165855
5701,5.7010000000000005,0.0,3.215862678579248e-07,0,1,
5702,5.702,0.0,3.0590232050182626e-07,0,1,
5703,5.703,0.0,2.9098328828438516e-07,0,1,
5704,5.704,0.0,2.767918658540811e-07,0,1,
5705,5.705,0.0,2.6329256726285636e-07,0,1,
5706,5.706,0.0,2.504516372327624e-07,0,1,
5707,5.707,0.0,2.382369667501822e-07,0,1,
5708,5.708,0.0,2.2661801277657155e-07,0,1,
5709,5.7090000000000005,0.0,2.1556572187495362e-07,0,1,
5710,5.71,0.0,2.0505245756119312e-07,0,1,
5711,5.711,0.0,1.9505193119839082e-07,0,1,
5712,5.712,0.0,1.8553913626159815e-07,0,1,
5713,5.713,0.0,1.7649028580847957e-07,0,1,
5714,5.714,0.0,1.6788275299956656e-07,0,1,
5715,5.715,0.0,1.596950145193732e-07,0,1,
5716,5.716,0.0,1.5190659675689655e-07,0,1,
5717,5.7170000000000005,0.0,1.4449802461092475e-07,0,1,
5718,5.718,0.0,1.3745077279213997e-07,0,1,
5719,5.719,0.0,1.307472195002457e-07,0,1,
5720,5.72,0.0,1.2437060236028725e-07,0,1,
5721,5.721,0.0,1.1830497650798319e-07,0,1,
5722,5.722,0.0,1.1253517471925934e-07,0,1,
5723,5.723,0.0,1.0704676948428836e-07,0,1,
5724,5.724,0.0,1.0182603693120022e-07,0,1,
5725,5.7250000000000005,0.0,9.685992250925404e-08,0,1,
5726,5.726,0.0,9.213600834566148e-08,0,1,
5727,5.727,0.0,8.764248219443656e-08,0,1,
5728,5.728,0.0,8.336810789962796e-08,0,1,
5729,5.729,0.0,7.930219729907654e-08,0,1,
5730,5.73,0.0,7.543458349844265e-08,0,1,
5731,5.731,0.0,7.175559544867466e-08,0,1,
5732,5.732,0.0,6.825603376334884e-08,0,1,
5733,5.7330000000000005,0.0,6.492714771541162e-08,0,1,
5734,5.734,0.0,6.176061335580384e-08,0,1,
5735,5.735,0.0,5.87485126992524e-08,0,1,
5736,5.736,0.0,5.588331392518275e-08,0,1,
5737,5.737,0.0,5.315785254424432e-08,0,1,
5738,5.738,0.0,5.056531348335534e-08,0,1,
5739,5.739,0.0,4.8099214044470297e-08,0,1,
5740,5.74,0.0,4.575338769445814e-08,0,1,
5741,5.7410000000000005,0.0,4.3521968645557466e-08,0,1,
5742,5.742,0.0,4.139937718785175e-08,0,1,
5743,5.743,0.0,3.9380305737088204e-08,0,1,
5744,5.744,0.0,3.745970556295258e-08,0,1,
5745,5.745,0.0,3.5632774164613574e-08,0,1,
5746,5.746,0.0,3.389494326196928e-08,0,1,
5747,5.747,0.0,3.2241867372567395e-08,0,1,
5748,5.748,0.0,3.066941294563563e-08,0,1,
5749,5.7490000000000006,0.0,2.917364802605173e-08,0,1,
5750,5.75,0.0,2.775083242240758e-08,0,1,
5751,5.751,0.0,2.6397408354582516e-08,0,1,
5752,5.752,0.0,2.510999155743987e-08,0,1,
5753,5.753,0.0,2.3885362818401313e-08,0,1,
5754,5.7540000000000004,0.0,2.2720459927738632e-08,0,1,
5755,5.755,0.0,2.1612370021454353e-08,0,1,
5756,5.756,0.0,2.0558322297604508e-08,0,1,
5757,5.757000000000001,0.0,1.9555681087850532e-08,0,1,
5758,5.758,0.0,1.860193926691556e-08,0,1,
5759,5.759,0.0,1.7694711983465323e-08,0,1,
5760,5.76,0.0,1.6831730696737606e-08,0,1,
5761,5.761,0.0,1.6010837504008715e-08,0,1,
5762,5.7620000000000005,0.0,1.522997974471266e-08,0,1,
5763,5.763,0.0,1.4487204867720554e-08,0,1,
5764,5.764,0.0,1.0000000137806555,0,1,
5765,5.765,0.0,0.951229437609279,0,1,
5766,5.766,0.0,0.9048374305052124,0,1,
5767,5.767,0.0,0.860707988286178,0,1,
5768,5.768,0.0,0.8187307643606284,0,1,
5769,5.769,0.0,0.7788007938037903,0,1,
5770,5.7700000000000005,0.0,0.7408182308906787,0,1,
5771,5.771,0.0,0.7046880994297774,0,1,
5772,5.772,0.0,0.6703200552730891,0,1,
5773,5.773,0.0,0.6376281604087074,0,1,
5774,5.774,0.0,0.6065306680710237,0,1,
5775,5.775,0.0,0.5769498183312335,0,1,
5776,5.776,0.0,0.5488116436570107,0,1,
5777,5.777,0.0,0.5220457839551492,0,1,
5778,5.7780000000000005,0.0,0.4965853106346807,0,1,
5779,5.779,0.0,0.4723665592505356,0,1,
5780,5.78,0.0,0.44932897030926944,0,1,
5781,5.781,0.0,0.42741493783878476,0,1,
5782,5.782,0.0,0.40656966534339567,0,1,
5783,5.783,0.0,0.38674102878404615,0,1,
5784,5.784,0.0,0.3678794462410623,0,1,
5785,5.785,0.0,0.34993775393352705,0,1,
5786,5.7860000000000005,0.0,0.3328710882852614,0,1,
5787,5.787,0.0,0.3166367737425156,0,1,
5788,5.788,0.0,0.3011942160628559,0,1,
5789,5.789,0.0,0.2865048008084141,0,1,
5790,5.79,0.0,0.2725317967896795,0,1,
5791,5.791,0.0,0.25924026421839236,0,1,
5792,5.792,0.0,0.2465969673398744,0,1,
5793,5.793,0.0,0.2345702913263301,0,1,
5794,5.7940000000000005,0.0,0.2231301632233098,0,1,
5795,5.795,0.0,0.21224797675165938,0,1,
5796,5.796,0.0,0.20189652077692188,0,1,
5797,5.797,0.0,0.19204991126732784,0,1,
5798,5.798,0.0,0.18268352657023346,0,1,
5799,5.799,0.0,0.17377394584516406,0,1,
5800,5.8,0.0,0.16529889049951366,0,1,3.5680821979079407
5801,5.801,0.0,0.1572371684804589,0,1,
5802,5.8020000000000005,0.0,0.14956862128378873,0,1,
5803,5.803,0.0,0.1422740735471436,0,1,
5804,5.804,0.0,0.13533528510162168,0,1,
5805,5.805,0.0,0.12873490536185564,0,1,
5806,5.806,0.0,0.12245642994051183,0,1,
5807,5.807,0.0,0.11648415937872507,0,1,
5808,5.808,0.0,0.1108031598892741,0,1,
5809,5.809,0.0,0.1053992260143348,0,1,
5810,5.8100000000000005,0.0,0.10025884510443638,0,1,
5811,5.811,0.0,0.09536916352979924,0,1,
5812,5.812,0.0,0.09071795453956541,0,1,
5813,5.813,0.0,0.08629358768855275,0,1,
5814,5.814,0.0,0.08208499975508393,0,1,
5815,5.815,0.0,0.07808166707716974,0,1,
5816,5.816,0.0,0.07427357923787252,0,1,
5817,5.817,0.0,0.07065121403404966,0,1,
5818,5.8180000000000005,0.0,0.06720551366588583,0,1,
5819,5.819,0.0,0.06392786208767545,0,1,
5820,5.82,0.0,0.060810063463220536,0,1,
5821,5.821,0.0,0.05784432167197116,0,1,
5822,5.822,0.0,0.05502322081466331,0,1,
5823,5.823,0.0,0.052339706669707886,0,1,
5824,5.824,0.0,0.049787069053962414,0,1,
5825,5.825,0.0,0.04735892504377798,0,1,
5826,5.8260000000000005,0.0,0.04504920301436538,0,1,
5827,5.827,0.0,0.04285212745757061,0,1,
5828,5.828,0.0,0.04076220454009614,0,1,
5829,5.829,0.0,0.038774208366056044,0,1,
5830,5.83,0.0,0.036883167909514264,0,1,
5831,5.831,0.0,0.03508435458433046,0,1,
5832,5.832,0.0,0.03337327042023165,0,1,
5833,5.833,0.0,0.031745636815543654,0,1,
5834,5.8340000000000005,0.0,0.03019738383845827,0,1,
5835,5.835,0.0,0.02872464005008382,0,1,
5836,5.836,0.0,0.027323722823831394,0,1,
5837,5.837,0.0,0.02599112913693016,0,1,
5838,5.838,0.0,0.024723526811045816,0,1,
5839,5.839,0.0,0.023517746180099084,0,1,
5840,5.84,0.0,0.022370772164449517,0,1,
5841,5.841,0.0,0.021279736731625906,0,1,
5842,5.8420000000000005,0.0,0.020241911724751215,0,1,
5843,5.843,0.0,0.019254702040729352,0,1,
5844,5.844,0.0,0.018315639141135705,0,1,
5845,5.845,0.0,0.01742237487958527,0,1,
5846,5.846,0.0,0.016572675630143592,0,1,
5847,5.847,0.0,0.015764416702098497,0,1,
5848,5.848,0.0,0.014995577027126597,0,1,
5849,5.849,0.0,0.014264234105569762,0,1,
5850,5.8500000000000005,0.0,0.013568559199184581,0,1,
5851,5.851,0.0,0.012906812758344217,0,1,
5852,5.852,0.0,0.012277340072258244,0,1,
5853,5.853,0.0,0.011678567131333764,0,1,
5854,5.854,0.0,0.011108996691331571,0,1,
5855,5.855,0.0,0.010567204529475667,0,1,
5856,5.856,0.0,0.010051835883154477,0,1,
5857,5.857,0.0,0.009561602062308659,0,1,
5858,5.8580000000000005,0.0,0.009095277227034706,0,1,
5859,5.859,0.0,0.008651695322346673,0,1,
5860,5.86,0.0,0.008229747162431345,0,1,
5861,5.861,0.0,0.007828377657105952,0,1,
5862,5.862,0.0,0.007446583173543143,0,1,
5863,5.863,0.0,0.007083409026666145,0,1,
5864,5.864,0.0,0.0067379470919388,0,1,
5865,5.865,0.0,0.006409333534581204,0,1,
5866,5.8660000000000005,0.0,0.006096746649532805,0,1,
5867,5.867,0.0,0.005799404806761747,0,1,
5868,5.868,0.0,0.005516564496782651,0,1,
5869,5.869,0.0,0.005247518471495632,0,1,
5870,5.87,0.0,0.004991593975697656,0,1,
5871,5.871,0.0,0.004748151064844113,0,1,
5872,5.872,0.0,0.0045165810048541175,0,1,
5873,5.873,0.0,0.004296304749958239,0,1,
5874,5.8740000000000006,0.0,0.004086771494782459,0,1,
5875,5.875,0.0,0.0038874572970478416,0,1,
5876,5.876,0.0,0.0036978637674419195,0,1,
5877,5.877,0.0,0.003517516823385819,0,1,
5878,5.878,0.0,0.0033459655035808725,0,1,
5879,5.8790000000000004,0.0,0.003182780840370475,0,1,
5880,5.88,0.0,0.003027554787097506,0,1,
5881,5.881,0.0,0.0028798991977751426,0,1,
5882,5.882000000000001,0.0,0.002739444856519717,0,1,
5883,5.883,0.0,0.0026058405543186915,0,1,
5884,5.884,0.0,0.0024787522108251905,0,1,
5885,5.885,0.0,0.0023578620389831184,0,1,
5886,5.886,0.0,0.0022428677503939917,0,1,
5887,5.8870000000000005,0.0,0.0021334817994384876,0,1,
5888,5.888,0.0,0.00202943066426262,0,1,
5889,5.889,0.0,0.001930454162830634,0,1,
5890,5.89,0.0,0.0018363048023343916,0,1,
5891,5.891,0.0,0.0017467471603324408,0,1,
5892,5.892,0.0,0.0016615572960712842,0,1,
5893,5.893,0.0,0.0015805221905168501,0,1,
5894,5.894,0.0,0.0015034392136959512,0,1,
5895,5.8950000000000005,0.0,0.0014301156180158057,0,1,
5896,5.896,0.0,0.0013603680562946578,0,1,
5897,5.897,0.0,0.0012940221232983222,0,1,
5898,5.898,0.0,0.001230911919636255,0,1,
5899,5.899,0.0,0.001170879636926664,0,1,
5900,5.9,0.0,0.0011137751631933555,0,1,3.571176479034446
5901,5.901,0.0,0.0010594557075076045,0,1,
5902,5.902,0.0,0.0010077854429364555,0,1,
5903,5.9030000000000005,0.0,0.0009586351669046417,0,1,
5904,5.904,0.0,0.0009118819781208482,0,1,
5905,5.905,0.0,0.0008674089692604671,0,1,
5906,5.906,0.0,0.0008251049346363916,0,1,
5907,5.907,0.0,0.0007848640921268741,0,1,
5908,5.908,0.0,0.0007465858186651218,0,1,
5909,5.909,0.0,0.0007101743986292182,0,1,
5910,5.91,0.0,0.0006755387845032119,0,1,
5911,5.9110000000000005,0.0,0.0006425923692109021,0,1,
5912,5.912,0.0,0.0006112527695530367,0,1,
5913,5.913,0.0,0.0005814416202064027,0,1,
5914,5.914,0.0,0.0005530843777696991,0,1,
5915,5.915,0.0,0.0005261101343662064,0,1,
5916,5.916,0.0,0.0005004514403371598,0,1,
5917,5.917,0.0,0.00047604413558246996,0,1,
5918,5.918,0.0,0.00045282718912705277,0,1,
5919,5.9190000000000005,0.0,0.0004307425465116024,0,1,
5920,5.92,0.0,0.0004097349846262036,0,1,
5921,5.921,0.0,0.0003897519736237925,0,1,
5922,5.922,0.0,0.00037074354556817764,0,1,
5923,5.923,0.0,0.0003526621694881719,0,1,
5924,5.924,0.0,0.000335462632525407,0,1,
5925,5.925,0.0,0.00031910192687863745,0,1,
5926,5.926,0.0,0.0003035391422618352,0,1,
5927,5.9270000000000005,0.0,0.00028873536360716584,0,1,
5928,5.928,0.0,0.0002746535737570488,0,1,
5929,5.929,0.0,0.0002612585609019819,0,1,
5930,5.93,0.0,0.00024851683053267703,0,1,
5931,5.931,0.0,0.00023639652168633984,0,1,
5932,5.932,0.0,0.0002248673272776676,0,1,
5933,5.933,0.0,0.00021390041831534945,0,1,
5934,5.934,0.0,0.00020346837181457186,0,1,
5935,5.9350000000000005,0.0,0.00019354510222527248,0,1,
5936,5.936,0.0,0.00018410579620467782,0,1,
5937,5.937,0.0,0.00017512685057102142,0,1,
5938,5.938,0.0,0.00016658581328329525,0,1,
5939,5.939,0.0,0.00015846132729945234,0,1,
5940,5.94,0.0,0.00015073307717267733,0,1,
5941,5.941,0.0,0.00014338173825218756,0,1,
5942,5.942,0.0,0.00013638892836154038,0,1,
5943,5.9430000000000005,0.0,0.00012973716183361717,0,1,
5944,5.944,0.0,0.00012340980578734765,0,1,
5945,5.945,0.0,0.00011739103853684359,0,1,
5946,5.946,0.0,0.00011166581002894287,0,1,
5947,5.947,0.0,0.00010621980421023738,0,1,
5948,5.948,0.0,0.00010103940322948262,0,1,
5949,5.949,0.0,9.611165338587634e-05,0,1,
5950,5.95,0.0,9.142423273805925e-05,0,1,
5951,5.9510000000000005,0.0,8.696542029284343e-05,0,1,
5952,5.952,0.0,8.272406669662418e-05,0,1,
5953,5.953,0.0,7.86895663561885e-05,0,1,
5954,5.954,0.0,7.485183091920793e-05,0,1,
5955,5.955,0.0,7.12012640481029e-05,0,1,
5956,5.956,0.0,6.77287374242003e-05,0,1,
5957,5.957,0.0,6.442556792218203e-05,0,1,
5958,5.958,0.0,6.128349589774887e-05,0,1,
5959,5.9590000000000005,0.0,5.829466453420752e-05,0,1,
5960,5.96,0.0,5.5451600196336406e-05,0,1,
5961,5.961,0.0,5.274719374240476e-05,0,1,
5962,5.962,0.0,5.017468274761534e-05,0,1,
5963,5.963,0.0,4.7727634594520045e-05,0,1,
5964,5.964,0.0,4.539993038812567e-05,0,1,
5965,5.965,0.0,4.318574965546926e-05,0,1,
5966,5.966,0.0,4.107955579140393e-05,0,1,
5967,5.9670000000000005,0.0,3.907608221420214e-05,0,1,
5968,5.968,0.0,3.7170319196358084e-05,0,1,
5969,5.969,0.0,3.5357501337659545e-05,0,1,
5970,5.97,0.0,3.363309564920512e-05,0,1,
5971,5.971,0.0,3.199279021857085e-05,0,1,
5972,5.972,0.0,3.0432483427783223e-05,0,1,
5973,5.973,0.0,2.8948273697137753e-05,0,1,
5974,5.974,0.0,2.7536449729217502e-05,0,1,
5975,5.9750000000000005,0.0,2.6193481228716406e-05,0,1,
5976,5.976,0.0,2.491601007486216e-05,0,1,
5977,5.977,0.0,2.3700841924365125e-05,0,1,
5978,5.978,0.0,2.254493822389623e-05,0,1,
5979,5.979,0.0,2.144540861212096e-05,0,1,
5980,5.98,0.0,2.039950369229048e-05,0,1,
5981,5.981,0.0,1.9404608157317663e-05,0,1,
5982,5.982,0.0,1.845823425014714e-05,0,1,
5983,5.9830000000000005,0.0,1.7558015543066834e-05,0,1,
5984,5.984,0.0,1.6701701020406056e-05,0,1,
5985,5.985,0.0,1.588714944982384e-05,0,1,
5986,5.986,0.0,1.5112324028112766e-05,0,1,
5987,5.987,0.0,1.437528728813002e-05,0,1,
5988,5.988,0.0,1.3674196254120348e-05,0,1,
5989,5.989,0.0,1.3007297833316718e-05,0,1,
5990,5.99,0.0,1.2372924432295245e-05,0,1,
5991,5.9910000000000005,0.0,1.176948978712303e-05,0,1,
5992,5.992,0.0,1.119548499687207e-05,0,1,
5993,5.993,0.0,1.0649474750580998e-05,0,1,
5994,5.994,0.0,1.0130093738230048e-05,0,1,
5995,5.995,0.0,9.636043236754855e-06,0,1,
5996,5.996,0.0,9.166087862562319e-06,0,1,
5997,5.997,0.0,8.719052482428135e-06,0,1,
5998,5.998,0.0,8.293819275051636e-06,0,1,
5999,5.9990000000000006,0.0,7.889324935920297e-06,0,1,
6000,6.0,0.0,7.504558018494596e-06,0,1,3.578749315942055
6001,6.001,0.0,7.1385564050648335e-06,0,1,
6002,6.002,0.0,6.790404900955707e-06,0,1,
6003,6.003,0.0,6.459232946062925e-06,0,1,
6004,6.0040000000000004,0.0,6.1442124379994875e-06,0,1,
6005,6.005,0.0,5.844555661408382e-06,0,1,
6006,6.006,0.0,5.559513318263885e-06,0,1,
6007,6.007000000000001,0.0,5.28837265423621e-06,0,1,
6008,6.008,0.0,5.030455676434423e-06,0,1,
6009,6.009,0.0,4.785117458071066e-06,0,1,
6010,6.01,0.0,4.551744525809259e-06,0,1,
6011,6.011,0.0,4.329753325759817e-06,0,1,
6012,6.0120000000000005,0.0,4.118588764292563e-06,0,1,
6013,6.013,0.0,3.917722820013121e-06,0,1,
6014,6.014,0.0,3.726653223434396e-06,0,1,
6015,6.015000000000001,0.0,3.544902201041231e-06,0,1,
6016,6.016,0.0,3.3720152806077644e-06,0,1,
6017,6.017,0.0,3.2075601547801373e-06,0,1,
6018,6.018,0.0,3.0511256000829313e-06,0,1,
6019,6.019,0.0,2.9023204486462825e-06,0,1,
6020,6.0200000000000005,0.0,2.7607726100824572e-06,0,1,
6021,6.021,0.0,2.62612814106607e-06,0,1,
6022,6.022,0.0,2.4980503602914075e-06,0,1,
6023,6.023,0.0,2.3762190065937967e-06,0,1,
6024,6.024,0.0,2.2603294381298756e-06,0,1,
6025,6.025,0.0,2.1500918706143038e-06,0,1,
6026,6.026,0.0,2.045230652708108e-06,0,1,
6027,6.027,0.0,1.945483576746753e-06,0,1,
6028,6.0280000000000005,0.0,1.8506012230844047e-06,0,1,
6029,6.029,0.0,1.7603463364148959e-06,0,1,
6030,6.03,0.0,1.6744932325098817e-06,0,1,
6031,6.031,0.0,1.592827233890715e-06,0,1,
6032,6.032,0.0,1.5151441330229292e-06,0,1,
6033,6.033,0.0,1.4412496816910342e-06,0,1,
6034,6.034,0.0,1.3709591052767996e-06,0,1,
6035,6.035,0.0,1.304096640726464e-06,0,1,
6036,6.0360000000000005,0.0,1.2404950970515487e-06,0,1,
6037,6.037,0.0,1.179995437264302e-06,0,1,
6038,6.038,0.0,1.1224463807023904e-06,0,1,
6039,6.039,0.0,1.0677040247484442e-06,0,1,
6040,6.04,0.0,1.0156314849985586e-06,0,1,
6041,6.041,0.0,9.660985529799845e-07,0,1,
6042,6.042,0.0,9.189813705621232e-07,0,1,
6043,6.043,0.0,8.741621202466859e-07,0,1,
6044,6.0440000000000005,0.0,8.31528730562579e-07,0,1,
6045,6.045,0.0,7.909745958288513e-07,0,1,
6046,6.046,0.0,7.523983095849631e-07,0,1,
6047,6.047,0.0,7.157034110218145e-07,0,1,
6048,6.048,0.0,6.807981437794785e-07,0,1,
6049,6.049,0.0,6.475952265085078e-07,0,1,
6050,6.05,0.0,6.160116346210974e-07,0,1,
6051,6.051,0.0,5.859683926863706e-07,0,1,
6052,6.0520000000000005,0.0,5.573903769506647e-07,0,1,
6053,6.053,0.0,5.302061274890168e-07,0,1,
6054,6.054,0.0,5.043476695181296e-07,0,1,
6055,6.055,0.0,4.797503434240067e-07,0,1,
6056,6.056,0.0,4.563526430792378e-07,0,1,
6057,6.057,0.0,4.340960620456431e-07,0,1,
6058,6.058,0.0,4.1292494727770337e-07,0,1,
6059,6.059,0.0,3.9278635996095744e-07,0,1,
6060,6.0600000000000005,0.0,3.7362994313739186e-07,0,1,
6061,6.061,0.0,3.5540779578681576e-07,0,1,
6062,6.062,0.0,1.000000338074353,0,1,
6063,6.063,0.0,0.9512297460869862,0,1,
6064,6.064,0.0,0.9048377239382842,0,1,
6065,6.065,0.0,0.86070826740835,0,1,
6066,6.066,0.0,0.8187310298698515,0,1,
6067,6.067,0.0,0.7788010463639757,0,1,
6068,6.0680000000000005,0.0,0.7408184711333585,0,1,
6069,6.069,0.0,0.7046883279556835,0,1,
6070,6.07,0.0,0.6703202726536552,0,1,
6071,6.071,0.0,0.6376283671874982,0,1,
6072,6.072,0.0,0.6065308647650939,0,1,
6073,6.073,0.0,0.5769500054324207,0,1,
6074,6.074,0.0,0.5488118216331653,0,1,
6075,6.075,0.0,0.5220459532513043,0,1,
6076,6.0760000000000005,0.0,0.49658547167416484,0,1,
6077,6.077,0.0,0.47236671243603146,0,1,
6078,6.078,0.0,0.4493291160238205,0,1,
6079,6.079,0.0,0.4274150764467533,0,1,
6080,6.08,0.0,0.4065697971913738,0,1,
6081,6.081,0.0,0.3867411542017225,0,1,
6082,6.082,0.0,0.36787956554204637,0,1,
6083,6.083,0.0,0.3499378674161335,0,1,
6084,6.0840000000000005,0.0,0.3328711962332558,0,1,
6085,6.085,0.0,0.31663687642582417,0,1,
6086,6.086,0.0,0.3011943137382404,0,1,
6087,6.087,0.0,0.2865048937201139,0,1,
6088,6.088,0.0,0.2725318851700222,0,1,
6089,6.089,0.0,0.2592403482883749,0,1,
6090,6.09,0.0,0.24659704730971552,0,1,
6091,6.091,0.0,0.23457036739599604,0,1,
6092,6.0920000000000005,0.0,0.22313023558301437,0,1,
6093,6.093,0.0,0.2122480455823395,0,1,
6094,6.094,0.0,0.20189658625069012,0,1,
6095,6.095,0.0,0.19204997354790274,0,1,
6096,6.096,0.0,0.18268358581334887,0,1,
6097,6.097,0.0,0.17377400219895864,0,1,
6098,6.098,0.0,0.16529894410490123,0,1,
6099,6.099,0.0,0.1572372194714809,0,1,
6100,6.1000000000000005,0.0,0.14956866978794922,0,1,3.5840214505578096
6101,6.101,0.0,0.14227411968572826,0,1,
6102,6.102,0.0,0.135335328990001,0,1,
6103,6.103,0.0,0.12873494710977346,0,1,
6104,6.104,0.0,0.12245646965235966,0,1,
6105,6.105,0.0,0.11648419715380323,0,1,
6106,6.106,0.0,0.11080319582203996,0,1,
6107,6.107,0.0,0.105399260194639,0,1,
6108,6.1080000000000005,0.0,0.10025887761774746,0,1,
6109,6.109,0.0,0.09536919445741743,0,1,
6110,6.11,0.0,0.09071798395882587,0,1,
6111,6.111,0.0,0.08629361567301894,0,1,
6112,6.112,0.0,0.0820850263747316,0,1,
6113,6.113,0.0,0.07808169239856187,0,1,
6114,6.114,0.0,0.07427360332432578,0,1,
6115,6.115,0.0,0.07065123694579273,0,1,
6116,6.1160000000000005,0.0,0.06720553546021,0,1,
6117,6.117,0.0,0.0639278828190779,0,1,
6118,6.118,0.0,0.06081008318354055,0,1,
6119,6.119,0.0,0.05784434043051983,0,1,
6120,6.12,0.0,0.05502323865834676,0,1,
6121,6.121,0.0,0.05233972364314463,0,1,
6122,6.122,0.0,0.049787085199594884,0,1,
6123,6.123,0.0,0.04735894040197866,0,1,
6124,6.1240000000000006,0.0,0.04504921762353777,0,1,
6125,6.125,0.0,0.04285214135424526,0,1,
6126,6.126,0.0,0.04076221775902197,0,1,
6127,6.127,0.0,0.03877422094028725,0,1,
6128,6.128,0.0,0.03688317987049297,0,1,
6129,6.1290000000000004,0.0,0.03508436596196535,0,1,
6130,6.13,0.0,0.03337328124297274,0,1,
6131,6.131,0.0,0.03174564711045343,0,1,
6132,6.132000000000001,0.0,0.030197393631279375,0,1,
6133,6.133,0.0,0.028724649365303407,0,1,
6134,6.134,0.0,0.02732373168474236,0,1,
6135,6.135,0.0,0.0259911375656894,0,1,
6136,6.136,0.0,0.024723534828729615,0,1,
6137,6.1370000000000005,0.0,0.02351775380675583,0,1,
6138,6.138,0.0,0.022370779419149826,0,1,
6139,6.139,0.0,0.02127974363251031,0,1,
6140,6.140000000000001,0.0,0.020241918289075515,0,1,
6141,6.141,0.0,0.01925470828490778,0,1,
6142,6.142,0.0,0.01831564508078196,0,1,
6143,6.143,0.0,0.017422380529551557,0,1,
6144,6.144,0.0,0.016572681004557773,0,1,
6145,6.1450000000000005,0.0,0.015764421814399406,0,1,
6146,6.146,0.0,0.01499558189009765,0,1,
6147,6.147,0.0,0.014264238731370915,0,1,
6148,6.148,0.0,0.01356856359938275,0,1,
6149,6.149,0.0,0.01290681694394219,0,1,
6150,6.15,0.0,0.012277344053722194,0,1,
6151,6.151,0.0,0.011678570918619426,0,1,
6152,6.152,0.0,0.011109000293909132,0,1,
6153,6.1530000000000005,0.0,0.010567207956353446,0,1,
6154,6.154,0.0,0.010051839142901454,0,1,
6155,6.155,0.0,0.0095616051630759,0,1,
6156,6.156,0.0,0.009095280176575744,0,1,
6157,6.157,0.0,0.008651698128036898,0,1,
6158,6.158,0.0,0.008229749831286444,0,1,
6159,6.159,0.0,0.007828380195799452,0,1,
6160,6.16,0.0,0.0074465855884231,0,1,
6161,6.1610000000000005,0.0,0.007083411323771016,0,1,
6162,6.162,0.0,0.006737949277012544,0,1,
6163,6.163,0.0,0.006409335613087644,0,1,
6164,6.164,0.0,0.006096748626669291,0,1,
6165,6.165,0.0,0.005799406687472149,0,1,
6166,6.166,0.0,0.005516566285769724,0,1,
6167,6.167,0.0,0.0052475201732327765,0,1,
6168,6.168,0.0,0.004991595594440101,0,1,
6169,6.1690000000000005,0.0,0.004748152604639557,0,1,
6170,6.17,0.0,0.004516582469552851,0,1,
6171,6.171,0.0,0.004296306143222773,0,1,
6172,6.172,0.0,0.0040867728200966805,0,1,
6173,6.173,0.0,0.0038874585577257253,0,1,
6174,6.174,0.0,0.0036978649666358173,0,1,
6175,6.175,0.0,0.0035175179640943403,0,1,
6176,6.176,0.0,0.0033459665886563825,0,1,
6177,6.1770000000000005,0.0,0.003182781872526228,0,1,
6178,6.178,0.0,0.0030275557689144286,0,1,
6179,6.179,0.0,0.0028799001317082887,0,1,
6180,6.18,0.0,0.002739445744904406,0,1,
6181,6.181,0.0,0.0026058413993763478,0,1,
6182,6.182,0.0,0.0024787530146688987,0,1,
6183,6.183,0.0,0.0023578628036229066,0,1,
6184,6.184,0.0,0.0022428684777418577,0,1,
6185,6.1850000000000005,0.0,0.0021334824913131797,0,1,
6186,6.186,0.0,0.0020294313223941855,0,1,
6187,6.187,0.0,0.001930454788864744,0,1,
6188,6.188,0.0,0.0018363053978364579,0,1,
6189,6.189,0.0,0.0017467477267915285,0,1,
6190,6.19,0.0,0.001661557834903836,0,1,
6191,6.191,0.0,0.0015805227030702283,0,1,
6192,6.192,0.0,0.0015034397012518063,0,1,
6193,6.1930000000000005,0.0,0.001430116081793281,0,1,
6194,6.194,0.0,0.0013603684974534387,0,1,
6195,6.195,0.0,0.0012940225429415356,0,1,
6196,6.196,0.0,0.0012309123188132274,0,1,
6197,6.197,0.0,0.0011708800166355456,0,1,
6198,6.198,0.0,0.0011137755243836164,0,1,
6199,6.199,0.0,0.0010594560510824083,0,1,
6200,6.2,0.0,0.0010077857697549184,0,1,3.585539377597977
6201,6.2010000000000005,0.0,0.0009586354777839801,0,1,
6202,6.202,0.0,0.0009118822738384225,0,1,
6203,6.203,0.0,0.0008674092505557251,0,1,
6204,6.204,0.0,0.0008251052022127181,0,1,
6205,6.205,0.0,0.0007848643466533491,0,1,
6206,6.206,0.0,0.0007465860607781941,0,1,
6207,6.207,0.0,0.0007101746289342967,0,1,
6208,6.208,0.0,0.0006755390035761792,0,1,
6209,6.2090000000000005,0.0,0.0006425925775995548,0,1,
6210,6.21,0.0,0.0006112529677784549,0,1,
6211,6.211,0.0,0.0005814418087642531,0,1,
6212,6.212,0.0,0.0005530845571314747,0,1,
6213,6.213,0.0,0.000526110304980405,0,1,
6214,6.214,0.0,0.0005004516026304057,0,1,
6215,6.215,0.0,0.00047604428996058084,0,1,
6216,6.216,0.0,0.0004528273359760543,0,1,
6217,6.2170000000000005,0.0,0.00043074268619869364,0,1,
6218,6.218,0.0,0.000409735117500675,0,1,
6219,6.219,0.0,0.0003897521000178995,0,1,
6220,6.22,0.0,0.00037074366579797126,0,1,
6221,6.221,0.0,0.00035266228385428925,0,1,
6222,6.222,0.0,0.000335462741313823,0,1,
6223,6.223,0.0,0.0003191020303613798,0,1,
6224,6.224,0.0,0.0003035392406976647,0,1,
6225,6.2250000000000005,0.0,0.0002887354572422233,0,1,
6226,6.226,0.0,0.0002746536628254706,0,1,
6227,6.227,0.0,0.00026125864562648554,0,1,
6228,6.228,0.0,0.00024851691112511785,0,1,
6229,6.229,0.0,0.00023639659834824095,0,1,
6230,6.23,0.0,0.00022486740020072368,0,1,
6231,6.231,0.0,0.00021390048768190614,0,1,
6232,6.232,0.0,0.00020346843779808164,0,1,
6233,6.2330000000000005,0.0,0.00019354516499072854,0,1,
6234,6.234,0.0,0.00018410585590902643,0,1,
6235,6.235,0.0,0.0001751269073635546,0,1,
6236,6.236,0.0,0.0001665858673060239,0,1,
6237,6.237,0.0,0.00015846137868746142,0,1,
6238,6.238,0.0,0.00015073312605446364,0,1,
6239,6.239,0.0,0.00014338178474998102,0,1,
6240,6.24,0.0,0.0001363889725916097,0,1,
6241,6.2410000000000005,0.0,0.00012973720390656055,0,1,
6242,6.242,0.0,0.00012340984580836938,0,1,
6243,6.243,0.0,0.00011739107660601706,0,1,
6244,6.244,0.0,0.00011166584624146084,0,1,
6245,6.245,0.0,0.00010621983865665002,0,1,
6246,6.246,0.0,0.0001010394359959239,0,1,
6247,6.247,0.0,9.611168455427942e-05,0,1,
6248,6.248,0.0,9.142426238636137e-05,0,1,
6249,6.2490000000000006,0.0,8.69654484951808e-05,0,1,
6250,6.25,0.0,8.272409352351732e-05,0,1,
6251,6.251,0.0,7.868959187471862e-05,0,1,
6252,6.252,0.0,7.485185519318465e-05,0,1,
6253,6.253,0.0,7.120128713822381e-05,0,1,
6254,6.2540000000000004,0.0,6.772875938820272e-05,0,1,
6255,6.255,0.0,6.44255888149874e-05,0,1,
6256,6.256,0.0,6.12835157716001e-05,0,1,
6257,6.257000000000001,0.0,5.8294683438799594e-05,0,1,
6258,6.258,0.0,5.545161817894064e-05,0,1,
6259,6.259,0.0,5.274721084798704e-05,0,1,
6260,6.26,0.0,5.017469901894853e-05,0,1,
6261,6.261,0.0,4.772765007229095e-05,0,1,
6262,6.2620000000000005,0.0,4.5399945111036785e-05,0,1,
6263,6.263,0.0,4.318576366033552e-05,0,1,
6264,6.264,0.0,4.107956911324481e-05,0,1,
6265,6.265000000000001,0.0,3.9076094886329164e-05,0,1,
6266,6.266,0.0,3.7170331250458187e-05,0,1,
6267,6.267,0.0,3.535751280387425e-05,0,1,
6268,6.268,0.0,3.363310655620593e-05,0,1,
6269,6.269,0.0,3.199280059363096e-05,0,1,
6270,6.2700000000000005,0.0,3.0432493296845683e-05,0,1,
6271,6.271,0.0,2.8948283084880357e-05,0,1,
6272,6.272,0.0,2.7536458659114495e-05,0,1,
6273,6.273,0.0,2.6193489723097183e-05,0,1,
6274,6.274,0.0,2.49160181549671e-05,0,1,
6275,6.275,0.0,2.3700849610398697e-05,0,1,
6276,6.276,0.0,2.2544945535077524e-05,0,1,
6277,6.277,0.0,2.1445415566731734e-05,0,1,
6278,6.2780000000000005,0.0,2.039951030772088e-05,0,1,
6279,6.279,0.0,1.9404614450109716e-05,0,1,
6280,6.28,0.0,1.8458240236036104e-05,0,1,
6281,6.281,0.0,1.7558021237020545e-05,0,1,
6282,6.282,0.0,1.6701706436662367e-05,0,1,
6283,6.283,0.0,1.5887154601926214e-05,0,1,
6284,6.284,0.0,1.5112328928944143e-05,0,1,
6285,6.285,0.0,1.437529194994503e-05,0,1,
6286,6.2860000000000005,0.0,1.3674200688575956e-05,0,1,
6287,6.287,0.0,1.3007302051501374e-05,0,1,
6288,6.288,0.0,1.2372928444756609e-05,0,1,
6289,6.289,0.0,1.1769493603894344e-05,0,1,
6290,6.29,0.0,1.1195488627497253e-05,0,1,
6291,6.291,0.0,1.06494782041385e-05,0,1,
6292,6.292,0.0,1.0130097023355563e-05,0,1,
6293,6.293,0.0,9.636046361662909e-06,0,1,
6294,6.2940000000000005,0.0,9.166090835066807e-06,0,1,
6295,6.295,0.0,8.719055309961869e-06,0,1,
6296,6.296,0.0,8.293821964684923e-06,0,1,
6297,6.297,0.0,7.889327494378621e-06,0,1,
6298,6.298,0.0,7.504560452175436e-06,0,1,
6299,6.299,0.0,7.138558720053658e-06,0,1,
6300,6.3,0.0,6.790407103041195e-06,0,1,3.5801856769872162
6301,6.301,0.0,6.459235040751437e-06,0,1,
6302,6.3020000000000005,0.0,6.144214430528835e-06,0,1,
6303,6.303,0.0,5.844557556760927e-06,0,1,
6304,6.304,0.0,5.559515121178996e-06,0,1,
6305,6.305,0.0,5.288374369222114e-06,0,1,
6306,6.306,0.0,5.030457307779478e-06,0,1,
6307,6.307,0.0,4.785119009854483e-06,0,1,
6308,6.308,0.0,4.551746001911307e-06,0,1,
6309,6.309,0.0,4.329754729871518e-06,0,1,
6310,6.3100000000000005,0.0,4.118590099924929e-06,0,1,
6311,6.311,0.0,3.917724090505928e-06,0,1,
6312,6.312,0.0,3.7266544319645374e-06,0,1,
6313,6.313,0.0,3.544903350630662e-06,0,1,
6314,6.314,0.0,3.3720163741310576e-06,0,1,
6315,6.315,0.0,3.20756119497167e-06,0,1,
6316,6.316,0.0,3.051126589543724e-06,0,1,
6317,6.317,0.0,2.902321389850503e-06,0,1,
6318,6.3180000000000005,0.0,2.7607735053836062e-06,0,1,
6319,6.319,0.0,2.6261289927028665e-06,0,1,
6320,6.32,0.0,2.4980511703933875e-06,0,1,
6321,6.321,0.0,2.3762197771866372e-06,0,1,
6322,6.322,0.0,2.2603301711404597e-06,0,1,
6323,6.323,0.0,2.15009256787554e-06,0,1,
6324,6.324,0.0,2.0452313159635124e-06,0,1,
6325,6.325,0.0,1.9454842076548097e-06,0,1,
6326,6.3260000000000005,0.0,1.8506018232227121e-06,0,1,
6327,6.327,0.0,1.7603469072841125e-06,0,1,
6328,6.328,0.0,1.0000016744937756,0,1,
6329,6.329,0.0,0.9512310173284646,0,1,
6330,6.33,0.0,0.9048389331805841,0,1,
6331,6.331,0.0,0.860709417675207,0,1,
6332,6.332,0.0,0.8187321240375319,0,1,
6333,6.333,0.0,0.7788020871684687,0,1,
6334,6.3340000000000005,0.0,0.7408194611772173,0,1,
6335,6.335,0.0,0.7046892697145335,0,1,
6336,6.336,0.0,0.6703211684823841,0,1,
6337,6.337,0.0,0.6376292193261444,0,1,
6338,6.338,0.0,0.6065316753444479,0,1,
6339,6.339,0.0,0.576950776479353,0,1,
6340,6.34,0.0,0.548812555075695,0,1,
6341,6.341,0.0,0.5220466509234198,0,1,
6342,6.3420000000000005,0.0,0.4965861353204098,0,1,
6343,6.343,0.0,0.4723673437158671,0,1,
6344,6.344,0.0,0.4493297165157752,0,1,
6345,6.345,0.0,0.42741564765236983,0,1,
6346,6.346,0.0,0.40657034053896374,0,1,
6347,6.347,0.0,0.3867416710499378,0,1,
6348,6.348,0.0,0.36788005718327677,0,1,
6349,6.349,0.0,0.3499383350797381,0,1,
6350,6.3500000000000005,0.0,0.3328716410886373,0,1,
6351,6.351,0.0,0.3166372995853527,0,1,
6352,6.352,0.0,0.3011947162600352,0,1,
6353,6.353,0.0,0.28650527661068914,0,1,
6354,6.354,0.0,0.2725322493868037,0,1,
6355,6.355,0.0,0.2592406947420944,0,1,
6356,6.356,0.0,0.2465973768666877,0,1,
6357,6.357,0.0,0.23457068088028504,0,1,
6358,6.3580000000000005,0.0,0.22313053377849418,0,1,
6359,6.359,0.0,0.21224832923465414,0,1,
6360,6.36,0.0,0.20189685606911814,0,1,
6361,6.361,0.0,0.19205023020713075,0,1,
6362,6.362,0.0,0.1826838299551586,0,1,
6363,6.363,0.0,0.17377423443383183,0,1,
6364,6.364,0.0,0.16529916501354602,0,1,
6365,6.365,0.0,0.15723742960628395,0,1,
6366,6.3660000000000005,0.0,0.149568869674357,0,1,
6367,6.367,0.0,0.1422743098235609,0,1,
6368,6.368,0.0,0.1353355098547021,0,1,
6369,6.369,0.0,0.128735119153599,0,1,
6370,6.37,0.0,0.12245663330550882,0,1,
6371,6.371,0.0,0.11648435282549413,0,1,
6372,6.372,0.0,0.1108033439015329,0,1,
6373,6.373,0.0,0.10539940105220984,0,1,
6374,6.3740000000000006,0.0,0.10025901160561351,0,1,
6375,6.375,0.0,0.09536932191061814,0,1,
6376,6.376,0.0,0.09071810519606063,0,1,
6377,6.377,0.0,0.08629373099744399,0,1,
6378,6.378,0.0,0.08208513607471807,0,1,
6379,6.3790000000000004,0.0,0.07808179674841687,0,1,
6380,6.38,0.0,0.0742737025849783,0,1,
6381,6.381,0.0,0.0706513313654461,0,1,
6382,6.382000000000001,0.0,0.06720562527496254,0,1,
6383,6.383,0.0,0.06392796825351325,0,1,
6384,6.384,0.0,0.060810164451289325,0,1,
6385,6.385,0.0,0.05784441773479372,0,1,
6386,6.386,0.0,0.05502331219244673,0,1,
6387,6.3870000000000005,0.0,0.05233979359094423,0,1,
6388,6.388,0.0,0.04978715173600003,0,1,
6389,6.389,0.0,0.047359003693365036,0,1,
6390,6.390000000000001,0.0,0.04504927782816681,0,1,
6391,6.391,0.0,0.04285219862265989,0,1,
6392,6.392,0.0,0.04076227223442306,0,1,
6393,6.393,0.0,0.038774272758891684,0,1,
6394,6.394,0.0,0.03688322916187425,0,1,
6395,6.3950000000000005,0.0,0.03508441284937759,0,1,
6396,6.396,0.0,0.0333733258436589,0,1,
6397,6.397,0.0,0.03174568953593846,0,1,
6398,6.398000000000001,0.0,0.03019743398764908,0,1,
6399,6.399,0.0,0.028724687753469737,0,1,
6400,6.4,0.0,0.027323768200695726,0,1,3.590292412407452
6401,6.401,0.0,0.025991172300738705,0,1,
6402,6.402,0.0,0.024723567869730578,0,1,
6403,6.4030000000000005,0.0,0.02351778523632816,0,1,
6404,6.404,0.0,0.022370809315883824,0,1,
6405,6.405,0.0,0.021279772071163383,0,1,
6406,6.406,0.0,0.020241945340759113,0,1,
6407,6.407,0.0,0.0192547340172652,0,1,
6408,6.408,0.0,0.018315669558157496,0,1,
6409,6.409,0.0,0.0174224038131514,0,1,
6410,6.41,0.0,0.016572703152603053,0,1,
6411,6.4110000000000005,0.0,0.01576444288227177,0,1,
6412,6.412,0.0,0.014995601930477753,0,1,
6413,6.413,0.0,0.014264257794370148,0,1,
6414,6.414,0.0,0.01356858173266854,0,1,
6415,6.415,0.0,0.012906834192857196,0,1,
6416,6.416,0.0,0.012277360461397688,0,1,
6417,6.417,0.0,0.011678586526083144,0,1,
6418,6.418,0.0,0.011109015140187861,0,1,
6419,6.4190000000000005,0.0,0.010567222078570618,0,1,
6420,6.42,0.0,0.010051852576369967,0,1,
6421,6.421,0.0,0.009561617941386423,0,1,
6422,6.422,0.0,0.009095292331680709,0,1,
6423,6.423,0.0,0.008651709690330397,0,1,
6424,6.424,0.0,0.008229760829680235,0,1,
6425,6.425,0.0,0.007828390657795248,0,1,
6426,6.426,0.0,0.00744659554018134,0,1,
6427,6.4270000000000005,0.0,0.0070834207901762794,0,1,
6428,6.428,0.0,0.006737958281735775,0,1,
6429,6.429,0.0,0.006409344178645341,0,1,
6430,6.43,0.0,0.006096756774479809,0,1,
6431,6.431,0.0,0.0057994144379092585,0,1,
6432,6.432,0.0,0.005516573658213556,0,1,
6433,6.433,0.0,0.00524752718611828,0,1,
6434,6.434,0.0,0.004991602265303143,0,1,
6435,6.4350000000000005,0.0,0.004748158950160769,0,1,
6436,6.436,0.0,0.004516588505599343,0,1,
6437,6.437,0.0,0.004296311884887803,0,1,
6438,6.438,0.0,0.0040867782817374035,0,1,
6439,6.439,0.0,0.003887463752999087,0,1,
6440,6.44,0.0,0.0036978699085327073,0,1,
6441,6.441,0.0,0.003517522664972075,0,1,
6442,6.442,0.0,0.003345971060269605,0,1,
6443,6.4430000000000005,0.0,0.0031827861260563003,0,1,
6444,6.444,0.0,0.0030275598149973916,0,1,
6445,6.445,0.0,0.002879903980461457,0,1,
6446,6.446,0.0,0.0027394494059516674,0,1,
6447,6.447,0.0,0.0026058448818722275,0,1,
6448,6.448,0.0,0.0024787563273214503,0,1,
6449,6.449,0.0,0.0023578659547154866,0,1,
6450,6.45,0.0,0.002242871475153839,0,1,
6451,6.4510000000000005,0.0,0.002133485342539654,0,1,
6452,6.452,0.0,0.0020294340345647036,0,1,
6453,6.453,0.0,0.001930457368761145,0,1,
6454,6.454,0.0,0.0018363078519098267,0,1,
6455,6.455,0.0,0.0017467500611783268,0,1,
6456,6.456,0.0,0.0016615600554412467,0,1,
6457,6.457,0.0,0.0015805248153107517,0,1,
6458,6.458,0.0,0.0015034417104771436,0,1,
6459,6.4590000000000005,0.0,0.0014301179930275424,0,1,
6460,6.46,0.0,0.0013603703154757053,0,1,
6461,6.461,0.0,0.00129402427229781,0,1,
6462,6.462,0.0,0.001230913963827801,0,1,
6463,6.463,0.0,0.0011708815814218119,0,1,
6464,6.464,0.0,0.001113777012854356,0,1,
6465,6.465,0.0,0.0010594574669595734,0,1,
6466,6.466,0.0,0.0010077871165789392,0,1,
6467,6.4670000000000005,0.0,0.0009586367589226183,0,1,
6468,6.468,0.0,0.0009118834924951919,0,1,
6469,6.469,0.0,0.0008674104097779026,0,1,
6470,6.47,0.0,0.0008251063048989628,0,1,
6471,6.471,0.0,0.000784865395560951,0,1,
6472,6.472,0.0,0.0007465870585299687,0,1,
6473,6.473,0.0,0.000710175578025143,0,1,
6474,6.474,0.0,0.0006755399063793187,0,1,
6475,6.4750000000000005,0.0,0.0006425934363724655,0,1,
6476,6.476,0.0,0.0006112537846685165,0,1,
6477,6.477,0.0,0.0005814425858141163,0,1,
6478,6.478,0.0,0.0005530852962841689,0,1,
6479,6.479,0.0,0.0005261110080841968,0,1,
6480,6.48,0.0,0.0005004522714434211,0,1,
6481,6.481,0.0,0.00047604492615520056,0,1,
6482,6.482,0.0,0.00045282794114309634,0,1,
6483,6.4830000000000005,0.0,0.0004307432618513907,0,1,
6484,6.484,0.0,0.0004097356650784587,0,1,
6485,6.485,0.0,0.0003897526208899996,0,1,
6486,6.486,0.0,0.0003707441612668393,0,1,
6487,6.487,0.0,0.00035266275515885543,0,1,
6488,6.488,0.0,0.0003354631896325943,0,1,
6489,6.489,0.0,0.00031910245681538655,0,1,
6490,6.49,0.0,0.0003035396463532641,0,1,
6491,6.4910000000000005,0.0,0.0002887358431137657,0,1,
6492,6.492,0.0,0.00027465402987783576,0,1,
6493,6.493,0.0,0.0002612589947774956,0,1,
6494,6.494,0.0,0.0002485172432478322,0,1,
6495,6.495,0.0,0.0002363969142731394,0,1,
6496,6.496,0.0,0.00022486770071778302,0,1,
6497,6.497,0.0,0.00021390077354257553,0,1,
6498,6.498,0.0,0.00020346870971716166,0,1,
6499,6.4990000000000006,0.0,0.00019354542364815854,0,1,
6500,6.5,0.0,0.00018410610195158472,0,1,3.591151284990254
6501,6.501,0.0,0.00017512714140647571,0,1,
6502,6.502,0.0,0.00016658608993453707,0,1,
6503,6.503,0.0,0.0001584615904582539,0,1,
6504,6.5040000000000004,0.0,0.00015073332749707268,0,1,
6505,6.505,0.0,0.0001433819763681181,0,1,
6506,6.506,0.0,0.00013638915486441995,0,1,
6507,6.507000000000001,0.0,0.00012973737728982096,0,1,
6508,6.508,0.0,0.0001234100107356284,0,1,
6509,6.509,0.0,0.00011739123348967875,0,1,
6510,6.51,0.0,0.00011166599547381606,0,1,
6511,6.511,0.0,0.00010621998061085739,0,1,
6512,6.5120000000000005,0.0,0.00010103957102694287,0,1,
6513,6.513,0.0,9.611181299975789e-05,0,1,
6514,6.514,0.0,9.142438456747994e-05,0,1,
6515,6.515000000000001,0.0,8.69655647174559e-05,0,1,
6516,6.516,0.0,8.272420407756517e-05,0,1,
6517,6.517,0.0,7.868969703698193e-05,0,1,
6518,6.518,0.0,7.485195522662387e-05,0,1,
6519,6.519,0.0,7.120138229297463e-05,0,1,
6520,6.5200000000000005,0.0,6.77288499022016e-05,0,1,
6521,6.521,0.0,6.442567491456646e-05,0,1,
6522,6.522,0.0,6.128359767205314e-05,0,1,
6523,6.523000000000001,0.0,5.8294761344920405e-05,0,1,
6524,6.524,0.0,5.5451692285535106e-05,0,1,
6525,6.525,0.0,5.2747281340360244e-05,0,1,
6526,6.526,0.0,5.0174766073368123e-05,0,1,
6527,6.527,0.0,4.772771385642791e-05,0,1,
6528,6.5280000000000005,0.0,4.5400005784384675e-05,0,1,
6529,6.529,0.0,4.318582137460932e-05,0,1,
6530,6.53,0.0,4.107962401276026e-05,0,1,
6531,6.531,0.0,3.9076147108363654e-05,0,1,
6532,6.532,0.0,3.7170380925594e-05,0,1,
6533,6.533,0.0,3.5357560056325095e-05,0,1,
6534,6.534,0.0,3.363315150412755e-05,0,1,
6535,6.535,0.0,3.1992843349416575e-05,0,1,
6536,6.5360000000000005,0.0,3.0432533967407026e-05,0,1,
6537,6.537,0.0,2.8948321771915016e-05,0,1,
6538,6.538,0.0,2.753649545936021e-05,0,1,
6539,6.539,0.0,2.6193524728573738e-05,0,1,
6540,6.54,0.0,2.4916051453206418e-05,0,1,
6541,6.541,0.0,2.370088128466372e-05,0,1,
6542,6.542,0.0,2.2544975664570416e-05,0,1,
6543,6.543,0.0,2.144544422679192e-05,0,1,
6544,6.5440000000000005,0.0,2.039953757001344e-05,0,1,
6545,6.545,0.0,1.9404640382804577e-05,0,1,
6546,6.546,0.0,1.8458264903978512e-05,0,1,
6547,6.547,0.0,1.755804470189321e-05,0,1,
6548,6.548,0.0,1.6701728757139688e-05,0,1,
6549,6.549,0.0,1.588717583382101e-05,0,1,
6550,6.55,0.0,1.511234912534721e-05,0,1,
6551,6.551,0.0,1.4375311161357896e-05,0,1,
6552,6.5520000000000005,0.0,1.3674218963037162e-05,0,1,
6553,6.553,0.0,1.3007319434706589e-05,0,1,
6554,6.554,0.0,1.2372944980172901e-05,0,1,
6555,6.555,0.0,1.1769509332868867e-05,0,1,
6556,6.556,0.0,1.1195503589360635e-05,0,1,
6557,6.557,0.0,1.0649492436303195e-05,0,1,
6558,6.558,0.0,1.0130110561409394e-05,0,1,
6559,6.559,0.0,9.636059239458063e-06,0,1,
6560,6.5600000000000005,0.0,9.166103084804481e-06,0,1,
6561,6.561,0.0,8.719066962272786e-06,0,1,
6562,6.562,0.0,8.293833048705931e-06,0,1,
6563,6.563,0.0,7.889338037825545e-06,0,1,
6564,6.564,0.0,7.504570481412386e-06,0,1,
6565,6.565,0.0,7.13856826015895e-06,0,1,
6566,6.566,0.0,1.0000067904161778,0,1,
6567,6.567,0.0,0.951235883744387,0,1,
6568,6.5680000000000005,0.0,0.9048435622586013,0,1,
6569,6.569,0.0,0.8607138209904253,0,1,
6570,6.57,0.0,0.8187363126005328,0,1,
6571,6.571,0.0,0.7788060714528415,0,1,
6572,6.572,0.0,0.7408232511457484,0,1,
6573,6.573,0.0,0.7046928748441182,0,1,
6574,6.574,0.0,0.6703245977877242,0,1,
6575,6.575,0.0,0.6376324813822896,0,1,
6576,6.5760000000000005,0.0,0.6065347783082375,0,1,
6577,6.577,0.0,0.5769537281098129,0,1,
6578,6.578,0.0,0.5488153627534388,0,1,
6579,6.579,0.0,0.5220493216691042,0,1,
6580,6.58,0.0,0.49658867581229016,0,1,
6581,6.581,0.0,0.4723697603064964,0,1,
6582,6.582,0.0,0.4493320152478888,0,1,
6583,6.583,0.0,0.4274178342739953,0,1,
6584,6.5840000000000005,0.0,0.40657242051779413,0,1,
6585,6.585,0.0,0.3867436495870036,0,1,
6586,6.586,0.0,0.3678819392259512,0,1,
6587,6.587,0.0,0.3499401253341082,0,1,
6588,6.588,0.0,0.33287334403127145,0,1,
6589,6.589,0.0,0.3166389194744945,0,1,
6590,6.59,0.0,0.30119625714625137,0,1,
6591,6.591,0.0,0.28650674234699774,0,1,
6592,6.5920000000000005,0.0,0.272533643638309,0,1,
6593,6.593,0.0,0.25924202099515137,0,1,
6594,6.594,0.0,0.24659863843761987,0,1,
6595,6.595,0.0,0.2345718809236768,0,1,
6596,6.596,0.0,0.2231316752950791,0,1,
6597,6.597,0.0,0.21224941507881828,0,1,
6598,6.598,0.0,0.2018978889560375,0,1,
6599,6.599,0.0,0.1920512127195606,0,1,
6600,6.6000000000000005,0.0,0.18268476454989185,0,1,3.5935710140580928
6601,6.601,0.0,0.17377512344784207,0,1,
6602,6.602,0.0,0.16530001066983135,0,1,
6603,6.603,0.0,0.15723823401942558,0,1,
6604,6.604,0.0,0.1495696348558068,0,1,
6605,6.605,0.0,0.14227503768667102,0,1,
6606,6.606,0.0,0.13533620221950948,0,1,
6607,6.607,0.0,0.12873577775137626,0,1,
6608,6.6080000000000005,0.0,0.12245725978309346,0,1,
6609,6.609,0.0,0.11648494874940643,0,1,
6610,6.61,0.0,0.11080391076189304,0,1,
6611,6.611,0.0,0.10539994026646399,0,1,
6612,6.612,0.0,0.10025952452207818,0,1,
6613,6.613,0.0,0.09536980981185164,0,1,
6614,6.614,0.0,0.09071856930207019,0,1,
6615,6.615,0.0,0.08629417246873637,0,1,
6616,6.6160000000000005,0.0,0.08208555601520146,0,1,
6617,6.617,0.0,0.0780821962081612,0,1,
6618,6.618,0.0,0.07427408256284102,0,1,
6619,6.619,0.0,0.07065169281156977,0,1,
6620,6.62,0.0,0.06720596909315074,0,1,
6621,6.621,0.0,0.06392829530349055,0,1,
6622,6.622,0.0,0.06081047555085101,0,1,
6623,6.623,0.0,0.05784471366185075,0,1,
6624,6.6240000000000006,0.0,0.05502359368697088,0,1,
6625,6.625,0.0,0.05234006135681843,0,1,
6626,6.626,0.0,0.04978740644277845,0,1,
6627,6.627,0.0,0.04735924597794729,0,1,
6628,6.628,0.0,0.04504950829639055,0,1,
6629,6.6290000000000004,0.0,0.04285241785081573,0,1,
6630,6.63,0.0,0.04076248077069557,0,1,
6631,6.631,0.0,0.03877447112473017,0,1,
6632,6.632000000000001,0.0,0.03688341785329663,0,1,
6633,6.633,0.0,0.035084592338210714,0,1,
6634,6.634,0.0,0.03337349657871834,0,1,
6635,6.635,0.0,0.0317458519441508,0,1,
6636,6.636,0.0,0.030197588475119438,0,1,
6637,6.6370000000000005,0.0,0.028724834706497258,0,1,
6638,6.638,0.0,0.02732390798673952,0,1,
6639,6.639,0.0,0.025991305269336698,0,1,
6640,6.640000000000001,0.0,0.024723694353373522,0,1,
6641,6.641,0.0,0.02351790555129105,0,1,
6642,6.642,0.0,0.022370923763016734,0,1,
6643,6.643,0.0,0.021279880936643757,0,1,
6644,6.644,0.0,0.020242048896807356,0,1,
6645,6.6450000000000005,0.0,0.019254832522825373,0,1,
6646,6.646,0.0,0.01831576325954481,0,1,
6647,6.647,0.0,0.017422492944668133,0,1,
6648,6.648000000000001,0.0,0.01657278793712442,0,1,
6649,6.649,0.0,0.015764523531803236,0,1,
6650,6.65,0.0,0.014995678646685155,0,1,
6651,6.651,0.0,0.014264330769083965,0,1,
6652,6.652,0.0,0.013568651148363567,0,1,
6653,6.6530000000000005,0.0,0.012906900223108829,0,1,
6654,6.654,0.0,0.012277423271315948,0,1,
6655,6.655,0.0,0.011678646272725543,0,1,
6656,6.656000000000001,0.0,0.011109071972952127,0,1,
6657,6.657,0.0,0.010567276139568264,0,1,
6658,6.658,0.0,0.010051904000781646,0,1,
6659,6.659,0.0,0.009561666857799949,0,1,
6660,6.66,0.0,0.009095338862412596,0,1,
6661,6.6610000000000005,0.0,0.008651753951731712,0,1,
6662,6.662,0.0,0.008229802932427536,0,1,
6663,6.663,0.0,0.007828430707167334,0,1,
6664,6.664,0.0,0.007446633636322501,0,1,
6665,6.665,0.0,0.007083457028346712,0,1,
6666,6.666,0.0,0.00673799275254978,0,1,
6667,6.667,0.0,0.006409376968297909,0,1,
6668,6.668,0.0,0.006096787964962151,0,1,
6669,6.6690000000000005,0.0,0.005799444107213826,0,1,
6670,6.67,0.0,0.005516601880529065,0,1,
6671,6.671,0.0,0.005247554032015219,0,1,
6672,6.672,0.0,0.004991627801910238,0,1,
6673,6.673,0.0,0.00474818324133284,0,1,
6674,6.674,0.0,0.004516611612076972,0,1,
6675,6.675,0.0,0.00429633386444922,0,1,
6676,6.676,0.0,0.00408679918934296,0,1,
6677,6.6770000000000005,0.0,0.0038874836409286883,0,1,
6678,6.678,0.0,0.0036978888265165365,0,1,
6679,6.679,0.0,0.0035175406603149455,0,1,
6680,6.68,0.0,0.0033459881779692472,0,1,
6681,6.681,0.0,0.0031828024089158797,0,1,
6682,6.682,0.0,0.0030275753037325385,0,1,
6683,6.683,0.0,0.002879918713802077,0,1,
6684,6.684,0.0,0.002739463420738786,0,1,
6685,6.6850000000000005,0.0,0.002605858213150113,0,1,
6686,6.686,0.0,0.002478769008425241,0,1,
6687,6.687,0.0,0.0023578780173545474,0,1,
6688,6.688,0.0,0.0022428829494910507,0,1,
6689,6.689,0.0,0.0021334962572668362,0,1,
6690,6.69,0.0,0.00202944441697436,0,1,
6691,6.691,0.0,0.0019304672448147075,0,1,
6692,6.692,0.0,0.0018363172463025732,0,1,
6693,6.6930000000000005,0.0,0.0017467589974011326,0,1,
6694,6.694,0.0,0.0016615685558393236,0,1,
6695,6.695,0.0,0.0015805329011395223,0,1,
6696,6.696,0.0,0.0015034494019553917,0,1,
6697,6.697,0.0,0.0014301253093879699,0,1,
6698,6.698,0.0,0.0013603772750130241,0,1,
6699,6.699,0.0,0.0012940308924144885,0,1,
6700,6.7,0.0,0.0012309202610775792,0,1,3.5928013493682394
6701,6.7010000000000005,0.0,0.0011708875715510942,0,1,
6702,6.702,0.0,0.001113782710841586,0,1,
6703,6.703,0.0,0.001059462887052687,0,1,
6704,6.704,0.0,0.0010077922723309924,0,1,
6705,6.705,0.0,0.0009586416632256767,0,1,
6706,6.706,0.0,0.0009118881576125678,0,1,
6707,6.707,0.0,0.0008674148473748192,0,1,
6708,6.708,0.0,0.0008251105260717239,0,1,
6709,6.7090000000000005,0.0,0.0007848694108646873,0,1,
6710,6.71,0.0,0.000746590878005031,0,1,
6711,6.711,0.0,0.0007101792112222084,0,1,
6712,6.712,0.0,0.0006755433623832723,0,1,
6713,6.713,0.0,0.0006425967238251174,0,1,
6714,6.714,0.0,0.0006112569117902107,0,1,
6715,6.715,0.0,0.0005814455604242858,0,1,
6716,6.716,0.0,0.0005530881258208885,0,1,
6717,6.7170000000000005,0.0,0.0005261136996227823,0,1,
6718,6.718,0.0,0.0005004548317141206,0,1,
6719,6.719,0.0,0.00047604736156002465,0,1,
6720,6.72,0.0,0.00045283025777182557,0,1,
6721,6.721,0.0,0.0004307454654968036,0,1,
6722,6.722,0.0,0.00040973776125081664,0,1,
6723,6.723,0.0,0.00038975461483082527,0,1,
6724,6.724,0.0,0.0003707460579620234,0,1,
6725,6.7250000000000005,0.0,0.0003526645593511239,0,1,
6726,6.726,0.0,0.00033546490583336746,0,1,
6727,6.727,0.0,0.00031910408931606037,0,1,
6728,6.728,0.0,0.00030354119923594057,0,1,
6729,6.729,0.0,0.0002887373202614603,0,1,
6730,6.73,0.0,0.00027465543498418724,0,1,
6731,6.731,0.0,0.0002612603313560017,0,1,
6732,6.732,0.0,0.0002485185146406353,0,1,
6733,6.7330000000000005,0.0,0.0002363981236593838,0,1,
6734,6.734,0.0,0.0002248688511215643,0,1,
6735,6.735,0.0,0.00021390186784050233,0,1,
6736,6.736,0.0,0.00020346975064554882,0,1,
6737,6.737,0.0,0.0001935464138098692,0,1,
6738,6.738,0.0,0.00018410704382253892,0,1,
6739,6.739,0.0,0.00017512803734184143,0,1,
6740,6.74,0.0,0.0001665869421746194,0,1,
6741,6.7410000000000005,0.0,0.00015846240113409692,0,1,
6742,6.742,0.0,0.0001507340986357883,0,1,
6743,6.743,0.0,0.00014338270989795477,0,1,
6744,6.744,0.0,0.00013638985261958434,0,1,
6745,6.745,0.0,0.0001297380410150644,0,1,
6746,6.746,0.0,0.00012341064209060975,0,1,
6747,6.747,0.0,0.00011739183405311431,0,1,
6748,6.748,0.0,0.00011166656674742724,0,1,
6749,6.7490000000000006,0.0,0.00010622052402312578,0,1,
6750,6.75,0.0,0.0001010400879366822,0,1,
6751,6.751,0.0,9.611230469951175e-05,0,1,
6752,6.752,0.0,9.142485228675382e-05,0,1,
6753,6.753,0.0,8.696600962579163e-05,0,1,
6754,6.7540000000000004,0.0,8.272462728746533e-05,0,1,
6755,6.755,0.0,7.86900996066917e-05,0,1,
6756,6.756,0.0,7.485233816277721e-05,0,1,
6757,6.757000000000001,0.0,7.12017465531114e-05,0,1,
6758,6.758,0.0,6.772919639716185e-05,0,1,
6759,6.759,0.0,6.44260045107681e-05,0,1,
6760,6.76,0.0,6.128391119365834e-05,0,1,
6761,6.761,0.0,5.829505957589649e-05,0,1,
6762,6.7620000000000005,0.0,5.545197597161486e-05,0,1,
6763,6.763,0.0,5.2747551190906626e-05,0,1,
6764,6.764,0.0,5.017502276314806e-05,0,1,
6765,6.765000000000001,0.0,4.772795802729956e-05,0,1,
6766,6.766,0.0,4.540023804690239e-05,0,1,
6767,6.767,0.0,4.3186042309550384e-05,0,1,
6768,6.768,0.0,4.10798341725771e-05,0,1,
6769,6.769,0.0,3.907634701856528e-05,0,1,
6770,6.7700000000000005,0.0,3.7170571086060045e-05,0,1,
6771,6.771,0.0,3.535774094255578e-05,0,1,
6772,6.772,0.0,3.363332356843267e-05,0,1,
6773,6.773000000000001,0.0,3.199300702204651e-05,0,1,
6774,6.774,0.0,3.0432689657628602e-05,0,1,
6775,6.775,0.0,2.8948469869034887e-05,0,1,
6776,6.776,0.0,2.7536636333698315e-05,0,1,
6777,6.777,0.0,2.61936587323893e-05,0,1,
6778,6.7780000000000005,0.0,2.4916178921578776e-05,0,1,
6779,6.779,0.0,2.37010025363302e-05,0,1,
6780,6.78,0.0,2.254509100272334e-05,0,1,
6781,6.781000000000001,0.0,2.1445553939836748e-05,0,1,
6782,6.782,0.0,2.039964193228993e-05,0,1,
6783,6.783,0.0,1.9404739655272783e-05,0,1,
6784,6.784,0.0,1.8458359334871312e-05,0,1,
6785,6.785,0.0,1.755813452733702e-05,0,1,
6786,6.7860000000000005,0.0,1.670181420174491e-05,0,1,
6787,6.787,0.0,1.588725711124366e-05,0,1,
6788,6.788,0.0,1.5112426438823185e-05,0,1,
6789,6.789,0.0,1.4375384704211153e-05,0,1,
6790,6.79,0.0,1.3674288919163142e-05,0,1,
6791,6.791,0.0,1.3007385979032045e-05,0,1,
6792,6.792,0.0,1.237300827909331e-05,0,1,
6793,6.793,0.0,1.1769569544664498e-05,0,1,
6794,6.7940000000000005,0.0,1.119556086459234e-05,0,1,
6795,6.795,0.0,1.0649546918188888e-05,0,1,
6796,6.796,0.0,1.0130162386182168e-05,0,1,
6797,6.797,0.0,9.636108536706843e-06,0,1,
6798,6.798,0.0,9.166149977798067e-06,0,1,
6799,6.799,0.0,8.719111568268088e-06,0,1,
6800,6.8,0.0,8.293875479241172e-06,0,1,3.599742928514854
6801,6.801,0.0,7.889378398999163e-06,0,1,
6802,6.8020000000000005,0.0,1.000007504608874,0,1,
6803,6.803,0.0,0.9512365631054944,0,1,
6804,6.804,0.0,0.9048442084868766,0,1,
6805,6.805,0.0,0.8607144357017757,0,1,
6806,6.806,0.0,0.818736897332057,0,1,
6807,6.807,0.0,0.7788066276666727,0,1,
6808,6.808,0.0,0.740823780232711,0,1,
6809,6.809,0.0,0.7046933781272051,0,1,
6810,6.8100000000000005,0.0,0.6703250765254054,0,1,
6811,6.811,0.0,0.6376329367716584,0,1,
6812,6.812,0.0,0.6065352114880048,0,1,
6813,6.813,0.0,0.5769541401631537,0,1,
6814,6.814,0.0,0.548815754710701,0,1,
6815,6.815,0.0,0.5220496945103851,0,1,
6816,6.816,0.0,0.49658903046988717,0,1,
6817,6.817,0.0,0.4723700976672383,0,1,
6818,6.8180000000000005,0.0,0.4493323361553532,0,1,
6819,6.819,0.0,0.42741813953061797,0,1,
6820,6.82,0.0,0.40657271088687563,0,1,
6821,6.821,0.0,0.3867439257946179,0,1,
6822,6.822,0.0,0.3678822019627612,0,1,
6823,6.823,0.0,0.3499403752570928,0,1,
6824,6.824,0.0,0.3328735817653683,0,1,
6825,6.825,0.0,0.3166391456141627,0,1,
6826,6.8260000000000005,0.0,0.3011964722569577,0,1,
6827,6.827,0.0,0.28650694696663115,0,1,
6828,6.828,0.0,0.2725338382785251,0,1,
6829,6.829,0.0,0.2592422061426521,0,1,
6830,6.83,0.0,0.24659881455537042,0,1,
6831,6.831,0.0,0.2345720484520633,0,1,
6832,6.832,0.0,0.2231318346530098,0,1,
6833,6.833,0.0,0.212249566664771,0,1,
6834,6.8340000000000005,0.0,0.20189803314905605,0,1,
6835,6.835,0.0,0.19205134988020267,0,1,
6836,6.836,0.0,0.18268489502113044,0,1,
6837,6.837,0.0,0.17377524755592327,0,1,
6838,6.838,0.0,0.16530012872509,0,1,
6839,6.839,0.0,0.15723834631706132,0,1,
6840,6.84,0.0,0.1495697416766222,0,1,
6841,6.841,0.0,0.1422751392977738,0,1,
6842,6.8420000000000005,0.0,0.1353362988749803,0,1,
6843,6.843,0.0,0.12873586969290415,0,1,
6844,6.844,0.0,0.12245734724058013,0,1,
6845,6.845,0.0,0.11648503194154114,0,1,
6846,6.846,0.0,0.11080398989669947,0,1,
6847,6.847,0.0,0.10540001554182037,0,1,
6848,6.848,0.0,0.1002595961262121,0,1,
6849,6.849,0.0,0.09536987792381076,0,1,
6850,6.8500000000000005,0.0,0.09071863409216986,0,1,
6851,6.851,0.0,0.0862942340989856,0,1,
6852,6.852,0.0,0.08208561463970795,0,1,
6853,6.853,0.0,0.07808225197351679,0,1,
6854,6.854,0.0,0.07427413560848811,0,1,
6855,6.855,0.0,0.07065174327015014,0,1,
6856,6.856,0.0,0.06720601709083711,0,1,
6857,6.857,0.0,0.06392834096030213,0,1,
6858,6.8580000000000005,0.0,0.06081051898095362,0,1,
6859,6.859,0.0,0.057844754973842255,0,1,
6860,6.86,0.0,0.05502363298415278,0,1,
6861,6.861,0.0,0.052340098737454155,0,1,
6862,6.862,0.0,0.04978744200033906,0,1,
6863,6.863,0.0,0.0473592798013452,0,1,
6864,6.864,0.0,0.04504954047020188,0,1,
6865,6.865,0.0,0.042852448455491764,0,1,
6866,6.8660000000000005,0.0,0.04076250988276394,0,1,
6867,6.867,0.0,0.03877449881698621,0,1,
6868,6.868,0.0,0.03688344419498541,0,1,
6869,6.869,0.0,0.03508461739520018,0,1,
6870,6.87,0.0,0.033373520413664,0,1,
6871,6.871,0.0,0.03174587461665244,0,1,
6872,6.872,0.0,0.030197610041870125,0,1,
6873,6.873,0.0,0.0287248552214251,0,1,
6874,6.8740000000000006,0.0,0.027323927501142528,0,1,
6875,6.875,0.0,0.02599132383201104,0,1,
6876,6.876,0.0,0.024723712010735553,0,1,
6877,6.877,0.0,0.02351792234749337,0,1,
6878,6.878,0.0,0.0223709397400586,0,1,
6879,6.8790000000000004,0.0,0.021279896134476096,0,1,
6880,6.88,0.0,0.020242063353432666,0,1,
6881,6.881,0.0,0.019254846274392747,0,1,
6882,6.882000000000001,0.0,0.01831577634044033,0,1,
6883,6.883,0.0,0.01742250538760085,0,1,
6884,6.884,0.0,0.016572799773208146,0,1,
6885,6.885,0.0,0.01576453479063435,0,1,
6886,6.886,0.0,0.014995689356416597,0,1,
6887,6.8870000000000005,0.0,0.014264340956495642,0,1,
6888,6.888,0.0,0.013568660838929313,0,1,
6889,6.889,0.0,0.012906909441060106,0,1,
6890,6.890000000000001,0.0,0.012277432039702437,0,1,
6891,6.891,0.0,0.011678654613472776,0,1,
6892,6.892,0.0,0.011109079906916317,0,1,
6893,6.893,0.0,0.010567283686588455,0,1,
6894,6.894,0.0,0.01005191117972932,0,1,
6895,6.8950000000000005,0.0,0.009561673686626214,0,1,
6896,6.896,0.0,0.009095345358193074,0,1,
6897,6.897,0.0,0.008651760130709238,0,1,
6898,6.898000000000001,0.0,0.008229808810052771,0,1,
6899,6.899,0.0,0.007828436298137403,0,1,
6900,6.9,0.0,0.007446638954617742,0,1,3.6013595611906535
6901,6.901,0.0,0.0070834620872656335,0,1,
6902,6.902,0.0,0.006737997564742315,0,1,
6903,6.9030000000000005,0.0,0.006409381545797045,0,1,
6904,6.904,0.0,0.00609679231921402,0,1,
6905,6.905,0.0,0.005799448249106325,0,1,
6906,6.906000000000001,0.0,0.005516605820419083,0,1,
6907,6.907,0.0,0.005247557779754534,0,1,
6908,6.908,0.0,0.00499163136687015,0,1,
6909,6.909,0.0,0.004748186632427606,0,1,
6910,6.91,0.0,0.004516614837786094,0,1,
6911,6.9110000000000005,0.0,0.004296336932838652,0,1,
6912,6.912,0.0,0.004086802108085274,0,1,
6913,6.913,0.0,0.00388748641732226,0,1,
6914,6.914,0.0,0.003697891467503796,0,1,
6915,6.915,0.0,0.003517543172499737,0,1,
6916,6.916,0.0,0.0033459905676333406,0,1,
6917,6.917,0.0,0.00318280468203468,0,1,
6918,6.918,0.0,0.0030275774659900266,0,1,
6919,6.9190000000000005,0.0,0.002879920770605023,0,1,
6920,6.92,0.0,0.002739465377230269,0,1,
6921,6.921,0.0,0.00260586007422238,0,1,
6922,6.922,0.0,0.0024787707787319426,0,1,
6923,6.923,0.0,0.0023578797013223724,0,1,
6924,6.924,0.0,0.002242884551330796,0,1,
6925,6.925,0.0,0.002133497780983935,0,1,
6926,6.926,0.0,0.0020294458663788987,0,1,
6927,6.9270000000000005,0.0,0.0019304686235309529,0,1,
6928,6.928,0.0,0.0018363185577780338,0,1,
6929,6.929,0.0,0.0017467602449151803,0,1,
6930,6.93,0.0,0.0016615697425113932,0,1,
6931,6.931,0.0,0.001580534029936912,0,1,
6932,6.932,0.0,0.0015034504757006832,0,1,
6933,6.933,0.0,0.0014301263307660856,0,1,
6934,6.934,0.0,0.0013603782465779414,0,1,
6935,6.9350000000000005,0.0,0.0012940318165956257,0,1,
6936,6.936,0.0,0.0012309211401858706,0,1,
6937,6.937,0.0,0.0011708884077847683,0,1,
6938,6.938,0.0,0.0011137835062916626,0,1,
6939,6.939,0.0,0.0010594636437082055,0,1,
6940,6.94,0.0,0.001007792992083986,0,1,
6941,6.941,0.0,0.0009586423478759026,0,1,
6942,6.942,0.0,0.0009118888088720081,0,1,
6943,6.9430000000000005,0.0,0.0008674154668719618,0,1,
6944,6.944,0.0,0.0008251111153556344,0,1,
6945,6.945,0.0,0.0007848699714088824,0,1,
6946,6.946,0.0,0.000746591411211163,0,1,
6947,6.947,0.0,0.0007101797184235705,0,1,
6948,6.948,0.0,0.0006755438448481321,0,1,
6949,6.949,0.0,0.0006425971827598883,0,1,
6950,6.95,0.0,0.0006112573483424687,0,1,
6951,6.9510000000000005,0.0,0.000581445975685639,0,1,
6952,6.952,0.0,0.0005530885208297066,0,1,
6953,6.953,0.0,0.0005261140753667929,0,1,
6954,6.954,0.0,0.0005004551891328797,0,1,
6955,6.955,0.0,0.00047604770154726516,0,1,
6956,6.956,0.0,0.0004528305811776927,0,1,
6957,6.957,0.0,0.0004307457731299805,0,1,
6958,6.958,0.0,0.0004097380538805465,0,1,
6959,6.9590000000000005,0.0,0.0003897548931888348,0,1,
6960,6.96,0.0,0.0003707463227443526,0,1,
6961,6.961,0.0,0.0003526648112198665,0,1,
6962,6.962,0.0,0.00033546514541832654,0,1,
6963,6.963,0.0,0.0003191043172163231,0,1,
6964,6.964,0.0,0.0003035414160213763,0,1,
6965,6.965,0.0,0.0002887375264741456,0,1,
6966,6.966,0.0,0.0002746556311397612,0,1,
6967,6.9670000000000005,0.0,0.0002612605179449554,0,1,
6968,6.968,0.0,0.0002485186921295384,0,1,
6969,6.969,0.0,0.00023639829249205095,0,1,
6970,6.97,0.0,0.00022486901172016509,0,1,
6971,6.971,0.0,0.00021390202060661694,0,1,
6972,6.972,0.0,0.0002034698959611721,0,1,
6973,6.973,0.0,0.0001935465520383659,0,1,
6974,6.974,0.0,0.00018410717530955228,0,1,
6975,6.9750000000000005,0.0,0.0001751281624161575,0,1,
6976,6.976,0.0,0.00016658706114898905,0,1,
6977,6.977,0.0,0.0001584625143060181,0,1,
6978,6.978,0.0,0.00015073420628824977,0,1,
6979,6.979,0.0,0.00014338281230014374,0,1,
6980,6.98,0.0,0.00013638995002755963,0,1,
6981,6.981,0.0,0.0001297381336723967,0,1,
6982,6.982,0.0,0.00012341073022899062,0,1,
6983,6.9830000000000005,0.0,0.00011739191789293562,0,1,
6984,6.984,0.0,0.00011166664649833223,0,1,
6985,6.985,0.0,0.00010622059988453324,0,1,
6986,6.986,0.0,0.00010104016009828516,0,1,
6987,6.987,0.0,9.611237334175179e-05,0,1,
6988,6.988,0.0,9.142491758127233e-05,0,1,
6989,6.989,0.0,8.696607173585889e-05,0,1,
6990,6.99,0.0,8.272468636838886e-05,0,1,
6991,6.9910000000000005,0.0,7.86901558062046e-05,0,1,
6992,6.992,0.0,7.485239162140752e-05,0,1,
6993,6.993,0.0,7.120179740453354e-05,0,1,
6994,6.994,0.0,6.772924476853087e-05,0,1,
6995,6.995,0.0,6.442605052303761e-05,0,1,
6996,6.996,0.0,6.1283954961883e-05,0,1,
6997,6.997,0.0,5.8295101209519644e-05,0,1,
6998,6.998,0.0,5.545201557474225e-05,0,1,
6999,6.9990000000000006,0.0,5.27475888625667e-05,0,1,
7000,7.0,0.0,5.0175058597539594e-05,0,1,3.5989437356598333
7001,7.001,0.0,4.772799211402719e-05,0,1,
7002,7.002,0.0,4.54002704712007e-05,0,1,
7003,7.003,0.0,4.3186073152497e-05,0,1,
7004,7.0040000000000004,0.0,4.107986351129546e-05,0,1,
7005,7.005,0.0,3.907637492641746e-05,0,1,
7006,7.006,0.0,3.717059763283021e-05,0,1,
7007,7.007000000000001,0.0,3.535776619462469e-05,0,1,
7008,7.008,0.0,3.3633347588943645e-05,0,1,
7009,7.009,0.0,3.199302987106334e-05,0,1,
7010,7.01,0.0,3.0432711392285736e-05,0,1,
7011,7.011,0.0,2.8948490543680283e-05,0,1,
7012,7.0120000000000005,0.0,2.7536656000029358e-05,0,1,
7013,7.013,0.0,2.619367743958206e-05,0,1,
7014,7.014,0.0,2.491619671641098e-05,0,1,
7015,7.015000000000001,0.0,2.3701019463298197e-05,0,1,
7016,7.016,0.0,2.2545107104153365e-05,0,1,
7017,7.017,0.0,2.1445569255990764e-05,0,1,
7018,7.018,0.0,2.03996565014663e-05,0,1,
7019,7.019,0.0,1.9404753513902037e-05,0,1,
7020,7.0200000000000005,0.0,1.8458372517607244e-05,0,1,
7021,7.021,0.0,1.7558147067143335e-05,0,1,
7022,7.022,0.0,1.6701826129977654e-05,0,1,
7023,7.023000000000001,0.0,1.0000158872684577,0,1,
7024,7.024,0.0,0.9512445369379459,0,1,
7025,7.025,0.0,0.9048517934309305,0,1,
7026,7.026,0.0,0.860721650723743,0,1,
7027,7.027,0.0,0.8187437604732506,0,1,
7028,7.0280000000000005,0.0,0.7788131560885206,0,1,
7029,7.029,0.0,0.7408299902596682,0,1,
7030,7.03,0.0,0.7046992852875738,0,1,
7031,7.031000000000001,0.0,0.6703306955901632,0,1,
7032,7.032,0.0,0.6376382817913943,0,1,
7033,7.033,0.0,0.606540295828052,0,1,
7034,7.034,0.0,0.5769589765370108,0,1,
7035,7.035,0.0,0.5488203552118217,0,1,
7036,7.0360000000000005,0.0,0.5220540706424186,0,1,
7037,7.037,0.0,0.4965931931754429,0,1,
7038,7.038,0.0,0.47237405735524846,0,1,
7039,7.039000000000001,0.0,0.4493361027271003,0,1,
7040,7.04,0.0,0.42742172240449333,0,1,
7041,7.041,0.0,0.40657611902193014,0,1,
7042,7.042,0.0,0.3867471677129644,0,1,
7043,7.043,0.0,0.36788528577088425,0,1,
7044,7.0440000000000005,0.0,0.34994330866611895,0,1,
7045,7.045,0.0,0.33287637211034804,0,1,
7046,7.046,0.0,0.3166417998724119,0,1,
7047,7.047,0.0,0.3011989970655046,0,1,
7048,7.048,0.0,0.2865093486388122,0,1,
7049,7.049,0.0,0.2725361228197718,0,1,
7050,7.05,0.0,0.2592443792655074,0,1,
7051,7.051,0.0,0.24660088169377345,0,1,
7052,7.0520000000000005,0.0,0.23457401477493678,0,1,
7053,7.053,0.0,0.2231337050771851,0,1,
7054,7.054,0.0,0.21225134586728284,0,1,
7055,7.055,0.0,0.20189972557883745,0,1,
7056,7.056,0.0,0.19205295976920964,0,1,
7057,7.057,0.0,0.18268642639492405,0,1,
7058,7.058,0.0,0.17377670424373565,0,1,
7059,7.059,0.0,0.16530151436939944,0,1,
7060,7.0600000000000005,0.0,0.15723966438270034,0,1,
7061,7.061,0.0,0.14957099545944147,0,1,
7062,7.062,0.0,0.14227633193288342,0,1,
7063,7.063,0.0,0.13533743334458925,0,1,
7064,7.064,0.0,0.12873694883377737,0,1,
7065,7.065,0.0,0.12245837375113192,0,1,
7066,7.066,0.0,0.11648600838858256,0,1,
7067,7.067,0.0,0.11080491872185673,0,1,
7068,7.0680000000000005,0.0,0.10540089906764016,0,1,
7069,7.069,0.0,0.1002604365619692,0,1,
7070,7.07,0.0,0.0953706773710323,0,1,
7071,7.071,0.0,0.09071939454989032,0,1,
7072,7.072,0.0,0.08629495746874538,0,1,
7073,7.073,0.0,0.08208630273030826,0,1,
7074,7.074,0.0,0.07808290650554252,0,1,
7075,7.075,0.0,0.07427475821861027,0,1,
7076,7.0760000000000005,0.0,0.07065233551521832,0,1,
7077,7.077,0.0,0.06720658045177248,0,1,
7078,7.078,0.0,0.06392887684580048,0,1,
7079,7.079,0.0,0.06081102873100781,0,1,
7080,7.08,0.0,0.057845239863092944,0,1,
7081,7.081,0.0,0.05502409422507566,0,1,
7082,7.082,0.0,0.052340537483391784,0,1,
7083,7.083,0.0,0.04978785934838482,0,1,
7084,7.0840000000000005,0.0,0.04735967679508658,0,1,
7085,7.085,0.0,0.04504991810233003,0,1,
7086,7.086,0.0,0.04285280767028369,0,1,
7087,7.087,0.0,0.04076285157844374,0,1,
7088,7.088,0.0,0.03877482384797106,0,1,
7089,7.089,0.0,0.036883753374022075,0,1,
7090,7.09,0.0,0.03508491149539729,0,1,
7091,7.091,0.0,0.033373800170425245,0,1,
7092,7.0920000000000005,0.0,0.03174614072951544,0,1,
7093,7.093,0.0,0.03019786317625565,0,1,
7094,7.094,0.0,0.028725096010300967,0,1,
7095,7.095,0.0,0.027324156546606346,0,1,
7096,7.096,0.0,0.02599154170679577,0,1,
7097,7.097,0.0,0.02472391925964165,0,1,
7098,7.098,0.0,0.023518119488751044,0,1,
7099,7.099,0.0,0.022371127266623683,0,1,
7100,7.1000000000000005,0.0,0.021280074515262676,0,1,3.5972738346928135
7101,7.101,0.0,0.020242233034485625,0,1,
7102,7.102,0.0,0.019255007680003104,0,1,
7103,7.103,0.0,0.01831592987420618,0,1,
7104,7.104,0.0,0.017422651433436583,0,1,
7105,7.105,0.0,0.01657293869630442,0,1,
7106,7.106,0.0,0.015764666938371266,0,1,
7107,7.107,0.0,0.014995815059232333,0,1,
7108,7.1080000000000005,0.0,0.014264460528712714,0,1,
7109,7.109,0.0,0.013568774579540546,0,1,
7110,7.11,0.0,0.012907017634476272,0,1,
7111,7.111,0.0,0.01227753495646343,0,1,
7112,7.112,0.0,0.011678752510924107,0,1,
7113,7.113,0.0,0.011109173029852608,0,1,
7114,7.114,0.0,0.01056737226786555,0,1,
7115,7.115,0.0,0.010051995440846551,0,1,
7116,7.1160000000000005,0.0,0.009561753838280266,0,1,
7117,7.117,0.0,0.00909542160080483,0,1,
7118,7.118,0.0,0.008651832654924942,0,1,
7119,7.119,0.0,0.008229877797220737,0,1,
7120,7.12,0.0,0.007828501920761486,0,1,
7121,7.121,0.0,0.007446701376788683,0,1,
7122,7.122,0.0,0.0070835214650713735,0,1,
7123,7.123,0.0,0.006738054046658297,0,1,
7124,7.1240000000000006,0.0,0.006409435273057479,0,1,
7125,7.125,0.0,0.006096843426165043,0,1,
7126,7.126,0.0,0.005799496863541935,0,1,
7127,7.127,0.0,0.0055166520639006915,0,1,
7128,7.128,0.0,0.005247601767914931,0,1,
7129,7.1290000000000004,0.0,0.004991673209702649,0,1,
7130,7.13,0.0,0.004748226434561083,0,1,
7131,7.131,0.0,0.004516652698746616,0,1,
7132,7.132000000000001,0.0,0.00429637294729834,0,1,
7133,7.133,0.0,0.0040868363660990364,0,1,
7134,7.134,0.0,0.003887519004552976,0,1,
7135,7.135,0.0,0.003697922465436516,0,1,
7136,7.136,0.0,0.0035175726586454386,0,1,
7137,7.1370000000000005,0.0,0.003346018615722747,0,1,
7138,7.138,0.0,0.0031828313622026243,0,1,
7139,7.139,0.0,0.003027602844950826,0,1,
7140,7.140000000000001,0.0,0.0028799449118192986,0,1,
7141,7.141,0.0,0.002739488341063631,0,1,
7142,7.142,0.0,0.0026058819180963732,0,1,
7143,7.143,0.0,0.0024787915572676298,0,1,
7144,7.144,0.0,0.0023578994664769162,0,1,
7145,7.1450000000000005,0.0,0.0022429033525273776,0,1,
7146,7.146,0.0,0.0021335156652353394,0,1,
7147,7.147,0.0,0.0020294628784050697,0,1,
7148,7.148000000000001,0.0,0.001930484805870817,0,1,
7149,7.149,0.0,0.00183633395089587,0,1,
7150,7.15,0.0,0.0017467748873018008,0,1,
7151,7.151,0.0,0.0016615836707803916,0,1,
7152,7.152,0.0,0.0015805472789162157,0,1,
7153,7.1530000000000005,0.0,0.0015034630785196413,0,1,
7154,7.154,0.0,0.0014301383189383103,0,1,
7155,7.155,0.0,0.0013603896500801074,0,1,
7156,7.156000000000001,0.0,0.0012940426639424282,0,1,
7157,7.157,0.0,0.0012309314585013267,0,1,
7158,7.158,0.0,0.0011708982228700415,0,1,
7159,7.159,0.0,0.0011137928426895784,0,1,
7160,7.16,0.0,0.001059472524764622,0,1,
7161,7.1610000000000005,0.0,0.00100780144000617,0,1,
7162,7.162,0.0,0.0009586503837880599,0,1,
7163,7.163,0.0,0.0009118964528681049,0,1,
7164,7.164000000000001,0.0,0.00086742273806597,0,1,
7165,7.165,0.0,0.0008251180319293262,0,1,
7166,7.166,0.0,0.0007848765506572947,0,1,
7167,7.167,0.0,0.000746597669585844,0,1,
7168,7.168,0.0,0.0007101856715737167,0,1,
7169,7.1690000000000005,0.0,0.0006755495076597196,0,1,
7170,7.17,0.0,0.0006426025693928958,0,1,
7171,7.171,0.0,0.0006112624722662845,0,1,
7172,7.172,0.0,0.0005814508497127414,0,1,
7173,7.173,0.0,0.0005530931571477021,0,1,
7174,7.174,0.0,0.0005261184855688916,0,1,
7175,7.175,0.0,0.000500459384246884,0,1,
7176,7.176,0.0,0.00047605169206314514,0,1,
7177,7.1770000000000005,0.0,0.00045283437707381666,0,1,
7178,7.178,0.0,0.00043074938389806597,0,1,
7179,7.179,0.0,0.00040974148854939444,0,1,
7180,7.18,0.0,0.00038975816034690636,0,1,
7181,7.181,0.0,0.0003707494305612447,0,1,
7182,7.182,0.0,0.00035266776746674025,0,1,
7183,7.183,0.0,0.00033546795748733897,0,1,
7184,7.184,0.0,0.00031910699213911147,0,1,
7185,7.1850000000000005,0.0,0.0003035439604866409,0,1,
7186,7.186,0.0,0.00028873994684437487,0,1,
7187,7.187,0.0,0.00027465793346714146,0,1,
7188,7.188,0.0,0.0002612627079865044,0,1,
7189,7.189,0.0,0.00024852077536150066,0,1,
7190,7.19,0.0,0.0002364002741235915,0,1,
7191,7.191,0.0,0.000224870896706395,0,1,
7192,7.192,0.0,0.0002139038136609836,0,1,
7193,7.1930000000000005,0.0,0.0002034716015672454,0,1,
7194,7.194,0.0,0.0001935481744610494,0,1,
7195,7.195,0.0,0.00018410871860574782,0,1,
7196,7.196,0.0,0.00017512963044490938,0,1,
7197,7.197,0.0,0.00016658845758113388,0,1,
7198,7.198,0.0,0.0001584638426333636,0,1,
7199,7.199,0.0,0.00015073546983230616,0,1,
7200,7.2,0.0,0.0001433840142204293,0,1,3.596929257219347
7201,7.2010000000000005,0.0,0.00013639109332950117,0,1,
7202,7.202,0.0,0.00012973922121484456,0,1,
7203,7.203,0.0,0.00012341176473136742,0,1,
7204,7.204,0.0,0.00011739290194203616,0,1,
7205,7.205,0.0,0.0001116675825547918,0,1,
7206,7.206,0.0,0.00010622149028898058,0,1,
7207,7.207,0.0,0.00010104100707719518,0,1,
7208,7.208,0.0,9.611317901301294e-05,0,1,
7209,7.2090000000000005,0.0,9.14256839594824e-05,0,1,
7210,7.21,0.0,8.696680073736261e-05,0,1,
7211,7.211,0.0,8.272537981606971e-05,0,1,
7212,7.212,0.0,7.869081543404298e-05,0,1,
7213,7.213,0.0,7.485301907881661e-05,0,1,
7214,7.214,0.0,7.120239426048369e-05,0,1,
7215,7.215,0.0,6.772981251547285e-05,0,1,
7216,7.216,0.0,6.44265905806345e-05,0,1,
7217,7.2170000000000005,0.0,6.128446868056008e-05,0,1,
7218,7.218,0.0,5.8295589873841196e-05,0,1,
7219,7.219,0.0,5.545248040662361e-05,0,1,
7220,7.22,0.0,5.2748031024329695e-05,0,1,
7221,7.221,0.0,5.0175479194818943e-05,0,1,
7222,7.222,0.0,4.772839219853517e-05,0,1,
7223,7.223,0.0,4.540065104335698e-05,0,1,
7224,7.224,0.0,4.31864351639302e-05,0,1,
7225,7.2250000000000005,0.0,4.108020786722272e-05,0,1,
7226,7.226,0.0,3.9076702487907976e-05,0,1,
7227,7.227,0.0,3.717090921895833e-05,0,1,
7228,7.228,0.0,3.5358062584518015e-05,0,1,
7229,7.229,0.0,3.36336295237313e-05,0,1,
7230,7.23,0.0,3.199329805572915e-05,0,1,
7231,7.231,0.0,3.043296649743105e-05,0,1,
7232,7.232,0.0,2.8948733207200847e-05,0,1,
7233,7.2330000000000005,0.0,2.753688682871037e-05,0,1,
7234,7.234,0.0,2.6193897010615456e-05,0,1,
7235,7.235,0.0,2.4916405578838712e-05,0,1,
7236,7.236,0.0,2.3701218139385128e-05,0,1,
7237,7.237,0.0,2.2545296090693198e-05,0,1,
7238,7.238,0.0,2.1445749025548287e-05,0,1,
7239,7.239,0.0,2.0399827503559045e-05,0,1,
7240,7.24,0.0,1.9404916176124308e-05,0,1,
7241,7.2410000000000005,0.0,1.8458527246699322e-05,0,1,
7242,7.242,0.0,1.7558294250008545e-05,0,1,
7243,7.243,0.0,1.6701966134649823e-05,0,1,
7244,7.244,0.0,1.5887401634293368e-05,0,1,
7245,7.245,0.0,1.5112563913400583e-05,0,1,
7246,7.246,0.0,1.4375515474074296e-05,0,1,
7247,7.247,0.0,1.3674413311304801e-05,0,1,
7248,7.248,0.0,1.3007504304497368e-05,0,1,
7249,7.2490000000000006,0.0,1.2373120833757591e-05,0,1,
7250,7.25,0.0,1.1769676609973028e-05,0,1,
7251,7.251,0.0,1.1195662708264157e-05,0,1,
7252,7.252,0.0,1.0000106496437948,0,1,
7253,7.253,0.0,0.9512395547552521,0,1,
7254,7.2540000000000004,0.0,0.904847054232154,0,1,
7255,7.255,0.0,0.8607171426584181,0,1,
7256,7.256,0.0,0.818739472268866,0,1,
7257,7.257000000000001,0.0,0.7788090770223317,0,1,
7258,7.258,0.0,0.7408261101318848,0,1,
7259,7.259,0.0,0.7046955943958554,0,1,
7260,7.26,0.0,0.6703271847053581,0,1,
7261,7.261,0.0,0.6376349421344616,0,1,
7262,7.2620000000000005,0.0,0.60653711904811,0,1,
7263,7.263,0.0,0.5769559546904548,0,1,
7264,7.264,0.0,0.5488174807424614,0,1,
7265,7.265000000000001,0.0,0.5220513363625833,0,1,
7266,7.266,0.0,0.4965905922480088,0,1,
7267,7.267,0.0,0.4723715832765421,0,1,
7268,7.268,0.0,0.44933374931063624,0,1,
7269,7.269,0.0,0.4274194837655046,0,1,
7270,7.2700000000000005,0.0,0.4065739895626532,0,1,
7271,7.271,0.0,0.3867451421086419,0,1,
7272,7.272,0.0,0.3678833589564503,0,1,
7273,7.273000000000001,0.0,0.3499414758235338,0,1,
7274,7.274,0.0,0.3328746286565506,0,1,
7275,7.275,0.0,0.3166401414478595,0,1,
7276,7.276,0.0,0.3011974195232721,0,1,
7277,7.277,0.0,0.28650784803422225,0,1,
7278,7.2780000000000005,0.0,0.27253469540053127,0,1,
7279,7.279,0.0,0.25924302146232475,0,1,
7280,7.28,0.0,0.24659959011143343,0,1,
7281,7.281000000000001,0.0,0.23457278618381078,0,1,
7282,7.282,0.0,0.22313253640515537,0,1,
7283,7.283,0.0,0.21225023419206057,0,1,
7284,7.284,0.0,0.20189866812065554,0,1,
7285,7.285,0.0,0.19205195388387183,0,1,
7286,7.2860000000000005,0.0,0.18268546956719306,0,1,
7287,7.287,0.0,0.17377579408104377,0,1,
7288,7.288,0.0,0.16530064859586585,0,1,
7289,7.289000000000001,0.0,0.15723884083344022,0,1,
7290,7.29,0.0,0.14957021207515273,0,1,
7291,7.291,0.0,0.1422755867546973,0,1,
7292,7.292,0.0,0.1353367245091721,0,1,
7293,7.293,0.0,0.12873627456867145,0,1,
7294,7.2940000000000005,0.0,0.12245773237032326,0,1,
7295,7.295,0.0,0.11648539828828505,0,1,
7296,7.296,0.0,0.11080433837650185,0,1,
7297,7.297,0.0,0.10540034702606223,0,1,
7298,7.298,0.0,0.10025991144377672,0,1,
7299,7.299,0.0,0.09537017786315628,0,1,
7300,7.3,0.0,0.09071891940330089,0,1,3.604592212906309
7301,7.301,0.0,0.08629450549532856,0,1,
7302,7.3020000000000005,0.0,0.0820858727998951,0,1,
7303,7.303,0.0,0.07808249754308302,0,1,
7304,7.304,0.0,0.07427436920148528,0,1,
7305,7.305,0.0,0.0706519654706824,0,1,
7306,7.306,0.0,0.06720622845452154,0,1,
7307,7.307,0.0,0.06392854201565804,0,1,
7308,7.308,0.0,0.06081071023072411,0,1,
7309,7.309,0.0,0.05784493689625138,0,1,
7310,7.3100000000000005,0.0,0.055023806034101314,0,1,
7311,7.311,0.0,0.05234026334765711,0,1,
7312,7.312,0.0,0.04978759858240769,0,1,
7313,7.313,0.0,0.04735942874681623,0,1,
7314,7.314,0.0,0.04504968215151657,0,1,
7315,7.315,0.0,0.0428525832269272,0,1,
7316,7.316,0.0,0.04076263808131891,0,1,
7317,7.317,0.0,0.038774620763223876,0,1,
7318,7.3180000000000005,0.0,0.03688356019383488,0,1,
7319,7.319,0.0,0.035084727736719,0,1,
7320,7.32,0.0,0.033373625373763455,0,1,
7321,7.321,0.0,0.031745974457787436,0,1,
7322,7.322,0.0,0.03019770501369551,0,1,
7323,7.323,0.0,0.028724945561419905,0,1,
7324,7.324,0.0,0.027324013435203794,0,1,
7325,7.325,0.0,0.025991405575018684,0,1,
7326,7.3260000000000005,0.0,0.024723789767089673,0,1,
7327,7.327,0.0,0.02351799631162535,0,1,
7328,7.328,0.0,0.022371010096917297,0,1,
7329,7.329,0.0,0.021279963059990303,0,1,
7330,7.33,0.0,0.02024212701495103,0,1,
7331,7.331,0.0,0.019254906831102224,0,1,
7332,7.332,0.0,0.018315833943764237,0,1,
7333,7.333,0.0,0.0174225601815775,0,1,
7334,7.3340000000000005,0.0,0.01657285189485102,0,1,
7335,7.335,0.0,0.0157645843702747,0,1,
7336,7.336,0.0,0.014995736518029355,0,1,
7337,7.337,0.0,0.014264385818009404,0,1,
7338,7.338,0.0,0.013568703512521232,0,1,
7339,7.339,0.0,0.012906950033436388,0,1,
7340,7.34,0.0,0.012277470652365166,0,1,
7341,7.341,0.0,0.011678691342973722,0,1,
7342,7.3420000000000005,0.0,0.011109114845098364,0,1,
7343,7.343,0.0,0.010567316920815256,0,1,
7344,7.344,0.0,0.010051942793103752,0,1,
7345,7.345,0.0,0.009561703758198183,0,1,
7346,7.346,0.0,0.009095373963157172,0,1,
7347,7.347,0.0,0.008651787340592776,0,1,
7348,7.348,0.0,0.008229834692894629,0,1,
7349,7.349,0.0,0.007828460918658168,0,1,
7350,7.3500000000000005,0.0,0.007446662374381539,0,1,
7351,7.351,0.0,0.007083484364834072,0,1,
7352,7.352,0.0,0.00673801875582092,0,1,
7353,7.353,0.0,0.006409401703374551,0,1,
7354,7.354,0.0,0.00609681149369487,0,1,
7355,7.355,0.0,0.00579946648843671,0,1,
7356,7.356,0.0,0.005516623170206829,0,1,
7357,7.357,0.0,0.0052475742833831465,0,1,
7358,7.3580000000000005,0.0,0.0049916470656072975,0,1,
7359,7.359,0.0,0.004748201565528308,0,1,
7360,7.36,0.0,0.004516629042590882,0,1,
7361,7.361,0.0,0.004296350444866935,0,1,
7362,7.362,0.0,0.004086814961124161,0,1,
7363,7.363,0.0,0.003887498643511044,0,1,
7364,7.364,0.0,0.003697903097414317,0,1,
7365,7.365,0.0,0.0035175542352128284,0,1,
7366,7.3660000000000005,0.0,0.003346001090811548,0,1,
7367,7.367,0.0,0.00318281469199143,0,1,
7368,7.368,0.0,0.0030275869877554253,0,1,
7369,7.369,0.0,0.0028799298279884437,0,1,
7370,7.37,0.0,0.0027394739928798878,0,1,
7371,7.371,0.0,0.002605868269681809,0,1,
7372,7.372,0.0,0.0024787785744940986,0,1,
7373,7.373,0.0,0.0023578871168807216,0,1,
7374,7.3740000000000006,0.0,0.0022428916052280967,0,1,
7375,7.375,0.0,0.002133504490858605,0,1,
7376,7.376,0.0,0.00202945224900912,0,1,
7377,7.377,0.0,0.001930474694876625,0,1,
7378,7.378,0.0,0.0018363243330206834,0,1,
7379,7.3790000000000004,0.0,0.0017467657384959221,0,1,
7380,7.38,0.0,0.0016615749681670408,0,1,
7381,7.381,0.0,0.0015805390007343264,0,1,
7382,7.382000000000001,0.0,0.001503455204069447,0,1,
7383,7.383,0.0,0.0014301308285295836,0,1,
7384,7.384,0.0,0.0013603825249829252,0,1,
7385,7.385,0.0,0.0012940358863403362,0,1,
7386,7.386,0.0,0.0012309250114467894,0,1,
7387,7.3870000000000005,0.0,0.0011708920902420642,0,1,
7388,7.388,0.0,0.0011137870091533968,0,1,
7389,7.389,0.0,0.0010594669757333572,0,1,
7390,7.390000000000001,0.0,0.0010077961616043532,0,1,
7391,7.391,0.0,0.0009586453628169375,0,1,
7392,7.392,0.0,0.0009118916767726336,0,1,
7393,7.393,0.0,0.0008674181949034234,0,1,
7394,7.394,0.0,0.0008251137103394316,0,1,
7395,7.3950000000000005,0.0,0.0007848724398338264,0,1,
7396,7.396,0.0,0.000746593759249602,0,1,
7397,7.397,0.0,0.0007101819519468236,0,1,
7398,7.398000000000001,0.0,0.0006755459694411707,0,1,
7399,7.399,0.0,0.0006425992037353017,0,1,
7400,7.4,0.0,0.0006112592707537482,0,1,3.6032599136888255
7401,7.401,0.0,0.000581447804339814,0,1,
7402,7.402,0.0,0.000553090260299365,0,1,
7403,7.4030000000000005,0.0,0.000526115730001515,0,1,
7404,7.404,0.0,0.0005004567630701142,0,1,
7405,7.405,0.0,0.0004760491987226749,0,1,
7406,7.406000000000001,0.0,0.0004528320053349961,0,1,
7407,7.407,0.0,0.00043074712783031257,0,1,
7408,7.408,0.0,0.00040973934251136373,0,1,
7409,7.409,0.0,0.00038975611897238544,0,1,
7410,7.41,0.0,0.00037074748874573404,0,1,
7411,7.4110000000000005,0.0,0.00035266592035468954,0,1,
7412,7.412,0.0,0.000335466200460006,0,1,
7413,7.413,0.0,0.00031910532080301266,0,1,
7414,7.414000000000001,0.0,0.00030354237066256543,0,1,
7415,7.415,0.0,0.0002887384345569345,0,1,
7416,7.416,0.0,0.0002746564949348299,0,1,
7417,7.417,0.0,0.00026126133961224153,0,1,
7418,7.418,0.0,0.0002485194737236381,0,1,
7419,7.4190000000000005,0.0,0.0002363990359673566,0,1,
7420,7.42,0.0,0.0002248697189357522,0,1,
7421,7.421,0.0,0.0002139026933308929,0,1,
7422,7.422000000000001,0.0,0.00020347053587629795,0,1,
7423,7.423,0.0,0.0001935471607444628,0,1,
7424,7.424,0.0,0.00018410775432870253,0,1,
7425,7.425,0.0,0.00017512871319621054,0,1,
7426,7.426,0.0,0.00016658758506718195,0,1,
7427,7.4270000000000005,0.0,0.00015846301267241923,0,1,
7428,7.428,0.0,0.0001507346803490347,0,1,
7429,7.429,0.0,0.00014338326324071137,0,1,
7430,7.43,0.0,0.00013639037897549626,0,1,
7431,7.431,0.0,0.0001297385417002956,0,1,
7432,7.432,0.0,0.00012341111835713407,0,1,
7433,7.433,0.0,0.00011739228709184615,0,1,
7434,7.434,0.0,0.00011166699769119942,0,1,
7435,7.4350000000000005,0.0,0.00010622093394952218,0,1,
7436,7.436,0.0,0.00010104047787073233,0,1,
7437,7.437,0.0,9.611267561625385e-05,0,1,
7438,7.438,0.0,9.142520511367295e-05,0,1,
7439,7.439,0.0,8.696634524513885e-05,0,1,
7440,7.44,0.0,8.272494653846384e-05,0,1,
7441,7.441,0.0,7.86904032876353e-05,0,1,
7442,7.442,0.0,7.485262703302642e-05,0,1,
7443,7.4430000000000005,0.0,7.120202133499231e-05,0,1,
7444,7.444,0.0,6.77294577777723e-05,0,1,
7445,7.445,0.0,6.442625314369575e-05,0,1,
7446,7.446,0.0,6.128414770061502e-05,0,1,
7447,7.447,0.0,5.8295284548272785e-05,0,1,
7448,7.448,0.0,5.545218997195889e-05,0,1,
7449,7.449,0.0,5.274775475433072e-05,0,1,
7450,7.45,0.0,5.017521639866681e-05,0,1,
7451,7.4510000000000005,0.0,4.772814221910262e-05,0,1,
7452,7.452,0.0,4.540041325556522e-05,0,1,
7453,7.453,0.0,4.318620897318589e-05,0,1,
7454,7.454,0.0,4.107999270793119e-05,0,1,
7455,7.455,0.0,3.9076497822058915e-05,0,1,
7456,7.456,0.0,3.7170714534780504e-05,0,1,
7457,7.457,0.0,3.5357877395199586e-05,0,1,
7458,7.458,0.0,3.3633453366202505e-05,0,1,
7459,7.4590000000000005,0.0,3.199313048950441e-05,0,1,
7460,7.46,0.0,3.0432807103507528e-05,0,1,
7461,7.461,0.0,2.8948581587010706e-05,0,1,
7462,7.462,0.0,2.753674260312416e-05,0,1,
7463,7.463,0.0,2.6193759818994088e-05,0,1,
7464,7.464,0.0,2.4916275078131673e-05,0,1,
7465,7.465,0.0,2.3701094003272674e-05,0,1,
7466,7.466,0.0,2.2545178008770388e-05,0,1,
7467,7.4670000000000005,0.0,2.144563670254881e-05,0,1,
7468,7.468,0.0,2.0399720658616894e-05,0,1,
7469,7.469,0.0,1.9404814542071473e-05,0,1,
7470,7.47,0.0,1.8458430569397734e-05,0,1,
7471,7.471,0.0,1.0000175582022877,0,1,
7472,7.472,0.0,0.9512461263793713,0,1,
7473,7.473,0.0,0.9048533053543829,0,1,
7474,7.474,0.0,0.8607230889098185,0,1,
7475,7.4750000000000005,0.0,0.8187451285181636,0,1,
7476,7.476,0.0,0.778814457413096,0,1,
7477,7.477,0.0,0.7408312281178951,0,1,
7478,7.478,0.0,0.7047004627747426,0,1,
7479,7.479,0.0,0.6703318156506053,0,1,
7480,7.48,0.0,0.637639347225844,0,1,
7481,7.481,0.0,0.6065413093006505,0,1,
7482,7.482,0.0,0.5769599405819674,0,1,
7483,7.4830000000000005,0.0,0.5488212722397511,0,1,
7484,7.484,0.0,0.5220549429463681,0,1,
7485,7.485,0.0,0.49659402293662686,0,1,
7486,7.486,0.0,0.47237484664850193,0,1,
7487,7.487,0.0,0.44933685352606756,0,1,
7488,7.488,0.0,0.42742243658656287,0,1,
7489,7.489,0.0,0.40657679837292915,0,1,
7490,7.49,0.0,0.3867478139316242,0,1,
7491,7.4910000000000005,0.0,0.3678859004730881,0,1,
7492,7.492,0.0,0.34994389338894255,0,1,
7493,7.493,0.0,0.33287692831590304,0,1,
7494,7.494,0.0,0.3166423289515019,0,1,
7495,7.495,0.0,0.30119950034110293,0,1,
7496,7.496,0.0,0.28650982736937,0,1,
7497,7.497,0.0,0.2725365782023647,0,1,
7498,7.498,0.0,0.25924481243882924,0,1,
7499,7.4990000000000006,0.0,0.24660129374098308,0,1,
7500,7.5,0.0,0.23457440672636687,0,1,3.6023500081964848
7501,7.501,0.0,0.22313407791291837,0,1,
7502,7.502,0.0,0.21225170051960282,0,1,
7503,7.503,0.0,0.2019000629345597,0,1,
7504,7.5040000000000004,0.0,0.19205328067189917,0,1,
7505,7.505,0.0,0.18268673164700475,0,1,
7506,7.506,0.0,0.17377699460849672,0,1,
7507,7.507000000000001,0.0,0.165301790572904,0,1,
7508,7.508,0.0,0.15723992711560103,0,1,
7509,7.509,0.0,0.1495712453787074,0,1,
7510,7.51,0.0,0.1422765696634429,0,1,
7511,7.511,0.0,0.13533765948089255,0,1,
7512,7.5120000000000005,0.0,0.128737163941283,0,1,
7513,7.513,0.0,0.12245857836772071,0,1,
7514,7.514,0.0,0.11648620302590255,0,1,
7515,7.515000000000001,0.0,0.11080510386660263,0,1,
7516,7.516,0.0,0.10540107518277025,0,1,
7517,7.517,0.0,0.10026060408786304,0,1,
7518,7.518,0.0,0.0953708367265919,0,1,
7519,7.519,0.0,0.09071954613358757,0,1,
7520,7.5200000000000005,0.0,0.08629510165961848,0,1,
7521,7.521,0.0,0.0820864398889095,0,1,
7522,7.522,0.0,0.07808303697483984,0,1,
7523,7.523000000000001,0.0,0.07427488232484487,0,1,
7524,7.524,0.0,0.07065245356872045,0,1,
7525,7.525,0.0,0.06720669274773737,0,1,
7526,7.526,0.0,0.06392898366502653,0,1,
7527,7.527,0.0,0.060811130340598735,0,1,
7528,7.5280000000000005,0.0,0.057845336517125645,0,1,
7529,7.529,0.0,0.055024186165235564,0,1,
7530,7.53,0.0,0.052340624939577175,0,1,
7531,7.531000000000001,0.0,0.04978794253928172,0,1,
7532,7.532,0.0,0.047359755928715566,0,1,
7533,7.533,0.0,0.045049993376566386,0,1,
7534,7.534,0.0,0.04285287927335222,0,1,
7535,7.535,0.0,0.04076291968938941,0,1,
7536,7.5360000000000005,0.0,0.03877488863710671,0,1,
7537,7.537,0.0,0.03688381500335429,0,1,
7538,7.538,0.0,0.0350849701190315,0,1,
7539,7.539000000000001,0.0,0.03337385593495108,0,1,
7540,7.54,0.0,0.03174619377437326,0,1,
7541,7.541,0.0,0.030197913634085225,0,1,
7542,7.542,0.0,0.028725144007273155,0,1,
7543,7.543,0.0,0.027324202202738578,0,1,
7544,7.5440000000000005,0.0,0.02599158513625216,0,1,
7545,7.545,0.0,0.024723960571018454,0,1,
7546,7.546,0.0,0.023518158785348228,0,1,
7547,7.547000000000001,0.0,0.022371164646703207,0,1,
7548,7.548,0.0,0.02128011007229421,0,1,
7549,7.549,0.0,0.02024226685738027,0,1,
7550,7.55,0.0,0.01925503985333571,0,1,
7551,7.551,0.0,0.01831596047842684,0,1,
7552,7.5520000000000005,0.0,0.017422680545071786,0,1,
7553,7.553,0.0,0.01657296638814842,0,1,
7554,7.554,0.0,0.0157646932796681,0,1,
7555,7.555,0.0,0.014995840115848962,0,1,
7556,7.556,0.0,0.014264484363303728,0,1,
7557,7.557,0.0,0.01356879725170484,0,1,
7558,7.558,0.0,0.012907039200906065,0,1,
7559,7.559,0.0,0.012277555471086032,0,1,
7560,7.5600000000000005,0.0,0.01167877202503676,0,1,
7561,7.561,0.0,0.011109191592250755,0,1,
7562,7.562,0.0,0.010567389924964856,0,1,
7563,7.563,0.0,0.010052012236798963,0,1,
7564,7.564,0.0,0.009561769815084413,0,1,
7565,7.565,0.0,0.009095436798411044,0,1,
7566,7.566,0.0,0.008651847111335154,0,1,
7567,7.567,0.0,0.008229891548583503,0,1,
7568,7.5680000000000005,0.0,0.007828515001462375,0,1,
7569,7.569,0.0,0.0074467138195362615,0,1,
7570,7.57,0.0,0.007083533300978992,0,1,
7571,7.571,0.0,0.00673806530532189,0,1,
7572,7.572,0.0,0.0064094459826295695,0,1,
7573,7.573,0.0,0.006096853613425139,0,1,
7574,7.574,0.0,0.005799506553963493,0,1,
7575,7.575,0.0,0.005516661281714813,0,1,
7576,7.5760000000000005,0.0,0.005247610536170953,0,1,
7577,7.577,0.0,0.004991681550325778,0,1,
7578,7.578,0.0,0.004748234368407222,0,1,
7579,7.579,0.0,0.004516660245654513,0,1,
7580,7.58,0.0,0.004296380126139196,0,1,
7581,7.581,0.0,0.0040868431948236925,0,1,
7582,7.582,0.0,0.0038875255002368005,0,1,
7583,7.583,0.0,0.0036979286443221022,0,1,
7584,7.5840000000000005,0.0,0.003517578536183219,0,1,
7585,7.585,0.0,0.0033460242066096274,0,1,
7586,7.586,0.0,0.003182836680418734,0,1,
7587,7.587,0.0,0.0030276079037944753,0,1,
7588,7.588,0.0,0.0028799497239402317,0,1,
7589,7.589,0.0,0.0027394929184946567,0,1,
7590,7.59,0.0,0.0026058862722834536,0,1,
7591,7.591,0.0,0.0024787956990985007,0,1,
7592,7.5920000000000005,0.0,0.002357903406308312,0,1,
7593,7.593,0.0,0.0022429071002109287,0,1,
7594,7.594,0.0,0.002133519230142207,0,1,
7595,7.595,0.0,0.002029466269449378,0,1,
7596,7.596,0.0,0.0019304880315319428,0,1,
7597,7.597,0.0,0.0018363370192396463,0,1,
7598,7.598,0.0,0.0017467778060006854,0,1,
7599,7.599,0.0,0.001661586447132652,0,1,
7600,7.6000000000000005,0.0,0.0015805499198641786,0,1,3.6022232036307713
7601,7.601,0.0,0.0015034655906670522,0,1,
7602,7.602,0.0,0.0014301407085668461,0,1,
7603,7.603,0.0,0.0013603919231650844,0,1,
7604,7.604,0.0,0.0012940448261677428,0,1,
7605,7.605,0.0,0.0012309335152736684,0,1,
7606,7.606,0.0,0.0011709001793324125,0,1,
7607,7.607,0.0,0.0011137947037341536,0,1,
7608,7.6080000000000005,0.0,0.0010594742950449823,0,1,
7609,7.609,0.0,0.0010078031239489382,0,1,
7610,7.61,0.0,0.0009586519856039702,0,1,
7611,7.611,0.0,0.0009118979765625314,0,1,
7612,7.612,0.0,0.0008674241874489423,0,1,
7613,7.613,0.0,0.0008251194106250569,0,1,
7614,7.614,0.0,0.0007848778621132412,0,1,
7615,7.615,0.0,0.0007465989170813292,0,1,
7616,7.6160000000000005,0.0,0.0007101868582281291,0,1,
7617,7.617,0.0,0.0006755506364403135,0,1,
7618,7.618,0.0,0.0006426036431222105,0,1,
7619,7.619,0.0,0.0006112634936292025,0,1,
7620,7.62,0.0,0.0005814518212632022,0,1,
7621,7.621,0.0,0.0005530940813150879,0,1,
7622,7.622,0.0,0.0005261193646641021,0,1,
7623,7.623,0.0,0.0005004602204681151,0,1,
7624,7.6240000000000006,0.0,0.0004760524875013856,0,1,
7625,7.625,0.0,0.0004528351337180764,0,1,
7626,7.626,0.0,0.0004307501036403497,0,1,
7627,7.627,0.0,0.0004097421731894328,0,1,
7628,7.628,0.0,0.00038975881159665607,0,1,
7629,7.6290000000000004,0.0,0.0003707500500491694,0,1,
7630,7.63,0.0,0.00035266835674188234,0,1,
7631,7.631,0.0,0.00033546851802319325,0,1,
7632,7.632000000000001,0.0,0.0003191075253373095,0,1,
7633,7.633,0.0,0.00030354446768045593,0,1,
7634,7.634,0.0,0.00028874042930205566,0,1,
7635,7.635,0.0,0.0002746583923950835,0,1,
7636,7.636,0.0,0.00026126314453226655,0,1,
7637,7.6370000000000005,0.0,0.00024852119061667476,0,1,
7638,7.638,0.0,0.00023640066912653177,0,1,
7639,7.639,0.0,0.00022487127244481453,0,1,
7640,7.640000000000001,0.0,0.0002139041710744242,0,1,
7641,7.641,0.0,0.0002034719415494268,0,1,
7642,7.642,0.0,0.00019354849786210417,0,1,
7643,7.643,0.0,0.00018410902623434703,0,1,
7644,7.644,0.0,0.00017512992307028478,0,1,
7645,7.6450000000000005,0.0,0.00016658873593500132,0,1,
7646,7.646,0.0,0.00015846410741175273,0,1,
7647,7.647,0.0,0.0001507357216973009,0,1,
7648,7.648000000000001,0.0,0.00014338425380182332,0,1,
7649,7.649,0.0,0.0001363913212263727,0,1,
7650,7.65,0.0,0.00012973943799705453,0,1,
7651,7.651,0.0,0.00012341197094098424,0,1,
7652,7.652,0.0,0.00011739309809469128,0,1,
7653,7.6530000000000005,0.0,0.00011166776914096905,0,1,
7654,7.654,0.0,0.00010622166777524258,0,1,
7655,7.655,0.0,0.00010104117590735004,0,1,
7656,7.656000000000001,0.0,9.6113339609224e-05,0,1,
7657,7.657,0.0,9.142583672332382e-05,0,1,
7658,7.658,0.0,8.696694605082356e-05,0,1,
7659,7.659,0.0,8.272551804250953e-05,0,1,
7660,7.66,0.0,7.869094691909978e-05,0,1,
7661,7.6610000000000005,0.0,7.485314415127152e-05,0,1,
7662,7.662,0.0,7.1202513233083e-05,0,1,
7663,7.663,0.0,6.772992568571001e-05,0,1,
7664,7.664000000000001,0.0,6.442669823149406e-05,0,1,
7665,7.665,0.0,6.128457108122527e-05,0,1,
7666,7.666,0.0,5.8295687280367014e-05,0,1,
7667,7.667,0.0,5.545257306257711e-05,0,1,
7668,7.668,0.0,5.274811916139902e-05,0,1,
7669,7.6690000000000005,0.0,5.0175563033392675e-05,0,1,
7670,7.67,0.0,4.7728471948253414e-05,0,1,
7671,7.671,0.0,4.540072690363557e-05,0,1,
7672,7.672000000000001,0.0,4.318650732445935e-05,0,1,
7673,7.673,0.0,4.108027650844133e-05,0,1,
7674,7.674,0.0,3.907676778145485e-05,0,1,
7675,7.675,0.0,3.7170971328101344e-05,0,1,
7676,7.676,0.0,3.5358121664562386e-05,0,1,
7677,7.6770000000000005,0.0,3.363368572240791e-05,0,1,
7678,7.678,0.0,3.1993351513563954e-05,0,1,
7679,7.679,0.0,3.043301734809649e-05,0,1,
7680,7.68,0.0,2.894878157785007e-05,0,1,
7681,7.681,0.0,2.753693284029519e-05,0,1,
7682,7.682,0.0,2.6193940778188806e-05,0,1,
7683,7.683,0.0,2.4916447211842323e-05,0,1,
7684,7.684,0.0,2.3701257741923194e-05,0,1,
7685,7.6850000000000005,0.0,2.2545333761792694e-05,0,1,
7686,7.686,0.0,2.144578485940658e-05,0,1,
7687,7.687,0.0,2.0399861589779447e-05,0,1,
7688,7.688,0.0,1.9404948599940124e-05,0,1,
7689,7.689,0.0,1.845855808918698e-05,0,1,
7690,7.69,0.0,1.7558323588290332e-05,0,1,
7691,7.691,0.0,1.6701994042086723e-05,0,1,
7692,7.692,0.0,1.588742818066851e-05,0,1,
7693,7.6930000000000005,0.0,1.5112589165093731e-05,0,1,
7694,7.694,0.0,1.4375539494227836e-05,0,1,
7695,7.695,0.0,1.367443615998163e-05,0,1,
7696,7.696,0.0,1.3007526038831078e-05,0,1,
7697,7.697,0.0,1.2373141508095338e-05,0,1,
7698,7.698,0.0,1.000011769696276,0,1,
7699,7.699,0.0,0.9512406201821292,0,1,
7700,7.7,0.0,0.904848067697549,0,1,3.6004518701260677
7701,7.7010000000000005,0.0,0.8607181066965226,0,1,
7702,7.702,0.0,0.8187403892902774,0,1,
7703,7.703,0.0,0.7788099493200811,0,1,
7704,7.704,0.0,0.740826939887171,0,1,
7705,7.705,0.0,0.7046963836834987,0,1,
7706,7.706,0.0,0.6703279354989888,0,1,
7707,7.707,0.0,0.6376356563114549,0,1,
7708,7.708,0.0,0.6065377983942803,0,1,
7709,7.7090000000000005,0.0,0.5769566009045214,0,1,
7710,7.71,0.0,0.548818095440296,0,1,
7711,7.711,0.0,0.5220519210812508,0,1,
7712,7.712,0.0,0.49659114844961033,0,1,
7713,7.713,0.0,0.4723721123518715,0,1,
7714,7.714,0.0,0.44933425258265736,0,1,
7715,7.715,0.0,0.4274199624926596,0,1,
7716,7.716,0.0,0.4065744449420094,0,1,
7717,7.7170000000000005,0.0,0.3867455752788848,0,1,
7718,7.718,0.0,0.36788377100073116,0,1,
7719,7.719,0.0,0.34994186777217795,0,1,
7720,7.72,0.0,0.3328750014896338,0,1,
7721,7.721,0.0,0.31664049609765865,0,1,
7722,7.722,0.0,0.30119775687659645,0,1,
7723,7.723,0.0,0.2865081689346308,0,1,
7724,7.724,0.0,0.2725350006504422,0,1,
7725,7.7250000000000005,0.0,0.25924331182502186,0,1,
7726,7.726,0.0,0.2465998663129747,0,1,
7727,7.727,0.0,0.23457304891484393,0,1,
7728,7.728,0.0,0.22313278632264483,0,1,
7729,7.729,0.0,0.21225047192093022,0,1,
7730,7.73,0.0,0.2018988942553514,0,1,
7731,7.731,0.0,0.19205216898984842,0,1,
7732,7.732,0.0,0.1826856741823274,0,1,
7733,7.7330000000000005,0.0,0.17377598871698025,0,1,
7734,7.734,0.0,0.1653008337392957,0,1,
7735,7.735,0.0,0.15723901694731846,0,1,
7736,7.736,0.0,0.14957037959985575,0,1,
7737,7.737,0.0,0.14227574610912413,0,1,
7738,7.738,0.0,0.13533687609179185,0,1,
7739,7.739,0.0,0.1287364187585196,0,1,
7740,7.74,0.0,0.12245786952794953,0,1,
7741,7.7410000000000005,0.0,0.11648552875665495,0,1,
7742,7.742,0.0,0.11080446248185426,0,1,
7743,7.743,0.0,0.10540046507872518,0,1,
7744,7.744,0.0,0.10026002373894335,0,1,
7745,7.745,0.0,0.09537028468162301,0,1,
7746,7.746,0.0,0.09071902101216951,0,1,
7747,7.747,0.0,0.08629460214867418,0,1,
7748,7.748,0.0,0.08208596473940143,0,1,
7749,7.7490000000000006,0.0,0.07808258499864672,0,1,
7750,7.75,0.0,0.0742744523917908,0,1,
7751,7.751,0.0,0.07065204460374884,0,1,
7752,7.752,0.0,0.06720630372822278,0,1,
7753,7.753,0.0,0.06392861361821754,0,1,
7754,7.7540000000000004,0.0,0.06081077834118558,0,1,
7755,7.755,0.0,0.05784500168492645,0,1,
7756,7.756,0.0,0.05502386766299542,0,1,
7757,7.757000000000001,0.0,0.052340321970874584,0,1,
7758,7.758,0.0,0.049787654346537105,0,1,
7759,7.759,0.0,0.04735948179129696,0,1,
7760,7.76,0.0,0.04504973260898745,0,1,
7761,7.761,0.0,0.04285263122355818,0,1,
7762,7.7620000000000005,0.0,0.040762683737126576,0,1,
7763,7.763,0.0,0.03877466419237153,0,1,
7764,7.764,0.0,0.03688360150491801,0,1,
7765,7.765000000000001,0.0,0.03508476703303683,0,1,
7766,7.766,0.0,0.03337366275357725,0,1,
7767,7.767,0.0,0.0317460100145662,0,1,
7768,7.768,0.0,0.03019773883634971,0,1,
7769,7.769,0.0,0.028724977734523795,0,1,
7770,7.7700000000000005,0.0,0.027324044039206893,0,1,
7771,7.771,0.0,0.025991434686446938,0,1,
7772,7.772,0.0,0.024723817458736818,0,1,
7773,7.773000000000001,0.0,0.023518022652734928,0,1,
7774,7.774,0.0,0.0223710351533558,0,1,
7775,7.775,0.0,0.021279986894411882,0,1,
7776,7.776,0.0,0.02024214968695415,0,1,
7777,7.777,0.0,0.019254928397378704,0,1,
7778,7.7780000000000005,0.0,0.018315854458241,0,1,
7779,7.779,0.0,0.017422579695551423,0,1,
7780,7.78,0.0,0.016572870457117205,0,1,
7781,7.781000000000001,0.0,0.015764602027248484,0,1,
7782,7.782,0.0,0.014995753313862365,0,1,
7783,7.783,0.0,0.014264401794699974,0,1,
7784,7.784,0.0,0.013568718710019408,0,1,
7785,7.785,0.0,0.012906964489743832,0,1,
7786,7.7860000000000005,0.0,0.012277484403630178,0,1,
7787,7.787,0.0,0.011678704423581626,0,1,
7788,7.788,0.0,0.011109127287757493,0,1,
7789,7.789000000000001,0.0,0.010567328756638739,0,1,
7790,7.79,0.0,0.010051954051687313,0,1,
7791,7.791,0.0,0.009561714467694143,0,1,
7792,7.792,0.0,0.009095384150344851,0,1,
7793,7.793,0.0,0.008651797030945449,0,1,
7794,7.7940000000000005,0.0,0.008229843910643225,0,1,
7795,7.795,0.0,0.00782846968685186,0,1,
7796,7.796,0.0,0.007446670714945379,0,1,
7797,7.797000000000001,0.0,0.0070834922986238134,0,1,
7798,7.798,0.0,0.00673802630267517,0,1,
7799,7.799,0.0,0.0064094088821643755,0,1,
7800,7.8,0.0,0.006096818322370984,0,1,3.594616840072904
7801,7.801,0.0,0.005799472984074359,0,1,
7802,7.8020000000000005,0.0,0.005516629349048491,0,1,
7803,7.803,0.0,0.005247580160879145,0,1,
7804,7.804,0.0,0.004991652656454433,0,1,
7805,7.805000000000001,0.0,0.004748206883706611,0,1,
7806,7.806,0.0,0.004516634101398569,0,1,
7807,7.807,0.0,0.00429635525695366,0,1,
7808,7.808,0.0,0.004086819538522647,0,1,
7809,7.809,0.0,0.003887502997667171,0,1,
7810,7.8100000000000005,0.0,0.0036979072392157434,0,1,
7811,7.811,0.0,0.003517558175016216,0,1,
7812,7.812,0.0,0.003346004838468457,0,1,
7813,7.813,0.0,0.003182818256872955,0,1,
7814,7.814,0.0,0.0030275903787756265,0,1,
7815,7.815,0.0,0.0028799330536266377,0,1,
7816,7.816,0.0,0.0027394770612018506,0,1,
7817,7.817,0.0,0.0026058711883599436,0,1,
7818,7.8180000000000005,0.0,0.002478781350826621,0,1,
7819,7.819,0.0,0.002357889757809909,0,1,
7820,7.82,0.0,0.002242894117357648,0,1,
7821,7.821,0.0,0.0021335068804701524,0,1,
7822,7.822,0.0,0.002029454522077937,0,1,
7823,7.823,0.0,0.0019304768570865675,0,1,
7824,7.824,0.0,0.0018363263897784028,0,1,
7825,7.825,0.0,0.001746767694944384,0,1,
7826,7.8260000000000005,0.0,0.0016615768291983852,0,1,
7827,7.827,0.0,0.0015805407710021012,0,1,
7828,7.828,0.0,0.0015034568880002435,0,1,
7829,7.829,0.0,0.001430132430334106,0,1,
7830,7.83,0.0,0.001360384048666519,0,1,
7831,7.831,0.0,0.0012940373357130043,0,1,
7832,7.832,0.0,0.0012309263901327183,0,1,
7833,7.833,0.0,0.001170893401688687,0,1,
7834,7.8340000000000005,0.0,0.0011137882566400132,0,1,
7835,7.835,0.0,0.0010594681623793333,0,1,
7836,7.836,0.0,0.0010077972903769223,0,1,
7837,7.837,0.0,0.0009586464365386188,0,1,
7838,7.838,0.0,0.0009118926981282906,0,1,
7839,7.839,0.0,0.0008674191664469772,0,1,
7840,7.84,0.0,0.0008251146345002472,0,1,
7841,7.841,0.0,0.0007848733189227871,0,1,
7842,7.8420000000000005,0.0,0.0007465945954648882,0,1,
7843,7.843,0.0,0.000710182747379409,0,1,
7844,7.844,0.0,0.0006755467260800512,0,1,
7845,7.845,0.0,0.0006425999234724686,0,1,
7846,7.846,0.0,0.0006112599553889192,0,1,
7847,7.847,0.0,0.0005814484555849337,0,1,
7848,7.848,0.0,0.0005530908797828855,0,1,
7849,7.849,0.0,0.0005261163192724678,0,1,
7850,7.8500000000000005,0.0,0.0005004573236019835,0,1,
7851,7.851,0.0,0.00047604973191708237,0,1,
7852,7.852,0.0,0.00045283251252520545,0,1,
7853,7.853,0.0,0.00043074761028456354,0,1,
7854,7.854,0.0,0.00040973980143604324,0,1,
7855,7.855,0.0,0.00038975655551504423,0,1,
7856,7.856,0.0,0.00037074790399795613,0,1,
7857,7.857,0.0,0.00035266631535482175,0,1,
7858,7.8580000000000005,0.0,0.00033546657619575444,0,1,
7859,7.859,0.0,0.0003191056782139124,0,1,
7860,7.86,0.0,0.00030354271064232994,0,1,
7861,7.861,0.0,0.00028873875795569026,0,1,
7862,7.862,0.0,0.0002746568025612422,0,1,
7863,7.863,0.0,0.00026126163223553665,0,1,
7864,7.864,0.0,0.00024851975207552674,0,1,
7865,7.865,0.0,0.00023639930074386344,0,1,
7866,7.8660000000000005,0.0,0.00022486997079895643,0,1,
7867,7.867,0.0,0.0002139029329105837,0,1,
7868,7.868,0.0,0.00020347076377154937,0,1,
7869,7.869,0.0,0.00019354737752513165,0,1,
7870,7.87,0.0,0.0001841079605368534,0,1,
7871,7.871,0.0,0.00017512890934747122,0,1,
7872,7.872,0.0,0.00016658777165203277,0,1,
7873,7.873,0.0,0.00015846319015741948,0,1,
7874,7.8740000000000006,0.0,0.00015073484917798934,0,1,
7875,7.875,0.0,0.00014338342383578073,0,1,
7876,7.876,0.0,0.00013639053173825167,0,1,
7877,7.877,0.0,0.0001297386870127235,0,1,
7878,7.878,0.0,0.00012341125658259122,0,1,
7879,7.8790000000000004,0.0,0.0001173924185759682,0,1,
7880,7.88,0.0,0.00011166712276276516,0,1,
7881,7.881,0.0,0.00010622105292127569,0,1,
7882,7.882000000000001,0.0,0.00010104059104016497,0,1,
7883,7.883,0.0,9.611278326634812e-05,0,1,
7884,7.884,0.0,9.142530751361018e-05,0,1,
7885,7.885,0.0,8.696644265097223e-05,0,1,
7886,7.886,0.0,8.272503919375866e-05,0,1,
7887,7.8870000000000005,0.0,7.869049142407806e-05,0,1,
7888,7.888,0.0,7.485271087100415e-05,0,1,
7889,7.889,0.0,7.120210108414362e-05,0,1,
7890,7.890000000000001,0.0,6.77295336375116e-05,0,1,
7891,7.891,0.0,6.44263253037119e-05,0,1,
7892,7.892,0.0,6.128421634134567e-05,0,1,
7893,7.893,0.0,5.8295349841355494e-05,0,1,
7894,7.894,0.0,5.545225208066038e-05,0,1,
7895,7.8950000000000005,0.0,5.2747813833955096e-05,0,1,
7896,7.896,0.0,5.0175272596943905e-05,0,1,
7897,7.897,0.0,4.77281956765574e-05,0,1,
7898,7.898000000000001,0.0,4.540046410586916e-05,0,1,
7899,7.899,0.0,4.3186257343491246e-05,0,1,
7900,7.9,0.0,4.108003871918891e-05,0,1,3.597171428498595
7901,7.901,0.0,3.9076541589321116e-05,0,1,
7902,7.902,0.0,3.717075616748814e-05,0,1,
7903,7.9030000000000005,0.0,3.535791699745611e-05,0,1,
7904,7.904,0.0,3.363349103703419e-05,0,1,
7905,7.905,0.0,3.199316632310795e-05,0,1,
7906,7.906000000000001,0.0,3.0432841189485604e-05,0,1,
7907,7.907,0.0,2.8948614010596017e-05,0,1,
7908,7.908,0.0,2.7536773445392556e-05,0,1,
7909,7.909,0.0,2.6193789157067305e-05,0,1,
7910,7.91,0.0,2.4916302985370174e-05,0,1,
7911,7.9110000000000005,0.0,2.3701120549459093e-05,0,1,
7912,7.912,0.0,2.254520326028402e-05,0,1,
7913,7.913,0.0,2.144566072253159e-05,0,1,
7914,7.914000000000001,0.0,2.0399743507131292e-05,0,1,
7915,7.915,0.0,1.9404836276250678e-05,0,1,
7916,7.916,0.0,1.845845124358851e-05,0,1,
7917,7.917,0.0,1.7558221953613187e-05,0,1,
7918,7.918,0.0,1.6701897364191274e-05,0,1,
7919,7.9190000000000005,0.0,1.588733621780966e-05,0,1,
7920,7.92,0.0,1.5112501687316432e-05,0,1,
7921,7.921,0.0,1.437545628279208e-05,0,1,
7922,7.922000000000001,0.0,1.3674357006815483e-05,0,1,
7923,7.923,0.0,1.3007450746010398e-05,0,1,
7924,7.924,0.0,1.2373069887348853e-05,0,1,
7925,7.925,0.0,1.1769628148249964e-05,0,1,
7926,7.926,0.0,1.1195616610047219e-05,0,1,
7927,7.9270000000000005,0.0,1.064959994490585e-05,0,1,
7928,7.928,0.0,1.0130212826755629e-05,0,1,
7929,7.929,0.0,9.636156517264507e-06,0,1,
7930,7.930000000000001,0.0,9.166195618316321e-06,0,1,
7931,7.931,0.0,8.719154982872e-06,0,1,
7932,7.932,0.0,8.293916776489866e-06,0,1,
7933,7.933,0.0,7.889417682157272e-06,0,1,
7934,7.934,0.0,7.504646241444218e-06,0,1,
7935,7.9350000000000005,0.0,7.13864032533043e-06,0,1,
7936,7.936,0.0,6.790484728381655e-06,0,1,
7937,7.937,0.0,1.0000064593088802,0,1,
7938,7.938,0.0,0.9512355687853828,0,1,
7939,7.939,0.0,0.9048432626603291,0,1,
7940,7.94,0.0,0.8607135360037332,0,1,
7941,7.941,0.0,0.8187360415128058,0,1,
7942,7.942,0.0,0.7788058135862189,0,1,
7943,7.9430000000000005,0.0,0.7408230058554294,0,1,
7944,7.944,0.0,0.7046926415167492,0,1,
7945,7.945,0.0,0.6703243758398653,0,1,
7946,7.946,0.0,0.6376322702589554,0,1,
7947,7.947,0.0,0.6065345774815099,0,1,
7948,7.948,0.0,0.5769535370775204,0,1,
7949,7.949,0.0,0.5488151810379011,0,1,
7950,7.95,0.0,0.5220491488159378,0,1,
7951,7.9510000000000005,0.0,0.4965885113892721,0,1,
7952,7.952,0.0,0.4723696039024836,0,1,
7953,7.953,0.0,0.44933186647178974,0,1,
7954,7.954,0.0,0.4274176927537922,0,1,
7955,7.955,0.0,0.40657228589961275,0,1,
7956,7.956,0.0,0.3867435215342284,0,1,
7957,7.957,0.0,0.3678818174183836,0,1,
7958,7.958,0.0,0.3499400094671658,0,1,
7959,7.9590000000000005,0.0,0.33287323381522654,0,1,
7960,7.96,0.0,0.31663881463374954,0,1,
7961,7.961,0.0,0.30119615741864986,0,1,
7962,7.962,0.0,0.2865066474831688,0,1,
7963,7.963,0.0,0.27253355340104357,0,1,
7964,7.964,0.0,0.2592419351588093,0,1,
7965,7.965,0.0,0.24659855678756556,0,1,
7966,7.966,0.0,0.23457180325574264,0,1,
7967,7.9670000000000005,0.0,0.22313160141505478,0,1,
7968,7.968,0.0,0.21224934480196525,0,1,
7969,7.969,0.0,0.20189782210662702,0,1,
7970,7.97,0.0,0.19205114913043436,0,1,
7971,7.971,0.0,0.18268470406204387,0,1,
7972,7.972,0.0,0.17377506591002126,0,1,
7973,7.973,0.0,0.16529995593816316,0,1,
7974,7.974,0.0,0.15723818195705233,0,1,
7975,7.9750000000000005,0.0,0.14956958533254544,0,1,
7976,7.976,0.0,0.14227499057868764,0,1,
7977,7.977,0.0,0.13533615740900956,0,1,
7978,7.978,0.0,0.1287357351263102,0,1,
7979,7.979,0.0,0.12245721923687641,0,1,
7980,7.98,0.0,0.11648491018065171,0,1,
7981,7.981,0.0,0.11080387407415869,0,1,
7982,7.982,0.0,0.10539990536801155,0,1,
7983,7.9830000000000005,0.0,0.10025949132564335,0,1,
7984,7.984,0.0,0.09536977823442605,0,1,
7985,7.985,0.0,0.09071853926469381,0,1,
7986,7.986,0.0,0.08629414389630012,0,1,
7987,7.987,0.0,0.08208552883625937,0,1,
7988,7.988,0.0,0.07808217035475176,0,1,
7989,7.989,0.0,0.07427405797031723,0,1,
7990,7.99,0.0,0.07065166941843753,0,1,
7991,7.9910000000000005,0.0,0.06720594684091503,0,1,
7992,7.992,0.0,0.06392827413650919,0,1,
7993,7.993,0.0,0.060810455416195515,0,1,
7994,7.994,0.0,0.05784469450917399,0,1,
7995,7.995,0.0,0.055023575468381186,0,1,
7996,7.996,0.0,0.05234004402675984,0,1,
7997,7.997,0.0,0.049787389957916796,0,1,
7998,7.998,0.0,0.04735923029706182,0,1,
7999,7.9990000000000006,0.0,0.045049493380270894,0,1,
8000,8.0,0.0,0.04285240366216381,0,1,3.594976441293684
8001,8.001,0.0,0.04076246727403237,0,1,
8002,8.002,0.0,0.038774458286307,0,1,
8003,8.003,0.0,0.036883405641010746,0,1,
8004,8.004,0.0,0.03508458072152504,0,1,
8005,8.005,0.0,0.03337348552858511,0,1,
8006,8.006,0.0,0.03174584143293892,0,1,
8007,8.007,0.0,0.03019757847654541,0,1,
8008,8.008000000000001,0.0,0.02872482519555944,0,1,
8009,8.009,0.0,0.027323898939655616,0,1,
8010,8.01,0.0,0.025991296663484282,0,1,
8011,8.011000000000001,0.0,0.024723686167233482,0,1,
8012,8.012,0.0,0.02351789776439377,0,1,
8013,8.013,0.0,0.022370916355890915,0,1,
8014,8.014,0.0,0.021279873890767725,0,1,
8015,8.015,0.0,0.020242042194562753,0,1,
8016,8.016,0.0,0.019254826147453098,0,1,
8017,8.017,0.0,0.01831575719510311,0,1,
8018,8.018,0.0,0.01742248717599274,0,1,
8019,8.019,0.0,0.016572782449790647,0,1,
8020,8.02,0.0,0.01576451831208989,0,1,
8021,8.021,0.0,0.014995673681540233,0,1,
8022,8.022,0.0,0.01426432604609202,0,1,
8023,8.023,0.0,0.013568646655714658,0,1,
8024,8.024000000000001,0.0,0.012906895949568993,0,1,
8025,8.025,0.0,0.01227741920619911,0,1,
8026,8.026,0.0,0.011678642405866791,0,1,
8027,8.027000000000001,0.0,0.011109068294682303,0,1,
8028,8.028,0.0,0.010567272640689775,0,1,
8029,8.029,0.0,0.010051900672545475,0,1,
8030,8.03,0.0,0.009561663691883772,0,1,
8031,8.031,0.0,0.009095335850899973,0,1,
8032,8.032,0.0,0.008651751087092294,0,1,
8033,8.033,0.0,0.00822980020749823,0,1,
8034,8.034,0.0,0.007828428115134397,0,1,
8035,8.035,0.0,0.007446631170704502,0,1,
8036,8.036,0.0,0.007083454682978322,0,1,
8037,8.037,0.0,0.006737990521566357,0,1,
8038,8.038,0.0,0.006409374846120832,0,1,
8039,8.039,0.0,0.006096785946284871,0,1,
8040,8.040000000000001,0.0,0.005799442186988599,0,1,
8041,8.041,0.0,0.005516600053954327,0,1,
8042,8.042,0.0,0.0052475522945235826,0,1,
8043,8.043000000000001,0.0,0.0049916261491570685,0,1,
8044,8.044,0.0,0.0047481816691853935,0,1,
8045,8.045,0.0,0.004516610116604061,0,1,
8046,8.046,0.0,0.004296332441911384,0,1,
8047,8.047,0.0,0.004086797836183113,0,1,
8048,8.048,0.0,0.0038874823537632256,0,1,
8049,8.049,0.0,0.0036978876021268744,0,1,
8050,8.05,0.0,0.003517539495639472,0,1,
8051,8.051,0.0,0.0033459870700956666,0,1,
8052,8.052,0.0,0.003182801355073931,0,1,
8053,8.053,0.0,0.003027574301287068,0,1,
8054,8.054,0.0,0.002879917760246449,0,1,
8055,8.055,0.0,0.0027394625136886153,0,1,
8056,8.056000000000001,0.0,0.002605857350337301,0,1,
8057,8.057,0.0,0.0024787681876923063,0,1,
8058,8.058,0.0,0.00235787723664923,0,1,
8059,8.059000000000001,0.0,0.0022428822068611813,0,1,
8060,8.06,0.0,0.002133495550855453,0,1,
8061,8.061,0.0,0.0020294437450150663,0,1,
8062,8.062,0.0,0.0019304666056272552,0,1,
8063,8.063,0.0,0.0018363166382886608,0,1,
8064,8.064,0.0,0.0017467584190404087,0,1,
8065,8.065,0.0,0.001661568005685585,0,1,
8066,8.066,0.0,0.001580532377817098,0,1,
8067,8.067,0.0,0.0015034489041557033,0,1,
8068,8.068,0.0,0.0014301248358662589,0,1,
8069,8.069,0.0,0.0013603768245852394,0,1,
8070,8.07,0.0,0.0012940304639543262,0,1,
8071,8.071,0.0,0.0012309198535136656,0,1,
8072,8.072000000000001,0.0,0.0011708871838643073,0,1,
8073,8.073,0.0,0.0011137823420625068,0,1,
8074,8.074,0.0,0.0010594625362591757,0,1,
8075,8.075,0.0,0.0010077919386458824,0,1,
8076,8.076,0.0,0.0009586413458145816,0,1,
8077,8.077,0.0,0.0009118878556817944,0,1,
8078,8.078,0.0,0.0008674145601693835,0,1,
8079,8.079,0.0,0.0008251102528734626,0,1,
8080,8.08,0.0,0.0007848691509904624,0,1,
8081,8.081,0.0,0.0007465906308050216,0,1,
8082,8.082,0.0,0.0007101789760782857,0,1,
8083,8.083,0.0,0.0006755431387074541,0,1,
8084,8.084,0.0,0.0006425965110580976,0,1,
8085,8.085,0.0,0.0006112567093999609,0,1,
8086,8.086,0.0,0.000581445367904725,0,1,
8087,8.087,0.0,0.0005530879426906175,0,1,
8088,8.088000000000001,0.0,0.00052611352542388,0,1,
8089,8.089,0.0,0.0005004546660109992,0,1,
8090,8.09,0.0,0.0004760472039383398,0,1,
8091,8.091,0.0,0.000452830107837441,0,1,
8092,8.092,0.0,0.0004307453228748053,0,1,
8093,8.093,0.0,0.00040973762558457527,0,1,
8094,8.094,0.0,0.00038975448578110455,0,1,
8095,8.095,0.0,0.0003707459352061318,0,1,
8096,8.096,0.0,0.00035266444258210777,0,1,
8097,8.097,0.0,0.0003354647947592435,0,1,
8098,8.098,0.0,0.00031910398365908533,0,1,
8099,8.099,0.0,0.000303541098731917,0,1,
8100,8.1,0.0,0.0002887372246590758,0,1,3.7185717549912733
8101,8.101,0.0,0.00027465534404438603,0,1,
8102,8.102,0.0,0.0002612602448513869,0,1,
8103,8.103,0.0,0.0002485184323549004,0,1,
8104,8.104000000000001,0.0,0.00023639804538677154,0,1,
8105,8.105,0.0,0.00022486877666635235,0,1,
8106,8.106,0.0,0.00021390179701651394,0,1,
8107,8.107,0.0,0.0002034696832756871,0,1,
8108,8.108,0.0,0.0001935463497256744,0,1,
8109,8.109,0.0,0.0001841069828637672,0,1,
8110,8.11,0.0,0.0001751279793560641,0,1,
8111,8.111,0.0,0.00016658688701684177,0,1,
8112,8.112,0.0,0.00015846234866639586,0,1,
8113,8.113,0.0,0.00015073404872696723,0,1,
8114,8.114,0.0,0.00014338266242321562,0,1,
8115,8.115,0.0,0.00013638980746021555,0,1,
8116,8.116,0.0,0.00012973799805814402,0,1,
8117,8.117,0.0,0.0001234106012287231,0,1,
8118,8.118,0.0,0.00011739179518408538,0,1,
8119,8.119,0.0,0.00011166652977406323,0,1,
8120,8.120000000000001,0.0,0.00010622048885297401,0,1,
8121,8.121,0.0,0.00010104005448179898,0,1,
8122,8.122,0.0,9.611227287624243e-05,0,1,
8123,8.123,0.0,9.142482201552367e-05,0,1,
8124,8.124,0.0,8.696598083090679e-05,0,1,
8125,8.125,0.0,8.272459989692359e-05,0,1,
8126,8.126,0.0,7.869007355200245e-05,0,1,
8127,8.127,0.0,7.485231337879016e-05,0,1,
8128,8.128,0.0,7.120172297785366e-05,0,1,
8129,8.129,0.0,6.772917397168301e-05,0,1,
8130,8.13,0.0,6.442598317899276e-05,0,1,
8131,8.131,0.0,6.128389090224597e-05,0,1,
8132,8.132,0.0,5.829504027410797e-05,0,1,
8133,8.133000000000001,0.0,5.5451957611185676e-05,0,1,
8134,8.134,0.0,5.274753372592614e-05,0,1,
8135,8.135,0.0,5.017500614994473e-05,0,1,
8136,8.136000000000001,0.0,4.772794222433171e-05,0,1,
8137,8.137,0.0,4.5400223014654384e-05,0,1,
8138,8.138,0.0,4.318602801043376e-05,0,1,
8139,8.139,0.0,4.107982057083662e-05,0,1,
8140,8.14,0.0,3.907633408018951e-05,0,1,
8141,8.141,0.0,3.7170558778696306e-05,0,1,
8142,8.142,0.0,3.535772923542925e-05,0,1,
8143,8.143,0.0,3.3633312432269436e-05,0,1,
8144,8.144,0.0,3.199299642900037e-05,0,1,
8145,8.145,0.0,3.0432679581211416e-05,0,1,
8146,8.146,0.0,2.8948460284050367e-05,0,1,
8147,8.147,0.0,2.7536627216179007e-05,0,1,
8148,8.148,0.0,2.6193650059536654e-05,0,1,
8149,8.149000000000001,0.0,2.4916170671706145e-05,0,1,
8150,8.15,0.0,2.3700994688808605e-05,0,1,
8151,8.151,0.0,2.2545083537929888e-05,0,1,
8152,8.152000000000001,0.0,2.144554683910557e-05,0,1,
8153,8.153,0.0,2.0399635177865497e-05,0,1,
8154,8.154,0.0,1.9404733230265518e-05,0,1,
8155,8.155,0.0,1.845835322321535e-05,0,1,
8156,8.156,0.0,1.7558128713750037e-05,0,1,
8157,8.157,0.0,1.670180867168991e-05,0,1,
8158,8.158,0.0,1.5887251850892628e-05,0,1,
8159,8.159,0.0,1.5112421435022498e-05,0,1,
8160,8.16,0.0,1.4375379944448706e-05,0,1,
8161,8.161,0.0,1.367428439153705e-05,0,1,
8162,8.162,0.0,1.3007381672220885e-05,0,1,
8163,8.163,0.0,1.2373004182327807e-05,0,1,
8164,8.164,0.0,1.1769565647700607e-05,0,1,
8165,8.165000000000001,0.0,1.1195557157685621e-05,0,1,
8166,8.166,0.0,1.0649543392070143e-05,0,1,
8167,8.167,0.0,1.0130159032034264e-05,0,1,
8168,8.168000000000001,0.0,9.636105346142663e-06,0,1,
8169,8.169,0.0,9.166146942839539e-06,0,1,
8170,8.17,0.0,8.719108681326234e-06,0,1,
8171,8.171,0.0,8.293872733097133e-06,0,1,
8172,8.172,0.0,7.88937578678615e-06,0,1,
8173,8.173,0.0,7.504606389334456e-06,0,1,
8174,8.174,0.0,7.138602416830996e-06,0,1,
8175,8.175,0.0,6.790448668701554e-06,0,1,
8176,8.176,0.0,1.0000064592745792,0,1,
8177,8.177,0.0,0.9512355687527547,0,1,
8178,8.178,0.0,0.9048432626292923,0,1,
8179,8.179,0.0,0.8607135359742101,0,1,
8180,8.18,0.0,0.8187360414847225,0,1,
8181,8.181000000000001,0.0,0.7788058135595053,0,1,
8182,8.182,0.0,0.7408230058300186,0,1,
8183,8.183,0.0,0.7046926414925777,0,1,
8184,8.184000000000001,0.0,0.6703243758168727,0,1,
8185,8.185,0.0,0.6376322702370841,0,1,
8186,8.186,0.0,0.6065345774607053,0,1,
8187,8.187,0.0,0.5769535370577304,0,1,
8188,8.188,0.0,0.5488151810190763,0,1,
8189,8.189,0.0,0.5220491487980312,0,1,
8190,8.19,0.0,0.49658851137223886,0,1,
8191,8.191,0.0,0.4723696038862811,0,1,
8192,8.192,0.0,0.4493318664563774,0,1,
8193,8.193,0.0,0.42741769273913155,0,1,
8194,8.194,0.0,0.40657228588566713,0,1,
8195,8.195,0.0,0.3867435215209629,0,1,
8196,8.196,0.0,0.3678818174057651,0,1,
8197,8.197000000000001,0.0,0.3499400094551627,0,1,
8198,8.198,0.0,0.33287323380380884,0,1,
8199,8.199,0.0,0.31663881462288873,0,1,
8200,8.2,0.0,0.30119615740831873,0,1,4.547512383516376
8201,8.201,0.0,0.2865066474733415,0,1,
8202,8.202,0.0,0.27253355339169555,0,1,
8203,8.203,0.0,0.25924193514991717,0,1,
8204,8.204,0.0,0.24659855677910714,0,1,
8205,8.205,0.0,0.23457180324769672,0,1,
8206,8.206,0.0,0.22313160140740126,0,1,
8207,8.207,0.0,0.21224934479468502,0,1,
8208,8.208,0.0,0.20189782209970186,0,1,
8209,8.209,0.0,0.19205114912384694,0,1,
8210,8.21,0.0,0.18268470405577772,0,1,
8211,8.211,0.0,0.1737750659040607,0,1,
8212,8.212,0.0,0.1652999559324933,0,1,
8213,8.213000000000001,0.0,0.157238181951659,0,1,
8214,8.214,0.0,0.14956958532741516,0,1,
8215,8.215,0.0,0.14227499057380755,0,1,
8216,8.216,0.0,0.13533615740436747,0,1,
8217,8.217,0.0,0.1287357351218945,0,1,
8218,8.218,0.0,0.12245721923267608,0,1,
8219,8.219,0.0,0.11648491017665623,0,1,
8220,8.22,0.0,0.11080387407035806,0,1,
8221,8.221,0.0,0.10539990536439629,0,1,
8222,8.222,0.0,0.10025949132220441,0,1,
8223,8.223,0.0,0.09536977823115483,0,1,
8224,8.224,0.0,0.09071853926158213,0,1,
8225,8.225,0.0,0.0862941438933402,0,1,
8226,8.226,0.0,0.0820855288334438,0,1,
8227,8.227,0.0,0.07808217035207352,0,1,
8228,8.228,0.0,0.0742740579677696,0,1,
8229,8.229000000000001,0.0,0.07065166941601415,0,1,
8230,8.23,0.0,0.06720594683860984,0,1,
8231,8.231,0.0,0.06392827413431641,0,1,
8232,8.232,0.0,0.06081045541410968,0,1,
8233,8.233,0.0,0.05784469450718988,0,1,
8234,8.234,0.0,0.05502357546649384,0,1,
8235,8.235,0.0,0.05234004402496455,0,1,
8236,8.236,0.0,0.04978738995620906,0,1,
8237,8.237,0.0,0.04735923029543737,0,1,
8238,8.238,0.0,0.04504949337872567,0,1,
8239,8.239,0.0,0.04285240366069395,0,1,
8240,8.24,0.0,0.0407624672726342,0,1,
8241,8.241,0.0,0.03877445828497702,0,1,
8242,8.242,0.0,0.03688340563974563,0,1,
8243,8.243,0.0,0.035084580720321626,0,1,
8244,8.244,0.0,0.033373485527440384,0,1,
8245,8.245000000000001,0.0,0.031745841431850025,0,1,
8246,8.246,0.0,0.03019757847550962,0,1,
8247,8.247,0.0,0.028724825194574165,0,1,
8248,8.248,0.0,0.027323898938718394,0,1,
8249,8.249,0.0,0.02599129666259277,0,1,
8250,8.25,0.0,0.02472368616638545,0,1,
8251,8.251,0.0,0.023517897763587096,0,1,
8252,8.252,0.0,0.02237091635512358,0,1,
8253,8.253,0.0,0.021279873890037816,0,1,
8254,8.254,0.0,0.02024204219386844,0,1,
8255,8.255,0.0,0.019254826146792647,0,1,
8256,8.256,0.0,0.01831575719447487,0,1,
8257,8.257,0.0,0.017422487175395143,0,1,
8258,8.258000000000001,0.0,0.016572782449222192,0,1,
8259,8.259,0.0,0.01576451831154916,0,1,
8260,8.26,0.0,0.014995673681025876,0,1,
8261,8.261000000000001,0.0,0.014264326045602748,0,1,
8262,8.262,0.0,0.013568646655249247,0,1,
8263,8.263,0.0,0.01290689594912628,0,1,
8264,8.264,0.0,0.012277419205777988,0,1,
8265,8.265,0.0,0.011678642405466209,0,1,
8266,8.266,0.0,0.011109068294301257,0,1,
8267,8.267,0.0,0.010567272640327313,0,1,
8268,8.268,0.0,0.01005190067220069,0,1,
8269,8.269,0.0,0.009561663691555802,0,1,
8270,8.27,0.0,0.009095335850587999,0,1,
8271,8.271,0.0,0.008651751086795535,0,1,
8272,8.272,0.0,0.008229800207215945,0,1,
8273,8.273,0.0,0.00782842811486588,0,1,
8274,8.274000000000001,0.0,0.0074466311704490815,0,1,
8275,8.275,0.0,0.007083454682735358,0,1,
8276,8.276,0.0,0.0067379905213352425,0,1,
8277,8.277000000000001,0.0,0.006409374845900989,0,1,
8278,8.278,0.0,0.00609678594607575,0,1,
8279,8.279,0.0,0.005799442186789677,0,1,
8280,8.28,0.0,0.005516600053765107,0,1,
8281,8.281,0.0,0.00524755229434359,0,1,
8282,8.282,0.0,0.004991626148985855,0,1,
8283,8.283,0.0,0.00474818166902253,0,1,
8284,8.284,0.0,0.004516610116449141,0,1,
8285,8.285,0.0,0.004296332441764019,0,1,
8286,8.286,0.0,0.004086797836042936,0,1,
8287,8.287,0.0,0.003887482353629885,0,1,
8288,8.288,0.0,0.003697887602000037,0,1,
8289,8.289,0.0,0.0035175394955188205,0,1,
8290,8.290000000000001,0.0,0.0033459870699808995,0,1,
8291,8.291,0.0,0.0031828013549647614,0,1,
8292,8.292,0.0,0.0030275743011832228,0,1,
8293,8.293000000000001,0.0,0.0028799177601476684,0,1,
8294,8.294,0.0,0.002739462513594652,0,1,
8295,8.295,0.0,0.00260585735024792,0,1,
8296,8.296,0.0,0.0024787681876072844,0,1,
8297,8.297,0.0,0.002357877236568355,0,1,
8298,8.298,0.0,0.0022428822067842506,0,1,
8299,8.299,0.0,0.002133495550782274,0,1,
8300,8.3,0.0,0.002029443744945456,0,1,4.546032326476057
8301,8.301,0.0,0.0019304666055610402,0,1,
8302,8.302,0.0,0.0018363166382256752,0,1,
8303,8.303,0.0,0.0017467584189804948,0,1,
8304,8.304,0.0,0.001661568005628593,0,1,
8305,8.305,0.0,0.0015805323777628858,0,1,
8306,8.306000000000001,0.0,0.001503448904104135,0,1,
8307,8.307,0.0,0.0014301248358172054,0,1,
8308,8.308,0.0,0.0013603768245385784,0,1,
8309,8.309000000000001,0.0,0.0012940304639099407,0,1,
8310,8.31,0.0,0.0012309198534714448,0,1,
8311,8.311,0.0,0.0011708871838241456,0,1,
8312,8.312,0.0,0.0011137823420243039,0,1,
8313,8.313,0.0,0.001059462536222836,0,1,
8314,8.314,0.0,0.0010077919386113153,0,1,
8315,8.315,0.0,0.0009586413457817004,0,1,
8316,8.316,0.0,0.0009118878556505168,0,1,
8317,8.317,0.0,0.0008674145601396312,0,1,
8318,8.318,0.0,0.0008251102528451614,0,1,
8319,8.319,0.0,0.0007848691509635415,0,1,
8320,8.32,0.0,0.0007465906307794136,0,1,
8321,8.321,0.0,0.0007101789760539267,0,1,
8322,8.322000000000001,0.0,0.000675543138684283,0,1,
8323,8.323,0.0,0.0006425965110360566,0,1,
8324,8.324,0.0,0.0006112567093789949,0,1,
8325,8.325,0.0,0.0005814453678847815,0,1,
8326,8.326,0.0,0.0005530879426716466,0,1,
8327,8.327,0.0,0.0005261135254058343,0,1,
8328,8.328,0.0,0.0005004546659938335,0,1,
8329,8.329,0.0,0.00047604720392201133,0,1,
8330,8.33,0.0,0.0004528301078219089,0,1,
8331,8.331,0.0,0.00043074532286003066,0,1,
8332,8.332,0.0,0.0004097376255705212,0,1,
8333,8.333,0.0,0.0003897544857677359,0,1,
8334,8.334,0.0,0.00037074593519341513,0,1,
8335,8.335,0.0,0.0003526644425700113,0,1,
8336,8.336,0.0,0.0003354647947477369,0,1,
8337,8.337,0.0,0.00031910398364813993,0,1,
8338,8.338000000000001,0.0,0.0003035410987215054,0,1,
8339,8.339,0.0,0.000288737224649172,0,1,
8340,8.34,0.0,0.00027465534403496524,0,1,
8341,8.341,0.0,0.0002612602448424256,0,1,
8342,8.342,0.0,0.00024851843234637613,0,1,
8343,8.343,0.0,0.000236398045378663,0,1,
8344,8.344,0.0,0.00022486877665863929,0,1,
8345,8.345,0.0,0.00021390179700917704,0,1,
8346,8.346,0.0,0.000203469683268708,0,1,
8347,8.347,0.0,0.0001935463497190357,0,1,
8348,8.348,0.0,0.00018410698285745226,0,1,
8349,8.349,0.0,0.00017512797935005712,0,1,
8350,8.35,0.0,0.00016658688701112778,0,1,
8351,8.351,0.0,0.00015846234866096054,0,1,
8352,8.352,0.0,0.000150734048721797,0,1,
8353,8.353,0.0,0.00014338266241829755,0,1,
8354,8.354000000000001,0.0,0.00013638980745553733,0,1,
8355,8.355,0.0,0.00012973799805369397,0,1,
8356,8.356,0.0,0.00012341060122449007,0,1,
8357,8.357,0.0,0.0001173917951800588,0,1,
8358,8.358,0.0,0.00011166652977023302,0,1,
8359,8.359,0.0,0.00010622048884933061,0,1,
8360,8.36,0.0,0.00010104005447833327,0,1,
8361,8.361,0.0,9.611227287294575e-05,0,1,
8362,8.362,0.0,9.142482201238777e-05,0,1,
8363,8.363,0.0,8.696598082792384e-05,0,1,
8364,8.364,0.0,8.272459989408612e-05,0,1,
8365,8.365,0.0,7.869007354930337e-05,0,1,
8366,8.366,0.0,7.485231337622271e-05,0,1,
8367,8.367,0.0,7.120172297541143e-05,0,1,
8368,8.368,0.0,6.772917396935987e-05,0,1,
8369,8.369,0.0,6.442598317678293e-05,0,1,
8370,8.370000000000001,0.0,6.12838909001439e-05,0,1,
8371,8.371,0.0,5.8295040272108426e-05,0,1,
8372,8.372,0.0,5.5451957609283646e-05,0,1,
8373,8.373,0.0,5.274753372411687e-05,0,1,
8374,8.374,0.0,5.0175006148223694e-05,0,1,
8375,8.375,0.0,4.7727942222694614e-05,0,1,
8376,8.376,0.0,4.5400223013097124e-05,0,1,
8377,8.377,0.0,4.3186028008952447e-05,0,1,
8378,8.378,0.0,4.107982056942755e-05,0,1,
8379,8.379,0.0,3.907633407884916e-05,0,1,
8380,8.38,0.0,3.7170558777421325e-05,0,1,
8381,8.381,0.0,3.535772923421645e-05,0,1,
8382,8.382,0.0,3.3633312431115784e-05,0,1,
8383,8.383000000000001,0.0,3.199299642790298e-05,0,1,
8384,8.384,0.0,3.043267958016755e-05,0,1,
8385,8.385,0.0,2.894846028305741e-05,0,1,
8386,8.386000000000001,0.0,2.7536627215234477e-05,0,1,
8387,8.387,0.0,2.619365005863819e-05,0,1,
8388,8.388,0.0,2.49161706708515e-05,0,1,
8389,8.389,0.0,2.370099468799564e-05,0,1,
8390,8.39,0.0,2.254508353715657e-05,0,1,
8391,8.391,0.0,2.1445546838369968e-05,0,1,
8392,8.392,0.0,2.039963517716577e-05,0,1,
8393,8.393,0.0,1.9404733229599916e-05,0,1,
8394,8.394,0.0,1.845835322258221e-05,0,1,
8395,8.395,0.0,1.7558128713147776e-05,0,1,
8396,8.396,0.0,1.670180867111702e-05,0,1,
8397,8.397,0.0,1.5887251850347677e-05,0,1,
8398,8.398,0.0,1.5112421434504124e-05,0,1,
8399,8.399000000000001,0.0,1.4375379943955613e-05,0,1,
8400,8.4,0.0,1.3674284391068004e-05,0,1,4.538020236350999
8401,8.401,0.0,1.3007381671774714e-05,0,1,
8402,8.402000000000001,0.0,1.2373004181903396e-05,0,1,
8403,8.403,0.0,1.1769565647296896e-05,0,1,
8404,8.404,0.0,1.11955571573016e-05,0,1,
8405,8.405,0.0,1.0649543391704852e-05,0,1,
8406,8.406,0.0,1.0130159031686787e-05,0,1,
8407,8.407,0.0,9.636105345812134e-06,0,1,
8408,8.408,0.0,9.16614694252513e-06,0,1,
8409,8.409,0.0,8.719108681027159e-06,0,1,
8410,8.41,0.0,8.293872732812644e-06,0,1,
8411,8.411,0.0,7.889375786515536e-06,0,1,
8412,8.412,0.0,7.504606389077041e-06,0,1,
8413,8.413,0.0,7.138602416586136e-06,0,1,
8414,8.414,0.0,6.790448668468636e-06,0,1,
8415,8.415000000000001,0.0,6.459274579009061e-06,0,1,
8416,8.416,0.0,6.144252040482881e-06,0,1,
8417,8.417,0.0,5.844593332455869e-06,0,1,
8418,8.418000000000001,0.0,5.559549152072706e-06,0,1,
8419,8.419,0.0,5.288406740409553e-06,0,1,
8420,8.42,0.0,5.030488100205476e-06,0,1,
8421,8.421,0.0,4.785148300516145e-06,0,1,
8422,8.422,0.0,4.551773864050543e-06,0,1,
8423,8.423,0.0,4.329781233158189e-06,0,1,
8424,8.424,0.0,4.118615310631056e-06,0,1,
8425,8.425,0.0,3.917748071671409e-06,0,1,
8426,8.426,0.0,1.0000037266772435,0,1,
8427,8.427,0.0,0.9512329694257636,0,1,
8428,8.428,0.0,0.9048407900729745,0,1,
8429,8.429,0.0,0.8607111840058869,0,1,
8430,8.43,0.0,0.8187338042232479,0,1,
8431,8.431000000000001,0.0,0.7788036854105603,0,1,
8432,8.432,0.0,0.7408209814721224,0,1,
8433,8.433,0.0,0.7046907158637811,0,1,
8434,8.434000000000001,0.0,0.6703225441021007,0,1,
8435,8.435,0.0,0.6376305278560958,0,1,
8436,8.436,0.0,0.6065329200566405,0,1,
8437,8.437,0.0,0.5769519604862158,0,1,
8438,8.438,0.0,0.5488136813378617,0,1,
8439,8.439,0.0,0.5220477222571325,0,1,
8440,8.44,0.0,0.4965871544045607,0,1,
8441,8.441,0.0,0.4723683130986975,0,1,
8442,8.442,0.0,0.4493306386212471,0,1,
8443,8.443,0.0,0.4274165247862272,0,1,
8444,8.444,0.0,0.40657117489449807,0,1,
8445,8.445,0.0,0.38674246471347257,0,1,
8446,8.446,0.0,0.36788081213938423,0,1,
8447,8.447000000000001,0.0,0.3499390532162017,0,1,
8448,8.448,0.0,0.3328723242011723,0,1,
8449,8.449,0.0,0.3166379493820962,0,1,
8450,8.45,0.0,0.3011953343658176,0,1,
8451,8.451,0.0,0.2865058645710968,0,1,
8452,8.452,0.0,0.2725328086720439,0,1,
8453,8.453,0.0,0.2592412267506715,0,1,
8454,8.454,0.0,0.24659788292890036,0,1,
8455,8.455,0.0,0.23457116226155234,0,1,
8456,8.456,0.0,0.22313099168252004,0,1,
8457,8.457,0.0,0.21224876480643715,0,1,
8458,8.458,0.0,0.2018972703978146,0,1,
8459,8.459,0.0,0.19205062432877823,0,1,
8460,8.46,0.0,0.18268420485526654,0,1,
8461,8.461,0.0,0.17377459104984574,0,1,
8462,8.462,0.0,0.1652995042371917,0,1,
8463,8.463000000000001,0.0,0.1572377522857972,0,1,
8464,8.464,0.0,0.1495691766166047,0,1,
8465,8.465,0.0,0.14227460179605855,0,1,
8466,8.466,0.0,0.13533578758753304,0,1,
8467,8.467,0.0,0.12873538334123993,0,1,
8468,8.468,0.0,0.12245688460856646,0,1,
8469,8.469,0.0,0.11648459187235702,0,1,
8470,8.47,0.0,0.11080357128994271,0,1,
8471,8.471,0.0,0.10539961735075605,0,1,
8472,8.472,0.0,0.10025921735515515,0,1,
8473,8.473,0.0,0.09536951762563624,0,1,
8474,8.474,0.0,0.09071829136594466,0,1,
8475,8.475,0.0,0.08629390808771563,0,1,
8476,8.476,0.0,0.08208530452819525,0,1,
8477,8.477,0.0,0.07808195698632102,0,1,
8478,8.478,0.0,0.07427385500798765,0,1,
8479,8.479000000000001,0.0,0.07065147635469757,0,1,
8480,8.48,0.0,0.06720576319300477,0,1,
8481,8.481,0.0,0.06392809944521319,0,1,
8482,8.482,0.0,0.06081028924469455,0,1,
8483,8.483,0.0,0.05784453644195276,0,1,
8484,8.484,0.0,0.0550234251101893,0,1,
8485,8.485,0.0,0.05233990100162351,0,1,
8486,8.486,0.0,0.04978725390819867,0,1,
8487,8.487,0.0,0.04735910088256675,0,1,
8488,8.488,0.0,0.04504937027739523,0,1,
8489,8.489,0.0,0.042852286563086234,0,1,
8490,8.49,0.0,0.0407623558859442,0,1,
8491,8.491,0.0,0.038774352330679995,0,1,
8492,8.492,0.0,0.03688330485290065,0,1,
8493,8.493,0.0,0.03508448484890908,0,1,
8494,8.494,0.0,0.0333733943317318,0,1,
8495,8.495000000000001,0.0,0.031745754683808636,0,1,
8496,8.496,0.0,0.030197495958220136,0,1,
8497,8.497,0.0,0.028724746701700377,0,1,
8498,8.498,0.0,0.027323824273987232,0,1,
8499,8.499,0.0,0.025991225639303516,0,1,
8500,8.5,0.0,0.024723618606942888,0,1,4.5374560446306695
8501,8.501,0.0,0.02351783349905743,0,1,
8502,8.502,0.0,0.02237085522481201,0,1,
8503,8.503,0.0,0.02127981574108672,0,1,
8504,8.504,0.0,0.020241986880875158,0,1,
8505,8.505,0.0,0.01925477353144588,0,1,
8506,8.506,0.0,0.018315707145208845,0,1,
8507,8.507,0.0,0.017422439567060626,0,1,
8508,8.508000000000001,0.0,0.01657273716277355,0,1,
8509,8.509,0.0,0.01576447523374668,0,1,
8510,8.51,0.0,0.014995632704152611,0,1,
8511,8.511000000000001,0.0,0.014264287067195174,0,1,
8512,8.512,0.0,0.013568609577841043,0,1,
8513,8.513,0.0,0.01290686068000461,0,1,
8514,8.514,0.0,0.01227738565675168,0,1,
8515,8.515,0.0,0.011678610492645222,0,1,
8516,8.516,0.0,0.011109037937886914,0,1,
8517,8.517,0.0,0.010567243764412768,0,1,
8518,8.518,0.0,0.010051873204581115,0,1,
8519,8.519,0.0,0.009561637563547842,0,1,
8520,8.52,0.0,0.009095310996858022,0,1,
8521,8.521,0.0,0.008651727445196272,0,1,
8522,8.522,0.0,0.008229777718631082,0,1,
8523,8.523,0.0,0.007828406723062243,0,1,
8524,8.524000000000001,0.0,0.007446610821936019,0,1,
8525,8.525,0.0,0.007083435326630988,0,1,
8526,8.526,0.0,0.006737972109239222,0,1,
8527,8.527000000000001,0.0,0.006409357331773487,0,1,
8528,8.528,0.0,0.0060967692861223265,0,1,
8529,8.529,0.0,0.00579942633935177,0,1,
8530,8.53,0.0,0.005516584979215866,0,1,
8531,8.531,0.0,0.005247537954988792,0,1,
8532,8.532,0.0,0.004991612508969643,0,1,
8533,8.533,0.0,0.004748168694237758,0,1,
8534,8.534,0.0,0.004516597774452089,0,1,
8535,8.535,0.0,0.004296320701693266,0,1,
8536,8.536,0.0,0.00408678666854219,0,1,
8537,8.537,0.0,0.0038874717307745776,0,1,
8538,8.538,0.0,0.003697877497227496,0,1,
8539,8.539,0.0,0.003517529883561852,0,1,
8540,8.540000000000001,0.0,0.003345977926804604,0,1,
8541,8.541,0.0,0.0031827926577064356,0,1,
8542,8.542,0.0,0.003027566028095191,0,1,
8543,8.543000000000001,0.0,0.002879909890542901,0,1,
8544,8.544,0.0,0.002739455027795038,0,1,
8545,8.545,0.0,0.0026058502295350614,0,1,
8546,8.546,0.0,0.0024787614141756897,0,1,
8547,8.547,0.0,0.0023578707934809174,0,1,
8548,8.548,0.0,0.002242876077929895,0,1,
8549,8.549,0.0,0.002133489720835673,0,1,
8550,8.55,0.0,0.002029438199328706,0,1,
8551,8.551,0.0,0.0019304613304072103,0,1,
8552,8.552,0.0,0.0018363116203441335,0,1,
8553,8.553,0.0,0.0017467536458239236,0,1,
8554,8.554,0.0,0.0016615634652616148,0,1,
8555,8.555,0.0,0.001580528058832218,0,1,
8556,8.556000000000001,0.0,0.0015034447958102014,0,1,
8557,8.557,0.0,0.0014301209278871315,0,1,
8558,8.558,0.0,0.0013603731072005033,0,1,
8559,8.559000000000001,0.0,0.001294026927868583,0,1,
8560,8.56,0.0,0.0012309164898848591,0,1,
8561,8.561,0.0,0.0011708839842816134,0,1,
8562,8.562,0.0,0.0011137792985253022,0,1,
8563,8.563,0.0,0.0010594596411570322,0,1,
8564,8.564,0.0,0.0010077891847395366,0,1,
8565,8.565,0.0,0.0009586387262178332,0,1,
8566,8.566,0.0,0.000911885363844287,0,1,
8567,8.567,0.0,0.0008674121898602253,0,1,
8568,8.568,0.0,0.0008251079981656462,0,1,
8569,8.569,0.0,0.0007848670062460439,0,1,
8570,8.57,0.0,0.0007465885906610227,0,1,
8571,8.571,0.0,0.0007101770354332837,0,1,
8572,8.572000000000001,0.0,0.0006755412927088256,0,1,
8573,8.573,0.0,0.0006425947550898845,0,1,
8574,8.574,0.0,0.0006112550390713281,0,1,
8575,8.575000000000001,0.0,0.0005814437790389808,0,1,
8576,8.576,0.0,0.0005530864313147701,0,1,
8577,8.577,0.0,0.0005261120877587025,0,1,
8578,8.578,0.0,0.0005004532984615797,0,1,
8579,8.579,0.0,0.00047604590308509247,0,1,
8580,8.58,0.0,0.0004528288704275552,0,1,
8581,8.581,0.0,0.0004307441458141117,0,1,
8582,8.582,0.0,0.0004097365059298091,0,1,
8583,8.583,0.0,0.0003897534207325457,0,1,
8584,8.584,0.0,0.0003707449221006041,0,1,
8585,8.585,0.0,0.00035266347888631967,0,1,
8586,8.586,0.0,0.0003354638780634536,0,1,
8587,8.587,0.0,0.0003191031116710766,0,1,
8588,8.588000000000001,0.0,0.0003035402692712653,0,1,
8589,8.589,0.0,0.0002887364356516975,0,1,
8590,8.59,0.0,0.00027465459351735163,0,1,
8591,8.591,0.0,0.00026125953092798795,0,1,
8592,8.592,0.0,0.00024851775324995646,0,1,
8593,8.593,0.0,0.00023639739940216654,0,1,
8594,8.594,0.0,0.0002248681621867883,0,1,
8595,8.595,0.0,0.00021390121250547186,0,1,
8596,8.596,0.0,0.00020346912727158494,0,1,
8597,8.597,0.0,0.00019354582083821228,0,1,
8598,8.598,0.0,0.00018410647977045098,0,1,
8599,8.599,0.0,0.00017512750079889844,0,1,
8600,8.6,0.0,0.0001665864317991845,0,1,4.536045291396515
8601,8.601,0.0,0.00015846191564996572,0,1,
8602,8.602,0.0,0.00015073363682899758,0,1,
8603,8.603,0.0,0.000143382270613747,0,1,
8604,8.604000000000001,0.0,0.00013638943475952019,0,1,
8605,8.605,0.0,0.00012973764353427607,0,1,
8606,8.606,0.0,0.00012341026399518822,0,1,
8607,8.607,0.0,0.00011739147439762408,0,1,
8608,8.608,0.0,0.00011166622463254226,0,1,
8609,8.609,0.0,0.00010622019859338063,0,1,
8610,8.61,0.0,0.00010103977837833301,0,1,
8611,8.611,0.0,9.61120102385014e-05,0,1,
8612,8.612,0.0,9.142457218677642e-05,0,1,
8613,8.613,0.0,8.696574318645132e-05,0,1,
8614,8.614,0.0,8.272437384252499e-05,0,1,
8615,8.615,0.0,7.868985852240697e-05,0,1,
8616,8.616,0.0,7.485210883631178e-05,0,1,
8617,8.617,0.0,7.120152841102967e-05,0,1,
8618,8.618,0.0,6.772898889399498e-05,0,1,
8619,8.619,0.0,6.44258071276501e-05,0,1,
8620,8.620000000000001,0.0,6.12837234370286e-05,0,1,
8621,8.621,0.0,5.829488097626563e-05,0,1,
8622,8.622,0.0,5.545180608239078e-05,0,1,
8623,8.623,0.0,5.274738958727778e-05,0,1,
8624,8.624,0.0,5.01748690410212e-05,0,1,
8625,8.625,0.0,4.772781180228928e-05,0,1,
8626,8.626,0.0,4.540009895337002e-05,0,1,
8627,8.627,0.0,4.318590999968963e-05,0,1,
8628,8.628,0.0,4.10797083155444e-05,0,1,
8629,8.629,0.0,3.907622729965249e-05,0,1,
8630,8.63,0.0,3.717045720590753e-05,0,1,
8631,8.631,0.0,3.535763261640384e-05,0,1,
8632,8.632,0.0,3.36332205254095e-05,0,1,
8633,8.633000000000001,0.0,3.199290900449088e-05,0,1,
8634,8.634,0.0,3.0432596420445572e-05,0,1,
8635,8.635,0.0,2.894838117908293e-05,0,1,
8636,8.636000000000001,0.0,2.7536551969206356e-05,0,1,
8637,8.637,0.0,2.6193578482402166e-05,0,1,
8638,8.638,0.0,2.4916102585429697e-05,0,1,
8639,8.639,0.0,2.3700929923139042e-05,0,1,
8640,8.64,0.0,2.25450219309193e-05,0,1,
8641,8.641,0.0,2.1445488236704343e-05,0,1,
8642,8.642,0.0,2.0399579433537103e-05,0,1,
8643,8.643,0.0,1.94046802046201e-05,0,1,
8644,8.644,0.0,1.8458302783661176e-05,0,1,
8645,8.645,0.0,1.7558080734161947e-05,0,1,
8646,8.646,0.0,1.670176303209394e-05,0,1,
8647,8.647,0.0,1.588720843716602e-05,0,1,
8648,8.648,0.0,1.5112380138608322e-05,0,1,
8649,8.649000000000001,0.0,1.4375340662084415e-05,0,1,
8650,8.65,0.0,1.3674247024996271e-05,0,1,
8651,8.651,0.0,1.3007346128067805e-05,0,1,
8652,8.652000000000001,0.0,1.2372970371683529e-05,0,1,
8653,8.653,0.0,1.1769533486020908e-05,0,1,
8654,8.654,0.0,1.119552656454955e-05,0,1,
8655,8.655,0.0,1.0649514290978925e-05,0,1,
8656,8.656,0.0,1.0130131350220012e-05,0,1,
8657,8.657,0.0,9.636079014386423e-06,0,1,
8658,8.658,0.0,9.166121895298204e-06,0,1,
8659,8.659,0.0,8.719084855367904e-06,0,1,
8660,8.66,0.0,8.293850069144502e-06,0,1,
8661,8.661,0.0,7.889354228167532e-06,0,1,
8662,8.662,0.0,7.504585882142077e-06,0,1,
8663,8.663,0.0,7.138582909786191e-06,0,1,
8664,8.664,0.0,6.790430113026551e-06,0,1,
8665,8.665000000000001,0.0,6.4592569285265646e-06,0,1,
8666,8.666,0.0,6.144235250824574e-06,0,1,
8667,8.667,0.0,5.84457736163886e-06,0,1,
8668,8.668000000000001,0.0,5.559533960161634e-06,0,1,
8669,8.669,0.0,5.288392289416726e-06,0,1,
8670,8.67,0.0,5.030474353995886e-06,0,1,
8671,8.671,0.0,4.785135224717108e-06,0,1,
8672,8.672,0.0,4.55176142596575e-06,0,1,
8673,8.673,0.0,4.32976940168595e-06,0,1,
8674,8.674,0.0,4.118604056186527e-06,0,1,
8675,8.675,0.0,3.9177373661126164e-06,0,1,
8676,8.676,0.0,3.7266670601122473e-06,0,1,
8677,8.677,0.0,3.5449153628963406e-06,0,1,
8678,8.678,0.0,3.3720278005516257e-06,0,1,
8679,8.679,0.0,3.2075720641191313e-06,0,1,
8680,8.68,0.0,3.0511369285966085e-06,0,1,
8681,8.681000000000001,0.0,2.9023312246618283e-06,0,1,
8682,8.682,0.0,2.7607828605455235e-06,0,1,
8683,8.683,0.0,2.626137891608153e-06,0,1,
8684,8.684000000000001,0.0,2.498059635293942e-06,0,1,
8685,8.685,0.0,2.3762278292491203e-06,0,1,
8686,8.686,0.0,2.2603378304992217e-06,0,1,
8687,8.687,0.0,2.150099853682967e-06,0,1,
8688,8.688,0.0,2.045238246437918e-06,0,1,
8689,8.689,0.0,1.94549080012599e-06,0,1,
8690,8.69,0.0,1.8506080941752793e-06,0,1,
8691,8.691,0.0,1.7603528723987141e-06,0,1,
8692,8.692,0.0,1.6744994497300078e-06,0,1,
8693,8.693,0.0,1.5928331478934375e-06,0,1,
8694,8.694,0.0,1.0000015151497585,0,1,
8695,8.695,0.0,0.9512308657557469,0,1,
8696,8.696,0.0,0.904838789000155,0,1,
8697,8.697000000000001,0.0,0.8607092805265405,0,1,
8698,8.698,0.0,0.8187319935776848,0,1,
8699,8.699,0.0,0.7788019630712234,0,1,
8700,8.700000000000001,0.0,0.7408193431322662,0,1,4.687497265602384
8701,8.701,0.0,0.7046891574267026,0,1,
8702,8.702,0.0,0.6703210616708953,0,1,
8703,8.703,0.0,0.6376291177239134,0,1,
8704,8.704,0.0,0.6065315786974161,0,1,
8705,8.705,0.0,0.5769506845458527,0,1,
8706,8.706,0.0,0.5488124676258445,0,1,
8707,8.707,0.0,0.5220465677385487,0,1,
8708,8.708,0.0,0.4965860561925127,0,1,
8709,8.709,0.0,0.4723672684470831,0,1,
8710,8.71,0.0,0.4493296449178931,0,1,
8711,8.711,0.0,0.42741557954635767,0,1,
8712,8.712,0.0,0.406570275754521,0,1,
8713,8.713000000000001,0.0,0.3867416094250696,0,1,
8714,8.714,0.0,0.36787999856388887,0,1,
8715,8.715,0.0,0.3499382793192515,0,1,
8716,8.716,0.0,0.3328715880476217,0,1,
8717,8.717,0.0,0.3166372491311779,0,1,
8718,8.718,0.0,0.30119466826653957,0,1,
8719,8.719,0.0,0.2865052309578639,0,1,
8720,8.72,0.0,0.27253220596049305,0,1,
8721,8.721,0.0,0.2592406534337099,0,1,
8722,8.722,0.0,0.24659733757293692,0,1,
8723,8.723,0.0,0.2345706435029131,0,1,
8724,8.724,0.0,0.2231304982240382,0,1,
8725,8.725,0.0,0.21224829541420945,0,1,
8726,8.726,0.0,0.201896823898116,0,1,
8727,8.727,0.0,0.1920501996051269,0,1,
8728,8.728,0.0,0.1826838008456321,0,1,
8729,8.729000000000001,0.0,0.1737742067439937,0,1,
8730,8.73,0.0,0.16529913867415721,0,1,
8731,8.731,0.0,0.15723740455148227,0,1,
8732,8.732,0.0,0.14956884584149244,0,1,
8733,8.733,0.0,0.14227428715303886,0,1,
8734,8.734,0.0,0.1353354882898345,0,1,
8735,8.735,0.0,0.1287350986404624,0,1,
8736,8.736,0.0,0.1224566137928097,0,1,
8737,8.737,0.0,0.11648433426444056,0,1,
8738,8.738,0.0,0.1108033262457126,0,1,
8739,8.739,0.0,0.10539938425747405,0,1,
8740,8.74,0.0,0.10025899562996667,0,1,
8741,8.741,0.0,0.0953693067141128,0,1,
8742,8.742,0.0,0.0907180907406976,0,1,
8743,8.743,0.0,0.08629371724707734,0,1,
8744,8.744,0.0,0.08208512299496472,0,1,
8745,8.745000000000001,0.0,0.07808178430657062,0,1,
8746,8.746,0.0,0.07427369074992805,0,1,
8747,8.747,0.0,0.07065132010759807,0,1,
8748,8.748,0.0,0.06720561456616624,0,1,
8749,8.749,0.0,0.06392795806699111,0,1,
8750,8.75,0.0,0.060810154761569736,0,1,
8751,8.751,0.0,0.057844408517647335,0,1,
8752,8.752,0.0,0.05502330342482587,0,1,
8753,8.753,0.0,0.05233978525092528,0,1,
8754,8.754,0.0,0.04978714380272861,0,1,
8755,8.755,0.0,0.047358996147003826,0,1,
8756,8.756,0.0,0.045049270649845985,0,1,
8757,8.757,0.0,0.0428521917944299,0,1,
8758,8.758000000000001,0.0,0.040762265739209776,0,1,
8759,8.759,0.0,0.03877426658045369,0,1,
8760,8.76,0.0,0.03688322328476223,0,1,
8761,8.761000000000001,0.0,0.03508440725889571,0,1,
8762,8.762,0.0,0.03337332052582804,0,1,
8763,8.763,0.0,0.031745684477461275,0,1,
8764,8.764,0.0,0.030197429175876738,0,1,
8765,8.765,0.0,0.0287246831763703,0,1,
8766,8.766,0.0,0.027323763846824063,0,1,
8767,8.767,0.0,0.025991168159207868,0,1,
8768,8.768,0.0,0.024723563930184583,0,1,
8769,8.769,0.0,0.023517781488916093,0,1,
8770,8.77,0.0,0.0223708057512352,0,1,
8771,8.771,0.0,0.021279768680364724,0,1,
8772,8.772,0.0,0.020241942115331656,0,1,
8773,8.773,0.0,0.0192547309491437,0,1,
8774,8.774000000000001,0.0,0.018315666639670047,0,1,
8775,8.775,0.0,0.017422401037000265,0,1,
8776,8.776,0.0,0.016572700511846405,0,1,
8777,8.777000000000001,0.0,0.015764440370306346,0,1,
8778,8.778,0.0,0.014995599541022328,0,1,
8779,8.779,0.0,0.01426425552144984,0,1,
8780,8.78,0.0,0.013568579570599863,0,1,
8781,8.781,0.0,0.012906832136233854,0,1,
8782,8.782,0.0,0.01227735850507705,0,1,
8783,8.783,0.0,0.011678584665173389,0,1,
8784,8.784,0.0,0.011109013370035746,0,1,
8785,8.785,0.0,0.010567220394749841,0,1,
8786,8.786,0.0,0.0100518509746701,0,1,
8787,8.787,0.0,0.00956161641780238,0,1,
8788,8.788,0.0,0.009095290882402737,0,1,
8789,8.789,0.0,0.008651708311734547,0,1,
8790,8.790000000000001,0.0,0.008229759518319297,0,1,
8791,8.791,0.0,0.007828389410390138,0,1,
8792,8.792,0.0,0.007446594353612895,0,1,
8793,8.793000000000001,0.0,0.007083419661477461,0,1,
8794,8.794,0.0,0.006737957208084248,0,1,
8795,8.795,0.0,0.006409343157356417,0,1,
8796,8.796,0.0,0.006096755802999733,0,1,
8797,8.797,0.0,0.005799413513808825,0,1,
8798,8.798,0.0,0.005516572779182032,0,1,
8799,8.799,0.0,0.005247526349957629,0,1,
8800,8.8,0.0,0.004991601469922527,0,1,5.476082349789685
8801,8.801,0.0,0.004748158193571324,0,1,
8802,8.802,0.0,0.0045165877859092,0,1,
8803,8.803,0.0,0.004296311200297363,0,1,
8804,8.804,0.0,0.0040867776305348325,0,1,
8805,8.805,0.0,0.00388746313355604,0,1,
8806,8.806000000000001,0.0,0.0036978693193002545,0,1,
8807,8.807,0.0,0.003517522104476828,0,1,
8808,8.808,0.0,0.0033459705271100338,0,1,
8809,8.809000000000001,0.0,0.0031827856188992283,0,1,
8810,8.81,0.0,0.003027559332574662,0,1,
8811,8.811,0.0,0.002879903521566761,0,1,
8812,8.812,0.0,0.00273944896943753,0,1,
8813,8.813,0.0,0.002605844466647136,0,1,
8814,8.814,0.0,0.002478755932347125,0,1,
8815,8.815,0.0,0.0023578655790042866,0,1,
8816,8.816,0.0,0.0022428711177662902,0,1,
8817,8.817,0.0,0.0021334850025821013,0,1,
8818,8.818,0.0,0.0020294337111870764,0,1,
8819,8.819,0.0,0.001930457061154831,0,1,
8820,8.82,0.0,0.0018363075593056497,0,1,
8821,8.821,0.0,0.001746749782844624,0,1,
8822,8.822000000000001,0.0,0.0016615597906820387,0,1,
8823,8.823,0.0,0.0015805245634640025,0,1,
8824,8.824,0.0,0.0015034414709131053,0,1,
8825,8.825000000000001,0.0,0.00143011776514718,0,1,
8826,8.826,0.0,0.0013603700987091993,0,1,
8827,8.827,0.0,0.0012940240661031312,0,1,
8828,8.828,0.0,0.0012309137676893554,0,1,
8829,8.829,0.0,0.0011708813948491511,0,1,
8830,8.83,0.0,0.0011137768353809514,0,1,
8831,8.831,0.0,0.001059457298141649,0,1,
8832,8.832,0.0,0.0010077869559943621,0,1,
8833,8.833,0.0,0.0009586366061698435,0,1,
8834,8.834,0.0,0.0009118833471922579,0,1,
8835,8.835,0.0,0.0008674102715614762,0,1,
8836,8.836,0.0,0.000825106173423431,0,1,
8837,8.837,0.0,0.0007848652704975567,0,1,
8838,8.838000000000001,0.0,0.0007465869395659881,0,1,
8839,8.839,0.0,0.0007101754648631042,0,1,
8840,8.84,0.0,0.0006755397987362576,0,1,
8841,8.841,0.0,0.0006425933339792185,0,1,
8842,8.842,0.0,0.0006112536872690472,0,1,
8843,8.843,0.0,0.0005814424931648752,0,1,
8844,8.844,0.0,0.0005530852081534846,0,1,
8845,8.845,0.0,0.0005261109242516968,0,1,
8846,8.846,0.0,0.0005004521916994803,0,1,
8847,8.847,0.0,0.0004760448503004176,0,1,
8848,8.848,0.0,0.0004528278689877948,0,1,
8849,8.849,0.0,0.00043074319321514476,0,1,
8850,8.85,0.0,0.000409735599789642,0,1,
8851,8.851,0.0,0.00038975255878535603,0,1,
8852,8.852,0.0,0.00037074410219107494,0,1,
8853,8.853,0.0,0.00035266269896425015,0,1,
8854,8.854000000000001,0.0,0.0003354631361786322,0,1,
8855,8.855,0.0,0.000319102405968405,0,1,
8856,8.856,0.0,0.0003035395979861191,0,1,
8857,8.857,0.0,0.00028873579710551417,0,1,
8858,8.858,0.0,0.0002746539861134332,0,1,
8859,8.859,0.0,0.00026125895314750813,0,1,
8860,8.86,0.0,0.0002485172036481632,0,1,
8861,8.861,0.0,0.00023639687660476902,0,1,
8862,8.862,0.0,0.00022486766488652075,0,1,
8863,8.863,0.0,0.00021390073945882454,0,1,
8864,8.864,0.0,0.00020346867729569484,0,1,
8865,8.865,0.0,0.0001935453928079053,0,1,
8866,8.866,0.0,0.0001841060726154284,0,1,
8867,8.867,0.0,0.00017512711350106062,0,1,
8868,8.868,0.0,0.00016658606339008513,0,1,
8869,8.869,0.0,0.00015846156520839014,0,1,
8870,8.870000000000001,0.0,0.0001507333034786593,0,1,
8871,8.871,0.0,0.00014338195352109657,0,1,
8872,8.872,0.0,0.0001363891331316608,0,1,
8873,8.873,0.0,0.00012973735661698098,0,1,
8874,8.874,0.0,0.00012340999107101472,0,1,
8875,8.875,0.0,0.0001173912147841196,0,1,
8876,8.876,0.0,0.00011166597768053779,0,1,
8877,8.877,0.0,0.00010621996368536754,0,1,
8878,8.878,0.0,0.0001010395549269189,0,1,
8879,8.879,0.0,9.611179768494135e-05,0,1,
8880,8.88,0.0,9.142436999957582e-05,0,1,
8881,8.881,0.0,8.696555086003684e-05,0,1,
8882,8.882,0.0,8.272419089598042e-05,0,1,
8883,8.883000000000001,0.0,7.868968449827066e-05,0,1,
8884,8.884,0.0,7.485194329943277e-05,0,1,
8885,8.885,0.0,7.12013709474795e-05,0,1,
8886,8.886000000000001,0.0,6.772883911003279e-05,0,1,
8887,8.887,0.0,6.442566464873794e-05,0,1,
8888,8.888,0.0,6.128358790689499e-05,0,1,
8889,8.889,0.0,5.829475205601464e-05,0,1,
8890,8.89,0.0,5.545168344965462e-05,0,1,
8891,8.891,0.0,5.274727293541073e-05,0,1,
8892,8.892,0.0,5.017475807833284e-05,0,1,
8893,8.893,0.0,4.77277062513151e-05,0,1,
8894,8.894,0.0,4.539999855017759e-05,0,1,
8895,8.895,0.0,4.318581449321868e-05,0,1,
8896,8.896,0.0,4.1079617466979e-05,0,1,
8897,8.897,0.0,3.907614088182391e-05,0,1,
8898,8.898,0.0,3.717037500272618e-05,0,1,
8899,8.899000000000001,0.0,3.5357554422318955e-05,0,1,
8900,8.9,0.0,3.363314614489514e-05,0,1,5.480953423475707
8901,8.901,0.0,3.199283825155701e-05,0,1,
8902,8.902000000000001,0.0,3.0432529118173002e-05,0,1,
8903,8.903,0.0,2.8948317159180925e-05,0,1,
8904,8.904,0.0,2.7536491071591816e-05,0,1,
8905,8.905,0.0,2.6193520554799334e-05,0,1,
8906,8.906,0.0,2.4916047482989393e-05,0,1,
8907,8.907,0.0,2.3700877508076463e-05,0,1,
8908,8.908,0.0,2.254497207216949e-05,0,1,
8909,8.909,0.0,2.1445440809594453e-05,0,1,
8910,8.91,0.0,2.0399534319474658e-05,0,1,
8911,8.911,0.0,1.9404637290796445e-05,0,1,
8912,8.912,0.0,1.8458261962769397e-05,0,1,
8913,8.913,0.0,1.7558041904128554e-05,0,1,
8914,8.914,0.0,1.6701726095823625e-05,0,1,
8915,8.915000000000001,0.0,1.5887173302298865e-05,0,1,
8916,8.916,0.0,1.5112346717288857e-05,0,1,
8917,8.917,0.0,1.4375308870741934e-05,0,1,
8918,8.918000000000001,0.0,1.367421678413586e-05,0,1,
8919,8.919,0.0,1.3007317362071558e-05,0,1,
8920,8.92,0.0,1.2372943008621475e-05,0,1,
8921,8.921,0.0,1.1769507457471138e-05,0,1,
8922,8.922,0.0,1.1195501805427134e-05,0,1,
8923,8.923,0.0,1.0649490739373157e-05,0,1,
8924,8.924,0.0,1.0130108947239611e-05,0,1,
8925,8.925,0.0,9.636057704012269e-06,0,1,
8926,8.926,0.0,9.166101624243263e-06,0,1,
8927,8.927,0.0,8.719065572943979e-06,0,1,
8928,8.928,0.0,8.29383172713549e-06,0,1,
8929,8.929,0.0,7.889336780708854e-06,0,1,
8930,8.93,0.0,7.504569285605999e-06,0,1,
8931,8.931000000000001,0.0,7.138567122672729e-06,0,1,
8932,8.932,0.0,6.790415095859698e-06,0,1,
8933,8.933,0.0,6.459242643755582e-06,0,1,
8934,8.934000000000001,0.0,6.144221662730093e-06,0,1,
8935,8.935,0.0,5.844564436243566e-06,0,1,
8936,8.936,0.0,5.559521665145308e-06,0,1,
8937,8.937,0.0,5.288380594035423e-06,0,1,
8938,8.938,0.0,5.030463229005059e-06,0,1,
8939,8.939,0.0,4.785124642298486e-06,0,1,
8940,8.94,0.0,4.551751359657774e-06,0,1,
8941,8.941,0.0,4.329759826317607e-06,0,1,
8942,8.942,0.0,4.118594947814409e-06,0,1,
8943,8.943,0.0,3.917728701961048e-06,0,1,
8944,8.944,0.0,3.7266588185163375e-06,0,1,
8945,8.945,0.0,3.5449075232478067e-06,0,1,
8946,8.946,0.0,3.3720203432472627e-06,0,1,
8947,8.947000000000001,0.0,3.207564970511794e-06,0,1,
8948,8.948,0.0,3.0511301809485834e-06,0,1,
8949,8.949,0.0,2.9023248061004803e-06,0,1,
8950,8.950000000000001,0.0,2.7607767550211063e-06,0,1,
8951,8.951,0.0,2.6261320838536755e-06,0,1,
8952,8.952,0.0,2.4980541107869927e-06,0,1,
8953,8.953,0.0,2.376222574175554e-06,0,1,
8954,8.954,0.0,2.2603328317186176e-06,0,1,
8955,8.955,0.0,2.15009509869577e-06,0,1,
8956,8.956,0.0,2.0452337233541834e-06,0,1,
8957,8.957,0.0,1.9454864976356524e-06,0,1,
8958,8.958,0.0,1.8506040015198713e-06,0,1,
8959,8.959,0.0,1.7603489793444657e-06,0,1,
8960,8.96,0.0,1.6744957465422553e-06,0,1,
8961,8.961,0.0,1.592829625312283e-06,0,1,
8962,8.962,0.0,1.5151464078134909e-06,0,1,
8963,8.963000000000001,0.0,1.441251845538751e-06,0,1,
8964,8.964,0.0,1.3709611635924182e-06,0,1,
8965,8.965,0.0,1.3040985986568452e-06,0,1,
8966,8.966,0.0,1.2404969594925385e-06,0,1,
8967,8.967,0.0,1.179997208872973e-06,0,1,
8968,8.968,0.0,1.122448065908687e-06,0,1,
8969,8.969,0.0,1.0677056277662598e-06,0,1,
8970,8.97,0.0,1.015633009836273e-06,0,1,
8971,8.971,0.0,9.661000034504859e-07,0,1,
8972,8.972,0.0,9.189827502923435e-07,0,1,
8973,8.973,0.0,8.741634326866692e-07,0,1,
8974,8.974,0.0,8.31529978994109e-07,0,1,
8975,8.975,0.0,7.909757833736571e-07,0,1,
8976,8.976,0.0,7.523994392125253e-07,0,1,
8977,8.977,0.0,7.157044855567904e-07,0,1,
8978,8.978,0.0,6.807991659087653e-07,0,1,
8979,8.979000000000001,0.0,6.475961987879609e-07,0,1,
8980,8.98,0.0,6.160125594819221e-07,0,1,
8981,8.981,0.0,1.0000005859692724,0,1,
8982,8.982,0.0,0.9512299818919279,0,1,
8983,8.983,0.0,0.9048379482428831,0,1,
8984,8.984,0.0,0.8607084807734845,0,1,
8985,8.985,0.0,0.8187312328290456,0,1,
8986,8.986,0.0,0.7788012394247331,0,1,
8987,8.987,0.0,0.7408186547784317,0,1,
8988,8.988,0.0,0.7046885026442807,0,1,
8989,8.989,0.0,0.6703204388225891,0,1,
8990,8.99,0.0,0.6376285252522775,0,1,
8991,8.991,0.0,0.606531015120963,0,1,
8992,8.992,0.0,0.5769501484553474,0,1,
8993,8.993,0.0,0.5488119576807816,0,1,
8994,8.994,0.0,0.5220460826638001,0,1,
8995,8.995000000000001,0.0,0.4965855947751388,0,1,
8996,8.996,0.0,0.47236682953330006,0,1,
8997,8.997,0.0,0.4493292274101879,0,1,
8998,8.998,0.0,0.4274151824007435,0,1,
8999,8.999,0.0,0.406569897977927,0,1,
9000,9.0,0.0,0.3867412500728575,0,1,5.473407131808293
9001,9.001,0.0,0.36787965673749096,0,1,
9002,9.002,0.0,0.34993795416392376,0,1,
9003,9.003,0.0,0.3328712787503064,0,1,
9004,9.004,0.0,0.3166369549184707,0,1,
9005,9.005,0.0,0.3011943884027554,0,1,
9006,9.006,0.0,0.2865049647431976,0,1,
9007,9.007,0.0,0.2725319527292692,0,1,
9008,9.008000000000001,0.0,0.25924041255271857,0,1,
9009,9.009,0.0,0.24659710843985017,0,1,
9010,9.01,0.0,0.23457042554477883,0,1,
9011,9.011000000000001,0.0,0.22313029089584754,0,1,
9012,9.012,0.0,0.21224809819753396,0,1,
9013,9.013,0.0,0.20189663629981125,0,1,
9014,9.014,0.0,0.19205002115609943,0,1,
9015,9.015,0.0,0.1826836310996664,0,1,
9016,9.016,0.0,0.1737740452766364,0,1,
9017,9.017,0.0,0.16529898508165586,0,1,
9018,9.018,0.0,0.15723725844977562,0,1,
9019,9.019,0.0,0.1495687068652501,0,1,
9020,9.02,0.0,0.14227415495474782,0,1,
9021,9.021,0.0,0.1353353625389302,0,1,
9022,9.022,0.0,0.12873497902250206,0,1,
9023,9.023,0.0,0.12245650000868612,0,1,
9024,9.024000000000001,0.0,0.11648422602963418,0,1,
9025,9.025,0.0,0.11080322328958002,0,1,
9026,9.026,0.0,0.10539928632257131,0,1,
9027,9.027000000000001,0.0,0.10025890247140548,0,1,
9028,9.028,0.0,0.09536921809894824,0,1,
9029,9.029,0.0,0.09071800644734562,0,1,
9030,9.03,0.0,0.08629363706476063,0,1,
9031,9.031,0.0,0.08208504672318574,0,1,
9032,9.032,0.0,0.07808171175461019,0,1,
9033,9.033,0.0,0.07427362173636849,0,1,
9034,9.034,0.0,0.07065125445986953,0,1,
9035,9.035,0.0,0.0672055521201152,0,1,
9036,9.036,0.0,0.06392789866646992,0,1,
9037,9.037,0.0,0.06081009825804614,0,1,
9038,9.038,0.0,0.0578443547698331,0,1,
9039,9.039,0.0,0.05502325229832347,0,1,
9040,9.040000000000001,0.0,0.052339736617891826,0,1,
9041,9.041,0.0,0.04978709754155619,0,1,
9042,9.042,0.0,0.04735895214201541,0,1,
9043,9.043000000000001,0.0,0.045049228791006174,0,1,
9044,9.044,0.0,0.0428521519770698,0,1,
9045,9.045,0.0,0.04076222786376524,0,1,
9046,9.046,0.0,0.03877423055221638,0,1,
9047,9.047,0.0,0.036883189013642785,0,1,
9048,9.048,0.0,0.03508437465919848,0,1,
9049,9.049,0.0,0.033373289516036804,0,1,
9050,9.05,0.0,0.0317456549800354,0,1,
9051,9.051,0.0,0.030197401117057297,0,1,
9052,9.052,0.0,0.02872465648599563,0,1,
9053,9.053,0.0,0.027323738458154327,0,1,
9054,9.054,0.0,0.02599114400875817,0,1,
9055,9.055,0.0,0.024723540957566213,0,1,
9056,9.056000000000001,0.0,0.02351775963668554,0,1,
9057,9.057,0.0,0.022370784964750506,0,1,
9058,9.058,0.0,0.02127974890764885,0,1,
9059,9.059000000000001,0.0,0.02024192330694251,0,1,
9060,9.06,0.0,0.019254713058050515,0,1,
9061,9.061,0.0,0.018315649621135775,0,1,
9062,9.062,0.0,0.017422384848469703,0,1,
9063,9.063,0.0,0.016572685112839797,0,1,
9064,9.064,0.0,0.015764425722318152,0,1,
9065,9.065,0.0,0.014995585607424948,0,1,
9066,9.066,0.0,0.014264242267402022,0,1,
9067,9.067,0.0,0.013568566962959586,0,1,
9068,9.068,0.0,0.012906820143475448,0,1,
9069,9.069,0.0,0.012277347097212373,0,1,
9070,9.07,0.0,0.011678573813676837,0,1,
9071,9.071,0.0,0.011109003047772927,0,1,
9072,9.072000000000001,0.0,0.01056721057590972,0,1,
9073,9.073,0.0,0.010051841634700461,0,1,
9074,9.074,0.0,0.009561607533348436,0,1,
9075,9.075000000000001,0.0,0.009095282431248726,0,1,
9076,9.076,0.0,0.00865170027274818,0,1,
9077,9.077,0.0,0.008229751871398922,0,1,
9078,9.078,0.0,0.007828382136414472,0,1,
9079,9.079,0.0,0.007446587434393208,0,1,
9080,9.08,0.0,0.0070834130797121,0,1,
9081,9.081,0.0,0.0067379509473153715,0,1,
9082,9.082,0.0,0.006409337201928842,0,1,
9083,9.083,0.0,0.006096750138021789,0,1,
9084,9.084,0.0,0.005799408125115115,0,1,
9085,9.085,0.0,0.0055165676532980155,0,1,
9086,9.086,0.0,0.005247521474065926,0,1,
9087,9.087,0.0,0.004991596831830869,0,1,
9088,9.088000000000001,0.0,0.004748153781682065,0,1,
9089,9.089,0.0,0.00451658358919032,0,1,
9090,9.09,0.0,0.004296307208254878,0,1,
9091,9.091,0.0,0.004086773833186556,0,1,
9092,9.092,0.0,0.003887459521406625,0,1,
9093,9.093,0.0,0.003697865883317445,0,1,
9094,9.094,0.0,0.0035175188360688776,0,1,
9095,9.095,0.0,0.0033459674181042197,0,1,
9096,9.096,0.0,0.003182782661521417,0,1,
9097,9.097,0.0,0.0030275565194298683,0,1,
9098,9.098,0.0,0.0028799008456206585,0,1,
9099,9.099,0.0,0.0027394464239988586,0,1,
9100,9.1,0.0,0.002605842045350973,0,1,5.478822833036513
9101,9.101,0.0,0.00247875362913897,0,1,
9102,9.102,0.0,0.0023578633881249185,0,1,
9103,9.103,0.0,0.00224286903373737,0,1,
9104,9.104000000000001,0.0,0.0021334830201924708,0,1,
9105,9.105,0.0,0.0020294318254797292,0,1,
9106,9.106,0.0,0.0019304552674145163,0,1,
9107,9.107,0.0,0.0018363058530470823,0,1,
9108,9.108,0.0,0.0017467481598012688,0,1,
9109,9.109,0.0,0.0016615582467954422,0,1,
9110,9.11,0.0,0.0015805230948736438,0,1,
9111,9.111,0.0,0.0015034400739467437,0,1,
9112,9.112,0.0,0.0014301164363116718,0,1,
9113,9.113,0.0,0.0013603688346817636,0,1,
9114,9.114,0.0,0.001294022863723041,0,1,
9115,9.115,0.0,0.001230912623950034,0,1,
9116,9.116,0.0,0.0011708803068906546,0,1,
9117,9.117,0.0,0.0011137758004828168,0,1,
9118,9.118,0.0,0.0010594563137160918,0,1,
9119,9.119,0.0,0.001007786019579806,0,1,
9120,9.120000000000001,0.0,0.0009586357154247641,0,1,
9121,9.121,0.0,0.0009118824998893286,0,1,
9122,9.122,0.0,0.0008674094655819985,0,1,
9123,9.123,0.0,0.0008251054067520364,0,1,
9124,9.124,0.0,0.0007848645412171671,0,1,
9125,9.125,0.0,0.0007465862458530229,0,1,
9126,9.126,0.0,0.0007101748049829196,0,1,
9127,9.127,0.0,0.0006755391710388094,0,1,
9128,9.128,0.0,0.000642592736894936,0,1,
9129,9.129,0.0,0.0006112531193049087,0,1,
9130,9.13,0.0,0.0005814419529006746,0,1,
9131,9.131,0.0,0.00055308469423828,0,1,
9132,9.132,0.0,0.0005261104354004324,0,1,
9133,9.133000000000001,0.0,0.0005004517266897734,0,1,
9134,9.134,0.0,0.0004760444079695018,0,1,
9135,9.135,0.0,0.0004528274482296123,0,1,
9136,9.136000000000001,0.0,0.00043074279297758097,0,1,
9137,9.137,0.0,0.00040973521907189457,0,1,
9138,9.138,0.0,0.00038975219663543227,0,1,
9139,9.139,0.0,0.00037074375770341134,0,1,
9140,9.14,0.0,0.00035266237127744814,0,1,
9141,9.141,0.0,0.0003354628244733041,0,1,
9142,9.142,0.0,0.0003191021094651251,0,1,
9143,9.143,0.0,0.0003035393159434748,0,1,
9144,9.144,0.0,0.0002887355288182519,0,1,
9145,9.145,0.0,0.0002746537309106951,0,1,
9146,9.146,0.0,0.0002612587103911545,0,1,
9147,9.147,0.0,0.0002485169727311766,0,1,
9148,9.148,0.0,0.00023639665694973673,0,1,
9149,9.149000000000001,0.0,0.00022486745594419078,0,1,
9150,9.15,0.0,0.00021390054070673226,0,1,
9151,9.151,0.0,0.00020346848823685649,0,1,
9152,9.152000000000001,0.0,0.0001935452129695753,0,1,
9153,9.153,0.0,0.00018410590154791724,0,1,
9154,9.154,0.0,0.00017512695077661044,0,1,
9155,9.155,0.0,0.00016658590860180002,0,1,
9156,9.156,0.0,0.00015846141796921876,0,1,
9157,9.157,0.0,0.00015073316342042707,0,1,
9158,9.158,0.0,0.00014338182029358492,0,1,
9159,9.159,0.0,0.00013638900640173157,0,1,
9160,9.16,0.0,0.00012973723606774334,0,1,
9161,9.161,0.0,0.00012340987640103277,0,1,
9162,9.162,0.0,0.00011739110570665865,0,1,
9163,9.163,0.0,0.00011166587392284739,0,1,
9164,9.164,0.0,0.00010621986498799941,0,1,
9165,9.165000000000001,0.0,0.00010103946104307822,0,1,
9166,9.166,0.0,9.61117083798696e-05,0,1,
9167,9.167,0.0,9.142428504996381e-05,0,1,
9168,9.168000000000001,0.0,8.696547005346632e-05,0,1,
9169,9.169,0.0,8.272411403039284e-05,0,1,
9170,9.17,0.0,7.868961138146202e-05,0,1,
9171,9.171,0.0,7.485187374857296e-05,0,1,
9172,9.172,0.0,7.120130478865516e-05,0,1,
9173,9.173,0.0,6.772877617781237e-05,0,1,
9174,9.174,0.0,6.442560478575813e-05,0,1,
9175,9.175,0.0,6.128353096346715e-05,0,1,
9176,9.176,0.0,5.829469788975055e-05,0,1,
9177,9.177,0.0,5.54516319251104e-05,0,1,
9178,9.178,0.0,5.2747223923748184e-05,0,1,
9179,9.179,0.0,5.0174711456997276e-05,0,1,
9180,9.18,0.0,4.77276619037289e-05,0,1,
9181,9.181000000000001,0.0,4.53999563654487e-05,0,1,
9182,9.182,0.0,4.3185774365863296e-05,0,1,
9183,9.183,0.0,4.107957929665783e-05,0,1,
9184,9.184000000000001,0.0,3.907610457309127e-05,0,1,
9185,9.185,0.0,3.717034046479133e-05,0,1,
9186,9.186,0.0,3.535752156881906e-05,0,1,
9187,9.187,0.0,3.3633114893679336e-05,0,1,
9188,9.188,0.0,3.199280852448099e-05,0,1,
9189,9.189,0.0,3.043250084090359e-05,0,1,
9190,9.19,0.0,2.894829026101022e-05,0,1,
9191,9.191,0.0,2.7536465485260375e-05,0,1,
9192,9.192,0.0,2.6193496216328e-05,0,1,
9193,9.193,0.0,2.4916024331519316e-05,0,1,
9194,9.194,0.0,2.3700855485716907e-05,0,1,
9195,9.195,0.0,2.2544951123853084e-05,0,1,
9196,9.196,0.0,2.1445420882939495e-05,0,1,
9197,9.197000000000001,0.0,2.039951536465413e-05,0,1,
9198,9.198,0.0,1.940461926041342e-05,0,1,
9199,9.199,0.0,1.845824481173853e-05,0,1,
9200,9.200000000000001,0.0,1.7558025589563333e-05,0,1,5.468372739031659
9201,9.201,0.0,1.670171057692914e-05,0,1,
9202,9.202,0.0,1.5887158540269795e-05,0,1,
9203,9.203,0.0,1.5112332675212441e-05,0,1,
9204,9.204,0.0,1.4375295513505666e-05,0,1,
9205,9.205,0.0,1.3674204078339692e-05,0,1,
9206,9.206,0.0,1.3007305275944381e-05,0,1,
9207,9.207,0.0,1.2372931511941675e-05,0,1,
9208,9.208,0.0,1.1769496521491029e-05,0,1,
9209,9.209,0.0,1.1195491402801067e-05,0,1,
9210,9.21,0.0,1.0649480844089151e-05,0,1,
9211,9.211,0.0,1.0130099534554301e-05,0,1,
9212,9.212,0.0,9.636048750389038e-06,0,1,
9213,9.213000000000001,0.0,9.166093107293388e-06,0,1,
9214,9.214,0.0,8.719057471370652e-06,0,1,
9215,9.215,0.0,8.293824020680556e-06,0,1,
9216,9.216000000000001,0.0,7.889329450102163e-06,0,1,
9217,9.217,0.0,7.504562312517215e-06,0,1,
9218,9.218,0.0,7.1385604896654976e-06,0,1,
9219,9.219,0.0,6.790408786348046e-06,0,1,
9220,9.22,0.0,6.459236641962444e-06,0,1,
9221,9.221,0.0,6.14421595364786e-06,0,1,
9222,9.222,0.0,5.8445590055965596e-06,0,1,
9223,9.223,0.0,5.559516499354081e-06,0,1,
9224,9.224,0.0,5.2883756801828066e-06,0,1,
9225,9.225,0.0,5.030458554803863e-06,0,1,
9226,9.226,0.0,4.785120196060772e-06,0,1,
9227,9.227,0.0,4.5517471302656325e-06,0,1,
9228,9.228,0.0,4.329755803195354e-06,0,1,
9229,9.229000000000001,0.0,4.118591120902143e-06,0,1,
9230,9.23,0.0,3.917725061689497e-06,0,1,
9231,9.231,0.0,3.726655355782924e-06,0,1,
9232,9.232,0.0,3.5449042293938946e-06,0,1,
9233,9.233,0.0,3.3720172100365016e-06,0,1,
9234,9.234,0.0,3.2075619901095247e-06,0,1,
9235,9.235,0.0,3.051127345902248e-06,0,1,
9236,9.236,0.0,2.9023221093209863e-06,0,1,
9237,9.237,0.0,2.7607741897651e-06,0,1,
9238,9.238,0.0,2.626129643706681e-06,0,1,
9239,9.239,0.0,2.4980517896473714e-06,0,1,
9240,9.24,0.0,2.3762203662392476e-06,0,1,
9241,9.241,0.0,2.2603307314646352e-06,0,1,
9242,9.242,0.0,2.150093100872383e-06,0,1,
9243,9.243,0.0,2.0452318229657924e-06,0,1,
9244,9.244,0.0,1.945484689930297e-06,0,1,
9245,9.245000000000001,0.0,1.8506022819773462e-06,0,1,
9246,9.246,0.0,1.7603473436650191e-06,0,1,
9247,9.247,0.0,1.6744941906358368e-06,0,1,
9248,9.248,0.0,1.592828145288316e-06,0,1,
9249,9.249,0.0,1.5151449999711444e-06,0,1,
9250,9.25,0.0,1.441250506357686e-06,0,1,
9251,9.251,0.0,1.3709598897239844e-06,0,1,
9252,9.252,0.0,1.304097386915708e-06,0,1,
9253,9.253,0.0,1.240495806848714e-06,0,1,
9254,9.254,0.0,1.179996112444251e-06,0,1,
9255,9.255,0.0,1.1224470229534247e-06,0,1,
9256,9.256,0.0,1.0677046356765258e-06,0,1,
9257,9.257,0.0,1.0156320661313262e-06,0,1,
9258,9.258000000000001,0.0,9.660991057705725e-07,0,1,
9259,9.259,0.0,9.189818963927962e-07,0,1,
9260,9.26,0.0,8.741626204322942e-07,0,1,
9261,9.261000000000001,0.0,8.315292063538473e-07,0,1,
9262,9.262,0.0,7.909750484155057e-07,0,1,
9263,9.263,0.0,7.523987400987059e-07,0,1,
9264,9.264,0.0,7.157038205391543e-07,0,1,
9265,9.265,0.0,6.807985333244221e-07,0,1,
9266,9.266,0.0,6.475955970551202e-07,0,1,
9267,9.267,0.0,6.160119870959383e-07,0,1,
9268,9.268,0.0,5.859687279708107e-07,0,1,
9269,9.269,0.0,5.573906958830896e-07,0,1,
9270,9.27,0.0,5.302064308669239e-07,0,1,
9271,9.271,0.0,5.043479581001216e-07,0,1,
9272,9.272,0.0,4.797506179316889e-07,0,1,
9273,9.273,0.0,4.5635290419902233e-07,0,1,
9274,9.274000000000001,0.0,4.340963104304655e-07,0,1,
9275,9.275,0.0,4.12925183548655e-07,0,1,
9276,9.276,0.0,3.927865847088388e-07,0,1,
9277,9.277000000000001,0.0,3.736301569241897e-07,0,1,
9278,9.278,0.0,3.554079991471084e-07,0,1,
9279,9.279,0.0,3.380745464916542e-07,0,1,
9280,9.28,0.0,3.2158645629759615e-07,0,1,
9281,9.281,0.0,3.059024997511864e-07,0,1,
9282,9.282,0.0,2.909834587916509e-07,0,1,
9283,9.283,0.0,2.767920280456093e-07,0,1,
9284,9.284,0.0,2.6329272154421046e-07,0,1,
9285,9.285,0.0,2.5045178398972606e-07,0,1,
9286,9.286,0.0,2.3823710634972427e-07,0,1,
9287,9.287,0.0,2.266181455677636e-07,0,1,
9288,9.288,0.0,2.155658481898428e-07,0,1,
9289,9.289,0.0,2.0505257771563247e-07,0,1,
9290,9.290000000000001,0.0,1.9505204549282902e-07,0,1,
9291,9.291,0.0,1.8553924498183085e-07,0,1,
9292,9.292,0.0,1.0000001764903892,0,1,
9293,9.293000000000001,0.0,0.9512295923835653,0,1,
9294,9.294,0.0,0.9048375777310677,0,1,
9295,9.295,0.0,0.8607081283317436,0,1,
9296,9.296,0.0,0.8187308975760912,0,1,
9297,9.297,0.0,0.7788009205222582,0,1,
9298,9.298,0.0,0.740818351429014,0,1,
9299,9.299,0.0,0.7046882140893886,0,1,
9300,9.3,0.0,0.6703201643406851,0,1,5.465798772314639
9301,9.301,0.0,0.6376282641570139,0,1,
9302,9.302,0.0,0.6065307667594656,0,1,
9303,9.303,0.0,0.5769499122065833,0,1,
9304,9.304,0.0,0.5488117329540058,0,1,
9305,9.305,0.0,0.5220458688970785,0,1,
9306,9.306000000000001,0.0,0.49658539143394315,0,1,
9307,9.307,0.0,0.4723666361091715,0,1,
9308,9.308,0.0,0.4493290434194654,0,1,
9309,9.309000000000001,0.0,0.4274150073833544,0,1,
9310,9.31,0.0,0.40656973149623665,0,1,
9311,9.311,0.0,0.386741091710575,0,1,
9312,9.312,0.0,0.36787950609862813,0,1,
9313,9.313,0.0,0.3499378108718049,0,1,
9314,9.314,0.0,0.3328711424466267,0,1,
9315,9.315,0.0,0.3166368252623999,0,1,
9316,9.316,0.0,0.3011942650700858,0,1,
9317,9.317,0.0,0.2865048474255332,0,1,
9318,9.318,0.0,0.27253184113325485,0,1,
9319,9.319,0.0,0.259240306399306,0,1,
9320,9.32,0.0,0.24659700746360064,0,1,
9321,9.321,0.0,0.23457032949319911,0,1,
9322,9.322000000000001,0.0,0.22313019952875865,0,1,
9323,9.323,0.0,0.21224801128647058,0,1,
9324,9.324,0.0,0.20189655362745046,0,1,
9325,9.325000000000001,0.0,0.19204994251571725,0,1,
9326,9.326,0.0,0.18268355629462094,0,1,
9327,9.327,0.0,0.17377397411987605,0,1,
9328,9.328,0.0,0.16529891739525165,0,1,
9329,9.329,0.0,0.1572371940644763,0,1,
9330,9.33,0.0,0.1495686456200589,0,1,
9331,9.331,0.0,0.14227409669651986,0,1,
9332,9.332,0.0,0.13533530712198952,0,1,
9333,9.333,0.0,0.12873492630827746,0,1,
9334,9.334,0.0,0.1224564498653646,0,1,
9335,9.335,0.0,0.1164841783318313,0,1,
9336,9.336,0.0,0.11080317791802644,0,1,
9337,9.337,0.0,0.10539924316381451,0,1,
9338,9.338000000000001,0.0,0.10025886141752609,0,1,
9339,9.339,0.0,0.09536917904729018,0,1,
9340,9.34,0.0,0.0907179693002594,0,1,
9341,9.341000000000001,0.0,0.08629360172935918,0,1,
9342,9.342,0.0,0.08208501311111216,0,1,
9343,9.343,0.0,0.07808167978181678,0,1,
9344,9.344,0.0,0.07427359132290662,0,1,
9345,9.345,0.0,0.07065122552968969,0,1,
9346,9.346,0.0,0.06720552460087688,0,1,
9347,9.347,0.0,0.06392787248936069,0,1,
9348,9.348,0.0,0.060810073357609594,0,1,
9349,9.349,0.0,0.05784433108380518,0,1,
9350,9.35,0.0,0.05502322976747676,0,1,
9351,9.351,0.0,0.052339715185887474,0,1,
9352,9.352,0.0,0.049787077154803024,0,1,
9353,9.353,0.0,0.047358932749535926,0,1,
9354,9.354000000000001,0.0,0.045049210344309074,0,1,
9355,9.355,0.0,0.042852134430028735,0,1,
9356,9.356,0.0,0.04076221117250347,0,1,
9357,9.357,0.0,0.03877421467499705,0,1,
9358,9.358,0.0,0.03688317391076459,0,1,
9359,9.359,0.0,0.03508436029289635,0,1,
9360,9.36,0.0,0.0333732758503875,0,1,
9361,9.361,0.0,0.03174564198086768,0,1,
9362,9.362,0.0,0.030197388751866467,0,1,
9363,9.363,0.0,0.028724644723862273,0,1,
9364,9.364,0.0,0.027323727269666982,0,1,
9365,9.365,0.0,0.02599113336593979,0,1,
9366,9.366,0.0,0.02472353083380421,0,1,
9367,9.367,0.0,0.02351775000666524,0,1,
9368,9.368,0.0,0.022370775804391837,0,1,
9369,9.369,0.0,0.021279740194046146,0,1,
9370,9.370000000000001,0.0,0.020241915018307226,0,1,
9371,9.371,0.0,0.019254705173656742,0,1,
9372,9.372,0.0,0.018315642121268422,0,1,
9373,9.373,0.0,0.017422377714375197,0,1,
9374,9.374,0.0,0.016572678326679184,0,1,
9375,9.375,0.0,0.015764419267122496,0,1,
9376,9.376,0.0,0.0149955794670529,0,1,
9377,9.377,0.0,0.014264236426499453,0,1,
9378,9.378,0.0,0.013568561406921196,0,1,
9379,9.379,0.0,0.012906814858408248,0,1,
9380,9.38,0.0,0.012277342069900943,0,1,
9381,9.381,0.0,0.01167856903155028,0,1,
9382,9.382,0.0,0.011108998498873434,0,1,
9383,9.383000000000001,0.0,0.010567206248862673,0,1,
9384,9.384,0.0,0.01005183751868599,0,1,
9385,9.385,0.0,0.00956160361807436,0,1,
9386,9.386000000000001,0.0,0.009095278706924817,0,1,
9387,9.387,0.0,0.008651696730061692,0,1,
9388,9.388,0.0,0.008229748501491293,0,1,
9389,9.389,0.0,0.007828378930859177,0,1,
9390,9.39,0.0,0.007446584385174689,0,1,
9391,9.391,0.0,0.007083410179205722,0,1,
9392,9.392,0.0,0.006737948188268359,0,1,
9393,9.393,0.0,0.006409334577442139,0,1,
9394,9.394,0.0,0.0060967476415328134,0,1,
9395,9.395,0.0,0.0057994057503813435,0,1,
9396,9.396,0.0,0.005516565394381377,0,1,
9397,9.397,0.0,0.005247519325317951,0,1,
9398,9.398,0.0,0.00499159478787857,0,1,
9399,9.399000000000001,0.0,0.004748151837414495,0,1,
9400,9.4,0.0,0.004516581739745798,0,1,5.650291915258087
9401,9.401,0.0,0.0042963054490088295,0,1,
9402,9.402000000000001,0.0,0.00408677215973995,0,1,
9403,9.403,0.0,0.003887457929574973,0,1,
9404,9.404,0.0,0.003697864369120339,0,1,
9405,9.405,0.0,0.0035175173957200357,0,1,
9406,9.406,0.0,0.00334596604800202,0,1,
9407,9.407,0.0,0.00318278135823989,0,1,
9408,9.408,0.0,0.0030275552797101313,0,1,
9409,9.409,0.0,0.0028798996663627666,0,1,
9410,9.41,0.0,0.0027394453022540526,0,1,
9411,9.411,0.0,0.002605840978314307,0,1,
9412,9.412,0.0,0.002478752614142296,0,1,
9413,9.413,0.0,0.0023578624226302165,0,1,
9414,9.414,0.0,0.0022428681153304,0,1,
9415,9.415000000000001,0.0,0.0021334821465767376,0,1,
9416,9.416,0.0,0.002029430994470738,0,1,
9417,9.417,0.0,0.0019304544769343118,0,1,
9418,9.418000000000001,0.0,0.0018363051011190522,0,1,
9419,9.419,0.0,0.0017467474445452015,0,1,
9420,9.42,0.0,0.001661557566422825,0,1,
9421,9.421,0.0,0.0015805224476831907,0,1,
9422,9.422,0.0,0.0015034394583201412,0,1,
9423,9.423,0.0,0.0014301158507095332,0,1,
9424,9.424,0.0,0.0013603682776397784,0,1,
9425,9.425,0.0,0.001294022333848314,0,1,
9426,9.426,0.0,0.0012309121199176026,0,1,
9427,9.427,0.0,0.0011708798274401749,0,1,
9428,9.428,0.0,0.0011137753444154129,0,1,
9429,9.429,0.0,0.0010594558798913576,0,1,
9430,9.43,0.0,0.0010077856069129537,0,1,
9431,9.431000000000001,0.0,0.0009586353228839118,0,1,
9432,9.432,0.0,0.0009118821264929196,0,1,
9433,9.433,0.0,0.0008674091103963472,0,1,
9434,9.434000000000001,0.0,0.0008251050688889937,0,1,
9435,9.435,0.0,0.0007848642198318995,0,1,
9436,9.436,0.0,0.0007465859401418996,0,1,
9437,9.437,0.0,0.0007101745141815036,0,1,
9438,9.438,0.0,0.0006755388944199458,0,1,
9439,9.439,0.0,0.0006425924737669337,0,1,
9440,9.44,0.0,0.0006112528690098105,0,1,
9441,9.441,0.0,0.0005814417148126123,0,1,
9442,9.442,0.0,0.0005530844677619095,0,1,
9443,9.443,0.0,0.0005261102199694449,0,1,
9444,9.444,0.0,0.0005004515217654791,0,1,
9445,9.445,0.0,0.0004760442130394832,0,1,
9446,9.446,0.0,0.0004528272628064429,0,1,
9447,9.447000000000001,0.0,0.00043074261659760627,0,1,
9448,9.448,0.0,0.0004097350512940727,0,1,
9449,9.449,0.0,0.00038975203704023133,0,1,
9450,9.450000000000001,0.0,0.00037074360589176025,0,1,
9451,9.451,0.0,0.0003526622268697386,0,1,
9452,9.452,0.0,0.00033546268710844167,0,1,
9453,9.453,0.0,0.00031910197879962606,0,1,
9454,9.454,0.0,0.00030353919165060735,0,1,
9455,9.455,0.0,0.00028873541058721915,0,1,
9456,9.456,0.0,0.00027465361844585787,0,1,
9457,9.457,0.0,0.00026125860341129207,0,1,
9458,9.458,0.0,0.00024851687096878364,0,1,
9459,9.459,0.0,0.00023639656015035426,0,1,
9460,9.46,0.0,0.0002248673638657699,0,1,
9461,9.461,0.0,0.00021390045311902897,0,1,
9462,9.462,0.0,0.00020346840492085588,0,1,
9463,9.463000000000001,0.0,0.00019354513371694398,0,1,
9464,9.464,0.0,0.00018410582616048237,0,1,
9465,9.465,0.0,0.00017512687906586413,0,1,
9466,9.466000000000001,0.0,0.00016658584038842808,0,1,
9467,9.467,0.0,0.00015846135308265224,0,1,
9468,9.468,0.0,0.00015073310169841573,0,1,
9469,9.469,0.0,0.0001433817615817916,0,1,
9470,9.47,0.0,0.0001363889505533462,0,1,
9471,9.471,0.0,0.00012973718294311584,0,1,
9472,9.472,0.0,0.00012340982586732393,0,1,
9473,9.473,0.0,0.00011739105763750787,0,1,
9474,9.474,0.0,0.00011166582819805676,0,1,
9475,9.475,0.0,0.00010621982149323313,0,1,
9476,9.476,0.0,0.00010103941966957672,0,1,
9477,9.477,0.0,9.61116690241776e-05,0,1,
9478,9.478,0.0,9.142424761367156e-05,0,1,
9479,9.479000000000001,0.0,8.696543444296358e-05,0,1,
9480,9.48,0.0,8.272408015663482e-05,0,1,
9481,9.481,0.0,7.868957915974667e-05,0,1,
9482,9.482,0.0,7.485184309832921e-05,0,1,
9483,9.483,0.0,7.120127563324144e-05,0,1,
9484,9.484,0.0,6.772874844432496e-05,0,1,
9485,9.485,0.0,6.442557840484886e-05,0,1,
9486,9.486,0.0,6.128350586917002e-05,0,1,
9487,9.487,0.0,5.829467401931672e-05,0,1,
9488,9.488,0.0,5.5451609218851366e-05,0,1,
9489,9.489,0.0,5.2747202324886474e-05,0,1,
9490,9.49,0.0,5.017469091152448e-05,0,1,
9491,9.491,0.0,4.772764236027064e-05,0,1,
9492,9.492,0.0,4.539993777513614e-05,0,1,
9493,9.493,0.0,4.3185756682210977e-05,0,1,
9494,9.494,0.0,4.1079562475447415e-05,0,1,
9495,9.495000000000001,0.0,3.907608857226097e-05,0,1,
9496,9.496,0.0,3.7170325244330734e-05,0,1,
9497,9.497,0.0,3.5357507090669084e-05,0,1,
9498,9.498,0.0,3.3633101121637066e-05,0,1,
9499,9.499,0.0,3.199279542410915e-05,0,1,
9500,9.5,0.0,3.0432488379444422e-05,0,1,6.416319924087016
9501,9.501,0.0,2.8948278407303584e-05,0,1,
9502,9.502,0.0,2.7536454209665836e-05,0,1,
9503,9.503,0.0,2.6193485490650697e-05,0,1,
9504,9.504,0.0,2.4916014128939467e-05,0,1,
9505,9.505,0.0,2.3700845780722748e-05,0,1,
9506,9.506,0.0,2.2544941892177076e-05,0,1,
9507,9.507,0.0,2.144541210149764e-05,0,1,
9508,9.508000000000001,0.0,2.039950701148825e-05,0,1,
9509,9.509,0.0,1.9404611314636247e-05,0,1,
9510,9.51,0.0,1.845823725348148e-05,0,1,
9511,9.511000000000001,0.0,1.755801839992683e-05,0,1,
9512,9.512,0.0,1.6701703737935345e-05,0,1,
9513,9.513,0.0,1.5887152034817663e-05,0,1,
9514,9.514,0.0,1.5112326487034953e-05,0,1,
9515,9.515,0.0,1.4375289627129155e-05,0,1,
9516,9.516,0.0,1.367419847904515e-05,0,1,
9517,9.517,0.0,1.3007299949730656e-05,0,1,
9518,9.518,0.0,1.2372926445490459e-05,0,1,
9519,9.519,0.0,1.1769491702133554e-05,0,1,
9520,9.52,0.0,1.1195486818486429e-05,0,1,
9521,9.521,0.0,1.0649476483354176e-05,0,1,
9522,9.522,0.0,1.013009538649488e-05,0,1,
9523,9.523,0.0,9.636044804632864e-06,0,1,
9524,9.524000000000001,0.0,9.166089353974015e-06,0,1,
9525,9.525,0.0,8.719053901102823e-06,0,1,
9526,9.526,0.0,8.293820624536745e-06,0,1,
9527,9.527000000000001,0.0,7.889326219590241e-06,0,1,
9528,9.528,0.0,7.504559239559219e-06,0,1,
9529,9.529,0.0,7.138557566577432e-06,0,1,
9530,9.53,0.0,6.790406005820668e-06,0,1,
9531,9.531,0.0,6.459233997042986e-06,0,1,
9532,9.532,0.0,6.144213437722647e-06,0,1,
9533,9.533,0.0,5.844556612374467e-06,0,1,
9534,9.534,0.0,5.5595142228508065e-06,0,1,
9535,9.535,0.0,5.2883735147059066e-06,0,1,
9536,9.536,0.0,5.030456494938518e-06,0,1,
9537,9.537,0.0,4.785118236656245e-06,0,1,
9538,9.538,0.0,4.551745266422392e-06,0,1,
9539,9.539,0.0,4.3297540302528215e-06,0,1,
9540,9.540000000000001,0.0,4.118589434427039e-06,0,1,
9541,9.541,0.0,3.917723457464753e-06,0,1,
9542,9.542,0.0,3.7266538297971448e-06,0,1,
9543,9.543000000000001,0.0,3.54490277783132e-06,0,1,
9544,9.544,0.0,3.372015829267469e-06,0,1,
9545,9.545,0.0,3.2075606766813923e-06,0,1,
9546,9.546,0.0,3.0511260965307615e-06,0,1,
9547,9.547,0.0,2.9023209208820665e-06,0,1,
9548,9.548,0.0,2.7607730592870303e-06,0,1,
9549,9.549,0.0,2.6261285683626775e-06,0,1,
9550,9.55,0.0,2.498050766748514e-06,0,1,
9551,9.551,0.0,2.3762193932277563e-06,0,1,
9552,9.552,0.0,2.2603298059074745e-06,0,1,
9553,9.553,0.0,2.1500922204551774e-06,0,1,
9554,9.554,0.0,2.0452309854870405e-06,0,1,
9555,9.555,0.0,1.945483893295866e-06,0,1,
9556,9.556000000000001,0.0,1.8506015241952349e-06,0,1,
9557,9.557,0.0,1.7603466228403774e-06,0,1,
9558,9.558,0.0,1.6744935049662276e-06,0,1,
9559,9.559000000000001,0.0,1.5928274930592081e-06,0,1,
9560,9.56,0.0,1.5151443795516256e-06,0,1,
9561,9.561,0.0,1.4412499161963842e-06,0,1,
9562,9.562,0.0,1.370959328345189e-06,0,1,
9563,9.563,0.0,1.3040968529156794e-06,0,1,
9564,9.564,0.0,1.240495298892174e-06,0,1,
9565,9.565,0.0,1.179995629261044e-06,0,1,
9566,9.566,0.0,1.1224465633353408e-06,0,1,
9567,9.567,0.0,1.0677041984742806e-06,0,1,
9568,9.568,0.0,1.015631650251686e-06,0,1,
9569,9.569,0.0,9.660987101736218e-07,0,1,
9570,9.57,0.0,9.189815200893363e-07,0,1,
9571,9.571,0.0,8.741622624813708e-07,0,1,
9572,9.572000000000001,0.0,8.315288658603965e-07,0,1,
9573,9.573,0.0,7.909747245281164e-07,0,1,
9574,9.574,0.0,7.52398432007491e-07,0,1,
9575,9.575000000000001,0.0,7.157035274737253e-07,0,1,
9576,9.576,0.0,6.807982545519627e-07,0,1,
9577,9.577,0.0,6.475953318785541e-07,0,1,
9578,9.578,0.0,6.160117348521859e-07,0,1,
9579,9.579,0.0,5.859684880291312e-07,0,1,
9580,9.58,0.0,5.573904676435039e-07,0,1,
9581,9.581,0.0,5.302062137587141e-07,0,1,
9582,9.582,0.0,5.043477515804042e-07,0,1,
9583,9.583,0.0,4.79750421484057e-07,0,1,
9584,9.584,0.0,4.563527173322545e-07,0,1,
9585,9.585,0.0,4.3409613267729744e-07,0,1,
9586,9.586,0.0,4.1292501446461123e-07,0,1,
9587,9.587,0.0,3.9278642387112114e-07,0,1,
9588,9.588000000000001,0.0,3.7363000393062007e-07,0,1,
9589,9.589,0.0,3.5540785361512324e-07,0,1,
9590,9.59,0.0,3.380744080573477e-07,0,1,
9591,9.591000000000001,0.0,3.215863246148104e-07,0,1,
9592,9.592,0.0,3.059023744906459e-07,0,1,
9593,9.593,0.0,2.90983339640139e-07,0,1,
9594,9.594,0.0,2.767919147051852e-07,0,1,
9595,9.595,0.0,2.63292613731464e-07,0,1,
9596,9.596,0.0,2.504516814350693e-07,0,1,
9597,9.597,0.0,2.3823700879671712e-07,0,1,
9598,9.598,0.0,2.2661805277247277e-07,0,1,
9599,9.599,0.0,2.1556575992023172e-07,0,1,
9600,9.6,0.0,2.050524937509811e-07,0,1,6.412295764970882
9601,9.601,0.0,1.9505196562318202e-07,0,1,
9602,9.602,0.0,1.8553916900747248e-07,0,1,
9603,9.603,0.0,1.7649031695731875e-07,0,1,
9604,9.604000000000001,0.0,1.6788278262925892e-07,0,1,
9605,9.605,0.0,1.5969504270400844e-07,0,1,
9606,9.606,0.0,1.5190662356695088e-07,0,1,
9607,9.607,0.0,1.444980501134373e-07,0,1,
9608,9.608,0.0,1.374507970508803e-07,0,1,
9609,9.609,0.0,1.307472425758733e-07,0,1,
9610,9.61,0.0,1.243706243105032e-07,0,1,
9611,9.611,0.0,1.1830499738767447e-07,0,1,
9612,9.612,0.0,1.1253519458063607e-07,0,1,
9613,9.613,0.0,1.0704678837701432e-07,0,1,
9614,9.614,0.0,1.0182605490251705e-07,0,1,
9615,9.615,0.0,9.68599396040994e-08,0,1,
9616,9.616,0.0,9.213602460678139e-08,0,1,
9617,9.617,0.0,8.764249766249229e-08,0,1,
9618,9.618,0.0,8.336812261329771e-08,0,1,
9619,9.619,0.0,7.930221129515215e-08,0,1,
9620,9.620000000000001,0.0,7.543459681192161e-08,0,1,
9621,9.621,0.0,7.175560811284758e-08,0,1,
9622,9.622,0.0,6.825604580988277e-08,0,1,
9623,9.623,0.0,6.492715917442917e-08,0,1,
9624,9.624,0.0,6.176062425595851e-08,0,1,
9625,9.625,0.0,5.874852306780025e-08,0,1,
9626,9.626,0.0,5.5883323788050554e-08,0,1,
9627,9.627,0.0,5.315786192609439e-08,0,1,
9628,9.628,0.0,5.0565322407647186e-08,0,1,
9629,9.629,0.0,4.809922253351929e-08,0,1,
9630,9.63,0.0,4.575339576949133e-08,0,1,
9631,9.631,0.0,4.3521976326766646e-08,0,1,
9632,9.632,0.0,4.139938449444394e-08,0,1,
9633,9.633000000000001,0.0,3.938031268733369e-08,0,1,
9634,9.634,0.0,3.7459712174230594e-08,0,1,
9635,9.635,0.0,3.563278045345576e-08,0,1,
9636,9.636000000000001,0.0,3.389494924410101e-08,0,1,
9637,9.637,0.0,3.2241873062947116e-08,0,1,
9638,9.638,0.0,3.066941835849226e-08,0,1,
9639,9.639,0.0,1.0000000291736533,0,1,
9640,9.64,0.0,0.9512294522515514,0,1,
9641,9.641,0.0,0.9048374444333727,0,1,
9642,9.642,0.0,0.8607080015350539,0,1,
9643,9.643,0.0,0.818730776963349,0,1,
9644,9.644,0.0,0.7788008057918688,0,1,
9645,9.645,0.0,0.7408182422940918,0,1,
9646,9.646,0.0,0.7046881102770395,0,1,
9647,9.647,0.0,0.670320065591324,0,1,
9648,9.648,0.0,0.637628170223716,0,1,
9649,9.649000000000001,0.0,0.6065306774073487,0,1,
9650,9.65,0.0,0.5769498272122205,0,1,
9651,9.651,0.0,0.5488116521048669,0,1,
9652,9.652000000000001,0.0,0.5220457919909987,0,1,
9653,9.653,0.0,0.4965853182786171,0,1,
9654,9.654,0.0,0.47236656652167286,0,1,
9655,9.655,0.0,0.44932897722578913,0,1,
9656,9.656,0.0,0.42741494441798183,0,1,
9657,9.657,0.0,0.4065696716017215,0,1,
9658,9.658,0.0,0.3867410347371499,0,1,
9659,9.659,0.0,0.3678794519038297,0,1,
9660,9.66,0.0,0.349937759320118,0,1,
9661,9.661,0.0,0.3328710934091452,0,1,
9662,9.662,0.0,0.31663677861650463,0,1,
9663,9.663,0.0,0.3011942206991377,0,1,
9664,9.664,0.0,0.2865048052185818,0,1,
9665,9.665000000000001,0.0,0.2725318009847607,0,1,
9666,9.666,0.0,0.2592402682088771,0,1,
9667,9.667,0.0,0.2465969711357409,0,1,
9668,9.668000000000001,0.0,0.23457029493707,0,1,
9669,9.669,0.0,0.22313016665795185,0,1,
9670,9.67,0.0,0.21224798001879194,0,1,
9671,9.671,0.0,0.20189652388471452,0,1,
9672,9.672,0.0,0.19204991422355167,0,1,
9673,9.673,0.0,0.18268352938228055,0,1,
9674,9.674,0.0,0.173773948520066,0,1,
9675,9.675,0.0,0.1652988930439591,0,1,
9676,9.676,0.0,0.1572371709008103,0,1,
9677,9.677,0.0,0.14956862358609818,0,1,
9678,9.678,0.0,0.1422740757371681,0,1,
9679,9.679,0.0,0.13533528718483742,0,1,
9680,9.68,0.0,0.12873490734347176,0,1,
9681,9.681000000000001,0.0,0.12245643182548338,0,1,
9682,9.682,0.0,0.11648416117176548,0,1,
9683,9.683,0.0,0.11080316159486689,0,1,
9684,9.684000000000001,0.0,0.10539922763674485,0,1,
9685,9.685,0.0,0.10025884664772056,0,1,
9686,9.686,0.0,0.09536916499781657,0,1,
9687,9.687,0.0,0.0907179559359867,0,1,
9688,9.688,0.0,0.08629358901686976,0,1,
9689,9.689,0.0,0.08208500101861815,0,1,
9690,9.69,0.0,0.07808166827908067,0,1,
9691,9.691,0.0,0.07427358038116556,0,1,
9692,9.692,0.0,0.07065121512158364,0,1,
9693,9.693,0.0,0.06720551470038015,0,1,
9694,9.694,0.0,0.06392786307171688,0,1,
9695,9.695,0.0,0.0608100643992697,0,1,
9696,9.696,0.0,0.05784432256236867,0,1,
9697,9.697000000000001,0.0,0.05502322166163562,0,1,
9698,9.698,0.0,0.05233970747537287,0,1,
9699,9.699,0.0,0.04978706982033466,0,1,
9700,9.700000000000001,0.0,0.047358925772773806,0,1,6.413502564263845
9701,9.701,0.0,0.04504920370780766,0,1,
9702,9.702,0.0,0.042852128117193314,0,1,
9703,9.703,0.0,0.04076220516754866,0,1,
9704,9.704,0.0,0.03877420896290734,0,1,
9705,9.705,0.0,0.03688316847725678,0,1,
9706,9.706,0.0,0.03508435512438384,0,1,
9707,9.707,0.0,0.03337327093394632,0,1,
9708,9.708,0.0,0.03174563730420416,0,1,
9709,9.709,0.0,0.030197384303286525,0,1,
9710,9.71,0.0,0.028724640492242135,0,1,
9711,9.711,0.0,0.027323723244425394,0,1,
9712,9.712,0.0,0.02599112953701155,0,1,
9713,9.713000000000001,0.0,0.024723527191615007,0,1,
9714,9.714,0.0,0.023517746542107698,0,1,
9715,9.715,0.0,0.022370772508802764,0,1,
9716,9.716000000000001,0.0,0.021279737059184848,0,1,
9717,9.717,0.0,0.02024191203633492,0,1,
9718,9.718,0.0,0.01925470233711694,0,1,
9719,9.719,0.0,0.0183156394230683,0,1,
9720,9.72,0.0,0.01742237514776785,0,1,
9721,9.721,0.0,0.016572675885246756,0,1,
9722,9.722,0.0,0.015764416944760135,0,1,
9723,9.723,0.0,0.014995577257953488,0,1,
9724,9.724,0.0,0.014264234325139092,0,1,
9725,9.725,0.0,0.013568559408045388,0,1,
9726,9.726,0.0,0.012906812957018763,0,1,
9727,9.727,0.0,0.012277340261243316,0,1,
9728,9.728,0.0,0.011678567311101926,0,1,
9729,9.729000000000001,0.0,0.011108996862332337,0,1,
9730,9.73,0.0,0.010567204692136626,0,1,
9731,9.731,0.0,0.010051836037882367,0,1,
9732,9.732,0.0,0.009561602209490382,0,1,
9733,9.733,0.0,0.009095277367038293,0,1,
9734,9.734,0.0,0.008651695455522204,0,1,
9735,9.735,0.0,0.008229747289111829,0,1,
9736,9.736,0.0,0.007828377777608156,0,1,
9737,9.737,0.0,0.007446583288168385,0,1,
9738,9.738,0.0,0.007083409135701047,0,1,
9739,9.739,0.0,0.006737947195656007,0,1,
9740,9.74,0.0,0.006409333633240063,0,1,
9741,9.741,0.0,0.006096746743380016,0,1,
9742,9.742,0.0,0.0057994048960319745,0,1,
9743,9.743,0.0,0.005516564581699118,0,1,
9744,9.744,0.0,0.005247518552270674,0,1,
9745,9.745000000000001,0.0,0.004991594052533253,0,1,
9746,9.746,0.0,0.004748151137932393,0,1,
9747,9.747,0.0,0.00451658107437784,0,1,
9748,9.748,0.0,0.004296304816091249,0,1,
9749,9.749,0.0,0.004086771557690125,0,1,
9750,9.75,0.0,0.0038874573568874644,0,1,
9751,9.751,0.0,0.0036978638243631294,0,1,
9752,9.752,0.0,0.003517516877530949,0,1,
9753,9.753,0.0,0.003345965555085313,0,1,
9754,9.754,0.0,0.0031827808893630143,0,1,
9755,9.755,0.0,0.0030275548337006506,0,1,
9756,9.756,0.0,0.0028798992421054247,0,1,
9757,9.757,0.0,0.0027394448986879857,0,1,
9758,9.758000000000001,0.0,0.0026058405944303894,0,1,
9759,9.759,0.0,0.0024787522489806177,0,1,
9760,9.76,0.0,0.0023578620752776835,0,1,
9761,9.761000000000001,0.0,0.00224286778491845,0,1,
9762,9.762,0.0,0.0021334818322791683,0,1,
9763,9.763,0.0,0.002029430695501642,0,1,
9764,9.764,0.0,0.0019304541925461106,0,1,
9765,9.765,0.0,0.0018363048306006273,0,1,
9766,9.766,0.0,0.0017467471872201158,0,1,
9767,9.767,0.0,0.0016615573216476316,0,1,
9768,9.768,0.0,0.0015805222148458245,0,1,
9769,9.769,0.0,0.0015034392368383875,0,1,
9770,9.77,0.0,0.0014301156400295721,0,1,
9771,9.771,0.0,0.0013603680772348002,0,1,
9772,9.772,0.0,0.001294022143217202,0,1,
9773,9.773,0.0,0.0012309119385836794,0,1,
9774,9.774000000000001,0.0,0.0011708796549500116,0,1,
9775,9.775,0.0,0.0011137751803376942,0,1,
9776,9.776,0.0,0.001059455723815804,0,1,
9777,9.777000000000001,0.0,0.0010077854584492946,0,1,
9778,9.778,0.0,0.0009586351816609107,0,1,
9779,9.779,0.0,0.0009118819921574455,0,1,
9780,9.78,0.0,0.0008674089826124915,0,1,
9781,9.781,0.0,0.0008251049473372302,0,1,
9782,9.782,0.0,0.0007848641042082854,0,1,
9783,9.783,0.0,0.0007465858301573157,0,1,
9784,9.784,0.0,0.0007101744095609312,0,1,
9785,9.785,0.0,0.000675538794901779,0,1,
9786,9.786,0.0,0.0006425923791023252,0,1,
9787,9.787,0.0,0.0006112527789620494,0,1,
9788,9.788,0.0,0.0005814416291565325,0,1,
9789,9.789,0.0,0.000553084386283326,0,1,
9790,9.790000000000001,0.0,0.0005261101424646188,0,1,
9791,9.791,0.0,0.0005004514480406079,0,1,
9792,9.792,0.0,0.00047604414291021644,0,1,
9793,9.793000000000001,0.0,0.00045282719609742085,0,1,
9794,9.794,0.0,0.0004307425531420216,0,1,
9795,9.795,0.0,0.00040973499093325345,0,1,
9796,9.796,0.0,0.00038975197962324394,0,1,
9797,9.797,0.0,0.00037074355127503233,0,1,
9798,9.798,0.0,0.00035266217491669995,0,1,
9799,9.799,0.0,0.0003354626376891826,0,1,
9800,9.8,0.0,0.0003191019317905727,0,1,6.412504068884617
9801,9.801,0.0,0.0003035391469342126,0,1,
9802,9.802,0.0,0.0002887353680516687,0,1,
9803,9.803,0.0,0.0002746535779847907,0,1,
9804,9.804,0.0,0.00026125856492353444,0,1,
9805,9.805,0.0,0.00024851683435809607,0,1,
9806,9.806000000000001,0.0,0.000236396525325191,0,1,
9807,9.807,0.0,0.0002248673307390499,0,1,
9808,9.808,0.0,0.00021390042160791817,0,1,
9809,9.809000000000001,0.0,0.0002034683749465601,0,1,
9810,9.81,0.0,0.00019354510520451187,0,1,
9811,9.811,0.0,0.00018410579903861799,0,1,
9812,9.812,0.0,0.00017512685326674868,0,1,
9813,9.813,0.0,0.00016658581584755034,0,1,
9814,9.814,0.0,0.00015846132973864723,0,1,
9815,9.815,0.0,0.00015073307949291129,0,1,
9816,9.816,0.0,0.0001433817404592624,0,1,
9817,9.817,0.0,0.0001363889304609749,0,1,
9818,9.818,0.0,0.00012973716383066105,0,1,
9819,9.819,0.0,0.00012340980768699457,0,1,
9820,9.82,0.0,0.00011739104034384364,0,1,
9821,9.821,0.0,0.00011166581174781448,0,1,
9822,9.822000000000001,0.0,0.00010621980584527864,0,1,
9823,9.823,0.0,0.00010103940478478198,0,1,
9824,9.824,0.0,9.611165486532286e-05,0,1,
9825,9.825000000000001,0.0,9.142423414535231e-05,0,1,
9826,9.826,0.0,8.696542163150202e-05,0,1,
9827,9.827,0.0,8.27240679699956e-05,0,1,
9828,9.828,0.0,7.868956756745686e-05,0,1,
9829,9.829,0.0,7.485183207140205e-05,0,1,
9830,9.83,0.0,7.120126514410385e-05,0,1,
9831,9.831,0.0,6.772873846674866e-05,0,1,
9832,9.832,0.0,6.44255689138847e-05,0,1,
9833,9.833,0.0,6.128349684108564e-05,0,1,
9834,9.834,0.0,5.829466543153722e-05,0,1,
9835,9.835,0.0,5.5451601049902816e-05,0,1,
9836,9.836,0.0,5.274719455434224e-05,0,1,
9837,9.837,0.0,5.017468351995417e-05,0,1,
9838,9.838000000000001,0.0,4.772763532919146e-05,0,1,
9839,9.839,0.0,4.539993108696674e-05,0,1,
9840,9.84,0.0,4.3185750320227445e-05,0,1,
9841,9.841000000000001,0.0,4.107955642374148e-05,0,1,
9842,9.842,0.0,3.907608281570022e-05,0,1,
9843,9.843,0.0,3.7170319768520756e-05,0,1,
9844,9.844,0.0,3.535750188191751e-05,0,1,
9845,9.845,0.0,3.3633096166919305e-05,0,1,
9846,9.846,0.0,3.199279071103582e-05,0,1,
9847,9.847,0.0,3.0432483896230393e-05,0,1,
9848,9.848,0.0,2.8948274142738483e-05,0,1,
9849,9.849,0.0,2.7536450153086026e-05,0,1,
9850,9.85,0.0,2.619348163191262e-05,0,1,
9851,9.851,0.0,2.4916010458394265e-05,0,1,
9852,9.852,0.0,2.370084228919215e-05,0,1,
9853,9.853,0.0,2.2544938570930434e-05,0,1,
9854,9.854000000000001,0.0,2.1445408942230108e-05,0,1,
9855,9.855,0.0,2.0399504006300012e-05,0,1,
9856,9.856,0.0,1.940460845601277e-05,0,1,
9857,9.857,0.0,1.8458234534274717e-05,0,1,
9858,9.858,0.0,1.7558015813337344e-05,0,1,
9859,9.859,0.0,1.6701701277495318e-05,0,1,
9860,9.86,0.0,1.588714969437471e-05,0,1,
9861,9.861,0.0,1.511232426073675e-05,0,1,
9862,9.862,0.0,1.4375287509408796e-05,0,1,
9863,9.863,0.0,1.3674196464607232e-05,0,1,
9864,9.864,0.0,1.3007298033538035e-05,0,1,
9865,9.865,0.0,1.2372924622751654e-05,0,1,
9866,9.866,0.0,1.176948996829077e-05,0,1,
9867,9.867,0.0,1.1195485169204156e-05,0,1,
9868,9.868,0.0,1.0649474914508348e-05,0,1,
9869,9.869,0.0,1.0130093894162566e-05,0,1,
9870,9.870000000000001,0.0,9.636043385082455e-06,0,1,
9871,9.871,0.0,9.166088003655897e-06,0,1,
9872,9.872,0.0,8.719052616640497e-06,0,1,
9873,9.873,0.0,8.293819402718385e-06,0,1,
9874,9.874,0.0,7.889325057360666e-06,0,1,
9875,9.875,0.0,7.504558134012248e-06,0,1,
9876,9.876,0.0,7.138556514948623e-06,0,1,
9877,9.877,0.0,6.790405005480401e-06,0,1,
9878,9.878,0.0,6.459233045489889e-06,0,1,
9879,9.879,0.0,6.144212532577342e-06,0,1,
9880,9.88,0.0,5.8445557513736195e-06,0,1,
9881,9.881,0.0,5.5595134038414666e-06,0,1,
9882,9.882,0.0,5.288372735640124e-06,0,1,
9883,9.883000000000001,0.0,5.030455753868222e-06,0,1,
9884,9.884,0.0,4.785117531728374e-06,0,1,
9885,9.885,0.0,4.551744595874258e-06,0,1,
9886,9.886000000000001,0.0,4.329753392407706e-06,0,1,
9887,9.887,0.0,4.1185888276899965e-06,0,1,
9888,9.888,0.0,3.917722880318626e-06,0,1,
9889,9.889,0.0,3.726653280798766e-06,0,1,
9890,9.89,0.0,3.544902255607908e-06,0,1,
9891,9.891,0.0,3.3720153325131933e-06,0,1,
9892,9.892,0.0,3.207560204154109e-06,0,1,
9893,9.893,0.0,3.051125647048906e-06,0,1,
9894,9.894,0.0,2.9023204933216996e-06,0,1,
9895,9.895,0.0,2.7607726525790285e-06,0,1,
9896,9.896,0.0,2.626128181490059e-06,0,1,
9897,9.897,0.0,2.498050398743896e-06,0,1,
9898,9.898,0.0,2.376219043170935e-06,0,1,
9899,9.899000000000001,0.0,2.2603294729231257e-06,0,1,
9900,9.9,0.0,2.150091903710667e-06,0,1,6.406997262036928
9901,9.901,0.0,2.045230684190342e-06,0,1,
9902,9.902000000000001,0.0,1.9454836066935805e-06,0,1,
9903,9.903,0.0,1.850601251570708e-06,0,1,
9904,9.904,0.0,1.7603463635119057e-06,0,1,
9905,9.905,0.0,1.6744932582853547e-06,0,1,
9906,9.906,0.0,1.5928272584091034e-06,0,1,
9907,9.907,0.0,1.5151441563455416e-06,0,1,
9908,9.908,0.0,1.4412497038761894e-06,0,1,
9909,9.909,0.0,1.370959126379972e-06,0,1,
9910,9.91,0.0,1.3040966608004225e-06,0,1,
9911,9.911,0.0,1.2404951161464887e-06,0,1,
9912,9.912,0.0,1.1799954554279709e-06,0,1,
9913,9.913,0.0,1.1224463979802068e-06,0,1,
9914,9.914,0.0,1.0677040411836114e-06,0,1,
9915,9.915000000000001,0.0,1.0156315006321733e-06,0,1,
9916,9.916,0.0,9.660985678511387e-07,0,1,
9917,9.917,0.0,9.189813847080027e-07,0,1,
9918,9.918000000000001,0.0,8.741621337026626e-07,0,1,
9919,9.919,0.0,8.315287433623e-07,0,1,
9920,9.92,0.0,7.909746080043225e-07,0,1,
9921,9.921,0.0,7.523983211666296e-07,0,1,
9922,9.922,0.0,7.157034220386365e-07,0,1,
9923,9.923,0.0,6.807981542590038e-07,0,1,
9924,9.924,0.0,6.475952364769406e-07,0,1,
9925,9.925,0.0,6.16011644103364e-07,0,1,
9926,9.926,0.0,5.859684017061816e-07,0,1,
9927,9.927,0.0,5.573903855305742e-07,0,1,
9928,9.928,0.0,5.302061356504792e-07,0,1,
9929,9.929,0.0,5.043476772815528e-07,0,1,
9930,9.93,0.0,4.797503508088033e-07,0,1,
9931,9.931000000000001,0.0,4.563526501038736e-07,0,1,
9932,9.932,0.0,4.340960687276834e-07,0,1,
9933,9.933,0.0,4.1292495363385666e-07,0,1,
9934,9.934000000000001,0.0,3.9278636600711747e-07,0,1,
9935,9.935,0.0,3.736299488886772e-07,0,1,
9936,9.936,0.0,3.554078012576076e-07,0,1,
9937,9.937,0.0,3.380743582533382e-07,0,1,
9938,9.938,0.0,3.2158627723977116e-07,0,1,
9939,9.939,0.0,3.0590232942611457e-07,0,1,
9940,9.94,0.0,2.909832967734308e-07,0,1,
9941,9.941,0.0,2.76791873929111e-07,0,1,
9942,9.942,0.0,2.6329257494406247e-07,0,1,
9943,9.943,0.0,2.504516445393517e-07,0,1,
9944,9.944,0.0,2.3823697370042488e-07,0,1,
9945,9.945,0.0,2.266180193878469e-07,0,1,
9946,9.946,0.0,2.1556572816379325e-07,0,1,
9947,9.947000000000001,0.0,2.0505246354332242e-07,0,1,
9948,9.948,0.0,1.9505193688876822e-07,0,1,
9949,9.949,0.0,1.855391416744526e-07,0,1,
9950,9.950000000000001,0.0,1.7649029095734597e-07,0,1,
9951,9.951,0.0,1.6788275789731977e-07,0,1,
9952,9.952,0.0,1.596950191782602e-07,0,1,
9953,9.953,0.0,1.5190660118856692e-07,0,1,
9954,9.954,0.0,1.4449802882646e-07,0,1,
9955,9.955,0.0,1.3745077680208113e-07,0,1,
9956,9.956,0.0,1.3074722331461974e-07,0,1,
9957,9.957,0.0,1.2437060598863207e-07,0,1,
9958,9.958,0.0,1.1830497995937154e-07,0,1,
9959,9.959,0.0,1.125351780023215e-07,0,1,
9960,9.96,0.0,1.0704677260723368e-07,0,1,
9961,9.961,0.0,1.018260399018377e-07,0,1,
9962,9.962,0.0,9.685992533501182e-08,0,1,
9963,9.963000000000001,0.0,9.213601103360542e-08,0,1,
9964,9.964,0.0,8.764248475128792e-08,0,1,
9965,9.965,0.0,8.336811033178021e-08,0,1,
9966,9.966000000000001,0.0,7.930219961261132e-08,0,1,
9967,9.967,0.0,7.543458569914501e-08,0,1,
9968,9.968,0.0,7.17555975420475e-08,0,1,
9969,9.969,0.0,6.825603575462669e-08,0,1,
9970,9.97,0.0,6.49271496095737e-08,0,1,
9971,9.971,0.0,6.176061515758655e-08,0,1,
9972,9.972,0.0,5.874851441316113e-08,0,1,
9973,9.973,0.0,5.588331555550316e-08,0,1,
9974,9.974,0.0,5.315785409505307e-08,0,1,
9975,9.975,0.0,5.0565314958530254e-08,0,1,
9976,9.976,0.0,4.809921544770008e-08,0,1,
9977,9.977,0.0,4.5753389029251596e-08,0,1,
9978,9.978,0.0,4.352196991525228e-08,0,1,
9979,9.979000000000001,0.0,4.139937839562281e-08,0,1,
9980,9.98,0.0,3.938030688595558e-08,0,1,
9981,9.981,0.0,3.745970665578903e-08,0,1,
9982,9.982000000000001,0.0,3.5632775204151765e-08,0,1,
9983,9.983,0.0,3.3894944250808595e-08,0,1,
9984,9.984,0.0,3.224186831318044e-08,0,1,
9985,9.985,0.0,3.066941384037444e-08,0,1,
9986,9.986,0.0,2.917364887715361e-08,0,1,
9987,9.987,0.0,2.775083323200073e-08,0,1,
9988,9.988,0.0,2.6397409124691346e-08,0,1,
9989,9.989,0.0,2.5109992289990046e-08,0,1,
9990,9.99,0.0,2.3885363515224597e-08,0,1,
9991,9.991,0.0,2.2720460590577446e-08,0,1,
9992,9.992,0.0,2.1612370651966137e-08,0,1,
9993,9.993,0.0,2.055832289736587e-08,0,1,
9994,9.994,0.0,1.9555681658361186e-08,0,1,
9995,9.995000000000001,0.0,1.860193980960208e-08,0,1,
9996,9.996,0.0,1.769471249968471e-08,0,1,
9997,9.997,0.0,1.6831731187780675e-08,0,1,
9998,9.998,0.0,1.601083797110333e-08,0,1,
9999,9.999,0.0,1.52299801890268e-08,0,1,
