k,t_phys,u_C,col_C,sup_C,epoch_C,energy_C
0,0.0,0.0,0.0,0,0,11.401100000000001
1,0.001,0.0,0.0,0,0,
2,0.002,0.0,0.0,0,0,
3,0.003,0.0,0.0,0,0,
4,0.004,0.0,0.0,0,0,
5,0.005,0.0,0.0,0,0,
6,0.006,0.0,0.0,0,0,
7,0.007,0.0,0.0,0,0,
8,0.008,0.0,0.0,0,0,
9,0.009000000000000001,0.0,0.0,0,0,
10,0.01,0.0,0.0,0,0,
11,0.011,0.0,0.0,0,0,
12,0.012,0.0,0.0,0,0,
13,0.013000000000000001,0.0,0.0,0,0,
14,0.014,0.0,0.0,0,0,
15,0.015,0.0,0.0,0,0,
16,0.016,0.0,0.0,0,0,
17,0.017,0.0,0.0,0,0,
18,0.018000000000000002,0.0,0.0,0,0,
19,0.019,0.0,0.0,0,0,
20,0.02,0.0,0.0,0,0,
21,0.021,0.0,0.0,0,0,
22,0.022,0.0,0.0,0,0,
23,0.023,0.0,0.0,0,0,
24,0.024,0.0,0.0,0,0,
25,0.025,0.0,0.0,0,0,
26,0.026000000000000002,0.0,0.0,0,0,
27,0.027,0.0,0.0,0,0,
28,0.028,0.0,0.0,0,0,
29,0.029,0.0,0.0,0,0,
30,0.03,0.0,0.0,0,0,
31,0.031,0.0,0.0,0,0,
32,0.032,0.0,0.0,0,0,
33,0.033,0.0,0.0,0,0,
34,0.034,0.0,0.0,0,0,
35,0.035,0.0,0.0,0,0,
36,0.036000000000000004,0.0,0.0,0,0,
37,0.037,0.0,0.0,0,0,
38,0.038,0.0,0.0,0,0,
39,0.039,0.0,0.0,0,0,
40,0.04,0.0,0.0,0,0,
41,0.041,0.0,0.0,0,0,
42,0.042,0.0,0.0,0,0,
43,0.043000000000000003,0.0,0.0,0,0,
44,0.044,0.0,0.0,0,0,
45,0.045,0.0,0.0,0,0,
46,0.046,0.0,0.0,0,0,
47,0.047,0.0,0.0,0,0,
48,0.048,0.0,0.0,0,0,
49,0.049,0.0,0.0,0,0,
50,0.05,0.0,0.0,0,0,
51,0.051000000000000004,0.0,0.0,0,0,
52,0.052000000000000005,0.0,0.0,0,0,
53,0.053,0.0,0.0,0,0,
54,0.054,0.0,0.0,0,0,
55,0.055,0.0,0.0,0,0,
56,0.056,0.0,0.0,0,0,
57,0.057,0.0,0.0,0,0,
58,0.058,0.0,0.0,0,0,
59,0.059000000000000004,0.0,0.0,0,0,
60,0.06,0.0,0.0,0,0,
61,0.061,0.0,0.0,0,0,
62,0.062,0.0,0.0,0,0,
63,0.063,0.0,0.0,0,0,
64,0.064,0.0,0.0,0,0,
65,0.065,0.0,0.0,0,0,
66,0.066,0.0,0.0,0,0,
67,0.067,0.0,0.0,0,0,
68,0.068,0.0,0.0,0,0,
69,0.069,0.0,0.0,0,0,
70,0.07,0.0,0.0,0,0,
71,0.07100000000000001,0.0,0.0,0,0,
72,0.07200000000000001,0.0,0.0,0,0,
73,0.073,0.0,0.0,0,0,
74,0.074,0.0,0.0,0,0,
75,0.075,0.0,0.0,0,0,
76,0.076,0.0,0.0,0,0,
77,0.077,0.0,0.0,0,0,
78,0.078,0.0,0.0,0,0,
79,0.079,0.0,0.0,0,0,
80,0.08,0.0,0.0,0,0,
81,0.081,0.0,0.0,0,0,
82,0.082,0.0,0.0,0,0,
83,0.083,0.0,0.0,0,0,
84,0.084,0.0,0.0,0,0,
85,0.085,0.0,0.0,0,0,
86,0.08600000000000001,0.0,0.0,0,0,
87,0.08700000000000001,0.0,0.0,0,0,
88,0.088,0.0,0.0,0,0,
89,0.089,0.0,0.0,0,0,
90,0.09,0.0,0.0,0,0,
91,0.091,0.0,0.0,0,0,
92,0.092,0.0,0.0,0,0,
93,0.093,0.0,0.0,0,0,
94,0.094,0.0,0.0,0,0,
95,0.095,0.0,0.0,0,0,
96,0.096,0.0,0.0,0,0,
97,0.097,0.0,0.0,0,0,
98,0.098,0.0,0.0,0,0,
99,0.099,0.0,0.0,0,0,
100,0.1,0.0,0.0,0,0,6.442416306581407
101,0.101,0.0,0.0,0,0,
102,0.10200000000000001,0.0,0.0,0,0,
103,0.10300000000000001,0.0,0.0,0,0,
104,0.10400000000000001,0.0,0.0,0,0,
105,0.105,0.0,0.0,0,0,
106,0.106,0.0,0.0,0,0,
107,0.107,0.0,0.0,0,0,
108,0.108,0.0,0.0,0,0,
109,0.109,0.0,0.0,0,0,
110,0.11,0.0,0.0,0,0,
111,0.111,0.0,0.0,0,0,
112,0.112,0.0,0.0,0,0,
113,0.113,0.0,0.0,0,0,
114,0.114,0.0,0.0,0,0,
115,0.115,0.0,0.0,0,0,
116,0.116,0.0,0.0,0,0,
117,0.117,0.0,0.0,0,0,
118,0.11800000000000001,0.0,0.0,0,0,
119,0.11900000000000001,0.0,0.0,0,0,
120,0.12,0.0,0.0,0,0,
121,0.121,0.0,0.0,0,0,
122,0.122,0.0,0.0,0,0,
123,0.123,0.0,0.0,0,0,
124,0.124,0.0,0.0,0,0,
125,0.125,0.0,0.0,0,0,
126,0.126,0.0,0.0,0,0,
127,0.127,0.0,0.0,0,0,
128,0.128,0.0,0.0,0,0,
129,0.129,0.0,0.0,0,0,
130,0.13,0.0,0.0,0,0,
131,0.131,0.0,0.0,0,0,
132,0.132,0.0,0.0,0,0,
133,0.133,0.0,0.0,0,0,
134,0.134,0.0,0.0,0,0,
135,0.135,0.0,0.0,0,0,
136,0.136,0.0,0.0,0,0,
137,0.137,0.0,0.0,0,0,
138,0.138,0.0,0.0,0,0,
139,0.139,0.0,0.0,0,0,
140,0.14,0.0,0.0,0,0,
141,0.14100000000000001,0.0,0.0,0,0,
142,0.14200000000000002,0.0,0.0,0,0,
143,0.14300000000000002,0.0,0.0,0,0,
144,0.14400000000000002,0.0,0.0,0,0,
145,0.145,0.0,0.0,0,0,
146,0.146,0.0,0.0,0,0,
147,0.147,0.0,0.0,0,0,
148,0.148,0.0,0.0,0,0,
149,0.149,0.0,0.0,0,0,
150,0.15,0.0,0.0,0,0,
151,0.151,0.0,0.0,0,0,
152,0.152,0.0,0.0,0,0,
153,0.153,0.0,0.0,0,0,
154,0.154,0.0,0.0,0,0,
155,0.155,0.0,0.0,0,0,
156,0.156,0.0,0.0,0,0,
157,0.157,0.0,0.0,0,0,
158,0.158,0.0,0.0,0,0,
159,0.159,0.0,0.0,0,0,
160,0.16,0.0,0.0,0,0,
161,0.161,0.0,0.0,0,0,
162,0.162,0.0,0.0,0,0,
163,0.163,0.0,0.0,0,0,
164,0.164,0.0,0.0,0,0,
165,0.165,0.0,0.0,0,0,
166,0.166,0.0,0.0,0,0,
167,0.167,0.0,0.0,0,0,
168,0.168,0.0,0.0,0,0,
169,0.169,0.0,0.0,0,0,
170,0.17,0.0,0.0,0,0,
171,0.171,0.0,0.0,0,0,
172,0.17200000000000001,0.0,0.0,0,0,
173,0.17300000000000001,0.0,0.0,0,0,
174,0.17400000000000002,0.0,0.0,0,0,
175,0.17500000000000002,0.0,0.0,0,0,
176,0.176,0.0,0.0,0,0,
177,0.177,0.0,0.0,0,0,
178,0.178,0.0,0.0,0,0,
179,0.179,0.0,0.0,0,0,
180,0.18,0.0,0.0,0,0,
181,0.181,0.0,0.0,0,0,
182,0.182,0.0,0.0,0,0,
183,0.183,0.0,0.0,0,0,
184,0.184,0.0,0.0,0,0,
185,0.185,0.0,0.0,0,0,
186,0.186,0.0,0.0,0,0,
187,0.187,0.0,0.0,0,0,
188,0.188,0.0,0.0,0,0,
189,0.189,0.0,0.0,0,0,
190,0.19,0.0,0.0,0,0,
191,0.191,0.0,0.0,0,0,
192,0.192,0.0,0.0,0,0,
193,0.193,0.0,0.0,0,0,
194,0.194,0.0,0.0,0,0,
195,0.195,0.0,0.0,0,0,
196,0.196,0.0,0.0,0,0,
197,0.197,0.0,0.0,0,0,
198,0.198,0.0,0.0,0,0,
199,0.199,0.0,0.0,0,0,
200,0.2,0.0,0.0,0,0,6.370044546689933
201,0.201,0.0,0.0,0,0,
202,0.202,0.0,0.0,0,0,
203,0.203,0.0,0.0,0,0,
204,0.20400000000000001,0.0,0.0,0,0,
205,0.20500000000000002,0.0,0.0,0,0,
206,0.20600000000000002,0.0,0.0,0,0,
207,0.20700000000000002,0.0,0.0,0,0,
208,0.20800000000000002,0.0,0.0,0,0,
209,0.209,0.0,0.0,0,0,
210,0.21,0.0,0.0,0,0,
211,0.211,0.0,0.0,0,0,
212,0.212,0.0,0.0,0,0,
213,0.213,0.0,0.0,0,0,
214,0.214,0.0,0.0,0,0,
215,0.215,0.0,0.0,0,0,
216,0.216,0.0,0.0,0,0,
217,0.217,0.0,0.0,0,0,
218,0.218,0.0,0.0,0,0,
219,0.219,0.0,0.0,0,0,
220,0.22,0.0,0.0,0,0,
221,0.221,0.0,0.0,0,0,
222,0.222,0.0,0.0,0,0,
223,0.223,0.0,0.0,0,0,
224,0.224,0.0,0.0,0,0,
225,0.225,0.0,0.0,0,0,
226,0.226,0.0,0.0,0,0,
227,0.227,0.0,0.0,0,0,
228,0.228,0.0,0.0,0,0,
229,0.229,0.0,0.0,0,0,
230,0.23,0.0,0.0,0,0,
231,0.231,0.0,0.0,0,0,
232,0.232,0.0,0.0,0,0,
233,0.233,0.0,0.0,0,0,
234,0.234,0.0,0.0,0,0,
235,0.23500000000000001,0.0,0.0,0,0,
236,0.23600000000000002,0.0,0.0,0,0,
237,0.23700000000000002,0.0,0.0,0,0,
238,0.23800000000000002,0.0,0.0,0,0,
239,0.23900000000000002,0.0,0.0,0,0,
240,0.24,0.0,0.0,0,0,
241,0.241,0.0,0.0,0,0,
242,0.242,0.0,0.0,0,0,
243,0.243,0.0,0.0,0,0,
244,0.244,0.0,0.0,0,0,
245,0.245,0.0,0.0,0,0,
246,0.246,0.0,0.0,0,0,
247,0.247,0.0,0.0,0,0,
248,0.248,0.0,0.0,0,0,
249,0.249,0.0,0.0,0,0,
250,0.25,0.0,0.0,0,0,
251,0.251,0.0,0.0,0,0,
252,0.252,0.0,0.0,0,0,
253,0.253,0.0,0.0,0,0,
254,0.254,0.0,0.0,0,0,
255,0.255,0.0,0.0,0,0,
256,0.256,0.0,0.0,0,0,
257,0.257,0.0,0.0,0,0,
258,0.258,0.0,0.0,0,0,
259,0.259,0.0,0.0,0,0,
260,0.26,0.0,0.0,0,0,
261,0.261,0.0,0.0,0,0,
262,0.262,0.0,0.0,0,0,
263,0.263,0.0,0.0,0,0,
264,0.264,0.0,0.0,0,0,
265,0.265,0.0,0.0,0,0,
266,0.266,0.0,0.0,0,0,
267,0.267,0.0,0.0,0,0,
268,0.268,0.0,0.0,0,0,
269,0.269,0.0,0.0,0,0,
270,0.27,0.0,0.0,0,0,
271,0.271,0.0,0.0,0,0,
272,0.272,0.0,0.0,0,0,
273,0.273,0.0,0.0,0,0,
274,0.274,0.0,0.0,0,0,
275,0.275,0.0,0.0,0,0,
276,0.276,0.0,0.0,0,0,
277,0.277,0.0,0.0,0,0,
278,0.278,0.0,0.0,0,0,
279,0.279,0.0,0.0,0,0,
280,0.28,0.0,0.0,0,0,
281,0.281,0.0,0.0,0,0,
282,0.28200000000000003,0.0,0.0,0,0,
283,0.28300000000000003,0.0,0.0,0,0,
284,0.28400000000000003,0.0,0.0,0,0,
285,0.28500000000000003,0.0,0.0,0,0,
286,0.28600000000000003,0.0,0.0,0,0,
287,0.28700000000000003,0.0,0.0,0,0,
288,0.28800000000000003,0.0,0.0,0,0,
289,0.289,0.0,0.0,0,0,
290,0.29,0.0,0.0,0,0,
291,0.291,0.0,0.0,0,0,
292,0.292,0.0,0.0,0,0,
293,0.293,0.0,0.0,0,0,
294,0.294,0.0,0.0,0,0,
295,0.295,0.0,0.0,0,0,
296,0.296,0.0,0.0,0,0,
297,0.297,0.0,0.0,0,0,
298,0.298,0.0,0.0,0,0,
299,0.299,0.0,0.0,0,0,
300,0.3,0.0,0.0,0,0,6.647762479269418
301,0.301,0.0,0.0,0,0,
302,0.302,0.0,0.0,0,0,
303,0.303,0.0,0.0,0,0,
304,0.304,0.0,0.0,0,0,
305,0.305,0.0,0.0,0,0,
306,0.306,0.0,0.0,0,0,
307,0.307,0.0,0.0,0,0,
308,0.308,0.0,0.0,0,0,
309,0.309,0.0,0.0,0,0,
310,0.31,0.0,0.0,0,0,
311,0.311,0.0,0.0,0,0,
312,0.312,0.0,0.0,0,0,
313,0.313,0.0,0.0,0,0,
314,0.314,0.0,0.0,0,0,
315,0.315,0.0,0.0,0,0,
316,0.316,0.0,0.0,0,0,
317,0.317,0.0,0.0,0,0,
318,0.318,0.0,0.0,0,0,
319,0.319,0.0,0.0,0,0,
320,0.32,0.0,0.0,0,0,
321,0.321,0.0,0.0,0,0,
322,0.322,0.0,0.0,0,0,
323,0.323,0.0,0.0,0,0,
324,0.324,0.0,0.0,0,0,
325,0.325,0.0,0.0,0,0,
326,0.326,0.0,0.0,0,0,
327,0.327,0.0,0.0,0,0,
328,0.328,0.0,0.0,0,0,
329,0.329,0.0,0.0,0,0,
330,0.33,0.0,0.0,0,0,
331,0.331,0.0,0.0,0,0,
332,0.332,0.0,0.0,0,0,
333,0.333,0.0,0.0,0,0,
334,0.334,0.0,0.0,0,0,
335,0.335,0.0,0.0,0,0,
336,0.336,0.0,0.0,0,0,
337,0.337,0.0,0.0,0,0,
338,0.338,0.0,0.0,0,0,
339,0.339,0.0,0.0,0,0,
340,0.34,0.0,0.0,0,0,
341,0.341,0.0,0.0,0,0,
342,0.342,0.0,0.0,0,0,
343,0.343,0.0,0.0,0,0,
344,0.34400000000000003,0.0,0.0,0,0,
345,0.34500000000000003,0.0,0.0,0,0,
346,0.34600000000000003,0.0,0.0,0,0,
347,0.34700000000000003,0.0,0.0,0,0,
348,0.34800000000000003,0.0,0.0,0,0,
349,0.34900000000000003,0.0,0.0,0,0,
350,0.35000000000000003,0.0,0.0,0,0,
351,0.35100000000000003,0.0,0.0,0,0,
352,0.352,0.0,0.0,0,0,
353,0.353,0.0,0.0,0,0,
354,0.354,0.0,0.0,0,0,
355,0.355,0.0,0.0,0,0,
356,0.356,0.0,0.0,0,0,
357,0.357,0.0,0.0,0,0,
358,0.358,0.0,0.0,0,0,
359,0.359,0.0,0.0,0,0,
360,0.36,0.0,0.0,0,0,
361,0.361,0.0,0.0,0,0,
362,0.362,0.0,0.0,0,0,
363,0.363,0.0,0.0,0,0,
364,0.364,0.0,0.0,0,0,
365,0.365,0.0,0.0,0,0,
366,0.366,0.0,0.0,0,0,
367,0.367,0.0,0.0,0,0,
368,0.368,0.0,0.0,0,0,
369,0.369,0.0,0.0,0,0,
370,0.37,0.0,0.0,0,0,
371,0.371,0.0,0.0,0,0,
372,0.372,0.0,0.0,0,0,
373,0.373,0.0,0.0,0,0,
374,0.374,0.0,0.0,0,0,
375,0.375,0.0,0.0,0,0,
376,0.376,0.0,0.0,0,0,
377,0.377,0.0,0.0,0,0,
378,0.378,0.0,0.0,0,0,
379,0.379,0.0,0.0,0,0,
380,0.38,0.0,0.0,0,0,
381,0.381,0.0,0.0,0,0,
382,0.382,0.0,0.0,0,0,
383,0.383,0.0,0.0,0,0,
384,0.384,0.0,0.0,0,0,
385,0.385,0.0,0.0,0,0,
386,0.386,0.0,0.0,0,0,
387,0.387,0.0,0.0,0,0,
388,0.388,0.0,0.0,0,0,
389,0.389,0.0,0.0,0,0,
390,0.39,0.0,0.0,0,0,
391,0.391,0.0,0.0,0,0,
392,0.392,0.0,0.0,0,0,
393,0.393,0.0,0.0,0,0,
394,0.394,0.0,0.0,0,0,
395,0.395,0.0,0.0,0,0,
396,0.396,0.0,0.0,0,0,
397,0.397,0.0,0.0,0,0,
398,0.398,0.0,0.0,0,0,
399,0.399,0.0,0.0,0,0,
400,0.4,0.0,0.0,0,0,7.306615436646073
401,0.401,0.0,0.0,0,0,
402,0.402,0.0,0.0,0,0,
403,0.403,0.0,0.0,0,0,
404,0.404,0.0,0.0,0,0,
405,0.405,0.0,0.0,0,0,
406,0.406,0.0,0.0,0,0,
407,0.40700000000000003,0.0,0.0,0,0,
408,0.40800000000000003,0.0,0.0,0,0,
409,0.40900000000000003,0.0,0.0,0,0,
410,0.41000000000000003,0.0,0.0,0,0,
411,0.41100000000000003,0.0,0.0,0,0,
412,0.41200000000000003,0.0,0.0,0,0,
413,0.41300000000000003,0.0,0.0,0,0,
414,0.41400000000000003,0.0,0.0,0,0,
415,0.41500000000000004,0.0,0.0,0,0,
416,0.41600000000000004,0.0,0.0,0,0,
417,0.417,0.0,0.0,0,0,
418,0.418,0.0,0.0,0,0,
419,0.419,0.0,0.0,0,0,
420,0.42,0.0,0.0,0,0,
421,0.421,0.0,0.0,0,0,
422,0.422,0.0,0.0,0,0,
423,0.423,0.0,0.0,0,0,
424,0.424,0.0,0.0,0,0,
425,0.425,0.0,0.0,0,0,
426,0.426,0.0,0.0,0,0,
427,0.427,0.0,0.0,0,0,
428,0.428,0.0,0.0,0,0,
429,0.429,0.0,0.0,0,0,
430,0.43,0.0,0.0,0,0,
431,0.431,0.0,0.0,0,0,
432,0.432,0.0,0.0,0,0,
433,0.433,0.0,0.0,0,0,
434,0.434,0.0,0.0,0,0,
435,0.435,0.0,0.0,0,0,
436,0.436,0.0,0.0,0,0,
437,0.437,0.0,0.0,0,0,
438,0.438,0.0,0.0,0,0,
439,0.439,0.0,0.0,0,0,
440,0.44,0.0,0.0,0,0,
441,0.441,0.0,0.0,0,0,
442,0.442,0.0,0.0,0,0,
443,0.443,0.0,0.0,0,0,
444,0.444,0.0,0.0,0,0,
445,0.445,0.0,0.0,0,0,
446,0.446,0.0,0.0,0,0,
447,0.447,0.0,0.0,0,0,
448,0.448,0.0,0.0,0,0,
449,0.449,0.0,0.0,0,0,
450,0.45,0.0,0.0,0,0,
451,0.451,0.0,0.0,0,0,
452,0.452,0.0,0.0,0,0,
453,0.453,0.0,0.0,0,0,
454,0.454,0.0,0.0,0,0,
455,0.455,0.0,0.0,0,0,
456,0.456,0.0,0.0,0,0,
457,0.457,0.0,0.0,0,0,
458,0.458,0.0,0.0,0,0,
459,0.459,0.0,0.0,0,0,
460,0.46,0.0,0.0,0,0,
461,0.461,0.0,0.0,0,0,
462,0.462,0.0,0.0,0,0,
463,0.463,0.0,0.0,0,0,
464,0.464,0.0,0.0,0,0,
465,0.465,0.0,0.0,0,0,
466,0.466,0.0,0.0,0,0,
467,0.467,0.0,0.0,0,0,
468,0.468,0.0,0.0,0,0,
469,0.46900000000000003,0.0,0.0,0,0,
470,0.47000000000000003,0.0,0.0,0,0,
471,0.47100000000000003,0.0,0.0,0,0,
472,0.47200000000000003,0.0,0.0,0,0,
473,0.47300000000000003,0.0,0.0,0,0,
474,0.47400000000000003,0.0,0.0,0,0,
475,0.47500000000000003,0.0,0.0,0,0,
476,0.47600000000000003,0.0,0.0,0,0,
477,0.47700000000000004,0.0,0.0,0,0,
478,0.47800000000000004,0.0,0.0,0,0,
479,0.47900000000000004,0.0,0.0,0,0,
480,0.48,0.0,0.0,0,0,
481,0.481,0.0,0.0,0,0,
482,0.482,0.0,0.0,0,0,
483,0.483,0.0,0.0,0,0,
484,0.484,0.0,0.0,0,0,
485,0.485,0.0,0.0,0,0,
486,0.486,0.0,0.0,0,0,
487,0.487,0.0,0.0,0,0,
488,0.488,0.0,0.0,0,0,
489,0.489,0.0,0.0,0,0,
490,0.49,0.0,0.0,0,0,
491,0.491,0.0,0.0,0,0,
492,0.492,0.0,0.0,0,0,
493,0.493,0.0,0.0,0,0,
494,0.494,0.0,0.0,0,0,
495,0.495,0.0,0.0,0,0,
496,0.496,0.0,0.0,0,0,
497,0.497,0.0,0.0,0,0,
498,0.498,0.0,0.0,0,0,
499,0.499,0.0,0.0,0,0,
500,0.5,0.0,0.0,0,0,7.304254815482706
501,0.501,0.0,0.0,0,0,
502,0.502,0.0,0.0,0,0,
503,0.503,0.0,0.0,0,0,
504,0.504,0.0,0.0,0,0,
505,0.505,0.0,0.0,0,0,
506,0.506,0.0,0.0,0,0,
507,0.507,0.0,0.0,0,0,
508,0.508,0.0,0.0,0,0,
509,0.509,0.0,0.0,0,0,
510,0.51,0.0,0.0,0,0,
511,0.511,0.0,0.0,0,0,
512,0.512,0.0,0.0,0,0,
513,0.513,0.0,0.0,0,0,
514,0.514,0.0,0.0,0,0,
515,0.515,0.0,0.0,0,0,
516,0.516,0.0,0.0,0,0,
517,0.517,0.0,0.0,0,0,
518,0.518,0.0,0.0,0,0,
519,0.519,0.0,0.0,0,0,
520,0.52,0.0,0.0,0,0,
521,0.521,0.0,0.0,0,0,
522,0.522,0.0,0.0,0,0,
523,0.523,0.0,0.0,0,0,
524,0.524,0.0,0.0,0,0,
525,0.525,0.0,0.0,0,0,
526,0.526,0.0,0.0,0,0,
527,0.527,0.0,0.0,0,0,
528,0.528,0.0,0.0,0,0,
529,0.529,0.0,0.0,0,0,
530,0.53,0.0,0.0,0,0,
531,0.531,0.0,0.0,0,0,
532,0.532,0.0,0.0,0,0,
533,0.533,0.0,0.0,0,0,
534,0.534,0.0,0.0,0,0,
535,0.535,0.0,0.0,0,0,
536,0.536,0.0,0.0,0,0,
537,0.537,0.0,0.0,0,0,
538,0.538,0.0,0.0,0,0,
539,0.539,0.0,0.0,0,0,
540,0.54,0.0,0.0,0,0,
541,0.541,0.0,0.0,0,0,
542,0.542,0.0,0.0,0,0,
543,0.543,0.0,0.0,0,0,
544,0.544,0.0,0.0,0,0,
545,0.545,0.0,0.0,0,0,
546,0.546,0.0,0.0,0,0,
547,0.547,0.0,0.0,0,0,
548,0.548,0.0,0.0,0,0,
549,0.549,0.0,0.0,0,0,
550,0.55,0.0,0.0,0,0,
551,0.551,0.0,0.0,0,0,
552,0.552,0.0,0.0,0,0,
553,0.553,0.0,0.0,0,0,
554,0.554,0.0,0.0,0,0,
555,0.555,0.0,0.0,0,0,
556,0.556,0.0,0.0,0,0,
557,0.557,0.0,0.0,0,0,
558,0.558,0.0,0.0,0,0,
559,0.559,0.0,0.0,0,0,
560,0.56,0.0,0.0,0,0,
561,0.561,0.0,0.0,0,0,
562,0.562,0.0,0.0,0,0,
563,0.5630000000000001,0.0,0.0,0,0,
564,0.5640000000000001,0.0,0.0,0,0,
565,0.5650000000000001,0.0,0.0,0,0,
566,0.5660000000000001,0.0,0.0,0,0,
567,0.5670000000000001,0.0,0.0,0,0,
568,0.5680000000000001,0.0,0.0,0,0,
569,0.5690000000000001,0.0,0.0,0,0,
570,0.5700000000000001,0.0,0.0,0,0,
571,0.5710000000000001,0.0,0.0,0,0,
572,0.5720000000000001,0.0,0.0,0,0,
573,0.5730000000000001,0.0,0.0,0,0,
574,0.5740000000000001,0.0,0.0,0,0,
575,0.5750000000000001,0.0,0.0,0,0,
576,0.5760000000000001,0.0,0.0,0,0,
577,0.577,0.0,0.0,0,0,
578,0.578,0.0,0.0,0,0,
579,0.579,0.0,0.0,0,0,
580,0.58,0.0,0.0,0,0,
581,0.581,0.0,0.0,0,0,
582,0.582,0.0,0.0,0,0,
583,0.583,0.0,0.0,0,0,
584,0.584,0.0,0.0,0,0,
585,0.585,0.0,0.0,0,0,
586,0.586,0.0,0.0,0,0,
587,0.587,0.0,0.0,0,0,
588,0.588,0.0,0.0,0,0,
589,0.589,0.0,0.0,0,0,
590,0.59,0.0,0.0,0,0,
591,0.591,0.0,0.0,0,0,
592,0.592,0.0,0.0,0,0,
593,0.593,0.0,0.0,0,0,
594,0.594,0.0,0.0,0,0,
595,0.595,0.0,0.0,0,0,
596,0.596,0.0,0.0,0,0,
597,0.597,0.0,0.0,0,0,
598,0.598,0.0,0.0,0,0,
599,0.599,0.0,0.0,0,0,
600,0.6,0.0,0.0,0,0,7.304879093173903
601,0.601,0.0,0.0,0,0,
602,0.602,0.0,0.0,0,0,
603,0.603,0.0,0.0,0,0,
604,0.604,0.0,0.0,0,0,
605,0.605,0.0,0.0,0,0,
606,0.606,0.0,0.0,0,0,
607,0.607,0.0,0.0,0,0,
608,0.608,0.0,0.0,0,0,
609,0.609,0.0,0.0,0,0,
610,0.61,0.0,0.0,0,0,
611,0.611,0.0,0.0,0,0,
612,0.612,0.0,0.0,0,0,
613,0.613,0.0,0.0,0,0,
614,0.614,0.0,0.0,0,0,
615,0.615,0.0,0.0,0,0,
616,0.616,0.0,0.0,0,0,
617,0.617,0.0,0.0,0,0,
618,0.618,0.0,0.0,0,0,
619,0.619,0.0,0.0,0,0,
620,0.62,0.0,0.0,0,0,
621,0.621,0.0,0.0,0,0,
622,0.622,0.0,0.0,0,0,
623,0.623,0.0,0.0,0,0,
624,0.624,0.0,0.0,0,0,
625,0.625,0.0,0.0,0,0,
626,0.626,0.0,0.0,0,0,
627,0.627,0.0,0.0,0,0,
628,0.628,0.0,0.0,0,0,
629,0.629,0.0,0.0,0,0,
630,0.63,0.0,0.0,0,0,
631,0.631,0.0,0.0,0,0,
632,0.632,0.0,0.0,0,0,
633,0.633,0.0,0.0,0,0,
634,0.634,0.0,0.0,0,0,
635,0.635,0.0,0.0,0,0,
636,0.636,0.0,0.0,0,0,
637,0.637,0.0,0.0,0,0,
638,0.638,0.0,0.0,0,0,
639,0.639,0.0,0.0,0,0,
640,0.64,0.0,0.0,0,0,
641,0.641,0.0,0.0,0,0,
642,0.642,0.0,0.0,0,0,
643,0.643,0.0,0.0,0,0,
644,0.644,0.0,0.0,0,0,
645,0.645,0.0,0.0,0,0,
646,0.646,0.0,0.0,0,0,
647,0.647,0.0,0.0,0,0,
648,0.648,0.0,0.0,0,0,
649,0.649,0.0,0.0,0,0,
650,0.65,0.0,0.0,0,0,
651,0.651,0.0,0.0,0,0,
652,0.652,0.0,0.0,0,0,
653,0.653,0.0,0.0,0,0,
654,0.654,0.0,0.0,0,0,
655,0.655,0.0,0.0,0,0,
656,0.656,0.0,0.0,0,0,
657,0.657,0.0,0.0,0,0,
658,0.658,0.0,0.0,0,0,
659,0.659,0.0,0.0,0,0,
660,0.66,0.0,0.0,0,0,
661,0.661,0.0,0.0,0,0,
662,0.662,0.0,0.0,0,0,
663,0.663,0.0,0.0,0,0,
664,0.664,0.0,0.0,0,0,
665,0.665,0.0,0.0,0,0,
666,0.666,0.0,0.0,0,0,
667,0.667,0.0,0.0,0,0,
668,0.668,0.0,0.0,0,0,
669,0.669,0.0,0.0,0,0,
670,0.67,0.0,0.0,0,0,
671,0.671,0.0,0.0,0,0,
672,0.672,0.0,0.0,0,0,
673,0.673,0.0,0.0,0,0,
674,0.674,0.0,0.0,0,0,
675,0.675,0.0,0.0,0,0,
676,0.676,0.0,0.0,0,0,
677,0.677,0.0,0.0,0,0,
678,0.678,0.0,0.0,0,0,
679,0.679,0.0,0.0,0,0,
680,0.68,0.0,0.0,0,0,
681,0.681,0.0,0.0,0,0,
682,0.682,0.0,0.0,0,0,
683,0.683,0.0,0.0,0,0,
684,0.684,0.0,0.0,0,0,
685,0.685,0.0,0.0,0,0,
686,0.686,0.0,0.0,0,0,
687,0.687,0.0,0.0,0,0,
688,0.6880000000000001,0.0,0.0,0,0,
689,0.6890000000000001,0.0,0.0,0,0,
690,0.6900000000000001,0.0,0.0,0,0,
691,0.6910000000000001,0.0,0.0,0,0,
692,0.6920000000000001,0.0,0.0,0,0,
693,0.6930000000000001,0.0,0.0,0,0,
694,0.6940000000000001,0.0,0.0,0,0,
695,0.6950000000000001,0.0,0.0,0,0,
696,0.6960000000000001,0.0,0.0,0,0,
697,0.6970000000000001,0.0,0.0,0,0,
698,0.6980000000000001,0.0,0.0,0,0,
699,0.6990000000000001,0.0,0.0,0,0,
700,0.7000000000000001,0.0,0.0,0,0,7.305777840886415
701,0.7010000000000001,0.0,0.0,0,0,
702,0.7020000000000001,0.0,0.0,0,0,
703,0.7030000000000001,0.0,0.0,0,0,
704,0.704,0.0,0.0,0,0,
705,0.705,0.0,0.0,0,0,
706,0.706,0.0,0.0,0,0,
707,0.707,0.0,0.0,0,0,
708,0.708,0.0,0.0,0,0,
709,0.709,0.0,0.0,0,0,
710,0.71,0.0,0.0,0,0,
711,0.711,0.0,0.0,0,0,
712,0.712,0.0,0.0,0,0,
713,0.713,0.0,0.0,0,0,
714,0.714,0.0,0.0,0,0,
715,0.715,0.0,0.0,0,0,
716,0.716,0.0,0.0,0,0,
717,0.717,0.0,0.0,0,0,
718,0.718,0.0,0.0,0,0,
719,0.719,0.0,0.0,0,0,
720,0.72,0.0,0.0,0,0,
721,0.721,0.0,0.0,0,0,
722,0.722,0.0,0.0,0,0,
723,0.723,0.0,0.0,0,0,
724,0.724,0.0,0.0,0,0,
725,0.725,0.0,0.0,0,0,
726,0.726,0.0,0.0,0,0,
727,0.727,0.0,0.0,0,0,
728,0.728,0.0,0.0,0,0,
729,0.729,0.0,0.0,0,0,
730,0.73,0.0,0.0,0,0,
731,0.731,0.0,0.0,0,0,
732,0.732,0.0,0.0,0,0,
733,0.733,0.0,0.0,0,0,
734,0.734,0.0,0.0,0,0,
735,0.735,0.0,0.0,0,0,
736,0.736,0.0,0.0,0,0,
737,0.737,0.0,0.0,0,0,
738,0.738,0.0,0.0,0,0,
739,0.739,0.0,0.0,0,0,
740,0.74,0.0,0.0,0,0,
741,0.741,0.0,0.0,0,0,
742,0.742,0.0,0.0,0,0,
743,0.743,0.0,0.0,0,0,
744,0.744,0.0,0.0,0,0,
745,0.745,0.0,0.0,0,0,
746,0.746,0.0,0.0,0,0,
747,0.747,0.0,0.0,0,0,
748,0.748,0.0,0.0,0,0,
749,0.749,0.0,0.0,0,0,
750,0.75,0.0,0.0,0,0,
751,0.751,0.0,0.0,0,0,
752,0.752,0.0,0.0,0,0,
753,0.753,0.0,0.0,0,0,
754,0.754,0.0,0.0,0,0,
755,0.755,0.0,0.0,0,0,
756,0.756,0.0,0.0,0,0,
757,0.757,0.0,0.0,0,0,
758,0.758,0.0,0.0,0,0,
759,0.759,0.0,0.0,0,0,
760,0.76,0.0,0.0,0,0,
761,0.761,0.0,0.0,0,0,
762,0.762,0.0,0.0,0,0,
763,0.763,0.0,0.0,0,0,
764,0.764,0.0,0.0,0,0,
765,0.765,0.0,0.0,0,0,
766,0.766,0.0,0.0,0,0,
767,0.767,0.0,0.0,0,0,
768,0.768,0.0,0.0,0,0,
769,0.769,0.0,0.0,0,0,
770,0.77,0.0,0.0,0,0,
771,0.771,0.0,0.0,0,0,
772,0.772,0.0,0.0,0,0,
773,0.773,0.0,0.0,0,0,
774,0.774,0.0,0.0,0,0,
775,0.775,0.0,0.0,0,0,
776,0.776,0.0,0.0,0,0,
777,0.777,0.0,0.0,0,0,
778,0.778,0.0,0.0,0,0,
779,0.779,0.0,0.0,0,0,
780,0.78,0.0,0.0,0,0,
781,0.781,0.0,0.0,0,0,
782,0.782,0.0,0.0,0,0,
783,0.783,0.0,0.0,0,0,
784,0.784,0.0,0.0,0,0,
785,0.785,0.0,0.0,0,0,
786,0.786,0.0,0.0,0,0,
787,0.787,0.0,0.0,0,0,
788,0.788,0.0,0.0,0,0,
789,0.789,0.0,0.0,0,0,
790,0.79,0.0,0.0,0,0,
791,0.791,0.0,0.0,0,0,
792,0.792,0.0,0.0,0,0,
793,0.793,0.0,0.0,0,0,
794,0.794,0.0,0.0,0,0,
795,0.795,0.0,0.0,0,0,
796,0.796,0.0,0.0,0,0,
797,0.797,0.0,0.0,0,0,
798,0.798,0.0,0.0,0,0,
799,0.799,0.0,0.0,0,0,
800,0.8,0.0,0.0,0,0,7.298973666619704
801,0.801,0.0,0.0,0,0,
802,0.802,0.0,0.0,0,0,
803,0.803,0.0,0.0,0,0,
804,0.804,0.0,0.0,0,0,
805,0.805,0.0,0.0,0,0,
806,0.806,0.0,0.0,0,0,
807,0.807,0.0,0.0,0,0,
808,0.808,0.0,0.0,0,0,
809,0.809,0.0,0.0,0,0,
810,0.81,0.0,0.0,0,0,
811,0.811,0.0,0.0,0,0,
812,0.812,0.0,0.0,0,0,
813,0.8130000000000001,0.0,0.0,0,0,
814,0.8140000000000001,0.0,0.0,0,0,
815,0.8150000000000001,0.0,0.0,0,0,
816,0.8160000000000001,0.0,0.0,0,0,
817,0.8170000000000001,0.0,0.0,0,0,
818,0.8180000000000001,0.0,0.0,0,0,
819,0.8190000000000001,0.0,0.0,0,0,
820,0.8200000000000001,0.0,0.0,0,0,
821,0.8210000000000001,0.0,0.0,0,0,
822,0.8220000000000001,0.0,0.0,0,0,
823,0.8230000000000001,0.0,0.0,0,0,
824,0.8240000000000001,0.0,0.0,0,0,
825,0.8250000000000001,0.0,0.0,0,0,
826,0.8260000000000001,0.0,0.0,0,0,
827,0.8270000000000001,0.0,0.0,0,0,
828,0.8280000000000001,0.0,0.0,0,0,
829,0.8290000000000001,0.0,0.0,0,0,
830,0.8300000000000001,0.0,0.0,0,0,
831,0.8310000000000001,0.0,0.0,0,0,
832,0.8320000000000001,0.0,0.0,0,0,
833,0.833,0.0,0.0,0,0,
834,0.834,0.0,0.0,0,0,
835,0.835,0.0,0.0,0,0,
836,0.836,0.0,0.0,0,0,
837,0.837,0.0,0.0,0,0,
838,0.838,0.0,0.0,0,0,
839,0.839,0.0,0.0,0,0,
840,0.84,0.0,0.0,0,0,
841,0.841,0.0,0.0,0,0,
842,0.842,0.0,0.0,0,0,
843,0.843,0.0,0.0,0,0,
844,0.844,0.0,0.0,0,0,
845,0.845,0.0,0.0,0,0,
846,0.846,0.0,0.0,0,0,
847,0.847,0.0,0.0,0,0,
848,0.848,0.0,0.0,0,0,
849,0.849,0.0,0.0,0,0,
850,0.85,0.0,0.0,0,0,
851,0.851,0.0,0.0,0,0,
852,0.852,0.0,0.0,0,0,
853,0.853,0.0,0.0,0,0,
854,0.854,0.0,0.0,0,0,
855,0.855,0.0,0.0,0,0,
856,0.856,0.0,0.0,0,0,
857,0.857,0.0,0.0,0,0,
858,0.858,0.0,0.0,0,0,
859,0.859,0.0,0.0,0,0,
860,0.86,0.0,0.0,0,0,
861,0.861,0.0,0.0,0,0,
862,0.862,0.0,0.0,0,0,
863,0.863,0.0,0.0,0,0,
864,0.864,0.0,0.0,0,0,
865,0.865,0.0,0.0,0,0,
866,0.866,0.0,0.0,0,0,
867,0.867,0.0,0.0,0,0,
868,0.868,0.0,0.0,0,0,
869,0.869,0.0,0.0,0,0,
870,0.87,0.0,0.0,0,0,
871,0.871,0.0,0.0,0,0,
872,0.872,0.0,0.0,0,0,
873,0.873,0.0,0.0,0,0,
874,0.874,0.0,0.0,0,0,
875,0.875,0.0,0.0,0,0,
876,0.876,0.0,0.0,0,0,
877,0.877,0.0,0.0,0,0,
878,0.878,0.0,0.0,0,0,
879,0.879,0.0,0.0,0,0,
880,0.88,0.0,0.0,0,0,
881,0.881,0.0,0.0,0,0,
882,0.882,0.0,0.0,0,0,
883,0.883,0.0,0.0,0,0,
884,0.884,0.0,0.0,0,0,
885,0.885,0.0,0.0,0,0,
886,0.886,0.0,0.0,0,0,
887,0.887,0.0,0.0,0,0,
888,0.888,0.0,0.0,0,0,
889,0.889,0.0,0.0,0,0,
890,0.89,0.0,0.0,0,0,
891,0.891,0.0,0.0,0,0,
892,0.892,0.0,0.0,0,0,
893,0.893,0.0,0.0,0,0,
894,0.894,0.0,0.0,0,0,
895,0.895,0.0,0.0,0,0,
896,0.896,0.0,0.0,0,0,
897,0.897,0.0,0.0,0,0,
898,0.898,0.0,0.0,0,0,
899,0.899,0.0,0.0,0,0,
900,0.9,0.0,0.0,0,0,7.06157959688847
901,0.901,0.0,0.0,0,0,
902,0.902,0.0,0.0,0,0,
903,0.903,0.0,0.0,0,0,
904,0.904,0.0,0.0,0,0,
905,0.905,0.0,0.0,0,0,
906,0.906,0.0,0.0,0,0,
907,0.907,0.0,0.0,0,0,
908,0.908,0.0,0.0,0,0,
909,0.909,0.0,0.0,0,0,
910,0.91,0.0,0.0,0,0,
911,0.911,0.0,0.0,0,0,
912,0.912,0.0,0.0,0,0,
913,0.913,0.0,0.0,0,0,
914,0.914,0.0,0.0,0,0,
915,0.915,0.0,0.0,0,0,
916,0.916,0.0,0.0,0,0,
917,0.917,0.0,0.0,0,0,
918,0.918,0.0,0.0,0,0,
919,0.919,0.0,0.0,0,0,
920,0.92,0.0,0.0,0,0,
921,0.921,0.0,0.0,0,0,
922,0.922,0.0,0.0,0,0,
923,0.923,0.0,0.0,0,0,
924,0.924,0.0,0.0,0,0,
925,0.925,0.0,0.0,0,0,
926,0.926,0.0,0.0,0,0,
927,0.927,0.0,0.0,0,0,
928,0.928,0.0,0.0,0,0,
929,0.929,0.0,0.0,0,0,
930,0.93,0.0,0.0,0,0,
931,0.931,0.0,0.0,0,0,
932,0.932,0.0,0.0,0,0,
933,0.933,0.0,0.0,0,0,
934,0.934,0.0,0.0,0,0,
935,0.935,0.0,0.0,0,0,
936,0.936,0.0,0.0,0,0,
937,0.937,0.0,0.0,0,0,
938,0.9380000000000001,0.0,0.0,0,0,
939,0.9390000000000001,0.0,0.0,0,0,
940,0.9400000000000001,0.0,0.0,0,0,
941,0.9410000000000001,0.0,0.0,0,0,
942,0.9420000000000001,0.0,0.0,0,0,
943,0.9430000000000001,0.0,0.0,0,0,
944,0.9440000000000001,0.0,0.0,0,0,
945,0.9450000000000001,0.0,0.0,0,0,
946,0.9460000000000001,0.0,0.0,0,0,
947,0.9470000000000001,0.0,0.0,0,0,
948,0.9480000000000001,0.0,0.0,0,0,
949,0.9490000000000001,0.0,0.0,0,0,
950,0.9500000000000001,0.0,0.0,0,0,
951,0.9510000000000001,0.0,0.0,0,0,
952,0.9520000000000001,0.0,0.0,0,0,
953,0.9530000000000001,0.0,0.0,0,0,
954,0.9540000000000001,0.0,0.0,0,0,
955,0.9550000000000001,0.0,0.0,0,0,
956,0.9560000000000001,0.0,0.0,0,0,
957,0.9570000000000001,0.0,0.0,0,0,
958,0.9580000000000001,0.0,0.0,0,0,
959,0.9590000000000001,0.0,0.0,0,0,
960,0.96,0.0,0.0,0,0,
961,0.961,0.0,0.0,0,0,
962,0.962,0.0,0.0,0,0,
963,0.963,0.0,0.0,0,0,
964,0.964,0.0,0.0,0,0,
965,0.965,0.0,0.0,0,0,
966,0.966,0.0,0.0,0,0,
967,0.967,0.0,0.0,0,0,
968,0.968,0.0,0.0,0,0,
969,0.969,0.0,0.0,0,0,
970,0.97,0.0,0.0,0,0,
971,0.971,0.0,0.0,0,0,
972,0.972,0.0,0.0,0,0,
973,0.973,0.0,0.0,0,0,
974,0.974,0.0,0.0,0,0,
975,0.975,0.0,0.0,0,0,
976,0.976,0.0,0.0,0,0,
977,0.977,0.0,0.0,0,0,
978,0.978,0.0,0.0,0,0,
979,0.979,0.0,0.0,0,0,
980,0.98,0.0,0.0,0,0,
981,0.981,0.0,0.0,0,0,
982,0.982,0.0,0.0,0,0,
983,0.983,0.0,0.0,0,0,
984,0.984,0.0,0.0,0,0,
985,0.985,0.0,0.0,0,0,
986,0.986,0.0,0.0,0,0,
987,0.987,0.0,0.0,0,0,
988,0.988,0.0,0.0,0,0,
989,0.989,0.0,0.0,0,0,
990,0.99,0.0,0.0,0,0,
991,0.991,0.0,0.0,0,0,
992,0.992,0.0,0.0,0,0,
993,0.993,0.0,0.0,0,0,
994,0.994,0.0,0.0,0,0,
995,0.995,0.0,0.0,0,0,
996,0.996,0.0,0.0,0,0,
997,0.997,0.0,0.0,0,0,
998,0.998,0.0,0.0,0,0,
999,0.999,0.0,0.0,0,0,
1000,1.0,0.0,0.0,0,0,6.458783583300103
1001,1.0010000000000001,0.0,0.0,0,0,
1002,1.002,0.0,0.0,0,0,
1003,1.0030000000000001,0.0,0.0,0,0,
1004,1.004,0.0,0.0,0,0,
1005,1.0050000000000001,0.0,0.0,0,0,
1006,1.006,0.0,0.0,0,0,
1007,1.0070000000000001,0.0,0.0,0,0,
1008,1.008,0.0,0.0,0,0,
1009,1.0090000000000001,0.0,0.0,0,0,
1010,1.01,0.0,0.0,0,0,
1011,1.0110000000000001,0.0,0.0,0,0,
1012,1.012,0.0,0.0,0,0,
1013,1.0130000000000001,0.0,0.0,0,0,
1014,1.014,0.0,0.0,0,0,
1015,1.0150000000000001,0.0,0.0,0,0,
1016,1.016,0.0,0.0,0,0,
1017,1.0170000000000001,0.0,0.0,0,0,
1018,1.018,0.0,0.0,0,0,
1019,1.0190000000000001,0.0,0.0,0,0,
1020,1.02,0.0,0.0,0,0,
1021,1.0210000000000001,0.0,0.0,0,0,
1022,1.022,0.0,0.0,0,0,
1023,1.0230000000000001,0.0,0.0,0,0,
1024,1.024,0.0,0.0,0,0,
1025,1.025,0.0,0.0,0,0,
1026,1.026,0.0,0.0,0,0,
1027,1.027,0.0,0.0,0,0,
1028,1.028,0.0,0.0,0,0,
1029,1.029,0.0,0.0,0,0,
1030,1.03,0.0,0.0,0,0,
1031,1.031,0.0,0.0,0,0,
1032,1.032,0.0,0.0,0,0,
1033,1.033,0.0,0.0,0,0,
1034,1.034,0.0,0.0,0,0,
1035,1.035,0.0,0.0,0,0,
1036,1.036,0.0,0.0,0,0,
1037,1.037,0.0,0.0,0,0,
1038,1.038,0.0,0.0,0,0,
1039,1.039,0.0,0.0,0,0,
1040,1.04,0.0,0.0,0,0,
1041,1.041,0.0,0.0,0,0,
1042,1.042,0.0,0.0,0,0,
1043,1.043,0.0,0.0,0,0,
1044,1.044,0.0,0.0,0,0,
1045,1.045,0.0,0.0,0,0,
1046,1.046,0.0,0.0,0,0,
1047,1.047,0.0,0.0,0,0,
1048,1.048,0.0,0.0,0,0,
1049,1.049,0.0,0.0,0,0,
1050,1.05,0.0,0.0,0,0,
1051,1.051,0.0,0.0,0,0,
1052,1.052,0.0,0.0,0,0,
1053,1.053,0.0,0.0,0,0,
1054,1.054,0.0,0.0,0,0,
1055,1.055,0.0,0.0,0,0,
1056,1.056,0.0,0.0,0,0,
1057,1.057,0.0,0.0,0,0,
1058,1.058,0.0,0.0,0,0,
1059,1.059,0.0,0.0,0,0,
1060,1.06,0.0,0.0,0,0,
1061,1.061,0.0,0.0,0,0,
1062,1.062,0.0,0.0,0,0,
1063,1.063,0.0,0.0,0,0,
1064,1.064,0.0,0.0,0,0,
1065,1.065,0.0,0.0,0,0,
1066,1.066,0.0,0.0,0,0,
1067,1.067,0.0,0.0,0,0,
1068,1.068,0.0,0.0,0,0,
1069,1.069,0.0,0.0,0,0,
1070,1.07,0.0,0.0,0,0,
1071,1.071,0.0,0.0,0,0,
1072,1.072,0.0,0.0,0,0,
1073,1.073,0.0,0.0,0,0,
1074,1.074,0.0,0.0,0,0,
1075,1.075,0.0,0.0,0,0,
1076,1.076,0.0,0.0,0,0,
1077,1.077,0.0,0.0,0,0,
1078,1.078,0.0,0.0,0,0,
1079,1.079,0.0,0.0,0,0,
1080,1.08,0.0,0.0,0,0,
1081,1.081,0.0,0.0,0,0,
1082,1.082,0.0,0.0,0,0,
1083,1.083,0.0,0.0,0,0,
1084,1.084,0.0,0.0,0,0,
1085,1.085,0.0,0.0,0,0,
1086,1.086,0.0,0.0,0,0,
1087,1.087,0.0,0.0,0,0,
1088,1.088,0.0,0.0,0,0,
1089,1.089,0.0,0.0,0,0,
1090,1.09,0.0,0.0,0,0,
1091,1.091,0.0,0.0,0,0,
1092,1.092,0.0,0.0,0,0,
1093,1.093,0.0,0.0,0,0,
1094,1.094,0.0,0.0,0,0,
1095,1.095,0.0,0.0,0,0,
1096,1.096,0.0,0.0,0,0,
1097,1.097,0.0,0.0,0,0,
1098,1.098,0.0,0.0,0,0,
1099,1.099,0.0,0.0,0,0,
1100,1.1,0.0,0.0,0,0,6.354585806484597
1101,1.101,0.0,0.0,0,0,
1102,1.102,0.0,0.0,0,0,
1103,1.103,0.0,0.0,0,0,
1104,1.104,0.0,0.0,0,0,
1105,1.105,0.0,0.0,0,0,
1106,1.106,0.0,0.0,0,0,
1107,1.107,0.0,0.0,0,0,
1108,1.108,0.0,0.0,0,0,
1109,1.109,0.0,0.0,0,0,
1110,1.11,0.0,0.0,0,0,
1111,1.111,0.0,0.0,0,0,
1112,1.112,0.0,0.0,0,0,
1113,1.113,0.0,0.0,0,0,
1114,1.114,0.0,0.0,0,0,
1115,1.115,0.0,0.0,0,0,
1116,1.116,0.0,0.0,0,0,
1117,1.117,0.0,0.0,0,0,
1118,1.118,0.0,0.0,0,0,
1119,1.119,0.0,0.0,0,0,
1120,1.12,0.0,0.0,0,0,
1121,1.121,0.0,0.0,0,0,
1122,1.122,0.0,0.0,0,0,
1123,1.123,0.0,0.0,0,0,
1124,1.124,0.0,0.0,0,0,
1125,1.125,0.0,0.0,0,0,
1126,1.1260000000000001,0.0,0.0,0,0,
1127,1.127,0.0,0.0,0,0,
1128,1.1280000000000001,0.0,0.0,0,0,
1129,1.129,0.0,0.0,0,0,
1130,1.1300000000000001,0.0,0.0,0,0,
1131,1.131,0.0,0.0,0,0,
1132,1.1320000000000001,0.0,0.0,0,0,
1133,1.133,0.0,0.0,0,0,
1134,1.1340000000000001,0.0,0.0,0,0,
1135,1.135,0.0,0.0,0,0,
1136,1.1360000000000001,0.0,0.0,0,0,
1137,1.137,0.0,0.0,0,0,
1138,1.1380000000000001,0.0,0.0,0,0,
1139,1.139,0.0,0.0,0,0,
1140,1.1400000000000001,0.0,0.0,0,0,
1141,1.141,0.0,0.0,0,0,
1142,1.1420000000000001,0.0,0.0,0,0,
1143,1.143,0.0,0.0,0,0,
1144,1.1440000000000001,0.0,0.0,0,0,
1145,1.145,0.0,0.0,0,0,
1146,1.1460000000000001,0.0,0.0,0,0,
1147,1.147,0.0,0.0,0,0,
1148,1.1480000000000001,0.0,0.0,0,0,
1149,1.149,0.0,0.0,0,0,
1150,1.1500000000000001,0.0,0.0,0,0,
1151,1.151,0.0,0.0,0,0,
1152,1.1520000000000001,0.0,0.0,0,0,
1153,1.153,0.0,0.0,0,0,
1154,1.154,0.0,0.0,0,0,
1155,1.155,0.0,0.0,0,0,
1156,1.156,0.0,0.0,0,0,
1157,1.157,0.0,0.0,0,0,
1158,1.158,0.0,0.0,0,0,
1159,1.159,0.0,0.0,0,0,
1160,1.16,0.0,0.0,0,0,
1161,1.161,0.0,0.0,0,0,
1162,1.162,0.0,0.0,0,0,
1163,1.163,0.0,0.0,0,0,
1164,1.164,0.0,0.0,0,0,
1165,1.165,0.0,0.0,0,0,
1166,1.166,0.0,0.0,0,0,
1167,1.167,0.0,0.0,0,0,
1168,1.168,0.0,0.0,0,0,
1169,1.169,0.0,0.0,0,0,
1170,1.17,0.0,0.0,0,0,
1171,1.171,0.0,0.0,0,0,
1172,1.172,0.0,0.0,0,0,
1173,1.173,0.0,0.0,0,0,
1174,1.174,0.0,0.0,0,0,
1175,1.175,0.0,0.0,0,0,
1176,1.176,0.0,0.0,0,0,
1177,1.177,0.0,0.0,0,0,
1178,1.178,0.0,0.0,0,0,
1179,1.179,0.0,0.0,0,0,
1180,1.18,0.0,0.0,0,0,
1181,1.181,0.0,0.0,0,0,
1182,1.182,0.0,0.0,0,0,
1183,1.183,0.0,0.0,0,0,
1184,1.184,0.0,0.0,0,0,
1185,1.185,0.0,0.0,0,0,
1186,1.186,0.0,0.0,0,0,
1187,1.187,0.0,0.0,0,0,
1188,1.188,0.0,0.0,0,0,
1189,1.189,0.0,0.0,0,0,
1190,1.19,0.0,0.0,0,0,
1191,1.191,0.0,0.0,0,0,
1192,1.192,0.0,0.0,0,0,
1193,1.193,0.0,0.0,0,0,
1194,1.194,0.0,0.0,0,0,
1195,1.195,0.0,0.0,0,0,
1196,1.196,0.0,0.0,0,0,
1197,1.197,0.0,0.0,0,0,
1198,1.198,0.0,0.0,0,0,
1199,1.199,0.0,0.0,0,0,
1200,1.2,0.0,0.0,0,0,6.353303608712084
1201,1.201,0.0,0.0,0,0,
1202,1.202,0.0,0.0,0,0,
1203,1.203,0.0,0.0,0,0,
1204,1.204,0.0,0.0,0,0,
1205,1.205,0.0,0.0,0,0,
1206,1.206,0.0,0.0,0,0,
1207,1.207,0.0,0.0,0,0,
1208,1.208,0.0,0.0,0,0,
1209,1.209,0.0,0.0,0,0,
1210,1.21,0.0,0.0,0,0,
1211,1.211,0.0,0.0,0,0,
1212,1.212,0.0,0.0,0,0,
1213,1.213,0.0,0.0,0,0,
1214,1.214,0.0,0.0,0,0,
1215,1.215,0.0,0.0,0,0,
1216,1.216,0.0,0.0,0,0,
1217,1.217,0.0,0.0,0,0,
1218,1.218,0.0,0.0,0,0,
1219,1.219,0.0,0.0,0,0,
1220,1.22,0.0,0.0,0,0,
1221,1.221,0.0,0.0,0,0,
1222,1.222,0.0,0.0,0,0,
1223,1.223,0.0,0.0,0,0,
1224,1.224,0.0,0.0,0,0,
1225,1.225,0.0,0.0,0,0,
1226,1.226,0.0,0.0,0,0,
1227,1.227,0.0,0.0,0,0,
1228,1.228,0.0,0.0,0,0,
1229,1.229,0.0,0.0,0,0,
1230,1.23,0.0,0.0,0,0,
1231,1.231,0.0,0.0,0,0,
1232,1.232,0.0,0.0,0,0,
1233,1.233,0.0,0.0,0,0,
1234,1.234,0.0,0.0,0,0,
1235,1.235,0.0,0.0,0,0,
1236,1.236,0.0,0.0,0,0,
1237,1.237,0.0,0.0,0,0,
1238,1.238,0.0,0.0,0,0,
1239,1.239,0.0,0.0,0,0,
1240,1.24,0.0,0.0,0,0,
1241,1.241,0.0,0.0,0,0,
1242,1.242,0.0,0.0,0,0,
1243,1.243,0.0,0.0,0,0,
1244,1.244,0.0,0.0,0,0,
1245,1.245,0.0,0.0,0,0,
1246,1.246,0.0,0.0,0,0,
1247,1.247,0.0,0.0,0,0,
1248,1.248,0.0,0.0,0,0,
1249,1.249,0.0,0.0,0,0,
1250,1.25,0.0,0.0,0,0,
1251,1.2510000000000001,0.0,0.0,0,0,
1252,1.252,0.0,0.0,0,0,
1253,1.2530000000000001,0.0,0.0,0,0,
1254,1.254,0.0,0.0,0,0,
1255,1.2550000000000001,0.0,0.0,0,0,
1256,1.256,0.0,0.0,0,0,
1257,1.2570000000000001,0.0,0.0,0,0,
1258,1.258,0.0,0.0,0,0,
1259,1.2590000000000001,0.0,0.0,0,0,
1260,1.26,0.0,0.0,0,0,
1261,1.2610000000000001,0.0,0.0,0,0,
1262,1.262,0.0,0.0,0,0,
1263,1.2630000000000001,0.0,0.0,0,0,
1264,1.264,0.0,0.0,0,0,
1265,1.2650000000000001,0.0,0.0,0,0,
1266,1.266,0.0,0.0,0,0,
1267,1.2670000000000001,0.0,0.0,0,0,
1268,1.268,0.0,0.0,0,0,
1269,1.2690000000000001,0.0,0.0,0,0,
1270,1.27,0.0,0.0,0,0,
1271,1.2710000000000001,0.0,0.0,0,0,
1272,1.272,0.0,0.0,0,0,
1273,1.2730000000000001,0.0,0.0,0,0,
1274,1.274,0.0,0.0,0,0,
1275,1.2750000000000001,0.0,0.0,0,0,
1276,1.276,0.0,0.0,0,0,
1277,1.2770000000000001,0.0,0.0,0,0,
1278,1.278,0.0,0.0,0,0,
1279,1.2790000000000001,0.0,0.0,0,0,
1280,1.28,0.0,0.0,0,0,
1281,1.281,0.0,0.0,0,0,
1282,1.282,0.0,0.0,0,0,
1283,1.283,0.0,0.0,0,0,
1284,1.284,0.0,0.0,0,0,
1285,1.285,0.0,0.0,0,0,
1286,1.286,0.0,0.0,0,0,
1287,1.287,0.0,0.0,0,0,
1288,1.288,0.0,0.0,0,0,
1289,1.289,0.0,0.0,0,0,
1290,1.29,0.0,0.0,0,0,
1291,1.291,0.0,0.0,0,0,
1292,1.292,0.0,0.0,0,0,
1293,1.293,0.0,0.0,0,0,
1294,1.294,0.0,0.0,0,0,
1295,1.295,0.0,0.0,0,0,
1296,1.296,0.0,0.0,0,0,
1297,1.297,0.0,0.0,0,0,
1298,1.298,0.0,0.0,0,0,
1299,1.299,0.0,0.0,0,0,
1300,1.3,0.0,0.0,0,0,6.354889787461896
1301,1.301,0.0,0.0,0,0,
1302,1.302,0.0,0.0,0,0,
1303,1.303,0.0,0.0,0,0,
1304,1.304,0.0,0.0,0,0,
1305,1.305,0.0,0.0,0,0,
1306,1.306,0.0,0.0,0,0,
1307,1.307,0.0,0.0,0,0,
1308,1.308,0.0,0.0,0,0,
1309,1.309,0.0,0.0,0,0,
1310,1.31,0.0,0.0,0,0,
1311,1.311,0.0,0.0,0,0,
1312,1.312,0.0,0.0,0,0,
1313,1.313,0.0,0.0,0,0,
1314,1.314,0.0,0.0,0,0,
1315,1.315,0.0,0.0,0,0,
1316,1.316,0.0,0.0,0,0,
1317,1.317,0.0,0.0,0,0,
1318,1.318,0.0,0.0,0,0,
1319,1.319,0.0,0.0,0,0,
1320,1.32,0.0,0.0,0,0,
1321,1.321,0.0,0.0,0,0,
1322,1.322,0.0,0.0,0,0,
1323,1.323,0.0,0.0,0,0,
1324,1.324,0.0,0.0,0,0,
1325,1.325,0.0,0.0,0,0,
1326,1.326,0.0,0.0,0,0,
1327,1.327,0.0,0.0,0,0,
1328,1.328,0.0,0.0,0,0,
1329,1.329,0.0,0.0,0,0,
1330,1.33,0.0,0.0,0,0,
1331,1.331,0.0,0.0,0,0,
1332,1.332,0.0,0.0,0,0,
1333,1.333,0.0,0.0,0,0,
1334,1.334,0.0,0.0,0,0,
1335,1.335,0.0,0.0,0,0,
1336,1.336,0.0,0.0,0,0,
1337,1.337,0.0,0.0,0,0,
1338,1.338,0.0,0.0,0,0,
1339,1.339,0.0,0.0,0,0,
1340,1.34,0.0,0.0,0,0,
1341,1.341,0.0,0.0,0,0,
1342,1.342,0.0,0.0,0,0,
1343,1.343,0.0,0.0,0,0,
1344,1.344,0.0,0.0,0,0,
1345,1.345,0.0,0.0,0,0,
1346,1.346,0.0,0.0,0,0,
1347,1.347,0.0,0.0,0,0,
1348,1.348,0.0,0.0,0,0,
1349,1.349,0.0,0.0,0,0,
1350,1.35,0.0,0.0,0,0,
1351,1.351,0.0,0.0,0,0,
1352,1.352,0.0,0.0,0,0,
1353,1.353,0.0,0.0,0,0,
1354,1.354,0.0,0.0,0,0,
1355,1.355,0.0,0.0,0,0,
1356,1.356,0.0,0.0,0,0,
1357,1.357,0.0,0.0,0,0,
1358,1.358,0.0,0.0,0,0,
1359,1.359,0.0,0.0,0,0,
1360,1.36,0.0,0.0,0,0,
1361,1.361,0.0,0.0,0,0,
1362,1.362,0.0,0.0,0,0,
1363,1.363,0.0,0.0,0,0,
1364,1.364,0.0,0.0,0,0,
1365,1.365,0.0,0.0,0,0,
1366,1.366,0.0,0.0,0,0,
1367,1.367,0.0,0.0,0,0,
1368,1.368,0.0,0.0,0,0,
1369,1.369,0.0,0.0,0,0,
1370,1.37,0.0,0.0,0,0,
1371,1.371,0.0,0.0,0,0,
1372,1.372,0.0,0.0,0,0,
1373,1.373,0.0,0.0,0,0,
1374,1.374,0.0,0.0,0,0,
1375,1.375,0.0,0.0,0,0,
1376,1.3760000000000001,0.0,0.0,0,0,
1377,1.377,0.0,0.0,0,0,
1378,1.3780000000000001,0.0,0.0,0,0,
1379,1.379,0.0,0.0,0,0,
1380,1.3800000000000001,0.0,0.0,0,0,
1381,1.381,0.0,0.0,0,0,
1382,1.3820000000000001,0.0,0.0,0,0,
1383,1.383,0.0,0.0,0,0,
1384,1.3840000000000001,0.0,0.0,0,0,
1385,1.385,0.0,0.0,0,0,
1386,1.3860000000000001,0.0,0.0,0,0,
1387,1.387,0.0,0.0,0,0,
1388,1.3880000000000001,0.0,0.0,0,0,
1389,1.389,0.0,0.0,0,0,
1390,1.3900000000000001,0.0,0.0,0,0,
1391,1.391,0.0,0.0,0,0,
1392,1.3920000000000001,0.0,0.0,0,0,
1393,1.393,0.0,0.0,0,0,
1394,1.3940000000000001,0.0,0.0,0,0,
1395,1.395,0.0,0.0,0,0,
1396,1.3960000000000001,0.0,0.0,0,0,
1397,1.397,0.0,0.0,0,0,
1398,1.3980000000000001,0.0,0.0,0,0,
1399,1.399,0.0,0.0,0,0,
1400,1.4000000000000001,0.0,0.0,0,0,6.353679291246616
1401,1.401,0.0,0.0,0,0,
1402,1.4020000000000001,0.0,0.0,0,0,
1403,1.403,0.0,0.0,0,0,
1404,1.4040000000000001,0.0,0.0,0,0,
1405,1.405,0.0,0.0,0,0,
1406,1.4060000000000001,0.0,0.0,0,0,
1407,1.407,0.0,0.0,0,0,
1408,1.408,0.0,0.0,0,0,
1409,1.409,0.0,0.0,0,0,
1410,1.41,0.0,0.0,0,0,
1411,1.411,0.0,0.0,0,0,
1412,1.412,0.0,0.0,0,0,
1413,1.413,0.0,0.0,0,0,
1414,1.414,0.0,0.0,0,0,
1415,1.415,0.0,0.0,0,0,
1416,1.416,0.0,0.0,0,0,
1417,1.417,0.0,0.0,0,0,
1418,1.418,0.0,0.0,0,0,
1419,1.419,0.0,0.0,0,0,
1420,1.42,0.0,0.0,0,0,
1421,1.421,0.0,0.0,0,0,
1422,1.422,0.0,0.0,0,0,
1423,1.423,0.0,0.0,0,0,
1424,1.424,0.0,0.0,0,0,
1425,1.425,0.0,0.0,0,0,
1426,1.426,0.0,0.0,0,0,
1427,1.427,0.0,0.0,0,0,
1428,1.428,0.0,0.0,0,0,
1429,1.429,0.0,0.0,0,0,
1430,1.43,0.0,0.0,0,0,
1431,1.431,0.0,0.0,0,0,
1432,1.432,0.0,0.0,0,0,
1433,1.433,0.0,0.0,0,0,
1434,1.434,0.0,0.0,0,0,
1435,1.435,0.0,0.0,0,0,
1436,1.436,0.0,0.0,0,0,
1437,1.437,0.0,0.0,0,0,
1438,1.438,0.0,0.0,0,0,
1439,1.439,0.0,0.0,0,0,
1440,1.44,0.0,0.0,0,0,
1441,1.441,0.0,0.0,0,0,
1442,1.442,0.0,0.0,0,0,
1443,1.443,0.0,0.0,0,0,
1444,1.444,0.0,0.0,0,0,
1445,1.445,0.0,0.0,0,0,
1446,1.446,0.0,0.0,0,0,
1447,1.447,0.0,0.0,0,0,
1448,1.448,0.0,0.0,0,0,
1449,1.449,0.0,0.0,0,0,
1450,1.45,0.0,0.0,0,0,
1451,1.451,0.0,0.0,0,0,
1452,1.452,0.0,0.0,0,0,
1453,1.453,0.0,0.0,0,0,
1454,1.454,0.0,0.0,0,0,
1455,1.455,0.0,0.0,0,0,
1456,1.456,0.0,0.0,0,0,
1457,1.457,0.0,0.0,0,0,
1458,1.458,0.0,0.0,0,0,
1459,1.459,0.0,0.0,0,0,
1460,1.46,0.0,0.0,0,0,
1461,1.461,0.0,0.0,0,0,
1462,1.462,0.0,0.0,0,0,
1463,1.463,0.0,0.0,0,0,
1464,1.464,0.0,0.0,0,0,
1465,1.465,0.0,0.0,0,0,
1466,1.466,0.0,0.0,0,0,
1467,1.467,0.0,0.0,0,0,
1468,1.468,0.0,0.0,0,0,
1469,1.469,0.0,0.0,0,0,
1470,1.47,0.0,0.0,0,0,
1471,1.471,0.0,0.0,0,0,
1472,1.472,0.0,0.0,0,0,
1473,1.473,0.0,0.0,0,0,
1474,1.474,0.0,0.0,0,0,
1475,1.475,0.0,0.0,0,0,
1476,1.476,0.0,0.0,0,0,
1477,1.477,0.0,0.0,0,0,
1478,1.478,0.0,0.0,0,0,
1479,1.479,0.0,0.0,0,0,
1480,1.48,0.0,0.0,0,0,
1481,1.481,0.0,0.0,0,0,
1482,1.482,0.0,0.0,0,0,
1483,1.483,0.0,0.0,0,0,
1484,1.484,0.0,0.0,0,0,
1485,1.485,0.0,0.0,0,0,
1486,1.486,0.0,0.0,0,0,
1487,1.487,0.0,0.0,0,0,
1488,1.488,0.0,0.0,0,0,
1489,1.489,0.0,0.0,0,0,
1490,1.49,0.0,0.0,0,0,
1491,1.491,0.0,0.0,0,0,
1492,1.492,0.0,0.0,0,0,
1493,1.493,0.0,0.0,0,0,
1494,1.494,0.0,0.0,0,0,
1495,1.495,0.0,0.0,0,0,
1496,1.496,0.0,0.0,0,0,
1497,1.497,0.0,0.0,0,0,
1498,1.498,0.0,0.0,0,0,
1499,1.499,0.0,0.0,0,0,
1500,1.5,0.0,0.0,0,0,6.352816410408238
1501,1.5010000000000001,0.0,0.0,0,0,
1502,1.502,0.0,0.0,0,0,
1503,1.5030000000000001,0.0,0.0,0,0,
1504,1.504,0.0,0.0,0,0,
1505,1.5050000000000001,0.0,0.0,0,0,
1506,1.506,0.0,0.0,0,0,
1507,1.5070000000000001,0.0,0.0,0,0,
1508,1.508,0.0,0.0,0,0,
1509,1.5090000000000001,0.0,0.0,0,0,
1510,1.51,0.0,0.0,0,0,
1511,1.5110000000000001,0.0,0.0,0,0,
1512,1.512,0.0,0.0,0,0,
1513,1.5130000000000001,0.0,0.0,0,0,
1514,1.514,0.0,0.0,0,0,
1515,1.5150000000000001,0.0,0.0,0,0,
1516,1.516,0.0,0.0,0,0,
1517,1.5170000000000001,0.0,0.0,0,0,
1518,1.518,0.0,0.0,0,0,
1519,1.5190000000000001,0.0,0.0,0,0,
1520,1.52,0.0,0.0,0,0,
1521,1.5210000000000001,0.0,0.0,0,0,
1522,1.522,0.0,0.0,0,0,
1523,1.5230000000000001,0.0,0.0,0,0,
1524,1.524,0.0,0.0,0,0,
1525,1.5250000000000001,0.0,0.0,0,0,
1526,1.526,0.0,0.0,0,0,
1527,1.5270000000000001,0.0,0.0,0,0,
1528,1.528,0.0,0.0,0,0,
1529,1.5290000000000001,0.0,0.0,0,0,
1530,1.53,0.0,0.0,0,0,
1531,1.5310000000000001,0.0,0.0,0,0,
1532,1.532,0.0,0.0,0,0,
1533,1.5330000000000001,0.0,0.0,0,0,
1534,1.534,0.0,0.0,0,0,
1535,1.5350000000000001,0.0,0.0,0,0,
1536,1.536,0.0,0.0,0,0,
1537,1.537,0.0,0.0,0,0,
1538,1.538,0.0,0.0,0,0,
1539,1.539,0.0,0.0,0,0,
1540,1.54,0.0,0.0,0,0,
1541,1.541,0.0,0.0,0,0,
1542,1.542,0.0,0.0,0,0,
1543,1.543,0.0,0.0,0,0,
1544,1.544,0.0,0.0,0,0,
1545,1.545,0.0,0.0,0,0,
1546,1.546,0.0,0.0,0,0,
1547,1.547,0.0,0.0,0,0,
1548,1.548,0.0,0.0,0,0,
1549,1.549,0.0,0.0,0,0,
1550,1.55,0.0,0.0,0,0,
1551,1.551,0.0,0.0,0,0,
1552,1.552,0.0,0.0,0,0,
1553,1.553,0.0,0.0,0,0,
1554,1.554,0.0,0.0,0,0,
1555,1.555,0.0,0.0,0,0,
1556,1.556,0.0,0.0,0,0,
1557,1.557,0.0,0.0,0,0,
1558,1.558,0.0,0.0,0,0,
1559,1.559,0.0,0.0,0,0,
1560,1.56,0.0,0.0,0,0,
1561,1.561,0.0,0.0,0,0,
1562,1.562,0.0,0.0,0,0,
1563,1.563,0.0,0.0,0,0,
1564,1.564,0.0,0.0,0,0,
1565,1.565,0.0,0.0,0,0,
1566,1.566,0.0,0.0,0,0,
1567,1.567,0.0,0.0,0,0,
1568,1.568,0.0,0.0,0,0,
1569,1.569,0.0,0.0,0,0,
1570,1.57,0.0,0.0,0,0,
1571,1.571,0.0,0.0,0,0,
1572,1.572,0.0,0.0,0,0,
1573,1.573,0.0,0.0,0,0,
1574,1.574,0.0,0.0,0,0,
1575,1.575,0.0,0.0,0,0,
1576,1.576,0.0,0.0,0,0,
1577,1.577,0.0,0.0,0,0,
1578,1.578,0.0,0.0,0,0,
1579,1.579,0.0,0.0,0,0,
1580,1.58,0.0,0.0,0,0,
1581,1.581,0.0,0.0,0,0,
1582,1.582,0.0,0.0,0,0,
1583,1.583,0.0,0.0,0,0,
1584,1.584,0.0,0.0,0,0,
1585,1.585,0.0,0.0,0,0,
1586,1.586,0.0,0.0,0,0,
1587,1.587,0.0,0.0,0,0,
1588,1.588,0.0,0.0,0,0,
1589,1.589,0.0,0.0,0,0,
1590,1.59,0.0,0.0,0,0,
1591,1.591,0.0,0.0,0,0,
1592,1.592,0.0,0.0,0,0,
1593,1.593,0.0,0.0,0,0,
1594,1.594,0.0,0.0,0,0,
1595,1.595,0.0,0.0,0,0,
1596,1.596,0.0,0.0,0,0,
1597,1.597,0.0,0.0,0,0,
1598,1.598,0.0,0.0,0,0,
1599,1.599,0.0,0.0,0,0,
1600,1.6,0.0,0.0,0,0,6.354714415112546
1601,1.601,0.0,0.0,0,0,
1602,1.602,0.0,0.0,0,0,
1603,1.603,0.0,0.0,0,0,
1604,1.604,0.0,0.0,0,0,
1605,1.605,0.0,0.0,0,0,
1606,1.606,0.0,0.0,0,0,
1607,1.607,0.0,0.0,0,0,
1608,1.608,0.0,0.0,0,0,
1609,1.609,0.0,0.0,0,0,
1610,1.61,0.0,0.0,0,0,
1611,1.611,0.0,0.0,0,0,
1612,1.612,0.0,0.0,0,0,
1613,1.613,0.0,0.0,0,0,
1614,1.614,0.0,0.0,0,0,
1615,1.615,0.0,0.0,0,0,
1616,1.616,0.0,0.0,0,0,
1617,1.617,0.0,0.0,0,0,
1618,1.618,0.0,0.0,0,0,
1619,1.619,0.0,0.0,0,0,
1620,1.62,0.0,0.0,0,0,
1621,1.621,0.0,0.0,0,0,
1622,1.622,0.0,0.0,0,0,
1623,1.623,0.0,0.0,0,0,
1624,1.624,0.0,0.0,0,0,
1625,1.625,0.0,0.0,0,0,
1626,1.6260000000000001,0.0,0.0,0,0,
1627,1.627,0.0,0.0,0,0,
1628,1.6280000000000001,0.0,0.0,0,0,
1629,1.629,0.0,0.0,0,0,
1630,1.6300000000000001,0.0,0.0,0,0,
1631,1.631,0.0,0.0,0,0,
1632,1.6320000000000001,0.0,0.0,0,0,
1633,1.633,0.0,0.0,0,0,
1634,1.6340000000000001,0.0,0.0,0,0,
1635,1.635,0.0,0.0,0,0,
1636,1.6360000000000001,0.0,0.0,0,0,
1637,1.637,0.0,0.0,0,0,
1638,1.6380000000000001,0.0,0.0,0,0,
1639,1.639,0.0,0.0,0,0,
1640,1.6400000000000001,0.0,0.0,0,0,
1641,1.641,0.0,0.0,0,0,
1642,1.6420000000000001,0.0,0.0,0,0,
1643,1.643,0.0,0.0,0,0,
1644,1.6440000000000001,0.0,0.0,0,0,
1645,1.645,0.0,0.0,0,0,
1646,1.6460000000000001,0.0,0.0,0,0,
1647,1.647,0.0,0.0,0,0,
1648,1.6480000000000001,0.0,0.0,0,0,
1649,1.649,0.0,0.0,0,0,
1650,1.6500000000000001,0.0,0.0,0,0,
1651,1.651,0.0,0.0,0,0,
1652,1.6520000000000001,0.0,0.0,0,0,
1653,1.653,0.0,0.0,0,0,
1654,1.6540000000000001,0.0,0.0,0,0,
1655,1.655,0.0,0.0,0,0,
1656,1.6560000000000001,0.0,0.0,0,0,
1657,1.657,0.0,0.0,0,0,
1658,1.6580000000000001,0.0,0.0,0,0,
1659,1.659,0.0,0.0,0,0,
1660,1.6600000000000001,0.0,0.0,0,0,
1661,1.661,0.0,0.0,0,0,
1662,1.6620000000000001,0.0,0.0,0,0,
1663,1.663,0.0,0.0,0,0,
1664,1.6640000000000001,0.0,0.0,0,0,
1665,1.665,0.0,0.0,0,0,
1666,1.666,0.0,0.0,0,0,
1667,1.667,0.0,0.0,0,0,
1668,1.668,0.0,0.0,0,0,
1669,1.669,0.0,0.0,0,0,
1670,1.67,0.0,0.0,0,0,
1671,1.671,0.0,0.0,0,0,
1672,1.672,0.0,0.0,0,0,
1673,1.673,0.0,0.0,0,0,
1674,1.674,0.0,0.0,0,0,
1675,1.675,0.0,0.0,0,0,
1676,1.676,0.0,0.0,0,0,
1677,1.677,0.0,0.0,0,0,
1678,1.678,0.0,0.0,0,0,
1679,1.679,0.0,0.0,0,0,
1680,1.68,0.0,0.0,0,0,
1681,1.681,0.0,0.0,0,0,
1682,1.682,0.0,0.0,0,0,
1683,1.683,0.0,0.0,0,0,
1684,1.684,0.0,0.0,0,0,
1685,1.685,0.0,0.0,0,0,
1686,1.686,0.0,0.0,0,0,
1687,1.687,0.0,0.0,0,0,
1688,1.688,0.0,0.0,0,0,
1689,1.689,0.0,0.0,0,0,
1690,1.69,0.0,0.0,0,0,
1691,1.691,0.0,0.0,0,0,
1692,1.692,0.0,0.0,0,0,
1693,1.693,0.0,0.0,0,0,
1694,1.694,0.0,0.0,0,0,
1695,1.695,0.0,0.0,0,0,
1696,1.696,0.0,0.0,0,0,
1697,1.697,0.0,0.0,0,0,
1698,1.698,0.0,0.0,0,0,
1699,1.699,0.0,0.0,0,0,
1700,1.7,0.0,0.0,0,0,6.353793975658986
1701,1.701,0.0,0.0,0,0,
1702,1.702,0.0,0.0,0,0,
1703,1.703,0.0,0.0,0,0,
1704,1.704,0.0,0.0,0,0,
1705,1.705,0.0,0.0,0,0,
1706,1.706,0.0,0.0,0,0,
1707,1.707,0.0,0.0,0,0,
1708,1.708,0.0,0.0,0,0,
1709,1.709,0.0,0.0,0,0,
1710,1.71,0.0,0.0,0,0,
1711,1.711,0.0,0.0,0,0,
1712,1.712,0.0,0.0,0,0,
1713,1.713,0.0,0.0,0,0,
1714,1.714,0.0,0.0,0,0,
1715,1.715,0.0,0.0,0,0,
1716,1.716,0.0,0.0,0,0,
1717,1.717,0.0,0.0,0,0,
1718,1.718,0.0,0.0,0,0,
1719,1.719,0.0,0.0,0,0,
1720,1.72,0.0,0.0,0,0,
1721,1.721,0.0,0.0,0,0,
1722,1.722,0.0,0.0,0,0,
1723,1.723,0.0,0.0,0,0,
1724,1.724,0.0,0.0,0,0,
1725,1.725,0.0,0.0,0,0,
1726,1.726,0.0,0.0,0,0,
1727,1.727,0.0,0.0,0,0,
1728,1.728,0.0,0.0,0,0,
1729,1.729,0.0,0.0,0,0,
1730,1.73,0.0,0.0,0,0,
1731,1.731,0.0,0.0,0,0,
1732,1.732,0.0,0.0,0,0,
1733,1.733,0.0,0.0,0,0,
1734,1.734,0.0,0.0,0,0,
1735,1.735,0.0,0.0,0,0,
1736,1.736,0.0,0.0,0,0,
1737,1.737,0.0,0.0,0,0,
1738,1.738,0.0,0.0,0,0,
1739,1.739,0.0,0.0,0,0,
1740,1.74,0.0,0.0,0,0,
1741,1.741,0.0,0.0,0,0,
1742,1.742,0.0,0.0,0,0,
1743,1.743,0.0,0.0,0,0,
1744,1.744,0.0,0.0,0,0,
1745,1.745,0.0,0.0,0,0,
1746,1.746,0.0,0.0,0,0,
1747,1.747,0.0,0.0,0,0,
1748,1.748,0.0,0.0,0,0,
1749,1.749,0.0,0.0,0,0,
1750,1.75,0.0,0.0,0,0,
1751,1.7510000000000001,0.0,0.0,0,0,
1752,1.752,0.0,0.0,0,0,
1753,1.7530000000000001,0.0,0.0,0,0,
1754,1.754,0.0,0.0,0,0,
1755,1.7550000000000001,0.0,0.0,0,0,
1756,1.756,0.0,0.0,0,0,
1757,1.7570000000000001,0.0,0.0,0,0,
1758,1.758,0.0,0.0,0,0,
1759,1.7590000000000001,0.0,0.0,0,0,
1760,1.76,0.0,0.0,0,0,
1761,1.7610000000000001,0.0,0.0,0,0,
1762,1.762,0.0,0.0,0,0,
1763,1.7630000000000001,0.0,0.0,0,0,
1764,1.764,0.0,0.0,0,0,
1765,1.7650000000000001,0.0,0.0,0,0,
1766,1.766,0.0,0.0,0,0,
1767,1.7670000000000001,0.0,0.0,0,0,
1768,1.768,0.0,0.0,0,0,
1769,1.7690000000000001,0.0,0.0,0,0,
1770,1.77,0.0,0.0,0,0,
1771,1.7710000000000001,0.0,0.0,0,0,
1772,1.772,0.0,0.0,0,0,
1773,1.7730000000000001,0.0,0.0,0,0,
1774,1.774,0.0,0.0,0,0,
1775,1.7750000000000001,0.0,0.0,0,0,
1776,1.776,0.0,0.0,0,0,
1777,1.7770000000000001,0.0,0.0,0,0,
1778,1.778,0.0,0.0,0,0,
1779,1.7790000000000001,0.0,0.0,0,0,
1780,1.78,0.0,0.0,0,0,
1781,1.7810000000000001,0.0,0.0,0,0,
1782,1.782,0.0,0.0,0,0,
1783,1.7830000000000001,0.0,0.0,0,0,
1784,1.784,0.0,0.0,0,0,
1785,1.7850000000000001,0.0,0.0,0,0,
1786,1.786,0.0,0.0,0,0,
1787,1.7870000000000001,0.0,0.0,0,0,
1788,1.788,0.0,0.0,0,0,
1789,1.7890000000000001,0.0,0.0,0,0,
1790,1.79,0.0,0.0,0,0,
1791,1.7910000000000001,0.0,0.0,0,0,
1792,1.792,0.0,0.0,0,0,
1793,1.793,0.0,0.0,0,0,
1794,1.794,0.0,0.0,0,0,
1795,1.795,0.0,0.0,0,0,
1796,1.796,0.0,0.0,0,0,
1797,1.797,0.0,0.0,0,0,
1798,1.798,0.0,0.0,0,0,
1799,1.799,0.0,0.0,0,0,
1800,1.8,0.0,0.0,0,0,6.353114782043123
1801,1.801,0.0,0.0,0,0,
1802,1.802,0.0,0.0,0,0,
1803,1.803,0.0,0.0,0,0,
1804,1.804,0.0,0.0,0,0,
1805,1.805,0.0,0.0,0,0,
1806,1.806,0.0,0.0,0,0,
1807,1.807,0.0,0.0,0,0,
1808,1.808,0.0,0.0,0,0,
1809,1.809,0.0,0.0,0,0,
1810,1.81,0.0,0.0,0,0,
1811,1.811,0.0,0.0,0,0,
1812,1.812,0.0,0.0,0,0,
1813,1.813,0.0,0.0,0,0,
1814,1.814,0.0,0.0,0,0,
1815,1.815,0.0,0.0,0,0,
1816,1.816,0.0,0.0,0,0,
1817,1.817,0.0,0.0,0,0,
1818,1.818,0.0,0.0,0,0,
1819,1.819,0.0,0.0,0,0,
1820,1.82,0.0,0.0,0,0,
1821,1.821,0.0,0.0,0,0,
1822,1.822,0.0,0.0,0,0,
1823,1.823,0.0,0.0,0,0,
1824,1.824,0.0,0.0,0,0,
1825,1.825,0.0,0.0,0,0,
1826,1.826,0.0,0.0,0,0,
1827,1.827,0.0,0.0,0,0,
1828,1.828,0.0,0.0,0,0,
1829,1.829,0.0,0.0,0,0,
1830,1.83,0.0,0.0,0,0,
1831,1.831,0.0,0.0,0,0,
1832,1.832,0.0,0.0,0,0,
1833,1.833,0.0,0.0,0,0,
1834,1.834,0.0,0.0,0,0,
1835,1.835,0.0,0.0,0,0,
1836,1.836,0.0,0.0,0,0,
1837,1.837,0.0,0.0,0,0,
1838,1.838,0.0,0.0,0,0,
1839,1.839,0.0,0.0,0,0,
1840,1.84,0.0,0.0,0,0,
1841,1.841,0.0,0.0,0,0,
1842,1.842,0.0,0.0,0,0,
1843,1.843,0.0,0.0,0,0,
1844,1.844,0.0,0.0,0,0,
1845,1.845,0.0,0.0,0,0,
1846,1.846,0.0,0.0,0,0,
1847,1.847,0.0,0.0,0,0,
1848,1.848,0.0,0.0,0,0,
1849,1.849,0.0,0.0,0,0,
1850,1.85,0.0,0.0,0,0,
1851,1.851,0.0,0.0,0,0,
1852,1.852,0.0,0.0,0,0,
1853,1.853,0.0,0.0,0,0,
1854,1.854,0.0,0.0,0,0,
1855,1.855,0.0,0.0,0,0,
1856,1.856,0.0,0.0,0,0,
1857,1.857,0.0,0.0,0,0,
1858,1.858,0.0,0.0,0,0,
1859,1.859,0.0,0.0,0,0,
1860,1.86,0.0,0.0,0,0,
1861,1.861,0.0,0.0,0,0,
1862,1.862,0.0,0.0,0,0,
1863,1.863,0.0,0.0,0,0,
1864,1.864,0.0,0.0,0,0,
1865,1.865,0.0,0.0,0,0,
1866,1.866,0.0,0.0,0,0,
1867,1.867,0.0,0.0,0,0,
1868,1.868,0.0,0.0,0,0,
1869,1.869,0.0,0.0,0,0,
1870,1.87,0.0,0.0,0,0,
1871,1.871,0.0,0.0,0,0,
1872,1.872,0.0,0.0,0,0,
1873,1.873,0.0,0.0,0,0,
1874,1.874,0.0,0.0,0,0,
1875,1.875,0.0,0.0,0,0,
1876,1.8760000000000001,0.0,0.0,0,0,
1877,1.877,0.0,0.0,0,0,
1878,1.8780000000000001,0.0,0.0,0,0,
1879,1.879,0.0,0.0,0,0,
1880,1.8800000000000001,0.0,0.0,0,0,
1881,1.881,0.0,0.0,0,0,
1882,1.8820000000000001,0.0,0.0,0,0,
1883,1.883,0.0,0.0,0,0,
1884,1.8840000000000001,0.0,0.0,0,0,
1885,1.885,0.0,0.0,0,0,
1886,1.8860000000000001,0.0,0.0,0,0,
1887,1.887,0.0,0.0,0,0,
1888,1.8880000000000001,0.0,0.0,0,0,
1889,1.889,0.0,0.0,0,0,
1890,1.8900000000000001,0.0,0.0,0,0,
1891,1.891,0.0,0.0,0,0,
1892,1.8920000000000001,0.0,0.0,0,0,
1893,1.893,0.0,0.0,0,0,
1894,1.8940000000000001,0.0,0.0,0,0,
1895,1.895,0.0,0.0,0,0,
1896,1.8960000000000001,0.0,0.0,0,0,
1897,1.897,0.0,0.0,0,0,
1898,1.8980000000000001,0.0,0.0,0,0,
1899,1.899,0.0,0.0,0,0,
1900,1.9000000000000001,0.0,0.0,0,0,6.352609781782813
1901,1.901,0.0,0.0,0,0,
1902,1.9020000000000001,0.0,0.0,0,0,
1903,1.903,0.0,0.0,0,0,
1904,1.9040000000000001,0.0,0.0,0,0,
1905,1.905,0.0,0.0,0,0,
1906,1.9060000000000001,0.0,0.0,0,0,
1907,1.907,0.0,0.0,0,0,
1908,1.9080000000000001,0.0,0.0,0,0,
1909,1.909,0.0,0.0,0,0,
1910,1.9100000000000001,0.0,0.0,0,0,
1911,1.911,0.0,0.0,0,0,
1912,1.9120000000000001,0.0,0.0,0,0,
1913,1.913,0.0,0.0,0,0,
1914,1.9140000000000001,0.0,0.0,0,0,
1915,1.915,0.0,0.0,0,0,
1916,1.9160000000000001,0.0,0.0,0,0,
1917,1.917,0.0,0.0,0,0,
1918,1.9180000000000001,0.0,0.0,0,0,
1919,1.919,0.0,0.0,0,0,
1920,1.92,0.0,0.0,0,0,
1921,1.921,0.0,0.0,0,0,
1922,1.922,0.0,0.0,0,0,
1923,1.923,0.0,0.0,0,0,
1924,1.924,0.0,0.0,0,0,
1925,1.925,0.0,0.0,0,0,
1926,1.926,0.0,0.0,0,0,
1927,1.927,0.0,0.0,0,0,
1928,1.928,0.0,0.0,0,0,
1929,1.929,0.0,0.0,0,0,
1930,1.93,0.0,0.0,0,0,
1931,1.931,0.0,0.0,0,0,
1932,1.932,0.0,0.0,0,0,
1933,1.933,0.0,0.0,0,0,
1934,1.934,0.0,0.0,0,0,
1935,1.935,0.0,0.0,0,0,
1936,1.936,0.0,0.0,0,0,
1937,1.937,0.0,0.0,0,0,
1938,1.938,0.0,0.0,0,0,
1939,1.939,0.0,0.0,0,0,
1940,1.94,0.0,0.0,0,0,
1941,1.941,0.0,0.0,0,0,
1942,1.942,0.0,0.0,0,0,
1943,1.943,0.0,0.0,0,0,
1944,1.944,0.0,0.0,0,0,
1945,1.945,0.0,0.0,0,0,
1946,1.946,0.0,0.0,0,0,
1947,1.947,0.0,0.0,0,0,
1948,1.948,0.0,0.0,0,0,
1949,1.949,0.0,0.0,0,0,
1950,1.95,0.0,0.0,0,0,
1951,1.951,0.0,0.0,0,0,
1952,1.952,0.0,0.0,0,0,
1953,1.953,0.0,0.0,0,0,
1954,1.954,0.0,0.0,0,0,
1955,1.955,0.0,0.0,0,0,
1956,1.956,0.0,0.0,0,0,
1957,1.957,0.0,0.0,0,0,
1958,1.958,0.0,0.0,0,0,
1959,1.959,0.0,0.0,0,0,
1960,1.96,0.0,0.0,0,0,
1961,1.961,0.0,0.0,0,0,
1962,1.962,0.0,0.0,0,0,
1963,1.963,0.0,0.0,0,0,
1964,1.964,0.0,0.0,0,0,
1965,1.965,0.0,0.0,0,0,
1966,1.966,0.0,0.0,0,0,
1967,1.967,0.0,0.0,0,0,
1968,1.968,0.0,0.0,0,0,
1969,1.969,0.0,0.0,0,0,
1970,1.97,0.0,0.0,0,0,
1971,1.971,0.0,0.0,0,0,
1972,1.972,0.0,0.0,0,0,
1973,1.973,0.0,0.0,0,0,
1974,1.974,0.0,0.0,0,0,
1975,1.975,0.0,0.0,0,0,
1976,1.976,0.0,0.0,0,0,
1977,1.977,0.0,0.0,0,0,
1978,1.978,0.0,0.0,0,0,
1979,1.979,0.0,0.0,0,0,
1980,1.98,0.0,0.0,0,0,
1981,1.981,0.0,0.0,0,0,
1982,1.982,0.0,0.0,0,0,
1983,1.983,0.0,0.0,0,0,
1984,1.984,0.0,0.0,0,0,
1985,1.985,0.0,0.0,0,0,
1986,1.986,0.0,0.0,0,0,
1987,1.987,0.0,0.0,0,0,
1988,1.988,0.0,0.0,0,0,
1989,1.989,0.0,0.0,0,0,
1990,1.99,0.0,0.0,0,0,
1991,1.991,0.0,0.0,0,0,
1992,1.992,0.0,0.0,0,0,
1993,1.993,0.0,0.0,0,0,
1994,1.994,0.0,0.0,0,0,
1995,1.995,0.0,0.0,0,0,
1996,1.996,0.0,0.0,0,0,
1997,1.997,0.0,0.0,0,0,
1998,1.998,0.0,0.0,0,0,
1999,1.999,0.0,0.0,0,0,
2000,2.0,0.0,0.0,0,0,6.4330245722876755
2001,2.001,0.0,0.0,0,0,
2002,2.0020000000000002,0.0,0.0,0,0,
2003,2.003,0.0,0.0,0,0,
2004,2.004,0.0,0.0,0,0,
2005,2.005,0.0,0.0,0,0,
2006,2.0060000000000002,0.0,0.0,0,0,
2007,2.007,0.0,0.0,0,0,
2008,2.008,0.0,0.0,0,0,
2009,2.009,0.0,0.0,0,0,
2010,2.0100000000000002,0.0,0.0,0,0,
2011,2.011,0.0,0.0,0,0,
2012,2.012,0.0,0.0,0,0,
2013,2.013,0.0,0.0,0,0,
2014,2.0140000000000002,0.0,0.0,0,0,
2015,2.015,0.0,0.0,0,0,
2016,2.016,0.0,0.0,0,0,
2017,2.017,0.0,0.0,0,0,
2018,2.0180000000000002,0.0,0.0,0,0,
2019,2.019,0.0,0.0,0,0,
2020,2.02,0.0,0.0,0,0,
2021,2.021,0.0,0.0,0,0,
2022,2.0220000000000002,0.0,0.0,0,0,
2023,2.023,0.0,0.0,0,0,
2024,2.024,0.0,0.0,0,0,
2025,2.025,0.0,0.0,0,0,
2026,2.0260000000000002,0.0,0.0,0,0,
2027,2.027,0.0,0.0,0,0,
2028,2.028,0.0,0.0,0,0,
2029,2.029,0.0,0.0,0,0,
2030,2.0300000000000002,0.0,0.0,0,0,
2031,2.031,0.0,0.0,0,0,
2032,2.032,0.0,0.0,0,0,
2033,2.033,0.0,0.0,0,0,
2034,2.0340000000000003,0.0,0.0,0,0,
2035,2.035,0.0,0.0,0,0,
2036,2.036,0.0,0.0,0,0,
2037,2.037,0.0,0.0,0,0,
2038,2.0380000000000003,0.0,0.0,0,0,
2039,2.039,0.0,0.0,0,0,
2040,2.04,0.0,0.0,0,0,
2041,2.041,0.0,0.0,0,0,
2042,2.0420000000000003,0.0,0.0,0,0,
2043,2.043,0.0,0.0,0,0,
2044,2.044,0.0,0.0,0,0,
2045,2.045,0.0,0.0,0,0,
2046,2.0460000000000003,0.0,0.0,0,0,
2047,2.047,0.0,0.0,0,0,
2048,2.048,0.0,0.0,0,0,
2049,2.049,0.0,0.0,0,0,
2050,2.05,0.0,0.0,0,0,
2051,2.051,0.0,0.0,0,0,
2052,2.052,0.0,0.0,0,0,
2053,2.053,0.0,0.0,0,0,
2054,2.054,0.0,0.0,0,0,
2055,2.055,0.0,0.0,0,0,
2056,2.056,0.0,0.0,0,0,
2057,2.057,0.0,0.0,0,0,
2058,2.058,0.0,0.0,0,0,
2059,2.059,0.0,0.0,0,0,
2060,2.06,0.0,0.0,0,0,
2061,2.061,0.0,0.0,0,0,
2062,2.062,0.0,0.0,0,0,
2063,2.063,0.0,0.0,0,0,
2064,2.064,0.0,0.0,0,0,
2065,2.065,0.0,0.0,0,0,
2066,2.066,0.0,0.0,0,0,
2067,2.067,0.0,0.0,0,0,
2068,2.068,0.0,0.0,0,0,
2069,2.069,0.0,0.0,0,0,
2070,2.07,0.0,0.0,0,0,
2071,2.071,0.0,0.0,0,0,
2072,2.072,0.0,0.0,0,0,
2073,2.073,0.0,0.0,0,0,
2074,2.074,0.0,0.0,0,0,
2075,2.075,0.0,0.0,0,0,
2076,2.076,0.0,0.0,0,0,
2077,2.077,0.0,0.0,0,0,
2078,2.078,0.0,0.0,0,0,
2079,2.079,0.0,0.0,0,0,
2080,2.08,0.0,0.0,0,0,
2081,2.081,0.0,0.0,0,0,
2082,2.082,0.0,0.0,0,0,
2083,2.083,0.0,0.0,0,0,
2084,2.084,0.0,0.0,0,0,
2085,2.085,0.0,0.0,0,0,
2086,2.086,0.0,0.0,0,0,
2087,2.087,0.0,0.0,0,0,
2088,2.088,0.0,0.0,0,0,
2089,2.089,0.0,0.0,0,0,
2090,2.09,0.0,0.0,0,0,
2091,2.091,0.0,0.0,0,0,
2092,2.092,0.0,0.0,0,0,
2093,2.093,0.0,0.0,0,0,
2094,2.094,0.0,0.0,0,0,
2095,2.095,0.0,0.0,0,0,
2096,2.096,0.0,0.0,0,0,
2097,2.097,0.0,0.0,0,0,
2098,2.098,0.0,0.0,0,0,
2099,2.099,0.0,0.0,0,0,
2100,2.1,0.0,0.0,0,0,6.752681108392987
2101,2.101,0.0,0.0,0,0,
2102,2.102,0.0,0.0,0,0,
2103,2.103,0.0,0.0,0,0,
2104,2.104,0.0,0.0,0,0,
2105,2.105,0.0,0.0,0,0,
2106,2.106,0.0,0.0,0,0,
2107,2.107,0.0,0.0,0,0,
2108,2.108,0.0,0.0,0,0,
2109,2.109,0.0,0.0,0,0,
2110,2.11,0.0,0.0,0,0,
2111,2.111,0.0,0.0,0,0,
2112,2.112,0.0,0.0,0,0,
2113,2.113,0.0,0.0,0,0,
2114,2.114,0.0,0.0,0,0,
2115,2.115,0.0,0.0,0,0,
2116,2.116,0.0,0.0,0,0,
2117,2.117,0.0,0.0,0,0,
2118,2.118,0.0,0.0,0,0,
2119,2.119,0.0,0.0,0,0,
2120,2.12,0.0,0.0,0,0,
2121,2.121,0.0,0.0,0,0,
2122,2.122,0.0,0.0,0,0,
2123,2.123,0.0,0.0,0,0,
2124,2.124,0.0,0.0,0,0,
2125,2.125,0.0,0.0,0,0,
2126,2.126,0.0,0.0,0,0,
2127,2.1270000000000002,0.0,0.0,0,0,
2128,2.128,0.0,0.0,0,0,
2129,2.129,0.0,0.0,0,0,
2130,2.13,0.0,0.0,0,0,
2131,2.1310000000000002,0.0,0.0,0,0,
2132,2.132,0.0,0.0,0,0,
2133,2.133,0.0,0.0,0,0,
2134,2.134,0.0,0.0,0,0,
2135,2.1350000000000002,0.0,0.0,0,0,
2136,2.136,0.0,0.0,0,0,
2137,2.137,0.0,0.0,0,0,
2138,2.138,0.0,0.0,0,0,
2139,2.1390000000000002,0.0,0.0,0,0,
2140,2.14,0.0,0.0,0,0,
2141,2.141,0.0,0.0,0,0,
2142,2.142,0.0,0.0,0,0,
2143,2.1430000000000002,0.0,0.0,0,0,
2144,2.144,0.0,0.0,0,0,
2145,2.145,0.0,0.0,0,0,
2146,2.146,0.0,0.0,0,0,
2147,2.1470000000000002,0.0,0.0,0,0,
2148,2.148,0.0,0.0,0,0,
2149,2.149,0.0,0.0,0,0,
2150,2.15,0.0,0.0,0,0,
2151,2.1510000000000002,0.0,0.0,0,0,
2152,2.152,0.0,0.0,0,0,
2153,2.153,0.0,0.0,0,0,
2154,2.154,0.0,0.0,0,0,
2155,2.1550000000000002,0.0,0.0,0,0,
2156,2.156,0.0,0.0,0,0,
2157,2.157,0.0,0.0,0,0,
2158,2.158,0.0,0.0,0,0,
2159,2.1590000000000003,0.0,0.0,0,0,
2160,2.16,0.0,0.0,0,0,
2161,2.161,0.0,0.0,0,0,
2162,2.162,0.0,0.0,0,0,
2163,2.1630000000000003,0.0,0.0,0,0,
2164,2.164,0.0,0.0,0,0,
2165,2.165,0.0,0.0,0,0,
2166,2.166,0.0,0.0,0,0,
2167,2.1670000000000003,0.0,0.0,0,0,
2168,2.168,0.0,0.0,0,0,
2169,2.169,0.0,0.0,0,0,
2170,2.17,0.0,0.0,0,0,
2171,2.1710000000000003,0.0,0.0,0,0,
2172,2.172,0.0,0.0,0,0,
2173,2.173,0.0,0.0,0,0,
2174,2.174,0.0,0.0,0,0,
2175,2.1750000000000003,0.0,0.0,0,0,
2176,2.176,0.0,0.0,0,0,
2177,2.177,0.0,0.0,0,0,
2178,2.178,0.0,0.0,0,0,
2179,2.179,0.0,0.0,0,0,
2180,2.18,0.0,0.0,0,0,
2181,2.181,0.0,0.0,0,0,
2182,2.182,0.0,0.0,0,0,
2183,2.183,0.0,0.0,0,0,
2184,2.184,0.0,0.0,0,0,
2185,2.185,0.0,0.0,0,0,
2186,2.186,0.0,0.0,0,0,
2187,2.187,0.0,0.0,0,0,
2188,2.188,0.0,0.0,0,0,
2189,2.189,0.0,0.0,0,0,
2190,2.19,0.0,0.0,0,0,
2191,2.191,0.0,0.0,0,0,
2192,2.192,0.0,0.0,0,0,
2193,2.193,0.0,0.0,0,0,
2194,2.194,0.0,0.0,0,0,
2195,2.195,0.0,0.0,0,0,
2196,2.196,0.0,0.0,0,0,
2197,2.197,0.0,0.0,0,0,
2198,2.198,0.0,0.0,0,0,
2199,2.199,0.0,0.0,0,0,
2200,2.2,0.0,0.0,0,0,7.3
2201,2.201,0.0,0.0,0,0,
2202,2.202,0.0,0.0,0,0,
2203,2.203,0.0,0.0,0,0,
2204,2.204,0.0,0.0,0,0,
2205,2.205,0.0,0.0,0,0,
2206,2.206,0.0,0.0,0,0,
2207,2.207,0.0,0.0,0,0,
2208,2.208,0.0,0.0,0,0,
2209,2.209,0.0,0.0,0,0,
2210,2.21,0.0,0.0,0,0,
2211,2.211,0.0,0.0,0,0,
2212,2.212,0.0,0.0,0,0,
2213,2.213,0.0,0.0,0,0,
2214,2.214,0.0,0.0,0,0,
2215,2.215,0.0,0.0,0,0,
2216,2.216,0.0,0.0,0,0,
2217,2.217,0.0,0.0,0,0,
2218,2.218,0.0,0.0,0,0,
2219,2.219,0.0,0.0,0,0,
2220,2.22,0.0,0.0,0,0,
2221,2.221,0.0,0.0,0,0,
2222,2.222,0.0,0.0,0,0,
2223,2.223,0.0,0.0,0,0,
2224,2.224,0.0,0.0,0,0,
2225,2.225,0.0,0.0,0,0,
2226,2.226,0.0,0.0,0,0,
2227,2.227,0.0,0.0,0,0,
2228,2.228,0.0,0.0,0,0,
2229,2.229,0.0,0.0,0,0,
2230,2.23,0.0,0.0,0,0,
2231,2.231,0.0,0.0,0,0,
2232,2.232,0.0,0.0,0,0,
2233,2.233,0.0,0.0,0,0,
2234,2.234,0.0,0.0,0,0,
2235,2.235,0.0,0.0,0,0,
2236,2.236,0.0,0.0,0,0,
2237,2.237,0.0,0.0,0,0,
2238,2.238,0.0,0.0,0,0,
2239,2.239,0.0,0.0,0,0,
2240,2.24,0.0,0.0,0,0,
2241,2.241,0.0,0.0,0,0,
2242,2.242,0.0,0.0,0,0,
2243,2.243,0.0,0.0,0,0,
2244,2.244,0.0,0.0,0,0,
2245,2.245,0.0,0.0,0,0,
2246,2.246,0.0,0.0,0,0,
2247,2.247,0.0,0.0,0,0,
2248,2.248,0.0,0.0,0,0,
2249,2.249,0.0,0.0,0,0,
2250,2.25,0.0,0.0,0,0,
2251,2.251,0.0,0.0,0,0,
2252,2.2520000000000002,0.0,0.0,0,0,
2253,2.253,0.0,0.0,0,0,
2254,2.254,0.0,0.0,0,0,
2255,2.255,0.0,0.0,0,0,
2256,2.2560000000000002,0.0,0.0,0,0,
2257,2.257,0.0,0.0,0,0,
2258,2.258,0.0,0.0,0,0,
2259,2.259,0.0,0.0,0,0,
2260,2.2600000000000002,0.0,0.0,0,0,
2261,2.261,0.0,0.0,0,0,
2262,2.262,0.0,0.0,0,0,
2263,2.263,0.0,0.0,0,0,
2264,2.2640000000000002,0.0,0.0,0,0,
2265,2.265,0.0,0.0,0,0,
2266,2.266,0.0,0.0,0,0,
2267,2.267,0.0,0.0,0,0,
2268,2.2680000000000002,0.0,0.0,0,0,
2269,2.269,0.0,0.0,0,0,
2270,2.27,0.0,0.0,0,0,
2271,2.271,0.0,0.0,0,0,
2272,2.2720000000000002,0.0,0.0,0,0,
2273,2.273,0.0,0.0,0,0,
2274,2.274,0.0,0.0,0,0,
2275,2.275,0.0,0.0,0,0,
2276,2.2760000000000002,0.0,0.0,0,0,
2277,2.277,0.0,0.0,0,0,
2278,2.278,0.0,0.0,0,0,
2279,2.279,0.0,0.0,0,0,
2280,2.2800000000000002,0.0,0.0,0,0,
2281,2.281,0.0,0.0,0,0,
2282,2.282,0.0,0.0,0,0,
2283,2.283,0.0,0.0,0,0,
2284,2.2840000000000003,0.0,0.0,0,0,
2285,2.285,0.0,0.0,0,0,
2286,2.286,0.0,0.0,0,0,
2287,2.287,0.0,0.0,0,0,
2288,2.2880000000000003,0.0,0.0,0,0,
2289,2.289,0.0,0.0,0,0,
2290,2.29,0.0,0.0,0,0,
2291,2.291,0.0,0.0,0,0,
2292,2.2920000000000003,0.0,0.0,0,0,
2293,2.293,0.0,0.0,0,0,
2294,2.294,0.0,0.0,0,0,
2295,2.295,0.0,0.0,0,0,
2296,2.2960000000000003,0.0,0.0,0,0,
2297,2.297,0.0,0.0,0,0,
2298,2.298,0.0,0.0,0,0,
2299,2.299,0.0,0.0,0,0,
2300,2.3000000000000003,0.0,0.0,0,0,7.3
2301,2.301,0.0,0.0,0,0,
2302,2.302,0.0,0.0,0,0,
2303,2.303,0.0,0.0,0,0,
2304,2.3040000000000003,0.0,0.0,0,0,
2305,2.305,0.0,0.0,0,0,
2306,2.306,0.0,0.0,0,0,
2307,2.307,0.0,0.0,0,0,
2308,2.308,0.0,0.0,0,0,
2309,2.309,0.0,0.0,0,0,
2310,2.31,0.0,0.0,0,0,
2311,2.311,0.0,0.0,0,0,
2312,2.312,0.0,0.0,0,0,
2313,2.313,0.0,0.0,0,0,
2314,2.314,0.0,0.0,0,0,
2315,2.315,0.0,0.0,0,0,
2316,2.316,0.0,0.0,0,0,
2317,2.317,0.0,0.0,0,0,
2318,2.318,0.0,0.0,0,0,
2319,2.319,0.0,0.0,0,0,
2320,2.32,0.0,0.0,0,0,
2321,2.321,0.0,0.0,0,0,
2322,2.322,0.0,0.0,0,0,
2323,2.323,0.0,0.0,0,0,
2324,2.324,0.0,0.0,0,0,
2325,2.325,0.0,0.0,0,0,
2326,2.326,0.0,0.0,0,0,
2327,2.327,0.0,0.0,0,0,
2328,2.328,0.0,0.0,0,0,
2329,2.329,0.0,0.0,0,0,
2330,2.33,0.0,0.0,0,0,
2331,2.331,0.0,0.0,0,0,
2332,2.332,0.0,0.0,0,0,
2333,2.333,0.0,0.0,0,0,
2334,2.334,0.0,0.0,0,0,
2335,2.335,0.0,0.0,0,0,
2336,2.336,0.0,0.0,0,0,
2337,2.337,0.0,0.0,0,0,
2338,2.338,0.0,0.0,0,0,
2339,2.339,0.0,0.0,0,0,
2340,2.34,0.0,0.0,0,0,
2341,2.341,0.0,0.0,0,0,
2342,2.342,0.0,0.0,0,0,
2343,2.343,0.0,0.0,0,0,
2344,2.344,0.0,0.0,0,0,
2345,2.345,0.0,0.0,0,0,
2346,2.346,0.0,0.0,0,0,
2347,2.347,0.0,0.0,0,0,
2348,2.348,0.0,0.0,0,0,
2349,2.349,0.0,0.0,0,0,
2350,2.35,0.0,0.0,0,0,
2351,2.351,0.0,0.0,0,0,
2352,2.352,0.0,0.0,0,0,
2353,2.353,0.0,0.0,0,0,
2354,2.354,0.0,0.0,0,0,
2355,2.355,0.0,0.0,0,0,
2356,2.356,0.0,0.0,0,0,
2357,2.357,0.0,0.0,0,0,
2358,2.358,0.0,0.0,0,0,
2359,2.359,0.0,0.0,0,0,
2360,2.36,0.0,0.0,0,0,
2361,2.361,0.0,0.0,0,0,
2362,2.362,0.0,0.0,0,0,
2363,2.363,0.0,0.0,0,0,
2364,2.364,0.0,0.0,0,0,
2365,2.365,0.0,0.0,0,0,
2366,2.366,0.0,0.0,0,0,
2367,2.367,0.0,0.0,0,0,
2368,2.368,0.0,0.0,0,0,
2369,2.369,0.0,0.0,0,0,
2370,2.37,0.0,0.0,0,0,
2371,2.371,0.0,0.0,0,0,
2372,2.372,0.0,0.0,0,0,
2373,2.373,0.0,0.0,0,0,
2374,2.374,0.0,0.0,0,0,
2375,2.375,0.0,0.0,0,0,
2376,2.376,0.0,0.0,0,0,
2377,2.3770000000000002,0.0,0.0,0,0,
2378,2.378,0.0,0.0,0,0,
2379,2.379,0.0,0.0,0,0,
2380,2.38,0.0,0.0,0,0,
2381,2.3810000000000002,0.0,0.0,0,0,
2382,2.382,0.0,0.0,0,0,
2383,2.383,0.0,0.0,0,0,
2384,2.384,0.0,0.0,0,0,
2385,2.3850000000000002,0.0,0.0,0,0,
2386,2.386,0.0,0.0,0,0,
2387,2.387,0.0,0.0,0,0,
2388,2.388,0.0,0.0,0,0,
2389,2.3890000000000002,0.0,0.0,0,0,
2390,2.39,0.0,0.0,0,0,
2391,2.391,0.0,0.0,0,0,
2392,2.392,0.0,0.0,0,0,
2393,2.3930000000000002,0.0,0.0,0,0,
2394,2.394,0.0,0.0,0,0,
2395,2.395,0.0,0.0,0,0,
2396,2.396,0.0,0.0,0,0,
2397,2.3970000000000002,0.0,0.0,0,0,
2398,2.398,0.0,0.0,0,0,
2399,2.399,0.0,0.0,0,0,
2400,2.4,0.0,0.0,0,0,7.3
2401,2.4010000000000002,0.0,0.0,0,0,
2402,2.402,0.0,0.0,0,0,
2403,2.403,0.0,0.0,0,0,
2404,2.404,0.0,0.0,0,0,
2405,2.4050000000000002,0.0,0.0,0,0,
2406,2.406,0.0,0.0,0,0,
2407,2.407,0.0,0.0,0,0,
2408,2.408,0.0,0.0,0,0,
2409,2.4090000000000003,0.0,0.0,0,0,
2410,2.41,0.0,0.0,0,0,
2411,2.411,0.0,0.0,0,0,
2412,2.412,0.0,0.0,0,0,
2413,2.4130000000000003,0.0,0.0,0,0,
2414,2.414,0.0,0.0,0,0,
2415,2.415,0.0,0.0,0,0,
2416,2.416,0.0,0.0,0,0,
2417,2.4170000000000003,0.0,0.0,0,0,
2418,2.418,0.0,0.0,0,0,
2419,2.419,0.0,0.0,0,0,
2420,2.42,0.0,0.0,0,0,
2421,2.4210000000000003,0.0,0.0,0,0,
2422,2.422,0.0,0.0,0,0,
2423,2.423,0.0,0.0,0,0,
2424,2.424,0.0,0.0,0,0,
2425,2.4250000000000003,0.0,0.0,0,0,
2426,2.426,0.0,0.0,0,0,
2427,2.427,0.0,0.0,0,0,
2428,2.428,0.0,0.0,0,0,
2429,2.4290000000000003,0.0,0.0,0,0,
2430,2.43,0.0,0.0,0,0,
2431,2.431,0.0,0.0,0,0,
2432,2.432,0.0,0.0,0,0,
2433,2.433,0.0,0.0,0,0,
2434,2.434,0.0,0.0,0,0,
2435,2.435,0.0,0.0,0,0,
2436,2.436,0.0,0.0,0,0,
2437,2.437,0.0,0.0,0,0,
2438,2.438,0.0,0.0,0,0,
2439,2.439,0.0,0.0,0,0,
2440,2.44,0.0,0.0,0,0,
2441,2.441,0.0,0.0,0,0,
2442,2.442,0.0,0.0,0,0,
2443,2.443,0.0,0.0,0,0,
2444,2.444,0.0,0.0,0,0,
2445,2.445,0.0,0.0,0,0,
2446,2.446,0.0,0.0,0,0,
2447,2.447,0.0,0.0,0,0,
2448,2.448,0.0,0.0,0,0,
2449,2.449,0.0,0.0,0,0,
2450,2.45,0.0,0.0,0,0,
2451,2.451,0.0,0.0,0,0,
2452,2.452,0.0,0.0,0,0,
2453,2.453,0.0,0.0,0,0,
2454,2.454,0.0,0.0,0,0,
2455,2.455,0.0,0.0,0,0,
2456,2.456,0.0,0.0,0,0,
2457,2.457,0.0,0.0,0,0,
2458,2.458,0.0,0.0,0,0,
2459,2.459,0.0,0.0,0,0,
2460,2.46,0.0,0.0,0,0,
2461,2.461,0.0,0.0,0,0,
2462,2.462,0.0,0.0,0,0,
2463,2.463,0.0,0.0,0,0,
2464,2.464,0.0,0.0,0,0,
2465,2.465,0.0,0.0,0,0,
2466,2.466,0.0,0.0,0,0,
2467,2.467,0.0,0.0,0,0,
2468,2.468,0.0,0.0,0,0,
2469,2.469,0.0,0.0,0,0,
2470,2.47,0.0,0.0,0,0,
2471,2.471,0.0,0.0,0,0,
2472,2.472,0.0,0.0,0,0,
2473,2.473,0.0,0.0,0,0,
2474,2.474,0.0,0.0,0,0,
2475,2.475,0.0,0.0,0,0,
2476,2.476,0.0,0.0,0,0,
2477,2.477,0.0,0.0,0,0,
2478,2.478,0.0,0.0,0,0,
2479,2.479,0.0,0.0,0,0,
2480,2.48,0.0,0.0,0,0,
2481,2.481,0.0,0.0,0,0,
2482,2.482,0.0,0.0,0,0,
2483,2.483,0.0,0.0,0,0,
2484,2.484,0.0,0.0,0,0,
2485,2.485,0.0,0.0,0,0,
2486,2.486,0.0,0.0,0,0,
2487,2.487,0.0,0.0,0,0,
2488,2.488,0.0,0.0,0,0,
2489,2.489,0.0,0.0,0,0,
2490,2.49,0.0,0.0,0,0,
2491,2.491,0.0,0.0,0,0,
2492,2.492,0.0,0.0,0,0,
2493,2.493,0.0,0.0,0,0,
2494,2.494,0.0,0.0,0,0,
2495,2.495,0.0,0.0,0,0,
2496,2.496,0.0,0.0,0,0,
2497,2.497,0.0,0.0,0,0,
2498,2.498,0.0,0.0,0,0,
2499,2.499,0.0,0.0,0,0,
2500,2.5,0.0,0.0,0,0,7.3
2501,2.501,0.0,0.0,0,0,
2502,2.5020000000000002,0.0,0.0,0,0,
2503,2.503,0.0,0.0,0,0,
2504,2.504,0.0,0.0,0,0,
2505,2.505,0.0,0.0,0,0,
2506,2.5060000000000002,0.0,0.0,0,0,
2507,2.507,0.0,0.0,0,0,
2508,2.508,0.0,0.0,0,0,
2509,2.509,0.0,0.0,0,0,
2510,2.5100000000000002,0.0,0.0,0,0,
2511,2.511,0.0,0.0,0,0,
2512,2.512,0.0,0.0,0,0,
2513,2.513,0.0,0.0,0,0,
2514,2.5140000000000002,0.0,0.0,0,0,
2515,2.515,0.0,0.0,0,0,
2516,2.516,0.0,0.0,0,0,
2517,2.517,0.0,0.0,0,0,
2518,2.5180000000000002,0.0,0.0,0,0,
2519,2.519,0.0,0.0,0,0,
2520,2.52,0.0,0.0,0,0,
2521,2.521,0.0,0.0,0,0,
2522,2.5220000000000002,0.0,0.0,0,0,
2523,2.523,0.0,0.0,0,0,
2524,2.524,0.0,0.0,0,0,
2525,2.525,0.0,0.0,0,0,
2526,2.5260000000000002,0.0,0.0,0,0,
2527,2.527,0.0,0.0,0,0,
2528,2.528,0.0,0.0,0,0,
2529,2.529,0.0,0.0,0,0,
2530,2.5300000000000002,0.0,0.0,0,0,
2531,2.531,0.0,0.0,0,0,
2532,2.532,0.0,0.0,0,0,
2533,2.533,0.0,0.0,0,0,
2534,2.5340000000000003,0.0,0.0,0,0,
2535,2.535,0.0,0.0,0,0,
2536,2.536,0.0,0.0,0,0,
2537,2.537,0.0,0.0,0,0,
2538,2.5380000000000003,0.0,0.0,0,0,
2539,2.539,0.0,0.0,0,0,
2540,2.54,0.0,0.0,0,0,
2541,2.541,0.0,0.0,0,0,
2542,2.5420000000000003,0.0,0.0,0,0,
2543,2.543,0.0,0.0,0,0,
2544,2.544,0.0,0.0,0,0,
2545,2.545,0.0,0.0,0,0,
2546,2.5460000000000003,0.0,0.0,0,0,
2547,2.547,0.0,0.0,0,0,
2548,2.548,0.0,0.0,0,0,
2549,2.549,0.0,0.0,0,0,
2550,2.5500000000000003,0.0,0.0,0,0,
2551,2.551,0.0,0.0,0,0,
2552,2.552,0.0,0.0,0,0,
2553,2.553,0.0,0.0,0,0,
2554,2.5540000000000003,0.0,0.0,0,0,
2555,2.555,0.0,0.0,0,0,
2556,2.556,0.0,0.0,0,0,
2557,2.557,0.0,0.0,0,0,
2558,2.5580000000000003,0.0,0.0,0,0,
2559,2.559,0.0,0.0,0,0,
2560,2.56,0.0,0.0,0,0,
2561,2.561,0.0,0.0,0,0,
2562,2.562,0.0,0.0,0,0,
2563,2.563,0.0,0.0,0,0,
2564,2.564,0.0,0.0,0,0,
2565,2.565,0.0,0.0,0,0,
2566,2.566,0.0,0.0,0,0,
2567,2.567,0.0,0.0,0,0,
2568,2.568,0.0,0.0,0,0,
2569,2.569,0.0,0.0,0,0,
2570,2.57,0.0,0.0,0,0,
2571,2.571,0.0,0.0,0,0,
2572,2.572,0.0,0.0,0,0,
2573,2.573,0.0,0.0,0,0,
2574,2.574,0.0,0.0,0,0,
2575,2.575,0.0,0.0,0,0,
2576,2.576,0.0,0.0,0,0,
2577,2.577,0.0,0.0,0,0,
2578,2.578,0.0,0.0,0,0,
2579,2.579,0.0,0.0,0,0,
2580,2.58,0.0,0.0,0,0,
2581,2.581,0.0,0.0,0,0,
2582,2.582,0.0,0.0,0,0,
2583,2.583,0.0,0.0,0,0,
2584,2.584,0.0,0.0,0,0,
2585,2.585,0.0,0.0,0,0,
2586,2.586,0.0,0.0,0,0,
2587,2.587,0.0,0.0,0,0,
2588,2.588,0.0,0.0,0,0,
2589,2.589,0.0,0.0,0,0,
2590,2.59,0.0,0.0,0,0,
2591,2.591,0.0,0.0,0,0,
2592,2.592,0.0,0.0,0,0,
2593,2.593,0.0,0.0,0,0,
2594,2.594,0.0,0.0,0,0,
2595,2.595,0.0,0.0,0,0,
2596,2.596,0.0,0.0,0,0,
2597,2.597,0.0,0.0,0,0,
2598,2.598,0.0,0.0,0,0,
2599,2.599,0.0,0.0,0,0,
2600,2.6,0.0,0.0,0,0,7.3
2601,2.601,0.0,0.0,0,0,
2602,2.602,0.0,0.0,0,0,
2603,2.603,0.0,0.0,0,0,
2604,2.604,0.0,0.0,0,0,
2605,2.605,0.0,0.0,0,0,
2606,2.606,0.0,0.0,0,0,
2607,2.607,0.0,0.0,0,0,
2608,2.608,0.0,0.0,0,0,
2609,2.609,0.0,0.0,0,0,
2610,2.61,0.0,0.0,0,0,
2611,2.611,0.0,0.0,0,0,
2612,2.612,0.0,0.0,0,0,
2613,2.613,0.0,0.0,0,0,
2614,2.614,0.0,0.0,0,0,
2615,2.615,0.0,0.0,0,0,
2616,2.616,0.0,0.0,0,0,
2617,2.617,0.0,0.0,0,0,
2618,2.618,0.0,0.0,0,0,
2619,2.619,0.0,0.0,0,0,
2620,2.62,0.0,0.0,0,0,
2621,2.621,0.0,0.0,0,0,
2622,2.622,0.0,0.0,0,0,
2623,2.623,0.0,0.0,0,0,
2624,2.624,0.0,0.0,0,0,
2625,2.625,0.0,0.0,0,0,
2626,2.626,0.0,0.0,0,0,
2627,2.6270000000000002,0.0,0.0,0,0,
2628,2.628,0.0,0.0,0,0,
2629,2.629,0.0,0.0,0,0,
2630,2.63,0.0,0.0,0,0,
2631,2.6310000000000002,0.0,0.0,0,0,
2632,2.632,0.0,0.0,0,0,
2633,2.633,0.0,0.0,0,0,
2634,2.634,0.0,0.0,0,0,
2635,2.6350000000000002,0.0,0.0,0,0,
2636,2.636,0.0,0.0,0,0,
2637,2.637,0.0,0.0,0,0,
2638,2.638,0.0,0.0,0,0,
2639,2.6390000000000002,0.0,0.0,0,0,
2640,2.64,0.0,0.0,0,0,
2641,2.641,0.0,0.0,0,0,
2642,2.642,0.0,0.0,0,0,
2643,2.6430000000000002,0.0,0.0,0,0,
2644,2.644,0.0,0.0,0,0,
2645,2.645,0.0,0.0,0,0,
2646,2.646,0.0,0.0,0,0,
2647,2.6470000000000002,0.0,0.0,0,0,
2648,2.648,0.0,0.0,0,0,
2649,2.649,0.0,0.0,0,0,
2650,2.65,0.0,0.0,0,0,
2651,2.6510000000000002,0.0,0.0,0,0,
2652,2.652,0.0,0.0,0,0,
2653,2.653,0.0,0.0,0,0,
2654,2.654,0.0,0.0,0,0,
2655,2.6550000000000002,0.0,0.0,0,0,
2656,2.656,0.0,0.0,0,0,
2657,2.657,0.0,0.0,0,0,
2658,2.658,0.0,0.0,0,0,
2659,2.6590000000000003,0.0,0.0,0,0,
2660,2.66,0.0,0.0,0,0,
2661,2.661,0.0,0.0,0,0,
2662,2.662,0.0,0.0,0,0,
2663,2.6630000000000003,0.0,0.0,0,0,
2664,2.664,0.0,0.0,0,0,
2665,2.665,0.0,0.0,0,0,
2666,2.666,0.0,0.0,0,0,
2667,2.6670000000000003,0.0,0.0,0,0,
2668,2.668,0.0,0.0,0,0,
2669,2.669,0.0,0.0,0,0,
2670,2.67,0.0,0.0,0,0,
2671,2.6710000000000003,0.0,0.0,0,0,
2672,2.672,0.0,0.0,0,0,
2673,2.673,0.0,0.0,0,0,
2674,2.674,0.0,0.0,0,0,
2675,2.6750000000000003,0.0,0.0,0,0,
2676,2.676,0.0,0.0,0,0,
2677,2.677,0.0,0.0,0,0,
2678,2.678,0.0,0.0,0,0,
2679,2.6790000000000003,0.0,0.0,0,0,
2680,2.68,0.0,0.0,0,0,
2681,2.681,0.0,0.0,0,0,
2682,2.682,0.0,0.0,0,0,
2683,2.6830000000000003,0.0,0.0,0,0,
2684,2.684,0.0,0.0,0,0,
2685,2.685,0.0,0.0,0,0,
2686,2.686,0.0,0.0,0,0,
2687,2.6870000000000003,0.0,0.0,0,0,
2688,2.688,0.0,0.0,0,0,
2689,2.689,0.0,0.0,0,0,
2690,2.69,0.0,0.0,0,0,
2691,2.691,0.0,0.0,0,0,
2692,2.692,0.0,0.0,0,0,
2693,2.693,0.0,0.0,0,0,
2694,2.694,0.0,0.0,0,0,
2695,2.695,0.0,0.0,0,0,
2696,2.696,0.0,0.0,0,0,
2697,2.697,0.0,0.0,0,0,
2698,2.698,0.0,0.0,0,0,
2699,2.699,0.0,0.0,0,0,
2700,2.7,0.0,0.0,0,0,7.3
2701,2.701,0.0,0.0,0,0,
2702,2.702,0.0,0.0,0,0,
2703,2.703,0.0,0.0,0,0,
2704,2.704,0.0,0.0,0,0,
2705,2.705,0.0,0.0,0,0,
2706,2.706,0.0,0.0,0,0,
2707,2.707,0.0,0.0,0,0,
2708,2.708,0.0,0.0,0,0,
2709,2.709,0.0,0.0,0,0,
2710,2.71,0.0,0.0,0,0,
2711,2.711,0.0,0.0,0,0,
2712,2.712,0.0,0.0,0,0,
2713,2.713,0.0,0.0,0,0,
2714,2.714,0.0,0.0,0,0,
2715,2.715,0.0,0.0,0,0,
2716,2.716,0.0,0.0,0,0,
2717,2.717,0.0,0.0,0,0,
2718,2.718,0.0,0.0,0,0,
2719,2.719,0.0,0.0,0,0,
2720,2.72,0.0,0.0,0,0,
2721,2.721,0.0,0.0,0,0,
2722,2.722,0.0,0.0,0,0,
2723,2.723,0.0,0.0,0,0,
2724,2.724,0.0,0.0,0,0,
2725,2.725,0.0,0.0,0,0,
2726,2.726,0.0,0.0,0,0,
2727,2.727,0.0,0.0,0,0,
2728,2.728,0.0,0.0,0,0,
2729,2.729,0.0,0.0,0,0,
2730,2.73,0.0,0.0,0,0,
2731,2.731,0.0,0.0,0,0,
2732,2.732,0.0,0.0,0,0,
2733,2.733,0.0,0.0,0,0,
2734,2.734,0.0,0.0,0,0,
2735,2.735,0.0,0.0,0,0,
2736,2.736,0.0,0.0,0,0,
2737,2.737,0.0,0.0,0,0,
2738,2.738,0.0,0.0,0,0,
2739,2.739,0.0,0.0,0,0,
2740,2.74,0.0,0.0,0,0,
2741,2.741,0.0,0.0,0,0,
2742,2.742,0.0,0.0,0,0,
2743,2.743,0.0,0.0,0,0,
2744,2.744,0.0,0.0,0,0,
2745,2.745,0.0,0.0,0,0,
2746,2.746,0.0,0.0,0,0,
2747,2.747,0.0,0.0,0,0,
2748,2.748,0.0,0.0,0,0,
2749,2.749,0.0,0.0,0,0,
2750,2.75,0.0,0.0,0,0,
2751,2.751,0.0,0.0,0,0,
2752,2.7520000000000002,0.0,0.0,0,0,
2753,2.753,0.0,0.0,0,0,
2754,2.754,0.0,0.0,0,0,
2755,2.755,0.0,0.0,0,0,
2756,2.7560000000000002,0.0,0.0,0,0,
2757,2.757,0.0,0.0,0,0,
2758,2.758,0.0,0.0,0,0,
2759,2.759,0.0,0.0,0,0,
2760,2.7600000000000002,0.0,0.0,0,0,
2761,2.761,0.0,0.0,0,0,
2762,2.762,0.0,0.0,0,0,
2763,2.763,0.0,0.0,0,0,
2764,2.7640000000000002,0.0,0.0,0,0,
2765,2.765,0.0,0.0,0,0,
2766,2.766,0.0,0.0,0,0,
2767,2.767,0.0,0.0,0,0,
2768,2.7680000000000002,0.0,0.0,0,0,
2769,2.769,0.0,0.0,0,0,
2770,2.77,0.0,0.0,0,0,
2771,2.771,0.0,0.0,0,0,
2772,2.7720000000000002,0.0,0.0,0,0,
2773,2.773,0.0,0.0,0,0,
2774,2.774,0.0,0.0,0,0,
2775,2.775,0.0,0.0,0,0,
2776,2.7760000000000002,0.0,0.0,0,0,
2777,2.777,0.0,0.0,0,0,
2778,2.778,0.0,0.0,0,0,
2779,2.779,0.0,0.0,0,0,
2780,2.7800000000000002,0.0,0.0,0,0,
2781,2.781,0.0,0.0,0,0,
2782,2.782,0.0,0.0,0,0,
2783,2.783,0.0,0.0,0,0,
2784,2.7840000000000003,0.0,0.0,0,0,
2785,2.785,0.0,0.0,0,0,
2786,2.786,0.0,0.0,0,0,
2787,2.787,0.0,0.0,0,0,
2788,2.7880000000000003,0.0,0.0,0,0,
2789,2.789,0.0,0.0,0,0,
2790,2.79,0.0,0.0,0,0,
2791,2.791,0.0,0.0,0,0,
2792,2.7920000000000003,0.0,0.0,0,0,
2793,2.793,0.0,0.0,0,0,
2794,2.794,0.0,0.0,0,0,
2795,2.795,0.0,0.0,0,0,
2796,2.7960000000000003,0.0,0.0,0,0,
2797,2.797,0.0,0.0,0,0,
2798,2.798,0.0,0.0,0,0,
2799,2.799,0.0,0.0,0,0,
2800,2.8000000000000003,0.0,0.0,0,0,7.296785265192678
2801,2.801,0.0,0.0,0,0,
2802,2.802,0.0,0.0,0,0,
2803,2.803,0.0,0.0,0,0,
2804,2.8040000000000003,0.0,0.0,0,0,
2805,2.805,0.0,0.0,0,0,
2806,2.806,0.0,0.0,0,0,
2807,2.807,0.0,0.0,0,0,
2808,2.8080000000000003,0.0,0.0,0,0,
2809,2.809,0.0,0.0,0,0,
2810,2.81,0.0,0.0,0,0,
2811,2.811,0.0,0.0,0,0,
2812,2.8120000000000003,0.0,0.0,0,0,
2813,2.813,0.0,0.0,0,0,
2814,2.814,0.0,0.0,0,0,
2815,2.815,0.0,0.0,0,0,
2816,2.816,0.0,0.0,0,0,
2817,2.817,0.0,0.0,0,0,
2818,2.818,0.0,0.0,0,0,
2819,2.819,0.0,0.0,0,0,
2820,2.82,0.0,0.0,0,0,
2821,2.821,0.0,0.0,0,0,
2822,2.822,0.0,0.0,0,0,
2823,2.823,0.0,0.0,0,0,
2824,2.824,0.0,0.0,0,0,
2825,2.825,0.0,0.0,0,0,
2826,2.826,0.0,0.0,0,0,
2827,2.827,0.0,0.0,0,0,
2828,2.828,0.0,0.0,0,0,
2829,2.829,0.0,0.0,0,0,
2830,2.83,0.0,0.0,0,0,
2831,2.831,0.0,0.0,0,0,
2832,2.832,0.0,0.0,0,0,
2833,2.833,0.0,0.0,0,0,
2834,2.834,0.0,0.0,0,0,
2835,2.835,0.0,0.0,0,0,
2836,2.836,0.0,0.0,0,0,
2837,2.837,0.0,0.0,0,0,
2838,2.838,0.0,0.0,0,0,
2839,2.839,0.0,0.0,0,0,
2840,2.84,0.0,0.0,0,0,
2841,2.841,0.0,0.0,0,0,
2842,2.842,0.0,0.0,0,0,
2843,2.843,0.0,0.0,0,0,
2844,2.844,0.0,0.0,0,0,
2845,2.845,0.0,0.0,0,0,
2846,2.846,0.0,0.0,0,0,
2847,2.847,0.0,0.0,0,0,
2848,2.848,0.0,0.0,0,0,
2849,2.849,0.0,0.0,0,0,
2850,2.85,0.0,0.0,0,0,
2851,2.851,0.0,0.0,0,0,
2852,2.852,0.0,0.0,0,0,
2853,2.853,0.0,0.0,0,0,
2854,2.854,0.0,0.0,0,0,
2855,2.855,0.0,0.0,0,0,
2856,2.856,0.0,0.0,0,0,
2857,2.857,0.0,0.0,0,0,
2858,2.858,0.0,0.0,0,0,
2859,2.859,0.0,0.0,0,0,
2860,2.86,0.0,0.0,0,0,
2861,2.861,0.0,0.0,0,0,
2862,2.862,0.0,0.0,0,0,
2863,2.863,0.0,0.0,0,0,
2864,2.864,0.0,0.0,0,0,
2865,2.865,0.0,0.0,0,0,
2866,2.866,0.0,0.0,0,0,
2867,2.867,0.0,0.0,0,0,
2868,2.868,0.0,0.0,0,0,
2869,2.869,0.0,0.0,0,0,
2870,2.87,0.0,0.0,0,0,
2871,2.871,0.0,0.0,0,0,
2872,2.872,0.0,0.0,0,0,
2873,2.873,0.0,0.0,0,0,
2874,2.874,0.0,0.0,0,0,
2875,2.875,0.0,0.0,0,0,
2876,2.876,0.0,0.0,0,0,
2877,2.8770000000000002,0.0,0.0,0,0,
2878,2.878,0.0,0.0,0,0,
2879,2.879,0.0,0.0,0,0,
2880,2.88,0.0,0.0,0,0,
2881,2.8810000000000002,0.0,0.0,0,0,
2882,2.882,0.0,0.0,0,0,
2883,2.883,0.0,0.0,0,0,
2884,2.884,0.0,0.0,0,0,
2885,2.8850000000000002,0.0,0.0,0,0,
2886,2.886,0.0,0.0,0,0,
2887,2.887,0.0,0.0,0,0,
2888,2.888,0.0,0.0,0,0,
2889,2.8890000000000002,0.0,0.0,0,0,
2890,2.89,0.0,0.0,0,0,
2891,2.891,0.0,0.0,0,0,
2892,2.892,0.0,0.0,0,0,
2893,2.8930000000000002,0.0,0.0,0,0,
2894,2.894,0.0,0.0,0,0,
2895,2.895,0.0,0.0,0,0,
2896,2.896,0.0,0.0,0,0,
2897,2.8970000000000002,0.0,0.0,0,0,
2898,2.898,0.0,0.0,0,0,
2899,2.899,0.0,0.0,0,0,
2900,2.9,0.0,0.0,0,0,7.133135822754618
2901,2.9010000000000002,0.0,0.0,0,0,
2902,2.902,0.0,0.0,0,0,
2903,2.903,0.0,0.0,0,0,
2904,2.904,0.0,0.0,0,0,
2905,2.9050000000000002,0.0,0.0,0,0,
2906,2.906,0.0,0.0,0,0,
2907,2.907,0.0,0.0,0,0,
2908,2.908,0.0,0.0,0,0,
2909,2.9090000000000003,0.0,0.0,0,0,
2910,2.91,0.0,0.0,0,0,
2911,2.911,0.0,0.0,0,0,
2912,2.912,0.0,0.0,0,0,
2913,2.9130000000000003,0.0,0.0,0,0,
2914,2.914,0.0,0.0,0,0,
2915,2.915,0.0,0.0,0,0,
2916,2.916,0.0,0.0,0,0,
2917,2.9170000000000003,0.0,0.0,0,0,
2918,2.918,0.0,0.0,0,0,
2919,2.919,0.0,0.0,0,0,
2920,2.92,0.0,0.0,0,0,
2921,2.9210000000000003,0.0,0.0,0,0,
2922,2.922,0.0,0.0,0,0,
2923,2.923,0.0,0.0,0,0,
2924,2.924,0.0,0.0,0,0,
2925,2.9250000000000003,0.0,0.0,0,0,
2926,2.926,0.0,0.0,0,0,
2927,2.927,0.0,0.0,0,0,
2928,2.928,0.0,0.0,0,0,
2929,2.9290000000000003,0.0,0.0,0,0,
2930,2.93,0.0,0.0,0,0,
2931,2.931,0.0,0.0,0,0,
2932,2.932,0.0,0.0,0,0,
2933,2.9330000000000003,0.0,0.0,0,0,
2934,2.934,0.0,0.0,0,0,
2935,2.935,0.0,0.0,0,0,
2936,2.936,0.0,0.0,0,0,
2937,2.9370000000000003,0.0,0.0,0,0,
2938,2.938,0.0,0.0,0,0,
2939,2.939,0.0,0.0,0,0,
2940,2.94,0.0,0.0,0,0,
2941,2.9410000000000003,0.0,0.0,0,0,
2942,2.942,0.0,0.0,0,0,
2943,2.943,0.0,0.0,0,0,
2944,2.944,0.0,0.0,0,0,
2945,2.945,0.0,0.0,0,0,
2946,2.946,0.0,0.0,0,0,
2947,2.947,0.0,0.0,0,0,
2948,2.948,0.0,0.0,0,0,
2949,2.949,0.0,0.0,0,0,
2950,2.95,0.0,0.0,0,0,
2951,2.951,0.0,0.0,0,0,
2952,2.952,0.0,0.0,0,0,
2953,2.953,0.0,0.0,0,0,
2954,2.954,0.0,0.0,0,0,
2955,2.955,0.0,0.0,0,0,
2956,2.956,0.0,0.0,0,0,
2957,2.957,0.0,0.0,0,0,
2958,2.958,0.0,0.0,0,0,
2959,2.959,0.0,0.0,0,0,
2960,2.96,0.0,0.0,0,0,
2961,2.961,0.0,0.0,0,0,
2962,2.962,0.0,0.0,0,0,
2963,2.963,0.0,0.0,0,0,
2964,2.964,0.0,0.0,0,0,
2965,2.965,0.0,0.0,0,0,
2966,2.966,0.0,0.0,0,0,
2967,2.967,0.0,0.0,0,0,
2968,2.968,0.0,0.0,0,0,
2969,2.969,0.0,0.0,0,0,
2970,2.97,0.0,0.0,0,0,
2971,2.971,0.0,0.0,0,0,
2972,2.972,0.0,0.0,0,0,
2973,2.973,0.0,0.0,0,0,
2974,2.974,0.0,0.0,0,0,
2975,2.975,0.0,0.0,0,0,
2976,2.976,0.0,0.0,0,0,
2977,2.977,0.0,0.0,0,0,
2978,2.978,0.0,0.0,0,0,
2979,2.979,0.0,0.0,0,0,
2980,2.98,0.0,0.0,0,0,
2981,2.981,0.0,0.0,0,0,
2982,2.982,0.0,0.0,0,0,
2983,2.983,0.0,0.0,0,0,
2984,2.984,0.0,0.0,0,0,
2985,2.985,0.0,0.0,0,0,
2986,2.986,0.0,0.0,0,0,
2987,2.987,0.0,0.0,0,0,
2988,2.988,0.0,0.0,0,0,
2989,2.989,0.0,0.0,0,0,
2990,2.99,0.0,0.0,0,0,
2991,2.991,0.0,0.0,0,0,
2992,2.992,0.0,0.0,0,0,
2993,2.993,0.0,0.0,0,0,
2994,2.994,0.0,0.0,0,0,
2995,2.995,0.0,0.0,0,0,
2996,2.996,0.0,0.0,0,0,
2997,2.997,0.0,0.0,0,0,
2998,2.998,0.0,0.0,0,0,
2999,2.999,0.0,0.0,0,0,
3000,3.0,0.03,0.0,1,1,6.707794012080152
3001,3.001,0.03,0.0,1,1,
3002,3.0020000000000002,0.03,0.0,1,1,
3003,3.003,0.03,0.0,1,1,
3004,3.004,0.03,0.0,1,1,
3005,3.005,0.03,0.0,1,1,
3006,3.0060000000000002,0.03,0.0,1,1,
3007,3.007,0.03,0.0,1,1,
3008,3.008,0.03,0.0,1,1,
3009,3.009,0.03,0.0,1,1,
3010,3.0100000000000002,0.03,0.0,1,1,
3011,3.011,0.03,0.0,1,1,
3012,3.012,0.03,0.0,1,1,
3013,3.013,0.03,0.0,1,1,
3014,3.0140000000000002,0.03,0.0,1,1,
3015,3.015,0.03,0.0,1,1,
3016,3.016,0.03,0.0,1,1,
3017,3.017,0.03,0.0,1,1,
3018,3.0180000000000002,0.03,0.0,1,1,
3019,3.019,0.03,0.0,1,1,
3020,3.02,0.03,0.0,1,1,
3021,3.021,0.03,0.0,1,1,
3022,3.0220000000000002,0.03,0.0,1,1,
3023,3.023,0.03,0.0,1,1,
3024,3.024,0.03,0.0,1,1,
3025,3.025,0.03,0.0,1,1,
3026,3.0260000000000002,0.03,0.0,1,1,
3027,3.027,0.03,0.0,1,1,
3028,3.028,0.03,0.0,1,1,
3029,3.029,0.03,0.0,1,1,
3030,3.0300000000000002,0.03,0.0,1,1,
3031,3.031,0.03,0.0,1,1,
3032,3.032,0.03,0.0,1,1,
3033,3.033,0.03,0.0,1,1,
3034,3.0340000000000003,0.03,0.0,1,1,
3035,3.035,0.03,0.0,1,1,
3036,3.036,0.03,0.0,1,1,
3037,3.037,0.03,0.0,1,1,
3038,3.0380000000000003,0.03,0.0,1,1,
3039,3.039,0.03,0.0,1,1,
3040,3.04,0.03,0.0,1,1,
3041,3.041,0.03,0.0,1,1,
3042,3.0420000000000003,0.03,0.0,1,1,
3043,3.043,0.03,0.0,1,1,
3044,3.044,0.03,0.0,1,1,
3045,3.045,0.03,0.0,1,1,
3046,3.0460000000000003,0.03,0.0,1,1,
3047,3.047,0.03,0.0,1,1,
3048,3.048,0.03,0.0,1,1,
3049,3.049,0.03,0.0,1,1,
3050,3.0500000000000003,0.03,0.0,1,1,
3051,3.051,0.03,0.0,1,1,
3052,3.052,0.03,0.0,1,1,
3053,3.053,0.03,0.0,1,1,
3054,3.0540000000000003,0.03,0.0,1,1,
3055,3.055,0.03,0.0,1,1,
3056,3.056,0.03,0.0,1,1,
3057,3.057,0.03,0.0,1,1,
3058,3.0580000000000003,0.03,0.0,1,1,
3059,3.059,0.03,0.0,1,1,
3060,3.06,0.03,0.0,1,1,
3061,3.061,0.03,0.0,1,1,
3062,3.0620000000000003,0.03,0.0,1,1,
3063,3.063,0.03,0.0,1,1,
3064,3.064,0.03,0.0,1,1,
3065,3.065,0.03,0.0,1,1,
3066,3.0660000000000003,0.03,0.0,1,1,
3067,3.067,0.03,0.0,1,1,
3068,3.068,0.03,0.0,1,1,
3069,3.069,0.03,0.0,1,1,
3070,3.0700000000000003,0.03,0.0,1,1,
3071,3.071,0.03,0.0,1,1,
3072,3.072,0.03,0.0,1,1,
3073,3.073,0.03,0.0,1,1,
3074,3.074,0.03,0.0,1,1,
3075,3.075,0.03,0.0,1,1,
3076,3.076,0.03,0.0,1,1,
3077,3.077,0.03,0.0,1,1,
3078,3.078,0.03,0.0,1,1,
3079,3.079,0.03,0.0,1,1,
3080,3.08,0.03,0.0,1,1,
3081,3.081,0.03,0.0,1,1,
3082,3.082,0.03,0.0,1,1,
3083,3.083,0.03,0.0,1,1,
3084,3.084,0.03,0.0,1,1,
3085,3.085,0.03,0.0,1,1,
3086,3.086,0.03,0.0,1,1,
3087,3.087,0.03,0.0,1,1,
3088,3.088,0.03,0.0,1,1,
3089,3.089,0.03,0.0,1,1,
3090,3.09,0.03,0.0,1,1,
3091,3.091,0.03,0.0,1,1,
3092,3.092,0.03,0.0,1,1,
3093,3.093,0.03,0.0,1,1,
3094,3.094,0.03,0.0,1,1,
3095,3.095,0.03,0.0,1,1,
3096,3.096,0.03,0.0,1,1,
3097,3.097,0.03,0.0,1,1,
3098,3.098,0.03,0.0,1,1,
3099,3.099,0.03,0.0,1,1,
3100,3.1,0.03,0.0,1,1,6.317412481446319
3101,3.101,0.03,0.0,1,1,
3102,3.102,0.03,0.0,1,1,
3103,3.103,0.03,0.0,1,1,
3104,3.104,0.03,0.0,1,1,
3105,3.105,0.03,0.0,1,1,
3106,3.106,0.03,0.0,1,1,
3107,3.107,0.03,0.0,1,1,
3108,3.108,0.03,0.0,1,1,
3109,3.109,0.03,0.0,1,1,
3110,3.11,0.03,0.0,1,1,
3111,3.111,0.03,0.0,1,1,
3112,3.112,0.03,0.0,1,1,
3113,3.113,0.03,0.0,1,1,
3114,3.114,0.03,0.0,1,1,
3115,3.115,0.03,0.0,1,1,
3116,3.116,0.03,0.0,1,1,
3117,3.117,0.03,0.0,1,1,
3118,3.118,0.03,0.0,1,1,
3119,3.119,0.03,0.0,1,1,
3120,3.12,0.03,0.0,1,1,
3121,3.121,0.03,0.0,1,1,
3122,3.122,0.03,0.0,1,1,
3123,3.123,0.03,0.0,1,1,
3124,3.124,0.03,0.0,1,1,
3125,3.125,0.03,0.0,1,1,
3126,3.126,0.03,0.0,1,1,
3127,3.1270000000000002,0.03,0.0,1,1,
3128,3.128,0.03,0.0,1,1,
3129,3.129,0.03,0.0,1,1,
3130,3.13,0.03,0.0,1,1,
3131,3.1310000000000002,0.03,0.0,1,1,
3132,3.132,0.03,0.0,1,1,
3133,3.133,0.03,0.0,1,1,
3134,3.134,0.03,0.0,1,1,
3135,3.1350000000000002,0.03,0.0,1,1,
3136,3.136,0.03,0.0,1,1,
3137,3.137,0.03,0.0,1,1,
3138,3.138,0.03,0.0,1,1,
3139,3.1390000000000002,0.03,0.0,1,1,
3140,3.14,0.03,0.0,1,1,
3141,3.141,0.03,0.0,1,1,
3142,3.142,0.03,0.0,1,1,
3143,3.1430000000000002,0.03,0.0,1,1,
3144,3.144,0.03,0.0,1,1,
3145,3.145,0.03,0.0,1,1,
3146,3.146,0.03,0.0,1,1,
3147,3.1470000000000002,0.03,0.0,1,1,
3148,3.148,0.03,0.0,1,1,
3149,3.149,0.03,0.0,1,1,
3150,3.15,0.03,0.0,1,1,
3151,3.1510000000000002,0.03,0.0,1,1,
3152,3.152,0.03,0.0,1,1,
3153,3.153,0.03,0.0,1,1,
3154,3.154,0.03,0.0,1,1,
3155,3.1550000000000002,0.03,0.0,1,1,
3156,3.156,0.03,0.0,1,1,
3157,3.157,0.03,0.0,1,1,
3158,3.158,0.03,0.0,1,1,
3159,3.1590000000000003,0.03,0.0,1,1,
3160,3.16,0.03,0.0,1,1,
3161,3.161,0.03,0.0,1,1,
3162,3.162,0.03,0.0,1,1,
3163,3.1630000000000003,0.03,0.0,1,1,
3164,3.164,0.03,0.0,1,1,
3165,3.165,0.03,0.0,1,1,
3166,3.166,0.03,0.0,1,1,
3167,3.1670000000000003,0.03,0.0,1,1,
3168,3.168,0.03,0.0,1,1,
3169,3.169,0.03,0.0,1,1,
3170,3.17,0.03,0.0,1,1,
3171,3.1710000000000003,0.03,0.0,1,1,
3172,3.172,0.03,0.0,1,1,
3173,3.173,0.03,0.0,1,1,
3174,3.174,0.03,0.0,1,1,
3175,3.1750000000000003,0.03,0.0,1,1,
3176,3.176,0.03,0.0,1,1,
3177,3.177,0.03,0.0,1,1,
3178,3.178,0.03,0.0,1,1,
3179,3.1790000000000003,0.03,0.0,1,1,
3180,3.18,0.03,0.0,1,1,
3181,3.181,0.03,0.0,1,1,
3182,3.182,0.03,0.0,1,1,
3183,3.1830000000000003,0.03,0.0,1,1,
3184,3.184,0.03,0.0,1,1,
3185,3.185,0.03,0.0,1,1,
3186,3.186,0.03,0.0,1,1,
3187,3.1870000000000003,0.03,0.0,1,1,
3188,3.188,0.03,0.0,1,1,
3189,3.189,0.03,0.0,1,1,
3190,3.19,0.03,0.0,1,1,
3191,3.1910000000000003,0.03,0.0,1,1,
3192,3.192,0.03,0.0,1,1,
3193,3.193,0.03,0.0,1,1,
3194,3.194,0.03,0.0,1,1,
3195,3.1950000000000003,0.03,0.0,1,1,
3196,3.196,0.03,0.0,1,1,
3197,3.197,0.03,0.0,1,1,
3198,3.198,0.03,0.0,1,1,
3199,3.1990000000000003,0.03,0.0,1,1,
3200,3.2,0.03,0.0,1,1,6.426707289085306
3201,3.201,0.03,0.0,1,1,
3202,3.202,0.03,0.0,1,1,
3203,3.203,0.03,0.0,1,1,
3204,3.204,0.03,0.0,1,1,
3205,3.205,0.03,0.0,1,1,
3206,3.206,0.03,0.0,1,1,
3207,3.207,0.03,0.0,1,1,
3208,3.208,0.03,0.0,1,1,
3209,3.209,0.03,0.0,1,1,
3210,3.21,0.03,0.0,1,1,
3211,3.211,0.03,0.0,1,1,
3212,3.212,0.03,0.0,1,1,
3213,3.213,0.03,0.0,1,1,
3214,3.214,0.03,0.0,1,1,
3215,3.215,0.03,0.0,1,1,
3216,3.216,0.03,0.0,1,1,
3217,3.217,0.03,0.0,1,1,
3218,3.218,0.03,0.0,1,1,
3219,3.219,0.03,0.0,1,1,
3220,3.22,0.03,0.0,1,1,
3221,3.221,0.03,0.0,1,1,
3222,3.222,0.03,0.0,1,1,
3223,3.223,0.03,0.0,1,1,
3224,3.224,0.03,0.0,1,1,
3225,3.225,0.03,0.0,1,1,
3226,3.226,0.03,0.0,1,1,
3227,3.227,0.03,0.0,1,1,
3228,3.228,0.03,0.0,1,1,
3229,3.229,0.03,0.0,1,1,
3230,3.23,0.03,0.0,1,1,
3231,3.231,0.03,0.0,1,1,
3232,3.232,0.03,0.0,1,1,
3233,3.233,0.03,0.0,1,1,
3234,3.234,0.03,0.0,1,1,
3235,3.235,0.03,0.0,1,1,
3236,3.236,0.03,0.0,1,1,
3237,3.237,0.03,0.0,1,1,
3238,3.238,0.03,0.0,1,1,
3239,3.239,0.03,0.0,1,1,
3240,3.24,0.03,0.0,1,1,
3241,3.241,0.03,0.0,1,1,
3242,3.242,0.03,0.0,1,1,
3243,3.243,0.03,0.0,1,1,
3244,3.244,0.03,0.0,1,1,
3245,3.245,0.03,0.0,1,1,
3246,3.246,0.03,0.0,1,1,
3247,3.247,0.03,0.0,1,1,
3248,3.248,0.03,0.0,1,1,
3249,3.249,0.03,0.0,1,1,
3250,3.25,0.03,0.0,1,1,
3251,3.251,0.03,0.0,1,1,
3252,3.2520000000000002,0.03,0.0,1,1,
3253,3.253,0.03,0.0,1,1,
3254,3.254,0.03,0.0,1,1,
3255,3.255,0.03,0.0,1,1,
3256,3.2560000000000002,0.03,0.0,1,1,
3257,3.257,0.03,0.0,1,1,
3258,3.258,0.03,0.0,1,1,
3259,3.259,0.03,0.0,1,1,
3260,3.2600000000000002,0.03,0.0,1,1,
3261,3.261,0.03,0.0,1,1,
3262,3.262,0.03,0.0,1,1,
3263,3.263,0.03,0.0,1,1,
3264,3.2640000000000002,0.03,0.0,1,1,
3265,3.265,0.03,0.0,1,1,
3266,3.266,0.03,0.0,1,1,
3267,3.267,0.03,0.0,1,1,
3268,3.2680000000000002,0.03,0.0,1,1,
3269,3.269,0.03,0.0,1,1,
3270,3.27,0.03,0.0,1,1,
3271,3.271,0.03,0.0,1,1,
3272,3.2720000000000002,0.03,0.0,1,1,
3273,3.273,0.03,0.0,1,1,
3274,3.274,0.03,0.0,1,1,
3275,3.275,0.03,0.0,1,1,
3276,3.2760000000000002,0.03,0.0,1,1,
3277,3.277,0.03,0.0,1,1,
3278,3.278,0.03,0.0,1,1,
3279,3.279,0.03,0.0,1,1,
3280,3.2800000000000002,0.03,0.0,1,1,
3281,3.281,0.03,0.0,1,1,
3282,3.282,0.03,0.0,1,1,
3283,3.283,0.03,0.0,1,1,
3284,3.2840000000000003,0.03,0.0,1,1,
3285,3.285,0.03,0.0,1,1,
3286,3.286,0.03,0.0,1,1,
3287,3.287,0.03,0.0,1,1,
3288,3.2880000000000003,0.03,0.0,1,1,
3289,3.289,0.03,0.0,1,1,
3290,3.29,0.03,0.0,1,1,
3291,3.291,0.03,0.0,1,1,
3292,3.2920000000000003,0.03,0.0,1,1,
3293,3.293,0.03,0.0,1,1,
3294,3.294,0.03,0.0,1,1,
3295,3.295,0.03,0.0,1,1,
3296,3.2960000000000003,0.03,0.0,1,1,
3297,3.297,0.03,0.0,1,1,
3298,3.298,0.03,0.0,1,1,
3299,3.299,0.03,0.0,1,1,
3300,3.3000000000000003,0.03,0.0,1,1,6.050062054045261
3301,3.301,0.03,0.0,1,1,
3302,3.302,0.03,0.0,1,1,
3303,3.303,0.03,0.0,1,1,
3304,3.3040000000000003,0.03,0.0,1,1,
3305,3.305,0.03,0.0,1,1,
3306,3.306,0.03,0.0,1,1,
3307,3.307,0.03,0.0,1,1,
3308,3.3080000000000003,0.03,0.0,1,1,
3309,3.309,0.03,0.0,1,1,
3310,3.31,0.03,0.0,1,1,
3311,3.311,0.03,0.0,1,1,
3312,3.3120000000000003,0.03,0.0,1,1,
3313,3.313,0.03,0.0,1,1,
3314,3.314,0.03,0.0,1,1,
3315,3.315,0.03,0.0,1,1,
3316,3.3160000000000003,0.03,0.0,1,1,
3317,3.317,0.03,0.0,1,1,
3318,3.318,0.03,0.0,1,1,
3319,3.319,0.03,0.0,1,1,
3320,3.3200000000000003,0.03,0.0,1,1,
3321,3.321,0.03,0.0,1,1,
3322,3.322,0.03,0.0,1,1,
3323,3.323,0.03,0.0,1,1,
3324,3.3240000000000003,0.03,0.0,1,1,
3325,3.325,0.03,0.0,1,1,
3326,3.326,0.03,0.0,1,1,
3327,3.327,0.03,0.0,1,1,
3328,3.3280000000000003,0.03,0.0,1,1,
3329,3.329,0.03,0.0,1,1,
3330,3.33,0.03,0.0,1,1,
3331,3.331,0.03,0.0,1,1,
3332,3.332,0.03,0.0,1,1,
3333,3.333,0.03,0.0,1,1,
3334,3.334,0.03,0.0,1,1,
3335,3.335,0.03,0.0,1,1,
3336,3.336,0.03,0.0,1,1,
3337,3.337,0.03,0.0,1,1,
3338,3.338,0.03,0.0,1,1,
3339,3.339,0.03,0.0,1,1,
3340,3.34,0.03,0.0,1,1,
3341,3.341,0.03,0.0,1,1,
3342,3.342,0.03,0.0,1,1,
3343,3.343,0.03,0.0,1,1,
3344,3.344,0.03,0.0,1,1,
3345,3.345,0.03,0.0,1,1,
3346,3.346,0.03,0.0,1,1,
3347,3.347,0.03,0.0,1,1,
3348,3.348,0.03,0.0,1,1,
3349,3.349,0.03,0.0,1,1,
3350,3.35,0.03,0.0,1,1,
3351,3.351,0.03,0.0,1,1,
3352,3.352,0.03,0.0,1,1,
3353,3.353,0.03,0.0,1,1,
3354,3.354,0.03,0.0,1,1,
3355,3.355,0.03,0.0,1,1,
3356,3.356,0.03,0.0,1,1,
3357,3.357,0.03,0.0,1,1,
3358,3.358,0.03,0.0,1,1,
3359,3.359,0.03,0.0,1,1,
3360,3.36,0.03,0.0,1,1,
3361,3.361,0.03,0.0,1,1,
3362,3.362,0.03,0.0,1,1,
3363,3.363,0.03,0.0,1,1,
3364,3.364,0.03,0.0,1,1,
3365,3.365,0.03,0.0,1,1,
3366,3.366,0.03,0.0,1,1,
3367,3.367,0.03,0.0,1,1,
3368,3.368,0.03,0.0,1,1,
3369,3.369,0.03,0.0,1,1,
3370,3.37,0.03,0.0,1,1,
3371,3.371,0.03,0.0,1,1,
3372,3.372,0.03,0.0,1,1,
3373,3.373,0.03,0.0,1,1,
3374,3.374,0.03,0.0,1,1,
3375,3.375,0.03,0.0,1,1,
3376,3.376,0.03,0.0,1,1,
3377,3.3770000000000002,0.03,0.0,1,1,
3378,3.378,0.03,0.0,1,1,
3379,3.379,0.03,0.0,1,1,
3380,3.38,0.03,0.0,1,1,
3381,3.3810000000000002,0.03,0.0,1,1,
3382,3.382,0.03,0.0,1,1,
3383,3.383,0.03,0.0,1,1,
3384,3.384,0.03,0.0,1,1,
3385,3.3850000000000002,0.03,0.0,1,1,
3386,3.386,0.03,0.0,1,1,
3387,3.387,0.03,0.0,1,1,
3388,3.388,0.03,0.0,1,1,
3389,3.3890000000000002,0.03,0.0,1,1,
3390,3.39,0.03,0.0,1,1,
3391,3.391,0.03,0.0,1,1,
3392,3.392,0.03,0.0,1,1,
3393,3.3930000000000002,0.03,0.0,1,1,
3394,3.394,0.03,0.0,1,1,
3395,3.395,0.03,0.0,1,1,
3396,3.396,0.03,0.0,1,1,
3397,3.3970000000000002,0.03,0.0,1,1,
3398,3.398,0.03,0.0,1,1,
3399,3.399,0.03,0.0,1,1,
3400,3.4,0.03,0.0,1,1,3.5382444461661633
3401,3.4010000000000002,0.03,0.0,1,1,
3402,3.402,0.03,0.0,1,1,
3403,3.403,0.03,0.0,1,1,
3404,3.404,0.03,0.0,1,1,
3405,3.4050000000000002,0.03,0.0,1,1,
3406,3.406,0.03,0.0,1,1,
3407,3.407,0.03,0.0,1,1,
3408,3.408,0.03,0.0,1,1,
3409,3.4090000000000003,0.03,0.0,1,1,
3410,3.41,0.03,0.0,1,1,
3411,3.411,0.03,0.0,1,1,
3412,3.412,0.03,0.0,1,1,
3413,3.4130000000000003,0.03,0.0,1,1,
3414,3.414,0.03,0.0,1,1,
3415,3.415,0.03,0.0,1,1,
3416,3.416,0.03,0.0,1,1,
3417,3.4170000000000003,0.03,0.0,1,1,
3418,3.418,0.03,0.0,1,1,
3419,3.419,0.03,0.0,1,1,
3420,3.42,0.03,0.0,1,1,
3421,3.4210000000000003,0.03,0.0,1,1,
3422,3.422,0.03,0.0,1,1,
3423,3.423,0.03,0.0,1,1,
3424,3.424,0.03,0.0,1,1,
3425,3.4250000000000003,0.03,0.0,1,1,
3426,3.426,0.03,0.0,1,1,
3427,3.427,0.03,0.0,1,1,
3428,3.428,0.03,0.0,1,1,
3429,3.4290000000000003,0.03,0.0,1,1,
3430,3.43,0.03,0.0,1,1,
3431,3.431,0.03,0.0,1,1,
3432,3.432,0.03,0.0,1,1,
3433,3.4330000000000003,0.03,0.0,1,1,
3434,3.434,0.03,0.0,1,1,
3435,3.435,0.03,0.0,1,1,
3436,3.436,0.03,0.0,1,1,
3437,3.4370000000000003,0.03,0.0,1,1,
3438,3.438,0.03,0.0,1,1,
3439,3.439,0.03,0.0,1,1,
3440,3.44,0.03,0.0,1,1,
3441,3.4410000000000003,0.03,0.0,1,1,
3442,3.442,0.03,0.0,1,1,
3443,3.443,0.03,0.0,1,1,
3444,3.444,0.03,0.0,1,1,
3445,3.4450000000000003,0.03,0.0,1,1,
3446,3.446,0.03,0.0,1,1,
3447,3.447,0.03,0.0,1,1,
3448,3.448,0.03,0.0,1,1,
3449,3.4490000000000003,0.03,0.0,1,1,
3450,3.45,0.03,0.0,1,1,
3451,3.451,0.03,0.0,1,1,
3452,3.452,0.03,0.0,1,1,
3453,3.4530000000000003,0.03,0.0,1,1,
3454,3.454,0.03,0.0,1,1,
3455,3.455,0.03,0.0,1,1,
3456,3.456,0.03,0.0,1,1,
3457,3.457,0.03,0.0,1,1,
3458,3.458,0.03,0.0,1,1,
3459,3.459,0.03,0.0,1,1,
3460,3.46,0.03,0.0,1,1,
3461,3.461,0.03,0.0,1,1,
3462,3.462,0.03,0.0,1,1,
3463,3.463,0.03,0.0,1,1,
3464,3.464,0.03,0.0,1,1,
3465,3.465,0.03,0.0,1,1,
3466,3.466,0.03,0.0,1,1,
3467,3.467,0.03,0.0,1,1,
3468,3.468,0.03,0.0,1,1,
3469,3.469,0.03,0.0,1,1,
3470,3.47,0.03,0.0,1,1,
3471,3.471,0.03,0.0,1,1,
3472,3.472,0.03,0.0,1,1,
3473,3.473,0.03,0.0,1,1,
3474,3.474,0.03,0.0,1,1,
3475,3.475,0.03,0.0,1,1,
3476,3.476,0.03,0.0,1,1,
3477,3.477,0.03,0.0,1,1,
3478,3.478,0.03,0.0,1,1,
3479,3.479,0.03,0.0,1,1,
3480,3.48,0.03,0.0,1,1,
3481,3.481,0.03,0.0,1,1,
3482,3.482,0.03,0.0,1,1,
3483,3.483,0.03,0.0,1,1,
3484,3.484,0.03,0.0,1,1,
3485,3.485,0.03,0.0,1,1,
3486,3.486,0.03,0.0,1,1,
3487,3.487,0.03,0.0,1,1,
3488,3.488,0.03,0.0,1,1,
3489,3.489,0.03,0.0,1,1,
3490,3.49,0.03,0.0,1,1,
3491,3.491,0.03,0.0,1,1,
3492,3.492,0.03,0.0,1,1,
3493,3.493,0.03,0.0,1,1,
3494,3.494,0.03,0.0,1,1,
3495,3.495,0.03,0.0,1,1,
3496,3.496,0.03,0.0,1,1,
3497,3.497,0.03,0.0,1,1,
3498,3.498,0.03,0.0,1,1,
3499,3.499,0.03,0.0,1,1,
3500,3.5,0.03,0.0,1,1,3.5462127284498988
3501,3.501,0.03,0.0,1,1,
3502,3.5020000000000002,0.03,0.0,1,1,
3503,3.503,0.03,0.0,1,1,
3504,3.504,0.03,0.0,1,1,
3505,3.505,0.03,0.0,1,1,
3506,3.5060000000000002,0.03,0.0,1,1,
3507,3.507,0.03,0.0,1,1,
3508,3.508,0.03,0.0,1,1,
3509,3.509,0.03,0.0,1,1,
3510,3.5100000000000002,0.03,0.0,1,1,
3511,3.511,0.03,0.0,1,1,
3512,3.512,0.03,0.0,1,1,
3513,3.513,0.03,0.0,1,1,
3514,3.5140000000000002,0.03,0.0,1,1,
3515,3.515,0.03,0.0,1,1,
3516,3.516,0.03,0.0,1,1,
3517,3.517,0.03,0.0,1,1,
3518,3.5180000000000002,0.03,0.0,1,1,
3519,3.519,0.03,0.0,1,1,
3520,3.52,0.03,0.0,1,1,
3521,3.521,0.03,0.0,1,1,
3522,3.5220000000000002,0.03,0.0,1,1,
3523,3.523,0.03,0.0,1,1,
3524,3.524,0.03,0.0,1,1,
3525,3.525,0.03,0.0,1,1,
3526,3.5260000000000002,0.03,0.0,1,1,
3527,3.527,0.03,0.0,1,1,
3528,3.528,0.03,0.0,1,1,
3529,3.529,0.03,0.0,1,1,
3530,3.5300000000000002,0.03,0.0,1,1,
3531,3.531,0.03,0.0,1,1,
3532,3.532,0.03,0.0,1,1,
3533,3.533,0.03,0.0,1,1,
3534,3.5340000000000003,0.03,0.0,1,1,
3535,3.535,0.03,0.0,1,1,
3536,3.536,0.03,0.0,1,1,
3537,3.537,0.03,0.0,1,1,
3538,3.5380000000000003,0.03,0.0,1,1,
3539,3.539,0.03,0.0,1,1,
3540,3.54,0.03,0.0,1,1,
3541,3.541,0.03,0.0,1,1,
3542,3.5420000000000003,0.03,1.0,1,1,
3543,3.543,0.03,0.951229424500714,1,1,
3544,3.544,0.03,0.9048374180359596,1,1,
3545,3.545,0.03,0.8607079764250579,1,1,
3546,3.5460000000000003,0.03,0.8187307530779819,1,1,
3547,3.547,0.03,0.778800783071405,1,1,
3548,3.548,0.03,0.740818220681718,1,1,
3549,3.549,0.03,0.7046880897187136,1,1,
3550,3.5500000000000003,0.03,0.6703200460356394,1,1,
3551,3.551,0.03,0.6376281516217734,1,1,
3552,3.552,0.03,0.6065306597126335,1,1,
3553,3.553,0.03,0.5769498103804868,1,1,
3554,3.5540000000000003,0.03,0.5488116360940265,1,1,
3555,3.555,0.03,0.5220457767610162,1,1,
3556,3.556,0.03,0.49658530379140964,1,1,
3557,3.557,0.03,0.4723665527410148,1,1,
3558,3.5580000000000003,0.03,0.4493289641172217,1,1,
3559,3.559,0.03,0.42741493194872676,1,1,
3560,3.56,0.03,0.4065696597405992,1,1,
3561,3.561,0.03,0.3867410234545013,1,1,
3562,3.5620000000000003,0.03,0.3678794411714424,1,1,
3563,3.563,0.03,0.34993774911115544,1,1,
3564,3.564,0.03,0.33287108369807966,1,1,
3565,3.565,0.03,0.31663676937905333,1,1,
3566,3.5660000000000003,0.03,0.3011942119122022,1,1,
3567,3.567,0.03,0.2865047968601902,1,1,
3568,3.568,0.03,0.2725317930340127,1,1,
3569,3.569,0.03,0.2592402606458916,1,1,
3570,3.5700000000000003,0.03,0.24659696394160657,1,1,
3571,3.571,0.03,0.23457028809379774,1,1,
3572,3.572,0.03,0.2231301601484299,1,1,
3573,3.573,0.03,0.21224797382674312,1,1,
3574,3.5740000000000003,0.03,0.20189651799465547,1,1,
3575,3.575,0.03,0.19204990862075416,1,1,
3576,3.576,0.03,0.1826835240527347,1,1,
3577,3.577,0.03,0.17377394345044517,1,1,
3578,3.5780000000000003,0.03,0.1652988882215866,1,1,
3579,3.579,0.03,0.15723716631362766,1,1,
3580,3.58,0.03,0.1495686192226351,1,1,
3581,3.581,0.03,0.14227407158651362,1,1,
3582,3.5820000000000003,0.03,0.13533528323661273,1,1,
3583,3.583,0.03,0.12873490358780426,1,1,
3584,3.584,0.03,0.12245642825298195,1,1,
3585,3.585,0.03,0.116484157773497,1,1,
3586,3.586,0.03,0.11080315836233391,1,1,
3587,3.587,0.03,0.10539922456186436,1,1,
3588,3.588,0.03,0.10025884372280376,1,1,
3589,3.589,0.03,0.09536916221554964,1,1,
3590,3.59,0.03,0.09071795328941253,1,1,
3591,3.591,0.03,0.08629358649937054,1,1,
3592,3.592,0.03,0.08208499862389881,1,1,
3593,3.593,0.03,0.07808166600115317,1,1,
3594,3.594,0.03,0.07427357821433389,1,1,
3595,3.595,0.03,0.0706512130604296,1,1,
3596,3.596,0.03,0.06720551273974977,1,1,
3597,3.597,0.03,0.06392786120670758,1,1,
3598,3.598,0.03,0.06081006262521798,1,1,
3599,3.599,0.03,0.05784432087483848,1,1,
3600,3.6,0.0,0.055023220056407245,0,1,3.558788641526473
3601,3.601,0.0,0.05233970594843241,0,1,
3602,3.602,0.0,0.04978706836786396,0,1,
3603,3.603,0.0,0.047358924391140936,0,1,
3604,3.604,0.0,0.04504920239355782,0,1,
3605,3.605,0.0,0.042852126867040194,0,1,
3606,3.606,0.0,0.04076220397836623,0,1,
3607,3.607,0.0,0.03877420783172203,0,1,
3608,3.608,0.0,0.03688316740124002,0,1,
3609,3.609,0.0,0.03508435410084504,0,1,
3610,3.61,0.0,0.033373269960326093,0,1,
3611,3.611,0.0,0.03174563637806796,0,1,
3612,3.612,0.0,0.030197383422318518,0,1,
3613,3.613,0.0,0.028724639654239447,0,1,
3614,3.614,0.0,0.02732372244729258,0,1,
3615,3.615,0.0,0.02599112877875536,0,1,
3616,3.616,0.0,0.02472352647033941,0,1,
3617,3.617,0.0,0.023517745856009124,0,1,
3618,3.618,0.0,0.02237077185616561,0,1,
3619,3.619,0.0,0.021279736438377186,0,1,
3620,3.62,0.0,0.020241911445804405,0,1,
3621,3.621,0.0,0.01925470177538694,0,1,
3622,3.622,0.0,0.018315638888734196,0,1,
3623,3.623,0.0,0.017422374639493525,0,1,
3624,3.624,0.0,0.01657267540176126,0,1,
3625,3.625,0.0,0.015764416484854504,0,1,
3626,3.626,0.0,0.014995576820477719,0,1,
3627,3.6270000000000002,0.0,0.014264233908999268,0,1,
3628,3.628,0.0,0.013568559012200944,0,1,
3629,3.629,0.0,0.012906812580479881,0,1,
3630,3.63,0.0,0.012277339903068453,0,1,
3631,3.6310000000000002,0.0,0.011678566970395456,0,1,
3632,3.632,0.0,0.011108996538242316,0,1,
3633,3.633,0.0,0.010567204383852663,0,1,
3634,3.634,0.0,0.010051835744633591,0,1,
3635,3.6350000000000002,0.0,0.009561601930543517,0,1,
3636,3.636,0.0,0.009095277101695826,0,1,
3637,3.637,0.0,0.008651695203120643,0,1,
3638,3.638,0.0,0.008229747049020037,0,1,
3639,3.6390000000000002,0.0,0.007828377549225779,0,1,
3640,3.64,0.0,0.007446583070924348,0,1,
3641,3.641,0.0,0.007083408929052127,0,1,
3642,3.642,0.0,0.006737946999085474,0,1,
3643,3.6430000000000002,0.0,0.006409333446256388,0,1,
3644,3.644,0.0,0.006096746565515642,0,1,
3645,3.645,0.0,0.005799404726842149,0,1,
3646,3.646,0.0,0.0055165644207607785,0,1,
3647,3.6470000000000002,0.0,0.00524751839918139,0,1,
3648,3.648,0.0,0.004991593906910221,0,1,
3649,3.649,0.0,0.00474815099941148,0,1,
3650,3.65,0.0,0.004516580942612672,0,1,
3651,3.6510000000000002,0.0,0.004296304690752344,0,1,
3652,3.652,0.0,0.00408677143846407,0,1,
3653,3.653,0.0,0.0038874572434761325,0,1,
3654,3.654,0.0,0.0036978637164829338,0,1,
3655,3.6550000000000002,0.0,0.0035175167749121328,0,1,
3656,3.656,0.0,0.0033459654574712755,0,1,
3657,3.657,0.0,0.0031827807965096695,0,1,
3658,3.658,0.0,0.003027554745375817,0,1,
3659,3.6590000000000003,0.0,0.0028798991580882443,0,1,
3660,3.66,0.0,0.0027394448187683714,0,1,
3661,3.661,0.0,0.002605840518408501,0,1,
3662,3.662,0.0,0.0024787521766663607,0,1,
3663,3.6630000000000003,0.0,0.0023578620064902346,0,1,
3664,3.664,0.0,0.0022428677194858047,0,1,
3665,3.665,0.0,0.0021334817700377107,0,1,
3666,3.666,0.0,0.002029430636295736,0,1,
3667,3.6670000000000003,0.0,0.001930454136227711,0,1,
3668,3.668,0.0,0.0018363047770289086,0,1,
3669,3.669,0.0,0.0017467471362611208,0,1,
3670,3.67,0.0,0.001661557273173936,0,1,
3671,3.6710000000000003,0.0,0.0015805221687362188,0,1,
3672,3.672,0.0,0.0015034391929775739,0,1,
3673,3.673,0.0,0.0014301155983078755,0,1,
3674,3.674,0.0,0.0013603680375478947,0,1,
3675,3.6750000000000003,0.0,0.0012940221054658495,0,1,
3676,3.676,0.0,0.0012309119026734823,0,1,
3677,3.677,0.0,0.0011708796207911755,0,1,
3678,3.678,0.0,0.0011137751478448041,0,1,
3679,3.6790000000000003,0.0,0.0010594556929076108,0,1,
3680,3.68,0.0,0.0010077854290485118,0,1,
3681,3.681,0.0,0.0009586351536940209,0,1,
3682,3.682,0.0,0.0009118819655545171,0,1,
3683,3.6830000000000003,0.0,0.0008674089573070033,0,1,
3684,3.684,0.0,0.0008251049232659051,0,1,
3685,3.685,0.0,0.0007848640813109327,0,1,
3686,3.686,0.0,0.0007465858083766802,0,1,
3687,3.6870000000000003,0.0,0.0007101743888425498,0,1,
3688,3.688,0.0,0.0006755387751938449,0,1,
3689,3.689,0.0,0.0006425923603555583,0,1,
3690,3.69,0.0,0.0006112527611295732,0,1,
3691,3.6910000000000003,0.0,0.0005814416121937563,0,1,
3692,3.692,0.0,0.0005530843701478342,0,1,
3693,3.693,0.0,0.0005261101271160642,0,1,
3694,3.694,0.0,0.0005004514334406113,0,1,
3695,3.6950000000000003,0.0,0.00047604412902227004,0,1,
3696,3.696,0.0,0.0004528271828867976,0,1,
3697,3.697,0.0,0.00043074254057568807,0,1,
3698,3.698,0.0,0.00040973497897978724,0,1,
3699,3.6990000000000003,0.0,0.0003897519682527552,0,1,
3700,3.7,0.0,0.00037074354045908887,0,1,3.5669965052694974
3701,3.701,0.0,0.0003526621646282563,0,1,
3702,3.702,0.0,0.0003354626279025123,0,1,
3703,3.7030000000000003,0.0,0.0003191019224812039,0,1,
3704,3.704,0.0,0.00030353913807886705,0,1,
3705,3.705,0.0,0.00028873535962820344,0,1,
3706,3.706,0.0,0.00027465356997214265,0,1,
3707,3.7070000000000003,0.0,0.0002612585573016678,0,1,
3708,3.708,0.0,0.0002485168271079523,0,1,
3709,3.709,0.0,0.00023639651842864088,0,1,
3710,3.71,0.0,0.0002248673241788485,0,1,
3711,3.7110000000000003,0.0,0.00021390041536766154,0,1,
3712,3.712,0.0,0.00020346836901064436,0,1,
3713,3.713,0.0,0.00019354509955809415,0,1,
3714,3.714,0.0,0.0001841057936675793,0,1,
3715,3.715,0.0,0.00017512684815765867,0,1,
3716,3.716,0.0,0.0001665858109876336,0,1,
3717,3.717,0.0,0.00015846132511575142,0,1,
3718,3.718,0.0,0.00015073307509547677,0,1,
3719,3.719,0.0,0.00014338173627629329,0,1,
3720,3.72,0.0,0.00013638892648201162,0,1,
3721,3.721,0.0,0.0001297371600457541,0,1,
3722,3.722,0.0,0.0001234098040866797,0,1,
3723,3.723,0.0,0.0001173910369191182,0,1,
3724,3.724,0.0,0.00011166580849011487,0,1,
3725,3.725,0.0,0.00010621980274645891,0,1,
3726,3.726,0.0,0.00010103940183709347,0,1,
3727,3.727,0.0,9.611165206139482e-05,0,1,
3728,3.728,0.0,9.142423147817346e-05,0,1,
3729,3.729,0.0,8.6965419094403e-05,0,1,
3730,3.73,0.0,8.272406555663236e-05,0,1,
3731,3.731,0.0,7.868956527179474e-05,0,1,
3732,3.732,0.0,7.485182988770068e-05,0,1,
3733,3.733,0.0,7.120126306690287e-05,0,1,
3734,3.734,0.0,6.772873649085395e-05,0,1,
3735,3.735,0.0,6.442556703435551e-05,0,1,
3736,3.736,0.0,6.128349505322216e-05,0,1,
3737,3.737,0.0,5.829466373086887e-05,0,1,
3738,3.738,0.0,5.545159943217704e-05,0,1,
3739,3.739,0.0,5.2747193015513886e-05,0,1,
3740,3.74,0.0,5.017468205617536e-05,0,1,
3741,3.741,0.0,4.7727633936801984e-05,0,1,
3742,3.742,0.0,4.53999297624849e-05,0,1,
3743,3.743,0.0,4.318574906034135e-05,0,1,
3744,3.744,0.0,4.107955522530075e-05,0,1,
3745,3.745,0.0,3.907608167570813e-05,0,1,
3746,3.746,0.0,3.717031868412674e-05,0,1,
3747,3.747,0.0,3.5357500850410015e-05,0,1,
3748,3.748,0.0,3.363309518571902e-05,0,1,
3749,3.749,0.0,3.199278977768924e-05,0,1,
3750,3.75,0.0,3.0432483008403662e-05,0,1,
3751,3.751,0.0,2.8948273298211574e-05,0,1,
3752,3.7520000000000002,0.0,2.7536449349747182e-05,0,1,
3753,3.753,0.0,2.6193480867753072e-05,0,1,
3754,3.754,0.0,2.4916009731503218e-05,0,1,
3755,3.755,0.0,2.3700841597751995e-05,0,1,
3756,3.7560000000000002,0.0,2.2544937913212214e-05,0,1,
3757,3.757,0.0,2.1445408316589184e-05,0,1,
3758,3.758,0.0,2.0399503411171956e-05,0,1,
3759,3.759,0.0,1.9404607889909453e-05,0,1,
3760,3.7600000000000002,0.0,1.8458233995780585e-05,0,1,
3761,3.761,0.0,1.7558015301105882e-05,0,1,
3762,3.762,0.0,1.670170079024568e-05,0,1,
3763,3.763,0.0,1.588714923088852e-05,0,1,
3764,3.7640000000000002,0.0,1.5112323819855049e-05,0,1,
3765,3.765,0.0,1.437528709002915e-05,0,1,
3766,3.766,0.0,1.3674196065680972e-05,0,1,
3767,3.767,0.0,1.3007297654067639e-05,0,1,
3768,3.7680000000000002,0.0,1.2372924261788248e-05,0,1,
3769,3.769,0.0,1.1769489624931757e-05,0,1,
3770,3.77,0.0,1.119548484259096e-05,0,1,
3771,3.771,0.0,1.0649474603824266e-05,0,1,
3772,3.7720000000000002,0.0,1.0130093598630726e-05,0,1,
3773,3.773,0.0,9.636043103963872e-06,0,1,
3774,3.774,0.0,9.166087736247627e-06,0,1,
3775,3.775,0.0,8.719052362273884e-06,0,1,
3776,3.7760000000000002,0.0,8.293819160757377e-06,0,1,
3777,3.777,0.0,7.889324827200235e-06,0,1,
3778,3.778,0.0,7.504557915076874e-06,0,1,
3779,3.779,0.0,7.138556306690853e-06,0,1,
3780,3.7800000000000002,0.0,6.790404807379483e-06,0,1,
3781,3.781,0.0,6.459232857050467e-06,0,1,
3782,3.782,0.0,6.144212353328218e-06,0,1,
3783,3.783,0.0,5.844555580866579e-06,0,1,
3784,3.7840000000000003,0.0,5.559513241650153e-06,0,1,
3785,3.785,0.0,5.288372581358974e-06,0,1,
3786,3.786,0.0,5.030455607111452e-06,0,1,
3787,3.787,0.0,4.785117392129016e-06,0,1,
3788,3.7880000000000003,0.0,4.551744463083241e-06,0,1,
3789,3.789,0.0,4.329753266092983e-06,0,1,
3790,3.79,0.0,4.118588707535715e-06,0,1,
3791,3.791,0.0,3.917722766024337e-06,0,1,
3792,3.7920000000000003,0.0,3.726653172078676e-06,0,1,
3793,3.793,0.0,3.5449021521901592e-06,0,1,
3794,3.794,0.0,3.3720152341391875e-06,0,1,
3795,3.795,0.0,3.2075601105778598e-06,0,1,
3796,3.7960000000000003,0.0,3.051125558036424e-06,0,1,
3797,3.797,0.0,2.902320408650408e-06,0,1,
3798,3.798,0.0,2.7607725720372046e-06,0,1,
3799,3.799,0.0,2.626128104876306e-06,0,1,
3800,3.8000000000000003,0.0,2.498050325866639e-06,0,1,3.56980993200918
3801,3.801,0.0,2.3762189738479443e-06,0,1,
3802,3.802,0.0,2.260329406981057e-06,0,1,
3803,3.803,0.0,2.1500918409846313e-06,0,1,
3804,3.8040000000000003,0.0,2.0452306245234914e-06,0,1,
3805,3.805,0.0,1.9454835499367166e-06,0,1,
3806,3.806,0.0,1.850601197581909e-06,0,1,
3807,3.807,0.0,1.7603463121561715e-06,0,1,
3808,3.8080000000000003,0.0,1.6744932094342692e-06,0,1,
3809,3.809,0.0,1.5928272119405136e-06,0,1,
3810,3.81,0.0,1.5151441121432515e-06,0,1,
3811,3.811,0.0,1.4412496618296704e-06,0,1,
3812,3.8120000000000003,0.0,1.370959086384086e-06,0,1,
3813,3.813,0.0,1.3040966227551586e-06,0,1,
3814,3.814,0.0,1.2404950799567143e-06,0,1,
3815,3.815,0.0,1.1799954210031926e-06,0,1,
3816,3.8160000000000003,0.0,1.1224463652343446e-06,0,1,
3817,3.817,0.0,1.067704010034784e-06,0,1,
3818,3.818,0.0,1.0156314710024922e-06,0,1,
3819,3.819,0.0,9.660985396665142e-07,0,1,
3820,3.8200000000000003,0.0,9.189813578979585e-07,0,1,
3821,3.821,0.0,8.741621082001598e-07,0,1,
3822,3.822,0.0,8.315287191035689e-07,0,1,
3823,3.823,0.0,7.909745849287038e-07,0,1,
3824,3.8240000000000003,0.0,7.523982992164221e-07,0,1,
3825,3.825,0.0,7.157034011589532e-07,0,1,
3826,3.826,0.0,6.807981343976347e-07,0,1,
3827,3.827,0.0,6.475952175842218e-07,0,1,
3828,3.8280000000000003,0.0,6.16011626132054e-07,0,1,
3829,3.829,0.0,5.859683846113427e-07,0,1,
3830,3.83,0.0,5.573903692694606e-07,0,1,
3831,3.831,0.0,5.302061201824295e-07,0,1,
3832,3.8320000000000003,0.0,5.043476625678889e-07,0,1,
3833,3.833,0.0,4.797503368127332e-07,0,1,
3834,3.834,0.0,4.563526367903999e-07,0,1,
3835,3.835,0.0,4.340960560635155e-07,0,1,
3836,3.8360000000000003,0.0,4.129249415873275e-07,0,1,
3837,3.837,0.0,3.927863545481045e-07,0,1,
3838,3.838,0.0,3.7362993798852686e-07,0,1,
3839,3.839,0.0,3.554077908890639e-07,0,1,
3840,3.84,0.0,3.3807434839047436e-07,0,1,
3841,3.841,0.0,3.215862678579248e-07,0,1,
3842,3.842,0.0,3.0590232050182626e-07,0,1,
3843,3.843,0.0,2.9098328828438516e-07,0,1,
3844,3.844,0.0,2.767918658540811e-07,0,1,
3845,3.845,0.0,2.6329256726285636e-07,0,1,
3846,3.846,0.0,2.504516372327624e-07,0,1,
3847,3.847,0.0,2.382369667501822e-07,0,1,
3848,3.848,0.0,2.2661801277657155e-07,0,1,
3849,3.849,0.0,2.1556572187495362e-07,0,1,
3850,3.85,0.0,2.0505245756119312e-07,0,1,
3851,3.851,0.0,1.9505193119839082e-07,0,1,
3852,3.852,0.0,1.0000001855391363,0,1,
3853,3.853,0.0,0.9512296009909998,0,1,
3854,3.854,0.0,0.9048375859187127,0,1,
3855,3.855,0.0,0.8607081361200725,0,1,
3856,3.856,0.0,0.8187309049845788,0,1,
3857,3.857,0.0,0.7788009275694296,0,1,
3858,3.858,0.0,0.7408183581324909,0,1,
3859,3.859,0.0,0.7046882204659332,0,1,
3860,3.86,0.0,0.6703201704062419,0,1,
3861,3.861,0.0,0.63762826992675,0,1,
3862,3.862,0.0,0.6065307722478084,0,1,
3863,3.863,0.0,0.5769499174272564,0,1,
3864,3.864,0.0,0.5488117379200637,0,1,
3865,3.865,0.0,0.5220458736209388,0,1,
3866,3.866,0.0,0.49658539592741807,0,1,
3867,3.867,0.0,0.4723666403834971,0,1,
3868,3.868,0.0,0.4493290474853297,0,1,
3869,3.869,0.0,0.4274150112509242,0,1,
3870,3.87,0.0,0.4065697351751828,0,1,
3871,3.871,0.0,0.38674109521009686,0,1,
3872,3.872,0.0,0.36787950942747627,0,1,
3873,3.873,0.0,0.34993781403830326,0,1,
3874,3.874,0.0,0.3328711454586931,0,1,
3875,3.875,0.0,0.3166368281275661,0,1,
3876,3.876,0.0,0.3011942677955162,0,1,
3877,3.8770000000000002,0.0,0.2865048500180428,0,1,
3878,3.878,0.0,0.27253184359932625,0,1,
3879,3.879,0.0,0.25924030874510573,0,1,
3880,3.88,0.0,0.24659700969499435,0,1,
3881,3.8810000000000002,0.0,0.23457033161576646,0,1,
3882,3.882,0.0,0.22313020154780716,0,1,
3883,3.883,0.0,0.21224801320704895,0,1,
3884,3.884,0.0,0.2018965554543611,0,1,
3885,3.8850000000000002,0.0,0.19204994425352842,0,1,
3886,3.886,0.0,0.18268355794767804,0,1,
3887,3.887,0.0,0.17377397569231262,0,1,
3888,3.888,0.0,0.1652989188909996,0,1,
3889,3.8890000000000002,0.0,0.15723719548727574,0,1,
3890,3.89,0.0,0.14956864697346758,0,1,
3891,3.891,0.0,0.14227409798392204,0,1,
3892,3.892,0.0,0.13533530834660437,0,1,
3893,3.8930000000000002,0.0,0.12873492747316714,0,1,
3894,3.894,0.0,0.12245645097344195,0,1,
3895,3.895,0.0,0.11648417938586708,0,1,
3896,3.896,0.0,0.11080317892065628,0,1,
3897,3.8970000000000002,0.0,0.10539924411754552,0,1,
3898,3.898,0.0,0.10025886232474308,0,1,
3899,3.899,0.0,0.09536917991026168,0,1,
3900,3.9,0.0,0.09071797012114328,0,1,3.5778669862080137
3901,3.9010000000000002,0.0,0.0862936025102081,0,1,
3902,3.902,0.0,0.08208501385387862,0,1,
3903,3.903,0.0,0.07808168048835809,0,1,
3904,3.904,0.0,0.0742735919949895,0,1,
3905,3.9050000000000002,0.0,0.07065122616899469,0,1,
3906,3.906,0.0,0.06720552520900261,0,1,
3907,3.907,0.0,0.06392787306782778,0,1,
3908,3.908,0.0,0.06081007390786451,0,1,
3909,3.9090000000000003,0.0,0.057844331607223846,0,1,
3910,3.91,0.0,0.055023230265368005,0,1,
3911,3.911,0.0,0.05233971565949628,0,1,
3912,3.912,0.0,0.04978707760531365,0,1,
3913,3.9130000000000003,0.0,0.047358933178074894,0,1,
3914,3.914,0.0,0.045049210751947955,0,1,
3915,3.915,0.0,0.04285213481778683,0,1,
3916,3.916,0.0,0.040762211541350374,0,1,
3917,3.9170000000000003,0.0,0.038774215025855076,0,1,
3918,3.918,0.0,0.03688317424451106,0,1,
3919,3.919,0.0,0.035084360610365815,0,1,
3920,3.92,0.0,0.033373276152373794,0,1,
3921,3.9210000000000003,0.0,0.03174564226812593,0,1,
3922,3.922,0.0,0.030197389025114967,0,1,
3923,3.923,0.0,0.028724644983784287,0,1,
3924,3.924,0.0,0.02732372751691245,0,1,
3925,3.9250000000000003,0.0,0.025991133601126953,0,1,
3926,3.926,0.0,0.02472353105752116,0,1,
3927,3.927,0.0,0.023517750219471383,0,1,
3928,3.928,0.0,0.022370776006819304,0,1,
3929,3.9290000000000003,0.0,0.021279740386601107,0,1,
3930,3.93,0.0,0.020241915201471172,0,1,
3931,3.931,0.0,0.019254705347887677,0,1,
3932,3.932,0.0,0.018315642287002016,0,1,
3933,3.9330000000000003,0.0,0.017422377872025867,0,1,
3934,3.934,0.0,0.01657267847664114,0,1,
3935,3.935,0.0,0.015764419409770723,0,1,
3936,3.936,0.0,0.014995579602744091,0,1,
3937,3.9370000000000003,0.0,0.014264236555572907,0,1,
3938,3.938,0.0,0.013568561529699662,0,1,
3939,3.939,0.0,0.012906814975198739,0,1,
3940,3.94,0.0,0.012277342180995493,0,1,
3941,3.9410000000000003,0.0,0.011678569137226685,0,1,
3942,3.942,0.0,0.01110899859939594,0,1,
3943,3.943,0.0,0.010567206344482638,0,1,
3944,3.944,0.0,0.010051837609642513,0,1,
3945,3.9450000000000003,0.0,0.00956160370459488,0,1,
3946,3.946,0.0,0.009095278789225683,0,1,
3947,3.947,0.0,0.008651696808348697,0,1,
3948,3.948,0.0,0.008229748575960196,0,1,
3949,3.9490000000000003,0.0,0.007828379001696188,0,1,
3950,3.95,0.0,0.007446584452556939,0,1,
3951,3.951,0.0,0.007083410243301702,0,1,
3952,3.952,0.0,0.006737948249238341,0,1,
3953,3.9530000000000003,0.0,0.00640933463543858,0,1,
3954,3.954,0.0,0.006096747696700734,0,1,
3955,3.955,0.0,0.005799405802858693,0,1,
3956,3.956,0.0,0.005516565444299376,0,1,
3957,3.9570000000000003,0.0,0.005247519372801422,0,1,
3958,3.958,0.0,0.004991594833046244,0,1,
3959,3.959,0.0,0.004748151880379316,0,1,
3960,3.96,0.0,0.0045165817806152005,0,1,
3961,3.9610000000000003,0.0,0.004296305487885007,0,1,
3962,3.962,0.0,0.004086772196720115,0,1,
3963,3.963,0.0,0.0038874579647515937,0,1,
3964,3.964,0.0,0.0036978644025813753,0,1,
3965,3.9650000000000003,0.0,0.0035175174275491584,0,1,
3966,3.966,0.0,0.003345966078278818,0,1,
3967,3.967,0.0,0.003182781387040071,0,1,
3968,3.968,0.0,0.003027555307105711,0,1,
3969,3.969,0.0,0.002879899692422248,0,1,
3970,3.97,0.0,0.0027394453270425984,0,1,
3971,3.971,0.0,0.002605841001893901,0,1,
3972,3.972,0.0,0.0024787526365718997,0,1,
3973,3.973,0.0,0.0023578624439659157,0,1,
3974,3.974,0.0,0.002242868135625545,0,1,
3975,3.975,0.0,0.0021334821658820767,0,1,
3976,3.976,0.0,0.0020294310128345446,0,1,
3977,3.977,0.0,0.001930454494402505,0,1,
3978,3.978,0.0,0.0018363051177353116,0,1,
3979,3.979,0.0,0.0017467474603510764,0,1,
3980,3.98,0.0,0.0016615575814578382,0,1,
3981,3.981,0.0,0.0015805224619849377,0,1,
3982,3.982,0.0,0.001503439471924384,0,1,
3983,3.983,0.0,0.0014301158636502891,0,1,
3984,3.984,0.0,0.001360368289949406,0,1,
3985,3.985,0.0,0.001294022345557594,0,1,
3986,3.986,0.0,0.0012309121310558142,0,1,
3987,3.987,0.0,0.0011708798380351696,0,1,
3988,3.988,0.0,0.0011137753544936835,0,1,
3989,3.989,0.0,0.0010594558894781053,0,1,
3990,3.99,0.0,0.0010077856160321502,0,1,
3991,3.991,0.0,0.0009586353315583598,0,1,
3992,3.992,0.0,0.0009118821347443097,0,1,
3993,3.993,0.0,0.0008674091182453123,0,1,
3994,3.994,0.0,0.0008251050763551602,0,1,
3995,3.995,0.0,0.0007848642269339367,0,1,
3996,3.996,0.0,0.0007465859468975665,0,1,
3997,3.997,0.0,0.0007101745206076927,0,1,
3998,3.998,0.0,0.000675538900532726,0,1,
3999,3.999,0.0,0.00064259247958159,0,1,
4000,4.0,0.0,0.0006112528745408827,0,1,3.585781023348953
4001,4.001,0.0,0.000581441720073931,0,1,
4002,4.002,0.0,0.0005530844727666307,0,1,
4003,4.003,0.0,0.000526110224730083,0,1,
4004,4.0040000000000004,0.0,0.0005004515262939381,0,1,
4005,4.005,0.0,0.0004760442173470867,0,1,
4006,4.006,0.0,0.0004528272669039621,0,1,
4007,4.007,0.0,0.00043074262049528706,0,1,
4008,4.008,0.0,0.00040973505500166137,0,1,
4009,4.009,0.0,0.00038975204056699875,0,1,
4010,4.01,0.0,0.0003707436092465252,0,1,
4011,4.011,0.0,0.0003526622300608897,0,1,
4012,4.0120000000000005,0.0,0.00033546269014395855,0,1,
4013,4.013,0.0,0.00031910198168709904,0,1,
4014,4.014,0.0,0.0003035391943972566,0,1,
4015,4.015,0.0,0.00028873541319991274,0,1,
4016,4.016,0.0,0.00027465362093112886,0,1,
4017,4.017,0.0,0.00026125860577535495,0,1,
4018,4.018,0.0,0.0002485168732175498,0,1,
4019,4.019,0.0,0.00023639656228944682,0,1,
4020,4.0200000000000005,0.0,0.0002248673659005377,0,1,
4021,4.021,0.0,0.00021390045505455995,0,1,
4022,4.022,0.0,0.0002034684067619899,0,1,
4023,4.023,0.0,0.00019354513546828483,0,1,
4024,4.024,0.0,0.0001841058278264093,0,1,
4025,4.025,0.0,0.00017512688065054286,0,1,
4026,4.026,0.0,0.00016658584189582112,0,1,
4027,4.027,0.0,0.00015846135451652886,0,1,
4028,4.0280000000000005,0.0,0.00015073310306236136,0,1,
4029,4.029,0.0,0.00014338176287921682,0,1,
4030,4.03,0.0,0.00013638895178749526,0,1,
4031,4.031,0.0,0.00012973718411707474,0,1,
4032,4.032,0.0,0.00012340982698402818,0,1,
4033,4.033,0.0,0.00011739105869974981,0,1,
4034,4.034,0.0,0.00011166582920849256,0,1,
4035,4.035,0.0,0.00010621982245438939,0,1,
4036,4.0360000000000005,0.0,0.00010103942058385684,0,1,
4037,4.037,0.0,9.611166989386774e-05,0,1,
4038,4.038,0.0,9.142424844094642e-05,0,1,
4039,4.039,0.0,8.696543522989176e-05,0,1,
4040,4.04,0.0,8.272408090518406e-05,0,1,
4041,4.041,0.0,7.868957987178873e-05,0,1,
4042,4.042,0.0,7.485184377564456e-05,0,1,
4043,4.043,0.0,7.120127627752372e-05,0,1,
4044,4.0440000000000005,0.0,6.772874905718523e-05,0,1,
4045,4.045,0.0,6.442557898781958e-05,0,1,
4046,4.046,0.0,6.128350642370892e-05,0,1,
4047,4.047,0.0,5.8294674546810445e-05,0,1,
4048,4.048,0.0,5.545160972061892e-05,0,1,
4049,4.049,0.0,5.274720280218253e-05,0,1,
4050,4.05,0.0,5.017469136554254e-05,0,1,
4051,4.051,0.0,4.772764279214597e-05,0,1,
4052,4.0520000000000005,0.0,4.5399938185948665e-05,0,1,
4053,4.053,0.0,4.318575707298794e-05,0,1,
4054,4.054,0.0,4.107956284716596e-05,0,1,
4055,4.055,0.0,3.907608892585059e-05,0,1,
4056,4.056,0.0,3.717032558067558e-05,0,1,
4057,4.057,0.0,3.53575074106102e-05,0,1,
4058,4.058,0.0,3.363310142597447e-05,0,1,
4059,4.059,0.0,3.199279571360384e-05,0,1,
4060,4.0600000000000005,0.0,3.043248865482029e-05,0,1,
4061,4.061,0.0,2.8948278669249214e-05,0,1,
4062,4.062,0.0,2.7536454458836227e-05,0,1,
4063,4.063,0.0,2.6193485727668903e-05,0,1,
4064,4.064,0.0,2.4916014354398156e-05,0,1,
4065,4.065,0.0,2.370084599518569e-05,0,1,
4066,4.066,0.0,2.2544942096180537e-05,0,1,
4067,4.067,0.0,2.1445412295551733e-05,0,1,
4068,4.0680000000000005,0.0,2.039950719607821e-05,0,1,
4069,4.069,0.0,1.940461149022365e-05,0,1,
4070,4.07,0.0,1.8458237420505383e-05,0,1,
4071,4.071,0.0,1.755801855880488e-05,0,1,
4072,4.072,0.0,1.6701703889064824e-05,0,1,
4073,4.073,0.0,1.588715217857647e-05,0,1,
4074,4.074,0.0,1.5112326623782561e-05,0,1,
4075,4.075,0.0,1.4375289757207503e-05,0,1,
4076,4.0760000000000005,0.0,1.3674198602779502e-05,0,1,
4077,4.077,0.0,1.3007300067430414e-05,0,1,
4078,4.078,0.0,1.2372926557449932e-05,0,1,
4079,4.079,0.0,1.17694918086327e-05,0,1,
4080,4.08,0.0,1.1195486919791551e-05,0,1,
4081,4.081,0.0,1.0649476579718588e-05,0,1,
4082,4.082,0.0,1.0130095478159544e-05,0,1,
4083,4.083,0.0,9.636044891826988e-06,0,1,
4084,4.0840000000000005,0.0,9.16608943691563e-06,0,1,
4085,4.085,0.0,8.71905397999933e-06,0,1,
4086,4.086,0.0,8.293820699585423e-06,0,1,
4087,4.087,0.0,7.88932629097875e-06,0,1,
4088,4.088,0.0,7.504559307466069e-06,0,1,
4089,4.089,0.0,7.138557631172425e-06,0,1,
4090,4.09,0.0,6.790406067265327e-06,0,1,
4091,4.091,0.0,6.459234055490953e-06,0,1,
4092,4.0920000000000005,0.0,6.144213493320073e-06,0,1,
4093,4.093,0.0,5.844556665260374e-06,0,1,
4094,4.094,0.0,5.559514273157438e-06,0,1,
4095,4.095,0.0,5.288373562559056e-06,0,1,
4096,4.096,0.0,5.0304565404578415e-06,0,1,
4097,4.097,0.0,4.785118279955565e-06,0,1,
4098,4.098,0.0,4.551745307609979e-06,0,1,
4099,4.099,0.0,4.3297540694316655e-06,0,1,
4100,4.1,0.0,4.118589471695108e-06,0,1,3.5871971138306895
4101,4.101,0.0,3.917723492915237e-06,0,1,
4102,4.102,0.0,3.7266538635186877e-06,0,1,
4103,4.103,0.0,3.544902809908244e-06,0,1,
4104,4.104,0.0,3.3720158597799828e-06,0,1,
4105,4.105,0.0,3.2075607057057932e-06,0,1,
4106,4.106,0.0,1.0000030511261242,0,1,
4107,4.107,0.0,0.9512323268216613,0,1,
4108,4.108,0.0,0.904840178809044,0,1,
4109,4.109,0.0,0.8607106025536501,0,1,
4110,4.11,0.0,0.8187332511287714,0,1,
4111,4.111,0.0,0.7788031592908198,0,1,
4112,4.112,0.0,0.7408204810115444,0,1,
4113,4.113,0.0,0.7046902398109535,0,1,
4114,4.114,0.0,0.6703220912666434,0,1,
4115,4.115,0.0,0.6376300971056843,0,1,
4116,4.116,0.0,0.6065325103141744,0,1,
4117,4.117,0.0,0.5769515707271256,0,1,
4118,4.118,0.0,0.5488133105875467,0,1,
4119,4.119,0.0,0.5220473695885236,0,1,
4120,4.12,0.0,0.49658681893580287,0,1,
4121,4.121,0.0,0.47236799399094404,0,1,
4122,4.122,0.0,0.44933033507656245,0,1,
4123,4.123,0.0,0.4274162360455915,0,1,
4124,4.124,0.0,0.4065709002359093,0,1,
4125,4.125,0.0,0.3867422034501412,0,1,
4126,4.126,0.0,0.36788056361801585,0,1,
4127,4.127,0.0,0.34993881681536354,0,1,
4128,4.128,0.0,0.33287209932973905,0,1,
4129,4.1290000000000004,0.0,0.3166377354777722,0,1,
4130,4.13,0.0,0.30119513089373057,0,1,
4131,4.131,0.0,0.28650567102246055,0,1,
4132,4.132,0.0,0.27253262456288607,0,1,
4133,4.133,0.0,0.2592410516206233,0,1,
4134,4.134,0.0,0.24659771634004538,0,1,
4135,4.135,0.0,0.23457100379733167,0,1,
4136,4.136,0.0,0.2231308409466906,0,1,
4137,4.1370000000000005,0.0,0.21224862142208087,0,1,
4138,4.138,0.0,0.20189713400639592,0,1,
4139,4.139,0.0,0.19205049458924753,0,1,
4140,4.14,0.0,0.1826840814432074,0,1,
4141,4.141,0.0,0.17377447365666376,0,1,
4142,4.142,0.0,0.16529939256934276,0,1,
4143,4.143,0.0,0.15723764606405352,0,1,
4144,4.144,0.0,0.1495690755753566,0,1,
4145,4.1450000000000005,0.0,0.14227450568265027,0,1,
4146,4.146,0.0,0.13533569616163096,0,1,
4147,4.147,0.0,0.1287352963742317,0,1,
4148,4.148,0.0,0.12245680188298927,0,1,
4149,4.149,0.0,0.11648451318135383,0,1,
4150,4.15,0.0,0.11080349643674504,0,1,
4151,4.151,0.0,0.1053995461481919,0,1,
4152,4.152,0.0,0.10025914962518102,0,1,
4153,4.1530000000000005,0.0,0.09536945319889192,0,1,
4154,4.154,0.0,0.09071823008132975,0,1,
4155,4.155,0.0,0.08629384979198666,0,1,
4156,4.156,0.0,0.08208524907558254,0,1,
4157,4.157,0.0,0.07808190423816415,0,1,
4158,4.158,0.0,0.07427380483238874,0,1,
4159,4.159,0.0,0.07065142862619149,0,1,
4160,4.16,0.0,0.0672057177922454,0,1,
4161,4.1610000000000005,0.0,0.063928056258675,0,1,
4162,4.162,0.0,0.06081024816438869,0,1,
4163,4.163,0.0,0.05784449736515705,0,1,
4164,4.164,0.0,0.05502338793919141,0,1,
4165,4.165,0.0,0.05233986564347658,0,1,
4166,4.166,0.0,0.04978722027448892,0,1,
4167,4.167,0.0,0.04735906888919238,0,1,
4168,4.168,0.0,0.045049339844356134,0,1,
4169,4.1690000000000005,0.0,0.04285225761428397,0,1,
4170,4.17,0.0,0.040762328348991676,0,1,
4171,4.171,0.0,0.038774326136720494,0,1,
4172,4.172,0.0,0.03688327993643563,0,1,
4173,4.173,0.0,0.035084461147634395,0,1,
4174,4.174,0.0,0.033373371786381924,0,1,
4175,4.175,0.0,0.031745733238008444,0,1,
4176,4.176,0.0,0.030197475558343963,0,1,
4177,4.1770000000000005,0.0,0.028724727296737907,0,1,
4178,4.178,0.0,0.02732380581541595,0,1,
4179,4.179,0.0,0.025991208080967377,0,1,
4180,4.18,0.0,0.024723601904936904,0,1,
4181,4.181,0.0,0.023517817611617888,0,1,
4182,4.182,0.0,0.02237084011221204,0,1,
4183,4.183,0.0,0.02127980136553695,0,1,
4184,4.184,0.0,0.02024197320642922,0,1,
4185,4.1850000000000005,0.0,0.01925476052391054,0,1,
4186,4.186,0.0,0.01831569477205849,0,1,
4187,4.187,0.0,0.017422427797355935,0,1,
4188,4.188,0.0,0.016572725967084128,0,1,
4189,4.189,0.0,0.015764464584077473,0,1,
4190,4.19,0.0,0.014995622573873902,0,1,
4191,4.191,0.0,0.014264277430975988,0,1,
4192,4.192,0.0,0.013568600411585812,0,1,
4193,4.1930000000000005,0.0,0.012906851960792923,0,1,
4194,4.194,0.0,0.012277377362780964,0,1,
4195,4.195,0.0,0.011678602603176231,0,1,
4196,4.196,0.0,0.011109030433191867,0,1,
4197,4.197,0.0,0.010567236625726017,0,1,
4198,4.198,0.0,0.010051866414052226,0,1,
4199,4.199,0.0,0.009561631104196954,0,1,
4200,4.2,0.0,0.009095304852533395,0,1,3.5979898585877876
4201,4.2010000000000005,0.0,0.008651721600533893,0,1,
4202,4.202,0.0,0.008229772159016251,0,1,
4203,4.203,0.0,0.007828401434593027,0,1,
4204,4.204,0.0,0.007446605791388489,0,1,
4205,4.205,0.0,0.0070834305414261564,0,1,
4206,4.206,0.0,0.006737967557411584,0,1,
4207,4.207,0.0,0.006409353001941103,0,1,
4208,4.208,0.0,0.006096765167458359,0,1,
4209,4.2090000000000005,0.0,0.005799422421557414,0,1,
4210,4.21,0.0,0.005516581252494597,0,1,
4211,4.211,0.0,0.0052475344100218636,0,1,
4212,4.212,0.0,0.0049916091368927915,0,1,
4213,4.213,0.0,0.004748165486619036,0,1,
4214,4.214,0.0,0.004516594723270779,0,1,
4215,4.215,0.0,0.004296317799319825,0,1,
4216,4.216,0.0,0.004086783907719171,0,1,
4217,4.2170000000000005,0.0,0.003887469104598486,0,1,
4218,4.218,0.0,0.003697874999131524,0,1,
4219,4.219,0.0,0.003517527507299458,0,1,
4220,4.22,0.0,0.0033459756664338943,0,1,
4221,4.221,0.0,0.0031827905075753064,0,1,
4222,4.222,0.0,0.0030275639828271942,0,1,
4223,4.223,0.0,0.0028799079450238015,0,1,
4224,4.224,0.0,0.0027394531771600247,0,1,
4225,4.225,0.0,0.002605848469156583,0,1,
4226,4.226,0.0,0.0024787597396518832,0,1,
4227,4.227,0.0,0.0023578692006246006,0,1,
4228,4.228,0.0,0.0022428745627580972,0,1,
4229,4.229,0.0,0.0021334882795596755,0,1,
4230,4.23,0.0,0.0020294368283445686,0,1,
4231,4.231,0.0,0.0019304600262867583,0,1,
4232,4.232,0.0,0.0018363103798263863,0,1,
4233,4.233,0.0,0.001746752465806941,0,1,
4234,4.234,0.0,0.0016615623427947398,0,1,
4235,4.235,0.0,0.0015805269911086984,0,1,
4236,4.236,0.0,0.0015034437801601723,0,1,
4237,4.237,0.0,0.0014301199617709386,0,1,
4238,4.238,0.0,0.001360372188202353,0,1,
4239,4.239,0.0,0.0012940260536905015,0,1,
4240,4.24,0.0,0.0012309156583409457,0,1,
4241,4.241,0.0,0.0011708831932925753,0,1,
4242,4.242,0.0,0.0011137785461132546,0,1,
4243,4.243,0.0,0.001059458925440553,0,1,
4244,4.244,0.0,0.0010077885039289623,0,1,
4245,4.245,0.0,0.0009586380786107823,0,1,
4246,4.246,0.0,0.0009118847478214047,0,1,
4247,4.247,0.0,0.0008674116038811335,0,1,
4248,4.248,0.0,0.0008251074407650919,0,1,
4249,4.249,0.0,0.0007848664760302354,0,1,
4250,4.25,0.0,0.0007465880863041442,0,1,
4251,4.251,0.0,0.0007101765556741806,0,1,
4252,4.252,0.0,0.0006755408363478501,0,1,
4253,4.253,0.0,0.0006425943209858965,0,1,
4254,4.2540000000000004,0.0,0.0006112546261388414,0,1,
4255,4.255,0.0,0.0005814433862454492,0,1,
4256,4.256,0.0,0.000553086057678005,0,1,
4257,4.257,0.0,0.0005261117323444174,0,1,
4258,4.258,0.0,0.0005004529603810538,0,1,
4259,4.259,0.0,0.0004760455814929485,0,1,
4260,4.26,0.0,0.0004528285645196451,0,1,
4261,4.261,0.0,0.0004307438548255065,0,1,
4262,4.2620000000000005,0.0,0.00040973622913288563,0,1,
4263,4.263,0.0,0.0003897531574351675,0,1,
4264,4.264,0.0,0.00037074467164439055,0,1,
4265,4.265,0.0,0.0003526632406449998,0,1,
4266,4.266,0.0,0.0003354636514413,0,1,
4267,4.267,0.0,0.00031910289610141587,0,1,
4268,4.268,0.0,0.00030354006421506093,0,1,
4269,4.269,0.0,0.0002887362405962022,0,1,
4270,4.2700000000000005,0.0,0.0002746544079748251,0,1,
4271,4.271,0.0,0.00026125935443447717,0,1,
4272,4.272,0.0,0.00024851758536413576,0,1,
4273,4.273,0.0,0.00023639723970423393,0,1,
4274,4.274,0.0,0.00022486801027741578,0,1,
4275,4.275,0.0,0.00021390106800480685,0,1,
4276,4.276,0.0,0.0002034689898183005,0,1,
4277,4.277,0.0,0.00019354569008860363,0,1,
4278,4.2780000000000005,0.0,0.00018410635539757597,0,1,
4279,4.279,0.0,0.0001751273824917601,0,1,
4280,4.28,0.0,0.0001665863192619534,0,1,
4281,4.281,0.0,0.00015846180860124012,0,1,
4282,4.282,0.0,0.00015073353500109994,0,1,
4283,4.283,0.0,0.00014338217375205452,0,1,
4284,4.284,0.0,0.0001363893426218282,0,1,
4285,4.285,0.0,0.00012973755589019235,0,1,
4286,4.2860000000000005,0.0,0.0001234101806255569,0,1,
4287,4.287,0.0,0.00011739139509397765,0,1,
4288,4.288,0.0,0.0001116661491965803,0,1,
4289,4.289,0.0,0.00010622012683647395,0,1,
4290,4.29,0.0,0.00010103971012105196,0,1,
4291,4.291,0.0,9.611194531016722e-05,0,1,
4292,4.292,0.0,9.142451042503447e-05,0,1,
4293,4.293,0.0,8.696568443686507e-05,0,1,
4294,4.2940000000000005,0.0,8.272431795818986e-05,0,1,
4295,4.295,0.0,7.868980536358302e-05,0,1,
4296,4.296,0.0,7.485205827007428e-05,0,1,
4297,4.297,0.0,7.120148031093667e-05,0,1,
4298,4.298,0.0,6.772894313977121e-05,0,1,
4299,4.299,0.0,6.442576360488614e-05,0,1,
4300,4.3,0.0,6.12836820368949e-05,0,1,3.5987713470991434
4301,4.301,0.0,5.829484159524028e-05,0,1,
4302,4.3020000000000005,0.0,5.54517686220007e-05,0,1,
4303,4.303,0.0,5.2747353953852476e-05,0,1,
4304,4.304,0.0,5.017483514545855e-05,0,1,
4305,4.305,0.0,4.7727779559832735e-05,0,1,
4306,4.306,0.0,4.5400068283396636e-05,0,1,
4307,4.307,0.0,4.31858808255085e-05,0,1,
4308,4.308,0.0,4.107968056420487e-05,0,1,
4309,4.309,0.0,3.907620090176176e-05,0,1,
4310,4.3100000000000005,0.0,3.717043209545712e-05,0,1,
4311,4.311,0.0,3.5357608730604545e-05,0,1,
4312,4.312,0.0,3.3633197804534384e-05,0,1,
4313,4.313,0.0,3.199288739172592e-05,0,1,
4314,4.314,0.0,3.0432575861747596e-05,0,1,
4315,4.315,0.0,2.8948361623044485e-05,0,1,
4316,4.316,0.0,2.753653336692716e-05,0,1,
4317,4.317,0.0,2.6193560787366832e-05,0,1,
4318,4.3180000000000005,0.0,2.491608575339142e-05,0,1,
4319,4.319,0.0,2.370091391200896e-05,0,1,
4320,4.32,0.0,2.254500670066125e-05,0,1,
4321,4.321,0.0,2.1445473749234743e-05,0,1,
4322,4.322,0.0,2.0399565652629736e-05,0,1,
4323,4.323,0.0,1.9404667095815517e-05,0,1,
4324,4.324,0.0,1.8458290314180534e-05,0,1,
4325,4.325,0.0,1.7558068872825053e-05,0,1,
4326,4.3260000000000005,0.0,1.6701751749241275e-05,0,1,
4327,4.327,0.0,1.588719770458457e-05,0,1,
4328,4.328,0.0,1.0000151123699295,0,1,
4329,4.329,0.0,0.9512437998316648,0,1,
4330,4.33,0.0,0.9048510922737469,0,1,
4331,4.331,0.0,0.8607209837623988,0,1,
4332,4.332,0.0,0.818743126039995,0,1,
4333,4.333,0.0,0.77881255259694,0,1,
4334,4.3340000000000005,0.0,0.7408294162007193,0,1,
4335,4.335,0.0,0.7046987392258102,0,1,
4336,4.336,0.0,0.6703301761601461,0,1,
4337,4.337,0.0,0.637637787694278,0,1,
4338,4.338,0.0,0.6065398258283365,0,1,
4339,4.339,0.0,0.5769585294594519,0,1,
4340,4.34,0.0,0.5488199299384927,0,1,
4341,4.341,0.0,0.5220536661099147,0,1,
4342,4.3420000000000005,0.0,0.496592808372222,0,1,
4343,4.343,0.0,0.4723736913191021,0,1,
4344,4.344,0.0,0.44933575454274743,0,1,
4345,4.345,0.0,0.42742139120129174,0,1,
4346,4.346,0.0,0.4065758039716993,0,1,
4347,4.347,0.0,0.38674686802791464,0,1,
4348,4.348,0.0,0.3678850007016468,0,1,
4349,4.349,0.0,0.34994303749987227,0,1,
4350,4.3500000000000005,0.0,0.3328761141690353,0,1,
4351,4.351,0.0,0.3166415545110454,0,1,
4352,4.352,0.0,0.3011987636705532,0,1,
4353,4.353,0.0,0.2865091266266669,0,1,
4354,4.354,0.0,0.27253591163528657,0,1,
4355,4.355,0.0,0.2592441783806111,0,1,
4356,4.356,0.0,0.24660069060614914,0,1,
4357,4.357,0.0,0.23457383300676588,0,1,
4358,4.358,0.0,0.2231335321739525,0,1,
4359,4.359,0.0,0.21225118139664037,0,1,
4360,4.36,0.0,0.20189956912952287,0,1,
4361,4.361,0.0,0.19205281095001817,0,1,
4362,4.362,0.0,0.1826862848337302,0,1,
4363,4.363,0.0,0.1737765695865627,0,1,
4364,4.364,0.0,0.16530138627953433,0,1,
4365,4.365,0.0,0.15723954253985167,0,1,
4366,4.366,0.0,0.14957087955893864,0,1,
4367,4.367,0.0,0.1422762216849148,0,1,
4368,4.368,0.0,0.13533732847347751,0,1,
4369,4.369,0.0,0.1287368490772901,0,1,
4370,4.37,0.0,0.12245827885982594,0,1,
4371,4.371,0.0,0.11648591812518018,0,1,
4372,4.372,0.0,0.11080483286065243,0,1,
4373,4.373,0.0,0.10540081739393621,0,1,
4374,4.374,0.0,0.1002603588715388,0,1,
4375,4.375,0.0,0.0953706034696089,0,1,
4376,4.376,0.0,0.09071932425268188,0,1,
4377,4.377,0.0,0.08629489059997225,0,1,
4378,4.378,0.0,0.08208623912276368,0,1,
4379,4.3790000000000004,0.0,0.0780828460001745,0,1,
4380,4.38,0.0,0.07427470066412387,0,1,
4381,4.381,0.0,0.07065228076769735,0,1,
4382,4.382,0.0,0.06720652837431962,0,1,
4383,4.383,0.0,0.06392882730819496,0,1,
4384,4.384,0.0,0.060810981609379824,0,1,
4385,4.385,0.0,0.05784519503961388,0,1,
4386,4.386,0.0,0.055024051587663464,0,1,
4387,4.3870000000000005,0.0,0.05234049692543072,0,1,
4388,4.388,0.0,0.049787820768458856,0,1,
4389,4.389,0.0,0.047359640096725816,0,1,
4390,4.39,0.0,0.04504988319376944,0,1,
4391,4.391,0.0,0.04285277446423369,0,1,
4392,4.392,0.0,0.0407628199918719,0,1,
4393,4.393,0.0,0.03877479380189451,0,1,
4394,4.394,0.0,0.036883724793309966,0,1,
4395,4.3950000000000005,0.0,0.035084884308582955,0,1,
4396,4.396,0.0,0.033373774309527496,0,1,
4397,4.397,0.0,0.03174611612986855,0,1,
4398,4.398,0.0,0.030197839776347695,0,1,
4399,4.399,0.0,0.02872507375161999,0,1,
4400,4.4,0.0,0.027324135373494048,0,1,3.600693468719872
4401,4.401,0.0,0.025991521566308344,0,1,
4402,4.402,0.0,0.02472390010141738,0,1,
4403,4.4030000000000005,0.0,0.023518101264884402,0,1,
4404,4.404,0.0,0.022371109931545504,0,1,
4405,4.405,0.0,0.021280058025626238,0,1,
4406,4.406,0.0,0.020242217349058247,0,1,
4407,4.407,0.0,0.019254992759563046,0,1,
4408,4.408,0.0,0.018315915681444573,0,1,
4409,4.409,0.0,0.017422637932864124,0,1,
4410,4.41,0.0,0.01657292585416265,0,1,
4411,4.4110000000000005,0.0,0.015764654722548142,0,1,
4412,4.412,0.0,0.014995803439181932,0,1,
4413,4.413,0.0,0.014264449475378858,0,1,
4414,4.414,0.0,0.013568764065284143,0,1,
4415,4.415,0.0,0.012907007633006205,0,1,
4416,4.416,0.0,0.012277525442770816,0,1,
4417,4.417,0.0,0.011678743461219757,0,1,
4418,4.418,0.0,0.011109164421507547,0,1,
4419,4.4190000000000005,0.0,0.010567364079354432,0,1,
4420,4.42,0.0,0.010051987651693834,0,1,
4421,4.421,0.0,0.00956174642900901,0,1,
4422,4.422,0.0,0.009095414552887997,0,1,
4423,4.423,0.0,0.00865182595073907,0,1,
4424,4.424,0.0,0.008229871420001868,0,1,
4425,4.425,0.0,0.007828495854563251,0,1,
4426,4.426,0.0,0.007446695606442427,0,1,
4427,4.4270000000000005,0.0,0.007083515976148226,0,1,
4428,4.428,0.0,0.006738048825433091,0,1,
4429,4.429,0.0,0.006409430306474431,0,1,
4430,4.43,0.0,0.006096838701805108,0,1,
4431,4.431,0.0,0.005799492369591754,0,1,
4432,4.432,0.0,0.005516647789123046,0,1,
4433,4.433,0.0,0.005247597701620651,0,1,
4434,4.434,0.0,0.004991669341723882,0,1,
4435,4.4350000000000005,0.0,0.004748222755225866,0,1,
4436,4.436,0.0,0.004516649198854695,0,1,
4437,4.437,0.0,0.0042963696180981625,0,1,
4438,4.438,0.0,0.0040868331992658675,0,1,
4439,4.439,0.0,0.003887515992168083,0,1,
4440,4.44,0.0,0.003697919599967368,0,1,
4441,4.441,0.0,0.0035175699329268698,0,1,
4442,4.442,0.0,0.0033460160229390416,0,1,
4443,4.4430000000000005,0.0,0.0031828288958704724,0,1,
4444,4.444,0.0,0.0030276004989031125,0,1,
4445,4.445,0.0,0.0028799426801896823,0,1,
4446,4.446,0.0,0.002739486218271875,0,1,
4447,4.447,0.0,0.0026058798988343934,0,1,
4448,4.448,0.0,0.0024787896364862187,0,1,
4449,4.449,0.0,0.00235789763937312,0,1,
4450,4.45,0.0,0.002242901614532485,0,1,
4451,4.4510000000000005,0.0,0.002133514012003458,0,1,
4452,4.452,0.0,0.0020294613058022587,0,1,
4453,4.453,0.0,0.00193048330996475,0,1,
4454,4.454,0.0,0.0018363325279460027,0,1,
4455,4.455,0.0,0.0017467735337500174,0,1,
4456,4.456,0.0,0.0016615823832421075,0,1,
4457,4.457,0.0,0.0015805460541719147,0,1,
4458,4.458,0.0,0.0015034619135068249,0,1,
4459,4.4590000000000005,0.0,0.0014301372107438392,0,1,
4460,4.46,0.0,0.0013603885959329186,0,1,
4461,4.461,0.0,0.0012940416612066046,0,1,
4462,4.462,0.0,0.0012309305046695064,0,1,
4463,4.463,0.0,0.001170897315557148,0,1,
4464,4.464,0.0,0.0011137919796268569,0,1,
4465,4.465,0.0,0.001059471703793966,0,1,
4466,4.466,0.0,0.0010078006590747252,0,1,
4467,4.4670000000000005,0.0,0.0009586496409430911,0,1,
4468,4.468,0.0,0.0009118957462521128,0,1,
4469,4.469,0.0,0.0008674220659120464,0,1,
4470,4.47,0.0,0.0008251173925567364,0,1,
4471,4.471,0.0,0.000784875942467274,0,1,
4472,4.472,0.0,0.0007465970910576006,0,1,
4473,4.473,0.0,0.0007101851212606286,0,1,
4474,4.474,0.0,0.0006755489841857175,0,1,
4475,4.4750000000000005,0.0,0.000642602071449022,0,1,
4476,4.476,0.0,0.0006112619986074198,0,1,
4477,4.477,0.0,0.0005814503991544922,0,1,
4478,4.478,0.0,0.000553092728563438,0,1,
4479,4.479,0.0,0.0005261180778869288,0,1,
4480,4.48,0.0,0.0005004589964478051,0,1,
4481,4.481,0.0,0.0004760513231772505,0,1,
4482,4.482,0.0,0.0004528340261786994,0,1,
4483,4.483,0.0,0.0004307490501163055,0,1,
4484,4.484,0.0,0.0004097411710463625,0,1,
4485,4.485,0.0,0.00038975785832868,0,1,
4486,4.486,0.0,0.0003707491432726211,0,1,
4487,4.487,0.0,0.00035266749418934817,0,1,
4488,4.488,0.0,0.0003354676975378426,0,1,
4489,4.489,0.0,0.0003191067448675016,0,1,
4490,4.49,0.0,0.0003035437252746097,0,1,
4491,4.491,0.0,0.00028873972310376983,0,1,
4492,4.492,0.0,0.0002746577206384945,0,1,
4493,4.493,0.0,0.00026126250553763303,0,1,
4494,4.494,0.0,0.0002485205827861773,0,1,
4495,4.495,0.0,0.00023640009094027747,0,1,
4496,4.496,0.0,0.00022487072245703658,0,1,
4497,4.497,0.0,0.0002139036479098667,0,1,
4498,4.498,0.0,0.00020347144389990586,0,1,
4499,4.499,0.0,0.00019354802448323677,0,1,
4500,4.5,0.0,0.0001841085759424394,0,1,3.6095520755002517
4501,4.501,0.0,0.00017512949473937265,0,1,
4502,4.502,0.0,0.00016658832849403426,0,1,
4503,4.503,0.0,0.0001584637198419161,0,1,
4504,4.5040000000000004,0.0,0.00015073535302946822,0,1,
4505,4.505,0.0,0.000143383903114133,0,1,
4506,4.506,0.0,0.00013639098764192288,0,1,
4507,4.507,0.0,0.00012973912068171028,0,1,
4508,4.508,0.0,0.00012341166910129195,0,1,
4509,4.509,0.0,0.00011739281097589449,0,1,
4510,4.51,0.0,0.00011166749602512122,0,1,
4511,4.511,0.0,0.00010622140797941182,0,1,
4512,4.5120000000000005,0.0,0.00010104092878191146,0,1,
4513,4.513,0.0,9.611310453623527e-05,0,1,
4514,4.514,0.0,9.142561311498004e-05,0,1,
4515,4.515,0.0,8.696673334798739e-05,0,1,
4516,4.516,0.0,8.27253157133131e-05,0,1,
4517,4.517,0.0,7.869075445761469e-05,0,1,
4518,4.518,0.0,7.485296107624381e-05,0,1,
4519,4.519,0.0,7.120233908672975e-05,0,1,
4520,4.5200000000000005,0.0,6.772976003257464e-05,0,1,
4521,4.521,0.0,6.442654065735744e-05,0,1,
4522,4.522,0.0,6.128442119206997e-05,0,1,
4523,4.523,0.0,5.829554470139208e-05,0,1,
4524,4.524,0.0,5.5452437437260836e-05,0,1,
4525,4.525,0.0,5.2747990150607476e-05,0,1,
4526,4.526,0.0,5.017544031453168e-05,0,1,
4527,4.527,0.0,4.77283552144619e-05,0,1,
4528,4.5280000000000005,0.0,4.540061586301824e-05,0,1,
4529,4.529,0.0,4.318640169935683e-05,0,1,
4530,4.53,0.0,4.108017603473586e-05,0,1,
4531,4.531,0.0,3.9076672207909815e-05,0,1,
4532,4.532,0.0,3.71708804157331e-05,0,1,
4533,4.533,0.0,3.535803518604266e-05,0,1,
4534,4.534,0.0,3.3633603461495355e-05,0,1,
4535,4.535,0.0,3.199327326456345e-05,0,1,
4536,4.5360000000000005,0.0,1.0000304329429153,0,1,
4537,4.537,0.0,0.9512583732114892,0,1,
4538,4.538,0.0,0.9048649549014504,0,1,
4539,4.539,0.0,0.8607341703017711,0,1,
4540,4.54,0.0,0.8187556694642533,0,1,
4541,4.541,0.0,0.7788244842711785,0,1,
4542,4.542,0.0,0.7408407659603384,0,1,
4543,4.543,0.0,0.7047095354511209,0,1,
4544,4.5440000000000005,0.0,0.6703404458473353,0,1,
4545,4.545,0.0,0.6376475565229128,0,1,
4546,4.546,0.0,0.6065491182255769,0,1,
4547,4.547,0.0,0.5769673686611311,0,1,
4548,4.548,0.0,0.548828338047219,0,1,
4549,4.549,0.0,0.5220616641503394,0,1,
4550,4.55,0.0,0.4966004163436124,0,1,
4551,4.551,0.0,0.4723809282453494,0,1,
4552,4.5520000000000005,0.0,0.4493426385199368,0,1,
4553,4.553,0.0,0.4274279394429518,0,1,
4554,4.554,0.0,0.4065820328518451,0,1,
4555,4.555,0.0,0.386752793121991,0,1,
4556,4.556,0.0,0.36789063682547524,0,1,
4557,4.557,0.0,0.349948398746698,0,1,
4558,4.558,0.0,0.3328812139447679,0,1,
4559,4.559,0.0,0.3166464055677806,0,1,
4560,4.5600000000000005,0.0,0.30120337813845965,0,1,
4561,4.561,0.0,0.2865135160443179,0,1,
4562,4.562,0.0,0.2725400869785126,0,1,
4563,4.563,0.0,0.2592481500899451,0,1,
4564,4.564,0.0,0.24660446861293323,0,1,
4565,4.565,0.0,0.23457742675798487,0,1,
4566,4.566,0.0,0.22313695065585634,0,1,
4567,4.567,0.0,0.21225443315721446,0,1,
4568,4.5680000000000005,0.0,0.20190266229986237,0,1,
4569,4.569,0.0,0.1920557532646601,0,1,
4570,4.57,0.0,0.18268908364999376,0,1,
4571,4.571,0.0,0.17377923190294636,0,1,
4572,4.572,0.0,0.1653039187532158,0,1,
4573,4.573,0.0,0.15724195150333425,0,1,
4574,4.574,0.0,0.14957317103588583,0,1,
4575,4.575,0.0,0.14227840140521253,0,1,
4576,4.5760000000000005,0.0,0.13533940188756188,0,1,
4577,4.577,0.0,0.12873882136977635,0,1,
4578,4.578,0.0,0.12246015496247258,0,1,
4579,4.579,0.0,0.11648770272922104,0,1,
4580,4.58,0.0,0.11080653042852719,0,1,
4581,4.581,0.0,0.10540243217044877,0,1,
4582,4.582,0.0,0.10026189489447153,0,1,
4583,4.583,0.0,0.09537206457981923,0,1,
4584,4.5840000000000005,0.0,0.09072071410370637,0,1,
4585,4.585,0.0,0.08629621266716242,0,1,
4586,4.586,0.0,0.08208749671197614,0,1,
4587,4.587,0.0,0.07808404225603732,0,1,
4588,4.588,0.0,0.07427583857789982,0,1,
4589,4.589,0.0,0.07065336318476358,0,1,
4590,4.59,0.0,0.06720755800128259,0,1,
4591,4.591,0.0,0.0639298067196584,0,1,
4592,4.5920000000000005,0.0,0.06081191325438253,0,1,
4593,4.593,0.0,0.05784608124775364,0,1,
4594,4.594,0.0,0.05502489457492224,0,1,
4595,4.595,0.0,0.05234129879971574,0,1,
4596,4.596,0.0,0.04978858353487352,0,1,
4597,4.597,0.0,0.04736036566258346,0,1,
4598,4.598,0.0,0.04505057337336264,0,1,
4599,4.599,0.0,0.04285343098337094,0,1,
4600,4.6000000000000005,0.0,0.040763444492193004,0,1,3.610588847547231
4601,4.601,0.0,0.03877538784497555,0,1,
4602,4.602,0.0,0.03688428986456807,0,1,
4603,4.603,0.0,0.03508542182099061,0,1,
4604,4.604,0.0,0.03337428560714569,0,1,
4605,4.605,0.0,0.03174660249120766,0,1,
4606,4.606,0.0,0.030198302417564393,0,1,
4607,4.607,0.0,0.028725513829558298,0,1,
4608,4.6080000000000005,0.0,0.02732455398857804,0,1,
4609,4.609,0.0,0.02599191976529378,0,1,
4610,4.61,0.0,0.024724278880009134,0,1,
4611,4.611,0.0,0.023518461570226246,0,1,
4612,4.612,0.0,0.02237145266458847,0,1,
4613,4.613,0.0,0.021280384043381458,0,1,
4614,4.614,0.0,0.02024252746673992,0,1,
4615,4.615,0.0,0.01925528775262691,0,1,
4616,4.616,0.0,0.018316196287526943,0,1,
4617,4.617,0.0,0.017422904853626367,0,1,
4618,4.618,0.0,0.016573179757045708,0,1,
4619,4.619,0.0,0.015764896242441474,0,1,
4620,4.62,0.0,0.014996033180011073,0,1,
4621,4.621,0.0,0.014264668011615545,0,1,
4622,4.622,0.0,0.0135689719433828,0,1,
4623,4.623,0.0,0.012907205372770356,0,1,
4624,4.624,0.0,0.01227771353865287,0,1,
4625,4.625,0.0,0.011678922383557394,0,1,
4626,4.626,0.0,0.011109334617699806,0,1,
4627,4.627,0.0,0.010567525974980447,0,1,
4628,4.628,0.0,0.010052141651576998,0,1,
4629,4.6290000000000004,0.0,0.009561892918229245,0,1,
4630,4.63,0.0,0.009095553897744657,0,1,
4631,4.631,0.0,0.008651958499666877,0,1,
4632,4.632,0.0,0.008229997504442184,0,1,
4633,4.633,0.0,0.007828615789792851,0,1,
4634,4.634,0.0,0.007446809692361857,0,1,
4635,4.635,0.0,0.007083624498031708,0,1,
4636,4.636,0.0,0.006738152054641861,0,1,
4637,4.6370000000000005,0.0,0.006409528501135281,0,1,
4638,4.638,0.0,0.006096932107455838,0,1,
4639,4.639,0.0,0.005799581219795142,0,1,
4640,4.64,0.0,0.005516732306050882,0,1,
4641,4.641,0.0,0.005247678096609277,0,1,
4642,4.642,0.0,0.004991745815802646,0,1,
4643,4.643,0.0,0.004748295499619797,0,1,
4644,4.644,0.0,0.00451671839546267,0,1,
4645,4.6450000000000005,0.0,0.0042964354399477435,0,1,
4646,4.646,0.0,0.004086895810945964,0,1,
4647,4.647,0.0,0.0038875755502405084,0,1,
4648,4.648,0.0,0.0036979762533583256,0,1,
4649,4.649,0.0,0.0035176238232993468,0,1,
4650,4.65,0.0,0.003346067285047039,0,1,
4651,4.651,0.0,0.0031828776578959614,0,1,
4652,4.652,0.0,0.003027646882776556,0,1,
4653,4.6530000000000005,0.0,0.002879986801894924,0,1,
4654,4.654,0.0,0.0027395281881361605,0,1,
4655,4.655,0.0,0.0026059198218042435,0,1,
4656,4.656,0.0,0.002478827612389854,0,1,
4657,4.657,0.0,0.0023579337631700796,0,1,
4658,4.658,0.0,0.0022429359765510776,0,1,
4659,4.659,0.0,0.0021335466981666283,0,1,
4660,4.66,0.0,0.0020294923978424403,0,1,
4661,4.6610000000000005,0.0,0.0019305128856282386,0,1,
4662,4.662,0.0,0.0018363606611873622,0,1,
4663,4.663,0.0,0.0017468002949170053,0,1,
4664,4.664,0.0,0.0016616078392515804,0,1,
4665,4.665,0.0,0.0015805702686771557,0,1,
4666,4.666,0.0,0.0015034849470567098,0,1,
4667,4.667,0.0,0.0014301591209342406,0,1,
4668,4.668,0.0,0.0013604094375507247,0,1,
4669,4.6690000000000005,0.0,0.001294061486366716,0,1,
4670,4.67,0.0,0.00123094936294515,0,1,
4671,4.671,0.0,0.0011709152541038354,0,1,
4672,4.672,0.0,0.0011138090433002988,0,1,
4673,4.673,0.0,0.001059487935262234,0,1,
4674,4.674,0.0,0.0010078160989249445,0,1,
4675,4.675,0.0,0.0009586643277829296,0,1,
4676,4.676,0.0,0.0009119097168063201,0,1,
4677,4.6770000000000005,0.0,0.0008674353551142849,0,1,
4678,4.678,0.0,0.0008251300336369337,0,1,
4679,4.679,0.0,0.0007848879670347153,0,1,
4680,4.68,0.0,0.0007466085291799676,0,1,
4681,4.681,0.0,0.0007101960015391851,0,1,
4682,4.682,0.0,0.0006755593338268272,0,1,
4683,4.683,0.0,0.0006426119163321786,0,1,
4684,4.684,0.0,0.0006112713633499592,0,1,
4685,4.6850000000000005,0.0,0.0005814593071731486,0,1,
4686,4.686,0.0,0.000553101202132898,0,1,
4687,4.687,0.0,0.0005261261381955296,0,1,
4688,4.688,0.0,0.0005004666636505168,0,1,
4689,4.689,0.0,0.0004760586164460735,0,1,
4690,4.69,0.0,0.00045284096375060464,0,1,
4691,4.691,0.0,0.00043075564933883634,0,1,
4692,4.692,0.0,0.0004097474484210127,0,1,
4693,4.6930000000000005,0.0,0.0003897638295521559,0,1,
4694,4.694,0.0,0.00037075482327609166,0,1,
4695,4.695,0.0,0.0003526728971757806,0,1,
4696,4.696,0.0,0.00033547283701751727,0,1,
4697,4.697,0.0,0.0003191116336917948,0,1,
4698,4.698,0.0,0.0003035483756681286,0,1,
4699,4.699,0.0,0.0002887441466949205,0,1,
4700,4.7,0.0,0.000274661928488559,0,1,3.6104762224918505
4701,4.7010000000000005,0.0,0.00026126650816842825,0,1,
4702,4.702,0.0,0.0002485243902063651,0,1,
4703,4.703,0.0,0.00023640371267039158,0,1,
4704,4.704,0.0,0.00022487416755328872,0,1,
4705,4.705,0.0,0.00021390692498679198,0,1,
4706,4.706,0.0,0.00020347456115190355,0,1,
4707,4.707,0.0,0.00019355098970506054,0,1,
4708,4.708,0.0,0.00018411139654868838,0,1,
4709,4.7090000000000005,0.0,0.00017513217778303159,0,1,
4710,4.71,0.0,0.00016659088068410986,0,1,
4711,4.711,0.0,0.00015846614756021292,0,1,
4712,4.712,0.0,0.00015073766234654655,0,1,
4713,4.713,0.0,0.00014338609980448842,0,1,
4714,4.714,0.0,0.00013639307719842545,0,1,
4715,4.715,0.0,0.0001297411083293397,0,1,
4716,4.716,0.0,0.0001234135598102026,0,1,
4717,4.7170000000000005,0.0,0.00011739460947384346,0,1,
4718,4.718,0.0,0.00011166920680929018,0,1,
4719,4.719,0.0,0.00010622303532765232,0,1,
4720,4.72,0.0,0.00010104247676344173,0,1,
4721,4.721,0.0,9.611457702181544e-05,0,1,
4722,4.722,0.0,9.142701378659105e-05,0,1,
4723,4.723,0.0,8.696806570803786e-05,0,1,
4724,4.724,0.0,8.272658309339713e-05,0,1,
4725,4.7250000000000005,0.0,7.869196002684265e-05,0,1,
4726,4.726,0.0,7.485410784916672e-05,0,1,
4727,4.727,0.0,7.120342993087724e-05,0,1,
4728,4.728,0.0,6.773079767562528e-05,0,1,
4729,4.729,0.0,6.442752769395933e-05,0,1,
4730,4.73,0.0,6.128536009032875e-05,0,1,
4731,4.731,0.0,5.829643780904244e-05,0,1,
4732,4.732,0.0,5.545328698753711e-05,0,1,
4733,4.7330000000000005,0.0,5.2748798267827854e-05,0,1,
4734,4.734,0.0,5.017620901941015e-05,0,1,
4735,4.735,0.0,4.772908642916105e-05,0,1,
4736,4.736,0.0,4.540131141595571e-05,0,1,
4737,4.737,0.0,4.3187063329777246e-05,0,1,
4738,4.738,0.0,4.1080805397059896e-05,0,1,
4739,4.739,0.0,1.0000390772708758,0,1,
4740,4.74,0.0,0.9512665959506003,0,1,
4741,4.741,0.0,0.9048727766128427,0,1,
4742,4.742,0.0,0.8607416105437975,0,1,
4743,4.743,0.0,0.8187627468413942,0,1,
4744,4.744,0.0,0.7788312164805632,0,1,
4745,4.745,0.0,0.7408471698359972,0,1,
4746,4.746,0.0,0.7047156270060784,0,1,
4747,4.747,0.0,0.6703462403136518,0,1,
4748,4.748,0.0,0.6376530683897723,0,1,
4749,4.749,0.0,0.6065543612755175,0,1,
4750,4.75,0.0,0.5769723560045087,0,1,
4751,4.751,0.0,0.5488330821549899,0,1,
4752,4.752,0.0,0.5220661768852441,0,1,
4753,4.753,0.0,0.4966047089898388,0,1,
4754,4.7540000000000004,0.0,0.4723850115367489,0,1,
4755,4.755,0.0,0.4493465226668648,0,1,
4756,4.756,0.0,0.42743163415779883,0,1,
4757,4.757,0.0,0.4065855473733227,0,1,
4758,4.758,0.0,0.38675613623823357,0,1,
4759,4.759,0.0,0.3678938168960147,0,1,
4760,4.76,0.0,0.3499514237233671,0,1,
4761,4.761,0.0,0.33288409139158404,0,1,
4762,4.7620000000000005,0.0,0.31664914267985955,0,1,
4763,4.763,0.0,0.3012059817600073,0,1,
4764,4.764,0.0,0.2865159926857443,0,1,
4765,4.765,0.0,0.27254244283271134,0,1,
4766,4.766,0.0,0.25925039104777875,0,1,
4767,4.767,0.0,0.24660660027796363,0,1,
4768,4.768,0.0,0.23457945446048498,0,1,
4769,4.769,0.0,0.22313887946613858,0,1,
4770,4.7700000000000005,0.0,0.2122562678983092,0,1,
4771,4.771,0.0,0.20190440755957803,0,1,
4772,4.772,0.0,0.192057413407055,0,1,
4773,4.773,0.0,0.18269066282628865,0,1,
4774,4.774,0.0,0.17378073406190453,0,1,
4775,4.775,0.0,0.16530534765101706,0,1,
4776,4.776,0.0,0.15724331071296743,0,1,
4777,4.777,0.0,0.14957446395608298,0,1,
4778,4.7780000000000005,0.0,0.1422796312689476,0,1,
4779,4.779,0.0,0.13534057177013484,0,1,
4780,4.78,0.0,0.12873993419650295,0,1,
4781,4.781,0.0,0.1224612135159993,0,1,
4782,4.782,0.0,0.11648870965648307,0,1,
4783,4.783,0.0,0.11080748824736716,0,1,
4784,4.784,0.0,0.1054033432759127,0,1,
4785,4.785,0.0,0.10026276156479765,0,1,
4786,4.7860000000000005,0.0,0.09537288898213478,0,1,
4787,4.787,0.0,0.09072149829944655,0,1,
4788,4.788,0.0,0.08629695861722504,0,1,
4789,4.789,0.0,0.08208820628162491,0,1,
4790,4.79,0.0,0.07808471721956596,0,1,
4791,4.791,0.0,0.07427648062306873,0,1,
4792,4.792,0.0,0.07065397391702011,0,1,
4793,4.793,0.0,0.0672081389477755,0,1,
4794,4.7940000000000005,0.0,0.0639303593330565,0,1,
4795,4.795,0.0,0.06081243891650719,0,1,
4796,4.796,0.0,0.057846581273033965,0,1,
4797,4.797,0.0,0.05502537021368188,0,1,
4798,4.798,0.0,0.05234175124129935,0,1,
4799,4.799,0.0,0.04978901391062071,0,1,
4800,4.8,0.0,0.04736077504865778,0,1,3.614934606234459
4801,4.801,0.0,0.04505096279344251,0,1,
4802,4.8020000000000005,0.0,0.042853801411209404,0,1,
4803,4.803,0.0,0.040763796854052604,0,1,
4804,4.804,0.0,0.03877572302194447,0,1,
4805,4.805,0.0,0.03688460869476333,0,1,
4806,4.806,0.0,0.03508572510165375,0,1,
4807,4.807,0.0,0.033374574096636356,0,1,
4808,4.808,0.0,0.031746876910899835,0,1,
4809,4.809,0.0,0.030198563453650254,0,1,
4810,4.8100000000000005,0.0,0.028725762134764025,0,1,
4811,4.811,0.0,0.027324790183795987,0,1,
4812,4.812,0.0,0.025992144441135016,0,1,
4813,4.813,0.0,0.024724492598280294,0,1,
4814,4.814,0.0,0.023518664865334327,0,1,
4815,4.815,0.0,0.022371646044877135,0,1,
4816,4.816,0.0,0.021280567992402154,0,1,
4817,4.817,0.0,0.020242702444461014,0,1,
4818,4.8180000000000005,0.0,0.019255454196583848,0,1,
4819,4.819,0.0,0.018316354613916314,0,1,
4820,4.82,0.0,0.017423055458346614,0,1,
4821,4.821,0.0,0.016573323016687073,0,1,
4822,4.822,0.0,0.01576503251522768,0,1,
4823,4.823,0.0,0.014996162806695072,0,1,
4824,4.824,0.0,0.014264791316331566,0,1,
4825,4.825,0.0,0.013569089234456858,0,1,
4826,4.8260000000000005,0.0,0.012907316943491232,0,1,
4827,4.827,0.0,0.01227781966800548,0,1,
4828,4.828,0.0,0.0116790233369204,0,1,
4829,4.829,0.0,0.0111094306475092,0,1,
4830,4.83,0.0,0.010567617321360771,0,1,
4831,4.831,0.0,0.010052228542941783,0,1,
4832,4.832,0.0,0.009561975571852163,0,1,
4833,4.833,0.0,0.00909563252030282,0,1,
4834,4.8340000000000005,0.0,0.00865203328775763,0,1,
4835,4.835,0.0,0.00823006864507471,0,1,
4836,4.836,0.0,0.007828683460855789,0,1,
4837,4.837,0.0,0.00744687406306811,0,1,
4838,4.838,0.0,0.007083685729341572,0,1,
4839,4.839,0.0,0.006738210299665504,0,1,
4840,4.84,0.0,0.006409583905515601,0,1,
4841,4.841,0.0,0.0060969848097326435,0,1,
4842,4.8420000000000005,0.0,0.005799631351751578,0,1,
4843,4.843,0.0,0.005516779993042952,0,1,
4844,4.844,0.0,0.005247723457879301,0,1,
4845,4.845,0.0,0.004991788964777424,0,1,
4846,4.846,0.0,0.004748336544194244,0,1,
4847,4.847,0.0,0.0045167574382696,0,1,
4848,4.848,0.0,0.004296472578614511,0,1,
4849,4.849,0.0,0.00408693113833858,0,1,
4850,4.8500000000000005,0.0,0.0038876091546958557,0,1,
4851,4.851,0.0,0.003698008218905046,0,1,
4852,4.852,0.0,0.0035176542298679574,0,1,
4853,4.853,0.0,0.0033460962086697995,0,1,
4854,4.854,0.0,0.0031829051708969947,0,1,
4855,4.855,0.0,0.003027673053952695,0,1,
4856,4.856,0.0,0.0028800116966877414,0,1,
4857,4.857,0.0,0.002739551868795605,0,1,
4858,4.8580000000000005,0.0,0.002605942347544299,0,1,
4859,4.859,0.0,0.002478849039536603,0,1,
4860,4.86,0.0,0.0023579541453025506,0,1,
4861,4.861,0.0,0.0022429553646352183,0,1,
4862,4.862,0.0,0.002133565140682748,0,1,
4863,4.863,0.0,0.0020295099409064353,0,1,
4864,4.864,0.0,0.0019305295731069066,0,1,
4865,4.865,0.0,0.001836376534808092,0,1,
4866,4.866,0.0,0.0017468153943721166,0,1,
4867,4.867,0.0,0.0016616222022975762,0,1,
4868,4.868,0.0,0.0015805839312291324,0,1,
4869,4.869,0.0,0.0015034979432781638,0,1,
4870,4.87,0.0,0.001430171483322495,0,1,
4871,4.871,0.0,0.0013604211970181894,0,1,
4872,4.872,0.0,0.0012940726723181847,0,1,
4873,4.873,0.0,0.0012309600033513278,0,1,
4874,4.874,0.0,0.0011709253755712806,0,1,
4875,4.875,0.0,0.0011138186711379518,0,1,
4876,4.876,0.0,0.0010594970935447038,0,1,
4877,4.877,0.0,0.001007824810552708,0,1,
4878,4.878,0.0,0.0009586726145395935,0,1,
4879,4.8790000000000004,0.0,0.0009119175994130923,0,1,
4880,4.88,0.0,0.0008674428532817885,0,1,
4881,4.881,0.0,0.000825137166114493,0,1,
4882,4.882,0.0,0.0007848947516572392,0,1,
4883,4.883,0.0,0.0007466149829125465,0,1,
4884,4.884,0.0,0.0007102021405195121,0,1,
4885,4.885,0.0,0.0006755651734055507,0,1,
4886,4.886,0.0,0.0006426174711112871,0,1,
4887,4.8870000000000005,0.0,0.0006112766472192938,0,1,
4888,4.888,0.0,0.0005814643333451348,0,1,
4889,4.889,0.0,0.0005531059831755838,0,1,
4890,4.89,0.0,0.0005261306860640122,0,1,
4891,4.891,0.0,0.0005004709897168362,0,1,
4892,4.892,0.0,0.00047606273152764886,0,1,
4893,4.893,0.0,0.00045284487813728336,0,1,
4894,4.894,0.0,0.000430759372818624,0,1,
4895,4.8950000000000005,0.0,0.00040975099030454823,0,1,
4896,4.896,0.0,0.00038976719869599305,0,1,
4897,4.897,0.0,0.0003707580281048449,0,1,
4898,4.898,0.0,0.00035267594570319115,0,1,
4899,4.899,0.0,0.0003354757368664916,0,1,
4900,4.9,0.0,0.0003191143921134658,0,1,3.6178126870412957
4901,4.901,0.0,0.0003035509995599872,0,1,
4902,4.902,0.0,0.00028874664261806314,0,1,
4903,4.9030000000000005,0.0,0.00027466430268409354,0,1,
4904,4.904,0.0,0.00026126876657308023,0,1,
4905,4.905,0.0,0.0002485265384673225,0,1,
4906,4.906,0.0,0.00023640575615942573,0,1,
4907,4.907,0.0,0.00022487611138018667,0,1,
4908,4.908,0.0,0.00021390877401213342,0,1,
4909,4.909,0.0,0.00020347631999921497,0,1,
4910,4.91,0.0,0.0001935526627723764,0,1,
4911,4.9110000000000005,0.0,0.00018411298801954837,0,1,
4912,4.912,0.0,0.00017513369163694184,0,1,
4913,4.913,0.0,0.0001665923207064937,0,1,
4914,4.914,0.0,0.00015846751735187637,0,1,
4915,4.915,0.0,0.00015073896533268229,0,1,
4916,4.916,0.0,0.00014338733924324046,0,1,
4917,4.917,0.0,0.00013639425618903626,0,1,
4918,4.918,0.0,0.00012974222981989992,0,1,
4919,4.9190000000000005,0.0,0.00012341462660502277,0,1,
4920,4.92,0.0,0.00011739562424046632,0,1,
4921,4.921,0.0,0.00011167017208516085,0,1,
4922,4.922,0.0,0.00010622395352646326,0,1,
4923,4.923,0.0,0.00010104335018116824,0,1,
4924,4.924,0.0,9.611540784245678e-05,0,1,
4925,4.925,0.0,9.142780408763158e-05,0,1,
4926,4.926,0.0,8.696881746564182e-05,0,1,
4927,4.9270000000000005,0.0,8.272729818735012e-05,0,1,
4928,4.928,0.0,1.0000786926402452,0,1,
4929,4.929,0.0,0.9513042792556069,0,1,
4930,4.93,0.0,0.9049086220813775,0,1,
4931,4.931,0.0,0.8607757078082028,0,1,
4932,4.932,0.0,0.8187951811625915,0,1,
4933,4.933,0.0,0.7788620689612498,0,1,
4934,4.934,0.0,0.7408765176234451,0,1,
4935,4.9350000000000005,0.0,0.7047435434850428,0,1,
4936,4.936,0.0,0.6703727952898711,0,1,
4937,4.937,0.0,0.6376783282645191,0,1,
4938,4.938,0.0,0.6065783892116359,0,1,
4939,4.939,0.0,0.5769952120843546,0,1,
4940,4.94,0.0,0.5488548235306681,0,1,
4941,4.941,0.0,0.5220868579215183,0,1,
4942,4.942,0.0,0.4966243814000719,0,1,
4943,4.9430000000000005,0.0,0.4724037245122135,0,1,
4944,4.944,0.0,0.4493643229997467,0,1,
4945,4.945,0.0,0.42744856635820205,0,1,
4946,4.946,0.0,0.4066016537805678,0,1,
4947,4.947,0.0,0.38677145712672806,0,1,
4948,4.948,0.0,0.36790839057596014,0,1,
4949,4.949,0.0,0.34996528663655446,0,1,
4950,4.95,0.0,0.33289727820251713,0,1,
4951,4.9510000000000005,0.0,0.31666168636243447,0,1,
4952,4.952,0.0,0.30121791367996414,0,1,
4953,4.953,0.0,0.286527342679098,0,1,
4954,4.954,0.0,0.2725532392803573,0,1,
4955,4.955,0.0,0.25926066094645966,0,1,
4956,4.956,0.0,0.24661636930777556,0,1,
4957,4.957,0.0,0.23458874704909088,0,1,
4958,4.958,0.0,0.2231477188498503,0,1,
4959,4.9590000000000005,0.0,0.21226467618019024,0,1,
4960,4.96,0.0,0.20191240576471278,0,1,
4961,4.961,0.0,0.1920650215351224,0,1,
4962,4.962,0.0,0.18269789990157173,0,1,
4963,4.963,0.0,0.17378761818086114,0,1,
4964,4.964,0.0,0.16531189602753035,0,1,
4965,4.965,0.0,0.15724953972138958,0,1,
4966,4.966,0.0,0.14958038917217958,0,1,
4967,4.9670000000000005,0.0,0.1422852675088452,0,1,
4968,4.968,0.0,0.13534593312736898,0,1,
4969,4.969,0.0,0.12874503407725932,0,1,
4970,4.97,0.0,0.1224660646726362,0,1,
4971,4.971,0.0,0.11649332421941895,0,1,
4972,4.972,0.0,0.11081187775541297,0,1,
4973,4.973,0.0,0.10540751870512495,0,1,
4974,4.974,0.0,0.10026673335592426,0,1,
4975,4.9750000000000005,0.0,0.09537666706672238,0,1,
4976,4.976,0.0,0.09072509212467453,0,1,
4977,4.977,0.0,0.08630037716952842,0,1,
4978,4.978,0.0,0.08209145810916507,0,1,
4979,4.979,0.0,0.07808781045360556,0,1,
4980,4.98,0.0,0.07427942299830406,0,1,
4981,4.981,0.0,0.07065677279092188,0,1,
4982,4.982,0.0,0.06721080131898632,0,1,
4983,4.9830000000000005,0.0,0.06393289185889119,0,1,
4984,4.984,0.0,0.060814847929599444,0,1,
4985,4.985,0.0,0.05784887279717132,0,1,
4986,4.986,0.0,0.05502754997886828,0,1,
4987,4.987,0.0,0.05234382469808315,0,1,
4988,4.988,0.0,0.0497909862437239,0,1,
4989,4.989,0.0,0.04736265118994045,0,1,
4990,4.99,0.0,0.04505274743423511,0,1,
4991,4.9910000000000005,0.0,0.04285549901404349,0,1,
4992,4.992,0.0,0.0407654116638195,0,1,
4993,4.993,0.0,0.03877725907650972,0,1,
4994,4.994,0.0,0.03688606983506343,0,1,
4995,4.995,0.0,0.03508711498130053,0,1,
4996,4.996,0.0,0.033375896191052884,0,1,
4997,4.997,0.0,0.03174813452601081,0,1,
4998,4.998,0.0,0.03019975973414851,0,1,
4999,4.999,0.0,0.028726900071973923,0,1,
5000,5.0,0.0,0.027325872623153273,0,1,3.613723496372001
5001,5.001,0.0,0.025993174089301904,0,1,
5002,5.002,0.0,0.02472547202991352,0,1,
5003,5.003,0.0,0.02351959652952314,0,1,
5004,5.0040000000000004,0.0,0.022372532271267287,0,1,
5005,5.005,0.0,0.021281410997021234,0,1,
5006,5.006,0.0,0.020243504335259673,0,1,
5007,5.007,0.0,0.019256216978706768,0,1,
5008,5.008,0.0,0.018317080194716118,0,1,
5009,5.009,0.0,0.01742374565215324,0,1,
5010,5.01,0.0,0.016573979549344545,0,1,
5011,5.011,0.0,0.015765657028409614,0,1,
5012,5.0120000000000005,0.0,0.014996756862009714,0,1,
5013,5.013,0.0,0.014265356399226634,0,1,
5014,5.014,0.0,0.013569626757933929,0,1,
5015,5.015,0.0,0.01290782825163898,0,1,
5016,5.016,0.0,0.012278306039360604,0,1,
5017,5.017,0.0,0.011679485987664629,0,1,
5018,5.018,0.0,0.011109870734510379,0,1,
5019,5.019,0.0,0.010568035945065633,0,1,
5020,5.0200000000000005,0.0,0.010052626750127643,0,1,
5021,5.021,0.0,0.0095623543582444,0,1,
5022,5.022,0.0,0.009095992833064715,0,1,
5023,5.023,0.0,0.008652376027858769,0,1,
5024,5.024,0.0,0.00823039466954387,0,1,
5025,5.025,0.0,0.00782899358492396,0,1,
5026,5.026,0.0,0.007447169062207,0,1,
5027,5.027,0.0,0.0070839663412026865,0,1,
5028,5.0280000000000005,0.0,0.00673847722592466,0,1,
5029,5.029,0.0,0.006409837813627482,0,1,
5030,5.03,0.0,0.006097226334599784,0,1,
5031,5.031,0.0,0.005799861097311951,0,1,
5032,5.032,0.0,0.005516998533780126,0,1,
5033,5.033,0.0,0.005247931340258953,0,1,
5034,5.034,0.0,0.004991986708613784,0,1,
5035,5.035,0.0,0.0047485246439499034,0,1,
5036,5.0360000000000005,0.0,0.004516936364291925,0,1,
5037,5.037,0.0,0.004296642778311755,0,1,
5038,5.038,0.0,0.00408709303729864,0,1,
5039,5.039,0.0,0.0038877631577504605,0,1,
5040,5.04,0.0,0.0036981547111420493,0,1,
5041,5.041,0.0,0.003517793577594256,0,1,
5042,5.042,0.0,0.0033462287603272917,0,1,
5043,5.043,0.0,0.003183031257933867,0,1,
5044,5.0440000000000005,0.0,0.003027792991652216,0,1,
5045,5.045,0.0,0.0028801257849566326,0,1,
5046,5.046,0.0,0.002739660392913965,0,1,
5047,5.047,0.0,0.002606045578878951,0,1,
5048,5.048,0.0,0.0024789472362196545,0,1,
5049,5.049,0.0,0.0023580475528768574,0,1,
5050,5.05,0.0,0.00224304421666837,0,1,
5051,5.051,0.0,0.0021336496593511085,0,1,
5052,5.0520000000000005,0.0,0.0020295903375506996,0,1,
5053,5.053,0.0,0.0019306060487605619,0,1,
5054,5.054,0.0,0.0018364492807001066,0,1,
5055,5.055,0.0,0.0017468845924051126,0,1,
5056,5.056,0.0,0.0016616880255026795,0,1,
5057,5.057,0.0,0.0015806465441986417,0,1,
5058,5.058,0.0,0.0015035575025771164,0,1,
5059,5.059,0.0,0.0014302281378801612,0,1,
5060,5.0600000000000005,0.0,0.0013604750885004735,0,1,
5061,5.061,0.0,0.0012941239354818635,0,1,
5062,5.062,0.0,0.0012310087663810123,0,1,
5063,5.063,0.0,0.0011709717603999442,0,1,
5064,5.064,0.0,0.0011138627937518268,0,1,
5065,5.065,0.0,0.0010595390642733078,0,1,
5066,5.066,0.0,0.0010078647343447235,0,1,
5067,5.067,0.0,0.0009587105912252964,0,1,
5068,5.0680000000000005,0.0,0.0009119537239539779,0,1,
5069,5.069,0.0,0.0008674772160080254,0,1,
5070,5.07,0.0,0.0008251698529507957,0,1,
5071,5.071,0.0,0.0007849258443377242,0,1,
5072,5.072,0.0,0.0007466445591851104,0,1,
5073,5.073,0.0,0.0007102302743402419,0,1,
5074,5.074,0.0,0.0006755919351236526,0,1,
5075,5.075,0.0,0.0006426429276449958,0,1,
5076,5.0760000000000005,0.0,0.0006113008622232034,0,1,
5077,5.077,0.0,0.000581487367369368,0,1,
5078,5.078,0.0,0.0005531278938171992,0,1,
5079,5.079,0.0,0.0005261515281110265,0,1,
5080,5.08,0.0,0.0005004908152852229,0,1,
5081,5.081,0.0,0.0004760815901916558,0,1,
5082,5.082,0.0,0.00045286281705339353,0,1,
5083,5.083,0.0,0.00043077643684347167,0,1,
5084,5.0840000000000005,0.0,0.0004097672221070837,0,1,
5085,5.085,0.0,0.0003897826388641775,0,1,
5086,5.086,0.0,0.00037077271524714125,0,1,
5087,5.087,0.0,0.00035268991654510527,0,1,
5088,5.088,0.0,0.0003354890263424053,0,1,
5089,5.089,0.0,0.0003191270334539911,0,1,
5090,5.09,0.0,0.00030356302437506004,0,1,
5091,5.091,0.0,0.00028875808097598456,0,1,
5092,5.0920000000000005,0.0,0.0002746751831867164,0,1,
5093,5.093,0.0,0.00026127911642732845,0,1,
5094,5.094,0.0,0.0002485363835532227,0,1,
5095,5.095,0.0,0.00023641512109482077,0,1,
5096,5.096,0.0,0.00022488501958229298,0,1,
5097,5.097,0.0,0.00021391724775609637,0,1,
5098,5.098,0.0,0.0002034843804738082,0,1,
5099,5.099,0.0,0.0001935603301329849,0,1,
5100,5.1000000000000005,0.0,0.00018412028143856743,0,1,3.616867584269247
5101,5.101,0.0,0.000175140629351718,0,1,
5102,5.102,0.0,0.00016659892006492757,0,1,
5103,5.103,0.0,0.00015847379485580152,0,1,
5104,5.104,0.0,0.0001507449366791283,0,1,
5105,5.105,0.0,0.0001433930193636838,0,1,
5106,5.106,0.0,0.0001363996592867367,0,1,
5107,5.107,0.0,0.00012974736940541602,0,1,
5108,5.1080000000000005,0.0,0.00012341951552999542,0,1,
5109,5.109,0.0,0.00011740027472975448,0,1,
5110,5.11,0.0,0.00011167459576741007,0,1,
5111,5.111,0.0,0.00010622816146318336,0,1,
5112,5.112,0.0,0.00010104735289439284,0,1,
5113,5.113,0.0,9.611921534105386e-05,0,1,
5114,5.114,0.0,9.143142589233087e-05,0,1,
5115,5.115,0.0,8.697226263284157e-05,0,1,
5116,5.1160000000000005,0.0,8.273057533176285e-05,0,1,
5117,5.117,0.0,7.869575756144575e-05,0,1,
5118,5.118,0.0,7.485772017582175e-05,0,1,
5119,5.119,0.0,7.120686608228241e-05,0,1,
5120,5.12,0.0,6.773406624394891e-05,0,1,
5121,5.121,0.0,6.443063685232476e-05,0,1,
5122,5.122,0.0,6.128831761325137e-05,0,1,
5123,5.123,0.0,1.0000582992510918,0,1,
5124,5.124,0.0,0.9512848804637789,0,1,
5125,5.125,0.0,0.9048901693797909,0,1,
5126,5.126,0.0,0.8607581550554921,0,1,
5127,5.127,0.0,0.8187784844677322,0,1,
5128,5.128,0.0,0.7788461865738077,0,1,
5129,5.1290000000000004,0.0,0.7408614098291788,0,1,
5130,5.13,0.0,0.7047291725065974,0,1,
5131,5.131,0.0,0.670359125192315,0,1,
5132,5.132,0.0,0.6376653248654879,0,1,
5133,5.133,0.0,0.6065660199958589,0,1,
5134,5.134,0.0,0.5769834461223494,0,1,
5135,5.135,0.0,0.5488436314014011,0,1,
5136,5.136,0.0,0.5220762116388368,0,1,
5137,5.1370000000000005,0.0,0.49661425434272366,0,1,
5138,5.138,0.0,0.4723940913572802,0,1,
5139,5.139,0.0,0.4493551596593234,0,1,
5140,5.14,0.0,0.4274398499191646,0,1,
5141,5.141,0.0,0.4065933624472785,0,1,
5142,5.142,0.0,0.38676357016653495,0,1,
5143,5.143,0.0,0.36790088826735456,0,1,
5144,5.144,0.0,0.34995815021985716,0,1,
5145,5.1450000000000005,0.0,0.33289048983296915,0,1,
5146,5.146,0.0,0.316655229065576,0,1,
5147,5.147,0.0,0.30121177130918964,0,1,
5148,5.148,0.0,0.28652149987528114,0,1,
5149,5.149,0.0,0.2725476814334451,0,1,
5150,5.15,0.0,0.2592553741589399,0,1,
5151,5.151,0.0,0.24661134035992568,0,1,
5152,5.152,0.0,0.23458396336592183,0,1,
5153,5.1530000000000005,0.0,0.2231431684696624,0,1,
5154,5.154,0.0,0.21226034772466285,0,1,
5155,5.155,0.0,0.20190828841045247,0,1,
5156,5.156,0.0,0.1920611049865989,0,1,
5157,5.157,0.0,0.1826941743653737,0,1,
5158,5.158,0.0,0.17378407434120752,0,1,
5159,5.159,0.0,0.16530852502297613,0,1,
5160,5.16,0.0,0.15724633312266748,0,1,
5161,5.1610000000000005,0.0,0.14957733896112255,0,1,
5162,5.162,0.0,0.14228236605833683,0,1,
5163,5.163,0.0,0.13534317318227165,0,1,
5164,5.164,0.0,0.12874240873627274,0,1,
5165,5.165,0.0,0.12246356737104042,0,1,
5166,5.166,0.0,0.11649094871265919,0,1,
5167,5.167,0.0,0.110809618103485,0,1,
5168,5.168,0.0,0.10540536925772194,0,1,
5169,5.1690000000000005,0.0,0.1002646887383081,0,1,
5170,5.17,0.0,0.09537472216628404,0,1,
5171,5.171,0.0,0.09072324207814986,0,1,
5172,5.172,0.0,0.08629861735083745,0,1,
5173,5.173,0.0,0.08208978411784444,0,1,
5174,5.174,0.0,0.07808621810380502,0,1,
5175,5.175,0.0,0.07427790830831968,0,1,
5176,5.176,0.0,0.07065533197323973,0,1,
5177,5.1770000000000005,0.0,0.06720943077081172,0,1,
5178,5.178,0.0,0.06393158815313982,0,1,
5179,5.179,0.0,0.06081360780632786,0,1,
5180,5.18,0.0,0.05784769315542538,0,1,
5181,5.181,0.0,0.055026427868929174,0,1,
5182,5.182,0.0,0.05234275731409155,0,1,
5183,5.183,0.0,0.049789970916663845,0,1,
5184,5.184,0.0,0.04736168538096544,0,1,
5185,5.1850000000000005,0.0,0.045051828728319636,0,1,
5186,5.186,0.0,0.04285462511394422,0,1,
5187,5.187,0.0,0.040764580384331006,0,1,
5188,5.188,0.0,0.03877646833900028,0,1,
5189,5.189,0.0,0.03688531766227739,0,1,
5190,5.19,0.0,0.03508639949241415,0,1,
5191,5.191,0.0,0.03337521559697126,0,1,
5192,5.192,0.0,0.031747487124894225,0,1,
5193,5.1930000000000005,0.0,0.030199143907156962,0,1,
5194,5.194,0.0,0.02872631427921916,0,1,
5195,5.195,0.0,0.027325315399848286,0,1,
5196,5.196,0.0,0.02599264404209818,0,1,
5197,5.197,0.0,0.024724967833416964,0,1,
5198,5.198,0.0,0.023519116922979887,0,1,
5199,5.199,0.0,0.022372076055411163,0,1,
5200,5.2,0.0,0.021280977031074965,0,1,3.61970044751559
5201,5.2010000000000005,0.0,0.020243091534082353,0,1,
5202,5.202,0.0,0.01925582431008043,0,1,
5203,5.203,0.0,0.018316706676764667,0,1,
5204,5.204,0.0,0.01742339035088724,0,1,
5205,5.205,0.0,0.01657364157632576,0,1,
5206,5.206,0.0,0.015765335538529462,0,1,
5207,5.207,0.0,0.014996451051376035,0,1,
5208,5.208,0.0,0.014265065503153552,0,1,
5209,5.2090000000000005,0.0,0.013569350049029741,0,1,
5210,5.21,0.0,0.012907565037987297,0,1,
5211,5.211,0.0,0.012278055662790194,0,1,
5212,5.212,0.0,0.01167924782210365,0,1,
5213,5.213,0.0,0.011109644184420871,0,1,
5214,5.214,0.0,0.01056782044395437,0,1,
5215,5.215,0.0,0.010052421759129595,0,1,
5216,5.216,0.0,0.0095621593647753,0,1,
5217,5.2170000000000005,0.0,0.00909580734953932,0,1,
5218,5.218,0.0,0.008652199590471652,0,1,
5219,5.219,0.0,0.008230226837109663,0,1,
5220,5.22,0.0,0.007828833937774157,0,1,
5221,5.221,0.0,0.0074470172011405706,0,1,
5222,5.222,0.0,0.007083821886487863,0,1,
5223,5.223,0.0,0.006738339816349412,0,1,
5224,5.224,0.0,0.006409707105596298,0,1,
5225,5.2250000000000005,0.0,0.006097102001274504,0,1,
5226,5.226,0.0,0.005799742827794498,0,1,
5227,5.227,0.0,0.005516886032335104,0,1,
5228,5.228,0.0,0.005247824325574148,0,1,
5229,5.229,0.0,0.004991884913096744,0,1,
5230,5.23,0.0,0.0047484278130588125,0,1,
5231,5.231,0.0,0.004516844255899119,0,1,
5232,5.232,0.0,0.0042965551620982746,0,1,
5233,5.2330000000000005,0.0,0.004087009694178314,0,1,
5234,5.234,0.0,0.0038876838793220764,0,1,
5235,5.235,0.0,0.003698079299168242,0,1,
5236,5.236,0.0,0.003517721843505811,0,1,
5237,5.237,0.0,0.003346160524751623,0,1,
5238,5.238,0.0,0.003182966350246494,0,1,
5239,5.239,0.0,0.0030277312495501107,0,1,
5240,5.24,0.0,0.0028800670540523794,0,1,
5241,5.2410000000000005,0.0,0.0027396045263497117,0,1,
5242,5.242,0.0,0.0026059924369591877,0,1,
5243,5.243,0.0,0.0024788966860619013,0,1,
5244,5.244,0.0,0.0023579994680793894,0,1,
5245,5.245,0.0,0.0022429984769941473,0,1,
5246,5.246,0.0,0.0021336061504271205,0,1,
5247,5.247,0.0,0.0020295489505819738,0,1,
5248,5.248,0.0,0.001930566680258119,0,1,
5249,5.249,0.0,0.0018364118322221844,0,1,
5250,5.25,0.0,0.0017468489703110102,0,1,
5251,5.251,0.0,0.0016616541407186072,0,1,
5252,5.252,0.0,0.0015806143119949892,0,1,
5253,5.253,0.0,0.0015035268423565856,0,1,
5254,5.2540000000000004,0.0,0.0014301989729762305,0,1,
5255,5.255,0.0,0.001360447345985692,0,1,
5256,5.256,0.0,0.0012940975459854935,0,1,
5257,5.257,0.0,0.0012309836639155672,0,1,
5258,5.258,0.0,0.0011709478821961853,0,1,
5259,5.259,0.0,0.0011138400801018072,0,1,
5260,5.26,0.0,0.0010595174583810712,0,1,
5261,5.261,0.0,0.0010078441821842856,0,1,
5262,5.2620000000000005,0.0,0.0009586910414055508,0,1,
5263,5.263,0.0,0.0009119351275901922,0,1,
5264,5.264,0.0,0.0008674595265996038,0,1,
5265,5.265,0.0,0.0008251530262650029,0,1,
5266,5.266,0.0,0.0007849098382990813,0,1,
5267,5.267,0.0,0.0007466293337701835,0,1,
5268,5.268,0.0,0.0007102157914775632,0,1,
5269,5.269,0.0,0.0006755781585985216,0,1,
5270,5.2700000000000005,0.0,0.0006426298230089238,0,1,
5271,5.271,0.0,0.0006112883967077744,0,1,
5272,5.272,0.0,0.0005814755098043004,0,1,
5273,5.273,0.0,0.000553116614552404,0,1,
5274,5.274,0.0,0.0005261407989424665,0,1,
5275,5.275,0.0,0.0005004806093843883,0,1,
5276,5.276,0.0,0.00047607188203847834,0,1,
5277,5.277,0.0,0.00045285358237243356,0,1,
5278,5.2780000000000005,0.0,0.00043076765254321665,0,1,
5279,5.279,0.0,0.0004097588662222075,0,1,
5280,5.28,0.0,0.0003897746905006155,0,1,
5281,5.281,0.0,0.00037076515452984444,0,1,
5282,5.282,0.0,0.0003526827245683422,0,1,
5283,5.283,0.0,0.000335482185122488,0,1,
5284,5.284,0.0,0.00031912052588430626,0,1,
5285,5.285,0.0,0.00030355683418329386,0,1,
5286,5.2860000000000005,0.0,0.0002887521926834333,0,1,
5287,5.287,0.0,0.00027466958206958156,0,1,
5288,5.288,0.0,0.0002612737884798997,0,1,
5289,5.289,0.0,0.0002485313154528563,0,1,
5290,5.29,0.0,0.0002364103001686259,0,1,
5291,5.291,0.0,0.00022488043377544306,0,1,
5292,5.292,0.0,0.00021391288560168562,0,1,
5293,5.293,0.0,0.00020348023106417848,0,1,
5294,5.2940000000000005,0.0,0.0001935563830924508,0,1,
5295,5.295,0.0,0.0001841165268974717,0,1,
5296,5.296,0.0,0.00017513705792175223,0,1,
5297,5.297,0.0,0.00016659552281565658,0,1,
5298,5.298,0.0,0.00015847056329233258,0,1,
5299,5.299,0.0,0.0001507418627208695,0,1,
5300,5.3,0.0,0.0001433900953241383,0,1,3.6221386611135253
5301,5.301,0.0,0.0001363968778542826,0,1,
5302,5.3020000000000005,0.0,0.00012974472362502342,0,1,
5303,5.303,0.0,0.00012341699878583523,0,1,
5304,5.304,0.0,0.00011739788072865537,0,1,
5305,5.305,0.0,0.00011167231852312232,0,1,
5306,5.306,0.0,0.00010622599528141007,0,1,
5307,5.307,0.0,0.00010104529235855126,0,1,
5308,5.308,0.0,9.61172552987311e-05,0,1,
5309,5.309,0.0,9.142956144240019e-05,0,1,
5310,5.3100000000000005,0.0,8.6970489113207e-05,0,1,
5311,5.311,0.0,1.0000827288883076,0,1,
5312,5.312,0.0,0.9513081186535285,0,1,
5313,5.313,0.0,0.9049122742296529,0,1,
5314,5.314,0.0,0.8607791818391051,0,1,
5315,5.315,0.0,0.8187984857630074,0,1,
5316,5.316,0.0,0.7788652123944017,0,1,
5317,5.317,0.0,0.740879507749553,0,1,
5318,5.3180000000000005,0.0,0.7047463877809796,0,1,
5319,5.319,0.0,0.6703755008678584,0,1,
5320,5.32,0.0,0.6376809018899108,0,1,
5321,5.321,0.0,0.6065808373198361,0,1,
5322,5.322,0.0,0.576997540796909,0,1,
5323,5.323,0.0,0.548857038670571,0,1,
5324,5.324,0.0,0.5220889650277734,0,1,
5325,5.325,0.0,0.4966263857415423,0,1,
5326,5.3260000000000005,0.0,0.47240563110079686,0,1,
5327,5.327,0.0,0.4493661366029076,0,1,
5328,5.328,0.0,0.42745029151089303,0,1,
5329,5.329,0.0,0.4066032947965692,0,1,
5330,5.33,0.0,0.3867730181094347,0,1,
5331,5.331,0.0,0.36790987542864184,0,1,
5332,5.332,0.0,0.34996669907211636,0,1,
5333,5.333,0.0,0.3328986217527838,0,1,
5334,5.3340000000000005,0.0,0.3166629643869814,0,1,
5335,5.335,0.0,0.3012191293745184,0,1,
5336,5.336,0.0,0.28652849908352923,0,1,
5337,5.337,0.0,0.27255433928627887,0,1,
5338,5.338,0.0,0.2592617073044594,0,1,
5339,5.339,0.0,0.24661736463429348,0,1,
5340,5.34,0.0,0.23458969383296174,0,1,
5341,5.341,0.0,0.2231486194585269,0,1,
5342,5.3420000000000005,0.0,0.21226553286566338,0,1,
5343,5.343,0.0,0.20191322066914238,0,1,
5344,5.344,0.0,0.19206579669619397,0,1,
5345,5.345,0.0,0.18269863725759172,0,1,
5346,5.346,0.0,0.17378831957560367,0,1,
5347,5.347,0.0,0.16531256321484766,0,1,
5348,5.348,0.0,0.15725017436959746,0,1,
5349,5.349,0.0,0.14958099286822912,0,1,
5350,5.3500000000000005,0.0,0.142285841762291,0,1,
5351,5.351,0.0,0.13534647937414374,0,1,
5352,5.352,0.0,0.1287455536832645,0,1,
5353,5.353,0.0,0.12246655893715748,0,1,
5354,5.354,0.0,0.11649379437837508,0,1,
5355,5.355,0.0,0.11081232498444624,0,1,
5356,5.356,0.0,0.10540794412254088,0,1,
5357,5.357,0.0,0.10026713802548798,0,1,
5358,5.3580000000000005,0.0,0.09537705200031858,0,1,
5359,5.359,0.0,0.09072545828483772,0,1,
5360,5.36,0.0,0.08630072547184972,0,1,
5361,5.361,0.0,0.08209178942458172,0,1,
5362,5.362,0.0,0.07808812561057867,0,1,
5363,5.363,0.0,0.07427972278489021,0,1,
5364,5.364,0.0,0.0706570579567437,0,1,
5365,5.365,0.0,0.0672110725771069,0,1,
5366,5.3660000000000005,0.0,0.06393314988759712,0,1,
5367,5.367,0.0,0.06081509337409689,0,1,
5368,5.368,0.0,0.05784910627119937,0,1,
5369,5.369,0.0,0.055027772066233625,0,1,
5370,5.37,0.0,0.05234403595411988,0,1,
5371,5.371,0.0,0.049791187196682136,0,1,
5372,5.372,0.0,0.04736284234230727,0,1,
5373,5.373,0.0,0.045052929263990994,0,1,
5374,5.3740000000000006,0.0,0.04285567197585753,0,1,
5375,5.375,0.0,0.04076557619018634,0,1,
5376,5.376,0.0,0.03877741557883096,0,1,
5377,5.377,0.0,0.03688621870467639,0,1,
5378,5.378,0.0,0.0350872565904568,0,1,
5379,5.3790000000000004,0.0,0.03337603089384911,0,1,
5380,5.38,0.0,0.031748262659274135,0,1,
5381,5.381,0.0,0.030199881618278843,0,1,
5382,5.382,0.0,0.028727016011745075,0,1,
5383,5.383,0.0,0.027325982908475065,0,1,
5384,5.384,0.0,0.02599327899594508,0,1,
5385,5.385,0.0,0.024725571820199337,0,1,
5386,5.386,0.0,0.02351969145297929,0,1,
5387,5.3870000000000005,0.0,0.02237262256525185,0,1,
5388,5.388,0.0,0.021281496887316207,0,1,
5389,5.389,0.0,0.020243586036635532,0,1,
5390,5.39,0.0,0.019256294695459506,0,1,
5391,5.391,0.0,0.018317154121178097,0,1,
5392,5.392,0.0,0.017423815973179123,0,1,
5393,5.393,0.0,0.016574046440773524,0,1,
5394,5.394,0.0,0.015765720657505106,0,1,
5395,5.3950000000000005,0.0,0.0149968173878776,0,1,
5396,5.396,0.0,0.014265413973213112,0,1,
5397,5.397,0.0,0.013569681524003953,0,1,
5398,5.398,0.0,0.012907880346736253,0,1,
5399,5.399,0.0,0.012278355593750002,0,1,
5400,5.4,0.0,0.011679533125257937,0,1,3.618955554115285
5401,5.401,0.0,0.011109915573176133,0,1,
5402,5.402,0.0,0.010568078596923854,0,1,
5403,5.4030000000000005,0.0,0.01005266732183019,0,1,
5404,5.404,0.0,0.009562392951241666,0,1,
5405,5.405,0.0,0.009096029543859295,0,1,
5406,5.406,0.0,0.008652410948246769,0,1,
5407,5.407,0.0,0.00823042788684445,0,1,
5408,5.408,0.0,0.007829025182197675,0,1,
5409,5.409,0.0,0.007447199118463492,0,1,
5410,5.41,0.0,0.007083994931598252,0,1,
5411,5.4110000000000005,0.0,0.006738504421950181,0,1,
5412,5.412,0.0,0.006409863683287187,0,1,
5413,5.413,0.0,0.006097250942581298,0,1,
5414,5.414,0.0,0.005799884505148044,0,1,
5415,5.415,0.0,0.0055170208000025825,0,1,
5416,5.416,0.0,0.005247952520544925,0,1,
5417,5.417,0.0,0.00499200685592502,0,1,
5418,5.418,0.0,0.004748543808665176,0,1,
5419,5.4190000000000005,0.0,0.004516954594333004,0,1,
5420,5.42,0.0,0.00429666011926324,0,1,
5421,5.421,0.0,0.004087109532521941,0,1,
5422,5.422,0.0,0.003887778848492228,0,1,
5423,5.423,0.0,0.003698169636637311,0,1,
5424,5.424,0.0,0.0035178077751645237,0,1,
5425,5.425,0.0,0.003346242265473887,0,1,
5426,5.426,0.0,0.003183044104426691,0,1,
5427,5.4270000000000005,0.0,0.003027805211614192,0,1,
5428,5.428,0.0,0.0028801374089440306,0,1,
5429,5.429,0.0,0.0027396714499928077,0,1,
5430,5.43,0.0,0.0026060560966976952,0,1,
5431,5.431,0.0,0.0024789572410783257,0,1,
5432,5.432,0.0,0.0023580570697928137,0,1,
5433,5.433,0.0,0.002243053269438858,0,1,
5434,5.434,0.0,0.00213365827061277,0,1,
5435,5.4350000000000005,0.0,0.002029598528836174,0,1,
5436,5.436,0.0,0.0019306138405523299,0,1,
5437,5.437,0.0,0.001836456692481706,0,1,
5438,5.438,0.0,0.001746891642709858,0,1,
5439,5.439,0.0,0.0016616947319600052,0,1,
5440,5.44,0.0,0.001580652923578184,0,1,
5441,5.441,0.0,0.0015035635708306472,0,1,
5442,5.442,0.0,0.001430233910181475,0,1,
5443,5.4430000000000005,0.0,0.0013604805792833304,0,1,
5444,5.444,0.0,0.0012941291584760803,0,1,
5445,5.445,0.0,0.0012310137346467952,0,1,
5446,5.446,0.0,0.0011709764863605456,0,1,
5447,5.447,0.0,0.00111386728922461,0,1,
5448,5.448,0.0,0.001059543340499296,0,1,
5449,5.449,0.0,0.0010078688020167094,0,1,
5450,5.45,0.0,0.0009587144605145786,0,1,
5451,5.4510000000000005,0.0,0.0009119574045357951,0,1,
5452,5.452,0.0,0.0008674807170857492,0,1,
5453,5.453,0.0,0.0008251731832789439,0,1,
5454,5.454,0.0,0.0007849290122438521,0,1,
5455,5.455,0.0,0.0007466475725906334,0,1,
5456,5.456,0.0,0.0007102331407802433,0,1,
5457,5.457,0.0,0.0006755946617657254,0,1,
5458,5.458,0.0,0.0006426455213071655,0,1,
5459,5.4590000000000005,0.0,0.0006113033293909764,0,1,
5460,5.46,0.0,0.0005814897142119489,0,1,
5461,5.461,0.0,0.0005531301262029168,0,1,
5462,5.462,0.0,0.0005261536516220079,0,1,
5463,5.463,0.0,0.0005004928352313517,0,1,
5464,5.464,0.0,0.0004760835116238494,0,1,
5465,5.465,0.0,0.00045286464477623325,0,1,
5466,5.466,0.0,0.00043077817542721663,0,1,
5467,5.4670000000000005,0.0,0.0004097688758990989,0,1,
5468,5.468,0.0,0.00038978421199980433,0,1,
5469,5.469,0.0,0.00037077421166003817,0,1,
5470,5.47,0.0,0.00035269133997708406,0,1,
5471,5.471,0.0,0.0003354903803527873,0,1,
5472,5.472,0.0,0.0003191283214285075,0,1,
5473,5.473,0.0,0.0003035642495343181,0,1,
5474,5.474,0.0,0.00028875924638352055,0,1,
5475,5.4750000000000005,0.0,0.0002746762917566561,0,1,
5476,5.476,0.0,0.0002612801709316742,0,1,
5477,5.477,0.0,0.00024853738662878466,0,1,
5478,5.478,0.0,0.0002364160752498103,0,1,
5479,5.479,0.0,0.00022488592720259454,0,1,
5480,5.48,0.0,0.00021391811111123348,0,1,
5481,5.481,0.0,0.00020348520172261842,0,1,
5482,5.482,0.0,0.00019356111132901802,0,1,
5483,5.4830000000000005,0.0,0.00018412102453522046,0,1,
5484,5.484,0.0,0.0001751413362071196,0,1,
5485,5.485,0.0,0.00016659959244658443,0,1,
5486,5.486,0.0,0.00015847443444501802,0,1,
5487,5.487,0.0,0.00015074554507521062,0,1,
5488,5.488,0.0,0.00014339359808793902,0,1,
5489,5.489,0.0,0.00013640020978627693,0,1,
5490,5.49,0.0,0.00012974789305677688,0,1,
5491,5.4910000000000005,0.0,0.00012342001364257804,0,1,
5492,5.492,0.0,0.00011740074854909979,0,1,
5493,5.493,0.0,0.00011167504647831323,0,1,
5494,5.494,0.0,0.00010622859019265638,0,1,
5495,5.495,0.0,0.00010104776071448272,0,1,
5496,5.496,0.0,9.611960327152326e-05,0,1,
5497,5.497,0.0,9.143179490320802e-05,0,1,
5498,5.498,0.0,8.697261364684588e-05,0,1,
5499,5.4990000000000006,0.0,8.273090922661216e-05,0,1,
5500,5.5,0.0,7.86960751720511e-05,0,1,3.6197131365504056
5501,5.501,0.0,7.48580222963751e-05,0,1,
5502,5.502,0.0,7.120715346824249e-05,0,1,
5503,5.503,0.0,1.0000677343396138,0,1,
5504,5.5040000000000004,0.0,0.9512938553976038,0,1,
5505,5.505,0.0,0.9048987066009281,0,1,
5506,5.506,0.0,0.8607662759114413,0,1,
5507,5.507,0.0,0.8187862092648631,0,1,
5508,5.508,0.0,0.7788535346281369,0,1,
5509,5.509,0.0,0.7408683995146695,0,1,
5510,5.51,0.0,0.7047358213011041,0,1,
5511,5.511,0.0,0.6703654497212873,0,1,
5512,5.5120000000000005,0.0,0.6376713409435425,0,1,
5513,5.513,0.0,0.6065717426663245,0,1,
5514,5.514,0.0,0.576988889694883,0,1,
5515,5.515,0.0,0.5488488094877696,0,1,
5516,5.516,0.0,0.5220811371869531,0,1,
5517,5.517,0.0,0.49661893966902376,0,1,
5518,5.518,0.0,0.4723985481775203,0,1,
5519,5.519,0.0,0.4493593991178755,0,1,
5520,5.5200000000000005,0.0,0.4274438826168834,0,1,
5521,5.521,0.0,0.40659719846800874,0,1,
5522,5.522,0.0,0.38676721910232653,0,1,
5523,5.523,0.0,0.36790435924244763,0,1,
5524,5.524,0.0,0.3499614519134974,0,1,
5525,5.525,0.0,0.3328936305011105,0,1,
5526,5.526,0.0,0.31665821656152465,0,1,
5527,5.527,0.0,0.30121461310324155,0,1,
5528,5.5280000000000005,0.0,0.2865242030734017,0,1,
5529,5.529,0.0,0.27255025279503764,0,1,
5530,5.53,0.0,0.25925782011374776,0,1,
5531,5.531,0.0,0.24661366702410992,0,1,
5532,5.532,0.0,0.23458617655735478,0,1,
5533,5.533,0.0,0.22314527372247547,0,1,
5534,5.534,0.0,0.21226235030308466,0,1,
5535,5.535,0.0,0.2019101933219722,0,1,
5536,5.5360000000000005,0.0,0.19206291699448752,0,1,
5537,5.537,0.0,0.18269589800059477,0,1,
5538,5.538,0.0,0.17378571391374692,0,1,
5539,5.539,0.0,0.1653100846326192,0,1,
5540,5.54,0.0,0.1572478166692507,0,1,
5541,5.541,0.0,0.14957875015428512,0,1,
5542,5.542,0.0,0.14228370842679672,0,1,
5543,5.543,0.0,0.13534445008264923,0,1,
5544,5.5440000000000005,0.0,0.12874362336148404,0,1,
5545,5.545,0.0,0.12246472275828114,0,1,
5546,5.546,0.0,0.11649204775099926,0,1,
5547,5.547,0.0,0.11081066354109273,0,1,
5548,5.548,0.0,0.10540636370873589,0,1,
5549,5.549,0.0,0.10026563468937379,0,1,
5550,5.55,0.0,0.09537562198277186,0,1,
5551,5.551,0.0,0.09072409801006973,0,1,
5552,5.5520000000000005,0.0,0.086299431538465,0,1,
5553,5.553,0.0,0.08209055859707283,0,1,
5554,5.554,0.0,0.07808695481123573,0,1,
5555,5.555,0.0,0.07427860908610502,0,1,
5556,5.556,0.0,0.07065599857368919,0,1,
5557,5.557,0.0,0.06721006486077363,0,1,
5558,5.558,0.0,0.06393219131816937,0,1,
5559,5.559,0.0,0.06081418155465179,0,1,
5560,5.5600000000000005,0.0,0.05784823892171336,0,1,
5561,5.561,0.0,0.0550269470178812,0,1,
5562,5.562,0.0,0.05234325114385042,0,1,
5563,5.563,0.0,0.049790440662061175,0,1,
5564,5.564,0.0,0.0473621322166094,0,1,
5565,5.565,0.0,0.04505225377153208,0,1,
5566,5.566,0.0,0.042855029427554585,0,1,
5567,5.567,0.0,0.04076496497933391,0,1,
5568,5.5680000000000005,0.0,0.03877683417708356,0,1,
5569,5.569,0.0,0.03688566565822681,0,1,
5570,5.57,0.0,0.03508673051640084,0,1,
5571,5.571,0.0,0.033375530476727616,0,1,
5572,5.572,0.0,0.03174778664778365,0,1,
5573,5.573,0.0,0.030199428822142698,0,1,
5574,5.574,0.0,0.028726585298737076,0,1,
5575,5.575,0.0,0.02732557320158834,0,1,
5576,5.5760000000000005,0.0,0.02599288927069901,0,1,
5577,5.577,0.0,0.024725201102077803,0,1,
5578,5.578,0.0,0.02351933881499389,0,1,
5579,5.579,0.0,0.022372287125623943,0,1,
5580,5.58,0.0,0.021281177807271998,0,1,
5581,5.581,0.0,0.02024328251830871,0,1,
5582,5.582,0.0,0.01925600597989616,0,1,
5583,5.583,0.0,0.018316879486438932,0,1,
5584,5.5840000000000005,0.0,0.01742355473253424,0,1,
5585,5.585,0.0,0.016573797940985235,0,1,
5586,5.586,0.0,0.015765484277194503,0,1,
5587,5.587,0.0,0.014996592535970783,0,1,
5588,5.588,0.0,0.014265200087463192,0,1,
5589,5.589,0.0,0.013569478069585148,0,1,
5590,5.59,0.0,0.01290768681490654,0,1,
5591,5.591,0.0,0.012278171500579003,0,1,
5592,5.5920000000000005,0.0,0.011679358010416833,0,1,
5593,5.593,0.0,0.011109748998786608,0,1,
5594,5.594,0.0,0.01056792014646317,0,1,
5595,5.595,0.0,0.010052516599089662,0,1,
5596,5.596,0.0,0.009562249579335935,0,1,
5597,5.597,0.0,0.009095893164283917,0,1,
5598,5.598,0.0,0.008652281219981768,0,1,
5599,5.599,0.0,0.008230304485501593,0,1,
5600,5.6000000000000005,0.0,0.007828907799209325,0,1,3.619536433327608
5601,5.601,0.0,0.007447087460311037,0,1,
5602,5.602,0.0,0.007083888719078152,0,1,
5603,5.603,0.0,0.0067384033894758106,0,1,
5604,5.604,0.0,0.006409767578224736,0,1,
5605,5.605,0.0,0.006097159524618051,0,1,
5606,5.606,0.0,0.005799797545691475,0,1,
5607,5.607,0.0,0.005516938081608755,0,1,
5608,5.6080000000000005,0.0,0.005247873836374769,0,1,
5609,5.609,0.0,0.004991932009227126,0,1,
5610,5.61,0.0,0.004748472612283812,0,1,
5611,5.611,0.0,0.004516886870240133,0,1,
5612,5.612,0.0,0.004296595698113353,0,1,
5613,5.613,0.0,0.0040870482532286085,0,1,
5614,5.614,0.0,0.0038877205578252976,0,1,
5615,5.615,0.0,0.0036981141888397526,0,1,
5616,5.6160000000000005,0.0,0.0035177550315879627,0,1,
5617,5.617,0.0,0.0033461920942319087,0,1,
5618,5.618,0.0,0.0031829963800650576,0,1,
5619,5.619,0.0,0.003027759814797141,0,1,
5620,5.62,0.0,0.002880094226155873,0,1,
5621,5.621,0.0,0.0027396303732540803,0,1,
5622,5.622,0.0,0.0026060170232951553,0,1,
5623,5.623,0.0,0.0024789200733081143,0,1,
5624,5.6240000000000006,0.0,0.0023580217147161453,0,1,
5625,5.625,0.0,0.0022430196386496255,0,1,
5626,5.626,0.0,0.0021336262800164827,0,1,
5627,5.627,0.0,0.002029568098439678,0,1,
5628,5.628,0.0,0.0019305848942637834,0,1,
5629,5.6290000000000004,0.0,0.0018364291579203106,0,1,
5630,5.63,0.0,0.0017468654510248679,0,1,
5631,5.631,0.0,0.0016616698176585654,0,1,
5632,5.632,0.0,0.0015806292243615635,0,1,
5633,5.633,0.0,0.00150354102743846,0,1,
5634,5.634,0.0,0.0014302124662434986,0,1,
5635,5.635,0.0,0.00136046018117855,0,1,
5636,5.636,0.0,0.0012941097551986093,0,1,
5637,5.6370000000000005,0.0,0.001230995277678333,0,1,
5638,5.638,0.0,0.0011709589295490572,0,1,
5639,5.639,0.0,0.0011138505886689218,0,1,
5640,5.64,0.0,0.00105952745443932,0,1,
5641,5.641,0.0,0.0010078536907290208,0,1,
5642,5.642,0.0,0.0009587000862130871,0,1,
5643,5.643,0.0,0.0009119437312772597,0,1,
5644,5.644,0.0,0.0008674677106799016,0,1,
5645,5.6450000000000005,0.0,0.0008251608112029947,0,1,
5646,5.646,0.0,0.000784917243561167,0,1,
5647,5.647,0.0,0.0007466363778733757,0,1,
5648,5.648,0.0,0.0007102224920357888,0,1,
5649,5.649,0.0,0.0006755845323666663,0,1,
5650,5.65,0.0,0.000642635885924728,0,1,
5651,5.651,0.0,0.0006112941639316856,0,1,
5652,5.652,0.0,0.0005814809957573824,0,1,
5653,5.6530000000000005,0.0,0.000553121832952397,0,1,
5654,5.654,0.0,0.0005261457628380887,0,1,
5655,5.655,0.0,0.0005004853311879643,0,1,
5656,5.656,0.0,0.0004760763735569765,0,1,
5657,5.657,0.0,0.0004528578548369897,0,1,
5658,5.658,0.0,0.0004307717166372176,0,1,
5659,5.659,0.0,0.00040976273210800517,0,1,
5660,5.66,0.0,0.000389778367844938,0,1,
5661,5.6610000000000005,0.0,0.000370768652527968,0,1,
5662,5.662,0.0,0.00035268605196708423,0,1,
5663,5.663,0.0,0.00033548535024207845,0,1,
5664,5.664,0.0,0.00031912353663919276,0,1,
5665,5.665,0.0,0.00030355969810193185,0,1,
5666,5.666,0.0,0.0002887549169271111,0,1,
5667,5.667,0.0,0.0002746721734503274,0,1,
5668,5.668,0.0,0.00026127625347751525,0,1,
5669,5.6690000000000005,0.0,0.0002485336602311195,0,1,
5670,5.67,0.0,0.0002364125305907038,0,1,
5671,5.671,0.0,0.00022488255541855263,0,1,
5672,5.672,0.0,0.00021391490377103975,0,1,
5673,5.673,0.0,0.00020348215080625176,0,1,
5674,5.674,0.0,0.00019355820920759835,0,1,
5675,5.675,0.0,0.0001841182639519326,0,1,
5676,5.676,0.0,0.0001751387102590674,0,1,
5677,5.6770000000000005,0.0,0.00016659709456752999,0,1,
5678,5.678,0.0,0.00015847205838896258,0,1,
5679,5.679,0.0,0.00015074328490077642,0,1,
5680,5.68,0.0,0.00014339144814351273,0,1,
5681,5.681,0.0,0.0001363981646958776,0,1,
5682,5.682,0.0,0.00012974594770661326,0,1,
5683,5.683,0.0,0.00012341816316826146,0,1,
5684,5.684,0.0,0.00011739898832348057,0,1,
5685,5.6850000000000005,0.0,0.00011167337209991047,0,1,
5686,5.686,0.0,0.00010622699747465193,0,1,
5687,5.687,0.0,0.00010104624567425196,0,1,
5688,5.688,0.0,9.611816212067645e-05,0,1,
5689,5.689,0.0,9.143042403811739e-05,0,1,
5690,5.69,0.0,8.697130963963466e-05,0,1,
5691,5.691,0.0,8.272966881658308e-05,0,1,
5692,5.692,0.0,7.869489525753299e-05,0,1,
5693,5.6930000000000005,0.0,7.485689992696707e-05,0,1,
5694,5.694,0.0,7.120608583743642e-05,0,1,
5695,5.695,0.0,6.77333240520931e-05,0,1,
5696,5.696,0.0,6.442993085759289e-05,0,1,
5697,5.697,0.0,6.128764605028888e-05,0,1,
5698,5.698,0.0,5.829861228141975e-05,0,1,
5699,5.699,0.0,5.5455355409645165e-05,0,1,
5700,5.7,0.0,5.2750765811799325e-05,0,1,3.6096703320108743
5701,5.7010000000000005,0.0,5.017808060512981e-05,0,1,
5702,5.702,0.0,4.773086673656807e-05,0,1,
5703,5.703,0.0,4.540300489674592e-05,0,1,
5704,5.704,0.0,1.0000431886742185,0,1,
5705,5.705,0.0,0.9512705068384358,0,1,
5706,5.706,0.0,0.9048764967644278,0,1,
5707,5.707,0.0,0.8607451492614488,0,1,
5708,5.708,0.0,0.8187661129737491,0,1,
5709,5.7090000000000005,0.0,0.778834418444706,0,1,
5710,5.71,0.0,0.740850215638506,0,1,
5711,5.711,0.0,0.7047185242630459,0,1,
5712,5.712,0.0,0.6703489962697297,0,1,
5713,5.713,0.0,0.6376556899362862,0,1,
5714,5.714,0.0,0.6065568549676993,0,1,
5715,5.715,0.0,0.5769747280778876,0,1,
5716,5.716,0.0,0.548835338540985,0,1,
5717,5.7170000000000005,0.0,0.5220683232259957,0,1,
5718,5.718,0.0,0.4966067506523167,0,1,
5719,5.719,0.0,0.4723869536261728,0,1,
5720,5.72,0.0,0.4493483700394698,0,1,
5721,5.721,0.0,0.42743339143297876,0,1,
5722,5.722,0.0,0.4065872189451808,0,1,
5723,5.723,0.0,0.3867577262865701,0,1,
5724,5.724,0.0,0.36789532939677877,0,1,
5725,5.7250000000000005,0.0,0.34995286245859847,0,1,
5726,5.726,0.0,0.33288545995887014,0,1,
5727,5.727,0.0,0.3166504445013315,0,1,
5728,5.728,0.0,0.30120722009089684,0,1,
5729,5.729,0.0,0.2865171706225237,0,1,
5730,5.73,0.0,0.27254356332083607,0,1,
5731,5.731,0.0,0.2592514568890528,0,1,
5732,5.732,0.0,0.2466076141375454,0,1,
5733,5.7330000000000005,0.0,0.23458041887355144,0,1,
5734,5.734,0.0,0.22313979684422477,0,1,
5735,5.735,0.0,0.21225714053533817,0,1,
5736,5.736,0.0,0.2019052376375969,0,1,
5737,5.737,0.0,0.1920582030016912,0,1,
5738,5.738,0.0,0.18269141391194005,0,1,
5739,5.739,0.0,0.17378144851667646,0,1,
5740,5.74,0.0,0.1653060272614186,0,1,
5741,5.7410000000000005,0.0,0.15724395717837855,0,1,
5742,5.742,0.0,0.14957507889300395,0,1,
5743,5.743,0.0,0.14228021621504106,0,1,
5744,5.744,0.0,0.13534112818807068,0,1,
5745,5.745,0.0,0.12874046347761584,0,1,
5746,5.746,0.0,0.1224617169837677,0,1,
5747,5.747,0.0,0.11648918856983867,0,1,
5748,5.748,0.0,0.11080794380384279,0,1,
5749,5.7490000000000006,0.0,0.10540377661463683,0,1,
5750,5.75,0.0,0.10026317376934281,0,1,
5751,5.751,0.0,0.09537328108322704,0,1,
5752,5.752,0.0,0.09072187127754289,0,1,
5753,5.753,0.0,0.08629731340496498,0,1,
5754,5.7540000000000004,0.0,0.08208854376616259,0,1,
5755,5.755,0.0,0.07808503824478852,0,1,
5756,5.756,0.0,0.07427678599170642,0,1,
5757,5.757000000000001,0.0,0.0706542643926536,0,1,
5758,5.758,0.0,0.06720841525674517,0,1,
5759,5.759,0.0,0.06393062216627872,0,1,
5760,5.76,0.0,0.0608126889312019,0,1,
5761,5.761,0.0,0.057846819094368125,0,1,
5762,5.7620000000000005,0.0,0.05502559643633271,0,1,
5763,5.763,0.0,0.0523419664309413,0,1,
5764,5.764,0.0,0.04978921860533998,0,1,
5765,5.765,0.0,0.04736096976029779,0,1,
5766,5.766,0.0,0.04505114800888379,0,1,
5767,5.767,0.0,0.042853977593587014,0,1,
5768,5.768,0.0,0.040763964443914266,0,1,
5769,5.769,0.0,0.03877588243835214,0,1,
5770,5.7700000000000005,0.0,0.03688476033634105,0,1,
5771,5.771,0.0,0.03508586934758446,0,1,
5772,5.772,0.0,0.03337471130761001,0,1,
5773,5.773,0.0,0.031747007430015343,0,1,
5774,5.774,0.0,0.030198687607273386,0,1,
5775,5.775,0.0,0.028725880233343506,0,1,
5776,5.776,0.0,0.02732490252263978,0,1,
5777,5.777,0.0,0.025992251301148746,0,1,
5778,5.7780000000000005,0.0,0.024724594246669656,0,1,
5779,5.779,0.0,0.023518761556273242,0,1,
5780,5.78,0.0,0.022371738020143313,0,1,
5781,5.781,0.0,0.021280655481981665,0,1,
5782,5.782,0.0,0.020242785667123384,0,1,
5783,5.783,0.0,0.019255533360429077,0,1,
5784,5.784,0.0,0.01831642991689525,0,1,
5785,5.785,0.0,0.01742312708875593,0,1,
5786,5.7860000000000005,0.0,0.016573391153640104,0,1,
5787,5.787,0.0,0.0157650973291023,0,1,
5788,5.788,0.0,0.014996224459559724,0,1,
5789,5.789,0.0,0.014264849962350527,0,1,
5790,5.79,0.0,0.013569145020275723,0,1,
5791,5.791,0.0,0.012907370008603605,0,1,
5792,5.792,0.0,0.012277870145101783,0,1,
5793,5.793,0.0,0.011679071352219668,0,1,
5794,5.7940000000000005,0.0,0.01110947632107469,0,1,
5795,5.795,0.0,0.010567660767400186,0,1,
5796,5.796,0.0,0.010052269870092853,0,1,
5797,5.797,0.0,0.009562014883454291,0,1,
5798,5.798,0.0,0.009095669914655487,0,1,
5799,5.799,0.0,0.008652068858366198,0,1,
5800,5.8,0.0,0.008230102480884228,0,1,3.6136708842230116
5801,5.801,0.0,0.007828715646473403,0,1,
5802,5.8020000000000005,0.0,0.00744690467897463,0,1,
5803,5.803,0.0,0.007083714852092712,0,1,
5804,5.804,0.0,0.006738238002083311,0,1,
5805,5.805,0.0,0.006409610256870549,0,1,
5806,5.806,0.0,0.006097009875916846,0,1,
5807,5.807,0.0,0.005799655195443551,0,1,
5808,5.808,0.0,0.005516802673864345,0,1,
5809,5.809,0.0,0.005247745032543981,0,1,
5810,5.8100000000000005,0.0,0.004991809487233292,0,1,
5811,5.811,0.0,0.0047483560657581286,0,1,
5812,5.812,0.0,0.004516776007755579,0,1,
5813,5.813,0.0,0.004296490242455972,0,1,
5814,5.814,0.0,0.004086947940704327,0,1,
5815,5.815,0.0,0.0038876251376005555,0,1,
5816,5.816,0.0,0.0036980234223142855,0,1,
5817,5.817,0.0,0.0035176686917981785,0,1,
5818,5.8180000000000005,0.0,0.003346109965283361,0,1,
5819,5.819,0.0,0.0031829182565925956,0,1,
5820,5.82,0.0,0.003027685501451391,0,1,
5821,5.821,0.0,0.002880023537114762,0,1,
5822,5.822,0.0,0.002739563131758186,0,1,
5823,5.823,0.0,0.002605953061205713,0,1,
5824,5.824,0.0,0.0024788592306865843,0,1,
5825,5.825,0.0,0.0023579638394242825,0,1,
5826,5.8260000000000005,0.0,0.002242964585969054,0,1,
5827,5.827,0.0,0.0021335739122868257,0,1,
5828,5.828,0.0,0.0020295182847143343,0,1,
5829,5.829,0.0,0.0019305375099824924,0,1,
5830,5.83,0.0,0.0018363840845976877,0,1,
5831,5.831,0.0,0.001746822575954129,0,1,
5832,5.832,0.0,0.001661629033629701,0,1,
5833,5.833,0.0,0.0015805904293932581,0,1,
5834,5.8340000000000005,0.0,0.0015035041245230853,0,1,
5835,5.835,0.0,0.0014301773631045444,0,1,
5836,5.836,0.0,0.0013604267900398845,0,1,
5837,5.837,0.0,0.0012940779925649931,0,1,
5838,5.838,0.0,0.0012309650641266377,0,1,
5839,5.839,0.0,0.0011709301895296662,0,1,
5840,5.84,0.0,0.0011138232503168164,0,1,
5841,5.841,0.0,0.00105950144939438,0,1,
5842,5.8420000000000005,0.0,0.0010078289539650885,0,1,
5843,5.843,0.0,0.0009586765558753676,0,1,
5844,5.844,0.0,0.0009119213485276526,0,1,
5845,5.845,0.0,0.000867446419549874,0,1,
5846,5.846,0.0,0.0008251405584536316,0,1,
5847,5.847,0.0,0.0007848979785500457,0,1,
5848,5.848,0.0,0.0007466180524279337,0,1,
5849,5.849,0.0,0.0007102050603328674,0,1,
5850,5.8500000000000005,0.0,0.0006755679508179284,0,1,
5851,5.851,0.0,0.0006426201130676647,0,1,
5852,5.852,0.0,0.0006112791603259385,0,1,
5853,5.853,0.0,0.0005814667238861222,0,1,
5854,5.854,0.0,0.0005531082571285116,0,1,
5855,5.855,0.0,0.000526132849114947,0,1,
5856,5.856,0.0,0.000500473047274532,0,1,
5857,5.857,0.0,0.0004760646887370717,0,1,
5858,5.8580000000000005,0.0,0.0004528467398924763,0,1,
5859,5.859,0.0,0.00043076114377494474,0,1,
5860,5.86,0.0,0.00040975267489031,0,1,
5861,5.861,0.0,0.00038976880112353776,0,1,
5862,5.862,0.0,0.00037075955238107607,0,1,
5863,5.863,0.0,0.0003526773956395933,0,1,
5864,5.864,0.0,0.00033547711608866097,0,1,
5865,5.865,0.0,0.0003191157040701762,0,1,
5866,5.8660000000000005,0.0,0.00030355224753181385,0,1,
5867,5.867,0.0,0.00028874782972558555,0,1,
5868,5.868,0.0,0.0002746654318956989,0,1,
5869,5.869,0.0,0.00026126984071238573,0,1,
5870,5.87,0.0,0.0002485275602202359,0,1,
5871,5.871,0.0,0.00023640672808086154,0,1,
5872,5.872,0.0,0.0002248770359004547,0,1,
5873,5.873,0.0,0.00021390965344301593,0,1,
5874,5.8740000000000006,0.0,0.0002034771565397472,0,1,
5875,5.875,0.0,0.00019355345851434542,0,1,
5876,5.876,0.0,0.00018411374495272363,0,1,
5877,5.877,0.0,0.00017513441165405055,0,1,
5878,5.878,0.0,0.00016659300560795365,0,1,
5879,5.8790000000000004,0.0,0.00015846816885029796,0,1,
5880,5.88,0.0,0.00015073958505715091,0,1,
5881,5.881,0.0,0.00014338792874339008,0,1,
5882,5.882000000000001,0.0,0.00013639481693892433,0,1,
5883,5.883,0.0,0.00012974276322169322,0,1,
5884,5.884,0.0,0.00012341513399250365,0,1,
5885,5.885,0.0,0.00011739610688236776,0,1,
5886,5.886,0.0,0.00011167063118833899,0,1,
5887,5.8870000000000005,0.0,0.00010622439023891518,0,1,
5888,5.888,0.0,0.00010104376559490254,0,1,
5889,5.889,0.0,9.611580299622419e-05,0,1,
5890,5.89,0.0,9.142817996952234e-05,0,1,
5891,5.891,0.0,8.696917501555644e-05,0,1,
5892,5.892,0.0,8.272763829934962e-05,0,1,
5893,5.893,0.0,7.869296376979357e-05,0,1,
5894,5.894,0.0,7.485506263899627e-05,0,1,
5895,5.8950000000000005,0.0,7.120433815505732e-05,0,1,
5896,5.896,0.0,6.773166160518941e-05,0,1,
5897,5.897,0.0,6.442834948918142e-05,0,1,
5898,5.898,0.0,6.128614180612492e-05,0,1,
5899,5.899,0.0,5.829718140010935e-05,0,1,
5900,5.9,0.0,5.545399431323975e-05,0,1,3.6137417297133445
5901,5.901,0.0,5.2749471096848915e-05,0,1,
5902,5.902,0.0,5.017684903417264e-05,0,1,
5903,5.9030000000000005,0.0,4.772969523003525e-05,0,1,
5904,5.904,0.0,4.54018905252609e-05,0,1,
5905,5.905,0.0,4.318761419558835e-05,0,1,
5906,5.906,0.0,1.0000410813293967,0,1,
5907,5.907,0.0,0.9512685022700338,0,1,
5908,5.908,0.0,0.9048745899599804,0,1,
5909,5.909,0.0,0.8607433354529517,0,1,
5910,5.91,0.0,0.8187643876257362,0,1,
5911,5.9110000000000005,0.0,0.7788327772429086,0,1,
5912,5.912,0.0,0.7408486544790647,0,1,
5913,5.913,0.0,0.704717039242249,0,1,
5914,5.914,0.0,0.6703475836742516,0,1,
5915,5.915,0.0,0.6376543462339026,0,1,
5916,5.916,0.0,0.6065555767984542,0,1,
5917,5.917,0.0,0.5769735122456922,0,1,
5918,5.918,0.0,0.5488341820056254,0,1,
5919,5.9190000000000005,0.0,0.5220672230955312,0,1,
5920,5.92,0.0,0.49660570417584804,0,1,
5921,5.921,0.0,0.4723859581869638,0,1,
5922,5.922,0.0,0.4493474231484039,0,1,
5923,5.923,0.0,0.4274324907223351,0,1,
5924,5.924,0.0,0.4065863621627136,0,1,
5925,5.925,0.0,0.38675691128987694,0,1,
5926,5.926,0.0,0.36789455414794336,0,1,
5927,5.9270000000000005,0.0,0.34995212501909495,0,1,
5928,5.928,0.0,0.3328847584847156,0,1,
5929,5.929,0.0,0.3166497772384752,0,1,
5930,5.93,0.0,0.30120658537083406,0,1,
5931,5.931,0.0,0.28651656685812366,0,1,
5932,5.932,0.0,0.27254298900237334,0,1,
5933,5.933,0.0,0.25925091058043204,0,1,
5934,5.934,0.0,0.24660709447271043,0,1,
5935,5.9350000000000005,0.0,0.23457992455306956,0,1,
5936,5.936,0.0,0.22313932663203728,0,1,
5937,5.937,0.0,0.21225669325566968,0,1,
5938,5.938,0.0,0.20190481217201525,0,1,
5939,5.939,0.0,0.19205779828631084,0,1,
5940,5.94,0.0,0.1826910289347617,0,1,
5941,5.941,0.0,0.17378108231505665,0,1,
5942,5.942,0.0,0.16530567891966255,0,1,
5943,5.9430000000000005,0.0,0.15724362582545043,0,1,
5944,5.944,0.0,0.14957476370034883,0,1,
5945,5.945,0.0,0.14227991639451312,0,1,
5946,5.946,0.0,0.13534084298996243,0,1,
5947,5.947,0.0,0.12874019218878346,0,1,
5948,5.948,0.0,0.12246145892584781,0,1,
5949,5.949,0.0,0.11648894309755203,0,1,
5950,5.95,0.0,0.11080771030338084,0,1,
5951,5.9510000000000005,0.0,0.1054035545021268,0,1,
5952,5.952,0.0,0.10026296248938772,0,1,
5953,5.953,0.0,0.09537308010751695,0,1,
5954,5.954,0.0,0.09072168010353385,0,1,
5955,5.955,0.0,0.08629713155462237,0,1,
5956,5.956,0.0,0.08208837078476584,0,1,
5957,5.957,0.0,0.07808487369979404,0,1,
5958,5.958,0.0,0.07427662947166602,0,1,
5959,5.9590000000000005,0.0,0.07065411550618564,0,1,
5960,5.96,0.0,0.06720827363155595,0,1,
5961,5.961,0.0,0.06393048744823147,0,1,
5962,5.962,0.0,0.06081256078343135,0,1,
5963,5.963,0.0,0.05784669719643809,0,1,
5964,5.964,0.0,0.05502548048343487,0,1,
5965,5.965,0.0,0.052341856133133025,0,1,
5966,5.966,0.0,0.04978911368681929,0,1,
5967,5.9670000000000005,0.0,0.04736086995871374,0,1,
5968,5.968,0.0,0.04505105307468043,0,1,
5969,5.969,0.0,0.04285388728937939,0,1,
5970,5.97,0.0,0.04076387854389482,0,1,
5971,5.971,0.0,0.03877580072772607,0,1,
5972,5.972,0.0,0.03688468261078924,0,1,
5973,5.973,0.0,0.03508579541275254,0,1,
5974,5.974,0.0,0.033374640978622395,0,1,
5975,5.9750000000000005,0.0,0.03174694053101293,0,1,
5976,5.976,0.0,0.03019862397097382,0,1,
5977,5.977,0.0,0.028725819700622893,0,1,
5978,5.978,0.0,0.027324844942134788,0,1,
5979,5.979,0.0,0.02599219652887812,0,1,
5980,5.98,0.0,0.02472454214567419,0,1,
5981,5.981,0.0,0.023518711996273308,0,1,
5982,5.982,0.0,0.022371690877213097,0,1,
5983,5.9830000000000005,0.0,0.02128061063823929,0,1,
5984,5.984,0.0,0.02024274301043613,0,1,
5985,5.985,0.0,0.01925549278413301,0,1,
5986,5.986,0.0,0.018316391319528495,0,1,
5987,5.987,0.0,0.017423090373804965,0,1,
5988,5.988,0.0,0.01657335622929843,0,1,
5989,5.989,0.0,0.015765064108040867,0,1,
5990,5.99,0.0,0.014996192858708577,0,1,
5991,5.9910000000000005,0.0,0.014264819902691076,0,1,
5992,5.992,0.0,0.013569116426643164,0,1,
5993,5.993,0.0,0.012907342809498963,0,1,
5994,5.994,0.0,0.012277844272513128,0,1,
5995,5.995,0.0,0.011679046741452051,0,1,
5996,5.996,0.0,0.011109452910588374,0,1,
5997,5.997,0.0,0.010567638498656762,0,1,
5998,5.998,0.0,0.010052248687408862,0,1,
5999,5.9990000000000006,0.0,0.00956199473386199,0,1,
6000,6.0,0.0,0.009095650747770398,0,1,3.6143484401774457
6001,6.001,0.0,0.008652050626261124,0,1,
6002,6.002,0.0,0.008230085137969412,0,1,
6003,6.003,0.0,0.007828699149382523,0,1,
6004,6.0040000000000004,0.0,0.007446888986456367,0,1,
6005,6.005,0.0,0.0070836999249075955,0,1,
6006,6.006,0.0,0.006738223802905603,0,1,
6007,6.007000000000001,0.0,0.006409596750194909,0,1,
6008,6.008,0.0,0.00609699702796955,0,1,
6009,6.009,0.0,0.005799642974098039,0,1,
6010,6.01,0.0,0.005516791048560887,0,1,
6011,6.011,0.0,0.005247733974213263,0,1,
6012,6.0120000000000005,0.0,0.004991798968223727,0,1,
6013,6.013,0.0,0.004748346059766714,0,1,
6014,6.014,0.0,0.004516766489762124,0,1,
6015,6.015000000000001,0.0,0.0042964811886605355,0,1,
6016,6.016,0.0,0.004086939328467705,0,1,
6017,6.017,0.0,0.0038876169453876696,0,1,
6018,6.018,0.0,0.0036980156296403366,0,1,
6019,6.019,0.0,0.003517661279177423,0,1,
6020,6.0200000000000005,0.0,0.0033461029141803856,0,1,
6021,6.021,0.0,0.00318291154937597,0,1,
6022,6.022,0.0,0.0030276791213495803,0,1,
6023,6.023,0.0,0.0028800174681741886,0,1,
6024,6.024,0.0,0.002739557358803337,0,1,
6025,6.025,0.0,0.0026059475698011945,0,1,
6026,6.026,0.0,0.0024788540071010246,0,1,
6027,6.027,0.0,0.0023579588705959966,0,1,
6028,6.0280000000000005,0.0,0.0022429598594733836,0,1,
6029,6.029,0.0,0.002133569416305069,0,1,
6030,6.03,0.0,0.002029514008004195,0,1,
6031,6.031,0.0,0.001930533441849968,0,1,
6032,6.032,0.0,0.0018363802148703278,0,1,
6033,6.033,0.0,0.0017468188949555995,0,1,
6034,6.034,0.0,0.0016616255321555882,0,1,
6035,6.035,0.0,0.0015805870986880528,0,1,
6036,6.0360000000000005,0.0,0.0015035009562582896,0,1,
6037,6.037,0.0,0.001430174349357846,0,1,
6038,6.038,0.0,0.001360423923275347,0,1,
6039,6.039,0.0,0.0012940752656142118,0,1,
6040,6.04,0.0,0.0012309624701708154,0,1,
6041,6.041,0.0,0.0011709277220825621,0,1,
6042,6.042,0.0,0.0011138209032085277,0,1,
6043,6.043,0.0,0.0010594992167559133,0,1,
6044,6.0440000000000005,0.0,0.0010078268302136848,0,1,
6045,6.045,0.0,0.0009586745357005422,0,1,
6046,6.046,0.0,0.0009119194268779159,0,1,
6047,6.047,0.0,0.0008674445916201009,0,1,
6048,6.048,0.0,0.0008251388196730455,0,1,
6049,6.049,0.0,0.0007848963245707895,0,1,
6050,6.05,0.0,0.0007466164791141977,0,1,
6051,6.051,0.0,0.0007102035637505476,0,1,
6052,6.0520000000000005,0.0,0.0006755665272247896,0,1,
6053,6.053,0.0,0.0006426187589039826,0,1,
6054,6.054,0.0,0.0006112778722055985,0,1,
6055,6.055,0.0,0.0005814654985881524,0,1,
6056,6.056,0.0,0.000553107091589029,0,1,
6057,6.057,0.0,0.0005261317404194957,0,1,
6058,6.058,0.0,0.0005004719926507959,0,1,
6059,6.059,0.0,0.0004760636855479422,0,1,
6060,6.0600000000000005,0.0,0.0004528457856294579,0,1,
6061,6.061,0.0,0.000430760236051883,0,1,
6062,6.062,0.0,0.0004097518114374244,0,1,
6063,6.063,0.0,0.0003897679797817463,0,1,
6064,6.064,0.0,0.00037075877109659646,0,1,
6065,6.065,0.0,0.0003526766524588074,0,1,
6066,6.066,0.0,0.0003354764091532297,0,1,
6067,6.067,0.0,0.0003191150316123928,0,1,
6068,6.0680000000000005,0.0,0.00030355160787018355,0,1,
6069,6.069,0.0,0.0002887472212606211,0,1,
6070,6.07,0.0,0.00027466485310592096,0,1,
6071,6.071,0.0,0.00026126929015051837,0,1,
6072,6.072,0.0,0.00024852703650958763,0,1,
6073,6.073,0.0,0.00023640622991188297,0,1,
6074,6.074,0.0,0.00022487656202746392,0,1,
6075,6.075,0.0,0.00021390920268108361,0,1,
6076,6.0760000000000005,0.0,0.00020347672776173376,0,1,
6077,6.077,0.0,0.00019355305064808247,0,1,
6078,6.078,0.0,0.00018411335697833303,0,1,
6079,6.079,0.0,0.00017513404260139425,0,1,
6080,6.08,0.0,0.00016659265455420778,0,1,
6081,6.081,0.0,0.00015846783491764533,0,1,
6082,6.082,0.0,0.0001507392674105859,0,1,
6083,6.083,0.0,0.00014338762658863086,0,1,
6084,6.0840000000000005,0.0,0.0001363945295204266,0,1,
6085,6.085,0.0,0.00012974248982076104,0,1,
6086,6.086,0.0,0.00012341487392549227,0,1,
6087,6.087,0.0,0.00011739585949897419,0,1,
6088,6.088,0.0,0.0001116703958699759,0,1,
6089,6.089,0.0,0.00010622416639716409,0,1,
6090,6.09,0.0,0.00010104355267004248,0,1,
6091,6.091,0.0,9.61156004558321e-05,0,1,
6092,6.0920000000000005,0.0,9.142798730714173e-05,0,1,
6093,6.093,0.0,8.696899174943102e-05,0,1,
6094,6.094,0.0,8.27274639712186e-05,0,1,
6095,6.095,0.0,7.869279794374583e-05,0,1,
6096,6.096,0.0,7.485490490038031e-05,0,1,
6097,6.097,0.0,7.120418810944443e-05,0,1,
6098,6.098,0.0,6.773151887738742e-05,0,1,
6099,6.099,0.0,6.442821372229648e-05,0,1,
6100,6.1000000000000005,0.0,6.128601266066909e-05,0,1,3.6075613293999353
6101,6.101,0.0,5.829705855315173e-05,0,1,
6102,6.102,0.0,5.545387745759894e-05,0,1,
6103,6.103,0.0,5.274935994032496e-05,0,1,
6104,6.104,0.0,5.017674329881633e-05,0,1,
6105,6.105,0.0,4.7729594651453116e-05,0,1,
6106,6.106,0.0,4.540179485195411e-05,0,1,
6107,6.107,0.0,4.3187523188323785e-05,0,1,
6108,6.1080000000000005,0.0,4.1081242828040474e-05,0,1,
6109,6.109,0.0,3.907768697309102e-05,0,1,
6110,6.11,0.0,3.717184569023242e-05,0,1,
6111,6.111,0.0,3.535895338354913e-05,0,1,
6112,6.112,0.0,3.3634476877981016e-05,0,1,
6113,6.113,0.0,3.199410408402445e-05,0,1,
6114,6.114,0.0,1.0000304337332153,0,1,
6115,6.115,0.0,0.9512583739632459,0,1,
6116,6.1160000000000005,0.0,0.9048649556165433,0,1,
6117,6.117,0.0,0.8607341709819887,0,1,
6118,6.118,0.0,0.8187556701112962,0,1,
6119,6.119,0.0,0.7788244848866648,0,1,
6120,6.12,0.0,0.7408407665458072,0,1,
6121,6.121,0.0,0.704709536008036,0,1,
6122,6.122,0.0,0.6703404463770892,0,1,
6123,6.123,0.0,0.6376475570268303,0,1,
6124,6.1240000000000006,0.0,0.606549118704918,0,1,
6125,6.125,0.0,0.5769673691170945,0,1,
6126,6.126,0.0,0.5488283384809448,0,1,
6127,6.127,0.0,0.5220616645629123,0,1,
6128,6.128,0.0,0.4966004167360638,0,1,
6129,6.1290000000000004,0.0,0.4723809286186607,0,1,
6130,6.13,0.0,0.4493426388750415,0,1,
6131,6.131,0.0,0.4274279397807379,0,1,
6132,6.132000000000001,0.0,0.40658203317315716,0,1,
6133,6.133,0.0,0.3867527934276325,0,1,
6134,6.134,0.0,0.3678906371162104,0,1,
6135,6.135,0.0,0.3499483990232538,0,1,
6136,6.136,0.0,0.33288121420783595,0,1,
6137,6.1370000000000005,0.0,0.3166464058180187,0,1,
6138,6.138,0.0,0.30120337837649347,0,1,
6139,6.139,0.0,0.2865135162707427,0,1,
6140,6.140000000000001,0.0,0.2725400871938945,0,1,
6141,6.141,0.0,0.2592481502948227,0,1,
6142,6.142,0.0,0.24660446880781878,0,1,
6143,6.143,0.0,0.23457742694336572,0,1,
6144,6.144,0.0,0.22313695083219606,0,1,
6145,6.1450000000000005,0.0,0.21225443332495397,0,1,
6146,6.146,0.0,0.20190266245942115,0,1,
6147,6.147,0.0,0.1920557534164371,0,1,
6148,6.148,0.0,0.18268908379436852,0,1,
6149,6.149,0.0,0.1737792320402799,0,1,
6150,6.15,0.0,0.1653039188838515,0,1,
6151,6.151,0.0,0.15724195162759877,0,1,
6152,6.152,0.0,0.14957317115408988,0,1,
6153,6.1530000000000005,0.0,0.14227840151765173,0,1,
6154,6.154,0.0,0.13533940199451736,0,1,
6155,6.155,0.0,0.12873882147151552,0,1,
6156,6.156,0.0,0.12246015505924988,0,1,
6157,6.157,0.0,0.11648770282127847,0,1,
6158,6.158,0.0,0.11080653051609492,0,1,
6159,6.159,0.0,0.10540243225374578,0,1,
6160,6.16,0.0,0.10026189497370609,0,1,
6161,6.1610000000000005,0.0,0.09537206465518948,0,1,
6162,6.162,0.0,0.09072071417540077,0,1,
6163,6.163,0.0,0.08629621273536024,0,1,
6164,6.164,0.0,0.08208749677684792,0,1,
6165,6.165,0.0,0.07808404231774525,0,1,
6166,6.166,0.0,0.07427583863659822,0,1,
6167,6.167,0.0,0.07065336324059922,0,1,
6168,6.168,0.0,0.0672075580543951,0,1,
6169,6.1690000000000005,0.0,0.06392980677018058,0,1,
6170,6.17,0.0,0.06081191330244072,0,1,
6171,6.171,0.0,0.057846081293468,0,1,
6172,6.172,0.0,0.05502489461840709,0,1,
6173,6.173,0.0,0.05234129884107981,0,1,
6174,6.174,0.0,0.04978858357422024,0,1,
6175,6.175,0.0,0.04736036570001122,0,1,
6176,6.176,0.0,0.045050573408965025,0,1,
6177,6.1770000000000005,0.0,0.04285343101723697,0,1,
6178,6.178,0.0,0.040763444524407375,0,1,
6179,6.179,0.0,0.03877538787561881,0,1,
6180,6.18,0.0,0.036884289893716844,0,1,
6181,6.181,0.0,0.035085421848717775,0,1,
6182,6.182,0.0,0.03337428563352059,0,1,
6183,6.183,0.0,0.031746602516296234,0,1,
6184,6.184,0.0,0.030198302441429386,0,1,
6185,6.1850000000000005,0.0,0.028725513852259382,0,1,
6186,6.186,0.0,0.027324554010171982,0,1,
6187,6.187,0.0,0.025991919785834573,0,1,
6188,6.188,0.0,0.024724278899548143,0,1,
6189,6.189,0.0,0.023518461588812326,0,1,
6190,6.19,0.0,0.022371452682268096,0,1,
6191,6.191,0.0,0.021280384060198835,0,1,
6192,6.192,0.0,0.020242527482737107,0,1,
6193,6.1930000000000005,0.0,0.019255287767843906,0,1,
6194,6.194,0.0,0.0183161963020018,0,1,
6195,6.195,0.0,0.017422904867395277,0,1,
6196,6.196,0.0,0.0165731797701431,0,1,
6197,6.197,0.0,0.015764896254900095,0,1,
6198,6.198,0.0,0.014996033191862079,0,1,
6199,6.199,0.0,0.01426466802288857,0,1,
6200,6.2,0.0,0.013568971954106033,0,1,3.60358569179876
6201,6.2010000000000005,0.0,0.01290720538297061,0,1,
6202,6.202,0.0,0.012277713548355652,0,1,
6203,6.203,0.0,0.011678922392786966,0,1,
6204,6.204,0.0,0.011109334626479247,0,1,
6205,6.205,0.0,0.010567525983331709,0,1,
6206,6.206,0.0,0.010052141659520963,0,1,
6207,6.207,0.0,0.009561892925785777,0,1,
6208,6.208,0.0,0.009095553904932652,0,1,
6209,6.2090000000000005,0.0,0.008651958506504309,0,1,
6210,6.21,0.0,0.008229997510946151,0,1,
6211,6.211,0.0,0.007828615795979616,0,1,
6212,6.212,0.0,0.0074468096982468895,0,1,
6213,6.213,0.0,0.007083624503629725,0,1,
6214,6.214,0.0,0.0067381520599668595,0,1,
6215,6.215,0.0,0.0064095285062005765,0,1,
6216,6.216,0.0,0.006096932112274096,0,1,
6217,6.2170000000000005,0.0,0.005799581224378411,0,1,
6218,6.218,0.0,0.005516732310410622,0,1,
6219,6.219,0.0,0.00524767810075639,0,1,
6220,6.22,0.0,0.0049917458197475005,0,1,
6221,6.221,0.0,0.00474829550337226,0,1,
6222,6.222,0.0,0.004516718399032124,0,1,
6223,6.223,0.0,0.0042964354433431134,0,1,
6224,6.224,0.0,0.00408689581417574,0,1,
6225,6.2250000000000005,0.0,0.003887575553312766,0,1,
6226,6.226,0.0,0.0036979762562807474,0,1,
6227,6.227,0.0,0.0035176238260792403,0,1,
6228,6.228,0.0,0.0033460672876913554,0,1,
6229,6.229,0.0,0.003182877660411313,0,1,
6230,6.23,0.0,0.0030276468851692323,0,1,
6231,6.231,0.0,0.0028799868041709084,0,1,
6232,6.232,0.0,0.002739528190301144,0,1,
6233,6.2330000000000005,0.0,0.0026059198238636396,0,1,
6234,6.234,0.0,0.002478827614348812,0,1,
6235,6.235,0.0,0.0023579337650334983,0,1,
6236,6.236,0.0,0.0022429359783236163,0,1,
6237,6.237,0.0,0.0021335466998527197,0,1,
6238,6.238,0.0,0.0020294923994463,0,1,
6239,6.239,0.0,0.0019305128871538774,0,1,
6240,6.24,0.0,0.0018363606626385946,0,1,
6241,6.2410000000000005,0.0,0.0017468002962974603,0,1,
6242,6.242,0.0,0.00166160784056471,0,1,
6243,6.243,0.0,0.0015805702699262431,0,1,
6244,6.244,0.0,0.0015034849482448785,0,1,
6245,6.245,0.0,0.0014301591220644615,0,1,
6246,6.246,0.0,0.0013604094386258242,0,1,
6247,6.247,0.0,0.001294061487389382,0,1,
6248,6.248,0.0,0.00123094936391794,0,1,
6249,6.2490000000000006,0.0,0.001170915255029182,0,1,
6250,6.25,0.0,0.0011138090441805157,0,1,
6251,6.251,0.0,0.0010594879360995223,0,1,
6252,6.252,0.0,0.001007816099721398,0,1,
6253,6.253,0.0,0.0009586643285405395,0,1,
6254,6.2540000000000004,0.0,0.0009119097175269808,0,1,
6255,6.255,0.0,0.0008674353557997986,0,1,
6256,6.256,0.0,0.0008251300342890145,0,1,
6257,6.257000000000001,0.0,0.0007848879676549937,0,1,
6258,6.258,0.0,0.0007466085297699948,0,1,
6259,6.259,0.0,0.0007101960021004363,0,1,
6260,6.26,0.0,0.000675559334360706,0,1,
6261,6.261,0.0,0.0006426119168400198,0,1,
6262,6.2620000000000005,0.0,0.0006112713638330327,0,1,
6263,6.263,0.0,0.0005814593076326623,0,1,
6264,6.264,0.0,0.000553101202570001,0,1,
6265,6.265000000000001,0.0,0.0005261261386113148,0,1,
6266,6.266,0.0,0.0005004666640460239,0,1,
6267,6.267,0.0,0.00047605861682229145,0,1,
6268,6.268,0.0,0.00045284096410847424,0,1,
6269,6.269,0.0,0.00043075564967925246,0,1,
6270,6.2700000000000005,0.0,0.0004097474487448265,0,1,
6271,6.271,0.0,0.0003897638298601771,0,1,
6272,6.272,0.0,0.00037075482356909047,0,1,
6273,6.273,0.0,0.0003526728974544897,0,1,
6274,6.274,0.0,0.00033547283728263354,0,1,
6275,6.275,0.0,0.0003191116339439812,0,1,
6276,6.276,0.0,0.00030354837590801576,0,1,
6277,6.277,0.0,0.00028874414692310824,0,1,
6278,6.2780000000000005,0.0,0.0002746619287056179,0,1,
6279,6.279,0.0,0.00026126650837490106,0,1,
6280,6.28,0.0,0.00024852439040276813,0,1,
6281,6.281,0.0,0.0002364037128572159,0,1,
6282,6.282,0.0,0.00022487416773100152,0,1,
6283,6.283,0.0,0.0002139069251558376,0,1,
6284,6.284,0.0,0.00020347456131270471,0,1,
6285,6.285,0.0,0.00019355098985801935,0,1,
6286,6.2860000000000005,0.0,0.00018411139669418728,0,1,
6287,6.287,0.0,0.00017513217792143444,0,1,
6288,6.288,0.0,0.00016659088081576274,0,1,
6289,6.289,0.0,0.00015846614768544502,0,1,
6290,6.29,0.0,0.00015073766246567101,0,1,
6291,6.291,0.0,0.00014338609991780313,0,1,
6292,6.292,0.0,0.00013639307730621374,0,1,
6293,6.293,0.0,0.0001297411084318711,0,1,
6294,6.2940000000000005,0.0,0.0001234135599077335,0,1,
6295,6.295,0.0,0.00011739460956661772,0,1,
6296,6.296,0.0,0.00011166920689753978,0,1,
6297,6.297,0.0,0.00010622303541159793,0,1,
6298,6.298,0.0,0.00010104247684329327,0,1,
6299,6.299,0.0,9.611457709777259e-05,0,1,
6300,6.3,0.0,9.142701385884372e-05,0,1,3.599285860833156
6301,6.301,0.0,8.696806577676672e-05,0,1,
6302,6.3020000000000005,0.0,8.272658315877404e-05,0,1,
6303,6.303,0.0,7.86919600890311e-05,0,1,
6304,6.304,0.0,7.485410790832221e-05,0,1,
6305,6.305,0.0,7.120342998714768e-05,0,1,
6306,6.306,0.0,6.773079772915138e-05,0,1,
6307,6.307,0.0,6.442752774487493e-05,0,1,
6308,6.308,0.0,6.128536013876116e-05,0,1,
6309,6.309,0.0,5.8296437855112775e-05,0,1,
6310,6.3100000000000005,0.0,5.5453287031360566e-05,0,1,
6311,6.311,0.0,5.274879830951402e-05,0,1,
6312,6.312,0.0,5.0176209059063255e-05,0,1,
6313,6.313,0.0,4.7729086466880256e-05,0,1,
6314,6.314,0.0,4.5401311451835325e-05,0,1,
6315,6.315,0.0,4.3187063363906995e-05,0,1,
6316,6.316,0.0,4.1080805429525124e-05,0,1,
6317,6.317,0.0,3.907727090675299e-05,0,1,
6318,6.3180000000000005,0.0,3.7171449915689144e-05,0,1,
6319,6.319,0.0,3.5358576911158097e-05,0,1,
6320,6.32,0.0,3.363411876636515e-05,0,1,
6321,6.321,0.0,3.1993763437718184e-05,0,1,
6322,6.322,0.0,3.0433409182472656e-05,0,1,
6323,6.323,0.0,2.894915430223821e-05,0,1,
6324,6.324,0.0,2.7537287386700423e-05,0,1,
6325,6.325,0.0,2.6194278033161815e-05,0,1,
6326,6.3260000000000005,0.0,2.4916768018696207e-05,0,1,
6327,6.327,0.0,2.370156290284219e-05,0,1,
6328,6.328,0.0,2.254562403983805e-05,0,1,
6329,6.329,0.0,2.144606098042461e-05,0,1,
6330,6.33,0.0,2.040012424421652e-05,0,1,
6331,6.331,0.0,1.9405198444569142e-05,0,1,
6332,6.332,0.0,1.0000184587957488,0,1,
6333,6.333,0.0,0.9512469830503711,0,1,
6334,6.3340000000000005,0.0,0.904854120245045,0,1,
6335,6.335,0.0,0.860723864057794,0,1,
6336,6.336,0.0,0.8187458658617262,0,1,
6337,6.337,0.0,0.7788151587959886,0,1,
6338,6.338,0.0,0.7408318952939404,0,1,
6339,6.339,0.0,0.7047010974122282,0,1,
6340,6.34,0.0,0.6703324193364555,0,1,
6341,6.341,0.0,0.6376399214695878,0,1,
6342,6.3420000000000005,0.0,0.6065418555381965,0,1,
6343,6.343,0.0,0.5769604601791939,0,1,
6344,6.344,0.0,0.5488217664959217,0,1,
6345,6.345,0.0,0.5220554130973809,0,1,
6346,6.346,0.0,0.49659447015810415,0,1,
6347,6.347,0.0,0.4723752720587304,0,1,
6348,6.348,0.0,0.44933725818879433,0,1,
6349,6.349,0.0,0.42742282151365557,0,1,
6350,6.3500000000000005,0.0,0.406577164526906,0,1,
6351,6.351,0.0,0.3867481622280609,0,1,
6352,6.352,0.0,0.36788623178290714,0,1,
6353,6.353,0.0,0.34994420854059105,0,1,
6354,6.354,0.0,0.33287722809742426,0,1,
6355,6.355,0.0,0.31664261411250577,0,1,
6356,6.356,0.0,0.3011997715946405,0,1,
6357,6.357,0.0,0.2865100853937164,0,1,
6358,6.3580000000000005,0.0,0.2725368236427153,0,1,
6359,6.359,0.0,0.2592450459089127,0,1,
6360,6.36,0.0,0.2466015158245962,0,1,
6361,6.361,0.0,0.23457461797883436,0,1,
6362,6.362,0.0,0.22313427886248144,0,1,
6363,6.363,0.0,0.21225189166874006,0,1,
6364,6.364,0.0,0.2019002447612435,0,1,
6365,6.365,0.0,0.19205345363079093,0,1,
6366,6.3660000000000005,0.0,0.18268689617059183,0,1,
6367,6.367,0.0,0.17377715110817377,0,1,
6368,6.368,0.0,0.16530193944000174,0,1,
6369,6.369,0.0,0.15724006872236473,0,1,
6370,6.37,0.0,0.14957138007922774,0,1,
6371,6.371,0.0,0.14227669779454136,0,1,
6372,6.372,0.0,0.1353377813629636,0,1,
6373,6.373,0.0,0.1287372798790953,0,1,
6374,6.3740000000000006,0.0,0.12245868865117918,0,1,
6375,6.375,0.0,0.11648630793077329,0,1,
6376,6.376,0.0,0.11080520365520244,0,1,
6377,6.377,0.0,0.10540117010462263,0,1,
6378,6.378,0.0,0.10026069438032205,0,1,
6379,6.3790000000000004,0.0,0.09537092261543571,0,1,
6380,6.38,0.0,0.09071962783358305,0,1,
6381,6.381,0.0,0.08629517937505816,0,1,
6382,6.382000000000001,0.0,0.08208651381412246,0,1,
6383,6.383,0.0,0.07808310729467763,0,1,
6384,6.384,0.0,0.0742749492151437,0,1,
6385,6.385,0.0,0.0706525171967409,0,1,
6386,6.386,0.0,0.06720675327258264,0,1,
6387,6.3870000000000005,0.0,0.06392904123804027,0,1,
6388,6.388,0.0,0.060811185105743466,0,1,
6389,6.389,0.0,0.05784538861134275,0,1,
6390,6.390000000000001,0.0,0.05502423571878772,0,1,
6391,6.391,0.0,0.05234067207637408,0,1,
6392,6.392,0.0,0.04978798737718991,0,1,
6393,6.393,0.0,0.047359798579853174,0,1,
6394,6.394,0.0,0.045050033947583466,0,1,
6395,6.3950000000000005,0.0,0.04285291786569745,0,1,
6396,6.396,0.0,0.04076295639956375,0,1,
6397,6.397,0.0,0.038774923556904727,0,1,
6398,6.398000000000001,0.0,0.03688384822009366,0,1,
6399,6.399,0.0,0.03508500171577138,0,1,
6400,6.4,0.0,0.03337388599069977,0,1,3.6032898003499088
6401,6.401,0.0,0.03174622236428579,0,1,
6402,6.402,0.0,0.030197940829651264,0,1,
6403,6.4030000000000005,0.0,0.028725169876495787,0,1,
6404,6.404,0.0,0.027324226810304334,0,1,
6405,6.405,0.0,0.02599160854369277,0,1,
6406,6.406,0.0,0.024723982836864715,0,1,
6407,6.407,0.0,0.023518179965276352,0,1,
6408,6.408,0.0,0.022371184793674045,0,1,
6409,6.409,0.0,0.021280129236685687,0,1,
6410,6.41,0.0,0.020242285087113343,0,1,
6411,6.4110000000000005,0.0,0.019255057193994212,0,1,
6412,6.412,0.0,0.018315976973371447,0,1,
6413,6.413,0.0,0.01742269623554845,0,1,
6414,6.414,0.0,0.016572981313391508,0,1,
6415,6.415,0.0,0.015764707476998492,0,1,
6416,6.416,0.0,0.014995853620767378,0,1,
6417,6.417,0.0,0.014264497209579502,0,1,
6418,6.418,0.0,0.013568809471460351,0,1,
6419,6.4190000000000005,0.0,0.012907050824697067,0,1,
6420,6.42,0.0,0.012277566527978057,0,1,
6421,6.421,0.0,0.011678782542677797,0,1,
6422,6.422,0.0,0.011109201596940387,0,1,
6423,6.423,0.0,0.010567399441720018,0,1,
6424,6.424,0.0,0.010052021289416499,0,1,
6425,6.425,0.0,0.009561778426200582,0,1,
6426,6.426,0.0,0.009095444989558122,0,1,
6427,6.4270000000000005,0.0,0.008651854902995276,0,1,
6428,6.428,0.0,0.008229898960239878,0,1,
6429,6.429,0.0,0.007828522051648005,0,1,
6430,6.43,0.0,0.007446720525880281,0,1,
6431,6.431,0.0,0.007083539680250754,0,1,
6432,6.432,0.0,0.006738071373472897,0,1,
6433,6.433,0.0,0.006409451754833359,0,1,
6434,6.434,0.0,0.006096859104115227,0,1,
6435,6.4350000000000005,0.0,0.005799511776869467,0,1,
6436,6.436,0.0,0.005516666249896656,0,1,
6437,6.437,0.0,0.005247615262051708,0,1,
6438,6.438,0.0,0.00499168604572261,0,1,
6439,6.439,0.0,0.004748238644560963,0,1,
6440,6.44,0.0,0.004516664313257775,0,1,
6441,6.441,0.0,0.004296383995363106,0,1,
6442,6.442,0.0,0.0040868468753433255,0,1,
6443,6.4430000000000005,0.0,0.003887529001255373,0,1,
6444,6.444,0.0,0.003697931974593984,0,1,
6445,6.445,0.0,0.003517581704035824,0,1,
6446,6.446,0.0,0.003346027219964238,0,1,
6447,6.447,0.0,0.003182839546810306,0,1,
6448,6.448,0.0,0.0030276106303904807,0,1,
6449,6.449,0.0,0.002879952317558581,0,1,
6450,6.45,0.0,0.0027394953856207465,0,1,
6451,6.4510000000000005,0.0,0.0026058886190863844,0,1,
6452,6.452,0.0,0.0024787979314465016,0,1,
6453,6.453,0.0,0.002357905529783416,0,1,
6454,6.454,0.0,0.00224290912012293,0,1,
6455,6.455,0.0,0.002133521151541937,0,1,
6456,6.456,0.0,0.0020294680971413375,0,1,
6457,6.457,0.0,0.0019304897700863136,0,1,
6458,6.458,0.0,0.0018363386730037199,0,1,
6459,6.4590000000000005,0.0,0.0017467793791097334,0,1,
6460,6.46,0.0,0.0016615879435202662,0,1,
6461,6.461,0.0,0.0015805513432721077,0,1,
6462,6.462,0.0,0.0015034669446545574,0,1,
6463,6.463,0.0,0.0014301419965196014,0,1,
6464,6.464,0.0,0.0013603931483036427,0,1,
6465,6.465,0.0,0.0012940459915555885,0,1,
6466,6.466,0.0,0.0012309346238248782,0,1,
6467,6.4670000000000005,0.0,0.0011709012338189419,0,1,
6468,6.468,0.0,0.001113795706792768,0,1,
6469,6.469,0.0,0.001059475249183851,0,1,
6470,6.47,0.0,0.001007804031553905,0,1,
6471,6.471,0.0,0.0009586528489445205,0,1,
6472,6.472,0.0,0.0009118987977974662,0,1,
6473,6.473,0.0,0.0008674249686317768,0,1,
6474,6.474,0.0,0.0008251201537091549,0,1,
6475,6.4750000000000005,0.0,0.0007848785689567001,0,1,
6476,6.476,0.0,0.0007465995894516259,0,1,
6477,6.477,0.0,0.0007101874978065394,0,1,
6478,6.478,0.0,0.0006755512448261166,0,1,
6479,6.479,0.0,0.0006426042218366878,0,1,
6480,6.48,0.0,0.0006112640441194416,0,1,
6481,6.481,0.0,0.0005814523449057155,0,1,
6482,6.482,0.0,0.0005530945794192544,0,1,
6483,6.4830000000000005,0.0,0.0005261198384754418,0,1,
6484,6.484,0.0,0.0005004606711714031,0,1,
6485,6.485,0.0,0.0004760529162236148,0,1,
6486,6.486,0.0,0.0004528355415312757,0,1,
6487,6.487,0.0,0.0004307504915642646,0,1,
6488,6.488,0.0,0.00040974254219407506,0,1,
6489,6.489,0.0,0.00038975916260472953,0,1,
6490,6.49,0.0,0.00037075038393837706,0,1,
6491,6.4910000000000005,0.0,0.00035266867434712116,0,1,
6492,6.492,0.0,0.0003354688201386418,0,1,
6493,6.493,0.0,0.0003191078127184138,0,1,
6494,6.494,0.0,0.0003035447410458184,0,1,
6495,6.495,0.0,0.0002887406893352321,0,1,
6496,6.496,0.0,0.00027465863974629224,0,1,
6497,6.497,0.0,0.0002612633798200145,0,1,
6498,6.498,0.0,0.00024852141442930384,0,1,
6499,6.4990000000000006,0.0,0.00023640088202369014,0,1,
6500,6.5,0.0,0.00022487147495885596,0,1,3.78936353746534
6501,6.501,0.0,0.00021390436371173928,0,1,
6502,6.502,0.0,0.00020347212479170917,0,1,
6503,6.503,0.0,0.00019354867216755497,0,1,
6504,6.5040000000000004,0.0,0.00018410919203882067,0,1,
6505,6.505,0.0,0.00017513008078837882,0,1,
6506,6.506,0.0,0.00016658888596109313,0,1,
6507,6.507000000000001,0.0,0.0001584642501209857,0,1,
6508,6.508,0.0,0.00015073585744652243,0,1,
6509,6.509,0.0,0.0001433843829304772,0,1,
6510,6.51,0.0,0.00013639144405734783,0,1,
6511,6.511,0.0,0.0001297395548374923,0,1,
6512,6.5120000000000005,0.0,0.00012341208208304662,0,1,
6513,6.513,0.0,0.00011739320381629131,0,1,
6514,6.514,0.0,0.00011166786970646581,0,1,
6515,6.515000000000001,0.0,0.00010622176343610219,0,1,
6516,6.516,0.0,0.00010104126690277447,0,1,
6517,6.517,0.0,9.61134261667492e-05,0,1,
6518,6.518,0.0,9.14259190593887e-05,0,1,
6519,6.519,0.0,8.696702437131119e-05,0,1,
6520,6.5200000000000005,0.0,8.272559254326191e-05,0,1,
6521,6.521,0.0,7.869101778640758e-05,0,1,
6522,6.522,0.0,7.485321156233994e-05,0,1,
6523,6.523000000000001,0.0,7.12025773564748e-05,0,1,
6524,6.524,0.0,6.77299866817671e-05,0,1,
6525,6.525,0.0,6.442675625273834e-05,0,1,
6526,6.526,0.0,6.128462627274007e-05,0,1,
6527,6.527,0.0,5.829573978015987e-05,0,1,
6528,6.5280000000000005,0.0,5.545262300192485e-05,0,1,
6529,6.529,0.0,5.2748166665176035e-05,0,1,
6530,6.53,0.0,5.017560822038315e-05,0,1,
6531,6.531,0.0,4.772851493144836e-05,0,1,
6532,6.532,0.0,4.540076779051536e-05,0,1,
6533,6.533,0.0,4.3186546217262484e-05,0,1,
6534,6.534,0.0,4.108031350442008e-05,0,1,
6535,6.535,0.0,3.907680297311843e-05,0,1,
6536,6.5360000000000005,0.0,3.717100480344723e-05,0,1,
6537,6.537,0.0,3.535815350729639e-05,0,1,
6538,6.538,0.0,3.3633716012153446e-05,0,1,
6539,6.539,0.0,3.199338032606117e-05,0,1,
6540,6.54,0.0,3.043304475539163e-05,0,1,
6541,6.541,0.0,2.8948807648475653e-05,0,1,
6542,6.542,0.0,2.7536957639441364e-05,0,1,
6543,6.543,0.0,2.619396436786635e-05,0,1,
6544,6.5440000000000005,0.0,2.491646965103772e-05,0,1,
6545,6.545,0.0,2.3701279086746117e-05,0,1,
6546,6.546,0.0,2.254535406561632e-05,0,1,
6547,6.547,0.0,2.1445804173001043e-05,0,1,
6548,6.548,0.0,2.0399879961438794e-05,0,1,
6549,6.549,0.0,1.9404966075603073e-05,0,1,
6550,6.55,0.0,1.8458574712551788e-05,0,1,
6551,6.551,0.0,1.755833940092407e-05,0,1,
6552,6.5520000000000005,0.0,1.6702009083529214e-05,0,1,
6553,6.553,0.0,1.5887442488531194e-05,0,1,
6554,6.554,0.0,1.5112602775153718e-05,0,1,
6555,6.555,0.0,1.4375552440517366e-05,0,1,
6556,6.556,0.0,1.367444847487317e-05,0,1,
6557,6.557,0.0,1.300753775311827e-05,0,1,
6558,6.558,0.0,1.2373152651070004e-05,0,1,
6559,6.559,0.0,1.1769706875536804e-05,0,1,
6560,6.5600000000000005,0.0,1.119569149775897e-05,0,1,
6561,6.561,0.0,1.0649671180300802e-05,0,1,
6562,6.562,0.0,1.0130280587959371e-05,0,1,
6563,6.563,0.0,9.636220973715348e-06,0,1,
6564,6.564,0.0,1.0000091662569313,0,1,
6565,6.565,0.0,0.9512381437140196,0,1,
6566,6.566,0.0,0.9048457120082144,0,1,
6567,6.567,0.0,0.8607158658955126,0,1,
6568,6.5680000000000005,0.0,0.8187382577744222,0,1,
6569,6.569,0.0,0.7788079217594809,0,1,
6570,6.57,0.0,0.7408250112118681,0,1,
6571,6.571,0.0,0.7046945490708003,0,1,
6572,6.572,0.0,0.6703261903614075,0,1,
6573,6.573,0.0,0.6376339962852378,0,1,
6574,6.574,0.0,0.6065362193284971,0,1,
6575,6.575,0.0,0.5769550988506852,0,1,
6576,6.5760000000000005,0.0,0.5488166666424898,0,1,
6577,6.577,0.0,0.5220505619667358,0,1,
6578,6.578,0.0,0.49658985561989244,0,1,
6579,6.579,0.0,0.47237088257420295,0,1,
6580,6.58,0.0,0.44933308278195344,0,1,
6581,6.581,0.0,0.4274188497438093,0,1,
6582,6.582,0.0,0.40657338646256086,0,1,
6583,6.583,0.0,0.38674456842208815,0,1,
6584,6.5840000000000005,0.0,0.3678828132489199,0,1,
6585,6.585,0.0,0.34994095673047376,0,1,
6586,6.586,0.0,0.3328741348799578,0,1,
6587,6.587,0.0,0.3166396717530353,0,1,
6588,6.588,0.0,0.30119697273573476,0,1,
6589,6.589,0.0,0.28650742303677024,0,1,
6590,6.59,0.0,0.2725342911304496,0,1,
6591,6.591,0.0,0.2592426369087276,0,1,
6592,6.5920000000000005,0.0,0.24659922431273654,0,1,
6593,6.593,0.0,0.23457243822532686,0,1,
6594,6.594,0.0,0.22313220541680695,0,1,
6595,6.595,0.0,0.21224991934620438,0,1,
6596,6.596,0.0,0.20189836863001295,0,1,
6597,6.597,0.0,0.19205166899956022,0,1,
6598,6.598,0.0,0.18268519857685328,0,1,
6599,6.599,0.0,0.1737755363070588,0,1,
6600,6.6000000000000005,0.0,0.16530040339366647,0,1,4.549054468381833
6601,6.601,0.0,0.15723860758989322,0,1,
6602,6.602,0.0,0.14956999020702774,0,1,
6603,6.603,0.0,0.14227537570720844,0,1,
6604,6.604,0.0,0.13533652375459077,0,1,
6605,6.605,0.0,0.12873608360500657,0,1,
6606,6.606,0.0,0.12245755072006621,0,1,
6607,6.607,0.0,0.11648522549721559,0,1,
6608,6.6080000000000005,0.0,0.11080417401255228,0,1,
6609,6.609,0.0,0.10540019067823708,0,1,
6610,6.61,0.0,0.10025976272112498,0,1,
6611,6.611,0.0,0.09537003639379386,0,1,
6612,6.612,0.0,0.09071878483348068,0,1,
6613,6.613,0.0,0.08629437748855594,0,1,
6614,6.614,0.0,0.08208575103608644,0,1,
6615,6.615,0.0,0.0780823817177654,0,1,
6616,6.6160000000000005,0.0,0.07427425902503505,0,1,
6617,6.617,0.0,0.07065186066760105,0,1,
6618,6.618,0.0,0.06720612876274679,0,1,
6619,6.619,0.0,0.06392844718590851,0,1,
6620,6.62,0.0,0.06081062002587604,0,1,
6621,6.621,0.0,0.057844851090745664,0,1,
6622,6.622,0.0,0.0550237244133795,0,1,
6623,6.623,0.0,0.05234018570762487,0,1,
6624,6.6240000000000006,0.0,0.049787524728924504,0,1,
6625,6.625,0.0,0.047359358495209926,0,1,
6626,6.626,0.0,0.04504961532612154,0,1,
6627,6.627,0.0,0.04285251966064514,0,1,
6628,6.628,0.0,0.04076257761520101,0,1,
6629,6.6290000000000004,0.0,0.03877456324607335,0,1,
6630,6.63,0.0,0.036883505481828886,0,1,
6631,6.631,0.0,0.035084675693049024,0,1,
6632,6.632000000000001,0.0,0.03337357586829321,0,1,
6633,6.633,0.0,0.03174592736672747,0,1,
6634,6.634,0.0,0.030197660219293637,0,1,
6635,6.635,0.0,0.02872490295166679,0,1,
6636,6.636,0.0,0.027323972903552863,0,1,
6637,6.6370000000000005,0.0,0.025991367020119692,0,1,
6638,6.638,0.0,0.024723753092535293,0,1,
6639,6.639,0.0,0.023517961425710096,0,1,
6640,6.640000000000001,0.0,0.022370976912408205,0,1,
6641,6.641,0.0,0.02127993149390882,0,1,
6642,6.642,0.0,0.020242096988365505,0,1,
6643,6.643,0.0,0.019254878268930554,0,1,
6644,6.644,0.0,0.018315806774586114,0,1,
6645,6.6450000000000005,0.0,0.017422534337455827,0,1,
6646,6.646,0.0,0.016572827311162035,0,1,
6647,6.647,0.0,0.015764560985546378,0,1,
6648,6.648000000000001,0.0,0.014995714273787689,0,1,
6649,6.649,0.0,0.014264364658632206,0,1,
6650,6.65,0.0,0.013568683385099038,0,1,
6651,6.651,0.0,0.012906930887640158,0,1,
6652,6.652,0.0,0.012277452440320438,0,1,
6653,6.6530000000000005,0.0,0.011678674019140897,0,1,
6654,6.654,0.0,0.011109098366158837,0,1,
6655,6.655,0.0,0.010567301245563094,0,1,
6656,6.656000000000001,0.0,0.01005192788234266,0,1,
6657,6.657,0.0,0.009561689574643489,0,1,
6658,6.658,0.0,0.009095360471342602,0,1,
6659,6.659,0.0,0.008651774506781767,0,1,
6660,6.66,0.0,0.008229822484995968,0,1,
6661,6.6610000000000005,0.0,0.00782844930614575,0,1,
6662,6.662,0.0,0.007446651328218036,0,1,
6663,6.663,0.0,0.007083473857398321,0,1,
6664,6.664,0.0,0.006738008760838857,0,1,
6665,6.665,0.0,0.0064093921958535156,0,1,
6666,6.666,0.0,0.006096802449861108,0,1,
6667,6.667,0.0,0.005799457885675925,0,1,
6668,6.668,0.0,0.0055166149870076375,0,1,
6669,6.6690000000000005,0.0,0.005247566499283289,0,1,
6670,6.67,0.0,0.004991639661142469,0,1,
6671,6.671,0.0,0.00474819452218349,0,1,
6672,6.672,0.0,0.0045166223427540435,0,1,
6673,6.673,0.0,0.004296344071784995,0,1,
6674,6.674,0.0,0.004086808898861095,0,1,
6675,6.675,0.0,0.003887492876908036,0,1,
6676,6.676,0.0,0.003697897612051856,0,1,
6677,6.6770000000000005,0.0,0.0035175490173746517,0,1,
6678,6.678,0.0,0.003345996127450342,0,1,
6679,6.679,0.0,0.0031828099706962066,0,1,
6680,6.68,0.0,0.003027582496720487,0,1,
6681,6.681,0.0,0.0028799255559838637,0,1,
6682,6.682,0.0,0.0027394699292234296,0,1,
6683,6.683,0.0,0.0026058644042122148,0,1,
6684,6.684,0.0,0.002478774897545681,0,1,
6685,6.6850000000000005,0.0,0.0023578836192591946,0,1,
6686,6.686,0.0,0.0022428882781875843,0,1,
6687,6.687,0.0,0.0021335013260797733,0,1,
6688,6.688,0.0,0.0020294492385783728,0,1,
6689,6.689,0.0,0.0019304718312663177,0,1,
6690,6.69,0.0,0.0018363216090702989,0,1,
6691,6.691,0.0,0.0017467631473941656,0,1,
6692,6.692,0.0,0.001661572503434808,0,1,
6693,6.6930000000000005,0.0,0.0015805366562085031,0,1,
6694,6.694,0.0,0.0015034529738874973,0,1,
6695,6.695,0.0,0.001430128707114891,0,1,
6696,6.696,0.0,0.001360380507030848,0,1,
6697,6.697,0.0,0.0012940339668049432,0,1,
6698,6.698,0.0,0.0012309231855282422,0,1,
6699,6.699,0.0,0.0011708903533746153,0,1,
6700,6.7,0.0,0.001113785356993973,0,1,4.5450188395773115
6701,6.7010000000000005,0.0,0.0010594654041506991,0,1,
6702,6.702,0.0,0.001007794666668686,0,1,
6703,6.703,0.0,0.0009586439407901431,0,1,
6704,6.704,0.0,0.0009118903240989043,0,1,
6705,6.705,0.0,0.0008674169082003704,0,1,
6706,6.706,0.0,0.000825112486389627,0,1,
6707,6.707,0.0,0.0007848712755767581,0,1,
6708,6.708,0.0,0.0007465926517740208,0,1,
6709,6.7090000000000005,0.0,0.0007101808984834639,0,1,
6710,6.71,0.0,0.0006755449673558254,0,1,
6711,6.711,0.0,0.0006425982505222354,0,1,
6712,6.712,0.0,0.0006112583640294316,0,1,
6713,6.713,0.0,0.0005814469418369642,0,1,
6714,6.714,0.0,0.0005530894398612756,0,1,
6715,6.715,0.0,0.0005261149495766636,0,1,
6716,6.716,0.0,0.0005004560207070318,0,1,
6717,6.7170000000000005,0.0,0.0004760484925650673,0,1,
6718,6.718,0.0,0.0004528313336171014,0,1,
6719,6.719,0.0,0.0004307464888724862,0,1,
6720,6.72,0.0,0.00040973873471587824,0,1,
6721,6.721,0.0,0.0003897555408194356,0,1,
6722,6.722,0.0,0.0003707469387896363,0,1,
6723,6.723,0.0,0.00035266539722026715,0,1,
6724,6.724,0.0,0.00033546570283915045,0,1,
6725,6.7250000000000005,0.0,0.0003191048474514126,0,1,
6726,6.726,0.0,0.00030354192039659536,0,1,
6727,6.727,0.0,0.000288738006250695,0,1,
6728,6.728,0.0,0.00027465608751733216,0,1,
6729,6.729,0.0,0.0002612609520647296,0,1,
6730,6.73,0.0,0.00024851910507704136,0,1,
6731,6.731,0.0,0.00023639868529986652,0,1,
6732,6.732,0.0,0.00022486938537051744,0,1,
6733,6.7330000000000005,0.0,0.00021390237603382658,0,1,
6734,6.734,0.0,0.00020347023405399217,0,1,
6735,6.735,0.0,0.00019354687364220457,0,1,
6736,6.736,0.0,0.00018410748122858666,0,1,
6737,6.737,0.0,0.0001751284534153445,0,1,
6738,6.738,0.0,0.00016658733795597825,0,1,
6739,6.739,0.0,0.00015846277761297114,0,1,
6740,6.74,0.0,0.00015073445675357116,0,1,
6741,6.7410000000000005,0.0,0.00014338305055012725,0,1,
6742,6.742,0.0,0.00013639017665795434,0,1,
6743,6.743,0.0,0.00012973834924989662,0,1,
6744,6.744,0.0,0.0001234109352926518,0,1,
6745,6.745,0.0,0.00011739211295552402,0,1,
6746,6.746,0.0,0.00011166683204760593,0,1,
6747,6.747,0.0,0.00010622077638446207,0,1,
6748,6.748,0.0,0.00010104032799021089,0,1,
6749,6.7490000000000006,0.0,9.611253304549169e-05,0,1,
6750,6.75,0.0,9.142506949616892e-05,0,1,
6751,6.751,0.0,8.696621624177855e-05,0,1,
6752,6.752,0.0,8.272482382667165e-05,0,1,
6753,6.753,0.0,7.869028656056783e-05,0,1,
6754,6.7540000000000004,0.0,7.48525159988052e-05,0,1,
6755,6.755,0.0,7.120191571597397e-05,0,1,
6756,6.756,0.0,6.772935730985426e-05,0,1,
6757,6.757000000000001,0.0,6.442615757565589e-05,0,1,
6758,6.758,0.0,6.128405679348347e-05,0,1,
6759,6.759,0.0,5.829519807473435e-05,0,1,
6760,6.76,0.0,5.545210771578469e-05,0,1,
6761,6.761,0.0,5.274767650983747e-05,0,1,
6762,6.7620000000000005,0.0,5.017514197020253e-05,0,1,
6763,6.763,0.0,4.772807142055737e-05,0,1,
6764,6.764,0.0,4.540034590990576e-05,0,1,
6765,6.765000000000001,0.0,4.3186144912013e-05,0,1,
6766,6.766,0.0,4.107993177105857e-05,0,1,
6767,6.767,0.0,3.907643985711264e-05,0,1,
6768,6.768,0.0,3.7170659396818016e-05,0,1,
6769,6.769,0.0,3.5357824946347257e-05,0,1,
6770,6.7700000000000005,0.0,3.363340347531089e-05,0,1,
6771,6.771,0.0,3.1993083031820294e-05,0,1,
6772,6.772,0.0,3.0432761960361976e-05,0,1,
6773,6.773000000000001,0.0,2.8948538645522342e-05,0,1,
6774,6.774,0.0,2.7536701755916898e-05,0,1,
6775,6.775,0.0,2.619372096392863e-05,0,1,
6776,6.776,0.0,2.491623811805012e-05,0,1,
6777,6.777,0.0,2.3701058845755568e-05,0,1,
6778,6.7780000000000005,0.0,2.2545144565905625e-05,0,1,
6779,6.779,0.0,2.1445604890711808e-05,0,1,
6780,6.78,0.0,2.039969039826149e-05,0,1,
6781,6.781000000000001,0.0,1.940478575753102e-05,0,1,
6782,6.782,0.0,1.8458403188695885e-05,0,1,
6783,6.783,0.0,1.755817624238533e-05,0,1,
6784,6.784,0.0,1.6701853882326308e-05,0,1,
6785,6.785,0.0,1.588729485658027e-05,0,1,
6786,6.7860000000000005,0.0,1.5112462343298002e-05,0,1,
6787,6.787,0.0,1.4375418857604071e-05,0,1,
6788,6.788,0.0,1.3674321406875432e-05,0,1,
6789,6.789,0.0,1.3007416882299912e-05,0,1,
6790,6.79,0.0,1.2373037675191017e-05,0,1,
6791,6.791,0.0,1.1769597507097604e-05,0,1,
6792,6.792,0.0,1.1195587463281492e-05,0,1,
6793,6.793,0.0,1.0649572219644663e-05,0,1,
6794,6.7940000000000005,0.0,1.0130186453671384e-05,0,1,
6795,6.795,0.0,9.63613143041076e-06,0,1,
6796,6.796,0.0,9.16617175496287e-06,0,1,
6797,6.797,0.0,8.71913228334803e-06,0,1,
6798,6.798,0.0,8.293895184034743e-06,0,1,
6799,6.799,0.0,7.889397142778612e-06,0,1,
6800,6.8,0.0,7.504626703782877e-06,0,1,4.540954996349809
6801,6.801,0.0,7.138621740532077e-06,0,1,
6802,6.8020000000000005,0.0,6.790467049974613e-06,0,1,
6803,6.803,0.0,6.459292064038412e-06,0,1,
6804,6.804,0.0,6.144268672757288e-06,0,1,
6805,6.805,0.0,5.844609153564681e-06,0,1,
6806,6.806,0.0,5.559564201576936e-06,0,1,
6807,6.807,0.0,5.288421055940801e-06,0,1,
6808,6.808,0.0,5.0305017175600266e-06,0,1,
6809,6.809,0.0,4.785161253744477e-06,0,1,
6810,6.8100000000000005,0.0,1.0000045517861855,0,1,
6811,6.811,0.0,0.9512337542936677,0,1,
6812,6.812,0.0,0.9048415366624192,0,1,
6813,6.813,0.0,0.8607118941837347,0,1,
6814,6.814,0.0,0.8187344797653134,0,1,
6815,6.815,0.0,0.7788043280060506,0,1,
6816,6.816,0.0,0.7408215927278609,0,1,
6817,6.817,0.0,0.7046912973082254,0,1,
6818,6.8180000000000005,0.0,0.6703230971891648,0,1,
6819,6.819,0.0,0.6376310539687855,0,1,
6820,6.82,0.0,0.6065334205105115,0,1,
6821,6.821,0.0,0.5769524365326635,0,1,
6822,6.822,0.0,0.5488141341672502,0,1,
6823,6.823,0.0,0.5220481530017711,0,1,
6824,6.824,0.0,0.49658756414153543,0,1,
6825,6.825,0.0,0.47236870285256416,0,1,
6826,6.8260000000000005,0.0,0.44933100936659337,0,1,
6827,6.827,0.0,0.42741687745010953,0,1,
6828,6.828,0.0,0.4065715103587599,0,1,
6829,6.829,0.0,0.38674278381694926,0,1,
6830,6.83,0.0,0.3678811156800007,0,1,
6831,6.831,0.0,0.34993934195296766,0,1,
6832,6.832,0.0,0.33287259885608,0,1,
6833,6.833,0.0,0.31663821064192604,0,1,
6834,6.8340000000000005,0.0,0.3011955828838552,0,1,
6835,6.835,0.0,0.28650610096876666,0,1,
6836,6.836,0.0,0.2725330335404634,0,1,
6837,6.837,0.0,0.2592414406521288,0,1,
6838,6.838,0.0,0.24659808639826047,0,1,
6839,6.839,0.0,0.23457135580759467,0,1,
6840,6.84,0.0,0.2231311757892105,0,1,
6841,6.841,0.0,0.21224893993413835,0,1,
6842,6.8420000000000005,0.0,0.20189743698443705,0,1,
6843,6.843,0.0,0.19205078279087523,0,1,
6844,6.844,0.0,0.18268435558907586,0,1,
6845,6.845,0.0,0.17377473443228042,0,1,
6846,6.846,0.0,0.1652996406267825,0,1,
6847,6.847,0.0,0.15723788202358918,0,1,
6848,6.848,0.0,0.1495693000270099,0,1,
6849,6.849,0.0,0.14227471918766726,0,1,
6850,6.8500000000000005,0.0,0.13533589925388542,0,1,
6851,6.851,0.0,0.12873548956156003,0,1,
6852,6.852,0.0,0.12245698564846043,0,1,
6853,6.853,0.0,0.11648468798447721,0,1,
6854,6.854,0.0,0.1108036627146195,0,1,
6855,6.855,0.0,0.10539970431659873,0,1,
6856,6.856,0.0,0.10025930007962364,0,1,
6857,6.857,0.0,0.09536959631558478,0,1,
6858,6.8580000000000005,0.0,0.09071836621813913,0,1,
6859,6.859,0.0,0.0862939792893255,0,1,
6860,6.86,0.0,0.08208537225726163,0,1,
6861,6.861,0.0,0.07808202141220186,0,1,
6862,6.862,0.0,0.0742739162917812,0,1,
6863,6.863,0.0,0.07065153464964524,0,1,
6864,6.864,0.0,0.0672058186448743,0,1,
6865,6.865,0.0,0.06392815219266312,0,1,
6866,6.8660000000000005,0.0,0.060810339419621,0,1,
6867,6.867,0.0,0.05784458416981917,0,1,
6868,6.868,0.0,0.0550234705103402,0,1,
6869,6.869,0.0,0.052339944187582914,0,1,
6870,6.87,0.0,0.049787294987953985,0,1,
6871,6.871,0.0,0.04735913995883875,0,1,
6872,6.872,0.0,0.04504940744789496,0,1,
6873,6.873,0.0,0.0428523219207593,0,1,
6874,6.8740000000000006,0.0,0.040762389519203204,0,1,
6875,6.875,0.0,0.0387743843236256,0,1,
6876,6.876,0.0,0.036883335285531886,0,1,
6877,6.877,0.0,0.03508451379732337,0,1,
6878,6.878,0.0,0.033373421868315274,0,1,
6879,6.8790000000000004,0.0,0.031745780877417085,0,1,
6880,6.88,0.0,0.030197520874351225,0,1,
6881,6.881,0.0,0.028724770402657415,0,1,
6882,6.882000000000001,0.0,0.027323846819034957,0,1,
6883,6.883,0.0,0.025991247084816288,0,1,
6884,6.884,0.0,0.02472363900654566,0,1,
6885,6.885,0.0,0.023517852903759833,0,1,
6886,6.886,0.0,0.022370873683135912,0,1,
6887,6.8870000000000005,0.0,0.02127983329918754,0,1,
6888,6.888,0.0,0.020242003582657295,0,1,
6889,6.889,0.0,0.01925478941867249,0,1,
6890,6.890000000000001,0.0,0.01831572225760627,0,1,
6891,6.891,0.0,0.01742245394241773,0,1,
6892,6.892,0.0,0.016572750837036215,0,1,
6893,6.893,0.0,0.015764488241107686,0,1,
6894,6.894,0.0,0.014995645077137137,0,1,
6895,6.8950000000000005,0.0,0.014264298836742123,0,1,
6896,6.896,0.0,0.013568620773380415,0,1,
6897,6.897,0.0,0.012906871329531085,0,1,
6898,6.898000000000001,0.0,0.012277395786894619,0,1,
6899,6.899,0.0,0.01167862012873526,0,1,
6900,6.9,0.0,0.011109047104019295,0,1,4.541345006801186
6901,6.901,0.0,0.010567252483507598,0,1,
6902,6.902,0.0,0.010051881498440673,0,1,
6903,6.9030000000000005,0.0,0.009561645452911096,0,1,
6904,6.904,0.0,0.00909531850145249,0,1,
6905,6.905,0.0,0.00865173458378735,0,1,
6906,6.906000000000001,0.0,0.008229784509068964,0,1,
6907,6.907,0.0,0.007828413182326563,0,1,
6908,6.908,0.0,0.007446616966178299,0,1,
6909,6.909,0.0,0.007083441171215036,0,1,
6910,6.91,0.0,0.006737977668779542,0,1,
6911,6.9110000000000005,0.0,0.006409362620171826,0,1,
6912,6.912,0.0,0.0060967743166024345,0,1,
6913,6.913,0.0,0.005799431124492467,0,1,
6914,6.914,0.0,0.005516589530982498,0,1,
6915,6.915,0.0,0.005247542284763145,0,1,
6916,6.916,0.0,0.0049916166275784084,0,1,
6917,6.917,0.0,0.004748172611979604,0,1,
6918,6.918,0.0,0.004516601501123411,0,1,
6919,6.9190000000000005,0.0,0.004296324246612683,0,1,
6920,6.92,0.0,0.004086790040573846,0,1,
6921,6.921,0.0,0.0038874749383503095,0,1,
6922,6.922,0.0,0.0036978805483679138,0,1,
6923,6.923,0.0,0.0035175327858963956,0,1,
6924,6.924,0.0,0.0033459806875906217,0,1,
6925,6.925,0.0,0.0031827952838473306,0,1,
6926,6.926,0.0,0.003027568526157683,0,1,
6927,6.9270000000000005,0.0,0.0028799122667734476,0,1,
6928,6.928,0.0,0.0027394572881354533,0,1,
6929,6.929,0.0,0.0026058523796373737,0,1,
6930,6.93,0.0,0.002478763459416275,0,1,
6931,6.931,0.0,0.0023578727389739424,0,1,
6932,6.932,0.0,0.0022428779285401054,0,1,
6933,6.933,0.0,0.002133491481190558,0,1,
6934,6.934,0.0,0.0020294398738300704,0,1,
6935,6.9350000000000005,0.0,0.0019304629232421795,0,1,
6936,6.936,0.0,0.0018363131354956245,0,1,
6937,6.937,0.0,0.0017467550870806047,0,1,
6938,6.938,0.0,0.0016615648362273783,0,1,
6939,6.939,0.0,0.001580529362935192,0,1,
6940,6.94,0.0,0.001503446036311323,0,1,
6941,6.941,0.0,0.0014301221078882992,0,1,
6942,6.942,0.0,0.0013603742296523348,0,1,
6943,6.9430000000000005,0.0,0.0012940279955777926,0,1,
6944,6.944,0.0,0.001230917505521276,0,1,
6945,6.945,0.0,0.001170884950384858,0,1,
6946,6.946,0.0,0.0011137802175111354,0,1,
6947,6.947,0.0,0.0010594605153233974,0,1,
6948,6.948,0.0,0.0010077900162723053,0,1,
6949,6.949,0.0,0.0009586395171962701,0,1,
6950,6.95,0.0,0.0009118861162462504,0,1,
6951,6.9510000000000005,0.0,0.0008674129055671119,0,1,
6952,6.952,0.0,0.000825108678967096,0,1,
6953,6.953,0.0,0.0007848676538444152,0,1,
6954,6.954,0.0,0.0007465892066756487,0,1,
6955,6.955,0.0,0.0007101776214045219,0,1,
6956,6.956,0.0,0.0006755418501019093,0,1,
6957,6.957,0.0,0.0006425952852985868,0,1,
6958,6.958,0.0,0.0006112555434214468,0,1,
6959,6.9590000000000005,0.0,0.0005814442587916541,0,1,
6960,6.96,0.0,0.0005530868876696294,0,1,
6961,6.961,0.0,0.0005261125218568726,0,1,
6962,6.962,0.0,0.0005004537113885323,0,1,
6963,6.963,0.0,0.00047604629587336,0,1,
6964,6.964,0.0,0.0004528292440593128,0,1,
6965,6.965,0.0,0.0004307445012236335,0,1,
6966,6.966,0.0,0.000409736844005804,0,1,
6967,6.9670000000000005,0.0,0.00038975374232037976,0,1,
6968,6.968,0.0,0.0003707452280044144,0,1,
6969,6.969,0.0,0.00035266376987102513,0,1,
6970,6.97,0.0,0.00033546415485666747,0,1,
6971,6.971,0.0,0.0003191033749649262,0,1,
6972,6.972,0.0,0.0003035405197241223,0,1,
6973,6.973,0.0,0.00028873667388982447,0,1,
6974,6.974,0.0,0.00027465482013646806,0,1,
6975,6.9750000000000005,0.0,0.00026125974649475963,0,1,
6976,6.976,0.0,0.00024851795830341266,0,1,
6977,6.977,0.0,0.00023639759445504767,0,1,
6978,6.978,0.0,0.00022486834772682818,0,1,
6979,6.979,0.0,0.0002139013889966172,0,1,
6980,6.98,0.0,0.00020346929515515554,0,1,
6981,6.981,0.0,0.00019354598053400451,0,1,
6982,6.982,0.0,0.0001841066316777875,0,1,
6983,6.9830000000000005,0.0,0.00017512764529762674,0,1,
6984,6.984,0.0,0.00016658656925062665,0,1,
6985,6.985,0.0,0.00015846204639782192,0,1,
6986,6.986,0.0,0.00015073376120020558,0,1,
6987,6.987,0.0,0.0001433823889192996,0,1,
6988,6.988,0.0,0.00013638954729524292,0,1,
6989,6.989,0.0,0.00012973775058156684,0,1,
6990,6.99,0.0,0.000123410365821721,0,1,
6991,6.9910000000000005,0.0,0.00011739157125801824,0,1,
6992,6.992,0.0,0.00011166631676899925,0,1,
6993,6.993,0.0,0.00010622028623628959,0,1,
6994,6.994,0.0,0.00010103986174684686,0,1,
6995,6.995,0.0,9.611208954108485e-05,0,1,
6996,6.996,0.0,9.142464762172724e-05,0,1,
6997,6.997,0.0,8.696581494239618e-05,0,1,
6998,6.998,0.0,8.272444209889111e-05,0,1,
6999,6.9990000000000006,0.0,7.868992344987083e-05,0,1,
7000,7.0,0.0,7.485217059722587e-05,0,1,4.537931974000194
7001,7.001,0.0,7.120158715982843e-05,0,1,
7002,7.002,0.0,6.772904477758103e-05,0,1,
7003,7.003,0.0,6.44258602857615e-05,0,1,
7004,7.0040000000000004,0.0,6.128377400258832e-05,0,1,
7005,7.005,0.0,5.8294929075713906e-05,0,1,
7006,7.006,0.0,5.545185183600128e-05,0,1,
7007,7.007000000000001,0.0,5.274743310945836e-05,0,1,
7008,7.008,0.0,5.017491044059998e-05,0,1,
7009,7.009,0.0,4.772785118278679e-05,0,1,
7010,7.01,0.0,4.5400136413258e-05,0,1,
7011,7.011,0.0,4.318594563263732e-05,0,1,
7012,7.0120000000000005,0.0,4.1079742210652724e-05,0,1,
7013,7.013,0.0,3.907625954167688e-05,0,1,
7014,7.014,0.0,3.717048787546983e-05,0,1,
7015,7.015000000000001,0.0,3.5357661790193935e-05,0,1,
7016,7.016,0.0,3.3633248276377066e-05,0,1,
7017,7.017,0.0,3.199293540202779e-05,0,1,
7018,7.018,0.0,3.0432621530559413e-05,0,1,
7019,7.019,0.0,2.894840506456207e-05,0,1,
7020,7.0200000000000005,0.0,2.7536574689776932e-05,0,1,
7021,7.021,0.0,2.619360009487744e-05,0,1,
7022,7.022,0.0,2.4916123143852117e-05,0,1,
7023,7.023000000000001,0.0,2.370094947891537e-05,0,1,
7024,7.024,0.0,2.2545040532949164e-05,0,1,
7025,7.025,0.0,2.1445505931502505e-05,0,1,
7026,7.026,0.0,2.0399596265349777e-05,0,1,
7027,7.027,0.0,1.9404696215535583e-05,0,1,
7028,7.0280000000000005,0.0,1.8458318013715095e-05,0,1,
7029,7.029,0.0,1.7558095221437374e-05,0,1,
7030,7.03,0.0,1.670177681281661e-05,0,1,
7031,7.031000000000001,0.0,1.5887221545794912e-05,0,1,
7032,7.032,0.0,1.5112392607921839e-05,0,1,
7033,7.033,0.0,1.4375352523262335e-05,0,1,
7034,7.034,0.0,1.3674258307697717e-05,0,1,
7035,7.035,0.0,1.3007356860505408e-05,0,1,
7036,7.0360000000000005,0.0,1.2372980580693973e-05,0,1,
7037,7.037,0.0,1.1769543197132038e-05,0,1,
7038,7.038,0.0,1.1195535802044202e-05,0,1,
7039,7.039000000000001,0.0,1.0649523077955645e-05,0,1,
7040,7.04,0.0,1.0130139708650821e-05,0,1,
7041,7.041,0.0,9.636086965171752e-06,0,1,
7042,7.042,0.0,9.166129458319158e-06,0,1,
7043,7.043,0.0,8.719092049535975e-06,0,1,
7044,7.0440000000000005,0.0,8.293856912448856e-06,0,1,
7045,7.045,0.0,7.889360737719995e-06,0,1,
7046,7.046,0.0,7.504592074219919e-06,0,1,
7047,7.047,0.0,7.138588799872834e-06,0,1,
7048,7.048,0.0,6.790435715850278e-06,0,1,
7049,7.049,0.0,6.459262258097354e-06,0,1,
7050,7.05,0.0,6.1442403204691285e-06,0,1,
7051,7.051,0.0,5.844582184033932e-06,0,1,
7052,7.0520000000000005,0.0,5.5595385473657235e-06,0,1,
7053,7.053,0.0,5.288396652900233e-06,0,1,
7054,7.054,0.0,5.030478504669791e-06,0,1,
7055,7.055,0.0,4.785139172960258e-06,0,1,
7056,7.056,0.0,4.5517651816508084e-06,0,1,
7057,7.057,0.0,4.329772974204087e-06,0,1,
7058,7.058,0.0,4.118607454470899e-06,0,1,
7059,7.059,0.0,3.917740598660703e-06,0,1,
7060,7.0600000000000005,0.0,3.7266701350071037e-06,0,1,
7061,7.061,0.0,3.5449182878268055e-06,0,1,
7062,7.062,0.0,3.3720305828315486e-06,0,1,
7063,7.063,0.0,3.2075747107056614e-06,0,1,
7064,7.064,0.0,3.0511394461075906e-06,0,1,
7065,7.065,0.0,2.9023336193923506e-06,0,1,
7066,7.066,0.0,2.76078513848366e-06,0,1,
7067,7.067,0.0,2.626140058449936e-06,0,1,
7068,7.0680000000000005,0.0,2.498061696457604e-06,0,1,
7069,7.069,0.0,2.376229789888644e-06,0,1,
7070,7.07,0.0,2.2603396955172274e-06,0,1,
7071,7.071,0.0,2.150101627742971e-06,0,1,
7072,7.072,0.0,2.045239933975995e-06,0,1,
7073,7.073,0.0,1.0000019454924054,0,1,
7074,7.074,0.0,0.9512312751103351,0,1,
7075,7.075,0.0,0.9048391783902845,0,1,
7076,7.0760000000000005,0.0,0.8607096509258892,0,1,
7077,7.077,0.0,0.818732345912444,0,1,
7078,7.078,0.0,0.7788022982224136,0,1,
7079,7.079,0.0,0.74081966193794,0,1,
7080,7.08,0.0,0.7046894606840401,0,1,
7081,7.081,0.0,0.670321350138198,0,1,
7082,7.082,0.0,0.6376293921224997,0,1,
7083,7.083,0.0,0.6065318397134255,0,1,
7084,7.0840000000000005,0.0,0.5769509328319611,0,1,
7085,7.085,0.0,0.5488127038028965,0,1,
7086,7.086,0.0,0.52204679239711,0,1,
7087,7.087,0.0,0.49658626989434673,0,1,
7088,7.088,0.0,0.4723674717265557,0,1,
7089,7.089,0.0,0.44932983828330886,0,1,
7090,7.09,0.0,0.4274157634812308,0,1,
7091,7.091,0.0,0.40657045071878445,0,1,
7092,7.0920000000000005,0.0,0.38674177585622527,0,1,
7093,7.093,0.0,0.36788015687810127,0,1,
7094,7.094,0.0,0.34993842991238866,0,1,
7095,7.095,0.0,0.3328717312962449,0,1,
7096,7.096,0.0,0.31663738539348335,0,1,
7097,7.097,0.0,0.301194797883254,0,1,
7098,7.098,0.0,0.2865053542530966,0,1,
7099,7.099,0.0,0.2725323232425463,0,1,
7100,7.1000000000000005,0.0,0.25924076499584986,0,1,4.569096258037692
7101,7.101,0.0,0.24659744369412712,0,1,
7102,7.102,0.0,0.23457074444851175,0,1,
7103,7.103,0.0,0.2231305942464619,0,1,
7104,7.104,0.0,0.21224838675356428,0,1,
7105,7.105,0.0,0.20189691078279792,0,1,
7106,7.106,0.0,0.19205028225239287,0,1,
7107,7.107,0.0,0.18268387946214337,0,1,
7108,7.1080000000000005,0.0,0.17377428152633245,0,1,
7109,7.109,0.0,0.16529920980931828,0,1,
7110,7.11,0.0,0.1572374722173406,0,1,
7111,7.111,0.0,0.1495689102072479,0,1,
7112,7.112,0.0,0.1422743483796394,0,1,
7113,7.113,0.0,0.1353355465303785,0,1,
7114,7.114,0.0,0.12873515404058153,0,1,
7115,7.115,0.0,0.12245666649103314,0,1,
7116,7.1160000000000005,0.0,0.11648438439254132,0,1,
7117,7.117,0.0,0.11080337392903702,0,1,
7118,7.118,0.0,0.10539942961525531,0,1,
7119,7.119,0.0,0.10025903877562282,0,1,
7120,7.12,0.0,0.09536934775553046,0,1,
7121,7.121,0.0,0.0907181297805017,0,1,
7122,7.122,0.0,0.08629375438288772,0,1,
7123,7.123,0.0,0.08208515831964025,0,1,
7124,7.1240000000000006,0.0,0.07808181790844139,0,1,
7125,7.125,0.0,0.07427372271301624,0,1,
7126,7.126,0.0,0.07065135051182805,0,1,
7127,7.127,0.0,0.06720564348756443,0,1,
7128,7.128,0.0,0.06392798557787607,0,1,
7129,7.1290000000000004,0.0,0.060810180930733,0,1,
7130,7.13,0.0,0.05784443341052545,0,1,
7131,7.131,0.0,0.055023327103664,0,1,
7132,7.132000000000001,0.0,0.05233980777493284,0,1,
7133,7.133,0.0,0.04978716522822736,0,1,
7134,7.134,0.0,0.04735901652756867,0,1,
7135,7.135,0.0,0.045049290036438955,0,1,
7136,7.136,0.0,0.04285221023552758,0,1,
7137,7.1370000000000005,0.0,0.0407622832809245,0,1,
7138,7.138,0.0,0.03877428326664889,0,1,
7139,7.139,0.0,0.03688323915716209,0,1,
7140,7.140000000000001,0.0,0.03508442235718949,0,1,
7141,7.141,0.0,0.03337333488776934,0,1,
7142,7.142,0.0,0.031745698138962435,0,1,
7143,7.143,0.0,0.030197442171098626,0,1,
7144,7.144,0.0,0.028724695537807737,0,1,
7145,7.1450000000000005,0.0,0.027323775605387082,0,1,
7146,7.146,0.0,0.025991179344299002,0,1,
7147,7.147,0.0,0.024723574569772384,0,1,
7148,7.148000000000001,0.0,0.02351779160960507,0,1,
7149,7.149,0.0,0.022370815378332354,0,1,
7150,7.15,0.0,0.02127977783794281,0,1,
7151,7.151,0.0,0.020241950826289386,0,1,
7152,7.152,0.0,0.019254739235263003,0,1,
7153,7.1530000000000005,0.0,0.018315674521670544,0,1,
7154,7.154,0.0,0.017422408534591063,0,1,
7155,7.155,0.0,0.016572707643775386,0,1,
7156,7.156000000000001,0.0,0.015764447154407044,0,1,
7157,7.157,0.0,0.01499560599425853,0,1,
7158,7.158,0.0,0.014264261659957998,0,1,
7159,7.159,0.0,0.013568585409729446,0,1,
7160,7.16,0.0,0.012906837690585725,0,1,
7161,7.1610000000000005,0.0,0.012277363788539985,0,1,
7162,7.162,0.0,0.011678589690958795,0,1,
7163,7.163,0.0,0.011109018150710706,0,1,
7164,7.164000000000001,0.0,0.01056722494226853,0,1,
7165,7.165,0.0,0.010051855300403685,0,1,
7166,7.166,0.0,0.009561620532567448,0,1,
7167,7.167,0.0,0.009095294796488344,0,1,
7168,7.168,0.0,0.008651712034927947,0,1,
7169,7.1690000000000005,0.0,0.008229763059930412,0,1,
7170,7.17,0.0,0.00782839277927484,0,1,
7171,7.171,0.0,0.007446597558195152,0,1,
7172,7.172,0.0,0.007083422709770397,0,1,
7173,7.173,0.0,0.006737960107710183,0,1,
7174,7.174,0.0,0.006409345915565926,0,1,
7175,7.175,0.0,0.006096758426689778,0,1,
7176,7.176,0.0,0.005799416009539996,0,1,
7177,7.1770000000000005,0.0,0.005516575153194958,0,1,
7178,7.178,0.0,0.005247528608188578,0,1,
7179,7.179,0.0,0.004991603618018254,0,1,
7180,7.18,0.0,0.004748160236903185,0,1,
7181,7.181,0.0,0.0045165897295865905,0,1,
7182,7.182,0.0,0.004296313049180488,0,1,
7183,7.183,0.0,0.0040867793892468635,0,1,
7184,7.184,0.0,0.0038874648064946733,0,1,
7185,7.1850000000000005,0.0,0.0036978709106487077,0,1,
7186,7.186,0.0,0.0035175236182143016,0,1,
7187,7.187,0.0,0.0033459719670216595,0,1,
7188,7.188,0.0,0.003182786988585535,0,1,
7189,7.189,0.0,0.003027560635460579,0,1,
7190,7.19,0.0,0.0028799047609101825,0,1,
7191,7.191,0.0,0.002739450148337459,0,1,
7192,7.192,0.0,0.002605845588051437,0,1,
7193,7.1930000000000005,0.0,0.002478756999059893,0,1,
7194,7.194,0.0,0.002357866593692859,0,1,
7195,7.195,0.0,0.002242872082967917,0,1,
7196,7.196,0.0,0.0021334859207102898,0,1,
7197,7.197,0.0,0.002029434584537625,0,1,
7198,7.198,0.0,0.0019304578919115706,0,1,
7199,7.199,0.0,0.0018363083495459048,0,1,
7200,7.2,0.0,0.001746750534544407,0,1,5.2552579846816965
7201,7.2010000000000005,0.0,0.001661560505720991,0,1,
7202,7.202,0.0,0.0015805252436300937,0,1,
7203,7.203,0.0,0.0015034421179071049,0,1,
7204,7.204,0.0,0.00143011838058691,0,1,
7205,7.205,0.0,0.0013603706841335795,0,1,
7206,7.206,0.0,0.0012940246229760275,0,1,
7207,7.207,0.0,0.0012309142974032401,0,1,
7208,7.208,0.0,0.0011708818987285847,0,1,
7209,7.2090000000000005,0.0,0.001113777314685895,0,1,
7210,7.21,0.0,0.0010594577540706145,0,1,
7211,7.211,0.0,0.0010077873896874097,0,1,
7212,7.212,0.0,0.0009586370187114315,0,1,
7213,7.213,0.0,0.0009118837396139552,0,1,
7214,7.214,0.0,0.0008674106448445416,0,1,
7215,7.215,0.0,0.0008251065285012666,0,1,
7216,7.216,0.0,0.0007848656082580417,0,1,
7217,7.2170000000000005,0.0,0.0007465872608536999,0,1,
7218,7.218,0.0,0.0007101757704814294,0,1,
7219,7.219,0.0,0.0006755400894494012,0,1,
7220,7.22,0.0,0.0006425936105141147,0,1,
7221,7.221,0.0,0.0006112539503171774,0,1,
7222,7.222,0.0,0.0005814427433839967,0,1,
7223,7.223,0.0,0.0005530854461692755,0,1,
7224,7.224,0.0,0.0005261111506593205,0,1,
7225,7.2250000000000005,0.0,0.0005004524070650739,0,1,
7226,7.226,0.0,0.0004760450551625073,0,1,
7227,7.227,0.0,0.00045282806385864245,0,1,
7228,7.228,0.0,0.00043074337858202904,0,1,
7229,7.229,0.0,0.00040973577611607667,0,1,
7230,7.23,0.0,0.000389752726512249,0,1,
7231,7.231,0.0,0.0003707442617378308,0,1,
7232,7.232,0.0,0.00035266285072981885,0,1,
7233,7.2330000000000005,0.0,0.0003354632805425068,0,1,
7234,7.234,0.0,0.0003191025432915703,0,1,
7235,7.235,0.0,0.0003035397286119546,0,1,
7236,7.236,0.0,0.00028873592136065247,0,1,
7237,7.237,0.0,0.00027465410430857685,0,1,
7238,7.238,0.0,0.0002612590655782066,0,1,
7239,7.239,0.0,0.0002485173105955518,0,1,
7240,7.24,0.0,0.00023639697833627193,0,1,
7241,7.2410000000000005,0.0,0.00022486776165651972,0,1,
7242,7.242,0.0,0.00021390083150929498,0,1,
7243,7.243,0.0,0.00020346876485681086,0,1,
7244,7.244,0.0,0.0001935454760986153,0,1,
7245,7.245,0.0,0.00018410615184400253,0,1,
7246,7.246,0.0,0.0001751271888656116,0,1,
7247,7.247,0.0,0.00016658613507906356,0,1,
7248,7.248,0.0,0.00015846163340105582,0,1,
7249,7.2490000000000006,0.0,0.00015073336834552946,0,1,
7250,7.25,0.0,0.00014338201522437214,0,1,
7251,7.251,0.0,0.00013638919182563212,0,1,
7252,7.252,0.0,0.00012973741244841352,0,1,
7253,7.253,0.0,0.00012341004417951618,0,1,
7254,7.2540000000000004,0.0,0.00011739126530248887,0,1,
7255,7.255,0.0,0.00011166602573509713,0,1,
7256,7.256,0.0,0.00010622000939627836,0,1,
7257,7.257000000000001,0.0,0.0001010395984084823,0,1,
7258,7.258,0.0,9.611183904588388e-05,0,1,
7259,7.259,0.0,9.142440934332138e-05,0,1,
7260,7.26,0.0,8.696558828496529e-05,0,1,
7261,7.261,0.0,8.272422649567356e-05,0,1,
7262,7.2620000000000005,0.0,7.868971836174629e-05,0,1,
7263,7.263,0.0,7.485197551136719e-05,0,1,
7264,7.264,0.0,7.120140158841935e-05,0,1,
7265,7.265000000000001,0.0,6.772886825659637e-05,0,1,
7266,7.266,0.0,6.442569237380684e-05,0,1,
7267,7.267,0.0,6.128361427979632e-05,0,1,
7268,7.268,0.0,5.829477714269439e-05,0,1,
7269,7.269,0.0,5.545170731284256e-05,0,1,
7270,7.2700000000000005,0.0,5.274729563477727e-05,0,1,
7271,7.271,0.0,5.01747796706382e-05,0,1,
7272,7.272,0.0,4.7727726790551305e-05,0,1,
7273,7.273000000000001,0.0,4.5400018087703426e-05,0,1,
7274,7.274,0.0,4.3185833077888135e-05,0,1,
7275,7.275,0.0,4.107963514526343e-05,0,1,
7276,7.276,0.0,3.907615769792823e-05,0,1,
7277,7.277,0.0,3.717039099869942e-05,0,1,
7278,7.2780000000000005,0.0,3.535756963815937e-05,0,1,
7279,7.279,0.0,3.363316061865026e-05,0,1,
7280,7.28,0.0,3.1992852019418764e-05,0,1,
7281,7.281000000000001,0.0,3.0432542214568216e-05,0,1,
7282,7.282,0.0,2.894832961685741e-05,0,1,
7283,7.283,0.0,2.753650292170025e-05,0,1,
7284,7.284,0.0,2.619353182697116e-05,0,1,
7285,7.285,0.0,2.4916058205410913e-05,0,1,
7286,7.2860000000000005,0.0,2.3700887707559316e-05,0,1,
7287,7.287,0.0,2.2544981774217695e-05,0,1,
7288,7.288,0.0,2.1445450038468184e-05,0,1,
7289,7.289000000000001,0.0,2.0399543098250907e-05,0,1,
7290,7.29,0.0,1.940464564142672e-05,0,1,
7291,7.291,0.0,1.8458269906134628e-05,0,1,
7292,7.292,0.0,1.755804946009129e-05,0,1,
7293,7.293,0.0,1.670173328327771e-05,0,1,
7294,7.2940000000000005,0.0,1.5887180139216676e-05,0,1,
7295,7.295,0.0,1.5112353220766252e-05,0,1,
7296,7.296,0.0,1.4375315057040993e-05,0,1,
7297,7.297,0.0,1.3674222668725553e-05,0,1,
7298,7.298,0.0,1.3007322959666425e-05,0,1,
7299,7.299,0.0,1.2372948333218417e-05,0,1,
7300,7.3,0.0,1.1769512522384423e-05,0,1,5.478427845760355
7301,7.301,0.0,1.1195506623321683e-05,0,1,
7302,7.3020000000000005,0.0,1.0649495322296216e-05,0,1,
7303,7.303,0.0,1.0130113306650876e-05,0,1,
7304,7.304,0.0,9.636061850812538e-06,0,1,
7305,7.305,0.0,9.166105568801695e-06,0,1,
7306,7.306,0.0,8.719069325124026e-06,0,1,
7307,7.307,0.0,8.293835296319556e-06,0,1,
7308,7.308,0.0,7.88934017582176e-06,0,1,
7309,7.309,0.0,7.504572515137294e-06,0,1,
7310,7.3100000000000005,0.0,7.1385701946979245e-06,0,1,
7311,7.311,0.0,6.790418018060456e-06,0,1,
7312,7.312,0.0,6.459245423438927e-06,0,1,
7313,7.313,0.0,6.144224306846681e-06,0,1,
7314,7.314,0.0,5.844566951405066e-06,0,1,
7315,7.315,0.0,5.559524057640934e-06,0,1,
7316,7.316,0.0,5.28838286984766e-06,0,1,
7317,7.317,0.0,5.030465393824624e-06,0,1,
7318,7.3180000000000005,0.0,4.785126701538555e-06,0,1,
7319,7.319,0.0,4.5517533184675195e-06,0,1,
7320,7.32,0.0,4.3297616895950735e-06,0,1,
7321,7.321,0.0,4.118596720218761e-06,0,1,
7322,7.322,0.0,3.9177303879242205e-06,0,1,
7323,7.323,0.0,3.7266604222541154e-06,0,1,
7324,7.324,0.0,3.54490904877037e-06,0,1,
7325,7.325,0.0,3.3720217943692125e-06,0,1,
7326,7.3260000000000005,0.0,3.207566350861691e-06,0,1,
7327,7.327,0.0,3.0511314939780216e-06,0,1,
7328,7.328,0.0,2.9023260550927174e-06,0,1,
7329,7.329,0.0,2.760777943099273e-06,0,1,
7330,7.33,0.0,2.6261332139885864e-06,0,1,
7331,7.331,0.0,2.4980551858045735e-06,0,1,
7332,7.332,0.0,2.3762235967639088e-06,0,1,
7333,7.333,0.0,2.26033380443475e-06,0,1,
7334,7.3340000000000005,0.0,2.1500960239719767e-06,0,1,
7335,7.335,0.0,2.045234603504137e-06,0,1,
7336,7.336,0.0,1.945487334860186e-06,0,1,
7337,7.337,0.0,1.8506047979124826e-06,0,1,
7338,7.338,0.0,1.760349736896551e-06,0,1,
7339,7.339,0.0,1.6744964671480895e-06,0,1,
7340,7.34,0.0,1.592830310773756e-06,0,1,
7341,7.341,0.0,1.5151470598446134e-06,0,1,
7342,7.3420000000000005,0.0,1.4412524657699406e-06,0,1,
7343,7.343,0.0,1.3709617535745756e-06,0,1,
7344,7.344,0.0,1.3040991598652333e-06,0,1,
7345,7.345,0.0,1.2404974933304705e-06,0,1,
7346,7.346,0.0,1.1799977166753217e-06,0,1,
7347,7.347,0.0,1.1224485489452229e-06,0,1,
7348,7.348,0.0,1.0677060872448259e-06,0,1,
7349,7.349,0.0,1.0156334469058048e-06,0,1,
7350,7.3500000000000005,0.0,9.661004192038852e-07,0,1,
7351,7.351,0.0,9.189831457692103e-07,0,1,
7352,7.352,0.0,8.741638088759017e-07,0,1,
7353,7.353,0.0,8.315303368363761e-07,0,1,
7354,7.354,0.0,7.90976123763751e-07,0,1,
7355,7.355,0.0,7.523997630015984e-07,0,1,
7356,7.356,0.0,7.157047935544841e-07,0,1,
7357,7.357,0.0,6.807994588852342e-07,0,1,
7358,7.3580000000000005,0.0,6.475964774757988e-07,0,1,
7359,7.359,0.0,1.0000006160128245,0,1,
7360,7.36,0.0,0.9512300104702386,0,1,
7361,7.361,0.0,0.9048379754274132,0,1,
7362,7.362,0.0,0.8607085066322094,0,1,
7363,7.363,0.0,0.8187312574266256,0,1,
7364,7.364,0.0,0.7788012628226749,0,1,
7365,7.365,0.0,0.7408186770352424,0,1,
7366,7.3660000000000005,0.0,0.704688523815614,0,1,
7367,7.367,0.0,0.6703204589613841,0,1,
7368,7.368,0.0,0.6376285444088919,0,1,
7369,7.369,0.0,0.6065310333432983,0,1,
7370,7.37,0.0,0.576950165788969,0,1,
7371,7.371,0.0,0.5488119741690325,0,1,
7372,7.372,0.0,0.5220460983479095,0,1,
7373,7.373,0.0,0.4965856096943251,0,1,
7374,7.3740000000000006,0.0,0.47236684372486903,0,1,
7375,7.375,0.0,0.4493292409096259,0,1,
7376,7.376,0.0,0.4274151952418061,0,1,
7377,7.377,0.0,0.40656991019272354,0,1,
7378,7.378,0.0,0.3867412616919314,0,1,
7379,7.3790000000000004,0.0,0.36787966778989595,0,1,
7380,7.38,0.0,0.3499379646772966,0,1,
7381,7.381,0.0,0.332871288750936,0,1,
7382,7.382000000000001,0.0,0.31663696443136385,0,1,
7383,7.383,0.0,0.3011943974516993,0,1,
7384,7.384,0.0,0.28650497335081926,0,1,
7385,7.385,0.0,0.2725319609170922,0,1,
7386,7.386,0.0,0.2592404203412167,0,1,
7387,7.3870000000000005,0.0,0.24659711584849875,0,1,
7388,7.388,0.0,0.23457043259210336,0,1,
7389,7.389,0.0,0.22313029759947,0,1,
7390,7.390000000000001,0.0,0.21224810457421692,0,1,
7391,7.391,0.0,0.20189664236549973,0,1,
7392,7.392,0.0,0.1920500269259608,0,1,
7393,7.393,0.0,0.1826836365881283,0,1,
7394,7.394,0.0,0.17377405049742287,0,1,
7395,7.3950000000000005,0.0,0.16529899004782156,0,1,
7396,7.396,0.0,0.15723726317373857,0,1,
7397,7.397,0.0,0.14956871135882266,0,1,
7398,7.398000000000001,0.0,0.14227415922916628,0,1,
7399,7.399,0.0,0.1353353666048828,0,1,
7400,7.4,0.0,0.1287349828901558,0,1,5.4766103819085385
7401,7.401,0.0,0.12245650368771217,0,1,
7402,7.402,0.0,0.11648422952923201,0,1,
7403,7.4030000000000005,0.0,0.11080322661850045,0,1,
7404,7.404,0.0,0.10539928948913838,0,1,
7405,7.405,0.0,0.10025890548353725,0,1,
7406,7.406000000000001,0.0,0.09536922096417662,0,1,
7407,7.407,0.0,0.09071800917283515,0,1,
7408,7.408,0.0,0.08629363965732648,0,1,
7409,7.409,0.0,0.08208504918931066,0,1,
7410,7.41,0.0,0.07808171410046078,0,1,
7411,7.4110000000000005,0.0,0.07427362396781059,0,1,
7412,7.412,0.0,0.0706512565824829,0,1,
7413,7.413,0.0,0.0672055541392075,0,1,
7414,7.414000000000001,0.0,0.06392790058708993,0,1,
7415,7.415,0.0,0.06081010008499641,0,1,
7416,7.416,0.0,0.05784435650768196,0,1,
7417,7.417,0.0,0.05502325395141644,0,1,
7418,7.418,0.0,0.0523397381903625,0,1,
7419,7.4190000000000005,0.0,0.049787099037336566,0,1,
7420,7.42,0.0,0.047358953564845714,0,1,
7421,7.421,0.0,0.04504923014444423,0,1,
7422,7.422000000000001,0.0,0.042852153264499905,0,1,
7423,7.423,0.0,0.04076222908840664,0,1,
7424,7.424,0.0,0.03877423171713131,0,1,
7425,7.425,0.0,0.03688319012174415,0,1,
7426,7.426,0.0,0.03508437571325711,0,1,
7427,7.4270000000000005,0.0,0.033373290518688384,0,1,
7428,7.428,0.0,0.03174565593378709,0,1,
7429,7.429,0.0,0.030197402024293968,0,1,
7430,7.43,0.0,0.028724657348985848,0,1,
7431,7.431,0.0,0.027323739279056014,0,1,
7432,7.432,0.0,0.025991144789624006,0,1,
7433,7.433,0.0,0.024723541700348774,0,1,
7434,7.434,0.0,0.02351776034324217,0,1,
7435,7.4350000000000005,0.0,0.022370785636847964,0,1,
7436,7.436,0.0,0.02127974954696773,0,1,
7437,7.437,0.0,0.020241923915081443,0,1,
7438,7.438,0.0,0.01925471363653016,0,1,
7439,7.439,0.0,0.018315650171402634,0,1,
7440,7.44,0.0,0.017422385371899732,0,1,
7441,7.441,0.0,0.01657268561074184,0,1,
7442,7.442,0.0,0.015764426195937223,0,1,
7443,7.4430000000000005,0.0,0.014995586057945345,0,1,
7444,7.444,0.0,0.014264242695950282,0,1,
7445,7.445,0.0,0.0135685673706073,0,1,
7446,7.446,0.0,0.01290682053124195,0,1,
7447,7.447,0.0,0.01227734746606728,0,1,
7448,7.448,0.0,0.011678574164542477,0,1,
7449,7.449,0.0,0.011109003381526648,0,1,
7450,7.45,0.0,0.01056721089338608,0,1,
7451,7.4510000000000005,0.0,0.010051841936693316,0,1,
7452,7.452,0.0,0.009561607820612925,0,1,
7453,7.453,0.0,0.009095282704503159,0,1,
7454,7.454,0.0,0.008651700532675837,0,1,
7455,7.455,0.0,0.008229752118649758,0,1,
7456,7.456,0.0,0.007828382371606742,0,1,
7457,7.457,0.0,0.007446587658115016,0,1,
7458,7.458,0.0,0.007083413292522866,0,1,
7459,7.4590000000000005,0.0,0.006737951149747234,0,1,
7460,7.46,0.0,0.006409337394487986,0,1,
7461,7.461,0.0,0.006096750321189713,0,1,
7462,7.462,0.0,0.005799408299349834,0,1,
7463,7.463,0.0,0.005516567819035207,0,1,
7464,7.464,0.0,0.005247521631720019,0,1,
7465,7.465,0.0,0.004991596981796081,0,1,
7466,7.466,0.0,0.004748153924333387,0,1,
7467,7.4670000000000005,0.0,0.004516583724884455,0,1,
7468,7.468,0.0,0.004296307337331131,0,1,
7469,7.469,0.0,0.004086773955967687,0,1,
7470,7.47,0.0,0.003887459638199649,0,1,
7471,7.471,0.0,0.003697865994414406,0,1,
7472,7.472,0.0,0.003517518941747576,0,1,
7473,7.473,0.0,0.0033459675186289072,0,1,
7474,7.474,0.0,0.0031827827571434576,0,1,
7475,7.4750000000000005,0.0,0.003027556610388367,0,1,
7476,7.476,0.0,0.002879900932143059,0,1,
7477,7.477,0.0,0.0027394465063015115,0,1,
7478,7.478,0.0,0.0026058421236396785,0,1,
7479,7.479,0.0,0.00247875370360949,0,1,
7480,7.48,0.0,0.0023578634589634683,0,1,
7481,7.481,0.0,0.002242869101121083,0,1,
7482,7.482,0.0,0.0021334830842898414,0,1,
7483,7.4830000000000005,0.0,0.002029431886451034,0,1,
7484,7.484,0.0,0.0019304553254122156,0,1,
7485,7.485,0.0,0.0018363059082162005,0,1,
7486,7.486,0.0,0.0017467482122797574,0,1,
7487,7.487,0.0,0.0016615582967145247,0,1,
7488,7.488,0.0,0.001580523142358144,0,1,
7489,7.489,0.0,0.0015034401191153974,0,1,
7490,7.49,0.0,0.0014301164792774243,0,1,
7491,7.4910000000000005,0.0,0.0013603688755520517,0,1,
7492,7.492,0.0,0.0012940229026000617,0,1,
7493,7.493,0.0,0.0012309126609310003,0,1,
7494,7.494,0.0,0.001170880342068038,0,1,
7495,7.495,0.0,0.001113775833944579,0,1,
7496,7.496,0.0,0.0010594563455459047,0,1,
7497,7.497,0.0,0.0010077860498572606,0,1,
7498,7.498,0.0,0.0009586357442255698,0,1,
7499,7.4990000000000006,0.0,0.0009118825272855025,0,1,
7500,7.5,0.0,0.0008674094916420452,0,1,5.4739109028864155
7501,7.501,0.0,0.0008251054315411196,0,1,
7502,7.502,0.0,0.0007848645647972725,0,1,
7503,7.503,0.0,0.0007465862682831129,0,1,
7504,7.5040000000000004,0.0,0.0007101748263190811,0,1,
7505,7.505,0.0,0.000675539191334394,0,1,
7506,7.506,0.0,0.0006425927562006934,0,1,
7507,7.507000000000001,0.0,0.0006112531376691133,0,1,
7508,7.508,0.0,0.0005814419703692464,0,1,
7509,7.509,0.0,0.0005530847108548994,0,1,
7510,7.51,0.0,0.0005261104512066497,0,1,
7511,7.511,0.0,0.0005004517417251124,0,1,
7512,7.5120000000000005,0.0,0.0004760444222715586,0,1,
7513,7.513,0.0,0.0004528274618341496,0,1,
7514,7.514,0.0,0.0004307428059186171,0,1,
7515,7.515000000000001,0.0,0.00040973523138178894,0,1,
7516,7.516,0.0,0.000389752208344966,0,1,
7517,7.517,0.0,0.0003707437688418644,0,1,
7518,7.518,0.0,0.00035266238187267243,0,1,
7519,7.519,0.0,0.00033546283455179325,0,1,
7520,7.5200000000000005,0.0,0.0003191021190520805,0,1,
7521,7.521,0.0,0.0003035393250628689,0,1,
7522,7.522,0.0,0.00028873553749288796,0,1,
7523,7.523000000000001,0.0,0.00027465373916226414,0,1,
7524,7.524,0.0,0.0002612587182402897,0,1,
7525,7.525,0.0,0.000248516980197505,0,1,
7526,7.526,0.0,0.000236396664051928,0,1,
7527,7.527,0.0,0.00022486746270000408,0,1,
7528,7.5280000000000005,0.0,0.00021390054713306067,0,1,
7529,7.529,0.0,0.00020346849434976915,0,1,
7530,7.53,0.0,0.0001935452187843577,0,1,
7531,7.531000000000001,0.0,0.00018410590707910936,0,1,
7532,7.532,0.0,0.00017512695603804314,0,1,
7533,7.533,0.0,0.00016658591360662963,0,1,
7534,7.534,0.0,0.00015846142272995996,0,1,
7535,7.535,0.0,0.00015073316794898418,0,1,
7536,7.5360000000000005,0.0,0.0001433818246012817,0,1,
7537,7.537,0.0,0.00013638901049933951,0,1,
7538,7.538,0.0,0.00012973723996550856,0,1,
7539,7.539000000000001,0.0,0.00012340988010870173,0,1,
7540,7.54,0.0,0.00011739110923350247,0,1,
7541,7.541,0.0,0.00011166587727768501,0,1,
7542,7.542,0.0,0.00010621986817921967,0,1,
7543,7.543,0.0,0.00010103946407866083,0,1,
7544,7.5440000000000005,0.0,9.611171126740511e-05,0,1,
7545,7.545,0.0,9.142428779667256e-05,0,1,
7546,7.546,0.0,8.696547266621649e-05,0,1,
7547,7.547000000000001,0.0,8.272411651571769e-05,0,1,
7548,7.548,0.0,7.868961374557615e-05,0,1,
7549,7.549,0.0,7.485187599738787e-05,0,1,
7550,7.55,0.0,7.120130692779408e-05,0,1,
7551,7.551,0.0,6.772877821262426e-05,0,1,
7552,7.5520000000000005,0.0,6.442560672133107e-05,0,1,
7553,7.553,0.0,6.12835328046411e-05,0,1,
7554,7.554,0.0,5.8294699641129375e-05,0,1,
7555,7.555,0.0,5.5451633591073475e-05,0,1,
7556,7.556,0.0,5.2747225508461285e-05,0,1,
7557,7.557,0.0,5.017471296442301e-05,0,1,
7558,7.558,0.0,4.7727663337636615e-05,0,1,
7559,7.559,0.0,4.539995772942391e-05,0,1,
7560,7.5600000000000005,0.0,4.3185775663316645e-05,0,1,
7561,7.561,0.0,4.1079580530833635e-05,0,1,
7562,7.562,0.0,3.9076105747075616e-05,0,1,
7563,7.563,0.0,3.717034158151978e-05,0,1,
7564,7.564,0.0,3.535752263108402e-05,0,1,
7565,7.565,0.0,3.3633115904137025e-05,0,1,
7566,7.566,0.0,3.199280948565807e-05,0,1,
7567,7.567,0.0,3.043250175520351e-05,0,1,
7568,7.5680000000000005,0.0,2.8948291130719204e-05,0,1,
7569,7.569,0.0,2.7536466312553152e-05,0,1,
7570,7.57,0.0,2.6193497003273234e-05,0,1,
7571,7.571,0.0,2.4916025080084775e-05,0,1,
7572,7.572,0.0,2.37008561977744e-05,0,1,
7573,7.573,0.0,2.2544951801183123e-05,0,1,
7574,7.574,0.0,2.1445421527235757e-05,0,1,
7575,7.575,0.0,2.039951597752769e-05,0,1,
7576,7.5760000000000005,0.0,1.9404619843396786e-05,0,1,
7577,7.577,0.0,1.845824536628946e-05,0,1,
7578,7.578,0.0,1.7558026117068493e-05,0,1,
7579,7.579,0.0,1.670171107870757e-05,0,1,
7580,7.58,0.0,1.58871590175762e-05,0,1,
7581,7.581,0.0,1.5112333129240336e-05,0,1,
7582,7.582,0.0,1.437529594539036e-05,0,1,
7583,7.583,0.0,1.367420448916112e-05,0,1,
7584,7.5840000000000005,0.0,1.3007305666729813e-05,0,1,
7585,7.585,0.0,1.2372931883668275e-05,0,1,
7586,7.586,0.0,1.1769496875088309e-05,0,1,
7587,7.587,0.0,1.1195491739153203e-05,0,1,
7588,7.588,0.0,1.06494811640372e-05,0,1,
7589,7.589,0.0,1.0130099838898299e-05,0,1,
7590,7.59,0.0,9.636049039890005e-06,0,1,
7591,7.591,0.0,9.166093382675228e-06,0,1,
7592,7.5920000000000005,0.0,8.71905773332196e-06,0,1,
7593,7.593,0.0,8.29382426985635e-06,0,1,
7594,7.594,0.0,7.88932968712551e-06,0,1,
7595,7.595,0.0,7.504562537980797e-06,0,1,
7596,7.596,0.0,7.138560704133091e-06,0,1,
7597,7.597,0.0,6.790408990355933e-06,0,1,
7598,7.598,0.0,6.459236836020748e-06,0,1,
7599,7.599,0.0,6.144216138241829e-06,0,1,
7600,7.6000000000000005,0.0,5.8445591811877745e-06,0,1,5.472508146662568
7601,7.601,0.0,5.559516666381611e-06,0,1,
7602,7.602,0.0,5.288375839064308e-06,0,1,
7603,7.603,0.0,5.030458705936622e-06,0,1,
7604,7.604,0.0,4.7851203398227e-06,0,1,
7605,7.605,0.0,4.5517472670162076e-06,0,1,
7606,7.606,0.0,4.329755933276525e-06,0,1,
7607,7.607,0.0,4.11859124463918e-06,0,1,
7608,7.6080000000000005,0.0,3.917725179391807e-06,0,1,
7609,7.609,0.0,3.726655467744825e-06,0,1,
7610,7.61,0.0,3.5449043358953493e-06,0,1,
7611,7.611,0.0,3.372017311343819e-06,0,1,
7612,7.612,0.0,3.207562086476026e-06,0,1,
7613,7.613,0.0,3.0511274375688997e-06,0,1,
7614,7.614,0.0,2.902322196517003e-06,0,1,
7615,7.615,0.0,2.760774272708517e-06,0,1,
7616,7.6160000000000005,0.0,2.6261297226049e-06,0,1,
7617,7.617,0.0,2.4980518646976787e-06,0,1,
7618,7.618,0.0,2.3762204376293083e-06,0,1,
7619,7.619,0.0,2.260330799372962e-06,0,1,
7620,7.62,0.0,2.1500931654687815e-06,0,1,
7621,7.621,0.0,2.0452318844117876e-06,0,1,
7622,7.622,0.0,1.9454847483795356e-06,0,1,
7623,7.623,0.0,1.850602337575982e-06,0,1,
7624,7.6240000000000006,0.0,1.7603473965520775e-06,0,1,
7625,7.625,0.0,1.6744942409435628e-06,0,1,
7626,7.626,0.0,1.5928281931425052e-06,0,1,
7627,7.627,0.0,1.5151450454914573e-06,0,1,
7628,7.628,0.0,1.4412505496579472e-06,0,1,
7629,7.6290000000000004,0.0,1.3709599309124669e-06,0,1,
7630,7.63,0.0,1.3040974260954044e-06,0,1,
7631,7.631,0.0,1.240495844117594e-06,0,1,
7632,7.632000000000001,0.0,1.1799961478955063e-06,0,1,
7633,7.633,0.0,1.122447056675702e-06,0,1,
7634,7.634,0.0,1.0677046677541482e-06,0,1,
7635,7.635,0.0,1.0156320966445044e-06,0,1,
7636,7.636,0.0,9.660991347956055e-07,0,1,
7637,7.6370000000000005,0.0,9.189819240022616e-07,0,1,
7638,7.638,0.0,8.741626466952302e-07,0,1,
7639,7.639,0.0,8.315292313359248e-07,0,1,
7640,7.640000000000001,0.0,7.909750721791929e-07,0,1,
7641,7.641,0.0,7.523987627034244e-07,0,1,
7642,7.642,0.0,7.157038420414277e-07,0,1,
7643,7.643,0.0,6.807985537780172e-07,0,1,
7644,7.644,0.0,6.475956165111817e-07,0,1,
7645,7.6450000000000005,0.0,6.160120056031164e-07,0,1,
7646,7.646,0.0,5.85968745575383e-07,0,1,
7647,7.647,0.0,5.573907126290769e-07,0,1,
7648,7.648000000000001,0.0,5.302064467961996e-07,0,1,
7649,7.649,0.0,5.043479732525174e-07,0,1,
7650,7.65,0.0,4.797506323450936e-07,0,1,
7651,7.651,0.0,4.5635291790947704e-07,0,1,
7652,7.652,0.0,4.3409632347225343e-07,0,1,
7653,7.6530000000000005,0.0,4.129251959543874e-07,0,1,
7654,7.654,0.0,3.927865965095365e-07,0,1,
7655,7.655,0.0,3.7363016814936057e-07,0,1,
7656,7.656000000000001,0.0,3.5540800982482126e-07,0,1,
7657,7.657,0.0,3.3807455664860883e-07,0,1,
7658,7.658,0.0,3.215864659591902e-07,0,1,
7659,7.659,0.0,3.05902508941579e-07,0,1,
7660,7.66,0.0,2.9098346753382267e-07,0,1,
7661,7.6610000000000005,0.0,2.7679203636142034e-07,0,1,
7662,7.662,0.0,2.632927294544546e-07,0,1,
7663,7.663,0.0,2.5045179151418305e-07,0,1,
7664,7.664000000000001,0.0,2.3823711350720916e-07,0,1,
7665,7.665,0.0,2.2661815237617384e-07,0,1,
7666,7.666,0.0,2.1556585466620297e-07,0,1,
7667,7.667,0.0,2.0505258387613681e-07,0,1,
7668,7.668,0.0,1.9505205135288202e-07,0,1,
7669,7.6690000000000005,0.0,1.855392505560857e-07,0,1,
7670,7.67,0.0,1.7649039452875917e-07,0,1,
7671,7.671,0.0,1.6788285641749555e-07,0,1,
7672,7.672000000000001,0.0,1.596951128935503e-07,0,1,
7673,7.673,0.0,1.0000001519066903,0,1,
7674,7.674,0.0,0.9512295689988276,0,1,
7675,7.675,0.0,0.904837555486817,0,1,
7676,7.676,0.0,0.8607081071723578,0,1,
7677,7.6770000000000005,0.0,0.8187308774486608,0,1,
7678,7.678,0.0,0.7788009013764542,0,1,
7679,7.679,0.0,0.7408183332169619,0,1,
7680,7.68,0.0,0.7046881967655488,0,1,
7681,7.681,0.0,0.670320147861739,0,1,
7682,7.682,0.0,0.6376282484817555,0,1,
7683,7.683,0.0,0.6065307518486985,0,1,
7684,7.684,0.0,0.5769498980230229,0,1,
7685,7.6850000000000005,0.0,0.5488117194621857,0,1,
7686,7.686,0.0,0.5220458560632621,0,1,
7687,7.687,0.0,0.49658537922603946,0,1,
7688,7.688,0.0,0.47236662449665434,0,1,
7689,7.689,0.0,0.4493290323732974,0,1,
7690,7.69,0.0,0.4274149968759144,0,1,
7691,7.691,0.0,0.40656972150125054,0,1,
7692,7.692,0.0,0.38674108220305015,0,1,
7693,7.6930000000000005,0.0,0.3678794970547907,0,1,
7694,7.694,0.0,0.3499378022690407,0,1,
7695,7.695,0.0,0.33287113426342424,0,1,
7696,7.696,0.0,0.316636817478297,0,1,
7697,7.697,0.0,0.3011942576656181,0,1,
7698,7.698,0.0,0.28650484038218565,0,1,
7699,7.699,0.0,0.2725318344334154,0,1,
7700,7.7,0.0,0.2592403000262216,0,1,5.470190547535893
7701,7.7010000000000005,0.0,0.24659700140133523,0,1,
7702,7.702,0.0,0.23457032372659387,0,1,
7703,7.703,0.0,0.22313019404339407,0,1,
7704,7.704,0.0,0.2122480060686304,0,1,
7705,7.705,0.0,0.20189654866408735,0,1,
7706,7.706,0.0,0.1920499377944202,0,1,
7707,7.707,0.0,0.18268355180358425,0,1,
7708,7.708,0.0,0.17377396984786983,0,1,
7709,7.7090000000000005,0.0,0.16529891333159366,0,1,
7710,7.71,0.0,0.15723719019900526,0,1,
7711,7.711,0.0,0.1495686419431091,0,1,
7712,7.712,0.0,0.14227409319889703,0,1,
7713,7.713,0.0,0.13533530379494776,0,1,
7714,7.714,0.0,0.12873492314349747,0,1,
7715,7.715,0.0,0.12245644685493275,0,1,
7716,7.716,0.0,0.11648417546821994,0,1,
7717,7.7170000000000005,0.0,0.11080317519407505,0,1,
7718,7.718,0.0,0.1053992405727118,0,1,
7719,7.719,0.0,0.10025885895279295,0,1,
7720,7.72,0.0,0.0953691767027635,0,1,
7721,7.721,0.0,0.09071796707007662,0,1,
7722,7.722,0.0,0.08629359960794371,0,1,
7723,7.723,0.0,0.08208501109315934,0,1,
7724,7.724,0.0,0.07808167786228068,0,1,
7725,7.7250000000000005,0.0,0.0742735894969874,0,1,
7726,7.726,0.0,0.0706512237928216,0,1,
7727,7.727,0.0,0.06720552294871684,0,1,
7728,7.728,0.0,0.06392787091777745,0,1,
7729,7.729,0.0,0.06081007186267338,0,1,
7730,7.73,0.0,0.05784432966177786,0,1,
7731,7.731,0.0,0.05502322841480254,0,1,
7732,7.732,0.0,0.05233971389918395,0,1,
7733,7.7330000000000005,0.0,0.04978707593085278,0,1,
7734,7.734,0.0,0.04735893158527844,0,1,
7735,7.735,0.0,0.045049209236833095,0,1,
7736,7.736,0.0,0.042852133376564995,0,1,
7737,7.737,0.0,0.040762210170417756,0,1,
7738,7.738,0.0,0.038774213721783635,0,1,
7739,7.739,0.0,0.03688317300403993,0,1,
7740,7.74,0.0,0.035084359430393175,0,1,
7741,7.7410000000000005,0.0,0.0333732750299491,0,1,
7742,7.742,0.0,0.03174564120044253,0,1,
7743,7.743,0.0,0.030197388009503102,0,1,
7744,7.744,0.0,0.028724644017704398,0,1,
7745,7.745,0.0,0.027323726597948832,0,1,
7746,7.746,0.0,0.02599113272698172,0,1,
7747,7.747,0.0,0.024723530226008497,0,1,
7748,7.748,0.0,0.02351774942851207,0,1,
7749,7.7490000000000006,0.0,0.022370775254435534,0,1,
7750,7.75,0.0,0.021279739670911527,0,1,
7751,7.751,0.0,0.020241914520686185,0,1,
7752,7.752,0.0,0.019254704700304968,0,1,
7753,7.753,0.0,0.01831564167100229,0,1,
7754,7.7540000000000004,0.0,0.017422377286068803,0,1,
7755,7.755,0.0,0.01657267791926154,0,1,
7756,7.756,0.0,0.015764418879574846,0,1,
7757,7.757000000000001,0.0,0.01499557909840617,0,1,
7758,7.758,0.0,0.014264236075831837,0,1,
7759,7.759,0.0,0.013568561073355842,0,1,
7760,7.76,0.0,0.012906814541111068,0,1,
7761,7.761,0.0,0.012277341768078529,0,1,
7762,7.7620000000000005,0.0,0.011678568744447917,0,1,
7763,7.763,0.0,0.011108998225773218,0,1,
7764,7.764,0.0,0.010567205989081712,0,1,
7765,7.765000000000001,0.0,0.010051837271574696,0,1,
7766,7.766,0.0,0.009561603383014825,0,1,
7767,7.767,0.0,0.009095278483329272,0,1,
7768,7.768,0.0,0.00865169651737103,0,1,
7769,7.769,0.0,0.008229748299173677,0,1,
7770,7.7700000000000005,0.0,0.007828378738408708,0,1,
7771,7.771,0.0,0.007446584202110141,0,1,
7772,7.772,0.0,0.007083410005069338,0,1,
7773,7.773000000000001,0.0,0.0067379480226247065,0,1,
7774,7.774,0.0,0.006409334419877024,0,1,
7775,7.775,0.0,0.006096747491652239,0,1,
7776,7.776,0.0,0.005799405607810532,0,1,
7777,7.777,0.0,0.005516565258763826,0,1,
7778,7.7780000000000005,0.0,0.005247519196314546,0,1,
7779,7.779,0.0,0.004991594665166735,0,1,
7780,7.78,0.0,0.004748151720687388,0,1,
7781,7.781000000000001,0.0,0.004516581628711539,0,1,
7782,7.782,0.0,0.004296305343389775,0,1,
7783,7.783,0.0,0.004086772059271999,0,1,
7784,7.784,0.0,0.0038874578340069013,0,1,
7785,7.785,0.0,0.003697864278213177,0,1,
7786,7.7860000000000005,0.0,0.0035175173092464682,0,1,
7787,7.787,0.0,0.003345965965745818,0,1,
7788,7.788,0.0,0.0031827812799953706,0,1,
7789,7.789000000000001,0.0,0.0030275552052816423,0,1,
7790,7.79,0.0,0.002879899595564198,0,1,
7791,7.791,0.0,0.002739445234908371,0,1,
7792,7.792,0.0,0.002605840914253113,0,1,
7793,7.793,0.0,0.0024787525532054032,0,1,
7794,7.7940000000000005,0.0,0.002357862364665251,0,1,
7795,7.795,0.0,0.0022428680601924195,0,1,
7796,7.796,0.0,0.002133482094127868,0,1,
7797,7.797000000000001,0.0,0.00202943094457983,0,1,
7798,7.798,0.0,0.0019304544294766123,0,1,
7799,7.799,0.0,0.0018363050559758922,0,1,
7800,7.8,0.0,0.0017467474016036994,0,1,5.4964172265542866
7801,7.801,0.0,0.0016615575255756047,0,1,
7802,7.8020000000000005,0.0,0.0015805224088281129,0,1,
7803,7.803,0.0,0.001503439421360048,0,1,
7804,7.804,0.0,0.001430115815552005,0,1,
7805,7.805000000000001,0.0,0.001360368244196903,0,1,
7806,7.806,0.0,0.0012940223020364667,0,1,
7807,7.807,0.0,0.0012309120896572374,0,1,
7808,7.808,0.0,0.0011708797986556252,0,1,
7809,7.809,0.0,0.0011137753170347023,0,1,
7810,7.8100000000000005,0.0,0.00105945585384602,0,1,
7811,7.811,0.0,0.0010077855821378622,0,1,
7812,7.812,0.0,0.0009586352993171157,0,1,
7813,7.813,0.0,0.0009118821040754897,0,1,
7814,7.814,0.0,0.0008674090890722283,0,1,
7815,7.815,0.0,0.0008251050486048643,0,1,
7816,7.816,0.0,0.0007848642005370387,0,1,
7817,7.817,0.0,0.0007465859217880603,0,1,
7818,7.8180000000000005,0.0,0.0007101744967227916,0,1,
7819,7.819,0.0,0.0006755388778127053,0,1,
7820,7.82,0.0,0.0006425924579696378,0,1,
7821,7.821,0.0,0.0006112528539829578,0,1,
7822,7.822,0.0,0.0005814417005186278,0,1,
7823,7.823,0.0,0.0005530844541650509,0,1,
7824,7.824,0.0,0.0005261102070357129,0,1,
7825,7.825,0.0,0.0005004515094625327,0,1,
7826,7.8260000000000005,0.0,0.0004760442013365586,0,1,
7827,7.827,0.0,0.0004528272516742767,0,1,
7828,7.828,0.0,0.0004307426060083622,0,1,
7829,7.829,0.0,0.0004097350412212722,0,1,
7830,7.83,0.0,0.0003897520274586871,0,1,
7831,7.831,0.0,0.00037074359677751346,0,1,
7832,7.832,0.0,0.0003526622181999989,0,1,
7833,7.833,0.0,0.00033546267886153016,0,1,
7834,7.8340000000000005,0.0,0.0003191019709549212,0,1,
7835,7.835,0.0,0.00030353918418849326,0,1,
7836,7.836,0.0,0.00028873540348903665,0,1,
7837,7.837,0.0,0.0002746536116938578,0,1,
7838,7.838,0.0,0.00026125859698859094,0,1,
7839,7.839,0.0,0.0002485168648593213,0,1,
7840,7.84,0.0,0.00023639655433885394,0,1,
7841,7.841,0.0,0.0002248673583376998,0,1,
7842,7.8420000000000005,0.0,0.000213900447860566,0,1,
7843,7.843,0.0,0.00020346839991885118,0,1,
7844,7.844,0.0,0.00019354512895888994,0,1,
7845,7.845,0.0,0.00018410582163448137,0,1,
7846,7.846,0.0,0.0001751268747605988,0,1,
7847,7.847,0.0,0.00016658583629313302,0,1,
7848,7.848,0.0,0.00015846134918708708,0,1,
7849,7.849,0.0,0.00015073309799283952,0,1,
7850,7.8500000000000005,0.0,0.00014338175805693847,0,1,
7851,7.851,0.0,0.0001363889472004022,0,1,
7852,7.852,0.0,0.00012973717975369684,0,1,
7853,7.853,0.0,0.00012340982283345474,0,1,
7854,7.854,0.0,0.00011739105475160223,0,1,
7855,7.855,0.0,0.0001116658254528984,0,1,
7856,7.856,0.0,0.00010621981888195773,0,1,
7857,7.857,0.0,0.00010103941718565473,0,1,
7858,7.8580000000000005,0.0,9.611166666139791e-05,0,1,
7859,7.859,0.0,9.142424536612599e-05,0,1,
7860,7.86,0.0,8.69654323050321e-05,0,1,
7861,7.861,0.0,8.272407812297149e-05,0,1,
7862,7.862,0.0,7.868957722526627e-05,0,1,
7863,7.863,0.0,7.485184125819453e-05,0,1,
7864,7.864,0.0,7.120127388285118e-05,0,1,
7865,7.865,0.0,6.772874677930225e-05,0,1,
7866,7.8660000000000005,0.0,6.442557682103027e-05,0,1,
7867,7.867,0.0,6.128350436259516e-05,0,1,
7868,7.868,0.0,5.829467258621839e-05,0,1,
7869,7.869,0.0,5.545160785564607e-05,0,1,
7870,7.87,0.0,5.2747201028165483e-05,0,1,
7871,7.871,0.0,5.017468967804532e-05,0,1,
7872,7.872,0.0,4.7727641186948966e-05,0,1,
7873,7.873,0.0,4.539993665903804e-05,0,1,
7874,7.8740000000000006,0.0,4.318575562054563e-05,0,1,
7875,7.875,0.0,4.107956146556009e-05,0,1,
7876,7.876,0.0,3.907608761162643e-05,0,1,
7877,7.877,0.0,3.7170324330546894e-05,0,1,
7878,7.878,0.0,3.535750622145101e-05,0,1,
7879,7.8790000000000004,0.0,3.3633100294811255e-05,0,1,
7880,7.88,0.0,3.19927946376081e-05,0,1,
7881,7.881,0.0,3.0432487631301487e-05,0,1,
7882,7.882000000000001,0.0,2.894827769564801e-05,0,1,
7883,7.883,0.0,2.753645353271811e-05,0,1,
7884,7.884,0.0,2.61934848467181e-05,0,1,
7885,7.885,0.0,2.4916013516411833e-05,0,1,
7886,7.886,0.0,2.370084519806844e-05,0,1,
7887,7.8870000000000005,0.0,2.2544941337939153e-05,0,1,
7888,7.888,0.0,2.144541157429022e-05,0,1,
7889,7.889,0.0,2.0399506509993035e-05,0,1,
7890,7.890000000000001,0.0,1.9404610837599244e-05,0,1,
7891,7.891,0.0,1.8458236799709847e-05,0,1,
7892,7.892,0.0,1.75580179682859e-05,0,1,
7893,7.893,0.0,1.6701703327345794e-05,0,1,
7894,7.894,0.0,1.58871516442528e-05,0,1,
7895,7.8950000000000005,0.0,1.5112326115518164e-05,0,1,
7896,7.896,0.0,1.4375289273731454e-05,0,1,
7897,7.897,0.0,1.3674198142882859e-05,0,1,
7898,7.898000000000001,0.0,1.3007299629963194e-05,0,1,
7899,7.899,0.0,1.237292614131824e-05,0,1,
7900,7.9,0.0,1.176949141279599e-05,0,1,6.1997515990644745
7901,7.901,0.0,1.1195486543260025e-05,0,1,
7902,7.902,0.0,1.0649476221550722e-05,0,1,
7903,7.9030000000000005,0.0,1.0130095137459732e-05,0,1,
7904,7.904,0.0,9.636044567743302e-06,0,1,
7905,7.905,0.0,9.166089128637693e-06,0,1,
7906,7.906000000000001,0.0,8.719053686756284e-06,0,1,
7907,7.907,0.0,8.293820420644009e-06,0,1,
7908,7.908,0.0,7.88932602564147e-06,0,1,
7909,7.909,0.0,7.504559055069441e-06,0,1,
7910,7.91,0.0,7.1385573910853266e-06,0,1,
7911,7.9110000000000005,0.0,6.790405838887414e-06,0,1,
7912,7.912,0.0,6.459233838251163e-06,0,1,
7913,7.913,0.0,6.144213286675192e-06,0,1,
7914,7.914000000000001,0.0,5.8445564686936835e-06,0,1,
7915,7.915,0.0,5.559514086177418e-06,0,1,
7916,7.916,0.0,5.2883733846981585e-06,0,1,
7917,7.917,0.0,5.030456371271322e-06,0,1,
7918,7.918,0.0,4.78511811902037e-06,0,1,
7919,7.9190000000000005,0.0,4.551745154523686e-06,0,1,
7920,7.92,0.0,4.329753923811479e-06,0,1,
7921,7.921,0.0,4.118589333176901e-06,0,1,
7922,7.922000000000001,0.0,3.917723361152643e-06,0,1,
7923,7.923,0.0,3.726653738182232e-06,0,1,
7924,7.924,0.0,3.544902690684519e-06,0,1,
7925,7.925,0.0,3.3720157463708677e-06,0,1,
7926,7.926,0.0,3.207560597827706e-06,0,1,
7927,7.9270000000000005,0.0,3.0511260215228147e-06,0,1,
7928,7.928,0.0,2.9023208495323004e-06,0,1,
7929,7.929,0.0,2.7607729914170336e-06,0,1,
7930,7.930000000000001,0.0,2.6261285038027394e-06,0,1,
7931,7.931,0.0,2.498050705337201e-06,0,1,
7932,7.932,0.0,2.3762193348115082e-06,0,1,
7933,7.933,0.0,2.2603297503402204e-06,0,1,
7934,7.934,0.0,2.1500921675979706e-06,0,1,
7935,7.9350000000000005,0.0,2.0452309352077103e-06,0,1,
7936,7.936,0.0,1.9454838454686875e-06,0,1,
7937,7.937,0.0,1.8506014787006157e-06,0,1,
7938,7.938,0.0,1.760346579564557e-06,0,1,
7939,7.939,0.0,1.6744934638009939e-06,0,1,
7940,7.94,0.0,1.5928274539016265e-06,0,1,
7941,7.941,0.0,1.5151443423037818e-06,0,1,
7942,7.942,0.0,1.4412498807651392e-06,0,1,
7943,7.9430000000000005,0.0,1.370959294641946e-06,0,1,
7944,7.944,0.0,1.3040968208561632e-06,0,1,
7945,7.945,0.0,1.2404952683962187e-06,0,1,
7946,7.946,0.0,1.1799956002523939e-06,0,1,
7947,7.947,0.0,1.1224465357414592e-06,0,1,
7948,7.948,0.0,1.0677041722261682e-06,0,1,
7949,7.949,0.0,1.0156316252837091e-06,0,1,
7950,7.95,0.0,9.660986864233475e-07,0,1,
7951,7.9510000000000005,0.0,9.189814974973767e-07,0,1,
7952,7.952,0.0,8.74162240991234e-07,0,1,
7953,7.953,0.0,8.31528845418346e-07,0,1,
7954,7.954,0.0,7.909747050830364e-07,0,1,
7955,7.955,0.0,7.523984135107587e-07,0,1,
7956,7.956,0.0,7.157035098790892e-07,0,1,
7957,7.957,0.0,6.807982378154271e-07,0,1,
7958,7.958,0.0,6.47595315958269e-07,0,1,
7959,7.9590000000000005,0.0,6.160117197083423e-07,0,1,
7960,7.96,0.0,5.859684736238615e-07,0,1,
7961,7.961,0.0,5.573904539407877e-07,0,1,
7962,7.962,0.0,5.302062007242872e-07,0,1,
7963,7.963,0.0,5.043477391816738e-07,0,1,
7964,7.964,0.0,4.797504096900198e-07,0,1,
7965,7.965,0.0,4.5635270611341925e-07,0,1,
7966,7.966,0.0,4.340961220056113e-07,0,1,
7967,7.9670000000000005,0.0,4.129250043133894e-07,0,1,
7968,7.968,0.0,3.9278641421498027e-07,0,1,
7969,7.969,0.0,3.7362999474541474e-07,0,1,
7970,7.97,0.0,3.554078448778857e-07,0,1,
7971,7.971,0.0,3.3807439974623023e-07,0,1,
7972,7.972,0.0,3.2158631670903094e-07,0,1,
7973,7.973,0.0,3.0590236697043587e-07,0,1,
7974,7.974,0.0,2.9098333248669395e-07,0,1,
7975,7.9750000000000005,0.0,2.767919079006178e-07,0,1,
7976,7.976,0.0,2.632926072587593e-07,0,1,
7977,7.977,0.0,2.504516752780421e-07,0,1,
7978,7.978,0.0,2.382370029399717e-07,0,1,
7979,7.979,0.0,2.266180472013642e-07,0,1,
7980,7.98,0.0,2.1556575462082932e-07,0,1,
7981,7.981,0.0,2.050524887100336e-07,0,1,
7982,7.982,0.0,1.9505196082808443e-07,0,1,
7983,7.9830000000000005,0.0,1.8553916444623458e-07,0,1,
7984,7.984,0.0,1.7649031261853504e-07,0,1,
7985,7.985,0.0,1.678827785020802e-07,0,1,
7986,7.986,0.0,1.596950387781146e-07,0,1,
7987,7.987,0.0,1.5190661983252516e-07,0,1,
7988,7.988,0.0,1.4449804656114166e-07,0,1,
7989,7.989,0.0,1.3745079367183214e-07,0,1,
7990,7.99,0.0,1.3074723936162327e-07,0,1,
7991,7.9910000000000005,0.0,1.24370621253014e-07,0,1,
7992,7.992,0.0,1.1830499447930078e-07,0,1,
7993,7.993,0.0,1.1253519181410543e-07,0,1,
7994,7.994,0.0,1.0704678574540897e-07,0,1,
7995,7.995,0.0,1.0182605239925661e-07,0,1,
7996,7.996,0.0,9.685993722292441e-08,0,1,
7997,7.997,0.0,9.213602234173768e-08,0,1,
7998,7.998,0.0,8.764249550791606e-08,0,1,
7999,7.9990000000000006,0.0,8.33681205638014e-08,0,1,
