k,t_phys,u_C,col_C,sup_C,epoch_C,energy_C
0,0.0,0.0,0.0,0,0,11.401100000000001
1,0.001,0.0,0.0,0,0,
2,0.002,0.0,0.0,0,0,
3,0.003,0.0,0.0,0,0,
4,0.004,0.0,0.0,0,0,
5,0.005,0.0,0.0,0,0,
6,0.006,0.0,0.0,0,0,
7,0.007,0.0,0.0,0,0,
8,0.008,0.0,0.0,0,0,
9,0.009000000000000001,0.0,0.0,0,0,
10,0.01,0.0,0.0,0,0,
11,0.011,0.0,0.0,0,0,
12,0.012,0.0,0.0,0,0,
13,0.013000000000000001,0.0,0.0,0,0,
14,0.014,0.0,0.0,0,0,
15,0.015,0.0,0.0,0,0,
16,0.016,0.0,0.0,0,0,
17,0.017,0.0,0.0,0,0,
18,0.018000000000000002,0.0,0.0,0,0,
19,0.019,0.0,0.0,0,0,
20,0.02,0.0,0.0,0,0,
21,0.021,0.0,0.0,0,0,
22,0.022,0.0,0.0,0,0,
23,0.023,0.0,0.0,0,0,
24,0.024,0.0,0.0,0,0,
25,0.025,0.0,0.0,0,0,
26,0.026000000000000002,0.0,0.0,0,0,
27,0.027,0.0,0.0,0,0,
28,0.028,0.0,0.0,0,0,
29,0.029,0.0,0.0,0,0,
30,0.03,0.0,0.0,0,0,
31,0.031,0.0,0.0,0,0,
32,0.032,0.0,0.0,0,0,
33,0.033,0.0,0.0,0,0,
34,0.034,0.0,0.0,0,0,
35,0.035,0.0,0.0,0,0,
36,0.036000000000000004,0.0,0.0,0,0,
37,0.037,0.0,0.0,0,0,
38,0.038,0.0,0.0,0,0,
39,0.039,0.0,0.0,0,0,
40,0.04,0.0,0.0,0,0,
41,0.041,0.0,0.0,0,0,
42,0.042,0.0,0.0,0,0,
43,0.043000000000000003,0.0,0.0,0,0,
44,0.044,0.0,0.0,0,0,
45,0.045,0.0,0.0,0,0,
46,0.046,0.0,0.0,0,0,
47,0.047,0.0,0.0,0,0,
48,0.048,0.0,0.0,0,0,
49,0.049,0.0,0.0,0,0,
50,0.05,0.0,0.0,0,0,
51,0.051000000000000004,0.0,0.0,0,0,
52,0.052000000000000005,0.0,0.0,0,0,
53,0.053,0.0,0.0,0,0,
54,0.054,0.0,0.0,0,0,
55,0.055,0.0,0.0,0,0,
56,0.056,0.0,0.0,0,0,
57,0.057,0.0,0.0,0,0,
58,0.058,0.0,0.0,0,0,
59,0.059000000000000004,0.0,0.0,0,0,
60,0.06,0.0,0.0,0,0,
61,0.061,0.0,0.0,0,0,
62,0.062,0.0,0.0,0,0,
63,0.063,0.0,0.0,0,0,
64,0.064,0.0,0.0,0,0,
65,0.065,0.0,0.0,0,0,
66,0.066,0.0,0.0,0,0,
67,0.067,0.0,0.0,0,0,
68,0.068,0.0,0.0,0,0,
69,0.069,0.0,0.0,0,0,
70,0.07,0.0,0.0,0,0,
71,0.07100000000000001,0.0,0.0,0,0,
72,0.07200000000000001,0.0,0.0,0,0,
73,0.073,0.0,0.0,0,0,
74,0.074,0.0,0.0,0,0,
75,0.075,0.0,0.0,0,0,
76,0.076,0.0,0.0,0,0,
77,0.077,0.0,0.0,0,0,
78,0.078,0.0,0.0,0,0,
79,0.079,0.0,0.0,0,0,
80,0.08,0.0,0.0,0,0,
81,0.081,0.0,0.0,0,0,
82,0.082,0.0,0.0,0,0,
83,0.083,0.0,0.0,0,0,
84,0.084,0.0,0.0,0,0,
85,0.085,0.0,0.0,0,0,
86,0.08600000000000001,0.0,0.0,0,0,
87,0.08700000000000001,0.0,0.0,0,0,
88,0.088,0.0,0.0,0,0,
89,0.089,0.0,0.0,0,0,
90,0.09,0.0,0.0,0,0,
91,0.091,0.0,0.0,0,0,
92,0.092,0.0,0.0,0,0,
93,0.093,0.0,0.0,0,0,
94,0.094,0.0,0.0,0,0,
95,0.095,0.0,0.0,0,0,
96,0.096,0.0,0.0,0,0,
97,0.097,0.0,0.0,0,0,
98,0.098,0.0,0.0,0,0,
99,0.099,0.0,0.0,0,0,
100,0.1,0.0,0.0,0,0,6.442416306581407
101,0.101,0.0,0.0,0,0,
102,0.10200000000000001,0.0,0.0,0,0,
103,0.10300000000000001,0.0,0.0,0,0,
104,0.10400000000000001,0.0,0.0,0,0,
105,0.105,0.0,0.0,0,0,
106,0.106,0.0,0.0,0,0,
107,0.107,0.0,0.0,0,0,
108,0.108,0.0,0.0,0,0,
109,0.109,0.0,0.0,0,0,
110,0.11,0.0,0.0,0,0,
111,0.111,0.0,0.0,0,0,
112,0.112,0.0,0.0,0,0,
113,0.113,0.0,0.0,0,0,
114,0.114,0.0,0.0,0,0,
115,0.115,0.0,0.0,0,0,
116,0.116,0.0,0.0,0,0,
117,0.117,0.0,0.0,0,0,
118,0.11800000000000001,0.0,0.0,0,0,
119,0.11900000000000001,0.0,0.0,0,0,
120,0.12,0.0,0.0,0,0,
121,0.121,0.0,0.0,0,0,
122,0.122,0.0,0.0,0,0,
123,0.123,0.0,0.0,0,0,
124,0.124,0.0,0.0,0,0,
125,0.125,0.0,0.0,0,0,
126,0.126,0.0,0.0,0,0,
127,0.127,0.0,0.0,0,0,
128,0.128,0.0,0.0,0,0,
129,0.129,0.0,0.0,0,0,
130,0.13,0.0,0.0,0,0,
131,0.131,0.0,0.0,0,0,
132,0.132,0.0,0.0,0,0,
133,0.133,0.0,0.0,0,0,
134,0.134,0.0,0.0,0,0,
135,0.135,0.0,0.0,0,0,
136,0.136,0.0,0.0,0,0,
137,0.137,0.0,0.0,0,0,
138,0.138,0.0,0.0,0,0,
139,0.139,0.0,0.0,0,0,
140,0.14,0.0,0.0,0,0,
141,0.14100000000000001,0.0,0.0,0,0,
142,0.14200000000000002,0.0,0.0,0,0,
143,0.14300000000000002,0.0,0.0,0,0,
144,0.14400000000000002,0.0,0.0,0,0,
145,0.145,0.0,0.0,0,0,
146,0.146,0.0,0.0,0,0,
147,0.147,0.0,0.0,0,0,
148,0.148,0.0,0.0,0,0,
149,0.149,0.0,0.0,0,0,
150,0.15,0.0,0.0,0,0,
151,0.151,0.0,0.0,0,0,
152,0.152,0.0,0.0,0,0,
153,0.153,0.0,0.0,0,0,
154,0.154,0.0,0.0,0,0,
155,0.155,0.0,0.0,0,0,
156,0.156,0.0,0.0,0,0,
157,0.157,0.0,0.0,0,0,
158,0.158,0.0,0.0,0,0,
159,0.159,0.0,0.0,0,0,
160,0.16,0.0,0.0,0,0,
161,0.161,0.0,0.0,0,0,
162,0.162,0.0,0.0,0,0,
163,0.163,0.0,0.0,0,0,
164,0.164,0.0,0.0,0,0,
165,0.165,0.0,0.0,0,0,
166,0.166,0.0,0.0,0,0,
167,0.167,0.0,0.0,0,0,
168,0.168,0.0,0.0,0,0,
169,0.169,0.0,0.0,0,0,
170,0.17,0.0,0.0,0,0,
171,0.171,0.0,0.0,0,0,
172,0.17200000000000001,0.0,0.0,0,0,
173,0.17300000000000001,0.0,0.0,0,0,
174,0.17400000000000002,0.0,0.0,0,0,
175,0.17500000000000002,0.0,0.0,0,0,
176,0.176,0.0,0.0,0,0,
177,0.177,0.0,0.0,0,0,
178,0.178,0.0,0.0,0,0,
179,0.179,0.0,0.0,0,0,
180,0.18,0.0,0.0,0,0,
181,0.181,0.0,0.0,0,0,
182,0.182,0.0,0.0,0,0,
183,0.183,0.0,0.0,0,0,
184,0.184,0.0,0.0,0,0,
185,0.185,0.0,0.0,0,0,
186,0.186,0.0,0.0,0,0,
187,0.187,0.0,0.0,0,0,
188,0.188,0.0,0.0,0,0,
189,0.189,0.0,0.0,0,0,
190,0.19,0.0,0.0,0,0,
191,0.191,0.0,0.0,0,0,
192,0.192,0.0,0.0,0,0,
193,0.193,0.0,0.0,0,0,
194,0.194,0.0,0.0,0,0,
195,0.195,0.0,0.0,0,0,
196,0.196,0.0,0.0,0,0,
197,0.197,0.0,0.0,0,0,
198,0.198,0.0,0.0,0,0,
199,0.199,0.0,0.0,0,0,
200,0.2,0.0,0.0,0,0,6.370044546689933
201,0.201,0.0,0.0,0,0,
202,0.202,0.0,0.0,0,0,
203,0.203,0.0,0.0,0,0,
204,0.20400000000000001,0.0,0.0,0,0,
205,0.20500000000000002,0.0,0.0,0,0,
206,0.20600000000000002,0.0,0.0,0,0,
207,0.20700000000000002,0.0,0.0,0,0,
208,0.20800000000000002,0.0,0.0,0,0,
209,0.209,0.0,0.0,0,0,
210,0.21,0.0,0.0,0,0,
211,0.211,0.0,0.0,0,0,
212,0.212,0.0,0.0,0,0,
213,0.213,0.0,0.0,0,0,
214,0.214,0.0,0.0,0,0,
215,0.215,0.0,0.0,0,0,
216,0.216,0.0,0.0,0,0,
217,0.217,0.0,0.0,0,0,
218,0.218,0.0,0.0,0,0,
219,0.219,0.0,0.0,0,0,
220,0.22,0.0,0.0,0,0,
221,0.221,0.0,0.0,0,0,
222,0.222,0.0,0.0,0,0,
223,0.223,0.0,0.0,0,0,
224,0.224,0.0,0.0,0,0,
225,0.225,0.0,0.0,0,0,
226,0.226,0.0,0.0,0,0,
227,0.227,0.0,0.0,0,0,
228,0.228,0.0,0.0,0,0,
229,0.229,0.0,0.0,0,0,
230,0.23,0.0,0.0,0,0,
231,0.231,0.0,0.0,0,0,
232,0.232,0.0,0.0,0,0,
233,0.233,0.0,0.0,0,0,
234,0.234,0.0,0.0,0,0,
235,0.23500000000000001,0.0,0.0,0,0,
236,0.23600000000000002,0.0,0.0,0,0,
237,0.23700000000000002,0.0,0.0,0,0,
238,0.23800000000000002,0.0,0.0,0,0,
239,0.23900000000000002,0.0,0.0,0,0,
240,0.24,0.0,0.0,0,0,
241,0.241,0.0,0.0,0,0,
242,0.242,0.0,0.0,0,0,
243,0.243,0.0,0.0,0,0,
244,0.244,0.0,0.0,0,0,
245,0.245,0.0,0.0,0,0,
246,0.246,0.0,0.0,0,0,
247,0.247,0.0,0.0,0,0,
248,0.248,0.0,0.0,0,0,
249,0.249,0.0,0.0,0,0,
250,0.25,0.0,0.0,0,0,
251,0.251,0.0,0.0,0,0,
252,0.252,0.0,0.0,0,0,
253,0.253,0.0,0.0,0,0,
254,0.254,0.0,0.0,0,0,
255,0.255,0.0,0.0,0,0,
256,0.256,0.0,0.0,0,0,
257,0.257,0.0,0.0,0,0,
258,0.258,0.0,0.0,0,0,
259,0.259,0.0,0.0,0,0,
260,0.26,0.0,0.0,0,0,
261,0.261,0.0,0.0,0,0,
262,0.262,0.0,0.0,0,0,
263,0.263,0.0,0.0,0,0,
264,0.264,0.0,0.0,0,0,
265,0.265,0.0,0.0,0,0,
266,0.266,0.0,0.0,0,0,
267,0.267,0.0,0.0,0,0,
268,0.268,0.0,0.0,0,0,
269,0.269,0.0,0.0,0,0,
270,0.27,0.0,0.0,0,0,
271,0.271,0.0,0.0,0,0,
272,0.272,0.0,0.0,0,0,
273,0.273,0.0,0.0,0,0,
274,0.274,0.0,0.0,0,0,
275,0.275,0.0,0.0,0,0,
276,0.276,0.0,0.0,0,0,
277,0.277,0.0,0.0,0,0,
278,0.278,0.0,0.0,0,0,
279,0.279,0.0,0.0,0,0,
280,0.28,0.0,0.0,0,0,
281,0.281,0.0,0.0,0,0,
282,0.28200000000000003,0.0,0.0,0,0,
283,0.28300000000000003,0.0,0.0,0,0,
284,0.28400000000000003,0.0,0.0,0,0,
285,0.28500000000000003,0.0,0.0,0,0,
286,0.28600000000000003,0.0,0.0,0,0,
287,0.28700000000000003,0.0,0.0,0,0,
288,0.28800000000000003,0.0,0.0,0,0,
289,0.289,0.0,0.0,0,0,
290,0.29,0.0,0.0,0,0,
291,0.291,0.0,0.0,0,0,
292,0.292,0.0,0.0,0,0,
293,0.293,0.0,0.0,0,0,
294,0.294,0.0,0.0,0,0,
295,0.295,0.0,0.0,0,0,
296,0.296,0.0,0.0,0,0,
297,0.297,0.0,0.0,0,0,
298,0.298,0.0,0.0,0,0,
299,0.299,0.0,0.0,0,0,
300,0.3,0.0,0.0,0,0,6.647762479269418
301,0.301,0.0,0.0,0,0,
302,0.302,0.0,0.0,0,0,
303,0.303,0.0,0.0,0,0,
304,0.304,0.0,0.0,0,0,
305,0.305,0.0,0.0,0,0,
306,0.306,0.0,0.0,0,0,
307,0.307,0.0,0.0,0,0,
308,0.308,0.0,0.0,0,0,
309,0.309,0.0,0.0,0,0,
310,0.31,0.0,0.0,0,0,
311,0.311,0.0,0.0,0,0,
312,0.312,0.0,0.0,0,0,
313,0.313,0.0,0.0,0,0,
314,0.314,0.0,0.0,0,0,
315,0.315,0.0,0.0,0,0,
316,0.316,0.0,0.0,0,0,
317,0.317,0.0,0.0,0,0,
318,0.318,0.0,0.0,0,0,
319,0.319,0.0,0.0,0,0,
320,0.32,0.0,0.0,0,0,
321,0.321,0.0,0.0,0,0,
322,0.322,0.0,0.0,0,0,
323,0.323,0.0,0.0,0,0,
324,0.324,0.0,0.0,0,0,
325,0.325,0.0,0.0,0,0,
326,0.326,0.0,0.0,0,0,
327,0.327,0.0,0.0,0,0,
328,0.328,0.0,0.0,0,0,
329,0.329,0.0,0.0,0,0,
330,0.33,0.0,0.0,0,0,
331,0.331,0.0,0.0,0,0,
332,0.332,0.0,0.0,0,0,
333,0.333,0.0,0.0,0,0,
334,0.334,0.0,0.0,0,0,
335,0.335,0.0,0.0,0,0,
336,0.336,0.0,0.0,0,0,
337,0.337,0.0,0.0,0,0,
338,0.338,0.0,0.0,0,0,
339,0.339,0.0,0.0,0,0,
340,0.34,0.0,0.0,0,0,
341,0.341,0.0,0.0,0,0,
342,0.342,0.0,0.0,0,0,
343,0.343,0.0,0.0,0,0,
344,0.34400000000000003,0.0,0.0,0,0,
345,0.34500000000000003,0.0,0.0,0,0,
346,0.34600000000000003,0.0,0.0,0,0,
347,0.34700000000000003,0.0,0.0,0,0,
348,0.34800000000000003,0.0,0.0,0,0,
349,0.34900000000000003,0.0,0.0,0,0,
350,0.35000000000000003,0.0,0.0,0,0,
351,0.35100000000000003,0.0,0.0,0,0,
352,0.352,0.0,0.0,0,0,
353,0.353,0.0,0.0,0,0,
354,0.354,0.0,0.0,0,0,
355,0.355,0.0,0.0,0,0,
356,0.356,0.0,0.0,0,0,
357,0.357,0.0,0.0,0,0,
358,0.358,0.0,0.0,0,0,
359,0.359,0.0,0.0,0,0,
360,0.36,0.0,0.0,0,0,
361,0.361,0.0,0.0,0,0,
362,0.362,0.0,0.0,0,0,
363,0.363,0.0,0.0,0,0,
364,0.364,0.0,0.0,0,0,
365,0.365,0.0,0.0,0,0,
366,0.366,0.0,0.0,0,0,
367,0.367,0.0,0.0,0,0,
368,0.368,0.0,0.0,0,0,
369,0.369,0.0,0.0,0,0,
370,0.37,0.0,0.0,0,0,
371,0.371,0.0,0.0,0,0,
372,0.372,0.0,0.0,0,0,
373,0.373,0.0,0.0,0,0,
374,0.374,0.0,0.0,0,0,
375,0.375,0.0,0.0,0,0,
376,0.376,0.0,0.0,0,0,
377,0.377,0.0,0.0,0,0,
378,0.378,0.0,0.0,0,0,
379,0.379,0.0,0.0,0,0,
380,0.38,0.0,0.0,0,0,
381,0.381,0.0,0.0,0,0,
382,0.382,0.0,0.0,0,0,
383,0.383,0.0,0.0,0,0,
384,0.384,0.0,0.0,0,0,
385,0.385,0.0,0.0,0,0,
386,0.386,0.0,0.0,0,0,
387,0.387,0.0,0.0,0,0,
388,0.388,0.0,0.0,0,0,
389,0.389,0.0,0.0,0,0,
390,0.39,0.0,0.0,0,0,
391,0.391,0.0,0.0,0,0,
392,0.392,0.0,0.0,0,0,
393,0.393,0.0,0.0,0,0,
394,0.394,0.0,0.0,0,0,
395,0.395,0.0,0.0,0,0,
396,0.396,0.0,0.0,0,0,
397,0.397,0.0,0.0,0,0,
398,0.398,0.0,0.0,0,0,
399,0.399,0.0,0.0,0,0,
400,0.4,0.0,0.0,0,0,7.306615436646073
401,0.401,0.0,0.0,0,0,
402,0.402,0.0,0.0,0,0,
403,0.403,0.0,0.0,0,0,
404,0.404,0.0,0.0,0,0,
405,0.405,0.0,0.0,0,0,
406,0.406,0.0,0.0,0,0,
407,0.40700000000000003,0.0,0.0,0,0,
408,0.40800000000000003,0.0,0.0,0,0,
409,0.40900000000000003,0.0,0.0,0,0,
410,0.41000000000000003,0.0,0.0,0,0,
411,0.41100000000000003,0.0,0.0,0,0,
412,0.41200000000000003,0.0,0.0,0,0,
413,0.41300000000000003,0.0,0.0,0,0,
414,0.41400000000000003,0.0,0.0,0,0,
415,0.41500000000000004,0.0,0.0,0,0,
416,0.41600000000000004,0.0,0.0,0,0,
417,0.417,0.0,0.0,0,0,
418,0.418,0.0,0.0,0,0,
419,0.419,0.0,0.0,0,0,
420,0.42,0.0,0.0,0,0,
421,0.421,0.0,0.0,0,0,
422,0.422,0.0,0.0,0,0,
423,0.423,0.0,0.0,0,0,
424,0.424,0.0,0.0,0,0,
425,0.425,0.0,0.0,0,0,
426,0.426,0.0,0.0,0,0,
427,0.427,0.0,0.0,0,0,
428,0.428,0.0,0.0,0,0,
429,0.429,0.0,0.0,0,0,
430,0.43,0.0,0.0,0,0,
431,0.431,0.0,0.0,0,0,
432,0.432,0.0,0.0,0,0,
433,0.433,0.0,0.0,0,0,
434,0.434,0.0,0.0,0,0,
435,0.435,0.0,0.0,0,0,
436,0.436,0.0,0.0,0,0,
437,0.437,0.0,0.0,0,0,
438,0.438,0.0,0.0,0,0,
439,0.439,0.0,0.0,0,0,
440,0.44,0.0,0.0,0,0,
441,0.441,0.0,0.0,0,0,
442,0.442,0.0,0.0,0,0,
443,0.443,0.0,0.0,0,0,
444,0.444,0.0,0.0,0,0,
445,0.445,0.0,0.0,0,0,
446,0.446,0.0,0.0,0,0,
447,0.447,0.0,0.0,0,0,
448,0.448,0.0,0.0,0,0,
449,0.449,0.0,0.0,0,0,
450,0.45,0.0,0.0,0,0,
451,0.451,0.0,0.0,0,0,
452,0.452,0.0,0.0,0,0,
453,0.453,0.0,0.0,0,0,
454,0.454,0.0,0.0,0,0,
455,0.455,0.0,0.0,0,0,
456,0.456,0.0,0.0,0,0,
457,0.457,0.0,0.0,0,0,
458,0.458,0.0,0.0,0,0,
459,0.459,0.0,0.0,0,0,
460,0.46,0.0,0.0,0,0,
461,0.461,0.0,0.0,0,0,
462,0.462,0.0,0.0,0,0,
463,0.463,0.0,0.0,0,0,
464,0.464,0.0,0.0,0,0,
465,0.465,0.0,0.0,0,0,
466,0.466,0.0,0.0,0,0,
467,0.467,0.0,0.0,0,0,
468,0.468,0.0,0.0,0,0,
469,0.46900000000000003,0.0,0.0,0,0,
470,0.47000000000000003,0.0,0.0,0,0,
471,0.47100000000000003,0.0,0.0,0,0,
472,0.47200000000000003,0.0,0.0,0,0,
473,0.47300000000000003,0.0,0.0,0,0,
474,0.47400000000000003,0.0,0.0,0,0,
475,0.47500000000000003,0.0,0.0,0,0,
476,0.47600000000000003,0.0,0.0,0,0,
477,0.47700000000000004,0.0,0.0,0,0,
478,0.47800000000000004,0.0,0.0,0,0,
479,0.47900000000000004,0.0,0.0,0,0,
480,0.48,0.0,0.0,0,0,
481,0.481,0.0,0.0,0,0,
482,0.482,0.0,0.0,0,0,
483,0.483,0.0,0.0,0,0,
484,0.484,0.0,0.0,0,0,
485,0.485,0.0,0.0,0,0,
486,0.486,0.0,0.0,0,0,
487,0.487,0.0,0.0,0,0,
488,0.488,0.0,0.0,0,0,
489,0.489,0.0,0.0,0,0,
490,0.49,0.0,0.0,0,0,
491,0.491,0.0,0.0,0,0,
492,0.492,0.0,0.0,0,0,
493,0.493,0.0,0.0,0,0,
494,0.494,0.0,0.0,0,0,
495,0.495,0.0,0.0,0,0,
496,0.496,0.0,0.0,0,0,
497,0.497,0.0,0.0,0,0,
498,0.498,0.0,0.0,0,0,
499,0.499,0.0,0.0,0,0,
500,0.5,0.0,0.0,0,0,7.304254815482706
501,0.501,0.0,0.0,0,0,
502,0.502,0.0,0.0,0,0,
503,0.503,0.0,0.0,0,0,
504,0.504,0.0,0.0,0,0,
505,0.505,0.0,0.0,0,0,
506,0.506,0.0,0.0,0,0,
507,0.507,0.0,0.0,0,0,
508,0.508,0.0,0.0,0,0,
509,0.509,0.0,0.0,0,0,
510,0.51,0.0,0.0,0,0,
511,0.511,0.0,0.0,0,0,
512,0.512,0.0,0.0,0,0,
513,0.513,0.0,0.0,0,0,
514,0.514,0.0,0.0,0,0,
515,0.515,0.0,0.0,0,0,
516,0.516,0.0,0.0,0,0,
517,0.517,0.0,0.0,0,0,
518,0.518,0.0,0.0,0,0,
519,0.519,0.0,0.0,0,0,
520,0.52,0.0,0.0,0,0,
521,0.521,0.0,0.0,0,0,
522,0.522,0.0,0.0,0,0,
523,0.523,0.0,0.0,0,0,
524,0.524,0.0,0.0,0,0,
525,0.525,0.0,0.0,0,0,
526,0.526,0.0,0.0,0,0,
527,0.527,0.0,0.0,0,0,
528,0.528,0.0,0.0,0,0,
529,0.529,0.0,0.0,0,0,
530,0.53,0.0,0.0,0,0,
531,0.531,0.0,0.0,0,0,
532,0.532,0.0,0.0,0,0,
533,0.533,0.0,0.0,0,0,
534,0.534,0.0,0.0,0,0,
535,0.535,0.0,0.0,0,0,
536,0.536,0.0,0.0,0,0,
537,0.537,0.0,0.0,0,0,
538,0.538,0.0,0.0,0,0,
539,0.539,0.0,0.0,0,0,
540,0.54,0.0,0.0,0,0,
541,0.541,0.0,0.0,0,0,
542,0.542,0.0,0.0,0,0,
543,0.543,0.0,0.0,0,0,
544,0.544,0.0,0.0,0,0,
545,0.545,0.0,0.0,0,0,
546,0.546,0.0,0.0,0,0,
547,0.547,0.0,0.0,0,0,
548,0.548,0.0,0.0,0,0,
549,0.549,0.0,0.0,0,0,
550,0.55,0.0,0.0,0,0,
551,0.551,0.0,0.0,0,0,
552,0.552,0.0,0.0,0,0,
553,0.553,0.0,0.0,0,0,
554,0.554,0.0,0.0,0,0,
555,0.555,0.0,0.0,0,0,
556,0.556,0.0,0.0,0,0,
557,0.557,0.0,0.0,0,0,
558,0.558,0.0,0.0,0,0,
559,0.559,0.0,0.0,0,0,
560,0.56,0.0,0.0,0,0,
561,0.561,0.0,0.0,0,0,
562,0.562,0.0,0.0,0,0,
563,0.5630000000000001,0.0,0.0,0,0,
564,0.5640000000000001,0.0,0.0,0,0,
565,0.5650000000000001,0.0,0.0,0,0,
566,0.5660000000000001,0.0,0.0,0,0,
567,0.5670000000000001,0.0,0.0,0,0,
568,0.5680000000000001,0.0,0.0,0,0,
569,0.5690000000000001,0.0,0.0,0,0,
570,0.5700000000000001,0.0,0.0,0,0,
571,0.5710000000000001,0.0,0.0,0,0,
572,0.5720000000000001,0.0,0.0,0,0,
573,0.5730000000000001,0.0,0.0,0,0,
574,0.5740000000000001,0.0,0.0,0,0,
575,0.5750000000000001,0.0,0.0,0,0,
576,0.5760000000000001,0.0,0.0,0,0,
577,0.577,0.0,0.0,0,0,
578,0.578,0.0,0.0,0,0,
579,0.579,0.0,0.0,0,0,
580,0.58,0.0,0.0,0,0,
581,0.581,0.0,0.0,0,0,
582,0.582,0.0,0.0,0,0,
583,0.583,0.0,0.0,0,0,
584,0.584,0.0,0.0,0,0,
585,0.585,0.0,0.0,0,0,
586,0.586,0.0,0.0,0,0,
587,0.587,0.0,0.0,0,0,
588,0.588,0.0,0.0,0,0,
589,0.589,0.0,0.0,0,0,
590,0.59,0.0,0.0,0,0,
591,0.591,0.0,0.0,0,0,
592,0.592,0.0,0.0,0,0,
593,0.593,0.0,0.0,0,0,
594,0.594,0.0,0.0,0,0,
595,0.595,0.0,0.0,0,0,
596,0.596,0.0,0.0,0,0,
597,0.597,0.0,0.0,0,0,
598,0.598,0.0,0.0,0,0,
599,0.599,0.0,0.0,0,0,
600,0.6,0.0,0.0,0,0,7.304879093173903
601,0.601,0.0,0.0,0,0,
602,0.602,0.0,0.0,0,0,
603,0.603,0.0,0.0,0,0,
604,0.604,0.0,0.0,0,0,
605,0.605,0.0,0.0,0,0,
606,0.606,0.0,0.0,0,0,
607,0.607,0.0,0.0,0,0,
608,0.608,0.0,0.0,0,0,
609,0.609,0.0,0.0,0,0,
610,0.61,0.0,0.0,0,0,
611,0.611,0.0,0.0,0,0,
612,0.612,0.0,0.0,0,0,
613,0.613,0.0,0.0,0,0,
614,0.614,0.0,0.0,0,0,
615,0.615,0.0,0.0,0,0,
616,0.616,0.0,0.0,0,0,
617,0.617,0.0,0.0,0,0,
618,0.618,0.0,0.0,0,0,
619,0.619,0.0,0.0,0,0,
620,0.62,0.0,0.0,0,0,
621,0.621,0.0,0.0,0,0,
622,0.622,0.0,0.0,0,0,
623,0.623,0.0,0.0,0,0,
624,0.624,0.0,0.0,0,0,
625,0.625,0.0,0.0,0,0,
626,0.626,0.0,0.0,0,0,
627,0.627,0.0,0.0,0,0,
628,0.628,0.0,0.0,0,0,
629,0.629,0.0,0.0,0,0,
630,0.63,0.0,0.0,0,0,
631,0.631,0.0,0.0,0,0,
632,0.632,0.0,0.0,0,0,
633,0.633,0.0,0.0,0,0,
634,0.634,0.0,0.0,0,0,
635,0.635,0.0,0.0,0,0,
636,0.636,0.0,0.0,0,0,
637,0.637,0.0,0.0,0,0,
638,0.638,0.0,0.0,0,0,
639,0.639,0.0,0.0,0,0,
640,0.64,0.0,0.0,0,0,
641,0.641,0.0,0.0,0,0,
642,0.642,0.0,0.0,0,0,
643,0.643,0.0,0.0,0,0,
644,0.644,0.0,0.0,0,0,
645,0.645,0.0,0.0,0,0,
646,0.646,0.0,0.0,0,0,
647,0.647,0.0,0.0,0,0,
648,0.648,0.0,0.0,0,0,
649,0.649,0.0,0.0,0,0,
650,0.65,0.0,0.0,0,0,
651,0.651,0.0,0.0,0,0,
652,0.652,0.0,0.0,0,0,
653,0.653,0.0,0.0,0,0,
654,0.654,0.0,0.0,0,0,
655,0.655,0.0,0.0,0,0,
656,0.656,0.0,0.0,0,0,
657,0.657,0.0,0.0,0,0,
658,0.658,0.0,0.0,0,0,
659,0.659,0.0,0.0,0,0,
660,0.66,0.0,0.0,0,0,
661,0.661,0.0,0.0,0,0,
662,0.662,0.0,0.0,0,0,
663,0.663,0.0,0.0,0,0,
664,0.664,0.0,0.0,0,0,
665,0.665,0.0,0.0,0,0,
666,0.666,0.0,0.0,0,0,
667,0.667,0.0,0.0,0,0,
668,0.668,0.0,0.0,0,0,
669,0.669,0.0,0.0,0,0,
670,0.67,0.0,0.0,0,0,
671,0.671,0.0,0.0,0,0,
672,0.672,0.0,0.0,0,0,
673,0.673,0.0,0.0,0,0,
674,0.674,0.0,0.0,0,0,
675,0.675,0.0,0.0,0,0,
676,0.676,0.0,0.0,0,0,
677,0.677,0.0,0.0,0,0,
678,0.678,0.0,0.0,0,0,
679,0.679,0.0,0.0,0,0,
680,0.68,0.0,0.0,0,0,
681,0.681,0.0,0.0,0,0,
682,0.682,0.0,0.0,0,0,
683,0.683,0.0,0.0,0,0,
684,0.684,0.0,0.0,0,0,
685,0.685,0.0,0.0,0,0,
686,0.686,0.0,0.0,0,0,
687,0.687,0.0,0.0,0,0,
688,0.6880000000000001,0.0,0.0,0,0,
689,0.6890000000000001,0.0,0.0,0,0,
690,0.6900000000000001,0.0,0.0,0,0,
691,0.6910000000000001,0.0,0.0,0,0,
692,0.6920000000000001,0.0,0.0,0,0,
693,0.6930000000000001,0.0,0.0,0,0,
694,0.6940000000000001,0.0,0.0,0,0,
695,0.6950000000000001,0.0,0.0,0,0,
696,0.6960000000000001,0.0,0.0,0,0,
697,0.6970000000000001,0.0,0.0,0,0,
698,0.6980000000000001,0.0,0.0,0,0,
699,0.6990000000000001,0.0,0.0,0,0,
700,0.7000000000000001,0.0,0.0,0,0,7.305777840886415
701,0.7010000000000001,0.0,0.0,0,0,
702,0.7020000000000001,0.0,0.0,0,0,
703,0.7030000000000001,0.0,0.0,0,0,
704,0.704,0.0,0.0,0,0,
705,0.705,0.0,0.0,0,0,
706,0.706,0.0,0.0,0,0,
707,0.707,0.0,0.0,0,0,
708,0.708,0.0,0.0,0,0,
709,0.709,0.0,0.0,0,0,
710,0.71,0.0,0.0,0,0,
711,0.711,0.0,0.0,0,0,
712,0.712,0.0,0.0,0,0,
713,0.713,0.0,0.0,0,0,
714,0.714,0.0,0.0,0,0,
715,0.715,0.0,0.0,0,0,
716,0.716,0.0,0.0,0,0,
717,0.717,0.0,0.0,0,0,
718,0.718,0.0,0.0,0,0,
719,0.719,0.0,0.0,0,0,
720,0.72,0.0,0.0,0,0,
721,0.721,0.0,0.0,0,0,
722,0.722,0.0,0.0,0,0,
723,0.723,0.0,0.0,0,0,
724,0.724,0.0,0.0,0,0,
725,0.725,0.0,0.0,0,0,
726,0.726,0.0,0.0,0,0,
727,0.727,0.0,0.0,0,0,
728,0.728,0.0,0.0,0,0,
729,0.729,0.0,0.0,0,0,
730,0.73,0.0,0.0,0,0,
731,0.731,0.0,0.0,0,0,
732,0.732,0.0,0.0,0,0,
733,0.733,0.0,0.0,0,0,
734,0.734,0.0,0.0,0,0,
735,0.735,0.0,0.0,0,0,
736,0.736,0.0,0.0,0,0,
737,0.737,0.0,0.0,0,0,
738,0.738,0.0,0.0,0,0,
739,0.739,0.0,0.0,0,0,
740,0.74,0.0,0.0,0,0,
741,0.741,0.0,0.0,0,0,
742,0.742,0.0,0.0,0,0,
743,0.743,0.0,0.0,0,0,
744,0.744,0.0,0.0,0,0,
745,0.745,0.0,0.0,0,0,
746,0.746,0.0,0.0,0,0,
747,0.747,0.0,0.0,0,0,
748,0.748,0.0,0.0,0,0,
749,0.749,0.0,0.0,0,0,
750,0.75,0.0,0.0,0,0,
751,0.751,0.0,0.0,0,0,
752,0.752,0.0,0.0,0,0,
753,0.753,0.0,0.0,0,0,
754,0.754,0.0,0.0,0,0,
755,0.755,0.0,0.0,0,0,
756,0.756,0.0,0.0,0,0,
757,0.757,0.0,0.0,0,0,
758,0.758,0.0,0.0,0,0,
759,0.759,0.0,0.0,0,0,
760,0.76,0.0,0.0,0,0,
761,0.761,0.0,0.0,0,0,
762,0.762,0.0,0.0,0,0,
763,0.763,0.0,0.0,0,0,
764,0.764,0.0,0.0,0,0,
765,0.765,0.0,0.0,0,0,
766,0.766,0.0,0.0,0,0,
767,0.767,0.0,0.0,0,0,
768,0.768,0.0,0.0,0,0,
769,0.769,0.0,0.0,0,0,
770,0.77,0.0,0.0,0,0,
771,0.771,0.0,0.0,0,0,
772,0.772,0.0,0.0,0,0,
773,0.773,0.0,0.0,0,0,
774,0.774,0.0,0.0,0,0,
775,0.775,0.0,0.0,0,0,
776,0.776,0.0,0.0,0,0,
777,0.777,0.0,0.0,0,0,
778,0.778,0.0,0.0,0,0,
779,0.779,0.0,0.0,0,0,
780,0.78,0.0,0.0,0,0,
781,0.781,0.0,0.0,0,0,
782,0.782,0.0,0.0,0,0,
783,0.783,0.0,0.0,0,0,
784,0.784,0.0,0.0,0,0,
785,0.785,0.0,0.0,0,0,
786,0.786,0.0,0.0,0,0,
787,0.787,0.0,0.0,0,0,
788,0.788,0.0,0.0,0,0,
789,0.789,0.0,0.0,0,0,
790,0.79,0.0,0.0,0,0,
791,0.791,0.0,0.0,0,0,
792,0.792,0.0,0.0,0,0,
793,0.793,0.0,0.0,0,0,
794,0.794,0.0,0.0,0,0,
795,0.795,0.0,0.0,0,0,
796,0.796,0.0,0.0,0,0,
797,0.797,0.0,0.0,0,0,
798,0.798,0.0,0.0,0,0,
799,0.799,0.0,0.0,0,0,
800,0.8,0.0,0.0,0,0,7.298973666619704
801,0.801,0.0,0.0,0,0,
802,0.802,0.0,0.0,0,0,
803,0.803,0.0,0.0,0,0,
804,0.804,0.0,0.0,0,0,
805,0.805,0.0,0.0,0,0,
806,0.806,0.0,0.0,0,0,
807,0.807,0.0,0.0,0,0,
808,0.808,0.0,0.0,0,0,
809,0.809,0.0,0.0,0,0,
810,0.81,0.0,0.0,0,0,
811,0.811,0.0,0.0,0,0,
812,0.812,0.0,0.0,0,0,
813,0.8130000000000001,0.0,0.0,0,0,
814,0.8140000000000001,0.0,0.0,0,0,
815,0.8150000000000001,0.0,0.0,0,0,
816,0.8160000000000001,0.0,0.0,0,0,
817,0.8170000000000001,0.0,0.0,0,0,
818,0.8180000000000001,0.0,0.0,0,0,
819,0.8190000000000001,0.0,0.0,0,0,
820,0.8200000000000001,0.0,0.0,0,0,
821,0.8210000000000001,0.0,0.0,0,0,
822,0.8220000000000001,0.0,0.0,0,0,
823,0.8230000000000001,0.0,0.0,0,0,
824,0.8240000000000001,0.0,0.0,0,0,
825,0.8250000000000001,0.0,0.0,0,0,
826,0.8260000000000001,0.0,0.0,0,0,
827,0.8270000000000001,0.0,0.0,0,0,
828,0.8280000000000001,0.0,0.0,0,0,
829,0.8290000000000001,0.0,0.0,0,0,
830,0.8300000000000001,0.0,0.0,0,0,
831,0.8310000000000001,0.0,0.0,0,0,
832,0.8320000000000001,0.0,0.0,0,0,
833,0.833,0.0,0.0,0,0,
834,0.834,0.0,0.0,0,0,
835,0.835,0.0,0.0,0,0,
836,0.836,0.0,0.0,0,0,
837,0.837,0.0,0.0,0,0,
838,0.838,0.0,0.0,0,0,
839,0.839,0.0,0.0,0,0,
840,0.84,0.0,0.0,0,0,
841,0.841,0.0,0.0,0,0,
842,0.842,0.0,0.0,0,0,
843,0.843,0.0,0.0,0,0,
844,0.844,0.0,0.0,0,0,
845,0.845,0.0,0.0,0,0,
846,0.846,0.0,0.0,0,0,
847,0.847,0.0,0.0,0,0,
848,0.848,0.0,0.0,0,0,
849,0.849,0.0,0.0,0,0,
850,0.85,0.0,0.0,0,0,
851,0.851,0.0,0.0,0,0,
852,0.852,0.0,0.0,0,0,
853,0.853,0.0,0.0,0,0,
854,0.854,0.0,0.0,0,0,
855,0.855,0.0,0.0,0,0,
856,0.856,0.0,0.0,0,0,
857,0.857,0.0,0.0,0,0,
858,0.858,0.0,0.0,0,0,
859,0.859,0.0,0.0,0,0,
860,0.86,0.0,0.0,0,0,
861,0.861,0.0,0.0,0,0,
862,0.862,0.0,0.0,0,0,
863,0.863,0.0,0.0,0,0,
864,0.864,0.0,0.0,0,0,
865,0.865,0.0,0.0,0,0,
866,0.866,0.0,0.0,0,0,
867,0.867,0.0,0.0,0,0,
868,0.868,0.0,0.0,0,0,
869,0.869,0.0,0.0,0,0,
870,0.87,0.0,0.0,0,0,
871,0.871,0.0,0.0,0,0,
872,0.872,0.0,0.0,0,0,
873,0.873,0.0,0.0,0,0,
874,0.874,0.0,0.0,0,0,
875,0.875,0.0,0.0,0,0,
876,0.876,0.0,0.0,0,0,
877,0.877,0.0,0.0,0,0,
878,0.878,0.0,0.0,0,0,
879,0.879,0.0,0.0,0,0,
880,0.88,0.0,0.0,0,0,
881,0.881,0.0,0.0,0,0,
882,0.882,0.0,0.0,0,0,
883,0.883,0.0,0.0,0,0,
884,0.884,0.0,0.0,0,0,
885,0.885,0.0,0.0,0,0,
886,0.886,0.0,0.0,0,0,
887,0.887,0.0,0.0,0,0,
888,0.888,0.0,0.0,0,0,
889,0.889,0.0,0.0,0,0,
890,0.89,0.0,0.0,0,0,
891,0.891,0.0,0.0,0,0,
892,0.892,0.0,0.0,0,0,
893,0.893,0.0,0.0,0,0,
894,0.894,0.0,0.0,0,0,
895,0.895,0.0,0.0,0,0,
896,0.896,0.0,0.0,0,0,
897,0.897,0.0,0.0,0,0,
898,0.898,0.0,0.0,0,0,
899,0.899,0.0,0.0,0,0,
900,0.9,0.0,0.0,0,0,7.06157959688847
901,0.901,0.0,0.0,0,0,
902,0.902,0.0,0.0,0,0,
903,0.903,0.0,0.0,0,0,
904,0.904,0.0,0.0,0,0,
905,0.905,0.0,0.0,0,0,
906,0.906,0.0,0.0,0,0,
907,0.907,0.0,0.0,0,0,
908,0.908,0.0,0.0,0,0,
909,0.909,0.0,0.0,0,0,
910,0.91,0.0,0.0,0,0,
911,0.911,0.0,0.0,0,0,
912,0.912,0.0,0.0,0,0,
913,0.913,0.0,0.0,0,0,
914,0.914,0.0,0.0,0,0,
915,0.915,0.0,0.0,0,0,
916,0.916,0.0,0.0,0,0,
917,0.917,0.0,0.0,0,0,
918,0.918,0.0,0.0,0,0,
919,0.919,0.0,0.0,0,0,
920,0.92,0.0,0.0,0,0,
921,0.921,0.0,0.0,0,0,
922,0.922,0.0,0.0,0,0,
923,0.923,0.0,0.0,0,0,
924,0.924,0.0,0.0,0,0,
925,0.925,0.0,0.0,0,0,
926,0.926,0.0,0.0,0,0,
927,0.927,0.0,0.0,0,0,
928,0.928,0.0,0.0,0,0,
929,0.929,0.0,0.0,0,0,
930,0.93,0.0,0.0,0,0,
931,0.931,0.0,0.0,0,0,
932,0.932,0.0,0.0,0,0,
933,0.933,0.0,0.0,0,0,
934,0.934,0.0,0.0,0,0,
935,0.935,0.0,0.0,0,0,
936,0.936,0.0,0.0,0,0,
937,0.937,0.0,0.0,0,0,
938,0.9380000000000001,0.0,0.0,0,0,
939,0.9390000000000001,0.0,0.0,0,0,
940,0.9400000000000001,0.0,0.0,0,0,
941,0.9410000000000001,0.0,0.0,0,0,
942,0.9420000000000001,0.0,0.0,0,0,
943,0.9430000000000001,0.0,0.0,0,0,
944,0.9440000000000001,0.0,0.0,0,0,
945,0.9450000000000001,0.0,0.0,0,0,
946,0.9460000000000001,0.0,0.0,0,0,
947,0.9470000000000001,0.0,0.0,0,0,
948,0.9480000000000001,0.0,0.0,0,0,
949,0.9490000000000001,0.0,0.0,0,0,
950,0.9500000000000001,0.0,0.0,0,0,
951,0.9510000000000001,0.0,0.0,0,0,
952,0.9520000000000001,0.0,0.0,0,0,
953,0.9530000000000001,0.0,0.0,0,0,
954,0.9540000000000001,0.0,0.0,0,0,
955,0.9550000000000001,0.0,0.0,0,0,
956,0.9560000000000001,0.0,0.0,0,0,
957,0.9570000000000001,0.0,0.0,0,0,
958,0.9580000000000001,0.0,0.0,0,0,
959,0.9590000000000001,0.0,0.0,0,0,
960,0.96,0.0,0.0,0,0,
961,0.961,0.0,0.0,0,0,
962,0.962,0.0,0.0,0,0,
963,0.963,0.0,0.0,0,0,
964,0.964,0.0,0.0,0,0,
965,0.965,0.0,0.0,0,0,
966,0.966,0.0,0.0,0,0,
967,0.967,0.0,0.0,0,0,
968,0.968,0.0,0.0,0,0,
969,0.969,0.0,0.0,0,0,
970,0.97,0.0,0.0,0,0,
971,0.971,0.0,0.0,0,0,
972,0.972,0.0,0.0,0,0,
973,0.973,0.0,0.0,0,0,
974,0.974,0.0,0.0,0,0,
975,0.975,0.0,0.0,0,0,
976,0.976,0.0,0.0,0,0,
977,0.977,0.0,0.0,0,0,
978,0.978,0.0,0.0,0,0,
979,0.979,0.0,0.0,0,0,
980,0.98,0.0,0.0,0,0,
981,0.981,0.0,0.0,0,0,
982,0.982,0.0,0.0,0,0,
983,0.983,0.0,0.0,0,0,
984,0.984,0.0,0.0,0,0,
985,0.985,0.0,0.0,0,0,
986,0.986,0.0,0.0,0,0,
987,0.987,0.0,0.0,0,0,
988,0.988,0.0,0.0,0,0,
989,0.989,0.0,0.0,0,0,
990,0.99,0.0,0.0,0,0,
991,0.991,0.0,0.0,0,0,
992,0.992,0.0,0.0,0,0,
993,0.993,0.0,0.0,0,0,
994,0.994,0.0,0.0,0,0,
995,0.995,0.0,0.0,0,0,
996,0.996,0.0,0.0,0,0,
997,0.997,0.0,0.0,0,0,
998,0.998,0.0,0.0,0,0,
999,0.999,0.0,0.0,0,0,
1000,1.0,0.0,0.0,0,0,6.458783583300103
1001,1.0010000000000001,0.0,0.0,0,0,
1002,1.002,0.0,0.0,0,0,
1003,1.0030000000000001,0.0,0.0,0,0,
1004,1.004,0.0,0.0,0,0,
1005,1.0050000000000001,0.0,0.0,0,0,
1006,1.006,0.0,0.0,0,0,
1007,1.0070000000000001,0.0,0.0,0,0,
1008,1.008,0.0,0.0,0,0,
1009,1.0090000000000001,0.0,0.0,0,0,
1010,1.01,0.0,0.0,0,0,
1011,1.0110000000000001,0.0,0.0,0,0,
1012,1.012,0.0,0.0,0,0,
1013,1.0130000000000001,0.0,0.0,0,0,
1014,1.014,0.0,0.0,0,0,
1015,1.0150000000000001,0.0,0.0,0,0,
1016,1.016,0.0,0.0,0,0,
1017,1.0170000000000001,0.0,0.0,0,0,
1018,1.018,0.0,0.0,0,0,
1019,1.0190000000000001,0.0,0.0,0,0,
1020,1.02,0.0,0.0,0,0,
1021,1.0210000000000001,0.0,0.0,0,0,
1022,1.022,0.0,0.0,0,0,
1023,1.0230000000000001,0.0,0.0,0,0,
1024,1.024,0.0,0.0,0,0,
1025,1.025,0.0,0.0,0,0,
1026,1.026,0.0,0.0,0,0,
1027,1.027,0.0,0.0,0,0,
1028,1.028,0.0,0.0,0,0,
1029,1.029,0.0,0.0,0,0,
1030,1.03,0.0,0.0,0,0,
1031,1.031,0.0,0.0,0,0,
1032,1.032,0.0,0.0,0,0,
1033,1.033,0.0,0.0,0,0,
1034,1.034,0.0,0.0,0,0,
1035,1.035,0.0,0.0,0,0,
1036,1.036,0.0,0.0,0,0,
1037,1.037,0.0,0.0,0,0,
1038,1.038,0.0,0.0,0,0,
1039,1.039,0.0,0.0,0,0,
1040,1.04,0.0,0.0,0,0,
1041,1.041,0.0,0.0,0,0,
1042,1.042,0.0,0.0,0,0,
1043,1.043,0.0,0.0,0,0,
1044,1.044,0.0,0.0,0,0,
1045,1.045,0.0,0.0,0,0,
1046,1.046,0.0,0.0,0,0,
1047,1.047,0.0,0.0,0,0,
1048,1.048,0.0,0.0,0,0,
1049,1.049,0.0,0.0,0,0,
1050,1.05,0.0,0.0,0,0,
1051,1.051,0.0,0.0,0,0,
1052,1.052,0.0,0.0,0,0,
1053,1.053,0.0,0.0,0,0,
1054,1.054,0.0,0.0,0,0,
1055,1.055,0.0,0.0,0,0,
1056,1.056,0.0,0.0,0,0,
1057,1.057,0.0,0.0,0,0,
1058,1.058,0.0,0.0,0,0,
1059,1.059,0.0,0.0,0,0,
1060,1.06,0.0,0.0,0,0,
1061,1.061,0.0,0.0,0,0,
1062,1.062,0.0,0.0,0,0,
1063,1.063,0.0,0.0,0,0,
1064,1.064,0.0,0.0,0,0,
1065,1.065,0.0,0.0,0,0,
1066,1.066,0.0,0.0,0,0,
1067,1.067,0.0,0.0,0,0,
1068,1.068,0.0,0.0,0,0,
1069,1.069,0.0,0.0,0,0,
1070,1.07,0.0,0.0,0,0,
1071,1.071,0.0,0.0,0,0,
1072,1.072,0.0,0.0,0,0,
1073,1.073,0.0,0.0,0,0,
1074,1.074,0.0,0.0,0,0,
1075,1.075,0.0,0.0,0,0,
1076,1.076,0.0,0.0,0,0,
1077,1.077,0.0,0.0,0,0,
1078,1.078,0.0,0.0,0,0,
1079,1.079,0.0,0.0,0,0,
1080,1.08,0.0,0.0,0,0,
1081,1.081,0.0,0.0,0,0,
1082,1.082,0.0,0.0,0,0,
1083,1.083,0.0,0.0,0,0,
1084,1.084,0.0,0.0,0,0,
1085,1.085,0.0,0.0,0,0,
1086,1.086,0.0,0.0,0,0,
1087,1.087,0.0,0.0,0,0,
1088,1.088,0.0,0.0,0,0,
1089,1.089,0.0,0.0,0,0,
1090,1.09,0.0,0.0,0,0,
1091,1.091,0.0,0.0,0,0,
1092,1.092,0.0,0.0,0,0,
1093,1.093,0.0,0.0,0,0,
1094,1.094,0.0,0.0,0,0,
1095,1.095,0.0,0.0,0,0,
1096,1.096,0.0,0.0,0,0,
1097,1.097,0.0,0.0,0,0,
1098,1.098,0.0,0.0,0,0,
1099,1.099,0.0,0.0,0,0,
1100,1.1,0.0,0.0,0,0,6.354585806484597
1101,1.101,0.0,0.0,0,0,
1102,1.102,0.0,0.0,0,0,
1103,1.103,0.0,0.0,0,0,
1104,1.104,0.0,0.0,0,0,
1105,1.105,0.0,0.0,0,0,
1106,1.106,0.0,0.0,0,0,
1107,1.107,0.0,0.0,0,0,
1108,1.108,0.0,0.0,0,0,
1109,1.109,0.0,0.0,0,0,
1110,1.11,0.0,0.0,0,0,
1111,1.111,0.0,0.0,0,0,
1112,1.112,0.0,0.0,0,0,
1113,1.113,0.0,0.0,0,0,
1114,1.114,0.0,0.0,0,0,
1115,1.115,0.0,0.0,0,0,
1116,1.116,0.0,0.0,0,0,
1117,1.117,0.0,0.0,0,0,
1118,1.118,0.0,0.0,0,0,
1119,1.119,0.0,0.0,0,0,
1120,1.12,0.0,0.0,0,0,
1121,1.121,0.0,0.0,0,0,
1122,1.122,0.0,0.0,0,0,
1123,1.123,0.0,0.0,0,0,
1124,1.124,0.0,0.0,0,0,
1125,1.125,0.0,0.0,0,0,
1126,1.1260000000000001,0.0,0.0,0,0,
1127,1.127,0.0,0.0,0,0,
1128,1.1280000000000001,0.0,0.0,0,0,
1129,1.129,0.0,0.0,0,0,
1130,1.1300000000000001,0.0,0.0,0,0,
1131,1.131,0.0,0.0,0,0,
1132,1.1320000000000001,0.0,0.0,0,0,
1133,1.133,0.0,0.0,0,0,
1134,1.1340000000000001,0.0,0.0,0,0,
1135,1.135,0.0,0.0,0,0,
1136,1.1360000000000001,0.0,0.0,0,0,
1137,1.137,0.0,0.0,0,0,
1138,1.1380000000000001,0.0,0.0,0,0,
1139,1.139,0.0,0.0,0,0,
1140,1.1400000000000001,0.0,0.0,0,0,
1141,1.141,0.0,0.0,0,0,
1142,1.1420000000000001,0.0,0.0,0,0,
1143,1.143,0.0,0.0,0,0,
1144,1.1440000000000001,0.0,0.0,0,0,
1145,1.145,0.0,0.0,0,0,
1146,1.1460000000000001,0.0,0.0,0,0,
1147,1.147,0.0,0.0,0,0,
1148,1.1480000000000001,0.0,0.0,0,0,
1149,1.149,0.0,0.0,0,0,
1150,1.1500000000000001,0.0,0.0,0,0,
1151,1.151,0.0,0.0,0,0,
1152,1.1520000000000001,0.0,0.0,0,0,
1153,1.153,0.0,0.0,0,0,
1154,1.154,0.0,0.0,0,0,
1155,1.155,0.0,0.0,0,0,
1156,1.156,0.0,0.0,0,0,
1157,1.157,0.0,0.0,0,0,
1158,1.158,0.0,0.0,0,0,
1159,1.159,0.0,0.0,0,0,
1160,1.16,0.0,0.0,0,0,
1161,1.161,0.0,0.0,0,0,
1162,1.162,0.0,0.0,0,0,
1163,1.163,0.0,0.0,0,0,
1164,1.164,0.0,0.0,0,0,
1165,1.165,0.0,0.0,0,0,
1166,1.166,0.0,0.0,0,0,
1167,1.167,0.0,0.0,0,0,
1168,1.168,0.0,0.0,0,0,
1169,1.169,0.0,0.0,0,0,
1170,1.17,0.0,0.0,0,0,
1171,1.171,0.0,0.0,0,0,
1172,1.172,0.0,0.0,0,0,
1173,1.173,0.0,0.0,0,0,
1174,1.174,0.0,0.0,0,0,
1175,1.175,0.0,0.0,0,0,
1176,1.176,0.0,0.0,0,0,
1177,1.177,0.0,0.0,0,0,
1178,1.178,0.0,0.0,0,0,
1179,1.179,0.0,0.0,0,0,
1180,1.18,0.0,0.0,0,0,
1181,1.181,0.0,0.0,0,0,
1182,1.182,0.0,0.0,0,0,
1183,1.183,0.0,0.0,0,0,
1184,1.184,0.0,0.0,0,0,
1185,1.185,0.0,0.0,0,0,
1186,1.186,0.0,0.0,0,0,
1187,1.187,0.0,0.0,0,0,
1188,1.188,0.0,0.0,0,0,
1189,1.189,0.0,0.0,0,0,
1190,1.19,0.0,0.0,0,0,
1191,1.191,0.0,0.0,0,0,
1192,1.192,0.0,0.0,0,0,
1193,1.193,0.0,0.0,0,0,
1194,1.194,0.0,0.0,0,0,
1195,1.195,0.0,0.0,0,0,
1196,1.196,0.0,0.0,0,0,
1197,1.197,0.0,0.0,0,0,
1198,1.198,0.0,0.0,0,0,
1199,1.199,0.0,0.0,0,0,
1200,1.2,0.0,0.0,0,0,6.353303608712084
1201,1.201,0.0,0.0,0,0,
1202,1.202,0.0,0.0,0,0,
1203,1.203,0.0,0.0,0,0,
1204,1.204,0.0,0.0,0,0,
1205,1.205,0.0,0.0,0,0,
1206,1.206,0.0,0.0,0,0,
1207,1.207,0.0,0.0,0,0,
1208,1.208,0.0,0.0,0,0,
1209,1.209,0.0,0.0,0,0,
1210,1.21,0.0,0.0,0,0,
1211,1.211,0.0,0.0,0,0,
1212,1.212,0.0,0.0,0,0,
1213,1.213,0.0,0.0,0,0,
1214,1.214,0.0,0.0,0,0,
1215,1.215,0.0,0.0,0,0,
1216,1.216,0.0,0.0,0,0,
1217,1.217,0.0,0.0,0,0,
1218,1.218,0.0,0.0,0,0,
1219,1.219,0.0,0.0,0,0,
1220,1.22,0.0,0.0,0,0,
1221,1.221,0.0,0.0,0,0,
1222,1.222,0.0,0.0,0,0,
1223,1.223,0.0,0.0,0,0,
1224,1.224,0.0,0.0,0,0,
1225,1.225,0.0,0.0,0,0,
1226,1.226,0.0,0.0,0,0,
1227,1.227,0.0,0.0,0,0,
1228,1.228,0.0,0.0,0,0,
1229,1.229,0.0,0.0,0,0,
1230,1.23,0.0,0.0,0,0,
1231,1.231,0.0,0.0,0,0,
1232,1.232,0.0,0.0,0,0,
1233,1.233,0.0,0.0,0,0,
1234,1.234,0.0,0.0,0,0,
1235,1.235,0.0,0.0,0,0,
1236,1.236,0.0,0.0,0,0,
1237,1.237,0.0,0.0,0,0,
1238,1.238,0.0,0.0,0,0,
1239,1.239,0.0,0.0,0,0,
1240,1.24,0.0,0.0,0,0,
1241,1.241,0.0,0.0,0,0,
1242,1.242,0.0,0.0,0,0,
1243,1.243,0.0,0.0,0,0,
1244,1.244,0.0,0.0,0,0,
1245,1.245,0.0,0.0,0,0,
1246,1.246,0.0,0.0,0,0,
1247,1.247,0.0,0.0,0,0,
1248,1.248,0.0,0.0,0,0,
1249,1.249,0.0,0.0,0,0,
1250,1.25,0.0,0.0,0,0,
1251,1.2510000000000001,0.0,0.0,0,0,
1252,1.252,0.0,0.0,0,0,
1253,1.2530000000000001,0.0,0.0,0,0,
1254,1.254,0.0,0.0,0,0,
1255,1.2550000000000001,0.0,0.0,0,0,
1256,1.256,0.0,0.0,0,0,
1257,1.2570000000000001,0.0,0.0,0,0,
1258,1.258,0.0,0.0,0,0,
1259,1.2590000000000001,0.0,0.0,0,0,
1260,1.26,0.0,0.0,0,0,
1261,1.2610000000000001,0.0,0.0,0,0,
1262,1.262,0.0,0.0,0,0,
1263,1.2630000000000001,0.0,0.0,0,0,
1264,1.264,0.0,0.0,0,0,
1265,1.2650000000000001,0.0,0.0,0,0,
1266,1.266,0.0,0.0,0,0,
1267,1.2670000000000001,0.0,0.0,0,0,
1268,1.268,0.0,0.0,0,0,
1269,1.2690000000000001,0.0,0.0,0,0,
1270,1.27,0.0,0.0,0,0,
1271,1.2710000000000001,0.0,0.0,0,0,
1272,1.272,0.0,0.0,0,0,
1273,1.2730000000000001,0.0,0.0,0,0,
1274,1.274,0.0,0.0,0,0,
1275,1.2750000000000001,0.0,0.0,0,0,
1276,1.276,0.0,0.0,0,0,
1277,1.2770000000000001,0.0,0.0,0,0,
1278,1.278,0.0,0.0,0,0,
1279,1.2790000000000001,0.0,0.0,0,0,
1280,1.28,0.0,0.0,0,0,
1281,1.281,0.0,0.0,0,0,
1282,1.282,0.0,0.0,0,0,
1283,1.283,0.0,0.0,0,0,
1284,1.284,0.0,0.0,0,0,
1285,1.285,0.0,0.0,0,0,
1286,1.286,0.0,0.0,0,0,
1287,1.287,0.0,0.0,0,0,
1288,1.288,0.0,0.0,0,0,
1289,1.289,0.0,0.0,0,0,
1290,1.29,0.0,0.0,0,0,
1291,1.291,0.0,0.0,0,0,
1292,1.292,0.0,0.0,0,0,
1293,1.293,0.0,0.0,0,0,
1294,1.294,0.0,0.0,0,0,
1295,1.295,0.0,0.0,0,0,
1296,1.296,0.0,0.0,0,0,
1297,1.297,0.0,0.0,0,0,
1298,1.298,0.0,0.0,0,0,
1299,1.299,0.0,0.0,0,0,
1300,1.3,0.0,0.0,0,0,6.354889787461896
1301,1.301,0.0,0.0,0,0,
1302,1.302,0.0,0.0,0,0,
1303,1.303,0.0,0.0,0,0,
1304,1.304,0.0,0.0,0,0,
1305,1.305,0.0,0.0,0,0,
1306,1.306,0.0,0.0,0,0,
1307,1.307,0.0,0.0,0,0,
1308,1.308,0.0,0.0,0,0,
1309,1.309,0.0,0.0,0,0,
1310,1.31,0.0,0.0,0,0,
1311,1.311,0.0,0.0,0,0,
1312,1.312,0.0,0.0,0,0,
1313,1.313,0.0,0.0,0,0,
1314,1.314,0.0,0.0,0,0,
1315,1.315,0.0,0.0,0,0,
1316,1.316,0.0,0.0,0,0,
1317,1.317,0.0,0.0,0,0,
1318,1.318,0.0,0.0,0,0,
1319,1.319,0.0,0.0,0,0,
1320,1.32,0.0,0.0,0,0,
1321,1.321,0.0,0.0,0,0,
1322,1.322,0.0,0.0,0,0,
1323,1.323,0.0,0.0,0,0,
1324,1.324,0.0,0.0,0,0,
1325,1.325,0.0,0.0,0,0,
1326,1.326,0.0,0.0,0,0,
1327,1.327,0.0,0.0,0,0,
1328,1.328,0.0,0.0,0,0,
1329,1.329,0.0,0.0,0,0,
1330,1.33,0.0,0.0,0,0,
1331,1.331,0.0,0.0,0,0,
1332,1.332,0.0,0.0,0,0,
1333,1.333,0.0,0.0,0,0,
1334,1.334,0.0,0.0,0,0,
1335,1.335,0.0,0.0,0,0,
1336,1.336,0.0,0.0,0,0,
1337,1.337,0.0,0.0,0,0,
1338,1.338,0.0,0.0,0,0,
1339,1.339,0.0,0.0,0,0,
1340,1.34,0.0,0.0,0,0,
1341,1.341,0.0,0.0,0,0,
1342,1.342,0.0,0.0,0,0,
1343,1.343,0.0,0.0,0,0,
1344,1.344,0.0,0.0,0,0,
1345,1.345,0.0,0.0,0,0,
1346,1.346,0.0,0.0,0,0,
1347,1.347,0.0,0.0,0,0,
1348,1.348,0.0,0.0,0,0,
1349,1.349,0.0,0.0,0,0,
1350,1.35,0.0,0.0,0,0,
1351,1.351,0.0,0.0,0,0,
1352,1.352,0.0,0.0,0,0,
1353,1.353,0.0,0.0,0,0,
1354,1.354,0.0,0.0,0,0,
1355,1.355,0.0,0.0,0,0,
1356,1.356,0.0,0.0,0,0,
1357,1.357,0.0,0.0,0,0,
1358,1.358,0.0,0.0,0,0,
1359,1.359,0.0,0.0,0,0,
1360,1.36,0.0,0.0,0,0,
1361,1.361,0.0,0.0,0,0,
1362,1.362,0.0,0.0,0,0,
1363,1.363,0.0,0.0,0,0,
1364,1.364,0.0,0.0,0,0,
1365,1.365,0.0,0.0,0,0,
1366,1.366,0.0,0.0,0,0,
1367,1.367,0.0,0.0,0,0,
1368,1.368,0.0,0.0,0,0,
1369,1.369,0.0,0.0,0,0,
1370,1.37,0.0,0.0,0,0,
1371,1.371,0.0,0.0,0,0,
1372,1.372,0.0,0.0,0,0,
1373,1.373,0.0,0.0,0,0,
1374,1.374,0.0,0.0,0,0,
1375,1.375,0.0,0.0,0,0,
1376,1.3760000000000001,0.0,0.0,0,0,
1377,1.377,0.0,0.0,0,0,
1378,1.3780000000000001,0.0,0.0,0,0,
1379,1.379,0.0,0.0,0,0,
1380,1.3800000000000001,0.0,0.0,0,0,
1381,1.381,0.0,0.0,0,0,
1382,1.3820000000000001,0.0,0.0,0,0,
1383,1.383,0.0,0.0,0,0,
1384,1.3840000000000001,0.0,0.0,0,0,
1385,1.385,0.0,0.0,0,0,
1386,1.3860000000000001,0.0,0.0,0,0,
1387,1.387,0.0,0.0,0,0,
1388,1.3880000000000001,0.0,0.0,0,0,
1389,1.389,0.0,0.0,0,0,
1390,1.3900000000000001,0.0,0.0,0,0,
1391,1.391,0.0,0.0,0,0,
1392,1.3920000000000001,0.0,0.0,0,0,
1393,1.393,0.0,0.0,0,0,
1394,1.3940000000000001,0.0,0.0,0,0,
1395,1.395,0.0,0.0,0,0,
1396,1.3960000000000001,0.0,0.0,0,0,
1397,1.397,0.0,0.0,0,0,
1398,1.3980000000000001,0.0,0.0,0,0,
1399,1.399,0.0,0.0,0,0,
1400,1.4000000000000001,0.0,0.0,0,0,6.353679291246616
1401,1.401,0.0,0.0,0,0,
1402,1.4020000000000001,0.0,0.0,0,0,
1403,1.403,0.0,0.0,0,0,
1404,1.4040000000000001,0.0,0.0,0,0,
1405,1.405,0.0,0.0,0,0,
1406,1.4060000000000001,0.0,0.0,0,0,
1407,1.407,0.0,0.0,0,0,
1408,1.408,0.0,0.0,0,0,
1409,1.409,0.0,0.0,0,0,
1410,1.41,0.0,0.0,0,0,
1411,1.411,0.0,0.0,0,0,
1412,1.412,0.0,0.0,0,0,
1413,1.413,0.0,0.0,0,0,
1414,1.414,0.0,0.0,0,0,
1415,1.415,0.0,0.0,0,0,
1416,1.416,0.0,0.0,0,0,
1417,1.417,0.0,0.0,0,0,
1418,1.418,0.0,0.0,0,0,
1419,1.419,0.0,0.0,0,0,
1420,1.42,0.0,0.0,0,0,
1421,1.421,0.0,0.0,0,0,
1422,1.422,0.0,0.0,0,0,
1423,1.423,0.0,0.0,0,0,
1424,1.424,0.0,0.0,0,0,
1425,1.425,0.0,0.0,0,0,
1426,1.426,0.0,0.0,0,0,
1427,1.427,0.0,0.0,0,0,
1428,1.428,0.0,0.0,0,0,
1429,1.429,0.0,0.0,0,0,
1430,1.43,0.0,0.0,0,0,
1431,1.431,0.0,0.0,0,0,
1432,1.432,0.0,0.0,0,0,
1433,1.433,0.0,0.0,0,0,
1434,1.434,0.0,0.0,0,0,
1435,1.435,0.0,0.0,0,0,
1436,1.436,0.0,0.0,0,0,
1437,1.437,0.0,0.0,0,0,
1438,1.438,0.0,0.0,0,0,
1439,1.439,0.0,0.0,0,0,
1440,1.44,0.0,0.0,0,0,
1441,1.441,0.0,0.0,0,0,
1442,1.442,0.0,0.0,0,0,
1443,1.443,0.0,0.0,0,0,
1444,1.444,0.0,0.0,0,0,
1445,1.445,0.0,0.0,0,0,
1446,1.446,0.0,0.0,0,0,
1447,1.447,0.0,0.0,0,0,
1448,1.448,0.0,0.0,0,0,
1449,1.449,0.0,0.0,0,0,
1450,1.45,0.0,0.0,0,0,
1451,1.451,0.0,0.0,0,0,
1452,1.452,0.0,0.0,0,0,
1453,1.453,0.0,0.0,0,0,
1454,1.454,0.0,0.0,0,0,
1455,1.455,0.0,0.0,0,0,
1456,1.456,0.0,0.0,0,0,
1457,1.457,0.0,0.0,0,0,
1458,1.458,0.0,0.0,0,0,
1459,1.459,0.0,0.0,0,0,
1460,1.46,0.0,0.0,0,0,
1461,1.461,0.0,0.0,0,0,
1462,1.462,0.0,0.0,0,0,
1463,1.463,0.0,0.0,0,0,
1464,1.464,0.0,0.0,0,0,
1465,1.465,0.0,0.0,0,0,
1466,1.466,0.0,0.0,0,0,
1467,1.467,0.0,0.0,0,0,
1468,1.468,0.0,0.0,0,0,
1469,1.469,0.0,0.0,0,0,
1470,1.47,0.0,0.0,0,0,
1471,1.471,0.0,0.0,0,0,
1472,1.472,0.0,0.0,0,0,
1473,1.473,0.0,0.0,0,0,
1474,1.474,0.0,0.0,0,0,
1475,1.475,0.0,0.0,0,0,
1476,1.476,0.0,0.0,0,0,
1477,1.477,0.0,0.0,0,0,
1478,1.478,0.0,0.0,0,0,
1479,1.479,0.0,0.0,0,0,
1480,1.48,0.0,0.0,0,0,
1481,1.481,0.0,0.0,0,0,
1482,1.482,0.0,0.0,0,0,
1483,1.483,0.0,0.0,0,0,
1484,1.484,0.0,0.0,0,0,
1485,1.485,0.0,0.0,0,0,
1486,1.486,0.0,0.0,0,0,
1487,1.487,0.0,0.0,0,0,
1488,1.488,0.0,0.0,0,0,
1489,1.489,0.0,0.0,0,0,
1490,1.49,0.0,0.0,0,0,
1491,1.491,0.0,0.0,0,0,
1492,1.492,0.0,0.0,0,0,
1493,1.493,0.0,0.0,0,0,
1494,1.494,0.0,0.0,0,0,
1495,1.495,0.0,0.0,0,0,
1496,1.496,0.0,0.0,0,0,
1497,1.497,0.0,0.0,0,0,
1498,1.498,0.0,0.0,0,0,
1499,1.499,0.0,0.0,0,0,
1500,1.5,0.0,0.0,0,0,6.352816410408238
1501,1.5010000000000001,0.0,0.0,0,0,
1502,1.502,0.0,0.0,0,0,
1503,1.5030000000000001,0.0,0.0,0,0,
1504,1.504,0.0,0.0,0,0,
1505,1.5050000000000001,0.0,0.0,0,0,
1506,1.506,0.0,0.0,0,0,
1507,1.5070000000000001,0.0,0.0,0,0,
1508,1.508,0.0,0.0,0,0,
1509,1.5090000000000001,0.0,0.0,0,0,
1510,1.51,0.0,0.0,0,0,
1511,1.5110000000000001,0.0,0.0,0,0,
1512,1.512,0.0,0.0,0,0,
1513,1.5130000000000001,0.0,0.0,0,0,
1514,1.514,0.0,0.0,0,0,
1515,1.5150000000000001,0.0,0.0,0,0,
1516,1.516,0.0,0.0,0,0,
1517,1.5170000000000001,0.0,0.0,0,0,
1518,1.518,0.0,0.0,0,0,
1519,1.5190000000000001,0.0,0.0,0,0,
1520,1.52,0.0,0.0,0,0,
1521,1.5210000000000001,0.0,0.0,0,0,
1522,1.522,0.0,0.0,0,0,
1523,1.5230000000000001,0.0,0.0,0,0,
1524,1.524,0.0,0.0,0,0,
1525,1.5250000000000001,0.0,0.0,0,0,
1526,1.526,0.0,0.0,0,0,
1527,1.5270000000000001,0.0,0.0,0,0,
1528,1.528,0.0,0.0,0,0,
1529,1.5290000000000001,0.0,0.0,0,0,
1530,1.53,0.0,0.0,0,0,
1531,1.5310000000000001,0.0,0.0,0,0,
1532,1.532,0.0,0.0,0,0,
1533,1.5330000000000001,0.0,0.0,0,0,
1534,1.534,0.0,0.0,0,0,
1535,1.5350000000000001,0.0,0.0,0,0,
1536,1.536,0.0,0.0,0,0,
1537,1.537,0.0,0.0,0,0,
1538,1.538,0.0,0.0,0,0,
1539,1.539,0.0,0.0,0,0,
1540,1.54,0.0,0.0,0,0,
1541,1.541,0.0,0.0,0,0,
1542,1.542,0.0,0.0,0,0,
1543,1.543,0.0,0.0,0,0,
1544,1.544,0.0,0.0,0,0,
1545,1.545,0.0,0.0,0,0,
1546,1.546,0.0,0.0,0,0,
1547,1.547,0.0,0.0,0,0,
1548,1.548,0.0,0.0,0,0,
1549,1.549,0.0,0.0,0,0,
1550,1.55,0.0,0.0,0,0,
1551,1.551,0.0,0.0,0,0,
1552,1.552,0.0,0.0,0,0,
1553,1.553,0.0,0.0,0,0,
1554,1.554,0.0,0.0,0,0,
1555,1.555,0.0,0.0,0,0,
1556,1.556,0.0,0.0,0,0,
1557,1.557,0.0,0.0,0,0,
1558,1.558,0.0,0.0,0,0,
1559,1.559,0.0,0.0,0,0,
1560,1.56,0.0,0.0,0,0,
1561,1.561,0.0,0.0,0,0,
1562,1.562,0.0,0.0,0,0,
1563,1.563,0.0,0.0,0,0,
1564,1.564,0.0,0.0,0,0,
1565,1.565,0.0,0.0,0,0,
1566,1.566,0.0,0.0,0,0,
1567,1.567,0.0,0.0,0,0,
1568,1.568,0.0,0.0,0,0,
1569,1.569,0.0,0.0,0,0,
1570,1.57,0.0,0.0,0,0,
1571,1.571,0.0,0.0,0,0,
1572,1.572,0.0,0.0,0,0,
1573,1.573,0.0,0.0,0,0,
1574,1.574,0.0,0.0,0,0,
1575,1.575,0.0,0.0,0,0,
1576,1.576,0.0,0.0,0,0,
1577,1.577,0.0,0.0,0,0,
1578,1.578,0.0,0.0,0,0,
1579,1.579,0.0,0.0,0,0,
1580,1.58,0.0,0.0,0,0,
1581,1.581,0.0,0.0,0,0,
1582,1.582,0.0,0.0,0,0,
1583,1.583,0.0,0.0,0,0,
1584,1.584,0.0,0.0,0,0,
1585,1.585,0.0,0.0,0,0,
1586,1.586,0.0,0.0,0,0,
1587,1.587,0.0,0.0,0,0,
1588,1.588,0.0,0.0,0,0,
1589,1.589,0.0,0.0,0,0,
1590,1.59,0.0,0.0,0,0,
1591,1.591,0.0,0.0,0,0,
1592,1.592,0.0,0.0,0,0,
1593,1.593,0.0,0.0,0,0,
1594,1.594,0.0,0.0,0,0,
1595,1.595,0.0,0.0,0,0,
1596,1.596,0.0,0.0,0,0,
1597,1.597,0.0,0.0,0,0,
1598,1.598,0.0,0.0,0,0,
1599,1.599,0.0,0.0,0,0,
1600,1.6,0.0,0.0,0,0,6.354714415112546
1601,1.601,0.0,0.0,0,0,
1602,1.602,0.0,0.0,0,0,
1603,1.603,0.0,0.0,0,0,
1604,1.604,0.0,0.0,0,0,
1605,1.605,0.0,0.0,0,0,
1606,1.606,0.0,0.0,0,0,
1607,1.607,0.0,0.0,0,0,
1608,1.608,0.0,0.0,0,0,
1609,1.609,0.0,0.0,0,0,
1610,1.61,0.0,0.0,0,0,
1611,1.611,0.0,0.0,0,0,
1612,1.612,0.0,0.0,0,0,
1613,1.613,0.0,0.0,0,0,
1614,1.614,0.0,0.0,0,0,
1615,1.615,0.0,0.0,0,0,
1616,1.616,0.0,0.0,0,0,
1617,1.617,0.0,0.0,0,0,
1618,1.618,0.0,0.0,0,0,
1619,1.619,0.0,0.0,0,0,
1620,1.62,0.0,0.0,0,0,
1621,1.621,0.0,0.0,0,0,
1622,1.622,0.0,0.0,0,0,
1623,1.623,0.0,0.0,0,0,
1624,1.624,0.0,0.0,0,0,
1625,1.625,0.0,0.0,0,0,
1626,1.6260000000000001,0.0,0.0,0,0,
1627,1.627,0.0,0.0,0,0,
1628,1.6280000000000001,0.0,0.0,0,0,
1629,1.629,0.0,0.0,0,0,
1630,1.6300000000000001,0.0,0.0,0,0,
1631,1.631,0.0,0.0,0,0,
1632,1.6320000000000001,0.0,0.0,0,0,
1633,1.633,0.0,0.0,0,0,
1634,1.6340000000000001,0.0,0.0,0,0,
1635,1.635,0.0,0.0,0,0,
1636,1.6360000000000001,0.0,0.0,0,0,
1637,1.637,0.0,0.0,0,0,
1638,1.6380000000000001,0.0,0.0,0,0,
1639,1.639,0.0,0.0,0,0,
1640,1.6400000000000001,0.0,0.0,0,0,
1641,1.641,0.0,0.0,0,0,
1642,1.6420000000000001,0.0,0.0,0,0,
1643,1.643,0.0,0.0,0,0,
1644,1.6440000000000001,0.0,0.0,0,0,
1645,1.645,0.0,0.0,0,0,
1646,1.6460000000000001,0.0,0.0,0,0,
1647,1.647,0.0,0.0,0,0,
1648,1.6480000000000001,0.0,0.0,0,0,
1649,1.649,0.0,0.0,0,0,
1650,1.6500000000000001,0.0,0.0,0,0,
1651,1.651,0.0,0.0,0,0,
1652,1.6520000000000001,0.0,0.0,0,0,
1653,1.653,0.0,0.0,0,0,
1654,1.6540000000000001,0.0,0.0,0,0,
1655,1.655,0.0,0.0,0,0,
1656,1.6560000000000001,0.0,0.0,0,0,
1657,1.657,0.0,0.0,0,0,
1658,1.6580000000000001,0.0,0.0,0,0,
1659,1.659,0.0,0.0,0,0,
1660,1.6600000000000001,0.0,0.0,0,0,
1661,1.661,0.0,0.0,0,0,
1662,1.6620000000000001,0.0,0.0,0,0,
1663,1.663,0.0,0.0,0,0,
1664,1.6640000000000001,0.0,0.0,0,0,
1665,1.665,0.0,0.0,0,0,
1666,1.666,0.0,0.0,0,0,
1667,1.667,0.0,0.0,0,0,
1668,1.668,0.0,0.0,0,0,
1669,1.669,0.0,0.0,0,0,
1670,1.67,0.0,0.0,0,0,
1671,1.671,0.0,0.0,0,0,
1672,1.672,0.0,0.0,0,0,
1673,1.673,0.0,0.0,0,0,
1674,1.674,0.0,0.0,0,0,
1675,1.675,0.0,0.0,0,0,
1676,1.676,0.0,0.0,0,0,
1677,1.677,0.0,0.0,0,0,
1678,1.678,0.0,0.0,0,0,
1679,1.679,0.0,0.0,0,0,
1680,1.68,0.0,0.0,0,0,
1681,1.681,0.0,0.0,0,0,
1682,1.682,0.0,0.0,0,0,
1683,1.683,0.0,0.0,0,0,
1684,1.684,0.0,0.0,0,0,
1685,1.685,0.0,0.0,0,0,
1686,1.686,0.0,0.0,0,0,
1687,1.687,0.0,0.0,0,0,
1688,1.688,0.0,0.0,0,0,
1689,1.689,0.0,0.0,0,0,
1690,1.69,0.0,0.0,0,0,
1691,1.691,0.0,0.0,0,0,
1692,1.692,0.0,0.0,0,0,
1693,1.693,0.0,0.0,0,0,
1694,1.694,0.0,0.0,0,0,
1695,1.695,0.0,0.0,0,0,
1696,1.696,0.0,0.0,0,0,
1697,1.697,0.0,0.0,0,0,
1698,1.698,0.0,0.0,0,0,
1699,1.699,0.0,0.0,0,0,
1700,1.7,0.0,0.0,0,0,6.353793975658986
1701,1.701,0.0,0.0,0,0,
1702,1.702,0.0,0.0,0,0,
1703,1.703,0.0,0.0,0,0,
1704,1.704,0.0,0.0,0,0,
1705,1.705,0.0,0.0,0,0,
1706,1.706,0.0,0.0,0,0,
1707,1.707,0.0,0.0,0,0,
1708,1.708,0.0,0.0,0,0,
1709,1.709,0.0,0.0,0,0,
1710,1.71,0.0,0.0,0,0,
1711,1.711,0.0,0.0,0,0,
1712,1.712,0.0,0.0,0,0,
1713,1.713,0.0,0.0,0,0,
1714,1.714,0.0,0.0,0,0,
1715,1.715,0.0,0.0,0,0,
1716,1.716,0.0,0.0,0,0,
1717,1.717,0.0,0.0,0,0,
1718,1.718,0.0,0.0,0,0,
1719,1.719,0.0,0.0,0,0,
1720,1.72,0.0,0.0,0,0,
1721,1.721,0.0,0.0,0,0,
1722,1.722,0.0,0.0,0,0,
1723,1.723,0.0,0.0,0,0,
1724,1.724,0.0,0.0,0,0,
1725,1.725,0.0,0.0,0,0,
1726,1.726,0.0,0.0,0,0,
1727,1.727,0.0,0.0,0,0,
1728,1.728,0.0,0.0,0,0,
1729,1.729,0.0,0.0,0,0,
1730,1.73,0.0,0.0,0,0,
1731,1.731,0.0,0.0,0,0,
1732,1.732,0.0,0.0,0,0,
1733,1.733,0.0,0.0,0,0,
1734,1.734,0.0,0.0,0,0,
1735,1.735,0.0,0.0,0,0,
1736,1.736,0.0,0.0,0,0,
1737,1.737,0.0,0.0,0,0,
1738,1.738,0.0,0.0,0,0,
1739,1.739,0.0,0.0,0,0,
1740,1.74,0.0,0.0,0,0,
1741,1.741,0.0,0.0,0,0,
1742,1.742,0.0,0.0,0,0,
1743,1.743,0.0,0.0,0,0,
1744,1.744,0.0,0.0,0,0,
1745,1.745,0.0,0.0,0,0,
1746,1.746,0.0,0.0,0,0,
1747,1.747,0.0,0.0,0,0,
1748,1.748,0.0,0.0,0,0,
1749,1.749,0.0,0.0,0,0,
1750,1.75,0.0,0.0,0,0,
1751,1.7510000000000001,0.0,0.0,0,0,
1752,1.752,0.0,0.0,0,0,
1753,1.7530000000000001,0.0,0.0,0,0,
1754,1.754,0.0,0.0,0,0,
1755,1.7550000000000001,0.0,0.0,0,0,
1756,1.756,0.0,0.0,0,0,
1757,1.7570000000000001,0.0,0.0,0,0,
1758,1.758,0.0,0.0,0,0,
1759,1.7590000000000001,0.0,0.0,0,0,
1760,1.76,0.0,0.0,0,0,
1761,1.7610000000000001,0.0,0.0,0,0,
1762,1.762,0.0,0.0,0,0,
1763,1.7630000000000001,0.0,0.0,0,0,
1764,1.764,0.0,0.0,0,0,
1765,1.7650000000000001,0.0,0.0,0,0,
1766,1.766,0.0,0.0,0,0,
1767,1.7670000000000001,0.0,0.0,0,0,
1768,1.768,0.0,0.0,0,0,
1769,1.7690000000000001,0.0,0.0,0,0,
1770,1.77,0.0,0.0,0,0,
1771,1.7710000000000001,0.0,0.0,0,0,
1772,1.772,0.0,0.0,0,0,
1773,1.7730000000000001,0.0,0.0,0,0,
1774,1.774,0.0,0.0,0,0,
1775,1.7750000000000001,0.0,0.0,0,0,
1776,1.776,0.0,0.0,0,0,
1777,1.7770000000000001,0.0,0.0,0,0,
1778,1.778,0.0,0.0,0,0,
1779,1.7790000000000001,0.0,0.0,0,0,
1780,1.78,0.0,0.0,0,0,
1781,1.7810000000000001,0.0,0.0,0,0,
1782,1.782,0.0,0.0,0,0,
1783,1.7830000000000001,0.0,0.0,0,0,
1784,1.784,0.0,0.0,0,0,
1785,1.7850000000000001,0.0,0.0,0,0,
1786,1.786,0.0,0.0,0,0,
1787,1.7870000000000001,0.0,0.0,0,0,
1788,1.788,0.0,0.0,0,0,
1789,1.7890000000000001,0.0,0.0,0,0,
1790,1.79,0.0,0.0,0,0,
1791,1.7910000000000001,0.0,0.0,0,0,
1792,1.792,0.0,0.0,0,0,
1793,1.793,0.0,0.0,0,0,
1794,1.794,0.0,0.0,0,0,
1795,1.795,0.0,0.0,0,0,
1796,1.796,0.0,0.0,0,0,
1797,1.797,0.0,0.0,0,0,
1798,1.798,0.0,0.0,0,0,
1799,1.799,0.0,0.0,0,0,
1800,1.8,0.0,0.0,0,0,6.353114782043123
1801,1.801,0.0,0.0,0,0,
1802,1.802,0.0,0.0,0,0,
1803,1.803,0.0,0.0,0,0,
1804,1.804,0.0,0.0,0,0,
1805,1.805,0.0,0.0,0,0,
1806,1.806,0.0,0.0,0,0,
1807,1.807,0.0,0.0,0,0,
1808,1.808,0.0,0.0,0,0,
1809,1.809,0.0,0.0,0,0,
1810,1.81,0.0,0.0,0,0,
1811,1.811,0.0,0.0,0,0,
1812,1.812,0.0,0.0,0,0,
1813,1.813,0.0,0.0,0,0,
1814,1.814,0.0,0.0,0,0,
1815,1.815,0.0,0.0,0,0,
1816,1.816,0.0,0.0,0,0,
1817,1.817,0.0,0.0,0,0,
1818,1.818,0.0,0.0,0,0,
1819,1.819,0.0,0.0,0,0,
1820,1.82,0.0,0.0,0,0,
1821,1.821,0.0,0.0,0,0,
1822,1.822,0.0,0.0,0,0,
1823,1.823,0.0,0.0,0,0,
1824,1.824,0.0,0.0,0,0,
1825,1.825,0.0,0.0,0,0,
1826,1.826,0.0,0.0,0,0,
1827,1.827,0.0,0.0,0,0,
1828,1.828,0.0,0.0,0,0,
1829,1.829,0.0,0.0,0,0,
1830,1.83,0.0,0.0,0,0,
1831,1.831,0.0,0.0,0,0,
1832,1.832,0.0,0.0,0,0,
1833,1.833,0.0,0.0,0,0,
1834,1.834,0.0,0.0,0,0,
1835,1.835,0.0,0.0,0,0,
1836,1.836,0.0,0.0,0,0,
1837,1.837,0.0,0.0,0,0,
1838,1.838,0.0,0.0,0,0,
1839,1.839,0.0,0.0,0,0,
1840,1.84,0.0,0.0,0,0,
1841,1.841,0.0,0.0,0,0,
1842,1.842,0.0,0.0,0,0,
1843,1.843,0.0,0.0,0,0,
1844,1.844,0.0,0.0,0,0,
1845,1.845,0.0,0.0,0,0,
1846,1.846,0.0,0.0,0,0,
1847,1.847,0.0,0.0,0,0,
1848,1.848,0.0,0.0,0,0,
1849,1.849,0.0,0.0,0,0,
1850,1.85,0.0,0.0,0,0,
1851,1.851,0.0,0.0,0,0,
1852,1.852,0.0,0.0,0,0,
1853,1.853,0.0,0.0,0,0,
1854,1.854,0.0,0.0,0,0,
1855,1.855,0.0,0.0,0,0,
1856,1.856,0.0,0.0,0,0,
1857,1.857,0.0,0.0,0,0,
1858,1.858,0.0,0.0,0,0,
1859,1.859,0.0,0.0,0,0,
1860,1.86,0.0,0.0,0,0,
1861,1.861,0.0,0.0,0,0,
1862,1.862,0.0,0.0,0,0,
1863,1.863,0.0,0.0,0,0,
1864,1.864,0.0,0.0,0,0,
1865,1.865,0.0,0.0,0,0,
1866,1.866,0.0,0.0,0,0,
1867,1.867,0.0,0.0,0,0,
1868,1.868,0.0,0.0,0,0,
1869,1.869,0.0,0.0,0,0,
1870,1.87,0.0,0.0,0,0,
1871,1.871,0.0,0.0,0,0,
1872,1.872,0.0,0.0,0,0,
1873,1.873,0.0,0.0,0,0,
1874,1.874,0.0,0.0,0,0,
1875,1.875,0.0,0.0,0,0,
1876,1.8760000000000001,0.0,0.0,0,0,
1877,1.877,0.0,0.0,0,0,
1878,1.8780000000000001,0.0,0.0,0,0,
1879,1.879,0.0,0.0,0,0,
1880,1.8800000000000001,0.0,0.0,0,0,
1881,1.881,0.0,0.0,0,0,
1882,1.8820000000000001,0.0,0.0,0,0,
1883,1.883,0.0,0.0,0,0,
1884,1.8840000000000001,0.0,0.0,0,0,
1885,1.885,0.0,0.0,0,0,
1886,1.8860000000000001,0.0,0.0,0,0,
1887,1.887,0.0,0.0,0,0,
1888,1.8880000000000001,0.0,0.0,0,0,
1889,1.889,0.0,0.0,0,0,
1890,1.8900000000000001,0.0,0.0,0,0,
1891,1.891,0.0,0.0,0,0,
1892,1.8920000000000001,0.0,0.0,0,0,
1893,1.893,0.0,0.0,0,0,
1894,1.8940000000000001,0.0,0.0,0,0,
1895,1.895,0.0,0.0,0,0,
1896,1.8960000000000001,0.0,0.0,0,0,
1897,1.897,0.0,0.0,0,0,
1898,1.8980000000000001,0.0,0.0,0,0,
1899,1.899,0.0,0.0,0,0,
1900,1.9000000000000001,0.0,0.0,0,0,6.352609781782813
1901,1.901,0.0,0.0,0,0,
1902,1.9020000000000001,0.0,0.0,0,0,
1903,1.903,0.0,0.0,0,0,
1904,1.9040000000000001,0.0,0.0,0,0,
1905,1.905,0.0,0.0,0,0,
1906,1.9060000000000001,0.0,0.0,0,0,
1907,1.907,0.0,0.0,0,0,
1908,1.9080000000000001,0.0,0.0,0,0,
1909,1.909,0.0,0.0,0,0,
1910,1.9100000000000001,0.0,0.0,0,0,
1911,1.911,0.0,0.0,0,0,
1912,1.9120000000000001,0.0,0.0,0,0,
1913,1.913,0.0,0.0,0,0,
1914,1.9140000000000001,0.0,0.0,0,0,
1915,1.915,0.0,0.0,0,0,
1916,1.9160000000000001,0.0,0.0,0,0,
1917,1.917,0.0,0.0,0,0,
1918,1.9180000000000001,0.0,0.0,0,0,
1919,1.919,0.0,0.0,0,0,
1920,1.92,0.0,0.0,0,0,
1921,1.921,0.0,0.0,0,0,
1922,1.922,0.0,0.0,0,0,
1923,1.923,0.0,0.0,0,0,
1924,1.924,0.0,0.0,0,0,
1925,1.925,0.0,0.0,0,0,
1926,1.926,0.0,0.0,0,0,
1927,1.927,0.0,0.0,0,0,
1928,1.928,0.0,0.0,0,0,
1929,1.929,0.0,0.0,0,0,
1930,1.93,0.0,0.0,0,0,
1931,1.931,0.0,0.0,0,0,
1932,1.932,0.0,0.0,0,0,
1933,1.933,0.0,0.0,0,0,
1934,1.934,0.0,0.0,0,0,
1935,1.935,0.0,0.0,0,0,
1936,1.936,0.0,0.0,0,0,
1937,1.937,0.0,0.0,0,0,
1938,1.938,0.0,0.0,0,0,
1939,1.939,0.0,0.0,0,0,
1940,1.94,0.0,0.0,0,0,
1941,1.941,0.0,0.0,0,0,
1942,1.942,0.0,0.0,0,0,
1943,1.943,0.0,0.0,0,0,
1944,1.944,0.0,0.0,0,0,
1945,1.945,0.0,0.0,0,0,
1946,1.946,0.0,0.0,0,0,
1947,1.947,0.0,0.0,0,0,
1948,1.948,0.0,0.0,0,0,
1949,1.949,0.0,0.0,0,0,
1950,1.95,0.0,0.0,0,0,
1951,1.951,0.0,0.0,0,0,
1952,1.952,0.0,0.0,0,0,
1953,1.953,0.0,0.0,0,0,
1954,1.954,0.0,0.0,0,0,
1955,1.955,0.0,0.0,0,0,
1956,1.956,0.0,0.0,0,0,
1957,1.957,0.0,0.0,0,0,
1958,1.958,0.0,0.0,0,0,
1959,1.959,0.0,0.0,0,0,
1960,1.96,0.0,0.0,0,0,
1961,1.961,0.0,0.0,0,0,
1962,1.962,0.0,0.0,0,0,
1963,1.963,0.0,0.0,0,0,
1964,1.964,0.0,0.0,0,0,
1965,1.965,0.0,0.0,0,0,
1966,1.966,0.0,0.0,0,0,
1967,1.967,0.0,0.0,0,0,
1968,1.968,0.0,0.0,0,0,
1969,1.969,0.0,0.0,0,0,
1970,1.97,0.0,0.0,0,0,
1971,1.971,0.0,0.0,0,0,
1972,1.972,0.0,0.0,0,0,
1973,1.973,0.0,0.0,0,0,
1974,1.974,0.0,0.0,0,0,
1975,1.975,0.0,0.0,0,0,
1976,1.976,0.0,0.0,0,0,
1977,1.977,0.0,0.0,0,0,
1978,1.978,0.0,0.0,0,0,
1979,1.979,0.0,0.0,0,0,
1980,1.98,0.0,0.0,0,0,
1981,1.981,0.0,0.0,0,0,
1982,1.982,0.0,0.0,0,0,
1983,1.983,0.0,0.0,0,0,
1984,1.984,0.0,0.0,0,0,
1985,1.985,0.0,0.0,0,0,
1986,1.986,0.0,0.0,0,0,
1987,1.987,0.0,0.0,0,0,
1988,1.988,0.0,0.0,0,0,
1989,1.989,0.0,0.0,0,0,
1990,1.99,0.0,0.0,0,0,
1991,1.991,0.0,0.0,0,0,
1992,1.992,0.0,0.0,0,0,
1993,1.993,0.0,0.0,0,0,
1994,1.994,0.0,0.0,0,0,
1995,1.995,0.0,0.0,0,0,
1996,1.996,0.0,0.0,0,0,
1997,1.997,0.0,0.0,0,0,
1998,1.998,0.0,0.0,0,0,
1999,1.999,0.0,0.0,0,0,
2000,2.0,0.0,0.0,0,0,6.4330245722876755
2001,2.001,0.0,0.0,0,0,
2002,2.0020000000000002,0.0,0.0,0,0,
2003,2.003,0.0,0.0,0,0,
2004,2.004,0.0,0.0,0,0,
2005,2.005,0.0,0.0,0,0,
2006,2.0060000000000002,0.0,0.0,0,0,
2007,2.007,0.0,0.0,0,0,
2008,2.008,0.0,0.0,0,0,
2009,2.009,0.0,0.0,0,0,
2010,2.0100000000000002,0.0,0.0,0,0,
2011,2.011,0.0,0.0,0,0,
2012,2.012,0.0,0.0,0,0,
2013,2.013,0.0,0.0,0,0,
2014,2.0140000000000002,0.0,0.0,0,0,
2015,2.015,0.0,0.0,0,0,
2016,2.016,0.0,0.0,0,0,
2017,2.017,0.0,0.0,0,0,
2018,2.0180000000000002,0.0,0.0,0,0,
2019,2.019,0.0,0.0,0,0,
2020,2.02,0.0,0.0,0,0,
2021,2.021,0.0,0.0,0,0,
2022,2.0220000000000002,0.0,0.0,0,0,
2023,2.023,0.0,0.0,0,0,
2024,2.024,0.0,0.0,0,0,
2025,2.025,0.0,0.0,0,0,
2026,2.0260000000000002,0.0,0.0,0,0,
2027,2.027,0.0,0.0,0,0,
2028,2.028,0.0,0.0,0,0,
2029,2.029,0.0,0.0,0,0,
2030,2.0300000000000002,0.0,0.0,0,0,
2031,2.031,0.0,0.0,0,0,
2032,2.032,0.0,0.0,0,0,
2033,2.033,0.0,0.0,0,0,
2034,2.0340000000000003,0.0,0.0,0,0,
2035,2.035,0.0,0.0,0,0,
2036,2.036,0.0,0.0,0,0,
2037,2.037,0.0,0.0,0,0,
2038,2.0380000000000003,0.0,0.0,0,0,
2039,2.039,0.0,0.0,0,0,
2040,2.04,0.0,0.0,0,0,
2041,2.041,0.0,0.0,0,0,
2042,2.0420000000000003,0.0,0.0,0,0,
2043,2.043,0.0,0.0,0,0,
2044,2.044,0.0,0.0,0,0,
2045,2.045,0.0,0.0,0,0,
2046,2.0460000000000003,0.0,0.0,0,0,
2047,2.047,0.0,0.0,0,0,
2048,2.048,0.0,0.0,0,0,
2049,2.049,0.0,0.0,0,0,
2050,2.05,0.0,0.0,0,0,
2051,2.051,0.0,0.0,0,0,
2052,2.052,0.0,0.0,0,0,
2053,2.053,0.0,0.0,0,0,
2054,2.054,0.0,0.0,0,0,
2055,2.055,0.0,0.0,0,0,
2056,2.056,0.0,0.0,0,0,
2057,2.057,0.0,0.0,0,0,
2058,2.058,0.0,0.0,0,0,
2059,2.059,0.0,0.0,0,0,
2060,2.06,0.0,0.0,0,0,
2061,2.061,0.0,0.0,0,0,
2062,2.062,0.0,0.0,0,0,
2063,2.063,0.0,0.0,0,0,
2064,2.064,0.0,0.0,0,0,
2065,2.065,0.0,0.0,0,0,
2066,2.066,0.0,0.0,0,0,
2067,2.067,0.0,0.0,0,0,
2068,2.068,0.0,0.0,0,0,
2069,2.069,0.0,0.0,0,0,
2070,2.07,0.0,0.0,0,0,
2071,2.071,0.0,0.0,0,0,
2072,2.072,0.0,0.0,0,0,
2073,2.073,0.0,0.0,0,0,
2074,2.074,0.0,0.0,0,0,
2075,2.075,0.0,0.0,0,0,
2076,2.076,0.0,0.0,0,0,
2077,2.077,0.0,0.0,0,0,
2078,2.078,0.0,0.0,0,0,
2079,2.079,0.0,0.0,0,0,
2080,2.08,0.0,0.0,0,0,
2081,2.081,0.0,0.0,0,0,
2082,2.082,0.0,0.0,0,0,
2083,2.083,0.0,0.0,0,0,
2084,2.084,0.0,0.0,0,0,
2085,2.085,0.0,0.0,0,0,
2086,2.086,0.0,0.0,0,0,
2087,2.087,0.0,0.0,0,0,
2088,2.088,0.0,0.0,0,0,
2089,2.089,0.0,0.0,0,0,
2090,2.09,0.0,0.0,0,0,
2091,2.091,0.0,0.0,0,0,
2092,2.092,0.0,0.0,0,0,
2093,2.093,0.0,0.0,0,0,
2094,2.094,0.0,0.0,0,0,
2095,2.095,0.0,0.0,0,0,
2096,2.096,0.0,0.0,0,0,
2097,2.097,0.0,0.0,0,0,
2098,2.098,0.0,0.0,0,0,
2099,2.099,0.0,0.0,0,0,
2100,2.1,0.0,0.0,0,0,6.752681108392987
2101,2.101,0.0,0.0,0,0,
2102,2.102,0.0,0.0,0,0,
2103,2.103,0.0,0.0,0,0,
2104,2.104,0.0,0.0,0,0,
2105,2.105,0.0,0.0,0,0,
2106,2.106,0.0,0.0,0,0,
2107,2.107,0.0,0.0,0,0,
2108,2.108,0.0,0.0,0,0,
2109,2.109,0.0,0.0,0,0,
2110,2.11,0.0,0.0,0,0,
2111,2.111,0.0,0.0,0,0,
2112,2.112,0.0,0.0,0,0,
2113,2.113,0.0,0.0,0,0,
2114,2.114,0.0,0.0,0,0,
2115,2.115,0.0,0.0,0,0,
2116,2.116,0.0,0.0,0,0,
2117,2.117,0.0,0.0,0,0,
2118,2.118,0.0,0.0,0,0,
2119,2.119,0.0,0.0,0,0,
2120,2.12,0.0,0.0,0,0,
2121,2.121,0.0,0.0,0,0,
2122,2.122,0.0,0.0,0,0,
2123,2.123,0.0,0.0,0,0,
2124,2.124,0.0,0.0,0,0,
2125,2.125,0.0,0.0,0,0,
2126,2.126,0.0,0.0,0,0,
2127,2.1270000000000002,0.0,0.0,0,0,
2128,2.128,0.0,0.0,0,0,
2129,2.129,0.0,0.0,0,0,
2130,2.13,0.0,0.0,0,0,
2131,2.1310000000000002,0.0,0.0,0,0,
2132,2.132,0.0,0.0,0,0,
2133,2.133,0.0,0.0,0,0,
2134,2.134,0.0,0.0,0,0,
2135,2.1350000000000002,0.0,0.0,0,0,
2136,2.136,0.0,0.0,0,0,
2137,2.137,0.0,0.0,0,0,
2138,2.138,0.0,0.0,0,0,
2139,2.1390000000000002,0.0,0.0,0,0,
2140,2.14,0.0,0.0,0,0,
2141,2.141,0.0,0.0,0,0,
2142,2.142,0.0,0.0,0,0,
2143,2.1430000000000002,0.0,0.0,0,0,
2144,2.144,0.0,0.0,0,0,
2145,2.145,0.0,0.0,0,0,
2146,2.146,0.0,0.0,0,0,
2147,2.1470000000000002,0.0,0.0,0,0,
2148,2.148,0.0,0.0,0,0,
2149,2.149,0.0,0.0,0,0,
2150,2.15,0.0,0.0,0,0,
2151,2.1510000000000002,0.0,0.0,0,0,
2152,2.152,0.0,0.0,0,0,
2153,2.153,0.0,0.0,0,0,
2154,2.154,0.0,0.0,0,0,
2155,2.1550000000000002,0.0,0.0,0,0,
2156,2.156,0.0,0.0,0,0,
2157,2.157,0.0,0.0,0,0,
2158,2.158,0.0,0.0,0,0,
2159,2.1590000000000003,0.0,0.0,0,0,
2160,2.16,0.0,0.0,0,0,
2161,2.161,0.0,0.0,0,0,
2162,2.162,0.0,0.0,0,0,
2163,2.1630000000000003,0.0,0.0,0,0,
2164,2.164,0.0,0.0,0,0,
2165,2.165,0.0,0.0,0,0,
2166,2.166,0.0,0.0,0,0,
2167,2.1670000000000003,0.0,0.0,0,0,
2168,2.168,0.0,0.0,0,0,
2169,2.169,0.0,0.0,0,0,
2170,2.17,0.0,0.0,0,0,
2171,2.1710000000000003,0.0,0.0,0,0,
2172,2.172,0.0,0.0,0,0,
2173,2.173,0.0,0.0,0,0,
2174,2.174,0.0,0.0,0,0,
2175,2.1750000000000003,0.0,0.0,0,0,
2176,2.176,0.0,0.0,0,0,
2177,2.177,0.0,0.0,0,0,
2178,2.178,0.0,0.0,0,0,
2179,2.179,0.0,0.0,0,0,
2180,2.18,0.0,0.0,0,0,
2181,2.181,0.0,0.0,0,0,
2182,2.182,0.0,0.0,0,0,
2183,2.183,0.0,0.0,0,0,
2184,2.184,0.0,0.0,0,0,
2185,2.185,0.0,0.0,0,0,
2186,2.186,0.0,0.0,0,0,
2187,2.187,0.0,0.0,0,0,
2188,2.188,0.0,0.0,0,0,
2189,2.189,0.0,0.0,0,0,
2190,2.19,0.0,0.0,0,0,
2191,2.191,0.0,0.0,0,0,
2192,2.192,0.0,0.0,0,0,
2193,2.193,0.0,0.0,0,0,
2194,2.194,0.0,0.0,0,0,
2195,2.195,0.0,0.0,0,0,
2196,2.196,0.0,0.0,0,0,
2197,2.197,0.0,0.0,0,0,
2198,2.198,0.0,0.0,0,0,
2199,2.199,0.0,0.0,0,0,
2200,2.2,0.0,0.0,0,0,7.3
2201,2.201,0.0,0.0,0,0,
2202,2.202,0.0,0.0,0,0,
2203,2.203,0.0,0.0,0,0,
2204,2.204,0.0,0.0,0,0,
2205,2.205,0.0,0.0,0,0,
2206,2.206,0.0,0.0,0,0,
2207,2.207,0.0,0.0,0,0,
2208,2.208,0.0,0.0,0,0,
2209,2.209,0.0,0.0,0,0,
2210,2.21,0.0,0.0,0,0,
2211,2.211,0.0,0.0,0,0,
2212,2.212,0.0,0.0,0,0,
2213,2.213,0.0,0.0,0,0,
2214,2.214,0.0,0.0,0,0,
2215,2.215,0.0,0.0,0,0,
2216,2.216,0.0,0.0,0,0,
2217,2.217,0.0,0.0,0,0,
2218,2.218,0.0,0.0,0,0,
2219,2.219,0.0,0.0,0,0,
2220,2.22,0.0,0.0,0,0,
2221,2.221,0.0,0.0,0,0,
2222,2.222,0.0,0.0,0,0,
2223,2.223,0.0,0.0,0,0,
2224,2.224,0.0,0.0,0,0,
2225,2.225,0.0,0.0,0,0,
2226,2.226,0.0,0.0,0,0,
2227,2.227,0.0,0.0,0,0,
2228,2.228,0.0,0.0,0,0,
2229,2.229,0.0,0.0,0,0,
2230,2.23,0.0,0.0,0,0,
2231,2.231,0.0,0.0,0,0,
2232,2.232,0.0,0.0,0,0,
2233,2.233,0.0,0.0,0,0,
2234,2.234,0.0,0.0,0,0,
2235,2.235,0.0,0.0,0,0,
2236,2.236,0.0,0.0,0,0,
2237,2.237,0.0,0.0,0,0,
2238,2.238,0.0,0.0,0,0,
2239,2.239,0.0,0.0,0,0,
2240,2.24,0.0,0.0,0,0,
2241,2.241,0.0,0.0,0,0,
2242,2.242,0.0,0.0,0,0,
2243,2.243,0.0,0.0,0,0,
2244,2.244,0.0,0.0,0,0,
2245,2.245,0.0,0.0,0,0,
2246,2.246,0.0,0.0,0,0,
2247,2.247,0.0,0.0,0,0,
2248,2.248,0.0,0.0,0,0,
2249,2.249,0.0,0.0,0,0,
2250,2.25,0.0,0.0,0,0,
2251,2.251,0.0,0.0,0,0,
2252,2.2520000000000002,0.0,0.0,0,0,
2253,2.253,0.0,0.0,0,0,
2254,2.254,0.0,0.0,0,0,
2255,2.255,0.0,0.0,0,0,
2256,2.2560000000000002,0.0,0.0,0,0,
2257,2.257,0.0,0.0,0,0,
2258,2.258,0.0,0.0,0,0,
2259,2.259,0.0,0.0,0,0,
2260,2.2600000000000002,0.0,0.0,0,0,
2261,2.261,0.0,0.0,0,0,
2262,2.262,0.0,0.0,0,0,
2263,2.263,0.0,0.0,0,0,
2264,2.2640000000000002,0.0,0.0,0,0,
2265,2.265,0.0,0.0,0,0,
2266,2.266,0.0,0.0,0,0,
2267,2.267,0.0,0.0,0,0,
2268,2.2680000000000002,0.0,0.0,0,0,
2269,2.269,0.0,0.0,0,0,
2270,2.27,0.0,0.0,0,0,
2271,2.271,0.0,0.0,0,0,
2272,2.2720000000000002,0.0,0.0,0,0,
2273,2.273,0.0,0.0,0,0,
2274,2.274,0.0,0.0,0,0,
2275,2.275,0.0,0.0,0,0,
2276,2.2760000000000002,0.0,0.0,0,0,
2277,2.277,0.0,0.0,0,0,
2278,2.278,0.0,0.0,0,0,
2279,2.279,0.0,0.0,0,0,
2280,2.2800000000000002,0.0,0.0,0,0,
2281,2.281,0.0,0.0,0,0,
2282,2.282,0.0,0.0,0,0,
2283,2.283,0.0,0.0,0,0,
2284,2.2840000000000003,0.0,0.0,0,0,
2285,2.285,0.0,0.0,0,0,
2286,2.286,0.0,0.0,0,0,
2287,2.287,0.0,0.0,0,0,
2288,2.2880000000000003,0.0,0.0,0,0,
2289,2.289,0.0,0.0,0,0,
2290,2.29,0.0,0.0,0,0,
2291,2.291,0.0,0.0,0,0,
2292,2.2920000000000003,0.0,0.0,0,0,
2293,2.293,0.0,0.0,0,0,
2294,2.294,0.0,0.0,0,0,
2295,2.295,0.0,0.0,0,0,
2296,2.2960000000000003,0.0,0.0,0,0,
2297,2.297,0.0,0.0,0,0,
2298,2.298,0.0,0.0,0,0,
2299,2.299,0.0,0.0,0,0,
2300,2.3000000000000003,0.0,0.0,0,0,7.3
2301,2.301,0.0,0.0,0,0,
2302,2.302,0.0,0.0,0,0,
2303,2.303,0.0,0.0,0,0,
2304,2.3040000000000003,0.0,0.0,0,0,
2305,2.305,0.0,0.0,0,0,
2306,2.306,0.0,0.0,0,0,
2307,2.307,0.0,0.0,0,0,
2308,2.308,0.0,0.0,0,0,
2309,2.309,0.0,0.0,0,0,
2310,2.31,0.0,0.0,0,0,
2311,2.311,0.0,0.0,0,0,
2312,2.312,0.0,0.0,0,0,
2313,2.313,0.0,0.0,0,0,
2314,2.314,0.0,0.0,0,0,
2315,2.315,0.0,0.0,0,0,
2316,2.316,0.0,0.0,0,0,
2317,2.317,0.0,0.0,0,0,
2318,2.318,0.0,0.0,0,0,
2319,2.319,0.0,0.0,0,0,
2320,2.32,0.0,0.0,0,0,
2321,2.321,0.0,0.0,0,0,
2322,2.322,0.0,0.0,0,0,
2323,2.323,0.0,0.0,0,0,
2324,2.324,0.0,0.0,0,0,
2325,2.325,0.0,0.0,0,0,
2326,2.326,0.0,0.0,0,0,
2327,2.327,0.0,0.0,0,0,
2328,2.328,0.0,0.0,0,0,
2329,2.329,0.0,0.0,0,0,
2330,2.33,0.0,0.0,0,0,
2331,2.331,0.0,0.0,0,0,
2332,2.332,0.0,0.0,0,0,
2333,2.333,0.0,0.0,0,0,
2334,2.334,0.0,0.0,0,0,
2335,2.335,0.0,0.0,0,0,
2336,2.336,0.0,0.0,0,0,
2337,2.337,0.0,0.0,0,0,
2338,2.338,0.0,0.0,0,0,
2339,2.339,0.0,0.0,0,0,
2340,2.34,0.0,0.0,0,0,
2341,2.341,0.0,0.0,0,0,
2342,2.342,0.0,0.0,0,0,
2343,2.343,0.0,0.0,0,0,
2344,2.344,0.0,0.0,0,0,
2345,2.345,0.0,0.0,0,0,
2346,2.346,0.0,0.0,0,0,
2347,2.347,0.0,0.0,0,0,
2348,2.348,0.0,0.0,0,0,
2349,2.349,0.0,0.0,0,0,
2350,2.35,0.0,0.0,0,0,
2351,2.351,0.0,0.0,0,0,
2352,2.352,0.0,0.0,0,0,
2353,2.353,0.0,0.0,0,0,
2354,2.354,0.0,0.0,0,0,
2355,2.355,0.0,0.0,0,0,
2356,2.356,0.0,0.0,0,0,
2357,2.357,0.0,0.0,0,0,
2358,2.358,0.0,0.0,0,0,
2359,2.359,0.0,0.0,0,0,
2360,2.36,0.0,0.0,0,0,
2361,2.361,0.0,0.0,0,0,
2362,2.362,0.0,0.0,0,0,
2363,2.363,0.0,0.0,0,0,
2364,2.364,0.0,0.0,0,0,
2365,2.365,0.0,0.0,0,0,
2366,2.366,0.0,0.0,0,0,
2367,2.367,0.0,0.0,0,0,
2368,2.368,0.0,0.0,0,0,
2369,2.369,0.0,0.0,0,0,
2370,2.37,0.0,0.0,0,0,
2371,2.371,0.0,0.0,0,0,
2372,2.372,0.0,0.0,0,0,
2373,2.373,0.0,0.0,0,0,
2374,2.374,0.0,0.0,0,0,
2375,2.375,0.0,0.0,0,0,
2376,2.376,0.0,0.0,0,0,
2377,2.3770000000000002,0.0,0.0,0,0,
2378,2.378,0.0,0.0,0,0,
2379,2.379,0.0,0.0,0,0,
2380,2.38,0.0,0.0,0,0,
2381,2.3810000000000002,0.0,0.0,0,0,
2382,2.382,0.0,0.0,0,0,
2383,2.383,0.0,0.0,0,0,
2384,2.384,0.0,0.0,0,0,
2385,2.3850000000000002,0.0,0.0,0,0,
2386,2.386,0.0,0.0,0,0,
2387,2.387,0.0,0.0,0,0,
2388,2.388,0.0,0.0,0,0,
2389,2.3890000000000002,0.0,0.0,0,0,
2390,2.39,0.0,0.0,0,0,
2391,2.391,0.0,0.0,0,0,
2392,2.392,0.0,0.0,0,0,
2393,2.3930000000000002,0.0,0.0,0,0,
2394,2.394,0.0,0.0,0,0,
2395,2.395,0.0,0.0,0,0,
2396,2.396,0.0,0.0,0,0,
2397,2.3970000000000002,0.0,0.0,0,0,
2398,2.398,0.0,0.0,0,0,
2399,2.399,0.0,0.0,0,0,
2400,2.4,0.03,0.0,1,1,7.2871346304470235
2401,2.4010000000000002,0.03,0.0,1,1,
2402,2.402,0.03,0.0,1,1,
2403,2.403,0.03,0.0,1,1,
2404,2.404,0.03,0.0,1,1,
2405,2.4050000000000002,0.03,0.0,1,1,
2406,2.406,0.03,0.0,1,1,
2407,2.407,0.03,0.0,1,1,
2408,2.408,0.03,0.0,1,1,
2409,2.4090000000000003,0.03,0.0,1,1,
2410,2.41,0.03,0.0,1,1,
2411,2.411,0.03,0.0,1,1,
2412,2.412,0.03,0.0,1,1,
2413,2.4130000000000003,0.03,0.0,1,1,
2414,2.414,0.03,0.0,1,1,
2415,2.415,0.03,0.0,1,1,
2416,2.416,0.03,0.0,1,1,
2417,2.4170000000000003,0.03,0.0,1,1,
2418,2.418,0.03,0.0,1,1,
2419,2.419,0.03,0.0,1,1,
2420,2.42,0.03,0.0,1,1,
2421,2.4210000000000003,0.03,0.0,1,1,
2422,2.422,0.03,0.0,1,1,
2423,2.423,0.03,0.0,1,1,
2424,2.424,0.03,0.0,1,1,
2425,2.4250000000000003,0.03,0.0,1,1,
2426,2.426,0.03,0.0,1,1,
2427,2.427,0.03,0.0,1,1,
2428,2.428,0.03,0.0,1,1,
2429,2.4290000000000003,0.03,0.0,1,1,
2430,2.43,0.03,0.0,1,1,
2431,2.431,0.03,0.0,1,1,
2432,2.432,0.03,0.0,1,1,
2433,2.433,0.03,0.0,1,1,
2434,2.434,0.03,0.0,1,1,
2435,2.435,0.03,0.0,1,1,
2436,2.436,0.03,0.0,1,1,
2437,2.437,0.03,0.0,1,1,
2438,2.438,0.03,0.0,1,1,
2439,2.439,0.03,0.0,1,1,
2440,2.44,0.03,0.0,1,1,
2441,2.441,0.03,0.0,1,1,
2442,2.442,0.03,0.0,1,1,
2443,2.443,0.03,0.0,1,1,
2444,2.444,0.03,0.0,1,1,
2445,2.445,0.03,0.0,1,1,
2446,2.446,0.03,0.0,1,1,
2447,2.447,0.03,0.0,1,1,
2448,2.448,0.03,0.0,1,1,
2449,2.449,0.03,0.0,1,1,
2450,2.45,0.03,0.0,1,1,
2451,2.451,0.03,0.0,1,1,
2452,2.452,0.03,0.0,1,1,
2453,2.453,0.03,0.0,1,1,
2454,2.454,0.03,0.0,1,1,
2455,2.455,0.03,0.0,1,1,
2456,2.456,0.03,0.0,1,1,
2457,2.457,0.03,0.0,1,1,
2458,2.458,0.03,0.0,1,1,
2459,2.459,0.03,0.0,1,1,
2460,2.46,0.03,0.0,1,1,
2461,2.461,0.03,0.0,1,1,
2462,2.462,0.03,0.0,1,1,
2463,2.463,0.03,0.0,1,1,
2464,2.464,0.03,0.0,1,1,
2465,2.465,0.03,0.0,1,1,
2466,2.466,0.03,0.0,1,1,
2467,2.467,0.03,0.0,1,1,
2468,2.468,0.03,0.0,1,1,
2469,2.469,0.03,0.0,1,1,
2470,2.47,0.03,0.0,1,1,
2471,2.471,0.03,0.0,1,1,
2472,2.472,0.03,0.0,1,1,
2473,2.473,0.03,0.0,1,1,
2474,2.474,0.03,0.0,1,1,
2475,2.475,0.03,0.0,1,1,
2476,2.476,0.03,0.0,1,1,
2477,2.477,0.03,0.0,1,1,
2478,2.478,0.03,0.0,1,1,
2479,2.479,0.03,0.0,1,1,
2480,2.48,0.03,0.0,1,1,
2481,2.481,0.03,0.0,1,1,
2482,2.482,0.03,0.0,1,1,
2483,2.483,0.03,0.0,1,1,
2484,2.484,0.03,0.0,1,1,
2485,2.485,0.03,0.0,1,1,
2486,2.486,0.03,0.0,1,1,
2487,2.487,0.03,0.0,1,1,
2488,2.488,0.03,0.0,1,1,
2489,2.489,0.03,0.0,1,1,
2490,2.49,0.03,0.0,1,1,
2491,2.491,0.03,0.0,1,1,
2492,2.492,0.03,0.0,1,1,
2493,2.493,0.03,0.0,1,1,
2494,2.494,0.03,0.0,1,1,
2495,2.495,0.03,0.0,1,1,
2496,2.496,0.03,0.0,1,1,
2497,2.497,0.03,0.0,1,1,
2498,2.498,0.03,0.0,1,1,
2499,2.499,0.03,0.0,1,1,
2500,2.5,0.03,0.0,1,1,6.607530458346189
2501,2.501,0.03,0.0,1,1,
2502,2.5020000000000002,0.03,0.0,1,1,
2503,2.503,0.03,0.0,1,1,
2504,2.504,0.03,0.0,1,1,
2505,2.505,0.03,0.0,1,1,
2506,2.5060000000000002,0.03,0.0,1,1,
2507,2.507,0.03,0.0,1,1,
2508,2.508,0.03,0.0,1,1,
2509,2.509,0.03,0.0,1,1,
2510,2.5100000000000002,0.03,0.0,1,1,
2511,2.511,0.03,0.0,1,1,
2512,2.512,0.03,0.0,1,1,
2513,2.513,0.03,0.0,1,1,
2514,2.5140000000000002,0.03,0.0,1,1,
2515,2.515,0.03,0.0,1,1,
2516,2.516,0.03,0.0,1,1,
2517,2.517,0.03,0.0,1,1,
2518,2.5180000000000002,0.03,0.0,1,1,
2519,2.519,0.03,0.0,1,1,
2520,2.52,0.03,0.0,1,1,
2521,2.521,0.03,0.0,1,1,
2522,2.5220000000000002,0.03,0.0,1,1,
2523,2.523,0.03,0.0,1,1,
2524,2.524,0.03,0.0,1,1,
2525,2.525,0.03,0.0,1,1,
2526,2.5260000000000002,0.03,0.0,1,1,
2527,2.527,0.03,0.0,1,1,
2528,2.528,0.03,0.0,1,1,
2529,2.529,0.03,0.0,1,1,
2530,2.5300000000000002,0.03,0.0,1,1,
2531,2.531,0.03,0.0,1,1,
2532,2.532,0.03,0.0,1,1,
2533,2.533,0.03,0.0,1,1,
2534,2.5340000000000003,0.03,0.0,1,1,
2535,2.535,0.03,0.0,1,1,
2536,2.536,0.03,0.0,1,1,
2537,2.537,0.03,0.0,1,1,
2538,2.5380000000000003,0.03,0.0,1,1,
2539,2.539,0.03,0.0,1,1,
2540,2.54,0.03,0.0,1,1,
2541,2.541,0.03,0.0,1,1,
2542,2.5420000000000003,0.03,0.0,1,1,
2543,2.543,0.03,0.0,1,1,
2544,2.544,0.03,0.0,1,1,
2545,2.545,0.03,0.0,1,1,
2546,2.5460000000000003,0.03,0.0,1,1,
2547,2.547,0.03,0.0,1,1,
2548,2.548,0.03,0.0,1,1,
2549,2.549,0.03,0.0,1,1,
2550,2.5500000000000003,0.03,0.0,1,1,
2551,2.551,0.03,0.0,1,1,
2552,2.552,0.03,0.0,1,1,
2553,2.553,0.03,0.0,1,1,
2554,2.5540000000000003,0.03,0.0,1,1,
2555,2.555,0.03,0.0,1,1,
2556,2.556,0.03,0.0,1,1,
2557,2.557,0.03,0.0,1,1,
2558,2.5580000000000003,0.03,0.0,1,1,
2559,2.559,0.03,0.0,1,1,
2560,2.56,0.03,0.0,1,1,
2561,2.561,0.03,0.0,1,1,
2562,2.562,0.03,0.0,1,1,
2563,2.563,0.03,0.0,1,1,
2564,2.564,0.03,0.0,1,1,
2565,2.565,0.03,0.0,1,1,
2566,2.566,0.03,0.0,1,1,
2567,2.567,0.03,0.0,1,1,
2568,2.568,0.03,0.0,1,1,
2569,2.569,0.03,0.0,1,1,
2570,2.57,0.03,0.0,1,1,
2571,2.571,0.03,0.0,1,1,
2572,2.572,0.03,0.0,1,1,
2573,2.573,0.03,0.0,1,1,
2574,2.574,0.03,0.0,1,1,
2575,2.575,0.03,0.0,1,1,
2576,2.576,0.03,0.0,1,1,
2577,2.577,0.03,0.0,1,1,
2578,2.578,0.03,0.0,1,1,
2579,2.579,0.03,0.0,1,1,
2580,2.58,0.03,0.0,1,1,
2581,2.581,0.03,0.0,1,1,
2582,2.582,0.03,0.0,1,1,
2583,2.583,0.03,0.0,1,1,
2584,2.584,0.03,0.0,1,1,
2585,2.585,0.03,0.0,1,1,
2586,2.586,0.03,0.0,1,1,
2587,2.587,0.03,0.0,1,1,
2588,2.588,0.03,0.0,1,1,
2589,2.589,0.03,0.0,1,1,
2590,2.59,0.03,0.0,1,1,
2591,2.591,0.03,0.0,1,1,
2592,2.592,0.03,0.0,1,1,
2593,2.593,0.03,0.0,1,1,
2594,2.594,0.03,0.0,1,1,
2595,2.595,0.03,0.0,1,1,
2596,2.596,0.03,0.0,1,1,
2597,2.597,0.03,0.0,1,1,
2598,2.598,0.03,0.0,1,1,
2599,2.599,0.03,0.0,1,1,
2600,2.6,0.03,0.0,1,1,6.581169329382213
2601,2.601,0.03,0.0,1,1,
2602,2.602,0.03,0.0,1,1,
2603,2.603,0.03,0.0,1,1,
2604,2.604,0.03,0.0,1,1,
2605,2.605,0.03,0.0,1,1,
2606,2.606,0.03,0.0,1,1,
2607,2.607,0.03,0.0,1,1,
2608,2.608,0.03,0.0,1,1,
2609,2.609,0.03,0.0,1,1,
2610,2.61,0.03,0.0,1,1,
2611,2.611,0.03,0.0,1,1,
2612,2.612,0.03,0.0,1,1,
2613,2.613,0.03,0.0,1,1,
2614,2.614,0.03,0.0,1,1,
2615,2.615,0.03,0.0,1,1,
2616,2.616,0.03,0.0,1,1,
2617,2.617,0.03,0.0,1,1,
2618,2.618,0.03,0.0,1,1,
2619,2.619,0.03,0.0,1,1,
2620,2.62,0.03,0.0,1,1,
2621,2.621,0.03,0.0,1,1,
2622,2.622,0.03,0.0,1,1,
2623,2.623,0.03,0.0,1,1,
2624,2.624,0.03,0.0,1,1,
2625,2.625,0.03,0.0,1,1,
2626,2.626,0.03,0.0,1,1,
2627,2.6270000000000002,0.03,0.0,1,1,
2628,2.628,0.03,0.0,1,1,
2629,2.629,0.03,0.0,1,1,
2630,2.63,0.03,0.0,1,1,
2631,2.6310000000000002,0.03,0.0,1,1,
2632,2.632,0.03,0.0,1,1,
2633,2.633,0.03,0.0,1,1,
2634,2.634,0.03,0.0,1,1,
2635,2.6350000000000002,0.03,0.0,1,1,
2636,2.636,0.03,0.0,1,1,
2637,2.637,0.03,0.0,1,1,
2638,2.638,0.03,0.0,1,1,
2639,2.6390000000000002,0.03,0.0,1,1,
2640,2.64,0.03,0.0,1,1,
2641,2.641,0.03,0.0,1,1,
2642,2.642,0.03,0.0,1,1,
2643,2.6430000000000002,0.03,0.0,1,1,
2644,2.644,0.03,0.0,1,1,
2645,2.645,0.03,0.0,1,1,
2646,2.646,0.03,0.0,1,1,
2647,2.6470000000000002,0.03,0.0,1,1,
2648,2.648,0.03,0.0,1,1,
2649,2.649,0.03,0.0,1,1,
2650,2.65,0.03,0.0,1,1,
2651,2.6510000000000002,0.03,0.0,1,1,
2652,2.652,0.03,0.0,1,1,
2653,2.653,0.03,0.0,1,1,
2654,2.654,0.03,0.0,1,1,
2655,2.6550000000000002,0.03,0.0,1,1,
2656,2.656,0.03,0.0,1,1,
2657,2.657,0.03,0.0,1,1,
2658,2.658,0.03,0.0,1,1,
2659,2.6590000000000003,0.03,0.0,1,1,
2660,2.66,0.03,0.0,1,1,
2661,2.661,0.03,0.0,1,1,
2662,2.662,0.03,0.0,1,1,
2663,2.6630000000000003,0.03,0.0,1,1,
2664,2.664,0.03,0.0,1,1,
2665,2.665,0.03,0.0,1,1,
2666,2.666,0.03,0.0,1,1,
2667,2.6670000000000003,0.03,0.0,1,1,
2668,2.668,0.03,0.0,1,1,
2669,2.669,0.03,0.0,1,1,
2670,2.67,0.03,0.0,1,1,
2671,2.6710000000000003,0.03,0.0,1,1,
2672,2.672,0.03,0.0,1,1,
2673,2.673,0.03,0.0,1,1,
2674,2.674,0.03,0.0,1,1,
2675,2.6750000000000003,0.03,0.0,1,1,
2676,2.676,0.03,0.0,1,1,
2677,2.677,0.03,0.0,1,1,
2678,2.678,0.03,0.0,1,1,
2679,2.6790000000000003,0.03,0.0,1,1,
2680,2.68,0.03,0.0,1,1,
2681,2.681,0.03,0.0,1,1,
2682,2.682,0.03,0.0,1,1,
2683,2.6830000000000003,0.03,0.0,1,1,
2684,2.684,0.03,0.0,1,1,
2685,2.685,0.03,0.0,1,1,
2686,2.686,0.03,0.0,1,1,
2687,2.6870000000000003,0.03,0.0,1,1,
2688,2.688,0.03,0.0,1,1,
2689,2.689,0.03,0.0,1,1,
2690,2.69,0.03,0.0,1,1,
2691,2.691,0.03,0.0,1,1,
2692,2.692,0.03,0.0,1,1,
2693,2.693,0.03,0.0,1,1,
2694,2.694,0.03,0.0,1,1,
2695,2.695,0.03,0.0,1,1,
2696,2.696,0.03,0.0,1,1,
2697,2.697,0.03,0.0,1,1,
2698,2.698,0.03,0.0,1,1,
2699,2.699,0.03,0.0,1,1,
2700,2.7,0.03,0.0,1,1,5.635469674430857
2701,2.701,0.03,0.0,1,1,
2702,2.702,0.03,0.0,1,1,
2703,2.703,0.03,0.0,1,1,
2704,2.704,0.03,0.0,1,1,
2705,2.705,0.03,0.0,1,1,
2706,2.706,0.03,0.0,1,1,
2707,2.707,0.03,0.0,1,1,
2708,2.708,0.03,0.0,1,1,
2709,2.709,0.03,0.0,1,1,
2710,2.71,0.03,0.0,1,1,
2711,2.711,0.03,0.0,1,1,
2712,2.712,0.03,0.0,1,1,
2713,2.713,0.03,0.0,1,1,
2714,2.714,0.03,0.0,1,1,
2715,2.715,0.03,0.0,1,1,
2716,2.716,0.03,0.0,1,1,
2717,2.717,0.03,0.0,1,1,
2718,2.718,0.03,0.0,1,1,
2719,2.719,0.03,0.0,1,1,
2720,2.72,0.03,0.0,1,1,
2721,2.721,0.03,0.0,1,1,
2722,2.722,0.03,0.0,1,1,
2723,2.723,0.03,0.0,1,1,
2724,2.724,0.03,0.0,1,1,
2725,2.725,0.03,0.0,1,1,
2726,2.726,0.03,0.0,1,1,
2727,2.727,0.03,0.0,1,1,
2728,2.728,0.03,0.0,1,1,
2729,2.729,0.03,0.0,1,1,
2730,2.73,0.03,0.0,1,1,
2731,2.731,0.03,0.0,1,1,
2732,2.732,0.03,0.0,1,1,
2733,2.733,0.03,0.0,1,1,
2734,2.734,0.03,0.0,1,1,
2735,2.735,0.03,0.0,1,1,
2736,2.736,0.03,0.0,1,1,
2737,2.737,0.03,0.0,1,1,
2738,2.738,0.03,0.0,1,1,
2739,2.739,0.03,0.0,1,1,
2740,2.74,0.03,0.0,1,1,
2741,2.741,0.03,0.0,1,1,
2742,2.742,0.03,0.0,1,1,
2743,2.743,0.03,0.0,1,1,
2744,2.744,0.03,0.0,1,1,
2745,2.745,0.03,0.0,1,1,
2746,2.746,0.03,0.0,1,1,
2747,2.747,0.03,0.0,1,1,
2748,2.748,0.03,0.0,1,1,
2749,2.749,0.03,0.0,1,1,
2750,2.75,0.03,0.0,1,1,
2751,2.751,0.03,0.0,1,1,
2752,2.7520000000000002,0.03,0.0,1,1,
2753,2.753,0.03,0.0,1,1,
2754,2.754,0.03,0.0,1,1,
2755,2.755,0.03,0.0,1,1,
2756,2.7560000000000002,0.03,0.0,1,1,
2757,2.757,0.03,0.0,1,1,
2758,2.758,0.03,0.0,1,1,
2759,2.759,0.03,0.0,1,1,
2760,2.7600000000000002,0.03,0.0,1,1,
2761,2.761,0.03,0.0,1,1,
2762,2.762,0.03,0.0,1,1,
2763,2.763,0.03,0.0,1,1,
2764,2.7640000000000002,0.03,0.0,1,1,
2765,2.765,0.03,0.0,1,1,
2766,2.766,0.03,0.0,1,1,
2767,2.767,0.03,0.0,1,1,
2768,2.7680000000000002,0.03,0.0,1,1,
2769,2.769,0.03,0.0,1,1,
2770,2.77,0.03,0.0,1,1,
2771,2.771,0.03,0.0,1,1,
2772,2.7720000000000002,0.03,0.0,1,1,
2773,2.773,0.03,0.0,1,1,
2774,2.774,0.03,0.0,1,1,
2775,2.775,0.03,0.0,1,1,
2776,2.7760000000000002,0.03,0.0,1,1,
2777,2.777,0.03,0.0,1,1,
2778,2.778,0.03,0.0,1,1,
2779,2.779,0.03,0.0,1,1,
2780,2.7800000000000002,0.03,0.0,1,1,
2781,2.781,0.03,0.0,1,1,
2782,2.782,0.03,0.0,1,1,
2783,2.783,0.03,0.0,1,1,
2784,2.7840000000000003,0.03,0.0,1,1,
2785,2.785,0.03,0.0,1,1,
2786,2.786,0.03,0.0,1,1,
2787,2.787,0.03,0.0,1,1,
2788,2.7880000000000003,0.03,0.0,1,1,
2789,2.789,0.03,0.0,1,1,
2790,2.79,0.03,0.0,1,1,
2791,2.791,0.03,0.0,1,1,
2792,2.7920000000000003,0.03,0.0,1,1,
2793,2.793,0.03,0.0,1,1,
2794,2.794,0.03,0.0,1,1,
2795,2.795,0.03,0.0,1,1,
2796,2.7960000000000003,0.03,0.0,1,1,
2797,2.797,0.03,0.0,1,1,
2798,2.798,0.03,0.0,1,1,
2799,2.799,0.03,0.0,1,1,
2800,2.8000000000000003,0.03,0.0,1,1,3.539478692464467
2801,2.801,0.03,0.0,1,1,
2802,2.802,0.03,0.0,1,1,
2803,2.803,0.03,0.0,1,1,
2804,2.8040000000000003,0.03,0.0,1,1,
2805,2.805,0.03,0.0,1,1,
2806,2.806,0.03,0.0,1,1,
2807,2.807,0.03,0.0,1,1,
2808,2.8080000000000003,0.03,0.0,1,1,
2809,2.809,0.03,0.0,1,1,
2810,2.81,0.03,0.0,1,1,
2811,2.811,0.03,0.0,1,1,
2812,2.8120000000000003,0.03,0.0,1,1,
2813,2.813,0.03,0.0,1,1,
2814,2.814,0.03,0.0,1,1,
2815,2.815,0.03,0.0,1,1,
2816,2.816,0.03,0.0,1,1,
2817,2.817,0.03,0.0,1,1,
2818,2.818,0.03,0.0,1,1,
2819,2.819,0.03,0.0,1,1,
2820,2.82,0.03,0.0,1,1,
2821,2.821,0.03,0.0,1,1,
2822,2.822,0.03,0.0,1,1,
2823,2.823,0.03,0.0,1,1,
2824,2.824,0.03,0.0,1,1,
2825,2.825,0.03,0.0,1,1,
2826,2.826,0.03,0.0,1,1,
2827,2.827,0.03,0.0,1,1,
2828,2.828,0.03,0.0,1,1,
2829,2.829,0.03,0.0,1,1,
2830,2.83,0.03,0.0,1,1,
2831,2.831,0.03,0.0,1,1,
2832,2.832,0.03,0.0,1,1,
2833,2.833,0.03,0.0,1,1,
2834,2.834,0.03,0.0,1,1,
2835,2.835,0.03,0.0,1,1,
2836,2.836,0.03,0.0,1,1,
2837,2.837,0.03,0.0,1,1,
2838,2.838,0.03,0.0,1,1,
2839,2.839,0.03,0.0,1,1,
2840,2.84,0.03,0.0,1,1,
2841,2.841,0.03,0.0,1,1,
2842,2.842,0.03,0.0,1,1,
2843,2.843,0.03,0.0,1,1,
2844,2.844,0.03,0.0,1,1,
2845,2.845,0.03,0.0,1,1,
2846,2.846,0.03,0.0,1,1,
2847,2.847,0.03,0.0,1,1,
2848,2.848,0.03,0.0,1,1,
2849,2.849,0.03,0.0,1,1,
2850,2.85,0.03,0.0,1,1,
2851,2.851,0.03,0.0,1,1,
2852,2.852,0.03,0.0,1,1,
2853,2.853,0.03,0.0,1,1,
2854,2.854,0.03,0.0,1,1,
2855,2.855,0.03,0.0,1,1,
2856,2.856,0.03,0.0,1,1,
2857,2.857,0.03,0.0,1,1,
2858,2.858,0.03,0.0,1,1,
2859,2.859,0.03,0.0,1,1,
2860,2.86,0.03,0.0,1,1,
2861,2.861,0.03,0.0,1,1,
2862,2.862,0.03,0.0,1,1,
2863,2.863,0.03,0.0,1,1,
2864,2.864,0.03,0.0,1,1,
2865,2.865,0.03,0.0,1,1,
2866,2.866,0.03,0.0,1,1,
2867,2.867,0.03,0.0,1,1,
2868,2.868,0.03,0.0,1,1,
2869,2.869,0.03,0.0,1,1,
2870,2.87,0.03,0.0,1,1,
2871,2.871,0.03,0.0,1,1,
2872,2.872,0.03,0.0,1,1,
2873,2.873,0.03,0.0,1,1,
2874,2.874,0.03,0.0,1,1,
2875,2.875,0.03,0.0,1,1,
2876,2.876,0.03,0.0,1,1,
2877,2.8770000000000002,0.03,0.0,1,1,
2878,2.878,0.03,0.0,1,1,
2879,2.879,0.03,0.0,1,1,
2880,2.88,0.03,0.0,1,1,
2881,2.8810000000000002,0.03,0.0,1,1,
2882,2.882,0.03,0.0,1,1,
2883,2.883,0.03,0.0,1,1,
2884,2.884,0.03,0.0,1,1,
2885,2.8850000000000002,0.03,0.0,1,1,
2886,2.886,0.03,0.0,1,1,
2887,2.887,0.03,0.0,1,1,
2888,2.888,0.03,0.0,1,1,
2889,2.8890000000000002,0.03,0.0,1,1,
2890,2.89,0.03,0.0,1,1,
2891,2.891,0.03,0.0,1,1,
2892,2.892,0.03,0.0,1,1,
2893,2.8930000000000002,0.03,0.0,1,1,
2894,2.894,0.03,0.0,1,1,
2895,2.895,0.03,0.0,1,1,
2896,2.896,0.03,0.0,1,1,
2897,2.8970000000000002,0.03,0.0,1,1,
2898,2.898,0.03,0.0,1,1,
2899,2.899,0.03,0.0,1,1,
2900,2.9,0.03,0.0,1,1,3.554436904966763
2901,2.9010000000000002,0.03,0.0,1,1,
2902,2.902,0.03,0.0,1,1,
2903,2.903,0.03,0.0,1,1,
2904,2.904,0.03,0.0,1,1,
2905,2.9050000000000002,0.03,0.0,1,1,
2906,2.906,0.03,0.0,1,1,
2907,2.907,0.03,0.0,1,1,
2908,2.908,0.03,0.0,1,1,
2909,2.9090000000000003,0.03,0.0,1,1,
2910,2.91,0.03,0.0,1,1,
2911,2.911,0.03,0.0,1,1,
2912,2.912,0.03,0.0,1,1,
2913,2.9130000000000003,0.03,0.0,1,1,
2914,2.914,0.03,0.0,1,1,
2915,2.915,0.03,0.0,1,1,
2916,2.916,0.03,0.0,1,1,
2917,2.9170000000000003,0.03,0.0,1,1,
2918,2.918,0.03,0.0,1,1,
2919,2.919,0.03,0.0,1,1,
2920,2.92,0.03,0.0,1,1,
2921,2.9210000000000003,0.03,0.0,1,1,
2922,2.922,0.03,0.0,1,1,
2923,2.923,0.03,0.0,1,1,
2924,2.924,0.03,0.0,1,1,
2925,2.9250000000000003,0.03,0.0,1,1,
2926,2.926,0.03,0.0,1,1,
2927,2.927,0.03,1.0,1,1,
2928,2.928,0.03,0.951229424500714,1,1,
2929,2.9290000000000003,0.03,0.9048374180359596,1,1,
2930,2.93,0.03,0.8607079764250579,1,1,
2931,2.931,0.03,0.8187307530779819,1,1,
2932,2.932,0.03,0.778800783071405,1,1,
2933,2.9330000000000003,0.03,0.740818220681718,1,1,
2934,2.934,0.03,0.7046880897187136,1,1,
2935,2.935,0.03,0.6703200460356394,1,1,
2936,2.936,0.03,0.6376281516217734,1,1,
2937,2.9370000000000003,0.03,0.6065306597126335,1,1,
2938,2.938,0.03,0.5769498103804868,1,1,
2939,2.939,0.03,0.5488116360940265,1,1,
2940,2.94,0.03,0.5220457767610162,1,1,
2941,2.9410000000000003,0.03,0.49658530379140964,1,1,
2942,2.942,0.03,0.4723665527410148,1,1,
2943,2.943,0.03,0.4493289641172217,1,1,
2944,2.944,0.03,0.42741493194872676,1,1,
2945,2.945,0.03,0.4065696597405992,1,1,
2946,2.946,0.03,0.3867410234545013,1,1,
2947,2.947,0.03,0.3678794411714424,1,1,
2948,2.948,0.03,0.34993774911115544,1,1,
2949,2.949,0.03,0.33287108369807966,1,1,
2950,2.95,0.03,0.31663676937905333,1,1,
2951,2.951,0.03,0.3011942119122022,1,1,
2952,2.952,0.03,0.2865047968601902,1,1,
2953,2.953,0.03,0.2725317930340127,1,1,
2954,2.954,0.03,0.2592402606458916,1,1,
2955,2.955,0.03,0.24659696394160657,1,1,
2956,2.956,0.03,0.23457028809379774,1,1,
2957,2.957,0.03,0.2231301601484299,1,1,
2958,2.958,0.03,0.21224797382674312,1,1,
2959,2.959,0.03,0.20189651799465547,1,1,
2960,2.96,0.03,0.19204990862075416,1,1,
2961,2.961,0.03,0.1826835240527347,1,1,
2962,2.962,0.03,0.17377394345044517,1,1,
2963,2.963,0.03,0.1652988882215866,1,1,
2964,2.964,0.03,0.15723716631362766,1,1,
2965,2.965,0.03,0.1495686192226351,1,1,
2966,2.966,0.03,0.14227407158651362,1,1,
2967,2.967,0.03,0.13533528323661273,1,1,
2968,2.968,0.03,0.12873490358780426,1,1,
2969,2.969,0.03,0.12245642825298195,1,1,
2970,2.97,0.03,0.116484157773497,1,1,
2971,2.971,0.03,0.11080315836233391,1,1,
2972,2.972,0.03,0.10539922456186436,1,1,
2973,2.973,0.03,0.10025884372280376,1,1,
2974,2.974,0.03,0.09536916221554964,1,1,
2975,2.975,0.03,0.09071795328941253,1,1,
2976,2.976,0.03,0.08629358649937054,1,1,
2977,2.977,0.03,0.08208499862389881,1,1,
2978,2.978,0.03,0.07808166600115317,1,1,
2979,2.979,0.03,0.07427357821433389,1,1,
2980,2.98,0.03,0.0706512130604296,1,1,
2981,2.981,0.03,0.06720551273974977,1,1,
2982,2.982,0.03,0.06392786120670758,1,1,
2983,2.983,0.03,0.06081006262521798,1,1,
2984,2.984,0.03,0.05784432087483848,1,1,
2985,2.985,0.03,0.055023220056407245,1,1,
2986,2.986,0.03,0.05233970594843241,1,1,
2987,2.987,0.03,0.04978706836786396,1,1,
2988,2.988,0.03,0.047358924391140936,1,1,
2989,2.989,0.03,0.04504920239355782,1,1,
2990,2.99,0.03,0.042852126867040194,1,1,
2991,2.991,0.03,0.04076220397836623,1,1,
2992,2.992,0.03,0.03877420783172203,1,1,
2993,2.993,0.03,0.03688316740124002,1,1,
2994,2.994,0.03,0.03508435410084504,1,1,
2995,2.995,0.03,0.033373269960326093,1,1,
2996,2.996,0.03,0.03174563637806796,1,1,
2997,2.997,0.03,0.030197383422318518,1,1,
2998,2.998,0.03,0.028724639654239447,1,1,
2999,2.999,0.03,0.02732372244729258,1,1,
3000,3.0,0.0,0.02599112877875536,0,1,3.5672633823553146
3001,3.001,0.0,0.02472352647033941,0,1,
3002,3.0020000000000002,0.0,0.023517745856009124,0,1,
3003,3.003,0.0,0.02237077185616561,0,1,
3004,3.004,0.0,0.021279736438377186,0,1,
3005,3.005,0.0,0.020241911445804405,0,1,
3006,3.0060000000000002,0.0,0.01925470177538694,0,1,
3007,3.007,0.0,0.018315638888734196,0,1,
3008,3.008,0.0,0.017422374639493525,0,1,
3009,3.009,0.0,0.01657267540176126,0,1,
3010,3.0100000000000002,0.0,0.015764416484854504,0,1,
3011,3.011,0.0,0.014995576820477719,0,1,
3012,3.012,0.0,0.014264233908999268,0,1,
3013,3.013,0.0,0.013568559012200944,0,1,
3014,3.0140000000000002,0.0,0.012906812580479881,0,1,
3015,3.015,0.0,0.012277339903068453,0,1,
3016,3.016,0.0,0.011678566970395456,0,1,
3017,3.017,0.0,0.011108996538242316,0,1,
3018,3.0180000000000002,0.0,0.010567204383852663,0,1,
3019,3.019,0.0,0.010051835744633591,0,1,
3020,3.02,0.0,0.009561601930543517,0,1,
3021,3.021,0.0,0.009095277101695826,0,1,
3022,3.0220000000000002,0.0,0.008651695203120643,0,1,
3023,3.023,0.0,0.008229747049020037,0,1,
3024,3.024,0.0,0.007828377549225779,0,1,
3025,3.025,0.0,0.007446583070924348,0,1,
3026,3.0260000000000002,0.0,0.007083408929052127,0,1,
3027,3.027,0.0,0.006737946999085474,0,1,
3028,3.028,0.0,0.006409333446256388,0,1,
3029,3.029,0.0,0.006096746565515642,0,1,
3030,3.0300000000000002,0.0,0.005799404726842149,0,1,
3031,3.031,0.0,0.0055165644207607785,0,1,
3032,3.032,0.0,0.00524751839918139,0,1,
3033,3.033,0.0,0.004991593906910221,0,1,
3034,3.0340000000000003,0.0,0.00474815099941148,0,1,
3035,3.035,0.0,0.004516580942612672,0,1,
3036,3.036,0.0,0.004296304690752344,0,1,
3037,3.037,0.0,0.00408677143846407,0,1,
3038,3.0380000000000003,0.0,0.0038874572434761325,0,1,
3039,3.039,0.0,0.0036978637164829338,0,1,
3040,3.04,0.0,0.0035175167749121328,0,1,
3041,3.041,0.0,0.0033459654574712755,0,1,
3042,3.0420000000000003,0.0,0.0031827807965096695,0,1,
3043,3.043,0.0,0.003027554745375817,0,1,
3044,3.044,0.0,0.0028798991580882443,0,1,
3045,3.045,0.0,0.0027394448187683714,0,1,
3046,3.0460000000000003,0.0,0.002605840518408501,0,1,
3047,3.047,0.0,0.0024787521766663607,0,1,
3048,3.048,0.0,0.0023578620064902346,0,1,
3049,3.049,0.0,0.0022428677194858047,0,1,
3050,3.0500000000000003,0.0,0.0021334817700377107,0,1,
3051,3.051,0.0,0.002029430636295736,0,1,
3052,3.052,0.0,0.001930454136227711,0,1,
3053,3.053,0.0,0.0018363047770289086,0,1,
3054,3.0540000000000003,0.0,0.0017467471362611208,0,1,
3055,3.055,0.0,0.001661557273173936,0,1,
3056,3.056,0.0,0.0015805221687362188,0,1,
3057,3.057,0.0,0.0015034391929775739,0,1,
3058,3.0580000000000003,0.0,0.0014301155983078755,0,1,
3059,3.059,0.0,0.0013603680375478947,0,1,
3060,3.06,0.0,0.0012940221054658495,0,1,
3061,3.061,0.0,0.0012309119026734823,0,1,
3062,3.0620000000000003,0.0,0.0011708796207911755,0,1,
3063,3.063,0.0,0.0011137751478448041,0,1,
3064,3.064,0.0,0.0010594556929076108,0,1,
3065,3.065,0.0,0.0010077854290485118,0,1,
3066,3.0660000000000003,0.0,0.0009586351536940209,0,1,
3067,3.067,0.0,0.0009118819655545171,0,1,
3068,3.068,0.0,0.0008674089573070033,0,1,
3069,3.069,0.0,0.0008251049232659051,0,1,
3070,3.0700000000000003,0.0,0.0007848640813109327,0,1,
3071,3.071,0.0,0.0007465858083766802,0,1,
3072,3.072,0.0,0.0007101743888425498,0,1,
3073,3.073,0.0,0.0006755387751938449,0,1,
3074,3.074,0.0,0.0006425923603555583,0,1,
3075,3.075,0.0,0.0006112527611295732,0,1,
3076,3.076,0.0,0.0005814416121937563,0,1,
3077,3.077,0.0,0.0005530843701478342,0,1,
3078,3.078,0.0,0.0005261101271160642,0,1,
3079,3.079,0.0,0.0005004514334406113,0,1,
3080,3.08,0.0,0.00047604412902227004,0,1,
3081,3.081,0.0,0.0004528271828867976,0,1,
3082,3.082,0.0,0.00043074254057568807,0,1,
3083,3.083,0.0,0.00040973497897978724,0,1,
3084,3.084,0.0,0.0003897519682527552,0,1,
3085,3.085,0.0,0.00037074354045908887,0,1,
3086,3.086,0.0,0.0003526621646282563,0,1,
3087,3.087,0.0,0.0003354626279025123,0,1,
3088,3.088,0.0,0.0003191019224812039,0,1,
3089,3.089,0.0,0.00030353913807886705,0,1,
3090,3.09,0.0,0.00028873535962820344,0,1,
3091,3.091,0.0,0.00027465356997214265,0,1,
3092,3.092,0.0,0.0002612585573016678,0,1,
3093,3.093,0.0,0.0002485168271079523,0,1,
3094,3.094,0.0,0.00023639651842864088,0,1,
3095,3.095,0.0,0.0002248673241788485,0,1,
3096,3.096,0.0,0.00021390041536766154,0,1,
3097,3.097,0.0,0.00020346836901064436,0,1,
3098,3.098,0.0,0.00019354509955809415,0,1,
3099,3.099,0.0,0.0001841057936675793,0,1,
3100,3.1,0.0,0.00017512684815765867,0,1,3.5706229622754484
3101,3.101,0.0,0.0001665858109876336,0,1,
3102,3.102,0.0,0.00015846132511575142,0,1,
3103,3.103,0.0,0.00015073307509547677,0,1,
3104,3.104,0.0,0.00014338173627629329,0,1,
3105,3.105,0.0,0.00013638892648201162,0,1,
3106,3.106,0.0,0.0001297371600457541,0,1,
3107,3.107,0.0,0.0001234098040866797,0,1,
3108,3.108,0.0,0.0001173910369191182,0,1,
3109,3.109,0.0,0.00011166580849011487,0,1,
3110,3.11,0.0,0.00010621980274645891,0,1,
3111,3.111,0.0,0.00010103940183709347,0,1,
3112,3.112,0.0,9.611165206139482e-05,0,1,
3113,3.113,0.0,9.142423147817346e-05,0,1,
3114,3.114,0.0,8.6965419094403e-05,0,1,
3115,3.115,0.0,8.272406555663236e-05,0,1,
3116,3.116,0.0,7.868956527179474e-05,0,1,
3117,3.117,0.0,7.485182988770068e-05,0,1,
3118,3.118,0.0,7.120126306690287e-05,0,1,
3119,3.119,0.0,6.772873649085395e-05,0,1,
3120,3.12,0.0,6.442556703435551e-05,0,1,
3121,3.121,0.0,6.128349505322216e-05,0,1,
3122,3.122,0.0,5.829466373086887e-05,0,1,
3123,3.123,0.0,5.545159943217704e-05,0,1,
3124,3.124,0.0,5.2747193015513886e-05,0,1,
3125,3.125,0.0,5.017468205617536e-05,0,1,
3126,3.126,0.0,4.7727633936801984e-05,0,1,
3127,3.1270000000000002,0.0,4.53999297624849e-05,0,1,
3128,3.128,0.0,4.318574906034135e-05,0,1,
3129,3.129,0.0,4.107955522530075e-05,0,1,
3130,3.13,0.0,3.907608167570813e-05,0,1,
3131,3.1310000000000002,0.0,3.717031868412674e-05,0,1,
3132,3.132,0.0,3.5357500850410015e-05,0,1,
3133,3.133,0.0,3.363309518571902e-05,0,1,
3134,3.134,0.0,3.199278977768924e-05,0,1,
3135,3.1350000000000002,0.0,3.0432483008403662e-05,0,1,
3136,3.136,0.0,2.8948273298211574e-05,0,1,
3137,3.137,0.0,2.7536449349747182e-05,0,1,
3138,3.138,0.0,2.6193480867753072e-05,0,1,
3139,3.1390000000000002,0.0,2.4916009731503218e-05,0,1,
3140,3.14,0.0,2.3700841597751995e-05,0,1,
3141,3.141,0.0,2.2544937913212214e-05,0,1,
3142,3.142,0.0,2.1445408316589184e-05,0,1,
3143,3.1430000000000002,0.0,2.0399503411171956e-05,0,1,
3144,3.144,0.0,1.9404607889909453e-05,0,1,
3145,3.145,0.0,1.8458233995780585e-05,0,1,
3146,3.146,0.0,1.7558015301105882e-05,0,1,
3147,3.1470000000000002,0.0,1.670170079024568e-05,0,1,
3148,3.148,0.0,1.588714923088852e-05,0,1,
3149,3.149,0.0,1.5112323819855049e-05,0,1,
3150,3.15,0.0,1.437528709002915e-05,0,1,
3151,3.1510000000000002,0.0,1.3674196065680972e-05,0,1,
3152,3.152,0.0,1.3007297654067639e-05,0,1,
3153,3.153,0.0,1.2372924261788248e-05,0,1,
3154,3.154,0.0,1.1769489624931757e-05,0,1,
3155,3.1550000000000002,0.0,1.119548484259096e-05,0,1,
3156,3.156,0.0,1.0649474603824266e-05,0,1,
3157,3.157,0.0,1.0130093598630726e-05,0,1,
3158,3.158,0.0,9.636043103963872e-06,0,1,
3159,3.1590000000000003,0.0,9.166087736247627e-06,0,1,
3160,3.16,0.0,8.719052362273884e-06,0,1,
3161,3.161,0.0,8.293819160757377e-06,0,1,
3162,3.162,0.0,7.889324827200235e-06,0,1,
3163,3.1630000000000003,0.0,7.504557915076874e-06,0,1,
3164,3.164,0.0,7.138556306690853e-06,0,1,
3165,3.165,0.0,6.790404807379483e-06,0,1,
3166,3.166,0.0,6.459232857050467e-06,0,1,
3167,3.1670000000000003,0.0,6.144212353328218e-06,0,1,
3168,3.168,0.0,5.844555580866579e-06,0,1,
3169,3.169,0.0,5.559513241650153e-06,0,1,
3170,3.17,0.0,5.288372581358974e-06,0,1,
3171,3.1710000000000003,0.0,5.030455607111452e-06,0,1,
3172,3.172,0.0,4.785117392129016e-06,0,1,
3173,3.173,0.0,4.551744463083241e-06,0,1,
3174,3.174,0.0,4.329753266092983e-06,0,1,
3175,3.1750000000000003,0.0,4.118588707535715e-06,0,1,
3176,3.176,0.0,3.917722766024337e-06,0,1,
3177,3.177,0.0,3.726653172078676e-06,0,1,
3178,3.178,0.0,3.5449021521901592e-06,0,1,
3179,3.1790000000000003,0.0,3.3720152341391875e-06,0,1,
3180,3.18,0.0,3.2075601105778598e-06,0,1,
3181,3.181,0.0,3.051125558036424e-06,0,1,
3182,3.182,0.0,2.902320408650408e-06,0,1,
3183,3.1830000000000003,0.0,2.7607725720372046e-06,0,1,
3184,3.184,0.0,2.626128104876306e-06,0,1,
3185,3.185,0.0,2.498050325866639e-06,0,1,
3186,3.186,0.0,2.3762189738479443e-06,0,1,
3187,3.1870000000000003,0.0,2.260329406981057e-06,0,1,
3188,3.188,0.0,2.1500918409846313e-06,0,1,
3189,3.189,0.0,2.0452306245234914e-06,0,1,
3190,3.19,0.0,1.9454835499367166e-06,0,1,
3191,3.1910000000000003,0.0,1.850601197581909e-06,0,1,
3192,3.192,0.0,1.7603463121561715e-06,0,1,
3193,3.193,0.0,1.6744932094342692e-06,0,1,
3194,3.194,0.0,1.5928272119405136e-06,0,1,
3195,3.1950000000000003,0.0,1.5151441121432515e-06,0,1,
3196,3.196,0.0,1.4412496618296704e-06,0,1,
3197,3.197,0.0,1.370959086384086e-06,0,1,
3198,3.198,0.0,1.3040966227551586e-06,0,1,
3199,3.1990000000000003,0.0,1.2404950799567143e-06,0,1,
3200,3.2,0.0,1.1799954210031926e-06,0,1,3.5788601857648135
3201,3.201,0.0,1.1224463652343446e-06,0,1,
3202,3.202,0.0,1.067704010034784e-06,0,1,
3203,3.203,0.0,1.0156314710024922e-06,0,1,
3204,3.204,0.0,9.660985396665142e-07,0,1,
3205,3.205,0.0,9.189813578979585e-07,0,1,
3206,3.206,0.0,8.741621082001598e-07,0,1,
3207,3.207,0.0,8.315287191035689e-07,0,1,
3208,3.208,0.0,7.909745849287038e-07,0,1,
3209,3.209,0.0,7.523982992164221e-07,0,1,
3210,3.21,0.0,1.0000007157034012,0,1,
3211,3.211,0.0,0.9512301052988484,0,1,
3212,3.212,0.0,0.9048380656311772,0,1,
3213,3.213,0.0,0.860708592436684,0,1,
3214,3.214,0.0,0.8187313390463665,0,1,
3215,3.215,0.0,0.7788013404617742,0,1,
3216,3.216,0.0,0.7408187508878381,0,1,
3217,3.217,0.0,0.7046885940663761,0,1,
3218,3.218,0.0,0.6703205257859762,0,1,
3219,3.219,0.0,0.6376286079744102,0,1,
3220,3.22,0.0,0.6065310938086896,0,1,
3221,3.221,0.0,0.5769502233054284,0,1,
3222,3.222,0.0,0.5488120288803812,0,1,
3223,3.223,0.0,0.5220461503909543,0,1,
3224,3.224,0.0,0.4965856591992006,0,1,
3225,3.225,0.0,0.4723668908153633,0,1,
3226,3.226,0.0,0.4493292857034897,0,1,
3227,3.227,0.0,0.4274152378510474,0,1,
3228,3.228,0.0,0.40656995072388763,0,1,
3229,3.229,0.0,0.38674130024636727,0,1,
3230,3.23,0.0,0.3678797044640098,0,1,
3231,3.231,0.0,0.3499379995627928,0,1,
3232,3.232,0.0,0.33287132193504654,0,1,
3233,3.233,0.0,0.31663699599706624,0,1,
3234,3.234,0.0,0.3011944274779242,0,1,
3235,3.235,0.0,0.2865050019126479,0,1,
3236,3.236,0.0,0.27253198808594403,0,1,
3237,3.237,0.0,0.259240446185028,0,1,
3238,3.238,0.0,0.24659714043189251,0,1,
3239,3.239,0.0,0.23457045597655088,0,1,
3240,3.24,0.0,0.22313031984344456,0,1,
3241,3.241,0.0,0.21224812573334,0,1,
3242,3.242,0.0,0.2018966624926802,0,1,
3243,3.243,0.0,0.1920500460715271,0,1,
3244,3.244,0.0,0.18268365479995433,0,1,
3245,3.245,0.0,0.17377406782104765,0,1,
3246,3.246,0.0,0.1652990065265632,0,1,
3247,3.247,0.0,0.15723727884880248,0,1,
3248,3.248,0.0,0.14956872626940468,0,1,
3249,3.249,0.0,0.14227417341255064,0,1,
3250,3.25,0.0,0.13533538009653534,0,1,
3251,3.251,0.0,0.1287349957238127,0,1,
3252,3.2520000000000002,0.0,0.12245651589546423,0,1,
3253,3.253,0.0,0.11648424114160498,0,1,
3254,3.254,0.0,0.1108032376645313,0,1,
3255,3.255,0.0,0.10539929999644795,0,1,
3256,3.2560000000000002,0.0,0.1002589154783993,0,1,
3257,3.257,0.0,0.0953692304715835,0,1,
3258,3.258,0.0,0.09071801821656032,0,1,
3259,3.259,0.0,0.08629364825998397,0,1,
3260,3.2600000000000002,0.0,0.08208505737241159,0,1,
3261,3.261,0.0,0.07808172188446717,0,1,
3262,3.262,0.0,0.07427363137218651,0,1,
3263,3.263,0.0,0.07065126362574316,0,1,
3264,3.2640000000000002,0.0,0.0672055608389639,0,1,
3265,3.265,0.0,0.06392790696009534,0,1,
3266,3.266,0.0,0.06081010614718668,0,1,
3267,3.267,0.0,0.057844362274215716,0,1,
3268,3.2680000000000002,0.0,0.05502325943671303,0,1,
3269,3.269,0.0,0.05233974340813802,0,1,
3270,3.27,0.0,0.04978710400063817,0,1,
3271,3.271,0.0,0.04735895828608424,0,1,
3272,3.2720000000000002,0.0,0.045049234635425234,0,1,
3273,3.273,0.0,0.042852157536453175,0,1,
3274,3.274,0.0,0.04076223315201429,0,1,
3275,3.275,0.0,0.03877423558255448,0,1,
3276,3.2760000000000002,0.0,0.036883193798648406,0,1,
3277,3.277,0.0,0.035084379210836625,0,1,
3278,3.278,0.0,0.03337329384568894,0,1,
3279,3.279,0.0,0.03174565909852791,0,1,
3280,3.2800000000000002,0.0,0.03019740503468856,0,1,
3281,3.281,0.0,0.028724660212561762,0,1,
3282,3.282,0.0,0.027323742002973682,0,1,
3283,3.283,0.0,0.02599114738069464,0,1,
3284,3.2840000000000003,0.0,0.024723544165051403,0,1,
3285,3.285,0.0,0.02351776268773983,0,1,
3286,3.286,0.0,0.022370787867003125,0,1,
3287,3.287,0.0,0.02127975166835694,0,1,
3288,3.2880000000000003,0.0,0.02024192593300928,0,1,
3289,3.289,0.0,0.019254715556042495,0,1,
3290,3.29,0.0,0.01831565199729925,0,1,
3291,3.291,0.0,0.01742238710874632,0,1,
3292,3.2920000000000003,0.0,0.01657268726288142,0,1,
3293,3.293,0.0,0.015764427767501008,0,1,
3294,3.294,0.0,0.01499558755286306,0,1,
3295,3.295,0.0,0.01426424411796,0,1,
3296,3.2960000000000003,0.0,0.013568568723264786,0,1,
3297,3.297,0.0,0.012906821817929551,0,1,
3298,3.298,0.0,0.012277348690002386,0,1,
3299,3.299,0.0,0.011678575328785565,0,1,
3300,3.3000000000000003,0.0,0.01110900448898893,0,1,3.5851961992029437
3301,3.301,0.0,0.010567211946836788,0,1,
3302,3.302,0.0,0.010051842938766627,0,1,
3303,3.303,0.0,0.009561608773814545,0,1,
3304,3.3040000000000003,0.0,0.009095283611216587,0,1,
3305,3.305,0.0,0.00865170139516833,0,1,
3306,3.306,0.0,0.008229752939077994,0,1,
3307,3.307,0.0,0.00782838315202222,0,1,
3308,3.3080000000000003,0.0,0.007446588400469183,0,1,
3309,3.309,0.0,0.007083413998671993,0,1,
3310,3.31,0.0,0.006737951821457062,0,1,
3311,3.311,0.0,0.006409338033438139,0,1,
3312,3.3120000000000003,0.0,0.0060967509289778996,0,1,
3313,3.313,0.0,0.005799408877495841,0,1,
3314,3.314,0.0,0.0055165683689847,0,1,
3315,3.315,0.0,0.005247522154848159,0,1,
3316,3.3160000000000003,0.0,0.004991597479410961,0,1,
3317,3.317,0.0,0.004748154397679303,0,1,
3318,3.318,0.0,0.004516584175145018,0,1,
3319,3.319,0.0,0.004296307765632228,0,1,
3320,3.3200000000000003,0.0,0.0040867743633802925,0,1,
3321,3.321,0.0,0.0038874600257425077,0,1,
3322,3.322,0.0,0.0036978663630565763,0,1,
3323,3.323,0.0,0.0035175192924108553,0,1,
3324,3.3240000000000003,0.0,0.0033459678521901366,0,1,
3325,3.325,0.0,0.003182783074436714,0,1,
3326,3.326,0.0,0.0030275569122070484,0,1,
3327,3.327,0.0,0.0028799012192418693,0,1,
3328,3.3280000000000003,0.0,0.002739446779398348,0,1,
3329,3.329,0.0,0.002605842383417425,0,1,
3330,3.33,0.0,0.002478753950717726,0,1,
3331,3.331,0.0,0.002357863694020094,0,1,
3332,3.332,0.0,0.0022428693247138615,0,1,
3333,3.333,0.0,0.0021334832969778714,0,1,
3334,3.334,0.0,0.0020294320887661466,0,1,
3335,3.335,0.0,0.0019304555178603037,0,1,
3336,3.336,0.0,0.0018363060912784846,0,1,
3337,3.337,0.0,0.0017467483864139885,0,1,
3338,3.338,0.0,0.0016615584623561291,0,1,
3339,3.339,0.0,0.001580523299921312,0,1,
3340,3.34,0.0,0.001503440268994119,0,1,
3341,3.341,0.0,0.0014301166218464746,0,1,
3342,3.342,0.0,0.0013603690111679274,0,1,
3343,3.343,0.0,0.001294023031601873,0,1,
3344,3.344,0.0,0.001230912783641319,0,1,
3345,3.345,0.0,0.0011708804587937038,0,1,
3346,3.346,0.0,0.0011137759449774667,0,1,
3347,3.347,0.0,0.0010594564511636547,0,1,
3348,3.348,0.0,0.0010077861503239721,0,1,
3349,3.349,0.0,0.000958635839792462,0,1,
3350,3.35,0.0,0.0009118826181915424,0,1,
3351,3.351,0.0,0.0008674095781145451,0,1,
3352,3.352,0.0,0.0008251055137963059,0,1,
3353,3.353,0.0,0.000784864643040826,0,1,
3354,3.354,0.0,0.0007465863427106832,0,1,
3355,3.355,0.0,0.0007101748971167761,0,1,
3356,3.356,0.0,0.0006755392586792448,0,1,
3357,3.357,0.0,0.000642592820261097,0,1,
3358,3.358,0.0,0.0006112531986052541,0,1,
3359,3.359,0.0,0.0005814420283334965,0,1,
3360,3.36,0.0,0.0005530847659921997,0,1,
3361,3.361,0.0,0.0005261105036548722,0,1,
3362,3.362,0.0,0.0005004517916154049,0,1,
3363,3.363,0.0,0.00047604446972867285,0,1,
3364,3.364,0.0,0.00045282750697675305,0,1,
3365,3.365,0.0,0.00043074284885958984,0,1,
3366,3.366,0.0,0.0004097352722285057,0,1,
3367,3.367,0.0,0.00038975224719956485,0,1,
3368,3.368,0.0,0.0003707438058015021,0,1,
3369,3.369,0.0,0.00035266241702976733,0,1,
3370,3.37,0.0,0.0003354628679942564,0,1,
3371,3.371,0.0,0.0003191021508635355,0,1,
3372,3.372,0.0,0.0003035393553228609,0,1,
3373,3.373,0.0,0.0002887355662770827,0,1,
3374,3.374,0.0,0.0002746537665426372,0,1,
3375,3.375,0.0,0.00026125874428530624,0,1,
3376,3.376,0.0,0.00024851700497229104,0,1,
3377,3.3770000000000002,0.0,0.00023639668761843348,0,1,
3378,3.378,0.0,0.00022486748511715756,0,1,
3379,3.379,0.0,0.00021390056845691665,0,1,
3380,3.38,0.0,0.0002034685146336484,0,1,
3381,3.3810000000000002,0.0,0.00019354523807898048,0,1,
3382,3.382,0.0,0.0001841059254327223,0,1,
3383,3.383,0.0,0.00017512697349653979,0,1,
3384,3.384,0.0,0.00016658593021366534,0,1,
3385,3.3850000000000002,0.0,0.00015846143852706098,0,1,
3386,3.386,0.0,0.00015073318297565148,0,1,
3387,3.387,0.0,0.00014338183889508978,0,1,
3388,3.388,0.0,0.00013638902409603034,0,1,
3389,3.3890000000000002,0.0,0.00012973725289908096,0,1,
3390,3.39,0.0,0.00012340989241149637,0,1,
3391,3.391,0.0,0.00011739112093628272,0,1,
3392,3.392,0.0,0.00011166588840971393,0,1,
3393,3.3930000000000002,0.0,0.00010621987876833313,0,1,
3394,3.394,0.0,0.00010103947415133714,0,1,
3395,3.395,0.0,9.611172084883119e-05,0,1,
3396,3.396,0.0,9.142429691080697e-05,0,1,
3397,3.3970000000000002,0.0,8.696548133584933e-05,0,1,
3398,3.398,0.0,8.272412476252754e-05,0,1,
3399,3.399,0.0,7.868962159018435e-05,0,1,
3400,3.4,0.0,7.485188345941002e-05,0,1,3.5962053850008933
3401,3.4010000000000002,0.0,7.120131402588911e-05,0,1,
3402,3.402,0.0,6.772878496454112e-05,0,1,
3403,3.403,0.0,6.442561314395306e-05,0,1,
3404,3.404,0.0,6.12835389140281e-05,0,1,
3405,3.4050000000000002,0.0,5.829470545255806e-05,0,1,
3406,3.406,0.0,5.545163911907544e-05,0,1,
3407,3.407,0.0,5.274723076685941e-05,0,1,
3408,3.408,0.0,5.017471796636604e-05,0,1,
3409,3.4090000000000003,0.0,4.7727668095632005e-05,0,1,
3410,3.41,0.0,4.539996225536912e-05,0,1,
3411,3.411,0.0,4.3185779968528905e-05,0,1,
3412,3.412,0.0,4.107958462607821e-05,0,1,
3413,3.4130000000000003,0.0,3.907610964259276e-05,0,1,
3414,3.414,0.0,3.717034528705031e-05,0,1,
3415,3.415,0.0,3.5357526155893696e-05,0,1,
3416,3.416,0.0,3.3633119257039704e-05,0,1,
3417,3.4170000000000003,0.0,3.199281267503776e-05,0,1,
3418,3.418,0.0,3.043250478903532e-05,0,1,
3419,3.419,0.0,2.8948294016589288e-05,0,1,
3420,3.42,0.0,2.753646905767769e-05,0,1,
3421,3.4210000000000003,0.0,2.6193499614516467e-05,0,1,
3422,3.422,0.0,2.4916027563976173e-05,0,1,
3423,3.423,0.0,2.370085856052498e-05,0,1,
3424,3.424,0.0,2.2544954048701e-05,0,1,
3425,3.4250000000000003,0.0,2.1445423665140895e-05,0,1,
3426,3.426,0.0,2.0399518011165967e-05,0,1,
3427,3.427,0.0,1.9404621777853352e-05,0,1,
3428,3.428,0.0,1.8458247206401466e-05,0,1,
3429,3.4290000000000003,0.0,1.755802786743718e-05,0,1,
3430,3.43,0.0,1.6701712743709767e-05,0,1,
3431,3.431,0.0,1.5887160601375283e-05,0,1,
3432,3.432,0.0,1.5112334635796627e-05,0,1,
3433,3.4330000000000003,0.0,1.4375297378471034e-05,0,1,
3434,3.434,0.0,1.3674205852349625e-05,0,1,
3435,3.435,0.0,1.3007306963434829e-05,0,1,
3436,3.436,0.0,1.2372933117132242e-05,0,1,
3437,3.4370000000000003,0.0,1.1769498048395528e-05,0,1,
3438,3.438,0.0,1.1195492855237555e-05,0,1,
3439,3.439,0.0,1.0649482225689475e-05,0,1,
3440,3.44,0.0,1.0130100848773183e-05,0,1,
3441,3.4410000000000003,0.0,9.63605000051271e-06,0,1,
3442,3.442,0.0,9.16609429644781e-06,0,1,
3443,3.443,0.0,8.719058602529327e-06,0,1,
3444,3.444,0.0,8.293825096671972e-06,0,1,
3445,3.4450000000000003,0.0,7.88933047361686e-06,0,1,
3446,3.446,0.0,7.5045632861145105e-06,0,1,
3447,3.447,0.0,1.0000071385614158,0,1,
3448,3.448,0.0,0.9512362149103814,0,1,
3449,3.4490000000000003,0.0,0.9048438772734396,0,1,
3450,3.45,0.0,0.8607141206418086,0,1,
3451,3.451,0.0,0.8187365976377458,0,1,
3452,3.452,0.0,0.7788063425886256,0,1,
3453,3.4530000000000003,0.0,0.7408235090580843,0,1,
3454,3.454,0.0,0.704693120177921,0,1,
3455,3.455,0.0,0.6703248311564562,0,1,
3456,3.456,0.0,0.6376327033694942,0,1,
3457,3.457,0.0,0.6065349894689984,0,1,
3458,3.458,0.0,0.576953928972142,0,1,
3459,3.459,0.0,0.5488155538195965,0,1,
3460,3.46,0.0,0.5220495034168554,0,1,
3461,3.461,0.0,0.49658884869609893,0,1,
3462,3.462,0.0,0.47236992475866235,0,1,
3463,3.463,0.0,0.44933217167962797,0,1,
3464,3.464,0.0,0.42741798307646856,0,1,
3465,3.465,0.0,0.4065725620630851,0,1,
3466,3.466,0.0,0.3867437842290493,0,1,
3467,3.467,0.0,0.3678820673014269,0,1,
3468,3.468,0.0,0.34994024716326927,0,1,
3469,3.469,0.0,0.3328734599187542,0,1,
3470,3.47,0.0,0.31663902971007807,0,1,
3471,3.471,0.0,0.30119636200558203,0,1,
3472,3.472,0.0,0.2865068420922785,0,1,
3473,3.473,0.0,0.272533738518955,0,1,
3474,3.474,0.0,0.2592421112484137,0,1,
3475,3.475,0.0,0.24659872428917862,0,1,
3476,3.476,0.0,0.23457196258820562,0,1,
3477,3.477,0.0,0.22313175297678184,0,1,
3478,3.478,0.0,0.21224948897193968,0,1,
3479,3.479,0.0,0.20189795924534884,0,1,
3480,3.48,0.0,0.1920512795808218,0,1,
3481,3.481,0.0,0.18268482815029086,0,1,
3482,3.482,0.0,0.173775183946413,0,1,
3483,3.483,0.0,0.16530006821785215,0,1,
3484,3.484,0.0,0.15723828876079626,0,1,
3485,3.485,0.0,0.14956968692740932,0,1,
3486,3.486,0.0,0.14227508721871154,0,1,
3487,3.487,0.0,0.13533624933584387,0,1,
3488,3.488,0.0,0.1287358225698199,0,1,
3489,3.489,0.0,0.12245730241571583,0,1,
3490,3.49,0.0,0.11648498930281126,0,1,
3491,3.491,0.0,0.11080394933748498,0,1,
3492,3.492,0.0,0.10539997696070211,0,1,
3493,3.493,0.0,0.10025955942671719,0,1,
3494,3.494,0.0,0.09536984301417133,0,1,
3495,3.495,0.0,0.09071860088509363,0,1,
3496,3.496,0.0,0.08629420251143759,0,1,
3497,3.497,0.0,0.08208558459270285,0,1,
3498,3.498,0.0,0.0780822233919214,0,1,
3499,3.499,0.0,0.07427410842083358,0,1,
3500,3.5,0.0,0.07065171740845316,0,1,3.5979262402281105
3501,3.501,0.0,0.06720599249042998,0,1,
3502,3.5020000000000002,0.0,0.06392831755967102,0,1,
3503,3.503,0.0,0.06081049672158475,0,1,
3504,3.504,0.0,0.05784473380007562,0,1,
3505,3.505,0.0,0.055023612843042934,0,1,
3506,3.5060000000000002,0.0,0.05234007957863782,0,1,
3507,3.507,0.0,0.04978742377590923,0,1,
3508,3.508,0.0,0.0473592624657313,0,1,
3509,3.509,0.0,0.04504952398005585,0,1,
3510,3.5100000000000002,0.0,0.04285243276957964,0,1,
3511,3.511,0.0,0.04076249496186278,0,1,
3512,3.512,0.0,0.038774484623785986,0,1,
3513,3.513,0.0,0.03688343069399573,0,1,
3514,3.5140000000000002,0.0,0.03508460455266153,0,1,
3515,3.515,0.0,0.03337350819746336,0,1,
3516,3.516,0.0,0.031745862996242935,0,1,
3517,3.517,0.0,0.03019759898819468,0,1,
3518,3.5180000000000002,0.0,0.02872484470684377,0,1,
3519,3.519,0.0,0.02732391749936338,0,1,
3520,3.52,0.0,0.025991314318024417,0,1,
3521,3.521,0.0,0.024723702960751534,0,1,
3522,3.5220000000000002,0.0,0.02351791373888228,0,1,
3523,3.523,0.0,0.022370931551294427,0,1,
3524,3.524,0.0,0.021279888345082664,0,1,
3525,3.525,0.0,0.020242055943932434,0,1,
3526,3.5260000000000002,0.0,0.019254839226258105,0,1,
3527,3.527,0.0,0.01831576963604727,0,1,
3528,3.528,0.0,0.017422499010184896,0,1,
3529,3.529,0.0,0.016572793706822436,0,1,
3530,3.5300000000000002,0.0,0.01576452902010976,0,1,
3531,3.531,0.0,0.014995683867323813,0,1,
3532,3.532,0.0,0.014264335735109072,0,1,
3533,3.533,0.0,0.013568655872192772,0,1,
3534,3.5340000000000003,0.0,0.012906904716554164,0,1,
3535,3.535,0.0,0.012277427545613367,0,1,
3536,3.536,0.0,0.011678650338563017,0,1,
3537,3.537,0.0,0.011109075840496366,0,1,
3538,3.5380000000000003,0.0,0.010567279818490144,0,1,
3539,3.539,0.0,0.010051907500280389,0,1,
3540,3.54,0.0,0.009561670186626126,0,1,
3541,3.541,0.0,0.009095342028890004,0,1,
3542,3.5420000000000003,0.0,0.008651756963778196,0,1,
3543,3.543,0.0,0.008229805797574779,0,1,
3544,3.544,0.0,0.007828433432579697,0,1,
3545,3.545,0.0,0.007446636228814934,0,1,
3546,3.5460000000000003,0.0,0.0070834594944017976,0,1,
3547,3.547,0.0,0.006737995098333941,0,1,
3548,3.548,0.0,0.006409379199676827,0,1,
3549,3.549,0.0,0.006096790087515435,0,1,
3550,3.5500000000000003,0.0,0.005799446126248965,0,1,
3551,3.551,0.0,0.0055166038010946985,0,1,
3552,3.552,0.0,0.005247555858913761,0,1,
3553,3.553,0.0,0.004991629539709887,0,1,
3554,3.5540000000000003,0.0,0.004748184894379,0,1,
3555,3.555,0.0,0.004516613184503119,0,1,
3556,3.556,0.0,0.0042963353601872395,0,1,
3557,3.557,0.0,0.004086800612132976,0,1,
3558,3.5580000000000003,0.0,0.0038874849943284166,0,1,
3559,3.559,0.0,0.0036978901139101813,0,1,
3560,3.56,0.0,0.0035175418849216615,0,1,
3561,3.561,0.0,0.003345989342851189,0,1,
3562,3.5620000000000003,0.0,0.0031828035169858587,0,1,
3563,3.563,0.0,0.003027576357761307,0,1,
3564,3.564,0.0,0.002879919716425256,0,1,
3565,3.565,0.0,0.0027394643744634555,0,1,
3566,3.5660000000000003,0.0,0.002605859120361081,0,1,
3567,3.567,0.0,0.002478769871391008,0,1,
3568,3.568,0.0,0.0023578788382329773,0,1,
3569,3.569,0.0,0.0022428837303347673,0,1,
3570,3.5700000000000003,0.0,0.002133497000028355,0,1,
3571,3.571,0.0,0.0020294451235109722,0,1,
3572,3.572,0.0,0.0019304679168931226,0,1,
3573,3.573,0.0,0.0018363178856033373,0,1,
3574,3.5740000000000003,0.0,0.0017467596055228305,0,1,
3575,3.575,0.0,0.0016615691343025763,0,1,
3576,3.576,0.0,0.0015805334513907892,0,1,
3577,3.577,0.0,0.0015034499253705877,0,1,
3578,3.5780000000000003,0.0,0.0014301258072759056,0,1,
3579,3.579,0.0,0.0013603777486186788,0,1,
3580,3.58,0.0,0.001294031342922123,0,1,
3581,3.581,0.0,0.001230920689613697,0,1,
3582,3.5820000000000003,0.0,0.001170887979187259,0,1,
3583,3.583,0.0,0.0011137830985971005,0,1,
3584,3.584,0.0,0.0010594632558971419,0,1,
3585,3.585,0.0,0.001007792623186691,0,1,
3586,3.586,0.0,0.000958641996969941,0,1,
3587,3.587,0.0,0.0009118884750799322,0,1,
3588,3.588,0.0,0.0008674151493591176,0,1,
3589,3.589,0.0,0.0008251108133280744,0,1,
3590,3.59,0.0,0.0007848696841113803,0,1,
3591,3.591,0.0,0.0007465911379253255,0,1,
3592,3.592,0.0,0.0007101794584660405,0,1,
3593,3.593,0.0,0.0006755435975688805,0,1,
3594,3.594,0.0,0.0006425969475405881,0,1,
3595,3.595,0.0,0.0006112571245949492,0,1,
3596,3.596,0.0,0.0005814457628504148,0,1,
3597,3.597,0.0,0.0005530883183745786,0,1,
3598,3.598,0.0,0.0005261138827855181,0,1,
3599,3.599,0.0,0.0005004550059439045,0,1,
3600,3.6,0.0,0.00047604752729252166,0,1,3.604741153226897
3601,3.601,0.0,0.00045283041542145335,0,1,
3602,3.602,0.0,0.0004307456154577683,0,1,
3603,3.603,0.0,0.0004097379038980988,0,1,
3604,3.604,0.0,0.0003897547505211174,0,1,
3605,3.605,0.0,0.00037074618703462187,0,1,
3606,3.606,0.0,0.00035266468212877744,0,1,
3607,3.607,0.0,0.0003354650226230842,0,1,
3608,3.608,0.0,0.0003191042004098754,0,1,
3609,3.609,0.0,0.0003035413049116463,0,1,
3610,3.61,0.0,0.00028873742078330106,0,1,
3611,3.611,0.0,0.00027465553060351995,0,1,
3612,3.612,0.0,0.0002612604223119245,0,1,
3613,3.613,0.0,0.00024851860116058543,0,1,
3614,3.614,0.0,0.00023639820595970615,0,1,
3615,3.615,0.0,0.00022486892940805256,0,1,
3616,3.616,0.0,0.00021390194230891353,0,1,
3617,3.617,0.0,0.00020346982148209276,0,1,
3618,3.618,0.0,0.0001935464811916741,0,1,
3619,3.619,0.0,0.00018410710791809444,0,1,
3620,3.62,0.0,0.00017512809831141983,0,1,
3621,3.621,0.0,0.00016658700017067635,0,1,
3622,3.622,0.0,0.00015846245630165282,0,1,
3623,3.623,0.0,0.00015073415111279076,0,1,
3624,3.624,0.0,0.00014338275981562362,0,1,
3625,3.625,0.0,0.00013638990010273976,0,1,
3626,3.626,0.0,0.00012973808618243902,0,1,
3627,3.6270000000000002,0.0,0.0001234106850551455,0,1,
3628,3.628,0.0,0.00011739187492224491,0,1,
3629,3.629,0.0,0.00011166660562334683,0,1,
3630,3.63,0.0,0.0001062205610030444,0,1,
3631,3.6310000000000002,0.0,0.00010104012311306892,0,1,
3632,3.632,0.0,9.611233816032584e-05,0,1,
3633,3.633,0.0,9.142488411566476e-05,0,1,
3634,3.634,0.0,8.696603990238826e-05,0,1,
3635,3.6350000000000002,0.0,8.272465608745492e-05,0,1,
3636,3.636,0.0,7.869012700208923e-05,0,1,
3637,3.637,0.0,7.485236422208544e-05,0,1,
3638,3.638,0.0,7.120177134149217e-05,0,1,
3639,3.6390000000000002,0.0,6.772921997659903e-05,0,1,
3640,3.64,0.0,6.442602694022256e-05,0,1,
3641,3.641,0.0,6.12839325292154e-05,0,1,
3642,3.642,0.0,5.829507987090616e-05,0,1,
3643,3.6430000000000002,0.0,5.5451995276825224e-05,0,1,
3644,3.644,0.0,5.274756955459077e-05,0,1,
3645,3.645,0.0,5.017504023122476e-05,0,1,
3646,3.646,0.0,4.77279746434481e-05,0,1,
3647,3.6470000000000002,0.0,4.5400253852671806e-05,0,1,
3648,3.648,0.0,4.318605734446333e-05,0,1,
3649,3.649,0.0,4.1079848474228686e-05,0,1,
3650,3.65,0.0,3.907636062271709e-05,0,1,
3651,3.6510000000000002,0.0,3.7170584026729537e-05,0,1,
3652,3.652,0.0,3.535775325210137e-05,0,1,
3653,3.653,0.0,3.3633335277634636e-05,0,1,
3654,3.654,0.0,3.199301816018396e-05,0,1,
3655,3.6550000000000002,0.0,3.043270025255268e-05,0,1,
3656,3.656,0.0,2.894847994723842e-05,0,1,
3657,3.657,0.0,2.7536645920382063e-05,0,1,
3658,3.658,0.0,1.0000261936678516,0,1,
3659,3.6590000000000003,0.0,0.95125434068831,0,1,
3660,3.66,0.0,0.9048611190467473,0,1,
3661,3.661,0.0,0.8607305215239095,0,1,
3662,3.662,0.0,0.8187521986393879,0,1,
3663,3.6630000000000003,0.0,0.7788211827204392,0,1,
3664,3.664,0.0,0.7408376254281288,0,1,
3665,3.665,0.0,0.7047065480844745,0,1,
3666,3.666,0.0,0.6703376041762794,0,1,
3667,3.6670000000000003,0.0,0.6376448534417897,0,1,
3668,3.668,0.0,0.6065465469752758,0,1,
3669,3.669,0.0,0.5769649228121869,0,1,
3670,3.67,0.0,0.5488260114837354,0,1,
3671,3.6710000000000003,0.0,0.522059451054696,0,1,
3672,3.672,0.0,0.4965983111819171,0,1,
3673,3.673,0.0,0.4723789257536015,0,1,
3674,3.674,0.0,0.4493407336908639,0,1,
3675,3.6750000000000003,0.0,0.4274261275134891,0,1,
3676,3.676,0.0,0.406580309291225,0,1,
3677,3.677,0.0,0.3867511536204143,0,1,
3678,3.678,0.0,0.3678890772833339,0,1,
3679,3.6790000000000003,0.0,0.3499469152643244,0,1,
3680,3.68,0.0,0.3328798028126835,0,1,
3681,3.681,0.0,0.3166450632574201,0,1,
3682,3.682,0.0,0.3012021012933479,0,1,
3683,3.6830000000000003,0.0,0.2865123014716771,0,1,
3684,3.684,0.0,0.2725389316412785,0,1,
3685,3.685,0.0,0.2592470510991728,0,1,
3686,3.686,0.0,0.24660342322057333,0,1,
3687,3.6870000000000003,0.0,0.234576432350012,0,1,
3688,3.688,0.0,0.22313600474573259,0,1,
3689,3.689,0.0,0.2122535333796718,0,1,
3690,3.69,0.0,0.20190180640498828,0,1,
3691,3.6910000000000003,0.0,0.1920549391122716,0,1,
3692,3.692,0.0,0.18268830920428578,0,1,
3693,3.693,0.0,0.17377849522740124,0,1,
3694,3.694,0.0,0.16530321800576095,0,1,
3695,3.6950000000000003,0.0,0.15724128493173606,0,1,
3696,3.696,0.0,0.1495725369733681,0,1,
3697,3.697,0.0,0.1422777982662887,0,1,
3698,3.698,0.0,0.13533882816407047,0,1,
3699,3.6990000000000003,0.0,0.1287382756271098,0,1,
3700,3.7,0.0,0.12245963583598994,0,1,3.6115032535880007
3701,3.701,0.0,0.11648720892083572,0,1,
3702,3.702,0.0,0.11080606070346101,0,1,
3703,3.7030000000000003,0.0,0.1054019853541444,0,1,
3704,3.704,0.0,0.10026146986965546,0,1,
3705,3.705,0.0,0.09537166028370804,0,1,
3706,3.706,0.0,0.0907203295253492,0,1,
3707,3.7070000000000003,0.0,0.08629584684491305,0,1,
3708,3.708,0.0,0.0820871487310884,0,1,
3709,3.709,0.0,0.07808371124637774,0,1,
3710,3.71,0.0,0.07427552371177183,0,1,
3711,3.7110000000000003,0.0,0.07065306367483785,0,1,
3712,3.712,0.0,0.06720727309862831,0,1,
3713,3.713,0.0,0.06392953571187053,0,1,
3714,3.714,0.0,0.06081165546380045,0,1,
3715,3.715,0.0,0.057845836029766604,0,1,
3716,3.716,0.0,0.055024661316357554,0,1,
3717,3.717,0.0,0.052341076917305496,0,1,
3718,3.718,0.0,0.04978837247379611,0,1,
3719,3.719,0.0,0.047360164895076266,0,1,
3720,3.72,0.0,0.04505038239740231,0,1,
3721,3.721,0.0,0.042853249321418097,0,1,
3722,3.722,0.0,0.04076327168999815,0,1,
3723,3.723,0.0,0.03877522347044319,0,1,
3724,3.724,0.0,0.036884133506676256,0,1,
3725,3.725,0.0,0.03508527308876316,0,1,
3726,3.726,0.0,0.033374144128674565,0,1,
3727,3.727,0.0,0.03174646791272299,0,1,
3728,3.728,0.0,0.030198174402549873,0,1,
3729,3.729,0.0,0.02872539205790971,0,1,
3730,3.73,0.0,0.027324438155802835,0,1,
3731,3.731,0.0,0.025991809581749684,0,1,
3732,3.732,0.0,0.024724174070179898,0,1,
3733,3.733,0.0,0.0235183618720327,0,1,
3734,3.734,0.0,0.0223713578287332,0,1,
3735,3.735,0.0,0.021280293832725426,0,1,
3736,3.736,0.0,0.0202424416557095,0,1,
3737,3.737,0.0,0.01925520612664983,0,1,
3738,3.738,0.0,0.01831611864249574,0,1,
3739,3.739,0.0,0.017422830995388022,0,1,
3740,3.74,0.0,0.01657310950091615,0,1,
3741,3.741,0.0,0.015764829412743785,0,1,
3742,3.742,0.0,0.014995969609636199,0,1,
3743,3.743,0.0,0.014264607541604439,0,1,
3744,3.744,0.0,0.013568914422528935,0,1,
3745,3.745,0.0,0.012907150657241637,0,1,
3746,3.746,0.0,0.012277661491631975,0,1,
3747,3.747,0.0,0.011678872874899661,0,1,
3748,3.748,0.0,0.011109287523607804,0,1,
3749,3.749,0.0,0.010567481177694413,0,1,
3750,3.75,0.0,0.010052099039080385,0,1,
3751,3.751,0.0,0.009561852383968615,0,1,
3752,3.7520000000000002,0.0,0.009095515340363246,0,1,
3753,3.753,0.0,0.008651921822751147,0,1,
3754,3.754,0.0,0.008229962616280742,0,1,
3755,3.755,0.0,0.007828582603147121,0,1,
3756,3.7560000000000002,0.0,0.007446778124247938,0,1,
3757,3.757,0.0,0.0070835944695128725,0,1,
3758,3.758,0.0,0.006738123490631171,0,1,
3759,3.759,0.0,0.0064095013302078304,0,1,
3760,3.7600000000000002,0.0,0.006096906261670155,0,1,
3761,3.761,0.0,0.005799556634523301,0,1,
3762,3.762,0.0,0.0055167089198168975,0,1,
3763,3.763,0.0,0.005247655850935383,0,1,
3764,3.7640000000000002,0.0,0.004991724655063069,0,1,
3765,3.765,0.0,0.0047482753709016685,0,1,
3766,3.766,0.0,0.004516699248433708,0,1,
3767,3.767,0.0,0.004296417226730404,0,1,
3768,3.7680000000000002,0.0,0.0040868784859977155,0,1,
3769,3.769,0.0,0.0038875590702399563,0,1,
3770,3.77,0.0,0.0036979605770968843,0,1,
3771,3.771,0.0,0.0035176089115781977,0,1,
3772,3.7720000000000002,0.0,0.003346053100579112,0,1,
3773,3.773,0.0,0.0031828641652126986,0,1,
3774,3.774,0.0,0.003027634048139221,0,1,
3775,3.775,0.0,0.0028799745932102383,0,1,
3776,3.7760000000000002,0.0,0.002739516574876053,0,1,
3777,3.777,0.0,0.002605908774929515,0,1,
3778,3.778,0.0,0.0024788171042775635,0,1,
3779,3.779,0.0,0.002357923767544473,0,1,
3780,3.7800000000000002,0.0,0.0022429264684178845,0,1,
3781,3.781,0.0,0.0021335376537505633,0,1,
3782,3.782,0.0,0.002029483794527752,0,1,
3783,3.783,0.0,0.001930504701902159,0,1,
3784,3.7840000000000003,0.0,0.0018363528765863132,0,1,
3785,3.785,0.0,0.0017467928899754293,0,1,
3786,3.786,0.0,0.0016616007954532667,0,1,
3787,3.787,0.0,0.0015805635684089396,0,1,
3788,3.7880000000000003,0.0,0.0015034785735644305,0,1,
3789,3.789,0.0,0.0014301530582808476,0,1,
3790,3.79,0.0,0.0013604036705764267,0,1,
3791,3.791,0.0,0.0012940560006510732,0,1,
3792,3.7920000000000003,0.0,0.001230944144771016,0,1,
3793,3.793,0.0,0.0011709102904230572,0,1,
3794,3.794,0.0,0.0011138043217010887,0,1,
3795,3.795,0.0,0.0010594834439381347,0,1,
3796,3.7960000000000003,0.0,0.0010078118266453064,0,1,
3797,3.797,0.0,0.0009586602638648282,0,1,
3798,3.798,0.0,0.0009119058510878432,0,1,
3799,3.799,0.0,0.0008674316779291229,0,1,
3800,3.8000000000000003,0.0,0.0008251265357902082,0,1,3.615200401929273
3801,3.801,0.0,0.0007848846397799876,0,1,
3802,3.802,0.0,0.0007466053641973678,0,1,
3803,3.803,0.0,0.0007101929909146082,0,1,
3804,3.8040000000000003,0.0,0.0006755564700321435,0,1,
3805,3.805,0.0,0.0006426091922064098,0,1,
3806,3.806,0.0,0.0006112687720813719,0,1,
3807,3.807,0.0,0.0005814568422822216,0,1,
3808,3.8080000000000003,0.0,0.00055309885745612,0,1,
3809,3.809,0.0,0.0005261239078699875,0,1,
3810,3.81,0.0,0.0005004645420992349,0,1,
3811,3.811,0.0,0.00047605659836406856,0,1,
3812,3.8120000000000003,0.0,0.0004528390440916205,0,1,
3813,3.813,0.0,0.00043075382330272566,0,1,
3814,3.814,0.0,0.00040974571144173396,0,1,
3815,3.815,0.0,0.0003897621772863562,0,1,
3816,3.8160000000000003,0.0,0.0003707532515922459,0,1,
3817,3.817,0.0,0.00035267140214386046,0,1,
3818,3.818,0.0,0.0003354714148991643,0,1,
3819,3.819,0.0,0.0003191102809309723,0,1,
3820,3.8200000000000003,0.0,0.00030354708888222996,0,1,
3821,3.821,0.0,0.0002887429226663107,0,1,
3822,3.822,0.0,0.0002746607641565289,0,1,
3823,3.823,0.0,0.0002612654006215413,0,1,
3824,3.8240000000000003,0.0,0.0002485233366751772,0,1,
3825,3.825,0.0,0.00023640271052052602,0,1,
3826,3.826,0.0,0.00022487321427884884,0,1,
3827,3.827,0.0,0.00021390601820409514,0,1,
3828,3.8280000000000003,0.0,0.00020347369859352067,0,1,
3829,3.829,0.0,0.0001935501692141464,0,1,
3830,3.83,0.0,0.0001841106160735883,0,1,
3831,3.831,0.0,0.0001751314353721513,0,1,
3832,3.8320000000000003,0.0,0.00016659017448103548,0,1,
3833,3.833,0.0,0.00015846547579906892,0,1,
3834,3.834,0.0,0.00015073702334758015,0,1,
3835,3.835,0.0,0.00014338549196986935,0,1,
3836,3.8360000000000003,0.0,0.00013639249900825056,0,1,
3837,3.837,0.0,0.0001297405583378324,0,1,
3838,3.838,0.0,0.00012341303664209762,0,1,
3839,3.839,0.0,0.00011739411182094804,0,1,
3840,3.84,0.0,0.00011166873342721287,0,1,
3841,3.841,0.0,0.00010622258503269135,0,1,
3842,3.842,0.0,0.00010104204842962515,0,1,
3843,3.843,0.0,9.61141695780856e-05,0,1,
3844,3.844,0.0,9.14266262141264e-05,0,1,
3845,3.845,0.0,8.696769703770534e-05,0,1,
3846,3.846,0.0,8.27262324033289e-05,0,1,
3847,3.847,0.0,7.869162644013087e-05,0,1,
3848,3.848,0.0,7.485379053167086e-05,0,1,
3849,3.849,0.0,7.120312808913827e-05,0,1,
3850,3.85,0.0,6.773051055488162e-05,0,1,
3851,3.851,0.0,6.442725457625958e-05,0,1,
3852,3.852,0.0,1.0000612851002928,0,1,
3853,3.853,0.0,0.951287720691396,0,1,
3854,3.854,0.0,0.9048928710878726,0,1,
3855,3.855,0.0,0.8607607249997159,0,1,
3856,3.856,0.0,0.8187809290742971,0,1,
3857,3.857,0.0,0.7788485119555035,0,1,
3858,3.858,0.0,0.7408636218006711,0,1,
3859,3.859,0.0,0.7047312765989671,0,1,
3860,3.86,0.0,0.670361126666889,0,1,
3861,3.861,0.0,0.637667228726995,0,1,
3862,3.862,0.0,0.6065678310049446,0,1,
3863,3.863,0.0,0.5769851688074799,0,1,
3864,3.864,0.0,0.5488452700701864,0,1,
3865,3.865,0.0,0.5220777703888023,0,1,
3866,3.866,0.0,0.4966157370715563,0,1,
3867,3.867,0.0,0.47239550177257444,0,1,
3868,3.868,0.0,0.44935650128785204,0,1,
3869,3.869,0.0,0.42744112611569784,0,1,
3870,3.87,0.0,0.40659457640297236,0,1,
3871,3.871,0.0,0.386764724916911,0,1,
3872,3.872,0.0,0.3679019866998902,0,1,
3873,3.873,0.0,0.34995919508120593,0,1,
3874,3.874,0.0,0.3328914837358286,0,1,
3875,3.875,0.0,0.31665617449522104,0,1,
3876,3.876,0.0,0.30121267062968676,0,1,
3877,3.8770000000000002,0.0,0.28652235533540005,0,1,
3878,3.878,0.0,0.2725484951722817,0,1,
3879,3.879,0.0,0.25925614821126514,0,1,
3880,3.88,0.0,0.24661207666127355,0,1,
3881,3.8810000000000002,0.0,0.2345846637574292,0,1,
3882,3.882,0.0,0.22314383470267288,0,1,
3883,3.883,0.0,0.21226098146510597,0,1,
3884,3.884,0.0,0.20190889124300948,0,1,
3885,3.8850000000000002,0.0,0.19206167841866517,0,1,
3886,3.886,0.0,0.18269471983082808,0,1,
3887,3.887,0.0,0.17378459320399778,0,1,
3888,3.888,0.0,0.16530901858052952,0,1,
3889,3.8890000000000002,0.0,0.15724680260913493,0,1,
3890,3.89,0.0,0.1495777855504648,0,1,
3891,3.891,0.0,0.14228279086725984,0,1,
3892,3.892,0.0,0.13534357727301902,0,1,
3893,3.8930000000000002,0.0,0.1287427931192818,0,1,
3894,3.894,0.0,0.12246393300746891,0,1,
3895,3.895,0.0,0.11649129651678865,0,1,
3896,3.896,0.0,0.1108099489450069,0,1,
3897,3.8970000000000002,0.0,0.10540568396391241,0,1,
3898,3.898,0.0,0.10026498809609655,0,1,
3899,3.899,0.0,0.09537500692422086,0,1,
3900,3.9,0.0,0.09072351294827823,0,1,3.617621531858216
3901,3.9010000000000002,0.0,0.08629887501047377,0,1,
3902,3.902,0.0,0.08209002921127202,0,1,
3903,3.903,0.0,0.0780864512438851,0,1,
3904,3.904,0.0,0.07427813007802388,0,1,
3905,3.9050000000000002,0.0,0.07065554292710782,0,1,
3906,3.906,0.0,0.06720963143633826,0,1,
3907,3.907,0.0,0.06393177903209314,0,1,
3908,3.908,0.0,0.060813789376004776,0,1,
3909,3.9090000000000003,0.0,0.05784786586984466,0,1,
3910,3.91,0.0,0.05502659215996683,0,1,
3911,3.911,0.0,0.05234291359256075,0,1,
3912,3.912,0.0,0.04979011957334216,0,1,
3913,3.9130000000000003,0.0,0.047361826787571996,0,1,
3914,3.914,0.0,0.04505196323844461,0,1,
3915,3.915,0.0,0.04285475306393299,0,1,
3916,3.916,0.0,0.040764702094125194,0,1,
3917,3.9170000000000003,0.0,0.03877658411293776,0,1,
3918,3.918,0.0,0.03688542778985331,0,1,
3919,3.919,0.0,0.03508650424900481,0,1,
3920,3.92,0.0,0.0333753152445227,0,1,
3921,3.9210000000000003,0.0,0.03174758191257724,0,1,
3922,3.922,0.0,0.030199234071990124,0,1,
3923,3.923,0.0,0.02872640004666152,0,1,
3924,3.924,0.0,0.027325396984363124,0,1,
3925,3.9250000000000003,0.0,0.02599272164768928,0,1,
3926,3.926,0.0,0.024725041654138726,0,1,
3927,3.927,0.0,0.023519187143422562,0,1,
3928,3.928,0.0,0.022372142851162437,0,1,
3929,3.9290000000000003,0.0,0.02128104056915901,0,1,
3930,3.93,0.0,0.020243151973377473,0,1,
3931,3.931,0.0,0.01925588180171635,0,1,
3932,3.932,0.0,0.018316761364500413,0,1,
3933,3.9330000000000003,0.0,0.01742344237147064,0,1,
3934,3.934,0.0,0.01657369105983537,0,1,
3935,3.935,0.0,0.015765382608699828,0,1,
3936,3.936,0.0,0.014996495825907103,0,1,
3937,3.9370000000000003,0.0,0.014265108094004974,0,1,
3938,3.938,0.0,0.01356939056270083,0,1,
3939,3.939,0.0,0.01290760357578333,0,1,
3940,3.94,0.0,0.012278092321075735,0,1,
3941,3.9410000000000003,0.0,0.011679282692543508,0,1,
3942,3.942,0.0,0.011109677354209311,0,1,
3943,3.943,0.0,0.010567851996033138,0,1,
3944,3.944,0.0,0.010052451772395323,0,1,
3945,3.9450000000000003,0.0,0.009562187914276786,0,1,
3946,3.946,0.0,0.00909583450666519,0,1,
3947,3.947,0.0,0.008652225423128865,0,1,
3948,3.948,0.0,0.008230251409893316,0,1,
3949,3.9490000000000003,0.0,0.00782885731212901,0,1,
3950,3.95,0.0,0.007447039435514685,0,1,
3951,3.951,0.0,0.007083843036478756,0,1,
3952,3.952,0.0,0.006738359934843077,0,1,
3953,3.9530000000000003,0.0,0.006409726242899449,0,1,
3954,3.954,0.0,0.0060971202052403665,0,1,
3955,3.955,0.0,0.005799760143942469,0,1,
3956,3.956,0.0,0.005516902503964573,0,1,
3957,3.9570000000000003,0.0,0.005247839993872769,0,1,
3958,3.958,0.0,0.004991899817243424,0,1,
3959,3.959,0.0,0.004748441990321682,0,1,
3960,3.96,0.0,0.004516857741728719,0,1,
3961,3.9610000000000003,0.0,0.0042965679902162044,0,1,
3962,3.962,0.0,0.004087021896661549,0,1,
3963,3.963,0.0,0.0038876954866831825,0,1,
3964,3.964,0.0,0.003698090340431667,0,1,
3965,3.9650000000000003,0.0,0.0035177323462804643,0,1,
3966,3.966,0.0,0.0033461705152999124,0,1,
3967,3.967,0.0,0.0031829758535499935,0,1,
3968,3.968,0.0,0.0030277402893720295,0,1,
3969,3.969,0.0,0.002880075652996981,0,1,
3970,3.97,0.0,0.002739612705918836,0,1,
3971,3.971,0.0,0.0026060002176060185,0,1,
3972,3.972,0.0,0.0024789040872421086,0,1,
3973,3.973,0.0,0.0023580065082997787,0,1,
3974,3.974,0.0,0.0022430051738589365,0,1,
3975,3.975,0.0,0.0021336125206819602,0,1,
3976,3.976,0.0,0.0020295550101558186,0,1,
3977,3.977,0.0,0.00193057244430306,0,1,
3978,3.978,0.0,0.0018364173151513366,0,1,
3979,3.979,0.0,0.0017468541858345523,0,1,
3980,3.98,0.0,0.0016616591018780646,0,1,
3981,3.981,0.0,0.0015806190311958446,0,1,
3982,3.982,0.0,0.0015035313313992995,0,1,
3983,3.983,0.0,0.001430203243085748,0,1,
3984,3.984,0.0,0.001360451407839511,0,1,
3985,3.985,0.0,0.0012941014097403642,0,1,
3986,3.986,0.0,0.0012309873392328894,0,1,
3987,3.987,0.0,0.0011709513782661666,0,1,
3988,3.988,0.0,0.0011138434056664436,0,1,
3989,3.989,0.0,0.0010595206217560065,0,1,
3990,3.99,0.0,0.0010078471912796047,0,1,
3991,3.991,0.0,0.0009586939037455593,0,1,
3992,3.992,0.0,0.0009119378503322313,0,1,
3993,3.993,0.0,0.0008674621165519466,0,1,
3994,3.994,0.0,0.0008251554899038796,0,1,
3995,3.995,0.0,0.0007849121817848721,0,1,
3996,3.996,0.0,0.0007466315629628237,0,1,
3997,3.997,0.0,0.0007102179119511954,0,1,
3998,3.998,0.0,0.0006755801756554344,0,1,
3999,3.999,0.0,0.0006426317416928101,0,1,
4000,4.0,0.0,0.0006112902218163433,0,1,3.6231405898305056
4001,4.001,0.0,0.000581477245901274,0,1,
4002,4.002,0.0,0.000553118265978929,0,1,
4003,4.003,0.0,0.0005261423698279695,0,1,
4004,4.0040000000000004,0.0,0.0005004821036569013,0,1,
4005,4.005,0.0,0.00047607330343446097,0,1,
4006,4.006,0.0,0.0004528549344461161,0,1,
4007,4.007,0.0,0.0004307689386754876,0,1,
4008,4.008,0.0,0.0004097600896290674,0,1,
4009,4.009,0.0,0.0003897758542412188,0,1,
4010,4.01,0.0,0.00037076626151414874,0,1,
4011,4.011,0.0,0.0003526837775643849,0,1,
4012,4.0120000000000005,0.0,0.0003354831867633077,0,1,
4013,4.013,0.0,0.00031912147867452673,0,1,
4014,4.014,0.0,0.0003035577405053869,0,1,
4015,4.015,0.0,0.0002887530548036763,0,1,
4016,4.016,0.0,0.0002746704021437241,0,1,
4017,4.017,0.0,0.0002612745685585544,0,1,
4018,4.018,0.0,0.000248532057486626,0,1,
4019,4.019,0.0,0.00023641100601298163,0,1,
4020,4.0200000000000005,0.0,0.00022488110519536334,0,1,
4021,4.021,0.0,0.00021391352427607,0,1,
4022,4.022,0.0,0.00020348083859004557,0,1,
4023,4.023,0.0,0.00019355696098893174,0,1,
4024,4.024,0.0,0.00018411707660960868,0,1,
4025,4.025,0.0,0.00017513758082411194,0,1,
4026,4.026,0.0,0.0001665960202157673,0,1,
4027,4.027,0.0,0.00015847103643395365,0,1,
4028,4.0280000000000005,0.0,0.0001507423127871014,0,1,
4029,4.029,0.0,0.0001433905234403811,0,1,
4030,4.03,0.0,0.00013639728509104985,0,1,
4031,4.031,0.0,0.00012974511100061916,0,1,
4032,4.032,0.0,0.00012341736726890023,0,1,
4033,4.033,0.0,0.00011739823124058922,0,1,
4034,4.034,0.0,1.0001116726519403,0,1,
4035,4.035,0.0,0.9513356508131517,0,1,
4036,4.0360000000000005,0.0,0.9049384636300065,0,1,
4037,4.037,0.0,0.8608040939673314,0,1,
4038,4.038,0.0,0.8188221829124032,0,1,
4039,4.039,0.0,0.7788877538201836,0,1,
4040,4.04,0.0,0.740900949817027,0,1,
4041,4.041,0.0,0.704766784106483,0,1,
4042,4.042,0.0,0.6703949024528287,0,1,
4043,4.043,0.0,0.6376993572484166,0,1,
4044,4.0440000000000005,0.0,0.6065983925998866,0,1,
4045,4.045,0.0,0.5770142398958483,0,1,
4046,4.046,0.0,0.5488729233448447,0,1,
4047,4.047,0.0,0.5221040749973411,0,1,
4048,4.048,0.0,0.49664075878919844,0,1,
4049,4.049,0.0,0.47241930316664715,0,1,
4050,4.05,0.0,0.4493791418742381,0,1,
4051,4.051,0.0,0.42746266250765624,0,1,
4052,4.0520000000000005,0.0,0.4066150624527008,0,1,
4053,4.053,0.0,0.38678421185020445,0,1,
4054,4.054,0.0,0.36792052324423224,0,1,
4055,4.055,0.0,0.3499768275876126,0,1,
4056,4.056,0.0,0.33290825629475035,0,1,
4057,4.057,0.0,0.3166721290467916,0,1,
4058,4.058,0.0,0.3012278470685954,0,1,
4059,4.059,0.0,0.2865367916106491,0,1,
4060,4.0600000000000005,0.0,0.27256222738207875,0,1,
4061,4.061,0.0,0.2592692106932875,0,1,
4062,4.062,0.0,0.24662450207853023,0,1,
4063,4.063,0.0,0.23459648317993545,0,1,
4064,4.064,0.0,0.22315507768514142,0,1,
4065,4.065,0.0,0.2122716761208492,0,1,
4066,4.066,0.0,0.20191906431423737,0,1,
4067,4.067,0.0,0.19207135534335468,0,1,
4068,4.0680000000000005,0.0,0.1827039248063314,0,1,
4069,4.069,0.0,0.17379334924754836,0,1,
4070,4.07,0.0,0.16531734758679703,0,1,
4071,4.071,0.0,0.15725472540497346,0,1,
4072,4.072,0.0,0.1495853219469907,0,1,
4073,4.073,0.0,0.14228995970938998,0,1,
4074,4.074,0.0,0.13535039648659283,0,1,
4075,4.075,0.0,0.12874927975588515,0,1,
4076,4.0760000000000005,0.0,0.12247010328707207,0,1,
4077,4.077,0.0,0.11649716586830457,0,1,
4078,4.078,0.0,0.11081553204487157,0,1,
4079,4.079,0.0,0.10541099477278362,0,1,
4080,4.08,0.0,0.10027003989376274,0,1,
4081,4.081,0.0,0.09537981234280757,0,1,
4082,4.082,0.0,0.09072808400383495,0,1,
4083,4.083,0.0,0.08630322313302036,0,1,
4084,4.0840000000000005,0.0,0.08209416527337966,0,1,
4085,4.085,0.0,0.07809038558786344,0,1,
4086,4.086,0.0,0.07428187254178219,0,1,
4087,4.087,0.0,0.07065910286875486,0,1,
4088,4.088,0.0,0.06721301775758244,0,1,
4089,4.089,0.0,0.06393500020050141,0,1,
4090,4.09,0.0,0.060816853446175996,0,1,
4091,4.091,0.0,0.05785078050355026,0,1,
4092,4.0920000000000005,0.0,0.05502936464530924,0,1,
4093,4.093,0.0,0.05234555086219745,0,1,
4094,4.094,0.0,0.049792628221820935,0,1,
4095,4.095,0.0,0.04736421308782074,0,1,
4096,4.096,0.0,0.04505423315745691,0,1,
4097,4.097,0.0,0.04285691227768872,0,1,
4098,4.098,0.0,0.04076675600178343,0,1,
4099,4.099,0.0,0.03877853785033748,0,1,
4100,4.1,0.0,0.03688728624235568,0,1,3.622655220404053
4101,4.101,0.0,0.035088272063709104,0,1,
4102,4.102,0.0,0.03337699684188649,0,1,
4103,4.103,0.0,0.03174918149746984,0,1,
4104,4.104,0.0,0.03020075564420695,0,1,
4105,4.105,0.0,0.02872784741092567,0,1,
4106,4.106,0.0,0.027326773759839152,0,1,
4107,4.107,0.0,0.02599403127703301,0,1,
4108,4.108,0.0,0.02472628741210567,0,1,
4109,4.109,0.0,0.023520372145056524,0,1,
4110,4.11,0.0,0.02237327005958474,0,1,
4111,4.111,0.0,0.02128211280297785,0,1,
4112,4.112,0.0,0.020244171913735898,0,1,
4113,4.113,0.0,0.019256851998996516,0,1,
4114,4.114,0.0,0.01831768424470088,0,1,
4115,4.115,0.0,0.017424320242272612,0,1,
4116,4.116,0.0,0.01657452611637312,0,1,
4117,4.117,0.0,0.015766176939049657,0,1,
4118,4.118,0.0,0.014997251416308635,0,1,
4119,4.119,0.0,0.014265826833827782,0,1,
4120,4.12,0.0,0.013570074249168843,0,1,
4121,4.121,0.0,0.012908253918468837,0,1,
4122,4.122,0.0,0.012278710946174198,0,1,
4123,4.123,0.0,0.011679871146939901,0,1,
4124,4.124,0.0,0.011110237109346137,0,1,
4125,4.125,0.0,0.010568384451589802,0,1,
4126,4.126,0.0,0.010052958259788062,0,1,
4127,4.127,0.0,0.009562669699987897,0,1,
4128,4.128,0.0,0.009096292795409903,0,1,
4129,4.1290000000000004,0.0,0.008652661360867753,0,1,
4130,4.13,0.0,0.008230666086697798,0,1,
4131,4.131,0.0,0.00782925176490709,0,1,
4132,4.132,0.0,0.007447414650603771,0,1,
4133,4.133,0.0,0.007084199952112011,0,1,
4134,4.134,0.0,0.006738699443495494,0,1,
4135,4.135,0.0,0.0064100491935195,0,1,
4136,4.136,0.0,0.00609742740537282,0,1,
4137,4.1370000000000005,0.0,0.00580005236174767,0,1,
4138,4.138,0.0,0.0055171804701392435,0,1,
4139,4.139,0.0,0.005248104403477131,0,1,
4140,4.14,0.0,0.004992151331439214,0,1,
4141,4.141,0.0,0.0047486812380253965,0,1,
4142,4.142,0.0,0.004517085321184236,0,1,
4143,4.143,0.0,0.004296784470490703,0,1,
4144,4.144,0.0,0.004087227819068477,0,1,
4145,4.1450000000000005,0.0,0.0038878913661358158,0,1,
4146,4.146,0.0,0.0036982766667306667,0,1,
4147,4.147,0.0,0.003517909585338631,0,1,
4148,4.148,0.0,0.0033463391103072115,0,1,
4149,4.149,0.0,0.00318313622608176,0,1,
4150,4.15,0.0,0.0030278928404431273,0,1,
4151,4.151,0.0,0.0028802207640645484,0,1,
4152,4.152,0.0,0.0027397507398361273,0,1,
4153,4.1530000000000005,0.0,0.0026061315195297246,0,1,
4154,4.154,0.0,0.0024790289854954312,0,1,
4155,4.155,0.0,0.002358125315193408,0,1,
4156,4.156,0.0,0.0022431181864719903,0,1,
4157,4.157,0.0,0.002133720021604837,0,1,
4158,4.158,0.0,0.00202965726819682,0,1,
4159,4.159,0.0,0.0019306697151605524,0,1,
4160,4.16,0.0,0.0018365098420531298,0,1,
4161,4.1610000000000005,0.0,0.001746942200146096,0,1,
4162,4.162,0.0,0.001661742823680982,0,1,
4163,4.163,0.0,0.001580698669838252,0,1,
4164,4.164,0.0,0.0015036070860192847,0,1,
4165,4.165,0.0,0.0014302753031093197,0,1,
4166,4.166,0.0,0.0013605199534542625,0,1,
4167,4.167,0.0,0.0012941666123460363,0,1,
4168,4.168,0.0,0.0012310493618699588,0,1,
4169,4.1690000000000005,0.0,0.001171010376023532,0,1,
4170,4.17,0.0,0.0011138995260692292,0,1,
4171,4.171,0.0,0.001059574005134451,0,1,
4172,4.172,0.0,0.0010078979711199605,0,1,
4173,4.173,0.0,0.0009587422070238773,0,1,
4174,4.174,0.0,0.0009119837978318672,0,1,
4175,4.175,0.0,0.0008675058231655825,0,1,
4176,4.176,0.0,0.0008251970649208153,0,1,
4177,4.1770000000000005,0.0,0.0007849517291643055,0,1,
4178,4.178,0.0,0.0007466691815938026,0,1,
4179,4.179,0.0,0.0007102536958998921,0,1,
4180,4.18,0.0,0.0006756142144003595,0,1,
4181,4.181,0.0,0.000642664120348556,0,1,
4182,4.182,0.0,0.0006113210213464146,0,1,
4183,4.183,0.0,0.0005815065433205387,0,1,
4184,4.184,0.0,0.0005531461345461956,0,1,
4185,4.1850000000000005,0.0,0.0005261688792291721,0,1,
4186,4.186,0.0,0.0005005073201793511,0,1,
4187,4.187,0.0,0.00047609729013259875,0,1,
4188,4.188,0.0,0.00045287775129918136,0,1,
4189,4.189,0.0,0.0004307906427374978,0,1,
4190,4.19,0.0,0.0004097807351714827,0,1,
4191,4.191,0.0,0.000389795492888649,0,1,
4192,4.192,0.0,0.0003707849423734418,0,1,
4193,4.1930000000000005,0.0,0.0003527015473474195,0,1,
4194,4.194,0.0,0.00033550008990379716,0,1,
4195,4.195,0.0,0.0003191375574391268,0,1,
4196,4.196,0.0,0.00030357303509938414,0,1,
4197,4.197,0.0,0.0002887676034715222,0,1,
4198,4.198,0.0,0.0002746842412646665,0,1,
4199,4.199,0.0,0.00026128773273760396,0,1,
4200,4.2,0.0,0.00024854457964108736,0,1,3.6198576270152025
4201,4.2010000000000005,0.0,0.0002364229174547634,0,1,
4202,4.202,0.0,0.0002248924357092744,0,1,
4203,4.203,0.0,0.00021392430219429692,0,1,
4204,4.204,0.0,0.0002034910908629979,0,1,
4205,4.205,0.0,0.000193566713252632,0,1,
4206,4.206,0.0,0.00018412635324979588,0,1,
4207,4.207,0.0,0.0001751464050372185,0,1,
4208,4.208,0.0,0.00016660441406692232,0,1,
4209,4.2090000000000005,0.0,0.00015847902091215718,0,1,
4210,4.21,0.0,0.0001507499078577079,0,1,
4211,4.211,0.0,0.00014339774809502315,0,1,
4212,4.212,0.0,0.00013640415739512722,0,1,
4213,4.213,0.0,0.00012975164813847168,0,1,
4214,4.214,0.0,0.00012342358558677756,0,1,
4215,4.215,0.0,0.00011740414628752504,0,1,
4216,4.216,0.0,0.00011167827850708008,0,1,
4217,4.2170000000000005,0.0,0.00010623166459352024,0,1,
4218,4.218,0.0,0.00010105068517504713,0,1,
4219,4.219,0.0,1.0000961223851044,0,1,
4220,4.22,0.0,0.9513208589417785,0,1,
4221,4.221,0.0,0.9049243931667129,0,1,
4222,4.222,0.0,0.8607907097286301,0,1,
4223,4.223,0.0,0.818809451430726,0,1,
4224,4.224,0.0,0.7788756432601949,0,1,
4225,4.225,0.0,0.7408894298960186,0,1,
4226,4.226,0.0,0.7047558260186518,0,1,
4227,4.227,0.0,0.6703844787972475,0,1,
4228,4.228,0.0,0.6376894419605168,0,1,
4229,4.229,0.0,0.6065889608862839,0,1,
4230,4.23,0.0,0.577005268172346,0,1,
4231,4.231,0.0,0.5488643891774608,0,1,
4232,4.232,0.0,0.522095957046212,0,1,
4233,4.233,0.0,0.4966330367552178,0,1,
4234,4.234,0.0,0.47241195774070777,0,1,
4235,4.235,0.0,0.4493721546889491,0,1,
4236,4.236,0.0,0.42745601609141487,0,1,
4237,4.237,0.0,0.4066087401860045,0,1,
4238,4.238,0.0,0.3867781979240934,0,1,
4239,4.239,0.0,0.36791480262075865,0,1,
4240,4.24,0.0,0.34997138596223804,0,1,
4241,4.241,0.0,0.33290308006057695,0,1,
4242,4.242,0.0,0.3166672052605377,0,1,
4243,4.243,0.0,0.30122316341823074,0,1,
4244,4.244,0.0,0.2865323363846082,0,1,
4245,4.245,0.0,0.27255798943997583,0,1,
4246,4.246,0.0,0.2592651794380599,0,1,
4247,4.247,0.0,0.24662066742994004,0,1,
4248,4.248,0.0,0.23459283554936386,0,1,
4249,4.249,0.0,0.22315160795161204,0,1,
4250,4.25,0.0,0.21226837560822087,0,1,
4251,4.251,0.0,0.20191592476950934,0,1,
4252,4.252,0.0,0.19206836891602982,0,1,
4253,4.253,0.0,0.18270108402878588,0,1,
4254,4.2540000000000004,0.0,0.17379064701635857,0,1,
4255,4.255,0.0,0.1653147771449775,0,1,
4256,4.256,0.0,0.15725228032508073,0,1,
4257,4.257,0.0,0.1495829961150515,0,1,
4258,4.258,0.0,0.14228774730961297,0,1,
4259,4.259,0.0,0.13534829198682616,0,1,
4260,4.26,0.0,0.12874727789378324,0,1,
4261,4.261,0.0,0.12246819905693693,0,1,
4262,4.2620000000000005,0.0,0.116495354508569,0,1,
4263,4.263,0.0,0.11081380902619276,0,1,
4264,4.264,0.0,0.10540935578671737,0,1,
4265,4.265,0.0,0.10026848084199017,0,1,
4266,4.266,0.0,0.09537832932688717,0,1,
4267,4.267,0.0,0.09072667331545445,0,1,
4268,4.268,0.0,0.08630188124472402,0,1,
4269,4.269,0.0,0.08209288882974779,0,1,
4270,4.2700000000000005,0.0,0.07808917139712208,0,1,
4271,4.271,0.0,0.07428071756782206,0,1,
4272,4.272,0.0,0.07065800422353946,0,1,
4273,4.273,0.0,0.06721197269392647,0,1,
4274,4.274,0.0,0.06393400610520138,0,1,
4275,4.275,0.0,0.06081590783347584,0,1,
4276,4.276,0.0,0.057849881008925685,0,1,
4277,4.277,0.0,0.055028509019555166,0,1,
4278,4.2780000000000005,0.0,0.052344736965803815,0,1,
4279,4.279,0.0,0.049791854019622814,0,1,
4280,4.28,0.0,0.04736347664390937,0,1,
4281,4.281,0.0,0.04505353263033892,0,1,
4282,4.282,0.0,0.042856245915681435,0,1,
4283,4.283,0.0,0.040766122138634724,0,1,
4284,4.284,0.0,0.038777934901059324,0,1,
4285,4.285,0.0,0.03688671269926081,0,1,
4286,4.2860000000000005,0.0,0.03508772649264104,0,1,
4287,4.287,0.0,0.03337647787863339,0,1,
4288,4.288,0.0,0.03174868784435325,0,1,
4289,4.289,0.0,0.03020028606683696,0,1,
4290,4.29,0.0,0.028727400735114254,0,1,
4291,4.291,0.0,0.02732634886866412,0,1,
4292,4.292,0.0,0.02599362710804511,0,1,
4293,4.293,0.0,0.02472590295467191,0,1,
4294,4.2940000000000005,0.0,0.023520006437833064,0,1,
4295,4.295,0.0,0.022372922188113036,0,1,
4296,4.296,0.0,0.021281781897398017,0,1,
4297,4.297,0.0,0.02024385714661163,0,1,
4298,4.298,0.0,0.01925655258324605,0,1,
4299,4.299,0.0,0.018317399431628877,0,1,
4300,4.3,0.0,0.017424049319698043,0,1,3.584457563881412
4301,4.301,0.0,0.016574268406848426,0,1,
4302,4.3020000000000005,0.0,0.015765931798166793,0,1,
4303,4.303,0.0,0.014997018231087705,0,1,
4304,4.304,0.0,0.014265605021184274,0,1,
4305,4.305,0.0,0.013569863254455613,0,1,
4306,4.306,0.0,0.012908053214089199,0,1,
4307,4.307,0.0,0.01227852003026266,0,1,
4308,4.308,0.0,0.01167968954210724,0,1,
4309,4.309,0.0,0.011110064361485678,0,1,
4310,4.3100000000000005,0.0,0.010568220128741914,0,1,
4311,4.311,0.0,0.010052801951060033,0,1,
4312,4.312,0.0,0.00956252101452649,0,1,
4313,4.313,0.0,0.009096151361424018,0,1,
4314,4.314,0.0,0.008652526824698754,0,1,
4315,4.315,0.0,0.008230538111935186,0,1,
4316,4.316,0.0,0.0078291300315473,0,1,
4317,4.317,0.0,0.007447298854249995,0,1,
4318,4.3180000000000005,0.0,0.00708408980321305,0,1,
4319,4.319,0.0,0.006738594666621726,0,1,
4320,4.32,0.0,0.006409949526674165,0,1,
4321,4.321,0.0,0.0060973325993368905,0,1,
4322,4.322,0.0,0.005799962179456673,0,1,
4323,4.323,0.0,0.005517094686090478,0,1,
4324,4.324,0.0,0.005248022803165793,0,1,
4325,4.325,0.0,0.0049920737108220216,0,1,
4326,4.3260000000000005,0.0,0.004748607403010375,0,1,
4327,4.327,0.0,0.004517015087145389,0,1,
4328,4.328,0.0,0.004296717661806351,0,1,
4329,4.329,0.0,0.0040871642686821094,0,1,
4330,4.33,0.0,0.0038878309151383645,0,1,
4331,4.331,0.0,0.0036982191639631508,0,1,
4332,4.332,0.0,0.0035178548870141795,0,1,
4333,4.333,0.0,0.0033462870796515222,0,1,
4334,4.3340000000000005,0.0,0.0031830867329910926,0,1,
4335,4.335,0.0,0.003027845761158975,0,1,
4336,4.336,0.0,0.0028801759808641785,0,1,
4337,4.337,0.0,0.002739708140738212,0,1,
4338,4.338,0.0,0.0026060909980143306,0,1,
4339,4.339,0.0,0.002478990440237663,0,1,
4340,4.34,0.0,0.002358088649810044,0,1,
4341,4.341,0.0,0.002243083309280474,0,1,
4342,4.3420000000000005,0.0,0.0021336868453940222,0,1,
4343,4.343,0.0,0.0020296257100089,0,1,
4344,4.344,0.0,0.001930639696083619,0,1,
4345,4.345,0.0,0.0018364812870238544,0,1,
4346,4.346,0.0,0.0017469150377620317,0,1,
4347,4.347,0.0,0.0016617169860220205,0,1,
4348,4.348,0.0,0.0015806740922967876,0,1,
4349,4.349,0.0,0.0015035837071386618,0,1,
4350,4.3500000000000005,0.0,0.0014302530644301594,0,1,
4351,4.351,0.0,0.001360498799368283,0,1,
4352,4.352,0.0,0.0012941464899570044,0,1,
4353,4.353,0.0,0.0012310302208614202,0,1,
4354,4.354,0.0,0.0011709921685329955,0,1,
4355,4.355,0.0,0.0011138822065684844,0,1,
4356,4.356,0.0,0.001059557530315725,0,1,
4357,4.357,0.0,0.001007882299787625,0,1,
4358,4.358,0.0,0.0009587272999914386,0,1,
4359,4.359,0.0,0.0009119696178239796,0,1,
4360,4.36,0.0,0.0008674923347248402,0,1,
4361,4.361,0.0,0.0008251842343190905,0,1,
4362,4.362,0.0,0.0007849395243184108,0,1,
4363,4.363,0.0,0.0007466575719852661,0,1,
4364,4.364,0.0,0.0007102426524986451,0,1,
4365,4.365,0.0,0.0006756037095921467,0,1,
4366,4.366,0.0,0.0006426541278658853,0,1,
4367,4.367,0.0,0.0006113115162028743,0,1,
4368,4.368,0.0,0.000581497501748319,0,1,
4369,4.369,0.0,0.0005531375339366565,0,1,
4370,4.37,0.0,0.0005261606980763099,0,1,
4371,4.371,0.0,0.0005004995380260222,0,1,
4372,4.372,0.0,0.00047608988751936634,0,1,
4373,4.373,0.0,0.0004528707097156565,0,1,
4374,4.374,0.0,0.00043078394457605383,0,1,
4375,4.375,0.0,0.00040977436368322715,0,1,
4376,4.376,0.0,0.00038978943214154247,0,1,
4377,4.377,0.0,0.00037077917721245956,0,1,
4378,4.378,0.0,0.0003526960633566562,0,1,
4379,4.3790000000000004,0.0,0.0003354948733704194,0,1,
4380,4.38,0.0,0.000319132595319084,0,1,
4381,4.381,0.0,0.0003035683149847915,0,1,
4382,4.382,0.0,0.0002887631135596347,0,1,
4383,4.383,0.0,0.0002746799703283657,0,1,
4384,4.384,0.0,0.0002612836700973245,0,1,
4385,4.385,0.0,0.0002485407151381124,0,1,
4386,4.386,0.0,0.00023641924142582256,0,1,
4387,4.3870000000000005,0.0,0.00022488893896238055,0,1,
4388,4.388,0.0,0.00021392097598576146,0,1,
4389,4.389,0.0,0.00020348792687556694,0,1,
4390,4.39,0.0,0.0001935637035746889,0,1,
4391,4.391,0.0,0.00018412349035557812,0,1,
4392,4.392,0.0,0.00017514368176799934,0,1,
4393,4.393,0.0,1.000166601823613,0,1,
4394,4.394,0.0,0.9513879010575103,0,1,
4395,4.3950000000000005,0.0,0.9049881655998777,0,1,
4396,4.396,0.0,0.8608513719435286,0,1,
4397,4.397,0.0,0.8188671551144928,0,1,
4398,4.398,0.0,0.7789305327020959,0,1,
4399,4.399,0.0,0.7409416423482492,0,1,
4400,4.4,0.0,0.704805492039539,0,1,3.623737989189347
4401,4.401,0.0,0.6704317225777132,0,1,
4402,4.402,0.0,0.6377343816346205,0,1,
4403,4.4030000000000005,0.0,0.6066317088266188,0,1,
4404,4.404,0.0,0.5770459312710293,0,1,
4405,4.405,0.0,0.5489030691134198,0,1,
4406,4.406,0.0,0.522132750539434,0,1,
4407,4.407,0.0,0.49666803580860064,0,1,
4408,4.408,0.0,0.4724452498701152,0,1,
4409,4.409,0.0,0.44940382314204574,0,1,
4410,4.41,0.0,0.42748614005582886,0,1,
4411,4.4110000000000005,0.0,0.4066373949873377,0,1,
4412,4.412,0.0,0.3868054552142748,0,1,
4413,4.413,0.0,0.3679407305572113,0,1,
4414,4.414,0.0,0.3499960493783084,0,1,
4415,4.415,0.0,0.3329265406276518,0,1,
4416,4.416,0.0,0.31668952164225483,0,1,
4417,4.417,0.0,0.30124439141716847,0,1,
4418,4.418,0.0,0.286552529081821,0,1,
4419,4.4190000000000005,0.0,0.2725771973277247,0,1,
4420,4.42,0.0,0.2592834505460691,0,1,
4421,4.421,0.0,0.24663804744549667,0,1,
4422,4.422,0.0,0.2346093679315596,0,1,
4423,4.423,0.0,0.2231673340400137,0,1,
4424,4.424,0.0,0.21228333472624084,0,1,
4425,4.425,0.0,0.2019301543227345,0,1,
4426,4.426,0.0,0.1920819044857551,0,1,
4427,4.4270000000000005,0.0,0.18271395946098595,0,1,
4428,4.428,0.0,0.17380289450632047,0,1,
4429,4.429,0.0,0.16532642731780553,0,1,
4430,4.43,0.0,0.15726336231227528,0,1,
4431,4.431,0.0,0.1495935376273529,0,1,
4432,4.432,0.0,0.1422977747062928,0,1,
4433,4.433,0.0,0.13535783034159915,0,1,
4434,4.434,0.0,0.12875635105750466,0,1,
4435,4.4350000000000005,0.0,0.12247682971724205,0,1,
4436,4.436,0.0,0.1165035642466041,0,1,
4437,4.437,0.0,0.11082161837057918,0,1,
4438,4.438,0.0,0.10541678426488378,0,1,
4439,4.439,0.0,0.10027554702900132,0,1,
4440,4.44,0.0,0.09538505089189121,0,1,
4441,4.441,0.0,0.090733067065865,0,1,
4442,4.442,0.0,0.08630796316824745,0,1,
4443,4.4430000000000005,0.0,0.08209867413436084,0,1,
4444,4.444,0.0,0.07809467454909971,0,1,
4445,4.445,0.0,0.07428595232791067,0,1,
4446,4.446,0.0,0.07066298368136595,0,1,
4447,4.447,0.0,0.06721670930072908,0,1,
4448,4.448,0.0,0.06393851170496431,0,1,
4449,4.449,0.0,0.06082019369254537,0,1,
4450,4.45,0.0,0.05785395784418189,0,1,
4451,4.4510000000000005,0.0,0.055032387025209704,0,1,
4452,4.452,0.0,0.05234842583889079,0,1,
4453,4.453,0.0,0.04979536298424639,0,1,
4454,4.454,0.0,0.04736681447430885,0,1,
4455,4.455,0.0,0.0450567076728289,0,1,
4456,4.456,0.0,0.04285926610952194,0,1,
4457,4.457,0.0,0.040768995035883514,0,1,
4458,4.458,0.0,0.03878066768545594,0,1,
4459,4.4590000000000005,0.0,0.03688931220418969,0,1,
4460,4.46,0.0,0.03509019921821853,0,1,
4461,4.461,0.0,0.033378830007961414,0,1,
4462,4.462,0.0,0.0317509252589803,0,1,
4463,4.463,0.0,0.030202414361465018,0,1,
4464,4.464,0.0,0.02872942523158847,0,1,
4465,4.465,0.0,0.027328274629280194,0,1,
4466,4.466,0.0,0.02599545894820766,0,1,
4467,4.4670000000000005,0.0,0.02472764545493551,0,1,
4468,4.468,0.0,0.023521663955356,0,1,
4469,4.469,0.0,0.022374498867552477,0,1,
4470,4.47,0.0,0.02128328168127382,0,1,
4471,4.471,0.0,0.020245283785164686,0,1,
4472,4.472,0.0,0.01925790964381584,0,1,
4473,4.473,0.0,0.018318690307573694,0,1,
4474,4.474,0.0,0.017425277238880134,0,1,
4475,4.4750000000000005,0.0,0.01657543643970534,0,1,
4476,4.476,0.0,0.015767042865389075,0,1,
4477,4.477,0.0,0.014998075110922139,0,1,
4478,4.478,0.0,0.014266610356380948,0,1,
4479,4.479,0.0,0.013570819558876176,0,1,
4480,4.48,0.0,0.012908962878992819,0,1,
4481,4.481,0.0,0.012279385330285419,0,1,
4482,4.482,0.0,0.01168051264094991,0,1,
4483,4.483,0.0,0.011110847317324098,0,1,
4484,4.484,0.0,0.010568964899373503,0,1,
4485,4.485,0.0,0.010053510398799304,0,1,
4486,4.486,0.0,0.009563194910861807,0,1,
4487,4.487,0.0,0.009096792391447233,0,1,
4488,4.488,0.0,0.008653136591318826,0,1,
4489,4.489,0.0,0.008231118139886277,0,1,
4490,4.49,0.0,0.007829681771201412,0,1,
4491,4.491,0.0,0.00744782368524365,0,1,
4492,4.492,0.0,0.007084589037897104,0,1,
4493,4.493,0.0,0.00673906955334293,0,1,
4494,4.494,0.0,0.006410401252896679,0,1,
4495,4.495,0.0,0.006097762294611564,0,1,
4496,4.496,0.0,0.005800370918245511,0,1,
4497,4.497,0.0,0.005517483490453355,0,1,
4498,4.498,0.0,0.005248392645316136,0,1,
4499,4.499,0.0,0.004992425515557848,0,1,
4500,4.5,0.0,0.004748942050026773,0,1,3.6020729488351337
4501,4.501,0.0,0.004517333413234208,0,1,
4502,4.502,0.0,0.004297020462948622,0,1,
4503,4.503,0.0,0.004087452302038409,0,1,
4504,4.5040000000000004,0.0,0.0038881049009421146,0,1,
4505,4.505,0.0,0.0036984797873215736,0,1,
4506,4.506,0.0,0.0035181027996214237,0,1,
4507,4.507,0.0,0.0033465229014182376,0,1,
4508,4.508,0.0,0.0031833110535945297,0,1,
4509,4.509,0.0,0.003028059141517486,0,1,
4510,4.51,0.0,0.0028803789545398047,0,1,
4511,4.511,0.0,0.0027399012152708666,0,1,
4512,4.5120000000000005,0.0,0.0026062746561909132,0,1,
4513,4.513,0.0,0.002479165141299279,0,1,
4514,4.514,0.0,0.0023582548306003443,0,1,
4515,4.515,0.0,0.002243241385337994,0,1,
4516,4.516,0.0,0.0021338372119912444,0,1,
4517,4.517,0.0,0.0020297687431406397,0,1,
4518,4.518,0.0,0.0019307757534072084,0,1,
4519,4.519,0.0,0.0018366107087534713,0,1,
4520,4.5200000000000005,0.0,0.001747038147519413,0,1,
4521,4.521,0.0,0.0016618340916456846,0,1,
4522,4.522,0.0,0.0015807854866117914,0,1,
4523,4.523,0.0,0.0015036896686888154,0,1,
4524,4.524,0.0,0.001430353858174531,0,1,
4525,4.525,0.0,0.001360594677343735,0,1,
4526,4.526,0.0,0.0012942376919084157,0,1,
4527,4.527,0.0,0.0012311169748411748,0,1,
4528,4.5280000000000005,0.0,0.0011710746914712308,0,1,
4529,4.529,0.0,0.0011139607048155302,0,1,
4530,4.53,0.0,0.0010596322001580865,0,1,
4531,4.531,0.0,0.001007953327938802,0,1,
4532,4.532,0.0,0.0009587948640588061,0,1,
4533,4.533,0.0,0.0009120338867528985,0,1,
4534,4.534,0.0,0.000867553469221109,0,1,
4535,4.535,0.0,0.0008252423872507934,0,1,
4536,4.5360000000000005,0.0,0.0007849948410981676,0,1,
4537,4.537,0.0,0.0007467101909338394,0,1,
4538,4.538,0.0,0.0007102927051908143,0,1,
4539,4.539,0.0,0.0006756513211857136,0,1,
4540,4.54,0.0,0.0006426994174146335,0,1,
4541,4.541,0.0,0.000611354596954266,0,1,
4542,4.542,0.0,0.0005815384814266724,0,1,
4543,4.543,0.0,0.0005531765150125128,0,1,
4544,4.5440000000000005,0.0,0.0005261977780226632,0,1,
4545,4.545,0.0,0.0005005348095620523,0,1,
4546,4.546,0.0,0.00047612343884228554,0,1,
4547,4.547,0.0,0.0004529026247212482,0,1,
4548,4.548,0.0,0.00043081430306845576,0,1,
4549,4.549,0.0,0.0004098032415744834,0,1,
4550,4.55,0.0,0.0003898169016414229,0,1,
4551,4.551,0.0,0.00037080530700902214,0,1,
4552,4.5520000000000005,0.0,0.0003527209187880027,0,1,
4553,4.553,0.0,0.0003355185165880749,0,1,
4554,4.554,0.0,0.0003191550854434078,0,1,
4555,4.555,0.0,0.000303589708252809,0,1,
4556,4.556,0.0,0.00028878346346565916,0,1,
4557,4.557,0.0,0.00027469932775776195,0,1,
4558,4.558,0.0,0.0002613020834537489,0,1,
4559,4.559,0.0,0.0002485582304645471,0,1,
4560,4.5600000000000005,0.0,0.00023643590251970698,0,1,
4561,4.561,0.0,0.00022490478748512778,0,1,
4562,4.562,0.0,0.0002139360515669335,0,1,
4563,4.563,0.0,0.00020350226721196923,0,1,
4564,4.564,0.0,0.000193577344524632,0,1,
4565,4.565,0.0,0.00018413646602854215,0,1,
4566,4.566,0.0,0.00017515602460992541,0,1,
4567,4.567,0.0,0.00016661356448753226,0,1,
4568,4.5680000000000005,0.0,0.00015848772506148792,0,1,
4569,4.569,0.0,0.00015075818750066655,0,1,
4570,4.57,0.0,0.00014340562393502977,0,1,
4571,4.571,0.0,0.0001364116491258842,0,1,
4572,4.572,0.0,0.00012975877449320815,0,1,
4573,4.573,0.0,0.0001234303643850923,0,1,
4574,4.574,0.0,1.00011741059448,0,1,
4575,4.575,0.0,0.9513411089129314,0,1,
4576,4.5760000000000005,0.0,0.9049436555351189,0,1,
4577,4.577,0.0,0.8608090326602436,0,1,
4578,4.578,0.0,0.8188268807424198,0,1,
4579,4.579,0.0,0.7788922225343268,0,1,
4580,4.58,0.0,0.7409052005894097,0,1,
4581,4.581,0.0,0.7047708275662502,0,1,
4582,4.582,0.0,0.6703987487107361,0,1,
4583,4.583,0.0,0.6377030159221123,0,1,
4584,4.5840000000000005,0.0,0.6066018728379605,0,1,
4585,4.585,0.0,0.5770175504007085,0,1,
4586,4.586,0.0,0.5488760723944777,0,1,
4587,4.587,0.0,0.5221070704660112,0,1,
4588,4.588,0.0,0.4966436081671376,0,1,
4589,4.589,0.0,0.4724220135787844,0,1,
4590,4.59,0.0,0.4493817200980156,0,1,
4591,4.591,0.0,0.4274651149899763,0,1,
4592,4.5920000000000005,0.0,0.4066173953260467,0,1,
4593,4.593,0.0,0.3867864309479747,0,1,
4594,4.594,0.0,0.36792263411532716,0,1,
4595,4.595,0.0,0.34997883551030945,0,1,
4596,4.596,0.0,0.3329101662899017,0,1,
4597,4.597,0.0,0.3166739458903802,0,1,
4598,4.598,0.0,0.3012295753036766,0,1,
4599,4.599,0.0,0.2865384355587108,0,1,
4600,4.6000000000000005,0.0,0.2725637911538474,0,1,3.6084820816289276
4601,4.601,0.0,0.25927069819900705,0,1,
4602,4.602,0.0,0.24662591703773978,0,1,
4603,4.603,0.0,0.23459782913077004,0,1,
4604,4.604,0.0,0.22315635799317923,0,1,
4605,4.605,0.0,0.2122728939875272,0,1,
4606,4.606,0.0,0.20192022278485655,0,1,
4607,4.607,0.0,0.19207245731469505,0,1,
4608,4.6080000000000005,0.0,0.18270497303389532,0,1,
4609,4.609,0.0,0.17379434635245072,0,1,
4610,4.61,0.0,0.16531829606231946,0,1,
4611,4.611,0.0,0.1572556276227988,0,1,
4612,4.612,0.0,0.1495861801631335,0,1,
4613,4.613,0.0,0.1422907760698376,0,1,
4614,4.614,0.0,0.13535117303267158,0,1,
4615,4.615,0.0,0.12875001842936476,0,1,
4616,4.616,0.0,0.12247080593502097,0,1,
4617,4.617,0.0,0.11649783424770863,0,1,
4618,4.618,0.0,0.11081616782702745,0,1,
4619,4.619,0.0,0.10541159954747786,0,1,
4620,4.62,0.0,0.10027061517324709,0,1,
4621,4.621,0.0,0.09538035956558039,0,1,
4622,4.622,0.0,0.09072860453823821,0,1,
4623,4.623,0.0,0.0863037182806612,0,1,
4624,4.624,0.0,0.08209463627238511,0,1,
4625,4.625,0.0,0.07809083361597634,0,1,
4626,4.626,0.0,0.07428229871930618,0,1,
4627,4.627,0.0,0.07065950826135574,0,1,
4628,4.628,0.0,0.06721340337895286,0,1,
4629,4.6290000000000004,0.0,0.06393536701489567,0,1,
4630,4.63,0.0,0.060817202370821145,0,1,
4631,4.631,0.0,0.05785111241093966,0,1,
4632,4.632,0.0,0.05502968036538425,0,1,
4633,4.633,0.0,0.0523458511844227,0,1,
4634,4.634,0.0,0.049792913897158425,0,1,
4635,4.635,0.0,0.047364484830607616,0,1,
4636,4.636,0.0,0.045054491647191684,0,1,
4637,4.6370000000000005,0.0,0.04285715816073037,0,1,
4638,4.638,0.0,0.040766989892967634,0,1,
4639,4.639,0.0,0.03877876033451403,0,1,
4640,4.64,0.0,0.0368874978758509,0,1,
4641,4.641,0.0,0.03508847337571696,0,1,
4642,4.642,0.0,0.03337718833579187,0,1,
4643,4.643,0.0,0.031749363652107246,0,1,
4644,4.644,0.0,0.030200928915057865,0,1,
4645,4.6450000000000005,0.0,0.028728012231257465,0,1,
4646,4.646,0.0,0.027326930541788513,0,1,
4647,4.647,0.0,0.025994180412636472,0,1,
4648,4.648,0.0,0.024726429274279923,0,1,
4649,4.649,0.0,0.023520507088530897,0,1,
4650,4.65,0.0,0.02237339842178821,0,1,
4651,4.651,0.0,0.021282234904882784,0,1,
4652,4.652,0.0,0.02024428806066066,0,1,
4653,4.6530000000000005,0.0,0.019256962481368916,0,1,
4654,4.654,0.0,0.018317789338784397,0,1,
4655,4.655,0.0,0.017424420210857196,0,1,
4656,4.656,0.0,0.0165746212094323,0,1,
4657,4.657,0.0,0.015766267394365614,0,1,
4658,4.658,0.0,0.014997337460066774,0,1,
4659,4.659,0.0,0.014265908681182318,0,1,
4660,4.66,0.0,0.013570152104780797,0,1,
4661,4.6610000000000005,0.0,0.01290832797701779,0,1,
4662,4.662,0.0,0.0122787813928451,0,1,
4663,4.663,0.0,0.01167993815788612,0,1,
4664,4.664,0.0,0.011110300852129943,0,1,
4665,4.665,0.0,0.010568445085601359,0,1,
4666,4.666,0.0,0.01005301593664398,0,1,
4667,4.667,0.0,0.00956272456391036,0,1,
4668,4.668,0.0,0.009096344983587292,0,1,
4669,4.6690000000000005,0.0,0.008652711003797697,0,1,
4670,4.67,0.0,0.00823071330851348,0,1,
4671,4.671,0.0,0.007829296683687644,0,1,
4672,4.672,0.0,0.0074474573786695464,0,1,
4673,4.673,0.0,0.007084240596305429,0,1,
4674,4.674,0.0,0.0067387381054482085,0,1,
4675,4.675,0.0,0.006410085969906531,0,1,
4676,4.676,0.0,0.0060974623881542905,0,1,
4677,4.6770000000000005,0.0,0.005800085638398755,0,1,
4678,4.678,0.0,0.005517212123868904,0,1,
4679,4.679,0.0,0.00524813451343618,0,1,
4680,4.68,0.0,0.004992179972918232,0,1,
4681,4.681,0.0,0.004748708482643,0,1,
4682,4.682,0.0,0.00451711123706616,0,1,
4683,4.683,0.0,0.004296809122440151,0,1,
4684,4.684,0.0,0.004087251268728163,0,1,
4685,4.6850000000000005,0.0,0.003887913672142104,0,1,
4686,4.686,0.0,0.0036982978848601913,0,1,
4687,4.687,0.0,0.0035179297686477678,0,1,
4688,4.688,0.0,0.003346358309264746,0,1,
4689,4.689,0.0,0.0031831544886950867,0,1,
4690,4.69,0.0,0.003027910212378292,0,1,
4691,4.691,0.0,0.0028802372887604373,0,1,
4692,4.692,0.0,0.002739766458613088,0,1,
4693,4.6930000000000005,0.0,0.0026061464716928867,0,1,
4694,4.694,0.0,0.002479043208432991,0,1,
4695,4.695,0.0,0.0023581388444701176,0,1,
4696,4.696,0.0,0.002243131055918089,0,1,
4697,4.697,0.0,0.0021337322634006426,0,1,
4698,4.698,0.0,0.0020296689129531992,0,1,
4699,4.699,0.0,0.0019306807919954616,0,1,
4700,4.7,0.0,0.0018365203786644257,0,1,3.6039171904102503
4701,4.7010000000000005,0.0,0.001746952222880795,0,1,
4702,4.702,0.0,0.0016617523576011417,0,1,
4703,4.703,0.0,0.0015807077387836386,0,1,
4704,4.704,0.0,0.0015036157126669856,0,1,
4705,4.705,0.0,0.0014302835090304476,0,1,
4706,4.706,0.0,0.0013605277591678946,0,1,
4707,4.707,0.0,0.0012941740373705224,0,1,
4708,4.708,0.0,0.0012310564247717277,0,1,
4709,4.7090000000000005,0.0,0.001171017094463517,0,1,
4710,4.71,0.0,0.0011139059168470296,0,1,
4711,4.711,0.0,0.0010595800842303402,0,1,
4712,4.712,0.0,0.0010079037537348446,0,1,
4713,4.713,0.0,0.0009587477076173056,0,1,
4714,4.714,0.0,0.0009119890301581884,0,1,
4715,4.715,0.0,0.0008675108003083379,0,1,
4716,4.716,0.0,0.000825201799325454,0,1,
4717,4.7170000000000005,0.0,0.0007849562326693053,0,1,
4718,4.718,0.0,0.0007466734654602719,0,1,
4719,4.719,0.0,0.0007102577708397281,0,1,
4720,4.72,0.0,0.0006756180906030346,0,1,
4721,4.721,0.0,0.0006426678075065959,0,1,
4722,4.722,0.0,0.0006113245286796348,0,1,
4723,4.723,0.0,0.0005815098795990992,0,1,
4724,4.724,0.0,0.0005531493081125307,0,1,
4725,4.7250000000000005,0.0,0.0005261718980188507,0,1,
4726,4.726,0.0,0.0005005101917409197,0,1,
4727,4.727,0.0,0.00047610002164645706,0,1,
4728,4.728,0.0,0.00045288034959553683,0,1,
4729,4.729,0.0,0.0004307931143134447,0,1,
4730,4.73,0.0,0.0004097830862072483,0,1,
4731,4.731,0.0,0.0003897977292630473,0,1,
4732,4.732,0.0,0.0003707870696785736,0,1,
4733,4.7330000000000005,0.0,0.0003527035709026557,0,1,
4734,4.734,0.0,0.00033550201476908,0,1,
4735,4.735,0.0,0.000319139388427622,0,1,
4736,4.736,0.0,0.0003035747767895167,0,1,
4737,4.737,0.0,0.0002887692602184247,0,1,
4738,4.738,0.0,0.00027468581721106904,0,1,
4739,4.739,0.0,0.0002612892318241935,0,1,
4740,4.74,0.0,0.00024854600561636126,0,1,
4741,4.741,0.0,0.00023642427388440254,0,1,
4742,4.742,0.0,0.0002248937259850594,0,1,
4743,4.743,0.0,0.00021392552954258934,0,1,
4744,4.744,0.0,0.00020349225835280776,0,1,
4745,4.745,0.0,0.00019356782380329193,0,1,
4746,4.746,0.0,0.000184127409638261,0,1,
4747,4.747,0.0,0.00017514740990501023,0,1,
4748,4.748,0.0,0.00016660536992673354,0,1,
4749,4.749,0.0,0.0001584799301541353,0,1,
4750,4.75,0.0,0.00015075077275543148,0,1,
4751,4.751,0.0,0.000143398570811187,0,1,
4752,4.752,0.0,0.0001364049399869503,0,1,
4753,4.753,0.0,0.00012975239256284116,0,1,
4754,4.7540000000000004,0.0,1.0001234242937052,0,1,
4755,4.755,0.0,0.9513468293205846,0,1,
4756,4.756,0.0,0.9049490969551987,0,1,
4757,4.757,0.0,0.8608142086991345,0,1,
4758,4.758,0.0,0.8188318043429152,0,1,
4759,4.759,0.0,0.7788969060079926,0,1,
4760,4.76,0.0,0.7409096556473694,0,1,
4761,4.761,0.0,0.7047750653484695,0,1,
4762,4.7620000000000005,0.0,0.6704027798138777,0,1,
4763,4.763,0.0,0.6377068504260338,0,1,
4764,4.764,0.0,0.6066055203309191,0,1,
4765,4.765,0.0,0.5770210200033363,0,1,
4766,4.766,0.0,0.5488793727825886,0,1,
4767,4.767,0.0,0.5221102098922946,0,1,
4768,4.768,0.0,0.49664659448179443,0,1,
4769,4.769,0.0,0.4724248542491568,0,1,
4770,4.7700000000000005,0.0,0.4493844222272591,0,1,
4771,4.771,0.0,0.42746768533482155,0,1,
4772,4.772,0.0,0.4066198403136946,0,1,
4773,4.773,0.0,0.38678875669216795,0,1,
4774,4.774,0.0,0.3679248464316376,0,1,
4775,4.775,0.0,0.3499809399306802,0,1,
4776,4.776,0.0,0.3329121680764799,0,1,
4777,4.777,0.0,0.31667585004867493,0,1,
4778,4.7780000000000005,0.0,0.3012313865950755,0,1,
4779,4.779,0.0,0.28654015851238573,0,1,
4780,4.78,0.0,0.27256543007808004,0,1,
4781,4.781,0.0,0.2592722571919617,0,1,
4782,4.782,0.0,0.24662739999771083,0,1,
4783,4.783,0.0,0.23459923976592986,0,1,
4784,4.784,0.0,0.2231576998308505,0,1,
4785,4.785,0.0,0.212274170383003,0,1,
4786,4.7860000000000005,0.0,0.20192143692979045,0,1,
4787,4.787,0.0,0.1920736122450818,0,1,
4788,4.788,0.0,0.18270607163766245,0,1,
4789,4.789,0.0,0.17379539137667988,0,1,
4790,4.79,0.0,0.16531929012011556,0,1,
4791,4.791,0.0,0.1572565731998241,0,1,
4792,4.792,0.0,0.1495870796238231,0,1,
4793,4.793,0.0,0.1422916316633117,0,1,
4794,4.7940000000000005,0.0,0.1353519868983596,0,1,
4795,4.795,0.0,0.12875079260235478,0,1,
4796,4.796,0.0,0.12247154235114872,0,1,
4797,4.797,0.0,0.11649853474839802,0,1,
4798,4.798,0.0,0.11081683416389508,0,1,
4799,4.799,0.0,0.10541223338671298,0,1,
4800,4.8,0.0,0.10027121809977793,0,1,3.5513016248309612
4801,4.801,0.0,0.09538093308703734,0,1,
4802,4.8020000000000005,0.0,0.09072915008872363,0,1,
4803,4.803,0.0,0.08630423722433549,0,1,
4804,4.804,0.0,0.08209512990687774,0,1,
4805,4.805,0.0,0.07809130317563068,0,1,
4806,4.806,0.0,0.07428274537826594,0,1,
4807,4.807,0.0,0.07065993313650099,0,1,
4808,4.808,0.0,0.06721380753269277,0,1,
4809,4.809,0.0,0.0639357514578251,0,1,
4810,4.8100000000000005,0.0,0.06081756806424765,0,1,
4811,4.811,0.0,0.057851460269287294,0,1,
4812,4.812,0.0,0.055030011258480074,0,1,
4813,4.813,0.0,0.05234616593967181,0,1,
4814,4.814,0.0,0.0497932133016129,0,1,
4815,4.815,0.0,0.04736476963293453,0,1,
4816,4.816,0.0,0.045054762559545214,0,1,
4817,4.817,0.0,0.04285741586053251,0,1,
4818,4.8180000000000005,0.0,0.04076723502460211,0,1,
4819,4.819,0.0,0.038778993510937616,0,1,
4820,4.82,0.0,0.036887719680126115,0,1,
4821,4.821,0.0,0.03508868436247003,0,1,
4822,4.822,0.0,0.03337738903259957,0,1,
4823,4.823,0.0,0.03174955456081613,0,1,
4824,4.824,0.0,0.030201110513039146,0,1,
4825,4.825,0.0,0.02872818497260069,0,1,
4826,4.8260000000000005,0.0,0.027327094858437016,0,1,
4827,4.827,0.0,0.025994336715467463,0,1,
4828,4.828,0.0,0.024726577954131895,0,1,
4829,4.829,0.0,0.023520648517180925,0,1,
4830,4.83,0.0,0.022373532952881584,0,1,
4831,4.831,0.0,0.02128236287481731,0,1,
4832,4.832,0.0,0.020244409789427834,0,1,
4833,4.833,0.0,0.01925707827335406,0,1,
4834,4.8340000000000005,0.0,0.018317899483527786,0,1,
4835,4.835,0.0,0.017424524983778063,0,1,
4836,4.836,0.0,0.01657472087251752,0,1,
4837,4.837,0.0,0.015766362196824812,0,1,
4838,4.838,0.0,0.01499742763895548,0,1,
4839,4.839,0.0,0.014265994461994723,0,1,
4840,4.84,0.0,0.013570233702013613,0,1,
4841,4.841,0.0,0.012908405594706603,0,1,
4842,4.8420000000000005,0.0,0.01227885522507456,0,1,
4843,4.843,0.0,0.011680008389275258,0,1,
4844,4.844,0.0,0.011110367658293815,0,1,
4845,4.845,0.0,0.01056850863359017,0,1,
4846,4.846,0.0,0.010053076385360805,0,1,
4847,4.847,0.0,0.009562782064508477,0,1,
4848,4.848,0.0,0.009096399679848148,0,1,
4849,4.849,0.0,0.008652763032490433,0,1,
4850,4.8500000000000005,0.0,0.008230762799736927,0,1,
4851,4.851,0.0,0.007829343761195642,0,1,
4852,4.852,0.0,0.007447502160180386,0,1,
4853,4.853,0.0,0.007084283193796214,0,1,
4854,4.854,0.0,0.006738778625434852,0,1,
4855,4.855,0.0,0.006410124513710107,0,1,
4856,4.856,0.0,0.006097499052154384,0,1,
4857,4.857,0.0,0.005800120514274464,0,1,
4858,4.8580000000000005,0.0,0.005517245298828083,0,1,
4859,4.859,0.0,0.005248166070433507,0,1,
4860,4.86,0.0,0.004992209990862639,0,1,
4861,4.861,0.0,0.004748737036594983,0,1,
4862,4.862,0.0,0.004517138398425472,0,1,
4863,4.863,0.0,0.004296834959124338,0,1,
4864,4.864,0.0,0.004087275845342394,0,1,
4865,4.865,0.0,0.0038879370501407147,0,1,
4866,4.866,0.0,0.0036983201227003557,0,1,
4867,4.867,0.0,0.0035179509219356695,0,1,
4868,4.868,0.0,0.003346378430894623,0,1,
4869,4.869,0.0,0.0031831736289814946,0,1,
4870,4.87,0.0,0.0030279284191819167,0,1,
4871,4.871,0.0,0.0028802546076077714,0,1,
4872,4.872,0.0,0.0027397829328102705,0,1,
4873,4.873,0.0,0.002606162142433992,0,1,
4874,4.874,0.0,0.0024790581149030343,0,1,
4875,4.875,0.0,0.002358153023943038,0,1,
4876,4.876,0.0,0.0022431445438499545,0,1,
4877,4.877,0.0,0.002133745093518309,0,1,
4878,4.878,0.0,0.002029681117338643,0,1,
4879,4.8790000000000004,0.0,0.0019306924011660035,0,1,
4880,4.88,0.0,0.0018365314216490392,0,1,
4881,4.881,0.0,0.0017469627272926936,0,1,
4882,4.882,0.0,0.0016617623497068269,0,1,
4883,4.883,0.0,0.0015807172435685793,0,1,
4884,4.884,0.0,0.0015036247538980946,0,1,
4885,4.885,0.0,0.0014302921093155123,0,1,
4886,4.886,0.0,0.0013605359400121072,0,1,
4887,4.8870000000000005,0.0,0.0012941818192302547,0,1,
4888,4.888,0.0,0.0012310638271056822,0,1,
4889,4.889,0.0,0.0011710241357813847,0,1,
4890,4.89,0.0,0.0011139126147557727,0,1,
4891,4.891,0.0,0.001059586455478219,0,1,
4892,4.892,0.0,0.0010079098142532978,0,1,
4893,4.893,0.0,0.000958753472560786,0,1,
4894,4.894,0.0,0.0009119945139420576,0,1,
4895,4.8950000000000005,0.0,0.0008675160166449118,0,1,
4896,4.896,0.0,0.0008252067612582913,0,1,
4897,4.897,0.0,0.0007849609526058226,0,1,
4898,4.898,0.0,0.0007466779552027688,0,1,
4899,4.899,0.0,0.0007102620416148997,0,1,
4900,4.9,0.0,0.0006756221530900432,0,1,3.6252917304755745
4901,4.901,0.0,0.000642671671863775,0,1,
4902,4.902,0.0,0.0006113282045698905,0,1,
4903,4.9030000000000005,0.0,0.0005815133762140717,0,1,
4904,4.904,0.0,0.0005531526341955787,0,1,
4905,4.905,0.0,0.0005261750618869142,0,1,
4906,4.906,0.0,0.000500513201305317,0,1,
4907,4.907,0.0,0.0004761028844326667,0,1,
4908,4.908,0.0,0.0004528830727620155,0,1,
4909,4.909,0.0,0.000430795704669527,0,1,
4910,4.91,0.0,0.00040978555023017373,0,1,
4911,4.9110000000000005,0.0,0.0003898000731141566,0,1,
4912,4.912,0.0,0.0003707892992187154,0,1,
4913,4.913,0.0,0.0003527056917068417,0,1,
4914,4.914,0.0,0.0003355040321404253,0,1,
4915,4.915,0.0,0.0003191413074106058,0,1,
4916,4.916,0.0,0.000303576602182596,0,1,
4917,4.917,0.0,0.000288770996586033,0,1,
4918,4.918,0.0,0.0002746874688950298,0,1,
4919,4.9190000000000005,0.0,0.000261290802954577,0,1,
4920,4.92,0.0,0.0002485475001218117,0,1,
4921,4.921,0.0,0.00023642569550196208,0,1,
4922,4.922,0.0,0.00022489507826951245,0,1,
4923,4.923,0.0,0.00021392681587535135,0,1,
4924,4.924,0.0,0.00020349348195038068,0,1,
4925,4.925,0.0,0.00019356898772530706,0,1,
4926,4.926,0.0,0.00018412851679512962,0,1,
4927,4.9270000000000005,0.0,0.0001751484630652012,0,1,
4928,4.928,0.0,0.0001666063717236959,0,1,
4929,4.929,0.0,0.00015848088309288328,0,1,
4930,4.93,0.0,0.0001507516792188083,0,1,
4931,4.931,0.0,0.00014339943306582327,0,1,
4932,4.932,0.0,0.00013640576018893172,0,1,
4933,4.933,0.0,0.00012975317276309992,0,1,
4934,4.934,0.0,0.00012342503585458526,0,1,
4935,4.9350000000000005,0.0,0.00011740552582493713,0,1,
4936,4.936,0.0,0.00011167959076365867,0,1,
4937,4.937,0.0,1.0001062329128505,0,1,
4938,4.938,0.0,0.9513304763732678,0,1,
4939,4.939,0.0,0.9049335415505336,0,1,
4940,4.94,0.0,0.8607994119405071,0,1,
4941,4.941,0.0,0.8188177292307216,0,1,
4942,4.942,0.0,0.7788835173471208,0,1,
4943,4.9430000000000005,0.0,0.7408969199591936,0,1,
4944,4.944,0.0,0.7047629507871354,0,1,
4945,4.945,0.0,0.6703912560866718,0,1,
4946,4.946,0.0,0.6376958887176356,0,1,
4947,4.947,0.0,0.6065950932313479,0,1,
4948,4.948,0.0,0.577011101439412,0,1,
4949,4.949,0.0,0.548869937952735,0,1,
4950,4.95,0.0,0.5221012352045227,0,1,
4951,4.9510000000000005,0.0,0.49663805749471,0,1,
4952,4.952,0.0,0.4724167336158455,0,1,
4953,4.953,0.0,0.44937669764190785,0,1,
4954,4.954,0.0,0.4274603374819434,0,1,
4955,4.955,0.0,0.40661285081983,0,1,
4956,4.956,0.0,0.38678210807994157,0,1,
4957,4.957,0.0,0.3679185220760558,0,1,
4958,4.958,0.0,0.3499749240175598,0,1,
4959,4.9590000000000005,0.0,0.33290644556290455,0,1,
4960,4.96,0.0,0.31667040662538,0,1,
4961,4.961,0.0,0.3012262086506673,0,1,
4962,4.962,0.0,0.28653523309930623,0,1,
4963,4.963,0.0,0.272560744880231,0,1,
4964,4.964,0.0,0.2592678004939081,0,1,
4965,4.965,0.0,0.24662316065538611,0,1,
4966,4.966,0.0,0.23459520717877008,0,1,
4967,4.9670000000000005,0.0,0.22315386391528724,0,1,
4968,4.968,0.0,0.21227052154724935,0,1,
4969,4.969,0.0,0.2019179660498564,0,1,
4970,4.97,0.0,0.19207031064195962,0,1,
4971,4.971,0.0,0.1827029310556246,0,1,
4972,4.972,0.0,0.17379240396263543,0,1,
4973,4.973,0.0,0.1653164484039733,0,1,
4974,4.974,0.0,0.1572538700758135,0,1,
4975,4.9750000000000005,0.0,0.14958450833272613,0,1,
4976,4.976,0.0,0.14228918577556135,0,1,
4977,4.977,0.0,0.13534966029796242,0,1,
4978,4.978,0.0,0.12874857947159793,0,1,
4979,4.979,0.0,0.12246943715605255,0,1,
4980,4.98,0.0,0.11649653222487823,0,1,
4981,4.981,0.0,0.1108149293045998,0,1,
4982,4.982,0.0,0.10541042142850178,0,1,
4983,4.9830000000000005,0.0,0.10026949451181148,0,1,
4984,4.984,0.0,0.09537929355944794,0,1,
4985,4.985,0.0,0.09072759052183832,0,1,
4986,4.986,0.0,0.0863027537184247,0,1,
4987,4.987,0.0,0.08209371875240398,0,1,
4988,4.988,0.0,0.07808996084397271,0,1,
4989,4.989,0.0,0.07428146851289545,0,1,
4990,4.99,0.0,0.07065871854458945,0,1,
4991,4.9910000000000005,0.0,0.06721265217712775,0,1,
4992,4.992,0.0,0.0639346524496159,0,1,
4993,4.993,0.0,0.06081652265530129,0,1,
4994,4.994,0.0,0.05785046584553688,0,1,
4995,4.995,0.0,0.05502906533334826,0,1,
4996,4.996,0.0,0.05234526614785306,0,1,
4997,4.997,0.0,0.04979235739315897,0,1,
4998,4.998,0.0,0.047363955467628484,0,1,
4999,4.999,0.0,0.04505398810154969,0,1,
5000,5.0,0.0,0.04285667917329913,0,1,3.6199497480221634
5001,5.001,0.0,0.04076653426602907,0,1,
5002,5.002,0.0,0.038778326928763464,0,1,
5003,5.003,0.0,0.03688708560754821,0,1,
5004,5.0040000000000004,0.0,0.035088081213976656,0,1,
5005,5.005,0.0,0.03337681530000533,0,1,
5006,5.006,0.0,0.0317490088094907,0,1,
5007,5.007,0.0,0.030200591378319937,0,1,
5008,5.008,0.0,0.0287276911563805,0,1,
5009,5.009,0.0,0.027326625125918075,0,1,
5010,5.01,0.0,0.025993889892073803,0,1,
5011,5.011,0.0,0.02472615292257229,0,1,
5012,5.0120000000000005,0.0,0.023520244214655088,0,1,
5013,5.013,0.0,0.022373148368422607,0,1,
5014,5.014,0.0,0.021281997046763725,0,1,
5015,5.015,0.0,0.020244061803018954,0,1,
5016,5.016,0.0,0.019256747258442605,0,1,
5017,5.017,0.0,0.018317584612404063,0,1,
5018,5.018,0.0,0.01742422546910025,0,1,
5019,5.019,0.0,0.016574435965342915,0,1,
5020,5.0200000000000005,0.0,0.01576609118473708,0,1,
5021,5.021,0.0,0.014997169844283233,0,1,
5022,5.022,0.0,0.014265749240117002,0,1,
5023,5.023,0.0,0.013570000439747994,0,1,
5024,5.024,0.0,0.01290818370877592,0,1,
5025,5.025,0.0,0.012278644160648411,0,1,
5026,5.026,0.0,0.01167980761858264,0,1,
5027,5.027,0.0,0.01111017667930342,0,1,
5028,5.0280000000000005,0.0,0.010568326968755046,0,1,
5029,5.029,0.0,0.010052903580424238,0,1,
5030,5.03,0.0,0.009562617687368116,0,1,
5031,5.031,0.0,0.009096243319475523,0,1,
5032,5.032,0.0,0.008652614297903167,0,1,
5033,5.033,0.0,0.008230621319021079,0,1,
5034,5.034,0.0,0.007829209180575728,0,1,
5035,5.035,0.0,0.007447374143134756,0,1,
5036,5.0360000000000005,0.0,0.007084161420215573,0,1,
5037,5.037,0.0,0.00673866279082182,0,1,
5038,5.038,0.0,0.006410014328417815,0,1,
5039,5.039,0.0,0.006097394240662209,0,1,
5040,5.04,0.0,0.005800020814499081,0,1,
5041,5.041,0.0,0.0055171504614681234,0,1,
5042,5.042,0.0,0.0052480758583461715,0,1,
5043,5.043,0.0,0.00499212417847072,0,1,
5044,5.0440000000000005,0.0,0.004748655409322802,0,1,
5045,5.045,0.0,0.004517060752162331,0,1,
5046,5.046,0.0,0.004296761099714137,0,1,
5047,5.047,0.0,0.0040872055880981336,0,1,
5048,5.048,0.0,0.00388787021938269,0,1,
5049,5.049,0.0,0.0036982565513168607,0,1,
5050,5.05,0.0,0.0035178904509651325,0,1,
5051,5.051,0.0,0.0033463209091281203,0,1,
5052,5.0520000000000005,0.0,0.003183118912584648,0,1,
5053,5.053,0.0,0.0030278763713352335,0,1,
5054,5.054,0.0,0.0028802050981645245,0,1,
5055,5.055,0.0,0.0027397358379710633,0,1,
5056,5.056,0.0,0.002606117344437196,0,1,
5057,5.057,0.0,0.002479015501730323,0,1,
5058,5.058,0.0,0.0023581124890392838,0,1,
5059,5.059,0.0,0.0022431059858567842,0,1,
5060,5.0600000000000005,0.0,0.0021337084160206556,0,1,
5061,5.061,0.0,0.002029646228623658,0,1,
5062,5.062,0.0,0.001930659213993727,0,1,
5063,5.063,0.0,0.0018364998530342538,0,1,
5064,5.064,0.0,0.001746932698297419,0,1,
5065,5.065,0.0,0.0016617337852429335,0,1,
5066,5.066,0.0,0.0015806900722100288,0,1,
5067,5.067,0.0,0.0015035989077023379,0,1,
5068,5.0680000000000005,0.0,0.001430267523653597,0,1,
5069,5.069,0.0,0.0013605125534070725,0,1,
5070,5.07,0.0,0.0012941595732034064,0,1,
5071,5.071,0.0,0.001231042666030366,0,1,
5072,5.072,0.0,0.0011710040067438897,0,1,
5073,5.073,0.0,0.0011138934674230206,0,1,
5074,5.074,0.0,0.0010595682419719046,0,1,
5075,5.075,0.0,0.0010078924890301682,0,1,
5076,5.0760000000000005,0.0,0.0009587369922987591,0,1,
5077,5.077,0.0,0.000911978837431894,0,1,
5078,5.078,0.0,0.0008675011046871708,0,1,
5079,5.079,0.0,0.0008251925765653112,0,1,
5080,5.08,0.0,0.0007849474597084824,0,1,
5081,5.081,0.0,0.0007466651203617971,0,1,
5082,5.082,0.0,0.0007102498327365086,0,1,
5083,5.083,0.0,0.0006756105396456774,0,1,
5084,5.0840000000000005,0.0,0.0006426606248137746,0,1,
5085,5.085,0.0,0.0006113176962908761,0,1,
5086,5.086,0.0,0.0005815033804298723,0,1,
5087,5.087,0.0,0.0005531431259115272,0,1,
5088,5.088,0.0,0.000526166017327348,0,1,
5089,5.089,0.0,0.0005005045978541259,0,1,
5090,5.09,0.0,0.0004760947005767415,0,1,
5091,5.091,0.0,0.0004528752880374536,0,1,
5092,5.0920000000000005,0.0,0.0004307882996104621,0,1,
5093,5.093,0.0,0.000409778506320101,0,1,
5094,5.094,0.0,0.00038979337273963184,0,1,
5095,5.095,0.0,0.0003707829256253123,0,1,
5096,5.096,0.0,0.0003526996289572569,0,1,
5097,5.097,0.0,0.00033549826507462685,0,1,
5098,5.098,0.0,0.0003191358216079253,0,1,
5099,5.099,0.0,0.00030357138392566934,0,1,
5100,5.1000000000000005,0.0,0.00028876603282649974,0,1,3.5990185659695695
5101,5.101,0.0,0.00027468274722090564,0,1,
5102,5.102,0.0,0.0002612863115592172,0,1,
5103,5.103,0.0,0.00024854322777438843,0,1,
5104,5.104,0.0,0.0002364216315193814,0,1,
5105,5.105,0.0,0.00022489121248970103,0,1,
5106,5.106,0.0,0.0002139231386318461,0,1,
5107,5.107,0.0,0.00020348998404815744,0,1,
5108,5.1080000000000005,0.0,0.00019356566041778828,0,1,
5109,5.109,0.0,0.00018412535176231339,0,1,
5110,5.11,0.0,0.0001751454523928569,0,1,
5111,5.111,0.0,0.00016660350788357447,0,1,
5112,5.112,0.0,0.00015847815892389272,0,1,
5113,5.113,0.0,0.00015074908790910717,0,1,
5114,5.114,0.0,0.00014339696813578756,0,1,
5115,5.115,0.0,0.00013640341547495243,0,1,
5116,5.1160000000000005,0.0,0.0001297509424021708,0,1,
5117,5.117,0.0,0.0001234229142696422,0,1,
5118,5.118,0.0,0.00011740350771091273,0,1,
5119,5.119,0.0,0.00011167767107421666,0,1,
5120,5.12,0.0,0.00010623108678550715,0,1,
5121,5.121,0.0,0.00010105013554706336,0,1,
5122,5.122,0.0,9.612186228215223e-05,0,1,
5123,5.123,0.0,9.143394374058856e-05,0,1,
5124,5.124,0.0,8.697465768419072e-05,0,1,
5125,5.125,0.0,1.000082732853575,0,1,
5126,5.126,0.0,0.9513081224254075,0,1,
5127,5.127,0.0,0.9049122778175752,0,1,
5128,5.128,0.0,0.8607791852520423,0,1,
5129,5.1290000000000004,0.0,0.8187984890094937,0,1,
5130,5.13,0.0,0.7788652154825549,0,1,
5131,5.131,0.0,0.7408795106870953,0,1,
5132,5.132,0.0,0.7047463905752563,0,1,
5133,5.133,0.0,0.6703755035258565,0,1,
5134,5.134,0.0,0.6376809044182769,0,1,
5135,5.135,0.0,0.6065808397248923,0,1,
5136,5.136,0.0,0.5769975430846691,0,1,
5137,5.1370000000000005,0.0,0.5488570408467557,0,1,
5138,5.138,0.0,0.5220889670978243,0,1,
5139,5.139,0.0,0.4966263877106356,0,1,
5140,5.14,0.0,0.4724056329738564,0,1,
5141,5.141,0.0,0.449366138384617,0,1,
5142,5.142,0.0,0.42745029320570743,0,1,
5143,5.143,0.0,0.40660329640872656,0,1,
5144,5.144,0.0,0.3867730196429662,0,1,
5145,5.1450000000000005,0.0,0.3679098768873821,0,1,
5146,5.146,0.0,0.349966700459713,0,1,
5147,5.147,0.0,0.33289862307270657,0,1,
5148,5.148,0.0,0.31666296564253077,0,1,
5149,5.149,0.0,0.3012191305688339,0,1,
5150,5.15,0.0,0.2865285002195973,0,1,
5151,5.151,0.0,0.27255434036694026,0,1,
5152,5.152,0.0,0.2592617083324163,0,1,
5153,5.1530000000000005,0.0,0.24661736561211633,0,1,
5154,5.154,0.0,0.2345896947630956,0,1,
5155,5.155,0.0,0.2231486203432976,0,1,
5156,5.156,0.0,0.2122655337072833,0,1,
5157,5.157,0.0,0.201913221469716,0,1,
5158,5.158,0.0,0.19206579745772315,0,1,
5159,5.159,0.0,0.1826986379819807,0,1,
5160,5.16,0.0,0.1737883202646638,0,1,
5161,5.1610000000000005,0.0,0.1653125638703019,0,1,
5162,5.162,0.0,0.1572501749930848,0,1,
5163,5.163,0.0,0.14958099346130863,0,1,
5164,5.164,0.0,0.14228584232644567,0,1,
5165,5.165,0.0,0.13534647991078425,0,1,
5166,5.166,0.0,0.12874555419373274,0,1,
5167,5.167,0.0,0.12246655942272988,0,1,
5168,5.168,0.0,0.11649379484026584,0,1,
5169,5.1690000000000005,0.0,0.11081232542381032,0,1,
5170,5.17,0.0,0.10540794454047693,0,1,
5171,5.171,0.0,0.10026713842304105,0,1,
5172,5.172,0.0,0.09537705237848278,0,1,
5173,5.173,0.0,0.09072545864455862,0,1,
5174,5.174,0.0,0.08630072581402683,0,1,
5175,5.175,0.0,0.08209178975007066,0,1,
5176,5.176,0.0,0.07808812592019332,0,1,
5177,5.1770000000000005,0.0,0.07427972307940478,0,1,
5178,5.178,0.0,0.07065705823689461,0,1,
5179,5.179,0.0,0.06721107284359469,0,1,
5180,5.18,0.0,0.06393315014108815,0,1,
5181,5.181,0.0,0.060815093615225024,0,1,
5182,5.182,0.0,0.05784910650056755,0,1,
5183,5.183,0.0,0.05502777228441538,0,1,
5184,5.184,0.0,0.052344036161660785,0,1,
5185,5.1850000000000005,0.0,0.049791187394101155,0,1,
5186,5.186,0.0,0.04736284253009805,0,1,
5187,5.187,0.0,0.04505292944262311,0,1,
5188,5.188,0.0,0.04285567214577766,0,1,
5189,5.189,0.0,0.04076557635181936,0,1,
5190,5.19,0.0,0.03877741573258105,0,1,
5191,5.191,0.0,0.036886218850928,0,1,
5192,5.192,0.0,0.03508725672957563,0,1,
5193,5.1930000000000005,0.0,0.033376031026183035,0,1,
5194,5.194,0.0,0.031748262785154066,0,1,
5195,5.195,0.0,0.03019988173801954,0,1,
5196,5.196,0.0,0.02872701612564595,0,1,
5197,5.197,0.0,0.027325983016820928,0,1,
5198,5.198,0.0,0.025993279099006856,0,1,
5199,5.199,0.0,0.02472557191823473,0,1,
5200,5.2,0.0,0.023519691546233436,0,1,3.619549542615548
5201,5.2010000000000005,0.0,0.022372622653957938,0,1,
5202,5.202,0.0,0.021281496971696047,0,1,
5203,5.203,0.0,0.02024358611690012,0,1,
5204,5.204,0.0,0.019256294771809544,0,1,
5205,5.205,0.0,0.0183171541938045,0,1,
5206,5.206,0.0,0.017423816042263493,0,1,
5207,5.207,0.0,0.01657404650648861,0,1,
5208,5.208,0.0,0.01576572072001523,0,1,
5209,5.2090000000000005,0.0,0.014996817447339068,0,1,
5210,5.21,0.0,0.014265414029774609,0,1,
5211,5.211,0.0,0.013569681577806912,0,1,
5212,5.212,0.0,0.01290788039791521,0,1,
5213,5.213,0.0,0.012278355642432933,0,1,
5214,5.214,0.0,0.011679533171566574,0,1,
5215,5.215,0.0,0.011109915617226272,0,1,
5216,5.216,0.0,0.010568078638825642,0,1,
5217,5.2170000000000005,0.0,0.010052667361688404,0,1,
5218,5.218,0.0,0.009562392989155972,0,1,
5219,5.219,0.0,0.009096029579924498,0,1,
5220,5.22,0.0,0.008652410982553052,0,1,
5221,5.221,0.0,0.008230427919477597,0,1,
5222,5.222,0.0,0.007829025213239284,0,1,
5223,5.223,0.0,0.007447199147991183,0,1,
5224,5.224,0.0,0.007083994959685861,0,1,
5225,5.2250000000000005,0.0,0.00673850444866794,0,1,
5226,5.226,0.0,0.006409863708701905,0,1,
5227,5.227,0.0,0.006097250966756526,0,1,
5228,5.228,0.0,0.005799884528144232,0,1,
5229,5.229,0.0,0.005517020821877233,0,1,
5230,5.23,0.0,0.005247952541352736,0,1,
5231,5.231,0.0,0.004992006875718023,0,1,
5232,5.232,0.0,0.0047485438274928625,0,1,
5233,5.2330000000000005,0.0,0.004516954612242453,0,1,
5234,5.234,0.0,0.004296660136299235,0,1,
5235,5.235,0.0,0.0040871095487270805,0,1,
5236,5.236,0.0,0.0038877788639070337,0,1,
5237,5.237,0.0,0.0036981696513003273,0,1,
5238,5.238,0.0,0.0035178077891124164,0,1,
5239,5.239,0.0,0.003346242278741533,0,1,
5240,5.24,0.0,0.0031830441170472663,0,1,
5241,5.2410000000000005,0.0,0.0030278052236192544,0,1,
5242,5.242,0.0,0.002880137420363599,0,1,
5243,5.243,0.0,0.0027396714608554375,0,1,
5244,5.244,0.0,0.0026060561070305483,0,1,
5245,5.245,0.0,0.00247895725090724,0,1,
5246,5.246,0.0,0.002358057079142366,0,1,
5247,5.247,0.0,0.0022430532783324275,0,1,
5248,5.248,0.0,0.002133658279072595,0,1,
5249,5.249,0.0,0.0020295985368834085,0,1,
5250,5.25,0.0,0.0019306138482070958,0,1,
5251,5.251,0.0,0.0018364566997631445,0,1,
5252,5.252,0.0,0.0017468916496361764,0,1,
5253,5.253,0.0,0.0016616947385485231,0,1,
5254,5.2540000000000004,0.0,0.0015806529298453761,0,1,
5255,5.255,0.0,0.0015035635767921846,0,1,
5256,5.256,0.0,0.0014302339158522648,0,1,
5257,5.257,0.0,0.0013604805846775525,0,1,
5258,5.258,0.0,0.0012941291636072232,0,1,
5259,5.259,0.0,0.0012310137395276893,0,1,
5260,5.26,0.0,0.0011709764910033957,0,1,
5261,5.261,0.0,0.0011138672936410257,0,1,
5262,5.2620000000000005,0.0,0.0010595433447003206,0,1,
5263,5.263,0.0,0.0010078688060128477,0,1,
5264,5.264,0.0,0.0009587144643158229,0,1,
5265,5.265,0.0,0.0009119574081516505,0,1,
5266,5.266,0.0,0.0008674807205252573,0,1,
5267,5.267,0.0,0.0008251731865507052,0,1,
5268,5.268,0.0,0.0007849290153560477,0,1,
5269,5.269,0.0,0.0007466475755510453,0,1,
5270,5.2700000000000005,0.0,0.0007102331435962742,0,1,
5271,5.271,0.0,0.0006755946644444169,0,1,
5272,5.272,0.0,0.0006426455238552157,0,1,
5273,5.273,0.0,0.0006113033318147567,0,1,
5274,5.274,0.0,0.00058148971651752,0,1,
5275,5.275,0.0,0.0005531301283960439,0,1,
5276,5.276,0.0,0.0005261536537081748,0,1,
5277,5.277,0.0,0.0005004928372157752,0,1,
5278,5.2780000000000005,0.0,0.00047608351351149133,0,1,
5279,5.279,0.0,0.0004528646465718138,0,1,
5280,5.28,0.0,0.0004307781771352257,0,1,
5281,5.281,0.0,0.0004097688775238074,0,1,
5282,5.282,0.0,0.00038978421354527484,0,1,
5283,5.283,0.0,0.0003707742131301352,0,1,
5284,5.284,0.0,0.00035269134137548363,0,1,
5285,5.285,0.0,0.00033549038168298614,0,1,
5286,5.2860000000000005,0.0,0.0003191283226938318,0,1,
5287,5.287,0.0,0.00030356425073793176,0,1,
5288,5.288,0.0,0.0002887592475284333,0,1,
5289,5.289,0.0,0.0002746762928457308,0,1,
5290,5.29,0.0,0.0002612801719676341,0,1,
5291,5.291,0.0,0.0002485373876142202,0,1,
5292,5.292,0.0,0.00023641607618718556,0,1,
5293,5.293,0.0,0.00022488592809425347,0,1,
5294,5.2940000000000005,0.0,0.00021391811195940568,0,1,
5295,5.295,0.0,0.00020348520252942476,0,1,
5296,5.296,0.0,0.00019356111209647595,0,1,
5297,5.297,0.0,0.00018412102526524902,0,1,
5298,5.298,0.0,0.00017514133690154426,0,1,
5299,5.299,0.0,0.0001665995931071416,0,1,
5300,5.3,0.0,0.00015847443507335942,0,1,3.619053245966691
5301,5.301,0.0,0.00015074554567290745,0,1,
5302,5.3020000000000005,0.0,0.00014339359865648586,0,1,
5303,5.303,0.0,0.0001364002103270954,0,1,
5304,5.304,0.0,0.0001297478935712193,0,1,
5305,5.305,0.0,0.00012342001413193085,0,1,
5306,5.306,0.0,0.00011740074901458657,0,1,
5307,5.307,0.0,0.00011167504692109795,0,1,
5308,5.308,0.0,0.00010622859061384624,0,1,
5309,5.309,0.0,0.0001010477611151309,0,1,
5310,5.3100000000000005,0.0,9.61196036526316e-05,0,1,
5311,5.311,0.0,9.143179526572949e-05,0,1,
5312,5.312,0.0,8.697261399168697e-05,0,1,
5313,5.313,0.0,8.273090955463514e-05,0,1,
5314,5.314,0.0,7.86960754840762e-05,0,1,
5315,5.315,0.0,7.485802259318255e-05,0,1,
5316,5.316,0.0,7.120715375057448e-05,0,1,
5317,5.317,0.0,6.773433988249282e-05,0,1,
5318,5.3180000000000005,0.0,6.44308971453594e-05,0,1,
5319,5.319,0.0,6.128856521164493e-05,0,1,
5320,5.32,0.0,5.8299486614747485e-05,0,1,
5321,5.321,0.0,5.545618710123333e-05,0,1,
5322,5.322,0.0,5.27515569413101e-05,0,1,
5323,5.323,0.0,1.0000501788331508,0,1,
5324,5.324,0.0,0.9512771560832942,0,1,
5325,5.325,0.0,0.9048828217217879,0,1,
5326,5.3260000000000005,0.0,0.8607511657469985,0,1,
5327,5.327,0.0,0.8187718360318361,0,1,
5328,5.328,0.0,0.7788398623859565,0,1,
5329,5.329,0.0,0.7408553940756086,0,1,
5330,5.33,0.0,0.7047234501447909,0,1,
5331,5.331,0.0,0.6703536819133871,0,1,
5332,5.332,0.0,0.6376601470584059,0,1,
5333,5.333,0.0,0.6065610947134081,0,1,
5334,5.3340000000000005,0.0,0.5769787610487583,0,1,
5335,5.335,0.0,0.5488391748215454,0,1,
5336,5.336,0.0,0.5220719724089454,0,1,
5337,5.337,0.0,0.4966102218625138,0,1,
5338,5.338,0.0,0.47239025554345093,0,1,
5339,5.339,0.0,0.44935151092034203,0,1,
5340,5.34,0.0,0.42743637913128324,0,1,
5341,5.341,0.0,0.40659006093171957,0,1,
5342,5.3420000000000005,0.0,0.38676042966778984,0,1,
5343,5.343,0.0,0.3678979009325406,0,1,
5344,5.344,0.0,0.3499553085790813,0,1,
5345,5.345,0.0,0.3328877867806493,0,1,
5346,5.346,0.0,0.31665265784267344,0,1,
5347,5.347,0.0,0.30120932548630774,0,1,
5348,5.348,0.0,0.2865191733365888,0,1,
5349,5.349,0.0,0.27254546836138366,0,1,
5350,5.3500000000000005,0.0,0.25925326901967655,0,1,
5351,5.351,0.0,0.24660933788951572,0,1,
5352,5.352,0.0,0.23458205855714617,0,1,
5353,5.353,0.0,0.22314135655950695,0,1,
5354,5.354,0.0,0.21225862418240843,0,1,
5355,5.355,0.0,0.20190664892634572,0,1,
5356,5.356,0.0,0.19205954546107554,0,1,
5357,5.357,0.0,0.1826926908988076,0,1,
5358,5.3580000000000005,0.0,0.17378266322415958,0,1,
5359,5.359,0.0,0.16530718272691872,0,1,
5360,5.36,0.0,0.15724505629116126,0,1,
5361,5.361,0.0,0.1495761244014237,0,1,
5362,5.362,0.0,0.1422812107334135,0,1,
5363,5.363,0.0,0.13534207420320973,0,1,
5364,5.364,0.0,0.12874136335505212,0,1,
5365,5.365,0.0,0.12246257297366354,0,1,
5366,5.3660000000000005,0.0,0.11649000281261467,0,1,
5367,5.367,0.0,0.11080871833553001,0,1,
5368,5.368,0.0,0.10540451337196792,0,1,
5369,5.369,0.0,0.10026387459459486,0,1,
5370,5.37,0.0,0.09537394772882823,0,1,
5371,5.371,0.0,0.09072250541045446,0,1,
5372,5.372,0.0,0.08629791661084951,0,1,
5373,5.373,0.0,0.082089117553349,0,1,
5374,5.3740000000000006,0.0,0.07808558404804362,0,1,
5375,5.375,0.0,0.07427730517582268,0,1,
5376,5.376,0.0,0.07065475825586172,0,1,
5377,5.377,0.0,0.06720888503396041,0,1,
5378,5.378,0.0,0.06393106903218881,0,1,
5379,5.3790000000000004,0.0,0.06081311400320438,0,1,
5380,5.38,0.0,0.057847223435364414,0,1,
5381,5.381,0.0,0.05502598105738591,0,1,
5382,5.382,0.0,0.05234233229380439,0,1,
5383,5.383,0.0,0.049789566624860684,0,1,
5384,5.384,0.0,0.04736130080670619,0,1,
5385,5.385,0.0,0.04505146290996833,0,1,
5386,5.386,0.0,0.042854277136764436,0,1,
5387,5.3870000000000005,0.0,0.040764249378198544,0,1,
5388,5.388,0.0,0.03877615347622739,0,1,
5389,5.389,0.0,0.03688501815554314,0,1,
5390,5.39,0.0,0.03508611459279569,0,1,
5391,5.391,0.0,0.033374944592071146,0,1,
5392,5.392,0.0,0.031747229337059056,0,1,
5393,5.393,0.0,0.03019889869178287,0,1,
5394,5.394,0.0,0.028726081023139984,0,1,
5395,5.3950000000000005,0.0,0.027325093519802328,0,1,
5396,5.396,0.0,0.025992432983269757,0,1,
5397,5.397,0.0,0.024724767068049068,0,1,
5398,5.398,0.0,0.023518925949054522,0,1,
5399,5.399,0.0,0.022371894395394044,0,1,
5400,5.4,0.0,0.021280804230721425,0,1,3.6164900778900546
5401,5.401,0.0,0.0202429271613015,0,1,
5402,5.402,0.0,0.0192556679538547,0,1,
5403,5.4030000000000005,0.0,0.01831655794612205,0,1,
5404,5.404,0.0,0.017423248873923658,0,1,
5405,5.405,0.0,0.016573506999275116,0,1,
5406,5.406,0.0,0.015765207524879025,0,1,
5407,5.407,0.0,0.014996329281025001,0,1,
5408,5.408,0.0,0.014264949671612619,0,1,
5409,5.409,0.0,0.01356923986665972,0,1,
5410,5.41,0.0,0.01290746022927487,0,1,
5411,5.4110000000000005,0.0,0.012277955965658989,0,1,
5412,5.412,0.0,0.011679152987258908,0,1,
5413,5.413,0.0,0.011109553974726086,0,1,
5414,5.414,0.0,0.010567734633838314,0,1,
5415,5.415,0.0,0.010052340134022283,0,1,
5416,5.416,0.0,0.009562081720571446,0,1,
5417,5.417,0.0,0.009095733492087974,0,1,
5418,5.418,0.0,0.008652129335090714,0,1,
5419,5.4190000000000005,0.0,0.008230160008124085,0,1,
5420,5.42,0.0,0.007828770368076665,0,1,
5421,5.421,0.0,0.007446956731773809,0,1,
5422,5.422,0.0,0.007083764366246918,0,1,
5423,5.423,0.0,0.0067382851014037215,0,1,
5424,5.424,0.0,0.006409655059129997,0,1,
5425,5.425,0.0,0.006097052493144317,0,1,
5426,5.426,0.0,0.0057996957342043125,0,1,
5427,5.4270000000000005,0.0,0.005516841235526414,0,1,
5428,5.428,0.0,0.005247781713531599,0,1,
5429,5.429,0.0,0.004991844379268034,0,1,
5430,5.43,0.0,0.004748389256088256,0,1,
5431,5.431,0.0,0.004516807579374205,0,1,
5432,5.432,0.0,0.004296520274308589,0,1,
5433,5.433,0.0,0.004086976507886209,0,1,
5434,5.434,0.0,0.0038876523115445364,0,1,
5435,5.4350000000000005,0.0,0.00369804927096938,0,1,
5436,5.436,0.0,0.0035176932797994884,0,1,
5437,5.437,0.0,0.0033461333541136965,0,1,
5438,5.438,0.0,0.0031829405047362155,0,1,
5439,5.439,0.0,0.0030277066645402425,0,1,
5440,5.44,0.0,0.0028800436680675914,0,1,
5441,5.441,0.0,0.00273958228091286,0,1,
5442,5.442,0.0,0.0026059712764450933,0,1,
5443,5.4430000000000005,0.0,0.002478876557558257,0,1,
5444,5.444,0.0,0.002357980321254452,0,1,
5445,5.445,0.0,0.002242980263970881,0,1,
5446,5.446,0.0,0.002133588825663481,0,1,
5447,5.447,0.0,0.0020295324707570272,0,1,
5448,5.448,0.0,0.0019305510041637193,0,1,
5449,5.449,0.0,0.0018363969206599301,0,1,
5450,5.45,0.0,0.0017468347859942287,0,1,
5451,5.4510000000000005,0.0,0.001661640648179118,0,1,
5452,5.452,0.0,0.0015806014774944158,0,1,
5453,5.453,0.0,0.0015035146338019914,0,1,
5454,5.454,0.0,0.00143018735983987,0,1,
5455,5.455,0.0,0.001360436299228675,0,1,
5456,5.456,0.0,0.0012940870379851738,0,1,
5457,5.457,0.0,0.0012309736683964706,0,1,
5458,5.458,0.0,0.0011709383741643075,0,1,
5459,5.4590000000000005,0.0,0.001113831035782116,0,1,
5460,5.46,0.0,0.0010595088551580564,0,1,
5461,5.461,0.0,0.0010078359985454084,0,1,
5462,5.462,0.0,0.0009586832568874512,0,1,
5463,5.463,0.0,0.0009119277227275204,0,1,
5464,5.464,0.0,0.0008674524828763459,0,1,
5465,5.465,0.0,0.000825146326068182,0,1,
5466,5.466,0.0,0.0007849034648747153,0,1,
5467,5.4670000000000005,0.0,0.0007466232711813919,0,1,
5468,5.468,0.0,0.0007102100245647159,0,1,
5469,5.469,0.0,0.0006755726729413327,0,1,
5470,5.47,0.0,0.000642624604890393,0,1,
5471,5.471,0.0,0.0006112834330798873,0,1,
5472,5.472,0.0,0.0005814707882554019,0,1,
5473,5.473,0.0,0.0005531121232761624,0,1,
5474,5.474,0.0,0.0005261365267083519,0,1,
5475,5.4750000000000005,0.0,0.0005004765455095901,0,1,
5476,5.476,0.0,0.0004760680163611928,0,1,
5477,5.477,0.0,0.0004528499052264539,0,1,
5478,5.478,0.0,0.0004307641547337626,0,1,
5479,5.479,0.0,0.0004097555390029335,0,1,
5480,5.48,0.0,0.00038977152555174033,0,1,
5481,5.481,0.0,0.0003707621439373473,0,1,
5482,5.482,0.0,0.00035267986080417377,0,1,
5483,5.4830000000000005,0.0,0.00033547946102574613,0,1,
5484,5.484,0.0,0.00031911793464333023,0,1,
5485,5.485,0.0,0.0003035543693186315,0,1,
5486,5.486,0.0,0.00028874984803163903,0,1,
5487,5.487,0.0,0.00027466735176780464,0,1,
5488,5.488,0.0,0.000261271666951224,0,1,
5489,5.489,0.0,0.00024852929739235504,0,1,
5490,5.49,0.0,0.00023640838053009668,0,1,
5491,5.4910000000000005,0.0,0.00022487860775878966,0,1,
5492,5.492,0.0,0.00021391114864091528,0,1,
5493,5.493,0.0,0.00020347857881598453,0,1,
5494,5.494,0.0,0.00019355481142535215,0,1,
5495,5.495,0.0,0.00018411503188148196,0,1,
5496,5.496,0.0,0.0001751356358185527,0,1,
5497,5.497,0.0,0.00016659417006924853,0,1,
5498,5.498,0.0,0.00015846927652014535,0,1,
5499,5.4990000000000006,0.0,0.0001507406387053024,0,1,
5500,5.5,0.0,0.00014338893100451484,0,1,3.6095998704766674
5501,5.501,0.0,0.00013639577031919725,0,1,
5502,5.502,0.0,0.00012974367010506156,0,1,
5503,5.503,0.0,0.0001234159966466482,0,1,
5504,5.5040000000000004,0.0,0.00011739692746437322,0,1,
5505,5.505,0.0,0.0001116714117500878,0,1,
5506,5.506,0.0,0.00010622513273221829,0,1,
5507,5.507,0.0,0.00010104447187637996,0,1,
5508,5.508,0.0,9.61164748319475e-05,0,1,
5509,5.509,0.0,9.142881903943078e-05,0,1,
5510,5.51,0.0,8.696978291765767e-05,0,1,
5511,5.511,0.0,8.272821655371554e-05,0,1,
5512,5.5120000000000005,0.0,7.869351382236127e-05,0,1,
5513,5.513,0.0,7.485558586518369e-05,0,1,
5514,5.514,0.0,7.120483586320247e-05,0,1,
5515,5.515,0.0,6.773213503982189e-05,0,1,
5516,5.516,0.0,6.442879983413442e-05,0,1,
5517,5.517,0.0,6.128657018749539e-05,0,1,
5518,5.518,0.0,5.829758888907385e-05,0,1,
5519,5.519,0.0,5.545438192873294e-05,0,1,
5520,5.5200000000000005,0.0,5.2749839808111425e-05,0,1,
5521,5.521,0.0,5.017719976317469e-05,0,1,
5522,5.522,0.0,4.773002885378202e-05,0,1,
5523,5.523,0.0,4.540220787798555e-05,0,1,
5524,5.524,0.0,4.318791607083797e-05,0,1,
5525,5.525,0.0,4.1081616549448345e-05,0,1,
5526,5.526,0.0,3.907804246789076e-05,0,1,
5527,5.527,0.0,3.717218384734619e-05,0,1,
5528,5.5280000000000005,0.0,3.5359275048545854e-05,0,1,
5529,5.529,0.0,1.0000336347828551,0,1,
5530,5.53,0.0,0.9512614188958525,0,1,
5531,5.531,0.0,0.9048678520460344,0,1,
5532,5.532,0.0,0.8607369261509465,0,1,
5533,5.533,0.0,0.8187582909090785,0,1,
5534,5.534,0.0,0.7788269778666309,0,1,
5535,5.535,0.0,0.7408431379417056,0,1,
5536,5.5360000000000005,0.0,0.7047117917495918,0,1,
5537,5.537,0.0,0.6703425921048312,0,1,
5538,5.538,0.0,0.6376495981061954,0,1,
5539,5.539,0.0,0.6065510602396678,0,1,
5540,5.54,0.0,0.5769692159620771,0,1,
5541,5.541,0.0,0.5488300952542348,0,1,
5542,5.542,0.0,0.5220633356573577,0,1,
5543,5.543,0.0,0.4966020063302715,0,1,
5544,5.5440000000000005,0.0,0.4723824406874441,0,1,
5545,5.545,0.0,0.44934407719936015,0,1,
5546,5.546,0.0,0.4274293079571518,0,1,
5547,5.547,0.0,0.4065833346228199,0,1,
5548,5.548,0.0,0.3867540314048462,0,1,
5549,5.549,0.0,0.36789181471656296,0,1,
5550,5.55,0.0,0.34994951919135947,0,1,
5551,5.551,0.0,0.3328822797446984,0,1,
5552,5.5520000000000005,0.0,0.31664741938803515,0,1,
5553,5.553,0.0,0.30120434251411693,0,1,
5554,5.554,0.0,0.28651443338681937,0,1,
5555,5.555,0.0,0.27254095958169233,0,1,
5556,5.556,0.0,0.2592489801357656,0,1,
5557,5.557,0.0,0.24660525817694134,0,1,
5558,5.558,0.0,0.2345781778145019,0,1,
5559,5.559,0.0,0.2231376650829148,0,1,
5560,5.5600000000000005,0.0,0.2122551127412541,0,1,
5561,5.561,0.0,0.20190330874019732,0,1,
5562,5.562,0.0,0.1920563681777279,0,1,
5563,5.563,0.0,0.18268966857339736,0,1,
5564,5.564,0.0,0.17377978829929894,0,1,
5565,5.565,0.0,0.16530444801379804,0,1,
5566,5.566,0.0,0.1572424549515733,0,1,
5567,5.567,0.0,0.14957364993066452,0,1,
5568,5.5680000000000005,0.0,0.14227885694401726,0,1,
5569,5.569,0.0,0.13533983520947696,0,1,
5570,5.57,0.0,0.12873923355833222,0,1,
5571,5.571,0.0,0.12246054704835536,0,1,
5572,5.572,0.0,0.11648807569284969,0,1,
5573,5.573,0.0,0.11080688520250502,0,1,
5574,5.574,0.0,0.10540276964189553,0,1,
5575,5.575,0.0,0.10026221590724162,0,1,
5576,5.5760000000000005,0.0,0.09537236993661177,0,1,
5577,5.577,0.0,0.09072100456807242,0,1,
5578,5.578,0.0,0.08629648896541417,0,1,
5579,5.579,0.0,0.08208775953500314,0,1,
5580,5.58,0.0,0.07808429226103403,0,1,
5581,5.581,0.0,0.07427607639000895,0,1,
5582,5.582,0.0,0.07065358939863929,0,1,
5583,5.583,0.0,0.0672077731825774,0,1,
5584,5.5840000000000005,0.0,0.06393001140643761,0,1,
5585,5.585,0.0,0.06081210795846973,0,1,
5586,5.586,0.0,0.05784626645601045,0,1,
5587,5.587,0.0,0.05502507075046578,0,1,
5588,5.588,0.0,0.052341466383076636,0,1,
5589,5.589,0.0,0.049788742945097456,0,1,
5590,5.59,0.0,0.04736051729827904,0,1,
5591,5.591,0.0,0.04505071761369808,0,1,
5592,5.5920000000000005,0.0,0.04285356818902221,0,1,
5593,5.593,0.0,0.0407635750062457,0,1,
5594,5.594,0.0,0.03877551199378279,0,1,
5595,5.595,0.0,0.03688440795856654,0,1,
5596,5.596,0.0,0.03508553415547681,0,1,
5597,5.597,0.0,0.033374392463014345,0,1,
5598,5.598,0.0,0.0317467041356541,0,1,
5599,5.599,0.0,0.030198399104752686,0,1,
5600,5.6000000000000005,0.0,0.028725605801256774,0,1,3.6099277445396334
5601,5.601,0.0,0.027324641474763853,0,1,
5602,5.602,0.0,0.025992002984727963,0,1,
5603,5.603,0.0,0.02472435804078362,0,1,
5604,5.604,0.0,0.023518536870284205,0,1,
5605,5.605,0.0,0.02237152429221927,0,1,
5606,5.606,0.0,0.021280452177691478,0,1,
5607,5.607,0.0,0.020242592278100432,0,1,
5608,5.6080000000000005,0.0,0.019255349403100072,0,1,
5609,5.609,0.0,0.01831625493127105,0,1,
5610,5.61,0.0,0.017422960637281326,0,1,
5611,5.611,0.0,0.01657323282009971,0,1,
5612,5.612,0.0,0.015764946717579793,0,1,
5613,5.613,0.0,0.014996081193447846,0,1,
5614,5.614,0.0,0.014264713683409374,0,1,
5615,5.615,0.0,0.013569015387736959,0,1,
5616,5.6160000000000005,0.0,0.01290724669831836,0,1,
5617,5.617,0.0,0.012277752848730115,0,1,
5618,5.618,0.0,0.011678959776459549,0,1,
5619,5.619,0.0,0.011109370186928605,0,1,
5620,5.62,0.0,0.010567559809477486,0,1,
5621,5.621,0.0,0.010052173835946143,0,1,
5622,5.622,0.0,0.009561923532948184,0,1,
5623,5.623,0.0,0.009095583019366135,0,1,
5624,5.6240000000000006,0.0,0.008651986201010115,0,1,
5625,5.625,0.0,0.00823002385477497,0,1,
5626,5.626,0.0,0.007828640855004744,0,1,
5627,5.627,0.0,0.00744683353512894,0,1,
5628,5.628,0.0,0.0070836471779733194,0,1,
5629,5.6290000000000004,0.0,0.006738173628469668,0,1,
5630,5.63,0.0,0.00640954902279509,0,1,
5631,5.631,0.0,0.006096951628262488,0,1,
5632,5.632,0.0,0.005799599788560817,0,1,
5633,5.633,0.0,0.005516749969207169,0,1,
5634,5.634,0.0,0.005247694898323267,0,1,
5635,5.635,0.0,0.004991761798087375,0,1,
5636,5.636,0.0,0.004748310702439303,0,1,
5637,5.6370000000000005,0.0,0.0045167328568319195,0,1,
5638,5.638,0.0,0.004296449196027693,0,1,
5639,5.639,0.0,0.004086908896133978,0,1,
5640,5.64,0.0,0.003887587997256372,0,1,
5641,5.641,0.0,0.0036979880933260623,0,1,
5642,5.642,0.0,0.003517635085825043,0,1,
5643,5.643,0.0,0.0033460779982928757,0,1,
5644,5.644,0.0,0.0031828878486506334,0,1,
5645,5.6450000000000005,0.0,0.0030276565765222575,0,1,
5646,5.646,0.0,0.002879996022871069,0,1,
5647,5.647,0.0,0.002739536959399992,0,1,
5648,5.648,0.0,0.0026059281652884903,0,1,
5649,5.649,0.0,0.002478835548957572,0,1,
5650,5.65,0.0,0.0023579413126668227,0,1,
5651,5.651,0.0,0.00224294315785452,0,1,
5652,5.652,0.0,0.0021335535292337695,0,1,
5653,5.6530000000000005,0.0,0.002029498895754506,0,1,
5654,5.654,0.0,0.0019305190666333934,0,1,
5655,5.655,0.0,0.0018363665407413383,0,1,
5656,5.656,0.0,0.0017468058877217502,0,1,
5657,5.657,0.0,0.0016616131592920194,0,1,
5658,5.658,0.0,0.0015805753292561608,0,1,
5659,5.659,0.0,0.0015034897608283645,0,1,
5660,5.66,0.0,0.0014301636999354812,0,1,
5661,5.6610000000000005,0.0,0.0013604137932314397,0,1,
5662,5.662,0.0,0.0012940656296183757,0,1,
5663,5.663,0.0,0.0012309533041280417,0,1,
5664,5.664,0.0,0.0011709190030729695,0,1,
5665,5.665,0.0,0.0011138126094300505,0,1,
5666,5.666,0.0,0.0010594913274697855,0,1,
5667,5.667,0.0,0.0010078193256925817,0,1,
5668,5.668,0.0,0.0009586673971792521,0,1,
5669,5.6690000000000005,0.0,0.0009119126365064174,0,1,
5670,5.67,0.0,0.0008674381324189283,0,1,
5671,5.671,0.0,0.0008251326754908313,0,1,
5672,5.672,0.0,0.0007848904800438778,0,1,
5673,5.673,0.0,0.0007466109196282271,0,1,
5674,5.674,0.0,0.0007101982754039072,0,1,
5675,5.675,0.0,0.0006755614967938583,0,1,
5676,5.676,0.0,0.0006426139738100627,0,1,
5677,5.6770000000000005,0.0,0.0006112733204834629,0,1,
5678,5.678,0.0,0.0005814611688561249,0,1,
5679,5.679,0.0,0.0005531029730205242,0,1,
5680,5.68,0.0,0.0005261278227159472,0,1,
5681,5.681,0.0,0.0005004682660159041,0,1,
5682,5.682,0.0,0.0004760601406631787,0,1,
5683,5.683,0.0,0.0004528424136307644,0,1,
5684,5.684,0.0,0.00043075702850750634,0,1,
5685,5.6850000000000005,0.0,0.00040974876032683294,0,1,
5686,5.686,0.0,0.0003897650774755743,0,1,
5687,5.687,0.0,0.0003707560103375667,0,1,
5688,5.688,0.0,0.00035267402634358436,0,1,
5689,5.689,0.0,0.0003354739111151574,0,1,
5690,5.69,0.0,0.00031911265540507486,0,1,
5691,5.691,0.0,0.00030354934755186404,0,1,
5692,5.692,0.0,0.00028874507117932684,0,1,
5693,5.6930000000000005,0.0,0.0002746628078853288,0,1,
5694,5.694,0.0,0.0002612673446765115,0,1,
5695,5.695,0.0,0.0002485251859174677,0,1,
5696,5.696,0.0,0.00023640446957420575,0,1,
5697,5.697,0.0,0.0002248748875424683,0,1,
5698,5.698,0.0,0.0002139076098616849,0,1,
5699,5.699,0.0,0.0002034752126250538,0,1,
5700,5.7,0.0,0.00019355160940549035,0,1,3.6073047987297926
5701,5.7010000000000005,0.0,0.00018411198602597158,0,1,
5702,5.702,0.0,0.00017513273851116844,0,1,
5703,5.703,0.0,0.00016659141406521279,0,1,
5704,5.704,0.0,0.00015846665492801252,0,1,
5705,5.705,0.0,0.00015073814496972658,0,1,
5706,5.706,0.0,0.0001433865588898582,0,1,
5707,5.707,0.0,0.00013639351389393756,0,1,
5708,5.708,0.0,0.00012974152372696035,0,1,
5709,5.7090000000000005,0.0,0.00012341395494864222,0,1,
5710,5.71,0.0,0.00011739498534115399,0,1,
5711,5.711,0.0,0.00011166956434533567,0,1,
5712,5.712,0.0,0.0001062233754264591,0,1,
5713,5.713,0.0,0.00010104280027543397,0,1,
5714,5.714,0.0,9.611488475594164e-05,0,1,
5715,5.715,0.0,9.142730651234681e-05,0,1,
5716,5.716,0.0,8.696834415739004e-05,0,1,
5717,5.7170000000000005,0.0,8.272684796261417e-05,0,1,
5718,5.718,0.0,7.869221197823554e-05,0,1,
5719,5.719,0.0,7.485434751274518e-05,0,1,
5720,5.72,0.0,7.120365790592505e-05,0,1,
5721,5.721,0.0,6.77310145321988e-05,0,1,
5722,5.722,0.0,6.442773397431297e-05,0,1,
5723,5.723,0.0,6.128555631027082e-05,0,1,
5724,5.724,0.0,5.829662445922502e-05,0,1,
5725,5.7250000000000005,0.0,5.545346453468286e-05,0,1,
5726,5.726,0.0,5.2748967155897135e-05,0,1,
5727,5.727,0.0,5.01763696707111e-05,0,1,
5728,5.728,0.0,4.77292392454056e-05,0,1,
5729,5.729,0.0,4.5401456779264066e-05,0,1,
5730,5.73,0.0,4.3187201603633396e-05,0,1,
5731,5.731,0.0,4.1080936927220506e-05,0,1,
5732,5.732,0.0,3.9077395991230094e-05,0,1,
5733,5.7330000000000005,0.0,3.717156889972431e-05,0,1,
5734,5.734,0.0,3.5358690092273394e-05,0,1,
5735,5.735,0.0,3.363422642757232e-05,0,1,
5736,5.736,0.0,3.1993865848226325e-05,0,1,
5737,5.737,0.0,3.0433506598361376e-05,0,1,
5738,5.738,0.0,2.8949246967097973e-05,0,1,
5739,5.739,0.0,2.7537375532241646e-05,0,1,
5740,5.74,0.0,2.6194361879794265e-05,0,1,
5741,5.7410000000000005,0.0,2.4916847776080142e-05,0,1,
5742,5.742,0.0,2.3701638770412608e-05,0,1,
5743,5.743,0.0,2.2545696207303395e-05,0,1,
5744,5.744,0.0,2.144612962824114e-05,0,1,
5745,5.745,0.0,2.040018954403953e-05,0,1,
5746,5.746,0.0,1.9405260559682206e-05,0,1,
5747,5.747,0.0,1.845885483447291e-05,0,1,
5748,5.748,0.0,1.000017558605861,0,1,
5749,5.7490000000000006,0.0,0.9512461267632623,0,1,
5750,5.75,0.0,0.9048533057195512,0,1,
5751,5.751,0.0,0.8607230892571773,0,1,
5752,5.752,0.0,0.8187451288485815,0,1,
5753,5.753,0.0,0.7788144577273991,0,1,
5754,5.7540000000000004,0.0,0.7408312284168695,0,1,
5755,5.755,0.0,0.7047004630591358,0,1,
5756,5.756,0.0,0.6703318159211284,0,1,
5757,5.757000000000001,0.0,0.6376393474831735,0,1,
5758,5.758,0.0,0.60654130954543,0,1,
5759,5.759,0.0,0.5769599408148087,0,1,
5760,5.76,0.0,0.5488212724612366,0,1,
5761,5.761,0.0,0.5220549431570516,0,1,
5762,5.7620000000000005,0.0,0.49659402313703516,0,1,
5763,5.763,0.0,0.4723748468391362,0,1,
5764,5.764,0.0,0.44933685370740445,0,1,
5765,5.765,0.0,0.42742243675905583,0,1,
5766,5.766,0.0,0.4065767985370095,0,1,
5767,5.767,0.0,0.3867478140877023,0,1,
5768,5.768,0.0,0.3678859006215542,0,1,
5769,5.769,0.0,0.34994389353016786,0,1,
5770,5.7700000000000005,0.0,0.3328769284502407,0,1,
5771,5.771,0.0,0.3166423290792878,0,1,
5772,5.772,0.0,0.30119950046265664,0,1,
5773,5.773,0.0,0.2865098274849954,0,1,
5774,5.774,0.0,0.27253657831235106,0,1,
5775,5.775,0.0,0.2592448125434515,0,1,
5776,5.776,0.0,0.24660129384050286,0,1,
5777,5.777,0.0,0.234574406821033,0,1,
5778,5.7780000000000005,0.0,0.22313407800296758,0,1,
5779,5.779,0.0,0.21225170060526027,0,1,
5780,5.78,0.0,0.20190006301603958,0,1,
5781,5.781,0.0,0.19205328074940523,0,1,
5782,5.782,0.0,0.1826867317207308,0,1,
5783,5.783,0.0,0.1737769946786271,0,1,
5784,5.784,0.0,0.1653017906396141,0,1,
5785,5.785,0.0,0.15723992717905763,0,1,
5786,5.7860000000000005,0.0,0.14957124543906916,0,1,
5787,5.787,0.0,0.1422765697208608,0,1,
5788,5.788,0.0,0.13533765953551014,0,1,
5789,5.789,0.0,0.12873716399323687,0,1,
5790,5.79,0.0,0.12245857841714075,0,1,
5791,5.791,0.0,0.11648620307291235,0,1,
5792,5.792,0.0,0.11080510391131972,0,1,
5793,5.793,0.0,0.10540107522530646,0,1,
5794,5.7940000000000005,0.0,0.10026060412832473,0,1,
5795,5.795,0.0,0.09537083676508025,0,1,
5796,5.796,0.0,0.09071954617019883,0,1,
5797,5.797,0.0,0.08629510169444418,0,1,
5798,5.798,0.0,0.08208643992203674,0,1,
5799,5.799,0.0,0.07808303700635144,0,1,
5800,5.8,0.0,0.07427488235481963,0,1,3.60370444184024
5801,5.801,0.0,0.07065245359723332,0,1,
5802,5.8020000000000005,0.0,0.06720669277485966,0,1,
5803,5.803,0.0,0.06392898369082604,0,1,
5804,5.804,0.0,0.06081113036513999,0,1,
5805,5.805,0.0,0.05784533654047001,0,1,
5806,5.806,0.0,0.05502418618744141,0,1,
5807,5.807,0.0,0.05234062496070003,0,1,
5808,5.808,0.0,0.049787942559374396,0,1,
5809,5.809,0.0,0.04735975594782831,0,1,
5810,5.8100000000000005,0.0,0.045049993394746995,0,1,
5811,5.811,0.0,0.04285287929064615,0,1,
5812,5.812,0.0,0.0407629197058399,0,1,
5813,5.813,0.0,0.038774888652754906,0,1,
5814,5.814,0.0,0.03688381501823931,0,1,
5815,5.815,0.0,0.03508497013319058,0,1,
5816,5.816,0.0,0.033373855948419615,0,1,
5817,5.817,0.0,0.03174619378718492,0,1,
5818,5.8180000000000005,0.0,0.030197913646272053,0,1,
5819,5.819,0.0,0.028725144018865622,0,1,
5820,5.82,0.0,0.027324202213765674,0,1,
5821,5.821,0.0,0.025991585146741457,0,1,
5822,5.822,0.0,0.02472396058099618,0,1,
5823,5.823,0.0,0.023518158794839338,0,1,
5824,5.824,0.0,0.02237116465573143,0,1,
5825,5.825,0.0,0.021280110080882122,0,1,
5826,5.8260000000000005,0.0,0.020242266865549342,0,1,
5827,5.827,0.0,0.019255039861106372,0,1,
5828,5.828,0.0,0.018315960485818523,0,1,
5829,5.829,0.0,0.017422680552102974,0,1,
5830,5.83,0.0,0.016572966394836693,0,1,
5831,5.831,0.0,0.015764693286030182,0,1,
5832,5.832,0.0,0.01499584012190076,0,1,
5833,5.833,0.0,0.014264484369060377,0,1,
5834,5.8340000000000005,0.0,0.013568797257180734,0,1,
5835,5.835,0.0,0.012907039206114896,0,1,
5836,5.836,0.0,0.012277555476040826,0,1,
5837,5.837,0.0,0.011678772029749904,0,1,
5838,5.838,0.0,0.011109191596734038,0,1,
5839,5.839,0.0,0.010567389929229487,0,1,
5840,5.84,0.0,0.010052012240855605,0,1,
5841,5.841,0.0,0.00956176981894321,0,1,
5842,5.8420000000000005,0.0,0.009095436802081646,0,1,
5843,5.843,0.0,0.008651847114826739,0,1,
5844,5.844,0.0,0.008229891551904803,0,1,
5845,5.845,0.0,0.007828515004621693,0,1,
5846,5.846,0.0,0.007446713822541497,0,1,
5847,5.847,0.0,0.007083533303837661,0,1,
5848,5.848,0.0,0.00673806530804114,0,1,
5849,5.849,0.0,0.0064094459852162,0,1,
5850,5.8500000000000005,0.0,0.006096853615885618,0,1,
5851,5.851,0.0,0.005799506556303974,0,1,
5852,5.852,0.0,0.005516661283941147,0,1,
5853,5.853,0.0,0.005247610538288707,0,1,
5854,5.854,0.0,0.004991681552340249,0,1,
5855,5.855,0.0,0.004748234370323445,0,1,
5856,5.856,0.0,0.004516660247477281,0,1,
5857,5.857,0.0,0.004296380127873067,0,1,
5858,5.8580000000000005,0.0,0.004086843196473002,0,1,
5859,5.859,0.0,0.003887525501805672,0,1,
5860,5.86,0.0,0.003697928645814459,0,1,
5861,5.861,0.0,0.0035175785376027925,0,1,
5862,5.862,0.0,0.0033460242079599673,0,1,
5863,5.863,0.0,0.003182836681703217,0,1,
5864,5.864,0.0,0.0030276079050163135,0,1,
5865,5.865,0.0,0.0028799497251024804,0,1,
5866,5.8660000000000005,0.0,0.002739492919600222,0,1,
5867,5.867,0.0,0.0026058862733351,0,1,
5868,5.868,0.0,0.0024787957000988576,0,1,
5869,5.869,0.0,0.002357903407259881,0,1,
5870,5.87,0.0,0.002242907101116089,0,1,
5871,5.871,0.0,0.002133519231003222,0,1,
5872,5.872,0.0,0.0020294662702684007,0,1,
5873,5.873,0.0,0.0019304880323110214,0,1,
5874,5.8740000000000006,0.0,0.0018363370199807288,0,1,
5875,5.875,0.0,0.001746777806705625,0,1,
5876,5.876,0.0,0.001661586447803211,0,1,
5877,5.877,0.0,0.001580549920502034,0,1,
5878,5.878,0.0,0.001503465591273799,0,1,
5879,5.8790000000000004,0.0,0.0014301407091440017,0,1,
5880,5.88,0.0,0.0013603919237140916,0,1,
5881,5.881,0.0,0.0012940448266899746,0,1,
5882,5.882000000000001,0.0,0.0012309335157704307,0,1,
5883,5.883,0.0,0.0011709001798049473,0,1,
5884,5.884,0.0,0.0011137947041836426,0,1,
5885,5.885,0.0,0.0010594742954725493,0,1,
5886,5.886,0.0,0.0010078031243556526,0,1,
5887,5.8870000000000005,0.0,0.0009586519859908489,0,1,
5888,5.888,0.0,0.0009118979769305417,0,1,
5889,5.889,0.0,0.0008674241877990046,0,1,
5890,5.89,0.0,0.0008251194109580465,0,1,
5891,5.891,0.0,0.0007848778624299907,0,1,
5892,5.892,0.0,0.0007465989173826307,0,1,
5893,5.893,0.0,0.0007101868585147359,0,1,
5894,5.894,0.0,0.0006755506367129423,0,1,
5895,5.8950000000000005,0.0,0.000642603643381543,0,1,
5896,5.896,0.0,0.0006112634938758871,0,1,
5897,5.897,0.0,0.0005814518214978558,0,1,
5898,5.898,0.0,0.0005530940815382973,0,1,
5899,5.899,0.0,0.0005261193648764255,0,1,
5900,5.9,0.0,0.0005004602206700834,0,1,3.599660105853511
5901,5.901,0.0,0.00047605248769350383,0,1,
5902,5.902,0.0,0.0004528351339008249,0,1,
5903,5.9030000000000005,0.0,0.0004307501038141854,0,1,
5904,5.904,0.0,0.0004097421733547904,0,1,
5905,5.905,0.0,0.0003897588117539491,0,1,
5906,5.906,0.0,0.00037075005019879113,0,1,
5907,5.907,0.0,0.0003526683568842069,0,1,
5908,5.908,0.0,0.00033546851815857655,0,1,
5909,5.909,0.0,0.0003191075254660901,0,1,
5910,5.91,0.0,0.0003035444678029558,0,1,
5911,5.9110000000000005,0.0,0.00028874042941858116,0,1,
5912,5.912,0.0,0.000274658392505926,0,1,
5913,5.913,0.0,0.0002612631446377032,0,1,
5914,5.914,0.0,0.0002485211907169692,0,1,
5915,5.915,0.0,0.0002364006692219348,0,1,
5916,5.916,0.0,0.0002248712725355647,0,1,
5917,5.917,0.0,0.00021390417116074842,0,1,
5918,5.918,0.0,0.00020347194163154096,0,1,
5919,5.9190000000000005,0.0,0.00019354849794021357,0,1,
5920,5.92,0.0,0.00018410902630864697,0,1,
5921,5.921,0.0,0.00017512992314096108,0,1,
5922,5.922,0.0,0.0001665887360022307,0,1,
5923,5.923,0.0,0.00015846410747570328,0,1,
5924,5.924,0.0,0.00015073572175813252,0,1,
5925,5.925,0.0,0.00014338425385968816,0,1,
5926,5.926,0.0,0.00013639132128141546,0,1,
5927,5.9270000000000005,0.0,0.00012973943804941282,0,1,
5928,5.928,0.0,0.000123411970990789,0,1,
5929,5.929,0.0,0.00011739309814206703,0,1,
5930,5.93,0.0,0.00011166776918603426,0,1,
5931,5.931,0.0,0.00010622166781810993,0,1,
5932,5.932,0.0,0.00010104117594812673,0,1,
5933,5.933,0.0,9.611333964801197e-05,0,1,
5934,5.934,0.0,9.142583676022009e-05,0,1,
5935,5.9350000000000005,0.0,8.696694608592037e-05,0,1,
5936,5.936,0.0,8.272551807589466e-05,0,1,
5937,5.937,0.0,7.86909469508567e-05,0,1,
5938,5.938,0.0,7.485314418147963e-05,0,1,
5939,5.939,0.0,7.120251326181784e-05,0,1,
5940,5.94,0.0,6.772992571304344e-05,0,1,
5941,5.941,0.0,6.442669825749442e-05,0,1,
5942,5.942,0.0,6.128457110595757e-05,0,1,
5943,5.9430000000000005,0.0,5.829568730389311e-05,0,1,
5944,5.944,0.0,5.5452573084955823e-05,0,1,
5945,5.945,0.0,5.2748119182686314e-05,0,1,
5946,5.946,0.0,5.0175563053641777e-05,0,1,
5947,5.947,0.0,4.772847196751496e-05,0,1,
5948,5.948,0.0,4.540072692195771e-05,0,1,
5949,5.949,0.0,4.3186507341887905e-05,0,1,
5950,5.95,0.0,4.108027652501989e-05,0,1,
5951,5.9510000000000005,0.0,3.9076767797224863e-05,0,1,
5952,5.952,0.0,3.717097134310224e-05,0,1,
5953,5.953,0.0,3.535812167883168e-05,0,1,
5954,5.954,0.0,3.363368573598128e-05,0,1,
5955,5.955,0.0,3.1993351526475345e-05,0,1,
5956,5.956,0.0,3.0433017360378182e-05,0,1,
5957,5.957,0.0,2.8948781589532778e-05,0,1,
5958,5.958,0.0,2.7536932851408128e-05,0,1,
5959,5.9590000000000005,0.0,2.619394078875976e-05,0,1,
5960,5.96,0.0,2.4916447221897725e-05,0,1,
5961,5.961,0.0,2.370125775148819e-05,0,1,
5962,5.962,0.0,2.2545333770891197e-05,0,1,
5963,5.963,0.0,2.1445784868061347e-05,0,1,
5964,5.964,0.0,2.0399861598012116e-05,0,1,
5965,5.965,0.0,1.9404948607771282e-05,0,1,
5966,5.966,0.0,1.845855809663621e-05,0,1,
5967,5.9670000000000005,0.0,1.7558323595376254e-05,0,1,
5968,5.968,0.0,1.6701994048827062e-05,0,1,
5969,5.969,0.0,1.5887428187080118e-05,0,1,
5970,5.97,0.0,1.5112589171192643e-05,0,1,
5971,5.971,0.0,1.43755395000293e-05,0,1,
5972,5.972,0.0,1.3674436165500154e-05,0,1,
5973,5.973,0.0,1.3007526044080462e-05,0,1,
5974,5.974,0.0,1.2373141513088708e-05,0,1,
5975,5.9750000000000005,0.0,1.1769696280761265e-05,0,1,
5976,5.976,0.0,1.1195681419696733e-05,0,1,
5977,5.977,0.0,1.064966159375146e-05,0,1,
5978,5.978,0.0,1.000010130271469,0,1,
5979,5.979,0.0,0.9512390607130136,0,1,
5980,5.98,0.0,0.9048465842846396,0,1,
5981,5.981,0.0,0.8607166956305146,0,1,
5982,5.982,0.0,0.8187390470427706,0,1,
5983,5.9830000000000005,0.0,0.7788086725347576,0,1,
5984,5.984,0.0,0.7408257253714026,0,1,
5985,5.985,0.0,0.7046952284003632,0,1,
5986,5.986,0.0,0.6703268365596767,0,1,
5987,5.987,0.0,0.6376346109680455,0,1,
5988,5.988,0.0,0.6065368040328706,0,1,
5989,5.989,0.0,0.5769556550386898,0,1,
5990,5.99,0.0,0.5488171957048854,0,1,
5991,5.9910000000000005,0.0,0.5220510652264538,0,1,
5992,5.992,0.0,0.4965903343353444,0,1,
5993,5.993,0.0,0.4723713379424268,0,1,
5994,5.994,0.0,0.4493335159416069,0,1,
5995,5.995,0.0,0.42741926177801715,0,1,
5996,5.996,0.0,0.4065737784016233,0,1,
5997,5.997,0.0,0.38674494124605696,0,1,
5998,5.998,0.0,0.3678831678900492,0,1,
5999,5.9990000000000006,0.0,0.3499412940755511,0,1,
6000,6.0,0.0,0.33287445577252156,0,1,3.928964104559676
6001,6.001,0.0,0.3166399769954841,0,1,
6002,6.002,0.0,0.30119726309133366,0,1,
6003,6.003,0.0,0.28650769923155944,0,1,
6004,6.0040000000000004,0.0,0.2725345538550599,0,1,
6005,6.005,0.0,0.2592428868201075,0,1,
6006,6.006,0.0,0.24659946203579458,0,1,
6007,6.007000000000001,0.0,0.23457266435449456,0,1,
6008,6.008,0.0,0.22313242051752502,0,1,
6009,6.009,0.0,0.21225012395633663,0,1,
6010,6.01,0.0,0.20189856326119132,0,1,
6011,6.011,0.0,0.192051854138464,0,1,
6012,6.0120000000000005,0.0,0.1826853746864262,0,1,
6013,6.013,0.0,0.1737757038276665,0,1,
6014,6.014,0.0,0.16530056274419772,0,1,
6015,6.015000000000001,0.0,0.15723875916880736,0,1,
6016,6.016,0.0,0.14957013439335098,0,1,
6017,6.017,0.0,0.1422755128614817,0,1,
6018,6.018,0.0,0.13533665421977117,0,1,
6019,6.019,0.0,0.12873620770732505,0,1,
6020,6.0200000000000005,0.0,0.1224576687698432,0,1,
6021,6.021,0.0,0.116485337789637,0,1,
6022,6.022,0.0,0.11080428082840768,0,1,
6023,6.023,0.0,0.10540029228462174,0,1,
6024,6.024,0.0,0.10025985937210778,0,1,
6025,6.025,0.0,0.0953701283310526,0,1,
6026,6.026,0.0,0.09071887228690641,0,1,
6027,6.027,0.0,0.08629446067682775,0,1,
6028,6.0280000000000005,0.0,0.08208583016721836,0,1,
6029,6.029,0.0,0.07808245698962647,0,1,
6030,6.03,0.0,0.07427433062584414,0,1,
6031,6.031,0.0,0.07065192877639748,0,1,
6032,6.032,0.0,0.067206193549838,0,1,
6033,6.033,0.0,0.06392850881329601,0,1,
6034,6.034,0.0,0.060810678647660384,0,1,
6035,6.035,0.0,0.057844906853511846,0,1,
6036,6.0360000000000005,0.0,0.055023777456563484,0,1,
6037,6.037,0.0,0.05234023616386224,0,1,
6038,6.038,0.0,0.04978757272438214,0,1,
6039,6.039,0.0,0.04735940414990147,0,1,
6040,6.04,0.0,0.0450496587542075,0,1,
6041,6.041,0.0,0.04285256097071836,0,1,
6042,6.042,0.0,0.04076261691055818,0,1,
6043,6.043,0.0,0.03877460062497333,0,1,
6044,6.0440000000000005,0.0,0.03688354103773841,0,1,
6045,6.045,0.0,0.035084709514876376,0,1,
6046,6.046,0.0,0.03337360804061058,0,1,
6047,6.047,0.0,0.031745957969982405,0,1,
6048,6.048,0.0,0.03019768933001022,0,1,
6049,6.049,0.0,0.028724930642636974,0,1,
6050,6.05,0.0,0.027323999244018495,0,1,
6051,6.051,0.0,0.025991392075945658,0,1,
6052,6.0520000000000005,0.0,0.024723776926374206,0,1,
6053,6.053,0.0,0.023517984097158967,0,1,
6054,6.054,0.0,0.022370998478157468,0,1,
6055,6.055,0.0,0.021279952007884077,0,1,
6056,6.056,0.0,0.020242116501862382,0,1,
6057,6.057,0.0,0.01925489683074296,0,1,
6058,6.058,0.0,0.01831582443112825,0,1,
6059,6.059,0.0,0.01742255113287824,0,1,
6060,6.0600000000000005,0.0,0.016572843287462034,0,1,
6061,6.061,0.0,0.015764576182673032,0,1,
6062,6.062,0.0,0.01499572872974173,0,1,
6063,6.063,0.0,0.01426437840956105,0,1,
6064,6.064,0.0,0.013568696465387168,0,1,
6065,6.065,0.0,0.012906943329995108,0,1,
6066,6.066,0.0,0.012277464275854575,0,1,
6067,6.067,0.0,0.011678685277449223,0,1,
6068,6.0680000000000005,0.0,0.011109109075392986,0,1,
6069,6.069,0.0,0.01056731143250173,0,1,
6070,6.07,0.0,0.010051937572458437,0,1,
6071,6.071,0.0,0.009561698792166744,0,1,
6072,6.072,0.0,0.009095369239321945,0,1,
6073,6.073,0.0,0.008651782847141711,0,1,
6074,6.074,0.0,0.008229830418591759,0,1,
6075,6.075,0.0,0.007828456852815508,0,1,
6076,6.0760000000000005,0.0,0.007446658506832367,0,1,
6077,6.077,0.0,0.007083480685907499,0,1,
6078,6.078,0.0,0.006738015256317713,0,1,
6079,6.079,0.0,0.0064093983745441285,0,1,
6080,6.08,0.0,0.0060968083272134235,0,1,
6081,6.081,0.0,0.0057994634763863856,0,1,
6082,6.082,0.0,0.005516620305055932,0,1,
6083,6.083,0.0,0.005247571557967307,0,1,
6084,6.0840000000000005,0.0,0.004991644473111557,0,1,
6085,6.085,0.0,0.004748199099470076,0,1,
6086,6.086,0.0,0.0045166266968037294,0,1,
6087,6.087,0.0,0.004296348213485172,0,1,
6088,6.088,0.0,0.004086812838568171,0,1,
6089,6.089,0.0,0.003887496624473331,0,1,
6090,6.09,0.0,0.003697901176846235,0,1,
6091,6.091,0.0,0.0035175524083119573,0,1,
6092,6.0920000000000005,0.0,0.0033459993530096837,0,1,
6093,6.093,0.0,0.003182813038943163,0,1,
6094,6.094,0.0,0.0030275854153272736,0,1,
6095,6.095,0.0,0.0028799283322485177,0,1,
6096,6.096,0.0,0.0027394725700880585,0,1,
6097,6.097,0.0,0.002605866916280356,0,1,
6098,6.098,0.0,0.002478777287098813,0,1,
6099,6.099,0.0,0.0023578858922724453,0,1,
6100,6.1000000000000005,0.0,0.002242890440344671,0,1,4.546772295679487
6101,6.101,0.0,0.0021335033827872144,0,1,
6102,6.102,0.0,0.0020294511949790085,0,1,
6103,6.103,0.0,0.0019304736922521686,0,1,
6104,6.104,0.0,0.0018363233792947989,0,1,
6105,6.105,0.0,0.001746764831283798,0,1,
6106,6.106,0.0,0.001661574105200174,0,1,
6107,6.107,0.0,0.0015805381798548502,0,1,
6108,6.1080000000000005,0.0,0.0015034544232247352,0,1,
6109,6.109,0.0,0.0014301300857671177,0,1,
6110,6.11,0.0,0.0013603818184454123,0,1,
6111,6.111,0.0,0.0012940352142610644,0,1,
6112,6.112,0.0,0.0012309243721452105,0,1,
6113,6.113,0.0,0.0011708914821195913,0,1,
6114,6.114,0.0,0.001113786430689407,0,1,
6115,6.115,0.0,0.001059466425481389,0,1,
6116,6.1160000000000005,0.0,0.0010077956381884903,0,1,
6117,6.117,0.0,0.0009586448649283674,0,1,
6118,6.118,0.0,0.0009118912031663756,0,1,
6119,6.119,0.0,0.0008674177443952152,0,1,
6120,6.12,0.0,0.000825113281802768,0,1,
6121,6.121,0.0,0.0007848720321971425,0,1,
6122,6.122,0.0,0.0007465933714935937,0,1,
6123,6.123,0.0,0.000710181583101899,0,1,
6124,6.1240000000000006,0.0,0.0006755456185850254,0,1,
6125,6.125,0.0,0.0006425988699906125,0,1,
6126,6.126,0.0,0.0006112589532859795,0,1,
6127,6.127,0.0,0.0005814475023551311,0,1,
6128,6.128,0.0,0.0005530899730426489,0,1,
6129,6.1290000000000004,0.0,0.0005261154567544744,0,1,
6130,6.13,0.0,0.0005004565031494889,0,1,
6131,6.131,0.0,0.0004760489514785281,0,1,
6132,6.132000000000001,0.0,0.0004528317701490886,0,1,
6133,6.133,0.0,0.00043074690411455717,0,1,
6134,6.134,0.0,0.00040973912970635444,0,1,
6135,6.135,0.0,0.00038975591654599897,0,1,
6136,6.136,0.0,0.0003707472961917989,0,1,
6137,6.1370000000000005,0.0,0.00035266573719172064,0,1,
6138,6.138,0.0,0.00033546602623000046,0,1,
6139,6.139,0.0,0.00031910515507030477,0,1,
6140,6.140000000000001,0.0,0.00030354221301273713,0,1,
6141,6.141,0.0,0.0002887382845957791,0,1,
6142,6.142,0.0,0.00027465635228736635,0,1,
6143,6.143,0.0,0.00026126120392177686,0,1,
6144,6.144,0.0,0.0002485193446508755,0,1,
6145,6.1450000000000005,0.0,0.0002363989131895469,0,1,
6146,6.146,0.0,0.00022486960214588694,0,1,
6147,6.147,0.0,0.00021390258223693656,0,1,
6148,6.148,0.0,0.0002034704302004578,0,1,
6149,6.149,0.0,0.00019354706022249417,0,1,
6150,6.15,0.0,0.00018410765870924818,0,1,
6151,6.151,0.0,0.00017512862224017202,0,1,
6152,6.152,0.0,0.00016658749854712177,0,1,
6153,6.1530000000000005,0.0,0.00015846293037199218,0,1,
6154,6.154,0.0,0.00015073460206244682,0,1,
6155,6.155,0.0,0.00014338318877220543,0,1,
6156,6.156,0.0,0.0001363903081388622,0,1,
6157,6.157,0.0,0.00012973847431840496,0,1,
6158,6.158,0.0,0.00012341105426149702,0,1,
6159,6.159,0.0,0.0001173922261221902,0,1,
6160,6.16,0.0,0.00011166693969506868,0,1,
6161,6.1610000000000005,0.0,0.00010622087878189611,0,1,
6162,6.162,0.0,0.00010104042539366315,0,1,
6163,6.163,0.0,9.611262569852152e-05,0,1,
6164,6.164,0.0,9.142515763045716e-05,0,1,
6165,6.165,0.0,8.696630007770683e-05,0,1,
6166,6.166,0.0,8.272490357387347e-05,0,1,
6167,6.167,0.0,7.869036241845272e-05,0,1,
6168,6.168,0.0,7.48525881570574e-05,0,1,
6169,6.1690000000000005,0.0,7.120198435502666e-05,0,1,
6170,6.17,0.0,6.772942260134086e-05,0,1,
6171,6.171,0.0,6.442621968283912e-05,0,1,
6172,6.172,0.0,6.128411587166363e-05,0,1,
6173,6.173,0.0,5.8295254271637664e-05,0,1,
6174,6.174,0.0,5.545216117193268e-05,0,1,
6175,6.175,0.0,5.274772735889837e-05,0,1,
6176,6.176,0.0,5.0175190339325464e-05,0,1,
6177,6.1770000000000005,0.0,4.772811743069035e-05,0,1,
6178,6.178,0.0,4.5400389676098076e-05,0,1,
6179,6.179,0.0,4.318618654370293e-05,0,1,
6180,6.18,0.0,4.107997137234702e-05,0,1,
6181,6.181,0.0,3.907647752702346e-05,0,1,
6182,6.182,0.0,3.717069522954561e-05,0,1,
6183,6.183,0.0,3.5357859031492106e-05,0,1,
6184,6.184,0.0,3.363343589810361e-05,0,1,
6185,6.1850000000000005,0.0,3.1993113873334756e-05,0,1,
6186,6.186,0.0,3.043279129771803e-05,0,1,
6187,6.187,0.0,2.894856655207866e-05,0,1,
6188,6.188,0.0,2.75367283014544e-05,0,1,
6189,6.189,0.0,2.6193746214824993e-05,0,1,
6190,6.19,0.0,2.4916262137445732e-05,0,1,
6191,6.191,0.0,2.3701081693711436e-05,0,1,
6192,6.192,0.0,2.2545166299553536e-05,0,1,
6193,6.1930000000000005,0.0,2.1445625564397204e-05,0,1,
6194,6.194,0.0,2.0399710063679352e-05,0,1,
6195,6.195,0.0,1.9404804463855136e-05,0,1,
6196,6.196,0.0,1.845842098270181e-05,0,1,
6197,6.197,0.0,1.7558193168567344e-05,0,1,
6198,6.198,0.0,1.6701869983008683e-05,0,1,
6199,6.199,0.0,1.58873101720231e-05,0,1,
6200,6.2,0.0,1.5112476911797875e-05,0,1,4.540778749311761
6201,6.2010000000000005,0.0,1.4375432715589821e-05,0,1,
6202,6.202,0.0,1.3674334588999242e-05,0,1,
6203,6.203,0.0,1.3007429421523957e-05,0,1,
6204,6.204,0.0,1.2373049602869889e-05,0,1,
6205,6.205,0.0,1.1769608853056712e-05,0,1,
6206,6.206,0.0,1.1195598255891645e-05,0,1,
6207,6.207,0.0,1.0649582485893006e-05,0,1,
6208,6.208,0.0,1.0130196219228887e-05,0,1,
6209,6.2090000000000005,0.0,9.636140719696402e-06,0,1,
6210,6.21,0.0,9.166180591204705e-06,0,1,
6211,6.211,0.0,8.719140688641266e-06,0,1,
6212,6.212,0.0,8.293903179396991e-06,0,1,
6213,6.213,0.0,7.889404748202443e-06,0,1,
6214,6.214,0.0,7.50463393828581e-06,0,1,
6215,6.215,0.0,7.138628622204138e-06,0,1,
6216,6.216,0.0,6.790473596023567e-06,0,1,
6217,6.2170000000000005,0.0,6.4592982908327914e-06,0,1,
6218,6.218,0.0,6.144274595867322e-06,0,1,
6219,6.219,0.0,5.84461478780123e-06,0,1,
6220,6.22,0.0,5.5595695610285265e-06,0,1,
6221,6.221,0.0,5.288426154008852e-06,0,1,
6222,6.222,0.0,1.000005030506567,0,1,
6223,6.223,0.0,0.9512342096665808,0,1,
6224,6.224,0.0,0.9048419698265332,0,1,
6225,6.2250000000000005,0.0,0.8607123062221856,0,1,
6226,6.226,0.0,0.818734871708412,0,1,
6227,6.227,0.0,0.7788047008338587,0,1,
6228,6.228,0.0,0.7408219473726422,0,1,
6229,6.229,0.0,0.7046916346567766,0,1,
6230,6.23,0.0,0.670323418085033,0,1,
6231,6.231,0.0,0.6376313592143775,0,1,
6232,6.232,0.0,0.6065337108691004,0,1,
6233,6.2330000000000005,0.0,0.5769527127302968,0,1,
6234,6.234,0.0,0.548814396894566,0,1,
6235,6.235,0.0,0.5220484029157245,0,1,
6236,6.236,0.0,0.4965878018670415,0,1,
6237,6.237,0.0,0.47236892898406047,0,1,
6238,6.238,0.0,0.4493312244695265,0,1,
6239,6.239,0.0,0.42741708206234885,0,1,
6240,6.24,0.0,0.40657170499194256,0,1,
6241,6.2410000000000005,0.0,0.3867429689577596,0,1,
6242,6.242,0.0,0.3678812917913872,0,1,
6243,6.243,0.0,0.34993950947530045,0,1,
6244,6.244,0.0,0.3328727582082522,0,1,
6245,6.245,0.0,0.31663836222240105,0,1,
6246,6.246,0.0,0.3011957270716632,0,1,
6247,6.247,0.0,0.2865062381244523,0,1,
6248,6.248,0.0,0.2725331640069873,0,1,
6249,6.2490000000000006,0.0,0.25924156475572524,0,1,
6250,6.25,0.0,0.2465982044492531,0,1,
6251,6.251,0.0,0.23457146810117244,0,1,
6252,6.252,0.0,0.22313128260616585,0,1,
6253,6.253,0.0,0.21224904154156932,0,1,
6254,6.2540000000000004,0.0,0.20189753363641513,0,1,
6255,6.255,0.0,0.19205087472908072,0,1,
6256,6.256,0.0,0.18268444304340217,0,1,
6257,6.257000000000001,0.0,0.17377481762140892,0,1,
6258,6.258,0.0,0.16529971975872934,0,1,
6259,6.259,0.0,0.15723795729622542,0,1,
6260,6.26,0.0,0.14956937162855635,0,1,
6261,6.261,0.0,0.14227478729716508,0,1,
6262,6.2620000000000005,0.0,0.13533596404164383,0,1,
6263,6.263,0.0,0.1287355511895822,0,1,
6264,6.264,0.0,0.12245704427084847,0,1,
6265,6.265000000000001,0.0,0.11648474374781764,0,1,
6266,6.266,0.0,0.11080371575834973,0,1,
6267,6.267,0.0,0.10539975477335571,0,1,
6268,6.268,0.0,0.10025934807557554,0,1,
6269,6.269,0.0,0.09536964197074649,0,1,
6270,6.2700000000000005,0.0,0.09071840964667233,0,1,
6271,6.271,0.0,0.08629402059982413,0,1,
6272,6.272,0.0,0.08208541155302347,0,1,
6273,6.273,0.0,0.07808205879148677,0,1,
6274,6.274,0.0,0.07427395184805688,0,1,
6275,6.275,0.0,0.07065156847182089,0,1,
6276,6.276,0.0,0.06720585081752298,0,1,
6277,6.277,0.0,0.06392818279623322,0,1,
6278,6.2780000000000005,0.0,0.06081036853063737,0,1,
6279,6.279,0.0,0.057844611861074514,0,1,
6280,6.28,0.0,0.05502349685107709,0,1,
6281,6.281,0.0,0.052339969243666906,0,1,
6282,6.282,0.0,0.049787318822038344,0,1,
6283,6.283,0.0,0.047359162630521104,0,1,
6284,6.284,0.0,0.04504942901386631,0,1,
6285,6.285,0.0,0.042852342434945824,0,1,
6286,6.2860000000000005,0.0,0.04076240903290104,0,1,
6287,6.287,0.0,0.03877440288562917,0,1,
6288,6.288,0.0,0.03688335294225586,0,1,
6289,6.289,0.0,0.03508453059291876,0,1,
6290,6.29,0.0,0.03337343784477981,0,1,
6291,6.291,0.0,0.031745796074700246,0,1,
6292,6.292,0.0,0.03019753533045414,0,1,
6293,6.293,0.0,0.02872478415372787,0,1,
6294,6.2940000000000005,0.0,0.027323859899457792,0,1,
6295,6.295,0.0,0.025991259527299373,0,1,
6296,6.296,0.0,0.024723650842201683,0,1,
6297,6.297,0.0,0.0235178641621841,0,1,
6298,6.298,0.0,0.022370884392480347,0,1,
6299,6.299,0.0,0.021279843486231086,0,1,
6300,6.3,0.0,0.020242013272872863,0,1,4.540487216311279
6301,6.301,0.0,0.01925479863629067,0,1,
6302,6.3020000000000005,0.0,0.018315731025675908,0,1,
6303,6.303,0.0,0.017422462282863566,0,1,
6304,6.304,0.0,0.016572758770713705,0,1,
6305,6.305,0.0,0.01576449578785516,0,1,
6306,6.306,0.0,0.014995652255825394,0,1,
6307,6.307,0.0,0.014264305665321624,0,1,
6308,6.308,0.0,0.013568627268926162,0,1,
6309,6.309,0.0,0.012906877508285328,0,1,
6310,6.3100000000000005,0.0,0.012277401664307462,0,1,
6311,6.311,0.0,0.011678625719503295,0,1,
6312,6.312,0.0,0.011109052422122357,0,1,
6313,6.313,0.0,0.010567257542243714,0,1,
6314,6.314,0.0,0.010051886310459317,0,1,
6315,6.315,0.0,0.009561650030244822,0,1,
6316,6.316,0.0,0.009095322855547016,0,1,
6317,6.317,0.0,0.008651738725530178,0,1,
6318,6.3180000000000005,0.0,0.008229788448816612,0,1,
6319,6.319,0.0,0.00782841692993045,0,1,
6320,6.32,0.0,0.0074466205310093885,0,1,
6321,6.321,0.0,0.007083444562187262,0,1,
6322,6.322,0.0,0.006737980894372102,0,1,
6323,6.323,0.0,0.00640936568845038,0,1,
6324,6.324,0.0,0.006096777235239278,0,1,
6325,6.325,0.0,0.005799433900785713,0,1,
6326,6.3260000000000005,0.0,0.0055165921718743245,0,1,
6327,6.327,0.0,0.005247544796857157,0,1,
6328,6.328,0.0,0.00499161901715615,0,1,
6329,6.329,0.0,0.004748174885016264,0,1,
6330,6.33,0.0,0.004516603663302765,0,1,
6331,6.331,0.0,0.004296326303341306,0,1,
6332,6.332,0.0,0.00408679199699463,0,1,
6333,6.333,0.0,0.003887476799355326,0,1,
6334,6.3340000000000005,0.0,0.0036978823186106444,0,1,
6335,6.335,0.0,0.003517534469803369,0,1,
6336,6.336,0.0,0.003345982289372483,0,1,
6337,6.337,0.0,0.0031827968075093687,0,1,
6338,6.338,0.0,0.003027569975509847,0,1,
6339,6.339,0.0,0.0028799136454398726,0,1,
6340,6.34,0.0,0.002739458599563523,0,1,
6341,6.341,0.0,0.002605853627106342,0,1,
6342,6.3420000000000005,0.0,0.002478764646045464,0,1,
6343,6.343,0.0,0.002357873867730543,0,1,
6344,6.344,0.0,0.002242879002246597,0,1,
6345,6.345,0.0,0.002133492502531766,0,1,
6346,6.346,0.0,0.00202944084535988,0,1,
6347,6.347,0.0,0.0019304638473899214,0,1,
6348,6.348,0.0,0.0018363140145721492,0,1,
6349,6.349,0.0,0.0017467559232840612,0,1,
6350,6.3500000000000005,0.0,0.0016615656316487108,0,1,
6351,6.351,0.0,0.0015805301195633684,0,1,
6352,6.352,0.0,0.0015034467560383078,0,1,
6353,6.353,0.0,0.0014301227925137849,0,1,
6354,6.354,0.0,0.0013603748808882416,0,1,
6355,6.355,0.0,0.0012940286150525495,0,1,
6356,6.356,0.0,0.0012309180947838927,0,1,
6357,6.357,0.0,0.0011708855109087975,0,1,
6358,6.3580000000000005,0.0,0.0011137807506979998,0,1,
6359,6.359,0.0,0.0010594610225064317,0,1,
6360,6.36,0.0,0.001007790498719731,0,1,
6361,6.361,0.0,0.0009586399761144573,0,1,
6362,6.362,0.0,0.0009118865527827335,0,1,
6363,6.363,0.0,0.0008674133208134596,0,1,
6364,6.364,0.0,0.0008251090739616404,0,1,
6365,6.365,0.0,0.0007848680295748483,0,1,
6366,6.3660000000000005,0.0,0.0007465895640814923,0,1,
6367,6.367,0.0,0.0007101779613794769,0,1,
6368,6.368,0.0,0.0006755421734960901,0,1,
6369,6.369,0.0,0.0006425955929206473,0,1,
6370,6.37,0.0,0.0006112558360406024,0,1,
6371,6.371,0.0,0.000581444537139605,0,1,
6372,6.372,0.0,0.0005530871524423905,0,1,
6373,6.373,0.0,0.0005261127737165137,0,1,
6374,6.3740000000000006,0.0,0.0005004539509648338,0,1,
6375,6.375,0.0,0.0004760465237653874,0,1,
6376,6.376,0.0,0.00045282946083691493,0,1,
6377,6.377,0.0,0.0004307447074288672,0,1,
6378,6.378,0.0,0.0004097370401542898,0,1,
6379,6.3790000000000004,0.0,0.00038975392890259103,0,1,
6380,6.38,0.0,0.0003707454054869039,0,1,
6381,6.381,0.0,0.00035266393869759147,0,1,
6382,6.382000000000001,0.0,0.000335464315449465,0,1,
6383,6.383,0.0,0.00031910352772552056,0,1,
6384,6.384,0.0,0.0003035406650344946,0,1,
6385,6.385,0.0,0.0002887368121133263,0,1,
6386,6.386,0.0,0.00027465495161873015,0,1,
6387,6.3870000000000005,0.0,0.0002612598715645561,0,1,
6388,6.388,0.0,0.00024851807727348317,0,1,
6389,6.389,0.0,0.00023639770762287938,0,1,
6390,6.390000000000001,0.0,0.0002248684553753996,0,1,
6391,6.391,0.0,0.00021390149139510585,0,1,
6392,6.392,0.0,0.00020346939255961097,0,1,
6393,6.393,0.0,0.0001935460731879886,0,1,
6394,6.394,0.0,0.00018410671981298349,0,1,
6395,6.3950000000000005,0.0,0.00017512772913441847,0,1,
6396,6.396,0.0,0.0001665866489986498,0,1,
6397,6.397,0.0,0.0001584621222564881,0,1,
6398,6.398000000000001,0.0,0.00015073383335920096,0,1,
6399,6.399,0.0,0.00014338245755905925,0,1,
6400,6.4,0.0,0.00013638961258740197,0,1,4.535588474978615
6401,6.401,0.0,0.0001297378126893897,0,1,
6402,6.402,0.0,0.00012341042490050962,0,1,
6403,6.4030000000000005,0.0,0.00011739162745550035,0,1,
6404,6.404,0.0,0.00011166637022569781,0,1,
6405,6.405,0.0,0.0001062203370858742,0,1,
6406,6.406,0.0,0.00010103991011646797,0,1,
6407,6.407,0.0,9.61121355516917e-05,0,1,
6408,6.408,0.0,9.142469138837031e-05,0,1,
6409,6.409,0.0,8.696585657451488e-05,0,1,
6410,6.41,0.0,8.272448170058743e-05,0,1,
6411,6.4110000000000005,0.0,7.868996112016964e-05,0,1,
6412,6.412,0.0,7.485220643032252e-05,0,1,
6413,6.413,0.0,7.120162124532433e-05,0,1,
6414,6.414,0.0,6.772907720070767e-05,0,1,
6415,6.415,0.0,6.442589112759359e-05,0,1,
6416,6.416,0.0,6.12838033402465e-05,0,1,
6417,6.417,0.0,5.829495698255761e-05,0,1,
6418,6.418,0.0,5.545187838181216e-05,0,1,
6419,6.4190000000000005,0.0,5.2747458360614765e-05,0,1,
6420,6.42,0.0,5.017493446024296e-05,0,1,
6421,6.421,0.0,4.7727874030977956e-05,0,1,
6422,6.422,0.0,4.5400158147129736e-05,0,1,
6423,6.423,0.0,4.318596630653562e-05,0,1,
6424,6.424,0.0,4.1079761876273107e-05,0,1,
6425,6.425,0.0,3.907627824819364e-05,0,1,
6426,6.426,0.0,3.7170505669659e-05,0,1,
6427,6.4270000000000005,0.0,3.535767871655026e-05,0,1,
6428,6.428,0.0,3.363326437722525e-05,0,1,
6429,6.429,0.0,3.199295071762834e-05,0,1,
6430,6.43,0.0,3.0432636099209312e-05,0,1,
6431,6.431,0.0,2.8948418922690528e-05,0,1,
6432,6.432,0.0,2.753658787203649e-05,0,1,
6433,6.433,0.0,2.6193612634230612e-05,0,1,
6434,6.434,0.0,2.4916135071653816e-05,0,1,
6435,6.4350000000000005,0.0,2.3700960824991316e-05,0,1,
6436,6.436,0.0,2.2545051325670458e-05,0,1,
6437,6.437,0.0,2.144551619785657e-05,0,1,
6438,6.438,0.0,2.0399606031007847e-05,0,1,
6439,6.439,0.0,1.940470550491689e-05,0,1,
6440,6.44,0.0,1.845832685004793e-05,0,1,
6441,6.441,0.0,1.755810362681717e-05,0,1,
6442,6.442,0.0,1.6701784808261196e-05,0,1,
6443,6.4430000000000005,0.0,1.5887229151297064e-05,0,1,
6444,6.444,0.0,1.5112399842499273e-05,0,1,
6445,6.445,0.0,1.4375359405005264e-05,0,1,
6446,6.446,0.0,1.3674264853814083e-05,0,1,
6447,6.447,0.0,1.300736308736391e-05,0,1,
6448,6.448,0.0,1.2372986503865003e-05,0,1,
6449,6.449,0.0,1.1769548831426608e-05,0,1,
6450,6.45,0.0,1.1195541161550984e-05,0,1,
6451,6.4510000000000005,0.0,1.0649528176076198e-05,0,1,
6452,6.452,0.0,1.0130144558133101e-05,0,1,
6453,6.453,0.0,9.636091578141989e-06,0,1,
6454,6.454,0.0,9.16613384631218e-06,0,1,
6455,6.455,0.0,8.719096223524051e-06,0,1,
6456,6.456,0.0,8.293860882869132e-06,0,1,
6457,6.457,0.0,7.889364514500588e-06,0,1,
6458,6.458,0.0,7.504595666804749e-06,0,1,
6459,6.4590000000000005,0.0,7.138592217245234e-06,0,1,
6460,6.46,0.0,6.79043896655546e-06,0,1,
6461,6.461,0.0,6.459265350263774e-06,0,1,
6462,6.462,0.0,6.144243261828812e-06,0,1,
6463,6.463,0.0,5.844584981941811e-06,0,1,
6464,6.464,0.0,5.559541208818025e-06,0,1,
6465,6.465,0.0,5.288399184551974e-06,0,1,
6466,6.466,0.0,5.0304809128514195e-06,0,1,
6467,6.4670000000000005,0.0,4.785141463693482e-06,0,1,
6468,6.468,0.0,4.551767360663656e-06,0,1,
6469,6.469,0.0,4.3297750469452235e-06,0,1,
6470,6.47,0.0,4.118609426123257e-06,0,1,
6471,6.471,0.0,3.9177424741544415e-06,0,1,
6472,6.472,0.0,3.726671919031933e-06,0,1,
6473,6.473,0.0,3.544919984843717e-06,0,1,
6474,6.474,0.0,3.3720321970839688e-06,0,1,
6475,6.4750000000000005,0.0,3.207576246230062e-06,0,1,
6476,6.476,0.0,3.051140906743582e-06,0,1,
6477,6.477,0.0,2.902335008792284e-06,0,1,
6478,6.478,0.0,2.760786460121759e-06,0,1,
6479,6.479,0.0,2.6261413156309843e-06,0,1,
6480,6.48,0.0,2.4980628923252093e-06,0,1,
6481,6.481,0.0,1.0000023762309274,0,1,
6482,6.482,0.0,0.9512316848414916,0,1,
6483,6.4830000000000005,0.0,0.9048395681386165,0,1,
6484,6.484,0.0,0.8607100216659708,0,1,
6485,6.485,0.0,0.8187326985713185,0,1,
6486,6.486,0.0,0.7788026336819118,0,1,
6487,6.487,0.0,0.7408199810368854,0,1,
6488,6.488,0.0,0.7046897642203463,0,1,
6489,6.489,0.0,0.6703216388708639,0,1,
6490,6.49,0.0,0.6376296667735073,0,1,
6491,6.4910000000000005,0.0,0.6065321009695454,0,1,
6492,6.492,0.0,0.5769511813464696,0,1,
6493,6.493,0.0,0.5488129401972094,0,1,
6494,6.494,0.0,0.5220470172623363,0,1,
6495,6.495,0.0,0.49658648379276643,0,1,
6496,6.496,0.0,0.47236767519302636,0,1,
6497,6.497,0.0,0.4493300318266027,0,1,
6498,6.498,0.0,0.42741594758530677,0,1,
6499,6.4990000000000006,0.0,0.4065706258439987,0,1,
6500,6.5,0.0,0.38674194244048204,0,1,4.529841404089475
6501,6.501,0.0,0.367880315337948,0,1,
6502,6.502,0.0,0.3499385806440575,0,1,
6503,6.503,0.0,0.3328718746766435,0,1,
6504,6.5040000000000004,0.0,0.31663752178113735,0,1,
6505,6.505,0.0,0.3011949276192036,0,1,
6506,6.506,0.0,0.2865054776617492,0,1,
6507,6.507000000000001,0.0,0.2725324406324879,0,1,
6508,6.508,0.0,0.25924087666061646,0,1,
6509,6.509,0.0,0.24659754991293878,0,1,
6510,6.51,0.0,0.23457084548697085,0,1,
6511,6.511,0.0,0.2231306903572172,0,1,
6512,6.5120000000000005,0.0,0.21224847817694273,0,1,
6513,6.513,0.0,0.20189699774740558,0,1,
6514,6.514,0.0,0.19205036497568656,0,1,
6515,6.515000000000001,0.0,0.1826839581509744,0,1,
6516,6.516,0.0,0.1737743563774639,0,1,
6517,6.517,0.0,0.16529928100991698,0,1,
6518,6.518,0.0,0.15723753994544512,0,1,
6519,6.519,0.0,0.1495689746322138,0,1,
6520,6.5200000000000005,0.0,0.14227440966256263,0,1,
6521,6.521,0.0,0.13533560482449827,0,1,
6522,6.522,0.0,0.12873520949166356,0,1,
6523,6.523000000000001,0.0,0.12245671923773399,0,1,
6524,6.524,0.0,0.11648443456675522,0,1,
6525,6.525,0.0,0.11080342165622566,0,1,
6526,6.526,0.0,0.10539947501476149,0,1,
6527,6.527,0.0,0.10025908196096896,0,1,
6528,6.5280000000000005,0.0,0.09536938883470242,0,1,
6529,6.529,0.0,0.0907181688562188,0,1,
6530,6.53,0.0,0.08629379155285961,0,1,
6531,6.531,0.0,0.08208519367681123,0,1,
6532,6.532,0.0,0.0780818515412228,0,1,
6533,6.533,0.0,0.07427375470550755,0,1,
6534,6.534,0.0,0.07065138094402715,0,1,
6535,6.535,0.0,0.06720567243556766,0,1,
6536,6.5360000000000005,0.0,0.06392801311406852,0,1,
6537,6.537,0.0,0.0608102071239695,0,1,
6538,6.538,0.0,0.05784445832630273,0,1,
6539,6.539,0.0,0.05502335080428448,0,1,
6540,6.54,0.0,0.05233983031966043,0,1,
6541,6.541,0.0,0.04978718667343561,0,1,
6542,6.542,0.0,0.04735903692688177,0,1,
6543,6.543,0.0,0.04504930944086581,0,1,
6544,6.5440000000000005,0.0,0.042852228693589366,0,1,
6545,6.545,0.0,0.040762300838775994,0,1,
6546,6.546,0.0,0.038774299968193864,0,1,
6547,6.547,0.0,0.0368832550441631,0,1,
6548,6.548,0.0,0.03508443746937232,0,1,
6549,6.549,0.0,0.03337334926292232,0,1,
6550,6.55,0.0,0.03174571181303092,0,1,
6551,6.551,0.0,0.030197455178274924,0,1,
6552,6.5520000000000005,0.0,0.028724707910616563,0,1,
6553,6.553,0.0,0.0273237873747669,0,1,
6554,6.554,0.0,0.025991190539679392,0,1,
6555,6.555,0.0,0.02472358521914763,0,1,
6556,6.556,0.0,0.02351780173960416,0,1,
6557,6.557,0.0,0.022370825014285556,0,1,
6558,6.558,0.0,0.021279787003945026,0,1,
6559,6.559,0.0,0.0202419595452604,0,1,
6560,6.5600000000000005,0.0,0.019254747529004784,0,1,
6561,6.561,0.0,0.018315682410921765,0,1,
6562,6.562,0.0,0.017422416039078962,0,1,
6563,6.563,0.0,0.016572714782265092,0,1,
6564,6.564,0.0,0.0157644539447485,0,1,
6565,6.565,0.0,0.014995612453431126,0,1,
6566,6.566,0.0,0.01426426780411303,0,1,
6567,6.567,0.0,0.013568591254230501,0,1,
6568,6.5680000000000005,0.0,0.0129068432500471,0,1,
6569,6.569,0.0,0.012277369076863229,0,1,
6570,6.57,0.0,0.011678594721367471,0,1,
6571,6.571,0.0,0.011109022935783456,0,1,
6572,6.572,0.0,0.010567229493970529,0,1,
6573,6.573,0.0,0.010051859630116558,0,1,
6574,6.574,0.0,0.009561624651117734,0,1,
6575,6.575,0.0,0.009095298714174563,0,1,
6576,6.5760000000000005,0.0,0.008651715761546355,0,1,
6577,6.577,0.0,0.008229766604799495,0,1,
6578,6.578,0.0,0.007828396151258618,0,1,
6579,6.579,0.0,0.00744660076572534,0,1,
6580,6.58,0.0,0.007083425760867491,0,1,
6581,6.581,0.0,0.006737963010003516,0,1,
6582,6.582,0.0,0.006409348676312743,0,1,
6583,6.583,0.0,0.006096761052793384,0,1,
6584,6.5840000000000005,0.0,0.0057994185075670186,0,1,
6585,6.585,0.0,0.005516577529391765,0,1,
6586,6.586,0.0,0.005247530868496899,0,1,
6587,6.587,0.0,0.004991605768090037,0,1,
6588,6.588,0.0,0.004748162282114731,0,1,
6589,6.589,0.0,0.004516591675051993,0,1,
6590,6.59,0.0,0.004296314899764423,0,1,
6591,6.591,0.0,0.004086781149576755,0,1,
6592,6.5920000000000005,0.0,0.003887466480972263,0,1,
6593,6.593,0.0,0.0036978725034610615,0,1,
6594,6.594,0.0,0.00351752513334428,0,1,
6595,6.595,0.0,0.003345973408257877,0,1,
6596,6.596,0.0,0.003182788359531833,0,1,
6597,6.597,0.0,0.003027561939545037,0,1,
6598,6.598,0.0,0.002879906001393691,0,1,
6599,6.599,0.0,0.002739451328321873,0,1,
6600,6.6000000000000005,0.0,0.002605846710487332,0,1,4.6667969321389275
6601,6.601,0.0,0.0024787580667539437,0,1,
6602,6.602,0.0,0.0023578676093148564,0,1,
6603,6.603,0.0,0.0022428730490574454,0,1,
6604,6.604,0.0,0.0021334868396830757,0,1,
6605,6.605,0.0,0.002029435458691579,0,1,
6606,6.606,0.0,0.0019304587234325334,0,1,
6607,6.607,0.0,0.0018363091405131117,0,1,
6608,6.6080000000000005,0.0,0.001746751286935688,0,1,
6609,6.609,0.0,0.0016615612214177162,0,1,
6610,6.61,0.0,0.0015805259244218775,0,1,
6611,6.611,0.0,0.0015034427654962816,0,1,
6612,6.612,0.0,0.0014301189965927898,0,1,
6613,6.613,0.0,0.001360371270096498,0,1,
6614,6.614,0.0,0.0012940251803611972,0,1,
6615,6.615,0.0,0.0012309148276044143,0,1,
6616,6.6160000000000005,0.0,0.0011708824030715425,0,1,
6617,6.617,0.0,0.0011137777944317565,0,1,
6618,6.618,0.0,0.0010594582104189944,0,1,
6619,6.619,0.0,0.0010077878237794164,0,1,
6620,6.62,0.0,0.0009586374316325213,0,1,
6621,6.621,0.0,0.0009118841323966458,0,1,
6622,6.622,0.0,0.0008674110184709943,0,1,
6623,6.623,0.0,0.0008251068839057421,0,1,
6624,6.6240000000000006,0.0,0.0007848659463292366,0,1,
6625,6.625,0.0,0.000746587582436968,0,1,
6626,6.626,0.0,0.0007101760763808964,0,1,
6627,6.627,0.0,0.0006755403804299751,0,1,
6628,6.628,0.0,0.0006425938873033986,0,1,
6629,6.6290000000000004,0.0,0.0006112542136072885,0,1,
6630,6.63,0.0,0.0005814429938332976,0,1,
6631,6.631,0.0,0.0005530856844040199,0,1,
6632,6.632000000000001,0.0,0.0005261113772752194,0,1,
6633,6.633,0.0,0.000500452622628785,0,1,
6634,6.634,0.0,0.00047604526021305214,0,1,
6635,6.635,0.0,0.00045282825890875425,0,1,
6636,6.636,0.0,0.00043074356411943463,0,1,
6637,6.6370000000000005,0.0,0.0004097359526047162,0,1,
6638,6.638,0.0,0.000389752894393436,0,1,
6639,6.639,0.0,0.0003707444214313557,0,1,
6640,6.640000000000001,0.0,0.00035266300263499863,0,1,
6641,6.641,0.0,0.0003354634250391835,0,1,
6642,6.642,0.0,0.00031910268074106094,0,1,
6643,6.643,0.0,0.0003035398593579545,0,1,
6644,6.644,0.0,0.00028873604573009473,0,1,
6645,6.6450000000000005,0.0,0.00027465422261244984,0,1,
6646,6.646,0.0,0.00026125917811233165,0,1,
6647,6.647,0.0,0.00024851741764132275,0,1,
6648,6.648000000000001,0.0,0.00023639708016135903,0,1,
6649,6.649,0.0,0.0002248678585155387,0,1,
6650,6.65,0.0,0.00021390092364444386,0,1,
6651,6.651,0.0,0.0002034688524984755,0,1,
6652,6.652,0.0,0.0001935455594659455,0,1,
6653,6.6530000000000005,0.0,0.00018410623114546007,0,1,
6654,6.654,0.0,0.0001751272642994914,0,1,
6655,6.655,0.0,0.00016658620683398964,0,1,
6656,6.656000000000001,0.0,0.00015846170165645287,0,1,
6657,6.657,0.0,0.0001507334332720715,0,1,
6658,6.658,0.0,0.00014338207698440936,0,1,
6659,6.659,0.0,0.00013638925057359678,0,1,
6660,6.66,0.0,0.00012973746833120614,0,1,
6661,6.6610000000000005,0.0,0.00012341009733687281,0,1,
6662,6.662,0.0,0.00011739131586733062,0,1,
6663,6.663,0.0,0.00011166607383386244,0,1,
6664,6.664,0.0,0.00010622005514923922,0,1,
6665,6.665,0.0,0.00010103964193004492,0,1,
6666,6.666,0.0,9.611188044487485e-05,0,1,
6667,6.667,0.0,9.142444872325973e-05,0,1,
6668,6.668,0.0,8.69656257443214e-05,0,1,
6669,6.6690000000000005,0.0,8.272426212811532e-05,0,1,
6670,6.67,0.0,7.868975225637334e-05,0,1,
6671,6.671,0.0,7.485200775293377e-05,0,1,
6672,6.672,0.0,7.120143225754617e-05,0,1,
6673,6.673,0.0,6.772889742997223e-05,0,1,
6674,6.674,0.0,6.442572012438037e-05,0,1,
6675,6.675,0.0,6.12836406769584e-05,0,1,
6676,6.676,0.0,5.829480225245169e-05,0,1,
6677,6.6770000000000005,0.0,5.545173119798255e-05,0,1,
6678,6.678,0.0,5.2747318355025225e-05,0,1,
6679,6.679,0.0,5.01748012828066e-05,0,1,
6680,6.68,0.0,4.7727747348681806e-05,0,1,
6681,6.681,0.0,4.540003764320207e-05,0,1,
6682,6.682,0.0,4.318585167965386e-05,0,1,
6683,6.683,0.0,4.107965283981033e-05,0,1,
6684,6.684,0.0,3.9076174529501904e-05,0,1,
6685,6.6850000000000005,0.0,3.7170407009387556e-05,0,1,
6686,6.686,0.0,3.535758486799703e-05,0,1,
6687,6.687,0.0,3.363317510571997e-05,0,1,
6688,6.688,0.0,3.199286579994575e-05,0,1,
6689,6.689,0.0,3.043255532301097e-05,0,1,
6690,6.69,0.0,2.8948342085993865e-05,0,1,
6691,6.691,0.0,2.7536514782709744e-05,0,1,
6692,6.692,0.0,2.6193543109512395e-05,0,1,
6693,6.6930000000000005,0.0,2.4916068937696118e-05,0,1,
6694,6.694,0.0,2.3700897916424794e-05,0,1,
6695,6.695,0.0,2.254499148519093e-05,0,1,
6696,6.696,0.0,2.1445459275831666e-05,0,1,
6697,6.697,0.0,2.0399551885102856e-05,0,1,
6698,6.698,0.0,1.9404653999738844e-05,0,1,
6699,6.699,0.0,1.845827785680706e-05,0,1,
6700,6.7,0.0,1.7558057023004852e-05,0,1,5.475413835643989
6701,6.7010000000000005,0.0,1.6701740477343624e-05,0,1,
6702,6.702,0.0,1.5887186982423857e-05,0,1,
6703,6.703,0.0,1.5112359730226281e-05,0,1,
6704,6.704,0.0,1.437532124903091e-05,0,1,
6705,6.705,0.0,1.3674228558728558e-05,0,1,
6706,6.706,0.0,1.3007328562410595e-05,0,1,
6707,6.707,0.0,1.237295366271353e-05,0,1,
6708,6.708,0.0,1.1769517591956993e-05,0,1,
6709,6.7090000000000005,0.0,1.1195511445648279e-05,0,1,
6710,6.71,0.0,1.064949990943517e-05,0,1,
6711,6.711,0.0,1.0130117670072423e-05,0,1,
6712,6.712,0.0,9.636066001427504e-06,0,1,
6713,6.713,0.0,9.166109516988782e-06,0,1,
6714,6.714,0.0,8.719073080755757e-06,0,1,
6715,6.715,0.0,8.293838868786967e-06,0,1,
6716,6.716,0.0,7.88934357405788e-06,0,1,
6717,6.7170000000000005,0.0,7.504575747639483e-06,0,1,
6718,6.718,0.0,7.138573269549121e-06,0,1,
6719,6.719,0.0,6.790420942949391e-06,0,1,
6720,6.72,0.0,6.459248205679345e-06,0,1,
6721,6.721,0.0,6.144226953395633e-06,0,1,
6722,6.722,0.0,5.844569468880303e-06,0,1,
6723,6.723,0.0,5.559526452337454e-06,0,1,
6724,6.724,0.0,5.288385147753453e-06,0,1,
6725,6.7250000000000005,0.0,5.030467560635641e-06,0,1,
6726,6.726,0.0,4.785128762672952e-06,0,1,
6727,6.727,0.0,4.5517552790792055e-06,0,1,
6728,6.728,0.0,4.329763554586599e-06,0,1,
6729,6.729,0.0,4.118598494253577e-06,0,1,
6730,6.73,0.0,3.917732075438337e-06,0,1,
6731,6.731,0.0,3.7266620274671974e-06,0,1,
6732,6.732,0.0,3.544910575696286e-06,0,1,
6733,6.7330000000000005,0.0,3.372023246826073e-06,0,1,
6734,6.734,0.0,3.2075677324813945e-06,0,1,
6735,6.735,0.0,3.0511328082153373e-06,0,1,
6736,6.736,0.0,2.9023273052339225e-06,0,1,
6737,6.737,0.0,2.760779132270372e-06,0,1,
6738,6.738,0.0,2.626134345163127e-06,0,1,
6739,6.739,0.0,2.4980562618110805e-06,0,1,
6740,6.74,0.0,2.3762246202929592e-06,0,1,
6741,6.7410000000000005,0.0,2.2603347780456995e-06,0,1,
6742,6.742,0.0,2.15009695009936e-06,0,1,
6743,6.743,0.0,2.0452354844637547e-06,0,1,
6744,6.744,0.0,1.9454881728548965e-06,0,1,
6745,6.745,0.0,1.8506055950377088e-06,0,1,
6746,6.746,0.0,1.7603504951455211e-06,0,1,
6747,6.747,0.0,1.674497188416821e-06,0,1,
6748,6.748,0.0,1.5928309968657964e-06,0,1,
6749,6.7490000000000006,0.0,1.51514771247555e-06,0,1,
6750,6.75,0.0,1.4412530865716908e-06,0,1,
6751,6.751,0.0,1.3709623440994672e-06,0,1,
6752,6.752,0.0,1.304099721589886e-06,0,1,
6753,6.753,0.0,1.2404980276594886e-06,0,1,
6754,6.7540000000000004,0.0,1.1799982249448062e-06,0,1,
6755,6.755,0.0,1.122449032426112e-06,0,1,
6756,6.756,0.0,1.0677065471460739e-06,0,1,
6757,6.757000000000001,0.0,1.0156338843774044e-06,0,1,
6758,6.758,0.0,9.661008353397431e-07,0,1,
6759,6.759,0.0,9.189835416098829e-07,0,1,
6760,6.76,0.0,8.741641854111969e-07,0,1,
6761,6.761,0.0,8.315306950078283e-07,0,1,
6762,6.7620000000000005,0.0,7.909764644669753e-07,0,1,
6763,6.763,0.0,7.524000870885304e-07,0,1,
6764,6.764,0.0,7.157051018355099e-07,0,1,
6765,6.765000000000001,0.0,1.0000006807997521,0,1,
6766,6.766,0.0,0.9512300720974705,0,1,
6767,6.767,0.0,0.9048380340490495,0,1,
6768,6.768,0.0,0.8607085623948348,0,1,
6769,6.769,0.0,0.8187313104696756,0,1,
6770,6.7700000000000005,0.0,0.778801313278785,0,1,
6771,6.771,0.0,0.7408187250305789,0,1,
6772,6.772,0.0,0.7046885694701902,0,1,
6773,6.773000000000001,0.0,0.6703205023893605,0,1,
6774,6.774,0.0,0.6376285857188608,0,1,
6775,6.775,0.0,0.6065310726385562,0,1,
6776,6.776,0.0,0.5769502031677746,0,1,
6777,6.777,0.0,0.5488120097248522,0,1,
6778,6.7780000000000005,0.0,0.5220461321696515,0,1,
6779,6.779,0.0,0.49658564186656123,0,1,
6780,6.78,0.0,0.4723668743280467,0,1,
6781,6.781000000000001,0.0,0.44932927002026896,0,1,
6782,6.782,0.0,0.4274152229327064,0,1,
6783,6.783,0.0,0.4065699365331227,0,1,
6784,6.784,0.0,0.3867412867476941,0,1,
6785,6.785,0.0,0.3678796916236747,0,1,
6786,6.7860000000000005,0.0,0.3499379873486882,0,1,
6787,6.787,0.0,0.3328713103166308,0,1,
6788,6.788,0.0,0.3166369849452873,0,1,
6789,6.789,0.0,0.30119441696514687,0,1,
6790,6.79,0.0,0.28650499191258477,0,1,
6791,6.791,0.0,0.27253197857358974,0,1,
6792,6.792,0.0,0.25924043713659667,0,1,
6793,6.793,0.0,0.24659713182475837,0,1,
6794,6.7940000000000005,0.0,0.23457044778919162,0,1,
6795,6.795,0.0,0.22313031205538753,0,1,
6796,6.796,0.0,0.212248118325111,0,1,
6797,6.797,0.0,0.2018966554457548,0,1,
6798,6.798,0.0,0.1920500393682843,0,1,
6799,6.799,0.0,0.18268364842363255,0,1,
6800,6.8,0.0,0.17377406175570276,0,1,5.477162987123908
6801,6.801,0.0,0.16529900075702866,0,1,
6802,6.8020000000000005,0.0,0.15723727336065146,0,1,
6803,6.803,0.0,0.14956872104891394,0,1,
6804,6.804,0.0,0.14227416844666624,0,1,
6805,6.805,0.0,0.13533537537283996,0,1,
6806,6.806,0.0,0.12873499123049467,0,1,
6807,6.807,0.0,0.12245651162128791,0,1,
6808,6.808,0.0,0.1164842370758827,0,1,
6809,6.809,0.0,0.11080323379709663,0,1,
6810,6.8100000000000005,0.0,0.10539929631763029,0,1,
6811,6.811,0.0,0.10025891197899968,0,1,
6812,6.812,0.0,0.0953692271428516,0,1,
6813,6.813,0.0,0.0907180150501726,0,1,
6814,6.814,0.0,0.0862936452480228,0,1,
6815,6.815,0.0,0.0820850545073455,0,1,
6816,6.816,0.0,0.07808171915913201,0,1,
6817,6.817,0.0,0.07427362877976751,0,1,
6818,6.8180000000000005,0.0,0.07065126115975792,0,1,
6819,6.819,0.0,0.06720555849324618,0,1,
6820,6.82,0.0,0.06392790472877964,0,1,
6821,6.821,0.0,0.060810104024693536,0,1,
6822,6.822,0.0,0.05784436025523779,0,1,
6823,6.823,0.0,0.055023257516201816,0,1,
6824,6.824,0.0,0.05233974158129124,0,1,
6825,6.825,0.0,0.04978710226288776,0,1,
6826,6.8260000000000005,0.0,0.04735895663308492,0,1,
6827,6.827,0.0,0.04504923306304364,0,1,
6828,6.828,0.0,0.04285215604075754,0,1,
6829,6.829,0.0,0.04076223172926459,0,1,
6830,6.83,0.0,0.0387742342291931,0,1,
6831,6.831,0.0,0.03688319251129124,0,1,
6832,6.832,0.0,0.03508437798626461,0,1,
6833,6.833,0.0,0.03337329268084001,0,1,
6834,6.8340000000000005,0.0,0.03174565799048933,0,1,
6835,6.835,0.0,0.030197403980689663,0,1,
6836,6.836,0.0,0.028724659209966998,0,1,
6837,6.837,0.0,0.027323741049276044,0,1,
6838,6.838,0.0,0.025991146473509388,0,1,
6839,6.839,0.0,0.024723543302110098,0,1,
6840,6.84,0.0,0.02351776186688467,0,1,
6841,6.841,0.0,0.02237078708618154,0,1,
6842,6.8420000000000005,0.0,0.021279750925616472,0,1,
6843,6.843,0.0,0.020241925226492694,0,1,
6844,6.844,0.0,0.01925471488398313,0,1,
6845,6.845,0.0,0.018315651358016605,0,1,
6846,6.846,0.0,0.017422386500641856,0,1,
6847,6.847,0.0,0.01657268668443456,0,1,
6848,6.848,0.0,0.015764427217265335,0,1,
6849,6.849,0.0,0.014995587029462697,0,1,
6850,6.8500000000000005,0.0,0.014264243620086173,0,1,
6851,6.851,0.0,0.013568568249672551,0,1,
6852,6.852,0.0,0.012906821367434682,0,1,
6853,6.853,0.0,0.012277348261478412,0,1,
6854,6.854,0.0,0.011678574921160952,0,1,
6855,6.855,0.0,0.011109004101244404,0,1,
6856,6.856,0.0,0.010567211578002786,0,1,
6857,6.857,0.0,0.010051842587920872,0,1,
6858,6.8580000000000005,0.0,0.00956160844007974,0,1,
6859,6.859,0.0,0.00909528329375822,0,1,
6860,6.86,0.0,0.00865170109319259,0,1,
6861,6.861,0.0,0.008229752651829786,0,1,
6862,6.862,0.0,0.007828382878783272,0,1,
6863,6.863,0.0,0.007446588140556255,0,1,
6864,6.864,0.0,0.007083413751435168,0,1,
6865,6.865,0.0,0.006737951586278119,0,1,
6866,6.8660000000000005,0.0,0.006409337809729008,0,1,
6867,6.867,0.0,0.006096750716179191,0,1,
6868,6.868,0.0,0.0057994086750754485,0,1,
6869,6.869,0.0,0.005516568176436467,0,1,
6870,6.87,0.0,0.005247521971690614,0,1,
6871,6.871,0.0,0.004991597305186115,0,1,
6872,6.872,0.0,0.004748154231951502,0,1,
6873,6.873,0.0,0.004516584017499857,0,1,
6874,6.8740000000000006,0.0,0.004296307615675512,0,1,
6875,6.875,0.0,0.004086774220737052,0,1,
6876,6.876,0.0,0.0038874598900560603,0,1,
6877,6.877,0.0,0.0036978662339876354,0,1,
6878,6.878,0.0,0.003517519169636681,0,1,
6879,6.8790000000000004,0.0,0.0033459677354037297,0,1,
6880,6.88,0.0,0.0031827829633460474,0,1,
6881,6.881,0.0,0.003027556806534338,0,1,
6882,6.882000000000001,0.0,0.0028799011187228777,0,1,
6883,6.883,0.0,0.0027394466837817252,0,1,
6884,6.884,0.0,0.00260584229246408,0,1,
6885,6.885,0.0,0.002478753864200228,0,1,
6886,6.886,0.0,0.002357863611722104,0,1,
6887,6.8870000000000005,0.0,0.0022428692464295918,0,1,
6888,6.888,0.0,0.0021334832225115706,0,1,
6889,6.889,0.0,0.00202943201793161,0,1,
6890,6.890000000000001,0.0,0.0019304554504804082,0,1,
6891,6.891,0.0,0.0018363060271847453,0,1,
6892,6.892,0.0,0.001746748325446138,0,1,
6893,6.893,0.0,0.0016615584043617156,0,1,
6894,6.894,0.0,0.0015805232447553194,0,1,
6895,6.8950000000000005,0.0,0.0015034402165186036,0,1,
6896,6.896,0.0,0.0014301165719302201,0,1,
6897,6.897,0.0,0.0013603689636861173,0,1,
6898,6.898000000000001,0.0,0.001294022986435778,0,1,
6899,6.899,0.0,0.0012309127406780005,0,1,
6900,6.9,0.0,0.0011708804179257311,0,1,5.473484831427408
6901,6.901,0.0,0.0011137759061026486,0,1,
6902,6.902,0.0,0.0010594564141847838,0,1,
6903,6.9030000000000005,0.0,0.001007786115148582,0,1,
6904,6.904,0.0,0.000958635806332596,0,1,
6905,6.905,0.0,0.0009118825863635332,0,1,
6906,6.906000000000001,0.0,0.0008674095478388063,0,1,
6907,6.907,0.0,0.0008251054849971323,0,1,
6908,6.908,0.0,0.0007848646156462047,0,1,
6909,6.909,0.0,0.0007465863166521134,0,1,
6910,6.91,0.0,0.0007101748723290977,0,1,
6911,6.9110000000000005,0.0,0.0006755392351004756,0,1,
6912,6.912,0.0,0.000642592797832278,0,1,
6913,6.913,0.0,0.0006112531772703015,0,1,
6914,6.914,0.0,0.0005814420080390618,0,1,
6915,6.915,0.0,0.0005530847466875363,0,1,
6916,6.916,0.0,0.0005261104852917083,0,1,
6917,6.917,0.0,0.0005004517741478231,0,1,
6918,6.918,0.0,0.00047604445311299505,0,1,
6919,6.9190000000000005,0.0,0.00045282749117143143,0,1,
6920,6.92,0.0,0.0004307428338251029,0,1,
6921,6.921,0.0,0.0004097352579272593,0,1,
6922,6.922,0.0,0.00038975223359579846,0,1,
6923,6.923,0.0,0.0003707437928611992,0,1,
6924,6.924,0.0,0.00035266240472057043,0,1,
6925,6.925,0.0,0.0003354628562853861,0,1,
6926,6.926,0.0,0.00031910213972571357,0,1,
6927,6.9270000000000005,0.0,0.00030353934472823697,0,1,
6928,6.928,0.0,0.0002887355561991647,0,1,
6929,6.929,0.0,0.00027465375695622505,0,1,
6930,6.93,0.0,0.0002612587351664289,0,1,
6931,6.931,0.0,0.00024851699629814663,0,1,
6932,6.932,0.0,0.0002363966793673321,0,1,
6933,6.933,0.0,0.00022486747726846714,0,1,
6934,6.934,0.0,0.0002139005609910114,0,1,
6935,6.9350000000000005,0.0,0.00020346850753185966,0,1,
6936,6.936,0.0,0.00019354523132355007,0,1,
6937,6.937,0.0,0.0001841059190067581,0,1,
6938,6.938,0.0,0.00017512696738397358,0,1,
6939,6.939,0.0,0.0001665859243992125,0,1,
6940,6.94,0.0,0.00015846143299618235,0,1,
6941,6.941,0.0,0.000150733177714517,0,1,
6942,6.942,0.0,0.00014338183389054384,0,1,
6943,6.9430000000000005,0.0,0.000136389019335559,0,1,
6944,6.944,0.0,0.00012973724837078053,0,1,
6945,6.945,0.0,0.00012340988810404375,0,1,
6946,6.946,0.0,0.00011739111683890705,0,1,
6947,6.947,0.0,0.00011166588451216964,0,1,
6948,6.948,0.0,0.00010621987506087431,0,1,
6949,6.949,0.0,0.00010103947062469322,0,1,
6950,6.95,0.0,9.611171749418374e-05,0,1,
6951,6.9510000000000005,0.0,9.142429371976761e-05,0,1,
6952,6.952,0.0,8.696547830043878e-05,0,1,
6953,6.953,0.0,8.272412187515572e-05,0,1,
6954,6.954,0.0,7.86896188436313e-05,0,1,
6955,6.955,0.0,7.485188084680795e-05,0,1,
6956,6.956,0.0,7.120131154070514e-05,0,1,
6957,6.957,0.0,6.7728782600561e-05,0,1,
6958,6.958,0.0,6.442561089526561e-05,0,1,
6959,6.9590000000000005,0.0,6.128353677501044e-05,0,1,
6960,6.96,0.0,5.8294703417861523e-05,0,1,
6961,6.961,0.0,5.5451637183612224e-05,0,1,
6962,6.962,0.0,5.274722892578985e-05,0,1,
6963,6.963,0.0,5.0174716215086497e-05,0,1,
6964,6.964,0.0,4.772766642976337e-05,0,1,
6965,6.965,0.0,4.539996067074586e-05,0,1,
6966,6.966,0.0,4.318577846118863e-05,0,1,
6967,6.9670000000000005,0.0,4.107958319225179e-05,0,1,
6968,6.968,0.0,3.907610827869488e-05,0,1,
6969,6.969,0.0,3.7170343989670514e-05,0,1,
6970,6.97,0.0,3.5357524921787854e-05,0,1,
6971,6.971,0.0,3.3633118083121916e-05,0,1,
6972,6.972,0.0,3.1992811558372616e-05,0,1,
6973,6.973,0.0,3.0432503726830575e-05,0,1,
6974,6.974,0.0,2.8948293006188883e-05,0,1,
6975,6.9750000000000005,0.0,2.7536468096555097e-05,0,1,
6976,6.976,0.0,2.6193498700268376e-05,0,1,
6977,6.977,0.0,2.4916026694316486e-05,0,1,
6978,6.978,0.0,2.37008577332791e-05,0,1,
6979,6.979,0.0,2.2544953261800374e-05,0,1,
6980,6.98,0.0,2.1445422916617866e-05,0,1,
6981,6.981,0.0,2.0399517299148835e-05,0,1,
6982,6.982,0.0,1.9404621100561708e-05,0,1,
6983,6.9830000000000005,0.0,1.8458246562141725e-05,0,1,
6984,6.984,0.0,1.7558027254598355e-05,0,1,
6985,6.985,0.0,1.6701712160759446e-05,0,1,
6986,6.986,0.0,1.5887160046855786e-05,0,1,
6987,6.987,0.0,1.5112334108321366e-05,0,1,
6988,6.988,0.0,1.4375296876721044e-05,0,1,
6989,6.989,0.0,1.367420537507027e-05,0,1,
6990,6.99,0.0,1.3007306509432663e-05,0,1,
6991,6.9910000000000005,0.0,1.2372932685272023e-05,0,1,
6992,6.992,0.0,1.1769497637597381e-05,0,1,
6993,6.993,0.0,1.119549246447427e-05,0,1,
6994,6.994,0.0,1.064948185398394e-05,0,1,
6995,6.995,0.0,1.013010049519594e-05,0,1,
6996,6.996,0.0,9.636049664179633e-06,0,1,
6997,6.997,0.0,9.16609397651789e-06,0,1,
6998,6.998,0.0,8.719058298202575e-06,0,1,
6999,6.9990000000000006,0.0,8.29382480718741e-06,0,1,
7000,7.0,0.0,7.889330198250626e-06,0,1,5.473827954211802
7001,7.001,0.0,7.504563024178047e-06,0,1,
7002,7.002,0.0,7.138561166618222e-06,0,1,
7003,7.003,0.0,6.790409430285397e-06,0,1,
7004,7.0040000000000004,0.0,6.459237254494599e-06,0,1,
7005,7.005,0.0,6.1442165363064695e-06,0,1,
7006,7.006,0.0,5.844559559838573e-06,0,1,
7007,7.007000000000001,0.0,5.559517026565392e-06,0,1,
7008,7.008,0.0,5.288376181681719e-06,0,1,
7009,7.009,0.0,5.030459031844385e-06,0,1,
7010,7.01,0.0,4.785120649835753e-06,0,1,
7011,7.011,0.0,4.551747561909746e-06,0,1,
7012,7.0120000000000005,0.0,4.329756213787935e-06,0,1,
7013,7.013,0.0,4.118591511469888e-06,0,1,
7014,7.014,0.0,3.9177254332090274e-06,0,1,
7015,7.015000000000001,0.0,3.7266557091832335e-06,0,1,
7016,7.016,0.0,3.5449045655586674e-06,0,1,
7017,7.017,0.0,3.372017529806325e-06,0,1,
7018,7.018,0.0,3.2075622942839896e-06,0,1,
7019,7.019,0.0,3.0511276352419493e-06,0,1,
7020,7.0200000000000005,0.0,2.902322384549424e-06,0,1,
7021,7.021,0.0,2.7607744515704886e-06,0,1,
7022,7.022,0.0,2.62612989274367e-06,0,1,
7023,7.023000000000001,0.0,2.498052026538683e-06,0,1,
7024,7.024,0.0,2.376220591577234e-06,0,1,
7025,7.025,0.0,2.2603309458127583e-06,0,1,
7026,7.026,0.0,2.1500933047666248e-06,0,1,
7027,7.027,0.0,2.045232016915995e-06,0,1,
7028,7.0280000000000005,0.0,1.9454848744214364e-06,0,1,
7029,7.029,0.0,1.8506024574707469e-06,0,1,
7030,7.03,0.0,1.7603475105995057e-06,0,1,
7031,7.031000000000001,0.0,1.6744943494288324e-06,0,1,
7032,7.032,0.0,1.5928282963368857e-06,0,1,
7033,7.033,0.0,1.5151451436529886e-06,0,1,
7034,7.034,0.0,1.441250643032084e-06,0,1,
7035,7.035,0.0,1.3709600197326932e-06,0,1,
7036,7.0360000000000005,0.0,1.3040975105838173e-06,0,1,
7037,7.037,0.0,1.2404959244854584e-06,0,1,
7038,7.038,0.0,1.1799962243437838e-06,0,1,
7039,7.039000000000001,0.0,1.122447129395553e-06,0,1,
7040,7.04,0.0,1.0677047369274102e-06,0,1,
7041,7.041,0.0,1.0156321624441467e-06,0,1,
7042,7.042,0.0,9.660991973861614e-07,0,1,
7043,7.043,0.0,9.1898198354024e-07,0,1,
7044,7.0440000000000005,0.0,8.741627033295072e-07,0,1,
7045,7.045,0.0,8.315292852081155e-07,0,1,
7046,7.046,0.0,7.909751234240058e-07,0,1,
7047,7.047,0.0,7.523988114489983e-07,0,1,
7048,7.048,0.0,7.157038884096519e-07,0,1,
7049,7.049,0.0,6.807985978848365e-07,0,1,
7050,7.05,0.0,6.47595658466886e-07,0,1,
7051,7.051,0.0,6.160120455126169e-07,0,1,
7052,7.0520000000000005,0.0,5.859687835384742e-07,0,1,
7053,7.053,0.0,5.573907487406863e-07,0,1,
7054,7.054,0.0,5.302064811466251e-07,0,1,
7055,7.055,0.0,5.043480059276529e-07,0,1,
7056,7.056,0.0,4.797506634266439e-07,0,1,
7057,7.057,0.0,4.5635294747516227e-07,0,1,
7058,7.058,0.0,4.340963515960032e-07,0,1,
7059,7.059,0.0,4.129252227065257e-07,0,1,
7060,7.0600000000000005,0.0,3.9278662195695764e-07,0,1,
7061,7.061,0.0,3.7363019235569635e-07,0,1,
7062,7.062,0.0,3.554080328506001e-07,0,1,
7063,7.063,0.0,3.380745785514072e-07,0,1,
7064,7.064,0.0,3.215864867937765e-07,0,1,
7065,7.065,0.0,3.059025287600505e-07,0,1,
7066,7.066,0.0,2.9098348638573597e-07,0,1,
7067,7.067,0.0,2.76792054293915e-07,0,1,
7068,7.0680000000000005,0.0,2.6329274651237116e-07,0,1,
7069,7.069,0.0,2.504518077401752e-07,0,1,
7070,7.07,0.0,2.3823712894185032e-07,0,1,
7071,7.071,0.0,1.0000002266181671,0,1,
7072,7.072,0.0,0.9512296400665827,0,1,
7073,7.073,0.0,0.9048376230885569,0,1,
7074,7.074,0.0,0.860708171477122,0,1,
7075,7.075,0.0,0.8187309386172447,0,1,
7076,7.0760000000000005,0.0,0.7788009595618111,0,1,
7077,7.077,0.0,0.7408183885645854,0,1,
7078,7.078,0.0,0.7046882494138369,0,1,
7079,7.079,0.0,0.6703201979423397,0,1,
7080,7.08,0.0,0.6376282961198965,0,1,
7081,7.081,0.0,0.6065307971635,0,1,
7082,7.082,0.0,0.5769499411277954,0,1,
7083,7.083,0.0,0.5488117604647137,0,1,
7084,7.0840000000000005,0.0,0.5220458950660734,0,1,
7085,7.085,0.0,0.4965854163266611,0,1,
7086,7.086,0.0,0.4723666597878573,0,1,
7087,7.087,0.0,0.44932906594332805,0,1,
7088,7.088,0.0,0.42741502880871535,0,1,
7089,7.089,0.0,0.4065697518766704,0,1,
7090,7.09,0.0,0.38674111109704323,0,1,
7091,7.091,0.0,0.36787952453960715,0,1,
7092,7.0920000000000005,0.0,0.3499378284134068,0,1,
7093,7.093,0.0,0.3328711591327146,0,1,
7094,7.094,0.0,0.3166368411346977,0,1,
7095,7.095,0.0,0.3011942801682825,0,1,
7096,7.096,0.0,0.28650486178738216,0,1,
7097,7.097,0.0,0.2725318547946681,0,1,
7098,7.098,0.0,0.2592403193944443,0,1,
7099,7.099,0.0,0.24659701982495855,0,1,
7100,7.1000000000000005,0.0,0.2345703412516865,0,1,5.470380819493049
7101,7.101,0.0,0.22313021071377784,0,1,
7102,7.102,0.0,0.21224802192598993,0,1,
7103,7.103,0.0,0.20189656374807433,0,1,
7104,7.104,0.0,0.19204995214275247,0,1,
7105,7.105,0.0,0.1826835654521401,0,1,
7106,7.106,0.0,0.17377398283077775,0,1,
7107,7.107,0.0,0.16529892568131768,0,1,
7108,7.1080000000000005,0.0,0.15723720194642613,0,1,
7109,7.109,0.0,0.14956865311760148,0,1,
7110,7.11,0.0,0.14227410382840297,0,1,
7111,7.111,0.0,0.13533531390604658,0,1,
7112,7.112,0.0,0.12873493276147216,0,1,
7113,7.113,0.0,0.12245645600383327,0,1,
7114,7.114,0.0,0.11648418417092334,0,1,
7115,7.115,0.0,0.11080318347234258,0,1,
7116,7.1160000000000005,0.0,0.10539924844724347,0,1,
7117,7.117,0.0,0.10025886644327918,0,1,
7118,7.118,0.0,0.0953691838279344,0,1,
7119,7.119,0.0,0.09071797384774884,0,1,
7120,7.12,0.0,0.08629360605506495,0,1,
7121,7.121,0.0,0.08208501722585076,0,1,
7122,7.122,0.0,0.07808168369587722,0,1,
7123,7.123,0.0,0.07427359504607607,0,1,
7124,7.1240000000000006,0.0,0.07065122907127802,0,1,
7125,7.125,0.0,0.06720552796973991,0,1,
7126,7.126,0.0,0.06392787569392233,0,1,
7127,7.127,0.0,0.06081007640588292,0,1,
7128,7.128,0.0,0.05784433398341246,0,1,
7129,7.1290000000000004,0.0,0.05502323252566853,0,1,
7130,7.13,0.0,0.05233971780956064,0,1,
7131,7.131,0.0,0.049787079650518144,0,1,
7132,7.132000000000001,0.0,0.047358935123533584,0,1,
7133,7.133,0.0,0.0450492126025255,0,1,
7134,7.134,0.0,0.04285213657811064,0,1,
7135,7.135,0.0,0.040762213215822185,0,1,
7136,7.136,0.0,0.038774216618661934,0,1,
7137,7.1370000000000005,0.0,0.03688317575963581,0,1,
7138,7.138,0.0,0.035084362051597054,0,1,
7139,7.139,0.0,0.033373277523315356,0,1,
7140,7.140000000000001,0.0,0.031745643572205884,0,1,
7141,7.141,0.0,0.030197390265594194,0,1,
7142,7.142,0.0,0.02872464616376463,0,1,
7143,7.143,0.0,0.02732372863934447,0,1,
7144,7.144,0.0,0.02599113466881732,0,1,
7145,7.1450000000000005,0.0,0.024723532073139657,0,1,
7146,7.146,0.0,0.02351775118555758,0,1,
7147,7.147,0.0,0.02237077692578892,0,1,
7148,7.148000000000001,0.0,0.021279741260752046,0,1,
7149,7.149,0.0,0.020241916032989266,0,1,
7150,7.15,0.0,0.019254706138852155,0,1,
7151,7.151,0.0,0.018315643039390702,0,1,
7152,7.152,0.0,0.017422378587720125,0,1,
7153,7.1530000000000005,0.0,0.016572679157430575,0,1,
7154,7.154,0.0,0.015764420057357665,0,1,
7155,7.155,0.0,0.014995580218747844,0,1,
7156,7.156000000000001,0.0,0.014264237141533803,0,1,
7157,7.157,0.0,0.01356856208708291,0,1,
7158,7.158,0.0,0.012906815505398083,0,1,
7159,7.159,0.0,0.012277342685336711,0,1,
7160,7.16,0.0,0.01167856961697089,0,1,
7161,7.1610000000000005,0.0,0.011108999055742745,0,1,
7162,7.162,0.0,0.010567206778573146,0,1,
7163,7.163,0.0,0.010051838022562178,0,1,
7164,7.164000000000001,0.0,0.009561604097376216,0,1,
7165,7.165,0.0,0.009095279162850847,0,1,
7166,7.166,0.0,0.008651697163751948,0,1,
7167,7.167,0.0,0.008229748914030225,0,1,
7168,7.168,0.0,0.007828379323278347,0,1,
7169,7.1690000000000005,0.0,0.007446584758455351,0,1,
7170,7.17,0.0,0.007083410534281272,0,1,
7171,7.171,0.0,0.00673794852602667,0,1,
7172,7.172,0.0,0.006409334898727783,0,1,
7173,7.173,0.0,0.006096747947149171,0,1,
7174,7.174,0.0,0.005799406041092615,0,1,
7175,7.175,0.0,0.0055165656709144925,0,1,
7176,7.176,0.0,0.005247519588364388,0,1,
7177,7.1770000000000005,0.0,0.004991595038096081,0,1,
7178,7.178,0.0,0.004748152075428755,0,1,
7179,7.179,0.0,0.004516581966151965,0,1,
7180,7.18,0.0,0.004296305664373037,0,1,
7181,7.181,0.0,0.004086772364600722,0,1,
7182,7.182,0.0,0.003887458124444567,0,1,
7183,7.183,0.0,0.0036978645544860304,0,1,
7184,7.184,0.0,0.003517517572045336,0,1,
7185,7.1850000000000005,0.0,0.0033459662157278337,0,1,
7186,7.186,0.0,0.003182781517785619,0,1,
7187,7.187,0.0,0.0030275554314747235,0,1,
7188,7.188,0.0,0.0028798998107257123,0,1,
7189,7.189,0.0,0.0027394454395763346,0,1,
7190,7.19,0.0,0.0026058411089393023,0,1,
7191,7.191,0.0,0.002478752738396635,0,1,
7192,7.192,0.0,0.0023578625408246,0,1,
7193,7.1930000000000005,0.0,0.0022428682277603755,0,1,
7194,7.194,0.0,0.0021334822535234383,0,1,
7195,7.195,0.0,0.0020294310962015866,0,1,
7196,7.196,0.0,0.0019304545737036884,0,1,
7197,7.197,0.0,0.0018363051931689306,0,1,
7198,7.198,0.0,0.0017467475321057543,0,1,
7199,7.199,0.0,0.0016615576497129993,0,1,
7200,7.2,0.0,0.0015805225269112553,0,1,5.471210467888916
7201,7.2010000000000005,0.0,0.0015034395336842076,0,1,
7202,7.202,0.0,0.0014301159223980506,0,1,
7203,7.203,0.0,0.0013603683458320054,0,1,
7204,7.204,0.0,0.0012940223987147669,0,1,
7205,7.205,0.0,0.0012309121816204813,0,1,
7206,7.206,0.0,0.0011708798861337687,0,1,
7207,7.207,0.0,0.0011137754002464864,0,1,
7208,7.208,0.0,0.0010594559329995177,0,1,
7209,7.2090000000000005,0.0,0.0010077856574309983,0,1,
7210,7.21,0.0,0.0009586353709381622,0,1,
7211,7.211,0.0,0.0009118821722035366,0,1,
7212,7.212,0.0,0.0008674091538776311,0,1,
7213,7.213,0.0,0.0008251051102496703,0,1,
7214,7.214,0.0,0.0007848642591753921,0,1,
7215,7.215,0.0,0.0007465859775665875,0,1,
7216,7.216,0.0,0.000710174549780968,0,1,
7217,7.2170000000000005,0.0,0.0006755389282832038,0,1,
7218,7.218,0.0,0.0006425925059786611,0,1,
7219,7.219,0.0,0.0006112528996505534,0,1,
7220,7.22,0.0,0.0005814417439589886,0,1,
7221,7.221,0.0,0.0005530844954868003,0,1,
7222,7.222,0.0,0.0005261102463421768,0,1,
7223,7.223,0.0,0.0005004515468519977,0,1,
7224,7.224,0.0,0.00047604423690251785,0,1,
7225,7.2250000000000005,0.0,0.00045282728550566365,0,1,
7226,7.226,0.0,0.00043074263818977296,0,1,
7227,7.227,0.0,0.00040973507183317704,0,1,
7228,7.228,0.0,0.00038975205657763173,0,1,
7229,7.229,0.0,0.0003707436244763104,0,1,
7230,7.23,0.0,0.00035266224454790954,0,1,
7231,7.231,0.0,0.0003354627039244381,0,1,
7232,7.232,0.0,0.00031910199479549665,0,1,
7233,7.2330000000000005,0.0,0.00030353920686635014,0,1,
7234,7.234,0.0,0.00028873542506088144,0,1,
7235,7.235,0.0,0.0002746536322136313,0,1,
7236,7.236,0.0,0.00026125861650760327,0,1,
7237,7.237,0.0,0.0002485168834263802,0,1,
7238,7.238,0.0,0.00023639657200038664,0,1,
7239,7.239,0.0,0.00022486737513786938,0,1,
7240,7.24,0.0,0.00021390046384138167,0,1,
7241,7.2410000000000005,0.0,0.00020346841512027328,0,1,
7242,7.242,0.0,0.00019354514341892993,0,1,
7243,7.243,0.0,0.00018410583538929688,0,1,
7244,7.244,0.0,0.00017512688784458407,0,1,
7245,7.245,0.0,0.0001665858487390048,0,1,
7246,7.246,0.0,0.00015846136102596654,0,1,
7247,7.247,0.0,0.00015073310925433004,0,1,
7248,7.248,0.0,0.0001433817687691996,0,1,
7249,7.2490000000000006,0.0,0.0001363889573902202,0,1,
7250,7.25,0.0,0.00012973718944655157,0,1,
7251,7.251,0.0,0.00012340983205358336,0,1,
7252,7.252,0.0,0.00011739106352205987,0,1,
7253,7.253,0.0,0.00011166583379561577,0,1,
7254,7.2540000000000004,0.0,0.00010621982681779597,0,1,
7255,7.255,0.0,0.00010103942473445757,0,1,
7256,7.256,0.0,9.611167384204129e-05,0,1,
7257,7.257000000000001,0.0,9.142425219656526e-05,0,1,
7258,7.258,0.0,8.696543880234692e-05,0,1,
7259,7.259,0.0,8.272408430340852e-05,0,1,
7260,7.26,0.0,7.868958310427983e-05,0,1,
7261,7.261,0.0,7.485184685048521e-05,0,1,
7262,7.2620000000000005,0.0,7.120127920240262e-05,0,1,
7263,7.263,0.0,6.772875183941611e-05,0,1,
7264,7.264,0.0,6.442558163435946e-05,0,1,
7265,7.265000000000001,0.0,6.128350894117552e-05,0,1,
7266,7.266,0.0,5.829467694149875e-05,0,1,
7267,7.267,0.0,5.5451611998516895e-05,0,1,
7268,7.268,0.0,5.2747204968986115e-05,0,1,
7269,7.269,0.0,5.017469342666986e-05,0,1,
7270,7.2700000000000005,0.0,4.772764475275093e-05,0,1,
7271,7.271,0.0,4.5399940050933794e-05,0,1,
7272,7.272,0.0,4.318575884701667e-05,0,1,
7273,7.273000000000001,0.0,4.107956453467429e-05,0,1,
7274,7.274,0.0,3.9076090531058165e-05,0,1,
7275,7.275,0.0,3.717032710759626e-05,0,1,
7276,7.276,0.0,3.535750886306208e-05,0,1,
7277,7.277,0.0,3.3633102807589435e-05,0,1,
7278,7.2780000000000005,0.0,3.199279702783665e-05,0,1,
7279,7.279,0.0,3.0432489904957208e-05,0,1,
7280,7.28,0.0,2.8948279858416234e-05,0,1,
7281,7.281000000000001,0.0,2.7536455590006884e-05,0,1,
7282,7.282,0.0,2.619348680367172e-05,0,1,
7283,7.283,0.0,2.4916015377923696e-05,0,1,
7284,7.284,0.0,2.3700846968793297e-05,0,1,
7285,7.285,0.0,2.254494302230474e-05,0,1,
7286,7.2860000000000005,0.0,2.144541317650833e-05,0,1,
7287,7.287,0.0,2.0399508034070046e-05,0,1,
7288,7.288,0.0,1.9404612287346142e-05,0,1,
7289,7.289000000000001,0.0,1.8458238178751754e-05,0,1,
7290,7.29,0.0,1.7558019280071138e-05,0,1,
7291,7.291,0.0,1.6701704575154508e-05,0,1,
7292,7.292,0.0,1.5887152831205166e-05,0,1,
7293,7.293,0.0,1.511232724458218e-05,0,1,
7294,7.2940000000000005,0.0,1.4375290347730368e-05,0,1,
7295,7.295,0.0,1.3674199164502227e-05,0,1,
7296,7.296,0.0,1.3007300601757598e-05,0,1,
7297,7.297,0.0,1.2372927065717672e-05,0,1,
7298,7.298,0.0,1.1769492292111929e-05,0,1,
7299,7.299,0.0,1.119548737969122e-05,0,1,
7300,7.3,0.0,1.0649477017188686e-05,0,1,5.636317031072726
7301,7.301,0.0,1.0130095894293975e-05,0,1,
7302,7.3020000000000005,0.0,9.636045287666304e-06,0,1,
7303,7.303,0.0,9.166089813449636e-06,0,1,
7304,7.304,0.0,8.719054338169554e-06,0,1,
7305,7.305,0.0,8.29382104028748e-06,0,1,
7306,7.306,0.0,7.889326615064572e-06,0,1,
7307,7.307,0.0,7.504559615746039e-06,0,1,
7308,7.308,0.0,7.138557924417404e-06,0,1,
7309,7.309,0.0,6.790406346208579e-06,0,1,
7310,7.3100000000000005,0.0,6.459234320829982e-06,0,1,
7311,7.311,0.0,6.144213745718364e-06,0,1,
7312,7.312,0.0,5.844556905349056e-06,0,1,
7313,7.313,0.0,5.559514501536857e-06,0,1,
7314,7.314,0.0,5.288373779800278e-06,0,1,
7315,7.315,0.0,5.0304567471040845e-06,0,1,
7316,7.316,0.0,4.785118476523553e-06,0,1,
7317,7.317,0.0,4.5517454945912324e-06,0,1,
7318,7.3180000000000005,0.0,4.329754247293736e-06,0,1,
7319,7.319,0.0,4.1185896408827425e-06,0,1,
7320,7.32,0.0,3.917723653851493e-06,0,1,
7321,7.321,0.0,3.7266540166059905e-06,0,1,
7322,7.322,0.0,3.544902955529391e-06,0,1,
7323,7.323,0.0,3.372015998299103e-06,0,1,
7324,7.324,0.0,3.2075608374692564e-06,0,1,
7325,7.325,0.0,3.051126249476909e-06,0,1,
7326,7.3260000000000005,0.0,2.902321066368942e-06,0,1,
7327,7.327,0.0,2.760773197678427e-06,0,1,
7328,7.328,0.0,2.6261287000046465e-06,0,1,
7329,7.329,0.0,2.498050891970228e-06,0,1,
7330,7.33,0.0,2.3762195123423354e-06,0,1,
7331,7.331,0.0,2.260329919212767e-06,0,1,
7332,7.332,0.0,2.150092328234506e-06,0,1,
7333,7.333,0.0,2.0452310880099095e-06,0,1,
7334,7.3340000000000005,0.0,1.9454839908186353e-06,0,1,
7335,7.335,0.0,1.8506016169617628e-06,0,1,
7336,7.336,0.0,1.7603467110826283e-06,0,1,
7337,7.337,0.0,1.6744935889048532e-06,0,1,
7338,7.338,0.0,1.5928275729040987e-06,0,1,
7339,7.339,0.0,1.5151444555024349e-06,0,1,
7340,7.34,0.0,1.4412499884430289e-06,0,1,
7341,7.341,0.0,1.370959397068323e-06,0,1,
7342,7.3420000000000005,0.0,1.3040969182871467e-06,0,1,
7343,7.343,0.0,1.2404953610754372e-06,0,1,
7344,7.344,0.0,1.1799956884115936e-06,0,1,
7345,7.345,0.0,1.122446619601084e-06,0,1,
7346,7.346,0.0,1.067704251995911e-06,0,1,
7347,7.347,0.0,1.0156317011630358e-06,0,1,
7348,7.348,0.0,9.660987586019957e-07,0,1,
7349,7.349,0.0,9.189815661558306e-07,0,1,
7350,7.3500000000000005,0.0,8.741623063011756e-07,0,1,
7351,7.351,0.0,8.315289075430841e-07,0,1,
7352,7.352,0.0,7.909747641779153e-07,0,1,
7353,7.353,0.0,7.523984697235464e-07,0,1,
7354,7.354,0.0,7.157035633503469e-07,0,1,
7355,7.355,0.0,6.807982886788608e-07,0,1,
7356,7.356,0.0,6.475953643410638e-07,0,1,
7357,7.357,0.0,6.160117657314803e-07,0,1,
7358,7.3580000000000005,0.0,5.859685174024246e-07,0,1,
7359,7.359,0.0,5.57390495584245e-07,0,1,
7360,7.36,0.0,5.302062403367692e-07,0,1,
7361,7.361,0.0,5.043477768622322e-07,0,1,
7362,7.362,0.0,4.797504455328756e-07,0,1,
7363,7.363,0.0,4.563527402081984e-07,0,1,
7364,7.364,0.0,4.340961544375684e-07,0,1,
7365,7.365,0.0,4.1292503516362127e-07,0,1,
7366,7.3660000000000005,0.0,3.927864435606286e-07,0,1,
7367,7.367,0.0,3.736300226598589e-07,0,1,
7368,7.368,0.0,3.554078714309263e-07,0,1,
7369,7.369,0.0,3.3807442500426377e-07,0,1,
7370,7.37,0.0,3.215863407352156e-07,0,1,
7371,7.371,0.0,3.059023898248497e-07,0,1,
7372,7.372,0.0,2.909833542264848e-07,0,1,
7373,7.373,0.0,2.7679192858014656e-07,0,1,
7374,7.3740000000000006,0.0,2.6329262692973557e-07,0,1,
7375,7.375,0.0,2.5045169398965357e-07,0,1,
7376,7.376,0.0,2.3823702073900711e-07,0,1,
7377,7.377,0.0,2.2661806413233041e-07,0,1,
7378,7.378,0.0,2.1556577072606256e-07,0,1,
7379,7.3790000000000004,0.0,2.0505250402980535e-07,0,1,
7380,7.38,0.0,1.9505197540070207e-07,0,1,
7381,7.381,0.0,1.8553917830813726e-07,0,1,
7382,7.382000000000001,0.0,1.7649032580438476e-07,0,1,
7383,7.383,0.0,1.6788279104484844e-07,0,1,
7384,7.384,0.0,1.596950507091648e-07,0,1,
7385,7.385,0.0,1.5190663118169118e-07,0,1,
7386,7.386,0.0,1.4449805735680233e-07,0,1,
7387,7.3870000000000005,0.0,1.3745080394098225e-07,0,1,
7388,7.388,0.0,1.3074724912994102e-07,0,1,
7389,7.389,0.0,1.2437063054492528e-07,0,1,
7390,7.390000000000001,0.0,1.183050033180402e-07,0,1,
7391,7.391,0.0,1.1253520022177443e-07,0,1,
7392,7.392,0.0,1.0704679374303111e-07,0,1,
7393,7.393,0.0,1.0182606000683012e-07,0,1,
7394,7.394,0.0,9.685994445947219e-08,0,1,
7395,7.3950000000000005,0.0,9.213602922535486e-08,0,1,
7396,7.396,0.0,8.764250205581527e-08,0,1,
7397,7.397,0.0,8.336812679235581e-08,0,1,
7398,7.398000000000001,0.0,7.930221527039517e-08,0,1,
7399,7.399,0.0,7.543460059328973e-08,0,1,
7400,7.4,0.0,7.175561170979621e-08,0,1,6.410497111965615
7401,7.401,0.0,6.825604923140614e-08,0,1,
7402,7.402,0.0,6.492716242908286e-08,0,1,
7403,7.4030000000000005,0.0,6.176062735188086e-08,0,1,
7404,7.404,0.0,5.874852601273269e-08,0,1,
7405,7.405,0.0,5.5883326589356945e-08,0,1,
7406,7.406000000000001,0.0,5.3157864590779456e-08,0,1,
7407,7.407,0.0,5.0565324942374023e-08,0,1,
7408,7.408,0.0,1.000000048099225,0,1,
7409,7.409,0.0,0.9512294702541122,0,1,
7410,7.41,0.0,0.9048374615579382,0,1,
7411,7.4110000000000005,0.0,0.8607080178244445,0,1,
7412,7.412,0.0,0.8187307924582966,0,1,
7413,7.413,0.0,0.778800820531119,0,1,
7414,7.414000000000001,0.0,0.7408182563145002,0,1,
7415,7.415,0.0,0.7046881236136644,0,1,
7416,7.416,0.0,0.670320078277514,0,1,
7417,7.417,0.0,0.6376281822911932,0,1,
7418,7.418,0.0,0.6065306888862881,0,1,
7419,7.4190000000000005,0.0,0.5769498381313255,0,1,
7420,7.42,0.0,0.5488116624914409,0,1,
7421,7.421,0.0,0.5220458018710133,0,1,
7422,7.422000000000001,0.0,0.4965853276767778,0,1,
7423,7.423,0.0,0.47236657546147987,0,1,
7424,7.424,0.0,0.44932898572959656,0,1,
7425,7.425,0.0,0.4274149525070537,0,1,
7426,7.426,0.0,0.4065696792962847,0,1,
7427,7.4270000000000005,0.0,0.3867410420564447,0,1,
7428,7.428,0.0,0.36787945886615836,0,1,
7429,7.429,0.0,0.3499377659428899,0,1,
7430,7.43,0.0,0.3328710997089207,0,1,
7431,7.431,0.0,0.31663678460903644,0,1,
7432,7.432,0.0,0.3011942263994103,0,1,
7433,7.433,0.0,0.2865048106408488,0,1,
7434,7.434,0.0,0.27253180614258066,0,1,
7435,7.4350000000000005,0.0,0.25924027311514714,0,1,
7436,7.436,0.0,0.24659697580272932,0,1,
7437,7.437,0.0,0.23457029937644672,0,1,
7438,7.438,0.0,0.2231301708808176,0,1,
7439,7.439,0.0,0.2122479840357061,0,1,
7440,7.44,0.0,0.20189652770572145,0,1,
7441,7.441,0.0,0.19204991785820588,0,1,
7442,7.442,0.0,0.1826835328396706,0,1,
7443,7.4430000000000005,0.0,0.17377395180883715,0,1,
7444,7.444,0.0,0.16529889617233498,0,1,
7445,7.445,0.0,0.15723717387661348,0,1,
7446,7.446,0.0,0.14956862641676974,0,1,
7447,7.447,0.0,0.14227407842978618,0,1,
7448,7.448,0.0,0.13533528974613496,0,1,
7449,7.449,0.0,0.12873490977985333,0,1,
7450,7.45,0.0,0.12245643414304122,0,1,
7451,7.4510000000000005,0.0,0.11648416337629469,0,1,
7452,7.452,0.0,0.11080316369187995,0,1,
7453,7.453,0.0,0.10539922963148537,0,1,
7454,7.454,0.0,0.10025884854517644,0,1,
7455,7.455,0.0,0.09536916680273244,0,1,
7456,7.456,0.0,0.09071795765287578,0,1,
7457,7.457,0.0,0.08629359065002518,0,1,
7458,7.458,0.0,0.08208500257212364,0,1,
7459,7.4590000000000005,0.0,0.0780816697568208,0,1,
7460,7.46,0.0,0.07427358178683546,0,1,
7461,7.461,0.0,0.07065121645869821,0,1,
7462,7.462,0.0,0.06720551597228287,0,1,
7463,7.463,0.0,0.06392786428158818,0,1,
7464,7.464,0.0,0.06081006555013488,0,1,
7465,7.465,0.0,0.0578443236571055,0,1,
7466,7.466,0.0,0.0550232227029815,0,1,
7467,7.4670000000000005,0.0,0.052339708465931715,0,1,
7468,7.468,0.0,0.049787070762583374,0,1,
7469,7.469,0.0,0.047358926669068505,0,1,
7470,7.47,0.0,0.04504920456038955,0,1,
7471,7.471,0.0,0.042852128928194295,0,1,
7472,7.472,0.0,0.04076220593899666,0,1,
7473,7.473,0.0,0.03877420969673138,0,1,
7474,7.474,0.0,0.036883169175291795,0,1,
7475,7.4750000000000005,0.0,0.035084355788375286,0,1,
7476,7.476,0.0,0.033373271565554516,0,1,
7477,7.477,0.0,0.031745637905008464,0,1,
7478,7.478,0.0,0.030197384874789256,0,1,
7479,7.479,0.0,0.02872464103587235,0,1,
7480,7.48,0.0,0.02732372376154245,0,1,
7481,7.481,0.0,0.02599113002890851,0,1,
7482,7.482,0.0,0.024723527659521866,0,1,
7483,7.4830000000000005,0.0,0.02351774698719447,0,1,
7484,7.484,0.0,0.022370772932182398,0,1,
7485,7.485,0.0,0.021279737461916012,0,1,
7486,7.486,0.0,0.020241912419424652,0,1,
7487,7.487,0.0,0.019254702701523168,0,1,
7488,7.488,0.0,0.018315639769702227,0,1,
7489,7.489,0.0,0.01742237547749624,0,1,
7490,7.49,0.0,0.0165726761988941,0,1,
7491,7.4910000000000005,0.0,0.015764417243110715,0,1,
7492,7.492,0.0,0.014995577541753338,0,1,
7493,7.493,0.0,0.014264234595097859,0,1,
7494,7.494,0.0,0.01356855966483811,0,1,
7495,7.495,0.0,0.012906813201287557,0,1,
7496,7.496,0.0,0.012277340493598982,0,1,
7497,7.497,0.0,0.011678567532125471,0,1,
7498,7.498,0.0,0.011108997072576435,0,1,
7499,7.4990000000000006,0.0,0.010567204892127,0,1,
7500,7.5,0.0,0.010051836228119095,0,1,6.413086606643519
7501,7.501,0.0,0.009561602390449155,0,1,
7502,7.502,0.0,0.0090952775391716,0,1,
7503,7.503,0.0,0.008651695619260472,0,1,
7504,7.5040000000000004,0.0,0.008229747444864488,0,1,
7505,7.505,0.0,0.007828377925764669,0,1,
7506,7.506,0.0,0.007446583429099219,0,1,
7507,7.507000000000001,0.0,0.007083409269758604,0,1,
7508,7.508,0.0,0.0067379473231755,0,1,
7509,7.509,0.0,0.006409333754540357,0,1,
7510,7.51,0.0,0.006096746858764424,0,1,
7511,7.511,0.0,0.005799405005789019,0,1,
7512,7.5120000000000005,0.0,0.005516564686103249,0,1,
7513,7.513,0.0,0.005247518651582956,0,1,
7514,7.514,0.0,0.004991594147002018,0,1,
7515,7.515000000000001,0.0,0.004748151227793862,0,1,
7516,7.516,0.0,0.004516581159856714,0,1,
7517,7.517,0.0,0.0042963048974012695,0,1,
7518,7.518,0.0,0.0040867716350346086,0,1,
7519,7.519,0.0,0.0038874574304598127,0,1,
7520,7.5200000000000005,0.0,0.003697863894347312,0,1,
7521,7.521,0.0,0.003517516944101963,0,1,
7522,7.522,0.0,0.00334596561840962,0,1,
7523,7.523000000000001,0.0,0.0031827809495989586,0,1,
7524,7.524,0.0,0.0030275548909988533,0,1,
7525,7.525,0.0,0.0028798992966091613,0,1,
7526,7.526,0.0,0.0027394449505335435,0,1,
7527,7.527,0.0,0.0026058406437474094,0,1,
7528,7.5280000000000005,0.0,0.0024787522958924185,0,1,
7529,7.529,0.0,0.0023578621199015688,0,1,
7530,7.53,0.0,0.002242867827366003,0,1,
7531,7.531000000000001,0.0,0.00213348187265653,0,1,
7532,7.532,0.0,0.0020294307339097767,0,1,
7533,7.533,0.0,0.0019304542290810587,0,1,
7534,7.534,0.0,0.001836304865353745,0,1,
7535,7.535,0.0,0.001746747220278304,0,1,
7536,7.5360000000000005,0.0,0.001661557353093553,0,1,
7537,7.537,0.0,0.00158052224475811,0,1,
7538,7.538,0.0,0.0015034392652918337,0,1,
7539,7.539000000000001,0.0,0.0014301156670953274,0,1,
7540,7.54,0.0,0.001360368102980543,0,1,
7541,7.541,0.0,0.00129402216770731,0,1,
7542,7.542,0.0,0.001230911961879391,0,1,
7543,7.543,0.0,0.001170879677109578,0,1,
7544,7.5440000000000005,0.0,0.0011137752014165256,0,1,
7545,7.545,0.0,0.0010594557438666084,0,1,
7546,7.546,0.0,0.00100778547752221,0,1,
7547,7.547000000000001,0.0,0.0009586351998036289,0,1,
7548,7.548,0.0,0.0009118820094153329,0,1,
7549,7.549,0.0,0.0008674089990287018,0,1,
7550,7.55,0.0,0.0008251049629528124,0,1,
7551,7.551,0.0,0.0007848641190622867,0,1,
7552,7.5520000000000005,0.0,0.0007465858442868789,0,1,
7553,7.553,0.0,0.0007101744230013875,0,1,
7554,7.554,0.0,0.0006755388076867366,0,1,
7555,7.555,0.0,0.0006425923912637529,0,1,
7556,7.556,0.0,0.0006112527905303574,0,1,
7557,7.557,0.0,0.0005814416401606474,0,1,
7558,7.558,0.0,0.0005530843967507639,0,1,
7559,7.559,0.0,0.0005261101524215537,0,1,
7560,7.5600000000000005,0.0,0.0005004514575119375,0,1,
7561,7.561,0.0,0.0004760441519196238,0,1,
7562,7.562,0.0,0.00045282720466743425,0,1,
7563,7.563,0.0,0.00043074256129407054,0,1,
7564,7.564,0.0,0.00040973499868772223,0,1,
7565,7.565,0.0,0.00038975198699952283,0,1,
7566,7.566,0.0,0.00037074355829156585,0,1,
7567,7.567,0.0,0.0003526621815910331,0,1,
7568,7.5680000000000005,0.0,0.00033546264403800475,0,1,
7569,7.569,0.0,0.00031910193782975913,0,1,
7570,7.57,0.0,0.0003035391526788644,0,1,
7571,7.571,0.0,0.00028873537351615055,0,1,
7572,7.572,0.0,0.0002746535831827666,0,1,
7573,7.573,0.0,0.00026125856986800207,0,1,
7574,7.574,0.0,0.0002485168390614192,0,1,
7575,7.575,0.0,0.00023639652979913034,0,1,
7576,7.5760000000000005,0.0,0.00022486733499479263,0,1,
7577,7.577,0.0,0.00021390042565610587,0,1,
7578,7.578,0.0,0.00020346837879731534,0,1,
7579,7.579,0.0,0.00019354510886746356,0,1,
7580,7.58,0.0,0.00018410580252292542,0,1,
7581,7.581,0.0,0.00017512685658112445,0,1,
7582,7.582,0.0,0.00016658581900028208,0,1,
7583,7.583,0.0,0.00015846133273761842,0,1,
7584,7.5840000000000005,0.0,0.00015073308234562092,0,1,
7585,7.585,0.0,0.00014338174317284373,0,1,
7586,7.586,0.0,0.00013638893304221333,0,1,
7587,7.587,0.0,0.000129737166286011,0,1,
7588,7.588,0.0,0.00012340981002259568,0,1,
7589,7.589,0.0,0.00011739104256553614,0,1,
7590,7.59,0.0,0.00011166581386115376,0,1,
7591,7.591,0.0,0.00010621980785554915,0,1,
7592,7.5920000000000005,0.0,0.00010103940669701044,0,1,
7593,7.593,0.0,9.611165668429084e-05,0,1,
7594,7.594,0.0,9.142423587560817e-05,0,1,
7595,7.595,0.0,8.696542327737229e-05,0,1,
7596,7.596,0.0,8.272406953559584e-05,0,1,
7597,7.597,0.0,7.868956905670188e-05,0,1,
7598,7.598,0.0,7.485183348801573e-05,0,1,
7599,7.599,0.0,7.120126649162847e-05,0,1,
7600,7.6000000000000005,0.0,6.772873974855373e-05,0,1,6.411422215183685
7601,7.601,0.0,6.442557013317539e-05,0,1,
7602,7.602,0.0,6.128349800091082e-05,0,1,
7603,7.603,0.0,5.8294666534797056e-05,0,1,
7604,7.604,0.0,5.545160209935604e-05,0,1,
7605,7.605,0.0,5.274719555261303e-05,0,1,
7606,7.606,0.0,5.017468446953872e-05,0,1,
7607,7.607,0.0,4.772763623246423e-05,0,1,
7608,7.6080000000000005,0.0,4.539993194618637e-05,0,1,
7609,7.609,0.0,4.3185751137542445e-05,0,1,
7610,7.61,0.0,4.1079557201195554e-05,0,1,
7611,7.611,0.0,3.907608355523741e-05,0,1,
7612,7.612,0.0,3.71703204719903e-05,0,1,
7613,7.613,0.0,3.535750255107844e-05,0,1,
7614,7.614,0.0,3.363309680344487e-05,0,1,
7615,7.615,0.0,3.199279131651767e-05,0,1,
7616,7.6160000000000005,0.0,3.0432484472182545e-05,0,1,
7617,7.617,0.0,2.8948274690601118e-05,0,1,
7618,7.618,0.0,2.7536450674229088e-05,0,1,
7619,7.619,0.0,2.6193482127639232e-05,0,1,
7620,7.62,0.0,2.4916010929944006e-05,0,1,
7621,7.621,0.0,2.370084273774414e-05,0,1,
7622,7.622,0.0,2.2544938997606283e-05,0,1,
7623,7.623,0.0,2.144540934809673e-05,0,1,
7624,7.6240000000000006,0.0,2.0399504392372283e-05,0,1,
7625,7.625,0.0,1.9404608823256074e-05,0,1,
7626,7.626,0.0,1.8458234883607354e-05,0,1,
7627,7.627,0.0,1.755801614563283e-05,0,1,
7628,7.628,0.0,1.670170159358456e-05,0,1,
7629,7.6290000000000004,0.0,1.58871499950481e-05,0,1,
7630,7.63,0.0,1.5112324546746125e-05,0,1,
7631,7.631,0.0,1.437528778146933e-05,0,1,
7632,7.632000000000001,0.0,1.3674196723399216e-05,0,1,
7633,7.633,0.0,1.3007298279708586e-05,0,1,
7634,7.634,0.0,1.2372924856916326e-05,0,1,
7635,7.635,0.0,1.1769490191035097e-05,0,1,
7636,7.636,0.0,1.1195485381085114e-05,0,1,
7637,7.6370000000000005,0.0,1.064947511605575e-05,0,1,
7638,7.638,0.0,1.0130094085880386e-05,0,1,
7639,7.639,0.0,9.636043567450087e-06,0,1,
7640,7.640000000000001,0.0,9.166088177129354e-06,0,1,
7641,7.641,0.0,8.719052781653553e-06,0,1,
7642,7.642,0.0,8.29381955968366e-06,0,1,
7643,7.643,0.0,7.889325206670653e-06,0,1,
7644,7.644,0.0,7.504558276040302e-06,0,1,
7645,7.6450000000000005,0.0,7.138556650049887e-06,0,1,
7646,7.646,0.0,6.790405133992699e-06,0,1,
7647,7.647,0.0,6.459233167734569e-06,0,1,
7648,7.648000000000001,0.0,6.144212648860078e-06,0,1,
7649,7.649,0.0,5.8445558619851796e-06,0,1,
7650,7.65,0.0,5.559513509058437e-06,0,1,
7651,7.651,0.0,5.288372835725602e-06,0,1,
7652,7.652,0.0,5.030455849072474e-06,0,1,
7653,7.6530000000000005,0.0,4.78511762228946e-06,0,1,
7654,7.654,0.0,4.551744682018628e-06,0,1,
7655,7.655,0.0,4.329753474350765e-06,0,1,
7656,7.656000000000001,0.0,4.118588905636645e-06,0,1,
7657,7.657,0.0,3.9177229544637715e-06,0,1,
7658,7.658,0.0,3.7266533513278103e-06,0,1,
7659,7.659,0.0,3.54490232269721e-06,0,1,
7660,7.66,0.0,3.3720153963305114e-06,0,1,
7661,7.6610000000000005,0.0,3.2075602648590196e-06,0,1,
7662,7.662,0.0,3.051125704793203e-06,0,1,
7663,7.663,0.0,2.902320548249774e-06,0,1,
7664,7.664000000000001,0.0,2.7607727048282292e-06,0,1,
7665,7.665,0.0,2.626128231191036e-06,0,1,
7666,7.666,0.0,2.4980504460209275e-06,0,1,
7667,7.667,0.0,2.376219088142239e-06,0,1,
7668,7.668,0.0,2.2603295157011533e-06,0,1,
7669,7.6690000000000005,0.0,2.1500919444023855e-06,0,1,
7670,7.67,0.0,2.0452307228975023e-06,0,1,
7671,7.671,0.0,1.9454836435129703e-06,0,1,
7672,7.672000000000001,0.0,1.850601286594395e-06,0,1,
7673,7.673,0.0,1.7603463968274672e-06,0,1,
7674,7.674,0.0,1.6744932899760972e-06,0,1,
7675,7.675,0.0,1.59282728855427e-06,0,1,
7676,7.676,0.0,1.515144185020511e-06,0,1,
7677,7.6770000000000005,0.0,1.441249731152664e-06,0,1,
7678,7.678,0.0,1.3709591523261574e-06,0,1,
7679,7.679,0.0,1.3040966854811974e-06,0,1,
7680,7.68,0.0,1.240495139623568e-06,0,1,
7681,7.681,0.0,1.1799954777600593e-06,0,1,
7682,7.682,0.0,1.1224464192231464e-06,0,1,
7683,7.683,0.0,1.0677040613905207e-06,0,1,
7684,7.684,0.0,1.01563151985358e-06,0,1,
7685,7.6850000000000005,0.0,9.660985861351065e-07,0,1,
7686,7.686,0.0,9.189814021002509e-07,0,1,
7687,7.687,0.0,8.741621502466809e-07,0,1,
7688,7.688,0.0,8.315287590994571e-07,0,1,
7689,7.689,0.0,7.909746229739694e-07,0,1,
7690,7.69,0.0,7.523983354061981e-07,0,1,
7691,7.691,0.0,7.15703435583733e-07,0,1,
7692,7.692,0.0,6.807981671434982e-07,0,1,
7693,7.6930000000000005,0.0,6.475952487330508e-07,0,1,
7694,7.694,0.0,6.160116557617367e-07,0,1,
7695,7.695,0.0,5.859684127959687e-07,0,1,
7696,7.696,0.0,5.573903960795061e-07,0,1,
7697,7.697,0.0,5.302061456849336e-07,0,1,
7698,7.698,0.0,5.043476868266211e-07,0,1,
7699,7.699,0.0,4.797503598883531e-07,0,1,
7700,7.7,0.0,4.5635265874060854e-07,0,1,6.411131801837812
7701,7.7010000000000005,0.0,4.340960769431998e-07,0,1,
7702,7.702,0.0,4.129249614486976e-07,0,1,
7703,7.703,0.0,3.9278637344082415e-07,0,1,
7704,7.704,0.0,3.736299559598377e-07,0,1,
7705,7.705,0.0,3.5540780798390354e-07,0,1,
7706,7.706,0.0,3.3807436465158884e-07,0,1,
7707,7.707,0.0,3.2158628332597536e-07,0,1,
7708,7.708,0.0,3.059023352154911e-07,0,1,
7709,7.7090000000000005,0.0,2.909833022804561e-07,0,1,
7710,7.71,0.0,2.767918791675556e-07,0,1,
7711,7.711,0.0,2.6329257992702505e-07,0,1,
7712,7.712,0.0,2.504516492792923e-07,0,1,
7713,7.713,0.0,2.3823697820919587e-07,0,1,
7714,7.714,0.0,2.2661802367672255e-07,0,1,
7715,7.715,0.0,2.1556573224349798e-07,0,1,
7716,7.716,0.0,2.050524674240576e-07,0,1,
7717,7.7170000000000005,0.0,1.9505194058023772e-07,0,1,
7718,7.718,0.0,1.85539145185887e-07,0,1,
7719,7.719,0.0,1.7649029429752572e-07,0,1,
7720,7.72,0.0,1.6788276107459703e-07,0,1,
7721,7.721,0.0,1.596950222005798e-07,0,1,
7722,7.722,0.0,1.519066040634863e-07,0,1,
7723,7.723,0.0,1.4449803156116789e-07,0,1,
7724,7.724,0.0,1.3745077940341574e-07,0,1,
7725,7.7250000000000005,0.0,1.3074722578908575e-07,0,1,
7726,7.726,0.0,1.2437060834241696e-07,0,1,
7727,7.727,0.0,1.18304982198361e-07,0,1,
7728,7.728,0.0,1.1253518013211415e-07,0,1,
7729,7.729,0.0,1.0704677463315512e-07,0,1,
7730,7.73,0.0,1.0182604182895377e-07,0,1,
7731,7.731,0.0,9.685992716814133e-08,0,1,
7732,7.732,0.0,9.213601277733216e-08,0,1,
7733,7.7330000000000005,0.0,8.76424864099721e-08,0,1,
7734,7.734,0.0,8.33681119095694e-08,0,1,
7735,7.735,0.0,7.930220111345083e-08,0,1,
7736,7.736,0.0,7.543458712678771e-08,0,1,
7737,7.737,0.0,7.175559890006325e-08,0,1,
7738,7.738,0.0,6.825603704641124e-08,0,1,
7739,7.739,0.0,6.492715083835718e-08,0,1,
7740,7.74,0.0,6.176061632644155e-08,0,1,
7741,7.7410000000000005,0.0,5.8748515525010396e-08,0,1,
7742,7.742,0.0,5.58833166131269e-08,0,1,
7743,7.743,0.0,5.315785510109589e-08,0,1,
7744,7.744,0.0,5.056531591550779e-08,0,1,
7745,7.745,0.0,4.8099216358005273e-08,0,1,
7746,7.746,0.0,4.5753389895160685e-08,0,1,
7747,7.747,0.0,4.352197073893048e-08,0,1,
7748,7.748,0.0,4.139937917912976e-08,0,1,
7749,7.7490000000000006,0.0,3.938030763125044e-08,0,1,
7750,7.75,0.0,3.745970736473543e-08,0,1,
7751,7.751,0.0,3.5632775878522446e-08,0,1,
7752,7.752,0.0,3.3894944892289834e-08,0,1,
7753,7.753,0.0,3.2241868923376274e-08,0,1,
7754,7.7540000000000004,0.0,3.066941442081067e-08,0,1,
7755,7.755,0.0,2.9173649429281632e-08,0,1,
7756,7.756,0.0,2.775083375720115e-08,0,1,
7757,7.757000000000001,0.0,2.6397409624277436e-08,0,1,
7758,7.758,0.0,2.5109992765211036e-08,0,1,
7759,7.759,0.0,2.3885363967268786e-08,0,1,
7760,7.76,0.0,2.272046102057518e-08,0,1,
7761,7.761,0.0,2.1612371060992633e-08,0,1,
7762,7.7620000000000005,0.0,2.055832328644391e-08,0,1,
7763,7.763,0.0,1.9555682028463666e-08,0,1,
7764,7.764,0.0,1.860194016165445e-08,0,1,
7765,7.765000000000001,0.0,1.769471283456728e-08,0,1,
7766,7.766,0.0,1.6831731506330834e-08,0,1,
7767,7.767,0.0,1.6010838274117615e-08,0,1,
7768,7.768,0.0,1.5229980477262903e-08,0,1,
7769,7.769,0.0,1.4487205564543901e-08,0,1,
7770,7.7700000000000005,0.0,1.3780656211784636e-08,0,1,
7771,7.771,0.0,1.3108565677578089e-08,0,1,
7772,7.772,0.0,1.2469253385512418e-08,0,1,
7773,7.773000000000001,0.0,1.1861120721854558e-08,0,1,
7774,7.774,0.0,1.1282647038183205e-08,0,1,
7775,7.775,0.0,1.0732385848975697e-08,0,1,
7776,7.776,0.0,1.020896121464076e-08,0,1,
7777,7.777,0.0,9.71106430095284e-09,0,1,
7778,7.7780000000000005,0.0,9.237450106284799e-09,0,1,
7779,7.779,0.0,8.786934348455349e-09,0,1,
7780,7.78,0.0,8.358390503406738e-09,0,1,
7781,7.781000000000001,0.0,7.950746988307825e-09,0,1,
7782,7.782,0.0,7.562984482038838e-09,0,1,
7783,7.783,0.0,7.194133376357635e-09,0,1,
7784,7.784,0.0,6.843271351374051e-09,0,1,
7785,7.785,0.0,1.0000000065095211,0,1,
7786,7.7860000000000005,0.0,0.9512294306927621,0,1,
7787,7.787,0.0,0.904837423926018,0,1,
7788,7.788,0.0,0.8607079820278547,0,1,
7789,7.789000000000001,0.0,0.8187307584075272,0,1,
7790,7.79,0.0,0.7788007881410252,0,1,
7791,7.791,0.0,0.7408182255040898,0,1,
7792,7.792,0.0,0.7046880943058955,0,1,
7793,7.793,0.0,0.6703200503991019,0,1,
7794,7.7940000000000005,0.0,0.6376281557724274,0,1,
7795,7.795,0.0,0.6065306636608577,0,1,
7796,7.796,0.0,0.5769498141361539,0,1,
7797,7.797000000000001,0.0,0.5488116396665276,0,1,
7798,7.798,0.0,0.5220457801592843,0,1,
7799,7.799,0.0,0.49658530702394227,0,1,
7800,7.8,0.0,0.472366555815895,0,1,6.409058428699818
7801,7.801,0.0,0.4493289670421382,0,1,
7802,7.8020000000000005,0.0,0.4274149347309934,0,1,
7803,7.803,0.0,0.40656966238717307,0,1,
7804,7.804,0.0,0.3867410259720002,0,1,
7805,7.805000000000001,0.0,0.3678794435661615,0,1,
7806,7.806,0.0,0.3499377513890827,0,1,
7807,7.807,0.0,0.33287108586491104,0,1,
7808,7.808,0.0,0.3166367714402071,0,1,
7809,7.809,0.0,0.3011942138728323,0,1,
7810,7.8100000000000005,0.0,0.28650479872519924,0,1,
7811,7.811,0.0,0.27253179480806417,0,1,
7812,7.812,0.0,0.25924026233342157,0,1,
7813,7.813,0.0,0.24659696554683472,0,1,
7814,7.814,0.0,0.234570289620738,0,1,
7815,7.815,0.0,0.22313016160090043,0,1,
7816,7.816,0.0,0.21224797520837585,0,1,
7817,7.817,0.0,0.20189651930890518,0,1,
7818,7.8180000000000005,0.0,0.19204990987090717,0,1,
7819,7.819,0.0,0.18268352524191703,0,1,
7820,7.82,0.0,0.1737739445816304,0,1,
7821,7.821,0.0,0.16529888929760325,0,1,
7822,7.822,0.0,0.1572371673371664,0,1,
7823,7.823,0.0,0.14956862019625525,0,1,
7824,7.824,0.0,0.14227407251264976,0,1,
7825,7.825,0.0,0.1353352841175807,0,1,
7826,7.8260000000000005,0.0,0.1287349044258069,0,1,
7827,7.827,0.0,0.12245642905011472,0,1,
7828,7.828,0.0,0.11648415853175315,0,1,
7829,7.829,0.0,0.11080315908360948,0,1,
7830,7.83,0.0,0.10539922524796291,0,1,
7831,7.831,0.0,0.10025884437544089,0,1,
7832,7.832,0.0,0.09536916283635728,0,1,
7833,7.833,0.0,0.09071795387994303,0,1,
7834,7.8340000000000005,0.0,0.08629358706110052,0,1,
7835,7.835,0.0,0.0820849991582329,0,1,
7836,7.836,0.0,0.07808166650942748,0,1,
7837,7.837,0.0,0.07427357869781938,0,1,
7838,7.838,0.0,0.07065121352033522,0,1,
7839,7.839,0.0,0.06720551317722553,0,1,
7840,7.84,0.0,0.0639278616228474,0,1,
7841,7.841,0.0,0.06081006302106241,0,1,
7842,7.8420000000000005,0.0,0.05784432125137735,0,1,
7843,7.843,0.0,0.055023220414582096,0,1,
7844,7.844,0.0,0.052339706289138865,0,1,
7845,7.845,0.0,0.04978706869195396,0,1,
7846,7.846,0.0,0.04735892469942488,0,1,
7847,7.847,0.0,0.04504920268680658,0,1,
7848,7.848,0.0,0.042852127145987046,0,1,
7849,7.849,0.0,0.04076220424370868,0,1,
7850,7.8500000000000005,0.0,0.038774208084123574,0,1,
7851,7.851,0.0,0.0368831676413318,0,1,
7852,7.852,0.0,0.03508435432922741,0,1,
7853,7.853,0.0,0.03337327017757012,0,1,
7854,7.854,0.0,0.031745636584716866,0,1,
7855,7.855,0.0,0.030197383618889035,0,1,
7856,7.856,0.0,0.028724639841223105,0,1,
7857,7.857,0.0,0.027323722625156935,0,1,
7858,7.8580000000000005,0.0,0.02599112894794517,0,1,
7859,7.859,0.0,0.02472352663127773,0,1,
7860,7.86,0.0,0.02351774600909839,0,1,
7861,7.861,0.0,0.022370772001788625,0,1,
7862,7.862,0.0,0.021279736576898082,0,1,
7863,7.863,0.0,0.020241911577569556,0,1,
7864,7.864,0.0,0.01925470190072583,0,1,
7865,7.865,0.0,0.018315639007960235,0,1,
7866,7.8660000000000005,0.0,0.017422374752904844,0,1,
7867,7.867,0.0,0.016572675509641442,0,1,
7868,7.868,0.0,0.015764416587473306,0,1,
7869,7.869,0.0,0.014995576918091743,0,1,
7870,7.87,0.0,0.0142642340018526,0,1,
7871,7.871,0.0,0.013568559100525766,0,1,
7872,7.872,0.0,0.01290681266449705,0,1,
7873,7.873,0.0,0.012277339982988055,0,1,
7874,7.8740000000000006,0.0,0.011678567046417334,0,1,
7875,7.875,0.0,0.011108996610556565,0,1,
7876,7.876,0.0,0.010567204452640104,0,1,
7877,7.877,0.0,0.01005183581006623,0,1,
7878,7.878,0.0,0.009561601992784968,0,1,
7879,7.8790000000000004,0.0,0.009095277160901725,0,1,
7880,7.88,0.0,0.008651695259439035,0,1,
7881,7.881,0.0,0.00822974710259175,0,1,
7882,7.882000000000001,0.0,0.00782837760018477,0,1,
7883,7.883,0.0,0.007446583119398039,0,1,
7884,7.884,0.0,0.0070834089751617285,0,1,
7885,7.885,0.0,0.006737947042946284,0,1,
7886,7.886,0.0,0.006409333487978081,0,1,
7887,7.8870000000000005,0.0,0.0060967466052025444,0,1,
7888,7.888,0.0,0.005799404764593498,0,1,
7889,7.889,0.0,0.005516564456670972,0,1,
7890,7.890000000000001,0.0,0.005247518433340223,0,1,
7891,7.891,0.0,0.004991593939403108,0,1,
7892,7.892,0.0,0.00474815103031967,0,1,
7893,7.893,0.0,0.0045165809720134524,0,1,
7894,7.894,0.0,0.004296304718719232,0,1,
7895,7.8950000000000005,0.0,0.0040867714650669965,0,1,
7896,7.896,0.0,0.003887457268781619,0,1,
7897,7.897,0.0,0.003697863740554257,0,1,
7898,7.898000000000001,0.0,0.0035175167978094835,0,1,
7899,7.899,0.0,0.003345965479251909,0,1,
7900,7.9,0.0,0.003182780817228049,0,1,6.408233917788857
7901,7.901,0.0,0.0030275547650837494,0,1,
7902,7.902,0.0,0.0028798991768350093,0,1,
7903,7.9030000000000005,0.0,0.002739444836600846,0,1,
7904,7.904,0.0,0.0026058405353712754,0,1,
7905,7.905,0.0,0.0024787521928018507,0,1,
7906,7.906000000000001,0.0,0.0023578620218387874,0,1,
7907,7.907,0.0,0.0022428677340857995,0,1,
7908,7.908,0.0,0.0021334817839256553,0,1,
7909,7.909,0.0,0.0020294306495063576,0,1,
7910,7.91,0.0,0.0019304541487940427,0,1,
7911,7.9110000000000005,0.0,0.001836304788982373,0,1,
7912,7.912,0.0,0.0017467471476316076,0,1,
7913,7.913,0.0,0.0016615572839898778,0,1,
7914,7.914000000000001,0.0,0.0015805221790246608,0,1,
7915,7.915,0.0,0.0015034392027642425,0,1,
7916,7.916,0.0,0.0014301156076172428,0,1,
7917,7.917,0.0,0.0013603680464032387,0,1,
7918,7.918,0.0,0.0012940221138893135,0,1,
7919,7.9190000000000005,0.0,0.001230911910686129,0,1,
7920,7.92,0.0,0.001170879628413041,0,1,
7921,7.921,0.0,0.0011137751550949467,0,1,
7922,7.922000000000001,0.0,0.0010594556998041597,0,1,
7923,7.923,0.0,0.001007785435608712,0,1,
7924,7.924,0.0,0.0009586351599342765,0,1,
7925,7.925,0.0,0.0009118819714904318,0,1,
7926,7.926,0.0,0.00086740896295342,0,1,
7927,7.9270000000000005,0.0,0.0008251049286369428,0,1,
7928,7.928,0.0,0.0007848640864200219,0,1,
7929,7.929,0.0,0.000746585813236596,0,1,
7930,7.930000000000001,0.0,0.0007101743934654448,0,1,
7931,7.931,0.0,0.0006755387795912787,0,1,
7932,7.932,0.0,0.0006425923645385267,0,1,
7933,7.933,0.0,0.0006112527651085358,0,1,
7934,7.934,0.0,0.0005814416159786626,0,1,
7935,7.9350000000000005,0.0,0.0005530843737481484,0,1,
7936,7.936,0.0,0.0005261101305407891,0,1,
7937,7.937,0.0,0.0005004514366983104,0,1,
7938,7.938,0.0,0.0004760441321210893,0,1,
7939,7.939,0.0,0.00045282718583448565,0,1,
7940,7.94,0.0,0.0004307425433796157,0,1,
7941,7.941,0.0,0.0004097349816469657,0,1,
7942,7.942,0.0,0.00038975197078985375,0,1,
7943,7.9430000000000005,0.0,0.0003707435428724517,0,1,
7944,7.944,0.0,0.000352662166923918,0,1,
7945,7.945,0.0,0.00033546263008621326,0,1,
7946,7.946,0.0,0.0003191019245584046,0,1,
7947,7.947,0.0,0.00030353914005476143,0,1,
7948,7.948,0.0,0.00028873536150773237,0,1,
7949,7.949,0.0,0.00027465357176000585,0,1,
7950,7.95,0.0,0.0002612585590023359,0,1,
7951,7.9510000000000005,0.0,0.0002485168287256778,0,1,
7952,7.952,0.0,0.00023639651996746903,0,1,
7953,7.953,0.0,0.0002248673256426271,0,1,
7954,7.954,0.0,0.00021390041676005084,0,1,
7955,7.955,0.0,0.00020346837033512603,0,1,
7956,7.956,0.0,0.0001935451008179801,0,1,
7957,7.957,0.0,0.00018410579486601987,0,1,
7958,7.958,0.0,0.0001751268492976506,0,1,
7959,7.9590000000000005,0.0,0.00016658581207202745,0,1,
7960,7.96,0.0,0.00015846132614725876,0,1,
7961,7.961,0.0,0.0001507330760766769,0,1,
7962,7.962,0.0,0.0001433817372096397,0,1,
7963,7.963,0.0,0.00013638892736983818,0,1,
7964,7.964,0.0,0.00012973716089028086,0,1,
7965,7.965,0.0,0.0001234098048900184,0,1,
7966,7.966,0.0,0.0001173910376832776,0,1,
7967,7.9670000000000005,0.0,0.00011166580921700579,0,1,
7968,7.968,0.0,0.00010621980343789894,0,1,
7969,7.969,0.0,0.00010103940249481157,0,1,
7970,7.97,0.0,9.611165268703562e-05,0,1,
7971,7.971,0.0,9.14242320733014e-05,0,1,
7972,7.972,0.0,8.696541966050621e-05,0,1,
7973,7.973,0.0,8.27240660951264e-05,0,1,
7974,7.974,0.0,7.868956578402612e-05,0,1,
7975,7.9750000000000005,0.0,7.485183037495024e-05,0,1,
7976,7.976,0.0,7.120126353038898e-05,0,1,
7977,7.977,0.0,6.772873693173559e-05,0,1,
7978,7.978,0.0,6.44255674537351e-05,0,1,
7979,7.979,0.0,6.128349545214837e-05,0,1,
7980,7.98,0.0,5.829466411033922e-05,0,1,
7981,7.981,0.0,5.54515997931404e-05,0,1,
7982,7.982,0.0,5.274719335887285e-05,0,1,
7983,7.9830000000000005,0.0,5.017468238278851e-05,0,1,
7984,7.984,0.0,4.772763424748603e-05,0,1,
7985,7.985,0.0,4.539993005801671e-05,0,1,
7986,7.986,0.0,4.31857493414599e-05,0,1,
7987,7.987,0.0,4.107955549270899e-05,0,1,
7988,7.988,0.0,3.907608193007472e-05,0,1,
7989,7.989,0.0,3.7170318926087726e-05,0,1,
7990,7.99,0.0,3.535750108057043e-05,0,1,
7991,7.9910000000000005,0.0,3.3633095404654386e-05,0,1,
7992,7.992,0.0,3.1992789985947e-05,0,1,
7993,7.993,0.0,3.0432483206504573e-05,0,1,
7994,7.994,0.0,2.894827348665099e-05,0,1,
7995,7.995,0.0,2.75364495289963e-05,0,1,
7996,7.996,0.0,2.619348103826011e-05,0,1,
7997,7.997,0.0,2.491600989369453e-05,0,1,
7998,7.998,0.0,2.3700841752033144e-05,0,1,
7999,7.9990000000000006,0.0,2.2544938059968983e-05,0,1,
