k,x,vm
0,0.0,0.0
1,0.0,0.0
2,0.0,0.0
3,0.0,0.0
4,0.0,0.0
5,0.0,0.0
6,0.0,0.0
7,0.0,0.0
8,0.0,0.0
9,0.0,0.0
10,0.0,0.0
11,0.0,0.0
12,0.0,0.0
13,0.0,0.0
14,0.0,0.0
15,0.0,0.0
16,0.0,0.0
17,0.0,0.0
18,0.0,0.0
19,0.0,0.0
20,0.0,0.0
21,0.0,0.0
22,0.0,0.0
23,0.0,0.0
24,0.0,0.0
25,0.0,0.0
26,0.0,0.0
27,0.0,0.0
28,0.0,0.0
29,0.0,0.0
30,0.0,0.0
31,0.0,0.0
32,0.0,0.0
33,0.0,0.0
34,0.0,0.0
35,0.0,0.0
36,0.0,0.0
37,0.0,0.0
38,0.0,0.0
39,0.0,0.0
40,0.0,0.0
41,0.0,0.0
42,0.0,0.0
43,0.0,0.0
44,0.0,0.0
45,0.0,0.0
46,0.0,0.0
47,0.0,0.0
48,0.0,0.0
49,0.0,0.0
50,0.0,0.0
51,0.0,0.0
52,0.0,0.0
53,0.0,0.0
54,0.0,0.0
55,0.0,0.0
56,0.0,0.0
57,0.0,0.0
58,0.0,0.0
59,0.0,0.0
60,0.0,0.0
61,0.0,0.0
62,0.0,0.0
63,0.0,0.0
64,0.0,0.0
65,0.0,0.0
66,0.0,0.0
67,0.0,0.0
68,0.0,0.0
69,0.0,0.0
70,0.0,0.0
71,0.0,0.0
72,0.0,0.0
73,0.0,0.0
74,0.0,0.0
75,0.0,0.0
76,0.0,0.0
77,0.0,0.0
78,0.0,0.0
79,0.0,0.0
80,0.0,0.0
81,0.0,0.0
82,0.0,0.0
83,0.0,0.0
84,0.0,0.0
85,0.0,0.0
86,0.0,0.0
87,0.0,0.0
88,0.0,0.0
89,0.0,0.0
90,0.0,0.0
91,0.0,0.0
92,0.0,0.0
93,0.0,0.0
94,0.0,0.0
95,0.0,0.0
96,0.0,0.0
97,0.0,0.0
98,0.0,0.0
99,0.0,0.0
100,0.0,0.0
101,0.0,0.0
102,0.0,0.0
103,0.0,0.0
104,0.0,0.0
105,0.0,0.0
106,0.0,0.0
107,0.0,0.0
108,0.0,0.0
109,0.0,0.0
110,0.0,0.0
111,0.0,0.0
112,0.0,0.0
113,0.0,0.0
114,0.0,0.0
115,0.0,0.0
116,0.0,0.0
117,0.0,0.0
118,0.0,0.0
119,0.0,0.0
120,0.0,0.0
121,0.0,0.0
122,0.0,0.0
123,0.0,0.0
124,0.0,0.0
125,0.0,0.0
126,0.0,0.0
127,0.0,0.0
128,0.0,0.0
129,0.0,0.0
130,0.0,0.0
131,0.0,0.0
132,0.0,0.0
133,0.0,0.0
134,0.0,0.0
135,0.0,0.0
136,0.0,0.0
137,0.0,0.0
138,0.0,0.0
139,0.0,0.0
140,0.0,0.0
141,0.0,0.0
142,0.0,0.0
143,0.0,0.0
144,0.0,0.0
145,0.0,0.0
146,0.0,0.0
147,0.0,0.0
148,0.0,0.0
149,0.0,0.0
150,0.0,0.0
151,0.0,0.0
152,0.0,0.0
153,0.0,0.0
154,0.0,0.0
155,0.0,0.0
156,0.0,0.0
157,0.0,0.0
158,0.0,0.0
159,0.0,0.0
160,0.0,0.0
161,0.0,0.0
162,0.0,0.0
163,0.0,0.0
164,0.0,0.0
165,0.0,0.0
166,0.0,0.0
167,0.0,0.0
168,0.0,0.0
169,0.0,0.0
170,0.0,0.0
171,0.0,0.0
172,0.0,0.0
173,0.0,0.0
174,0.0,0.0
175,0.0,0.0
176,0.0,0.0
177,0.0,0.0
178,0.0,0.0
179,0.0,0.0
180,0.0,0.0
181,0.0,0.0
182,0.0,0.0
183,0.0,0.0
184,0.0,0.0
185,0.0,0.0
186,0.0,0.0
187,0.0,0.0
188,0.0,0.0
189,0.0,0.0
190,0.0,0.0
191,0.0,0.0
192,0.0,0.0
193,0.0,0.0
194,0.0,0.0
195,0.0,0.0
196,0.0,0.0
197,0.0,0.0
198,0.0,0.0
199,0.0,0.0
200,0.0,0.0
201,0.0,0.0
202,0.0,0.0
203,0.0,0.0
204,0.0,0.0
205,0.0,0.0
206,0.0,0.0
207,0.0,0.0
208,0.0,0.0
209,0.0,0.0
210,0.0,0.0
211,0.0,0.0
212,0.0,0.0
213,0.0,0.0
214,0.0,0.0
215,0.0,0.0
216,0.0,0.0
217,0.0,0.0
218,0.0,0.0
219,0.0,0.0
220,0.0,0.0
221,0.0,0.0
222,0.0,0.0
223,0.0,0.0
224,0.0,0.0
225,0.0,0.0
226,0.0,0.0
227,0.0,0.0
228,0.0,0.0
229,0.0,0.0
230,0.0,0.0
231,0.0,0.0
232,0.0,0.0
233,0.0,0.0
234,0.0,0.0
235,0.0,0.0
236,0.0,0.0
237,0.0,0.0
238,0.0,0.0
239,0.0,0.0
240,0.0,0.0
241,0.0,0.0
242,0.0,0.0
243,0.0,0.0
244,0.0,0.0
245,0.0,0.0
246,0.0,0.0
247,0.0,0.0
248,0.0,0.0
249,0.0,0.0
250,0.0,0.0
251,0.0,0.0
252,0.0,0.0
253,0.0,0.0
254,0.0,0.0
255,0.0,0.0
256,0.0,0.0
257,0.0,0.0
258,0.0,0.0
259,0.0,0.0
260,0.0,0.0
261,0.0,0.0
262,0.0,0.0
263,0.0,0.0
264,0.0,0.0
265,0.0,0.0
266,0.0,0.0
267,0.0,0.0
268,0.0,0.0
269,0.0,0.0
270,0.0,0.0
271,0.0,0.0
272,0.0,0.0
273,0.0,0.0
274,0.0,0.0
275,0.0,0.0
276,0.0,0.0
277,0.0,0.0
278,0.0,0.0
279,0.0,0.0
280,0.0,0.0
281,0.0,0.0
282,0.0,0.0
283,0.0,0.0
284,0.0,0.0
285,0.0,0.0
286,0.0,0.0
287,0.0,0.0
288,0.0,0.0
289,0.0,0.0
290,0.0,0.0
291,0.0,0.0
292,0.0,0.0
293,0.0,0.0
294,0.0,0.0
295,0.0,0.0
296,0.0,0.0
297,0.0,0.0
298,0.0,0.0
299,0.0,0.0
300,0.0,0.0
301,0.0,0.0
302,0.0,0.0
303,0.0,0.0
304,0.0,0.0
305,0.0,0.0
306,0.0,0.0
307,0.0,0.0
308,0.0,0.0
309,0.0,0.0
310,0.0,0.0
311,0.0,0.0
312,0.0,0.0
313,0.0,0.0
314,0.0,0.0
315,0.0,0.0
316,0.0,0.0
317,0.0,0.0
318,0.0,0.0
319,0.0,0.0
320,0.0,0.0
321,0.0,0.0
322,0.0,0.0
323,0.0,0.0
324,0.0,0.0
325,0.0,0.0
326,0.0,0.0
327,0.0,0.0
328,0.0,0.0
329,0.0,0.0
330,0.0,0.0
331,0.0,0.0
332,0.0,0.0
333,0.0,0.0
334,0.0,0.0
335,0.0,0.0
336,0.0,0.0
337,0.0,0.0
338,0.0,0.0
339,0.0,0.0
340,0.0,0.0
341,0.0,0.0
342,0.0,0.0
343,0.0,0.0
344,0.0,0.0
345,0.0,0.0
346,0.0,0.0
347,0.0,0.0
348,0.0,0.0
349,0.0,0.0
350,0.0,0.0
351,0.0,0.0
352,0.0,0.0
353,0.0,0.0
354,0.0,0.0
355,0.0,0.0
356,0.0,0.0
357,0.0,0.0
358,0.0,0.0
359,0.0,0.0
360,0.0,0.0
361,0.0,0.0
362,0.0,0.0
363,0.0,0.0
364,0.0,0.0
365,0.0,0.0
366,0.0,0.0
367,0.0,0.0
368,0.0,0.0
369,0.0,0.0
370,0.0,0.0
371,0.0,0.0
372,0.0,0.0
373,0.0,0.0
374,0.0,0.0
375,0.0,0.0
376,0.0,0.0
377,0.0,0.0
378,0.0,0.0
379,0.0,0.0
380,0.0,0.0
381,0.0,0.0
382,0.0,0.0
383,0.0,0.0
384,0.0,0.0
385,0.0,0.0
386,0.0,0.0
387,0.0,0.0
388,0.0,0.0
389,0.0,0.0
390,0.0,0.0
391,0.0,0.0
392,0.0,0.0
393,0.0,0.0
394,0.0,0.0
395,0.0,0.0
396,0.0,0.0
397,0.0,0.0
398,0.0,0.0
399,0.0,0.0
400,0.0,0.0
401,0.0,0.0
402,0.0,0.0
403,0.0,0.0
404,0.0,0.0
405,0.0,0.0
406,0.0,0.0
407,0.0,0.0
408,0.0,0.0
409,0.0,0.0
410,0.0,0.0
411,0.0,0.0
412,0.0,0.0
413,0.0,0.0
414,0.0,0.0
415,0.0,0.0
416,0.0,0.0
417,0.0,0.0
418,0.0,0.0
419,0.0,0.0
420,0.0,0.0
421,0.0,0.0
422,0.0,0.0
423,0.0,0.0
424,0.0,0.0
425,0.0,0.0
426,0.0,0.0
427,0.0,0.0
428,0.0,0.0
429,0.0,0.0
430,0.0,0.0
431,0.0,0.0
432,0.0,0.0
433,0.0,0.0
434,0.0,0.0
435,0.0,0.0
436,0.0,0.0
437,0.0,0.0
438,0.0,0.0
439,0.0,0.0
440,0.0,0.0
441,0.0,0.0
442,0.0,0.0
443,0.0,0.0
444,0.0,0.0
445,0.0,0.0
446,0.0,0.0
447,0.0,0.0
448,0.0,0.0
449,0.0,0.0
450,0.0,0.0
451,0.0,0.0
452,0.0,0.0
453,0.0,0.0
454,0.0,0.0
455,0.0,0.0
456,0.0,0.0
457,0.0,0.0
458,0.0,0.0
459,0.0,0.0
460,0.0,0.0
461,0.0,0.0
462,0.0,0.0
463,0.0,0.0
464,0.0,0.0
465,0.0,0.0
466,0.0,0.0
467,0.0,0.0
468,0.0,0.0
469,0.0,0.0
470,0.0,0.0
471,0.0,0.0
472,0.0,0.0
473,0.0,0.0
474,0.0,0.0
475,0.0,0.0
476,0.0,0.0
477,0.0,0.0
478,0.0,0.0
479,0.0,0.0
480,0.0,0.0
481,0.0,0.0
482,0.0,0.0
483,0.0,0.0
484,0.0,0.0
485,0.0,0.0
486,0.0,0.0
487,0.0,0.0
488,0.0,0.0
489,0.0,0.0
490,0.0,0.0
491,0.0,0.0
492,0.0,0.0
493,0.0,0.0
494,0.0,0.0
495,0.0,0.0
496,0.0,0.0
497,0.0,0.0
498,0.0,0.0
499,0.0,0.0
500,0.0,0.0
501,0.0,0.0
502,0.0,0.0
503,0.0,0.0
504,0.0,0.0
505,0.0,0.0
506,0.0,0.0
507,0.0,0.0
508,0.0,0.0
509,0.0,0.0
510,0.0,0.0
511,0.0,0.0
512,0.0,0.0
513,0.0,0.0
514,0.0,0.0
515,0.0,0.0
516,0.0,0.0
517,0.0,0.0
518,0.0,0.0
519,0.0,0.0
520,0.0,0.0
521,0.0,0.0
522,0.0,0.0
523,0.0,0.0
524,0.0,0.0
525,0.0,0.0
526,0.0,0.0
527,0.0,0.0
528,0.0,0.0
529,0.0,0.0
530,0.0,0.0
531,0.0,0.0
532,0.0,0.0
533,0.0,0.0
534,0.0,0.0
535,0.0,0.0
536,0.0,0.0
537,0.0,0.0
538,0.0,0.0
539,0.0,0.0
540,0.0,0.0
541,0.0,0.0
542,0.0,0.0
543,0.0,0.0
544,0.0,0.0
545,0.0,0.0
546,0.0,0.0
547,0.0,0.0
548,0.0,0.0
549,0.0,0.0
550,0.0,0.0
551,0.0,0.0
552,0.0,0.0
553,0.0,0.0
554,0.0,0.0
555,0.0,0.0
556,0.0,0.0
557,0.0,0.0
558,0.0,0.0
559,0.0,0.0
560,0.0,0.0
561,0.0,0.0
562,0.0,0.0
563,0.0,0.0
564,0.0,0.0
565,0.0,0.0
566,0.0,0.0
567,0.0,0.0
568,0.0,0.0
569,0.0,0.0
570,0.0,0.0
571,0.0,0.0
572,0.0,0.0
573,0.0,0.0
574,0.0,0.0
575,0.0,0.0
576,0.0,0.0
577,0.0,0.0
578,0.0,0.0
579,0.0,0.0
580,0.0,0.0
581,0.0,0.0
582,0.0,0.0
583,0.0,0.0
584,0.0,0.0
585,0.0,0.0
586,0.0,0.0
587,0.0,0.0
588,0.0,0.0
589,0.0,0.0
590,0.0,0.0
591,0.0,0.0
592,0.0,0.0
593,0.0,0.0
594,0.0,0.0
595,0.0,0.0
596,0.0,0.0
597,0.0,0.0
598,0.0,0.0
599,0.0,0.0
600,0.0,0.0
601,0.0,0.0
602,0.0,0.0
603,0.0,0.0
604,0.0,0.0
605,0.0,0.0
606,0.0,0.0
607,0.0,0.0
608,0.0,0.0
609,0.0,0.0
610,0.0,0.0
611,0.0,0.0
612,0.0,0.0
613,0.0,0.0
614,0.0,0.0
615,0.0,0.0
616,0.0,0.0
617,0.0,0.0
618,0.0,0.0
619,0.0,0.0
620,0.0,0.0
621,0.0,0.0
622,0.0,0.0
623,0.0,0.0
624,0.0,0.0
625,0.0,0.0
626,0.0,0.0
627,0.0,0.0
628,0.0,0.0
629,0.0,0.0
630,0.0,0.0
631,0.0,0.0
632,0.0,0.0
633,0.0,0.0
634,0.0,0.0
635,0.0,0.0
636,0.0,0.0
637,0.0,0.0
638,0.0,0.0
639,0.0,0.0
640,0.0,0.0
641,0.0,0.0
642,0.0,0.0
643,0.0,0.0
644,0.0,0.0
645,0.0,0.0
646,0.0,0.0
647,0.0,0.0
648,0.0,0.0
649,0.0,0.0
650,0.0,0.0
651,0.0,0.0
652,0.0,0.0
653,0.0,0.0
654,0.0,0.0
655,0.0,0.0
656,0.0,0.0
657,0.0,0.0
658,0.0,0.0
659,0.0,0.0
660,0.0,0.0
661,0.0,0.0
662,0.0,0.0
663,0.0,0.0
664,0.0,0.0
665,0.0,0.0
666,0.0,0.0
667,0.0,0.0
668,0.0,0.0
669,0.0,0.0
670,0.0,0.0
671,0.0,0.0
672,0.0,0.0
673,0.0,0.0
674,0.0,0.0
675,0.0,0.0
676,0.0,0.0
677,0.0,0.0
678,0.0,0.0
679,0.0,0.0
680,0.0,0.0
681,0.0,0.0
682,0.0,0.0
683,0.0,0.0
684,0.0,0.0
685,0.0,0.0
686,0.0,0.0
687,0.0,0.0
688,0.0,0.0
689,0.0,0.0
690,0.0,0.0
691,0.0,0.0
692,0.0,0.0
693,0.0,0.0
694,0.0,0.0
695,0.0,0.0
696,0.0,0.0
697,0.0,0.0
698,0.0,0.0
699,0.0,0.0
700,0.0,0.0
701,0.0,0.0
702,0.0,0.0
703,0.0,0.0
704,0.0,0.0
705,0.0,0.0
706,0.0,0.0
707,0.0,0.0
708,0.0,0.0
709,0.0,0.0
710,0.0,0.0
711,0.0,0.0
712,0.0,0.0
713,0.0,0.0
714,0.0,0.0
715,0.0,0.0
716,0.0,0.0
717,0.0,0.0
718,0.0,0.0
719,0.0,0.0
720,0.0,0.0
721,0.0,0.0
722,0.0,0.0
723,0.0,0.0
724,0.0,0.0
725,0.0,0.0
726,0.0,0.0
727,0.0,0.0
728,0.0,0.0
729,0.0,0.0
730,0.0,0.0
731,0.0,0.0
732,0.0,0.0
733,0.0,0.0
734,0.0,0.0
735,0.0,0.0
736,0.0,0.0
737,0.0,0.0
738,0.0,0.0
739,0.0,0.0
740,0.0,0.0
741,0.0,0.0
742,0.0,0.0
743,0.0,0.0
744,0.0,0.0
745,0.0,0.0
746,0.0,0.0
747,0.0,0.0
748,0.0,0.0
749,0.0,0.0
750,0.0,0.0
751,0.0,0.0
752,0.0,0.0
753,0.0,0.0
754,0.0,0.0
755,0.0,0.0
756,0.0,0.0
757,0.0,0.0
758,0.0,0.0
759,0.0,0.0
760,0.0,0.0
761,0.0,0.0
762,0.0,0.0
763,0.0,0.0
764,0.0,0.0
765,0.0,0.0
766,0.0,0.0
767,0.0,0.0
768,0.0,0.0
769,0.0,0.0
770,0.0,0.0
771,0.0,0.0
772,0.0,0.0
773,0.0,0.0
774,0.0,0.0
775,0.0,0.0
776,0.0,0.0
777,0.0,0.0
778,0.0,0.0
779,0.0,0.0
780,0.0,0.0
781,0.0,0.0
782,0.0,0.0
783,0.0,0.0
784,0.0,0.0
785,0.0,0.0
786,0.0,0.0
787,0.0,0.0
788,0.0,0.0
789,0.0,0.0
790,0.0,0.0
791,0.0,0.0
792,0.0,0.0
793,0.0,0.0
794,0.0,0.0
795,0.0,0.0
796,0.0,0.0
797,0.0,0.0
798,0.0,0.0
799,0.0,0.0
800,0.0,0.0
801,0.0,0.0
802,0.0,0.0
803,0.0,0.0
804,0.0,0.0
805,0.0,0.0
806,0.0,0.0
807,0.0,0.0
808,0.0,0.0
809,0.0,0.0
810,0.0,0.0
811,0.0,0.0
812,0.0,0.0
813,0.0,0.0
814,0.0,0.0
815,0.0,0.0
816,0.0,0.0
817,0.0,0.0
818,0.0,0.0
819,0.0,0.0
820,0.0,0.0
821,0.0,0.0
822,0.0,0.0
823,0.0,0.0
824,0.0,0.0
825,0.0,0.0
826,0.0,0.0
827,0.0,0.0
828,0.0,0.0
829,0.0,0.0
830,0.0,0.0
831,0.0,0.0
832,0.0,0.0
833,0.0,0.0
834,0.0,0.0
835,0.0,0.0
836,0.0,0.0
837,0.0,0.0
838,0.0,0.0
839,0.0,0.0
840,0.0,0.0
841,0.0,0.0
842,0.0,0.0
843,0.0,0.0
844,0.0,0.0
845,0.0,0.0
846,0.0,0.0
847,0.0,0.0
848,0.0,0.0
849,0.0,0.0
850,0.0,0.0
851,0.0,0.0
852,0.0,0.0
853,0.0,0.0
854,0.0,0.0
855,0.0,0.0
856,0.0,0.0
857,0.0,0.0
858,0.0,0.0
859,0.0,0.0
860,0.0,0.0
861,0.0,0.0
862,0.0,0.0
863,0.0,0.0
864,0.0,0.0
865,0.0,0.0
866,0.0,0.0
867,0.0,0.0
868,0.0,0.0
869,0.0,0.0
870,0.0,0.0
871,0.0,0.0
872,0.0,0.0
873,0.0,0.0
874,0.0,0.0
875,0.0,0.0
876,0.0,0.0
877,0.0,0.0
878,0.0,0.0
879,0.0,0.0
880,0.0,0.0
881,0.0,0.0
882,0.0,0.0
883,0.0,0.0
884,0.0,0.0
885,0.0,0.0
886,0.0,0.0
887,0.0,0.0
888,0.0,0.0
889,0.0,0.0
890,0.0,0.0
891,0.0,0.0
892,0.0,0.0
893,0.0,0.0
894,0.0,0.0
895,0.0,0.0
896,0.0,0.0
897,0.0,0.0
898,0.0,0.0
899,0.0,0.0
900,0.0,0.0
901,0.0,0.0
902,0.0,0.0
903,0.0,0.0
904,0.0,0.0
905,0.0,0.0
906,0.0,0.0
907,0.0,0.0
908,0.0,0.0
909,0.0,0.0
910,0.0,0.0
911,0.0,0.0
912,0.0,0.0
913,0.0,0.0
914,0.0,0.0
915,0.0,0.0
916,0.0,0.0
917,0.0,0.0
918,0.0,0.0
919,0.0,0.0
920,0.0,0.0
921,0.0,0.0
922,0.0,0.0
923,0.0,0.0
924,0.0,0.0
925,0.0,0.0
926,0.0,0.0
927,0.0,0.0
928,0.0,0.0
929,0.0,0.0
930,0.0,0.0
931,0.0,0.0
932,0.0,0.0
933,0.0,0.0
934,0.0,0.0
935,0.0,0.0
936,0.0,0.0
937,0.0,0.0
938,0.0,0.0
939,0.0,0.0
940,0.0,0.0
941,0.0,0.0
942,0.0,0.0
943,0.0,0.0
944,0.0,0.0
945,0.0,0.0
946,0.0,0.0
947,0.0,0.0
948,0.0,0.0
949,0.0,0.0
950,0.0,0.0
951,0.0,0.0
952,0.0,0.0
953,0.0,0.0
954,0.0,0.0
955,0.0,0.0
956,0.0,0.0
957,0.0,0.0
958,0.0,0.0
959,0.0,0.0
960,0.0,0.0
961,0.0,0.0
962,0.0,0.0
963,0.0,0.0
964,0.0,0.0
965,0.0,0.0
966,0.0,0.0
967,0.0,0.0
968,0.0,0.0
969,0.0,0.0
970,0.0,0.0
971,0.0,0.0
972,0.0,0.0
973,0.0,0.0
974,0.0,0.0
975,0.0,0.0
976,0.0,0.0
977,0.0,0.0
978,0.0,0.0
979,0.0,0.0
980,0.0,0.0
981,0.0,0.0
982,0.0,0.0
983,0.0,0.0
984,0.0,0.0
985,0.0,0.0
986,0.0,0.0
987,0.0,0.0
988,0.0,0.0
989,0.0,0.0
990,0.0,0.0
991,0.0,0.0
992,0.0,0.0
993,0.0,0.0
994,0.0,0.0
995,0.0,0.0
996,0.0,0.0
997,0.0,0.0
998,0.0,0.0
999,0.0,0.0
1000,0.0,0.0
1001,0.0,0.0
1002,0.0,0.0
1003,0.0,0.0
1004,0.0,0.0
1005,0.0,0.0
1006,0.0,0.0
1007,0.0,0.0
1008,0.0,0.0
1009,0.0,0.0
1010,0.0,0.0
1011,0.0,0.0
1012,0.0,0.0
1013,0.0,0.0
1014,0.0,0.0
1015,0.0,0.0
1016,0.0,0.0
1017,0.0,0.0
1018,0.0,0.0
1019,0.0,0.0
1020,0.0,0.0
1021,0.0,0.0
1022,0.0,0.0
1023,0.0,0.0
1024,0.0,0.0
1025,0.0,0.0
1026,0.0,0.0
1027,0.0,0.0
1028,0.0,0.0
1029,0.0,0.0
1030,0.0,0.0
1031,0.0,0.0
1032,0.0,0.0
1033,0.0,0.0
1034,0.0,0.0
1035,0.0,0.0
1036,0.0,0.0
1037,0.0,0.0
1038,0.0,0.0
1039,0.0,0.0
1040,0.0,0.0
1041,0.0,0.0
1042,0.0,0.0
1043,0.0,0.0
1044,0.0,0.0
1045,0.0,0.0
1046,0.0,0.0
1047,0.0,0.0
1048,0.0,0.0
1049,0.0,0.0
1050,0.0,0.0
1051,0.0,0.0
1052,0.0,0.0
1053,0.0,0.0
1054,0.0,0.0
1055,0.0,0.0
1056,0.0,0.0
1057,0.0,0.0
1058,0.0,0.0
1059,0.0,0.0
1060,0.0,0.0
1061,0.0,0.0
1062,0.0,0.0
1063,0.0,0.0
1064,0.0,0.0
1065,0.0,0.0
1066,0.0,0.0
1067,0.0,0.0
1068,0.0,0.0
1069,0.0,0.0
1070,0.0,0.0
1071,0.0,0.0
1072,0.0,0.0
1073,0.0,0.0
1074,0.0,0.0
1075,0.0,0.0
1076,0.0,0.0
1077,0.0,0.0
1078,0.0,0.0
1079,0.0,0.0
1080,0.0,0.0
1081,0.0,0.0
1082,0.0,0.0
1083,0.0,0.0
1084,0.0,0.0
1085,0.0,0.0
1086,0.0,0.0
1087,0.0,0.0
1088,0.0,0.0
1089,0.0,0.0
1090,0.0,0.0
1091,0.0,0.0
1092,0.0,0.0
1093,0.0,0.0
1094,0.0,0.0
1095,0.0,0.0
1096,0.0,0.0
1097,0.0,0.0
1098,0.0,0.0
1099,0.0,0.0
1100,0.0,0.0
1101,0.0,0.0
1102,0.0,0.0
1103,0.0,0.0
1104,0.0,0.0
1105,0.0,0.0
1106,0.0,0.0
1107,0.0,0.0
1108,0.0,0.0
1109,0.0,0.0
1110,0.0,0.0
1111,0.0,0.0
1112,0.0,0.0
1113,0.0,0.0
1114,0.0,0.0
1115,0.0,0.0
1116,0.0,0.0
1117,0.0,0.0
1118,0.0,0.0
1119,0.0,0.0
1120,0.0,0.0
1121,0.0,0.0
1122,0.0,0.0
1123,0.0,0.0
1124,0.0,0.0
1125,0.0,0.0
1126,0.0,0.0
1127,0.0,0.0
1128,0.0,0.0
1129,0.0,0.0
1130,0.0,0.0
1131,0.0,0.0
1132,0.0,0.0
1133,0.0,0.0
1134,0.0,0.0
1135,0.0,0.0
1136,0.0,0.0
1137,0.0,0.0
1138,0.0,0.0
1139,0.0,0.0
1140,0.0,0.0
1141,0.0,0.0
1142,0.0,0.0
1143,0.0,0.0
1144,0.0,0.0
1145,0.0,0.0
1146,0.0,0.0
1147,0.0,0.0
1148,0.0,0.0
1149,0.0,0.0
1150,0.0,0.0
1151,0.0,0.0
1152,0.0,0.0
1153,0.0,0.0
1154,0.0,0.0
1155,0.0,0.0
1156,0.0,0.0
1157,0.0,0.0
1158,0.0,0.0
1159,0.0,0.0
1160,0.0,0.0
1161,0.0,0.0
1162,0.0,0.0
1163,0.0,0.0
1164,0.0,0.0
1165,0.0,0.0
1166,0.0,0.0
1167,0.0,0.0
1168,0.0,0.0
1169,0.0,0.0
1170,0.0,0.0
1171,0.0,0.0
1172,0.0,0.0
1173,0.0,0.0
1174,0.0,0.0
1175,0.0,0.0
1176,0.0,0.0
1177,0.0,0.0
1178,0.0,0.0
1179,0.0,0.0
1180,0.0,0.0
1181,0.0,0.0
1182,0.0,0.0
1183,0.0,0.0
1184,0.0,0.0
1185,0.0,0.0
1186,0.0,0.0
1187,0.0,0.0
1188,0.0,0.0
1189,0.0,0.0
1190,0.0,0.0
1191,0.0,0.0
1192,0.0,0.0
1193,0.0,0.0
1194,0.0,0.0
1195,0.0,0.0
1196,0.0,0.0
1197,0.0,0.0
1198,0.0,0.0
1199,0.0,0.0
1200,0.0,0.0
1201,0.0,0.0
1202,0.0,0.0
1203,0.0,0.0
1204,0.0,0.0
1205,0.0,0.0
1206,0.0,0.0
1207,0.0,0.0
1208,0.0,0.0
1209,0.0,0.0
1210,0.0,0.0
1211,0.0,0.0
1212,0.0,0.0
1213,0.0,0.0
1214,0.0,0.0
1215,0.0,0.0
1216,0.0,0.0
1217,0.0,0.0
1218,0.0,0.0
1219,0.0,0.0
1220,0.0,0.0
1221,0.0,0.0
1222,0.0,0.0
1223,0.0,0.0
1224,0.0,0.0
1225,0.0,0.0
1226,0.0,0.0
1227,0.0,0.0
1228,0.0,0.0
1229,0.0,0.0
1230,0.0,0.0
1231,0.0,0.0
1232,0.0,0.0
1233,0.0,0.0
1234,0.0,0.0
1235,0.0,0.0
1236,0.0,0.0
1237,0.0,0.0
1238,0.0,0.0
1239,0.0,0.0
1240,0.0,0.0
1241,0.0,0.0
1242,0.0,0.0
1243,0.0,0.0
1244,0.0,0.0
1245,0.0,0.0
1246,0.0,0.0
1247,0.0,0.0
1248,0.0,0.0
1249,0.0,0.0
1250,0.0,0.0
1251,0.0,0.0
1252,0.0,0.0
1253,0.0,0.0
1254,0.0,0.0
1255,0.0,0.0
1256,0.0,0.0
1257,0.0,0.0
1258,0.0,0.0
1259,0.0,0.0
1260,0.0,0.0
1261,0.0,0.0
1262,0.0,0.0
1263,0.0,0.0
1264,0.0,0.0
1265,0.0,0.0
1266,0.0,0.0
1267,0.0,0.0
1268,0.0,0.0
1269,0.0,0.0
1270,0.0,0.0
1271,0.0,0.0
1272,0.0,0.0
1273,0.0,0.0
1274,0.0,0.0
1275,0.0,0.0
1276,0.0,0.0
1277,0.0,0.0
1278,0.0,0.0
1279,0.0,0.0
1280,0.0,0.0
1281,0.0,0.0
1282,0.0,0.0
1283,0.0,0.0
1284,0.0,0.0
1285,0.0,0.0
1286,0.0,0.0
1287,0.0,0.0
1288,0.0,0.0
1289,0.0,0.0
1290,0.0,0.0
1291,0.0,0.0
1292,0.0,0.0
1293,0.0,0.0
1294,0.0,0.0
1295,0.0,0.0
1296,0.0,0.0
1297,0.0,0.0
1298,0.0,0.0
1299,0.0,0.0
1300,0.0,0.0
1301,0.0,0.0
1302,0.0,0.0
1303,0.0,0.0
1304,0.0,0.0
1305,0.0,0.0
1306,0.0,0.0
1307,0.0,0.0
1308,0.0,0.0
1309,0.0,0.0
1310,0.0,0.0
1311,0.0,0.0
1312,0.0,0.0
1313,0.0,0.0
1314,0.0,0.0
1315,0.0,0.0
1316,0.0,0.0
1317,0.0,0.0
1318,0.0,0.0
1319,0.0,0.0
1320,0.0,0.0
1321,0.0,0.0
1322,0.0,0.0
1323,0.0,0.0
1324,0.0,0.0
1325,0.0,0.0
1326,0.0,0.0
1327,0.0,0.0
1328,0.0,0.0
1329,0.0,0.0
1330,0.0,0.0
1331,0.0,0.0
1332,0.0,0.0
1333,0.0,0.0
1334,0.0,0.0
1335,0.0,0.0
1336,0.0,0.0
1337,0.0,0.0
1338,0.0,0.0
1339,0.0,0.0
1340,0.0,0.0
1341,0.0,0.0
1342,0.0,0.0
1343,0.0,0.0
1344,0.0,0.0
1345,0.0,0.0
1346,0.0,0.0
1347,0.0,0.0
1348,0.0,0.0
1349,0.0,0.0
1350,0.0,0.0
1351,0.0,0.0
1352,0.0,0.0
1353,0.0,0.0
1354,0.0,0.0
1355,0.0,0.0
1356,0.0,0.0
1357,0.0,0.0
1358,0.0,0.0
1359,0.0,0.0
1360,0.0,0.0
1361,0.0,0.0
1362,0.0,0.0
1363,0.0,0.0
1364,0.0,0.0
1365,0.0,0.0
1366,0.0,0.0
1367,0.0,0.0
1368,0.0,0.0
1369,0.0,0.0
1370,0.0,0.0
1371,0.0,0.0
1372,0.0,0.0
1373,0.0,0.0
1374,0.0,0.0
1375,0.0,0.0
1376,0.0,0.0
1377,0.0,0.0
1378,0.0,0.0
1379,0.0,0.0
1380,0.0,0.0
1381,0.0,0.0
1382,0.0,0.0
1383,0.0,0.0
1384,0.0,0.0
1385,0.0,0.0
1386,0.0,0.0
1387,0.0,0.0
1388,0.0,0.0
1389,0.0,0.0
1390,0.0,0.0
1391,0.0,0.0
1392,0.0,0.0
1393,0.0,0.0
1394,0.0,0.0
1395,0.0,0.0
1396,0.0,0.0
1397,0.0,0.0
1398,0.0,0.0
1399,0.0,0.0
1400,0.0,0.0
1401,0.0,0.0
1402,0.0,0.0
1403,0.0,0.0
1404,0.0,0.0
1405,0.0,0.0
1406,0.0,0.0
1407,0.0,0.0
1408,0.0,0.0
1409,0.0,0.0
1410,0.0,0.0
1411,0.0,0.0
1412,0.0,0.0
1413,0.0,0.0
1414,0.0,0.0
1415,0.0,0.0
1416,0.0,0.0
1417,0.0,0.0
1418,0.0,0.0
1419,0.0,0.0
1420,0.0,0.0
1421,0.0,0.0
1422,0.0,0.0
1423,0.0,0.0
1424,0.0,0.0
1425,0.0,0.0
1426,0.0,0.0
1427,0.0,0.0
1428,0.0,0.0
1429,0.0,0.0
1430,0.0,0.0
1431,0.0,0.0
1432,0.0,0.0
1433,0.0,0.0
1434,0.0,0.0
1435,0.0,0.0
1436,0.0,0.0
1437,0.0,0.0
1438,0.0,0.0
1439,0.0,0.0
1440,0.0,0.0
1441,0.0,0.0
1442,0.0,0.0
1443,0.0,0.0
1444,0.0,0.0
1445,0.0,0.0
1446,0.0,0.0
1447,0.0,0.0
1448,0.0,0.0
1449,0.0,0.0
1450,0.0,0.0
1451,0.0,0.0
1452,0.0,0.0
1453,0.0,0.0
1454,0.0,0.0
1455,0.0,0.0
1456,0.0,0.0
1457,0.0,0.0
1458,0.0,0.0
1459,0.0,0.0
1460,0.0,0.0
1461,0.0,0.0
1462,0.0,0.0
1463,0.0,0.0
1464,0.0,0.0
1465,0.0,0.0
1466,0.0,0.0
1467,0.0,0.0
1468,0.0,0.0
1469,0.0,0.0
1470,0.0,0.0
1471,0.0,0.0
1472,0.0,0.0
1473,0.0,0.0
1474,0.0,0.0
1475,0.0,0.0
1476,0.0,0.0
1477,0.0,0.0
1478,0.0,0.0
1479,0.0,0.0
1480,0.0,0.0
1481,0.0,0.0
1482,0.0,0.0
1483,0.0,0.0
1484,0.0,0.0
1485,0.0,0.0
1486,0.0,0.0
1487,0.0,0.0
1488,0.0,0.0
1489,0.0,0.0
1490,0.0,0.0
1491,0.0,0.0
1492,0.0,0.0
1493,0.0,0.0
1494,0.0,0.0
1495,0.0,0.0
1496,0.0,0.0
1497,0.0,0.0
1498,0.0,0.0
1499,0.0,0.0
1500,0.0,0.0
1501,0.0,0.0
1502,0.0,0.0
1503,0.0,0.0
1504,0.0,0.0
1505,0.0,0.0
1506,0.0,0.0
1507,0.0,0.0
1508,0.0,0.0
1509,0.0,0.0
1510,0.0,0.0
1511,0.0,0.0
1512,0.0,0.0
1513,0.0,0.0
1514,0.0,0.0
1515,0.0,0.0
1516,0.0,0.0
1517,0.0,0.0
1518,0.0,0.0
1519,0.0,0.0
1520,0.0,0.0
1521,0.0,0.0
1522,0.0,0.0
1523,0.0,0.0
1524,0.0,0.0
1525,0.0,0.0
1526,0.0,0.0
1527,0.0,0.0
1528,0.0,0.0
1529,0.0,0.0
1530,0.0,0.0
1531,0.0,0.0
1532,0.0,0.0
1533,0.0,0.0
1534,0.0,0.0
1535,0.0,0.0
1536,0.0,0.0
1537,0.0,0.0
1538,0.0,0.0
1539,0.0,0.0
1540,0.0,0.0
1541,0.0,0.0
1542,0.0,0.0
1543,0.0,0.0
1544,0.0,0.0
1545,0.0,0.0
1546,0.0,0.0
1547,0.0,0.0
1548,0.0,0.0
1549,0.0,0.0
1550,0.0,0.0
1551,0.0,0.0
1552,0.0,0.0
1553,0.0,0.0
1554,0.0,0.0
1555,0.0,0.0
1556,0.0,0.0
1557,0.0,0.0
1558,0.0,0.0
1559,0.0,0.0
1560,0.0,0.0
1561,0.0,0.0
1562,0.0,0.0
1563,0.0,0.0
1564,0.0,0.0
1565,0.0,0.0
1566,0.0,0.0
1567,0.0,0.0
1568,0.0,0.0
1569,0.0,0.0
1570,0.0,0.0
1571,0.0,0.0
1572,0.0,0.0
1573,0.0,0.0
1574,0.0,0.0
1575,0.0,0.0
1576,0.0,0.0
1577,0.0,0.0
1578,0.0,0.0
1579,0.0,0.0
1580,0.0,0.0
1581,0.0,0.0
1582,0.0,0.0
1583,0.0,0.0
1584,0.0,0.0
1585,0.0,0.0
1586,0.0,0.0
1587,0.0,0.0
1588,0.0,0.0
1589,0.0,0.0
1590,0.0,0.0
1591,0.0,0.0
1592,0.0,0.0
1593,0.0,0.0
1594,0.0,0.0
1595,0.0,0.0
1596,0.0,0.0
1597,0.0,0.0
1598,0.0,0.0
1599,0.0,0.0
1600,0.0,0.0
1601,0.0,0.0
1602,0.0,0.0
1603,0.0,0.0
1604,0.0,0.0
1605,0.0,0.0
1606,0.0,0.0
1607,0.0,0.0
1608,0.0,0.0
1609,0.0,0.0
1610,0.0,0.0
1611,0.0,0.0
1612,0.0,0.0
1613,0.0,0.0
1614,0.0,0.0
1615,0.0,0.0
1616,0.0,0.0
1617,0.0,0.0
1618,0.0,0.0
1619,0.0,0.0
1620,0.0,0.0
1621,0.0,0.0
1622,0.0,0.0
1623,0.0,0.0
1624,0.0,0.0
1625,0.0,0.0
1626,0.0,0.0
1627,0.0,0.0
1628,0.0,0.0
1629,0.0,0.0
1630,0.0,0.0
1631,0.0,0.0
1632,0.0,0.0
1633,0.0,0.0
1634,0.0,0.0
1635,0.0,0.0
1636,0.0,0.0
1637,0.0,0.0
1638,0.0,0.0
1639,0.0,0.0
1640,0.0,0.0
1641,0.0,0.0
1642,0.0,0.0
1643,0.0,0.0
1644,0.0,0.0
1645,0.0,0.0
1646,0.0,0.0
1647,0.0,0.0
1648,0.0,0.0
1649,0.0,0.0
1650,0.0,0.0
1651,0.0,0.0
1652,0.0,0.0
1653,0.0,0.0
1654,0.0,0.0
1655,0.0,0.0
1656,0.0,0.0
1657,0.0,0.0
1658,0.0,0.0
1659,0.0,0.0
1660,0.0,0.0
1661,0.0,0.0
1662,0.0,0.0
1663,0.0,0.0
1664,0.0,0.0
1665,0.0,0.0
1666,0.0,0.0
1667,0.0,0.0
1668,0.0,0.0
1669,0.0,0.0
1670,0.0,0.0
1671,0.0,0.0
1672,0.0,0.0
1673,0.0,0.0
1674,0.0,0.0
1675,0.0,0.0
1676,0.0,0.0
1677,0.0,0.0
1678,0.0,0.0
1679,0.0,0.0
1680,0.0,0.0
1681,0.0,0.0
1682,0.0,0.0
1683,0.0,0.0
1684,0.0,0.0
1685,0.0,0.0
1686,0.0,0.0
1687,0.0,0.0
1688,0.0,0.0
1689,0.0,0.0
1690,0.0,0.0
1691,0.0,0.0
1692,0.0,0.0
1693,0.0,0.0
1694,0.0,0.0
1695,0.0,0.0
1696,0.0,0.0
1697,0.0,0.0
1698,0.0,0.0
1699,0.0,0.0
1700,0.0,0.0
1701,0.0,0.0
1702,0.0,0.0
1703,0.0,0.0
1704,0.0,0.0
1705,0.0,0.0
1706,0.0,0.0
1707,0.0,0.0
1708,0.0,0.0
1709,0.0,0.0
1710,0.0,0.0
1711,0.0,0.0
1712,0.0,0.0
1713,0.0,0.0
1714,0.0,0.0
1715,0.0,0.0
1716,0.0,0.0
1717,0.0,0.0
1718,0.0,0.0
1719,0.0,0.0
1720,0.0,0.0
1721,0.0,0.0
1722,0.0,0.0
1723,0.0,0.0
1724,0.0,0.0
1725,0.0,0.0
1726,0.0,0.0
1727,0.0,0.0
1728,0.0,0.0
1729,0.0,0.0
1730,0.0,0.0
1731,0.0,0.0
1732,0.0,0.0
1733,0.0,0.0
1734,0.0,0.0
1735,0.0,0.0
1736,0.0,0.0
1737,0.0,0.0
1738,0.0,0.0
1739,0.0,0.0
1740,0.0,0.0
1741,0.0,0.0
1742,0.0,0.0
1743,0.0,0.0
1744,0.0,0.0
1745,0.0,0.0
1746,0.0,0.0
1747,0.0,0.0
1748,0.0,0.0
1749,0.0,0.0
1750,0.0,0.0
1751,0.0,0.0
1752,0.0,0.0
1753,0.0,0.0
1754,0.0,0.0
1755,0.0,0.0
1756,0.0,0.0
1757,0.0,0.0
1758,0.0,0.0
1759,0.0,0.0
1760,0.0,0.0
1761,0.0,0.0
1762,0.0,0.0
1763,0.0,0.0
1764,0.0,0.0
1765,0.0,0.0
1766,0.0,0.0
1767,0.0,0.0
1768,0.0,0.0
1769,0.0,0.0
1770,0.0,0.0
1771,0.0,0.0
1772,0.0,0.0
1773,0.0,0.0
1774,0.0,0.0
1775,0.0,0.0
1776,0.0,0.0
1777,0.0,0.0
1778,0.0,0.0
1779,0.0,0.0
1780,0.0,0.0
1781,0.0,0.0
1782,0.0,0.0
1783,0.0,0.0
1784,0.0,0.0
1785,0.0,0.0
1786,0.0,0.0
1787,0.0,0.0
1788,0.0,0.0
1789,0.0,0.0
1790,0.0,0.0
1791,0.0,0.0
1792,0.0,0.0
1793,0.0,0.0
1794,0.0,0.0
1795,0.0,0.0
1796,0.0,0.0
1797,0.0,0.0
1798,0.0,0.0
1799,0.0,0.0
1800,0.0,0.0
1801,0.0,0.0
1802,0.0,0.0
1803,0.0,0.0
1804,0.0,0.0
1805,0.0,0.0
1806,0.0,0.0
1807,0.0,0.0
1808,0.0,0.0
1809,0.0,0.0
1810,0.0,0.0
1811,0.0,0.0
1812,0.0,0.0
1813,0.0,0.0
1814,0.0,0.0
1815,0.0,0.0
1816,0.0,0.0
1817,0.0,0.0
1818,0.0,0.0
1819,0.0,0.0
1820,0.0,0.0
1821,0.0,0.0
1822,0.0,0.0
1823,0.0,0.0
1824,0.0,0.0
1825,0.0,0.0
1826,0.0,0.0
1827,0.0,0.0
1828,0.0,0.0
1829,0.0,0.0
1830,0.0,0.0
1831,0.0,0.0
1832,0.0,0.0
1833,0.0,0.0
1834,0.0,0.0
1835,0.0,0.0
1836,0.0,0.0
1837,0.0,0.0
1838,0.0,0.0
1839,0.0,0.0
1840,0.0,0.0
1841,0.0,0.0
1842,0.0,0.0
1843,0.0,0.0
1844,0.0,0.0
1845,0.0,0.0
1846,0.0,0.0
1847,0.0,0.0
1848,0.0,0.0
1849,0.0,0.0
1850,0.0,0.0
1851,0.0,0.0
1852,0.0,0.0
1853,0.0,0.0
1854,0.0,0.0
1855,0.0,0.0
1856,0.0,0.0
1857,0.0,0.0
1858,0.0,0.0
1859,0.0,0.0
1860,0.0,0.0
1861,0.0,0.0
1862,0.0,0.0
1863,0.0,0.0
1864,0.0,0.0
1865,0.0,0.0
1866,0.0,0.0
1867,0.0,0.0
1868,0.0,0.0
1869,0.0,0.0
1870,0.0,0.0
1871,0.0,0.0
1872,0.0,0.0
1873,0.0,0.0
1874,0.0,0.0
1875,0.0,0.0
1876,0.0,0.0
1877,0.0,0.0
1878,0.0,0.0
1879,0.0,0.0
1880,0.0,0.0
1881,0.0,0.0
1882,0.0,0.0
1883,0.0,0.0
1884,0.0,0.0
1885,0.0,0.0
1886,0.0,0.0
1887,0.0,0.0
1888,0.0,0.0
1889,0.0,0.0
1890,0.0,0.0
1891,0.0,0.0
1892,0.0,0.0
1893,0.0,0.0
1894,0.0,0.0
1895,0.0,0.0
1896,0.0,0.0
1897,0.0,0.0
1898,0.0,0.0
1899,0.0,0.0
1900,0.0,0.0
1901,0.0,0.0
1902,0.0,0.0
1903,0.0,0.0
1904,0.0,0.0
1905,0.0,0.0
1906,0.0,0.0
1907,0.0,0.0
1908,0.0,0.0
1909,0.0,0.0
1910,0.0,0.0
1911,0.0,0.0
1912,0.0,0.0
1913,0.0,0.0
1914,0.0,0.0
1915,0.0,0.0
1916,0.0,0.0
1917,0.0,0.0
1918,0.0,0.0
1919,0.0,0.0
1920,0.0,0.0
1921,0.0,0.0
1922,0.0,0.0
1923,0.0,0.0
1924,0.0,0.0
1925,0.0,0.0
1926,0.0,0.0
1927,0.0,0.0
1928,0.0,0.0
1929,0.0,0.0
1930,0.0,0.0
1931,0.0,0.0
1932,0.0,0.0
1933,0.0,0.0
1934,0.0,0.0
1935,0.0,0.0
1936,0.0,0.0
1937,0.0,0.0
1938,0.0,0.0
1939,0.0,0.0
1940,0.0,0.0
1941,0.0,0.0
1942,0.0,0.0
1943,0.0,0.0
1944,0.0,0.0
1945,0.0,0.0
1946,0.0,0.0
1947,0.0,0.0
1948,0.0,0.0
1949,0.0,0.0
1950,0.0,0.0
1951,0.0,0.0
1952,0.0,0.0
1953,0.0,0.0
1954,0.0,0.0
1955,0.0,0.0
1956,0.0,0.0
1957,0.0,0.0
1958,0.0,0.0
1959,0.0,0.0
1960,0.0,0.0
1961,0.0,0.0
1962,0.0,0.0
1963,0.0,0.0
1964,0.0,0.0
1965,0.0,0.0
1966,0.0,0.0
1967,0.0,0.0
1968,0.0,0.0
1969,0.0,0.0
1970,0.0,0.0
1971,0.0,0.0
1972,0.0,0.0
1973,0.0,0.0
1974,0.0,0.0
1975,0.0,0.0
1976,0.0,0.0
1977,0.0,0.0
1978,0.0,0.0
1979,0.0,0.0
1980,0.0,0.0
1981,0.0,0.0
1982,0.0,0.0
1983,0.0,0.0
1984,0.0,0.0
1985,0.0,0.0
1986,0.0,0.0
1987,0.0,0.0
1988,0.0,0.0
1989,0.0,0.0
1990,0.0,0.0
1991,0.0,0.0
1992,0.0,0.0
1993,0.0,0.0
1994,0.0,0.0
1995,0.0,0.0
1996,0.0,0.0
1997,0.0,0.0
1998,0.0,0.0
1999,0.0,0.0
2000,0.0,0.0
2001,0.0,0.0
2002,0.0,0.0
2003,0.0,0.0
2004,0.0,0.0
2005,0.0,0.0
2006,0.0,0.0
2007,0.0,0.0
2008,0.0,0.0
2009,0.0,0.0
2010,0.0,0.0
2011,0.0,0.0
2012,0.0,0.0
2013,0.0,0.0
2014,0.0,0.0
2015,0.0,0.0
2016,0.0,0.0
2017,0.0,0.0
2018,0.0,0.0
2019,0.0,0.0
2020,0.0,0.0
2021,0.0,0.0
2022,0.0,0.0
2023,0.0,0.0
2024,0.0,0.0
2025,0.0,0.0
2026,0.0,0.0
2027,0.0,0.0
2028,0.0,0.0
2029,0.0,0.0
2030,0.0,0.0
2031,0.0,0.0
2032,0.0,0.0
2033,0.0,0.0
2034,0.0,0.0
2035,0.0,0.0
2036,0.0,0.0
2037,0.0,0.0
2038,0.0,0.0
2039,0.0,0.0
2040,0.0,0.0
2041,0.0,0.0
2042,0.0,0.0
2043,0.0,0.0
2044,0.0,0.0
2045,0.0,0.0
2046,0.0,0.0
2047,0.0,0.0
2048,0.0,0.0
2049,0.0,0.0
2050,0.0,0.0
2051,0.0,0.0
2052,0.0,0.0
2053,0.0,0.0
2054,0.0,0.0
2055,0.0,0.0
2056,0.0,0.0
2057,0.0,0.0
2058,0.0,0.0
2059,0.0,0.0
2060,0.0,0.0
2061,0.0,0.0
2062,0.0,0.0
2063,0.0,0.0
2064,0.0,0.0
2065,0.0,0.0
2066,0.0,0.0
2067,0.0,0.0
2068,0.0,0.0
2069,0.0,0.0
2070,0.0,0.0
2071,0.0,0.0
2072,0.0,0.0
2073,0.0,0.0
2074,0.0,0.0
2075,0.0,0.0
2076,0.0,0.0
2077,0.0,0.0
2078,0.0,0.0
2079,0.0,0.0
2080,0.0,0.0
2081,0.0,0.0
2082,0.0,0.0
2083,0.0,0.0
2084,0.0,0.0
2085,0.0,0.0
2086,0.0,0.0
2087,0.0,0.0
2088,0.0,0.0
2089,0.0,0.0
2090,0.0,0.0
2091,0.0,0.0
2092,0.0,0.0
2093,0.0,0.0
2094,0.0,0.0
2095,0.0,0.0
2096,0.0,0.0
2097,0.0,0.0
2098,0.0,0.0
2099,0.0,0.0
2100,0.0,0.0
2101,0.0,0.0
2102,0.0,0.0
2103,0.0,0.0
2104,0.0,0.0
2105,0.0,0.0
2106,0.0,0.0
2107,0.0,0.0
2108,0.0,0.0
2109,0.0,0.0
2110,0.0,0.0
2111,0.0,0.0
2112,0.0,0.0
2113,0.0,0.0
2114,0.0,0.0
2115,0.0,0.0
2116,0.0,0.0
2117,0.0,0.0
2118,0.0,0.0
2119,0.0,0.0
2120,0.0,0.0
2121,0.0,0.0
2122,0.0,0.0
2123,0.0,0.0
2124,0.0,0.0
2125,0.0,0.0
2126,0.0,0.0
2127,0.0,0.0
2128,0.0,0.0
2129,0.0,0.0
2130,0.0,0.0
2131,0.0,0.0
2132,0.0,0.0
2133,0.0,0.0
2134,0.0,0.0
2135,0.0,0.0
2136,0.0,0.0
2137,0.0,0.0
2138,0.0,0.0
2139,0.0,0.0
2140,0.0,0.0
2141,0.0,0.0
2142,0.0,0.0
2143,0.0,0.0
2144,0.0,0.0
2145,0.0,0.0
2146,0.0,0.0
2147,0.0,0.0
2148,0.0,0.0
2149,0.0,0.0
2150,0.0,0.0
2151,0.0,0.0
2152,0.0,0.0
2153,0.0,0.0
2154,0.0,0.0
2155,0.0,0.0
2156,0.0,0.0
2157,0.0,0.0
2158,0.0,0.0
2159,0.0,0.0
2160,0.0,0.0
2161,0.0,0.0
2162,0.0,0.0
2163,0.0,0.0
2164,0.0,0.0
2165,0.0,0.0
2166,0.0,0.0
2167,0.0,0.0
2168,0.0,0.0
2169,0.0,0.0
2170,0.0,0.0
2171,0.0,0.0
2172,0.0,0.0
2173,0.0,0.0
2174,0.0,0.0
2175,0.0,0.0
2176,0.0,0.0
2177,0.0,0.0
2178,0.0,0.0
2179,0.0,0.0
2180,0.0,0.0
2181,0.0,0.0
2182,0.0,0.0
2183,0.0,0.0
2184,0.0,0.0
2185,0.0,0.0
2186,0.0,0.0
2187,0.0,0.0
2188,0.0,0.0
2189,0.0,0.0
2190,0.0,0.0
2191,0.0,0.0
2192,0.0,0.0
2193,0.0,0.0
2194,0.0,0.0
2195,0.0,0.0
2196,0.0,0.0
2197,0.0,0.0
2198,0.0,0.0
2199,0.0,0.0
2200,0.0,0.0
2201,0.0,0.0
2202,0.0,0.0
2203,0.0,0.0
2204,0.0,0.0
2205,0.0,0.0
2206,0.0,0.0
2207,0.0,0.0
2208,0.0,0.0
2209,0.0,0.0
2210,0.0,0.0
2211,0.0,0.0
2212,0.0,0.0
2213,0.0,0.0
2214,0.0,0.0
2215,0.0,0.0
2216,0.0,0.0
2217,0.0,0.0
2218,0.0,0.0
2219,0.0,0.0
2220,0.0,0.0
2221,0.0,0.0
2222,0.0,0.0
2223,0.0,0.0
2224,0.0,0.0
2225,0.0,0.0
2226,0.0,0.0
2227,0.0,0.0
2228,0.0,0.0
2229,0.0,0.0
2230,0.0,0.0
2231,0.0,0.0
2232,0.0,0.0
2233,0.0,0.0
2234,0.0,0.0
2235,0.0,0.0
2236,0.0,0.0
2237,0.0,0.0
2238,0.0,0.0
2239,0.0,0.0
2240,0.0,0.0
2241,0.0,0.0
2242,0.0,0.0
2243,0.0,0.0
2244,0.0,0.0
2245,0.0,0.0
2246,0.0,0.0
2247,0.0,0.0
2248,0.0,0.0
2249,0.0,0.0
2250,0.0,0.0
2251,0.0,0.0
2252,0.0,0.0
2253,0.0,0.0
2254,0.0,0.0
2255,0.0,0.0
2256,0.0,0.0
2257,0.0,0.0
2258,0.0,0.0
2259,0.0,0.0
2260,0.0,0.0
2261,0.0,0.0
2262,0.0,0.0
2263,0.0,0.0
2264,0.0,0.0
2265,0.0,0.0
2266,0.0,0.0
2267,0.0,0.0
2268,0.0,0.0
2269,0.0,0.0
2270,0.0,0.0
2271,0.0,0.0
2272,0.0,0.0
2273,0.0,0.0
2274,0.0,0.0
2275,0.0,0.0
2276,0.0,0.0
2277,0.0,0.0
2278,0.0,0.0
2279,0.0,0.0
2280,0.0,0.0
2281,0.0,0.0
2282,0.0,0.0
2283,0.0,0.0
2284,0.0,0.0
2285,0.0,0.0
2286,0.0,0.0
2287,0.0,0.0
2288,0.0,0.0
2289,0.0,0.0
2290,0.0,0.0
2291,0.0,0.0
2292,0.0,0.0
2293,0.0,0.0
2294,0.0,0.0
2295,0.0,0.0
2296,0.0,0.0
2297,0.0,0.0
2298,0.0,0.0
2299,0.0,0.0
2300,0.0,0.0
2301,0.0,0.0
2302,0.0,0.0
2303,0.0,0.0
2304,0.0,0.0
2305,0.0,0.0
2306,0.0,0.0
2307,0.0,0.0
2308,0.0,0.0
2309,0.0,0.0
2310,0.0,0.0
2311,0.0,0.0
2312,0.0,0.0
2313,0.0,0.0
2314,0.0,0.0
2315,0.0,0.0
2316,0.0,0.0
2317,0.0,0.0
2318,0.0,0.0
2319,0.0,0.0
2320,0.0,0.0
2321,0.0,0.0
2322,0.0,0.0
2323,0.0,0.0
2324,0.0,0.0
2325,0.0,0.0
2326,0.0,0.0
2327,0.0,0.0
2328,0.0,0.0
2329,0.0,0.0
2330,0.0,0.0
2331,0.0,0.0
2332,0.0,0.0
2333,0.0,0.0
2334,0.0,0.0
2335,0.0,0.0
2336,0.0,0.0
2337,0.0,0.0
2338,0.0,0.0
2339,0.0,0.0
2340,0.0,0.0
2341,0.0,0.0
2342,0.0,0.0
2343,0.0,0.0
2344,0.0,0.0
2345,0.0,0.0
2346,0.0,0.0
2347,0.0,0.0
2348,0.0,0.0
2349,0.0,0.0
2350,0.0,0.0
2351,0.0,0.0
2352,0.0,0.0
2353,0.0,0.0
2354,0.0,0.0
2355,0.0,0.0
2356,0.0,0.0
2357,0.0,0.0
2358,0.0,0.0
2359,0.0,0.0
2360,0.0,0.0
2361,0.0,0.0
2362,0.0,0.0
2363,0.0,0.0
2364,0.0,0.0
2365,0.0,0.0
2366,0.0,0.0
2367,0.0,0.0
2368,0.0,0.0
2369,0.0,0.0
2370,0.0,0.0
2371,0.0,0.0
2372,0.0,0.0
2373,0.0,0.0
2374,0.0,0.0
2375,0.0,0.0
2376,0.0,0.0
2377,0.0,0.0
2378,0.0,0.0
2379,0.0,0.0
2380,0.0,0.0
2381,0.0,0.0
2382,0.0,0.0
2383,0.0,0.0
2384,0.0,0.0
2385,0.0,0.0
2386,0.0,0.0
2387,0.0,0.0
2388,0.0,0.0
2389,0.0,0.0
2390,0.0,0.0
2391,0.0,0.0
2392,0.0,0.0
2393,0.0,0.0
2394,0.0,0.0
2395,0.0,0.0
2396,0.0,0.0
2397,0.0,0.0
2398,0.0,0.0
2399,0.0,0.0
2400,0.0,0.0
2401,0.0,0.0
2402,0.0,0.0
2403,0.0,0.0
2404,0.0,0.0
2405,0.0,0.0
2406,0.0,0.0
2407,0.0,0.0
2408,0.0,0.0
2409,0.0,0.0
2410,0.0,0.0
2411,0.0,0.0
2412,0.0,0.0
2413,0.0,0.0
2414,0.0,0.0
2415,0.0,0.0
2416,0.0,0.0
2417,0.0,0.0
2418,0.0,0.0
2419,0.0,0.0
2420,0.0,0.0
2421,0.0,0.0
2422,0.0,0.0
2423,0.0,0.0
2424,0.0,0.0
2425,0.0,0.0
2426,0.0,0.0
2427,0.0,0.0
2428,0.0,0.0
2429,0.0,0.0
2430,0.0,0.0
2431,0.0,0.0
2432,0.0,0.0
2433,0.0,0.0
2434,0.0,0.0
2435,0.0,0.0
2436,0.0,0.0
2437,0.0,0.0
2438,0.0,0.0
2439,0.0,0.0
2440,0.0,0.0
2441,0.0,0.0
2442,0.0,0.0
2443,0.0,0.0
2444,0.0,0.0
2445,0.0,0.0
2446,0.0,0.0
2447,0.0,0.0
2448,0.0,0.0
2449,0.0,0.0
2450,0.0,0.0
2451,0.0,0.0
2452,0.0,0.0
2453,0.0,0.0
2454,0.0,0.0
2455,0.0,0.0
2456,0.0,0.0
2457,0.0,0.0
2458,0.0,0.0
2459,0.0,0.0
2460,0.0,0.0
2461,0.0,0.0
2462,0.0,0.0
2463,0.0,0.0
2464,0.0,0.0
2465,0.0,0.0
2466,0.0,0.0
2467,0.0,0.0
2468,0.0,0.0
2469,0.0,0.0
2470,0.0,0.0
2471,0.0,0.0
2472,0.0,0.0
2473,0.0,0.0
2474,0.0,0.0
2475,0.0,0.0
2476,0.0,0.0
2477,0.0,0.0
2478,0.0,0.0
2479,0.0,0.0
2480,0.0,0.0
2481,0.0,0.0
2482,0.0,0.0
2483,0.0,0.0
2484,0.0,0.0
2485,0.0,0.0
2486,0.0,0.0
2487,0.0,0.0
2488,0.0,0.0
2489,0.0,0.0
2490,0.0,0.0
2491,0.0,0.0
2492,0.0,0.0
2493,0.0,0.0
2494,0.0,0.0
2495,0.0,0.0
2496,0.0,0.0
2497,0.0,0.0
2498,0.0,0.0
2499,0.0,0.0
2500,0.0,0.0
2501,0.0,0.0
2502,0.0,0.0
2503,0.0,0.0
2504,0.0,0.0
2505,0.0,0.0
2506,0.0,0.0
2507,0.0,0.0
2508,0.0,0.0
2509,0.0,0.0
2510,0.0,0.0
2511,0.0,0.0
2512,0.0,0.0
2513,0.0,0.0
2514,0.0,0.0
2515,0.0,0.0
2516,0.0,0.0
2517,0.0,0.0
2518,0.0,0.0
2519,0.0,0.0
2520,0.0,0.0
2521,0.0,0.0
2522,0.0,0.0
2523,0.0,0.0
2524,0.0,0.0
2525,0.0,0.0
2526,0.0,0.0
2527,0.0,0.0
2528,0.0,0.0
2529,0.0,0.0
2530,0.0,0.0
2531,0.0,0.0
2532,0.0,0.0
2533,0.0,0.0
2534,0.0,0.0
2535,0.0,0.0
2536,0.0,0.0
2537,0.0,0.0
2538,0.0,0.0
2539,0.0,0.0
2540,0.0,0.0
2541,0.0,0.0
2542,0.0,0.0
2543,0.0,0.0
2544,0.0,0.0
2545,0.0,0.0
2546,0.0,0.0
2547,0.0,0.0
2548,0.0,0.0
2549,0.0,0.0
2550,0.0,0.0
2551,0.0,0.0
2552,0.0,0.0
2553,0.0,0.0
2554,0.0,0.0
2555,0.0,0.0
2556,0.0,0.0
2557,0.0,0.0
2558,0.0,0.0
2559,0.0,0.0
2560,0.0,0.0
2561,0.0,0.0
2562,0.0,0.0
2563,0.0,0.0
2564,0.0,0.0
2565,0.0,0.0
2566,0.0,0.0
2567,0.0,0.0
2568,0.0,0.0
2569,0.0,0.0
2570,0.0,0.0
2571,0.0,0.0
2572,0.0,0.0
2573,0.0,0.0
2574,0.0,0.0
2575,0.0,0.0
2576,0.0,0.0
2577,0.0,0.0
2578,0.0,0.0
2579,0.0,0.0
2580,0.0,0.0
2581,0.0,0.0
2582,0.0,0.0
2583,0.0,0.0
2584,0.0,0.0
2585,0.0,0.0
2586,0.0,0.0
2587,0.0,0.0
2588,0.0,0.0
2589,0.0,0.0
2590,0.0,0.0
2591,0.0,0.0
2592,0.0,0.0
2593,0.0,0.0
2594,0.0,0.0
2595,0.0,0.0
2596,0.0,0.0
2597,0.0,0.0
2598,0.0,0.0
2599,0.0,0.0
2600,0.0,0.0
2601,0.0,0.0
2602,0.0,0.0
2603,0.0,0.0
2604,0.0,0.0
2605,0.0,0.0
2606,0.0,0.0
2607,0.0,0.0
2608,0.0,0.0
2609,0.0,0.0
2610,0.0,0.0
2611,0.0,0.0
2612,0.0,0.0
2613,0.0,0.0
2614,0.0,0.0
2615,0.0,0.0
2616,0.0,0.0
2617,0.0,0.0
2618,0.0,0.0
2619,0.0,0.0
2620,0.0,0.0
2621,0.0,0.0
2622,0.0,0.0
2623,0.0,0.0
2624,0.0,0.0
2625,0.0,0.0
2626,0.0,0.0
2627,0.0,0.0
2628,0.0,0.0
2629,0.0,0.0
2630,0.0,0.0
2631,0.0,0.0
2632,0.0,0.0
2633,0.0,0.0
2634,0.0,0.0
2635,0.0,0.0
2636,0.0,0.0
2637,0.0,0.0
2638,0.0,0.0
2639,0.0,0.0
2640,0.0,0.0
2641,0.0,0.0
2642,0.0,0.0
2643,0.0,0.0
2644,0.0,0.0
2645,0.0,0.0
2646,0.0,0.0
2647,0.0,0.0
2648,0.0,0.0
2649,0.0,0.0
2650,0.0,0.0
2651,0.0,0.0
2652,0.0,0.0
2653,0.0,0.0
2654,0.0,0.0
2655,0.0,0.0
2656,0.0,0.0
2657,0.0,0.0
2658,0.0,0.0
2659,0.0,0.0
2660,0.0,0.0
2661,0.0,0.0
2662,0.0,0.0
2663,0.0,0.0
2664,0.0,0.0
2665,0.0,0.0
2666,0.0,0.0
2667,0.0,0.0
2668,0.0,0.0
2669,0.0,0.0
2670,0.0,0.0
2671,0.0,0.0
2672,0.0,0.0
2673,0.0,0.0
2674,0.0,0.0
2675,0.0,0.0
2676,0.0,0.0
2677,0.0,0.0
2678,0.0,0.0
2679,0.0,0.0
2680,0.0,0.0
2681,0.0,0.0
2682,0.0,0.0
2683,0.0,0.0
2684,0.0,0.0
2685,0.0,0.0
2686,0.0,0.0
2687,0.0,0.0
2688,0.0,0.0
2689,0.0,0.0
2690,0.0,0.0
2691,0.0,0.0
2692,0.0,0.0
2693,0.0,0.0
2694,0.0,0.0
2695,0.0,0.0
2696,0.0,0.0
2697,0.0,0.0
2698,0.0,0.0
2699,0.0,0.0
2700,0.0,0.0
2701,0.0,0.0
2702,0.0,0.0
2703,0.0,0.0
2704,0.0,0.0
2705,0.0,0.0
2706,0.0,0.0
2707,0.0,0.0
2708,0.0,0.0
2709,0.0,0.0
2710,0.0,0.0
2711,0.0,0.0
2712,0.0,0.0
2713,0.0,0.0
2714,0.0,0.0
2715,0.0,0.0
2716,0.0,0.0
2717,0.0,0.0
2718,0.0,0.0
2719,0.0,0.0
2720,0.0,0.0
2721,0.0,0.0
2722,0.0,0.0
2723,0.0,0.0
2724,0.0,0.0
2725,0.0,0.0
2726,0.0,0.0
2727,0.0,0.0
2728,0.0,0.0
2729,0.0,0.0
2730,0.0,0.0
2731,0.0,0.0
2732,0.0,0.0
2733,0.0,0.0
2734,0.0,0.0
2735,0.0,0.0
2736,0.0,0.0
2737,0.0,0.0
2738,0.0,0.0
2739,0.0,0.0
2740,0.0,0.0
2741,0.0,0.0
2742,0.0,0.0
2743,0.0,0.0
2744,0.0,0.0
2745,0.0,0.0
2746,0.0,0.0
2747,0.0,0.0
2748,0.0,0.0
2749,0.0,0.0
2750,0.0,0.0
2751,0.0,0.0
2752,0.0,0.0
2753,0.0,0.0
2754,0.0,0.0
2755,0.0,0.0
2756,0.0,0.0
2757,0.0,0.0
2758,0.0,0.0
2759,0.0,0.0
2760,0.0,0.0
2761,0.0,0.0
2762,0.0,0.0
2763,0.0,0.0
2764,0.0,0.0
2765,0.0,0.0
2766,0.0,0.0
2767,0.0,0.0
2768,0.0,0.0
2769,0.0,0.0
2770,0.0,0.0
2771,0.0,0.0
2772,0.0,0.0
2773,0.0,0.0
2774,0.0,0.0
2775,0.0,0.0
2776,0.0,0.0
2777,0.0,0.0
2778,0.0,0.0
2779,0.0,0.0
2780,0.0,0.0
2781,0.0,0.0
2782,0.0,0.0
2783,0.0,0.0
2784,0.0,0.0
2785,0.0,0.0
2786,0.0,0.0
2787,0.0,0.0
2788,0.0,0.0
2789,0.0,0.0
2790,0.0,0.0
2791,0.0,0.0
2792,0.0,0.0
2793,0.0,0.0
2794,0.0,0.0
2795,0.0,0.0
2796,0.0,0.0
2797,0.0,0.0
2798,0.0,0.0
2799,0.0,0.0
2800,0.0,0.0
2801,0.0,0.0
2802,0.0,0.0
2803,0.0,0.0
2804,0.0,0.0
2805,0.0,0.0
2806,0.0,0.0
2807,0.0,0.0
2808,0.0,0.0
2809,0.0,0.0
2810,0.0,0.0
2811,0.0,0.0
2812,0.0,0.0
2813,0.0,0.0
2814,0.0,0.0
2815,0.0,0.0
2816,0.0,0.0
2817,0.0,0.0
2818,0.0,0.0
2819,0.0,0.0
2820,0.0,0.0
2821,0.0,0.0
2822,0.0,0.0
2823,0.0,0.0
2824,0.0,0.0
2825,0.0,0.0
2826,0.0,0.0
2827,0.0,0.0
2828,0.0,0.0
2829,0.0,0.0
2830,0.0,0.0
2831,0.0,0.0
2832,0.0,0.0
2833,0.0,0.0
2834,0.0,0.0
2835,0.0,0.0
2836,0.0,0.0
2837,0.0,0.0
2838,0.0,0.0
2839,0.0,0.0
2840,0.0,0.0
2841,0.0,0.0
2842,0.0,0.0
2843,0.0,0.0
2844,0.0,0.0
2845,0.0,0.0
2846,0.0,0.0
2847,0.0,0.0
2848,0.0,0.0
2849,0.0,0.0
2850,0.0,0.0
2851,0.0,0.0
2852,0.0,0.0
2853,0.0,0.0
2854,0.0,0.0
2855,0.0,0.0
2856,0.0,0.0
2857,0.0,0.0
2858,0.0,0.0
2859,0.0,0.0
2860,0.0,0.0
2861,0.0,0.0
2862,0.0,0.0
2863,0.0,0.0
2864,0.0,0.0
2865,0.0,0.0
2866,0.0,0.0
2867,0.0,0.0
2868,0.0,0.0
2869,0.0,0.0
2870,0.0,0.0
2871,0.0,0.0
2872,0.0,0.0
2873,0.0,0.0
2874,0.0,0.0
2875,0.0,0.0
2876,0.0,0.0
2877,0.0,0.0
2878,0.0,0.0
2879,0.0,0.0
2880,0.0,0.0
2881,0.0,0.0
2882,0.0,0.0
2883,0.0,0.0
2884,0.0,0.0
2885,0.0,0.0
2886,0.0,0.0
2887,0.0,0.0
2888,0.0,0.0
2889,0.0,0.0
2890,0.0,0.0
2891,0.0,0.0
2892,0.0,0.0
2893,0.0,0.0
2894,0.0,0.0
2895,0.0,0.0
2896,0.0,0.0
2897,0.0,0.0
2898,0.0,0.0
2899,0.0,0.0
2900,0.0,0.0
2901,0.0,0.0
2902,0.0,0.0
2903,0.0,0.0
2904,0.0,0.0
2905,0.0,0.0
2906,0.0,0.0
2907,0.0,0.0
2908,0.0,0.0
2909,0.0,0.0
2910,0.0,0.0
2911,0.0,0.0
2912,0.0,0.0
2913,0.0,0.0
2914,0.0,0.0
2915,0.0,0.0
2916,0.0,0.0
2917,0.0,0.0
2918,0.0,0.0
2919,0.0,0.0
2920,0.0,0.0
2921,0.0,0.0
2922,0.0,0.0
2923,0.0,0.0
2924,0.0,0.0
2925,0.0,0.0
2926,0.0,0.0
2927,0.0,0.0
2928,0.0,2.0520531963659432e-05
2929,0.0,6.152017389683269e-05
2930,0.0,0.0001229575865665737
2931,0.0,0.0002047915133357789
2932,0.0,0.0003069807799981606
2933,0.0,0.00042948429461355013
2934,0.0,0.0005722610473435302
2935,0.0,0.000735270110287395
2936,0.0,0.0009184706373184392
2937,0.0,0.0011218218639205732
2938,0.0,0.0013452831070252642
2939,0.0,0.0015888137648488049
2940,0.0,0.0018523733167299064
2941,0.0,0.0021359213229676147
2942,0.0,0.002439417424659552
2943,0.0,0.0027628213435404816
2944,0.0,0.0031060928818211937
2945,0.0,0.003469191922027716
2946,0.0,0.0038520784268408414
2947,0.0,0.004254712438935981
2948,0.0,0.004677054080823334
2949,0.0,0.005119063554688375
2950,0.0,0.005580701142232668
2951,0.0,0.00606192720451499
2952,0.0,0.006562702181792772
2953,0.0,0.007082986593363868
2954,0.0,0.007622741037408623
2955,0.0,0.008181926190832274
2956,0.0,0.00876050280910765
2957,0.0,0.009358431726118202
2958,0.0,0.009975673854001334
2959,0.0,0.010612190182992042
2960,0.0,0.0112679417812669
2961,0.0,0.011942889794788305
2962,0.0,0.012636995447149073
2963,0.0,0.013350220039417344
2964,0.0,0.014082524949981766
2965,0.0,0.014833871634397016
2966,0.0,0.015604221625229635
2967,0.0,0.016393536531904136
2968,0.0,0.017201778040549464
2969,0.0,0.018028907913845715
2970,0.0,0.018874887990871215
2971,0.0,0.019739680186949854
2972,0.0,0.020623246493498767
2973,0.0,0.021525548977876268
2974,0.0,0.022446549783230154
2975,0.0,0.02338621112834626
2976,0.0,0.024344495307497344
2977,0.0,0.025321364690292242
2978,0.0,0.026316781721525375
2979,0.0,0.02733070892102651
2980,0.0,0.028363108883510846
2981,0.0,0.029413944278429388
2982,0.0,0.03048317784981963
2983,0.0,0.03157077241615652
2984,0.0,0.032676690870203765
2985,0.0,0.03380089617886536
2986,0.0,0.03494335138303747
2987,0.0,0.03610401959746062
2988,0.0,0.03728286401057211
2989,0.0,0.03847984788435882
2990,0.0,0.03969493455421019
2991,0.0,0.040928087428771645
2992,0.0,0.042179269989798145
2993,0.0,0.04344844579200818
2994,0.0,0.04473557846293796
2995,0.0,0.04604063170279589
2996,0.0,0.04736356928431746
2997,0.0,0.048704355052620246
2998,0.0,0.05006295292505934
2999,0.0,0.051439326891083006
3000,0.0,0.05283344101208864
3001,0.0,0.054245259421278995
3002,0.0,0.05567474632351876
3003,0.0,0.05712186599519135
3004,0.0,0.058586582784056
3005,0.0,0.060068861109105164
3006,0.0,0.0615686654604222
3007,0.0,0.06308596039903935
3008,0.0,0.06462071055679595
3009,0.0,0.06617288063619695
3010,0.0,0.06774243541027176
3011,0.0,0.06932933972243331
3012,0.0,0.07093355848633745
3013,0.0,0.07255505668574258
3014,0.0,0.07419379937436962
3015,0.0,0.07584975167576219
3016,0.0,0.0775228787831471
3017,0.0,0.07921314595929517
3018,0.0,0.08092051853638223
3019,0.0,0.08264496191585047
3020,0.0,0.08438644156827005
3021,0.0,0.08614492303320095
3022,0.0,0.08792037191905522
3023,0.0,0.08971275390295926
3024,0.0,0.09152203473061672
3025,0.0,0.0933481802161713
3026,0.0,0.09519115624207011
3027,0.0,0.0970509287589272
3028,0.0,0.09892746378538726
3029,0.0,0.10082072740798989
3030,0.0,0.10273068578103371
3031,0.0,0.10465730512644121
3032,0.0,0.10660055173362343
3033,0.0,0.10856039195934526
3034,0.0,0.11053679222759083
3035,0.0,0.11252971902942917
3036,0.0,0.11453913892288017
3037,0.0,0.1165650185327809
3038,0.0,0.11860732455065201
3039,0.0,0.12066602373456457
3040,0.0,0.12274108290900702
3041,0.0,0.12483246896475256
3042,0.0,0.12694014885872665
3043,0.0,0.12906408961387483
3044,0.0,0.13120425831903093
3045,0.0,0.13336062212878524
3046,0.0,0.13553314826335325
3047,0.0,0.1377218040084445
3048,0.0,0.13992655671513177
3049,0.0,0.14214737379972037
3050,0.0,0.14438422274361792
3051,0.0,0.14663707109320423
3052,0.0,0.14890588645970146
3053,0.0,0.1511906365190446
3054,0.0,0.1534912890117522
3055,0.0,0.15580781174279726
3056,0.0,0.1581401725814785
3057,0.0,0.16048833946129182
3058,0.0,0.16285228037980204
3059,0.0,0.1652319633985149
3060,0.0,0.16762735664274922
3061,0.0,0.17003842830150961
3062,0.0,0.172465146627359
3063,0.0,0.17490747993629172
3064,0.0,0.17736539660760686
3065,0.0,0.17983886508378166
3066,0.0,0.18232785387034534
3067,0.0,0.18483233153575315
3068,0.0,0.1873522667112606
3069,0.0,0.18988762809079796
3070,0.0,0.19243838443084504
3071,0.0,0.19500450455030632
3072,0.0,0.1975859573303862
3073,0.0,0.20018271171446425
3074,0.0,0.20279473670797146
3075,0.0,0.20542200137826586
3076,0.0,0.208064474854509
3077,0.0,0.2107221263275424
3078,0.0,0.2133949250497643
3079,0.0,0.2160828403350067
3080,0.0,0.21878584155841257
3081,0.0,0.2215038981563135
3082,0.0,0.22423697962610714
3083,0.0,0.2269850555261356
3084,0.0,0.22974809547556327
3085,0.0,0.23252606915425564
3086,0.0,0.23531894630265773
3087,0.0,0.23812669672167333
3088,0.0,0.24094929027254397
3089,0.0,0.24378669687672846
3090,0.0,0.24663888651578267
3091,0.0,0.24950582923123926
3092,0.0,0.25238749512448794
3093,0.0,0.255283854356656
3094,0.0,0.2581948771484887
3095,0.0,0.2611205337802304
3096,0.0,0.2640607945915055
3097,0.0,0.26701562998119993
3098,0.0,0.2699850104073426
3099,0.0,0.27296890638698734
3100,0.0,0.2759672884960951
3101,0.0,0.2789801273694158
3102,0.0,0.28200739370037153
3103,0.0,0.2850490582409386
3104,0.0,0.2881050918015312
3105,0.0,0.29117546525088417
3106,0.0,0.29426014951593676
3107,0.0,0.2973591155817161
3108,1.153219340529422e-06,0.3004723344912216
3109,1.7703767362978312e-05,0.30359977734530835
3110,5.410355715287839e-05,0.30674141530257226
3111,0.00011062062971686818,0.30989721957923433
3112,0.00018752350861240893,0.3130671614490256
3113,0.000285081193602817,0.3162512122430722
3114,0.00040356315434888584,0.31944934334978065
3115,0.0005432393241369773,0.32266152621472366
3116,0.0007043800936433371,0.3258877323405256
3117,0.0008872563047345296,0.3291279332867487
3118,0.0010921392443037578,0.332382100669779
3119,0.0013193006381429734,0.33565020616271346
3120,0.0015690126448505272,0.33893222149524577
3121,0.0018415478497742501,0.34222811845355405
3122,0.0021371792589897805,0.34553786888018756
3123,0.0024561802933139006,0.34886144467395414
3124,0.002798824782352903,0.3521988177898079
3125,0.0031653869585855574,0.355549960238737
3126,0.003556141451480763,0.3589148440876517
3127,0.003971363281649544,0.3622934414592725
3128,0.004411327855031286,0.3656857245320189
3129,0.0048763109571141414,0.3690916655398979
3130,0.0053665887471892465,0.37251123677239295
3131,0.005882437752638736,0.3759444105743531
3132,0.006424134863257383,0.3793911593458825
3133,0.0069919573256076424,0.38285145554223
3134,0.0075861827374080005,0.3863252716736788
3135,0.008207089041954389,0.3898125803054366
3136,0.008854954522574593,0.39331335405752593
3137,0.009530057797115486,0.3968275656046744
3138,0.010232677812462853,0.4003551876762057
3139,0.01096309383909374,0.40389619305593016
3140,0.011721585465661127,0.40745055458203644
3141,0.012508432593610782,0.41101824514698215
3142,0.013323915431830102,0.41459923769738616
3143,0.014168314491328922,0.41819350523391974
3144,0.015041910579951889,0.42180102081119897
3145,0.015944984797122554,0.425421757537677
3146,0.01687781852861876,0.42905568857553605
3147,0.017840693441379375,0.4327027871405806
3148,0.018833891478342083,0.4363630265021296
3149,0.019857694853312163,0.44003637998291034
3150,0.020912386045862066,0.4437228209589512
3151,0.021998247796261715,0.44742232285947536
3152,0.02311556310043918,0.45113485916679413
3153,0.024264615204971928,0.4548604034162016
3154,0.025445687602108105,0.45859892919586814
3155,0.026659064024817998,0.46235041014673506
3156,0.02790502844187544,0.46611481996240917
3157,0.029183865052969007,0.4698921323890573
3158,0.030495858283842686,0.4736823212253017
3159,0.031841292781466364,0.47748536032211475
3160,0.03322045340923542,0.48130122358271493
3161,0.03463362524219961,0.4851298849624619
3162,0.03608109356232111,0.48897131846875275
3163,0.037563143853761284,0.4928254981609175
3164,0.0390800617981965,0.4966923981501159
3165,0.040632133270162525,0.5005719925992336
3166,0.042219644332427274,0.5044642557227789
3167,0.04384288123139219,0.5083691617867794
3168,0.045502130392521614,0.5122866851086794
3169,0.04719767841580065,0.5162168000572367
3170,0.04892981207122037,0.5201594810524205
3171,0.05069881829429158,0.5241147025653092
3172,0.05250498418158562,0.5280824391179876
3173,0.054348596986303364,0.5320626652834456
3174,0.056229944113870986,0.5360553556854762
3175,0.058149313117563654,0.5400604849985744
3176,0.06010699169415588,0.5440780279478352
3177,0.06210326767959938,0.5481079593088533
3178,0.06413842904472718,0.5521502539076212
3179,0.06621276389098513,0.5562048866204297
3180,0.06832656044619002,0.5602718323737665
3181,0.0704801070603134,0.5643510661442164
3182,0.07267369220129304,0.5684425629583608
3183,0.07490760445086948,0.5725462978926781
3184,0.07718213250044939,0.576662246073444
3185,0.07949756514699491,0.5807903826766317
3186,0.08185419128893831,0.5849306829278134
3187,0.08425229992212298,0.58908312210206
3188,0.08669218013576993,0.593247675523843
3189,0.08917412110846938,0.5974243185669361
3190,0.0916984121041982,0.6016130266543155
3191,0.09426534246836245,0.605813775258063
3192,0.09687520162386487,0.6100265398992667
3193,0.09952827906719745,0.614251296147924
3194,0.10222486436455906,0.618488019622843
3195,0.10496524714799747,0.6227366859915462
3196,0.10774971711157649,0.6269972709701715
3197,0.11057856400756702,0.6312697503233767
3198,0.11345207764266292,0.6355540998642417
3199,0.11637054787422126,0.6398502954541716
3200,0.11933426460652606,0.6441583130028008
3201,0.12234351778707674,0.648478128467896
3202,0.12539859740290019,0.6528097178552603
3203,0.12849979347688678,0.6571530572186377
3204,0.13164739606414977,0.6615081226596164
3205,0.1348416952484083,0.6658748903275338
3206,0.13808298113839468,0.6702533364193809
3207,0.1413715438642831,0.6746434371797072
3208,0.14470767357414402,0.6790451689005257
3209,0.14809166043041963,0.6834585079212178
3210,0.15152379460642307,0.687883430628439
3211,0.15500436628286082,0.6923199134560243
3212,0.15853366564437735,0.6967679328848937
3213,0.16211198287612252,0.7012274654429586
3214,0.16573960816034183,0.7056984877050276
3215,0.1694168316729887,0.710180976292713
3216,0.17314394358035906,0.714674907874337
3217,0.17692123403574844,0.7191802591648381
3218,0.18074899317613108,0.7236970069256793
3219,0.18462751111886055,0.7282251279647535
3220,0.18855707795839344,0.7327645991362917
3221,0.19253798376303294,0.7373153973407701
3222,0.1965705185716959,0.7418774995248181
3223,0.2006549723907003,0.7464508826811254
3224,0.20479163519057478,0.7510355238483504
3225,0.20898079690288882,0.7556314001110284
3226,0.2132227474171051,0.7602384885994797
3227,0.21751777657745197,0.7648567664897186
3228,0.2218661741798176,0.7694862110033612
3229,0.22626822996866505,0.7741267994075351
3230,0.23072423363396755,0.7787785090147884
3231,0.23523447480816545,0.7834413171829987
3232,0.2397992430631424,0.7881152013152822
3233,0.2444188279072231,0.7928001388599041
3234,0.24909351878219177,0.7974961073101878
3235,0.25382360506032964,0.8022030842044253
3236,0.2586093760414734,0.8069210471257868
3237,0.2634511209500936,0.8116499737022318
3238,0.26834912893239327,0.8163898416064187
3239,0.27330368905342617,0.8211406285556161
3240,0.2783150902942346,0.8259023123116136
3241,0.2833836215490075,0.830674870680633
3242,0.28850957162225727,0.8354582815132389
3243,0.29369322922601765,0.8402525227042504
3244,0.2989348829770586,0.8450575721926535
3245,0.30423482139412344,0.8498734079615115
3246,0.30959333289518143,0.8547000080378776
3247,0.3150107057947041,0.8595373504927073
3248,0.3204872283009557,0.8643854134407699
3249,0.3260231885133066,0.869244175040562
3250,0.3316188744195636,0.8741136134942191
3251,0.33727457389331805,0.8789937070474291
3252,0.34299057469131555,0.8838844339893448
3253,0.3487671644508406,0.8887857726524976
3254,0.35460463068712245,0.8936977014127104
3255,0.36050326079075823,0.8986201986890113
3256,0.36646334202515446,0.9035532429435469
3257,0.3724851615239854,0.908496812681497
3258,0.37856900628867335,0.9134508864509874
3259,0.3847151631858811,0.9184154428430054
3260,0.3909239189450281,0.9233904604913131
3261,0.3971955601558199,0.9283759180723627
3262,0.403530373265799,0.9333717943052108
3263,0.40992864457790945,0.9383780679514332
3264,0.4163906602480826,0.9433947178150401
3265,0.4229167062828372,0.9484217227423917
3266,0.4295070685368999,0.9534590616221125
3267,0.43616203271084075,0.9585067133850081
3268,0.44288188434872566,0.9635646570039805
3269,0.4496669088357883,0.9686328714939433
3270,0.4565173913961162,0.9737113359117389
3271,0.46343361709035646,0.9788000293560535
3272,0.47041587081343483,0.9838989309673348
3273,0.477464437292296,0.9890080199277077
3274,0.4845796010836564,0.9941272754608913
3275,0.4917616465717758,0.9992566768321155
3276,0.4990108579662442,1.0043962033480383
3277,0.5063275192997873,1.0095458343566632
3278,0.5137119144260854,1.0147055492472565
3279,0.5211643270176107,1.0198753274502648
3280,0.5286850405634788,1.0250551484372323
3281,0.5362743383673179,1.0302449917207195
3282,0.5439325035451547,1.0354448368542206
3283,0.5516598190233124,1.0406546634320817
3284,0.5594565675363293,1.0458744510894202
3285,0.5673230316248905,1.051104179502042
3286,0.5752594936337736,1.0563438283863604
3287,0.5832662357098154,1.0615933774993163
3288,0.591343539799887,1.0668528066382956
3289,0.599491687648891,1.0721220956410493
3290,0.60771096079777,1.0774012243856124
3291,0.6160016405815295,1.0826901727902236
3292,0.6243640081272814,1.0879889208132454
3293,0.6327983443522962,1.0932974484530829
3294,0.641304929962074,1.0986157357481052
3295,0.6498840454484293,1.1039437627765638
3296,0.6585359710875908,1.1092815096565145
3297,0.667260986938317,1.1146289565457375
3298,0.6760593728400238,1.1199860836416569
3299,0.6849314084109293,1.1253528711812628
3300,0.693877373046213,1.1307292994410327
3301,0.7028975459161872,1.1361153487368503
3302,0.7119922059644858,1.1415109994239288
3303,0.7211616319062647,1.1469162318967319
3304,0.7304061022264192,1.152331026588895
3305,0.7397258951778131,1.1577553639731473
3306,0.7491212887795232,1.1631892245612332
3307,0.7585925608150969,1.1686325889038347
3308,0.7681399888308252,1.1740854375904937
3309,0.7777638501340299,1.1795477512495345
3310,0.7874644217913602,1.1850195105479855
3311,0.7972419806271092,1.1905006961915026
3312,0.8070968032215411,1.1959912889242919
3313,0.8170291659092292,1.2014912695290325
3314,0.8270393447774143,1.2070006188267999
3315,0.8371276156643698,1.2125193176769888
3316,0.8472942541577831,1.2180473469772375
3317,0.857539535593153,1.22358468766335
3318,0.8678637350521924,1.2291313207092214
3319,0.8782671273612546,1.23468722712676
3320,0.8887499870897627,1.2402523879658134
3321,0.8993125885486607,1.2458267843140909
3322,0.9099552057888708,1.2514103972970887
3323,0.9206781125997678,1.2570032080780151
3324,0.9314815825076637,1.262605197857713
3325,0.9423658887743068,1.2682163478745871
3326,0.953331304395393,1.273836639404527
3327,0.9643781020990903,1.2794660537608338
3328,0.975506554344573,1.2851045722941439
3329,0.9867169333205734,1.290752176392356
3330,0.9980095109439415,1.296408847480555
3331,1.0046813220410828,1.3020745670209393
3332,1.0103674323889416,1.3077493165127452
3333,1.016062572265433,1.3134330774921736
3334,1.0217667232067587,1.3191258315323167
3335,1.02747986678601,1.324827560243083
3336,1.0332019846130962,1.330538245271125
3337,1.0389330583346692,1.3362578682997646
3338,1.044673069634051,1.341986411048921
3339,1.050422000231161,1.3477238552750366
3340,1.0561798318824418,1.353470182771005
3341,1.0619465463807862,1.3592253753660966
3342,1.0677221255554656,1.3649894149258879
3343,1.0735065512720559,1.3707622833521875
3344,1.0792998054323661,1.376543962582965
3345,1.085101869974365,1.3823344345922768
3346,1.0909127268721102,1.3881336813901963
3347,1.096732358135674,1.39394168502274
3348,1.1025607458110733,1.3997584275717962
3349,1.1083978719801966,1.4055838911550549
3350,1.1142437187607332,1.4114180579259334
3351,1.1200982683061018,1.4172609100735083
3352,1.1259615028053775,1.4231124298224407
3353,1.1318334044832221,1.4289725994329077
3354,1.137713955599813,1.4348414012005308
3355,1.143603138450771,1.4407188174563041
3356,1.1495009353670909,1.4466048305665253
3357,1.1554073287150697,1.452499422932724
3358,1.1613223008962372,1.4584025769915905
3359,1.1672458343472842,1.4643142752149085
3360,1.1731779115399936,1.4702345001094812
3361,1.1791185149811694,1.4761632342170645
3362,1.1850676272125673,1.4821004601142962
3363,1.1910252308108245,1.4880461604126245
3364,1.19699130838739,1.494000317758241
3365,1.2029658425884546,1.49996291483201
3366,1.2089488160948831,1.5059339343493996
3367,1.2149402116221437,1.5119133590604121
3368,1.2209400119202387,1.5179011717495154
3369,1.2269481997736358,1.5238973552355746
3370,1.2329647580011998,1.5299018923717818
3371,1.2389896694561233,1.5359147660455892
3372,1.2450229170258584,1.54193595917864
3373,1.251064483632048,1.5479654547266988
3374,1.257114352230457,1.5540032356795859
3375,1.263172505810906,1.5600492850611074
3376,1.2692389273972007,1.566103585928988
3377,1.2753136000470657,1.5721661213748033
3378,1.2813965068520765,1.5782368745239113
3379,1.2874876309375913,1.5843158285353858
3380,1.2935869554626842,1.5904029666019492
3381,1.2996944636200773,1.5964982719499046
3382,1.3058101386360736,1.6026017278390687
3383,1.31193396377049,1.6087133175627057
3384,1.3180659223165907,1.6148330244474591
3385,1.3242059976010192,1.6209608318532867
3386,1.330354172983733,1.6270967231733926
3387,1.3365104318579364,1.633240681834161
3388,1.3426747576500138,1.639392691295091
3389,1.3488471338194643,1.645552735048729
3390,1.3550275438588337,1.6517207966206033
3391,1.3612159712936514,1.657896859569159
3392,1.367412399682361,1.6640809074856904
3393,1.3736168126162582,1.6702729239942773
3394,1.379829193719422,1.6764728927517176
3395,1.3860495266486508,1.6826807974474645
3396,1.392277795093397,1.688896621803558
3397,1.3985139827757016,1.6951203495745626
3398,1.4047580734501284,1.7013519645475006
3399,1.4110100509037,1.707591450541788
3400,1.4172698989558326,1.7138387914091702
3401,1.423537601458271,1.720093971033656
3402,1.4298131422950247,1.7263569733314545
3403,1.436096505382302,1.7326277822509097
3404,1.4423876746684476,1.7389063817724377
3405,1.448686634133877,1.7451927559084608
3406,1.4549933677910134,1.7514868887033455
3407,1.461307859684222,1.7577887642333363
3408,1.4676300938897486,1.7640983666064949
3409,1.4739600545156542,1.770415679962634
3410,1.4802977257017518,1.7767406884732557
3411,1.486643091619543,1.783073376341487
3412,1.4929961364721551,1.7894137278020172
3413,1.4993568444942775,1.7957617271210347
3414,1.5057251999520986,1.802117358596164
3415,1.512101187143243,1.8084806065564036
3416,1.518484790396709,1.814851455362062
3417,1.5248759940728047,1.8212298894046954
3418,1.5312747825630872,1.8276158931070468
3419,1.5376811402902988,1.834009450922982
3420,1.5440950517083056,1.840410547337428
3421,1.5505165013020346,1.846819166866311
3422,1.556945473587412,1.8532352940564947
3423,1.5633819531113011,1.8596589134857173
3424,1.569825924451441,1.8660900097625321
3425,1.5762773722163839,1.8725285675262429
3426,1.5827362810454342,1.8789745714468449
3427,1.5892026356085873,1.8854280062249635
3428,1.5956764206064682,1.8918888565917913
3429,1.6021576207702695,1.898357107309028
3430,1.6086462208616912,1.90483274316882
3431,1.6151422056728795,1.9113157489936985
3432,1.6216455600263655,1.9178061096365195
3433,1.6281562687750055,1.9243038099804028
3434,1.634674316801919,1.9308088349386725
3435,1.6411996890204303,1.937321169454795
3436,1.6477323703740059,1.94384079850232
3437,1.654272345836195,1.9503677070848204
3438,1.660819600410571,1.9569018802358313
3439,1.6673741191306692,1.9634433030187917
3440,1.6739358870599277,1.9699919605269829
3441,1.6805048892916283,1.9765478378834704
3442,1.6870811109488368,1.983110920241044
3443,1.6936645371843426,1.9896811927821578
3444,1.7002551531805998,1.9962586407188714
3445,1.7068529441496685,2.002843249292791
3446,1.7134578953331545,2.00943500377501
3447,1.7200699920021514,2.0160338894660503
3448,1.7266892194571806,2.0226398916958033
3449,1.7333155630281338,2.029252995823471
3450,1.7399490080742128,2.035873187237508
3451,1.7465895399838731,2.042500451355563
3452,1.753237144174762,2.04913477362442
3453,1.7598918060936646,2.0557761395199394
3454,1.766553511216441,2.062424534547003
3455,1.7732222450479729,2.0690799442394523
3456,1.7798979931221017,2.075742354160033
3457,1.786580741001573,2.0824117499003347
3458,1.7932704742779773,2.089088117080738
3459,1.7999671785716942,2.095771441350351
3460,1.8066708395318323,2.102461708386957
3461,1.8133814428361743,2.109158903896954
3462,1.8200989741911189,2.115863013615299
3463,1.8268234193316235,2.1225740233054515
3464,1.8335547640211456,2.129291918759314
3465,1.840292994051589,2.1360166857971765
3466,1.847038095243245,2.1427483102676623
3467,1.8537900534447351,2.149486778047668
3468,1.8605488545329563,2.1562320750423076
3469,1.8673144844130232,2.1629841871848576
3470,1.8740869290182112,2.1697431004366994
3471,1.8808661743099024,2.1765088007872633
3472,1.887652206277527,2.183281274253973
3473,1.8944450109385091,2.19006050688219
3474,1.9012445743382094,2.196846484745156
3475,1.9080508825498705,2.2036391939439395
3476,1.9148639216745604,2.210438620607379
3477,1.9216836778411175,2.2172447508920268
3478,1.928510137206094,2.2240575709820947
3479,1.9353432859537023,2.230877067089399
3480,1.942183110295758,2.237703225453304
3481,1.9490295964716264,2.2445360323406685
3482,1.9558827307481652,2.25137547404579
3483,1.962742499419672,2.2582215368903493
3484,1.969608888807828,2.2650742072233574
3485,1.9764818852616444,2.2719334714210997
3486,1.9833614751574065,2.2787993158870816
3487,1.9902476448986188,2.2856717270519744
3488,1.997140380915954,2.2925506913735614
3489,2.0040396696671947,2.299436195336682
3490,2.0109454976371803,2.3063282254531807
3491,2.0178578513377556,2.31322676826185
3492,2.024776717307712,2.320131810328378
3493,2.0317020821127394,2.327043338245296
3494,2.038633932345367,2.3339613386319207
3495,2.0455722546249135,2.3408857981343063
3496,2.052517035597432,2.3478167034251864
3497,2.0594682619356566,2.3547540412039236
3498,2.0664259203389492,2.3616977981964546
3499,2.073389997533247,2.368647961155237
3500,2.0803604802710076,2.375604516859198
3501,2.0873373553311585,2.382567452113681
3502,2.094320609519042,2.389536753750391
3503,2.1013102296663644,2.396512408627344
3504,2.108306202631141,2.4034944036288137
3505,2.1153085152976456,2.410482725665279
3506,2.122317154576357,2.417477361673371
3507,2.129332107403907,2.424478298615823
3508,2.1363533607430276,2.431485523481415
3509,2.1433809015825,2.438499023284925
3510,2.150414716937101,2.4455187850670734
3511,2.1574547938475526,2.452544795894476
3512,2.164501119380469,2.459577042859588
3513,2.1715536806283064,2.466615513080653
3514,2.178612464709309,2.4736601937016545
3515,2.1856774587674583,2.480711071892261
3516,2.1927486499724242,2.4877681348477756
3517,2.1998260255195095,2.494831369789086
3518,2.2069095726296024,2.501900763962613
3519,2.213999278549123,2.5089763046402584
3520,2.2210951305499735,2.516057979119354
3521,2.2281971159294853,2.523145774722613
3522,2.2353052220103717,2.530239678798077
3523,2.242419436140675,2.5373396787190674
3524,2.249539745693715,2.544445761884132
3525,2.256666138068041,2.5515579157169963
3526,2.263798600687378,2.558676127666515
3527,2.270937121000581,2.565800385206619
3528,2.2780816864815807,2.572930675836266
3529,2.2852322846293345,2.5800669870793915
3530,2.292388902967778,2.5872093064848576
3531,2.299551529045774,2.594357621626404
3532,2.3067201504370614,2.601511920102598
3533,2.3138947547402076,2.6086721895367853
3534,2.321075329578558,2.6158384175770397
3535,2.3282618626001876,2.623010591896114
3536,2.335454341477848,2.6301887001913924
3537,2.342652753908924,2.637372730184838
3538,2.349857087615378,2.6445626696229456
3539,2.357067330343706,2.6517585062766935
3540,2.3642834698648856,2.658960227941493
3541,2.3715054939743276,2.66616782243714
3542,2.3787333904918286,2.673381277607766
3543,2.385967147261521,2.680600581321793
3544,2.3932067521518245,2.6878257214718775
3545,2.400452193055397,2.695056685974869
3546,2.407703457889088,2.7022934627717587
3547,2.414960534593889,2.709536039827632
3548,2.4222234111348837,2.716784405131619
3549,2.4294920755012046,2.7240385466968497
3550,2.43676651570598,2.731298452560401
3551,2.4440467197862876,2.738564110783254
3552,2.451332675803108,2.7458355094502434
3553,2.4586243718412764,2.75311263667001
3554,2.465921796009433,2.7603954805749535
3555,2.473224936439978,2.7676840293211855
3556,2.480533781289023,2.774978271088482
3557,2.4878483187363436,2.782278194080235
3558,2.495168536985332,2.7895837865234063
3559,2.50249442426295,2.7968950366684813
3560,2.509825968819684,2.80421193278942
3561,2.5171631589294914,2.81153446318361
3562,2.524505982889763,2.818862616171823
3563,2.531854429021268,2.826196380098164
3564,2.5392084856681123,2.8335357433300277
3565,2.5465681411976906,2.8408806942580505
3566,2.5408806942580506,2.835204610844975
3567,2.5352046108449753,2.8295398682541233
3568,2.5295398682541235,2.8238864438265177
3569,2.523886443826518,2.8182443149484517
3570,2.518244314948452,2.812613459051404
3571,2.512613459051404,2.8069938536119423
3572,2.5069938536119425,2.801385476151638
3573,2.501385476151638,2.7957883042369733
3574,2.4957883042369735,2.7902023154792532
3575,2.4902023154792534,2.7846274875345154
3576,2.4846274875345156,2.7790637981034405
3577,2.4790637981034407,2.773511224931263
3578,2.473511224931263,2.767969745807684
3579,2.467969745807684,2.7624393385667783
3580,2.4624393385667784,2.7569199810869103
3581,2.4569199810869105,2.751411651290643
3582,2.451411651290643,2.7459143271446487
3583,2.445914327144649,2.7404279866596246
3584,2.440427986659625,2.734952607890201
3585,2.4349526078902013,2.729488168934856
3586,2.429488168934856,2.7240346479358255
3587,2.4240346479358257,2.718592023079019
3588,2.418592023079019,2.713160272593929
3589,2.413160272593929,2.7077393747535474
3590,2.4077393747535476,2.702329307874275
3591,2.4023293078742753,2.6969300503158378
3592,2.396930050315838,2.691541580481197
3593,2.391541580481197,2.6861638768164666
3594,2.386163876816467,2.680796917810826
3595,2.380796917810826,2.6754406819964305
3596,2.3754406819964307,2.6700951479483304
3597,2.3700951479483305,2.664760294284382
3598,2.364760294284382,2.6594360996651645
3599,2.3594360996651647,2.654122542793891
3600,2.354122542793891,2.648819602416327
3601,2.3488196024163273,2.643527257320705
3602,2.343527257320705,2.638245486337637
3603,2.338245486337637,2.632974268340032
3604,2.332974268340032,2.6277135822430107
3605,2.327713582243011,2.622463407003822
3606,2.322463407003822,2.617223721621758
3607,2.317223721621758,2.61199450513807
3608,2.3119945051380704,2.606775736635886
3609,2.306775736635886,2.601567395240124
3610,2.301567395240124,2.5963694601174114
3611,2.2963694601174116,2.5911819104760005
3612,2.2911819104760007,2.5860047255656875
3613,2.2860047255656877,2.5808378846777247
3614,2.280837884677725,2.575681367144741
3615,2.2756813671447413,2.570535152340661
3616,2.270535152340661,2.5653992196806175
3617,2.2653992196806176,2.5602735486208728
3618,2.260273548620873,2.555158118658736
3619,2.2551581186587364,2.5500529093324813
3620,2.2500529093324815,2.544957900221264
3621,2.244957900221264,2.5398730709450406
3622,2.2398730709450407,2.5347984011644873
3623,2.2347984011644875,2.529733870580919
3624,2.2297338705809193,2.524679458936206
3625,2.224679458936206,2.5196351460126944
3626,2.2196351460126946,2.514600911633127
3627,2.214600911633127,2.5095767356605583
3628,2.2095767356605585,2.504562597998279
3629,2.204562597998279,2.4995584785897305
3630,2.1995584785897306,2.4945643574184295
3631,2.1945643574184297,2.489580214507884
3632,2.189580214507884,2.484606029921516
3633,2.184606029921516,2.4796417837625806
3634,2.1796417837625808,2.4746874561740864
3635,2.1746874561740865,2.4697430273387164
3636,2.1697430273387166,2.4648084774787486
3637,2.164808477478749,2.4598837868559773
3638,2.1598837868559775,2.4549689357716336
3639,2.1549689357716337,2.450063904566306
3640,2.150063904566306,2.4451686736198632
3641,2.1451686736198634,2.4402832233513756
3642,2.1402832233513758,2.435407534219035
3643,2.135407534219035,2.430541586720078
3644,2.1305415867200783,2.425685361390709
3645,2.125685361390709,2.42083883880602
3646,2.12083883880602,2.4160019995799136
3647,2.1160019995799138,2.411174824365027
3648,2.111174824365027,2.4063572938526527
3649,2.106357293852653,2.401549388772662
3650,2.1015493887726624,2.3967510898934288
3651,2.096751089893429,2.391962378021751
3652,2.0919623780217513,2.3871832340027743
3653,2.0871832340027745,2.3824136387199166
3654,2.082413638719917,2.3776535730947903
3655,2.0776535730947905,2.372903018087127
3656,2.072903018087127,2.3681619546946995
3657,2.0681619546946997,2.363430363953248
3658,2.0634303639532483,2.3587082269364044
3659,2.0587082269364045,2.353995524755613
3660,2.053995524755613,2.349292238560059
3661,2.049292238560059,2.344598349536592
3662,2.0445983495365923,2.3399138389096494
3663,2.0399138389096496,2.335238687941182
3664,2.0352386879411823,2.3305728779305803
3665,2.0305728779305805,2.3259163902145974
3666,2.0259163902145976,2.321269206167277
3667,2.0212692061672772,2.316631307199876
3668,2.016631307199876,2.3120026747607927
3669,2.012002674760793,2.3073832903354914
3670,2.0073832903354916,2.3027731354464276
3671,2.0027731354464278,2.2981721916529763
3672,1.9981721916529762,2.2935804405513553
3673,1.9935804405513553,2.2889978637745547
3674,1.9889978637745547,2.2844244429922616
3675,1.9844244429922615,2.279860159910786
3676,1.9798601599107861,2.27530499627299
3677,1.97530499627299,2.270758933858213
3678,1.9707589338582128,2.2662219544821984
3679,1.9662219544821984,2.2616940399970242
3680,1.9616940399970242,2.257175172291025
3681,1.9571751722910251,2.252665333288725
3682,1.952665333288725,2.2481645049507613
3683,1.9481645049507612,2.243672669273815
3684,1.943672669273815,2.2391898082905377
3685,1.9391898082905377,2.234715904069479
3686,1.9347159040694788,2.2302509387150162
3687,1.9302509387150162,2.225794894367282
3688,1.925794894367282,2.221347753202093
3689,1.9213477532020928,2.216909497430878
3690,1.916909497430878,2.2124801093006097
3691,1.9124801093006096,2.208059571093728
3692,1.9080595710937278,2.2036478651280746
3693,1.9036478651280746,2.1992449737568203
3694,1.8992449737568202,2.194850879368393
3695,1.894850879368393,2.19046556438641
3696,1.8904655643864101,2.186089011269605
3697,1.8860890112696052,2.18172120251176
3698,1.8817212025117598,2.1773621206416336
3699,1.8773621206416335,2.1730117482228932
3700,1.8730117482228932,2.168670067854043
3701,1.8686700678540429,2.1643370621683555
3702,1.8643370621683555,2.1600127138338028
3703,1.8600127138338027,2.1556970055529856
3704,1.8556970055529856,2.1513899200630644
3705,1.8513899200630644,2.1470914401356924
3706,1.8470914401356924,2.1428015485769434
3707,1.8428015485769433,2.138520228227246
3708,1.8385202282272461,2.134247461961313
3709,1.834247461961313,2.129983232688073
3710,1.829983232688073,2.125727523350604
3711,1.825727523350604,2.1214803169260628
3712,1.8214803169260627,2.1172415964256177
3713,1.8172415964256177,2.1130113448943817
3714,1.8130113448943816,2.1087895454113426
3715,1.8087895454113425,2.1045761810892962
3716,1.8045761810892962,2.100371235074781
3717,1.800371235074781,2.0961746905480063
3718,1.7961746905480063,2.0919865307227887
3719,1.7919865307227887,2.0878067388464836
3720,1.7878067388464836,2.0836352981999173
3721,1.7836352981999173,2.0794721920973216
3722,1.7794721920973215,2.0753174038862676
3723,1.7753174038862676,2.0711709169475956
3724,1.7711709169475955,2.0670327146953533
3725,1.7670327146953533,2.062902780576726
3726,1.7629027805767261,2.058781098071971
3727,1.7587810980719711,2.054667650694354
3728,1.7546676506943542,2.050562421990079
3729,1.750562421990079,2.046465395538226
3730,1.746465395538226,2.042376554950684
3731,1.742376554950684,2.0382958838720846
3732,1.7382958838720846,2.034223365979739
3733,1.7342233659797388,2.030158984983569
3734,1.730158984983569,2.0261027246260466
3735,1.7261027246260465,2.0220545686821234
3736,1.7220545686821234,2.0180145009591715
3737,1.7180145009591714,2.013982505296914
3738,1.713982505296914,2.009958565567363
3739,1.7099585655673628,2.005942665674754
3740,1.705942665674754,2.0019347895554827
3741,1.7019347895554826,1.9979349211780384
3742,1.6979349211780383,1.993943044542943
3743,1.6939430445429429,1.989959143682684
3744,1.689959143682684,1.9859832026616533
3745,1.6859832026616532,1.9820152055760811
3746,1.682015205576081,1.978055136553974
3747,1.678055136553974,1.9741029797550507
3748,1.6741029797550506,1.9701587193706784
3749,1.6701587193706784,1.9662223396238103
3750,1.6662223396238103,1.9622938247689226
3751,1.6622938247689225,1.95837315909195
3752,1.65837315909195,1.9544603269102252
3753,1.6544603269102252,1.950555312572414
3754,1.650555312572414,1.9466581004584538
3755,1.6466581004584537,1.9427686749794908
3756,1.6427686749794908,1.9388870205778181
3757,1.638887020577818,1.9350131217268132
3758,1.6350131217268131,1.9311469629308748
3759,1.6311469629308748,1.9272885287253634
3760,1.6272885287253633,1.9234378036765365
3761,1.6234378036765365,1.9195947723814888
3762,1.6195947723814887,1.91575941946809
3763,1.61575941946809,1.9119317295949236
3764,1.6119317295949236,1.908111687451225
3765,1.608111687451225,1.9042992777568202
3766,1.6042992777568201,1.9004944852620653
3767,1.6004944852620653,1.8966972947477856
3768,1.5966972947477855,1.8929076910252136
3769,1.5929076910252136,1.8891256589359298
3770,1.5891256589359297,1.8853511833518004
3771,1.5853511833518004,1.8815842491749184
3772,1.5815842491749184,1.877824841337542
3773,1.577824841337542,1.8740729448020346
3774,1.5740729448020345,1.8703285445608049
3775,1.5703285445608048,1.8665916256362474
3776,1.5665916256362473,1.8628621730806811
3777,1.562862173080681,1.8591401719762912
3778,1.5591401719762912,1.855425607435068
3779,1.5554256074350679,1.8517184645987483
3780,1.5517184645987483,1.8480187286387562
3781,1.5480187286387561,1.8443263847561424
3782,1.5443263847561424,1.840641418181527
3783,1.540641418181527,1.8369638141750382
3784,1.5369638141750381,1.8332935580262557
3785,1.5332935580262557,1.8296306350541496
3786,1.5296306350541495,1.8259750306070233
3787,1.5259750306070232,1.822326730062454
3788,1.522326730062454,1.8186857188272347
3789,1.5186857188272347,1.8150519823373157
3790,1.5150519823373156,1.811425506057746
3791,1.511425506057746,1.8078062754826156
3792,1.5078062754826156,1.8041942761349976
3793,1.5041942761349976,1.80058949356689
3794,1.50058949356689,1.7969919133591574
3795,1.4969919133591574,1.7934015211214742
3796,1.4934015211214742,1.7898183024922667
3797,1.4898183024922667,1.7862422431386553
3798,1.4862422431386553,1.7826733287563983
3799,1.4826733287563982,1.7791115450698332
3800,1.4791115450698331,1.7755568778318205
3801,1.4755568778318204,1.7720093128236865
3802,1.4720093128236864,1.7684688358551666
3803,1.4684688358551665,1.764935432764348
3804,1.464935432764348,1.761409089417614
3805,1.461409089417614,1.757889791709586
3806,1.4578897917095859,1.7543775255630685
3807,1.4543775255630684,1.7508722769289926
3808,1.4508722769289926,1.7473740317863589
3809,1.4473740317863588,1.743882776142182
3810,1.443882776142182,1.740398496031435
3811,1.4403984960314349,1.7369211775169926
3812,1.4369211775169926,1.7334508066895762
3813,1.4334508066895761,1.7299873696676977
3814,1.4299873696676977,1.7265308525976049
3815,1.4265308525976048,1.7230812416532244
3816,1.4230812416532244,1.719638523036108
3817,1.419638523036108,1.7162026829753765
3818,1.4162026829753764,1.7127737077276652
3819,1.4127737077276652,1.7093515835770685
3820,1.4093515835770685,1.7059362968350855
3821,1.4059362968350855,1.702527833840564
3822,1.402527833840564,1.699126180959648
3823,1.399126180959648,1.6957313245857213
3824,1.3957313245857212,1.692343251139354
3825,1.3923432511393539,1.6889619470682475
3826,1.3889619470682475,1.6855873988471815
3827,1.3855873988471814,1.6822195929779582
3828,1.3822195929779582,1.6788585159893499
3829,1.3788585159893498,1.6755041544370437
3830,1.3755041544370437,1.6721564949035896
3831,1.3721564949035896,1.6688155239983444
3832,1.3688155239983444,1.6654812283574207
3833,1.3654812283574207,1.6621535946436308
3834,1.3621535946436307,1.6588326095464356
3835,1.3588326095464356,1.6555182597818903
3836,1.3555182597818902,1.6522105320925917
3837,1.3522105320925917,1.6489094132476245
3838,1.3489094132476245,1.6456148900425087
3839,1.3456148900425087,1.6423269492991472
3840,1.3423269492991472,1.6390455778657727
3841,1.3390455778657726,1.6357707626168951
3842,1.335770762616895,1.6325024904532488
3843,1.3325024904532488,1.6292407483017413
3844,1.3292407483017412,1.625985523115399
3845,1.325985523115399,1.6227368018733173
3846,1.3227368018733172,1.6194945715806068
3847,1.3194945715806068,1.6162588192683418
3848,1.3162588192683418,1.613029531993509
3849,1.313029531993509,1.609806696838955
3850,1.309806696838955,1.6065903009133347
3851,1.3065903009133346,1.6033803313510602
3852,1.3033803313510601,1.600176775312249
3853,1.3001767753122488,1.5969796199826725
3854,1.2969796199826724,1.593788852573705
3855,1.293788852573705,1.590604460322273
3856,1.290604460322273,1.5874264304908032
3857,1.2874264304908032,1.5842547503671718
3858,1.2842547503671717,1.5810894072646544
3859,1.2810894072646544,1.5779303885218738
3860,1.2779303885218738,1.5747776815027517
3861,1.2747776815027516,1.571631273596455
3862,1.271631273596455,1.5684911522173484
3863,1.2684911522173483,1.5653573048049418
3864,1.2653573048049418,1.5622297188238414
3865,1.2622297188238414,1.5591083817636997
3866,1.2591083817636997,1.5559932811391635
3867,1.2559932811391634,1.5528844044898267
3868,1.2528844044898266,1.5497817393801785
3869,1.2497817393801784,1.546685273399554
3870,1.246685273399554,1.5435949941620852
3871,1.2435949941620852,1.5405108893066513
3872,1.2405108893066512,1.5374329464968286
3873,1.2374329464968286,1.534361153420842
3874,1.2343611534208419,1.531295497791515
3875,1.231295497791515,1.5282359673462205
3876,1.2282359673462204,1.5251825498468332
3877,1.2251825498468332,1.522135233079679
3878,1.2221352330796789,1.5190940048554864
3879,1.2190940048554864,1.5160588530093388
3880,1.2160588530093388,1.5130297654006246
3881,1.2130297654006246,1.5100067299129896
3882,1.2100067299129895,1.5069897344542873
3883,1.2069897344542873,1.5039787669565323
3884,1.2039787669565323,1.5009738153758505
3885,1.2009738153758505,1.4979748676924314
3886,1.1979748676924313,1.4949819119104804
3887,1.1949819119104803,1.4919949360581701
3888,1.19199493605817,1.4890139281875936
3889,1.1890139281875935,1.486038876374715
3890,1.186038876374715,1.4830697687193235
3891,1.1830697687193235,1.4801065933449844
3892,1.1801065933449844,1.477149338398992
3893,1.177149338398992,1.4741979920523225
3894,1.1741979920523224,1.4712525424995873
3895,1.1712525424995872,1.4683129779589834
3896,1.1683129779589834,1.4653792866722493
3897,1.1653792866722492,1.4624514569046156
3898,1.1624514569046156,1.4595294769447593
3899,1.1595294769447593,1.4566133351047572
3900,1.1566133351047572,1.4537030197200376
3901,1.1537030197200375,1.4507985191493349
3902,1.1507985191493348,1.4478998217746433
3903,1.1478998217746432,1.4450069160011694
3904,1.1450069160011693,1.442119790257286
3905,1.142119790257286,1.4392384329944865
3906,1.1392384329944865,1.436362832687338
3907,1.136362832687338,1.4334929778334355
3908,1.1334929778334355,1.4306288569533558
3909,1.1306288569533558,1.4277704585906115
3910,1.1277704585906114,1.4249177713116048
3911,1.1249177713116048,1.4220707837055835
3912,1.1220707837055834,1.4192294843845927
3913,1.1192294843845927,1.4163938619834322
3914,1.1163938619834322,1.4135639051596083
3915,1.1135639051596082,1.4107396025932895
3916,1.1107396025932894,1.4079209429872621
3917,1.107920942987262,1.4051079150668837
3918,1.1051079150668837,1.4023005075800392
3919,1.1023005075800392,1.3994987092970947
3920,1.0994987092970947,1.3967025090108536
3921,1.0967025090108535,1.3939118955365106
3922,1.0939118955365106,1.3911268577116083
3923,1.0911268577116082,1.3883473843959917
3924,1.0883473843959917,1.3855734644717639
3925,1.0855734644717638,1.3828050868432413
3926,1.0828050868432413,1.38004224043691
3927,1.0800422404369099,1.3772849142013803
3928,1.0772849142013803,1.374533097107344
3929,1.074533097107344,1.3717867781475286
3930,1.0717867781475285,1.3690459463366549
3931,1.0690459463366548,1.366310590711392
3932,1.066310590711392,1.3635807003303138
3933,1.0635807003303137,1.3608562642738549
3934,1.0608562642738548,1.3581372716442677
3935,1.0581372716442676,1.3554237115655778
3936,1.0554237115655778,1.3527155731835416
3937,1.0527155731835416,1.3500128456656015
3938,1.0500128456656015,1.347315518200844
3939,1.047315518200844,1.3446235799999562
3940,1.0446235799999561,1.3419370202951808
3941,1.0419370202951808,1.3392558283402758
3942,1.0392558283402757,1.3365799934104698
3943,1.0365799934104698,1.3339095048024199
3944,1.0339095048024198,1.3312443518341677
3945,1.0312443518341676,1.3285845238450977
3946,1.0285845238450977,1.3259300101958944
3947,1.0259300101958944,1.3232808002685
3948,1.0232808002684999,1.320636883466071
3949,1.020636883466071,1.3179982492129367
3950,1.0179982492129367,1.3153648869545567
3951,1.0153648869545566,1.3127367861574781
3952,1.012736786157478,1.3101139363092946
3953,1.0101139363092946,1.307496326918603
3954,1.007496326918603,1.3048839475149627
3955,1.0048839475149627,1.3022767876488521
3956,1.002276787648852,1.2996748368916284
3957,0.9993497795143038,1.2970780848354853
3958,0.994164707259199,1.2944865210934111
3959,0.9890034406364755,1.291900135299147
3960,0.9838658784064661,1.2893189171071469
3961,0.9787519197460576,1.2867428561925343
3962,0.9736614642470003,1.2841719422510618
3963,0.9685944119142272,1.2816061649990709
3964,0.963550663164183,1.2790455141734485
3965,0.958530118823152,1.2764899795315883
3966,0.9535326801256016,1.2739395508513485
3967,0.9485582487125263,1.2713942179310103
3968,0.9436067266297989,1.268853970589239
3969,0.9386780163265339,1.266318798665042
3970,0.9337720206534498,1.2637886920177281
3971,0.9288886428612432,1.2612636405268673
3972,0.9240277865989663,1.2587436340922502
3973,0.9191893559124145,1.2562286626338481
3974,0.9143732552425177,1.253718716091771
3975,0.9095793894237362,1.25121378442623
3976,0.9048076636824705,1.2487138576174954
3977,0.9000579836354693,1.2462189256658558
3978,0.8953302552882463,1.2437289785915808
3979,0.8906243850335084,1.2412440064348784
3980,0.8859402796495813,1.2387639992558568
3981,0.8812778462988502,1.2362889471344836
3982,0.8766369925261996,1.2338188401705477
3983,0.8720176262574667,1.2313536684836173
3984,0.8674196557978916,1.2288934222130028
3985,0.8628429898305838,1.2264380915177155
3986,0.858287537414987,1.2239876665764298
3987,0.8537532079853555,1.221542137587442
3988,0.8492399113492318,1.2191014947686336
3989,0.8447475576859366,1.2166657283574296
3990,0.8402760575450569,1.2142348286107612
3991,0.8358253218449477,1.2118087858050264
3992,0.8313952618712364,1.2093875902360502
3993,0.8269857892753304,1.2069712322190478
3994,0.8225968160729378,1.2045597020885834
3995,0.8182282546425867,1.2021529901985335
3996,0.8138800177241552,1.1997510869220473
3997,0.8095520184174055,1.1973539826515085
3998,0.8052441701805237,1.1949616677984969
3999,0.800956386828667,1.1925741327937496
4000,0.7966885825325141,1.1901913680871234
4001,0.7924406718168244,1.1878133641475568
4002,0.7882125695590022,1.1854401114630304
4003,0.7840041909876636,1.1830716005405304
4004,0.779815451681214,1.18070782190601
4005,0.7756462675664283,1.1783487661043517
4006,0.7714965549170371,1.1759944236993287
4007,0.767366230352319,1.1736447852735685
4008,0.7632552108356996,1.1712998414285143
4009,0.759163413673354,1.1689595827843875
4010,0.7550907565128168,1.1666239999801506
4011,0.751037157341596,1.164293083673469
4012,0.7470025344857941,1.1619668245406745
4013,0.7429868066087338,1.1596452132767274
4014,0.7389898927095901,1.1573282405951797
4015,0.7350117121220262,1.1550158972281377
4016,0.7310521845128373,1.1527081739262242
4017,0.7271112298805956,1.1504050614585437
4018,0.7231887685543095,1.1481065506126427
4019,0.719284721192075,1.145812632194475
4020,0.7153990087797463,1.143523297028364
4021,0.7115315526296014,1.1412385359569657
4022,0.707682274379019,1.1389583398412328
4023,0.7038510959891575,1.1366826995603778
4024,0.7000379397436414,1.1344116060118368
4025,0.6962427282472526,1.1321450501112322
4026,0.6924653844246251,1.1298830227923378
4027,0.6887058315189477,1.127625515007041
4028,0.6849639930906696,1.1253725177253078
4029,0.6812397930162134,1.1231240219351457
4030,0.6775331554866901,1.1208800186425691
4031,0.6738440050066246,1.1186404988715615
4032,0.670172266392679,1.116405453664041
4033,0.6665178647723887,1.1141748740798236
4034,0.6628807255828966,1.1119487511965882
4035,0.659260774569699,1.1097270761098401
4036,0.6556579377853907,1.107509839932876
4037,0.652072141588419,1.1052970337967485
4038,0.6485033126418414,1.1030886488502296
4039,0.6449513779120873,1.1008846762597773
4040,0.6414162646677282,1.0986851072094976
4041,0.6378979004782467,1.0964899329011117
4042,0.6343962132128174,1.0942991445539194
4043,0.6309111310390881,1.0921127334047644
4044,0.6274425824219674,1.0899306907079993
4045,0.6239904961224167,1.08775300773545
4046,0.620554801196248,1.085579675776382
4047,0.6171354269929255,1.0834106861374648
4048,0.6137323031543733,1.0812460301427367
4049,0.6103453596137858,1.0790856991335707
4050,0.6069745265944445,1.07692968446864
4051,0.6036197346085405,1.074777977523883
4052,0.6002809144559985,1.0726305696924694
4053,0.5969579972233098,1.0704874523847645
4054,0.5936509142823647,1.0683486170282965
4055,0.5903595972892959,1.066214055067721
4056,0.5870839781833206,1.0640837579647875
4057,0.5838239891855919,1.0619577171983046
4058,0.5805795627980515,1.0598359242641064
4059,0.5773506318022888,1.0577183706750186
4060,0.5741371292584049,1.0556050479608237
4061,0.5709389885038786,1.053495947668228
4062,0.5677561431524408,1.0513910613608275
4063,0.5645885270929507,1.0492903806190745
4064,0.5614360744882775,1.0471938970402432
4065,0.5582987197741855,1.045101602238396
4066,0.555176397658225,1.0430134878443516
4067,0.5520690431186283,1.0409295455056489
4068,0.5489765914032073,1.0388497668865164
4069,0.5458989780282596,1.0367741436678364
4070,0.5428361387774735,1.0347026675471134
4071,0.5397880097008442,1.0326353302384401
4072,0.5367545271135882,1.0305721234724647
4073,0.5337356275950662,1.0285130389963575
4074,0.5307312479877082,1.0264580685737774
4075,0.527741325395943,1.0244072039848404
4076,0.5247657971851342,1.0223604370260853
4077,0.5218046009805168,1.0203177595104411
4078,0.5188576746661416,1.0182791632671955
4079,0.5159249563838224,1.0162446401419607
4080,0.5130063845320867,1.0142141819966415
4081,0.5101018977651317,1.0121877807094024
4082,0.5072114349917838,1.010165428174636
4083,0.5043349353744639,1.008147116302929
4084,0.501472338328154,1.0061328370210314
4085,0.4986235835193704,1.0041225822718236
4086,0.4957886108651409,1.0021163440142835
4087,0.49296736053198364,1.0001141142234555
4088,0.49015977293489366,0.9981158848904182
4089,0.4873657887363318,0.9961216480222512
4090,0.484585348845215,0.9941313956420043
4091,0.48181839441591673,0.9921451197886656
4092,0.47906486684726635,0.9901628125171288
4093,0.47632470778155356,0.9881844658981623
4094,0.473597859103539,0.9862100720183771
4095,0.47088426293946617,0.9842396229801949
4096,0.4681838616560791,0.9822731109018168
4097,0.46549659785964276,0.9803105279171921
4098,0.4628224143949687,0.9783518661759861
4099,0.4601612543444431,0.9763971178435493
4100,0.4575130610270603,0.9744462751008857
4101,0.45487777799745965,0.9724993301446219
4102,0.45225534904496506,0.9705562751869752
4103,0.44964571819263033,0.9686171024557234
4104,0.44704882969628745,0.9666818041941729
4105,0.4444646280435975,0.9647503726611281
4106,0.44189305795310874,0.9628228001308603
4107,0.43933406437331435,0.9608990788930767
4108,0.43678759248171717,0.9589792012528899
4109,0.43425358768389677,0.9570631595307868
4110,0.43173199561258013,0.9551509460625979
4111,0.4292227621267171,0.9532425531994667
4112,0.4267258333105582,0.9513379733078193
4113,0.4242411554727375,0.9494371987693336
4114,0.42176867514535904,0.9475402219809089
4115,0.4193083390830849,0.9456470353546356
4116,0.41686009426223,0.9437576313177645
4117,0.41442388787985873,0.9418720023126771
4118,0.41199966735288546,0.9399901407968547
4119,0.4095873803171779,0.9381120392428488
4120,0.407186974626667,0.9362376901382508
4121,0.40479839835245673,0.9343670859856614
4122,0.4024215997819395,0.9325002193026619
4123,0.40005652741791536,0.930637082621783
4124,0.3977031299777137,0.9287776684904754
4125,0.3953613563923181,0.9269219694710802
4126,0.39303115580549797,0.9250699781407987
4127,0.39071247757293853,0.9232216870916633
4128,0.3884052712613792,0.9213770889305071
4129,0.38610948664775124,0.9195361762789352
4130,0.38382507371832403,0.9176989417732946
4131,0.3815519826678479,0.9158653780646445
4132,0.3792901638987076,0.9140354778187278
4133,0.3770395680200734,0.9122092337159412
4134,0.37480014584706,0.9103866384513056
4135,0.372571848399885,0.9085676847344378
4136,0.3703546269030342,0.9067523652895204
4137,0.36814843278442755,0.904940672855273
4138,0.36595321767459055,0.9031326001849238
4139,0.3637689334058271,0.9013281400461793
4140,0.36159553201139755,0.8995272852211968
4141,0.35943296572469824,0.8977300285065546
4142,0.3572811869784465,0.8959363627132234
4143,0.35514014840386665,0.8941462806665376
4144,0.3530098028298801,0.8923597752061666
4145,0.3508901032823003,0.8905768391860864
4146,0.34878100298302855,0.8887974654745503
4147,0.3466824553492542,0.8870216469540612
4148,0.3445944139926585,0.8852493765213426
4149,0.3425168327186203,0.8834806470873103
4150,0.3404496655254265,0.8817154515770445
4151,0.3383928666034847,0.8799537829297606
4152,0.3363463903345398,0.8781956340987815
4153,0.334310191290892,0.87644099805151
4154,0.3322842242346209,0.874689867769399
4155,0.33026844411680933,0.8729422362479257
4156,0.32826280607677394,0.8711980964965611
4157,0.3262672654412947,0.8694574415387442
4158,0.3242817777238522,0.8677202644118526
4159,0.3223062986238639,0.8659865581671756
4160,0.32034078402592575,0.8642563158698859
4161,0.31838518999905646,0.8625295305990122
4162,0.3164394727959449,0.8608061954474108
4163,0.3145035888521996,0.859086303521739
4164,0.3125774947856021,0.8573698479424267
4165,0.3106611473953639,0.8556568218436492
4166,0.308754503661385,0.8539472183733001
4167,0.3068575207435166,0.8522410306929631
4168,0.30497015598082616,0.8505382519778851
4169,0.30309236689086544,0.8488388754169491
4170,0.3012241111689414,0.8471428942126465
4171,0.2993653466873914,0.8454503015810503
4172,0.2975160314948588,0.8437610907517876
4173,0.2956761238155738,0.842075254968013
4174,0.2938455820486363,0.8403927874863811
4175,0.29202436476730115,0.8387136815770198
4176,0.2902124307182666,0.8370379305235028
4177,0.2884097388209667,0.8353655276228241
4178,0.28661624816686493,0.8336964661853697
4179,0.2848319180187516,0.8320307395348916
4180,0.2830567078100436,0.8303683410084811
4181,0.28129057714408856,0.8287092639565417
4182,0.279533485793468,0.827053501742763
4183,0.27778539369930877,0.8254010477440943
4184,0.276046260970592,0.8237518953507169
4185,0.2743160478834684,0.8221060379660192
4186,0.27259471488057424,0.8204634690065696
4187,0.27088222257035255,0.8188241819020899
4188,0.26917853172637296,0.8171881700954298
4189,0.26748360328665916,0.8155554270425394
4190,0.2657973983530151,0.8139259462124446
4191,0.2641198781903565,0.8122997210872199
4192,0.2624510042260434,0.8106767451619626
4193,0.2607907380492162,0.8090570119447671
4194,0.2591390414101347,0.8074405149566979
4195,0.2574958762195187,0.8058272477317652
4196,0.2558612045478925,0.8042172038168978
4197,0.254234988624931,0.8026103767719179
4198,0.25261719083880924,0.8010067601695153
4199,0.25100777373555433,0.7994063475952213
4200,0.24940670001839904,0.7978091326473836
4201,0.2478139325471404,0.7962151089371403
4202,0.24622943433749805,0.7946242700883944
4203,0.24465316856047697,0.7930366097377883
4204,0.24308509854173221,0.7914521215346785
4205,0.2415251877609364,0.7898707991411102
4206,0.23997339985115,0.7882926362317916
4207,0.23842969859819274,0.786717626494069
4208,0.23689404794002003,0.7851457636279011
4209,0.2353664119660993,0.7835770413458348
4210,0.23384675491679127,0.7820114533729786
4211,0.23233504118273116,0.7804489934469786
4212,0.2308312353042149,0.778889655317993
4213,0.2293353019705862,0.7773334327486672
4214,0.22784720601962638,0.7757803195141089
4215,0.22636691243694754,0.7742303094018629
4216,0.2248943863553866,0.7726833962118869
4217,0.22342959305440363,0.7711395737565259
4218,0.22197249795948087,0.769598835860488
4219,0.2205230666415256,0.7680611763608199
4220,0.2190812648162746,0.7665265891068813
4221,0.21764705834370088,0.764995067960321
4222,0.21622041322742358,0.7634666067950527
4223,0.21480129561412004,0.7619411994972295
4224,0.2133896717929392,0.7604188399652202
4225,0.21198550819491904,0.7588995221095847
4226,0.2105887713924052,0.7573832398530495
4227,0.20919942809847217,0.7558699871304834
4228,0.2078174451663471,0.7543597578888739
4229,0.2064427895888361,0.7528525460873016
4230,0.2050754284977516,0.7513483456969174
4231,0.20371532916334412,0.749847150700918
4232,0.20236245899373445,0.748348955094521
4233,0.20101678553434885,0.7468537528849423
4234,0.19967827646735706,0.7453615380913708
4235,0.19834689961111157,0.7438723047449456
4236,0.19702262291958986,0.7423860468887312
4237,0.1957054144818387,0.7409027585776942
4238,0.19439524252142049,0.7394224338786793
4239,0.19309207539586232,0.7379450668703859
4240,0.19179588159610675,0.7364706516433439
4241,0.19050662974596527,0.7349991822998904
4242,0.18922428860157325,0.733530652954146
4243,0.18794882705084817,0.7320650577319916
4244,0.18668021411294924,0.7306023907710442
4245,0.18541841893773903,0.7291426462206341
4246,0.1841634108052483,0.7276858182417809
4247,0.18291515912514167,0.726231901007171
4248,0.18167363343618687,0.7247808887011334
4249,0.1804388034057247,0.723332775519617
4250,0.17921063882914248,0.7218875556701673
4251,0.1779891096293485,0.7204452233719025
4252,0.17677418585624902,0.7190057728554919
4253,0.1755658376862281,0.7175691983631316
4254,0.17436403542162834,0.7161354941485213
4255,0.173168749490234,0.7147046544768424
4256,0.17197995044475725,0.7132766736247345
4257,0.1707976089623253,0.7118515458802721
4258,0.16962169584396988,0.7104292655429423
4259,0.16845218201411905,0.7090098269236219
4260,0.16728903852009117,0.7075932243445545
4261,0.16613223653159037,0.706179452139328
4262,0.16498174734020463,0.7047685046528516
4263,0.16383754235890552,0.7033603762413335
4264,0.16269959312155013,0.7019550612722583
4265,0.1615678712823849,0.700552554124364
4266,0.16044234861555157,0.6991528491876203
4267,0.15932299701459518,0.6977559408632056
4268,0.1582097884919739,0.6963618235634846
4269,0.15710269517857092,0.6949704917119864
4270,0.15600168932320835,0.6935819397433816
4271,0.15490674329216284,0.6921961621034607
4272,0.15381782956868403,0.690813153249111
4273,0.1527349207525131,0.6894329076482955
4274,0.15165798955940582,0.6880554197800298
4275,0.15058700882065518,0.6866806841343606
4276,0.14952195148261713,0.6853086952123435
4277,0.14846279060623863,0.683939447526021
4278,0.14740949936658623,0.6825729355984006
4279,0.14636205105237798,0.6812091539634326
4280,0.1453204190655161,0.6798480971659888
4281,0.1442845769206225,0.6784897597618401
4282,0.14325449824457545,0.6771341363176351
4283,0.14223015677604858,0.6757812214108783
4284,0.14121152636505152,0.674431009629908
4285,0.14019858097247226,0.6730834955738755
4286,0.13919129466962196,0.6717386738527228
4287,0.13818964163778102,0.6703965390871611
4288,0.1371935961677469,0.6690570859086498
4289,0.1362031326593845,0.667720308959374
4290,0.13521822562117744,0.6663862028922244
4291,0.13423884966978222,0.6650547623707749
4292,0.1332649795295829,0.6637259820692616
4293,0.1322965900322488,0.6623998566725615
4294,0.13133365611629313,0.6610763808761713
4295,0.1303761528266339,0.659755549386186
4296,0.1294240553141565,0.6584373569192781
4297,0.12847733883527795,0.6571217982026757
4298,0.12753597875151262,0.6558088679741422
4299,0.12659995052904055,0.654498560981955
4300,0.1256692297382769,0.6531908719848846
4301,0.12474379205344313,0.6518857957521729
4302,0.12382361325213993,0.6505833270635133
4303,0.12290866921492234,0.6492834607090295
4304,0.12199893592487619,0.6479861914892544
4305,0.12109438946719604,0.6466915142151092
4306,0.12019500602876526,0.6453994237078831
4307,0.11930076189773774,0.6441099147992122
4308,0.11841163346312109,0.6428229823310595
4309,0.11752759721436194,0.641538621155693
4310,0.11664862974093203,0.6402568261356667
4311,0.11577470773191732,0.6389775921437986
4312,0.11490580797560745,0.6377009140631509
4313,0.11404190735908762,0.6364267867870097
4314,0.1131829828678321,0.6351552052188644
4315,0.1123290115852991,0.6338861642723868
4316,0.11147997069252724,0.6326196588714114
4317,0.11063583746773407,0.6313556839499149
4318,0.10979658928591592,0.6300942344519962
4319,0.10896220361844944,0.6288353053318554
4320,0.10813265803269456,0.6275788915537744
4321,0.10730793019159952,0.6263249880920964
4322,0.10648799785330684,0.6250735899312058
4323,0.10567283887076173,0.6238246920655084
4324,0.10486243119132134,0.622578289499411
4325,0.1040567528563658,0.6213343772473016
4326,0.10325578200091112,0.6200929503335297
4327,0.10245949685322354,0.618854003792386
4328,0.10166787573443489,0.6176175326680825
4329,0.10088089705816046,0.6163835320147333
4330,0.10009853933011777,0.6151519968963339
4331,0.09932078114774688,0.6139229223867423
4332,0.09854760119983264,0.6126963035696589
4333,0.09777897826612826,0.6114721355386066
4334,0.0970148912169801,0.6102504133969117
4335,0.09625531901295459,0.6090311322576841
4336,0.09550024070446626,0.6078142872437977
4337,0.09474963543140721,0.6065998734878706
4338,0.09400348242277826,0.6053878861322463
4339,0.09326176099632182,0.6041783203289736
4340,0.09252445055815565,0.6029711712397878
4341,0.09179153060240884,0.601766434036091
4342,0.09106298071085846,0.6005641038989327
4343,0.0903387805525684,0.5993641760189907
4344,0.08961890988352927,0.598166645596552
4345,0.08890334854629983,0.5969715078414931
4346,0.08819207646965001,0.5957787579732617
4347,0.08748507366820535,0.5945883912208565
4348,0.08678232024209241,0.5934004028228089
4349,0.08608379637658654,0.5922147880271639
4350,0.08538948234176032,0.5910315420914605
4351,0.08469935849213353,0.5898506602827136
4352,0.08401340526632506,0.5886721378773943
4353,0.08333160318670532,0.5874959701614113
4354,0.08265393285905111,0.5863221524300924
4355,0.0819803749722011,0.585150679988165
4356,0.08131091029771285,0.5839815481497377
4357,0.08064551968952179,0.5828147522382816
4358,0.07998418408360061,0.5816502875866116
4359,0.07932688449762104,0.5804881495368674
4360,0.07867360203061612,0.5793283334404954
4361,0.07802431786264458,0.5781708346582296
4362,0.07737901325445612,0.5770156485600733
4363,0.07673766954715802,0.5758627705252806
4364,0.07610026816188362,0.5747121959423378
4365,0.0754667905994614,0.5735639202089451
4366,0.07483721844008608,0.572417938731998
4367,0.0742115333429906,0.571274246927569
4368,0.07358971704611969,0.5701328402208894
4369,0.07297175136580457,0.5689937140463309
4370,0.07235761819643925,0.5678568638473872
4371,0.07174729951015774,0.5667222850766561
4372,0.07114077735651302,0.5655899731958209
4373,0.07053803386215689,0.5644599236756326
4374,0.06993905123052141,0.5633321319958916
4375,0.06934381174150168,0.5622065936454298
4376,0.06875229775113956,0.5610833041220921
4377,0.06816449169130882,0.5599622589327189
4378,0.067580376069402,0.5588434535931283
4379,0.06699993346801794,0.557726883628097
4380,0.06642314654465065,0.5566125445713438
4381,0.0658499980313799,0.5555004319655111
4382,0.06528047073456279,0.5543905413621469
4383,0.0647145475345262,0.5532828683216875
4384,0.0641522113852613,0.552177408413439
4385,0.06359344531411841,0.5510741572155603
4386,0.0630382324215039,0.5499731103150454
4387,0.062486555880577846,0.5488742633077048
4388,0.061938398936952806,0.5477776117981495
4389,0.0613937449083945,0.5466831513997717
4390,0.060852577184522715,0.5455908777347285
4391,0.06031487922651436,0.5445007864339235
4392,0.05978063456680709,0.5434128731369904
4393,0.05924982680880458,0.5423271334922743
4394,0.05872243962658256,0.5412435631568153
4395,0.05819845676459635,0.5401621577963306
4396,0.0576778620373896,0.5390829130851973
4397,0.05716063932930401,0.5380058247064351
4398,0.05664677259419032,0.5369308883516891
4399,0.05613624585512058,0.5358580997212123
4400,0.05562904320410135,0.534787454523849
4401,0.055125148801788475,0.5337189484770168
4402,0.05462454687720246,0.5326525773066901
4403,0.05412722172744543,0.5315883367473829
4404,0.053633157717419236,0.5305262225421314
4405,0.053142339279544315,0.5294662304424775
4406,0.05265475091348021,0.5284083562084513
4407,0.05217037718584677,0.5273525956085545
4408,0.051689202729946926,0.5262989444197432
4409,0.051211212245490044,0.5252473984274114
4410,0.050736390498317026,0.5241979534253736
4411,0.05026472232012598,0.5231506052158484
4412,0.04979619260819945,0.5221053496094417
4413,0.04933078632513231,0.5210621824251296
4414,0.04886848849856128,0.5200210994902418
4415,0.048409284220894876,0.5189820966404454
4416,0.04795315864904536,0.5179451697197275
4417,0.04750009700416082,0.5169103145803791
4418,0.04705008457135901,0.5158775270829782
4419,0.04660310669946199,0.5148468030963735
4420,0.04615914880073191,0.5138181384976677
4421,0.045718196350607795,0.5127915291722009
4422,0.04528023488744365,0.5117669710135345
4423,0.04484525001224717,0.5107444599234345
4424,0.04441322738842011,0.5097239918118553
4425,0.04398415274149917,0.5087055625969229
4426,0.043558011858898106,0.5076891682049192
4427,0.04313479058965121,0.5066748045702651
4428,0.042714474844157295,0.505662467635505
4429,0.04229705059392516,0.5046521533512897
4430,0.04188250387131978,0.5036438576763606
4431,0.041470820769309795,0.5026375765775337
4432,0.04106198744121584,0.5016333060296834
4433,0.04065599010045995,0.500631042015726
4434,0.040252815020315996,0.4996307805266041
4435,0.039852448533661176,0.4986325175612705
4436,0.03945487703272845,0.49763624912667204
4437,0.03906008696885998,0.49664197123773357
4438,0.03866806485226164,0.49564967991734227
4439,0.038278797251758485,0.4946593711963315
4440,0.03789227079455119,0.4936710411134651
4441,0.03750847216597349,0.49268468571542134
4442,0.0371273881092507,0.4917003010567773
4443,0.03674900542525906,0.49071788319999315
4444,0.03637331097228624,0.48973742821539606
4445,0.03600029166579258,0.48875893218116484
4446,0.03562993447817359,0.487782391183314
4447,0.03526222643852317,0.48680780131567825
4448,0.034897154632397925,0.48583515867989685
4449,0.034534706201582444,0.48486445938539796
4450,0.034174868343855455,0.48389569954938305
4451,0.03381762831275697,0.48292887529681167
4452,0.033462973417356476,0.48196398276038527
4453,0.03311089102202179,0.4810010180805325
4454,0.032761368546189266,0.4800399774053935
4455,0.032414393464134605,0.4790808568908041
4456,0.03206995330474466,0.4781236527002811
4457,0.03172803565129037,0.47716836100500637
4458,0.03138862814120027,0.4762149779838119
4459,0.031051718465835317,0.4752634998231643
4460,0.030717294370264315,0.4743139227171497
4461,0.03038534365304045,0.4733662428674583
4462,0.030055854165978547,0.4724204564833696
4463,0.029728813813933556,0.47147655978173675
4464,0.029404210554579542,0.47053454898697167
4465,0.029082032398189843,0.4695944203310299
4466,0.028762267407418045,0.4686561700533955
4467,0.028444903697079863,0.46771979440106626
4468,0.02812992943393594,0.46678528962853827
4469,0.0278173328364754,0.46585265199779113
4470,0.027507102174700416,0.4649218777782731
4471,0.027199225769911652,0.46399296324688616
4472,0.026893691994494557,0.46306590468797076
4473,0.026590489271706368,0.4621406983932916
4474,0.02628960607546435,0.46121734066202213
4475,0.0259910309301345,0.4602958278007303
4476,0.025694752410321386,0.4593761561233634
4477,0.025400759140658712,0.4584583219512335
4478,0.025109039795600765,0.4575423216130027
4479,0.024819583099214775,0.4566281514446684
4480,0.024532377824973983,0.45571580778954873
4481,0.02424741279555169,0.45480528699826783
4482,0.023964676882616075,0.45389658542874134
4483,0.023684159006625884,0.45298969944616174
4484,0.023405848136626904,0.45208462542298394
4485,0.023129733290049338,0.4511813597389106
4486,0.022855803532505905,0.45027989878087776
4487,0.02258404797759087,0.44938023894304047
4488,0.022314455786679867,0.44848237662675805
4489,0.022047016168730428,0.44758630824058016
4490,0.02178171838008354,0.446692030200232
4491,0.021518551724265787,0.44579953892860025
4492,0.021257505551792424,0.44490883085571864
4493,0.02099856925997128,0.4440199024187536
4494,0.020741732292707316,0.4431327500619903
4495,0.020486984140308192,0.4422473702368181
4496,0.020234314339290405,0.4413637594017165
4497,0.0199837124721864,0.440481914022241
4498,0.01973516816735232,0.43960183057100893
4499,0.019488671098776687,0.4387235055276852
4500,0.019244210985889704,0.43784693537896857
4501,0.01900177759337354,0.43697211661857727
4502,0.018761360730973134,0.43609904574723507
4503,0.01852295025330799,0.43522771927265735
4504,0.018286536059684628,0.434358133709537
4505,0.018052108093909832,0.4334902855795306
4506,0.017819656344104644,0.43262417141124454
4507,0.017589170842519177,0.431759787740221
4508,0.017360641665348096,0.4308971311089241
4509,0.017134058932546863,0.4300361980667261
4510,0.016909412807648825,0.4291769851698938
4511,0.01668669349758296,0.42831948898157435
4512,0.016465891252492384,0.427463706071782
4513,0.016246996365553646,0.42660963301738386
4514,0.01602999917279662,0.42575726640208655
4515,0.01581489005292537,0.42490660281642256
4516,0.015601659427139543,0.4240576388577364
4517,0.015390297758956551,0.42321037113017107
4518,0.015180795554034496,0.4223647962446545
4519,0.014973143359995816,0.4215209108188861
4520,0.014767331766251671,0.42067871147732294
4521,0.014563351403826958,0.41983819485116664
4522,0.014361192945186185,0.4189993575783495
4523,0.014160847104059888,0.41816219630352136
4524,0.01396230463527192,0.41732670767803604
4525,0.013765556334567322,0.4164928883599378
4526,0.013570593038440937,0.41566073501394835
4527,0.01337740562396678,0.4148302443114532
4528,0.013185985008628035,0.41400141293048837
4529,0.012996322150147722,0.41317423755572724
4530,0.012808408046320184,0.41234871487846725
4531,0.01262223373484313,0.4115248415966166
4532,0.012437790293150432,0.410702614414681
4533,0.012255068838245535,0.4098820300437507
4534,0.01207406052653573,0.40906308520148704
4535,0.011894756553666824,0.4082457766121096
4536,0.011717148154358734,0.407430101006383
4537,0.011541226602241654,0.4066160551216036
4538,0.011366983209692818,0.40580363570158684
4539,0.011194409327674104,0.404992839496654
4540,0.011023496345570148,0.4041836632636191
4541,0.010854235691027178,0.40337610376577626
4542,0.010686618829792544,0.4025701577728862
4543,0.010520637265554767,0.401765822061164
4544,0.010356282539784498,0.4009630934132658
4545,0.01019354623157584,0.40016196861827585
4546,0.01003241995748848,0.39936244447169394
4547,0.009872895371390465,0.3985645177754224
4548,0.00971496416430156,0.3977681853377533
4549,0.009558618064237285,0.39697344397335604
4550,0.009403848836053625,0.39618029050326387
4551,0.009250648281292231,0.39538872175486195
4552,0.009099008238026476,0.3945987345618743
4553,0.00894892058070795,0.39381032576435093
4554,0.008800377220013646,0.3930234922086558
4555,0.008653370102693847,0.3922382307474535
4556,0.00850789121142048,0.3914545382396972
4557,0.008363932564636243,0.3906724115506158
4558,0.008221486216404242,0.3898918475517014
4559,0.00808054425625833,0.3891128431206971
4560,0.007941098809053975,0.38833539514158416
4561,0.007803142034819813,0.38755950050456955
4562,0.007666666128609718,0.38678515610607367
4563,0.007531663320355578,0.386012358848718
4564,0.007398125874720637,0.3852411056413123
4565,0.007266046090953367,0.3844713933988429
4566,0.007135416302742082,0.38370321904245974
4567,0.007006228878069997,0.38293657949946436
4568,0.006878476219070974,0.38217147170329746
4569,0.006752150761885817,0.381407892593527
4570,0.006627244976519226,0.38064583911583544
4571,0.006503751366697215,0.37988530822200783
4572,0.006381662469725194,0.3791262968699197
4573,0.006260970856346669,0.3783688020235246
4574,0.0061416691306023915,0.377612820652842
4575,0.0060237499296902225,0.3768583497339455
4576,0.005907205923825482,0.3761053862489504
4577,0.005792029816101931,0.3753539271860018
4578,0.005678214342353263,0.3746039695392624
4579,0.005565752271015193,0.37385551030890063
4580,0.005454636402988129,0.3731085465010786
4581,0.005344859571500375,0.37236307512794004
4582,0.005236414641971896,0.37161909320759845
4583,0.005129294511878676,0.37087659776412524
4584,0.0050234921106176045,0.3701355858275375
4585,0.004919000399371884,0.36939605443378665
4586,0.004815812370977081,0.368658000624746
4587,0.0047139210497876265,0.36792142144819945
4588,0.00461331949154393,0.36718631395782925
4589,0.004514000783240002,0.36645267521320446
4590,0.00441595804299164,0.3657205022797691
4591,0.004319184419905137,0.3649897922288305
4592,0.004223673093946557,0.3642605421375475
4593,0.004129417275811518,0.3635327490889187
4594,0.004036410206795501,0.36280641017177095
4595,0.003944645158664735,0.3620815224807476
4596,0.0038541154335275706,0.36135808311629697
4597,0.0037648143637064083,0.3606360891846606
4598,0.003676735311610117,0.3599155377978619
4599,0.003589871669607019,0.3591964260736942
4600,0.003504216859898341,0.3584787511357097
4601,0.0034197643343922704,0.35776251011320775
4602,0.0033365075745784294,0.3570477001412233
4603,0.0032544400914029277,0.35633431836051543
4604,0.0031735554251439077,0.3556223619175562
4605,0.003093847145287607,0.35491182796451876
4606,0.0030153088504049053,0.3542027136592664
4607,0.002937934168028428,0.35349501616534096
4608,0.0028617167545300914,0.3527887326519515
4609,0.0027866502949992103,0.35208386029396305
4610,0.0027127285031210615,0.35138039627188516
4611,0.002639945121055952,0.3506783377718609
4612,0.002568293919318826,0.34997768198565526
4613,0.002497768696659292,0.34927842611064425
4614,0.002428363279942226,0.34858056734980336
4615,0.0023600715240287813,0.3478841029116967
4616,0.0022928873116579607,0.34718903001046547
4617,0.002226804553328612,0.3464953458658172
4618,0.002161817187181966,0.34580304770301445
4619,0.0020979191788846187,0.3451121327528635
4620,0.0020351045215119814,0.3444225982517038
4621,0.001973367235432278,0.34373444144139625
4622,0.001912701368190919,0.3430476595693128
4623,0.0018531009943954509,0.3423622498883251
4624,0.0017945602156009,0.34167820965679335
4625,0.0017370731601956235,0.3409955361385558
4626,0.0016806339832876372,0.3403142266029175
4627,0.0016252368665913813,0.3396342783246393
4628,0.0015708760183149758,0.33895568858392733
4629,0.0015175456730479268,0.33827845466642154
4630,0.0014652400916492895,0.33760257386318554
4631,0.001413953561136325,0.3369280434706951
4632,0.0013636803945735482,0.3362548607908278
4633,0.0013144149309623023,0.3355830231308519
4634,0.0012661515351307436,0.33491252780341607
4635,0.001218884597624301,0.334243372126538
4636,0.0011726085345965594,0.3335755534235941
4637,0.0011273177877006205,0.33290906902330863
4638,0.0010830068239808927,0.3322439162597432
4639,0.0010396701357653325,0.3315800924722857
4640,0.0009973022405581169,0.3309175950056402
4641,0.0009558976809327897,0.3302564212098161
4642,0.0009154510244258088,0.32959656844011703
4643,0.0008759568634305323,0.3289380340571312
4644,0.0008374098150916847,0.32828081542672016
4645,0.0007998045212002137,0.3276249099200086
4646,0.0007631356480885896,0.3269703149133735
4647,0.0007273978865265391,0.3263170277884341
4648,0.000692585951617212,0.32566504593204093
4649,0.0006586945826937713,0.32501436673626566
4650,0.0006257185432163944,0.32436498759839066
4651,0.0005936526206697314,0.3237169059208986
4652,0.0005624916264607546,0.32307011911146183
4653,0.0005322303958170369,0.32242462458293225
4654,0.00050286378768545,0.32178041975333094
4655,0.000474386684631289,0.3211375020458377
4656,0.0004467939927377928,0.3204958688887808
4657,0.0004200806415060927,0.31985551771562676
4658,0.0003942415837555685,0.31921644596497
4659,0.00036927179552461256,0.3185786510805228
4660,0.0003451662759718115,0.3179421305111047
4661,0.00032192004727751476,0.31730688171063254
4662,0.00029952815454582744,0.3166729021381103
4663,0.00027798566570700267,0.31604018925761884
4664,0.00025728767142023124,0.3154087405383058
4665,0.00023742928497682916,0.3147785534543755
4666,0.0002184056422038343,0.3141496254850787
4667,0.0002002119013679886,0.31352195411470263
4668,0.00018284324308012363,0.31289553683256116
4669,0.00016629487019994183,0.31227037113298417
4670,0.0001505620077411715,0.3116464545153081
4671,0.00013563990277714049,0.3110237844838656
4672,0.00012152382434671584,0.3104023585479757
4673,0.00010820906336064355,0.3097821742219339
4674,9.569093250826795e-05,0.309163229025002
4675,8.396476616463901e-05,0.30854552048139844
4676,7.302592029800039e-05,0.3079290461202882
4677,6.286977237765765e-05,0.30731380347577303
4678,5.34917212822298e-05,0.3066997900868815
4679,4.488718720827542e-05,0.30608700349755924
4680,3.705161157929856e-05,0.3054754412566591
4681,2.9980456955124673e-05,0.3048651009179313
4682,2.3669206941655953e-05,0.30425598004001364
4683,1.8113366100994603e-05,0.30364807618642176
4684,1.3308459861937582e-05,0.30304138692553956
4685,9.25003443084303e-06,0.3024359098306091
4686,5.933656702858032e-06,0.3018316424797212
4687,3.3549141735193344e-06,0.3012285824558057
4688,1.5094148507135761e-06,0.30062672734662166
4689,3.9278716700343817e-07,0.3000260747447478
4690,6.798923136632378e-10,0.299426622247573
4691,0.0,0.2988283674572864
4692,0.0,0.29823130798086805
4693,0.0,0.2976354414300793
4694,0.0,0.2970407654214531
4695,0.0,0.2964472775762846
4696,0.0,0.29585497552062173
4697,0.0,0.29526385688525536
4698,0.0,0.29467391930571024
4699,0.0,0.29408516042223526
4700,0.0,0.2934975778797941
4701,0.0,0.2929111693280557
4702,0.0,0.2923259324213852
4703,0.0,0.29174186481883424
4704,0.0,0.29115896418413145
4705,0.0,0.2905772281856736
4706,0.0,0.289996654496516
4707,0.0,0.28941724079436304
4708,0.0,0.2888389847615591
4709,0.0,0.28826188408507936
4710,0.0,0.28768593645652024
4711,0.0,0.2871111395720906
4712,0.0,0.286537491132602
4713,0.0,0.28596498884346006
4714,0.0,0.2853936304146547
4715,0.0,0.2848234135607516
4716,0.0,0.28425433600088246
4717,0.0,0.28368639545873636
4718,0.0,0.2831195896625503
4719,0.0,0.2825539163451004
4720,0.0,0.2819893732436926
4721,0.0,0.2814259581001538
4722,0.0,0.28086366866082263
4723,0.0,0.2803025026765406
4724,0.0,0.27974245790264296
4725,0.0,0.27918353209894997
4726,0.0,0.27862572302975763
4727,0.0,0.2780690284638289
4728,0.0,0.2775134461743848
4729,0.0,0.27695897393909535
4730,0.0,0.276405609540071
4731,0.0,0.2758533507638533
4732,0.0,0.2753021954014065
4733,0.0,0.2747521412481084
4734,0.0,0.27420318610374156
4735,0.0,0.2736553277724848
4736,0.0,0.27310856406290396
4737,0.0,0.27256289278794354
4738,0.0,0.27201831176491764
4739,0.0,0.27147481881550156
4740,0.0,0.27093241176572264
4741,0.0,0.27039108844595205
4742,0.0,0.2698508466908958
4743,0.0,0.2693116843395861
4744,0.0,0.2687735992353728
4745,0.0,0.26823658922591487
4746,0.0,0.26770065216317146
4747,0.0,0.2671657859033936
4748,0.0,0.26663198830711565
4749,0.0,0.2660992572391464
4750,0.0,0.26556759056856094
4751,0.0,0.2650369861686918
4752,0.0,0.2645074419171207
4753,0.0,0.26397895569567
4754,0.0,0.263451525390394
4755,0.0,0.26292514889157087
4756,0.0,0.2623998240936939
4757,0.0,0.2618755488954631
4758,0.0,0.26135232119977714
4759,0.0,0.26083013891372436
4760,0.0,0.2603089999485751
4761,0.0,0.25978890221977263
4762,0.0,0.25926984364692546
4763,0.0,0.25875182215379855
4764,0.0,0.25823483566830524
4765,0.0,0.25771888212249894
4766,0.0,0.2572039594525648
4767,0.0,0.25669006559881136
4768,0.0,0.25617719850566256
4769,0.0,0.2556653561216494
4770,0.0,0.2551545363994016
4771,0.0,0.2546447372956396
4772,0.0,0.25413595677116624
4773,0.0,0.2536281927908589
4774,0.0,0.2531214433236609
4775,0.0,0.25261570634257363
4776,0.0,0.2521109798246486
4777,0.0,0.2516072617509789
4778,0.0,0.2511045501066918
4779,0.0,0.2506028428809399
4780,0.0,0.2501021380668937
4781,0.0,0.24960243366173315
4782,0.0,0.24910372766664013
4783,0.0,0.24860601808678987
4784,0.0,0.24810930293134345
4785,0.0,0.24761358021343954
4786,0.0,0.24711884795018665
4787,0.0,0.24662510416265507
4788,0.0,0.24613234687586893
4789,0.0,0.24564057411879853
4790,0.0,0.24514978392435208
4791,0.0,0.2446599743293682
4792,0.0,0.24417114337460788
4793,0.0,0.24368328910474663
4794,0.0,0.2431964095683667
4795,0.0,0.24271050281794926
4796,0.0,0.2422255669098667
4797,0.0,0.24174159990437483
4798,0.0,0.24125859986560486
4799,0.0,0.240776564861556
4800,0.0,0.24029549296408764
4801,0.0,0.23981538224891152
4802,0.0,0.2393362307955842
4803,0.0,0.23885803668749914
4804,0.0,0.23838079801187928
4805,0.0,0.23790451285976935
4806,0.0,0.23742917932602806
4807,0.0,0.23695479550932064
4808,0.0,0.2364813595121112
4809,0.0,0.2360088694406551
4810,0.0,0.23553732340499145
4811,0.0,0.23506671951893549
4812,0.0,0.23459705590007102
4813,0.0,0.23412833066974295
4814,0.0,0.2336605419530497
4815,0.0,0.23319368787883585
4816,0.0,0.23272776657968441
4817,0.0,0.2322627761919096
4818,0.0,0.23179871485554926
4819,0.0,0.2313355807143574
4820,0.0,0.23087337191579685
4821,0.0,0.2304120866110318
4822,0.0,0.22995172295492036
4823,0.0,0.2294922791060074
4824,0.0,0.2290337532265168
4825,0.0,0.22857614348234453
4826,0.0,0.22811944804305095
4827,0.0,0.22766366508185368
4828,0.0,0.2272087927756203
4829,0.0,0.22675482930486096
4830,0.0,0.2263017728537212
4831,0.0,0.22584962160997457
4832,0.0,0.2253983737650155
4833,0.0,0.22494802751385204
4834,0.0,0.22449858105509857
4835,0.0,0.22405003259096865
4836,0.0,0.22360238032726784
4837,0.0,0.22315562247338647
4838,0.0,0.2227097572422925
4839,0.0,0.22226478285052448
4840,0.0,0.2218206975181842
4841,0.0,0.2213774994689298
4842,0.0,0.22093518692996839
4843,0.0,0.2204937581320493
4844,0.0,0.2200532113094567
4845,0.0,0.2196135447000028
4846,0.0,0.21917475654502047
4847,0.0,0.21873684508935656
4848,0.0,0.2182998085813647
4849,0.0,0.2178636452728982
4850,0.0,0.21742835341930328
4851,0.0,0.21699393127941197
4852,0.0,0.21656037711553505
4853,0.0,0.21612768919345537
4854,0.0,0.21569586578242061
4855,0.0,0.2152649051551366
4856,0.0,0.21483480558776025
4857,0.0,0.21440556535989266
4858,0.0,0.2139771827545724
4859,0.0,0.21354965605826842
4860,0.0,0.21312298356087342
4861,0.0,0.21269716355569684
4862,0.0,0.2122721943394581
4863,0.0,0.21184807421227975
4864,0.0,0.2114248014776807
4865,0.0,0.21100237444256945
4866,0.0,0.2105807914172373
4867,0.0,0.2101600507153516
4868,0.0,0.209740150653949
4869,0.0,0.20932108955342865
4870,0.0,0.2089028657375456
4871,0.0,0.20848547753340405
4872,0.0,0.2080689232714506
4873,0.0,0.20765320128546766
4874,0.0,0.20723830991256675
4875,0.0,0.20682424749318182
4876,0.0,0.2064110123710626
4877,0.0,0.2059986028932681
4878,0.0,0.20558701741015983
4879,0.0,0.20517625427539532
4880,0.0,0.20476631184592148
4881,0.0,0.20435718848196804
4882,0.0,0.203948882547041
4883,0.0,0.20354139240791608
4884,0.0,0.20313471643463218
4885,0.0,0.20272885300048485
4886,0.0,0.20232380048201984
4887,0.0,0.20191955725902655
4888,0.0,0.20151612171453148
4889,0.0,0.20111349223479197
4890,0.0,0.20071166720928957
4891,0.0,0.20031064503072357
4892,0.0,0.1999104240950048
4893,0.0,0.19951100280124898
4894,0.0,0.19911237955177036
4895,0.0,0.19871455275207542
4896,0.0,0.1983175208108565
4897,0.0,0.1979212821399852
4898,0.0,0.19752583515450634
4899,0.0,0.1971311782726315
4900,0.0,0.19673730991573257
4901,0.0,0.19634422850833563
4902,0.0,0.19595193247811454
4903,0.0,0.1955604202558846
4904,0.0,0.19516969027559644
4905,0.0,0.1947797409743296
4906,0.0,0.19439057079228636
4907,0.0,0.1940021781727855
4908,0.0,0.193614561562256
4909,0.0,0.1932277194102309
4910,0.0,0.19284165016934107
4911,0.0,0.19245635229530905
4912,0.0,0.19207182424694277
4913,0.0,0.19168806448612963
4914,0.0,0.19130507147783
4915,0.0,0.19092284369007134
4916,0.0,0.19054137959394202
4917,0.0,0.1901606776635851
4918,0.0,0.18978073637619242
4919,0.0,0.18940155421199828
4920,0.0,0.18902312965427354
4921,0.0,0.18864546118931944
4922,0.0,0.18826854730646161
4923,0.0,0.18789238649804405
4924,0.0,0.18751697725942296
4925,0.0,0.18714231808896095
4926,0.0,0.18676840748802084
4927,0.0,0.18639524396095972
4928,0.0,0.18602282601512296
4929,0.0,0.18565115216083827
4930,0.0,0.18528022091140978
4931,0.0,0.18491003078311197
4932,0.0,0.18454058029518383
4933,0.0,0.1841718679698229
4934,0.0,0.18380389233217945
4935,0.0,0.18343665191035038
4936,0.0,0.18307014523537354
4937,0.0,0.18270437084122174
4938,0.0,0.1823393272647969
4939,0.0,0.18197501304592426
4940,0.0,0.1816114267273464
4941,0.0,0.1812485668547176
4942,0.0,0.18088643197659793
4943,0.0,0.1805250206444473
4944,0.0,0.18016433141262
4945,0.0,0.17980436283835852
4946,0.0,0.17944511348178815
4947,0.0,0.17908658190591095
4948,0.0,0.17872876667660015
4949,0.0,0.17837166636259438
4950,0.0,0.1780152795354919
4951,0.0,0.1776596047697449
4952,0.0,0.1773046406426539
4953,0.0,0.17695038573436184
4954,0.0,0.17659683862784867
4955,0.0,0.17624399790892545
4956,0.0,0.17589186216622885
4957,0.0,0.17554042999121547
4958,0.0,0.1751896999781561
4959,0.0,0.17483967072413023
4960,0.0,0.17449034082902037
4961,0.0,0.17414170889550648
4962,0.0,0.17379377352906034
4963,0.0,0.17344653333794008
4964,0.0,0.1730999869331844
4965,0.0,0.17275413292860728
4966,0.0,0.1724089699407922
4967,0.0,0.17206449658908676
4968,0.0,0.1717207114955971
4969,0.0,0.17137761328518236
4970,0.0,0.1710352005854493
4971,0.0,0.1706934720267466
4972,0.0,0.17035242624215963
4973,0.0,0.17001206186750473
4974,0.0,0.169672377541324
4975,0.0,0.16933337190487968
4976,0.0,0.16899504360214873
4977,0.0,0.16865739127981755
4978,0.0,0.1683204135872763
4979,0.0,0.1679841091766139
4980,0.0,0.16764847670261215
4981,0.0,0.16731351482274076
4982,0.0,0.16697922219715172
4983,0.0,0.16664559748867414
4984,0.0,0.16631263936280868
4985,0.0,0.16598034648772245
4986,0.0,0.16564871753424346
4987,0.0,0.16531775117585545
4988,0.0,0.16498744608869262
4989,0.0,0.16465780095153412
4990,0.0,0.16432881444579892
4991,0.0,0.16400048525554065
4992,0.0,0.16367281206744205
4993,0.0,0.16334579357080994
4994,0.0,0.16301942845756992
4995,0.0,0.16269371542226108
4996,0.0,0.16236865316203086
4997,0.0,0.1620442403766298
4998,0.0,0.16172047576840629
4999,0.0,0.1613973580423015
5000,0.0,0.16107488590584407
5001,0.0,0.160753058069145
5002,0.0,0.16043187324489258
5003,0.0,0.16011133014834703
5004,0.0,0.15979142749733555
5005,0.0,0.15947216401224712
5006,0.0,0.1591535384160274
5007,0.0,0.15883554943417352
5008,0.0,0.15851819579472917
5009,0.0,0.15820147622827935
5010,0.0,0.15788538946794536
5011,0.0,0.15756993424937976
5012,0.0,0.15725510931076125
5013,0.0,0.15694091339278968
5014,0.0,0.1566273452386809
5015,0.0,0.15631440359416193
5016,0.0,0.15600208720746578
5017,0.0,0.15569039482932642
5018,0.0,0.15537932521297398
5019,0.0,0.1550688771141296
5020,0.0,0.15475904929100037
5021,0.0,0.15444984050427468
5022,0.0,0.15414124951711697
5023,0.0,0.1538332750951628
5024,0.0,0.15352591600651416
5025,0.0,0.1532191710217342
5026,0.0,0.1529130389138427
5027,0.0,0.15260751845831066
5028,0.0,0.15230260843305596
5029,0.0,0.15199830761843808
5030,0.0,0.15169461479725332
5031,0.0,0.15139152875473003
5032,0.0,0.15108904827852357
5033,0.0,0.1507871721587117
5034,0.0,0.1504858991877895
5035,0.0,0.15018522816066474
5036,0.0,0.14988515787465284
5037,0.0,0.1495856871294723
5038,0.0,0.1492868147272397
5039,0.0,0.14898853947246507
5040,0.0,0.14869086017204697
5041,0.0,0.14839377563526782
5042,0.0,0.14809728467378908
5043,0.0,0.1478013861016465
5044,0.0,0.14750607873524538
5045,0.0,0.1472113613933559
5046,0.0,0.14691723289710826
5047,0.0,0.1466236920699881
5048,0.0,0.14633073773783173
5049,0.0,0.1460383687288214
5050,0.0,0.1457465838734807
5051,0.0,0.14545538200466984
5052,0.0,0.14516476195758093
5053,0.0,0.1448747225697334
5054,0.0,0.14458526268096933
5055,0.0,0.14429638113344875
5056,0.0,0.1440080767716451
5057,0.0,0.14372034844234055
5058,0.0,0.1434331949946214
5059,0.0,0.14314661527987346
5060,0.0,0.14286060815177754
5061,0.0,0.14257517246630466
5062,0.0,0.14229030708171178
5063,0.0,0.14200601085853692
5064,0.0,0.14172228265959486
5065,0.0,0.14143912134997239
5066,0.0,0.14115652579702392
5067,0.0,0.14087449487036682
5068,0.0,0.14059302744187707
5069,0.0,0.14031212238568452
5070,0.0,0.1400317785781686
5071,0.0,0.1397519948979537
5072,0.0,0.13947277022590474
5073,0.0,0.13919410344512262
5074,0.0,0.13891599344093988
5075,0.0,0.13863843910091614
5076,0.0,0.13836143931483363
5077,0.0,0.13808499297469287
5078,0.0,0.13780909897470814
5079,0.0,0.13753375621130307
5080,0.0,0.13725896358310619
5081,0.0,0.13698471999094666
5082,0.0,0.13671102433784976
5083,0.0,0.13643787552903247
5084,0.0,0.1361652724718992
5085,0.0,0.13589321407603738
5086,0.0,0.1356216992532131
5087,0.0,0.13535072691736663
5088,0.0,0.13508029598460827
5089,0.0,0.134810405373214
5090,0.0,0.13454105400362093
5091,0.0,0.1342722407984233
5092,0.0,0.13400396468236786
5093,0.0,0.13373622458234985
5094,0.0,0.13346901942740846
5095,0.0,0.13320234814872275
5096,0.0,0.13293620967960726
5097,0.0,0.1326706029555077
5098,0.0,0.13240552691399687
5099,0.0,0.13214098049477024
5100,0.0,0.13187696263964177
5101,0.0,0.13161347229253972
5102,0.0,0.1313505083995023
5103,0.0,0.1310880699086736
5104,0.0,0.13082615577029935
5105,0.0,0.1305647649367226
5106,0.0,0.13030389636237968
5107,0.0,0.13004354900379594
5108,0.0,0.12978372181958164
5109,0.0,0.12952441377042762
5110,0.0,0.1292656238191014
5111,0.0,0.12900735093044283
5112,0.0,0.12874959407135997
5113,0.0,0.12849235221082506
5114,0.0,0.12823562431987032
5115,0.0,0.12797940937158386
5116,0.0,0.12772370634110553
5117,0.0,0.12746851420562283
5118,0.0,0.12721383194436692
5119,0.0,0.1269596585386084
5120,0.0,0.12670599297165333
5121,0.0,0.12645283422883907
5122,0.0,0.12620018129753033
5123,0.0,0.12594803316711506
5124,0.0,0.1256963888290004
5125,0.0,0.12544524727660863
5126,0.0,0.12519460750537326
5127,0.0,0.12494446851273482
5128,0.0,0.124694829298137
5129,0.0,0.12444568886302265
5130,0.0,0.12419704621082968
5131,0.0,0.12394890034698715
5132,0.0,0.12370125027891125
5133,0.0,0.12345409501600142
5134,0.0,0.12320743356963627
5135,0.0,0.12296126495316967
5136,0.0,0.12271558818192682
5137,0.0,0.12247040227320033
5138,0.0,0.12222570624624622
5139,0.0,0.12198149912228007
5140,0.0,0.12173777992447304
5141,0.0,0.12149454767794804
5142,0.0,0.12125180140977572
5143,0.0,0.12100954014897074
5144,0.0,0.12076776292648768
5145,0.0,0.12052646877521736
5146,0.0,0.12028565672998283
5147,0.0,0.1200453258275356
5148,0.0,0.11980547510655175
5149,0.0,0.11956610360762805
5150,0.0,0.11932721037327823
5151,0.0,0.11908879444792898
5152,0.0,0.11885085487791633
5153,0.0,0.11861339071148165
5154,0.0,0.11837640099876798
5155,0.0,0.11813988479181611
5156,0.0,0.11790384114456094
5157,0.0,0.11766826911282756
5158,0.0,0.11743316775432752
5159,0.0,0.11719853612865508
5160,0.0,0.11696437329728342
5161,0.0,0.1167306783235609
5162,0.0,0.11649745027270732
5163,0.0,0.11626468821181014
5164,0.0,0.11603239120982084
5165,0.0,0.1158005583375511
5166,0.0,0.1155691886676691
5167,0.0,0.11533828127469588
5168,0.0,0.11510783523500152
5169,0.0,0.11487784962680159
5170,0.0,0.11464832353015333
5171,0.0,0.11441925602695206
5172,0.0,0.11419064620092745
5173,0.0,0.11396249313763991
5174,0.0,0.11373479592447687
5175,0.0,0.11350755365064916
5176,0.0,0.1132807654071874
5177,0.0,0.1130544302869383
5178,0.0,0.1128285473845611
5179,0.0,0.11260311579652388
5180,0.0,0.11237813462109998
5181,0.0,0.1121536029583644
5182,0.0,0.11192951991019019
5183,0.0,0.11170588458024486
5184,0.0,0.1114826960739868
5185,0.0,0.11125995349866168
5186,0.0,0.1110376559632989
5187,0.0,0.11081580257870802
5188,0.0,0.1105943924574752
5189,0.0,0.11037342471395967
5190,0.0,0.11015289846429017
5191,0.0,0.1099328128263614
5192,0.0,0.1097131669198305
5193,0.0,0.10949395986611357
5194,0.0,0.1092751907883821
5195,0.0,0.10905685881155948
5196,0.0,0.10883896306231752
5197,0.0,0.10862150266907292
5198,0.0,0.10840447676198382
5199,0.0,0.10818788447294632
5200,0.0,0.10797172493559097
5201,0.0,0.1077559972852793
5202,0.0,0.10754070065910047
5203,0.0,0.10732583419586765
5204,0.0,0.10711139703611472
5205,0.0,0.10689738832209275
5206,0.0,0.1066838071977666
5207,0.0,0.10647065280881149
5208,0.0,0.10625792430260957
5209,0.0,0.10604562082824652
5210,0.0,0.10583374153650821
5211,0.0,0.10562228557987713
5212,0.0,0.1054112521125292
5213,0.0,0.10520064029033029
5214,0.0,0.10499044927083279
5215,0.0,0.10478067821327236
5216,0.0,0.1045713262785645
5217,0.0,0.10436239262930118
5218,0.0,0.10415387642974752
5219,0.0,0.10394577684583846
5220,0.0,0.10373809304517537
5221,0.0,0.1035308241970228
5222,0.0,0.10332396947230503
5223,0.0,0.10311752804360291
5224,0.0,0.10291149908515049
5225,0.0,0.1027058817728316
5226,0.0,0.10250067528417675
5227,0.0,0.1022958787983597
5228,0.0,0.10209149149619424
5229,0.0,0.1018875125601309
5230,0.0,0.10168394117425363
5231,0.0,0.10148077652427666
5232,0.0,0.10127801779754107
5233,0.0,0.10107566418301171
5234,0.0,0.10087371487127386
5235,0.0,0.10067216905452998
5236,0.0,0.10047102592659657
5237,0.0,0.10027028468290082
5238,0.0,0.10006994452047749
5239,0.0,0.09987000463796568
5240,0.0,0.09967046423560556
5241,0.0,0.0994713225152353
5242,0.0,0.09927257868028772
5243,0.0,0.09907423193578722
5244,0.0,0.09887628148834657
5245,0.0,0.0986787265461637
5246,0.0,0.09848156631901861
5247,0.0,0.09828480001827007
5248,0.0,0.09808842685685266
5249,0.0,0.09789244604927348
5250,0.0,0.097696856811609
5251,0.0,0.09750165836150204
5252,0.0,0.09730684991815852
5253,0.0,0.09711243070234442
5254,0.0,0.09691839993638263
5255,0.0,0.09672475684414979
5256,0.0,0.0965315006510733
5257,0.0,0.09633863058412812
5258,0.0,0.09614614587183373
5259,0.0,0.09595404574425102
5260,0.0,0.09576232943297923
5261,0.0,0.09557099617115285
5262,0.0,0.09538004519343858
5263,0.0,0.09518947573603227
5264,0.0,0.09499928703665582
5265,0.0,0.09480947833455416
5266,0.0,0.09462004887049229
5267,0.0,0.09443099788675202
5268,0.0,0.09424232462712923
5269,0.0,0.09405402833693059
5270,0.0,0.0938661082629707
5271,0.0,0.09367856365356902
5272,0.0,0.09349139375854688
5273,0.0,0.09330459782922441
5274,0.0,0.09311817511841766
5275,0.0,0.09293212488043555
5276,0.0,0.09274644637107687
5277,0.0,0.09256113884762734
5278,0.0,0.09237620156885662
5279,0.0,0.09219163379501534
5280,0.0,0.09200743478783216
5281,0.0,0.09182360381051081
5282,0.0,0.09164014012772713
5283,0.0,0.09145704300562615
5284,0.0,0.09127431171181914
5285,0.0,0.09109194551538068
5286,0.0,0.09090994368684571
5287,0.0,0.09072830549820673
5288,0.0,0.0905470302229107
5289,0.0,0.0903661171358563
5290,0.0,0.09018556551339092
5291,0.0,0.09000537463330784
5292,0.0,0.0898255437748433
5293,0.0,0.08964607221867364
5294,0.0,0.08946695924691238
5295,0.0,0.08928820414310738
5296,0.0,0.08910980619223803
5297,0.0,0.08893176468071225
5298,0.0,0.08875407889636376
5299,0.0,0.0885767481284492
5300,0.0,0.08839977166764526
5301,0.0,0.08822314880604584
5302,0.0,0.0880468788371593
5303,0.0,0.08787096105590549
5304,0.0,0.08769539475861306
5305,0.0,0.0875201792430166
5306,0.0,0.08734531380825379
5307,0.0,0.0871707977548627
5308,0.0,0.08699663038477884
5309,0.0,0.08682281100133252
5310,0.0,0.08664933890924598
5311,0.0,0.0864762134146306
5312,0.0,0.08630343382498418
5313,0.0,0.08613099944918813
5314,0.0,0.08595890959750473
5315,0.0,0.08578716358157432
5316,0.0,0.08561576071441261
5317,0.0,0.08544470031040793
5318,0.0,0.08527398168531841
5319,0.0,0.08510360415626933
5320,0.0,0.08493356704175034
5321,0.0,0.08476386966161276
5322,0.0,0.08459451133706686
5323,0.0,0.08442549139067908
5324,0.0,0.08425680914636945
5325,0.0,0.08408846392940875
5326,0.0,0.08392045506641588
5327,0.0,0.08375278188535516
5328,0.0,0.08358544371553367
5329,0.0,0.08341843988759848
5330,0.0,0.08325176973353406
5331,0.0,0.08308543258665958
5332,0.0,0.08291942778162623
5333,0.0,0.08275375465441455
5334,0.0,0.08258841254233183
5335,0.0,0.0824234007840094
5336,0.0,0.08225871871940002
5337,0.0,0.08209436568977518
5338,0.0,0.08193034103772256
5339,0.0,0.08176664410714334
5340,0.0,0.08160327424324956
5341,0.0,0.08144023079256157
5342,0.0,0.08127751310290533
5343,0.0,0.08111512052340987
5344,0.0,0.08095305240450465
5345,0.0,0.08079130809791699
5346,0.0,0.08062988695666944
5347,0.0,0.08046878833507723
5348,0.0,0.08030801158874565
5349,0.0,0.0801475560745675
5350,0.0,0.07998742115072052
5351,0.0,0.07982760617666479
5352,0.0,0.0796681105131402
5353,0.0,0.07950893352216389
5354,0.0,0.07935007456702768
5355,0.0,0.07919153301229555
5356,0.0,0.07903330822380104
5357,0.0,0.07887539956864482
5358,0.0,0.07871780641519203
5359,0.0,0.07856052813306987
5360,0.0,0.07840356409316497
5361,0.0,0.07824691366762099
5362,0.0,0.078090576229836
5363,0.0,0.07793455115446007
5364,0.0,0.07777883781739266
5365,0.0,0.07762343559578022
5366,0.0,0.07746834386801367
5367,0.0,0.07731356201372587
5368,0.0,0.07715908941378923
5369,0.0,0.07700492545031311
5370,0.0,0.07685106950664146
5371,0.0,0.07669752096735032
5372,0.0,0.07654427921824529
5373,0.0,0.07639134364635922
5374,0.0,0.07623871363994957
5375,0.0,0.07608638858849613
5376,0.0,0.0759343678826985
5377,0.0,0.07578265091447364
5378,0.0,0.07563123707695349
5379,0.0,0.0754801257644825
5380,0.0,0.0753293163726152
5381,0.0,0.07517880829811383
5382,0.0,0.07502860093894588
5383,0.0,0.07487869369428173
5384,0.0,0.0747290859644922
5385,0.0,0.07457977715114615
5386,0.0,0.07443076665700817
5387,0.0,0.07428205388603605
5388,0.0,0.07413363824337851
5389,0.0,0.0739855191353728
5390,0.0,0.07383769596954226
5391,0.0,0.07369016815459406
5392,0.0,0.07354293510041673
5393,0.0,0.07339599621807785
5394,0.0,0.07324935091982172
5395,0.0,0.07310299861906694
5396,0.0,0.0729569387304041
5397,0.0,0.07281117066959344
5398,0.0,0.07266569385356257
5399,0.0,0.07252050770040398
5400,0.0,0.0723756116293729
5401,0.0,0.07223100506088483
5402,0.0,0.07208668741651329
5403,0.0,0.07194265811898756
5404,0.0,0.07179891659219023
5405,0.0,0.07165546226115499
5406,0.0,0.07151229455206434
5407,0.0,0.07136941289224724
5408,0.0,0.07122681671017687
5409,0.0,0.07108450543546832
5410,0.0,0.07094247849887628
5411,0.0,0.07080073533229284
5412,0.0,0.07065927536874511
5413,0.0,0.07051809804239308
5414,0.0,0.07037720278852723
5415,0.0,0.07023658904356639
5416,0.0,0.07009625624505536
5417,0.0,0.06995620383166277
5418,0.0,0.0698164312431788
5419,0.0,0.06967693792051287
5420,0.0,0.06953772330569154
5421,0.0,0.06939878684185614
5422,0.0,0.06926012797326064
5423,0.0,0.06912174614526939
5424,0.0,0.06898364080435487
5425,0.0,0.06884581139809556
5426,0.0,0.06870825737517362
5427,0.0,0.0685709781853728
5428,0.0,0.06843397327957616
5429,0.0,0.06829724210976387
5430,0.0,0.0681607841290111
5431,0.0,0.0680245987914857
5432,0.0,0.06788868555244619
5433,0.0,0.0677530438682394
5434,0.0,0.06761767319629841
5435,0.0,0.06748257299514036
5436,0.0,0.06734774272436429
5437,0.0,0.06721318184464889
5438,0.0,0.0670788898177505
5439,0.0,0.06694486610650081
5440,0.0,0.06681111017480482
5441,0.0,0.0666776214876386
5442,0.0,0.06654439951104724
5443,0.0,0.06641144371214265
5444,0.0,0.06627875355910144
5445,0.0,0.06614632852116287
5446,0.0,0.06601416806862656
5447,0.0,0.06588227167285055
5448,0.0,0.06575063880624907
5449,0.0,0.06561926894229048
5450,0.0,0.06548816155549515
5451,0.0,0.06535731612143336
5452,0.0,0.06522673211672321
5453,0.0,0.0650964090190285
5454,0.0,0.06496634630705665
5455,0.0,0.06483654346055664
5456,0.0,0.06470699996031694
5457,0.0,0.06457771528816335
5458,0.0,0.06444868892695702
5459,0.0,0.06431992036059232
5460,0.0,0.06419140907399483
5461,0.0,0.06406315455311923
5462,0.0,0.06393515628494724
5463,0.0,0.06380741375748565
5464,0.0,0.06367992645976417
5465,0.0,0.06355269388183342
5466,0.0,0.06342571551476295
5467,0.0,0.0632989908506391
5468,0.0,0.06317251938256305
5469,0.0,0.06304630060464876
5470,0.0,0.06292033401202095
5471,0.0,0.06279461910081309
5472,0.0,0.06266915536816535
5473,0.0,0.06254394231222264
5474,0.0,0.062418979432132586
5475,0.0,0.062294266228043474
5476,0.0,0.06216980220110234
5477,0.0,0.0620455868534529
5478,0.0,0.0619216196882336
5479,0.0,0.06179790020957561
5480,0.0,0.06167442792260086
5481,0.0,0.061551202333420034
5482,0.0,0.061428222949130605
5483,0.0,0.06130548927781488
5484,0.0,0.06118300082853801
5485,0.0,0.06106075711134603
5486,0.0,0.06093875763726391
5487,0.0,0.06081700191829359
5488,0.0,0.06069548946741204
5489,0.0,0.06057421979856927
5490,0.0,0.060453192426686474
5491,0.0,0.06033240686765398
5492,0.0,0.06021186263832941
5493,0.0,0.06009155925653567
5494,0.0,0.059971496241059075
5495,0.0,0.05985167311164741
5496,0.0,0.059732089389007995
5497,0.0,0.059612744594805776
5498,0.0,0.059493638251661415
5499,0.0,0.059374769883149395
5500,0.0,0.059256139013796075
5501,0.0,0.05913774516907781
5502,0.0,0.059019587875419076
5503,0.0,0.05890166666019053
5504,0.0,0.05878398105170717
5505,0.0,0.0586665305792264
5506,0.0,0.05854931477294616
5507,0.0,0.05843233316400307
5508,0.0,0.058315585284470554
5509,0.0,0.05819907066735693
5510,0.0,0.058082788846603575
5511,0.0,0.057966739357083054
5512,0.0,0.057850921734597244
5513,0.0,0.05773533551587551
5514,0.0,0.057619980238572815
5515,0.0,0.0575048554412679
5516,0.0,0.05738996066346142
5517,0.0,0.05727529544557412
5518,0.0,0.05716085932894498
5519,0.0,0.05704665185582936
5520,0.0,0.05693267256939723
5521,0.0,0.05681892101373128
5522,0.0,0.05670539673382515
5523,0.0,0.05659209927558156
5524,0.0,0.056479028185810534
5525,0.0,0.05636618301222755
5526,0.0,0.05625356330345177
5527,0.0,0.056141168609004206
5528,0.0,0.05602899847930594
5529,0.0,0.0559170524656763
5530,0.0,0.055805330120331065
5531,0.0,0.05569383099638073
5532,0.0,0.05558255464782863
5533,0.0,0.05547150062956923
5534,0.0,0.055360668497386314
5535,0.0,0.055250057807951204
5536,0.0,0.055139668118821
5537,0.0,0.05502949898843678
5538,0.0,0.05491954997612189
5539,0.0,0.054809820642080134
5540,0.0,0.05470031054739402
5541,0.0,0.05459101925402303
5542,0.0,0.05448194632480185
5543,0.0,0.05437309132343861
5544,0.0,0.054264453814513156
5545,0.0,0.05415603336347532
5546,0.0,0.054047829536643145
5547,0.0,0.05393984190120117
5548,0.0,0.05383207002519873
5549,0.0,0.05372451347754816
5550,0.0,0.05361717182802314
5551,0.0,0.05351004464725692
5552,0.0,0.053403131506740635
5553,0.0,0.05329643197882158
5554,0.0,0.0531899456367015
5555,0.0,0.053083672054434886
5556,0.0,0.05297761080692727
5557,0.0,0.052871761469933526
5558,0.0,0.05276612362005614
5559,0.0,0.0526606968347436
5560,0.0,0.05255548069228862
5561,0.0,0.052450474771826475
5562,0.0,0.05234567865333335
5563,0.0,0.05224109191762463
5564,0.0,0.05213671414635324
5565,0.0,0.052032544922007956
5566,0.0,0.05192858382791173
5567,0.0,0.05182483044822006
5568,0.0,0.05172128436791928
5569,0.0,0.051617945172824926
5570,0.0,0.051514812449580095
5571,0.0,0.05141188578565375
5572,0.0,0.05130916476933909
5573,0.0,0.05120664898975192
5574,0.0,0.05110433803682899
5575,0.0,0.051002231501326344
5576,0.0,0.05090032897481771
5577,0.0,0.05079863004969284
5578,0.0,0.0506971343191559
5579,0.0,0.05059584137722383
5580,0.0,0.05049475081872473
5581,0.0,0.05039386223929623
5582,0.0,0.05029317523538389
5583,0.0,0.05019268940423954
5584,0.0,0.05009240434391973
5585,0.0,0.04999231965328409
5586,0.0,0.04989243493199372
5587,0.0,0.0497927497805096
5588,0.0,0.04969326380009099
5589,0.0,0.04959397659279384
5590,0.0,0.049494887761469195
5591,0.0,0.049395996909761576
5592,0.0,0.04929730364210746
5593,0.0,0.04919880756373365
5594,0.0,0.04910050828065568
5595,0.0,0.049002405399676305
5596,0.0,0.04890449852838386
5597,0.0,0.04880678727515074
5598,0.0,0.0487092712491318
5599,0.0,0.0486119500602628
5600,0.0,0.048514823319258854
5601,0.0,0.04841789063761288
5602,0.0,0.04832115162759401
5603,0.0,0.04822460590224607
5604,0.0,0.048128253075386054
5605,0.0,0.0480320927616025
5606,0.0,0.047936124576254034
5607,0.0,0.047840348135467795
5608,0.0,0.04774476305613788
5609,0.0,0.047649368955923845
5610,0.0,0.04755416545324917
5611,0.0,0.04745915216729971
5612,0.0,0.04736432871802221
5613,0.0,0.04726969472612273
5614,0.0,0.04717524981306517
5615,0.0,0.04708099360106977
5616,0.0,0.046986925713111555
5617,0.0,0.046893045772918834
5618,0.0,0.04679935340497173
5619,0.0,0.04670584823450065
5620,0.0,0.04661252988748478
5621,0.0,0.046519397990650614
5622,0.0,0.04642645217147043
5623,0.0,0.04633369205816083
5624,0.0,0.04624111727968125
5625,0.0,0.04614872746573244
5626,0.0,0.04605652224675502
5627,0.0,0.045964501253928
5628,0.0,0.04587266411916728
5629,0.0,0.0457810104751242
5630,0.0,0.045689539955184065
5631,0.0,0.04559825219346467
5632,0.0,0.04550714682481484
5633,0.0,0.045416223484812994
5634,0.0,0.045325481809765644
5635,0.0,0.045234921436705954
5636,0.0,0.04514454200339233
5637,0.0,0.04505434314830692
5638,0.0,0.044964324510654165
5639,0.0,0.04487448573035941
5640,0.0,0.044784826448067416
5641,0.0,0.044695346305140916
5642,0.0,0.04460604494365924
5643,0.0,0.044516922006416805
5644,0.0,0.04442797713692175
5645,0.0,0.04433920997939449
5646,0.0,0.044250620178766256
5647,0.0,0.04416220738067774
5648,0.0,0.04407397123147764
5649,0.0,0.04398591137822122
5650,0.0,0.043898027468668964
5651,0.0,0.04381031915128512
5652,0.0,0.04372278607523629
5653,0.0,0.04363542789039006
5654,0.0,0.043548244247313565
5655,0.0,0.04346123479727213
5656,0.0,0.04337439919222783
5657,0.0,0.04328773708483813
5658,0.0,0.043201248128454495
5659,0.0,0.04311493197712097
5660,0.0,0.043028788285572835
5661,0.0,0.04294281670923522
5662,0.0,0.04285701690422169
5663,0.0,0.04277138852733292
5664,0.0,0.0426859312360553
5665,0.0,0.04260064468855953
5666,0.0,0.04251552854369932
5667,0.0,0.04243058246100997
5668,0.0,0.04234580610070704
5669,0.0,0.04226119912368497
5670,0.0,0.04217676119151575
5671,0.0,0.04209249196644752
5672,0.0,0.04200839111140329
5673,0.0,0.04192445828997951
5674,0.0,0.04184069316644479
5675,0.0,0.04175709540573853
5676,0.0,0.04167366467346956
5677,0.0,0.041590400635914855
5678,0.0,0.04150730296001814
5679,0.0,0.04142437131338861
5680,0.0,0.04134160536429957
5681,0.0,0.04125900478168711
5682,0.0,0.041176569235148786
5683,0.0,0.04109429839494231
5684,0.0,0.0410121919319842
5685,0.0,0.04093024951784851
5686,0.0,0.04084847082476546
5687,0.0,0.04076685552562018
5688,0.0,0.04068540329395135
5689,0.0,0.040604113803949946
5690,0.0,0.04052298673045789
5691,0.0,0.04044202174896679
5692,0.0,0.04036121853561661
5693,0.0,0.04028057676719439
5694,0.0,0.04020009612113294
5695,0.0,0.040119776275509576
5696,0.0,0.04003961690904481
5697,0.0,0.03995961770110107
5698,0.0,0.0398797783316814
5699,0.0,0.039800098481428244
5700,0.0,0.03972057783162208
5701,0.0,0.039641216064180196
5702,0.0,0.03956201286165543
5703,0.0,0.03948296790723485
5704,0.0,0.03940408088473855
5705,0.0,0.03932535147861833
5706,0.0,0.03924677937395645
5707,0.0,0.039168364256464396
5708,0.0,0.039090105812481596
5709,0.0,0.03901200372897417
5710,0.0,0.03893405769353367
5711,0.0,0.03885626739437586
5712,0.0,0.03877863252033943
5713,0.0,0.038701152760884795
5714,0.0,0.0386238278060928
5715,0.0,0.038546657346663536
5716,0.0,0.03846964107391505
5717,0.0,0.03839277867978214
5718,0.0,0.03831606985681515
5719,0.0,0.03823951429817867
5720,0.0,0.038163111697650375
5721,0.0,0.038086861749619755
5722,0.0,0.03801076414908691
5723,0.0,0.03793481859166135
5724,0.0,0.037859024773560734
5725,0.0,0.037783382391609686
5726,0.0,0.03770789114323858
5727,0.0,0.03763255072648233
5728,0.0,0.03755736083997917
5729,0.0,0.03748232118296944
5730,0.0,0.03740743145529441
5731,0.0,0.03733269135739509
5732,0.0,0.03725810059031097
5733,0.0,0.03718365885567889
5734,0.0,0.03710936585573181
5735,0.0,0.037035221293297636
5736,0.0,0.03696122487179801
5737,0.0,0.03688737629524716
5738,0.0,0.03681367526825066
5739,0.0,0.036740121496004335
5740,0.0,0.03666671468429297
5741,0.0,0.036593454539489235
5742,0.0,0.03652034076855245
5743,0.0,0.03644737307902743
5744,0.0,0.03637455117904332
5745,0.0,0.036301874777312435
5746,0.0,0.036229343583129056
5747,0.0,0.036156957306368316
5748,0.0,0.03608471565748501
5749,0.0,0.03601261834751245
5750,0.0,0.03594066508806129
5751,0.0,0.03586885559131841
5752,0.0,0.03579718957004572
5753,0.0,0.035725666737579036
5754,0.0,0.03565428680782694
5755,0.0,0.03558304949526961
5756,0.0,0.035511954514957714
5757,0.0,0.03544100158251122
5758,0.0,0.03537019041411831
5759,0.0,0.03529952072653422
5760,0.0,0.0352289922370801
5761,0.0,0.0351586046636419
5762,0.0,0.035088357724669235
5763,0.0,0.035018251139174256
5764,0.0,0.03494828462673052
5765,0.0,0.034878457907471884
5766,0.0,0.03480877070209139
5767,0.0,0.03473922273184011
5768,0.0,0.03466981371852608
5769,0.0,0.03460054338451315
5770,0.0,0.034531411452719894
5771,0.0,0.03446241764661849
5772,0.0,0.03439356169023362
5773,0.0,0.034324843308141374
5774,0.0,0.03425626222546812
5775,0.0,0.03418781816788945
5776,0.0,0.03411951086162903
5777,0.0,0.034051340033457556
5778,0.0,0.03398330541069161
5779,0.0,0.03391540672119263
5780,0.0,0.03384764369336574
5781,0.0,0.03378001605615877
5782,0.0,0.033712523539061054
5783,0.0,0.033645165872102444
5784,0.0,0.03357794278585218
5785,0.0,0.03351085401141784
5786,0.0,0.03344389928044422
5787,0.0,0.03337707832511231
5788,0.0,0.03331039087813821
5789,0.0,0.03324383667277204
5790,0.0,0.03317741544279688
5791,0.0,0.033111126922527725
5792,0.0,0.03304497084681041
5793,0.0,0.03297894695102054
5794,0.0,0.03291305497106245
5795,0.0,0.03284729464336813
5796,0.0,0.03278166570489618
5797,0.0,0.03271616789313075
5798,0.0,0.03265080094608052
5799,0.0,0.032585564602277614
5800,0.0,0.032520458600776556
5801,0.0,0.032455482681153267
5802,0.0,0.032390636583503975
5803,0.0,0.0323259200484442
5804,0.0,0.032261332817107725
5805,0.0,0.03219687463114553
5806,0.0,0.032132545232724796
5807,0.0,0.03206834436452783
5808,0.0,0.03200427176975108
5809,0.0,0.03194032719210408
5810,0.0,0.031876510375808444
5811,0.0,0.031812821065596804
5812,0.0,0.03174925900671185
5813,0.0,0.03168582394490525
5814,0.0,0.03162251562643668
5815,0.0,0.031559333798072776
5816,0.0,0.03149627820708615
5817,0.0,0.031433348601254345
5818,0.0,0.031370544728858855
5819,0.0,0.031307866338684105
5820,0.0,0.03124531318001646
5821,0.0,0.03118288500264319
5822,0.0,0.031120581556851514
5823,0.0,0.031058402593427552
5824,0.0,0.03099634786365538
5825,0.0,0.030934417119315986
5826,0.0,0.03087261011268632
5827,0.0,0.03081092659653827
5828,0.0,0.030749366324137682
5829,0.0,0.030687929049243393
5830,0.0,0.030626614526106214
5831,0.0,0.030565422509467977
5832,0.0,0.030504352754560534
5833,0.0,0.030443405017104783
5834,0.0,0.03038257905330969
5835,0.0,0.030321874619871316
5836,0.0,0.030261291473971854
5837,0.0,0.030200829373278636
5838,0.0,0.03014048807594318
5839,0.0,0.03008026734060021
5840,0.0,0.03002016692636671
5841,0.0,0.029960186592840946
5842,0.0,0.0299003261001015
5843,0.0,0.02984058520870632
5844,0.0,0.029780963679691762
5845,0.0,0.029721461274571634
5846,0.0,0.02966207775533623
5847,0.0,0.0296028128844514
5848,0.0,0.029543666424857576
5849,0.0,0.029484638139968843
5850,0.0,0.029425727793671985
5851,0.0,0.02936693515032553
5852,0.0,0.029308259974758836
5853,0.0,0.02924970203227112
5854,0.0,0.029191261088630533
5855,0.0,0.02913293691007322
5856,0.0,0.029074729263302394
5857,0.0,0.029016637915487385
5858,0.0,0.02895866263426273
5859,0.0,0.02890080318772722
5860,0.0,0.028843059344442992
5861,0.0,0.028785430873434603
5862,0.0,0.02872791754418809
5863,0.0,0.028670519126650057
5864,0.0,0.02861323539122676
5865,0.0,0.028556066108783175
5866,0.0,0.0284990110506421
5867,0.0,0.02844206998858323
5868,0.0,0.028385242694842234
5869,0.0,0.02832852894210986
5870,0.0,0.028271928503531035
5871,0.0,0.028215441152703916
5872,0.0,0.02815906666367903
5873,0.0,0.02810280481095834
5874,0.0,0.028046655369494366
5875,0.0,0.027990618114689263
5876,0.0,0.02793469282239394
5877,0.0,0.027878879268907156
5878,0.0,0.02782317723097462
5879,0.0,0.0277675864857881
5880,0.0,0.027712106810984554
5881,0.0,0.0276567379846452
5882,0.0,0.027601479785294657
5883,0.0,0.027546331991900062
5884,0.0,0.02749129438387016
5885,0.0,0.02743636674105445
5886,0.0,0.027381548843742286
5887,0.0,0.027326840472662005
5888,0.0,0.027272241408980047
5889,0.0,0.02721775143430009
5890,0.0,0.027163370330662163
5891,0.0,0.027109097880541774
5892,0.0,0.027054933866849054
5893,0.0,0.027000878072927875
5894,0.0,0.026946930282554987
5895,0.0,0.02689309027993916
5896,0.0,0.02683935784972031
5897,0.0,0.026785732776968645
5898,0.0,0.026732214847183803
5899,0.0,0.02667880384629399
5900,0.0,0.026625499560655137
5901,0.0,0.026572301777050025
5902,0.0,0.02651921028268745
5903,0.0,0.026466224865201365
5904,0.0,0.026413345312650032
5905,0.0,0.026360571413515166
5906,0.0,0.0263079029567011
5907,0.0,0.026255339731533944
5908,0.0,0.026202881527760718
5909,0.0,0.026150528135548537
5910,0.0,0.02609827934548377
5911,0.0,0.02604613494857118
5912,0.0,0.02599409473623311
5913,0.0,0.025942158500308645
5914,0.0,0.025890326033052774
5915,0.0,0.02583859712713555
5916,0.0,0.02578697157564129
5917,0.0,0.025735449172067715
5918,0.0,0.025684029710325143
5919,0.0,0.02563271298473566
5920,0.0,0.025581498790032287
5921,0.0,0.025530386921358183
5922,0.0,0.025479377174265808
5923,0.0,0.0254284693447161
5924,0.0,0.02537766322907768
5925,0.0,0.02532695862412601
5926,0.0,0.025276355327042605
5927,0.0,0.025225853135414214
5928,0.0,0.025175451847231998
5929,0.0,0.025125151260890734
5930,0.0,0.025074951175188015
5931,0.0,0.025024851389323435
5932,0.0,0.024974851702897777
5933,0.0,0.02492495191591223
5934,0.0,0.024875151828767574
5935,0.0,0.024825451242263406
5936,0.0,0.024775849957597306
5937,0.0,0.024726347776364073
5938,0.0,0.024676944500554913
5939,0.0,0.024627639932556657
5940,0.0,0.024578433875150966
5941,0.0,0.024529326131513547
5942,0.0,0.024480316505213363
5943,0.0,0.024431404800211835
5944,0.0,0.024382590820862086
5945,0.0,0.024333874371908135
5946,0.0,0.02428525525848411
5947,0.0,0.0242367332861135
5948,0.0,0.024188308260708356
5949,0.0,0.0241399799885685
5950,0.0,0.02409174827638079
5951,0.0,0.024043612931218306
5952,0.0,0.023995573760539606
5953,0.0,0.02394763057218794
5954,0.0,0.023899783174390492
5955,0.0,0.023852031375757612
5956,0.0,0.023804374985282033
5957,0.0,0.023756813812338136
5958,0.0,0.023709347666681164
5959,0.0,0.02366197635844647
5960,0.0,0.023614699698148764
5961,0.0,0.02356751749668133
5962,0.0,0.023520429565315314
5963,0.0,0.023473435715698914
5964,0.0,0.02342653575985668
5965,0.0,0.02337972951018872
5966,0.0,0.02333301677946997
5967,0.0,0.02328639738084945
5968,0.0,0.0232398711278495
5969,0.0,0.02319343783436505
5970,0.0,0.02314709731466286
5971,0.0,0.023100849383380796
5972,0.0,0.02305469385552706
5973,0.0,0.02300863054647949
5974,0.0,0.022962659271984785
5975,0.0,0.022916779848157785
5976,0.0,0.022870992091480732
5977,0.0,0.022825295818802542
5978,0.0,0.022779690847338056
5979,0.0,0.022734176994667333
5980,0.0,0.022688754078734902
5981,0.0,0.022643421917849037
5982,0.0,0.022598180330681034
5983,0.0,0.022553029136264485
5984,0.0,0.02250796815399455
5985,0.0,0.022462997203627245
5986,0.0,0.022418116105278704
5987,0.0,0.022373324679424475
5988,0.0,0.022328622746898796
5989,0.0,0.022284010128893875
5990,0.0,0.022239486646959183
5991,0.0,0.022195052123000727
5992,0.0,0.022150706379280363
5993,0.0,0.02210644923841505
5994,0.0,0.022062280523376162
5995,0.0,0.022018200057488783
5996,0.0,0.021974207664430995
5997,0.0,0.021930303168233165
5998,0.0,0.021886486393277244
5999,0.0,0.02184275716429608
6000,0.0,0.0217991153063727
6001,0.0,0.021755560644939602
6002,0.0,0.0217120930057781
6003,0.0,0.021668712215017562
6004,0.0,0.02162541809913478
6005,0.0,0.02158221048495323
6006,0.0,0.021539089199642397
6007,0.0,0.02149605407071708
6008,0.0,0.021453104926036706
6009,0.0,0.02141024159380464
6010,0.0,0.021367463902567496
6011,0.0,0.021324771681214452
6012,0.0,0.02128216475897657
6013,0.0,0.021239642965426096
6014,0.0,0.021197206130475807
6015,0.0,0.0211548540843783
6016,0.0,0.02111258665772534
6017,0.0,0.021070403681447157
6018,0.0,0.021028304986811797
6019,0.0,0.02098629040542442
6020,0.0,0.020944359769226647
6021,0.0,0.020902512910495875
6022,0.0,0.020860749661844615
6023,0.0,0.02081906985621982
6024,0.0,0.020777473326902208
6025,0.0,0.020735959907505607
6026,0.0,0.02069452943197628
6027,0.0,0.02065318173459228
6028,0.0,0.020611916649962748
6029,0.0,0.020570734013027305
6030,0.0,0.02052963365905534
6031,0.0,0.020488615423645384
6032,0.0,0.02044767914272444
6033,0.0,0.02040682465254733
6034,0.0,0.020366051789696037
6035,0.0,0.020325360391079062
6036,0.0,0.020284750293930752
6037,0.0,0.020244221335810664
6038,0.0,0.020203773354602907
6039,0.0,0.02016340618851551
6040,0.0,0.020123119676079756
6041,0.0,0.02008291365614953
6042,0.0,0.020042787967900714
6043,0.0,0.020002742450830484
6044,0.0,0.019962776944756733
6045,0.0,0.01992289128981738
6046,0.0,0.019883085326469745
6047,0.0,0.019843358895489927
6048,0.0,0.01980371183797215
6049,0.0,0.01976414399532813
6050,0.0,0.019724655209286443
6051,0.0,0.019685245321891896
6052,0.0,0.01964591417550488
6053,0.0,0.019606661612800762
6054,0.0,0.019567487476769237
6055,0.0,0.019528391610713708
6056,0.0,0.01948937385825066
6057,0.0,0.01945043406330903
6058,0.0,0.019411572070129588
6059,0.0,0.019372787723264312
6060,0.0,0.019334080867575754
6061,0.0,0.01929545134823645
6062,0.0,0.019256899010728263
6063,0.0,0.019218423700841796
6064,0.0,0.019180025264675757
6065,0.0,0.019141703548636348
6066,0.0,0.019103458399436658
6067,0.0,0.019065289664096038
6068,0.0,0.019027197189939494
6069,0.0,0.01898918082459708
6070,0.0,0.01895124041600328
6071,0.0,0.018913375812396414
6072,0.0,0.018875586862318015
6073,0.0,0.018837873414612235
6074,0.0,0.01880023531842523
6075,0.0,0.018762672423204563
6076,0.0,0.018725184578698605
6077,0.0,0.01868777163495593
6078,0.0,0.018650433442324716
6079,0.0,0.018613169851452133
6080,0.0,0.018575980713283775
6081,0.0,0.01853886587906304
6082,0.0,0.018501825200330536
6083,0.0,0.018464858528923506
6084,0.0,0.018427965716975213
6085,0.0,0.018391146616914357
6086,0.0,0.01835440108146449
6087,0.0,0.01831772896364342
6088,0.0,0.018281130116762627
6089,0.0,0.01824460439442668
6090,0.0,0.018208151650532634
6091,0.0,0.01817177173926947
6092,0.0,0.01813546451511749
6093,0.0,0.01809922983284775
6094,0.0,0.018063067547521478
6095,0.0,0.01802697751448948
6096,0.0,0.01799095958939157
6097,0.0,0.01795501362815601
6098,0.0,0.0179191394869989
6099,0.0,0.01788333702242363
6100,0.0,0.017847606091220297
6101,0.0,0.017811946550465124
6102,0.0,0.0177763582575199
6103,0.0,0.01774084107003141
6104,0.0,0.01770539484593086
6105,0.0,0.017670019443433292
6106,0.0,0.017634714721037066
6107,0.0,0.01759948053752323
6108,0.0,0.017564316751955016
6109,0.0,0.017529223223677226
6110,0.0,0.017494199812315703
6111,0.0,0.017459246377776756
6112,0.0,0.017424362780246595
6113,0.0,0.017389548880190793
6114,0.0,0.017354804538353693
6115,0.0,0.01732012961575789
6116,0.0,0.017285523973703643
6117,0.0,0.017250987473768336
6118,0.0,0.017216519977805926
6119,0.0,0.01718212134794638
6120,0.0,0.017147791446595142
6121,0.0,0.017113530136432548
6122,0.0,0.01707933728041332
6123,0.0,0.01704521274176599
6124,0.0,0.01701115638399235
6125,0.0,0.016977168070866928
6126,0.0,0.016943247666436425
6127,0.0,0.01690939503501918
6128,0.0,0.016875610041204622
6129,0.0,0.016841892549852727
6130,0.0,0.016808242426093488
6131,0.0,0.016774659535326364
6132,0.0,0.016741143743219746
6133,0.0,0.016707694915710426
6134,0.0,0.016674312919003044
6135,0.0,0.01664099761956957
6136,0.0,0.016607748884148763
6137,0.0,0.016574566579745636
6138,0.0,0.016541450573630927
6139,0.0,0.016508400733340572
6140,0.0,0.016475416926675156
6141,0.0,0.016442499021699416
6142,0.0,0.016409646886741687
6143,0.0,0.016376860390393384
6144,0.0,0.01634413940150848
6145,0.0,0.01631148378920297
6146,0.0,0.016278893422854365
6147,0.0,0.01624636817210116
6148,0.0,0.016213907906842306
6149,0.0,0.016181512497236695
6150,0.0,0.01614918181370265
6151,0.0,0.01611691572691739
6152,0.0,0.01608471410781653
6153,0.0,0.016052576827593545
6154,0.0,0.016020503757699273
6155,0.0,0.015988494769841398
6156,0.0,0.015956549735983913
6157,0.0,0.015924668528346654
6158,0.0,0.015892851019404738
6159,0.0,0.01586109708188809
6160,0.0,0.015829406588780917
6161,0.0,0.01579777941332121
6162,0.0,0.015766215429000214
6163,0.0,0.01573471450956196
6164,0.0,0.01570327652900272
6165,0.0,0.015671901361570536
6166,0.0,0.015640588881764693
6167,0.0,0.015609338964335234
6168,0.0,0.015578151484282442
6169,0.0,0.015547026316856359
6170,0.0,0.015515963337556272
6171,0.0,0.015484962422130223
6172,0.0,0.015454023446574509
6173,0.0,0.015423146287133187
6174,0.0,0.015392330820297577
6175,0.0,0.015361576922805775
6176,0.0,0.015330884471642143
6177,0.0,0.01530025334403684
6178,0.0,0.015269683417465315
6179,0.0,0.015239174569647818
6180,0.0,0.015208726678548917
6181,0.0,0.01517833962237701
6182,0.0,0.015148013279583828
6183,0.0,0.015117747528863964
6184,0.0,0.015087542249154371
6185,0.0,0.015057397319633892
6186,0.0,0.015027312619722769
6187,0.0,0.014997288029082161
6188,0.0,0.014967323427613664
6189,0.0,0.014937418695458836
6190,0.0,0.014907573712998707
6191,0.0,0.014877788360853303
6192,0.0,0.014848062519881182
6193,0.0,0.014818396071178939
6194,0.0,0.014788788896080736
6195,0.0,0.014759240876157837
6196,0.0,0.014729751893218122
6197,0.0,0.01470032182930562
6198,0.0,0.014670950566700033
6199,0.0,0.014641637987916277
6200,0.0,0.014612383975703995
6201,0.0,0.014583188413047097
6202,0.0,0.014554051183163297
6203,0.0,0.014524972169503632
6204,0.0,0.014495951255752015
6205,0.0,0.01446698832582475
6206,0.0,0.014438083263870074
6207,0.0,0.014409235954267706
6208,0.0,0.014380446281628366
6209,0.0,0.014351714130793329
6210,0.0,0.014323039386833948
6211,0.0,0.014294421935051213
6212,0.0,0.014265861660975277
6213,0.0,0.014237358450365006
6214,0.0,0.01420891218920752
6215,0.0,0.014180522763717736
6216,0.0,0.014152190060337915
6217,0.0,0.014123913965737204
6218,0.0,0.014095694366811188
6219,0.0,0.014067531150681432
6220,0.0,0.014039424204695039
6221,0.0,0.01401137341642418
6222,0.0,0.013983378673665671
6223,0.0,0.0139554398644405
6224,0.0,0.013927556876993395
6225,0.0,0.013899729599792368
6226,0.0,0.013871957921528273
6227,0.0,0.013844241731114362
6228,0.0,0.013816580917685832
6229,0.0,0.013788975370599395
6230,0.0,0.013761424979432826
6231,0.0,0.013733929633984523
6232,0.0,0.013706489224273068
6233,0.0,0.013679103640536783
6234,0.0,0.013651772773233302
6235,0.0,0.013624496513039114
6236,0.0,0.013597274750849148
6237,0.0,0.013570107377776313
6238,0.0,0.013542994285151082
6239,0.0,0.01351593536452105
6240,0.0,0.013488930507650498
6241,0.0,0.01346197960651996
6242,0.0,0.0134350825533258
6243,0.0,0.013408239240479763
6244,0.0,0.013381449560608568
6245,0.0,0.013354713406553457
6246,0.0,0.013328030671369779
6247,0.0,0.013301401248326555
6248,0.0,0.013274825030906061
6249,0.0,0.01324830191280339
6250,0.0,0.013221831787926037
6251,0.0,0.013195414550393463
6252,0.0,0.013169050094536684
6253,0.0,0.013142738314897841
6254,0.0,0.013116479106229784
6255,0.0,0.01309027236349564
6256,0.0,0.013064117981868403
6257,0.0,0.013038015856730513
6258,0.0,0.013011965883673432
6259,0.0,0.012985967958497237
6260,0.0,0.012960021977210188
6261,0.0,0.01293412783602833
6262,0.0,0.012908285431375063
6263,0.0,0.01288249465988073
6264,0.0,0.012856755418382214
6265,0.0,0.012831067603922513
6266,0.0,0.012805431113750336
6267,0.0,0.012779845845319687
6268,0.0,0.012754311696289461
6269,0.0,0.012728828564523027
6270,0.0,0.01270339634808782
6271,0.0,0.012678014945254943
6272,0.0,0.012652684254498753
6273,0.0,0.012627404174496452
6274,0.0,0.012602174604127683
6275,0.0,0.012576995442474134
6276,0.0,0.012551866588819127
6277,0.0,0.01252678794264721
6278,0.0,0.012501759403643764
6279,0.0,0.012476780871694603
6280,0.0,0.012451852246885563
6281,0.0,0.012426973429502114
6282,0.0,0.012402144320028953
6283,0.0,0.012377364819149608
6284,0.0,0.012352634827746041
6285,0.0,0.012327954246898259
6286,0.0,0.012303322977883897
6287,0.0,0.012278740922177855
6288,0.0,0.012254207981451872
6289,0.0,0.012229724057574156
6290,0.0,0.012205289052608974
6291,0.0,0.012180902868816278
6292,0.0,0.012156565408651296
6293,0.0,0.012132276574764157
6294,0.0,0.012108036269999496
6295,0.0,0.012083844397396059
6296,0.0,0.012059700860186321
6297,0.0,0.012035605561796104
6298,0.0,0.012011558405844181
6299,0.0,0.0119875592961419
6300,0.0,0.011963608136692784
6301,0.0,0.011939704831692167
6302,0.0,0.011915849285526796
6303,0.0,0.011892041402774455
6304,0.0,0.011868281088203583
6305,0.0,0.011844568246772887
6306,0.0,0.011820902783630969
6307,0.0,0.011797284604115948
6308,0.0,0.011773713613755073
6309,0.0,0.011750189718264352
6310,0.0,0.01172671282354817
6311,0.0,0.011703282835698917
6312,0.0,0.011679899660996612
6313,0.0,0.011656563205908526
6314,0.0,0.011633273377088804
6315,0.0,0.0116100300813781
6316,0.0,0.011586833225803204
6317,0.0,0.01156368271757666
6318,0.0,0.011540578464096405
6319,0.0,0.011517520372945391
6320,0.0,0.011494508351891228
6321,0.0,0.0114715423088858
6322,0.0,0.011448622152064901
6323,0.0,0.011425747789747875
6324,0.0,0.011402919130437242
6325,0.0,0.011380136082818335
6326,0.0,0.011357398555758933
6327,0.0,0.011334706458308898
6328,0.0,0.011312059699699808
6329,0.0,0.0112894581893446
6330,0.0,0.011266901836837201
6331,0.0,0.011244390551952173
6332,0.0,0.011221924244644346
6333,0.0,0.01119950282504846
6334,0.0,0.011177126203478807
6335,0.0,0.011154794290428871
6336,0.0,0.011132506996570968
6337,0.0,0.011110264232755896
6338,0.0,0.01108806591001257
6339,0.0,0.011065911939547665
6340,0.0,0.011043802232745273
6341,0.0,0.011021736701166539
6342,0.0,0.010999715256549305
6343,0.0,0.010977737810807763
6344,0.0,0.0109558042760321
6345,0.0,0.01095443509645181
6346,0.0,0.010973588762513871
6347,0.0,0.011013223847601401
6348,0.0,0.011073299007867961
6349,0.0,0.01115377298207217
6350,0.0,0.011254604591412653
6351,0.0,0.01137575273936335
6352,0.0,0.011517176411509103
6353,0.0,0.011678834675381618
6354,0.0,0.01186068668029572
6355,0.0,0.012062691657185964
6356,0.0,0.012284808918443546
6357,0.0,0.012526997857753568
6358,0.0,0.01278921794993259
6359,0.0,0.013071428750766556
6360,0.0,0.013373589896848996
6361,0.0,0.013695661105419577
6362,0.0,0.01403760217420298
6363,0.0,0.014399372981248089
6364,0.0,0.014780933484767493
6365,0.0,0.015182243722977329
6366,0.0,0.015603263813937429
6367,0.0,0.016043953955391793
6368,0.0,0.016504274424609396
6369,0.0,0.016984185578225258
6370,0.0,0.017483647852081917
6371,0.0,0.018002621761071137
6372,0.0,0.018541067898975985
6373,0.0,0.019098946938313207
6374,0.0,0.019676219630175906
6375,0.0,0.020272846804076552
6376,0.0,0.02088878936779031
6377,0.0,0.021524008307198656
6378,0.0,0.02217846468613333
6379,0.0,0.02285211964622058
6380,0.0,0.023544934406725747
6381,0.0,0.024256870264398125
6382,0.0,0.024987888593316156
6383,0.0,0.025737950844732935
6384,0.0,0.026507018546921984
6385,0.0,0.0272950533050234
6386,0.0,0.028102016800890257
6387,0.0,0.028927870792935347
6388,0.0,0.029772577115978183
6389,0.0,0.030636097681092385
6390,0.0,0.03151839447545328
6391,0.0,0.03241942956218587
6392,0.0,0.0333391650802131
6393,0.0,0.03427756324410438
6394,0.0,0.03523458634392447
6395,0.0,0.03621019674508262
6396,0.0,0.037204356888182064
6397,0.0,0.03821702928886973
6398,0.0,0.03924817653768638
6399,0.0,0.040297761299916864
6400,0.0,0.04136574631544089
6401,0.0,0.042452094398583926
6402,0.0,0.043556768437968456
6403,0.0,0.04467973139636556
6404,0.0,0.04582094631054673
6405,0.0,0.04698037629113605
6406,0.0,0.048157984522462643
6407,0.0,0.04935373426241335
6408,0.0,0.050567588842285856
6409,0.0,0.05179951166664192
6410,0.0,0.05304946621316105
6411,0.0,0.05431741603249439
6412,0.0,0.05560332474811896
6413,0.0,0.05690715605619208
6414,0.0,0.058228873725406236
6415,0.0,0.059568441596844095
6416,0.0,0.06092582358383389
6417,0.0,0.06230098367180505
6418,0.0,0.06369388591814422
6419,0.0,0.06510449445205138
6420,0.0,0.06653277347439644
6421,0.0,0.06797868725757603
6422,0.0,0.06944220014537056
6423,0.0,0.0709232765528016
6424,0.0,0.0724218809659896
6425,0.0,0.07393797794201175
6426,0.0,0.07547153210876029
6427,0.0,0.0770225081648009
6428,0.0,0.07859087087923165
6429,0.0,0.08017658509154198
6430,0.0,0.08177961571147205
6431,0.0,0.08339992771887242
6432,0.0,0.08503748616356396
6433,0.0,0.08669225616519806
6434,0.0,0.08836420291311706
6435,0.0,0.09005329166621508
6436,0.0,0.09175948775279895
6437,0.0,0.09348275657044966
6438,0.0,0.09522306358588387
6439,0.0,0.09698037433481572
6440,0.0,0.09875465442181912
6441,0.0,0.10054586952019005
6442,0.0,0.10235398537180931
6443,0.0,0.10417896778700542
6444,0.0,0.10602078264441796
6445,0.0,0.10787939589086099
6446,0.0,0.10975477354118691
6447,0.0,0.11164688167815053
6448,0.0,0.11355568645227326
6449,0.0,0.11548115408170789
6450,0.0,0.11742325085210338
6451,0.0,0.11938194311646999
6452,0.0,0.1213571972950447
6453,0.0,0.12334897987515692
6454,0.0,0.1253572574110944
6455,0.0,0.12738199652396953
6456,0.0,0.12942316390158567
6457,0.0,0.13148072629830407
6458,0.0,0.13355465053491075
6459,0.0,0.1356449034984839
6460,0.0,0.13775145214226134
6461,0.0,0.13987426348550835
6462,0.0,0.14201330461338582
6463,0.0,0.14416854267681845
6464,0.0,0.1463399448923635
6465,0.0,0.1485274785420796
6466,0.0,0.15073111097339575
6467,0.0,0.15295080959898105
6468,0.0,0.15518654189661393
6469,0.0,0.15743827540905234
6470,0.0,0.15970597774390388
6471,0.0,0.1619896165734961
6472,0.0,0.16428915963474736
6473,0.0,0.16660457472903764
6474,0.0,0.1689358297220799
6475,0.0,0.17128289254379137
6476,0.0,0.17364573118816537
6477,0.0,0.17602431371314323
6478,0.0,0.17841860824048664
6479,0.0,0.1808285829556499
6480,0.0,0.18325420610765303
6481,0.0,0.1856954460089544
6482,0.0,0.18815227103532414
6483,0.0,0.19062464962571765
6484,0.0,0.19311255028214938
6485,0.0,0.19561594156956674
6486,0.0,0.19813479211572443
6487,0.0,0.20066907061105901
6488,0.0,0.20321874580856347
6489,0.0,0.20578378652366247
6490,0.0,0.2083641616340874
6491,0.0,0.21095984007975205
6492,0.0,0.21357079086262826
6493,0.0,0.216196983046622
6494,0.0,0.21883838575744963
6495,0.0,0.2214949681825143
6496,0.0,0.22416669957078278
6497,0.0,0.2268535492326625
6498,0.0,0.22955548653987864
6499,0.0,0.23227248092535188
6500,0.0,0.23500450188307578
6501,0.0,0.23775151896799507
6502,0.0,0.24051350179588363
6503,0.0,0.24329042004322318
6504,0.0,0.2460822434470818
6505,0.0,0.24888894180499296
6506,0.0,0.2517104849748347
6507,0.0,0.2545468428747092
6508,0.0,0.25739798548282194
6509,0.0,0.26026388283736235
6510,0.0,0.2631445050363835
6511,0.0,0.26603982223768247
6512,0.0,0.2689498046586813
6513,0.0,0.27187442257630745
6514,0.0,0.27481364632687527
6515,0.0,0.2777674463059671
6516,0.0,0.280735792968315
6517,0.0,0.2837186568276826
6518,0.0,0.28671600845674683
6519,0.0,0.2897278184869807
6520,0.0,0.2927540576085354
6521,0.0,0.2957946965701233
6522,0.0,0.29884970617890094
6523,6.368050512961731e-06,0.3019190573003522
6524,3.150954904456959e-05,0.30500272085817154
6525,7.599455836213708e-05,0.30810066783414825
6526,0.00014008895129235483,0.3112128692680498
6527,0.00022405910415036228,0.31433929625750634
6528,0.00032817189027916635,0.317479919957895
6529,0.00045269467362619303,0.3206347115822245
6530,0.0005978953023568384,0.32380364240101994
6531,0.0007640421025047862,0.32698668374220796
6532,0.000951403871658972,0.33018380699100214
6533,0.0011602498726869873,0.3333949835897884
6534,0.0013908498274947697,0.3366201850380108
6535,0.0016434739108223606,0.3398593828920574
6536,0.0019183927440756773,0.34311254876514696
6537,0.002215877389193933,0.3463796543272149
6538,0.0025361993425527685,0.3496606713047999
6539,0.002879630528902698,0.35295557148093143
6540,0.0032464432953428976,0.3562643266950164
6541,0.0036369104053300652,0.3595869088427265
6542,0.004051305032722107,0.36292328987588596
6543,0.004489900755856725,0.36627344180235943
6544,0.004952971551664487,0.36963733668593973
6545,0.005440791789816357,0.3730149466462363
6546,0.005953636226905473,0.37640624385856364
6547,0.006491780000663056,0.3798112005538301
6548,0.007055498624208211,0.3832297890184265
6549,0.007645067980331494,0.3866619815941157
6550,0.008260764315812128,0.39010775067792164
6551,0.008902864235768715,0.39356706872201913
6552,0.009571644698043055,0.39703990823362345
6553,0.010267383007617283,0.4005262417748806
6554,0.010990356811063943,0.4040260419627574
6555,0.011740844091028765,0.407539281468932
6556,0.012519123160746272,0.4110659330196846
6557,0.013325472658587717,0.41460596939578837
6558,0.014160171542641514,0.41815936343240045
6559,0.015023499085325753,0.4217260880189534
6560,0.015915734868032796,0.4253061160990468
6561,0.016837158775805765,0.42889942067033876
6562,0.017788050992046778,0.4325059747844385
6563,0.018768691993256644,0.4361257515467976
6564,0.019779362543806175,0.43975872411660344
6565,0.020820343690738572,0.4434048657066712
6566,0.02189191675860319,0.4470641495833369
6567,0.022994363344319917,0.4507365490663504
6568,0.024127965312074787,0.454422037528769
6569,0.025293004788245966,0.4581205883968502
6570,0.026489764156360337,0.4618321751499464
6571,0.027718526052080677,0.4655567713203979
6572,0.028979573358222703,0.46929435049342755
6573,0.030273189199802507,0.473044886307035
6574,0.03159965693911389,0.47680835245189107
6575,0.03295926017083537,0.4805847226712329
6576,0.034352282717166886,0.48437397076075844
6577,0.03577900862299624,0.488176070568522
6578,0.0372397221510945,0.4919909959948295
6579,0.038734707777341094,0.49581872099213403
6580,0.04026425018597751,0.49965921956493176
6581,0.04182863426489042,0.5035124657696579
6582,0.04342814510092335,0.5073784337145829
6583,0.04506306797521696,0.5112570975597089
6584,0.04673368835857805,0.5151484315166668
6585,0.04844029190687677,0.5190524098486118
6586,0.05018316445647234,0.5229690068701223
6587,0.0519625920196666,0.5268981969470956
6588,0.05377886078018569,0.5308399544966461
6589,0.05563225708868965,0.5347942539870032
6590,0.057523067458309485,0.5387610699374084
6591,0.05945157856021208,0.5427403769180137
6592,0.06141807721919233,0.5467321495497803
6593,0.0634228504092929,0.5507363625043767
6594,0.06546618524945065,0.5547529905040773
6595,0.06754836899917067,0.5587820083216616
6596,0.06966968905422669,0.562823390780313
6597,0.07183043294238892,0.566877112753518
6598,0.07403088831917772,0.5709431491649666
6599,0.07627134296364452,0.5750214749884505
6600,0.07855208477417873,0.5791120652477642
6601,0.0808734017643411,0.5832148950166046
6602,0.0832355820587232,0.5873299394184714
6603,0.0856389138888325,0.5914571736265678
6604,0.08808368558900424,0.5955965728637006
6605,0.09057018559233787,0.5997481124021816
6606,0.09309870242666028,0.6039117675637288
6607,0.09566952471051376,0.6080875137193671
6608,0.09828294114916937,0.6122753262893302
6609,0.1009392405306661,0.6164751807429624
6610,0.10363871172187475,0.62068705259862
6611,0.10638164366458672,0.624910917423574
6612,0.109168325371628,0.6291467508339117
6613,0.11199904592299777,0.6333945284944394
6614,0.11487409446203144,0.6376542261185859
6615,0.11779376019158892,0.6419258194683036
6616,0.12075833237026602,0.6462092843539732
6617,0.12376810030863165,0.650504596634306
6618,0.12682335336548786,0.654811732216248
6619,0.12992438094415498,0.6591306670548827
6620,0.13307147248877962,0.6634613771533355
6621,0.13626491748066752,0.6678038385626779
6622,0.13950500543463937,0.6721580273818308
6623,0.1427920258954105,0.6765239197574702
6624,0.1461262684339938,0.6809014918839303
6625,0.14950802264412644,0.68529072000311
6626,0.15293757813871958,0.689691580404376
6627,0.15641522454633042,0.6941040494244693
6628,0.1599412515076586,0.69852810344741
6629,0.16351594867206481,0.7029637189044032
6630,0.16713960569411193,0.7074108722737443
6631,0.17081251223012925,0.7118695400807251
6632,0.1745349579347988,0.7163396988975398
6633,0.17830723245776472,0.7208213253431918
6634,0.18212962544026434,0.7253143960833991
6635,0.18600242651178195,0.729818887830502
6636,0.18992592528672428,0.7343347773433698
6637,0.19390041136111827,0.7388620414273075
6638,0.19792617430933043,0.7434006569339626
6639,0.20200350368080824,0.7479506007612338
6640,0.2061326889968433,0.7525118498531772
6641,0.2103140197473553,0.7570843811999152
6642,0.2145477853876985,0.7616681718375437
6643,0.21883427533548896,0.7662631988480406
6644,0.2231737789674528,0.7708694393591738
6645,0.2275665856162959,0.7754868705444103
6646,0.23201298456759487,0.7801154696228243
6647,0.23651326505670875,0.7847552138590066
6648,0.24106771626571102,0.789406080562973
6649,0.2456766273203427,0.7940680470900743
6650,0.25034028728698654,0.7987410908409049
6651,0.25505898516966097,0.8034251892612133
6652,0.25983300990703495,0.8081203198418111
6653,0.26466265036946235,0.8128264601184835
6654,0.2695481953560381,0.817543587671899
6655,0.2744899335916725,0.8222716801275202
6656,0.2794881537241868,0.8270107151555139
6657,0.2845431443214287,0.831760670470662
6658,0.2896551938684066,0.8365215238322723
6659,0.29482459076444456,0.8412932530440895
6660,0.30005162332035656,0.8460758359542065
6661,0.30533657975564016,0.8508692504549755
6662,0.31067974819568983,0.8556734744829203
6663,0.3160814166690292,0.860488486018647
6664,0.3215418731045624,0.865314263086757
6665,0.3270614053288454,0.8701507837557582
6666,0.33264030106337517,0.8749980261379776
6667,0.33827884792189883,0.8798559683894741
6668,0.3439773334077407,0.8847245887099506
6669,0.3497360449111493,0.8896038653426674
6670,0.3555552697066612,0.8944937765743541
6671,0.361435294950485,0.8993943007351243
6672,0.36737640767790286,0.9043054161983872
6673,0.3733788948006916,0.9092271013807626
6674,0.37944304310455984,0.9141593347419936
6675,0.38556913924660496,0.919102094784861
6676,0.3917574697527886,0.9240553600550967
6677,0.39800832101542827,0.9290191091412987
6678,0.4043219792907088,0.9339933206748444
6679,0.41069873069620955,0.9389779733298067
6680,0.4171388612084523,0.9439730458228669
6681,0.42364265666046286,0.9489785169132305
6682,0.43021040273935346,0.9539943654025426
6683,0.4368423849839213,0.959020570134802
6684,0.44353888878226444,0.9640571099962777
6685,0.4503001993694152,0.9691039639154239
6686,0.4571266018249899,0.9741611108627957
6687,0.46401838107085747,0.9792285298509648
6688,0.4709758218688234,0.9843061999344364
6689,0.47799920881833136,0.9893941002095643
6690,0.4850888263541807,0.994492209814468
6691,0.4922449587442622,0.9996005079289492
6692,0.4994678900873109,1.0047189737744082
6693,0.5067579043106714,1.0098475866137608
6694,0.5141152851680849,1.0149863257513558
6695,0.5215403162374902,1.0201351705328923
6696,0.5290332809188398,1.025294100345336
6697,0.5365944624319351,1.0304630946168376
6698,0.5442241438142741,1.035642132816651
6699,0.5519226079189204,1.0408311944550497
6700,0.5596901374123827,1.0460302590832462
6701,0.5675270147725126,1.0512393062933096
6702,0.5754335222864192,1.0564583157180845
6703,0.5834099420483986,1.0616872670311082
6704,0.5914565559578772,1.0669261399465308
6705,0.599573645717374,1.0721749142190338
6706,0.6077614928304764,1.0774335696437485
6707,0.6160203785998302,1.0827020860561758
6708,0.6243505841251487,1.087980443332105
6709,0.6327523903012325,1.0932686213875338
6710,0.6412260778160083,1.098566600178588
6711,0.6497719271485808,1.1038743597014407
6712,0.6583902185672998,1.1091918799922325
6713,0.667081232127843,1.1145191411269924
6714,0.675845247671312,1.1198561232215571
6715,0.6846825448223461,1.1252028064314923
6716,0.6935934029872477,1.1305591709520122
6717,0.7025781013521237,1.1359251970179018
6718,0.7116369188810421,1.1413008649034362
6719,0.7207701343142001,1.1466861549223035
6720,0.7299780261661134,1.152081047427524
6721,0.7392608727238096,1.1574855228113738
6722,0.7486189520450466,1.1628995615053044
6723,0.7580525419565364,1.1683231439798654
6724,0.7675619200521887,1.1737562507446264
6725,0.777147363691367,1.1791988623480996
6726,0.7868091499971561,1.1846509593776602
6727,0.7965475558546479,1.1901125224594702
6728,0.8063628579092366,1.1955835322584007
6729,0.8162553325649317,1.2010639694779548
6730,0.8262252559826823,1.206553814860189
6731,0.8362729040787141,1.212053049185638
6732,0.8463985525228832,1.217561653273237
6733,0.8566024767370399,1.2230796079802446
6734,0.866884951893409,1.2286068942021666
6735,0.8772462529129798,1.2341434928726804
6736,0.8876866544639139,1.239689384963557
6737,0.8982064309599606,1.2452445514845862
6738,0.9088058565588921,1.2508089734835006
6739,0.919485205160945,1.2563826320458986
6740,0.9302447504072789,1.2619655082951704
6741,0.9410847656784475,1.2675575833924215
6742,0.9520055240928819,1.2731588385363972
6743,0.9630072985053859,1.2787692549634082
6744,0.9740903615056452,1.2843888139472548
6745,0.9852549854167483,1.290017496799152
6746,0.9965014422937215,1.2956552848676557
6747,1.0039073681979207,1.301302159538587
6748,1.0095746340991147,1.306958102234958
6749,1.0152509676029602,1.3126230944168982
6750,1.020936350169586,1.318297117581579
6751,1.026630763296164,1.3239801532631414
6752,1.032334188516835,1.3296721830326204
6753,1.0380466074026335,1.3353731884978728
6754,1.0437680015614168,1.341083151303502
6755,1.0494983526377883,1.3468020531307863
6756,1.0552376423130265,1.3525298756976047
6757,1.06098585230501,1.3582666007583637
6758,1.0667429643681452,1.3640122101039245
6759,1.0725089602932938,1.3697666855615305
6760,1.0782838219076987,1.3755300089947338
6761,1.0840675310749124,1.381302162303324
6762,1.089860069694724,1.3870831274232536
6763,1.095661419703087,1.3928728863265685
6764,1.101471563072046,1.3986714210213336
6765,1.1072904818096667,1.4044787135515615
6766,1.1131181579599618,1.410294745997142
6767,1.1189545736028204,1.4161195004737683
6768,1.1247997108539367,1.4219529591328672
6769,1.1306535518647363,1.427795104161526
6770,1.1365160788223077,1.4336459177824235
6771,1.1423872739493286,1.4395053822537562
6772,1.1482671195039964,1.4453734798691698
6773,1.1541555977799562,1.451250192957687
6774,1.1600526911062312,1.457135503883637
6775,1.1659583818471504,1.4630293950465856
6776,1.1718726524022791,1.4689318488812635
6777,1.1777954852063486,1.4748428478574973
6778,1.1837268627291855,1.480762374480139
6779,1.1896667674756416,1.4866904112889958
6780,1.195615181985524,1.4926269408587602
6781,1.2015720888335255,1.4985719457989406
6782,1.2075374706291544,1.504525408753792
6783,1.2135113100166652,1.5104873124022455
6784,1.2194935896749897,1.5164576394578402
6785,1.2254842923176665,1.5224363726686534
6786,1.2314834006927737,1.5284234948172322
6787,1.2374908975828574,1.5344189887205235
6788,1.243506765804865,1.5404228372298063
6789,1.2495309882100756,1.5464350232306234
6790,1.2555635476840314,1.5524555296427107
6791,1.2616044271464693,1.5584843394199321
6792,1.267653609551252,1.5645214355502086
6793,1.273711077886302,1.5705668010554523
6794,1.2797768151735298,1.576620418991497
6795,1.2858508044687702,1.5826822724480307
6796,1.2919330288617108,1.5887523445485288
6797,1.2980234714758272,1.5948306184501855
6798,1.3041221154683138,1.6009170773438477
6799,1.3102289440300168,1.607011704453946
6800,1.3163439403853674,1.6131144830384294
6801,1.3224670877923144,1.6192253963886971
6802,1.328598369542257,1.6253444278295326
6803,1.3347377689599789,1.631471560719036
6804,1.3408852694035798,1.6376067784485582
6805,1.347040854264411,1.643750064442634
6806,1.3532045069670071,1.649901402158916
6807,1.3593762109690208,1.6560607750881091
6808,1.3655559497611571,1.662228166753903
6809,1.371743706867105,1.668403560712907
6810,1.377939465843475,1.6745869405545855
6811,1.38414321027973,1.6807782899011894
6812,1.3903549237981223,1.6869775924076937
6813,1.3965745900536266,1.6931848317617306
6814,1.4028021927338743,1.6993999916835238
6815,1.4090377155590899,1.7056230559258247
6816,1.4152811422820242,1.7118540082738465
6817,1.421532456687891,1.7180928325451994
6818,1.4277916425943002,1.724339512589826
6819,1.4340586838511946,1.7305940322899374
6820,1.4403335643407849,1.7368563755599469
6821,1.4466162679774848,1.7431265263464082
6822,1.4529067787078473,1.7494044686279482
6823,1.4592050805105008,1.7556901864152064
6824,1.4655111573960828,1.7619836637507673
6825,1.4718249934071796,1.7682848847090995
6826,1.4781465726182588,1.7745938333964901
6827,1.4844758791356079,1.780910493950983
6828,1.4908128970972703,1.7872348505423126
6829,1.4971576106729807,1.7935668873718438
6830,1.503510004064104,1.7999065886725059
6831,1.50987006150357,1.806253938708732
6832,1.516237767255811,1.812608921776394
6833,1.5226131056166994,1.818971522202741
6834,1.5289960609134838,1.8253417243463361
6835,1.535386617504728,1.8317195125969945
6836,1.5417847597802465,1.83810487137572
6837,1.5481904721610436,1.8444977851346436
6838,1.5546037390992502,1.850898238356961
6839,1.561024545078062,1.8573062155568703
6840,1.567452874611677,1.86372170127951
6841,1.5738887122452336,1.8701446801008983
6842,1.58033204255475,1.8765751366278693
6843,1.5867828501470607,1.8830130554980136
6844,1.593241119659756,1.8894584213796162
6845,1.5997068357611206,1.8959112189715934
6846,1.6061799831500716,1.902371433003435
6847,1.6126605465560981,1.9088390482351396
6848,1.6191485107391992,1.9153140494571566
6849,1.6256438604898236,1.9217964214903231
6850,1.6321465806288091,1.9282861491858052
6851,1.6386566560073215,1.9347832174250352
6852,1.6451740715067933,1.9412876111196535
6853,1.6516988120388645,1.9477993152114463
6854,1.6582308625453215,1.9543183146722864
6855,1.664770207998037,1.9608445945040727
6856,1.6713168333989106,1.9673781397386707
6857,1.6778707237798067,1.973918935437852
6858,1.6844318642024974,1.9804669666932342
6859,1.6910002397586006,1.9870222186262227
6860,1.6975758355695216,1.9935846763879506
6861,1.7041586367863928,2.0001543251592175
6862,1.7107486285900146,2.0067311501504337
6863,1.7173457961907974,2.013315136601558
6864,1.7239501248286995,2.0199062697820405
6865,1.7305615997731703,2.0265045349907616
6866,1.7371802063230917,2.0331099175559753
6867,1.7438059298067172,2.0397224028352507
6868,1.7504387555816157,2.046341976215412
6869,1.757078669034611,2.052968623112479
6870,1.7637256555817238,2.0596023289716126
6871,1.7703797006681137,2.0662430792670525
6872,1.7770407897680223,2.0728908595020625
6873,1.783708908384712,2.0795456552088694
6874,1.7903840420504096,2.0862074519486073
6875,1.7970661763262499,2.0928762353112593
6876,1.8037552968022157,2.0995519909155997
6877,1.810451389097081,2.1062347044091365
6878,1.8171544388583538,2.112924361468053
6879,1.8238644317622181,2.119620947797153
6880,1.8305813535134774,2.126324449129802
6881,1.8373051898454962,2.1330348512278694
6882,1.8440359265201447,2.139752139881672
6883,1.8507735493277406,2.146476300909919
6884,1.8575180440869918,2.153207320159653
6885,1.8642693966449413,2.1599451835061947
6886,1.8710275928769098,2.166689876853085
6887,1.877792618686439,2.173441386132031
6888,1.8845644600052347,2.1801996973028475
6889,1.8913431027931116,2.1869647963534002
6890,1.8981285330379365,2.193736669299554
6891,1.9049207367555734,2.200515302185111
6892,1.9117196999898256,2.2073006810817604
6893,1.9185254088123813,2.2140927920890188
6894,1.9253378493227575,2.2208916213341765
6895,1.9321570076482442,2.227697154972241
6896,1.9389828699438485,2.2345093791858823
6897,1.945815422392242,2.241328280185378
6898,1.9526546512037004,2.248153844208557
6899,1.9595005426160534,2.2549860575207448
6900,1.9663530828946267,2.26182490641471
6901,1.9732122583321885,2.268670377210606
6902,1.980078055248893,2.2755224562559215
6903,1.9869504599922283,2.2823811299254206
6904,1.9938294589369578,2.2892463846210913
6905,2.0007150384850716,2.2961182067720913
6906,2.0076071850657247,2.302996582834692
6907,2.0145058851351902,2.3098814992922243
6908,2.021411125176799,2.3167729426550276
6909,2.02832289170089,2.3236708994603927
6910,2.035241171244754,2.330575356272508
6911,2.042165950372579,2.3374862996824075
6912,2.049097215675401,2.3444037163079168
6913,2.0560349537710425,2.351327592793598
6914,2.062979151304068,2.3582579158106984
6915,2.0699297949457236,2.365194672057095
6916,2.0768868713938873,2.372137848257244
6917,2.083850367373014,2.3790874311621244
6918,2.0908202696340847,2.3860434075491885
6919,2.0977965649545496,2.393005764222306
6920,2.1047792401382797,2.3999744880117135
6921,2.11176828201551,2.4069495657739592
6922,2.118763677442791,2.4139309843918535
6923,2.125765413302932,2.420918730774415
6924,2.1327734765049504,2.4279127918568166
6925,2.1397878539840214,2.4349131546003364
6926,2.1468085327014212,2.4419198059923026
6927,2.1538354996444786,2.4489327330460435
6928,2.160868741826522,2.4559519228008346
6929,2.1679082462868275,2.4629773623218467
6930,2.1749540000905654,2.470009038700095
6931,2.1820059903287508,2.477046939052386
6932,2.18906420411819,2.4840910505212683
6933,2.1961286286014317,2.4911413602749777
6934,2.203199250946712,2.4981978555073896
6935,2.210276058347906,2.505260523437965
6936,2.2173590380244748,2.5123293513117004
6937,2.2244481772214155,2.519404326399078
6938,2.2315434632092095,2.526485435996013
6939,2.2386448832837718,2.5335726674238024
6940,2.2457524247664,2.5406660080290764
6941,2.252866075003724,2.5477654451837464
6942,2.2599858213676556,2.5548709662849545
6943,2.267111651255336,2.561982558755023
6944,2.2742435520890893,2.569100210041406
6945,2.281381511316368,2.5762239076166358
6946,2.2885255164097043,2.583353638978275
6947,2.2956755548666616,2.590489391648867
6948,2.302831614209783,2.5976311531758842
6949,2.3099936819865414,2.6047789111316804
6950,2.31716174576929,2.611932653113438
6951,2.324335793155211,2.619092366743121
6952,2.3315158117662684,2.6262580396674253
6953,2.3387017892491593,2.633429659557729
6954,2.3458937132752604,2.640607214110041
6955,2.353091571540581,2.6477906910449556
6956,2.360295351765716,2.6549800781076005
6957,2.3675050416957926,2.6621753630675884
6958,2.3747206291004233,2.6693765337189688
6959,2.381942101773658,2.6765835778801783
6960,2.389169447533933,2.683796483393993
6961,2.3964026542240244,2.691015238127478
6962,2.403641709710998,2.698239829971941
6963,2.41088660188616,2.7054702468428826
6964,2.418137318665013,2.712706476679948
6965,2.4253938479871997,2.719948507446879
6966,2.432656177816465,2.727196327131467
6967,2.4399242961405974,2.7344499237455016
6968,2.4471981909713882,2.741709285324727
6969,2.454477850344581,2.7489743999287906
6970,2.4617632623198236,2.756245255641198
6971,2.4690544149806213,2.763521840569263
6972,2.4763512964342875,2.7708041428440597
6973,2.4836538948118974,2.7780921506203793
6974,2.490962198268241,2.7853858520766774
6975,2.498276194981775,2.792685235415031
6976,2.505595873154575,2.7999902888610873
6977,2.5129212210122893,2.8073010006640198
6978,2.5202522268040912,2.81461735909648
6979,2.5275888788026326,2.821939352454551
6980,2.5349311653039956,2.829266969057699
6981,2.5422790746276474,2.8366001972487296
6982,2.5496325951163925,2.843939025393739
6983,2.543939025393739,2.838256831430979
6984,2.5382568314309792,2.8325859904993287
6985,2.532585990499329,2.8269264799154175
6986,2.5269264799154176,2.8212782770411953
6987,2.5212782770411954,2.815641359283843
6988,2.515641359283843,2.8100157040956817
6989,2.510015704095682,2.8044012889740837
6990,2.504401288974084,2.798798091461381
6991,2.498798091461381,2.793206089144775
6992,2.4932060891447754,2.7876252596562505
6993,2.4876252596562507,2.7820555806724814
6994,2.4820555806724816,2.7764970299147445
6995,2.4764970299147446,2.770949585148829
6996,2.470949585148829,2.7654132241849485
6997,2.4654132241849487,2.759887924877652
6998,2.4598879248776524,2.7543736651257356
6999,2.4543736651257357,2.7488704228721517
7000,2.448870422872152,2.743378176103924
7001,2.4433781761039244,2.7378969028520594
7002,2.4378969028520596,2.7324265811914565
7003,2.4324265811914567,2.7269671892408214
7004,2.4269671892408216,2.721518705162579
7005,2.4215187051625793,2.7160811071627866
7006,2.416081107162787,2.7106543734910438
7007,2.410654373491044,2.705238482440409
7008,2.405238482440409,2.699833412347311
7009,2.399833412347311,2.6944391415914626
7010,2.3944391415914628,2.689055648595773
7011,2.389055648595773,2.6836829118262626
7012,2.383682911826263,2.6783209097919785
7013,2.3783209097919786,2.672969621044904
7014,2.3729696210449043,2.6676290241798783
7015,2.3676290241798785,2.6622990978345062
7016,2.3622990978345064,2.6569798206890747
7017,2.356979820689075,2.651671171466469
7018,2.351671171466469,2.6463731289320847
7019,2.346373128932085,2.641085671893744
7020,2.3410856718937443,2.635808779201613
7021,2.335808779201613,2.6305424297481133
7022,2.3305424297481134,2.625286602467839
7023,2.3252866024678394,2.620041276337476
7024,2.3200412763374763,2.6148064303757117
7025,2.314806430375712,2.609582043643155
7026,2.309582043643155,2.604368095242252
7027,2.304368095242252,2.5991645643172028
7028,2.299164564317203,2.5939714300538763
7029,2.2939714300538765,2.5887886716797284
7030,2.2887886716797285,2.58361626846372
7031,2.28361626846372,2.578454199716229
7032,2.2784541997162293,2.5733024447889754
7033,2.2733024447889756,2.5681609830749323
7034,2.2681609830749325,2.5630297940082456
7035,2.2630297940082458,2.557908857064152
7036,2.257908857064152,2.5527981517588976
7037,2.2527981517588977,2.5476976576496533
7038,2.2476976576496535,2.5426073543344367
7039,2.242607354334437,2.5375272214520277
7040,2.237527221452028,2.532457238681888
7041,2.232457238681888,2.52739738574408
7042,2.22739738574408,2.5223476423991844
7043,2.2223476423991846,2.5173079884482217
7044,2.217307988448222,2.512278403732569
7045,2.212278403732569,2.5072588681338805
7046,2.2072588681338807,2.502249361574008
7047,2.202249361574008,2.4972498640149183
7048,2.1972498640149185,2.4922603554586145
7049,2.1922603554586146,2.487280815947055
7050,2.187280815947055,2.482311225562076
7051,2.182311225562076,2.477351564425309
7052,2.177351564425309,2.4724018126981027
7053,2.172401812698103,2.4674619505814435
7054,2.1674619505814436,2.462531958315877
7055,2.1625319583158773,2.4576118161814273
7056,2.1576118161814275,2.4527015044975187
7057,2.152701504497519,2.447801003622898
7058,2.1478010036228983,2.4429102939555563
7059,2.1429102939555564,2.438029355932647
7060,2.1380293559326473,2.4331581700304126
7061,2.1331581700304127,2.4282967167641023
7062,2.1282967167641025,2.423444976687897
7063,2.1234449766878973,2.4186029303948295
7064,2.1186029303948297,2.413770558516709
7065,2.113770558516709,2.40894784172404
7066,2.1089478417240404,2.4041347607259502
7067,2.1041347607259504,2.399331296270109
7068,2.099331296270109,2.3945374291426518
7069,2.094537429142652,2.389753140168104
7070,2.089753140168104,2.3849784102093032
7071,2.0849784102093034,2.380213220167323
7072,2.080213220167323,2.3754575509813973
7073,2.0754575509813975,2.370711383628843
7074,2.070711383628843,2.3659746991249837
7075,2.065974699124984,2.3612474785230755
7076,2.0612474785230757,2.3565297029142305
7077,2.0565297029142307,2.3518213534273382
7078,2.0518213534273384,2.347122411228996
7079,2.047122411228996,2.342432857523428
7080,2.042432857523428,2.3377526735524135
7081,2.0377526735524136,2.3330818405952103
7082,2.0330818405952105,2.32842033996848
7083,2.02842033996848,2.323768153026214
7084,2.0237681530262144,2.319125261159659
7085,2.019125261159659,2.31449164579724
7086,2.01449164579724,2.309867288404491
7087,2.0098672884044912,2.305252170483975
7088,2.005252170483975,2.3006462735752145
7089,2.0006462735752146,2.2960495792546163
7090,1.9960495792546162,2.291462069135396
7091,1.9914620691353961,2.286883724867508
7092,1.9868837248675078,2.2823145281375683
7093,1.9823145281375683,2.2777544606687843
7094,1.9777544606687842,2.27320350422088
7095,1.9732035042208798,2.2686616405900235
7096,1.9686616405900235,2.2641288516087545
7097,1.9641288516087545,2.2596051191459106
7098,1.9596051191459105,2.255090425106556
7099,1.9550904251065562,2.2505847514319086
7100,1.9505847514319086,2.246088080099268
7101,1.946088080099268,2.241600393121942
7102,1.941600393121942,2.2371216725491783
7103,1.9371216725491782,2.2326519004660867
7104,1.9326519004660867,2.2281910589935743
7105,1.9281910589935742,2.2237391302882683
7106,1.9237391302882683,2.219296096542449
7107,1.919296096542449,2.2148619399839746
7108,1.9148619399839746,2.210436642876213
7109,1.9104366428762132,2.206020187517971
7110,1.906020187517971,2.2016125562434197
7111,1.9016125562434196,2.1972137314220292
7112,1.8972137314220292,2.192823695458494
7113,1.892823695458494,2.1884424307926644
7114,1.8884424307926644,2.1840699198994757
7115,1.8840699198994757,2.179706145288879
7116,1.879706145288879,2.1753510895057695
7117,1.8753510895057695,2.1710047351299187
7118,1.8710047351299186,2.1666670647759028
7119,1.8666670647759027,2.162338061093035
7120,1.8623380610930351,2.158017706765295
7121,1.8580177067652948,2.1537059845112587
7122,1.8537059845112587,2.1494028770840323
7123,1.8494028770840323,2.1451083672711806
7124,1.8451083672711805,2.140822437894658
7125,1.8408224378946578,2.1365450718107413
7126,1.8365450718107412,2.13227625190996
7127,1.83227625190996,2.12801596111703
7128,1.82801596111703,2.1237641823907816
7129,1.8237641823907815,2.1195208987240948
7130,1.8195208987240947,2.115286093143829
7131,1.8152860931438288,2.1110597487107556
7132,1.8110597487107556,2.1068418485194917
7133,1.8068418485194917,2.1026323756984313
7134,1.8026323756984313,2.0984313134096775
7135,1.7984313134096774,2.094238644848975
7136,1.7942386448489749,2.090054353245644
7137,1.790054353245644,2.0858784218625135
7138,1.7858784218625134,2.0817108339958508
7139,1.7817108339958507,2.0775515729753
7140,1.7775515729752998,2.073400622163811
7141,1.773400622163811,2.069257964957575
7142,1.769257964957575,2.065123584785958
7143,1.765123584785958,2.060997465111434
7144,1.7609974651114337,2.056879589429518
7145,1.756879589429518,2.0527699412687026
7146,1.7527699412687026,2.048668504190389
7147,1.748668504190389,2.044575261788824
7148,1.744575261788824,2.040490197691032
7149,1.740490197691032,2.0364132955567515
7150,1.7364132955567515,2.0323445390783688
7151,1.7323445390783687,2.028283911980852
7152,1.7282839119808517,2.024231398021687
7153,1.724231398021687,2.0201869809908137
7154,1.7201869809908137,2.016150644710558
7155,1.716150644710558,2.012122373035569
7156,1.7121223730355688,2.0081021498527547
7157,1.7081021498527547,2.0040899590812176
7158,1.7040899590812175,2.000085784672189
7159,1.7000857846721888,1.9960896106089658
7160,1.6960896106089658,1.9921014209068466
7161,1.6921014209068466,1.988121199613067
7162,1.688121199613067,1.9841489308067366
7163,1.6841489308067366,1.980184598598775
7164,1.680184598598775,1.9762281871318481
7165,1.676228187131848,1.9722796805803047
7166,1.6722796805803046,1.9683390631501132
7167,1.6683390631501132,1.9644063190787988
7168,1.6644063190787988,1.9604814326353799
7169,1.6604814326353798,1.9565643881203056
7170,1.6565643881203056,1.9526551698653927
7171,1.6526551698653926,1.9487537622337627
7172,1.6487537622337627,1.94486014961978
7173,1.6448601496197799,1.940974316448989
7174,1.640974316448989,1.9370962471780517
7175,1.6370962471780517,1.9332259262946856
7176,1.6332259262946855,1.9293633383176028
7177,1.6293633383176027,1.9255084677964456
7178,1.6255084677964455,1.9216612993117268
7179,1.6216612993117268,1.9178218174747677
7180,1.6178218174747676,1.9139900069276354
7181,1.6139900069276354,1.9101658523430827
7182,1.6101658523430826,1.9063493384244863
7183,1.6063493384244862,1.9025404499057856
7184,1.6025404499057856,1.8987391715514212
7185,1.5987391715514212,1.8949454881562746
7186,1.5949454881562746,1.8911593845456072
7187,1.5911593845456071,1.8873808455749996
7188,1.5873808455749996,1.8836098561302907
7189,1.5836098561302907,1.8798464011275178
7190,1.5798464011275177,1.8760904655128559
7191,1.5760904655128558,1.8723420342625576
7192,1.5723420342625576,1.8686010923828926
7193,1.5686010923828926,1.8648676249100886
7194,1.5648676249100886,1.8611416169102708
7195,1.5611416169102708,1.8574230534794023
7196,1.5574230534794022,1.8537119197432241
7197,1.553711919743224,1.8500082008571965
7198,1.5500082008571965,1.846311882006439
7199,1.546311882006439,1.8426229484056715
7200,1.5426229484056715,1.8389413852991545
7201,1.5389413852991545,1.8352671779606304
7202,1.5352671779606304,1.831600311693265
7203,1.531600311693265,1.8279407718295888
7204,1.5279407718295888,1.8242885437314371
7205,1.524288543731437,1.8206436127898928
7206,1.5206436127898928,1.817005964425227
7207,1.517005964425227,1.8133755840868417
7208,1.5133755840868417,1.8097524572532104
7209,1.5097524572532104,1.8061365694318214
7210,1.5061365694318214,1.8025279061591182
7211,1.5025279061591181,1.7989264530004427
7212,1.4989264530004427,1.7953321955499781
7213,1.495332195549978,1.7917451194306893
7214,1.4917451194306892,1.7881652102942673
7215,1.4881652102942673,1.7845924538210707
7216,1.4845924538210706,1.781026835720069
7217,1.4810268357200689,1.7774683417287847
7218,1.4774683417287846,1.7739169576132374
7219,1.4739169576132374,1.7703726691678856
7220,1.4703726691678856,1.7668354622155709
7221,1.4668354622155708,1.7633053226074609
7222,1.4633053226074608,1.7597822362229925
7223,1.4597822362229924,1.7562661889698155
7224,1.4562661889698154,1.752757166783736
7225,1.452757166783736,1.7492551556286606
7226,1.4492551556286606,1.74576014149654
7227,1.44576014149654,1.7422721104073131
7228,1.442272110407313,1.7387910484088511
7229,1.438791048408851,1.735316941576901
7230,1.435316941576901,1.7318497760150309
7231,1.4318497760150308,1.7283895378545737
7232,1.4283895378545737,1.7249362132545727
7233,1.4249362132545726,1.7214897884017246
7234,1.4214897884017246,1.7180502495103256
7235,1.4180502495103255,1.714617582822215
7236,1.414617582822215,1.7111917746067222
7237,1.4111917746067222,1.7077728111606094
7238,1.4077728111606094,1.7043606788080181
7239,1.404360678808018,1.7009553639004145
7240,1.4009553639004144,1.6975568528165346
7241,1.3975568528165345,1.6941651319623292
7242,1.3941651319623292,1.6907801877709108
7243,1.3907801877709107,1.6874020067024977
7244,1.3874020067024977,1.6840305752443612
7245,1.3840305752443611,1.6806658799107712
7246,1.3806658799107712,1.6773079072429415
7247,1.3773079072429415,1.6739566438089775
7248,1.3739566438089774,1.6706120762038206
7249,1.3706120762038205,1.6672741910491957
7250,1.3672741910491957,1.6639429749935581
7251,1.363942974993558,1.6606184147120395
7252,1.3606184147120395,1.6573004969063936
7253,1.3573004969063935,1.653989208304945
7254,1.353989208304945,1.650684535662535
7255,1.350684535662535,1.6473864657604687
7256,1.3473864657604686,1.6440949854064617
7257,1.3440949854064617,1.6408100814345887
7258,1.3408100814345887,1.6375317407052292
7259,1.3375317407052292,1.634259950105016
7260,1.3342599501050159,1.6309946965467819
7261,1.3309946965467818,1.6277359669695086
7262,1.3277359669695086,1.6244837483382737
7263,1.3244837483382736,1.621238027644198
7264,1.321238027644198,1.6179987919043948
7265,1.3179987919043947,1.6147660281619163
7266,1.3147660281619162,1.6115397234857036
7267,1.3115397234857036,1.6083198649705335
7268,1.3083198649705334,1.6051064397369676
7269,1.3051064397369676,1.601899434931301
7270,1.301899434931301,1.5986988377255098
7271,1.2986988377255098,1.595504635317201
7272,1.295504635317201,1.592316814929561
7273,1.292316814929561,1.589135363811304
7274,1.289135363811304,1.5859602692366208
7275,1.2859602692366208,1.5827915185051293
7276,1.2827915185051293,1.5796290989418222
7277,1.2796290989418222,1.5764729978970171
7278,1.276472997897017,1.5733232027463053
7279,1.2733232027463053,1.5701797008905023
7280,1.2701797008905023,1.5670424797555966
7281,1.2670424797555966,1.5639115267926995
7282,1.2639115267926995,1.5607868294779943
7283,1.2607868294779943,1.5576683753126885
7284,1.2576683753126885,1.5545561518229605
7285,1.2545561518229604,1.5514501465599129
7286,1.2514501465599128,1.54835034709952
7287,1.2483503470995199,1.54525674104258
7288,1.2452567410425799,1.5421693160146643
7289,1.2421693160146643,1.5390880596660688
7290,1.2390880596660687,1.5360129596717642
7291,1.2360129596717642,1.5329440037313462
7292,1.2329440037313462,1.5298811795689873
7293,1.2298811795689872,1.5268244749333864
7294,1.2268244749333863,1.523773877597721
7295,1.223773877597721,1.5207293753595976
7296,1.2207293753595976,1.5176909560410035
7297,1.2176909560410034,1.5146586074882569
7298,1.2146586074882568,1.51163231757196
7299,1.2116323175719599,1.5086120741869486
7300,1.2086120741869486,1.5055978652522457
7301,1.2055978652522457,1.5025896787110111
7302,1.202589678711011,1.499587502530495
7303,1.199587502530495,1.4965913247019884
7304,1.1965913247019884,1.4936011332407761
7305,1.193601133240776,1.4906169161860883
7306,1.1906169161860882,1.4876386616010524
7307,1.1876386616010524,1.4846663575726466
7308,1.1846663575726466,1.4816999922116507
7309,1.1816999922116507,1.4787395536525993
7310,1.1787395536525993,1.475785030053734
7311,1.175785030053734,1.472836409596957
7312,1.172836409596957,1.4698936804877818
7313,1.1698936804877818,1.4669568309552885
7314,1.1669568309552885,1.4640258492520748
7315,1.1640258492520748,1.4611007236542106
7316,1.1611007236542106,1.4581814424611887
7317,1.1581814424611887,1.4552679939958812
7318,1.1552679939958812,1.4523603666044897
7319,1.1523603666044897,1.4494585486565015
7320,1.1494585486565014,1.4465625285446404
7321,1.1465625285446404,1.443672294684822
7322,1.143672294684822,1.4407878355161075
7323,1.1407878355161074,1.437909139500656
7324,1.137909139500656,1.4350361951236796
7325,1.1350361951236796,1.4321689908933972
7326,1.1321689908933972,1.429307515340988
7327,1.129307515340988,1.426451757020546
7328,1.126451757020546,1.4236017045090337
7329,1.1236017045090336,1.4207573464062377
7330,1.1207573464062377,1.4179186713347218
7331,1.1179186713347218,1.4150856679397819
7332,1.1150856679397818,1.4122583248894
7333,1.1122583248894,1.4094366308742012
7334,1.1094366308742012,1.406620574607405
7335,1.106620574607405,1.4038101448247826
7336,1.1038101448247826,1.4010053302846115
7337,1.1010053302846114,1.3982061197676292
7338,1.0982061197676292,1.3954125020769905
7339,1.0954125020769905,1.3926244660382205
7340,1.0926244660382205,1.3898420004991714
7341,1.0898420004991713,1.3870650943299778
7342,1.0870650943299778,1.3842937364230106
7343,1.0842937364230105,1.381527915692835
7344,1.081527915692835,1.3787676210761641
7345,1.078767621076164,1.3760128415318162
7346,1.0760128415318162,1.373263566040669
7347,1.0732635660406689,1.3705197836056167
7348,1.0705197836056166,1.3677814832515263
7349,1.0677814832515262,1.3650486540251927
7350,1.0650486540251927,1.362321284995295
7351,1.062321284995295,1.3595993652523537
7352,1.0595993652523537,1.3568828839086866
7353,1.0568828839086866,1.354171830098364
7354,1.054171830098364,1.3514661929771676
7355,1.0514661929771676,1.348765961722545
7356,1.0487659617225449,1.3460711255335673
7357,1.0460711255335673,1.343381673630887
7358,1.043381673630887,1.340697595256692
7359,1.040697595256692,1.3380188796746657
7360,1.0380188796746657,1.3353455161699423
7361,1.0353455161699423,1.332677494049064
7362,1.032677494049064,1.3300148026399388
7363,1.0300148026399387,1.3273574312917975
7364,1.0273574312917975,1.3247053693751512
7365,1.024705369375151,1.3220586062817485
7366,1.0220586062817485,1.3194171314245335
7367,1.0194171314245335,1.3167809342376038
7368,1.0167809342376037,1.3141500041761667
7369,1.0141500041761666,1.3115243307164983
7370,1.0115243307164983,1.3089039033559016
7371,1.0089039033559015,1.3062887116126636
7372,1.0062887116126635,1.3036787450260137
7373,1.0036787450260136,1.3010739931560822
7374,1.0010739931560821,1.2984744455838582
7375,0.9969512184839928,1.2958800919111475
7376,0.9917771574649555,1.2932909217605326
7377,0.9866268552518884,1.2907069247753291
7378,0.9815002107977895,1.2881280906195454
7379,0.9763971234714284,1.285554408977842
7380,0.9713174930556632,1.2829858695554885
7381,0.9662612197457598,1.2804224620783238
7382,0.9612282041477221,1.2778641762927148
7383,0.9562183472766295,1.2753110019655147
7384,0.9512315505549762,1.2727629288840228
7385,0.9462677158110222,1.2702199468559434
7386,0.9413267452771495,1.2676820457093452
7387,0.9364085415882231,1.2651492152926198
7388,0.9315130077799597,1.2626214454744427
7389,0.9266400472873053,1.2600987261437309
7390,0.9217895639428146,1.2575810472096038
7391,0.9169614619750415,1.2550683986013424
7392,0.9121556460069327,1.2525607702683488
7393,0.9073720210542299,1.2500581521801062
7394,0.9026104925238777,1.2475605343261393
7395,0.8978709662124386,1.2450679067159731
7396,0.8931533483045112,1.2425802593790938
7397,0.8884575453711596,1.2400975823649087
7398,0.8837834643683463,1.2376198657427067
7399,0.8791310126353712,1.2351470996016176
7400,0.8745000978933176,1.2326792740505739
7401,0.8698906282435054,1.23021637921827
7402,0.8653025121659484,1.2277584052531232
7403,0.8607356585178183,1.2253053423232345
7404,0.8561899765319181,1.2228571806163488
7405,0.8516653758151562,1.2204139103398162
7406,0.8471617663470311,1.217975521720552
7407,0.8426790584781194,1.2155420050049985
7408,0.8382171629285727,1.2131133504590859
7409,0.8337759907866172,1.2106895483681928
7410,0.8293554535070629,1.208270589037107
7411,0.8249554629098134,1.2058564627899888
7412,0.8205759311783903,1.2034471599703294
7413,0.8162167708584538,1.2010426709409145
7414,0.8118778948563371,1.1986429860837848
7415,0.8075592164375814,1.1962480958001975
7416,0.80326064922548,1.1938579905105884
7417,0.798982107199627,1.1914726606545332
7418,0.7947235046944724,1.1890920966907093
7419,0.7904847563978814,1.1867162890968574
7420,0.7862657773497016,1.1843452283697442
7421,0.782066482940335,1.181978905025124
7422,0.7778867889093165,1.1796173095976996
7423,0.7737266113438953,1.1772604326410863
7424,0.7695858666776257,1.1749082647277735
7425,0.7654644716889638,1.1725607964490858
7426,0.761362343499863,1.1702180184151476
7427,0.7572793995743861,1.1678799212548434
7428,0.7532155577173131,1.1655464956157813
7429,0.7491707360727596,1.1632177321642556
7430,0.7451448531228004,1.1608936215852097
7431,0.7411378276860981,1.158574154582198
7432,0.7371495789165359,1.1562593218773491
7433,0.7331800263018577,1.1539491142113296
7434,0.7292290896623144,1.1516435223433057
7435,0.7252966891493126,1.1493425370509065
7436,0.7213827452440704,1.1470461491301882
7437,0.717487178756281,1.1447543493955956
7438,0.7136099108227759,1.142467128679927
7439,0.7097508629062007,1.1401844778342962
7440,0.7059445083144746,1.137926908260061
7441,0.7021904210877309,1.1356943694228632
7442,0.6984881801207655,1.1334868108893132
7443,0.694837369135112,1.131304182326787
7444,0.6912375766512524,1.1291464335032253
7445,0.6876883959609588,1.1270135142869326
7446,0.6841894250997657,1.1249053746463766
7447,0.6807402668195741,1.1228219646499882
7448,0.677340528561389,1.1207632344659608
7449,0.67398982242818,1.1187291343620533
7450,0.6706877651578801,1.1167196147053886
7451,0.6674339780965053,1.1147346259622561
7452,0.6642280871714082,1.112774118697914
7453,0.6610697228646556,1.1108380435763916
7454,0.6579585201865361,1.1089263513602905
7455,0.6548941186491921,1.1070389929105895
7456,0.6518761622403797,1.1051759191864468
7457,0.6489042993973515,1.1033370812450047
7458,0.6459781829808667,1.101522430241193
7459,0.6430974702493248,1.0997319174275342
7460,0.6402618228330237,1.097965494153948
7461,0.6374709067085396,1.0962231118675578
7462,0.6347243921732304,1.0945047221124948
7463,0.6320219538198625,1.0928102765297054
7464,0.629363270511358,1.091139726856758
7465,0.626748025355662,1.0894930249276487
7466,0.6241759056807341,1.0878701226726095
7467,0.6216466030096554,1.086270972117916
7468,0.6191598130358581,1.0846955253856954
7469,0.616715235598475,1.083143734693735
7470,0.614312574657803,1.0816155523552906
7471,0.6119515382708887,1.0801109307788967
7472,0.6096318385672316,1.0786298224681754
7473,0.6073531917246,1.0771721800216465
7474,0.6051153179449691,1.0757379561325382
7475,0.6029179414305695,1.0743271035885975
7476,0.6007607903600553,1.0729395752719018
7477,0.5986435968647849,1.07157532415867
7478,0.5965660970052165,1.0702343033190749
7479,0.5945280307474184,1.0689164659170545
7480,0.592529141939692,1.0676217652101259
7481,0.5905691782893061,1.0663501545491973
7482,0.5886478913393478,1.0651015873783825
7483,0.5867650364456806,1.0638760172348132
7484,0.5849203727540165,1.0626733977484544
7485,0.583113663177099,1.0614936826419186
7486,0.5813446743719961,1.0603368257302805
7487,0.5796131767175016,1.0592027809208924
7488,0.5779189442916495,1.0580915022131994
7489,0.5762617548493328,1.0570029436985562
7490,0.5746413898000363,1.055937059560043
7491,0.573057634185671,1.0548938040722817
7492,0.5715102766585216,1.0538731316012546
7493,0.5699991094592977,1.05287499660412
7494,0.5685239283952928,1.0518993536290306
7495,0.5670845328186493,1.0509461573149532
7496,0.5656807256047297,1.050015362391485
7497,0.5643123131305912,1.0491069236786734
7498,0.5629791052535669,1.0482207960868362
7499,0.5616809152899498,1.0473569346163798
7500,0.5604175599937825,1.0465152943576201
7501,0.5591888595357478,1.0456958304906028
7502,0.5579946374821628,1.0448984982849236
7503,0.5568347207740781,1.0441232530995497
7504,0.5557089397064743,1.0433700503826409
7505,0.554617127907564,1.0426388456713722
7506,0.5535591223181937,1.041929594591755
7507,0.5525347631713436,1.0412422528584602
7508,0.5515438939717329,1.0405767762746403
7509,0.5505863614755186,1.0399331207317541
7510,0.5496620156701004,1.0393112422093886
7511,0.548770709754017,1.0387110967750837
7512,0.5479123001169472,1.0381326405841567
7513,0.5470866463198049,1.0375758298795261
7514,0.5462936110749346,1.0370406209915382
7515,0.5455330602264002,1.0365269703377904
7516,0.5448048627303744,1.0360348344229575
7517,0.5441088906356225,1.0355641698386193
7518,0.5434450190640805,1.0351149332630845
7519,0.5428131261915327,1.034687081461219
7520,0.5422130932283783,1.0342805712842726
7521,0.5416448044005003,1.0338953596697065
7522,0.5411081469302204,1.0335314036410206
7523,0.5406030110173522,1.033188660307582
7524,0.5401292898203487,1.0328670868644536
7525,0.5396868794375382,1.0325666405922223
7526,0.5392756788884574,1.0322872788568287
7527,0.5388955900952718,1.0320289591093956
7528,0.5385465178642925,1.0317916388860597
7529,0.5382283698675813,1.0315752758077998
7530,0.5379410566246466,1.0313798275802681
7531,0.5376844914842313,1.031205251993621
7532,0.5374585906061891,1.0310515069223503
7533,0.5372632729434506,1.0309185503251144
7534,0.5370984602240809,1.0308063402445709
7535,0.5369640769334224,1.0307148348072077
7536,0.5368600502963282,1.0306439922231763
7537,0.5367863102594832,1.030593770786124
7538,0.5367427894738124,1.0305641288730278
7539,0.5367294232769779,1.0305550249440276
7540,0.5367461496759593,1.0305664175422597
7541,0.5367929093297255,1.0305982652936918
7542,0.5368696455319873,1.0306505269069561
7543,0.5369763041940404,1.030723161173186
7544,0.5371128338276902,1.0308161269658493
7545,0.5372791855282626,1.0309293832405857
7546,0.5374753129577015,1.0310628890350408
7547,0.5377011723277456,1.0312166034687031
7548,0.5379567223831951,1.031390485742741
7549,0.5382419243852561,1.031584495139838
7550,0.5385567420949721,1.031798591024032
7551,0.5389011417567354,1.032032732840551
7552,0.5392750920818836,1.0322868801156513
7553,0.5396785642323754,1.0325609924564565
7554,0.5401115318045481,1.0328550295507943
7555,0.5405739708129595,1.033168951167037
7556,0.5410658596743062,1.0335027171539393
7557,0.5415871791914261,1.0338562874404782
7558,0.5421379125373769,1.0342296220356926
7559,0.5427180452396013,1.0346226810285237
7560,0.5433275651641616,1.0350354245876547
7561,0.5439664625000632,1.035467812961352
7562,0.5446347297436505,1.035919806477306
7563,0.5453323616830825,1.0363913655424724
7564,0.5460593553828891,1.0368824506429137
7565,0.5468157101686013,1.0373930223436418
7566,0.547601427611459,1.0379230412884595
7567,0.5484165115131999,1.0384724681998025
7568,0.5492609678909205,1.0390412638785849
7569,0.5501348049620137,1.0396293892040387
7570,0.5510380331291859,1.0402368051335609
7571,0.5519706649655446,1.0408634727025543
7572,0.5529327151997663,1.041509353024274
7573,0.5539242007013351,1.0421744072896704
7574,0.5549451404658584,1.0428585967672346
7575,0.555995555600455,1.0435618828028432
7576,0.5570754693092198,1.0442842268196042
7577,0.558184906878757,1.0450255903177013
7578,0.5593238956637938,1.045785934874242
7579,0.5604924650728604,1.0465652221431019
7580,0.5616906465540447,1.047363413854773
7581,0.5629184735808215,1.048180471816209
7582,0.5641759816379504,1.0490163579106744
7583,0.5654632082074463,1.0498710340975899
7584,0.5667801927546219,1.0507444624123818
7585,0.5681269767142012,1.05163660496633
7586,0.5695036034765026,1.0525474239464154
7587,0.5709101183736917,1.05347688161517
7588,0.5723465686661063,1.054424940310525
7589,0.5738130035286494,1.0553915624456607
7590,0.5753094740372529,1.0563767105088557
7591,0.5768360331554068,1.057380347063337
7592,0.5783927357207632,1.0584024347471304
7593,0.5799796384318021,1.0594429362729108
7594,0.5815967998345706,1.060501814427854
7595,0.5832442803094867,1.061579032073486
7596,0.584922142058212,1.0626745521455363
7597,0.5866304490905904,1.0637883376537887
7598,0.5883692672116546,1.064920351681933
7599,0.5901386640087007,1.0660705573874185
7600,0.5919387088384245,1.0672389180013055
7601,0.5937694728141288,1.0684253968281192
7602,0.5956310287929936,1.069629957245702
7603,0.5975234513634111,1.0708525627050671
7604,0.5994468168323891,1.0720931767302535
7605,0.6014012032130149,1.0733517629181784
7606,0.6033866902119878,1.0746282849384932
7607,0.6054033592172116,1.075922706533437
7608,0.6074512932854547,1.077234991517691
7609,0.6095305771300719,1.0785651037782367
7610,0.6116412971087893,1.0799130072742076
7611,0.6137835412115542,1.0812786660367482
7612,0.6159573990484452,1.082662044168868
7613,0.6181629618376459,1.0840631058452992
7614,0.6204003223934814,1.0854818153123524
7615,0.6226695751145166,1.0869181368877752
7616,0.6249708159717142,1.088372034960607
7617,0.6273041424966562,1.0898434739910388
7618,0.6296696537698264,1.0913324185102702
7619,0.6320674504089517,1.0928388331203671
7620,0.6344976345574065,1.0943626824941206
7621,0.6369603098726739,1.0959039313749062
7622,0.6394555815148727,1.0974625445765414
7623,0.641983556135336,1.0990384869831462
7624,0.6445443418652563,1.100631723549002
7625,0.6471380483043871,1.1022422192984114
7626,0.6497647865098014,1.103869939325559
7627,0.6524246689847123,1.1055148487943713
7628,0.6551178096673488,1.1071769129383764
7629,0.6578443239198928,1.108856097060567
7630,0.6606043285174712,1.110552366533259
7631,0.6633979416372063,1.1122656867979566
7632,0.6662252828473247,1.1139960233652098
7633,0.6690864730963222,1.11574334181448
7634,0.6719816347021839,1.117507607794
7635,0.6749108913416638,1.1192887870206385
7636,0.6778743680396202,1.1210868452797604
7637,0.6808721911584027,1.122901748425093
7638,0.683904488387302,1.124733462378587
7639,0.686971388732049,1.1265819531302814
7640,0.6900730225043726,1.1284471867381671
7641,0.693209521311611,1.130329129328051
7642,0.6963810180463792,1.1322277470934214
7643,0.6995876468762884,1.134143006295311
7644,0.7028295432337217,1.136074873262164
7645,0.7061068438056628,1.1380233143896994
7646,0.7094196865235798,1.1399882961407783
7647,0.7127682105533604,1.141969785045269
7648,0.7161525562853014,1.143967747699913
7649,0.7195728653241517,1.1459821507681918
7650,0.7230292804792067,1.1480129609801926
7651,0.7265219457544557,1.150060145132477
7652,0.730051006338784,1.1521236700879463
7653,0.7336166085962214,1.15420350277571
7654,0.7372189000562479,1.1562996101909535
7655,0.7408580294041479,1.1584119593948055
7656,0.744534146471418,1.1605405175142065
7657,0.7482474022262237,1.1626852517417783
7658,0.7519979487639067,1.1648461293356909
7659,0.7557859392975451,1.167023117619533
7660,0.7596115281485625,1.1692161839821806
7661,0.7634748707373871,1.1714252958776672
7662,0.767376123574161,1.1736504208250524
7663,0.7713154442494993,1.1758915264082936
7664,0.7752929914252971,1.1781485802761151
7665,0.7793089248255901,1.180421550141879
7666,0.7833634052274577,1.1827104037834564
7667,0.787456594451981,1.1850151090430978
7668,0.7915886553552449,1.1873356338273056
7669,0.7957597518193904,1.1896719461067047
7670,0.7999700487437161,1.1920240139159144
7671,0.8042197120358244,1.1943918053534215
7672,0.8085089086028183,1.1967752885814515
7673,0.8128378063425451,1.1991744318258426
7674,0.8172065741348841,1.2015892033759168
7675,0.8216153818330872,1.2040195715843547
7676,0.8260644002551607,1.2064655048670683
7677,0.8305538011752965,1.2089269717030744
7678,0.8350837573153496,1.211403940634369
7679,0.8396544423363586,1.213896380265801
7680,0.8442660308301193,1.216404259264947
7681,0.8489186983107941,1.218927546361986
7682,0.8536126212065757,1.2214662103495737
7683,0.8583479768513903,1.2240202200827182
7684,0.86312494347665,1.2265895444786559
7685,0.8679437002030458,1.229174152516726
7686,0.8728044270323894,1.231774013238247
7687,0.8777073048394961,1.2343890957463937
7688,0.8826525153641147,1.2370193692060714
7689,0.8876402412028973,1.2396648028437953
7690,0.8926706658014196,1.2423253659475657
7691,0.8977439734462379,1.245001027866745
7692,0.9028603492569929,1.2476917580119358
7693,0.9080199791785584,1.2503975258548587
7694,0.9132230499732268,1.2531183009282298
7695,0.9184697492129458,1.2558540528256383
7696,0.9237602652715904,1.2586047512014267
7697,0.9290947873172827,1.2613703657705668
7698,0.9344735053047482,1.2641508663085403
7699,0.9398966099677203,1.266946222651218
7700,0.9453642928113828,1.2697564046947385
7701,0.9508767461048547,1.2725813823953873
7702,0.9564341628737173,1.2754211257694783
7703,0.96203673689258,1.278275604893232
7704,0.9676846626776922,1.281144789902657
7705,0.9733781354795901,1.2840286509934302
7706,0.9791173512757885,1.286927158420778
7707,0.9849025067635103,1.289840282499356
7708,0.9907337993524586,1.2927679936031318
7709,0.9966114271576281,1.2957102621652656
7710,1.0012669918618882,1.2986670586779927
7711,1.0042442354129824,1.301638353692504
7712,1.007235977043072,1.30462411781883
7713,1.0102421873621876,1.3076243217257215
7714,1.0132628370390804,1.3106389361405346
7715,1.0162978968011058,1.3136679318491107
7716,1.0193473374341058,1.316711279695662
7717,1.0224111297822922,1.3197689505826538
7718,1.0254892447481305,1.3228409154706882
7719,1.0285816532922227,1.3259271453783883
7720,1.031688326433192,1.3290276113822814
7721,1.0348092352475655,1.3321422846166848
7722,1.0379443508696609,1.3352711362735892
7723,1.0410936444914682,1.3384141376025431
7724,1.0442570873625365,1.3415712599105394
7725,1.0474346507898586,1.344742474561899
7726,1.0506263061377554,1.347927752978157
7727,1.053832024827762,1.351127066637949
7728,1.0570517783385138,1.3543403870768955
7729,1.0602855382056313,1.357567685887489
7730,1.0635332760216072,1.3608089347189805
7731,1.0667949634356926,1.3640641052772655
7732,1.0700705721537827,1.367333169324772
7733,1.0733600739383056,1.3706160986803453
7734,1.0766634406081068,1.373912865219138
7735,1.0799806440383384,1.3772234408724953
7736,1.0833116561603464,1.3805477976278442
7737,1.0866564489615569,1.3838859075285805
7738,1.0900149944853663,1.3872377426739575
7739,1.0933872648310279,1.3906032752189745
7740,1.0967732321535404,1.3939824773742642
7741,1.1001728686635375,1.3973753214059836
7742,1.1035861466271752,1.4007817796357014
7743,1.1070130383660228,1.4042018244402878
7744,1.1104535162569502,1.407635428251804
7745,1.113907552732019,1.4110825635573925
7746,1.1173751202783713,1.414543202899166
7747,1.1208561914381197,1.4180173188740985
7748,1.1243507388082388,1.4215048841339146
7749,1.1278587350404528,1.4250058713849818
7750,1.131380152841129,1.4285202533881993
7751,1.134914964971167,1.4320480029588907
7752,1.1384631442458901,1.4355890929666948
7753,1.1420246635349371,1.439143496335456
7754,1.1455994957621527,1.4427111860431174
7755,1.14918761390548,1.4462921351216125
7756,1.1527889909968523,1.4498863166567568
7757,1.156403600122085,1.4534937037881401
7758,1.1600314144207677,1.4571142697090196
7759,1.1636724070861586,1.4607479876662126
7760,1.167326551365074,1.464394830959989
7761,1.1709938205577843,1.4680547729439652
7762,1.1746741880179055,1.4717277870249963
7763,1.1783676271522932,1.4754138466630713
7764,1.1820741114209359,1.4791129253712056
7765,1.185793614336849,1.4828249967153362
7766,1.18952610946597,1.4865500343142148
7767,1.1932715704270507,1.4902880118393038
7768,1.1970299708915526,1.494038903014669
7769,1.2008012845835423,1.4978026816168761
7770,1.2045854852795852,1.5015793214748854
7771,1.2083825468086413,1.5053687964699463
7772,1.2121924430519608,1.5091710805354943
7773,1.2160151479429786,1.5129861476570452
7774,1.2198506354672105,1.5168139718720923
7775,1.22369887966215,1.5206545272700018
7776,1.2275598546171633,1.5245077879919096
7777,1.231433534473386,1.5283737282306176
7778,1.2353198934236205,1.53225232223049
7779,1.2392189057122307,1.5361435442873517
7780,1.2431305456350412,1.5400473687483833
7781,1.2470547875392337,1.5439637700120215
7782,1.2509916058232433,1.5478927225278531
7783,1.2549409749366582,1.5518342007965162
7784,1.2589028693801156,1.555788179369596
7785,1.2628772637052013,1.5597546328495233
7786,1.2668641325143455,1.563733535889474
7787,1.2708634504607246,1.5677248631932663
7788,1.2748751922481567,1.571728589515261
7789,1.2788993326310023,1.575744689660259
7790,1.2829358464140626,1.5797731384834013
7791,1.2869847084524786,1.5838139108900686
7792,1.2910458936516314,1.5878669818357811
7793,1.2951193769670404,1.5919323263260976
7794,1.2992051334042645,1.596009919416515
7795,1.3033031380188007,1.6000997362123703
7796,1.3074133659159866,1.6042017518687397
7797,1.3115357922508977,1.6083159415903399
7798,1.315670392228251,1.6124422806314287
7799,1.3198171411023039,1.616580744295705
7800,1.323976014176756,1.6207313079362118
7801,1.3281469868046498,1.6248939469552366
7802,1.3323300343882734,1.6290686368042133
7803,1.3365251323790597,1.6332553529836236
7804,1.3407322562774908,1.6374540710428989
7805,1.3449513816329985,1.6416647665803235
7806,1.3491824840438669,1.6458874152429364
7807,1.353425539157135,1.6501219927264335
7808,1.3576805226684983,1.6543684747750709
7809,1.3619474103222133,1.6586268371815673
7810,1.366226177910999,1.6628970557870084
7811,1.3705168012759403,1.6671791064807486
7812,1.3748192563063923,1.671472965200316
7813,1.3791335189398828,1.6757786079313153
7814,1.3834595651620165,1.680096010707332
7815,1.387797371006379,1.6844251496098364
7816,1.3921469125544403,1.6887660007680885
7817,1.3965081659354608,1.6931185403590414
7818,1.4008811073263934,1.6974827446072474
7819,1.4052657129517905,1.7018585897847618
7820,1.4096619590837072,1.706246052211048
7821,1.4140698220416072,1.710645108252884
7822,1.418489278192268,1.715055734324266
7823,1.4229203039496867,1.7194779068863164
7824,1.4273628757749848,1.723911602447187
7825,1.4318169701763144,1.728356797561967
7826,1.4362825637087646,1.7328134688325882
7827,1.4407596329742676,1.7372815929077323
7828,1.4452481546215048,1.7417611464827365
7829,1.4497481053458132,1.746252106299501
7830,1.4542594618890934,1.7507544491463956
7831,1.4587822010397151,1.755268151858167
7832,1.463316299632425,1.7597931913158462
7833,1.4678617345482539,1.7643295444466556
7834,1.4724184827144242,1.7688771882239174
7835,1.4769865211042583,1.773436099666961
7836,1.4815658267370855,1.778006255841031
7837,1.486156376678151,1.7825876338571967
7838,1.4907581480385228,1.7871802108722579
7839,1.4953711179750016,1.791783964088656
7840,1.4999952636900287,1.7963988707543816
7841,1.504630562431595,1.801024908162885
7842,1.5092769914931499,1.8056620536529828
7843,1.5139345282135106,1.8103102846087695
7844,1.5186031499767718,1.814969578459526
7845,1.5232828342122138,1.8196399126796292
7846,1.527973558394214,1.8243212647884626
7847,1.532675300042156,1.829013612350326
7848,1.5373880367203392,1.8337169329743457
7849,1.54211174603789,1.838431204314385
7850,1.5468464056486713,1.843156404068954
7851,1.5515919932511941,1.847892509981123
7852,1.5563484865885282,1.8526394998384301
7853,1.5611158634482116,1.8573973514727944
7854,1.5658941016621637,1.8621660427604274
7855,1.5706831791065954,1.866945551621743
7856,1.5754830737019216,1.871735856021271
7857,1.580293763412671,1.8765369339675675
7858,1.5851152262474006,1.8813487635131279
7859,1.5899474402586053,1.8861713227542982
7860,1.5947903835426316,1.891004589831189
7861,1.5996440342395892,1.8958485429275858
7862,1.6045083705332643,1.9007031602708635
7863,1.6093833706510317,1.905568420131899
7864,1.614269012863768,1.9104443008249832
7865,1.6191652754857648,1.9153307807077362
7866,1.6240721368746416,1.9202278381810185
7867,1.6289895754312587,1.9251354516888466
7868,1.633917569599633,1.930053599718305
7869,1.6388560978668494,1.934982260799462
7870,1.6438051387629753,1.9399214135052822
7871,1.6487646708609758,1.9448710364515414
7872,1.6537346727766264,1.9498311082967414
7873,1.6587151231684296,1.9548016077420243
7874,1.6637060007375268,1.9597825135310876
7875,1.6687072842276158,1.964773804450098
7876,1.6737189524248635,1.9697754593276087
7877,1.6787409841578222,1.9747874570344721
7878,1.6837733582973453,1.979809776483758
7879,1.6888160537565025,1.9848423966306676
7880,1.6938690494904942,1.989885296472449
7881,1.698932324496569,1.994938455048314
7882,1.7040058578139388,2.0000018514393543
7883,1.7090896285236956,2.005075464768458
7884,1.7141836157487271,2.0101592742002254
7885,1.7192877986536337,2.0152532589408856
7886,1.7244021564446437,2.0203573982382137
7887,1.7295266683695336,2.0254716713814482
7888,1.7346613137175415,2.0305960577012083
7889,1.7398060718192856,2.035730536569409
7890,1.7449609220466822,2.040875087399181
7891,1.7501258438128608,2.046029689644788
7892,1.7553008165720863,2.051194322801544
7893,1.760485819819672,2.0563689664057314
7894,1.7656808330919003,2.061553600034518
7895,1.7708858359659396,2.0667482033058784
7896,1.7761008080597633,2.071952755878509
7897,1.7813257290320694,2.077167237451749
7898,1.7865605785821959,2.082391627765498
7899,1.791805336450042,2.087625906600135
7900,1.7970599824159879,2.092870053776438
7901,1.8023244963008114,2.0981240491555044
7902,1.807598857965609,2.1033878726386668
7903,1.8128830473117146,2.1086615041674164
7904,1.8181770442806184,2.1139449237233214
7905,1.8234808288538893,2.1192381113279466
7906,1.8287943810530913,2.1245410470427735
7907,1.8341176809397066,2.1298537109691207
7908,1.8394507086150538,2.1351760832480657
7909,1.844793444220209,2.140508144060362
7910,1.8501458679359277,2.145849873626364
7911,1.8555079599825632,2.151201252205944
7912,1.8608797006199886,2.156562260098417
7913,1.8662610701475184,2.1619328776424593
7914,1.871652048903828,2.1673130852160294
7915,1.8770526172668769,2.1727028632362915
7916,1.8824627556538294,2.178102192159537
7917,1.8878824445209765,2.183511052481105
7918,1.8933116643636574,2.188929424735305
7919,1.8987503957161815,2.194357289495339
7920,1.9041986191517515,2.199794627373224
7921,1.909656315282383,2.205241419019713
7922,1.9151234647588307,2.210697645124221
7923,1.9206000482705077,2.216163286414743
7924,1.926086046545411,2.2216383236577824
7925,1.9315814403500424,2.2271227376582683
7926,1.9370862104893327,2.232616509259484
7927,1.942600337806563,2.2381196193429864
7928,1.948123803183292,2.2436320488285313
7929,1.9536565875392744,2.249153778673997
7930,1.9591986718323888,2.2546847898753084
7931,1.9647500370585604,2.2602250634663603
7932,1.9703106642516837,2.2657745805189413
7933,1.975880534483548,2.271333322142659
7934,1.98145962886376,2.2769012694848647
7935,1.9870479285396712,2.282478403730576
7936,1.9926454146962993,2.2880647061024035
7937,1.9982520685562555,2.2936601578604754
7938,2.003867871379667,2.2992647403023616
7939,2.0094928044641045,2.3048784347630003
7940,2.0151268491445053,2.3105012226146213
7941,2.0207699867930997,2.3161330852666735
7942,2.026422198819337,2.32177400416575
7943,2.0320834666698095,2.3274239607955125
7944,2.03775377182818,2.33308293667662
7945,2.0434330958151063,2.3387509133666518
7946,2.0491214201881682,2.3444278724600354
7947,2.0548187265417934,2.350113795587974
7948,2.0605249965071852,2.35580866441837
7949,2.066240211752245,2.361512460655754
7950,2.071964353981505,2.3672251660412114
7951,2.0776974049360493,2.372946762352308
7952,2.0834393463934444,2.378677231403019
7953,2.089190160167665,2.384416555043655
7954,2.094949828109022,2.390164715160789
7955,2.1007183321040883,2.3959216936771863
7956,2.1064956540756286,2.401687472551728
7957,2.1122817759825256,2.407462033779344
7958,2.118076679819708,2.4132453593909373
7959,2.1238803476180785,2.419037431453312
7960,2.129692761444442,2.424838232069105
7961,2.1355139034014354,2.4306477433767104
7962,2.141343755627452,2.4364659475502104
7963,2.1471823002965755,2.442292826799304
7964,2.153029519618503,2.448128363369234
7965,2.1588853958384786,2.453972539540718
7966,2.16474991123722,2.459825337629877
7967,2.170623048130847,2.4656867399881635
7968,2.1765047888708136,2.4715567290022933
7969,2.182395115843834,2.477435287094172
7970,2.1882940114718146,2.4833223967208267
7971,2.1942014582117833,2.489218040374336
7972,2.200117438555817,2.4951222005817586
7973,2.2060419350309766,2.501034859905065
7974,2.21197493019923,2.506956000941066
7975,2.21791640665739,2.5128856063213445
7976,2.223866347037039,2.518823658712185
7977,2.229824734004461,2.524770140814506
7978,2.2357915502605747,2.5307250353637887
7979,2.2417667785408617,2.536688325130008
7980,2.247750401615297,2.542659992917567
7981,2.253742402288282,2.548640021565222
7982,2.259742763398576,2.5546283939460213
7983,2.2657514678192245,2.5606250929672294
7984,2.271768498457494,2.566630101570265
7985,2.2777938382548015,2.5726434027306277
7986,2.2838274701866474,2.578664979457833
7987,2.2898693772625482,2.584694814795344
7988,2.295919542525965,2.590732891820502
7989,2.3019779490542405,2.5967791936444597
7990,2.3080445799585276,2.6028337034121156
7991,2.3141194183837235,2.608896404302042
7992,2.320202447508402,2.6149672795264225
7993,2.326293650544745,2.6210463123309817
7994,2.3323930107384787,2.6271334859949196
7995,2.3385005113688013,2.633228783830844
7996,2.3446161357483235,2.6393321891847052
7997,2.3507398672229924,2.6454436854357275
7998,2.3568716891720345,2.6515632559963436
7999,2.363011585007881,2.6576908843121276
8000,2.3691595381761075,2.663826553861731
8001,2.3753155321553647,2.6699702481568135
8002,2.381479550457312,2.676121950741979
8003,2.3876515766265536,2.6822816451947094
8004,2.3938315942405715,2.6884493151252986
8005,2.4000195869096594,2.694624944176787
8006,2.406215538276858,2.7008085160248974
8007,2.41241943201789,2.7070000143779662
8008,2.418631251841092,2.713199422976883
8009,2.4248509814873533,2.7194067255950225
8010,2.4310786047300477,2.725621906038179
8011,2.4373141053749716,2.7318449481445044
8012,2.4435574672602747,2.73807583578444
8013,2.4498086742564005,2.744314552860657
8014,2.456067710266018,2.750561083307986
8015,2.4623345592239594,2.7568154110933576
8016,2.4686092050971546,2.7630775202157363
8017,2.4748916318845677,2.7693473947060565
8018,2.4811818236171344,2.775625018627158
8019,2.487479764357693,2.7819103760737245
8020,2.493785438200929,2.7882034511722176
8021,2.500098829273302,2.7945042280808146
8022,2.5064199217329906,2.800812690989345
8023,2.5127486997698236,2.8071288241192263
8024,2.5190851476052196,2.813452611723403
8025,2.525429249492122,2.81978403808628
8026,2.531780989714936,2.8261230875236647
8027,2.538140352589468,2.8324697443826983
8028,2.5445073224628616,2.8388239930417996
8029,2.5508818837135334,2.845185817910598
8030,2.5572640207511146,2.8515552034298723
8031,2.5636537180163823,2.857932134071489
8032,2.570050959981204,2.8643165943383395
8033,2.576455731148471,2.8707085687642784
8034,2.582868016052037,2.8771080419140618
8035,2.5892877992566596,2.883514998383286
8036,2.595715065357934,2.889929422798325
8037,2.6021497989822344,2.896351299816269
8038,2.6085919847866506,2.9027806141248624
8039,2.6150416074589287,2.909217350442446
8040,2.621498651717408,2.915661493517892
8041,2.6279631023109604,2.922113028130543
8042,2.63443494401893,2.9285719390901552
8043,2.6409141616510716,2.9350382112368334
8044,2.6474007400474906,2.9415118294409717
8045,2.653894664078581,2.9479927786031945
8046,2.6603959186449675,2.9544810436542925
8047,2.6669044886774405,2.9609766095551673
8048,2.6734203591369012,2.967479461296767
8049,2.6799435150142985,2.9739895839000274
8050,2.6864739413305676,2.9805069624158134
8051,2.6930116231365737,2.9870315819248594
8052,2.6995565455130515,2.9935634275377065
8053,2.706108693570541,3.0001024843946453
8054,2.7126680524493345,3.006648737665657
8055,2.7192346073194122,3.0132021725503537
8056,2.7258083433803852,3.0197627742779165
8057,2.732389245861436,3.02633052810704
8058,2.7389773000212587,3.0329054193258718
8059,2.745572491148002,3.039487433251954
8060,2.752174804559206,3.0460765552321645
8061,2.75878422560175,3.052672770642657
8062,2.7654007396517875,3.059276064888805
8063,2.772024332114692,3.065886423405141
8064,2.778654988424995,3.0725038316553004
8065,2.7852926940463334,3.0791282751319606
8066,2.791937434471384,3.0857597393567873
8067,2.798589195221812,3.0923982098803715
8068,2.8052479618482087,3.0990436722821744
8069,2.811913719930036,3.105696112170471
8070,2.818586455075568,3.11235551518229
8071,2.825266152921834,3.119021866983357
8072,2.8319527991345597,3.1256951532680386
8073,2.8386463794081105,3.132375359759283
8074,2.8453468794654353,3.1390624722085634
8075,2.852054285058008,3.1457564763958232
8076,2.858768581965771,3.1524573581294173
8077,2.8654897559970802,3.159165103246054
8078,2.8591651032460543,3.1528530871596536
8079,2.852853087159654,3.146553682489806
8080,2.846553682489806,3.1402668640388836
8081,2.8402668640388837,3.133992606659604
8082,2.833992606659604,3.12773088525493
8083,2.82773088525493,3.121481674777967
8084,2.821481674777967,3.115244950231865
8085,2.815244950231865,3.1090206866697176
8086,2.809020686669718,3.1028088591944623
8087,2.8028088591944624,3.096609442958781
8088,2.7966094429587813,3.0904224131650007
8089,2.790422413165001,3.084247745064993
8090,2.7842477450649934,3.078085413960079
8091,2.778085413960079,3.0719353952009234
8092,2.7719353952009236,3.0657976641874454
8093,2.7657976641874455,3.0596721963687115
8094,2.7596721963687116,3.053558967242843
8095,2.753558967242843,3.0474579523569147
8096,2.747457952356915,3.0413691273068593
8097,2.7413691273068594,3.035292467737368
8098,2.7352924677373682,3.029227949341795
8099,2.7292279493417952,3.023175547862058
8100,2.7231755478620583,3.0171352390885433
8101,2.7171352390885435,3.0111069988600083
8102,2.7111069988600085,3.0050908030634838
8103,2.705090803063484,2.9990866276341777
8104,2.699086627634178,2.993094448555381
8105,2.693094448555381,2.9871142418583694
8106,2.6871142418583696,2.9811459836223078
8107,2.681145983622308,2.9751896499741557
8108,2.675189649974156,2.9692452170885706
8109,2.6692452170885708,2.9633126611878127
8110,2.663312661187813,2.957391958541651
8111,2.657391958541651,2.9514830854672662
8112,2.6514830854672664,2.9455860183291587
8113,2.645586018329159,2.9397007335390515
8114,2.6397007335390517,2.9338272075557983
8115,2.6338272075557985,2.9279654168852876
8116,2.6279654168852877,2.922115338080348
8117,2.622115338080348,2.9162769477406574
8118,2.6162769477406576,2.910450222512646
8119,2.6104502225126462,2.9046351390894047
8120,2.604635139089405,2.8988316742105926
8121,2.598831674210593,2.893039804662343
8122,2.593039804662343,2.887259507277169
8123,2.587259507277169,2.881490758933874
8124,2.581490758933874,2.8757335365574566
8125,2.5757335365574567,2.8699878171190196
8126,2.56998781711902,2.864253577635678
8127,2.5642535776356783,2.8585307951704655
8128,2.5585307951704657,2.8528194468322456
8129,2.552819446832246,2.8471195097756166
8130,2.5471195097756167,2.841430961200823
8131,2.541430961200823,2.835753778353663
8132,2.535753778353663,2.8300879385253968
8133,2.530087938525397,2.8244334190526588
8134,2.524433419052659,2.8187901973173624
8135,2.5187901973173625,2.8131582507466137
8136,2.513158250746614,2.807537556812619
8137,2.5075375568126193,2.801928093032595
8138,2.5019280930325953,2.796329836968679
8139,2.496329836968679,2.7907427662278392
8140,2.4907427662278394,2.7851668584617855
8141,2.4851668584617856,2.7796020913668786
8142,2.479602091366879,2.7740484426840437
8143,2.474048442684044,2.7685058901986785
8144,2.4685058901986787,2.762974411740565
8145,2.462974411740565,2.757453985183783
8146,2.457453985183783,2.751944588446618
8147,2.4519445884466182,2.746446199491476
8148,2.446446199491476,2.740958796324794
8149,2.4409587963247943,2.735482356996952
8150,2.4354823569969524,2.7300168596021854
8151,2.4300168596021856,2.7245622822784967
8152,2.424562282278497,2.71911860320757
8153,2.41911860320757,2.7136858006146825
8154,2.4136858006146826,2.7082638527686145
8155,2.4082638527686147,2.702852737981569
8156,2.4028527379815694,2.697452434609079
8157,2.3974524346090793,2.6920629210499247
8158,2.392062921049925,2.6866841757460436
8159,2.3866841757460437,2.6813161771824476
8160,2.381316177182448,2.675958903887136
8161,2.375958903887136,2.6706123344310075
8162,2.3706123344310077,2.665276447427778
8163,2.365276447427778,2.6599512215338916
8164,2.359951221533892,2.654636635448438
8165,2.354636635448438,2.6493326679130655
8166,2.3493326679130657,2.6440392977118976
8167,2.344039297711898,2.6387565036714453
8168,2.3387565036714455,2.6334842646605265
8169,2.3334842646605267,2.6282225595901774
8170,2.3282225595901775,2.6229713674135713
8171,2.3229713674135715,2.6177306671259317
8172,2.317730667125932,2.612500437764451
8173,2.3125004377644514,2.6072806584082047
8174,2.307280658408205,2.602071308178068
8175,2.302071308178068,2.596872366236634
8176,2.2968723662366344,2.591683811788127
8177,2.2916838117881273,2.5865056240783235
8178,2.2865056240783237,2.5813377823944643
8179,2.2813377823944645,2.5761802660651765
8180,2.2761802660651766,2.571033054460388
8181,2.2710330544603883,2.5658961269912455
8182,2.2658961269912457,2.5607694631100317
8183,2.260769463110032,2.555653042310085
8184,2.2556530423100853,2.5505468441257153
8185,2.2505468441257155,2.545450848132123
8186,2.245450848132123,2.5403650339453168
8187,2.240365033945317,2.5352893812220336
8188,2.235289381222034,2.530223869659656
8189,2.2302238696596564,2.52516847899613
8190,2.2251684789961304,2.520123189009887
8191,2.2201231890098874,2.5150879795197603
8192,2.2150879795197604,2.5100628303849053
8193,2.2100628303849055,2.5050477215047184
8194,2.2050477215047186,2.500042632818758
8195,2.200042632818758,2.495047544306662
8196,2.195047544306662,2.4900624359880696
8197,2.19006243598807,2.485087287922542
8198,2.185087287922542,2.4801220802094788
8199,2.180122080209479,2.475166792988044
8200,2.175166792988044,2.470221406437081
8201,2.170221406437081,2.465285900775037
8202,2.165285900775037,2.4603602562598836
8203,2.160360256259884,2.4554444531890356
8204,2.1554444531890358,2.450538471899274
8205,2.1505384718992744,2.445642292766668
8206,2.1456422927666683,2.4407558962064937
8207,2.140755896206494,2.4358792626731582
8208,2.1358792626731584,2.431012372660122
8209,2.131012372660122,2.426155206699817
8210,2.126155206699817,2.4213077453635736
8211,2.121307745363574,2.4164699692615406
8212,2.1164699692615407,2.4116418590426068
8213,2.111641859042607,2.406823395394324
8214,2.1068233953943243,2.4020145590428323
8215,2.1020145590428325,2.397215330752779
8216,2.097215330752779,2.3924256913272455
8217,2.0924256913272457,2.387645621607667
8218,2.0876456216076673,2.3828751024737587
8219,2.082875102473759,2.378114114843437
8220,2.078114114843437,2.373362639672746
8221,2.0733626396727463,2.368620657955778
8222,2.068620657955778,2.3638881507246
8223,2.0638881507246003,2.359165099049177
8224,2.059165099049177,2.354451484037295
8225,2.0544514840372954,2.3497472868344893
8226,2.0497472868344895,2.3450524886239634
8227,2.0450524886239636,2.340367070626519
8228,2.040367070626519,2.3356910141004774
8229,2.0356910141004776,2.3310243003416065
8230,2.0310243003416066,2.326366910683045
8231,2.0263669106830453,2.321718826495228
8232,2.021718826495228,2.3170800291858127
8233,2.017080029185813,2.3124505001996036
8234,2.012450500199604,2.3078302210184787
8235,2.007830221018479,2.3032191731613145
8236,2.0032191731613147,2.2986173381839143
8237,1.9986173381839143,2.2940246976789314
8238,1.9940246976789313,2.2894412332757983
8239,1.9894412332757982,2.2848669266406505
8240,1.9848669266406505,2.2803017594762562
8241,1.9803017594762562,2.27574571352194
8242,1.9757457135219398,2.271198770553512
8243,1.9711987705535121,2.2666609123831947
8244,1.9666609123831946,2.2621321208595493
8245,1.9621321208595492,2.257612377867403
8246,1.957612377867403,2.253101665327779
8247,1.953101665327779,2.24859996519782
8248,1.9485999651978199,2.24410725947072
8249,1.94410725947072,2.23962353017565
8250,1.93962353017565,2.2351487593776866
8251,1.9351487593776866,2.2306829291777417
8252,1.9306829291777416,2.226226021712487
8253,1.926226021712487,2.2217780191542875
8254,1.9217780191542875,2.217338903711127
8255,1.917338903711127,2.212908657626538
8256,1.9129086576265382,2.20848726317953
8257,1.90848726317953,2.2040747026845193
8258,1.9040747026845193,2.199670958491258
8259,1.899670958491258,2.1952760129847637
8260,1.8952760129847637,2.1908898485852486
8261,1.8908898485852486,2.186512447748049
8262,1.8865124477480488,2.1821437929635557
8263,1.8821437929635556,2.1777838667571436
8264,1.8777838667571436,2.1734326516891023
8265,1.8734326516891022,2.1690901303545655
8266,1.8690901303545655,2.1647562853834423
8267,1.8647562853834423,2.1604310994403475
8268,1.8604310994403475,2.1561145552245304
8269,1.8561145552245304,2.1518066354698093
8270,1.8518066354698093,2.147507322944499
8271,1.8475073229444992,2.143216600451344
8272,1.843216600451344,2.1389344508274486
8273,1.8389344508274486,2.134660856944208
8274,1.8346608569442078,2.1303958017072415
8275,1.8303958017072415,2.1261392680563227
8276,1.8261392680563227,2.1218912389653104
8277,1.8218912389653104,2.1176516974420836
8278,1.8176516974420835,2.1134206265284696
8279,1.8134206265284696,2.1091980093001803
8280,1.8091980093001803,2.10498382886674
8281,1.80498382886674,2.100778068371422
8282,1.8007780683714218,2.0965807109911783
8283,1.7965807109911782,2.0923917399365743
8284,1.7923917399365743,2.0882111384517197
8285,1.7882111384517196,2.0840388898142033
8286,1.7840388898142032,2.0798749773350247
8287,1.7798749773350246,2.075719384358529
8288,1.7757193843585288,2.071572094262338
8289,1.771572094262338,2.067433090457286
8290,1.767433090457286,2.0633023563873527
8291,1.7633023563873527,2.0591798755295962
8292,1.7591798755295962,2.055065631394087
8293,1.7550656313940871,2.0509596075238434
8294,1.7509596075238434,2.0468617874947648
8295,1.7468617874947647,2.0427721549155655
8296,1.7427721549155655,2.0386906934277094
8297,1.7386906934277093,2.034617386705345
8298,1.734617386705345,2.0305522184552407
8299,1.7305522184552407,2.026495172416717
8300,1.726495172416717,2.0224462323615855
8301,1.7224462323615854,2.01840538209408
8302,1.71840538209408,2.0143726054507938
8303,1.7143726054507937,2.0103478863006154
8304,1.7103478863006154,2.0063312085446627
8305,1.7063312085446627,2.0023225561162192
8306,1.7023225561162192,1.9983219129806697
8307,1.6983219129806697,1.994329263135437
8308,1.694329263135437,1.9903445906099155
8309,1.6903445906099155,1.9863678794654107
8310,1.6863678794654107,1.982399113795072
8311,1.682399113795072,1.9784382777238319
8312,1.6784382777238318,1.9744853554083401
8313,1.67448535540834,1.970540331036903
8314,1.670540331036903,1.966603188829417
8315,1.666603188829417,1.962673913037309
8316,1.662673913037309,1.95875248794347
8317,1.6587524879434699,1.9548388978621944
8318,1.6548388978621944,1.9509331271391166
8319,1.6509331271391166,1.9470351601511486
8320,1.6470351601511486,1.9431449813064174
8321,1.6431449813064174,1.939262575044202
8322,1.639262575044202,1.9353879258348727
8323,1.6353879258348727,1.9315210181798272
8324,1.6315210181798272,1.9276618366114298
8325,1.6276618366114297,1.9238103656929488
8326,1.6238103656929488,1.919966590018496
8327,1.6199665900184959,1.916130494212963
8328,1.616130494212963,1.9123020629319616
8329,1.6123020629319615,1.908481280861762
8330,1.608481280861762,1.9046681327192305
8331,1.6046681327192305,1.900862603251769
8332,1.600862603251769,1.8970646772372552
8333,1.5970646772372552,1.8932743394839802
8334,1.5932743394839801,1.889491574830587
8335,1.589491574830587,1.8857163681460125
8336,1.5857163681460125,1.881948704329425
8337,1.581948704329425,1.878188568310164
8338,1.578188568310164,1.8744359450476804
8339,1.5744359450476804,1.8706908195314764
8340,1.5706908195314764,1.8669531767810448
8341,1.5669531767810447,1.8632230018458096
8342,1.5632230018458095,1.859500279805066
8343,1.559500279805066,1.8557849957679209
8344,1.5557849957679208,1.8520771348732334
8345,1.5520771348732334,1.8483766822895547
8346,1.5483766822895546,1.8446836232150698
8347,1.5446836232150698,1.8409979428775372
8348,1.540997942877537,1.8373196265342309
8349,1.5373196265342308,1.8336486594718804
8350,1.5336486594718803,1.8299850270066125
8351,1.5299850270066124,1.826328714483893
8352,1.5263287144838928,1.8226797072784664
8353,1.5226797072784664,1.819037990794299
8354,1.519037990794299,1.81540355046452
8355,1.51540355046452,1.8117763717513637
8356,1.5117763717513637,1.8081564401461099
8357,1.5081564401461098,1.804543741169028
8358,1.504543741169028,1.8009382603693163
8359,1.5009382603693162,1.7973399833250474
8360,1.4973399833250474,1.7937488956431085
8361,1.4937488956431084,1.7901649829591437
8362,1.4901649829591437,1.7865882309374976
8363,1.4865882309374976,1.7830186252711577
8364,1.4830186252711577,1.7794561516816958
8365,1.4794561516816958,1.7759007959192135
8366,1.4759007959192134,1.7723525437622827
8367,1.4723525437622826,1.76881138101789
8368,1.46881138101789,1.76527729352138
8369,1.46527729352138,1.7617502671363976
8370,1.4617502671363976,1.7582302877548328
8371,1.4582302877548328,1.7547173412967634
8372,1.4547173412967633,1.7512114137103987
8373,1.4512114137103986,1.7477124909720236
8374,1.4477124909720236,1.744220559085943
8375,1.444220559085943,1.7407356040844242
8376,1.4407356040844241,1.7372576120276428
8377,1.4372576120276428,1.7337865690036258
8378,1.4337865690036258,1.7303224611281964
8379,1.4303224611281964,1.7268652745449187
8380,1.4268652745449186,1.7234149954250415
8381,1.4234149954250415,1.719971609967444
8382,1.419971609967444,1.71653510439858
8383,1.4165351043985799,1.713105464972422
8384,1.413105464972422,1.709682677970408
8385,1.409682677970408,1.7062667297013856
8386,1.4062667297013856,1.7028576065015568
8387,1.4028576065015568,1.6994552947344246
8388,1.3994552947344245,1.6960597807907374
8389,1.3960597807907373,1.6926710510884346
8390,1.3926710510884346,1.689289092072593
8391,1.3892890920725929,1.685913890215372
8392,1.385913890215372,1.68254543201596
8393,1.38254543201596,1.6791837040005198
8394,1.3791837040005197,1.675828692722134
8395,1.375828692722134,1.672480384760754
8396,1.3724803847607538,1.6691387667231423
8397,1.3691387667231423,1.6658038252428236
8398,1.3658038252428235,1.6624755469800268
8399,1.3624755469800267,1.6591539186216344
8400,1.3591539186216344,1.6558389268811287
8401,1.3558389268811286,1.6525305584985386
8402,1.3525305584985385,1.6492288002403857
8403,1.3492288002403856,1.6459336388996326
8404,1.3459336388996326,1.6426450612956296
8405,1.3426450612956295,1.6393630542740623
8406,1.3393630542740622,1.6360876047068977
8407,1.3360876047068977,1.6328186994923335
8408,1.3328186994923334,1.6295563255547443
8409,1.3295563255547442,1.62630046984463
8410,1.32630046984463,1.6230511193385637
8411,1.3230511193385637,1.6198082610391387
8412,1.3198082610391386,1.6165718819749175
8413,1.3165718819749175,1.6133419692003796
8414,1.3133419692003796,1.6101185097958697
8415,1.3101185097958696,1.606901490867546
8416,1.306901490867546,1.603690899547328
8417,1.303690899547328,1.6004867229928468
8418,1.3004867229928467,1.5972889483873913
8419,1.2972889483873913,1.5940975629398593
8420,1.2940975629398592,1.5909125538847042
8421,1.2909125538847042,1.587733908481886
8422,1.287733908481886,1.5845616140168188
8423,1.2845616140168188,1.5813956578003203
8424,1.2813956578003203,1.5782360271685616
8425,1.2782360271685616,1.5750827094830158
8426,1.2750827094830157,1.571935692130408
8427,1.271935692130408,1.568794962522665
8428,1.2687949625226649,1.5656605080968635
8429,1.2656605080968635,1.562532316315182
8430,1.262532316315182,1.5594103746648493
8431,1.2594103746648493,1.5562946706580942
8432,1.2562946706580942,1.5531851918320971
8433,1.253185191832097,1.550081925748938
8434,1.250081925748938,1.5469848599955487
8435,1.2469848599955486,1.5438939821836621
8436,1.243893982183662,1.5408092799497626
8437,1.2408092799497625,1.5377307409550374
8438,1.2377307409550373,1.5346583528853264
8439,1.2346583528853263,1.5315921034510729
8440,1.2315921034510728,1.5285319803872754
8441,1.2285319803872754,1.5254779714534377
8442,1.2254779714534376,1.5224300644335198
8443,1.2224300644335198,1.5193882471358893
8444,1.2193882471358892,1.5163525073932733
8445,1.2163525073932733,1.5133228330627086
8446,1.2133228330627086,1.5102992120254943
8447,1.2102992120254943,1.5072816321871414
8448,1.2072816321871414,1.504270081477327
8449,1.204270081477327,1.5012645478498445
8450,1.2012645478498445,1.4982650192825548
8451,1.1982650192825548,1.4952714837773402
8452,1.1952714837773402,1.4922839293600543
8453,1.1922839293600542,1.4893023440804753
8454,1.1893023440804753,1.4863267160122586
8455,1.1863267160122586,1.4833570332528878
8456,1.1833570332528878,1.4803932839236278
8457,1.1803932839236277,1.4774354561694771
8458,1.177435456169477,1.474483538159121
8459,1.174483538159121,1.4715375180848838
8460,1.1715375180848837,1.468597384162681
8461,1.1685973841626809,1.4656631246319725
8462,1.1656631246319724,1.462734727755717
8463,1.162734727755717,1.459812181820323
8464,1.1598121818203229,1.4568954751356025
8465,1.1568954751356024,1.4539845960347253
8466,1.1539845960347253,1.4510795328741706
8467,1.1510795328741705,1.4481802740336824
8468,1.1481802740336824,1.445286807916221
8469,1.145286807916221,1.4423991229479185
8470,1.1423991229479185,1.439517207578031
8471,1.1395172075780309,1.436641050278893
8472,1.136641050278893,1.4337706395458718
8473,1.1337706395458718,1.4309059638973203
8474,1.1309059638973202,1.4280470118745325
8475,1.1280470118745325,1.4251937720416963
8476,1.1251937720416962,1.4223462329858483
8477,1.1223462329858482,1.4195043833168288
8478,1.1195043833168288,1.4166682116672351
8479,1.116668211667235,1.413837706692377
8480,1.113837706692377,1.411012857070231
8481,1.111012857070231,1.4081936515013944
8482,1.1081936515013944,1.4053800787090416
8483,1.1053800787090415,1.4025721274388774
8484,1.1025721274388773,1.399769786459093
8485,1.099769786459093,1.3969730445603208
8486,1.0969730445603207,1.3941818905555896
8487,1.0941818905555896,1.3913963132802794
8488,1.0913963132802793,1.3886163015920776
8489,1.0886163015920776,1.3858418443709335
8490,1.0858418443709335,1.3830729305190148
8491,1.0830729305190148,1.3803095489606623
8492,1.0803095489606622,1.377551688642346
8493,1.077551688642346,1.3747993385326212
8494,1.074799338532621,1.3720524876220834
8495,1.0720524876220834,1.3693111249233254
8496,1.0693111249233254,1.3665752394708932
8497,1.0665752394708932,1.3638448203212408
8498,1.0638448203212407,1.3611198565526879
8499,1.0611198565526878,1.3584003372653763
8500,1.0584003372653763,1.3556862515812247
8501,1.0556862515812246,1.3529775886438873
8502,1.0529775886438872,1.3502743376187083
8503,1.0502743376187083,1.3475764876926803
8504,1.0475764876926803,1.3448840280743997
8505,1.0448840280743996,1.3421969479940246
8506,1.0421969479940245,1.339515236703231
8507,1.039515236703231,1.3368388834751703
8508,1.0368388834751703,1.334167877604426
8509,1.0341678776044259,1.331502208406971
8510,1.031502208406971,1.328841865220125
8511,1.028841865220125,1.3261868374025114
8512,1.0261868374025114,1.323537114334016
8513,1.023537114334016,1.3208926854157426
8514,1.0208926854157425,1.318253540069972
8515,1.018253540069972,1.3156196677401193
8516,1.0156196677401192,1.3129910578906916
8517,1.0129910578906915,1.3103677000072462
8518,1.0103677000072462,1.3077495835963482
8519,1.0077495835963481,1.305136698185528
8520,1.0051366981855279,1.3025290333232409
8521,1.0025290333232408,1.2999265785788234
8522,0.9998531625483519,1.297329323542454
8523,0.9946657795976486,1.2947372578251084
8524,0.9895022121054161,1.2921503710585203
8525,0.9843623587915593,1.2895686528951391
8526,0.9792461187927002,1.2869920930080891
8527,0.9741533916604884,1.284420681091127
8528,0.9690840773599182,1.281854406858602
8529,0.964038076267657,1.2792932600454137
8530,0.959015289170374,1.2767372304069713
8531,0.9540156172630808,1.2741863077191524
8532,0.9490389621474751,1.2716404817782636
8533,0.9440852258302961,1.2690997424009975
8534,0.9391543107216798,1.266564079424393
8535,0.9342461196335243,1.2640334827057953
8536,0.9293605557778648,1.2615079421228133
8537,0.9244975227652471,1.258987447573282
8538,0.9196569246031183,1.2564719889752196
8539,0.9148386656942126,1.2539615562667885
8540,0.9100426508349531,1.2514561394062544
8541,0.9052687852138538,1.2489557283719466
8542,0.9005169744099316,1.2464603131622176
8543,0.895787124391123,1.243969883795403
8544,0.8910791415127065,1.2414844303097823
8545,0.8863929325157353,1.239003942763538
8546,0.8817284045254696,1.236528411234717
8547,0.8770854650498231,1.2340578258211894
8548,0.8724640219778073,1.2315921766406106
8549,0.8678639835779905,1.2291314538303806
8550,0.8632852584969566,1.2266756475476046
8551,0.8587277557577723,1.2242247479690544
8552,0.8541913847584621,1.2217787452911284
8553,0.8496760552704868,1.2193376297298126
8554,0.8451816774372299,1.2169013915206415
8555,0.8407081617724885,1.214470020918659
8556,0.8362554191589725,1.2120435081983794
8557,0.8318233608468072,1.2096218436537487
8558,0.8274118984520448,1.2072050175981057
8559,0.8230209439551792,1.2047930203641424
8560,0.8186504096996673,1.202385842303867
8561,0.8143002083904592,1.199983473788564
8562,0.8099702530925307,1.1975859052087563
8563,0.8056604572294224,1.195193126974166
8564,0.8013707345817852,1.1928051295136772
8565,0.7971009992859339,1.1904219032752972
8566,0.7928511658324026,1.1880434387261172
8567,0.788621149064507,1.1856697263522762
8568,0.7844108641769157,1.1833007566589215
8569,0.7802202267142232,1.1809365201701711
8570,0.7760491525695302,1.1785770074290762
8571,0.771897557983031,1.1762222089975822
8572,0.7677653595406025,1.1738721154564926
8573,0.7636524741724054,1.17152671740543
8574,0.7595588191514842,1.169186005462799
8575,0.7554843120923767,1.1668499702657489
8576,0.7514288709497297,1.1645186024701355
8577,0.7473924140169161,1.1621918927504848
8578,0.7433748599246635,1.1598698317999547
8579,0.7393761276396824,1.1575524103302983
8580,0.7353961364633043,1.1552396190718266
8581,0.731434806030123,1.1529314487733715
8582,0.7274920563066424,1.1506278902022486
8583,0.7235678075899287,1.1483289341442209
8584,0.7196619805062697,1.1460345714034608
8585,0.7157744960098374,1.1437447928025142
8586,0.7119052753813575,1.1414595891822639
8587,0.7080542402267842,1.1391789514018922
8588,0.7042213124759793,1.136902870338845
8589,0.7004064143813976,1.1346313368887952
8590,0.6966094685167775,1.1323643419656058
8591,0.6928303977758358,1.130101876501294
8592,0.6890691253709695,1.127843931445995
8593,0.6853255748319611,1.1255904977679256
8594,0.6815996700046911,1.1233415664533482
8595,0.677891335049853,1.121097128506534
8596,0.6742004944416757,1.118857174949729
8597,0.6705270729666509,1.1166216968231155
8598,0.6668709957222643,1.114390685184778
8599,0.6632321881157321,1.1121641311106674
8600,0.6596105758627452,1.109942025694564
8601,0.6560060849862137,1.107724360048043
8602,0.6524186418150206,1.1055111253004395
8603,0.6488481729827803,1.103302312598811
8604,0.6452946054265979,1.1010979131079042
8605,0.6417578663858391,1.0988979180101177
8606,0.6382378834009007,1.0967023185054687
8607,0.6347345843119893,1.0945111058115558
8608,0.6312478972579011,1.0923242711635255
8609,0.6277777506748118,1.0901418058140364
8610,0.6243240732950663,1.087963701033224
8611,0.6208867941459758,1.0857899481086664
8612,0.6174658425486205,1.083620538345349
8613,0.6140611481166545,1.0814554630656297
8614,0.6106726407551176,1.0792947136092046
8615,0.6073002506592521,1.0771382813330732
8616,0.6039439083133228,1.0749861576115032
8617,0.6006035444894415,1.0728383338359968
8618,0.5972790902463996,1.0706948014152564
8619,0.5939704769285015,1.0685555517751493
8620,0.590677636164404,1.0664205763586738
8621,0.5874004998659617,1.0642898666259257
8622,0.5841390002270753,1.0621634140540632
8623,0.5808930697225454,1.0600412101372731
8624,0.5776626411069306,1.057923246386737
8625,0.5744476474134104,1.055809514330597
8626,0.5712480219526529,1.053700005513922
8627,0.5680636983116861,1.0515947114986741
8628,0.5648946103527751,1.0494936238636743
8629,0.5617406922123028,1.0473967342045691
8630,0.5586018782996554,1.0453040341337976
8631,0.5554781032961128,1.043215515280556
8632,0.5523693021537424,1.0411311692907668
8633,0.5492754100942991,1.0390509878270426
8634,0.5461963626081274,1.0369749625686553
8635,0.5431320954530708,1.0349030852115009
8636,0.5400825446533825,1.0328353474680672
8637,0.5370476464986427,1.0307717410674004
8638,0.5340273375426797,1.0287122577550725
8639,0.5310215546024951,1.0266568892931471
8640,0.528030234757193,1.0246056274601476
8641,0.5250533153469141,1.0225584640510244
8642,0.5220907339717754,1.0205153908771205
8643,0.5191424284908097,1.018476399766141
8644,0.5162083370209156,1.0164414825621184
8645,0.5132883979358062,1.0144106311253813
8646,0.5103825498649656,1.0123838373325214
8647,0.5074907316926082,1.0103610930763605
8648,0.5046128825566416,1.008342390265919
8649,0.5017489418476354,1.0063277208263832
8650,0.4988988492077931,1.0043170766990726
8651,0.4960625445299272,1.0023104498414077
8652,0.4932399679564404,1.0003078322268786
8653,0.49043105987830987,0.9983092158450121
8654,0.4876357609340758,0.9963145927013402
8655,0.48485401200883316,0.9943239548173674
8656,0.4820857542332297,0.9923372942305395
8657,0.4793309289824646,0.9903546029942119
8658,0.4765894778752958,0.9883758731776167
8659,0.4738613427730461,0.9864010968658319
8660,0.4711464657786171,0.9844302661597499
8661,0.4684447892355061,0.9824633731760452
8662,0.46575625572682594,0.980500410047143
8663,0.4630808080743298,0.9785413689211883
8664,0.4604183893374402,0.9765862419620139
8665,0.4577689428122808,0.9746350213491097
8666,0.4551324120307137,0.9726876992775904
8667,0.4525087407593778,0.9707442679581649
8668,0.4498978729987346,0.9688047196171058
8669,0.4472997529821156,0.9668690464962167
8670,0.4447143251747734,0.964937240852803
8671,0.44214153427293845,0.9630092949596392
8672,0.43958132520287774,0.9610852011049392
8673,0.437033643119958,0.9591649515923251
8674,0.4344984334077122,0.9572485387407961
8675,0.43197564167691166,0.9553359548846986
8676,0.42946521376463975,0.9534271923736943
8677,0.4269670957333689,0.9515222435727307
8678,0.42448123387004477,0.9496211008620101
8679,0.42200757468516986,0.9477237566369592
8680,0.41954606491189467,0.9458302033081984
8681,0.4170966515051089,0.943940433301512
8682,0.414659281640539,0.9420544390578174
8683,0.41223390271384847,0.940172213033135
8684,0.40982046233974173,0.9382937476985584
8685,0.4074189083510709,0.9364190355402238
8686,0.4050291887979485,0.9345480690592797
8687,0.40265125194686047,0.932680840771858
8688,0.4002850462797852,0.9308173432090429
8689,0.39793052049331545,0.9289575689168417
8690,0.3955876234977836,0.9271015104561547
8691,0.39325630441639087,0.9252491604027459
8692,0.3909365125843387,0.9234005113472122
8693,0.3886281975479658,0.9215555558949552
8694,0.38633130906388685,0.9197142866661504
8695,0.38404579709813574,0.9178766962957187
8696,0.38177161182531183,0.9160427774332959
8697,0.37950870362772937,0.9142125227432042
8698,0.3772570230945712,0.9123859249044225
8699,0.37501652102104505,0.9105629766105569
8700,0.37278714840754346,0.9087436705698118
8701,0.37056885645880744,0.9069279995049607
8702,0.3683615965830937,0.9051159561533169
8703,0.36616532039134286,0.9033075332667043
8704,0.36397997969635565,0.9015027236114295
8705,0.3618055265119677,0.899701519968251
8706,0.3596419130522305,0.897903915132352
8707,0.35748909173059473,0.8961099019133107
8708,0.3553470151590969,0.8943194731350719
8709,0.35321563614754936,0.8925326216359181
8710,0.3510949077027341,0.8907493402684408
8711,0.34898478302759794,0.8889696218995122
8712,0.34688521552045437,0.8871934594102566
8713,0.3447961587741846,0.8854208456960216
8714,0.3427175665754453,0.8836517736663498
8715,0.340649392903876,0.881886236244951
8716,0.338591591931315,0.880124226369673
8717,0.3365441180210117,0.8783657369924739
8718,0.33450692572684754,0.876610761079394
8719,0.332479969792558,0.8748592916105271
8720,0.330463205150957,0.8731113215799933
8721,0.3284565869231664,0.8713668439959099
8722,0.3264600704178464,0.8696258518803642
8723,0.3244736111304307,0.8678883382693856
8724,0.32249716474236406,0.8661542962129173
8725,0.32053068712034377,0.8644237187747886
8726,0.31857413431556175,0.8626965990326877
8727,0.3166274625629534,0.8609729300781332
8728,0.31469062828044614,0.8592527050164469
8729,0.3127635880682129,0.8575359169667264
8730,0.31084629870792846,0.855822559061817
8731,0.30893871716202714,0.8541126244482852
8732,0.3070408005729664,0.8524061062863899
8733,0.30515250626249024,0.8507029977500563
8734,0.3032737917308986,0.8490032920268479
8735,0.30140461465631646,0.8473069823179397
8736,0.2995449328939696,0.8456140618380904
8737,0.2976947044754596,0.843924523815616
8738,0.2958538876080447,0.8422383614923621
8739,0.29402244067392147,0.8405555681236772
8740,0.2922003222295113,0.8388761369783855
8741,0.29038749100474764,0.8372000613387601
8742,0.2885839059023677,0.8355273345004965
8743,0.28678952599720664,0.8338579497726848
8744,0.2850043105354944,0.8321919004777841
8745,0.2832282189341558,0.8305291799515949
8746,0.2814612107801119,0.8288697815432329
8747,0.27970324582958683,0.8272136986151021
8748,0.27795428400741573,0.8255609245428688
8749,0.27621428540635495,0.8239114527154343
8750,0.2744832102863967,0.8222652765349093
8751,0.2727610190740854,0.8206223894165868
8752,0.27104767236183624,0.8189827847889162
8753,0.2693431309072584,0.8173464560934768
8754,0.26764735563247977,0.8157133967849514
8755,0.2659603076234727,0.8140836003311008
8756,0.2642819481293871,0.812457060212737
8757,0.2626122385618807,0.8108337699236974
8758,0.26095114049445695,0.8092137229708185
8759,0.25929861566180146,0.8075969128739104
8760,0.2576546259591242,0.8059833331657307
8761,0.2560191334415028,0.8043729773919581
8762,0.2543921003232287,0.8027658391111677
8763,0.2527734889771567,0.8011619118948041
8764,0.25116326193405536,0.7995611893271565
8765,0.24956138188196308,0.797963665005332
8766,0.24796781166554252,0.7963693325392316
8767,0.24638251428544228,0.7947781855515231
8768,0.24480545289765746,0.7931902176776165
8769,0.2432365908128948,0.7916054225656384
8770,0.24167589149593988,0.7900237938764058
8771,0.2401233185650262,0.788445325283402
8772,0.23857883579120845,0.7868700104727508
8773,0.23704240709773652,0.7852978431431907
8774,0.23551399655943298,0.7837288170060502
8775,0.23399356840207286,0.7821629257852226
8776,0.23248108700176612,0.7806001632171411
8777,0.23097651688434268,0.7790405230507532
8778,0.22947982272473924,0.7774839990474963
8779,0.2279909693463895,0.7759305849812722
8780,0.226509921720616,0.7743802746384226
8781,0.2250366449660253,0.7728330618177041
8782,0.22357110434790475,0.7712889403302633
8783,0.22211326527762248,0.7697479039996121
8784,0.22066309331202882,0.7682099466616034
8785,0.21922055415286149,0.7666750621644055
8786,0.21778561364615176,0.7651432443684786
8787,0.21635823778163418,0.7636144871465492
8788,0.21493839269215786,0.7620887843835867
8789,0.21352604465310093,0.7605661299767777
8790,0.21212116008178614,0.7590465178355029
8791,0.2107237055369007,0.7575299418813114
8792,0.20933364771791618,0.7560163960478974
8793,0.2079509534645128,0.7545058742810757
8794,0.20657558975600504,0.7529983705387572
8795,0.20520752371076917,0.7514938787909248
8796,0.2038467225856743,0.7499923930196095
8797,0.20249315377551472,0.7484939072188662
8798,0.201146784812445,0.7469984153947498
8799,0.19980758336541726,0.745505911565291
8800,0.1984755172396209,0.7440163897604726
8801,0.1971505543759239,0.7425298440222051
8802,0.1958326628503172,0.7410462684043038
8803,0.19452181087336118,0.7395656569724641
8804,0.19321796678963402,0.7380880038042384
8805,0.19192109907718244,0.7366133029890122
8806,0.19063117634697496,0.73514154862798
8807,0.18934816734235668,0.7336727348341224
8808,0.18807204093850707,0.7322068557321826
8809,0.1868027661418997,0.7307439054586418
8810,0.18554031208976332,0.729283878161697
8811,0.18428464804954675,0.7278267680012375
8812,0.1830357434183847,0.7263725691488204
8813,0.18179356772256566,0.7249212757876484
8814,0.1805580906170028,0.723472882112546
8815,0.17932928188470632,0.7220273823299368
8816,0.17810711143625865,0.7205847706578196
8817,0.17689154930929069,0.7191450413257457
8818,0.17568256566796112,0.7177081885747961
8819,0.17448013080243746,0.7162742066575578
8820,0.17328421512837916,0.7148430898381011
8821,0.17209478918642282,0.7134148323919568
8822,0.17091182364166974,0.7119894286060933
8823,0.16973528928317522,0.7105668727788935
8824,0.16856515702344016,0.7091471592201323
8825,0.16740139789790429,0.7077302822509536
8826,0.16624398306444227,0.7063162362038474
8827,0.16509288380286075,0.7049050154226278
8828,0.1639480715143985,0.7034966142624097
8829,0.16280951772122787,0.7020910270895867
8830,0.16167719406595876,0.7006882482818083
8831,0.16055107231114407,0.6992882722279572
8832,0.15943112433878726,0.6978910933281274
8833,0.15831732214985259,0.6964967059936014
8834,0.15720963786377637,0.695105104646828
8835,0.15610804371798087,0.6937162837214
8836,0.15501251206738997,0.6923302376620318
8837,0.1539230153839464,0.6909469609245374
8838,0.1528395262561318,0.6895664479758081
8839,0.15176201738848802,0.6881886932937901
8840,0.15069046160114022,0.6868136913674628
8841,0.14962483182932282,0.6854414366968167
8842,0.14856510112290613,0.6840719237928313
8843,0.14751124264592644,0.6827051471774532
8844,0.14646322967611614,0.6813411013835742
8845,0.14542103560443742,0.6799797809550091
8846,0.1443846339346167,0.6786211804464745
8847,0.14335399828268178,0.6772652944235664
8848,0.14232910237650026,0.6759121174627392
8849,0.1413099200553202,0.6745616441512828
8850,0.14029642526931224,0.6732138690873026
8851,0.1392885920791143,0.6718687868796964
8852,0.1382863946553771,0.6705263921481334
8853,0.1372898072783123,0.669186679523033
8854,0.1362988043372427,0.667849643645543
8855,0.13531336033015298,0.6665152791675181
8856,0.13433344986324372,0.6651835807514985
8857,0.13335904765048626,0.6638545430706889
8858,0.13239012851317983,0.6625281608089367
8859,0.1314266673795103,0.661204428660711
8860,0.1304686392841107,0.6598833413310817
8861,0.12951601936762389,0.6585648935356975
8862,0.12856878287626608,0.6572490800007654
8863,0.1276269051613933,0.6559358954630298
8864,0.12669036167906886,0.6546253346697506
8865,0.12575912798963262,0.6533173923786829
8866,0.12483317975727219,0.6520120633580558
8867,0.12391249274959593,0.6507093423865515
8868,0.12299704283720744,0.6494092242532845
8869,0.12208680599328207,0.6481117037577802
8870,0.1211817582931445,0.646816775709955
8871,0.12028187591384924,0.6455244349300951
8872,0.11938713513376156,0.6442346762488358
8873,0.1184975123321408,0.6429474945071404
8874,0.11761298398872509,0.6416628845562803
8875,0.11673352668331811,0.640380841257814
8876,0.1158591170953772,0.6391013594835666
8877,0.11498973200360307,0.6378244341156092
8878,0.11412534828553157,0.6365500600462387
8879,0.11326594291712688,0.6352782321779571
8880,0.11241149297237611,0.6340089454234512
8881,0.11156197562288601,0.6327421947055725
8882,0.1107173681374811,0.6314779749573161
8883,0.10987764788180306,0.6302162811218016
8884,0.10904279231791272,0.6289571081522518
8885,0.1082127790038923,0.6277004510119734
8886,0.10738758559345075,0.6264463046743358
8887,0.10656718983552929,0.6251946641227522
8888,0.10575156957390959,0.6239455243506586
8889,0.10494070274682318,0.6226988803614945
8890,0.10413456738656211,0.621454727168682
8891,0.10333314161909178,0.6202130597956068
8892,0.10253640366366487,0.6189738732755978
8893,0.10174433183243715,0.6177371626519071
8894,0.1009569045300845,0.6165029229776907
8895,0.10017410025342202,0.6152711493159883
8896,0.09939589759102417,0.6140418367397034
8897,0.0986222752228465,0.6128149803315842
8898,0.09785321191984943,0.6115905751842035
8899,0.09708868654362275,0.6103686163999389
8900,0.09632867804601242,0.6091490990909537
8901,0.09557316546874833,0.6079320183791772
8902,0.09482212794307393,0.6067173693962846
8903,0.09407554468937693,0.6055051472836787
8904,0.0933333950168222,0.6042953471924692
8905,0.09259565832298541,0.6030879642834542
8906,0.09186231409348844,0.6018829937271005
8907,0.09113334190163662,0.6006804307035242
8908,0.09040872140805681,0.5994802704024715
8909,0.08968843236033748,0.5982825080232999
8910,0.08897245459266995,0.597087138774958
8911,0.08826076802549117,0.5958941578759674
8912,0.08755335266512795,0.5947035605544029
8913,0.08685018860344261,0.5935153420478734
8914,0.08615125601748011,0.5923294976035034
8915,0.0854565351691167,0.5911460224779137
8916,0.08476600640470984,0.5899649119372021
8917,0.0840796501547494,0.5887861612569248
8918,0.0833974469335106,0.5876097657220777
8919,0.08271937733870842,0.5864357206270768
8920,0.08204542205115281,0.5852640212757404
8921,0.08137556183440607,0.5840946629812696
8922,0.08070977753444114,0.5829276410662293
8923,0.08004805007930109,0.5817629508625305
8924,0.07939036047876077,0.580600587711411
8925,0.07873668982398925,0.5794405469634164
8926,0.07808701928721333,0.5782828239783822
8927,0.07744133012138323,0.577127414125415
8928,0.07679960365983927,0.5759743127828738
8929,0.07616182131597947,0.5748235153383516
8930,0.0755279645829292,0.5736750171886573
8931,0.07489801503321189,0.5725288137397967
8932,0.0742719543184208,0.5713849004069543
8933,0.07364976416889253,0.5702432726144755
8934,0.07303142639338173,0.5691039257958475
8935,0.07241692287873698,0.5679668553936814
8936,0.07180623558957817,0.5668320568596943
8937,0.07119934656797514,0.5656995256546902
8938,0.07059623793312737,0.5645692572485431
8939,0.0699968918810458,0.5634412471201777
8940,0.06940129068423456,0.5623154907575522
8941,0.06880941669137544,0.5611919836576393
8942,0.06822125232701254,0.5600707213264093
8943,0.06763678009123887,0.5589516992788115
8944,0.06705598255938403,0.5578349130387559
8945,0.0664788423817028,0.5567203581390964
8946,0.06590534228306591,0.5556080301216116
8947,0.06533546506265073,0.5544979245369882
8948,0.06476919359363455,0.5533900369448023
8949,0.06420651082288827,0.552284362913502
8950,0.0636473997706716,0.5511808980203897
8951,0.06309184353032943,0.5500796378516045
8952,0.06253982526798968,0.548980578002104
8953,0.06199132822226179,0.5478837140756476
8954,0.06144633570393743,0.5467890416847779
8955,0.060904831095691066,0.5456965564508041
8956,0.06036679785178315,0.5446062540037836
8957,0.0598322194977635,0.5435181299825053
8958,0.059301079630176334,0.5424321800344716
8959,0.05877336191626645,0.5413483998158813
8960,0.05824905009368652,0.5402667849916121
8961,0.05772812797020555,0.5391873312352032
8962,0.05721057942341883,0.5381100342288381
8963,0.056696388400458445,0.5370348896633275
8964,0.05618553891770583,0.5359618932380915
8965,0.0556780150605045,0.5348910406611431
8966,0.0551738009828748,0.5338223276490706
8967,0.05467288090722931,0.5327557499270205
8968,0.05417523912408969,0.5316913032286803
8969,0.05368085999180429,0.530628983296262
8970,0.05318972793626748,0.5295687858804843
8971,0.05270182745063964,0.5285107067405562
8972,0.052217143095068495,0.52745474164416
8973,0.051735659496411554,0.5264008863674333
8974,0.05125736134795946,0.5253491366949542
8975,0.05078223340916116,0.5242994884197222
8976,0.05031026050534909,0.523251937343143
8977,0.04984142752746666,0.5222064792750108
8978,0.049375719431795834,0.521163110033492
8979,0.048913121239686504,0.5201218254451083
8980,0.04845361803728674,0.5190826213447198
8981,0.047997194975273896,0.5180454935755089
8982,0.04754383726858729,0.5170104379889628
8983,0.04709353019616149,0.5159774504448582
8984,0.04664625910066119,0.5149465268112433
8985,0.046202009388216544,0.5139176629644222
8986,0.045760766528160135,0.5128908547889383
8987,0.0453225160527648,0.5118660981775572
8988,0.04488724355698233,0.5108433890312515
8989,0.044454934698183665,0.509822723259183
8990,0.0440255751958997,0.5088040967786872
8991,0.04359915083156338,0.507787505515257
8992,0.04317564744825295,0.5067729454025259
8993,0.042755050950435976,0.5057604123822521
8994,0.042337347303714454,0.5047499024043023
8995,0.041922522534571315,0.503741411426635
8996,0.04151056273011735,0.502734935415285
8997,0.041101454037839796,0.501730470344347
8998,0.040695182665351486,0.5007280121959595
8999,0.04029173488014128,0.4997275569602883
