k,x,vm
0,0.0,0.0
1,0.0,0.0
2,0.0,0.0
3,0.0,0.0
4,0.0,0.0
5,0.0,0.0
6,0.0,0.0
7,0.0,0.0
8,0.0,0.0
9,0.0,0.0
10,0.0,0.0
11,0.0,0.0
12,0.0,0.0
13,0.0,0.0
14,0.0,0.0
15,0.0,0.0
16,0.0,0.0
17,0.0,0.0
18,0.0,0.0
19,0.0,0.0
20,0.0,0.0
21,0.0,0.0
22,0.0,0.0
23,0.0,0.0
24,0.0,0.0
25,0.0,0.0
26,0.0,0.0
27,0.0,0.0
28,0.0,0.0
29,0.0,0.0
30,0.0,0.0
31,0.0,0.0
32,0.0,0.0
33,0.0,0.0
34,0.0,0.0
35,0.0,0.0
36,0.0,0.0
37,0.0,0.0
38,0.0,0.0
39,0.0,0.0
40,0.0,0.0
41,0.0,0.0
42,0.0,0.0
43,0.0,0.0
44,0.0,0.0
45,0.0,0.0
46,0.0,0.0
47,0.0,0.0
48,0.0,0.0
49,0.0,0.0
50,0.0,0.0
51,0.0,0.0
52,0.0,0.0
53,0.0,0.0
54,0.0,0.0
55,0.0,0.0
56,0.0,0.0
57,0.0,0.0
58,0.0,0.0
59,0.0,0.0
60,0.0,0.0
61,0.0,0.0
62,0.0,0.0
63,0.0,0.0
64,0.0,0.0
65,0.0,0.0
66,0.0,0.0
67,0.0,0.0
68,0.0,0.0
69,0.0,0.0
70,0.0,0.0
71,0.0,0.0
72,0.0,0.0
73,0.0,0.0
74,0.0,0.0
75,0.0,0.0
76,0.0,0.0
77,0.0,0.0
78,0.0,0.0
79,0.0,0.0
80,0.0,0.0
81,0.0,0.0
82,0.0,0.0
83,0.0,0.0
84,0.0,0.0
85,0.0,0.0
86,0.0,0.0
87,0.0,0.0
88,0.0,0.0
89,0.0,0.0
90,0.0,0.0
91,0.0,0.0
92,0.0,0.0
93,0.0,0.0
94,0.0,0.0
95,0.0,0.0
96,0.0,0.0
97,0.0,0.0
98,0.0,0.0
99,0.0,0.0
100,0.0,0.0
101,0.0,0.0
102,0.0,0.0
103,0.0,0.0
104,0.0,0.0
105,0.0,0.0
106,0.0,0.0
107,0.0,0.0
108,0.0,0.0
109,0.0,0.0
110,0.0,0.0
111,0.0,0.0
112,0.0,0.0
113,0.0,0.0
114,0.0,0.0
115,0.0,0.0
116,0.0,0.0
117,0.0,0.0
118,0.0,0.0
119,0.0,0.0
120,0.0,0.0
121,0.0,0.0
122,0.0,0.0
123,0.0,0.0
124,0.0,0.0
125,0.0,0.0
126,0.0,0.0
127,0.0,0.0
128,0.0,0.0
129,0.0,0.0
130,0.0,0.0
131,0.0,0.0
132,0.0,0.0
133,0.0,0.0
134,0.0,0.0
135,0.0,0.0
136,0.0,0.0
137,0.0,0.0
138,0.0,0.0
139,0.0,0.0
140,0.0,0.0
141,0.0,0.0
142,0.0,0.0
143,0.0,0.0
144,0.0,0.0
145,0.0,0.0
146,0.0,0.0
147,0.0,0.0
148,0.0,0.0
149,0.0,0.0
150,0.0,0.0
151,0.0,0.0
152,0.0,0.0
153,0.0,0.0
154,0.0,0.0
155,0.0,0.0
156,0.0,0.0
157,0.0,0.0
158,0.0,0.0
159,0.0,0.0
160,0.0,0.0
161,0.0,0.0
162,0.0,0.0
163,0.0,0.0
164,0.0,0.0
165,0.0,0.0
166,0.0,0.0
167,0.0,0.0
168,0.0,0.0
169,0.0,0.0
170,0.0,0.0
171,0.0,0.0
172,0.0,0.0
173,0.0,0.0
174,0.0,0.0
175,0.0,0.0
176,0.0,0.0
177,0.0,0.0
178,0.0,0.0
179,0.0,0.0
180,0.0,0.0
181,0.0,0.0
182,0.0,0.0
183,0.0,0.0
184,0.0,0.0
185,0.0,0.0
186,0.0,0.0
187,0.0,0.0
188,0.0,0.0
189,0.0,0.0
190,0.0,0.0
191,0.0,0.0
192,0.0,0.0
193,0.0,0.0
194,0.0,0.0
195,0.0,0.0
196,0.0,0.0
197,0.0,0.0
198,0.0,0.0
199,0.0,0.0
200,0.0,0.0
201,0.0,0.0
202,0.0,0.0
203,0.0,0.0
204,0.0,0.0
205,0.0,0.0
206,0.0,0.0
207,0.0,0.0
208,0.0,0.0
209,0.0,0.0
210,0.0,0.0
211,0.0,0.0
212,0.0,0.0
213,0.0,0.0
214,0.0,0.0
215,0.0,0.0
216,0.0,0.0
217,0.0,0.0
218,0.0,0.0
219,0.0,0.0
220,0.0,0.0
221,0.0,0.0
222,0.0,0.0
223,0.0,0.0
224,0.0,0.0
225,0.0,0.0
226,0.0,0.0
227,0.0,0.0
228,0.0,0.0
229,0.0,0.0
230,0.0,0.0
231,0.0,0.0
232,0.0,0.0
233,0.0,0.0
234,0.0,0.0
235,0.0,0.0
236,0.0,0.0
237,0.0,0.0
238,0.0,0.0
239,0.0,0.0
240,0.0,0.0
241,0.0,0.0
242,0.0,0.0
243,0.0,0.0
244,0.0,0.0
245,0.0,0.0
246,0.0,0.0
247,0.0,0.0
248,0.0,0.0
249,0.0,0.0
250,0.0,0.0
251,0.0,0.0
252,0.0,0.0
253,0.0,0.0
254,0.0,0.0
255,0.0,0.0
256,0.0,0.0
257,0.0,0.0
258,0.0,0.0
259,0.0,0.0
260,0.0,0.0
261,0.0,0.0
262,0.0,0.0
263,0.0,0.0
264,0.0,0.0
265,0.0,0.0
266,0.0,0.0
267,0.0,0.0
268,0.0,0.0
269,0.0,0.0
270,0.0,0.0
271,0.0,0.0
272,0.0,0.0
273,0.0,0.0
274,0.0,0.0
275,0.0,0.0
276,0.0,0.0
277,0.0,0.0
278,0.0,0.0
279,0.0,0.0
280,0.0,0.0
281,0.0,0.0
282,0.0,0.0
283,0.0,0.0
284,0.0,0.0
285,0.0,0.0
286,0.0,0.0
287,0.0,0.0
288,0.0,0.0
289,0.0,0.0
290,0.0,0.0
291,0.0,0.0
292,0.0,0.0
293,0.0,0.0
294,0.0,0.0
295,0.0,0.0
296,0.0,0.0
297,0.0,0.0
298,0.0,0.0
299,0.0,0.0
300,0.0,0.0
301,0.0,0.0
302,0.0,0.0
303,0.0,0.0
304,0.0,0.0
305,0.0,0.0
306,0.0,0.0
307,0.0,0.0
308,0.0,0.0
309,0.0,0.0
310,0.0,0.0
311,0.0,0.0
312,0.0,0.0
313,0.0,0.0
314,0.0,0.0
315,0.0,0.0
316,0.0,0.0
317,0.0,0.0
318,0.0,0.0
319,0.0,0.0
320,0.0,0.0
321,0.0,0.0
322,0.0,0.0
323,0.0,0.0
324,0.0,0.0
325,0.0,0.0
326,0.0,0.0
327,0.0,0.0
328,0.0,0.0
329,0.0,0.0
330,0.0,0.0
331,0.0,0.0
332,0.0,0.0
333,0.0,0.0
334,0.0,0.0
335,0.0,0.0
336,0.0,0.0
337,0.0,0.0
338,0.0,0.0
339,0.0,0.0
340,0.0,0.0
341,0.0,0.0
342,0.0,0.0
343,0.0,0.0
344,0.0,0.0
345,0.0,0.0
346,0.0,0.0
347,0.0,0.0
348,0.0,0.0
349,0.0,0.0
350,0.0,0.0
351,0.0,0.0
352,0.0,0.0
353,0.0,0.0
354,0.0,0.0
355,0.0,0.0
356,0.0,0.0
357,0.0,0.0
358,0.0,0.0
359,0.0,0.0
360,0.0,0.0
361,0.0,0.0
362,0.0,0.0
363,0.0,0.0
364,0.0,0.0
365,0.0,0.0
366,0.0,0.0
367,0.0,0.0
368,0.0,0.0
369,0.0,0.0
370,0.0,0.0
371,0.0,0.0
372,0.0,0.0
373,0.0,0.0
374,0.0,0.0
375,0.0,0.0
376,0.0,0.0
377,0.0,0.0
378,0.0,0.0
379,0.0,0.0
380,0.0,0.0
381,0.0,0.0
382,0.0,0.0
383,0.0,0.0
384,0.0,0.0
385,0.0,0.0
386,0.0,0.0
387,0.0,0.0
388,0.0,0.0
389,0.0,0.0
390,0.0,0.0
391,0.0,0.0
392,0.0,0.0
393,0.0,0.0
394,0.0,0.0
395,0.0,0.0
396,0.0,0.0
397,0.0,0.0
398,0.0,0.0
399,0.0,0.0
400,0.0,0.0
401,0.0,0.0
402,0.0,0.0
403,0.0,0.0
404,0.0,0.0
405,0.0,0.0
406,0.0,0.0
407,0.0,0.0
408,0.0,0.0
409,0.0,0.0
410,0.0,0.0
411,0.0,0.0
412,0.0,0.0
413,0.0,0.0
414,0.0,0.0
415,0.0,0.0
416,0.0,0.0
417,0.0,0.0
418,0.0,0.0
419,0.0,0.0
420,0.0,0.0
421,0.0,0.0
422,0.0,0.0
423,0.0,0.0
424,0.0,0.0
425,0.0,0.0
426,0.0,0.0
427,0.0,0.0
428,0.0,0.0
429,0.0,0.0
430,0.0,0.0
431,0.0,0.0
432,0.0,0.0
433,0.0,0.0
434,0.0,0.0
435,0.0,0.0
436,0.0,0.0
437,0.0,0.0
438,0.0,0.0
439,0.0,0.0
440,0.0,0.0
441,0.0,0.0
442,0.0,0.0
443,0.0,0.0
444,0.0,0.0
445,0.0,0.0
446,0.0,0.0
447,0.0,0.0
448,0.0,0.0
449,0.0,0.0
450,0.0,0.0
451,0.0,0.0
452,0.0,0.0
453,0.0,0.0
454,0.0,0.0
455,0.0,0.0
456,0.0,0.0
457,0.0,0.0
458,0.0,0.0
459,0.0,0.0
460,0.0,0.0
461,0.0,0.0
462,0.0,0.0
463,0.0,0.0
464,0.0,0.0
465,0.0,0.0
466,0.0,0.0
467,0.0,0.0
468,0.0,0.0
469,0.0,0.0
470,0.0,0.0
471,0.0,0.0
472,0.0,0.0
473,0.0,0.0
474,0.0,0.0
475,0.0,0.0
476,0.0,0.0
477,0.0,0.0
478,0.0,0.0
479,0.0,0.0
480,0.0,0.0
481,0.0,0.0
482,0.0,0.0
483,0.0,0.0
484,0.0,0.0
485,0.0,0.0
486,0.0,0.0
487,0.0,0.0
488,0.0,0.0
489,0.0,0.0
490,0.0,0.0
491,0.0,0.0
492,0.0,0.0
493,0.0,0.0
494,0.0,0.0
495,0.0,0.0
496,0.0,0.0
497,0.0,0.0
498,0.0,0.0
499,0.0,0.0
500,0.0,0.0
501,0.0,0.0
502,0.0,0.0
503,0.0,0.0
504,0.0,0.0
505,0.0,0.0
506,0.0,0.0
507,0.0,0.0
508,0.0,0.0
509,0.0,0.0
510,0.0,0.0
511,0.0,0.0
512,0.0,0.0
513,0.0,0.0
514,0.0,0.0
515,0.0,0.0
516,0.0,0.0
517,0.0,0.0
518,0.0,0.0
519,0.0,0.0
520,0.0,0.0
521,0.0,0.0
522,0.0,0.0
523,0.0,0.0
524,0.0,0.0
525,0.0,0.0
526,0.0,0.0
527,0.0,0.0
528,0.0,0.0
529,0.0,0.0
530,0.0,0.0
531,0.0,0.0
532,0.0,0.0
533,0.0,0.0
534,0.0,0.0
535,0.0,0.0
536,0.0,0.0
537,0.0,0.0
538,0.0,0.0
539,0.0,0.0
540,0.0,0.0
541,0.0,0.0
542,0.0,0.0
543,0.0,0.0
544,0.0,0.0
545,0.0,0.0
546,0.0,0.0
547,0.0,0.0
548,0.0,0.0
549,0.0,0.0
550,0.0,0.0
551,0.0,0.0
552,0.0,0.0
553,0.0,0.0
554,0.0,0.0
555,0.0,0.0
556,0.0,0.0
557,0.0,0.0
558,0.0,0.0
559,0.0,0.0
560,0.0,0.0
561,0.0,0.0
562,0.0,0.0
563,0.0,0.0
564,0.0,0.0
565,0.0,0.0
566,0.0,0.0
567,0.0,0.0
568,0.0,0.0
569,0.0,0.0
570,0.0,0.0
571,0.0,0.0
572,0.0,0.0
573,0.0,0.0
574,0.0,0.0
575,0.0,0.0
576,0.0,0.0
577,0.0,0.0
578,0.0,0.0
579,0.0,0.0
580,0.0,0.0
581,0.0,0.0
582,0.0,0.0
583,0.0,0.0
584,0.0,0.0
585,0.0,0.0
586,0.0,0.0
587,0.0,0.0
588,0.0,0.0
589,0.0,0.0
590,0.0,0.0
591,0.0,0.0
592,0.0,0.0
593,0.0,0.0
594,0.0,0.0
595,0.0,0.0
596,0.0,0.0
597,0.0,0.0
598,0.0,0.0
599,0.0,0.0
600,0.0,0.0
601,0.0,0.0
602,0.0,0.0
603,0.0,0.0
604,0.0,0.0
605,0.0,0.0
606,0.0,0.0
607,0.0,0.0
608,0.0,0.0
609,0.0,0.0
610,0.0,0.0
611,0.0,0.0
612,0.0,0.0
613,0.0,0.0
614,0.0,0.0
615,0.0,0.0
616,0.0,0.0
617,0.0,0.0
618,0.0,0.0
619,0.0,0.0
620,0.0,0.0
621,0.0,0.0
622,0.0,0.0
623,0.0,0.0
624,0.0,0.0
625,0.0,0.0
626,0.0,0.0
627,0.0,0.0
628,0.0,0.0
629,0.0,0.0
630,0.0,0.0
631,0.0,0.0
632,0.0,0.0
633,0.0,0.0
634,0.0,0.0
635,0.0,0.0
636,0.0,0.0
637,0.0,0.0
638,0.0,0.0
639,0.0,0.0
640,0.0,0.0
641,0.0,0.0
642,0.0,0.0
643,0.0,0.0
644,0.0,0.0
645,0.0,0.0
646,0.0,0.0
647,0.0,0.0
648,0.0,0.0
649,0.0,0.0
650,0.0,0.0
651,0.0,0.0
652,0.0,0.0
653,0.0,0.0
654,0.0,0.0
655,0.0,0.0
656,0.0,0.0
657,0.0,0.0
658,0.0,0.0
659,0.0,0.0
660,0.0,0.0
661,0.0,0.0
662,0.0,0.0
663,0.0,0.0
664,0.0,0.0
665,0.0,0.0
666,0.0,0.0
667,0.0,0.0
668,0.0,0.0
669,0.0,0.0
670,0.0,0.0
671,0.0,0.0
672,0.0,0.0
673,0.0,0.0
674,0.0,0.0
675,0.0,0.0
676,0.0,0.0
677,0.0,0.0
678,0.0,0.0
679,0.0,0.0
680,0.0,0.0
681,0.0,0.0
682,0.0,0.0
683,0.0,0.0
684,0.0,0.0
685,0.0,0.0
686,0.0,0.0
687,0.0,0.0
688,0.0,0.0
689,0.0,0.0
690,0.0,0.0
691,0.0,0.0
692,0.0,0.0
693,0.0,0.0
694,0.0,0.0
695,0.0,0.0
696,0.0,0.0
697,0.0,0.0
698,0.0,0.0
699,0.0,0.0
700,0.0,0.0
701,0.0,0.0
702,0.0,0.0
703,0.0,0.0
704,0.0,0.0
705,0.0,0.0
706,0.0,0.0
707,0.0,0.0
708,0.0,0.0
709,0.0,0.0
710,0.0,0.0
711,0.0,0.0
712,0.0,0.0
713,0.0,0.0
714,0.0,0.0
715,0.0,0.0
716,0.0,0.0
717,0.0,0.0
718,0.0,0.0
719,0.0,0.0
720,0.0,0.0
721,0.0,0.0
722,0.0,0.0
723,0.0,0.0
724,0.0,0.0
725,0.0,0.0
726,0.0,0.0
727,0.0,0.0
728,0.0,0.0
729,0.0,0.0
730,0.0,0.0
731,0.0,0.0
732,0.0,0.0
733,0.0,0.0
734,0.0,0.0
735,0.0,0.0
736,0.0,0.0
737,0.0,0.0
738,0.0,0.0
739,0.0,0.0
740,0.0,0.0
741,0.0,0.0
742,0.0,0.0
743,0.0,0.0
744,0.0,0.0
745,0.0,0.0
746,0.0,0.0
747,0.0,0.0
748,0.0,0.0
749,0.0,0.0
750,0.0,0.0
751,0.0,0.0
752,0.0,0.0
753,0.0,0.0
754,0.0,0.0
755,0.0,0.0
756,0.0,0.0
757,0.0,0.0
758,0.0,0.0
759,0.0,0.0
760,0.0,0.0
761,0.0,0.0
762,0.0,0.0
763,0.0,0.0
764,0.0,0.0
765,0.0,0.0
766,0.0,0.0
767,0.0,0.0
768,0.0,0.0
769,0.0,0.0
770,0.0,0.0
771,0.0,0.0
772,0.0,0.0
773,0.0,0.0
774,0.0,0.0
775,0.0,0.0
776,0.0,0.0
777,0.0,0.0
778,0.0,0.0
779,0.0,0.0
780,0.0,0.0
781,0.0,0.0
782,0.0,0.0
783,0.0,0.0
784,0.0,0.0
785,0.0,0.0
786,0.0,0.0
787,0.0,0.0
788,0.0,0.0
789,0.0,0.0
790,0.0,0.0
791,0.0,0.0
792,0.0,0.0
793,0.0,0.0
794,0.0,0.0
795,0.0,0.0
796,0.0,0.0
797,0.0,0.0
798,0.0,0.0
799,0.0,0.0
800,0.0,0.0
801,0.0,0.0
802,0.0,0.0
803,0.0,0.0
804,0.0,0.0
805,0.0,0.0
806,0.0,0.0
807,0.0,0.0
808,0.0,0.0
809,0.0,0.0
810,0.0,0.0
811,0.0,0.0
812,0.0,0.0
813,0.0,0.0
814,0.0,0.0
815,0.0,0.0
816,0.0,0.0
817,0.0,0.0
818,0.0,0.0
819,0.0,0.0
820,0.0,0.0
821,0.0,0.0
822,0.0,0.0
823,0.0,0.0
824,0.0,0.0
825,0.0,0.0
826,0.0,0.0
827,0.0,0.0
828,0.0,0.0
829,0.0,0.0
830,0.0,0.0
831,0.0,0.0
832,0.0,0.0
833,0.0,0.0
834,0.0,0.0
835,0.0,0.0
836,0.0,0.0
837,0.0,0.0
838,0.0,0.0
839,0.0,0.0
840,0.0,0.0
841,0.0,0.0
842,0.0,0.0
843,0.0,0.0
844,0.0,0.0
845,0.0,0.0
846,0.0,0.0
847,0.0,0.0
848,0.0,0.0
849,0.0,0.0
850,0.0,0.0
851,0.0,0.0
852,0.0,0.0
853,0.0,0.0
854,0.0,0.0
855,0.0,0.0
856,0.0,0.0
857,0.0,0.0
858,0.0,0.0
859,0.0,0.0
860,0.0,0.0
861,0.0,0.0
862,0.0,0.0
863,0.0,0.0
864,0.0,0.0
865,0.0,0.0
866,0.0,0.0
867,0.0,0.0
868,0.0,0.0
869,0.0,0.0
870,0.0,0.0
871,0.0,0.0
872,0.0,0.0
873,0.0,0.0
874,0.0,0.0
875,0.0,0.0
876,0.0,0.0
877,0.0,0.0
878,0.0,0.0
879,0.0,0.0
880,0.0,0.0
881,0.0,0.0
882,0.0,0.0
883,0.0,0.0
884,0.0,0.0
885,0.0,0.0
886,0.0,0.0
887,0.0,0.0
888,0.0,0.0
889,0.0,0.0
890,0.0,0.0
891,0.0,0.0
892,0.0,0.0
893,0.0,0.0
894,0.0,0.0
895,0.0,0.0
896,0.0,0.0
897,0.0,0.0
898,0.0,0.0
899,0.0,0.0
900,0.0,0.0
901,0.0,0.0
902,0.0,0.0
903,0.0,0.0
904,0.0,0.0
905,0.0,0.0
906,0.0,0.0
907,0.0,0.0
908,0.0,0.0
909,0.0,0.0
910,0.0,0.0
911,0.0,0.0
912,0.0,0.0
913,0.0,0.0
914,0.0,0.0
915,0.0,0.0
916,0.0,0.0
917,0.0,0.0
918,0.0,0.0
919,0.0,0.0
920,0.0,0.0
921,0.0,0.0
922,0.0,0.0
923,0.0,0.0
924,0.0,0.0
925,0.0,0.0
926,0.0,0.0
927,0.0,0.0
928,0.0,0.0
929,0.0,0.0
930,0.0,0.0
931,0.0,0.0
932,0.0,0.0
933,0.0,0.0
934,0.0,0.0
935,0.0,0.0
936,0.0,0.0
937,0.0,0.0
938,0.0,0.0
939,0.0,0.0
940,0.0,0.0
941,0.0,0.0
942,0.0,0.0
943,0.0,0.0
944,0.0,0.0
945,0.0,0.0
946,0.0,0.0
947,0.0,0.0
948,0.0,0.0
949,0.0,0.0
950,0.0,0.0
951,0.0,0.0
952,0.0,0.0
953,0.0,0.0
954,0.0,0.0
955,0.0,0.0
956,0.0,0.0
957,0.0,0.0
958,0.0,0.0
959,0.0,0.0
960,0.0,0.0
961,0.0,0.0
962,0.0,0.0
963,0.0,0.0
964,0.0,0.0
965,0.0,0.0
966,0.0,0.0
967,0.0,0.0
968,0.0,0.0
969,0.0,0.0
970,0.0,0.0
971,0.0,0.0
972,0.0,0.0
973,0.0,0.0
974,0.0,0.0
975,0.0,0.0
976,0.0,0.0
977,0.0,0.0
978,0.0,0.0
979,0.0,0.0
980,0.0,0.0
981,0.0,0.0
982,0.0,0.0
983,0.0,0.0
984,0.0,0.0
985,0.0,0.0
986,0.0,0.0
987,0.0,0.0
988,0.0,0.0
989,0.0,0.0
990,0.0,0.0
991,0.0,0.0
992,0.0,0.0
993,0.0,0.0
994,0.0,0.0
995,0.0,0.0
996,0.0,0.0
997,0.0,0.0
998,0.0,0.0
999,0.0,0.0
1000,0.0,0.0
1001,0.0,0.0
1002,0.0,0.0
1003,0.0,0.0
1004,0.0,0.0
1005,0.0,0.0
1006,0.0,0.0
1007,0.0,0.0
1008,0.0,0.0
1009,0.0,0.0
1010,0.0,0.0
1011,0.0,0.0
1012,0.0,0.0
1013,0.0,0.0
1014,0.0,0.0
1015,0.0,0.0
1016,0.0,0.0
1017,0.0,0.0
1018,0.0,0.0
1019,0.0,0.0
1020,0.0,0.0
1021,0.0,0.0
1022,0.0,0.0
1023,0.0,0.0
1024,0.0,0.0
1025,0.0,0.0
1026,0.0,0.0
1027,0.0,0.0
1028,0.0,0.0
1029,0.0,0.0
1030,0.0,0.0
1031,0.0,0.0
1032,0.0,0.0
1033,0.0,0.0
1034,0.0,0.0
1035,0.0,0.0
1036,0.0,0.0
1037,0.0,0.0
1038,0.0,0.0
1039,0.0,0.0
1040,0.0,0.0
1041,0.0,0.0
1042,0.0,0.0
1043,0.0,0.0
1044,0.0,0.0
1045,0.0,0.0
1046,0.0,0.0
1047,0.0,0.0
1048,0.0,0.0
1049,0.0,0.0
1050,0.0,0.0
1051,0.0,0.0
1052,0.0,0.0
1053,0.0,0.0
1054,0.0,0.0
1055,0.0,0.0
1056,0.0,0.0
1057,0.0,0.0
1058,0.0,0.0
1059,0.0,0.0
1060,0.0,0.0
1061,0.0,0.0
1062,0.0,0.0
1063,0.0,0.0
1064,0.0,0.0
1065,0.0,0.0
1066,0.0,0.0
1067,0.0,0.0
1068,0.0,0.0
1069,0.0,0.0
1070,0.0,0.0
1071,0.0,0.0
1072,0.0,0.0
1073,0.0,0.0
1074,0.0,0.0
1075,0.0,0.0
1076,0.0,0.0
1077,0.0,0.0
1078,0.0,0.0
1079,0.0,0.0
1080,0.0,0.0
1081,0.0,0.0
1082,0.0,0.0
1083,0.0,0.0
1084,0.0,0.0
1085,0.0,0.0
1086,0.0,0.0
1087,0.0,0.0
1088,0.0,0.0
1089,0.0,0.0
1090,0.0,0.0
1091,0.0,0.0
1092,0.0,0.0
1093,0.0,0.0
1094,0.0,0.0
1095,0.0,0.0
1096,0.0,0.0
1097,0.0,0.0
1098,0.0,0.0
1099,0.0,0.0
1100,0.0,0.0
1101,0.0,0.0
1102,0.0,0.0
1103,0.0,0.0
1104,0.0,0.0
1105,0.0,0.0
1106,0.0,0.0
1107,0.0,0.0
1108,0.0,0.0
1109,0.0,0.0
1110,0.0,0.0
1111,0.0,0.0
1112,0.0,0.0
1113,0.0,0.0
1114,0.0,0.0
1115,0.0,0.0
1116,0.0,0.0
1117,0.0,0.0
1118,0.0,0.0
1119,0.0,0.0
1120,0.0,0.0
1121,0.0,0.0
1122,0.0,0.0
1123,0.0,0.0
1124,0.0,0.0
1125,0.0,0.0
1126,0.0,0.0
1127,0.0,0.0
1128,0.0,0.0
1129,0.0,0.0
1130,0.0,0.0
1131,0.0,0.0
1132,0.0,0.0
1133,0.0,0.0
1134,0.0,0.0
1135,0.0,0.0
1136,0.0,0.0
1137,0.0,0.0
1138,0.0,0.0
1139,0.0,0.0
1140,0.0,0.0
1141,0.0,0.0
1142,0.0,0.0
1143,0.0,0.0
1144,0.0,0.0
1145,0.0,0.0
1146,0.0,0.0
1147,0.0,0.0
1148,0.0,0.0
1149,0.0,0.0
1150,0.0,0.0
1151,0.0,0.0
1152,0.0,0.0
1153,0.0,0.0
1154,0.0,0.0
1155,0.0,0.0
1156,0.0,0.0
1157,0.0,0.0
1158,0.0,0.0
1159,0.0,0.0
1160,0.0,0.0
1161,0.0,0.0
1162,0.0,0.0
1163,0.0,0.0
1164,0.0,0.0
1165,0.0,0.0
1166,0.0,0.0
1167,0.0,0.0
1168,0.0,0.0
1169,0.0,0.0
1170,0.0,0.0
1171,0.0,0.0
1172,0.0,0.0
1173,0.0,0.0
1174,0.0,0.0
1175,0.0,0.0
1176,0.0,0.0
1177,0.0,0.0
1178,0.0,0.0
1179,0.0,0.0
1180,0.0,0.0
1181,0.0,0.0
1182,0.0,0.0
1183,0.0,0.0
1184,0.0,0.0
1185,0.0,0.0
1186,0.0,0.0
1187,0.0,0.0
1188,0.0,0.0
1189,0.0,0.0
1190,0.0,0.0
1191,0.0,0.0
1192,0.0,0.0
1193,0.0,0.0
1194,0.0,0.0
1195,0.0,0.0
1196,0.0,0.0
1197,0.0,0.0
1198,0.0,0.0
1199,0.0,0.0
1200,0.0,0.0
1201,0.0,0.0
1202,0.0,0.0
1203,0.0,0.0
1204,0.0,0.0
1205,0.0,0.0
1206,0.0,0.0
1207,0.0,0.0
1208,0.0,0.0
1209,0.0,0.0
1210,0.0,0.0
1211,0.0,0.0
1212,0.0,0.0
1213,0.0,0.0
1214,0.0,0.0
1215,0.0,0.0
1216,0.0,0.0
1217,0.0,0.0
1218,0.0,0.0
1219,0.0,0.0
1220,0.0,0.0
1221,0.0,0.0
1222,0.0,0.0
1223,0.0,0.0
1224,0.0,0.0
1225,0.0,0.0
1226,0.0,0.0
1227,0.0,0.0
1228,0.0,0.0
1229,0.0,0.0
1230,0.0,0.0
1231,0.0,0.0
1232,0.0,0.0
1233,0.0,0.0
1234,0.0,0.0
1235,0.0,0.0
1236,0.0,0.0
1237,0.0,0.0
1238,0.0,0.0
1239,0.0,0.0
1240,0.0,0.0
1241,0.0,0.0
1242,0.0,0.0
1243,0.0,0.0
1244,0.0,0.0
1245,0.0,0.0
1246,0.0,0.0
1247,0.0,0.0
1248,0.0,0.0
1249,0.0,0.0
1250,0.0,0.0
1251,0.0,0.0
1252,0.0,0.0
1253,0.0,0.0
1254,0.0,0.0
1255,0.0,0.0
1256,0.0,0.0
1257,0.0,0.0
1258,0.0,0.0
1259,0.0,0.0
1260,0.0,0.0
1261,0.0,0.0
1262,0.0,0.0
1263,0.0,0.0
1264,0.0,0.0
1265,0.0,0.0
1266,0.0,0.0
1267,0.0,0.0
1268,0.0,0.0
1269,0.0,0.0
1270,0.0,0.0
1271,0.0,0.0
1272,0.0,0.0
1273,0.0,0.0
1274,0.0,0.0
1275,0.0,0.0
1276,0.0,0.0
1277,0.0,0.0
1278,0.0,0.0
1279,0.0,0.0
1280,0.0,0.0
1281,0.0,0.0
1282,0.0,0.0
1283,0.0,0.0
1284,0.0,0.0
1285,0.0,0.0
1286,0.0,0.0
1287,0.0,0.0
1288,0.0,0.0
1289,0.0,0.0
1290,0.0,0.0
1291,0.0,0.0
1292,0.0,0.0
1293,0.0,0.0
1294,0.0,0.0
1295,0.0,0.0
1296,0.0,0.0
1297,0.0,0.0
1298,0.0,0.0
1299,0.0,0.0
1300,0.0,0.0
1301,0.0,0.0
1302,0.0,0.0
1303,0.0,0.0
1304,0.0,0.0
1305,0.0,0.0
1306,0.0,0.0
1307,0.0,0.0
1308,0.0,0.0
1309,0.0,0.0
1310,0.0,0.0
1311,0.0,0.0
1312,0.0,0.0
1313,0.0,0.0
1314,0.0,0.0
1315,0.0,0.0
1316,0.0,0.0
1317,0.0,0.0
1318,0.0,0.0
1319,0.0,0.0
1320,0.0,0.0
1321,0.0,0.0
1322,0.0,0.0
1323,0.0,0.0
1324,0.0,0.0
1325,0.0,0.0
1326,0.0,0.0
1327,0.0,0.0
1328,0.0,0.0
1329,0.0,0.0
1330,0.0,0.0
1331,0.0,0.0
1332,0.0,0.0
1333,0.0,0.0
1334,0.0,0.0
1335,0.0,0.0
1336,0.0,0.0
1337,0.0,0.0
1338,0.0,0.0
1339,0.0,0.0
1340,0.0,0.0
1341,0.0,0.0
1342,0.0,0.0
1343,0.0,0.0
1344,0.0,0.0
1345,0.0,0.0
1346,0.0,0.0
1347,0.0,0.0
1348,0.0,0.0
1349,0.0,0.0
1350,0.0,0.0
1351,0.0,0.0
1352,0.0,0.0
1353,0.0,0.0
1354,0.0,0.0
1355,0.0,0.0
1356,0.0,0.0
1357,0.0,0.0
1358,0.0,0.0
1359,0.0,0.0
1360,0.0,0.0
1361,0.0,0.0
1362,0.0,0.0
1363,0.0,0.0
1364,0.0,0.0
1365,0.0,0.0
1366,0.0,0.0
1367,0.0,0.0
1368,0.0,0.0
1369,0.0,0.0
1370,0.0,0.0
1371,0.0,0.0
1372,0.0,0.0
1373,0.0,0.0
1374,0.0,0.0
1375,0.0,0.0
1376,0.0,0.0
1377,0.0,0.0
1378,0.0,0.0
1379,0.0,0.0
1380,0.0,0.0
1381,0.0,0.0
1382,0.0,0.0
1383,0.0,0.0
1384,0.0,0.0
1385,0.0,0.0
1386,0.0,0.0
1387,0.0,0.0
1388,0.0,0.0
1389,0.0,0.0
1390,0.0,0.0
1391,0.0,0.0
1392,0.0,0.0
1393,0.0,0.0
1394,0.0,0.0
1395,0.0,0.0
1396,0.0,0.0
1397,0.0,0.0
1398,0.0,0.0
1399,0.0,0.0
1400,0.0,0.0
1401,0.0,0.0
1402,0.0,0.0
1403,0.0,0.0
1404,0.0,0.0
1405,0.0,0.0
1406,0.0,0.0
1407,0.0,0.0
1408,0.0,0.0
1409,0.0,0.0
1410,0.0,0.0
1411,0.0,0.0
1412,0.0,0.0
1413,0.0,0.0
1414,0.0,0.0
1415,0.0,0.0
1416,0.0,0.0
1417,0.0,0.0
1418,0.0,0.0
1419,0.0,0.0
1420,0.0,0.0
1421,0.0,0.0
1422,0.0,0.0
1423,0.0,0.0
1424,0.0,0.0
1425,0.0,0.0
1426,0.0,0.0
1427,0.0,0.0
1428,0.0,0.0
1429,0.0,0.0
1430,0.0,0.0
1431,0.0,0.0
1432,0.0,0.0
1433,0.0,0.0
1434,0.0,0.0
1435,0.0,0.0
1436,0.0,0.0
1437,0.0,0.0
1438,0.0,0.0
1439,0.0,0.0
1440,0.0,0.0
1441,0.0,0.0
1442,0.0,0.0
1443,0.0,0.0
1444,0.0,0.0
1445,0.0,0.0
1446,0.0,0.0
1447,0.0,0.0
1448,0.0,0.0
1449,0.0,0.0
1450,0.0,0.0
1451,0.0,0.0
1452,0.0,0.0
1453,0.0,0.0
1454,0.0,0.0
1455,0.0,0.0
1456,0.0,0.0
1457,0.0,0.0
1458,0.0,0.0
1459,0.0,0.0
1460,0.0,0.0
1461,0.0,0.0
1462,0.0,0.0
1463,0.0,0.0
1464,0.0,0.0
1465,0.0,0.0
1466,0.0,0.0
1467,0.0,0.0
1468,0.0,0.0
1469,0.0,0.0
1470,0.0,0.0
1471,0.0,0.0
1472,0.0,0.0
1473,0.0,0.0
1474,0.0,0.0
1475,0.0,0.0
1476,0.0,0.0
1477,0.0,0.0
1478,0.0,0.0
1479,0.0,0.0
1480,0.0,0.0
1481,0.0,0.0
1482,0.0,0.0
1483,0.0,0.0
1484,0.0,0.0
1485,0.0,0.0
1486,0.0,0.0
1487,0.0,0.0
1488,0.0,0.0
1489,0.0,0.0
1490,0.0,0.0
1491,0.0,0.0
1492,0.0,0.0
1493,0.0,0.0
1494,0.0,0.0
1495,0.0,0.0
1496,0.0,0.0
1497,0.0,0.0
1498,0.0,0.0
1499,0.0,0.0
1500,0.0,0.0
1501,0.0,0.0
1502,0.0,0.0
1503,0.0,0.0
1504,0.0,0.0
1505,0.0,0.0
1506,0.0,0.0
1507,0.0,0.0
1508,0.0,0.0
1509,0.0,0.0
1510,0.0,0.0
1511,0.0,0.0
1512,0.0,0.0
1513,0.0,0.0
1514,0.0,0.0
1515,0.0,0.0
1516,0.0,0.0
1517,0.0,0.0
1518,0.0,0.0
1519,0.0,0.0
1520,0.0,0.0
1521,0.0,0.0
1522,0.0,0.0
1523,0.0,0.0
1524,0.0,0.0
1525,0.0,0.0
1526,0.0,0.0
1527,0.0,0.0
1528,0.0,0.0
1529,0.0,0.0
1530,0.0,0.0
1531,0.0,0.0
1532,0.0,0.0
1533,0.0,0.0
1534,0.0,0.0
1535,0.0,0.0
1536,0.0,0.0
1537,0.0,0.0
1538,0.0,0.0
1539,0.0,0.0
1540,0.0,0.0
1541,0.0,0.0
1542,0.0,0.0
1543,0.0,0.0
1544,0.0,0.0
1545,0.0,0.0
1546,0.0,0.0
1547,0.0,0.0
1548,0.0,0.0
1549,0.0,0.0
1550,0.0,0.0
1551,0.0,0.0
1552,0.0,0.0
1553,0.0,0.0
1554,0.0,0.0
1555,0.0,0.0
1556,0.0,0.0
1557,0.0,0.0
1558,0.0,0.0
1559,0.0,0.0
1560,0.0,0.0
1561,0.0,0.0
1562,0.0,0.0
1563,0.0,0.0
1564,0.0,0.0
1565,0.0,0.0
1566,0.0,0.0
1567,0.0,0.0
1568,0.0,0.0
1569,0.0,0.0
1570,0.0,0.0
1571,0.0,0.0
1572,0.0,0.0
1573,0.0,0.0
1574,0.0,0.0
1575,0.0,0.0
1576,0.0,0.0
1577,0.0,0.0
1578,0.0,0.0
1579,0.0,0.0
1580,0.0,0.0
1581,0.0,0.0
1582,0.0,0.0
1583,0.0,0.0
1584,0.0,0.0
1585,0.0,0.0
1586,0.0,0.0
1587,0.0,0.0
1588,0.0,0.0
1589,0.0,0.0
1590,0.0,0.0
1591,0.0,0.0
1592,0.0,0.0
1593,0.0,0.0
1594,0.0,0.0
1595,0.0,0.0
1596,0.0,0.0
1597,0.0,0.0
1598,0.0,0.0
1599,0.0,0.0
1600,0.0,0.0
1601,0.0,0.0
1602,0.0,0.0
1603,0.0,0.0
1604,0.0,0.0
1605,0.0,0.0
1606,0.0,0.0
1607,0.0,0.0
1608,0.0,0.0
1609,0.0,0.0
1610,0.0,0.0
1611,0.0,0.0
1612,0.0,0.0
1613,0.0,0.0
1614,0.0,0.0
1615,0.0,0.0
1616,0.0,0.0
1617,0.0,0.0
1618,0.0,0.0
1619,0.0,0.0
1620,0.0,0.0
1621,0.0,0.0
1622,0.0,0.0
1623,0.0,0.0
1624,0.0,0.0
1625,0.0,0.0
1626,0.0,0.0
1627,0.0,0.0
1628,0.0,0.0
1629,0.0,0.0
1630,0.0,0.0
1631,0.0,0.0
1632,0.0,0.0
1633,0.0,0.0
1634,0.0,0.0
1635,0.0,0.0
1636,0.0,0.0
1637,0.0,0.0
1638,0.0,0.0
1639,0.0,0.0
1640,0.0,0.0
1641,0.0,0.0
1642,0.0,0.0
1643,0.0,0.0
1644,0.0,0.0
1645,0.0,0.0
1646,0.0,0.0
1647,0.0,0.0
1648,0.0,0.0
1649,0.0,0.0
1650,0.0,0.0
1651,0.0,0.0
1652,0.0,0.0
1653,0.0,0.0
1654,0.0,0.0
1655,0.0,0.0
1656,0.0,0.0
1657,0.0,0.0
1658,0.0,0.0
1659,0.0,0.0
1660,0.0,0.0
1661,0.0,0.0
1662,0.0,0.0
1663,0.0,0.0
1664,0.0,0.0
1665,0.0,0.0
1666,0.0,0.0
1667,0.0,0.0
1668,0.0,0.0
1669,0.0,0.0
1670,0.0,0.0
1671,0.0,0.0
1672,0.0,0.0
1673,0.0,0.0
1674,0.0,0.0
1675,0.0,0.0
1676,0.0,0.0
1677,0.0,0.0
1678,0.0,0.0
1679,0.0,0.0
1680,0.0,0.0
1681,0.0,0.0
1682,0.0,0.0
1683,0.0,0.0
1684,0.0,0.0
1685,0.0,0.0
1686,0.0,0.0
1687,0.0,0.0
1688,0.0,0.0
1689,0.0,0.0
1690,0.0,0.0
1691,0.0,0.0
1692,0.0,0.0
1693,0.0,0.0
1694,0.0,0.0
1695,0.0,0.0
1696,0.0,0.0
1697,0.0,0.0
1698,0.0,0.0
1699,0.0,0.0
1700,0.0,0.0
1701,0.0,0.0
1702,0.0,0.0
1703,0.0,0.0
1704,0.0,0.0
1705,0.0,0.0
1706,0.0,0.0
1707,0.0,0.0
1708,0.0,0.0
1709,0.0,0.0
1710,0.0,0.0
1711,0.0,0.0
1712,0.0,0.0
1713,0.0,0.0
1714,0.0,0.0
1715,0.0,0.0
1716,0.0,0.0
1717,0.0,0.0
1718,0.0,0.0
1719,0.0,0.0
1720,0.0,0.0
1721,0.0,0.0
1722,0.0,0.0
1723,0.0,0.0
1724,0.0,0.0
1725,0.0,0.0
1726,0.0,0.0
1727,0.0,0.0
1728,0.0,0.0
1729,0.0,0.0
1730,0.0,0.0
1731,0.0,0.0
1732,0.0,0.0
1733,0.0,0.0
1734,0.0,0.0
1735,0.0,0.0
1736,0.0,0.0
1737,0.0,0.0
1738,0.0,0.0
1739,0.0,0.0
1740,0.0,0.0
1741,0.0,0.0
1742,0.0,0.0
1743,0.0,0.0
1744,0.0,0.0
1745,0.0,0.0
1746,0.0,0.0
1747,0.0,0.0
1748,0.0,0.0
1749,0.0,0.0
1750,0.0,0.0
1751,0.0,0.0
1752,0.0,0.0
1753,0.0,0.0
1754,0.0,0.0
1755,0.0,0.0
1756,0.0,0.0
1757,0.0,0.0
1758,0.0,0.0
1759,0.0,0.0
1760,0.0,0.0
1761,0.0,0.0
1762,0.0,0.0
1763,0.0,0.0
1764,0.0,0.0
1765,0.0,0.0
1766,0.0,0.0
1767,0.0,0.0
1768,0.0,0.0
1769,0.0,0.0
1770,0.0,0.0
1771,0.0,0.0
1772,0.0,0.0
1773,0.0,0.0
1774,0.0,0.0
1775,0.0,0.0
1776,0.0,0.0
1777,0.0,0.0
1778,0.0,0.0
1779,0.0,0.0
1780,0.0,0.0
1781,0.0,0.0
1782,0.0,0.0
1783,0.0,0.0
1784,0.0,0.0
1785,0.0,0.0
1786,0.0,0.0
1787,0.0,0.0
1788,0.0,0.0
1789,0.0,0.0
1790,0.0,0.0
1791,0.0,0.0
1792,0.0,0.0
1793,0.0,0.0
1794,0.0,0.0
1795,0.0,0.0
1796,0.0,0.0
1797,0.0,0.0
1798,0.0,0.0
1799,0.0,0.0
1800,0.0,0.0
1801,0.0,0.0
1802,0.0,0.0
1803,0.0,0.0
1804,0.0,0.0
1805,0.0,0.0
1806,0.0,0.0
1807,0.0,0.0
1808,0.0,0.0
1809,0.0,0.0
1810,0.0,0.0
1811,0.0,0.0
1812,0.0,0.0
1813,0.0,0.0
1814,0.0,0.0
1815,0.0,0.0
1816,0.0,0.0
1817,0.0,0.0
1818,0.0,0.0
1819,0.0,0.0
1820,0.0,0.0
1821,0.0,0.0
1822,0.0,0.0
1823,0.0,0.0
1824,0.0,0.0
1825,0.0,0.0
1826,0.0,0.0
1827,0.0,0.0
1828,0.0,0.0
1829,0.0,0.0
1830,0.0,0.0
1831,0.0,0.0
1832,0.0,0.0
1833,0.0,0.0
1834,0.0,0.0
1835,0.0,0.0
1836,0.0,0.0
1837,0.0,0.0
1838,0.0,0.0
1839,0.0,0.0
1840,0.0,0.0
1841,0.0,0.0
1842,0.0,0.0
1843,0.0,0.0
1844,0.0,0.0
1845,0.0,0.0
1846,0.0,0.0
1847,0.0,0.0
1848,0.0,0.0
1849,0.0,0.0
1850,0.0,0.0
1851,0.0,0.0
1852,0.0,0.0
1853,0.0,0.0
1854,0.0,0.0
1855,0.0,0.0
1856,0.0,0.0
1857,0.0,0.0
1858,0.0,0.0
1859,0.0,0.0
1860,0.0,0.0
1861,0.0,0.0
1862,0.0,0.0
1863,0.0,0.0
1864,0.0,0.0
1865,0.0,0.0
1866,0.0,0.0
1867,0.0,0.0
1868,0.0,0.0
1869,0.0,0.0
1870,0.0,0.0
1871,0.0,0.0
1872,0.0,0.0
1873,0.0,0.0
1874,0.0,0.0
1875,0.0,0.0
1876,0.0,0.0
1877,0.0,0.0
1878,0.0,0.0
1879,0.0,0.0
1880,0.0,0.0
1881,0.0,0.0
1882,0.0,0.0
1883,0.0,0.0
1884,0.0,0.0
1885,0.0,0.0
1886,0.0,0.0
1887,0.0,0.0
1888,0.0,0.0
1889,0.0,0.0
1890,0.0,0.0
1891,0.0,0.0
1892,0.0,0.0
1893,0.0,0.0
1894,0.0,0.0
1895,0.0,0.0
1896,0.0,0.0
1897,0.0,0.0
1898,0.0,0.0
1899,0.0,0.0
1900,0.0,0.0
1901,0.0,0.0
1902,0.0,0.0
1903,0.0,0.0
1904,0.0,0.0
1905,0.0,0.0
1906,0.0,0.0
1907,0.0,0.0
1908,0.0,0.0
1909,0.0,0.0
1910,0.0,0.0
1911,0.0,0.0
1912,0.0,0.0
1913,0.0,0.0
1914,0.0,0.0
1915,0.0,0.0
1916,0.0,0.0
1917,0.0,0.0
1918,0.0,0.0
1919,0.0,0.0
1920,0.0,0.0
1921,0.0,0.0
1922,0.0,0.0
1923,0.0,0.0
1924,0.0,0.0
1925,0.0,0.0
1926,0.0,0.0
1927,0.0,0.0
1928,0.0,0.0
1929,0.0,0.0
1930,0.0,0.0
1931,0.0,0.0
1932,0.0,0.0
1933,0.0,0.0
1934,0.0,0.0
1935,0.0,0.0
1936,0.0,0.0
1937,0.0,0.0
1938,0.0,0.0
1939,0.0,0.0
1940,0.0,0.0
1941,0.0,0.0
1942,0.0,0.0
1943,0.0,0.0
1944,0.0,0.0
1945,0.0,0.0
1946,0.0,0.0
1947,0.0,0.0
1948,0.0,0.0
1949,0.0,0.0
1950,0.0,0.0
1951,0.0,0.0
1952,0.0,0.0
1953,0.0,0.0
1954,0.0,0.0
1955,0.0,0.0
1956,0.0,0.0
1957,0.0,0.0
1958,0.0,0.0
1959,0.0,0.0
1960,0.0,0.0
1961,0.0,0.0
1962,0.0,0.0
1963,0.0,0.0
1964,0.0,0.0
1965,0.0,0.0
1966,0.0,0.0
1967,0.0,0.0
1968,0.0,0.0
1969,0.0,0.0
1970,0.0,0.0
1971,0.0,0.0
1972,0.0,0.0
1973,0.0,0.0
1974,0.0,0.0
1975,0.0,0.0
1976,0.0,0.0
1977,0.0,0.0
1978,0.0,0.0
1979,0.0,0.0
1980,0.0,0.0
1981,0.0,0.0
1982,0.0,0.0
1983,0.0,0.0
1984,0.0,0.0
1985,0.0,0.0
1986,0.0,0.0
1987,0.0,0.0
1988,0.0,0.0
1989,0.0,0.0
1990,0.0,0.0
1991,0.0,0.0
1992,0.0,0.0
1993,0.0,0.0
1994,0.0,0.0
1995,0.0,0.0
1996,0.0,0.0
1997,0.0,0.0
1998,0.0,0.0
1999,0.0,0.0
2000,0.0,0.0
2001,0.0,0.0
2002,0.0,0.0
2003,0.0,0.0
2004,0.0,0.0
2005,0.0,0.0
2006,0.0,0.0
2007,0.0,0.0
2008,0.0,0.0
2009,0.0,0.0
2010,0.0,0.0
2011,0.0,0.0
2012,0.0,0.0
2013,0.0,0.0
2014,0.0,0.0
2015,0.0,0.0
2016,0.0,0.0
2017,0.0,0.0
2018,0.0,0.0
2019,0.0,0.0
2020,0.0,0.0
2021,0.0,0.0
2022,0.0,0.0
2023,0.0,0.0
2024,0.0,0.0
2025,0.0,0.0
2026,0.0,0.0
2027,0.0,0.0
2028,0.0,0.0
2029,0.0,0.0
2030,0.0,0.0
2031,0.0,0.0
2032,0.0,0.0
2033,0.0,0.0
2034,0.0,0.0
2035,0.0,0.0
2036,0.0,0.0
2037,0.0,0.0
2038,0.0,0.0
2039,0.0,0.0
2040,0.0,0.0
2041,0.0,0.0
2042,0.0,0.0
2043,0.0,0.0
2044,0.0,0.0
2045,0.0,0.0
2046,0.0,0.0
2047,0.0,0.0
2048,0.0,0.0
2049,0.0,0.0
2050,0.0,0.0
2051,0.0,0.0
2052,0.0,0.0
2053,0.0,0.0
2054,0.0,0.0
2055,0.0,0.0
2056,0.0,0.0
2057,0.0,0.0
2058,0.0,0.0
2059,0.0,0.0
2060,0.0,0.0
2061,0.0,0.0
2062,0.0,0.0
2063,0.0,0.0
2064,0.0,0.0
2065,0.0,0.0
2066,0.0,0.0
2067,0.0,0.0
2068,0.0,0.0
2069,0.0,0.0
2070,0.0,0.0
2071,0.0,0.0
2072,0.0,0.0
2073,0.0,0.0
2074,0.0,0.0
2075,0.0,0.0
2076,0.0,0.0
2077,0.0,0.0
2078,0.0,0.0
2079,0.0,0.0
2080,0.0,0.0
2081,0.0,0.0
2082,0.0,0.0
2083,0.0,0.0
2084,0.0,0.0
2085,0.0,0.0
2086,0.0,0.0
2087,0.0,0.0
2088,0.0,0.0
2089,0.0,0.0
2090,0.0,0.0
2091,0.0,0.0
2092,0.0,0.0
2093,0.0,0.0
2094,0.0,0.0
2095,0.0,0.0
2096,0.0,0.0
2097,0.0,0.0
2098,0.0,0.0
2099,0.0,0.0
2100,0.0,0.0
2101,0.0,0.0
2102,0.0,0.0
2103,0.0,0.0
2104,0.0,0.0
2105,0.0,0.0
2106,0.0,0.0
2107,0.0,0.0
2108,0.0,0.0
2109,0.0,0.0
2110,0.0,0.0
2111,0.0,0.0
2112,0.0,0.0
2113,0.0,0.0
2114,0.0,0.0
2115,0.0,0.0
2116,0.0,0.0
2117,0.0,0.0
2118,0.0,0.0
2119,0.0,0.0
2120,0.0,0.0
2121,0.0,0.0
2122,0.0,0.0
2123,0.0,0.0
2124,0.0,0.0
2125,0.0,0.0
2126,0.0,0.0
2127,0.0,0.0
2128,0.0,0.0
2129,0.0,0.0
2130,0.0,0.0
2131,0.0,0.0
2132,0.0,0.0
2133,0.0,0.0
2134,0.0,0.0
2135,0.0,0.0
2136,0.0,0.0
2137,0.0,0.0
2138,0.0,0.0
2139,0.0,0.0
2140,0.0,0.0
2141,0.0,0.0
2142,0.0,0.0
2143,0.0,0.0
2144,0.0,0.0
2145,0.0,0.0
2146,0.0,0.0
2147,0.0,0.0
2148,0.0,0.0
2149,0.0,0.0
2150,0.0,0.0
2151,0.0,0.0
2152,0.0,0.0
2153,0.0,0.0
2154,0.0,0.0
2155,0.0,0.0
2156,0.0,0.0
2157,0.0,0.0
2158,0.0,0.0
2159,0.0,0.0
2160,0.0,0.0
2161,0.0,0.0
2162,0.0,0.0
2163,0.0,0.0
2164,0.0,0.0
2165,0.0,0.0
2166,0.0,0.0
2167,0.0,0.0
2168,0.0,0.0
2169,0.0,0.0
2170,0.0,0.0
2171,0.0,0.0
2172,0.0,0.0
2173,0.0,0.0
2174,0.0,0.0
2175,0.0,0.0
2176,0.0,0.0
2177,0.0,0.0
2178,0.0,0.0
2179,0.0,0.0
2180,0.0,0.0
2181,0.0,0.0
2182,0.0,0.0
2183,0.0,0.0
2184,0.0,0.0
2185,0.0,0.0
2186,0.0,0.0
2187,0.0,0.0
2188,0.0,0.0
2189,0.0,0.0
2190,0.0,0.0
2191,0.0,0.0
2192,0.0,0.0
2193,0.0,0.0
2194,0.0,0.0
2195,0.0,0.0
2196,0.0,0.0
2197,0.0,0.0
2198,0.0,0.0
2199,0.0,0.0
2200,0.0,0.0
2201,0.0,0.0
2202,0.0,0.0
2203,0.0,0.0
2204,0.0,0.0
2205,0.0,0.0
2206,0.0,0.0
2207,0.0,0.0
2208,0.0,0.0
2209,0.0,0.0
2210,0.0,0.0
2211,0.0,0.0
2212,0.0,0.0
2213,0.0,0.0
2214,0.0,0.0
2215,0.0,0.0
2216,0.0,0.0
2217,0.0,0.0
2218,0.0,0.0
2219,0.0,0.0
2220,0.0,0.0
2221,0.0,0.0
2222,0.0,0.0
2223,0.0,0.0
2224,0.0,0.0
2225,0.0,0.0
2226,0.0,0.0
2227,0.0,0.0
2228,0.0,0.0
2229,0.0,0.0
2230,0.0,0.0
2231,0.0,0.0
2232,0.0,0.0
2233,0.0,0.0
2234,0.0,0.0
2235,0.0,0.0
2236,0.0,0.0
2237,0.0,0.0
2238,0.0,0.0
2239,0.0,0.0
2240,0.0,0.0
2241,0.0,0.0
2242,0.0,0.0
2243,0.0,0.0
2244,0.0,0.0
2245,0.0,0.0
2246,0.0,0.0
2247,0.0,0.0
2248,0.0,0.0
2249,0.0,0.0
2250,0.0,0.0
2251,0.0,0.0
2252,0.0,0.0
2253,0.0,0.0
2254,0.0,0.0
2255,0.0,0.0
2256,0.0,0.0
2257,0.0,0.0
2258,0.0,0.0
2259,0.0,0.0
2260,0.0,0.0
2261,0.0,0.0
2262,0.0,0.0
2263,0.0,0.0
2264,0.0,0.0
2265,0.0,0.0
2266,0.0,0.0
2267,0.0,0.0
2268,0.0,0.0
2269,0.0,0.0
2270,0.0,0.0
2271,0.0,0.0
2272,0.0,0.0
2273,0.0,0.0
2274,0.0,0.0
2275,0.0,0.0
2276,0.0,0.0
2277,0.0,0.0
2278,0.0,0.0
2279,0.0,0.0
2280,0.0,0.0
2281,0.0,0.0
2282,0.0,0.0
2283,0.0,0.0
2284,0.0,0.0
2285,0.0,0.0
2286,0.0,0.0
2287,0.0,0.0
2288,0.0,0.0
2289,0.0,0.0
2290,0.0,0.0
2291,0.0,0.0
2292,0.0,0.0
2293,0.0,0.0
2294,0.0,0.0
2295,0.0,0.0
2296,0.0,0.0
2297,0.0,0.0
2298,0.0,0.0
2299,0.0,0.0
2300,0.0,0.0
2301,0.0,0.0
2302,0.0,0.0
2303,0.0,0.0
2304,0.0,0.0
2305,0.0,0.0
2306,0.0,0.0
2307,0.0,0.0
2308,0.0,0.0
2309,0.0,0.0
2310,0.0,0.0
2311,0.0,0.0
2312,0.0,0.0
2313,0.0,0.0
2314,0.0,0.0
2315,0.0,0.0
2316,0.0,0.0
2317,0.0,0.0
2318,0.0,0.0
2319,0.0,0.0
2320,0.0,0.0
2321,0.0,0.0
2322,0.0,0.0
2323,0.0,0.0
2324,0.0,0.0
2325,0.0,0.0
2326,0.0,0.0
2327,0.0,0.0
2328,0.0,0.0
2329,0.0,0.0
2330,0.0,0.0
2331,0.0,0.0
2332,0.0,0.0
2333,0.0,0.0
2334,0.0,0.0
2335,0.0,0.0
2336,0.0,0.0
2337,0.0,0.0
2338,0.0,0.0
2339,0.0,0.0
2340,0.0,0.0
2341,0.0,0.0
2342,0.0,0.0
2343,0.0,0.0
2344,0.0,0.0
2345,0.0,0.0
2346,0.0,0.0
2347,0.0,0.0
2348,0.0,0.0
2349,0.0,0.0
2350,0.0,0.0
2351,0.0,0.0
2352,0.0,0.0
2353,0.0,0.0
2354,0.0,0.0
2355,0.0,0.0
2356,0.0,0.0
2357,0.0,0.0
2358,0.0,0.0
2359,0.0,0.0
2360,0.0,0.0
2361,0.0,0.0
2362,0.0,0.0
2363,0.0,0.0
2364,0.0,0.0
2365,0.0,0.0
2366,0.0,0.0
2367,0.0,0.0
2368,0.0,0.0
2369,0.0,0.0
2370,0.0,0.0
2371,0.0,0.0
2372,0.0,0.0
2373,0.0,0.0
2374,0.0,0.0
2375,0.0,0.0
2376,0.0,0.0
2377,0.0,0.0
2378,0.0,0.0
2379,0.0,0.0
2380,0.0,0.0
2381,0.0,0.0
2382,0.0,0.0
2383,0.0,0.0
2384,0.0,0.0
2385,0.0,0.0
2386,0.0,0.0
2387,0.0,0.0
2388,0.0,0.0
2389,0.0,0.0
2390,0.0,0.0
2391,0.0,0.0
2392,0.0,0.0
2393,0.0,0.0
2394,0.0,0.0
2395,0.0,0.0
2396,0.0,0.0
2397,0.0,0.0
2398,0.0,0.0
2399,0.0,0.0
2400,0.0,0.0
2401,0.0,0.0
2402,0.0,0.0
2403,0.0,0.0
2404,0.0,0.0
2405,0.0,0.0
2406,0.0,0.0
2407,0.0,0.0
2408,0.0,0.0
2409,0.0,0.0
2410,0.0,0.0
2411,0.0,0.0
2412,0.0,0.0
2413,0.0,0.0
2414,0.0,0.0
2415,0.0,0.0
2416,0.0,0.0
2417,0.0,0.0
2418,0.0,0.0
2419,0.0,0.0
2420,0.0,0.0
2421,0.0,0.0
2422,0.0,0.0
2423,0.0,0.0
2424,0.0,0.0
2425,0.0,0.0
2426,0.0,0.0
2427,0.0,0.0
2428,0.0,0.0
2429,0.0,0.0
2430,0.0,0.0
2431,0.0,0.0
2432,0.0,0.0
2433,0.0,0.0
2434,0.0,0.0
2435,0.0,0.0
2436,0.0,0.0
2437,0.0,0.0
2438,0.0,0.0
2439,0.0,0.0
2440,0.0,0.0
2441,0.0,0.0
2442,0.0,0.0
2443,0.0,0.0
2444,0.0,0.0
2445,0.0,0.0
2446,0.0,0.0
2447,0.0,0.0
2448,0.0,0.0
2449,0.0,0.0
2450,0.0,0.0
2451,0.0,0.0
2452,0.0,0.0
2453,0.0,0.0
2454,0.0,0.0
2455,0.0,0.0
2456,0.0,0.0
2457,0.0,0.0
2458,0.0,0.0
2459,0.0,0.0
2460,0.0,0.0
2461,0.0,0.0
2462,0.0,0.0
2463,0.0,0.0
2464,0.0,0.0
2465,0.0,0.0
2466,0.0,0.0
2467,0.0,0.0
2468,0.0,0.0
2469,0.0,0.0
2470,0.0,0.0
2471,0.0,0.0
2472,0.0,0.0
2473,0.0,0.0
2474,0.0,0.0
2475,0.0,0.0
2476,0.0,0.0
2477,0.0,0.0
2478,0.0,0.0
2479,0.0,0.0
2480,0.0,0.0
2481,0.0,0.0
2482,0.0,0.0
2483,0.0,0.0
2484,0.0,0.0
2485,0.0,0.0
2486,0.0,0.0
2487,0.0,0.0
2488,0.0,0.0
2489,0.0,0.0
2490,0.0,0.0
2491,0.0,0.0
2492,0.0,0.0
2493,0.0,0.0
2494,0.0,0.0
2495,0.0,0.0
2496,0.0,0.0
2497,0.0,0.0
2498,0.0,0.0
2499,0.0,0.0
2500,0.0,0.0
2501,0.0,0.0
2502,0.0,0.0
2503,0.0,0.0
2504,0.0,0.0
2505,0.0,0.0
2506,0.0,0.0
2507,0.0,0.0
2508,0.0,0.0
2509,0.0,0.0
2510,0.0,0.0
2511,0.0,0.0
2512,0.0,0.0
2513,0.0,0.0
2514,0.0,0.0
2515,0.0,0.0
2516,0.0,0.0
2517,0.0,0.0
2518,0.0,0.0
2519,0.0,0.0
2520,0.0,0.0
2521,0.0,0.0
2522,0.0,0.0
2523,0.0,0.0
2524,0.0,0.0
2525,0.0,0.0
2526,0.0,0.0
2527,0.0,0.0
2528,0.0,0.0
2529,0.0,0.0
2530,0.0,0.0
2531,0.0,0.0
2532,0.0,0.0
2533,0.0,0.0
2534,0.0,0.0
2535,0.0,0.0
2536,0.0,0.0
2537,0.0,0.0
2538,0.0,0.0
2539,0.0,0.0
2540,0.0,0.0
2541,0.0,0.0
2542,0.0,0.0
2543,0.0,0.0
2544,0.0,0.0
2545,0.0,0.0
2546,0.0,0.0
2547,0.0,0.0
2548,0.0,0.0
2549,0.0,0.0
2550,0.0,0.0
2551,0.0,0.0
2552,0.0,0.0
2553,0.0,0.0
2554,0.0,0.0
2555,0.0,0.0
2556,0.0,0.0
2557,0.0,0.0
2558,0.0,0.0
2559,0.0,0.0
2560,0.0,0.0
2561,0.0,0.0
2562,0.0,0.0
2563,0.0,0.0
2564,0.0,0.0
2565,0.0,0.0
2566,0.0,0.0
2567,0.0,0.0
2568,0.0,0.0
2569,0.0,0.0
2570,0.0,0.0
2571,0.0,0.0
2572,0.0,0.0
2573,0.0,0.0
2574,0.0,0.0
2575,0.0,0.0
2576,0.0,0.0
2577,0.0,0.0
2578,0.0,0.0
2579,0.0,0.0
2580,0.0,0.0
2581,0.0,0.0
2582,0.0,0.0
2583,0.0,0.0
2584,0.0,0.0
2585,0.0,0.0
2586,0.0,0.0
2587,0.0,0.0
2588,0.0,0.0
2589,0.0,0.0
2590,0.0,0.0
2591,0.0,0.0
2592,0.0,0.0
2593,0.0,0.0
2594,0.0,0.0
2595,0.0,0.0
2596,0.0,0.0
2597,0.0,0.0
2598,0.0,0.0
2599,0.0,0.0
2600,0.0,0.0
2601,0.0,0.0
2602,0.0,0.0
2603,0.0,0.0
2604,0.0,0.0
2605,0.0,0.0
2606,0.0,0.0
2607,0.0,0.0
2608,0.0,0.0
2609,0.0,0.0
2610,0.0,0.0
2611,0.0,0.0
2612,0.0,0.0
2613,0.0,0.0
2614,0.0,0.0
2615,0.0,0.0
2616,0.0,0.0
2617,0.0,0.0
2618,0.0,9.68440998064564e-06
2619,0.0,2.9033786501417597e-05
2620,0.0,5.802872496981662e-05
2621,0.0,9.664985956374512e-05
2622,0.0,0.0001448778631540439
2623,0.0,0.00020269344722718353
2624,0.0,0.00027007736180811035
2625,0.0,0.00034701039538324657
2626,0.0,0.00043347337482364405
2627,0.0,0.0005294471653082916
2628,0.0,0.0006349126702475767
2629,0.0,0.0007498508312068973
2630,0.0,0.0008742426278304297
2631,0.0,0.0010080690777650465
2632,0.0,0.0011513112365843868
2633,0.0,0.0013039501977130795
2634,0.0,0.0014659670923511153
2635,0.0,0.001637343089398373
2636,0.0,0.0018180593953792943
2637,0.0,0.0020080972543677113
2638,0.0,0.0022074379479118194
2639,0.0,0.0024160627949593077
2640,0.0,0.0026339531517826312
2641,0.0,0.0028610904119044387
2642,0.0,0.0030974560060231444
2643,0.0,0.0033430314019386527
2644,0.0,0.003597798104478228
2645,0.0,0.0038617376554225145
2646,0.0,0.004134831633431703
2647,0.0,0.004417061653971847
2648,0.0,0.004708409369241322
2649,0.0,0.005008856468097435
2650,0.0,0.0053183846759831815
2651,0.0,0.005636975754854149
2652,0.0,0.005964611503105557
2653,0.0,0.006301273755499459
2654,0.0,0.006646944383092076
2655,0.0,0.007001605293161285
2656,0.0,0.007365238429134244
2657,0.0,0.00773782577051517
2658,0.0,0.008119349332813252
2659,0.0,0.008509791167470715
2660,0.0,0.008909133361791029
2661,0.0,0.009317358038867256
2662,0.0,0.009734447357510539
2663,0.0,0.010160383512178742
2664,0.0,0.010595148732905227
2665,0.0,0.011038725285227768
2666,0.0,0.011491095470117623
2667,0.0,0.011952241623908733
2668,0.0,0.01242214611822706
2669,0.0,0.012900791359920097
2670,0.0,0.013388159790986462
2671,0.0,0.01388423388850569
2672,0.0,0.014388996164568136
2673,0.0,0.014902429166205022
2674,0.0,0.015424515475318623
2675,0.0,0.015955237708612593
2676,0.0,0.01649457851752244
2677,0.0,0.01704252058814613
2678,0.0,0.01759904664117482
2679,0.0,0.01816413943182376
2680,0.0,0.018737781749763285
2681,0.0,0.01931995641905001
2682,0.0,0.0199106462980581
2683,0.0,0.02050983427941071
2684,0.0,0.021117503289911563
2685,0.0,0.02173363629047664
2686,0.0,0.022358216276066045
2687,0.0,0.02299122627561597
2688,0.0,0.023632649351970816
2689,0.0,0.024282468601815443
2690,0.0,0.024940667155607554
2691,0.0,0.02560722817751023
2692,0.0,0.026282134865324564
2693,0.0,0.02696537045042247
2694,0.0,0.027656918197679608
2695,0.0,0.028356761405408427
2696,0.0,0.02906488340529139
2697,0.0,0.029781267562314265
2698,0.0,0.030505897274699597
2699,0.0,0.031238755973840317
2700,0.0,0.031979827124233445
2701,0.0,0.03272909422341397
2702,0.0,0.03348654080188881
2703,0.0,0.03425215042307096
2704,0.0,0.03502590668321376
2705,0.0,0.035807793211345224
2706,0.0,0.0365977936692026
2707,0.0,0.03739589175116702
2708,0.0,0.03820207118419825
2709,0.0,0.03901631572776962
2710,0.0,0.03983860917380304
2711,0.0,0.0406689353466042
2712,0.0,0.041507278102797855
2713,0.0,0.042353621331263205
2714,0.0,0.04320794895306954
2715,0.0,0.04407024492141185
2716,0.0,0.044940493221546654
2717,0.0,0.045818677870727964
2718,0.0,0.04670478291814333
2719,0.0,0.047598792444850074
2720,0.0,0.04850069056371155
2721,0.0,0.049410461419333654
2722,0.0,0.050328089188001364
2723,0.0,0.051253558077615474
2724,0.0,0.05218685232762942
2725,0.0,0.05312795620898623
2726,0.0,0.05407685402405558
2727,0.0,0.055033530106571076
2728,0.0,0.05599796882156751
2729,0.0,0.05697015456531837
2730,0.0,0.057950071765273406
2731,0.0,0.058937704879996354
2732,0.0,0.05993303839910275
2733,0.0,0.06093605684319789
2734,0.0,0.061946744763814954
2735,0.0,0.06296508674335313
2736,0.0,0.06399106739501607
2737,0.0,0.06502467136275017
2738,0.0,0.06606588332118332
2739,0.0,0.06711468797556346
2740,0.0,0.06817107006169752
2741,0.0,0.06923501434589027
2742,0.0,0.07030650562488347
2743,0.0,0.07138552872579496
2744,0.0,0.07247206850605803
2745,0.0,0.07356610985336084
2746,0.0,0.074667637685586
2747,0.0,0.07577663695075018
2748,0.0,0.07689309262694392
2749,0.0,0.07801698972227161
2750,0.0,0.0791483132747914
2751,0.0,0.08028704835245545
2752,0.0,0.0814331800530502
2753,0.0,0.08258669350413668
2754,0.0,0.0837475738629911
2755,0.0,0.08491580631654548
2756,0.0,0.08609137608132829
2757,0.0,0.0872742684034055
2758,0.0,0.08846446855832137
2759,0.0,0.08966196185103967
2760,0.0,0.09086673361588492
2761,0.0,0.0920787692164836
2762,0.0,0.09329805404570575
2763,0.0,0.0945245735256064
2764,0.0,0.09575831310736745
2765,0.0,0.09699925827123924
2766,0.0,0.09824739452648266
2767,0.0,0.09950270741131108
2768,0.0,0.10076518249283255
2769,0.0,0.10203480536699207
2770,0.0,0.10331156165851396
2771,0.0,0.10459543702084435
2772,0.0,0.1058864171360938
2773,0.0,0.10718448771498003
2774,0.0,0.10848963449677078
2775,0.0,0.10980184324922673
2776,0.0,0.11112109976854463
2777,0.0,0.11244738987930043
2778,0.0,0.11378069943439256
2779,0.0,0.11512101431498543
2780,0.0,0.11646832043045288
2781,0.0,0.11782260371832186
2782,0.0,0.11918385014421609
2783,0.0,0.12055204570180011
2784,0.0,0.12192717641272305
2785,0.0,0.1233092283265628
2786,0.0,0.12469818752077023
2787,0.0,0.12609404010061354
2788,0.0,0.1274967721991225
2789,0.0,0.12890636997703325
2790,0.0,0.13032281962273268
2791,0.0,0.13174610735220335
2792,0.0,0.1331762194089683
2793,0.0,0.13461314206403605
2794,0.0,0.13605686161584563
2795,0.0,0.1375073643902118
2796,0.0,0.1389646367402704
2797,0.0,0.1404286650464237
2798,0.0,0.14189943571628594
2799,0.0,0.143376935184629
2800,0.0,0.14486114991332802
2801,0.0,0.14635206639130746
2802,0.0,0.1478496711344868
2803,0.0,0.1493539506857268
2804,0.0,0.1508648916147756
2805,0.0,0.15238248051821496
2806,0.0,0.15390670401940676
2807,0.0,0.15543754876843938
2808,0.0,0.15697500144207427
2809,0.0,0.15851904874369285
2810,0.0,0.16006967740324313
2811,0.0,0.16162687417718669
2812,0.0,0.16319062584844585
2813,0.0,0.16476091922635044
2814,0.0,0.1663377411465855
2815,0.0,0.16792107847113824
2816,0.0,0.16951091808824567
2817,0.0,0.1711072469123421
2818,0.0,0.1727100518840069
2819,0.0,0.1743193199699121
2820,0.0,0.17593503816277034
2821,0.0,0.17755719348128293
2822,0.0,0.1791857729700877
2823,0.0,0.18082076369970737
2824,0.0,0.18246215276649777
2825,0.0,0.18410992729259631
2826,0.0,0.18576407442587026
2827,0.0,0.1874245813398655
2828,0.0,0.1890914352337552
2829,0.0,0.1907646233322887
2830,0.0,0.19244413288574005
2831,0.0,0.19412995116985757
2832,0.0,0.19582206548581244
2833,0.0,0.19752046316014815
2834,0.0,0.19922513154472993
2835,0.0,0.20093605801669373
2836,0.0,0.20265322997839624
2837,0.0,0.20437663485736418
2838,0.0,0.206106260106244
2839,0.0,0.20784209320275193
2840,0.0,0.20958412164962362
2841,0.0,0.21133233297456436
2842,0.0,0.21308671473019897
2843,0.0,0.21484725449402234
2844,0.0,0.21661393986834934
2845,0.0,0.21838675848026556
2846,0.0,0.22016569798157765
2847,0.0,0.22195074604876397
2848,0.0,0.2237418903829253
2849,0.0,0.2255391187097356
2850,0.0,0.22734241877939299
2851,0.0,0.22915177836657072
2852,0.0,0.2309671852703682
2853,0.0,0.23278862731426228
2854,0.0,0.2346160923460586
2855,0.0,0.23644956823784277
2856,0.0,0.23828904288593208
2857,0.0,0.24013450421082697
2858,0.0,0.2419859401571627
2859,0.0,0.2438433386936613
2860,0.0,0.24570668781308305
2861,0.0,0.247575975532179
2862,0.0,0.24945118989164256
2863,0.0,0.2513323189560619
2864,0.0,0.25321935081387215
2865,0.0,0.2551122735773078
2866,0.0,0.2570110753823551
2867,0.0,0.25891574438870457
2868,0.0,0.2608262687797038
2869,0.0,0.2627426367623098
2870,0.0,0.2646648365670425
2871,0.0,0.26659285644793684
2872,0.0,0.26852668468249663
2873,0.0,0.2704663095716469
2874,0.0,0.2724117194396876
2875,0.0,0.27436290263424673
2876,0.0,0.2763198475262338
2877,0.0,0.27828254250979306
2878,0.0,0.28025097600225757
2879,0.0,0.28222513644410235
2880,0.0,0.28420501229889844
2881,0.0,0.28619059205326663
2882,0.0,0.28818186421683156
2883,0.0,0.2901788173221756
2884,0.0,0.292181439924793
2885,0.0,0.2941897206030442
2886,0.0,0.29620364795811005
2887,0.0,0.29822321061394624
2888,7.216416004140763e-07,0.300248397217238
2889,8.319531408911615e-06,0.3022791964373542
2890,2.4254021420757453e-05,0.30431559696630245
2891,4.8593667335751024e-05,0.3063575875186839
2892,8.140702866030568e-05,0.30840515683164776
2893,0.00012276266790575777,0.3104582936648464
2894,0.0001727291497918983,0.3125169868003906
2895,0.00023137504045568316,0.3145812250428044
2896,0.0002987689066651177,0.3166509972189803
2897,0.00037497931503826837,0.3187262921781349
2898,0.00046007483126741416,0.320807098791764
2899,0.0005541240193482554,0.32289340595359806
2900,0.0006571954408141883,0.324985202579558
2901,0.0007693576539756567,0.3270824776077106
2902,0.0008906792131644724,0.3291852199982247
2903,0.0010212286679831316,0.33129341873332646
2904,0.001161074562559121,0.33340706281725563
2905,0.001310285434804124,0.3355261412762215
2906,0.001468929815678189,0.3376506431583591
2907,0.001637076228458748,0.3397805575336852
2908,0.0018147931880144995,0.3419158734940547
2909,0.0020021492000841675,0.3440565801531171
2910,0.0021992127605600705,0.34620266664627264
2911,0.0024060523547764336,0.3483541221306292
2912,0.0026227364568025334,0.3505109357849588
2913,0.002849333528740566,0.3526730968096542
2914,0.0030859120200282288,0.3548405944266857
2915,0.0033325403667460074,0.35701341787955837
2916,0.003589286990929132,0.3591915564332685
2917,0.003856220299884216,0.36137499937426115
2918,0.004133408685510472,0.363563736010387
2919,0.004420920523625572,0.36575775567085966
2920,0.004718824173296082,0.3679570477062129
2921,0.005027187976172434,0.3701616014882582
2922,0.005346080255828483,0.3723714064100423
2923,0.005675569317105539,0.3745864518858044
2924,0.006015723445460895,0.3768067273509343
2925,0.006366610906320813,0.37903222226192973
2926,0.006728299944438026,0.3812629260963544
2927,0.007100858783253545,0.38349882835279603
2928,0.0074879029674620075,0.385760377153322
2929,0.00788977261333517,0.3880475203419226
2930,0.008306810849603153,0.3903602058667955
2931,0.008739363793083958,0.39269838178013833
2932,0.009187780524441712,0.3950619962379402
2933,0.009652413064072954,0.39745099749977486
2934,0.010133616348120272,0.3998653339285933
2935,0.010631748204612896,0.4023049539905175
2936,0.011147169329733525,0.4047698062546343
2937,0.011680243264210804,0.4072598393927893
2938,0.012231336369836992,0.40977500217938206
2939,0.012800817806110141,0.4123152434911609
2940,0.013389059507000266,0.4148805123070183
2941,0.013996436157838904,0.41747075770778724
2942,0.014623325172331478,0.42008592887603713
2943,0.015270106669691991,0.42272597509587073
2944,0.015937163451899414,0.4253908457527211
2945,0.016624880981075157,0.4280804903331495
2946,0.01733364735698125,0.43079485842464277
2947,0.01806385329463843,0.4335338997154124
2948,0.018815892102063858,0.43629756399419267
2949,0.0195901596581276,0.43908580115004
2950,0.020387054390527643,0.44189856117213266
2951,0.02120697725388265,0.4447357941495706
2952,0.022050331707942152,0.4475974502711758
2953,0.022917523695913256,0.4504834798252931
2954,0.023808961622903798,0.4533938331995911
2955,0.02472505633448104,0.4563284608808641
2956,0.025666221095345648,0.45928731345483376
2957,0.026632871568120133,0.46227034160595154
2958,0.027625425792251492,0.46527749611720143
2959,0.02864430416302729,0.4683087278699032
2960,0.02968992941070498,0.4713639878435156
2961,0.030762726579753537,0.47444322711544057
2962,0.03186312300820711,0.4775463968608275
2963,0.032991548307130324,0.48067344835237796
2964,0.03414843434019429,0.48382433296015065
2965,0.03533421520336323,0.48699900215136693
2966,0.036549327204691076,0.49019740749021684
2967,0.037794208844227226,0.493419500637665
2968,0.0390693007940315,0.4966652333512576
2969,0.04037504587829747,0.49993455748492954
2970,0.0417118890535836,0.5032274249888111
2971,0.043080277389151655,0.506543787909037
2972,0.04448066004741254,0.5098835983875531
2973,0.04591348826447789,0.5132468086619263
2974,0.04737921533081824,0.5166333710651525
2975,0.048878296572026,0.5200432380254666
2976,0.0504111893296838,0.5234763620661517
2977,0.051978352942337144,0.5269326958053497
2978,0.053580248726570995,0.5304121919558714
2979,0.05521733995819007,0.5339148033250074
2980,0.05689009185350173,0.5374404828143395
2981,0.05859897155070181,0.5409891834195524
2982,0.060344448091362184,0.5445608582302449
2983,0.062126992402020145,0.5481554604297434
2984,0.0639470772758686,0.5517729432949137
2985,0.06580517735454734,0.5554132601959749
2986,0.06770176911003395,0.559076364596312
2987,0.06963733082663472,0.5627622100522908
2988,0.07161234258307483,0.5664707502130707
2989,0.07362728623468706,0.5702019388204209
2990,0.07568264539569902,0.5739557297085344
2991,0.07777890542161808,0.5777320768038433
2992,0.07991655339171373,0.581530934124835
2993,0.08209607809159708,0.585352255781868
2994,0.08431796999589652,0.5891959959769882
2995,0.08658272125102941,0.5930621090037461
2996,0.08889082565806984,0.5969505492470137
2997,0.09124277865571079,0.6008612711828019
2998,0.09363907730332174,0.6047942293780787
2999,0.09608022026409978,0.6087493784905874
3000,0.09856670778831514,0.6127266732686651
3001,0.10109904169664981,0.616726068551062
3002,0.10367772536362913,0.6207475192667603
3003,0.10630326370114573,0.6247909804347942
3004,0.10897616314207585,0.6288564071640699
3005,0.11169693162398704,0.6329437546531864
3006,0.11446607857293684,0.6370529781902554
3007,0.11728411488736322,0.6411840331527235
3008,0.12015155292206384,0.6453368750071931
3009,0.12306890647226648,0.6495114593092439
3010,0.12603669075778864,0.6537077417032564
3011,0.1290554224072857,0.6579256779222332
3012,0.13212561944258847,0.6621652237876225
3013,0.13524780126312874,0.6664263352091413
3014,0.13842248863045217,0.6707089681845992
3015,0.14165020365281933,0.6750130787997222
3016,0.14493146976989338,0.6793386232279766
3017,0.14826681173751421,0.6836855577303949
3018,0.15165675561255923,0.6880538386553997
3019,0.1551018287378891,0.6924434224386294
3020,0.15860255972738008,0.6968542656027645
3021,0.16215947845104015,0.7012863247573531
3022,0.16577311602021,0.705739556598637
3023,0.16944400477284918,0.7102139179093794
3024,0.17317267825890445,0.7147093655586918
3025,0.17695967122576245,0.7192258565018607
3026,0.18080551960378552,0.7237633477801764
3027,0.18471076049192967,0.7283217965207607
3028,0.18867593214344444,0.7329011599363955
3029,0.19270157395165535,0.7375013953253513
3030,0.19678822643582763,0.7421224600712171
3031,0.20093643122711022,0.7467643116427294
3032,0.20514673105456133,0.7514269075936022
3033,0.209419669731254,0.7561102055623573
3034,0.21375579214046134,0.7608141632721547
3035,0.21815564422192127,0.7655387385306236
3036,0.22261977295818097,0.7702838892296937
3037,0.22714872636101918,0.7750495733454266
3038,0.23174305345794807,0.7798357489378478
3039,0.23640330427879153,0.7846423741507789
3040,0.24113002984234266,0.7894694072116704
3041,0.24592378214309796,0.794316806431434
3042,0.25078511413806803,0.7991845302042767
3043,0.2557145797336654,0.8040725370075337
3044,0.2607127337726677,0.8089807854015025
3045,0.26578013202125816,0.8139092340292772
3046,0.2709173311561401,0.8188578416165831
3047,0.27612488875172714,0.8238265669716116
3048,0.2814033632674081,0.8288153689848554
3049,0.28675331403488646,0.8338242066289439
3050,0.29217530124559327,0.8388530389584795
3051,0.29766988593817434,0.8439018251098732
3052,0.30323762998605014,0.8489705243011819
3053,0.30887909608505004,0.8540590958319445
3054,0.3145948477411173,0.8591674990830197
3055,0.3203854492580873,0.8642956935164233
3056,0.32625146572553815,0.8694436386751659
3057,0.33219346300671176,0.8746112941830915
3058,0.33821200772650767,0.8797986197447153
3059,0.34430766725954554,0.8850055751450633
3060,0.3504810097183012,0.8902321202495108
3061,0.35673260394131007,0.8954782150036226
3062,0.3630630194814419,0.9007438194329916
3063,0.3694728265942452,0.9060288936430803
3064,0.37596259622636025,0.91133339781906
3065,0.38253290000400214,0.9166572922256524
3066,0.38918431022150984,0.9220005372069703
3067,0.3959173998299672,0.9273630931863589
3068,0.4027327424258884,0.9327449206662378
3069,0.4096309122399724,0.9381459802279427
3070,0.41661248412592655,0.9435662325315677
3071,0.4236780335493527,0.9490056383158083
3072,0.4308281365767049,0.9544641583978042
3073,0.4380633698643085,0.9599417536729822
3074,0.4453843106474498,0.9654383851149003
3075,0.45279153672952815,0.9709540137750914
3076,0.4602856264712752,0.9764886007829074
3077,0.4678671587800371,0.982042107345364
3078,0.47553671309912493,0.987614494746985
3079,0.48329486939722494,0.9932057243496479
3080,0.4911422081578769,0.9988157575924295
3081,0.49907931036901443,1.0044445559914508
3082,0.5071067575125681,1.0100920811397243
3083,0.5152251315541335,1.0157582947069992
3084,0.5234350149327008,1.0214431584396089
3085,0.5317369905504474,1.027146634160318
3086,0.540131641762593,1.0328686837681678
3087,0.5486195523673149,1.0386092692383273
3088,0.5572013065957293,1.0443683526219378
3089,0.5658774891019275,1.0501458960459635
3090,0.5746486849530795,1.0559418617130378
3091,0.5835154796195942,1.0617562119013142
3092,0.5924784589653412,1.067588908964314
3093,0.6015382092379334,1.0734399153307768
3094,0.6106953170590701,1.0793091935045087
3095,0.6199503694149366,1.0851967060642342
3096,0.6293039536466662,1.091102415663445
3097,0.6387566574408599,1.0970262850302515
3098,0.6483090688201654,1.102968276967233
3099,0.6579617761339135,1.1089283543512896
3100,0.6677153680488138,1.1149064801334934
3101,0.6775704335397076,1.1209026173389398
3102,0.6875275618803793,1.126916729066601
3103,0.697587342634423,1.1329487784891767
3104,0.7077503656461679,1.1389987288529484
3105,0.7180172210316613,1.1450665434776304
3106,0.7283884991697052,1.1511521857562255
3107,0.7388647906929501,1.1572556191548766
3108,0.7494466864790492,1.1633768072127215
3109,0.7601347776418599,1.1695157135417467
3110,0.7709296555227065,1.1756723018266424
3111,0.7818319116816982,1.1818465358246562
3112,0.7928421378890982,1.1880383793654496
3113,0.803960926116751,1.1942477963509517
3114,0.8151888685295623,1.200474750755216
3115,0.8265265574770322,1.206719206624276
3116,0.8379745854848435,1.2129811280760008
3117,0.8495335452465037,1.2192604792999524
3118,0.8612040296150397,1.225557224557242
3119,0.8729866315947442,1.2318713281803872
3120,0.8848819443329778,1.2382027545731693
3121,0.8968905611120201,1.2445514682104908
3122,0.9090130753409749,1.2509174336382336
3123,0.9212500805477286,1.2573006154731163
3124,0.9336021703709579,1.2637009784025546
3125,0.9460699385521893,1.2701184871845175
3126,0.958653978927911,1.2765531066473883
3127,0.9713548854217338,1.2830048016898232
3128,0.9841732520366072,1.289473537280611
3129,0.9971096728470796,1.2959592784585323
3130,1.0050695209743508,1.3024619903322212
3131,1.011602221065642,1.3089816380800239
3132,1.0181518561150358,1.3155181869498607
3133,1.0247183913704534,1.3220716022590868
3134,1.0313017921492493,1.3286418493943535
3135,1.037902023838075,1.335228893811469
3136,1.0445190518927385,1.3418327010352606
3137,1.0511528418380673,1.3484532366594384
3138,1.0578033592677718,1.3550904663464551
3139,1.0644705698443042,1.3617443558273705
3140,1.0711544392987244,1.3684148709017134
3141,1.0778549334305614,1.3751019774373454
3142,1.0845720181076763,1.381805641370324
3143,1.091305659266127,1.3885258287047664
3144,1.098055822910031,1.3952625055127144
3145,1.1048224751114297,1.4020156379339968
3146,1.111605582010152,1.4087851921760957
3147,1.11840510981368,1.415571134514011
3148,1.1252210247970136,1.4223734312901242
3149,1.1320532933025342,1.4291920489140657
3150,1.1389018817398724,1.4360269538625792
3151,1.1457667565857714,1.4428781126793877
3152,1.1526478843839547,1.4497454919750599
3153,1.1595452317449912,1.4566290584268773
3154,1.1664587653461618,1.463528778778699
3155,1.173388451931326,1.4704446198408312
3156,1.1803342583107899,1.4773765484898926
3157,1.187296151361172,1.484324531668682
3158,1.1942740980252713,1.4912885363860473
3159,1.2012680653119359,1.4982685297167524
3160,1.2082780202959291,1.5052644788013458
3161,1.2153039301178,1.5122763508460293
3162,1.2223457619837501,1.5193041131225267
3163,1.2294034831655034,1.5263477329679533
3164,1.236477061000175,1.5334071777846847
3165,1.2435664628901404,1.5404824150402259
3166,1.250671656302905,1.547573412267083
3167,1.2577926087709748,1.5546801370626318
3168,1.2649292878917249,1.5618025570889877
3169,1.272081661327272,1.5689406400728791
3170,1.2792496968043434,1.5760943538055143
3171,1.286433362114148,1.5832636661424566
3172,1.2936326251122485,1.5904485450034929
3173,1.3008474537184325,1.5976489583725066
3174,1.3080778159165827,1.6048648742973495
3175,1.3153236797545516,1.6120962608897138
3176,1.3225850133440307,1.619343086325004
3177,1.3298617848604253,1.6266053188422114
3178,1.337153962542726,1.6338829267437849
3179,1.3444615146933823,1.6411758783955057
3180,1.3517844096781748,1.6484841422263596
3181,1.3591226159260898,1.6558076867284117
3182,1.366476101929192,1.66314648045668
3183,1.3738448362424995,1.6705004920290094
3184,1.3812287874838576,1.677869690125947
3185,1.3886279243338127,1.6852540434906154
3186,1.3960422155354877,1.6926535209285887
3187,1.403471629894457,1.7000680913077677
3188,1.4109161362786213,1.7074977235582556
3189,1.4183757036180835,1.714942386672232
3190,1.4258503009050234,1.7224020497038317
3191,1.4333398971935758,1.7298766817690183
3192,1.4408444615997045,1.7373662520454625
3193,1.4483639633010794,1.7448707297724169
3194,1.455898371536954,1.7523900842505957
3195,1.4634476556080425,1.7599242848420493
3196,1.4710117848763944,1.7674733009700427
3197,1.4785907287652758,1.7750371021189337
3198,1.4861844567590436,1.7826156578340502
3199,1.4937929384030262,1.7902089377215684
3200,1.5014161433033997,1.7978169114483917
3201,1.5090540411270674,1.805439548742029
3202,1.5167066016015383,1.8130768193904736
3203,1.5243737945148055,1.8207286932420823
3204,1.5320555897152262,1.8283951402054555
3205,1.5397519571114002,1.8360761302493152
3206,1.5474628666720507,1.8437716334023873
3207,1.555188288425902,1.851481619753279
3208,1.5629281924615626,1.8592060594503614
3209,1.5706825489274028,1.866944922701649
3210,1.5784513280314374,1.8746981797746805
3211,1.586234500041205,1.8824658009964004
3212,1.59403203528365,1.8902477567530396
3213,1.6018439041450037,1.8980440174899975
3214,1.6096700770706656,1.9058545537117244
3215,1.6175105245650852,1.9136793359816013
3216,1.6253652171916442,1.9215183349218248
3217,1.6332341255725387,1.9293715212132878
3218,1.6411172203886621,1.937238865595463
3219,1.6490144723794868,1.9451203388662854
3220,1.656925852342948,1.9530159118820363
3221,1.6648513311353268,1.960925555557226
3222,1.6727908796711337,1.9688492408644778
3223,1.6807444689229916,1.9767869388344108
3224,1.6887120699215201,1.9847386205555262
3225,1.69669365375522,1.9927042571740896
3226,1.7046891915703573,2.0006838198940167
3227,1.7126986545708471,2.008677279976758
3228,1.7207220140181405,2.016684608741183
3229,1.728759241231107,2.024705777563467
3230,1.7368103075859211,2.032740757876975
3231,1.7448751845159494,2.0407895211721487
3232,1.7529538435116316,2.0488520389963916
3233,1.7610462561203726,2.056928282953956
3234,1.7691523939464238,2.065018224705828
3235,1.7772722286507723,2.073121835969616
3236,1.7854057319510257,2.0812390885194367
3237,1.793552875621301,2.089369954185801
3238,1.8017136314921094,2.097514404855504
3239,1.8098879714502452,2.10567241247151
3240,1.8180758674386734,2.113843949032842
3241,1.8262772914564167,2.1220289865944673
3242,1.8344922155584429,2.13022749726719
3243,1.8427206118555552,2.138439453217535
3244,1.8509624525142792,2.146664826667639
3245,1.859217709756751,2.1549035898951394
3246,1.8674863558606087,2.163155715233062
3247,1.8757683631588777,2.171421175069712
3248,1.8840637040398633,2.179699941848562
3249,1.8923723509470383,2.187991988068144
3250,1.9006942763789343,2.1962972862819368
3251,1.90902945288903,2.2046158090982573
3252,1.9173778530856425,2.2129475291801515
3253,1.9257394496318183,2.2212924192452843
3254,1.934114215245222,2.2296504520658322
3255,1.9425021226980295,2.2380216004683704
3256,1.9509031448168168,2.2464058373337688
3257,1.9593172544824535,2.25480313559708
3258,1.967744424629992,2.263213468247433
3259,1.9761846282485618,2.271636808327925
3260,1.984637838381259,2.280073128935512
3261,1.9931040281250405,2.288522403220903
3262,2.001583170630616,2.2969846043884523
3263,2.0100752391023384,2.3054597056960513
3264,2.0185802067981,2.313947680455022
3265,2.0270980470292224,2.322448502030011
3266,2.035628733160352,2.3309621438388826
3267,2.0441722386093533,2.3394885793526106
3268,2.0527285368472006,2.348027782095176
3269,2.061297601397874,2.3565797256434577
3270,2.0698794058382535,2.365144383627128
3271,2.0784739237980103,2.3737217297285484
3272,2.087081128959506,2.382311737682661
3273,2.0957009950576837,2.390914381276887
3274,2.1043334958799638,2.39952963435102
3275,2.11297860526614,2.4081574707971214
3276,2.121636297108274,2.416797864559417
3277,2.1303065453505914,2.4254507896341915
3278,2.1389893239893767,2.434116220069685
3279,2.14768460707287,2.44279412996599
3280,2.1563923687011646,2.4514844934749465
3281,2.165112583026099,2.4601872848000386
3282,2.173845224251159,2.468902478196293
3283,2.1825902666313697,2.477630047970174
3284,2.1913476844731967,2.486369968479482
3285,2.2001174521344398,2.4951222141332514
3286,2.208899544024133,2.503886759391645
3287,2.21769393460244,2.512663578765857
3288,2.2265005983805546,2.5214526468180063
3289,2.2353195099205956,2.530253938161038
3290,2.244150643835508,2.539067427458619
3291,2.252993974788959,2.54789308942504
3292,2.2618494774952396,2.5567308988251116
3293,2.27071712671916,2.565580830474065
3294,2.27959689727595,2.5744428592374495
3295,2.2884887640311615,2.5833169600310337
3296,2.297392701900562,2.5922031078207053
3297,2.3063086858500386,2.6011012776223685
3298,2.315236690895496,2.6100114445018474
3299,2.3241766921027582,2.6189335835747833
3300,2.3331286645874667,2.6278676700065375
3301,2.3420925835149835,2.636813679012091
3302,2.3510684241002875,2.6457715858559436
3303,2.3600561616078806,2.654741365852019
3304,2.369055771351685,2.663722994363562
3305,2.3780672286949462,2.672716446803042
3306,2.387090509050134,2.681721698632055
3307,2.396125587878844,2.690738725361224
3308,2.405172440691699,2.6997675025501024
3309,2.4142310430482525,2.708808005807076
3310,2.4233013705568904,2.7178602107892638
3311,2.432383398874732,2.7269240932024235
3312,2.441477103707534,2.7359996288008506
3313,2.450582460809593,2.745086793387285
3314,2.4596994459836488,2.754185562812813
3315,2.468828035080787,2.7632959129767696
3316,2.477968204000343,2.7724178198266434
3317,2.4871199286898054,2.7815512593579803
3318,2.49628318514472,2.7906962076142863
3319,2.505457949408593,2.7998526406869333
3320,2.514644197572796,2.809020534715062
3321,2.52384190577647,2.818199865885487
3322,2.533051050206429,2.8273906104326034
3323,2.5422716070970695,2.836592744638288
3324,2.5515035527302667,2.845806244831807
3325,2.5607468634352877,2.8550310873897216
3326,2.570001515588693,2.864267248735791
3327,2.5792674856142432,2.873514705340881
3328,2.5885447499828027,2.8827734337228685
3329,2.597833285212249,2.8920434104465484
3330,2.6071330678673768,2.9013246121235374
3331,2.6164440745598023,2.9106170154121833
3332,2.625766281947875,2.9199205970174704
3333,2.6350996667365774,2.9292353336909276
3334,2.644444205677439,2.938561202230532
3335,2.653799875568436,2.947898179480619
3336,2.663166653253907,2.957246242331791
3337,2.6725445156244514,2.9666053677208217
3338,2.681933439616843,2.975975532630564
3339,2.6913334022139352,2.9853567140898605
3340,2.7007443804445717,2.994748889173451
3341,2.7101663513834904,3.004152035001877
3342,2.7195992921512344,3.013566128741396
3343,2.729043179914061,3.022991147603887
3344,2.7384979918838486,3.0324270688467583
3345,2.747963705318005,3.041873869772859
3346,2.7574402975193806,3.0513315277303867
3347,2.7669277458361714,3.0608000201127976
3348,2.7764260276618353,3.070279324358716
3349,2.785935120434996,3.079769417951843
3350,2.7954550016393545,3.0892702784208685
3351,2.8049856488036005,3.098781883339379
3352,2.814527039501321,3.10830421032577
3353,2.8240791513509103,3.1178372370431537
3354,2.833641962015482,3.127380941199274
3355,2.8432154492027797,3.1369353005464133
3356,2.8527995906650854,3.1465002928813046
3357,2.862394364199132,3.1560758960450435
3358,2.8719997476460155,3.1656620879229993
3359,2.8816157188911053,3.1752588464447267
3360,2.891242255863956,3.1848661495838764
3361,2.9008793365382175,3.194483975358108
3362,2.910526938931551,3.204112301829003
3363,2.920185041105536,3.213751107101973
3364,2.929853621165586,3.223400369326178
3365,2.9395326572608598,3.233060066694434
3366,2.9492221275841737,3.24273017744313
3367,2.958922010371917,3.252410679852136
3368,2.96863228390396,3.2621015522447214
3369,2.9783529265035704,3.2718027729874635
3370,2.988083916537328,3.281514320490165
3371,2.997825232415033,3.2912361732057653
3372,3.0075768525896267,3.3009683096302544
3373,3.017338755557098,3.310710708302587
3374,3.027110919856402,3.3204633478045977
3375,3.036893324069373,3.3302262067609147
3376,3.04668594682064,3.3399992638388745
3377,3.056488766777539,3.3497824977484356
3378,3.066301762650028,3.3595758872420944
3379,3.076124913190604,3.369379411114799
3380,3.0859581971942154,3.3791930482038666
3381,3.095801593498179,3.3890167773888966
3382,3.1056550809820935,3.398850577591687
3383,3.1155186385677585,3.408694427776151
3384,3.1253922452190848,3.4185483069482303
3385,3.135275879942017,3.4284121941558143
3386,3.1451695217844424,3.438286068488653
3387,3.155073149836112,3.448169909078278
3388,3.1649867432285568,3.458063695097913
3389,3.1749102811350007,3.4679674057623946
3390,3.184843742770281,3.47788102032809
3391,3.1947871073907637,3.4878045180928097
3392,3.2047403542942594,3.497737878395728
3393,3.2147034628199442,3.5076810806173007
3394,3.2246764123482716,3.51763410417918
3395,3.2346591823008954,3.527596928544135
3396,3.2446517521405833,3.537569533215966
3397,3.2546541013711368,3.5475518977394276
3398,3.26466620953731,3.5575440017001414
3399,3.2746880562247247,3.567545824724519
3400,3.284719621059792,3.577557346479677
3401,3.2947608837096296,3.5875785466733587
3402,3.30481182388198,3.5976094050538503
3403,3.314872421325129,3.6076499014099
3404,3.3249426558278254,3.61770001557064
3405,3.3350225072192012,3.6277597274055027
3406,3.3451119553686888,3.637829016824142
3407,3.355210980185942,3.647907863776352
3408,3.365319561620755,3.6579962482519868
3409,3.375437679662983,3.668094150280882
3410,3.3855653143424598,3.6782015499327723
3411,3.3957024457289213,3.6883184273172143
3412,3.405849053931923,3.698444762583504
3413,3.416005119100762,3.708580535920601
3414,3.4261706214243977,3.718725727557047
3415,3.436345541131371,3.7288803177608862
3416,3.4465298584897273,3.7390442868395883
3417,3.4567235538069356,3.749217615139968
3418,3.4669266074298104,3.759400283048107
3419,3.477138999744433,3.7695922709892753
3420,3.4873607111760747,3.7797935594278544
3421,3.497591722189117,3.790004128867258
3422,3.5078320132869725,3.8002239598498533
3423,3.5180815650120087,3.8104530329568833
3424,3.528340357945469,3.820691328808391
3425,3.5386083727073956,3.8309388280631396
3426,3.548885589956553,3.8411955114185368
3427,3.5591719903903476,3.8514613596105565
3428,3.5694675547447545,3.861736353413663
3429,3.579772263794237,3.8720204736407315
3430,3.5900860983516707,3.8823137011429747
3431,3.600409039268268,3.8926160168098645
3432,3.6107410674335014,3.902927401569054
3433,3.6210821637750237,3.913247836386305
3434,3.6314323092585963,3.9235773022654077
3435,3.641791484888011,3.9339157802481095
3436,3.652159671705012,3.944263251414033
3437,3.662536850789225,3.954619696880606
3438,3.672923003258077,3.9649850978029844
3439,3.683318110266723,3.975359435373974
3440,3.6937221530079696,3.985742690823958
3441,3.7041351127122004,3.9961348454208228
3442,3.7145569706473003,4.006535880469879
3443,3.724987708118581,4.016945777313792
3444,3.735427306468707,4.027364517332502
3445,3.745875747077619,4.037792081943154
3446,3.7563330113624636,4.0482284526000205
3447,3.7667990807775125,4.05867361079443
3448,3.777273936814092,4.069127538054689
3449,3.78775756100051,4.079590215946012
3450,3.798249934901981,4.090061626070445
3451,3.808751040120552,4.100541750066795
3452,3.8192608582950296,4.111030569610554
3453,3.829779371100904,4.121528066413824
3454,3.84030656025028,4.13203422222525
3455,3.8508424074918013,4.142549018829942
3456,3.8613868946105763,4.153072438049401
3457,3.871940003428109,4.1636044617414525
3458,3.8825017158022224,4.174145071800168
3459,3.8930720136269885,4.184694250155793
3460,3.9036508788326545,4.195251978774681
3461,3.914238293385571,4.2058182396592105
3462,3.9248342392881206,4.216393014847726
3463,3.9354386985786425,4.2269762864144536
3464,3.9460516533313683,4.2375680364694395
3465,3.956673085656341,4.248168247158472
3466,3.9673029776993483,4.258776900663012
3467,3.977941311641853,4.269393979200122
3468,3.988588069700916,4.280019465022394
3469,3.999243234129132,4.290653340417882
3470,4.009906787214552,4.301295587710027
3471,4.020578711280618,4.311946189257587
3472,4.031258988686089,4.322605127454569
3473,4.04194760182497,4.3332723847301535
3474,4.052644533126444,4.343947943548632
3475,4.0633497650548005,4.354631786409328
3476,4.074063280109364,4.365323895846536
3477,4.084785060824428,4.376024254429443
3478,4.09551508976918,4.386732844762064
3479,4.106253349547636,4.397449649483172
3480,4.116999822798568,4.4081746512662265
3481,4.127754492195436,4.418907832819308
3482,4.138517340446319,4.429649176885042
3483,4.149288350293845,4.4403986662405375
3484,4.160067504515122,4.4511562836973155
3485,4.170854785921669,4.461922012101237
3486,4.181650177359349,4.472695834332439
3487,4.192453661708298,4.483477733305261
3488,4.203265221882858,4.494267691968184
3489,4.214084840831507,4.505065693303754
3490,4.224912501536794,4.515871720328522
3491,4.235748187015267,4.526685756092969
3492,4.246591880317408,4.53750778368144
3493,4.257443564527562,4.548337786212082
3494,4.268303222763876,4.559175746836767
3495,4.2791708381782225,4.570021648741032
3496,4.290046393956138,4.580875475144011
3497,4.300929873316757,4.591737209298363
3498,4.3118212595127385,4.60260683449021
3499,4.322720535830204,4.613484334039068
3500,4.333627685588668,4.62436969129778
3501,4.344542692140977,4.635262889652451
3502,4.355465538873234,4.64616391252238
3503,4.366396209204738,4.657072743359995
3504,4.377334686587917,4.667989365650785
3505,4.38828095450826,4.678913762913235
3506,4.399234996484252,4.689845918698762
3507,4.410196796067312,4.700785816591646
3508,4.421166336841715,4.711733440208963
3509,4.432143602424543,4.722688773200527
3510,4.443128576465606,4.733651799248817
3511,4.454121242647385,4.744622502068914
3512,4.465121584684959,4.7556008654084385
3513,4.47612958632595,4.76658687304748
3514,4.487145231350447,4.777580508798538
3515,4.49816850357095,4.7885817565064555
3516,4.509199386832301,4.799590600048349
3517,4.520237865011619,4.810607023333554
3518,4.531283922018235,4.821631010303551
3519,4.542337541793634,4.832662544931908
3520,4.5533987083113825,4.843701611224212
3521,4.564467405577067,4.8547481932180085
3522,4.575543617628233,4.865802274982736
3523,4.586627328534317,4.876863840619659
3524,4.597718522396589,4.887932874261813
3525,4.60881718334808,4.899009360073932
3526,4.619923295553524,4.910093282252389
3527,4.631036843209296,4.921184625025134
3528,4.642157810543346,4.9322833726516295
3529,4.653286181815135,4.943389509422788
3530,4.664421941315576,4.954503019660906
3531,4.675565073366965,4.965623887719606
3532,4.686715562322927,4.976752097983774
3533,4.6978733925683445,4.987887634869493
3534,4.7090385485193025,4.99903048282398
3535,4.720211014623018,5.010180626325532
3536,4.731390775357788,5.021338049883455
3537,4.7425778152329165,5.032502738038005
3538,4.753772118788663,5.043674675360328
3539,4.764973670596171,5.054853846452397
3540,4.776182455257415,5.06604023594695
3541,4.787398457405131,5.077233828507428
3542,4.798621661702763,5.088434608827916
3543,4.809852052844392,5.099642561633078
3544,4.821089615554686,5.1108576716781
3545,4.832334334588827,5.122079923748626
3546,4.843586194732463,5.133309302660701
3547,4.854845180801636,5.144545793260702
3548,4.866111277642725,5.155789380425289
3549,4.877384470132389,5.1670400490613355
3550,4.888664743177501,5.178297784105871
3551,4.8999520817150914,5.189562570526021
3552,4.911246470712286,5.200834393318947
3553,4.922547895166246,5.212113237511787
3554,4.933856340104109,5.223399088161594
3555,4.945171790582927,5.234691930355276
3556,4.956494231689611,5.24599174920954
3557,4.967823648540865,5.257298529870825
3558,4.97916002628313,5.268612257515254
3559,4.990503350092527,5.279932917348563
3560,5.001853605174794,5.29126049460605
3561,5.013210776765228,5.302594974552511
3562,5.024574850128625,5.313936342482182
3563,5.035945810559221,5.325284583718686
3564,5.047323643380639,5.336639683614963
3565,5.0587083339458205,5.348001627553224
3566,5.057168174337099,5.346464545185452
3567,5.055640706405292,5.344940129136609
3568,5.054125904698249,5.343428354005396
3569,5.052623743814671,5.3419291944412635
3570,5.051134198404009,5.340442625144318
3571,5.04965724316637,5.338968620865212
3572,5.048192852852406,5.337507156405047
3573,5.046741002263218,5.33605820661527
3574,5.0453016662502534,5.334621746397579
3575,5.043874819715209,5.333197750703813
3576,5.042460437609927,5.331786194535862
3577,5.041058494936295,5.33038705294556
3578,5.039668966746146,5.329000301034586
3579,5.038291828141163,5.327625913954371
3580,5.0369270542727715,5.326263866905989
3581,5.035574620342049,5.3249141351400615
3582,5.034234501599618,5.323576693956664
3583,5.0329066733455505,5.322251518705219
3584,5.031591110929273,5.3209385847844
3585,5.030287789749455,5.3196378676420375
3586,5.028996685253929,5.318349342775015
3587,5.02771777293958,5.3170729857291725
3588,5.026451028352246,5.315808772099213
3589,5.025196427086628,5.3145566775285955
3590,5.023953944786189,5.31331667770945
3591,5.022723557143057,5.312088748382468
3592,5.021505239897926,5.310872865336815
3593,5.020298968839957,5.309669004410027
3594,5.019104719806689,5.308477141487922
3595,5.01792246868394,5.30729725250449
3596,5.016752191405699,5.306129313441811
3597,5.015593863954045,5.304973300329949
3598,5.014447462359045,5.303829189246863
3599,5.013312962698658,5.302696956318309
3600,5.012190341098635,5.301576577717739
3601,5.011079573732434,5.300468029666215
3602,5.009980636821112,5.299371288432308
3603,5.008893506633244,5.298286330332004
3604,5.007818159484814,5.2972131317286095
3605,5.00675457173913,5.296151669032658
3606,5.005702719806722,5.295101918701813
3607,5.004662580145257,5.294063857240778
3608,5.003634129259438,5.2930374612012
3609,5.00261734370091,5.292022707181572
3610,5.00161220006817,5.2910195718271495
3611,5.000618675006469,5.290028031829846
3612,4.999636745207722,5.2890480639281465
3613,4.998666387410416,5.288079644907012
3614,4.997707578399509,5.287122751597787
3615,4.9967602950063466,5.2861773608781055
3616,4.9958245141085635,5.285243449671804
3617,4.994900212629997,5.284320994948823
3618,4.993987367540584,5.283409973725117
3619,4.993085955856284,5.2825103630625625
3620,4.992195954638969,5.281622140068866
3621,4.991317340996349,5.280745281897474
3622,4.9904500920818675,5.27987976574748
3623,4.98959418509462,5.279025568863534
3624,4.988749597279257,5.278182668535751
3625,4.987916305925889,5.277351042099618
3626,4.987094288370009,5.27653066693591
3627,4.986283521992388,5.275721520470593
3628,4.985483984218995,5.274923580174735
3629,4.984695652520896,5.27413682356442
3630,4.983918504414175,5.273361228200653
3631,4.983152517459837,5.272596771689269
3632,4.982397669263719,5.2718434316808525
3633,4.981653937476403,5.271101185870639
3634,4.980921299793124,5.270370011998429
3635,4.980199733953684,5.269649887848497
3636,4.97948921774236,5.26894079124951
3637,4.978789728987814,5.268242700074428
3638,4.97810124556301,5.267555592240424
3639,4.977423745385118,5.26687944570879
3640,4.976757206415432,5.266214238484854
3641,4.976101606659279,5.265559948617888
3642,4.975456924165932,5.264916554201021
3643,4.974823137028519,5.264284033371154
3644,4.974200223383941,5.263662364308868
3645,4.9735881614127795,5.26305152523834
3646,4.972986929339212,5.262451494427258
3647,4.972396505430926,5.261862250186727
3648,4.971816867999026,5.261283770871188
3649,4.971247995397954,5.260716034878331
3650,4.970689866025398,5.260159020649005
3651,4.97014245832221,5.259612706667138
3652,4.969605750772316,5.259077071459643
3653,4.969079721902628,5.258552093596339
3654,4.968564350282968,5.258037751689861
3655,4.968059614525968,5.257534024395577
3656,4.967565493286998,5.2570408904115
3657,4.967081965264072,5.256558328478209
3658,4.966609009197764,5.2560863173787515
3659,4.9661466038711275,5.2556248359385735
3660,4.9656947281096055,5.2551738630254246
3661,4.965253360780948,5.254733377549279
3662,4.964822480795128,5.254303358462244
3663,4.964402067104255,5.253883784758487
3664,4.963992098702495,5.25347463547414
3665,4.963592554625981,5.253075889687222
3666,4.963203413952732,5.2526875265175565
3667,4.962824655802569,5.252309525126684
3668,4.962456259337035,5.251941864717778
3669,4.962098203759305,5.251584524535569
3670,4.961750468314104,5.251237483866252
3671,4.961413032287632,5.250900722037411
3672,4.961085875007472,5.250574218417931
3673,4.960768975842508,5.250257952417921
3674,4.960462314202848,5.249951903488626
3675,4.96016586953974,5.249656051122351
3676,4.959879621345487,5.249370374852371
3677,4.959603549153364,5.2490948542528555
3678,4.959337632537542,5.248829468938785
3679,4.959081851113,5.248574198565872
3680,4.958836184535449,5.24832902283047
3681,4.958600612501246,5.248093921469505
3682,4.958375114747316,5.247868874260388
3683,4.958159671051068,5.247653861020932
3684,4.9579542612303165,5.247448861609276
3685,4.957758865143202,5.2472538559238044
3686,4.957573462688106,5.24706882390306
3687,4.957398033803572,5.2468937455256714
3688,4.95723255846823,5.246728600810271
3689,4.957077016700711,5.24657336981541
3690,4.956931388559568,5.246428032639487
3691,4.956795654143198,5.246292569420661
3692,4.95666979358976,5.246166960336778
3693,4.956553787077099,5.246051185605284
3694,4.956447614822665,5.245945225483155
3695,4.95635125708343,5.245849060266812
3696,4.956264694155816,5.245762670292043
3697,4.956187906375614,5.245686035933927
3698,4.9561208741178975,5.245619137606751
3699,4.956063577796957,5.245561955763938
3700,4.956015997866214,5.245514470897959
3701,4.9559781148181425,5.245476663540268
3702,4.955949909184193,5.245448514261213
3703,4.955931361534716,5.245430003669964
3704,4.955922452478879,5.245421112414432
3705,4.955923162664595,5.245421821181196
3706,4.955933472778443,5.245432110695424
3707,4.955953363545589,5.245451961720789
3708,4.955982815729709,5.245481355059407
3709,4.956021810132917,5.245520271551745
3710,4.956070327595679,5.245568692076552
3711,4.956128348996747,5.245626597550783
3712,4.956195855253074,5.24569396892952
3713,4.956272827319742,5.245770787205896
3714,4.956359246189885,5.2458570334110215
3715,4.956455092894613,5.2459526886139045
3716,4.956560348502933,5.246057733921379
3717,4.9566749941216806,5.246172150478029
3718,4.956799010895438,5.246295919466106
3719,4.956932380006458,5.246429022105465
3720,4.957075082674597,5.246571439653483
3721,4.957227100157229,5.246723153404981
3722,4.957388413749176,5.2468841446921575
3723,4.957559004782638,5.247054394884507
3724,4.957738854627108,5.247233885388748
3725,4.957927944689304,5.2474225976487485
3726,4.958126256413097,5.247620513145452
3727,4.958333771279427,5.247827613396803
3728,4.958550470806239,5.248043879957672
3729,4.958776336548406,5.248269294419785
3730,4.959011350097652,5.248503838411646
3731,4.959255493082482,5.248747493598467
3732,4.959508747168106,5.24900024168209
3733,4.959771094056368,5.24926206440092
3734,4.960042515485672,5.2495329435298475
3735,4.960322993230909,5.249812860880175
3736,4.960612509103382,5.250101798299549
3737,4.960911044950736,5.2503997376718825
3738,4.961218582656886,5.250706660917285
3739,4.96153510414194,5.2510225499919905
3740,4.9618605913621305,5.251347386888281
3741,4.962195026309745,5.251681153634424
3742,4.962538391013044,5.252023832294588
3743,4.962890667536202,5.252375404968784
3744,4.963251837979226,5.252735853792781
3745,4.963621884477885,5.253105160938044
3746,4.964000789203648,5.253483308611659
3747,4.964388534363597,5.253870279056263
3748,4.964785102200371,5.254266054549969
3749,4.965190474992083,5.254670617406304
3750,4.965604635052258,5.255083949974126
3751,4.966027564729756,5.255506034637564
3752,4.966459246408705,5.255936853815944
3753,4.966899662508432,5.256376389963717
3754,4.967348795483386,5.256824625570388
3755,4.967806627823076,5.257281543160453
3756,4.968273142051993,5.25774712529332
3757,4.968748320729548,5.2582213545632435
3758,4.969232146449996,5.258704213599257
3759,4.969724601842368,5.2591956850651
3760,4.9702256695704055,5.259695751659148
3761,4.970735332332482,5.260204396114347
3762,4.9712535728615475,5.260721601198145
3763,4.9717803739250455,5.2612473497124155
3764,4.972315718324852,5.261781624493398
3765,4.972859588897207,5.262324408411625
3766,4.973411968512639,5.262875684371849
3767,4.973972840075906,5.263435435312985
3768,4.974542186525919,5.264003644208032
3769,4.975119990835678,5.26458029406401
3770,4.975706236012206,5.265165367921894
3771,4.9763009050964735,5.265758848856539
3772,4.976903981163336,5.266360719976617
3773,4.977515447321469,5.266970964424551
3774,4.978135286713293,5.2675895653764435
3775,4.9787634825149105,5.2682165060420125
3776,4.979400017936041,5.268851769664523
3777,4.980044876219947,5.269495339520718
3778,4.980698040643374,5.270147198920757
3779,4.981359494516479,5.270807331208141
3780,4.982029221182765,5.271475719759657
3781,4.982707204019019,5.2721523479853
3782,4.983393426435235,5.2728371993282135
3783,4.984087871874556,5.273530257264622
3784,4.984790523813208,5.2742315053037645
3785,4.98550136576043,5.274940926987828
3786,4.986220381258407,5.275658505891882
3787,4.986947553882213,5.276384225623816
3788,4.987682867239731,5.277118069824265
3789,4.988426304971601,5.277860022166557
3790,4.989177850751148,5.278610066356635
3791,4.989937488284318,5.279368186133002
3792,4.990705201309612,5.2801343652666475
3793,4.991480973598019,5.2809085875609885
3794,4.9922647889529586,5.281690836851804
3795,4.993056631210207,5.2824810970071665
3796,4.9938564842378375,5.2832793519273835
3797,4.994664331936159,5.2840855855449265
3798,4.99548015823764,5.284899781824369
3799,4.996303947106857,5.285721924762329
3800,4.997135682540427,5.2865519983873925
3801,4.9979753485669365,5.287389986760063
3802,4.998822929246888,5.2882358739726865
3803,4.999678408672627,5.289089644149392
3804,5.000541770968284,5.289951281446033
3805,5.001413000289712,5.290820770050115
3806,5.002292080824415,5.291698094180739
3807,5.003178996791497,5.292583238088536
3808,5.004073732441587,5.293476186055606
3809,5.004976272056785,5.2943769223954495
3810,5.005886599950592,5.295285431452911
3811,5.006804700467854,5.296201697604116
3812,5.007730557984692,5.297125705256402
3813,5.008664156908449,5.298057438848264
3814,5.009605481677617,5.2989968828492895
3815,5.010554516761782,5.299944021760091
3816,5.01151124666156,5.3008988401122545
3817,5.012475655908535,5.30186132246827
3818,5.013447729065197,5.302831453421469
3819,5.014427450724879,5.303809217595969
3820,5.015414805511696,5.304794599646607
3821,5.0164097780804875,5.305787584258879
3822,5.0174123531167485,5.306788156148881
3823,5.018422515336574,5.307796300063245
3824,5.019440249486596,5.30881200077908
3825,5.020465540343926,5.309835243103911
3826,5.021498372716087,5.310866011875615
3827,5.022538731440957,5.311904291962366
3828,5.023586601386707,5.312950068262568
3829,5.024641967451746,5.314003325704803
3830,5.025704814564652,5.315064049247762
3831,5.026775127684118,5.316132223880188
3832,5.0278528917988865,5.317207834620819
3833,5.028938091927695,5.318290866518323
3834,5.030030713119213,5.319381304651245
3835,5.0311307404519825,5.320479134127938
3836,5.0322381590343594,5.3215843400865115
3837,5.033352954004452,5.322696907694768
3838,5.034475110530064,5.323816822150145
3839,5.035604613808631,5.324944068679658
3840,5.0367414490671685,5.326078632539833
3841,5.037885601562205,5.327220499016659
3842,5.039037056579726,5.328369653425522
3843,5.040195799435121,5.329526081111148
3844,5.041361815473113,5.3306897674475415
3845,5.042535090067709,5.331860697837934
3846,5.04371560862214,5.33303885771472
3847,5.044903356568798,5.334224232539398
3848,5.046098319369186,5.335416807802518
3849,5.047300482513849,5.336616569023615
3850,5.048509831522326,5.337823501751162
3851,5.049726351943087,5.339037591562501
3852,5.050950029353476,5.340258824063794
3853,5.0521808493596545,5.341487184889959
3854,5.053418797596541,5.342722659704618
3855,5.054663859727756,5.343965234200036
3856,5.055916021445566,5.345214894097065
3857,5.0571752684708215,5.346471625145087
3858,5.058441586552905,5.3477354131219546
3859,5.059714961469671,5.349006243833939
3860,5.060995379027387,5.35028410311567
3861,5.062282825060688,5.351568976830079
3862,5.063577285432501,5.352860850868344
3863,5.0648787460340055,5.3541597111498325
3864,5.066187192784568,5.355465543622044
3865,5.0675026116316895,5.3567783342605555
3866,5.068824988550946,5.358098069068966
3867,5.070154309545938,5.3594247340788375
3868,5.0714905606482255,5.360758315349643
3869,5.072833727917282,5.362098798968705
3870,5.074183797440432,5.363446171051148
3871,5.075540755332797,5.364800417739836
3872,5.076904587737244,5.366161525205322
3873,5.078275280824322,5.367529479645785
3874,5.079652820792213,5.368904267286984
3875,5.081037193866677,5.370285874382201
3876,5.082428386300992,5.371674287212179
3877,5.083826384375905,5.373069492085074
3878,5.08523117439957,5.374471475336399
3879,5.086642742707501,5.375880223328971
3880,5.088061075662513,5.377295722452849
3881,5.089486159654668,5.3787179591252885
3882,5.090917981101218,5.38014691979068
3883,5.092356526446558,5.381582590920503
3884,5.093801782162162,5.383024959013261
3885,5.095253734746538,5.384474010594437
3886,5.096712370725168,5.3859297322164394
3887,5.098177676650458,5.387392110458538
3888,5.09964963910168,5.388861131926821
3889,5.101128244684923,5.390336783254137
3890,5.102613480033034,5.391819051100044
3891,5.104105331805571,5.3933079221507505
3892,5.105603786688743,5.394803383119069
3893,5.1071088313953625,5.396305420744359
3894,5.1086204526647885,5.397814021792474
3895,5.110138637262875,5.399329173055711
3896,5.111663371981919,5.400850861352755
3897,5.113194643640605,5.402379073528626
3898,5.114732439083954,5.4039137964546295
3899,5.116276745183272,5.405455017028302
3900,5.117827548836092,5.407002722173358
3901,5.119384836966132,5.408556898839639
3902,5.120948596523233,5.41011753400306
3903,5.122518814483309,5.41168461466556
3904,5.124095477848298,5.413258127855045
3905,5.125678573646109,5.414838060625341
3906,5.127268088930566,5.416424400056142
3907,5.1288640107813634,5.418017133252954
3908,5.130466326304007,5.419616247347048
3909,5.132075022629769,5.421221729495407
3910,5.13369008691563,5.422833566880674
3911,5.135311506344234,5.424451746711097
3912,5.136939268123831,5.426076256220489
3913,5.138573359488232,5.427707082668168
3914,5.140213767696754,5.429344213338903
3915,5.141860480034168,5.430987635542873
3916,5.143513483810653,5.43263733661561
3917,5.14517276636174,5.434293303917947
3918,5.146838315048264,5.435955524835975
3919,5.148510117256313,5.437623986780986
3920,5.150188160397179,5.43929867718942
3921,5.1518724319073055,5.440979583522824
3922,5.153562919248237,5.442666693267795
3923,5.155259609906571,5.444359993935933
3924,5.156962491393905,5.446059473063786
3925,5.158671551246792,5.447765118212809
3926,5.160386777026683,5.4494769169693065
3927,5.162108156319885,5.451194856944387
3928,5.163835676737505,5.45291892577391
3929,5.165569325915404,5.454649111118441
3930,5.167309091514144,5.456385400663197
3931,5.169054961218945,5.458127782118002
3932,5.170806922739631,5.459876243217234
3933,5.17256496381058,5.461630771719779
3934,5.174329072190677,5.463391355408983
3935,5.176099235663267,5.465157982092596
3936,5.177875442036103,5.466930639602731
3937,5.179657679141297,5.468709315795813
3938,5.1814459348352715,5.470493998552529
3939,5.1832401969987165,5.47228467577778
3940,5.18504045353653,5.474081335400632
3941,5.186846692377783,5.475883965374273
3942,5.188658901475658,5.477692553675955
3943,5.190477068807411,5.479507088306956
3944,5.192301182374317,5.481327557292525
3945,5.194131230201627,5.483153948681838
3946,5.195967200338516,5.484986250547946
3947,5.197809080858037,5.486824450987734
3948,5.199656859857072,5.488668538121867
3949,5.201510525456286,5.490518500094744
3950,5.203370065800081,5.4923743250744534
3951,5.205235469056545,5.494236001252724
3952,5.207106723417404,5.496103516844877
3953,5.208983817097981,5.497976860089778
3954,5.210866738337141,5.499856019249793
3955,5.212755475397252,5.501740982610741
3956,5.214650016564129,5.503631738481843
3957,5.216550350146998,5.5055282751956796
3958,5.218456464478435,5.507430581108142
3959,5.2203683479143335,5.509338644598388
3960,5.2222859888338515,5.511252454068793
3961,5.224209375639364,5.513171997944905
3962,5.226138496756419,5.515097264675397
3963,5.228073340633688,5.517028242732021
3964,5.2300138957429265,5.518964920609566
3965,5.231960150578919,5.5209072868258025
3966,5.233912093659439,5.5228553299214465
3967,5.2358697135252035,5.524809038460108
3968,5.237832998739821,5.526768401028252
3969,5.239801937889754,5.52873340623514
3970,5.241776519584268,5.530704042712796
3971,5.230704042712796,5.519653688664869
3972,5.219653688664869,5.5086254132390575
3973,5.208625413239058,5.497619172322243
3974,5.197619172322243,5.486634921889448
3975,5.186634921889448,5.475672618003656
3976,5.175672618003656,5.464732216815637
3977,5.164732216815637,5.453813674563772
3978,5.153813674563772,5.442916947573877
3979,5.142916947573877,5.432041992259029
3980,5.132041992259029,5.421188765119392
3981,5.121188765119392,5.410357222742045
3982,5.110357222742045,5.399547321800801
3983,5.099547321800801,5.388759019056045
3984,5.088759019056045,5.37799227135455
3985,5.0779922713545504,5.367247035629311
3986,5.067247035629311,5.356523268899371
3987,5.0565232688993715,5.3458209282696485
3988,5.045820928269649,5.335139970930768
3989,5.035139970930768,5.324480354158883
3990,5.024480354158883,5.313842035315515
3991,5.013842035315515,5.303224971847373
3992,5.003224971847374,5.29262912128619
3993,4.99262912128619,5.2820544412485475
3994,4.982054441248548,5.271500889435714
3995,4.971500889435714,5.260968423633466
3996,4.960968423633466,5.250457001711927
3997,4.950457001711928,5.239966581625397
3998,4.939966581625397,5.229497121412179
3999,4.929497121412179,5.21904857919442
4000,4.9190485791944205,5.208620913177937
4001,4.908620913177937,5.198214081652051
4002,4.898214081652051,5.1878280429894215
4003,4.887828042989422,5.177462755645881
4004,4.877462755645881,5.167118178160268
4005,4.867118178160268,5.156794269154257
4006,4.856794269154257,5.146490987332197
4007,4.8464909873321975,5.136208291480949
4008,4.836208291480949,5.125946140469716
4009,4.825946140469716,5.115704493249878
4010,4.8157044932498785,5.105483308854835
4011,4.805483308854835,5.095282546399834
4012,4.795282546399834,5.085102165081812
4013,4.785102165081812,5.074942124179232
4014,4.7749421241792325,5.064802383051915
4015,4.764802383051915,5.054682901140882
4016,4.754682901140882,5.044583637968194
4017,4.744583637968194,5.034504553136784
4018,4.734504553136784,5.024445606330299
4019,4.724445606330299,5.014406757312938
4020,4.714406757312938,5.004387965929292
4021,4.704387965929292,4.994389192104183
4022,4.694389192104183,4.9844103958425015
4023,4.684410395842502,4.97445153722905
4024,4.67445153722905,4.964512576428379
4025,4.664512576428379,4.954593473684634
4026,4.654593473684634,4.944694189321389
4027,4.644694189321389,4.934814683741495
4028,4.634814683741495,4.9249549174269145
4029,4.624954917426915,4.915114850938571
4030,4.615114850938571,4.905294444916184
4031,4.605294444916185,4.8954936600781185
4032,4.595493660078119,4.885712457221221
4033,4.585712457221221,4.875950797220665
4034,4.575950797220665,4.8662086410298
4035,4.5662086410298,4.856485949679987
4036,4.556485949679987,4.8467826842804484
4037,4.546782684280449,4.837098806018109
4038,4.537098806018109,4.827434276157444
4039,4.527434276157444,4.817789056040319
4040,4.5177890560403196,4.808163107085843
4041,4.508163107085843,4.798556390790205
4042,4.498556390790205,4.7889688687265295
4043,4.48896886872653,4.779400502544713
4044,4.4794005025447134,4.7698512539712805
4045,4.469851253971281,4.760321084809223
4046,4.460321084809223,4.750809956937852
4047,4.450809956937852,4.741317832312643
4048,4.441317832312643,4.731844672965084
4049,4.431844672965084,4.722390441002527
4050,4.422390441002527,4.712955098608031
4051,4.412955098608031,4.703538608040212
4052,4.403538608040212,4.694140931633098
4053,4.394140931633098,4.684762031795969
4054,4.384762031795969,4.675401871013213
4055,4.375401871013213,4.666060411844175
4056,4.366060411844175,4.656737616923006
4057,4.356737616923006,4.647433448958513
4058,4.347433448958514,4.638147870734014
4059,4.338147870734014,4.628880845107181
4060,4.328880845107181,4.6196323350099
4061,4.3196323350099,4.61040230344812
4062,4.31040230344812,4.601190713501699
4063,4.3011907135017,4.591997528324268
4064,4.291997528324268,4.582822711143073
4065,4.282822711143073,4.573666225258832
4066,4.273666225258832,4.564528034045591
4067,4.2645280340455916,4.555408100950573
4068,4.255408100950573,4.546306389494032
4069,4.246306389494032,4.53722286326911
4070,4.2372228632691105,4.528157485941692
4071,4.228157485941693,4.519110221250255
4072,4.219110221250255,4.510081033005728
4073,4.210081033005729,4.501069885091347
4074,4.201069885091347,4.492076741462507
4075,4.1920767414625075,4.483101566146623
4076,4.1831015661466235,4.474144323242982
4077,4.174144323242982,4.465204976922598
4078,4.165204976922598,4.456283491428075
4079,4.156283491428075,4.4473798310734605
4080,4.147379831073461,4.4384939602441
4081,4.1384939602441,4.429625843396498
4082,4.129625843396498,4.420775445058176
4083,4.120775445058176,4.411942729827529
4084,4.111942729827529,4.403127662373683
4085,4.103127662373683,4.394330207436357
4086,4.094330207436357,4.385550329825721
4087,4.085550329825721,4.376787994422251
4088,4.076787994422252,4.368043166176595
4089,4.0680431661765954,4.359315810109428
4090,4.059315810109428,4.350605891311313
4091,4.050605891311313,4.341913374942565
4092,4.041913374942565,4.333238226233105
4093,4.033238226233105,4.324580410482328
4094,4.024580410482328,4.315939893058959
4095,4.01593989305896,4.307316639400917
4096,4.007316639400917,4.2987106150151755
4097,3.9987106150151757,4.290121785477625
4098,3.9901217854776254,4.281550116432938
4099,3.9815501164329383,4.272995573594425
4100,3.9729955735944253,4.264458122743903
4101,3.9644581227439035,4.255937729731559
4102,3.955937729731559,4.247434360475808
4103,3.9474343604758078,4.238947980963162
4104,3.938947980963162,4.230478557248092
4105,3.930478557248092,4.222026055452892
4106,3.922026055452892,4.2135904417675425
4107,3.9135904417675427,4.205171682449578
4108,3.905171682449578,4.196769743823951
4109,3.896769743823951,4.188384592282894
4110,3.888384592282894,4.180016194285791
4111,3.8800161942857914,4.171664516359039
4112,3.871664516359039,4.163329525095914
4113,3.8633295250959145,4.1550111871564415
4114,3.8550111871564416,4.146709469267257
4115,3.8467094692672568,4.138424338221478
4116,3.838424338221478,4.13015576087857
4117,3.8301557608785703,4.121903704164213
4118,3.821903704164213,4.113668135070168
4119,3.813668135070168,4.105449020654148
4120,3.805449020654148,4.097246328039685
4121,3.7972463280396855,4.089060024415997
4122,3.7890600244159973,4.080890077037859
4123,3.780890077037859,4.07273645322547
4124,3.7727364532254706,4.064599120364325
4125,3.764599120364325,4.05647804590508
4126,3.75647804590508,4.048373197363428
4127,3.7483731973634278,4.040284542319963
4128,3.740284542319963,4.032212048420054
4129,3.7322120484200543,4.024155683373715
4130,3.7241556833737155,4.016115414955475
4131,3.7161154149554756,4.00809121100425
4132,3.70809121100425,4.000083039423213
4133,3.7000830394232134,3.9920908681796674
4134,3.6920908681796676,3.984114665304917
4135,3.684114665304917,3.9761543988941397
4136,3.67615439889414,3.96821003710626
4137,3.66821003710626,3.960281548163819
4138,3.660281548163819,3.9523689003528517
4139,3.652368900352852,3.944472062022755
4140,3.6444720620227553,3.9365910015861663
4141,3.6365910015861664,3.9287256875188326
4142,3.6287256875188327,3.920876088359487
4143,3.6208760883594873,3.913042172709723
4144,3.613042172709723,3.9052239092338668
4145,3.605223909233867,3.8974212666588546
4146,3.5974212666588548,3.8896342137741056
4147,3.5896342137741057,3.881862719431398
4148,3.581862719431398,3.874106752544744
4149,3.5741067525447443,3.866366282090266
4150,3.566366282090266,3.858641277106071
4151,3.558641277106071,3.85093170669213
4152,3.55093170669213,3.8432375400101497
4153,3.54323754001015,3.835558746283454
4154,3.535558746283454,3.8278952947968574
4155,3.5278952947968576,3.8202471548965438
4156,3.520247154896544,3.812614295989943
4157,3.5126142959899433,3.8049966875456103
4158,3.5049966875456104,3.7973942990931007
4159,3.497394299093101,3.789807100222851
4160,3.4898071002228512,3.7822350605860553
4161,3.4822350605860555,3.7746781498945445
4162,3.4746781498945447,3.767136337920667
4163,3.467136337920667,3.7596095944971633
4164,3.4596095944971634,3.7520978895170507
4165,3.452097889517051,3.7446011929334992
4166,3.4446011929334994,3.737119474759712
4167,3.437119474759712,3.7296527050688066
4168,3.429652705068807,3.7222008539936944
4169,3.4222008539936946,3.7147638917269608
4170,3.414763891726961,3.7073417885207474
4171,3.4073417885207475,3.6999345146866314
4172,3.3999345146866315,3.692542040595507
4173,3.392542040595507,3.685164336677469
4174,3.385164336677469,3.6778013734216906
4175,3.3778013734216907,3.6704531213763096
4176,3.37045312137631,3.6631195511483083
4177,3.3631195511483085,3.6558006334033957
4178,3.355800633403396,3.648496338865891
4179,3.3484963388658913,3.641206638318607
4180,3.341206638318607,3.6339315026027306
4181,3.3339315026027307,3.62667090261771
4182,3.3266709026177104,3.6194248093211354
4183,3.3194248093211356,3.6121931937286242
4184,3.3121931937286244,3.6049760269137043
4185,3.3049760269137045,3.597773280007698
4186,3.297773280007698,3.5905849241996095
4187,3.2905849241996097,3.583410930736005
4188,3.283410930736005,3.5762512709209013
4189,3.2762512709209015,3.5691059161156495
4190,3.2691059161156497,3.5619748377388207
4191,3.261974837738821,3.554858007266093
4192,3.254858007266093,3.547755396230133
4193,3.2477553962301333,3.540666976220489
4194,3.2406669762204894,3.5335927188834715
4195,3.2335927188834717,3.5265325959220397
4196,3.22653259592204,3.5194865790956946
4197,3.219486579095695,3.512454640220358
4198,3.212454640220358,3.505436751168266
4199,3.205436751168266,3.4984328838678524
4200,3.1984328838678526,3.4914430103036387
4201,3.191443010303639,3.4844671025161214
4202,3.1844671025161215,3.47750513260166
4203,3.1775051326016603,3.4705570727123662
4204,3.1705570727123664,3.46362289505599
4205,3.1636228950559904,3.4567025718958124
4206,3.1567025718958126,3.4497960755505317
4207,3.149796075550532,3.4429033783941523
4208,3.1429033783941525,3.4360244528558774
4209,3.1360244528558776,3.429159271419995
4210,3.1291592714199954,3.422307806625771
4211,3.1223078066257712,3.4154700310673363
4212,3.1154700310673364,3.40864591739358
4213,3.1086459173935803,3.4018354383080376
4214,3.1018354383080378,3.3950385665687848
4215,3.095038566568785,3.3882552749883246
4216,3.0882552749883248,3.381485536433482
4217,3.0814855364334823,3.374729323825294
4218,3.074729323825294,3.367986610138901
4219,3.067986610138901,3.361257368403439
4220,3.061257368403439,3.3545415717019327
4221,3.054541571701933,3.3478391931711857
4222,3.047839193171186,3.341150206001675
4223,3.0411502060016753,3.3344745834374434
4224,3.0344745834374436,3.327812298775991
4225,3.027812298775991,3.3211633253681714
4226,3.0211633253681716,3.3145276366180814
4227,3.0145276366180815,3.3079052059829572
4228,3.0079052059829574,3.3012960069730672
4229,3.0012960069730674,3.294700013151607
4230,2.9947000131516073,3.288117198134593
4231,2.988117198134593,3.281547535590755
4232,2.9815475355907552,3.2749909992414348
4233,2.974990999241435,3.2684475628604783
4234,2.9684475628604785,3.2619172002741315
4235,2.9619172002741316,3.2553998853609345
4236,2.9553998853609347,3.2488955920516194
4237,2.9488955920516196,3.2424042943290043
4238,2.9424042943290045,3.2359259662278896
4239,2.93592596622789,3.2294605818349553
4240,2.9294605818349555,3.2230081152886534
4241,2.9230081152886536,3.2165685407791105
4242,2.9165685407791107,3.2101418325480195
4243,2.9101418325480197,3.2037279648885386
4244,2.903727964888539,3.197326912145189
4245,2.8973269121451892,3.190938648713751
4246,2.8909386487137514,3.1845631490411628
4247,2.884563149041163,3.1782003876254166
4248,2.8782003876254167,3.1718503390154584
4249,2.8718503390154586,3.1655129778110855
4250,2.8655129778110857,3.1591882786628447
4251,2.859188278662845,3.1528762162719306
4252,2.8528762162719308,3.1465767653900856
4253,2.8465767653900858,3.1402899008194973
4254,2.8402899008194975,3.134015597412699
4255,2.8340155974126993,3.1277538300724697
4256,2.82775383007247,3.121504573751731
4257,2.821504573751731,3.115267803453449
4258,2.815267803453449,3.109043494230535
4259,2.809043494230535,3.102831621185743
4260,2.802831621185743,3.096632159471573
4261,2.796632159471573,3.090445084290169
4262,2.790445084290169,3.0842703708932233
4263,2.7842703708932235,3.0781079945818735
4264,2.7781079945818736,3.0719579307066063
4265,2.7719579307066065,3.0658201546671573
4266,2.7658201546671575,3.059694641912415
4267,2.7596946419124153,3.0535813679403203
4268,2.7535813679403205,3.047480308297769
4269,2.747480308297769,3.041391438580514
4270,2.7413914385805143,3.035314734433068
4271,2.7353147344330684,3.0292501715486075
4272,2.7292501715486077,3.023197725668872
4273,2.723197725668872,3.01715737258407
4274,2.71715737258407,3.011129088132781
4275,2.711129088132781,3.0051128482018594
4276,2.7051128482018596,2.9991086287263378
4277,2.699108628726338,2.99311640568933
4278,2.69311640568933,2.9871361551219353
4279,2.6871361551219355,2.9811678531031442
4280,2.6811678531031444,2.9752114757597403
4281,2.6752114757597405,2.969266999266206
4282,2.669266999266206,2.9633343998446287
4283,2.663334399844629,2.957413653764601
4284,2.657413653764601,2.951504737343132
4285,2.651504737343132,2.9456076269445473
4286,2.6456076269445474,2.9397222989803984
4287,2.6397222989803986,2.9338487299093643
4288,2.6338487299093645,2.9279868962371625
4289,2.6279868962371626,2.9221367745164493
4290,2.6221367745164494,2.9162983413467307
4291,2.616298341346731,2.9104715733742657
4292,2.610471573374266,2.9046564472919747
4293,2.604656447291975,2.8988529398393457
4294,2.598852939839346,2.8930610278023416
4295,2.593061027802342,2.8872806880133055
4296,2.5872806880133057,2.881511897350871
4297,2.5815118973508713,2.8757546327398686
4298,2.575754632739869,2.870008871151231
4299,2.5700088711512312,2.864274589601905
4300,2.5642745896019052,2.8585517651547563
4301,2.5585517651547565,2.85284037491848
4302,2.55284037491848,2.8471403960475063
4303,2.5471403960475065,2.841451805741914
4304,2.541451805741914,2.8357745812473327
4305,2.535774581247333,2.8301086998548572
4306,2.5301086998548574,2.824454138900955
4307,2.524454138900955,2.8188108757673747
4308,2.518810875767375,2.813178887881055
4309,2.5131788878810553,2.8075581527140385
4310,2.5075581527140387,2.8019486477833757
4311,2.501948647783376,2.7963503506510405
4312,2.4963503506510407,2.790763238923836
4313,2.490763238923836,2.7851872902533086
4314,2.4851872902533088,2.7796224823356557
4315,2.479622482335656,2.774068792911638
4316,2.474068792911638,2.768526199766491
4317,2.468526199766491,2.7629946807298342
4318,2.4629946807298344,2.7574742136755845
4319,2.4574742136755847,2.751964776521866
4320,2.451964776521866,2.746466347230923
4321,2.446466347230923,2.740978903809031
4322,2.440978903809031,2.7355024243064086
4323,2.4355024243064087,2.730036886817131
4324,2.430036886817131,2.7245822694790403
4325,2.4245822694790404,2.719138550473661
4326,2.419138550473661,2.7137057080261084
4327,2.4137057080261086,2.708283720405006
4328,2.4082837204050063,2.702872565922397
4329,2.4028725659223973,2.6974722229336554
4330,2.3974722229336556,2.692082669837402
4331,2.3920826698374023,2.6867038850754175
4332,2.3867038850754176,2.6813358471325555
4333,2.3813358471325556,2.675978534536657
4334,2.375978534536657,2.6706319258584648
4335,2.370631925858465,2.6652959997115366
4336,2.365295999711537,2.659970734752161
4337,2.359970734752161,2.654656109679271
4338,2.3546561096792713,2.6493521032343597
4339,2.34935210323436,2.6440586942013935
4340,2.3440586942013937,2.6387758614067294
4341,2.3387758614067296,2.6335035837190293
4342,2.3335035837190294,2.6282418400491756
4343,2.328241840049176,2.6229906093501865
4344,2.3229906093501866,2.617749870617132
4345,2.3177498706171322,2.61251960288705
4346,2.31251960288705,2.6072997852388635
4347,2.3072997852388637,2.602090396793294
4348,2.302090396793294,2.596891416712781
4349,2.296891416712781,2.5917028242013975
4350,2.2917028242013977,2.586524598504767
4351,2.286524598504767,2.581356718909978
4352,2.2813567189099784,2.5761991647455074
4353,2.2761991647455075,2.5710519153811306
4354,2.271051915381131,2.5659149502278433
4355,2.2659149502278435,2.560788248737778
4356,2.260788248737778,2.555671790404122
4357,2.255671790404122,2.5505655547610355
4358,2.2505655547610357,2.5454695213835685
4359,2.2454695213835687,2.5403836698875812
4360,2.2403836698875814,2.5353079799296605
4361,2.2353079799296607,2.53024243120704
4362,2.2302424312070404,2.5251870034575186
4363,2.2251870034575187,2.5201416764593767
4364,2.220141676459377,2.515106430031302
4365,2.215106430031302,2.5100812440322997
4366,2.2100812440323,2.5050660983616213
4367,2.2050660983616215,2.500060972958676
4368,2.200060972958676,2.4950658478029557
4369,2.195065847802956,2.4900807029139536
4370,2.1900807029139537,2.4851055183510833
4371,2.1851055183510835,2.4801402742136
4372,2.1801402742136,2.47518495064052
4373,2.1751849506405203,2.4702395278105436
4374,2.1702395278105437,2.465303985941971
4375,2.1653039859419714,2.4603783052926302
4376,2.1603783052926304,2.455462466159791
4377,2.155462466159791,2.45055644888009
4378,2.1505564488800903,2.445660233829452
4379,2.145660233829452,2.4407738014230103
4380,2.1407738014230104,2.435897132115029
4381,2.135897132115029,2.431030206398823
4382,2.1310302063988233,2.426173004806685
4383,2.1261730048066854,2.421325507909801
4384,2.121325507909801,2.4164876963181765
4385,2.1164876963181767,2.4116595506805596
4386,2.1116595506805598,2.406841051684361
4387,2.106841051684361,2.402032180055578
4388,2.1020321800555783,2.397232916558718
4389,2.0972329165587182,2.392443241996721
4390,2.092443241996721,2.387663137210881
4391,2.0876631372108814,2.3828925830807743
4392,2.0828925830807745,2.3781315605241766
4393,2.078131560524177,2.3733800504969924
4394,2.0733800504969926,2.3686380339931743
4395,2.0686380339931745,2.3639054920446503
4396,2.0639054920446505,2.3591824057212465
4397,2.0591824057212467,2.354468756130611
4398,2.054468756130611,2.3497645244181395
4399,2.0497645244181397,2.3450696917668985
4400,2.0450696917668987,2.3403842393975514
4401,2.0403842393975515,2.3357081485682825
4402,2.0357081485682826,2.3310414005747218
4403,2.031041400574722,2.326383976749872
4404,2.026383976749872,2.3217358584640304
4405,2.0217358584640306,2.317097027124719
4406,2.017097027124719,2.312467464176605
4407,2.012467464176605,2.307847151101431
4408,2.0078471511014313,2.303236069417939
4409,2.003236069417939,2.298634200681796
4410,1.9986342006817959,2.2940415264855196
4411,1.9940415264855196,2.2894580284584083
4412,1.9894580284584082,2.2848836882664636
4413,1.9848836882664636,2.2803184876123184
4414,1.9803184876123183,2.2757624082351637
4415,1.9757624082351637,2.2712154319106768
4416,1.9712154319106767,2.2666775404509454
4417,1.9666775404509453,2.2621487157043982
4418,1.9621487157043982,2.25762893955573
4419,1.95762893955573,2.2531181939258302
4420,1.9531181939258302,2.2486164607717103
4421,1.9486164607717102,2.2441237220864316
4422,1.9441237220864316,2.2396399598990335
4423,1.9396399598990335,2.235165156274461
4424,1.9351651562744612,2.2306992933134944
4425,1.9306992933134943,2.2262423531526747
4426,1.9262423531526747,2.2217943179642363
4427,1.9217943179642363,2.217355169956032
4428,1.9173551699560318,2.212924891371464
4429,1.9129248913714638,2.208503464489412
4430,1.908503464489412,2.2040908716241625
4431,1.9040908716241625,2.1996870951253387
4432,1.8996870951253386,2.195292117377828
4433,1.895292117377828,2.190905920801714
4434,1.8909059208017138,2.186528487852204
4435,1.886528487852204,2.1821598010195613
4436,1.8821598010195613,2.177799842829032
4437,1.8777998428290321,2.1734485958407777
4438,1.8734485958407776,2.1691060426498048
4439,1.8691060426498047,2.1647721658858945
4440,1.8647721658858945,2.1604469482135347
4441,1.8604469482135346,2.1561303723318477
4442,1.8561303723318476,2.151822420974525
4443,1.851822420974525,2.1475230769097555
4444,1.8475230769097555,2.143232322940157
4445,1.843232322940157,2.1389501419027077
4446,1.8389501419027077,2.134676516668678
4447,1.8346765166686778,2.130411430143561
4448,1.8304114301435608,2.1261548652670053
4449,1.8261548652670052,2.1219068050127454
4450,1.8219068050127454,2.117667232388535
4451,1.817667232388535,2.1134361304360776
4452,1.8134361304360775,2.1092134822309596
4453,1.8092134822309596,2.1049992708825833
4454,1.8049992708825833,2.100793479534097
4455,1.8007934795340967,2.0965960913623296
4456,1.7965960913623296,2.0924070895777236
4457,1.7924070895777235,2.0882264574242657
4458,1.7882264574242657,2.084054178179422
4459,1.784054178179422,2.0798902351540693
4460,1.7798902351540693,2.0757346116924302
4461,1.7757346116924302,2.071587291172006
4462,1.771587291172006,2.067448257003509
4463,1.7674482570035088,2.063317492630796
4464,1.7633174926307957,2.0591949815308044
4465,1.7591949815308043,2.055080707213485
4466,1.7550807072134849,2.0509746532217346
4467,1.7509746532217345,2.0468768031313314
4468,1.7468768031313313,2.0427871405508697
4469,1.7427871405508697,2.0387056491216944
4470,1.7387056491216943,2.0346323125178336
4471,1.7346323125178336,2.030567114445936
4472,1.7305671144459358,2.026510038645203
4473,1.726510038645203,2.0224610688873272
4474,1.7224610688873272,2.0184201889764233
4475,1.7184201889764232,2.014387382748967
4476,1.7143873827489668,2.010362634073727
4477,1.710362634073727,2.006345926851704
4478,1.7063459268517038,2.0023372450160632
4479,1.7023372450160632,1.9983365725320725
4480,1.6983365725320725,1.9943438933970363
4481,1.6943438933970363,1.990359191640233
4482,1.690359191640233,1.98638245132285
4483,1.68638245132285,1.9824136565379207
4484,1.6824136565379206,1.9784527914102608
4485,1.6784527914102607,1.9744998400964044
4486,1.6744998400964044,1.9705547867845412
4487,1.6705547867845412,1.9666176156944526
4488,1.6666176156944525,1.9626883110774487
4489,1.6626883110774486,1.958766857216306
4490,1.658766857216306,1.954853238425204
4491,1.654853238425204,1.9509474390496622
4492,1.6509474390496621,1.9470494434664778
4493,1.6470494434664777,1.9431592360836631
4494,1.643159236083663,1.939276801340384
4495,1.639276801340384,1.935402123706896
4496,1.6354021237068959,1.9315351876844833
4497,1.6315351876844832,1.9276759778053967
4498,1.6276759778053966,1.9238244786327914
4499,1.6238244786327913,1.9199806747606658
4500,1.6199806747606658,1.9161445508137993
4501,1.6161445508137993,1.912316091447691
4502,1.612316091447691,1.908495281348498
4503,1.608495281348498,1.9046821052329754
4504,1.6046821052329754,1.9008765478484129
4505,1.6008765478484128,1.8970785939725765
4506,1.5970785939725765,1.8932882284136454
4507,1.5932882284136454,1.8895054360101522
4508,1.5895054360101522,1.8857302016309225
4509,1.5857302016309225,1.881962510175014
4510,1.5819625101750139,1.878202346571655
4511,1.578202346571655,1.8744496957801866
4512,1.5744496957801866,1.8707045427900009
4513,1.5707045427900008,1.8669668726204804
4514,1.5669668726204804,1.8632366703209395
4515,1.5632366703209395,1.8595139209705647
4516,1.5595139209705646,1.8557986096783525
4517,1.5557986096783525,1.852090721583054
4518,1.552090721583054,1.8483902418531108
4519,1.5483902418531108,1.8446971556865999
4520,1.5446971556865998,1.841011448311171
4521,1.541011448311171,1.8373331049839903
4522,1.5373331049839902,1.833662110991679
4523,1.533662110991679,1.829998451650257
4524,1.529998451650257,1.8263421123050816
4525,1.5263421123050815,1.8226930783307904
4526,1.5226930783307904,1.8190513351312425
4527,1.5190513351312425,1.8154168681394607
4528,1.5154168681394606,1.8117896628175723
4529,1.5117896628175722,1.8081697046567504
4530,1.5081697046567504,1.8045569791771583
4531,1.5045569791771582,1.800951471927889
4532,1.500951471927889,1.7973531684869086
4533,1.4973531684869086,1.793762054460999
4534,1.4937620544609989,1.7901781154856984
4535,1.4901781154856983,1.786601337225247
4536,1.486601337225247,1.7830317053725264
4537,1.4830317053725264,1.7794692056490047
4538,1.4794692056490046,1.775913823804678
4539,1.475913823804678,1.7723655456180147
4540,1.4723655456180147,1.7688243568958972
4541,1.4688243568958972,1.7652902434735653
4542,1.4652902434735653,1.761763191214561
4543,1.461763191214561,1.7582431860106709
4544,1.4582431860106708,1.754730213781869
4545,1.454730213781869,1.751224260476262
4546,1.451224260476262,1.7477253120700316
4547,1.4477253120700315,1.74423335456738
4548,1.44423335456738,1.7407483740004726
4549,1.4407483740004725,1.7372703564293817
4550,1.4372703564293816,1.733799287942033
4551,1.433799287942033,1.7303351546541479
4552,1.4303351546541478,1.7268779427091885
4553,1.4268779427091884,1.7234276382783023
4554,1.4234276382783022,1.7199842275602673
4555,1.4199842275602672,1.7165476967814357
4556,1.4165476967814357,1.71311803219568
4557,1.41311803219568,1.7096952200843374
4558,1.4096952200843373,1.7062792467561545
4559,1.4062792467561545,1.7028700985472338
4560,1.4028700985472338,1.699467761820978
4561,1.3994677618209779,1.6960722229680352
4562,1.3960722229680351,1.6926834684062457
4563,1.3926834684062457,1.6893014845805867
4564,1.3893014845805867,1.6859262579631185
4565,1.3859262579631184,1.68255777505293
4566,1.3825577750529299,1.6791960223760851
4567,1.379196022376085,1.6758409864855688
4568,1.3758409864855687,1.6724926539612328
4569,1.3724926539612328,1.6691510114097425
4570,1.3691510114097425,1.6658160454645237
4571,1.3658160454645236,1.6624877427857077
4572,1.3624877427857076,1.6591660900600793
4573,1.3591660900600793,1.6558510740010235
4574,1.3558510740010234,1.6525426813484714
4575,1.3525426813484713,1.649240898868848
4576,1.349240898868848,1.6459457133550193
4577,1.3459457133550192,1.6426571116262383
4578,1.3426571116262382,1.6393750805280942
4579,1.3393750805280942,1.636099606932458
4580,1.336099606932458,1.6328306777374313
4581,1.3328306777374312,1.6295682798672924
4582,1.3295682798672923,1.626312400272446
4583,1.326312400272446,1.623063025929369
4584,1.323063025929369,1.6198201438405597
4585,1.3198201438405597,1.6165837410344857
4586,1.3165837410344856,1.6133538045655311
4587,1.313353804565531,1.6101303215139462
4588,1.3101303215139461,1.6069132789857938
4589,1.3069132789857938,1.6037026641129
4590,1.3037026641129,1.600498464052801
4591,1.300498464052801,1.5973006659886924
4592,1.2973006659886923,1.5941092571293771
4593,1.294109257129377,1.590924224709216
4594,1.2909242247092159,1.5877455559880749
4595,1.2877455559880748,1.5845732382512747
4596,1.2845732382512747,1.5814072588095403
4597,1.2814072588095402,1.5782476049989498
4598,1.2782476049989497,1.5750942641808836
4599,1.2750942641808836,1.5719472237419743
4600,1.2719472237419742,1.5688064710940557
4601,1.2688064710940556,1.5656719936741132
4602,1.2656719936741132,1.5625437789442331
4603,1.262543778944233,1.5594218143915521
4604,1.259421814391552,1.556306087528208
4605,1.256306087528208,1.553196585891289
4606,1.253196585891289,1.5500932970427845
4607,1.2500932970427845,1.546996208569535
4608,1.246996208569535,1.5439053080831824
4609,1.2439053080831823,1.5408205832201207
4610,1.2408205832201207,1.5377420216414464
4611,1.2377420216414463,1.5346696110329088
4612,1.2346696110329087,1.5316033391048616
4613,1.2316033391048615,1.528543193592213
4614,1.2285431935922129,1.5254891622543767
4615,1.2254891622543767,1.5224412328752235
4616,1.2224412328752234,1.5193993932630316
4617,1.2193993932630316,1.5163636312504387
4618,1.2163636312504387,1.5133339346943926
4619,1.2133339346943925,1.510310291476103
4620,1.210310291476103,1.5072926895009933
4621,1.2072926895009932,1.504281116698651
4622,1.204281116698651,1.5012755610227815
4623,1.2012755610227814,1.4982760104511577
4624,1.1982760104511576,1.4952824529855735
4625,1.1952824529855735,1.4922948766517947
4626,1.1922948766517947,1.4893132694995126
4627,1.1893132694995125,1.486337619602294
4628,1.186337619602294,1.4833679150575356
4629,1.1833679150575356,1.4804041439864153
4630,1.1804041439864152,1.4774462945338447
4631,1.1774462945338446,1.4744943548684224
4632,1.1744943548684224,1.4715483131823854
4633,1.1715483131823854,1.4686081576915635
4634,1.1686081576915635,1.46567387663533
4635,1.16567387663533,1.4627454582765578
4636,1.1627454582765577,1.4598228909015687
4637,1.1598228909015686,1.4569061628200897
4638,1.1569061628200896,1.4539952623652044
4639,1.1539952623652043,1.4510901778933074
4640,1.1510901778933074,1.4481908977840567
4641,1.1481908977840567,1.4452974104403282
4642,1.1452974104403282,1.4424097042881683
4643,1.1424097042881682,1.4395277677767488
4644,1.1395277677767488,1.4366515893783198
4645,1.1366515893783198,1.4337811575881638
4646,1.1337811575881638,1.43091646092455
4647,1.13091646092455,1.4280574879286878
4648,1.1280574879286878,1.4252042271646814
4649,1.1252042271646814,1.4223566672194836
4650,1.1223566672194836,1.4195147967028514
4651,1.1195147967028514,1.4166786042472985
4652,1.1166786042472985,1.4138480785080516
4653,1.1138480785080516,1.411023208163004
4654,1.111023208163004,1.4082039819126704
4655,1.1082039819126703,1.4053903884801418
4656,1.1053903884801417,1.4025824166110412
4657,1.1025824166110412,1.399780055073477
4658,1.0997800550734769,1.3969832926579997
4659,1.0969832926579997,1.3941921181775556
4660,1.0941921181775556,1.3914065204674433
4661,1.0914065204674432,1.3886264883852677
4662,1.0886264883852677,1.3858520108108974
4663,1.0858520108108973,1.383083076646418
4664,1.083083076646418,1.3803196748160895
4665,1.0803196748160895,1.3775617942663005
4666,1.0775617942663005,1.3748094239655255
4667,1.0748094239655255,1.3720625529042796
4668,1.0720625529042795,1.3693211700950743
4669,1.0693211700950742,1.3665852645723755
4670,1.0665852645723755,1.3638548253925569
4671,1.0638548253925568,1.3611298416338584
4672,1.0611298416338584,1.3584103023963414
4673,1.0584103023963414,1.355696196801845
4674,1.055696196801845,1.3529875139939436
4675,1.0529875139939435,1.350284243137902
4676,1.050284243137902,1.3475863734206335
4677,1.0475863734206334,1.3448938940506554
4678,1.0448938940506554,1.3422067942580467
4679,1.0422067942580466,1.3395250632944047
4680,1.0395250632944046,1.3368486904328016
4681,1.0368486904328016,1.3341776649677428
4682,1.0341776649677428,1.3315119762151228
4683,1.0315119762151228,1.328851613512183
4684,1.028851613512183,1.326196566217469
4685,1.026196566217469,1.3235468237107884
4686,1.0235468237107883,1.320902375393167
4687,1.020902375393167,1.3182632106868086
4688,1.0182632106868086,1.3156293190350505
4689,1.0156293190350505,1.313000689902323
4690,1.013000689902323,1.3103773127741054
4691,1.0103773127741054,1.3077591771568864
4692,1.0077591771568863,1.3051462725781195
4693,1.0051462725781195,1.302538588586183
4694,1.002538588586183,1.2999361147503379
4695,0.9998722335820008,1.297338840660685
4696,0.994684763090399,1.2947467559281245
4697,0.9895211084295276,1.292159850184314
4698,0.9843811683177601,1.2895781130816268
4699,0.9792648418901929,1.2870015342931118
4700,0.9741720286969567,1.2844301035124497
4701,0.9691026287015323,1.2818638104539142
4702,0.9640565422790798,1.2793026448523297
4703,0.9590336702147682,1.2767465964630305
4704,0.954033913702114,1.2741956550618194
4705,0.9490571743413274,1.2716498104449274
4706,0.9441033541376633,1.269109052428973
4707,0.9391723554997818,1.2665733708509201
4708,0.9342640812381103,1.2640427555680396
4709,0.9293784345632188,1.2615171964578666
4710,0.9245153190841956,1.2589966834181614
4711,0.9196746388070332,1.2564812063668687
4712,0.9148562981330203,1.2539707552420767
4713,0.9100602018571381,1.2514653200019776
4714,0.9052862551664657,1.2489648906248272
4715,0.9005343636385902,1.2464694571089046
4716,0.8958044332400245,1.2439790094724723
4717,0.8910963703246298,1.2414935377537366
4718,0.8864100816320466,1.2390130320108073
4719,0.8817454742861293,1.236537482321658
4720,0.8771024557933896,1.2340668787840867
4721,0.8724809340414457,1.231601211515676
4722,0.8678808172974752,1.2291404706537534
4723,0.8633020142066783,1.2266846463553525
4724,0.8587444337907446,1.2242337287971723
4725,0.8542079854463249,1.2217877081755397
4726,0.8496925789435139,1.219346574706369
4727,0.8451981244243332,1.2169103186251229
4728,0.8407245324012242,1.2144789301867738
4729,0.8362717137555462,1.2120523996657646
4730,0.8318395797360796,1.2096307173559704
4731,0.8274280419575372,1.2072138735706583
4732,0.8230370123990783,1.20480185864245
4733,0.818666403402832,1.202394662923283
4734,0.8143161276724252,1.1999922767843705
4735,0.8099860982715148,1.1975946906161654
4736,0.8056762286223297,1.1952018948283194
4737,0.8013864325042134,1.1928138798496464
4738,0.7971166240521788,1.1904306361280832
4739,0.7928667177554628,1.1880521541306517
4740,0.7886366284560906,1.1856784243434209
4741,0.7844262713474446,1.1833094372714683
4742,0.7802355619728379,1.1809451834388425
4743,0.7760644162240957,1.1785856533885253
4744,0.7719127503401418,1.176230837682393
4745,0.7677804809055879,1.1738807269011795
4746,0.7636675248493338,1.171535311644439
4747,0.7595737994431692,1.169194582530507
4748,0.7554992223003822,1.166858530196464
4749,0.7514437113743738,1.1645271452980979
4750,0.7474071849572783,1.1622004185098656
4751,0.7433895616785873,1.1598783405248567
4752,0.7393907605037814,1.1575609020547566
4753,0.7354107007329678,1.1552480938298082
4754,0.7314493019995203,1.152939906598775
4755,0.7275064842687271,1.1506363311289058
4756,0.7235821678364455,1.1483373582058953
4757,0.7196762733277575,1.1460429786338489
4758,0.7157887216956351,1.1437531832352448
4759,0.7119194342196085,1.1414679628508988
4760,0.7080683325044416,1.139187308339926
4761,0.7042353384788099,1.1369112105797057
4762,0.7004203743939884,1.1346396604658433
4763,0.6966233628225381,1.132372648912136
4764,0.6928442266570058,1.1301101668505338
4765,0.6890828891086209,1.1278522052311062
4766,0.6853392737060054,1.125598755022003
4767,0.6816133042938812,1.123349807209421
4768,0.6779049050317907,1.1211053527975654
4769,0.6742140003928143,1.118865382808616
4770,0.6705405151623011,1.1166298882826893
4771,0.6668843744365975,1.1143988602778048
4772,0.6632455036217874,1.1121722898698472
4773,0.659623828432431,1.1099501681525321
4774,0.656019274890315,1.1077324862373694
4775,0.6524317693232021,1.1055192352536287
4776,0.6488612383635908,1.103310406348303
4777,0.6453076089474756,1.1011059906860738
4778,0.6417708083131157,1.0989059794492757
4779,0.6382507639998065,1.0967103638378604
4780,0.6347474038466557,1.0945191350693628
4781,0.6312606559913684,1.0923322843788648
4782,0.6277904488690301,1.0901498030189607
4783,0.6243367112109023,1.0879716822597223
4784,0.6208993720432167,1.0857979133886635
4785,0.6174783606859774,1.0836284877107059
4786,0.6140736067517678,1.081463396548144
4787,0.6106850401445616,1.0793026312406102
4788,0.6073125910585384,1.0771461831450406
4789,0.6039561899769049,1.0749940436356398
4790,0.6006157676707199,1.072846204103847
4791,0.597291255197725,1.0707026559583006
4792,0.5939825839011786,1.068563390624806
4793,0.590689685408698,1.0664283995462986
4794,0.5874124916311008,1.0642976741828112
4795,0.5841509347612546,1.0621712060114397
4796,0.5809049472729323,1.0600489865263083
4797,0.5776744619196683,1.0579310072385366
4798,0.5744594117336226,1.0558172596762043
4799,0.5712597300244469,1.0537077353843185
4800,0.5680753503781578,1.0516024259247791
4801,0.5649062066560131,1.0495013228763457
4802,0.561752232993392,1.0474044178346031
4803,0.558613363798682,1.0453117024119283
4804,0.5554895337521667,1.0432231682374569
4805,0.5523806778049231,1.0411388069570493
4806,0.5492867311777183,1.039058610233258
4807,0.5462076293599146,1.0369825697452928
4808,0.5431433081083753,1.0349106771889893
4809,0.5400937034463789,1.0328429242767745
4810,0.5370587516625341,1.030779302737634
4811,0.5340383893097024,1.0287198043170787
4812,0.5310325532039214,1.026664420777112
4813,0.5280411804233357,1.0246131438961976
4814,0.5250642083071315,1.022565965469225
4815,0.5221015744544731,1.0205228773074777
4816,0.5191532167234465,1.0184838712386002
4817,0.5162190732300054,1.0164489391065656
4818,0.5132990823469233,1.014418072771643
4819,0.5103931827027485,1.0123912641103638
4820,0.5075013131807621,1.010368505015491
4821,0.5046234129179434,1.0083497873959852
4822,0.5017594213039375,1.0063351031769736
4823,0.4989092779800259,1.0043244442997166
4824,0.4960729228381045,1.0023178027215758
4825,0.4932502960196622,1.0003151704159823
4826,0.49044133791476624,0.9983165393724042
4827,0.48764598916105056,0.9963219015963146
4828,0.48486419064270775,0.99433124910916
4829,0.4820958834894864,0.9923445739483275
4830,0.47934100907569127,0.990361868167114
4831,0.4765995090191877,0.9883831238346936
4832,0.4738713251804111,0.9864083330360864
4833,0.4711563996613789,0.9844374878721266
4834,0.46845467480470754,0.9824705804594309
4835,0.4657660931926325,0.9805076029303669
4836,0.46309059764603394,0.978548547433022
4837,0.46042813122346404,0.9765934061311715
4838,0.4577786372201805,0.9746421712042477
4839,0.45514205916718137,0.9726948348473082
4840,0.4525183408302474,0.9707513892710051
4841,0.4499074262089834,0.9688118267015534
4842,0.4473092595358688,0.9668761393807003
4843,0.44472378527530726,0.9649443195656938
4844,0.44215094812268363,0.9630163595292521
4845,0.43959069300342263,0.9610922515595327
4846,0.43704296507205254,0.9591719879601008
4847,0.4345077097112713,0.9572555610498997
4848,0.4319848725310186,0.9553429631632193
4849,0.42947439936754855,0.9534341866496652
4850,0.4269762362825094,0.9515292238741291
4851,0.424490329562025,0.949628067216757
4852,0.42201662571577925,0.94773070907292
4853,0.4195550714761078,0.945837141853183
4854,0.4171056137970884,0.9439473579832744
4855,0.41466819985363934,0.9420613499040565
4856,0.4122427770406194,0.9401791100714942
4857,0.40982929297193027,0.9383006309566257
4858,0.4074276954796265,0.9364259050455322
4859,0.4050379326130249,0.9345549248393074
4860,0.4026599526378191,0.9326876828540279
4861,0.4002937040351991,0.9308241716207236
4862,0.39793913550097226,0.9289643836853468
4863,0.39559619594468826,0.9271083116087434
4864,0.3932648344887689,0.9252559479666226
4865,0.3909450004676399,0.9234072853495273
4866,0.38863664342686705,0.9215623163628046
4867,0.38633971312229515,0.9197210336265761
4868,0.3840541595191919,0.9178834297757084
4869,0.38177993279139266,0.9160494974597836
4870,0.379516983320452,0.9142192293430701
4871,0.377265261694795,0.9123926181044929
4872,0.3750247187088754,0.9105696564376046
4873,0.3727953053623346,0.9087503370505562
4874,0.37057697285916585,0.9069346526660677
4875,0.36836967260688025,0.905122596021399
4876,0.3661733562156773,0.9033141598683214
4877,0.36398797549761847,0.9015093369730875
4878,0.36181348246580336,0.8997081201164037
4879,0.3596498293335508,0.8979105020933998
4880,0.3574969685135816,0.8961164757136016
4881,0.3553548526172051,0.894326033800901
4882,0.35322343445350984,0.8925391691935282
4883,0.3511026670285567,0.8907558747440221
4884,0.3489925035445746,0.8889761433192026
4885,0.34689289739916196,0.8871999678001419
4886,0.3448038021844876,0.8854273410821352
4887,0.3427251716864986,0.8836582560746733
4888,0.34065695988412886,0.881892705701414
4889,0.33859912094851247,0.8801306829001534
4890,0.3365516092421983,0.8783721806227979
4891,0.3345143793183704,0.876617191835336
4892,0.33248738592006866,0.8748657095178103
4893,0.33047058397941537,0.873117726664289
4894,0.32846392861684276,0.8713732362828387
4895,0.3264673751403247,0.8696322313954953
4896,0.32448087904461115,0.867894705038237
4897,0.3225043960104662,0.866160650260956
4898,0.3205378819039085,0.864430060127431
4899,0.3185812927754554,0.862702927715299
4900,0.3166345848593691,0.8609792461160283
4901,0.3146977145729075,0.8592590084348898
4902,0.3127706385155762,0.8575422077909308
4903,0.3108533134683856,0.8558288373169465
4904,0.3089456963931085,0.8541188901594524
4905,0.30704774443154337,0.8524123594786579
4906,0.30515941490477794,0.8507092384484378
4907,0.3032806653124583,0.8490095202563058
4908,0.30141145333205915,0.8473131981033868
4909,0.29955173681815705,0.8456202652043899
4910,0.29770147380170886,0.8439307147875814
4911,0.2958606224893292,0.8422445400947572
4912,0.29402914126257484,0.8405617343812164
4913,0.2922069886772287,0.838882290915734
4914,0.2903941234625898,0.8372062029805336
4915,0.28859050452076224,0.8355334638712615
4916,0.2867960909259517,0.8338640668969589
4917,0.2850108419237607,0.8321980053800356
4918,0.2832347169304885,0.8305352726562435
4919,0.2814676755324347,0.8288758620746495
4920,0.2797096774852036,0.8272197669976089
4921,0.277960682713013,0.8255669808007393
4922,0.27622065130800466,0.8239174968728936
4923,0.27448954352955857,0.822271308616134
4924,0.27276731980360897,0.8206284094457051
4925,0.27105394072196487,0.8189887927900082
4926,0.2693493670416302,0.8173524520905746
4927,0.26765355968413024,0.8157193808020391
4928,0.26596647973483856,0.8140895723921143
4929,0.264288088442307,0.8124630203415646
4930,0.2626183472175988,0.8108397181441795
4931,0.2609572176336247,0.8092196593067481
4932,0.25930466142448066,0.8076028373490329
4933,0.25766064048478876,0.805989245803744
4934,0.2560251168690417,0.8043788782165129
4935,0.2543980527909479,0.8027717281458671
4936,0.2527794106227816,0.8011677891632043
4937,0.25116915289473396,0.7995670548527664
4938,0.24956724229426688,0.7979695188116139
4939,0.24797364166547034,0.7963751746496007
4940,0.24638831400842162,0.7947840159893479
4941,0.24481122247854728,0.7931960364662188
4942,0.24324233038598786,0.7916112297282931
4943,0.2416816011949646,0.7900295894363419
4944,0.24012899852314987,0.7884511092638019
4945,0.23858448614103855,0.7868757828967501
4946,0.23704802797132332,0.7853036040338791
4947,0.23551958808827214,0.7837345663864712
4948,0.23399913071710735,0.7821686636783739
4949,0.23248662023338884,0.7806058896459742
4950,0.23098202116239835,0.7790462380381739
4951,0.22948529817852673,0.7774897026163644
4952,0.22799641610466412,0.7759362771544022
4953,0.22651533991159192,0.774385955438583
4954,0.22504203471737727,0.7728387312676183
4955,0.22357646578677093,0.771294598452609
4956,0.22211859853060592,0.7697535508170219
4957,0.2206683985052004,0.7682155821966644
4958,0.2192258314117614,0.76668068643966
4959,0.2177908630957923,0.7651488574064237
4960,0.2163634595465015,0.7636200889696371
4961,0.2149435868962142,0.7620943750142245
4962,0.21353121141978676,0.760571709437328
4963,0.21212629953402248,0.7590520861482836
4964,0.21072881779709116,0.7575354990685956
4965,0.20933873290794888,0.756021942131914
4966,0.20795601170576272,0.7545114092840091
4967,0.206580621169336,0.7530038944827473
4968,0.20521252841653606,0.7514993916980673
4969,0.20385170070372485,0.7499978949119562
4970,0.202498105425192,0.7484993981184247
4971,0.20115171011258923,0.7470038953234837
4972,0.19981248243436794,0.7455113805451199
4973,0.19848039019521865,0.7440218478132724
4974,0.19715540133551285,0.7425352911698082
4975,0.19583748393074693,0.7410517046684987
4976,0.19452660619098858,0.7395710823749959
4977,0.19322273646032545,0.7380934183668088
4978,0.19192584321631573,0.7366187067332792
4979,0.1906358950694413,0.7351469415755587
4980,0.18935286076256272,0.7336781170065848
4981,0.18807670917037708,0.732212227151057
4982,0.18680740929887696,0.7307492661454142
4983,0.18554493028481292,0.7292892281378103
4984,0.18428924139515693,0.7278321072880913
4985,0.1830403120265689,0.7263778977677721
4986,0.1817981117048647,0.7249265937600122
4987,0.18056261008448649,0.7234781894595941
4988,0.17933377694797586,0.7220326790728984
4989,0.17811158220544804,0.7205900568178817
4990,0.17689599589406896,0.719150316924053
4991,0.17568698817753403,0.717713453632451
4992,0.17448452934554978,0.7162794611956204
4993,0.17328858981331602,0.7148483338775896
4994,0.17209914012101207,0.7134200659538473
4995,0.1709161509332835,0.7119946517113203
4996,0.1697395930387321,0.7105720854483494
4997,0.16856943734940671,0.7091523614746676
4998,0.1674056549002971,0.7077354741113774
4999,0.1662482168488297,0.7063214176909272
5000,0.1650970944743649,0.7049101865570895
5001,0.163952259177697,0.7035017750649378
5002,0.1628136824805557,0.7020961775808245
5003,0.16168133602511,0.7006933884823577
5004,0.16055519157347367,0.6992934021583792
5005,0.15943522100721316,0.6978962130089417
5006,0.1583213963268571,0.6965018154452866
5007,0.15721368965140808,0.6951102038898219
5008,0.15611207321785667,0.6937213727760997
5009,0.15501651938069647,0.6923353165487935
5010,0.15392700061144204,0.6909520296636767
5011,0.15284348949814838,0.6895715065875998
5012,0.15176595874493232,0.6881937417984687
5013,0.1506943811714962,0.6868187297852224
5014,0.14962872971265292,0.6854464650478109
5015,0.14856897741785333,0.6840769420971735
5016,0.1475150974507156,0.6827101554552167
5017,0.14646706308855617,0.6813460996547919
5018,0.14542484772192246,0.6799847692396743
5019,0.14438842485412856,0.6786261587645401
5020,0.14335776810079076,0.677270262794946
5021,0.1423328511893676,0.675917075907306
5022,0.14131364795869925,0.6745665926888709
5023,0.1403001323585505,0.673218807737706
5024,0.1392922784491548,0.6718737156626695
5025,0.13829006040075997,0.6705313110833917
5026,0.1372934524931772,0.6691915886302522
5027,0.13630242911532936,0.6678545429443595
5028,0.13531696476480365,0.6665201686775291
5029,0.13433703404740435,0.665188460492262
5030,0.1333626116767084,0.6638594130617238
5031,0.13239367247362216,0.662533021069723
5032,0.13143019136594022,0.66120927921069
5033,0.13047214338790616,0.6598881821896553
5034,0.12951950367977452,0.6585697247222292
5035,0.12857224748737522,0.6572539015345802
5036,0.12763035016167953,0.6559407073634135
5037,0.12669378715836715,0.654630136955951
5038,0.12576253403739654,0.653322185069909
5039,0.12483656646257504,0.6520168464734785
5040,0.12391586020113252,0.6507141159453032
5041,0.12300039112329555,0.6494139882744593
5042,0.12209013520186397,0.6481164582604344
5043,0.12118506851178877,0.6468215207131067
5044,0.12028516722975192,0.6455291704527242
5045,0.11939040763374772,0.6442394023098843
5046,0.11850076610266638,0.6429522111255127
5047,0.11761621911587825,0.6416675917508428
5048,0.11673674325282056,0.6403855390473954
5049,0.11586231519258593,0.6391060478869581
5050,0.11499291171351195,0.6378291131515645
5051,0.1141285096927726,0.6365547297334739
5052,0.1132690861059717,0.6352828925351509
5053,0.11241461802673756,0.6340135964692453
5054,0.11156508262631983,0.6327468364585709
5055,0.11072045717318692,0.6314826074360859
5056,0.10988071903262621,0.6302209043448725
5057,0.10904584566634547,0.6289617221381169
5058,0.10821581463207561,0.6277050557790884
5059,0.10739060358317545,0.6264509002411202
5060,0.10657019026823779,0.625199250507588
5061,0.10575455253069695,0.6239501015718915
5062,0.1049436683084388,0.6227034484374332
5063,0.10413751563341112,0.6214592861175989
5064,0.10333607263123634,0.6202176096357378
5065,0.10253931752082576,0.6189784140251421
5066,0.10174722861399497,0.6177416943290278
5067,0.10095978431508135,0.6165074456005145
5068,0.10017696312056266,0.6152756629026055
5069,0.09939874361867734,0.6140463413081686
5070,0.09862510448904672,0.6128194758999156
5071,0.09785602450229788,0.6115950617703834
5072,0.09709148251968903,0.6103730940219135
5073,0.09633145749273558,0.6091535677666338
5074,0.09557592846283862,0.6079364781264373
5075,0.09482487456091378,0.6067218202329638
5076,0.0940782750070226,0.6055095892275802
5077,0.09333610911000483,0.6042997802613609
5078,0.09259835626711253,0.6030923884950684
5079,0.09186499596364549,0.601887409099134
5080,0.09113600777258787,0.6006848372536385
5081,0.0904113713542471,0.5994846681482929
5082,0.08969106645589316,0.5982868969824192
5083,0.08897507291140037,0.5970915189649312
5084,0.08826337064089007,0.5958985293143152
5085,0.08755593965037466,0.5947079232586109
5086,0.08685276003140328,0.5935196960353927
5087,0.08615381196070931,0.59233384289175
5088,0.08545907569985835,0.5911503590842685
5089,0.0847685315948985,0.5899692398790116
5090,0.08408216007601178,0.5887904805515008
5091,0.0833999416571668,0.5876140763866974
5092,0.082721856935773,0.5864400226789829
5093,0.08204788659233624,0.585268314732141
5094,0.08137801139011587,0.5840989478593386
5095,0.0807122121747832,0.5829319173831062
5096,0.08005046987408086,0.5817672186353207
5097,0.0793927654974846,0.5806048469571854
5098,0.07873908013586545,0.5794447976992121
5099,0.07808939496115358,0.5782870662212022
5100,0.07744369122600378,0.5771316478922282
5101,0.07680195026346193,0.5759785380906152
5102,0.07616415348663313,0.5748277322039226
5103,0.075530282388351,0.5736792256289253
5104,0.0749003185408482,0.5725330137715953
5105,0.07427424359542854,0.5713890920470838
5106,0.07365203928214051,0.5702474558797024
5107,0.0730336874094517,0.5691081007029049
5108,0.07241916986392478,0.567971021959269
5109,0.07180846860989501,0.5668362151004781
5110,0.07120156568914862,0.5657036755873035
5111,0.07059844322060303,0.5645733988895855
5112,0.06999908339998771,0.5634453804862157
5113,0.06940346849952699,0.5623196158651192
5114,0.06881158086762373,0.561196100523236
5115,0.06822340292854441,0.5600748299665032
5116,0.06763891718210553,0.5589557997098369
5117,0.06705810620336117,0.5578390052771147
5118,0.066480952642292,0.5567244422011575
5119,0.06590743922349544,0.5556121060237112
5120,0.06533754874587701,0.5545019922954301
5121,0.06477126408234316,0.5533940965758574
5122,0.06420856817949494,0.5522884144334087
5123,0.0636494440573234,0.5511849414453543
5124,0.0630938748089061,0.5500836731978006
5125,0.06254184360010434,0.548984605285673
5126,0.061993333669262414,0.5478877333126986
5127,0.06144832832690758,0.546793052891388
5128,0.06090681095545145,0.5457005596430179
5129,0.0603687650088922,0.5446102491976141
5130,0.05983417401251889,0.5435221171939333
5131,0.059303021562615785,0.5424361592794458
5132,0.05877529132616881,0.5413523711103188
5133,0.05825096704057303,0.540270748351398
5134,0.05773003251334082,0.5391912866761909
5135,0.05721247162181173,0.5381139817668495
5136,0.056698268312863564,0.5370388293141526
5137,0.05618740660262397,0.535965825017489
5138,0.05567987057618425,0.5348949645848402
5139,0.05517564438731334,0.5338262437327629
5140,0.05467471225817344,0.5327596581863723
5141,0.054177058479036866,0.5316952036793247
5142,0.053682667408003745,0.5306328759538008
5143,0.05319152347072128,0.5295726707604883
5144,0.05270361116010357,0.5285145838585648
5145,0.052218915036053026,0.5274586110156815
5146,0.0517374197251831,0.5264047480079455
5147,0.051259109920541286,0.5253529906199034
5148,0.05078397038133426,0.5243033346445243
5149,0.05031198593265345,0.5232557758831827
5150,0.04984314146520192,0.5222103101456425
5151,0.04937742193502261,0.521166933250039
5152,0.04891481236322723,0.5201256410228635
5153,0.04845529783572658,0.5190864292989456
5154,0.04799886350296187,0.518049293921437
5155,0.04754549457963721,0.5170142307417948
5156,0.04709517634445294,0.5159812356197648
5157,0.04664789413984038,0.5149503044233654
5158,0.04620363337169747,0.5139214330288703
5159,0.045762379509125435,0.5128946173207926
5160,0.04532411808416671,0.511869853191868
5161,0.044888834691543686,0.5108471365430386
5162,0.04445651498839877,0.5098264632834365
5163,0.04402714469403533,0.5088078293303674
5164,0.04360070958965984,0.5077912306092939
5165,0.04317719551812475,0.50677666305382
5166,0.042756588383673,0.5057641226056739
5167,0.04233887415168282,0.5047536052146926
5168,0.0419240388484142,0.5037451068388052
5169,0.04151206856075617,0.5027386234440169
5170,0.041102949435974874,0.5017341510043926
5171,0.040696667681463065,0.5007316855020413
5172,0.040293209564490416,0.49973122292709965
5173,0.03989256141195478,0.49873275927771604
5174,0.03949470961013463,0.4977362905600345
5175,0.03909964060444239,0.49674181278817886
5176,0.03870734089917882,0.4957493219842367
5177,0.03831779705728838,0.49475881417824347
5178,0.03793099570011557,0.49377028540816664
5179,0.037546923507162364,0.49278373171988976
5180,0.037165567215846435,0.4917991491671968
5181,0.03678691362126062,0.49081653381175633
5182,0.03641094957593315,0.4898358817231055
5183,0.0360376619895889,0.4888571889786346
5184,0.035667037828911716,0.4878804516635715
5185,0.03529906411730764,0.48690566587096556
5186,0.03493372793466903,0.4859328277016723
5187,0.034571016417139756,0.48496193326433773
5188,0.03421091675688133,0.4839929786753828
5189,0.03385341620183988,0.48302596005898796
5190,0.03349850205551426,0.48206087354707744
5191,0.033146161676724926,0.4810977152793038
5192,0.03279638247938378,0.4801364814030327
5193,0.032449151932265156,0.47917716807332744
5194,0.03210445755877744,0.4782197714529334
5195,0.03176228693673581,0.47726428771226276
5196,0.03142262769813587,0.47631071302937933
5197,0.031085467528928153,0.4753590435899831
5198,0.030750794168793595,0.47440927558739504
5199,0.030418595410919916,0.47346140522254193
5200,0.0300888591017789,0.47251542870394087
5201,0.029761573140904506,0.47157134224768477
5202,0.029436725480672183,0.4706291420774264
5203,0.02911430412607857,0.4696888244243638
5204,0.028794297134522577,0.4687503855272252
5205,0.028476692615587138,0.46781382163225366
5206,0.028161478730821848,0.4668791289931924
5207,0.02784864369352655,0.4659463038712697
5208,0.027538175768535775,0.4650153425351836
5209,0.027230063272003984,0.4640862412610878
5210,0.026924294571191908,0.4631589963325757
5211,0.02662085808425345,0.4622336040406665
5212,0.02631974228002376,0.4613100606837898
5213,0.026020935677807958,0.460388362567771
5214,0.025724426847170766,0.45946850600581624
5215,0.02543020440772705,0.4585504873184981
5216,0.02513825702893324,0.4576343028337407
5217,0.024848573429879468,0.4567199488868047
5218,0.02456114237908269,0.45580742182027334
5219,0.02427595269428059,0.45489671798403697
5220,0.023992993242226285,0.45398783373527907
5221,0.023712252938483953,0.45308076543846143
5222,0.023433720747225252,0.45217550946530966
5223,0.02315738568102655,0.4512720621947986
5224,0.022883236800667017,0.450370420013138
5225,0.02261126321492753,0.449470579313758
5226,0.022341454080390424,0.44857253649729456
5227,0.022073798601239928,0.44767628797157516
5228,0.0218082860290636,0.44678183015160455
5229,0.02154490566265449,0.44588915945955027
5230,0.02128364684781409,0.4449982723247284
5231,0.021024498977156095,0.4441091651835891
5232,0.020767451489910976,0.4432218344797027
5233,0.02051249387173136,0.4423362766637452
5234,0.020259615654498218,0.4414524881934841
5235,0.02000880641612776,0.44057046553376444
5236,0.01976005578037926,0.43969020515649426
5237,0.019513353416663458,0.438811703540631
5238,0.019268689039852026,0.43793495717216696
5239,0.01902605241008754,0.43705996254411555
5240,0.018785433332594362,0.43618671615649707
5241,0.018546821657490303,0.43531521451632477
5242,0.018310207279598992,0.43444545413759095
5243,0.018075580138263075,0.433577431541253
5244,0.017842930217158135,0.43271114325521925
5245,0.01761224754410733,0.43184658581433555
5246,0.01738352219089695,0.43098375576037085
5247,0.017156744273092484,0.43012264964200386
5248,0.016931903949855692,0.4292632640148089
5249,0.016708991423762195,0.42840559544124235
5250,0.01648799694062,0.4275496404906288
5251,0.016268910789288663,0.42669539573914733
5252,0.016051723301499156,0.4258428577698177
5253,0.015836424851674562,0.4249920231724869
5254,0.015623005856751507,0.42414288854381543
5255,0.015411456776002183,0.4232954504872637
5256,0.015201768110857295,0.4224497056130783
5257,0.014993930404729548,0.4216056505382786
5258,0.014787934242837938,0.4207632818866432
5259,0.014583770252032847,0.4199225962886964
5260,0.014381429100621658,0.4190835903816946
5261,0.014180901498195236,0.41824626080961314
5262,0.013982178195455055,0.41741060422313264
5263,0.013785249984041095,0.41657661727962547
5264,0.013590107696360276,0.41574429664314294
5265,0.013396742205415873,0.4149136389844012
5266,0.013205144424637294,0.4140846409807687
5267,0.01301530530771089,0.41325729931625227
5268,0.012827215848411158,0.41243161068148404
5269,0.0126408670804328,0.41160757177370844
5270,0.012456250077223483,0.4107851792967688
5271,0.012273355951817208,0.409964429961094
5272,0.012092175856668351,0.40914532048368574
5273,0.011912700983486471,0.40832784758810486
5274,0.01173492256307168,0.4075120080044588
5275,0.011558831865150816,0.40669779846938814
5276,0.011384420198214168,0.40588521572605357
5277,0.011211678909352905,0.40507425652412316
5278,0.01104059938409724,0.4042649176197589
5279,0.010871173046255116,0.4034571957756042
5280,0.010703391357751694,0.4026510877607704
5281,0.01053724581846939,0.4018465903508246
5282,0.01037272796608868,0.401043700327776
5283,0.010209829375929397,0.4002424144800634
5284,0.010048541660792831,0.3994427296025424
5285,0.009888856470804366,0.3986446424964724
5286,0.009730765493256853,0.3978481499695039
5287,0.00957426045245453,0.3970532488356658
5288,0.009419333109557664,0.3962599359153524
5289,0.009265975262427756,0.395468208035311
5290,0.009114178745473425,0.39467806202862904
5291,0.00896393542949693,0.39388949473472146
5292,0.00881523722154129,0.393102502999318
5293,0.008668076064738016,0.3923170836744506
5294,0.008522443938155518,0.39153323361844106
5295,0.00837833285664811,0.39075094969588803
5296,0.008235734870705601,0.38997022877765475
5297,0.008094642066303536,0.38919106774085654
5298,0.007955046564754063,0.3884134634688483
5299,0.007816940522557375,0.3876374128512118
5300,0.007680316131253742,0.3868629127837435
5301,0.007545165617276235,0.38608996016844216
5302,0.00741148124180396,0.38531855191349634
5303,0.007279255300615972,0.3845486849332719
5304,0.007148480123945677,0.38378035614829986
5305,0.007019148076335968,0.3830135624852642
5306,0.006891251556494864,0.3822483008769892
5307,0.006764782997151743,0.38148456826242727
5308,0.006639734864914171,0.3807223615866471
5309,0.006516099660125397,0.37996167780082085
5310,0.006393869916722288,0.37920251386221243
5311,0.006273038202093954,0.37844486673416505
5312,0.006153597116940916,0.37768873338608927
5313,0.006035539295134863,0.37693411079345057
5314,0.005918857403578929,0.37618099593775767
5315,0.005803544142068652,0.37542938580655005
5316,0.005689592243153376,0.3746792773933863
5317,0.00557699447199834,0.3739306676978316
5318,0.0054657436262472055,0.3731835537254463
5319,0.005355832535885289,0.37243793248777346
5320,0.005247254063103227,0.3716938010023272
5321,0.005140001102161292,0.3709511562925805
5322,0.00503406657925419,0.37020999538795357
5323,0.004929443452376463,0.36947031532380187
5324,0.0048261247111884625,0.368732113141404
5325,0.004724103376882766,0.3679953858879504
5326,0.004623372502051284,0.367260130616531
5327,0.004523925170552814,0.3665263443861237
5328,0.0044257544973811324,0.3657940242615827
5329,0.0043288536285337334,0.3650631673136265
5330,0.004233215740880955,0.36433377061882627
5331,0.004138834042035755,0.3636058312595943
5332,0.004045701770223982,0.3628793463241721
5333,0.00395381219415518,0.36215431290661915
5334,0.0038631586128939246,0.36143072810680066
5335,0.0037737343557316698,0.36070858903037656
5336,0.0036855327820591584,0.3599878927887894
5337,0.0035985472812392924,0.35926863649925345
5338,0.003512771272480639,0.3585508172847425
5339,0.0034281982047112995,0.35783443227397876
5340,0.0033448215564534376,0.35711947860142124
5341,0.0032626348356982198,0.3564059534072543
5342,0.003181631579781342,0.3556938538373762
5343,0.003101805355259022,0.35498317704338767
5344,0.0030231497577845137,0.35427392018258064
5345,0.002945658411985135,0.3535660804179267
5346,0.002869324971339791,0.3528596549180658
5347,0.0027941431180570006,0.35215464085729514
5348,0.002720106562953441,0.3514510354155574
5349,0.002647209045332942,0.35074883577842997
5350,0.0025754443328660547,0.3500480391371133
5351,0.0025048062214700255,0.3493486426884199
5352,0.002435288535189342,0.34865064363476306
5353,0.0023668851260767124,0.3479540391841456
5354,0.002299589874074571,0.3472588265501489
5355,0.0022333966868970587,0.34656500295192133
5356,0.0021682994999124433,0.3458725656141677
5357,0.00210429227602612,0.3451815117671376
5358,0.002041369005563997,0.3444918386466149
5359,0.001979523706156418,0.3438035434939061
5360,0.0019187504226225267,0.3431166235558297
5361,0.0018590432268551316,0.34243107608470497
5362,0.0018003962177060226,0.3417468983383411
5363,0.0017428035208717878,0.3410640875800264
5364,0.0016862592887800774,0.3403826410785166
5365,0.0016307577004762992,0.3397025561080251
5366,0.0015762929615108802,0.33902382994821084
5367,0.0015228593038268783,0.3383464598841685
5368,0.0014704509856481452,0.3376704432064168
5369,0.0014190622913678756,0.33699577721088814
5370,0.0013686875314376707,0.3363224591989176
5371,0.0013193210422570362,0.33565048647723233
5372,0.0012709571860633263,0.33497985635794053
5373,0.0012235903508221533,0.33431056615852084
5374,0.0011772149501182363,0.3336426132018115
5375,0.0011318254230467013,0.33297599481599977
5376,0.0010874162341048441,0.33231070833461135
5377,0.001043981873084324,0.3316467510964993
5378,0.0010015168549637819,0.33098412044583386
5379,0.0009600157198019406,0.33032281373209144
5380,0.0009194730326311136,0.32966282831004445
5381,0.0008798833833511754,0.3290041615397502
5382,0.0008412413866239256,0.32834681078654077
5383,0.0008035416817679446,0.3276907734210123
5384,0.0007667789326538433,0.32703604681901455
5385,0.0007309478275999473,0.32638262836164006
5386,0.000696043079268415,0.3257305154352142
5387,0.0006620594245617965,0.32507970543128434
5388,0.0006289916245199937,0.32443019574660964
5389,0.0005968344642176643,0.32378198378315054
5390,0.0005655827526620358,0.32313506694805827
5391,0.0005352313226911387,0.32248944265366464
5392,0.0005057750308724708,0.3218451083174716
5393,0.0004772087574020672,0.32120206136214097
5394,0.00044952740600399135,0.32056029921548407
5395,0.00042272590383023525,0.3199198193104514
5396,0.00039679920136103216,0.3192806190851225
5397,0.0003717422723055907,0.31864269598269573
5398,0.0003475501135032201,0.3180060474514777
5399,0.00032421774482486706,0.31737067094487353
5400,0.000301740209075074,0.3167365639213763
5401,0.0002801125718943145,0.316103723844557
5402,0.0002593299216617535,0.3154721481830546
5403,0.00023938736939839946,0.31484183441056557
5404,0.00022028004867064854,0.31421278000583397
5405,0.00020200311549423415,0.3135849824526413
5406,0.00018455174823857302,0.3129584392397966
5407,0.00016792114753150068,0.31233314786112615
5408,0.00015210653616440074,0.3117091058154635
5409,0.0001371031589977218,0.3110863106066398
5410,0.00012290628286689497,0.3104647597434733
5411,0.00010951119648861996,0.30984445073975975
5412,9.691321036755645e-05,0.3092253811142623
5413,8.51076567033875e-05,0.30860754839070154
5414,7.408988929826879e-05,0.30799095009774585
5415,6.385528346466463e-05,0.3073755837690012
5416,5.4399235933554166e-05,0.30676144694300145
5417,4.571716476302378e-05,0.3061485371631985
5418,3.78045092472333e-05,0.3055368519779524
5419,3.065672982575535e-05,0.3049263889405216
5420,2.426930799329362e-05,0.3043171456090531
5421,1.863774620976653e-05,0.3037091195465728
5422,1.3757567810768602e-05,0.3031023083209757
5423,9.624316918394996e-06,0.30249670950501595
5424,6.233558352437036e-06,0.30189232067629757
5425,3.580877541943317e-06,0.30128913941726443
5426,1.6618804371448998e-06,0.3006871633151907
5427,4.721934217438699e-07,0.3000863899621711
5428,7.463225563921511e-09,0.2994868169551114
5429,0.0,0.29888844189571895
5430,0.0,0.2982912623904926
5431,0.0,0.2976952760507135
5432,0.0,0.29710048049243554
5433,0.0,0.29650687333647563
5434,0.0,0.29591445220840445
5435,0.0,0.2953232147385367
5436,0.0,0.2947331585619216
5437,0.0,0.29414428131833376
5438,0.0,0.29355658065226337
5439,0.0,0.292970054212907
5440,0.0,0.2923846996541581
5441,0.0,0.29180051463459766
5442,0.0,0.2912174968174848
5443,0.0,0.2906356438707476
5444,0.0,0.2900549534669733
5445,0.0,0.2894754232833997
5446,0.0,0.2888970510019051
5447,0.0,0.28831983430899977
5448,0.0,0.2877437708958161
5449,0.0,0.28716885845809964
5450,0.0,0.2865950946961999
5451,0.0,0.2860224773150611
5452,0.0,0.2854510040242129
5453,0.0,0.2848806725377614
5454,0.0,0.2843114805743799
5455,0.0,0.2837434258572998
5456,0.0,0.2831765061143014
5457,0.0,0.2826107190777051
5458,0.0,0.28204606248436187
5459,0.0,0.28148253407564466
5460,0.0,0.28092013159743906
5461,0.0,0.2803588528001344
5462,0.0,0.27979869543861474
5463,0.0,0.27923965727225
5464,0.0,0.27868173606488655
5465,0.0,0.278124929584839
5466,0.0,0.2775692356048806
5467,0.0,0.27701465190223473
5468,0.0,0.27646117625856576
5469,0.0,0.2759088064599705
5470,0.0,0.27535754029696896
5471,0.0,0.27480737556449575
5472,0.0,0.27425831006189116
5473,0.0,0.27371034159289254
5474,0.0,0.27316346796562524
5475,0.0,0.27261768699259403
5476,0.0,0.27207299649067423
5477,0.0,0.2715293942811032
5478,0.0,0.27098687818947126
5479,0.0,0.27044544604571347
5480,0.0,0.2699050956841004
5481,0.0,0.26936582494322997
5482,0.0,0.2688276316660185
5483,0.0,0.2682905136996921
5484,0.0,0.2677544688957782
5485,0.0,0.2672194951100969
5486,0.0,0.26668559020275234
5487,0.0,0.2661527520381242
5488,0.0,0.2656209784848591
5489,0.0,0.26509026741586206
5490,0.0,0.2645606167082881
5491,0.0,0.26403202424353384
5492,0.0,0.26350448790722847
5493,0.0,0.2629780055892261
5494,0.0,0.26245257518359677
5495,0.0,0.26192819458861805
5496,0.0,0.26140486170676697
5497,0.0,0.26088257444471125
5498,0.0,0.26036133071330114
5499,0.0,0.259841128427561
5500,0.0,0.2593219655066811
5501,0.0,0.2588038398740089
5502,0.0,0.25828674945704133
5503,0.0,0.25777069218741594
5504,0.0,0.25725566600090305
5505,0.0,0.25674166883739713
5506,0.0,0.25622869864090886
5507,0.0,0.25571675335955685
5508,0.0,0.2552058309455592
5509,0.0,0.2546959293552256
5510,0.0,0.254187046548949
5511,0.0,0.25367918049119753
5512,0.0,0.2531723291505063
5513,0.0,0.2526664904994692
5514,0.0,0.25216166251473093
5515,0.0,0.25165784317697903
5516,0.0,0.25115503047093535
5517,0.0,0.25065322238534843
5518,0.0,0.25015241691298523
5519,0.0,0.24965261205062322
5520,0.0,0.2491538057990423
5521,0.0,0.2486559961630168
5522,0.0,0.24815918115130747
5523,0.0,0.24766335877665363
5524,0.0,0.2471685270557651
5525,0.0,0.2466746840093144
5526,0.0,0.24618182766192856
5527,0.0,0.24568995604218166
5528,0.0,0.2451990671825865
5529,0.0,0.24470915911958702
5530,0.0,0.2442202298935503
5531,0.0,0.24373227754875876
5532,0.0,0.24324530013340243
5533,0.0,0.24275929569957092
5534,0.0,0.24227426230324592
5535,0.0,0.24179019800429316
5536,0.0,0.24130710086645477
5537,0.0,0.24082496895734162
5538,0.0,0.2403438003484254
5539,0.0,0.239863593115031
5540,0.0,0.23938434533632888
5541,0.0,0.2389060550953273
5542,0.0,0.23842872047886463
5543,0.0,0.23795233957760178
5544,0.0,0.23747691048601452
5545,0.0,0.23700243130238585
5546,0.0,0.23652890012879838
5547,0.0,0.2360563150711268
5548,0.0,0.23558467423903023
5549,0.0,0.23511397574594475
5550,0.0,0.23464421770907573
5551,0.0,0.2341753982493904
5552,0.0,0.2337075154916103
5553,0.0,0.2332405675642038
5554,0.0,0.23277455259937854
5555,0.0,0.23230946873307404
5556,0.0,0.23184531410495418
5557,0.0,0.23138208685839992
5558,0.0,0.23091978514050157
5559,0.0,0.2304584071020517
5560,0.0,0.2299979508975375
5561,0.0,0.22953841468513356
5562,0.0,0.22907979662669442
5563,0.0,0.22862209488774723
5564,0.0,0.2281653076374844
5565,0.0,0.22770943304875635
5566,0.0,0.22725446929806412
5567,0.0,0.22680041456555208
5568,0.0,0.22634726703500072
5569,0.0,0.22589502489381927
5570,0.0,0.22544368633303857
5571,0.0,0.22499324954730382
5572,0.0,0.22454371273486723
5573,0.0,0.22409507409758098
5574,0.0,0.22364733184088992
5575,0.0,0.22320048417382443
5576,0.0,0.22275452930899323
5577,0.0,0.22230946546257627
5578,0.0,0.22186529085431758
5579,0.0,0.2214220037075181
5580,0.0,0.22097960224902868
5581,0.0,0.22053808470924294
5582,0.0,0.22009744932209005
5583,0.0,0.21965769432502794
5584,0.0,0.21921881795903597
5585,0.0,0.21878081846860814
5586,0.0,0.2183436941017459
5587,0.0,0.2179074431099512
5588,0.0,0.21747206374821945
5589,0.0,0.21703755427503268
5590,0.0,0.21660391295235243
5591,0.0,0.21617113804561275
5592,0.0,0.2157392278237135
5593,0.0,0.21530818055901318
5594,0.0,0.21487799452732217
5595,0.0,0.2144486680078958
5596,0.0,0.21402019928342736
5597,0.0,0.21359258664004144
5598,0.0,0.21316582836728687
5599,0.0,0.21273992275812997
5600,0.0,0.21231486810894779
5601,0.0,0.2118906627195211
5602,0.0,0.2114673048930278
5603,0.0,0.21104479293603604
5604,0.0,0.21062312515849743
5605,0.0,0.2102022998737403
5606,0.0,0.20978231539846293
5607,0.0,0.20936317005272684
5608,0.0,0.20894486215995012
5609,0.0,0.20852739004690066
5610,0.0,0.2081107520436894
5611,0.0,0.2076949464837638
5612,0.0,0.20727997170390106
5613,0.0,0.2068658260442015
5614,0.0,0.20645250784808195
5615,0.0,0.20604001546226902
5616,0.0,0.2056283472367927
5617,0.0,0.2052175015249795
5618,0.0,0.204807476683446
5619,0.0,0.20439827107209235
5620,0.0,0.20398988305409546
5621,0.0,0.2035823109959028
5622,0.0,0.20317555326722558
5623,0.0,0.20276960824103232
5624,0.0,0.2023644742935424
5625,0.0,0.20196014980421945
5626,0.0,0.20155663315576502
5627,0.0,0.20115392273411195
5628,0.0,0.20075201692841801
5629,0.0,0.20035091413105946
5630,0.0,0.19995061273762457
5631,0.0,0.1995511111469072
5632,0.0,0.19915240776090054
5633,0.0,0.19875450098479042
5634,0.0,0.19835738922694926
5635,0.0,0.19796107089892948
5636,0.0,0.1975655444154572
5637,0.0,0.1971708081944261
5638,0.0,0.1967768606568906
5639,0.0,0.19638370022706012
5640,0.0,0.19599132533229238
5641,0.0,0.1955997344030873
5642,0.0,0.19520892587308064
5643,0.0,0.19481889817903775
5644,0.0,0.19442964976084734
5645,0.0,0.1940411790615152
5646,0.0,0.19365348452715803
5647,0.0,0.19326656460699718
5648,0.0,0.19288041775335246
5649,0.0,0.1924950424216359
5650,0.0,0.1921104370703457
5651,0.0,0.1917266001610599
5652,0.0,0.19134353015843042
5653,0.0,0.1909612255301767
5654,0.0,0.19057968474707968
5655,0.0,0.19019890628297578
5656,0.0,0.1898188886147506
5657,0.0,0.18943963022233296
5658,0.0,0.18906112958868881
5659,0.0,0.1886833851998151
5660,0.0,0.18830639554473375
5661,0.0,0.1879301591154857
5662,0.0,0.18755467440712464
5663,0.0,0.18717993991771129
5664,0.0,0.1868059541483072
5665,0.0,0.18643271560296876
5666,0.0,0.18606022278874132
5667,0.0,0.1856884742156531
5668,0.0,0.18531746839670935
5669,0.0,0.18494720384788627
5670,0.0,0.18457767908812517
5671,0.0,0.18420889263932652
5672,0.0,0.18384084302634404
5673,0.0,0.18347352877697878
5674,0.0,0.18310694842197328
5675,0.0,0.18274110049500558
5676,0.0,0.18237598353268356
5677,0.0,0.1820115960745388
5678,0.0,0.18164793666302104
5679,0.0,0.18128500384349214
5680,0.0,0.1809227961642203
5681,0.0,0.18056131217637433
5682,0.0,0.18020055043401784
5683,0.0,0.17984050949410335
5684,0.0,0.17948118791646664
5685,0.0,0.17912258426382088
5686,0.0,0.17876469710175105
5687,0.0,0.17840752499870793
5688,0.0,0.17805106652600272
5689,0.0,0.177695320257801
5690,0.0,0.17734028477111724
5691,0.0,0.176985958645809
5692,0.0,0.17663234046457135
5693,0.0,0.17627942881293107
5694,0.0,0.17592722227924107
5695,0.0,0.17557571945467476
5696,0.0,0.17522491893322034
5697,0.0,0.1748748193116753
5698,0.0,0.17452541918964068
5699,0.0,0.17417671716951552
5700,0.0,0.1738287118564913
5701,0.0,0.17348140185854624
5702,0.0,0.17313478578643993
5703,0.0,0.17278886225370763
5704,0.0,0.1724436298766547
5705,0.0,0.17209908727435125
5706,0.0,0.17175523306862633
5707,0.0,0.1714120658840627
5708,0.0,0.17106958434799113
5709,0.0,0.17072778709048506
5710,0.0,0.170386672744355
5711,0.0,0.1700462399451431
5712,0.0,0.1697064873311177
5713,0.0,0.1693674135432679
5714,0.0,0.16902901722529812
5715,0.0,0.16869129702362257
5716,0.0,0.16835425158736006
5717,0.0,0.1680178795683284
5718,0.0,0.167682179621039
5719,0.0,0.16734715040269169
5720,0.0,0.1670127905731691
5721,0.0,0.16667909879503148
5722,0.0,0.1663460737335113
5723,0.0,0.16601371405650783
5724,0.0,0.16568201843458197
5725,0.0,0.16535098554095073
5726,0.0,0.1650206140514821
5727,0.0,0.16469090264468972
5728,0.0,0.1643618500017275
5729,0.0,0.16403345480638448
5730,0.0,0.16370571574507936
5731,0.0,0.1633786315068555
5732,0.0,0.16305220078337554
5733,0.0,0.16272642226891607
5734,0.0,0.16240129466036263
5735,0.0,0.1620768166572044
5736,0.0,0.16175298696152884
5737,0.0,0.16142980427801687
5738,0.0,0.1611072673139372
5739,0.0,0.16078537477914162
5740,0.0,0.16046412538605953
5741,0.0,0.16014351784969297
5742,0.0,0.1598235508876113
5743,0.0,0.1595042232199463
5744,0.0,0.15918553356938683
5745,0.0,0.1588674806611739
5746,0.0,0.15855006322309545
5747,0.0,0.15823327998548126
5748,0.0,0.157917129681198
5749,0.0,0.15760161104564402
5750,0.0,0.15728672281674438
5751,0.0,0.15697246373494572
5752,0.0,0.1566588325432113
5753,0.0,0.15634582798701593
5754,0.0,0.15603344881434097
5755,0.0,0.15572169377566933
5756,0.0,0.15541056162398037
5757,0.0,0.15510005111474515
5758,0.0,0.1547901610059212
5759,0.0,0.15448089005794763
5760,0.0,0.15417223703374028
5761,0.0,0.15386420069868662
5762,0.0,0.1535567798206409
5763,0.0,0.15324997316991923
5764,0.0,0.15294377951929455
5765,0.0,0.1526381976439919
5766,0.0,0.1523332263216833
5767,0.0,0.15202886433248314
5768,0.0,0.151725110458943
5769,0.0,0.15142196348604697
5770,0.0,0.1511194222012068
5771,0.0,0.15081748539425696
5772,0.0,0.15051615185744974
5773,0.0,0.15021542038545066
5774,0.0,0.14991528977533342
5775,0.0,0.14961575882657513
5776,0.0,0.14931682634105167
5777,0.0,0.14901849112303264
5778,0.0,0.1487207519791768
5779,0.0,0.1484236077185272
5780,0.0,0.14812705715250632
5781,0.0,0.1478310990949116
5782,0.0,0.14753573236191037
5783,0.0,0.14724095577203528
5784,0.0,0.1469467681461796
5785,0.0,0.14665316830759242
5786,0.0,0.14636015508187403
5787,0.0,0.14606772729697112
5788,0.0,0.14577588378317213
5789,0.0,0.14548462337310267
5790,0.0,0.14519394490172066
5791,0.0,0.14490384720631186
5792,0.0,0.14461432912648509
5793,0.0,0.14432538950416762
5794,0.0,0.14403702718360065
5795,0.0,0.1437492410113344
5796,0.0,0.14346202983622391
5797,0.0,0.14317539250942404
5798,0.0,0.1428893278843851
5799,0.0,0.14260383481684824
5800,0.0,0.14231891216484074
5801,0.0,0.1420345587886717
5802,0.0,0.1417507735509272
5803,0.0,0.14146755531646585
5804,0.0,0.14118490295241443
5805,0.0,0.14090281532816307
5806,0.0,0.14062129131536086
5807,0.0,0.14034032978791142
5808,0.0,0.14005992962196825
5809,0.0,0.13978008969593034
5810,0.0,0.13950080889043756
5811,0.0,0.13922208608836634
5812,0.0,0.13894392017482513
5813,0.0,0.13866631003714985
5814,0.0,0.13838925456489964
5815,0.0,0.13811275264985218
5816,0.0,0.1378368031859995
5817,0.0,0.1375614050695433
5818,0.0,0.13728655719889085
5819,0.0,0.1370122584746502
5820,0.0,0.13673850779962615
5821,0.0,0.1364653040788156
5822,0.0,0.13619264621940333
5823,0.0,0.13592053313075753
5824,0.0,0.13564896372442548
5825,0.0,0.13537793691412917
5826,0.0,0.13510745161576104
5827,0.0,0.13483750674737952
5828,0.0,0.13456810122920476
5829,0.0,0.13429923398361435
5830,0.0,0.13403090393513895
5831,0.0,0.133763110010458
5832,0.0,0.1334958511383954
5833,0.0,0.1332291262499154
5834,0.0,0.132962934278118
5835,0.0,0.13269727415823504
5836,0.0,0.1324321448276256
5837,0.0,0.1321675452257721
5838,0.0,0.13190347429427568
5839,0.0,0.1316399309768523
5840,0.0,0.13137691421932837
5841,0.0,0.1311144229696365
5842,0.0,0.13085245617781133
5843,0.0,0.1305910127959853
5844,0.0,0.1303300917783846
5845,0.0,0.1300696920813248
5846,0.0,0.12980981266320674
5847,0.0,0.1295504524845124
5848,0.0,0.12929161050780075
5849,0.0,0.12903328569770353
5850,0.0,0.12877547702092113
5851,0.0,0.12851818344621851
5852,0.0,0.12826140394442104
5853,0.0,0.12800513748841036
5854,0.0,0.1277493830531203
5855,0.0,0.12749413961553277
5856,0.0,0.12723940615467372
5857,0.0,0.12698518165160894
5858,0.0,0.12673146508944008
5859,0.0,0.12647825545330055
5860,0.0,0.12622555173035147
5861,0.0,0.12597335290977763
5862,0.0,0.12572165798278337
5863,0.0,0.12547046594258865
5864,0.0,0.12521977578442503
5865,0.0,0.1249695865055315
5866,0.0,0.1247198971051506
5867,0.0,0.12447070658452444
5868,0.0,0.12422201394689056
5869,0.0,0.1239738181974781
5870,0.0,0.12372611834350374
5871,0.0,0.1234789133941677
5872,0.0,0.1232322023606499
5873,0.0,0.12298598425610584
5874,0.0,0.12274025809566279
5875,0.0,0.12249502289641578
5876,0.0,0.12225027767742369
5877,0.0,0.1220060214597053
5878,0.0,0.12176225326623542
5879,0.0,0.12151897212194095
5880,0.0,0.121276177053697
5881,0.0,0.12103386709032296
5882,0.0,0.12079204126257866
5883,0.0,0.12055069860316046
5884,0.0,0.12030983814669743
5885,0.0,0.12006945892974738
5886,0.0,0.11982955999079316
5887,0.0,0.11959014037023867
5888,0.0,0.1193511991104051
5889,0.0,0.11911273525552712
5890,0.0,0.11887474785174897
5891,0.0,0.11863723594712074
5892,0.0,0.11840019859159447
5893,0.0,0.11816363483702043
5894,0.0,0.11792754373714329
5895,0.0,0.11769192434759834
5896,0.0,0.11745677572590771
5897,0.0,0.11722209693147657
5898,0.0,0.11698788702558947
5899,0.0,0.11675414507140647
5900,0.0,0.11652087013395943
5901,0.0,0.11628806128014826
5902,0.0,0.11605571757873727
5903,0.0,0.11582383810035134
5904,0.0,0.11559242191747224
5905,0.0,0.11536146810443494
5906,0.0,0.11513097573742387
5907,0.0,0.11490094389446925
5908,0.0,0.1146713716554434
5909,0.0,0.11444225810205708
5910,0.0,0.11421360231785577
5911,0.0,0.11398540338821599
5912,0.0,0.11375766040034176
5913,0.0,0.11353037244326081
5914,0.0,0.11330353860782101
5915,0.0,0.1130771579866867
5916,0.0,0.11285122967433511
5917,0.0,0.1126257527670527
5918,0.0,0.11240072636293151
5919,0.0,0.11217614956186564
5920,0.0,0.11195202146554759
5921,0.0,0.11172834117746466
5922,0.0,0.11150510780289541
5923,0.0,0.11128232044890607
5924,0.0,0.11105997822434689
5925,0.0,0.11083808023984867
5926,0.0,0.11061662560781922
5927,0.0,0.11039561344243967
5928,0.0,0.11017504285966111
5929,0.0,0.10995491297720088
5930,0.0,0.10973522291453916
5931,0.0,0.1095159717929154
5932,0.0,0.10929715873532483
5933,0.0,0.10907878286651494
5934,0.0,0.10886084331298196
5935,0.0,0.10864333920296738
5936,0.0,0.10842626966645447
5937,0.0,0.10820963383516478
5938,0.0,0.10799343084255471
5939,0.0,0.10777765982381202
5940,0.0,0.10756231991585231
5941,0.0,0.1073474102573157
5942,0.0,0.10713292998856325
5943,0.0,0.10691887825167358
5944,0.0,0.10670525419043948
5945,0.0,0.10649205695036443
5946,0.0,0.10627928567865916
5947,0.0,0.1060669395242383
5948,0.0,0.10585501763771697
5949,0.0,0.10564351917140734
5950,0.0,0.10543244327931524
5951,0.0,0.10522178911713684
5952,0.0,0.1050115558422552
5953,0.0,0.10480174261373695
5954,0.0,0.10459234859232888
5955,0.0,0.10438337294045465
5956,0.0,0.10417481482221135
5957,0.0,0.10396667340336625
5958,0.0,0.10375894785135338
5959,0.0,0.10355163733527026
5960,0.0,0.10334474102587456
5961,0.0,0.10313825809558073
5962,0.0,0.10293218771845682
5963,0.0,0.10272652907022103
5964,0.0,0.10252128132823848
5965,0.0,0.10231644367151795
5966,0.0,0.10211201528070851
5967,0.0,0.10190799533809636
5968,0.0,0.10170438302760142
5969,0.0,0.10150117753477421
5970,0.0,0.10129837804679247
5971,0.0,0.10109598375245799
5972,0.0,0.1008939938421933
5973,0.0,0.10069240750803851
5974,0.0,0.10049122394364801
5975,0.0,0.10029044234428727
5976,0.0,0.10009006190682963
5977,0.0,0.09989008182975306
5978,0.0,0.099690501313137
5979,0.0,0.09949131955865911
5980,0.0,0.09929253576959213
5981,0.0,0.09909414915080061
5982,0.0,0.09889615890873782
5983,0.0,0.09869856425144252
5984,0.0,0.09850136438853584
5985,0.0,0.09830455853121804
5986,0.0,0.09810814589226544
5987,0.0,0.09791212568602721
5988,0.0,0.09771649712842227
5989,0.0,0.09752125943693614
5990,0.0,0.09732641183061778
5991,0.0,0.09713195353007653
5992,0.0,0.09693788375747889
5993,0.0,0.09674420173654553
5994,0.0,0.09655090669254812
5995,0.0,0.09635799785230621
5996,0.0,0.09616547444418419
5997,0.0,0.09597333569808818
5998,0.0,0.0957815808454629
5999,0.0,0.09559020911928871
6000,0.0,0.09539921975407847
6001,0.0,0.09520861198587445
6002,0.0,0.0950183850522453
6003,0.0,0.09482853819228305
6004,0.0,0.09463907064660002
6005,0.0,0.09444998165732574
6006,0.0,0.09426127046810404
6007,0.0,0.09407293632408988
6008,0.0,0.09388497847194646
6009,0.0,0.09369739615984211
6010,0.0,0.09351018863744733
6011,0.0,0.09332335515593178
6012,0.0,0.09313689496796128
6013,0.0,0.09295080732769484
6014,0.0,0.09276509149078165
6015,0.0,0.09257974671435809
6016,0.0,0.09239477225704483
6017,0.0,0.0922101673789438
6018,0.0,0.09202593134163524
6019,0.0,0.09184206340817473
6020,0.0,0.09165856284309032
6021,0.0,0.09147542891237949
6022,0.0,0.09129266088350627
6023,0.0,0.09111025802539831
6024,0.0,0.09092821960844394
6025,0.0,0.09074654490448923
6026,0.0,0.09056523318683515
6027,0.0,0.09038428373023456
6028,0.0,0.09020369581088941
6029,0.0,0.09002346870644777
6030,0.0,0.08984360169600099
6031,0.0,0.08966409406008079
6032,0.0,0.08948494508065637
6033,0.0,0.0893061540411316
6034,0.0,0.08912772022634206
6035,0.0,0.08894964292255227
6036,0.0,0.08877192141745276
6037,0.0,0.08859455500015728
6038,0.0,0.08841754296119993
6039,0.0,0.0882408845925323
6040,0.0,0.08806457918752073
6041,0.0,0.08788862604094332
6042,0.0,0.08771302444898725
6043,0.0,0.08753777370924594
6044,0.0,0.08736287312071617
6045,0.0,0.08718832198379538
6046,0.0,0.08701411960027876
6047,0.0,0.08684026527335656
6048,0.0,0.08666675830761125
6049,0.0,0.08649359800901472
6050,0.0,0.08632078368492554
6051,0.0,0.08614831464408622
6052,0.0,0.08597619019662033
6053,0.0,0.08580440965402986
6054,0.0,0.08563297232919241
6055,0.0,0.08546187753635846
6056,0.0,0.0852911245911486
6057,0.0,0.08512071281055082
6058,0.0,0.08495064151291778
6059,0.0,0.08478091001796406
6060,0.0,0.08461151764676346
6061,0.0,0.08444246372174627
6062,0.0,0.08427374756669653
6063,0.0,0.08410536850674943
6064,0.0,0.08393732586838851
6065,0.0,0.08376961897944298
6066,0.0,0.08360224716908504
6067,0.0,0.08343520976782726
6068,0.0,0.0832685061075198
6069,0.0,0.08310213552134779
6070,0.0,0.08293609734382867
6071,0.0,0.08277039091080951
6072,0.0,0.08260501555946435
6073,0.0,0.08243997062829157
6074,0.0,0.08227525545711123
6075,0.0,0.0821108693870624
6076,0.0,0.0819468117606006
6077,0.0,0.08178308192149511
6078,0.0,0.08161967921482635
6079,0.0,0.08145660298698329
6080,0.0,0.08129385258566077
6081,0.0,0.081131427359857
6082,0.0,0.08096932665987082
6083,0.0,0.08080754983729926
6084,0.0,0.08064609624503478
6085,0.0,0.08048496523726281
6086,0.0,0.08032415616945912
6087,0.0,0.08016366839838719
6088,0.0,0.08000350128209574
6089,0.0,0.0798436541799161
6090,0.0,0.07968412645245963
6091,0.0,0.07952491746161522
6092,0.0,0.07936602657054669
6093,0.0,0.07920745314369025
6094,0.0,0.079049196546752
6095,0.0,0.07889125614670535
6096,0.0,0.07873363131178847
6097,0.0,0.07857632141150181
6098,0.0,0.07841932581660557
6099,0.0,0.07826264389911715
6100,0.0,0.07810627503230867
6101,0.0,0.07795021859070447
6102,0.0,0.07779447395007857
6103,0.0,0.07763904048745218
6104,0.0,0.07748391758109127
6105,0.0,0.07732910461050399
6106,0.0,0.07717460095643827
6107,0.0,0.07702040600087927
6108,0.0,0.07686651912704696
6109,0.0,0.07671293971939366
6110,0.0,0.07655966716360152
6111,0.0,0.0764067008465801
6112,0.0,0.07625404015646396
6113,0.0,0.07610168448261011
6114,0.0,0.07594963321559565
6115,0.0,0.07579788574721534
6116,0.0,0.07564644147047907
6117,0.0,0.07549529977960953
6118,0.0,0.07534446007003978
6119,0.0,0.07519392173841077
6120,0.0,0.07504368418256899
6121,0.0,0.07489374680156398
6122,0.0,0.07474410899564604
6123,0.0,0.07459477016626373
6124,0.0,0.07444572971606156
6125,0.0,0.07429698704887751
6126,0.0,0.07414854156974071
6127,0.0,0.07400039268486906
6128,0.0,0.07385253980166681
6129,0.0,0.07370498232872225
6130,0.0,0.07355771967580527
6131,0.0,0.07341075125386506
6132,0.0,0.07326407647502776
6133,0.0,0.07311769475259405
6134,0.0,0.07297160550103685
6135,0.0,0.07282580813599893
6136,0.0,0.07268030207429065
6137,0.0,0.07253508673388757
6138,0.0,0.07239016153392816
6139,0.0,0.07224552589471141
6140,0.0,0.07210117923769455
6141,0.0,0.07195712098549079
6142,0.0,0.0718133505618669
6143,0.0,0.07166986739174101
6144,0.0,0.07152667090118026
6145,0.0,0.07138376051739846
6146,0.0,0.07124113566875392
6147,0.0,0.07109879578474705
6148,0.0,0.0709567402960181
6149,0.0,0.07081496863434497
6150,0.0,0.07067348023264078
6151,0.0,0.07053227452495175
6152,0.0,0.07039135094645486
6153,0.0,0.07025070893345563
6154,0.0,0.07011034792338579
6155,0.0,0.06997026735480111
6156,0.0,0.06983046666737916
6157,0.0,0.06969094530191698
6158,0.0,0.06955170270032894
6159,0.0,0.06941273830564443
6160,0.0,0.06927405156200568
6161,0.0,0.06913564191466556
6162,0.0,0.06899750880998527
6163,0.0,0.06885965169543223
6164,0.0,0.06872207001957777
6165,0.0,0.06858476323209503
6166,0.0,0.06844773078375666
6167,0.0,0.06831097212643268
6168,0.0,0.06817448671308829
6169,0.0,0.06803827399778166
6170,0.0,0.06790233343566174
6171,0.0,0.06776666448296609
6172,0.0,0.06763126659701874
6173,0.0,0.06749613923622794
6174,0.0,0.06736128186008408
6175,0.0,0.06722669392915748
6176,0.0,0.06709237490509623
6177,0.0,0.06695832425062405
6178,0.0,0.06682454142953817
6179,0.0,0.0666910259067071
6180,0.0,0.06655777714806857
6181,0.0,0.06642479462062738
6182,0.0,0.06629207779245323
6183,0.0,0.06615962613267866
6184,0.0,0.06602743911149682
6185,0.0,0.06589551620015947
6186,0.0,0.06576385687097477
6187,0.0,0.06563246059730525
6188,0.0,0.06550132685356563
6189,0.0,0.06537045511522076
6190,0.0,0.0652398448587835
6191,0.0,0.06510949556181266
6192,0.0,0.06497940670291089
6193,0.0,0.06484957776172257
6194,0.0,0.06472000821893176
6195,0.0,0.06459069755626011
6196,0.0,0.06446164525646482
6197,0.0,0.0643328508033365
6198,0.0,0.06420431368169717
6199,0.0,0.06407603337739817
6200,0.0,0.06394800937731812
6201,0.0,0.06382024116936084
6202,0.0,0.06369272824245334
6203,0.0,0.06356547008654373
6204,0.0,0.06343846619259921
6205,0.0,0.06331171605260405
6206,0.0,0.06318521915955752
6207,0.0,0.06305897500747187
6208,0.0,0.06293298309137033
6209,0.0,0.06280724290728507
6210,0.0,0.06268175395225517
6211,0.0,0.06255651572432468
6212,0.0,0.06243152772254048
6213,0.0,0.062306789446950415
6214,0.0,0.06218230039860121
6215,0.0,0.06205806007953651
6216,0.0,0.06193406799279487
6217,0.0,0.06181032364240778
6218,0.0,0.06168682653339767
6219,0.0,0.061563576171775956
6220,0.0,0.061440572064541
6221,0.0,0.061317813719676234
6222,0.0,0.061195300646148094
6223,0.0,0.06107303235390414
6224,0.0,0.06095100835387103
6225,0.0,0.0608292281579526
6226,0.0,0.06070769127902791
6227,0.0,0.06058639723094929
6228,0.0,0.06046534552854036
6229,0.0,0.060344535687594174
6230,0.0,0.060223967224871194
6231,0.0,0.06010363965809741
6232,0.0,0.0599835525059624
6233,0.0,0.059863705288117394
6234,0.0,0.05974409752517335
6235,0.0,0.059624728738699076
6236,0.0,0.05950559845121925
6237,0.0,0.059386706186212564
6238,0.0,0.05926805146810981
6239,0.0,0.05914963382229196
6240,0.0,0.059031452775088256
6241,0.0,0.05891350785377437
6242,0.0,0.05879579858657044
6243,0.0,0.058678324502639254
6244,0.0,0.058561085132084315
6245,0.0,0.05844408000594799
6246,0.0,0.058327308656209616
6247,0.0,0.05821077061578363
6248,0.0,0.058094465418517725
6249,0.0,0.05797839259919096
6250,0.0,0.057862551693511885
6251,0.0,0.057746942238116744
6252,0.0,0.057631563770567544
6253,0.0,0.05751641582935027
6254,0.0,0.05740149795387301
6255,0.0,0.0572868096844641
6256,0.0,0.0571723505623703
6257,0.0,0.05705812012975498
6258,0.0,0.05694411792969626
6259,0.0,0.05683034350618518
6260,0.0,0.05671679640412391
6261,0.0,0.056603476169323874
6262,0.0,0.05649038234850399
6263,0.0,0.056377514489288814
6264,0.0,0.05626487214020677
6265,0.0,0.05615245485068831
6266,0.0,0.056040262171064115
6267,0.0,0.05592829365256333
6268,0.0,0.05581654884731172
6269,0.0,0.05570502730832993
6270,0.0,0.055593728589531634
6271,0.0,0.055482652245721825
6272,0.0,0.055371797832594986
6273,0.0,0.055261164906733294
6274,0.0,0.05515075302560492
6275,0.0,0.055040561747562174
6276,0.0,0.05493059063183981
6277,0.0,0.054820839238553215
6278,0.0,0.05471130712869667
6279,0.0,0.05460199386414158
6280,0.0,0.05449289900763475
6281,0.0,0.05438402212279662
6282,0.0,0.054275362774119484
6283,0.0,0.05416692052696581
6284,0.0,0.05405869494756647
6285,0.0,0.053950685603018994
6286,0.0,0.05384289206128587
6287,0.0,0.05373531389119277
6288,0.0,0.05362795066242689
6289,0.0,0.053520801945535164
6290,0.0,0.05341386731192258
6291,0.0,0.05330714633385047
6292,0.0,0.053200638584434766
6293,0.0,0.053094343637644335
6294,0.0,0.05298826106829924
6295,0.0,0.05288239045206908
6296,0.0,0.05277673136547123
6297,0.0,0.05267128338586922
6298,0.0,0.05256604609147097
6299,0.0,0.05246101906132718
6300,0.0,0.052356201875329585
6301,0.0,0.0522515941142093
6302,0.0,0.05214719535953514
6303,0.0,0.052043005193711946
6304,0.0,0.051939023199978916
6305,0.0,0.05183524896240794
6306,0.0,0.05173168206590193
6307,0.0,0.051628322096193155
6308,0.0,0.0515251686398416
6309,0.0,0.05142222128423331
6310,0.0,0.05131947961757871
6311,0.0,0.05121694322891102
6312,0.0,0.05111461170808453
6313,0.0,0.05101248464577303
6314,0.0,0.050910561633468125
6315,0.0,0.05080884226347763
6316,0.0,0.050707326128923945
6317,0.0,0.05060601282374238
6318,0.0,0.050504901942679585
6319,0.0,0.050403993081291905
6320,0.0,0.05030328583594375
6321,0.0,0.050202779803806004
6322,0.0,0.05010247458285441
6323,0.0,0.050002369771867956
6324,0.0,0.04990246497042725
6325,0.0,0.04980275977891297
6326,0.0,0.04970325379850421
6327,0.0,0.04960394663117691
6328,0.0,0.04950483787970228
6329,0.0,0.049405927147645176
6330,0.0,0.049307214039362536
6331,0.0,0.0492086981600018
6332,0.0,0.04911037911549931
6333,0.0,0.04901225651257876
6334,0.0,0.048914329958749614
6335,0.0,0.048816599062305524
6336,0.0,0.04871906343232277
6337,0.0,0.048621722678658705
6338,0.0,0.04852457641195018
6339,0.0,0.04842762424361201
6340,0.0,0.04833086578583538
6341,0.0,0.048234300651586334
6342,0.0,0.04813792845460421
6343,0.0,0.048041748809400084
6344,0.0,0.04794576133125525
6345,0.0,0.04784996563621967
6346,0.0,0.04775436134111044
6347,0.0,0.047658948063510245
6348,0.0,0.047563725421765846
6349,0.0,0.047468693034986555
6350,0.0,0.047373850523042695
6351,0.0,0.04727919750656409
6352,0.0,0.04718473360693855
6353,0.0,0.04709045844631035
6354,0.0,0.04699637164757872
6355,0.0,0.04690247283439635
6356,0.0,0.04680876163116785
6357,0.0,0.04671523766304829
6358,0.0,0.04662190055594166
6359,0.0,0.04652874993649943
6360,0.0,0.04643578543211898
6361,0.0,0.04634300667094216
6362,0.0,0.04625041328185383
6363,0.0,0.04615800489448029
6364,0.0,0.04606578113918788
6365,0.0,0.04597374164708143
6366,0.0,0.045881886050002874
6367,0.0,0.045790213980529695
6368,0.0,0.0456987250719735
6369,0.0,0.04560741895837852
6370,0.0,0.04551629527452018
6371,0.0,0.045425353655903625
6372,0.0,0.045334593738762266
6373,0.0,0.0452440151600563
6374,0.0,0.04515361755747131
6375,0.0,0.04506340056941675
6376,0.0,0.04497336383502455
6377,0.0,0.04488350699414766
6378,0.0,0.04479382968735858
6379,0.0,0.04470433155594798
6380,0.0,0.04461501224192321
6381,0.0,0.04452587138800689
6382,0.0,0.044436908637635504
6383,0.0,0.04434812363495791
6384,0.0,0.04425951602483399
6385,0.0,0.04417108545283318
6386,0.0,0.04408283156523307
6387,0.0,0.043994754009018
6388,0.0,0.043906852431877634
6389,0.0,0.04381912648220553
6390,0.0,0.043731575809097784
6391,0.0,0.043644200062351576
6392,0.0,0.043556998892463825
6393,0.0,0.04346997195062971
6394,0.0,0.04338311888874136
6395,0.0,0.0432964393593864
6396,0.0,0.04320993301584661
6397,0.0,0.043123599512096496
6398,0.0,0.043037438502801936
6399,0.0,0.04295144964331877
6400,0.0,0.04286563258969145
6401,0.0,0.042779986998651626
6402,0.0,0.04269451252761685
6403,0.0,0.04260920883468911
6404,0.0,0.04252407557865352
6405,0.0,0.042439112418976944
6406,0.0,0.04235431901580663
6407,0.0,0.04226969502996885
6408,0.0,0.04218524012296755
6409,0.0,0.04210095395698298
6410,0.0,0.04201683619487038
6411,0.0,0.041932886500158584
6412,0.0,0.041849104537048695
6413,0.0,0.04176548997041275
6414,0.0,0.04168204246579238
6415,0.0,0.04159876168939745
6416,0.0,0.04151564730810473
6417,0.0,0.04143269898945661
6418,0.0,0.041349916401659685
6419,0.0,0.041267299213583505
6420,0.0,0.0411848470947592
6421,0.0,0.04110255971537819
6422,0.0,0.041020436746290835
6423,0.0,0.040938477859005167
6424,0.0,0.04085668272568552
6425,0.0,0.04077505101915125
6426,0.0,0.04069358241287542
6427,0.0,0.04061227658098351
6428,0.0,0.040531133198252065
6429,0.0,0.040450151940107454
6430,0.0,0.04036933248262454
6431,0.0,0.040288674502525386
6432,0.0,0.04020817767717796
6433,0.0,0.04012784168459485
6434,0.0,0.04004766620343198
6435,0.0,0.039967650912987325
6436,0.0,0.03988779549319961
6437,0.0,0.03980809962464705
6438,0.0,0.039728562988546066
6439,0.0,0.039649185266750014
6440,0.0,0.03956996614174789
6441,0.0,0.0394909052966631
6442,0.0,0.03941200241525213
6443,0.0,0.03933325718190339
6444,0.0,0.03925466928163582
6445,0.0,0.03917623840009771
6446,0.0,0.039097964223565436
6447,0.0,0.039019846438942185
6448,0.0,0.038941884733756725
6449,0.0,0.03886407879616212
6450,0.0,0.038786428314934514
6451,0.0,0.03870893297947189
6452,0.0,0.03863159247979279
6453,0.0,0.03855440650653511
6454,0.0,0.038477374750954876
6455,0.0,0.03840049690492494
6456,0.0,0.03832377266093383
6457,0.0,0.038247201712084455
6458,0.0,0.038170783752092936
6459,0.0,0.03809451847528731
6460,0.0,0.038018405576606386
6461,0.0,0.037942444751598456
6462,0.0,0.03786663569642012
6463,0.0,0.037790978107835056
6464,0.0,0.03771547168321282
6465,0.0,0.037640116120527596
6466,0.0,0.037564911118357046
6467,0.0,0.03748985637588105
6468,0.0,0.037414951592880545
6469,0.0,0.037340196469736305
6470,0.0,0.03726559070742773
6471,0.0,0.03719113400753167
6472,0.0,0.03711682607222123
6473,0.0,0.037042666604264564
6474,0.0,0.0369686553070237
6475,0.0,0.03689479188445337
6476,0.0,0.03682107604109976
6477,0.0,0.03674750748209941
6478,0.0,0.03667408591317799
6479,0.0,0.03660081104064912
6480,0.0,0.03652768257141321
6481,0.0,0.03645470021295629
6482,0.0,0.03638186367334883
6483,0.0,0.036309172661244574
6484,0.0,0.03623662688587938
6485,0.0,0.03616422605707003
6486,0.0,0.03609196988521314
6487,0.0,0.03601985808128391
6488,0.0,0.03594789035683504
6489,0.0,0.03587606642399552
6490,0.0,0.03580438599546952
6491,0.0,0.035732848784535254
6492,0.0,0.035661454505043766
6493,0.0,0.03559020287141785
6494,0.0,0.03551909359865087
6495,0.0,0.035448126402305644
6496,0.0,0.03537730099851329
6497,0.0,0.03530661710397211
6498,0.0,0.03525659496791007
6499,0.0,0.03522719288616227
6500,0.0,0.03521836923788878
6501,0.0,0.035230082485408154
6502,0.0,0.035262291174031284
6503,0.0,0.03531495393189561
6504,0.0,0.03538802946979959
6505,0.0,0.03548147658103756
6506,0.0,0.035595254141234926
6507,0.0,0.03572932110818364
6508,0.0,0.03588363652167802
6509,0.0,0.036058159503350964
6510,0.0,0.03625284925651038
6511,0.0,0.03646766506597603
6512,0.0,0.036702566297916656
6513,0.0,0.036957512399687455
6514,0.0,0.03723246289966785
6515,0.0,0.03752737740709963
6516,0.0,0.03784221561192536
6517,0.0,0.03817693728462718
6518,0.0,0.03853150227606581
6519,0.0,0.03890587051732005
6520,0.0,0.03930000201952645
6521,0.0,0.03971385687371933
6522,0.0,0.040147395250671236
6523,0.0,0.0406005774007335
6524,0.0,0.04107336365367736
6525,0.0,0.041565714418535155
6526,0.0,0.042077590183442114
6527,0.0,0.042608951515478166
6528,0.0,0.04315975906051029
6529,0.0,0.04372997354303505
6530,0.0,0.04431955576602157
6531,0.0,0.04492846661075464
6532,0.0,0.04555666703667833
6533,0.0,0.04620411808123976
6534,0.0,0.04687078085973331
6535,0.0,0.04755661656514505
6536,0.0,0.04826158646799751
6537,0.0,0.04898565191619478
6538,0.0,0.04972877433486786
6539,0.0,0.050490915226220415
6540,0.0,0.05127203616937474
6541,0.0,0.05207209882021812
6542,0.0,0.05289106491124941
6543,0.0,0.05372889625142598
6544,0.0,0.05458555472601099
6545,0.0,0.055461002296420835
6546,0.0,0.056355201000073095
6547,0.0,0.05726811295023461
6548,0.0,0.058199700335870005
6549,0.0,0.05914992542149037
6550,0.0,0.06011875054700237
6551,0.0,0.061106138127557566
6552,0.0,0.06211205065340211
6553,0.0,0.0631364506897267
6554,0.0,0.06417930087651681
6555,0.0,0.0652405639284033
6556,0.0,0.06632020263451324
6557,0.0,0.06741817985832105
6558,0.0,0.06853445853750001
6559,0.0,0.06966900168377395
6560,0.0,0.07082177238276934
6561,0.0,0.07199273379386761
6562,0.0,0.07318184915005785
6563,0.0,0.07438908175778958
6564,0.0,0.07561439499682615
6565,0.0,0.0768577523200982
6566,0.0,0.07811911725355745
6567,0.0,0.07939845339603079
6568,0.0,0.08069572441907473
6569,0.0,0.08201089406683006
6570,0.0,0.08334392615587682
6571,0.0,0.08469478457508958
6572,0.0,0.08606343328549297
6573,0.0,0.08744983632011753
6574,0.0,0.0888539577838559
6575,0.0,0.09027576185331912
6576,0.0,0.09171521277669349
6577,0.0,0.09317227487359743
6578,0.0,0.09464691253493883
6579,0.0,0.09613909022277256
6580,0.0,0.09764877247015841
6581,0.0,0.0991759238810191
6582,0.0,0.10072050912999883
6583,0.0,0.10228249296232186
6584,0.0,0.10386184019365152
6585,0.0,0.10545851570994955
6586,0.0,0.10707248446733553
6587,0.0,0.10870371149194681
6588,0.0,0.11035216187979852
6589,0.0,0.11201780079664403
6590,0.0,0.11370059347783557
6591,0.0,0.11540050522818517
6592,0.0,0.11711750142182589
6593,0.0,0.11885154750207337
6594,0.0,0.1206026089812875
6595,0.0,0.12237065144073453
6596,0.0,0.12415564053044936
6597,0.0,0.12595754196909825
6598,0.0,0.1277763215438415
6599,0.0,0.1296119451101968
6600,0.0,0.13146437859190252
6601,0.0,0.13333358798078146
6602,0.0,0.13521953933660477
6603,0.0,0.13712219878695628
6604,0.0,0.13904153252709692
6605,0.0,0.1409775068198295
6606,0.0,0.14293008799536386
6607,0.0,0.1448992424511821
6608,0.0,0.1468849366519042
6609,0.0,0.1488871371291538
6610,0.0,0.1509058104814245
6611,0.0,0.15294092337394616
6612,0.0,0.15499244253855146
6613,0.0,0.15706033477354303
6614,0.0,0.15914456694356044
6615,0.0,0.1612451059794478
6616,0.0,0.16336191887812146
6617,0.0,0.1654949727024379
6618,0.0,0.1676442345810622
6619,0.0,0.16980967170833625
6620,0.0,0.17199125134414772
6621,0.0,0.17418894081379915
6622,0.0,0.17640270750787718
6623,0.0,0.17863251888212198
6624,0.0,0.18087834245729728
6625,0.0,0.1831401458190603
6626,0.0,0.18541789661783223
6627,0.0,0.1877115625686688
6628,0.0,0.190021111451131
6629,0.0,0.19234651110915632
6630,0.0,0.19468772945093013
6631,0.0,0.19704473444875728
6632,0.0,0.19941749413893406
6633,0.0,0.20180597662162017
6634,0.0,0.2042101500607113
6635,0.0,0.20662998268371166
6636,0.0,0.20906544278160705
6637,0.0,0.21151649870873787
6638,0.0,0.21398311888267257
6639,0.0,0.21646527178408137
6640,0.0,0.21896292595661013
6641,0.0,0.22147605000675455
6642,0.0,0.2240046126037347
6643,0.0,0.22654858247936935
6644,0.0,0.2291079284279513
6645,0.0,0.2316826193061225
6646,0.0,0.2342726240327491
6647,0.0,0.23687791158879765
6648,0.0,0.23949845101721062
6649,0.0,0.24213421142278274
6650,0.0,0.24478516197203745
6651,0.0,0.24745127189310345
6652,0.0,0.2501325104755918
6653,0.0,0.2528288470704729
6654,0.0,0.25554025108995376
6655,0.0,0.25826669200735625
6656,0.0,0.2610081393569942
6657,0.0,0.2637645627340521
6658,0.0,0.2665359317944633
6659,0.0,0.2693222162547885
6660,0.0,0.27212338589209506
6661,0.0,0.27493941054383536
6662,0.0,0.27777026010772704
6663,0.0,0.2806159045416318
6664,0.0,0.28347631386343575
6665,0.0,0.28635145815092927
6666,0.0,0.2892413075416873
6667,0.0,0.29214583223295
6668,0.0,0.2950650024815035
6669,0.0,0.2979987886035608
6670,2.4014386536153503e-06,0.30094716097464336
6671,2.0417008848494414e-05,0.3039100900294621
6672,5.627903682836821e-05,0.30688754626179965
6673,0.00011024746735617836,0.30987950022439203
6674,0.000182582807000072,0.312885922528811
6675,0.00027354611735008934,0.31590678384534626
6676,0.0003833990082735085,0.3189420549028885
6677,0.0005124036312086601,0.32199170648881204
6678,0.0006608226724970535,0.32505570944885803
6679,0.0008289193467535997,0.328134034687018
6680,0.001016957390274762,0.33122665316541716
6681,0.0012252010544844829,0.3343335359041986
6682,0.0014539150994176838,0.33745465398140717
6683,0.001703364787241121,0.34058997853287365
6684,0.0019738158758115265,0.34373948075209965
6685,0.002265534612270743,0.3469031318901421
6686,0.002578787726677765,0.3500809032554986
6687,0.002913842425677422,0.3532727662139921
6688,0.0032709663862056392,0.3564786921886568
6689,0.003650427749231014,0.3596986526596238
6690,0.00405249511353258,0.36293261916400676
6691,0.004477437529513534,0.3661805632957883
6692,0.00492552449305088,0.3694424567057064
6693,0.005397025939380628,0.3727182711011407
6694,0.005892212237018586,0.3760079782459997
6695,0.0064113541817164,0.3793115499606076
6696,0.006954722990452805,0.3826289581215917
6697,0.007522590295459803,0.38596017466176974
6698,0.00811522813828371,0.3893051715700377
6699,0.008732908963880863,0.39266392089125784
6700,0.009375905614747798,0.39603639472614693
6701,0.010044491325085747,0.39942256523116426
6702,0.010738939714999274,0.4028224046184008
6703,0.011459524784729053,0.40623588515546777
6704,0.012206520908918286,0.4096629791653857
6705,0.0129802028309129,0.4131036590264737
6706,0.013780845657095288,0.4165578971722392
6707,0.014608724851251295,0.4200256660912672
6708,0.015464116228970561,0.4235069383271109
6709,0.016347295952079777,0.42700168647818126
6710,0.017258540523108833,0.43050988319763794
6711,0.01819812677978974,0.43403150119327927
6712,0.01916633188958808,0.4375665132274338
6713,0.020163433344266877,0.4411148921168506
6714,0.021189708954482692,0.44467661073259124
6715,0.02224543684441397,0.4482516419999208
6716,0.02333089544642099,0.4518399588981996
6717,0.024446363495738057,0.45544153446077557
6718,0.02559212002519699,0.4590563417748757
6719,0.026768444359982203,0.462684353981499
6720,0.02797561611241722,0.4663255442753085
6721,0.029213915176782224,0.4699798859045246
6722,0.03048362172416267,0.47364735217081766
6723,0.03178501619732903,0.4773279164292014
6724,0.033118379305646845,0.4810215520879263
6725,0.03448399202001771,0.484728232608373
6726,0.03588213556785063,0.48844793150494653
6727,0.037313091428063556,0.4921806223449701
6728,0.03877714132611521,0.4959262787485794
6729,0.040274567229066804,0.4996848743886172
6730,0.04180565134067384,0.503456382990528
6731,0.04337067609650721,0.5072407783322527
6732,0.044969924159104356,0.5110380342441242
6733,0.04660367841314957,0.5148481246087622
6734,0.048272221960683516,0.5186710233609689
6735,0.04997583811634221,0.5225067044876253
6736,0.05171481040262485,0.5263551420275858
6737,0.05348942254519032,0.5302163100715761
6738,0.05529995846818259,0.534090182762088
6739,0.05714670228958503,0.537976734293277
6740,0.059029938316602415,0.5418759389108585
6741,0.06094995104107205,0.5457877709120053
6742,0.06290702513490246,0.549712204645244
6743,0.06490144544554038,0.5536492145103532
6744,0.06693349699146582,0.5575987749582608
6745,0.06900346495771456,0.5615608604909418
6746,0.07111163469142837,0.565535445661316
6747,0.07325829169743282,0.569522505073147
6748,0.07544372163384258,0.5735220133809393
6749,0.07766821030769352,0.5775339452898387
6750,0.07993204367060244,0.5815582755555296
6751,0.0822355078144531,0.5855949789841346
6752,0.08457888896711006,0.5896440304321138
6753,0.08696247348815808,0.5937054048061641
6754,0.08938654786466911,0.5977790770631187
6755,0.09185139870699507,0.6018650222098474
6756,0.0943573127445872,0.6059632153031561
6757,0.09690457682184145,0.6100736314496874
6758,0.09949347789397044,0.6141962458058207
6759,0.10212430302290026,0.6183310335775728
6760,0.10479733937319448,0.6224779700204993
6761,0.10751287420800269,0.6266370304395952
6762,0.11027119488503533,0.6308081901891956
6763,0.11307258885256313,0.6349914246728785
6764,0.11591734364544312,0.6391867093433652
6765,0.11880574688116859,0.6433940197024222
6766,0.12173808625594472,0.6476133313007638
6767,0.12471464954078894,0.6518446197379542
6768,0.12773572457765636,0.6560878606623094
6769,0.13080159927558968,0.6603430297708002
6770,0.13391256160689352,0.6646101028089546
6771,0.1370688996033336,0.6688890555707616
6772,0.14027090135235992,0.6731798638985734
6773,0.1435188549933546,0.6774825036830097
6774,0.14681304871390283,0.6817969508628602
6775,0.15015377074608907,0.6861231814249892
6776,0.15354130936281613,0.6904611714042393
6777,0.15697595287414845,0.6948108968833356
6778,0.1604579896236788,0.6991723339927898
6779,0.1639877079849188,0.7035454589108048
6780,0.16756539635771212,0.7079302478631796
6781,0.17119134316467208,0.7123266771232141
6782,0.17486583684764118,0.7167347230116141
6783,0.17858916586417434,0.7211543618963968
6784,0.18236161868404566,0.725585570192796
6785,0.18618348378577615,0.7300283243631679
6786,0.19005504965318618,0.7344826009168971
6787,0.19397660477196954,0.7389483764103023
6788,0.19794843762628989,0.7434256274465426
6789,0.20197083669539956,0.7479143306755245
6790,0.2060440904502817,0.7524144627938074
6791,0.21016848735031265,0.7569260005445114
6792,0.21434431583994848,0.7614489207172239
6793,0.21857186434543135,0.7659832001479067
6794,0.22285142127151958,0.7705288157188029
6795,0.22718327499823798,0.7750857443583457
6796,0.23156771387765054,0.7796539630410648
6797,0.23600502623065472,0.7842334487874949
6798,0.2404955003437964,0.7888241786640838
6799,0.24503942446610694,0.7934261297831006
6800,0.24963708680596114,0.7980392793025439
6801,0.25428877552795554,0.802663604426051
6802,0.2589947787498088,0.807299082402806
6803,0.2637553845392827,0.8119456905274492
6804,0.26857088091112274,0.8166034061399865
6805,0.2734415558240213,0.8212722066256984
6806,0.27836769717760007,0.8259520694150494
6807,0.2833495928094122,0.8306429719835984
6808,0.28838753049196786,0.8353448918519076
6809,0.2934817979297758,0.8400578065854538
6810,0.29863268275640903,0.8447816937945375
6811,0.30384047253158686,0.849516531134194
6812,0.30910545473828077,0.8542622963041039
6813,0.3144279167798366,0.8590189670485039
6814,0.31980814597711893,0.8637865211560977
6815,0.32524642956567357,0.8685649364599671
6816,0.33074305469290993,0.8733541908374838
6817,0.3362983084153044,0.8781542622102201
6818,0.34191247769562033,0.8829651285438611
6819,0.347585849400149,0.8877867678481166
6820,0.3533187102959697,0.8926191581766331
6821,0.35911134704822933,0.8974622776269059
6822,0.3649640462174388,0.9023161043401914
6823,0.3708770942567898,0.9071806165014199
6824,0.3768507775094921,0.9120557923391084
6825,0.3828853822061253,0.9169416101252731
6826,0.38898119446201285,0.9218380481753427
6827,0.39513850027461306,0.9267450848480719
6828,0.40135758552092843,0.9316626985454547
6829,0.40763873595493416,0.9365908677126376
6830,0.4139822372050231,0.9415295708378342
6831,0.4203883747714711,0.946478786452238
6832,0.4268574340239181,0.9514384931299381
6833,0.43338970019886963,0.9564086694878318
6834,0.4399854583972134,0.9613892941855403
6835,0.4466449935817564,0.9663803459253228
6836,0.45336859057477685,0.9713818034519913
6837,0.46015653405559637,0.976393645552826
6838,0.46700910855816763,0.9814158510574897
6839,0.47392659846868024,0.9864483988379439
6840,0.48090928802318494,0.9914912678083638
6841,0.48795746130523254,0.9965444369250543
6842,0.49507140224353174,1.0016078851863655
6843,0.5022513946096248,1.0066815916326086
6844,0.5094977220155772,1.0117655353459727
6845,0.5168106679116873,1.0168596954504405
6846,0.5241905155842099,1.021964051111705
6847,0.5316375481531006,1.027078581537086
6848,0.5391520485697718,1.0322032659754476
6849,0.5467342996148691,1.0373380837171142
6850,0.5543845838960614,1.0424830140937886
6851,0.5621031838458497,1.0476380364784683
6852,0.5698903817193902,1.0528031302853642
6853,0.5777464595923362,1.0579782749698172
6854,0.5856716993586916,1.0631634500282168
6855,0.5936663827286855,1.0683586349979182
6856,0.6017307912266593,1.0735638094571616
6857,0.6098652061889714,1.0787789530249896
6858,0.6180699087619169,1.084004045361166
6859,0.6263451798996627,1.0892390661660944
6860,0.634691300362199,1.0944839951807372
6861,0.6431085507133059,1.0997388121865341
6862,0.6515972113185363,1.105003497005322
6863,0.6601575623432124,1.1102780294992531
6864,0.6687898837504384,1.1155623895707156
6865,0.6774944552991292,1.1208565571622524
6866,0.6862715565420539,1.1261605122564815
6867,0.6951214668238922,1.1314742348760156
6868,0.7040444652793102,1.136797705083382
6869,0.7130408308310465,1.1421309029809432
6870,0.7221108421880151,1.1474738087108176
6871,0.7312547778434254,1.1528264024547992
6872,0.7404729160729112,1.1581886644342791
6873,0.7497655349326801,1.1635605749101658
6874,0.7591329122576733,1.168942114182807
6875,0.7685753256597431,1.1743332625919094
6876,0.7780930525258418,1.179734000516462
6877,0.7876863700162264,1.1851443083746565
6878,0.7973555550626787,1.1905641666238083
6879,0.8071008843667365,1.1959935557602797
6880,0.8169226343979409,1.2014324563194014
6881,0.8268210813920984,1.2068808488753942
6882,0.8367965013495541,1.2123387140412918
6883,0.8468491700334819,1.2178060324688629
6884,0.8569793629681863,1.2232827848485346
6885,0.8671873554374184,1.2287689519093135
6886,0.8774734224827067,1.2342645144187105
6887,0.8878378389016987,1.2397694531826629
6888,0.8982808792465202,1.2452837490454576
6889,0.9088028178221437,1.2508073828896544
6890,0.9194039286847735,1.256340335636011
6891,0.9300844856402402,1.2618825882434037
6892,0.940844762242414,1.267434121708754
6893,0.9516850317916253,1.2729949170669514
6894,0.9626055673331044,1.2785649553907779
6895,0.9736066416554261,1.2841442177908318
6896,0.9846885272889756,1.2897326854154525
6897,0.9958514965044233,1.295330339450645
6898,1.0035416390520178,1.3009371611200051
6899,1.0091688527972182,1.3065531316846435
6900,1.0148052150149083,1.312178232443111
6901,1.0204507070036388,1.3178124447313246
6902,1.026105310099327,1.323455749922492
6903,1.0317690056751798,1.3291081294270364
6904,1.0374417751416214,1.3347695646925242
6905,1.0431235999462176,1.3404400372035887
6906,1.048814461573602,1.3461195284818575
6907,1.0545143415454015,1.3518080200858775
6908,1.060223221420164,1.357505493611042
6909,1.065941082793282,1.3632119306895167
6910,1.071667907296922,1.3689273129901662
6911,1.0774036765999477,1.3746516222184806
6912,1.08314837240785,1.380384840116503
6913,1.088901976462671,1.386126948462755
6914,1.0946644705429336,1.3918779290721655
6915,1.1004358364635656,1.3976377637959971
6916,1.1062160560758303,1.4034064345217734
6917,1.1120051112672509,1.4091839231732064
6918,1.1178029839615395,1.4149702117101253
6919,1.1236096561185256,1.4207652821284034
6920,1.1294251097340817,1.4265691164598855
6921,1.1352493268400539,1.4323816967723182
6922,1.1410822895041874,1.4382030051692754
6923,1.146923979830057,1.444033023790089
6924,1.152774379956994,1.4498717348097758
6925,1.158633472060016,1.4557191204389677
6926,1.1645012383497542,1.461575162923839
6927,1.1703776610723833,1.467439844546037
6928,1.1762627225095503,1.4733131476226096
6929,1.1821564049783033,1.4791950545059358
6930,1.1880586908310211,1.485085547583654
6931,1.1939695624553421,1.4909846092785928
6932,1.1998890022740953,1.4968922220486993
6933,1.2058169927452276,1.5028083683869702
6934,1.2117535163617357,1.508733030821381
6935,1.2176985556515947,1.5146661919148163
6936,1.2236520931776893,1.5206078342649998
6937,1.229614111537744,1.5265579405044254
6938,1.235584593364252,1.5325164933002873
6939,1.2415635213244076,1.5384834753544108
6940,1.2475508781200357,1.544458869403182
6941,1.2535466464875236,1.5504426582174813
6942,1.2595508091977505,1.5564348246026116
6943,1.2655633490560196,1.5624353513982314
6944,1.2715842489019897,1.5684442214782852
6945,1.2776134916096054,1.574461417750936
6946,1.2836510600870292,1.5804869231584961
6947,1.2896969372765736,1.5865207206773584
6948,1.2957511061546316,1.59256279331793
6949,1.3018135497316101,1.5986131241245622
6950,1.307884251051861,1.604671696175485
6951,1.313963193193613,1.6107384925827368
6952,1.320050359268906,1.6168134964920993
6953,1.3261457324235206,1.6228966910830278
6954,1.3322492958369128,1.628988059568586
6955,1.3383610327221458,1.6350875851953774
6956,1.3444809263258237,1.6411952512434795
6957,1.3506089599280233,1.6473110410263752
6958,1.356745116842228,1.653434937890888
6959,1.3628893804152613,1.6595669252171141
6960,1.369041734027219,1.665706986418356
6961,1.3752021610914038,1.6718551049410568
6962,1.3813706450542589,1.6780112642647333
6963,1.3875471693953014,1.6841754479019113
6964,1.393731717627056,1.690347639398057
6965,1.39992427329499,1.696527822331514
6966,1.4061248199774465,1.7027159803134355
6967,1.4123333412855792,1.7089120969877205
6968,1.4185498208632865,1.7151161560309471
6969,1.4247742423871466,1.7213281411523076
6970,1.4310065895663522,1.7275480360935436
6971,1.4372468461426444,1.7337758246288804
6972,1.443494995890249,1.7400114905649622
6973,1.4497510226158097,1.7462550177407878
6974,1.4560149101583257,1.7525063900276465
6975,1.462286642389086,1.7587655913290514
6976,1.4685662032116038,1.7650326055806775
6977,1.474853576561554,1.7713074167502956
6978,1.481148746406708,1.7775900088377095
6979,1.4874516967468685,1.7838803658746907
6980,1.4937624116138084,1.790178471924916
6981,1.5000808750712031,1.7964843110839026
6982,1.5064070712145707,1.802797867478945
6983,1.5127409841712054,1.8091191252690515
6984,1.5190825981001157,1.8154480686448804
6985,1.5254318971919594,1.8217846818286771
6986,1.5317888656689824,1.8281289490742116
6987,1.5381534877849543,1.8344808546667137
6988,1.5445257478251055,1.8408403829228126
6989,1.5509056301060646,1.847207518190472
6990,1.5572931189757957,1.8535822448489288
6991,1.5636881988135356,1.8599645473086306
6992,1.5700908540297316,1.866354410011172
6993,1.5765010690659784,1.872751817429234
6994,1.5829188283949576,1.879156754066521
6995,1.5893441165203728,1.8855692044576988
6996,1.5957769179768901,1.891989153168333
6997,1.6022172173300755,1.898416584794828
6998,1.6086649991763327,1.9048514839643638
6999,1.615120248142842,1.9112938353348352
7000,1.6215829488874984,1.9177436235947913
7001,1.628053086098851,1.9242008334633727
7002,1.63453064449604,1.930665449690252
7003,1.641015608828738,1.937137457055571
7004,1.647507963877087,1.9436168403698812
7005,1.6540076944516393,1.9501035844740835
7006,1.6605147853932942,1.9565976742393654
7007,1.6670292215732403,1.9630990945671423
7008,1.673550987892893,1.9696078303889968
7009,1.6800800692838345,1.9761238666666183
7010,1.6866164507077543,1.9826471883917423
7011,1.6931601171563877,1.9891777805860906
7012,1.6997110536514572,1.9957156283013127
7013,1.7062692452446113,2.002260716618924
7014,1.7128346770173664,2.008813030650247
7015,1.7194073340810447,2.0153725555363535
7016,1.7259872015767168,2.0219392764480006
7017,1.7325742646751416,2.0285131785855763
7018,1.7391685085767061,2.0350942471790376
7019,1.7457699185113678,2.041682467487852
7020,1.7523784797385937,2.0482778248009392
7021,1.7589941775473041,2.0548803044366113
7022,1.7656169972558102,2.061489891742514
7023,1.7722469242117584,2.0681065720955685
7024,1.77888394379207,2.0747303309019136
7025,1.7855280414028833,2.081361153596846
7026,1.7921792024794956,2.0879990256447636
7027,1.7988374124863038,2.094643932539105
7028,1.8055026569167476,2.101295859802294
7029,1.8121749212932505,2.107954792985681
7030,1.8188541911671618,2.114620717669483
7031,1.8255404521187002,2.1212936194627297
7032,1.832233689756895,2.127973484003203
7033,1.838933889719527,2.134660296957381
7034,1.8456410376730752,2.1413540440203795
7035,1.8523551193126553,2.1480547109158965
7036,1.859076120361965,2.1547622833961526
7037,1.8658040265732254,2.161476747241837
7038,1.872538823727125,2.1681980882620477
7039,1.8792804976327633,2.174926292294238
7040,1.8860290341275914,2.181661345204156
7041,1.892784419077359,2.1884032328857916
7042,1.8995466383760553,2.195151941261317
7043,1.9063156779458532,2.2019074562810337
7044,1.9130915237370532,2.208669763923313
7045,1.9198741617280273,2.215438850194542
7046,1.926663577925163,2.2222147011290674
7047,1.9334597583628061,2.228997302789139
7048,1.9402626891032064,2.2357866412648546
7049,1.9470723562364622,2.242582702674103
7050,1.9538887458804621,2.24938547316251
7051,1.9607118441808324,2.2561949389033833
7052,1.9675416373108796,2.263011086097655
7053,1.9743781114715369,2.269833900973828
7054,1.981221252891307,2.276663369787922
7055,1.9880710478262091,2.283499478823416
7056,1.9949274825597227,2.2903422143911945
7057,2.0017905434027323,2.2971915628294934
7058,2.0086602166934733,2.3040475105038447
7059,2.015536488797478,2.310910043807022
7060,2.02241934610752,2.317779149158986
7061,2.0293087750435603,2.3246548130068305
7062,2.0362047620526926,2.3315370218247287
7063,2.0431072936090895,2.338425762113877
7064,2.050016356213948,2.3453210204024435
7065,2.0569319363954364,2.352222783245513
7066,2.063854020708639,2.3591310372250325
7067,2.0707825957355026,2.366045768949759
7068,2.0777176480847848,2.3729669650552054
7069,2.084659164391998,2.3798946122035862
7070,2.091607131319357,2.386828697083765
7071,2.098561535555725,2.3937692064112013
7072,2.1055223638165623,2.4007161269278963
7073,2.1124896028438696,2.4076694454023424
7074,2.119463239406139,2.414629148629467
7075,2.126443260298299,2.421595223430582
7076,2.13342965234166,2.42856765665333
7077,2.1404224023838654,2.4355464351716325
7078,2.147421497298837,2.4425315458856356
7079,2.1544269239867204,2.4495229757216612
7080,2.161438669373837,2.45652071163215
7081,2.168456720412629,2.4635247405956138
7082,2.175481064081607,2.47053504961658
7083,2.1825116873852988,2.4775516257255417
7084,2.189548577354197,2.4845744559789043
7085,2.1965917210447086,2.4916035274589357
7086,2.203641105539099,2.498638827273712
7087,2.2106967179454458,2.5056803425570684
7088,2.2177585453975848,2.5127280604685467
7089,2.224826575055057,2.519781968193344
7090,2.2319007941030593,2.5268420529422606
7091,2.238981189752392,2.5339083019516497
7092,2.2460677492394083,2.5409807024833677
7093,2.2531604598259656,2.5480592418247205
7094,2.260259308799368,2.555143907288414
7095,2.267364283472323,2.562234686212504
7096,2.2744753711828856,2.5693315659603435
7097,2.28159255929441,2.5764345339205366
7098,2.288715835195499,2.583543577506882
7099,2.2958451862999505,2.590658684158326
7100,2.3029806000467126,2.597779841338913
7101,2.310122063899829,2.6049070365377336
7102,2.317269565348391,2.612040257268876
7103,2.3244230919064854,2.619179491071374
7104,2.3315826311131476,2.62632472550916
7105,2.338748170532308,2.6334759481710117
7106,2.3459196977527457,2.6406331466705057
7107,2.3530972003880373,2.647796308645967
7108,2.360280666076507,2.6549654217604184
7109,2.3674700824811787,2.6621404737015317
7110,2.374665437289724,2.6693214521815802
7111,2.381866718214415,2.6765083449373877
7112,2.3890739129920764,2.683701139730278
7113,2.396287009384033,2.6908998243460314
7114,2.4035059951760624,2.6981043865948275
7115,2.4107308581783475,2.705314814311205
7116,2.4179615862254242,2.712531095354008
7117,2.4251981671761382,2.7197532176063386
7118,2.4324405889135905,2.7269811689755077
7119,2.4396888393450937,2.734214937392989
7120,2.4469429064021195,2.7414545108143678
7121,2.4542027780402544,2.7486998772192948
7122,2.461468442239149,2.755951024611437
7123,2.46873988700247,2.7632079410184307
7124,2.4760171003578537,2.7704706144918325
7125,2.483300070356857,2.777739033107072
7126,2.4905887850749093,2.7850131849634043
7127,2.497883232611266,2.792293058183862
7128,2.505183401088959,2.7995786409152084
7129,2.512489278654752,2.8068699213278885
7130,2.519800853479091,2.814166887615984
7131,2.527118113756056,2.8214695279971647
7132,2.534441047703317,2.8287778307126397
7133,2.5417696435620845,2.836091784027115
7134,2.549103889597063,2.8434113762287407
7135,2.5564437740964037,2.850736595629071
7136,2.550736595629071,2.8450408201119215
7137,2.5450408201119217,2.839356424761846
7138,2.5393564247618463,2.8336833868412556
7139,2.533683386841256,2.828021683657991
7140,2.528021683657991,2.822371292565231
7141,2.5223712925652313,2.816732190961405
7142,2.516732190961405,2.811104356290098
7143,2.5111043562900983,2.805487766039965
7144,2.5054877660399653,2.7998823977446365
7145,2.4998823977446367,2.7942882289826323
7146,2.4942882289826325,2.7887052373772696
7147,2.48870523737727,2.7831334005965744
7148,2.4831334005965746,2.7775726963531926
7149,2.4775726963531928,2.7720231024042996
7150,2.4720231024043,2.766484596551512
7151,2.466484596551512,2.7609571566407998
7152,2.4609571566408,2.7554407605623954
7153,2.4554407605623956,2.7499353862507068
7154,2.449935386250707,2.7444410116842297
7155,2.44444101168423,2.7389576148854586
7156,2.438957614885459,2.733485173920799
7157,2.433485173920799,2.72802366690048
7158,2.42802366690048,2.722573071978466
7159,2.422573071978466,2.71713336735237
7160,2.41713336735237,2.7117045312633663
7161,2.4117045312633665,2.7062865419961035
7162,2.4062865419961037,2.7008793778786164
7163,2.4008793778786166,2.695483017282242
7164,2.3954830172822423,2.6900974386215313
7165,2.3900974386215315,2.6847226203541616
7166,2.384722620354162,2.679358540980853
7167,2.3793585409808533,2.674005179045281
7168,2.374005179045281,2.6686625131339903
7169,2.3686625131339905,2.6633305218763104
7170,2.3633305218763105,2.6580091839442685
7171,2.3580091839442687,2.652698478052507
7172,2.352698478052507,2.647398382958195
7173,2.347398382958195,2.642108877460944
7174,2.342108877460944,2.636829940402726
7175,2.336829940402726,2.631561550667785
7176,2.3315615506677854,2.6263036871825562
7177,2.3263036871825564,2.6210563289155773
7178,2.3210563289155774,2.6158194548774087
7179,2.315819454877409,2.6105930441205474
7180,2.3105930441205476,2.605377075739344
7181,2.305377075739344,2.6001715288699168
7182,2.300171528869917,2.5949763826900716
7183,2.2949763826900718,2.589791616419218
7184,2.289791616419218,2.584617209318283
7185,2.284617209318283,2.5794531406896306
7186,2.279453140689631,2.574299389876981
7187,2.274299389876981,2.569155936265323
7188,2.269155936265323,2.564022759280836
7189,2.264022759280836,2.5588998383908046
7190,2.2588998383908048,2.553787153103538
7191,2.2537871531035383,2.5486846829682896
7192,2.24868468296829,2.5435924075751712
7193,2.2435924075751714,2.5385103065550743
7194,2.2385103065550744,2.5334383595795886
7195,2.233438359579589,2.528376546360919
7196,2.228376546360919,2.5233248466518066
7197,2.2233248466518067,2.5182832402454447
7198,2.218283240245445,2.5132517069754017
7199,2.213251706975402,2.5082302267155376
7200,2.208230226715538,2.503218779379924
7201,2.2032187793799243,2.4982173449227663
7202,2.1982173449227664,2.4932259033383186
7203,2.193225903338319,2.488244434660809
7204,2.188244434660809,2.4832729189643556
7205,2.183272918964356,2.4783113363628893
7206,2.1783113363628894,2.473359667010073
7207,2.173359667010073,2.468417891099222
7208,2.1684178910992222,2.463485988863227
7209,2.163485988863227,2.458563940574472
7210,2.158563940574472,2.4536517265447575
7211,2.1536517265447577,2.4487493271252205
7212,2.1487493271252207,2.443856722706257
7213,2.143856722706257,2.438973893717443
7214,2.138973893717443,2.4341008206274553
7215,2.1341008206274554,2.429237483943996
7216,2.1292374839439963,2.4243838642137114
7217,2.1243838642137116,2.419539942022116
7218,2.1195399420221164,2.414705697993515
7219,2.1147056979935153,2.409881112790926
7220,2.109881112790926,2.4050661671160003
7221,2.1050661671160005,2.400260841708951
7222,2.100260841708951,2.395465117348468
7223,2.095465117348468,2.3906789748516486
7224,2.0906789748516488,2.3859023950739164
7225,2.0859023950739166,2.3811353589089452
7226,2.0811353589089454,2.376377847288585
7227,2.076377847288585,2.371629841182782
7228,2.0716298411827823,2.366891321599506
7229,2.066891321599506,2.3621622695846725
7230,2.0621622695846726,2.357442666222067
7231,2.0574426662220673,2.3527324926332693
7232,2.0527324926332695,2.3480317299775795
7233,2.0480317299775797,2.34334035945194
7234,2.0433403594519404,2.338658362290863
7235,2.0386583622908634,2.3339857197663534
7236,2.0339857197663536,2.3293224131878345
7237,2.0293224131878347,2.3246684239020743
7238,2.0246684239020745,2.3200237332931093
7239,2.0200237332931095,2.3153883227821708
7240,2.015388322782171,2.3107621738276105
7241,2.0107621738276107,2.3061452679248267
7242,2.006145267924827,2.301537586606189
7243,2.0015375866061893,2.2969391114409667
7244,1.9969391114409667,2.292349824035253
7245,1.992349824035253,2.287769706031892
7246,1.987769706031892,2.2831987391104054
7247,1.9831987391104053,2.2786369049869193
7248,1.9786369049869192,2.2740841854140914
7249,1.9740841854140914,2.2695405621810374
7250,1.9695405621810373,2.265006017113258
7251,1.965006017113258,2.260480532072567
7252,1.9604805320725671,2.2559640889570183
7253,1.9559640889570182,2.2514566697008336
7254,1.9514566697008335,2.2469582562743295
7255,1.9469582562743295,2.2424688306838463
7256,1.9424688306838462,2.237988374971676
7257,1.937988374971676,2.2335168712159894
7258,1.9335168712159894,2.2290543015307662
7259,1.9290543015307662,2.2246006480657208
7260,1.9246006480657207,2.2201558930062335
7261,1.9201558930062335,2.2157200185732786
7262,1.9157200185732786,2.2112930070233525
7263,1.9112930070233525,2.206874840648403
7264,1.9068748406484028,2.2024655017757584
7265,1.9024655017757583,2.1980649727680577
7266,1.8980649727680576,2.1936732360231783
7267,1.8936732360231783,2.1892902739741684
7268,1.8892902739741684,2.1849160690891734
7269,1.8849160690891733,2.180550603871368
7270,1.8805506038713677,2.176193860858885
7271,1.876193860858885,2.1718458226247472
7272,1.8718458226247472,2.167506471776796
7273,1.8675064717767957,2.163175790957622
7274,1.8631757909576219,2.1588537628444957
7275,1.8588537628444957,2.154540370149299
7276,1.854540370149299,2.1502355956184562
7277,1.8502355956184562,2.1459394220328627
7278,1.8459394220328627,2.1416518322078186
7279,1.8416518322078186,2.137372808992959
7280,1.8373728089929589,2.1331023352721847
7281,1.8331023352721847,2.128840393963596
7282,1.8288403939635958,2.1245869680194214
7283,1.8245869680194213,2.120342040425952
7284,1.8203420404259518,2.116105594203471
7285,1.816105594203471,2.1118776124061887
7286,1.8118776124061886,2.1076580781221717
7287,1.8076580781221716,2.1034469744732776
7288,1.8034469744732775,2.099244284615086
7289,1.7992442846150858,2.0950499917368313
7290,1.7950499917368312,2.0908640790613373
7291,1.7908640790613373,2.0866865298449473
7292,1.7866865298449472,2.082517327377459
7293,1.782517327377459,2.078356454982057
7294,1.7783564549820567,2.0742038960152462
7295,1.7742038960152462,2.0700596338667845
7296,1.7700596338667844,2.065923651959619
7297,1.7659236519596189,2.0617959337498153
7298,1.7617959337498152,2.0576764627264956
7299,1.7576764627264956,2.053565222411771
7300,1.753565222411771,2.049462196360674
7301,1.749462196360674,2.0453673681610947
7302,1.7453673681610946,2.0412807214337154
7303,1.7412807214337154,2.0372022398319434
7304,1.7372022398319433,2.0331319070418474
7305,1.7331319070418474,2.02906970678209
7306,1.72906970678209,2.025015622803865
7307,1.7250156228038651,2.020969638890832
7308,1.7209696388908318,2.016931738859048
7309,1.7169317388590482,2.01290190655691
7310,1.7129019065569098,2.008880125865081
7311,1.708880125865081,2.0048663806964346
7312,1.7048663806964346,2.000860654995984
7313,1.700860654995984,1.9968629327408216
7314,1.6968629327408216,1.992873197940052
7315,1.692873197940052,1.9888914346347315
7316,1.6888914346347315,1.9849176268978015
7317,1.6849176268978014,1.9809517588340257
7318,1.6809517588340257,1.9769938145799264
7319,1.6769938145799264,1.9730437783037216
7320,1.6730437783037215,1.9691016342052605
7321,1.6691016342052605,1.965167366515962
7322,1.6651673665159619,1.9612409594987494
7323,1.6612409594987494,1.9573223974479899
7324,1.6573223974479898,1.95341166468943
7325,1.65341166468943,1.9495087455801334
7326,1.6495087455801334,1.9456136245084183
7327,1.6456136245084183,1.9417262858937958
7328,1.6417262858937958,1.9378467141869056
7329,1.6378467141869055,1.933974893869456
7330,1.633974893869456,1.9301108094541604
7331,1.6301108094541603,1.9262544454846764
7332,1.6262544454846763,1.9224057865355422
7333,1.6224057865355421,1.9185648172121177
7334,1.6185648172121176,1.9147315221505201
7335,1.61473152215052,1.9109058860175638
7336,1.6109058860175638,1.9070878935106998
7337,1.6070878935106998,1.9032775293579525
7338,1.6032775293579524,1.8994747783178603
7339,1.5994747783178602,1.895679625179414
7340,1.5956796251794139,1.8918920547619957
7341,1.5918920547619957,1.8881120519153194
7342,1.5881120519153193,1.884339601519368
7343,1.584339601519368,1.880574688484335
7344,1.580574688484335,1.8768172977505637
7345,1.5768172977505637,1.8730674142884856
7346,1.5730674142884855,1.869325023098562
7347,1.569325023098562,1.8655901092112237
7348,1.5655901092112237,1.8618626576868094
7349,1.5618626576868093,1.8581426536155083
7350,1.5581426536155083,1.8544300821172994
7351,1.5544300821172994,1.8507249283418916
7352,1.5507249283418916,1.8470271774686646
7353,1.5470271774686646,1.8433368147066103
7354,1.5433368147066102,1.8396538252942725
7355,1.5396538252942724,1.835978194499689
7356,1.5359781944996889,1.832309907620331
7357,1.532309907620331,1.8286489499830467
7358,1.5286489499830467,1.8249953069440008
7359,1.5249953069440008,1.821348963888616
7360,1.521348963888616,1.817709906231515
7361,1.517709906231515,1.8140781194164626
7362,1.5140781194164625,1.8104535889163067
7363,1.5104535889163067,1.8068363002329204
7364,1.5068363002329204,1.8032262388971438
7365,1.5032262388971438,1.7996233904687275
7366,1.4996233904687275,1.7960277405362723
7367,1.4960277405362723,1.792439274717174
7368,1.492439274717174,1.7888579786575647
7369,1.4888579786575646,1.7852838380322549
7370,1.4852838380322548,1.7817168385446776
7371,1.4817168385446775,1.7781569659268304
7372,1.4781569659268303,1.7746042059392175
7373,1.4746042059392175,1.7710585443707945
7374,1.4710585443707944,1.7675199670389103
7375,1.4675199670389103,1.7639884597892512
7376,1.4639884597892512,1.7604640084957834
7377,1.4604640084957834,1.7569465990606965
7378,1.4569465990606965,1.7534362174143487
7379,1.4534362174143487,1.7499328495152084
7380,1.4499328495152084,1.7464364813497995
7381,1.4464364813497994,1.7429470989326445
7382,1.4429470989326445,1.7394646883062093
7383,1.4394646883062092,1.7359892355408462
7384,1.4359892355408461,1.7325207267347402
7385,1.4325207267347402,1.729059148013851
7386,1.429059148013851,1.7256044855318593
7387,1.4256044855318593,1.722156725470111
7388,1.4221567254701108,1.7187158540375602
7389,1.4187158540375602,1.7152818574707174
7390,1.4152818574707173,1.7118547220335913
7391,1.4118547220335913,1.708434434017636
7392,1.408434434017636,1.7050209797416949
7393,1.4050209797416948,1.7016143455519457
7394,1.4016143455519456,1.698214517821848
7395,1.398214517821848,1.6948214829520853
7396,1.3948214829520853,1.6914352273705147
7397,1.3914352273705146,1.6880557375321086
7398,1.3880557375321085,1.6846829999189035
7399,1.3846829999189034,1.6813170010399443
7400,1.3813170010399443,1.677957727431231
7401,1.377957727431231,1.6746051656556644
7402,1.3746051656556644,1.6712593023029936
7403,1.3712593023029935,1.6679201239897603
7404,1.3679201239897603,1.6645876173592469
7405,1.3645876173592468,1.6612617690814224
7406,1.3612617690814224,1.657942565852889
7407,1.357942565852889,1.6546299943968297
7408,1.3546299943968296,1.6513240414629542
7409,1.3513240414629542,1.6480246938274463
7410,1.3480246938274463,1.644731938292911
7411,1.344731938292911,1.641445761688322
7412,1.341445761688322,1.6381661508689684
7413,1.3381661508689684,1.6348930927164023
7414,1.3348930927164022,1.6316265741383869
7415,1.3316265741383868,1.6283665820688435
7416,1.3283665820688435,1.6251131034677997
7417,1.3251131034677996,1.6218661253213367
7418,1.3218661253213366,1.6186256346415373
7419,1.3186256346415373,1.6153916184664345
7420,1.3153916184664345,1.6121640638599595
7421,1.3121640638599594,1.6089429579118897
7422,1.3089429579118896,1.6057282877377967
7423,1.3057282877377967,1.6025200404789957
7424,1.3025200404789956,1.5993182033024933
7425,1.2993182033024933,1.5961227634009363
7426,1.2961227634009362,1.5929337079925614
7427,1.2929337079925614,1.5897510243211423
7428,1.2897510243211423,1.58657469965594
7429,1.28657469965594,1.5834047212916518
7430,1.2834047212916517,1.58024107654836
7431,1.28024107654836,1.5770837527714814
7432,1.2770837527714813,1.5739327373317165
7433,1.2739327373317164,1.5707880176249995
7434,1.2707880176249995,1.5676495810724478
7435,1.2676495810724477,1.5645174151203103
7436,1.2645174151203102,1.5613915072399192
7437,1.261391507239919,1.5582718449276391
7438,1.258271844927639,1.5551584157048164
7439,1.2551584157048163,1.55205120711773
7440,1.2520512071177299,1.5489502067375416
7441,1.2489502067375415,1.545855402160245
7442,1.245855402160245,1.5427667810066186
7443,1.2427667810066185,1.5396843309221733
7444,1.2396843309221732,1.5366080395771045
7445,1.2366080395771044,1.5335378946662428
7446,1.2335378946662428,1.5304738839090044
7447,1.2304738839090044,1.5274159950493422
7448,1.2274159950493422,1.524364215855697
7449,1.2243642158556969,1.5213185341209474
7450,1.2213185341209474,1.518278937662363
7451,1.218278937662363,1.5152454143215535
7452,1.2152454143215534,1.5122179519644214
7453,1.2122179519644214,1.5091965384811137
7454,1.2091965384811136,1.5061811617859722
7455,1.2061811617859721,1.5031718098174858
7456,1.2031718098174857,1.500168470538243
7457,1.200168470538243,1.4971711319348828
7458,1.1971711319348828,1.4941797820180465
7459,1.1941797820180464,1.4911944088223306
7460,1.1911944088223305,1.488215000406238
7461,1.188215000406238,1.4852415448521312
7462,1.1852415448521312,1.4822740302661845
7463,1.1822740302661845,1.479312444778335
7464,1.179312444778335,1.4763567765422372
7465,1.1763567765422371,1.473407013735214
7466,1.173407013735214,1.4704631445582101
7467,1.17046314455821,1.4675251572357453
7468,1.1675251572357452,1.464593040015866
7469,1.164593040015866,1.4616667811700994
7470,1.1616667811700994,1.4587463689934066
7471,1.1587463689934066,1.4558317918041346
7472,1.1558317918041345,1.452923037943971
7473,1.152923037943971,1.4500200957778966
7474,1.1500200957778965,1.4471229536941383
7475,1.1471229536941383,1.4442316001041247
7476,1.1442316001041246,1.441346023442437
7477,1.1413460234424369,1.4384662121667646
7478,1.1384662121667646,1.435592154757859
7479,1.135592154757859,1.4327238397194866
7480,1.1327238397194865,1.4298612555783834
7481,1.1298612555783833,1.4270043908842092
7482,1.1270043908842091,1.424153234209501
7483,1.1241532342095009,1.4213077741496285
7484,1.1213077741496285,1.4184679993227478
7485,1.1184679993227478,1.4156338983697554
7486,1.1156338983697554,1.4128054599542443
7487,1.1128054599542443,1.4099826727624567
7488,1.1099826727624567,1.40716552550324
7489,1.10716552550324,1.4043540069080014
7490,1.1043540069080013,1.4015481057306634
7491,1.1015481057306633,1.3987478107476166
7492,1.0987478107476165,1.395953110757678
7493,1.0959531107576779,1.3931639945820435
7494,1.0931639945820435,1.3903804510642452
7495,1.0903804510642452,1.387602469070105
7496,1.087602469070105,1.384830037487691
7497,1.084830037487691,1.3820631452272731
7498,1.082063145227273,1.3793017812212793
7499,1.0793017812212793,1.3765459344242494
7500,1.0765459344242494,1.3737955938127926
7501,1.0737955938127925,1.3710507483855428
7502,1.0710507483855427,1.3683113871631143
7503,1.0683113871631142,1.3655774991880592
7504,1.065577499188059,1.3628490735248215
7505,1.0628490735248215,1.3601260992596953
7506,1.0601260992596953,1.3574085655007795
7507,1.0574085655007794,1.3546964613779355
7508,1.0546964613779355,1.351989776042743
7509,1.051989776042743,1.3492884986684577
7510,1.0492884986684576,1.346592618449966
7511,1.0465926184499659,1.3439021246037435
7512,1.0439021246037434,1.3412170063678113
7513,1.0412170063678112,1.3385372530016928
7514,1.0385372530016928,1.335862853786371
7515,1.035862853786371,1.3331937980242459
7516,1.0331937980242458,1.3305300750390903
7517,1.0305300750390902,1.3278716741760088
7518,1.0278716741760088,1.3252185848013944
7519,1.0252185848013944,1.322570796302886
7520,1.022570796302886,1.3199282980893268
7521,1.0199282980893267,1.3172910795907193
7522,1.0172910795907193,1.314659130258187
7523,1.0146591302581869,1.3120324395639285
7524,1.0120324395639284,1.3094109970011774
7525,1.0094109970011773,1.3067947920841605
7526,1.0067947920841605,1.304183814348054
7527,1.004183814348054,1.301578053348944
7528,1.001578053348944,1.2989774986637828
7529,0.997956042836548,1.2963821398903481
7530,0.9927773686924691,1.2937919666472015
7531,0.9876224729725124,1.2912069685736467
7532,0.9824912545489581,1.2886271353296879
7533,0.9773836127101849,1.2860524565959885
7534,0.9722994471589838,1.2834829220738302
7535,0.9672386580108795,1.2809185214850716
7536,0.9622011457924587,1.2783592445721066
7537,0.957186811439703,1.2758050810978245
7538,0.9521955562963318,1.2732560208455679
7539,0.9472272821121483,1.2707120536190921
7540,0.942281891041395,1.268173169242525
7541,0.937359285641115,1.265639357560326
7542,0.932459368869519,1.2631106084372448
7543,0.9275820440843597,1.2605869117582815
7544,0.9227272150413125,1.2580682574286461
7545,0.9178947858923625,1.2555546353737175
7546,0.9130846611841981,1.253046035539005
7547,0.9082967458566142,1.250542447890105
7548,0.9035309452409129,1.248043862412664
7549,0.898787165058322,1.2455502691123368
7550,0.8940653114184125,1.2430616580147467
7551,0.8893652908175229,1.240578019165446
7552,0.8846870101371942,1.2380993426298763
7553,0.880030376642606,1.2356256184933276
7554,0.8753952979810218,1.2331568368609007
7555,0.8707816821802415,1.2306929878574653
7556,0.8661894376470559,1.2282340616276222
7557,0.8616184731657122,1.2257800483356633
7558,0.8570686978963831,1.2233309381655322
7559,0.8525400213736417,1.2208867213207848
7560,0.8480323535049447,1.2184473880245505
7561,0.8435456045691192,1.2160129285194932
7562,0.839079685214858,1.213583333067771
7563,0.8346345064592177,1.2111585919509993
7564,0.8302099796861275,1.2087386954702102
7565,0.8258060166448993,1.2063236339458145
7566,0.8214225294487467,1.2039133977175633
7567,0.8170594305733098,1.201507977144508
7568,0.8127166328551828,1.1991073626049633
7569,0.8083940494904529,1.1967115444964678
7570,0.8040915940332406,1.194320513235746
7571,0.799809180394248,1.1919342592586695
7572,0.7955467228393114,1.1895527730202193
7573,0.7913041359879618,1.1871760449944473
7574,0.7870813348119895,1.184804065674438
7575,0.7828782346340153,1.1824368255722713
7576,0.778694751126067,1.1800743152189834
7577,0.7745308003081626,1.1777165251645298
7578,0.7703862985468967,1.1753634459777473
7579,0.7662611625540365,1.1730150682463159
7580,0.7621553093851194,1.1706713825767212
7581,0.7580686564380591,1.168332379594218
7582,0.754001121451757,1.1659980499427907
7583,0.7499526225047161,1.163668384285118
7584,0.7459230780136663,1.161343373302534
7585,0.7419124067321884,1.1590230076949917
7586,0.7379205277493497,1.1567072781810255
7587,0.7339473604883409,1.1543961754977141
7588,0.7299928247051206,1.1520896904006441
7589,0.7260568404870655,1.1497878136638717
7590,0.7221393282516231,1.1474905360798873
7591,0.7182402087449746,1.145197848459577
7592,0.7143594030406981,1.1429097416321874
7593,0.7104968325384409,1.1406262064452883
7594,0.7066524189625965,1.1383472337647358
7595,0.7028260843609845,1.1360728144746362
7596,0.6990177511035393,1.1338029394773093
7597,0.6952273418810013,1.131537599693252
7598,0.6914547797036149,1.129276786061102
7599,0.6876999878998306,1.1270204895376021
7600,0.683962890115015,1.124768701097563
7601,0.6802434103101613,1.1225214117338282
7602,0.6765414727606097,1.1202786124572368
7603,0.6728570020547696,1.118040294296589
7604,0.6691899230928499,1.115806448298609
7605,0.6655401610855909,1.11357706552791
7606,0.6619076415530051,1.111352137066958
7607,0.6582922903231195,1.1091316540160359
7608,0.6546940335307259,1.1069156074932087
7609,0.651112797616134,1.1047039886342875
7610,0.6475485093239315,1.1024967885927937
7611,0.6440010957017469,1.1002939985399243
7612,0.6404704840990202,1.098095609664516
7613,0.6369566021657754,1.0959016131730108
7614,0.6334593778514009,1.0937120002894192
7615,0.6299787394034309,1.091526762255287
7616,0.6265146153663377,1.0893458903296596
7617,0.6230669345803229,1.0871693757890457
7618,0.6196356261801158,1.0849972099273846
7619,0.6162206195937783,1.0828293840560097
7620,0.6128218445415115,1.080665889503615
7621,0.6094392310344703,1.078506717616219
7622,0.6060727093735794,1.0763518597571315
7623,0.6027222101483568,1.0742013073069183
7624,0.5993876642357413,1.0720550516633665
7625,0.5960690027989234,1.0699130842414508
7626,0.5927661572861833,1.0677753964732986
7627,0.5894790594297307,1.0656419798081558
7628,0.5862076412445524,1.0635128257123534
7629,0.5829518350272624,1.0613879256692718
7630,0.5797115733549564,1.0592672711793079
7631,0.5764867890840726,1.0571508537598413
7632,0.5732774153492565,1.055038664945199
7633,0.5700833855622285,1.0529306962866234
7634,0.5669046334106594,1.050826939352237
7635,0.5637410928570475,1.048727385727009
7636,0.5605926981376012,1.046632027012722
7637,0.557459383761126,1.0445408548279387
7638,0.5543410845079176,1.0424538608079674
7639,0.5512377354286566,1.0403710366048293
7640,0.5481492718433094,1.0382923738872247
7641,0.5450756293400336,1.0362178643405002
7642,0.5420167437740872,1.0341474996666147
7643,0.5389725512667419,1.0320812715841066
7644,0.5359429882042023,1.030019171828061
7645,0.5329279912365279,1.027961192150076
7646,0.5299274972765597,1.0259073243182304
7647,0.5269414434988524,1.0238575601170496
7648,0.5239697673386081,1.0218118913474747
7649,0.5210124064906186,1.0197703098268276
7650,0.5180692989082073,1.0177328073887795
7651,0.5151403828021788,1.0156993758833177
7652,0.5122255966397704,1.013670007176714
7653,0.5093248791436109,1.0116446931514904
7654,0.5064381692906789,1.0096234257063883
7655,0.5035654063112699,1.0076061967563352
7656,0.5007065296879654,1.0055929982324125
7657,0.49786147915460527,1.0035838220818238
7658,0.4950301946952675,1.0015786602678614
7659,0.49221261654324716,0.9995775047698754
7660,0.489408685180045,0.9975803475832413
7661,0.4866183413343559,0.9955871807193276
7662,0.4838415259810626,0.9935979962054643
7663,0.48107818034023536,0.9916127860849107
7664,0.4783282458761323,0.9896315424168235
7665,0.47559166429620714,0.9876542572762255
7666,0.47286837755011724,0.9856809227539733
7667,0.4701583278287403,0.9837115309567265
7668,0.46746145756319085,0.9817460740069152
7669,0.46477770942384233,0.9797845440427089
7670,0.4621070263193535,0.9778269332179851
7671,0.4594493513956989,0.975873233702298
7672,0.456804628035201,0.9739234376808467
7673,0.4541727998555701,0.9719775373544448
7674,0.45155381070894424,0.9700355249394883
7675,0.4489476046809356,0.9680973926679249
7676,0.44635412608967956,0.966163132787223
7677,0.44377331948488735,0.9642327375603406
7678,0.44120512964690417,0.9623061992656939
7679,0.43864950158576915,0.9603835101971273
7680,0.43610638054027945,0.9584646626638822
7681,0.43357571197706013,0.9565496489905656
7682,0.4310574415896348,0.9546384615171203
7683,0.42855151529750224,0.952731092598794
7684,0.42605787924521527,0.9508275346061085
7685,0.4235764798014654,0.9489277799248291
7686,0.4211072635581676,0.9470318209559345
7687,0.41865017732955245,0.9451396501155865
7688,0.4162051681512615,0.9432512598350993
7689,0.4137721832794424,0.9413666425609091
7690,0.41135117018985284,0.9394857907545442
7691,0.40894207657696463,0.9376086968925951
7692,0.40654485035307325,0.9357353534666836
7693,0.4041594396474092,0.9338657529834336
7694,0.4017857928052551,0.9319998879644407
7695,0.3994238583870655,0.9301377509462423
7696,0.39707358516758845,0.9282793344802879
7697,0.39473492213499356,0.9264246311329091
7698,0.3924078184900013,0.9245736334852901
7699,0.39009222364501744,0.9227263341334377
7700,0.3877880872232699,0.9208827256881522
7701,0.38549535905794924,0.9190428007749974
7702,0.38321398919135324,0.917206552034271
7703,0.3809439278740334,0.9153739721209758
7704,0.3786851255639476,0.9135450537047896
7705,0.37643753292561305,0.9117197894700361
7706,0.37420110082926533,0.9098981721156563
7707,0.3719757803500186,0.9080801943551778
7708,0.36976152276703095,0.9062658489166878
7709,0.36755827956267223,0.9044551285428017
7710,0.3653660024216949,0.9026480259906358
7711,0.36318464323040994,0.9008445340317773
7712,0.36101415407586374,0.8990446454522562
7713,0.35885448724501934,0.8972483530525155
7714,0.35670559522394213,0.8954556496473833
7715,0.35456743069698726,0.8936665280660439
7716,0.35243994654599076,0.8918809811520081
7717,0.3503230958494637,0.8900990017630861
7718,0.34821683188179064,0.8883205827713578
7719,0.3461211081124301,0.8865457170631452
7720,0.34403587820511916,0.8847743975389829
7721,0.34196109601708047,0.8830066171135904
7722,0.33989671559823253,0.8812423687158438
7723,0.337842691190405,0.879481645288747
7724,0.3357989772265532,0.8777244397894041
7725,0.33376552832998085,0.8759707451889904
7726,0.3317422993135609,0.8742205544727256
7727,0.3297292451789645,0.8724738606398443
7728,0.32772632111588784,0.8707306567035689
7729,0.3257334825012869,0.8689909356910811
7730,0.3237506848986121,0.8672546906434949
7731,0.3217778840570472,0.8655219146158275
7732,0.3198150359107512,0.8637926006769727
7733,0.3178620965781044,0.8620667419096724
7734,0.3159190223609542,0.8603443314104889
7735,0.31398576974386794,0.8586253622897784
7736,0.3120622953933861,0.8569098276716617
7737,0.31014855615728,0.8551977206939984
7738,0.30824450906381107,0.853489034508358
7739,0.3063501113209944,0.8517837622799936
7740,0.3044653203158646,0.8500818971878141
7741,0.30259009361374484,0.8483834324243569
7742,0.30072438895751913,0.8466883611957605
7743,0.29886816426690627,0.8449966767217378
7744,0.2970213776377384,0.8433083722355487
7745,0.29518398734124157,0.8416234409839729
7746,0.29335595182331914,0.8399418762272832
7747,0.2915372297038388,0.8382636712392184
7748,0.28972777977592135,0.8365888193069562
7749,0.2879275610052332,0.8349173137310867
7750,0.2861365325292819,0.8332491478255852
7751,0.2843546536567128,0.8315843149177862
7752,0.28258188386661204,0.8299228083483556
7753,0.280818182807808,0.8282646214712649
7754,0.27906351029817883,0.8266097476537645
7755,0.27731782632396157,0.8249581802763568
7756,0.27558109103906386,0.8233099127327701
7757,0.27385326476437943,0.8216649384299322
7758,0.27213430798710486,0.8200232507879436
7759,0.2704241813600605,0.8183848432400515
7760,0.2687228457010128,0.8167497092326234
7761,0.26703026199200086,0.8151178422251213
7762,0.2653463913786649,0.8134892356900749
7763,0.26367119516957727,0.811863883113056
7764,0.26200463483557623,0.810241777992652
7765,0.2603466720091028,0.8086229138404402
7766,0.25869726848353974,0.8070072841809619
7767,0.2570563862125546,0.8053948825516963
7768,0.2554239873094429,0.8037857025030349
7769,0.2538000340464765,0.8021797375982553
7770,0.25218448885425254,0.8005769814134956
7771,0.25057731432104724,0.7989774275377289
7772,0.24897847319216954,0.7973810695727377
7773,0.24738792836932055,0.795787901133088
7774,0.2458056429099526,0.7941979158461039
7775,0.24423158002663278,0.7926111073518421
7776,0.24266570308640817,0.7910274693030664
7777,0.24110797561017386,0.7894469953652229
7778,0.23955836127204452,0.7878696792164133
7779,0.238016823898726,0.786295514547371
7780,0.23648332746889233,0.7847244950614353
7781,0.2349578361125634,0.7831566144745261
7782,0.23344031411048588,0.781591866515119
7783,0.23193072589351624,0.7800302449242202
7784,0.23042903604200687,0.7784717434553412
7785,0.22893520928519387,0.7769163558744738
7786,0.22744921050058778,0.7753640759600658
7787,0.22597100471336726,0.7738148975029957
7788,0.22450055709577432,0.7722688143065471
7789,0.22303783296651192,0.7707258201863856
7790,0.22158279779014542,0.7691859089705324
7791,0.22013541717650473,0.7676490744993406
7792,0.21869565688008982,0.7661153106254704
7793,0.21726348279947882,0.7645846112138641
7794,0.2158388609767373,0.7630569701417222
7795,0.21442175759683185,0.7615323812984782
7796,0.2130121389870439,0.7600108385857748
7797,0.21160997161638775,0.7584923359174391
7798,0.21021522209502985,0.7569768672194584
7799,0.20882785717371058,0.7554644264299559
7800,0.20744784374316874,0.7539550074991664
7801,0.20607514883356826,0.7524486043894122
7802,0.20470973961392683,0.7509452110750788
7803,0.2033515833915474,0.749444821542591
7804,0.20200064761145145,0.7479474297903885
7805,0.20065689985581506,0.7464530298289026
7806,0.199320307843407,0.7449616156805312
7807,0.19799083942902876,0.7434731813796158
7808,0.19666846260295764,0.7419877209724172
7809,0.1953531454903913,0.7405052285170918
7810,0.19404485635089525,0.7390256980836679
7811,0.19274356357785194,0.7375491237540216
7812,0.1914492356979121,0.7360754996218536
7813,0.19016184137044925,0.7346048197926658
7814,0.1888813493870155,0.7331370783837365
7815,0.18760772867079914,0.7316722695240983
7816,0.18634094827608574,0.7302103873545137
7817,0.18508097738772075,0.7287514260274521
7818,0.18382778532057376,0.7272953797070664
7819,0.18258134151900604,0.7258422425691692
7820,0.18134161555633913,0.7243920088012101
7821,0.18010857713432643,0.722944672602252
7822,0.17888219608262618,0.7215002281829482
7823,0.17766244235827744,0.7200586697655192
7824,0.17644928604517757,0.7186199915837294
7825,0.17524269735356166,0.717184187882864
7826,0.17404264661948476,0.7157512529197064
7827,0.17284910430430572,0.7143211809625147
7828,0.1716620409941729,0.7128939662909994
7829,0.170481427399513,0.7114696031962998
7830,0.16930723435452044,0.7100480859809616
7831,0.1681394328166501,0.708629408958914
7832,0.16697799386611142,0.7072135664554471
7833,0.16582288870536482,0.705800552807189
7834,0.1646740886586202,0.7043903623620832
7835,0.16353156517133696,0.7029829894793661
7836,0.1623952898097269,0.7015784285295441
7837,0.16126523426025818,0.7001766738943717
7838,0.16014137032916229,0.6987777199668284
7839,0.1590236699419422,0.6973815611510966
7840,0.15791210514288276,0.6959881918625395
7841,0.15680664809456338,0.6945976065276777
7842,0.15570727107737192,0.6932097995841681
7843,0.15461394648902163,0.6918247654807811
7844,0.1535266468440691,0.6904424986773785
7845,0.15244534477343472,0.6890629936448912
7846,0.15137001302392467,0.6876862448652973
7847,0.15030062445775524,0.6863122468315997
7848,0.14923715205207885,0.6849409940478046
7849,0.14817956889851197,0.6835724810288988
7850,0.14712784820266492,0.6822067023008286
7851,0.1460819632836742,0.6808436524004772
7852,0.14504188757373548,0.6794833258756433
7853,0.1440075946176397,0.6781257172850188
7854,0.14297905807230998,0.6767708211981677
7855,0.14195625170634163,0.6754186321955036
7856,0.1409391493995428,0.6740691448682687
7857,0.13992772514247784,0.6727223538185123
7858,0.1389219530360123,0.671378253659068
7859,0.13792180729085907,0.6700368390135336
7860,0.1369272622271278,0.6686981045162486
7861,0.13593829227387455,0.6673620448122732
7862,0.13495487196865466,0.666028654557367
7863,0.13397697595707633,0.6646979284179672
7864,0.1330045789923567,0.663369861071167
7865,0.13203765593487923,0.6620444472046957
7866,0.1310761817517537,0.660721681516896
7867,0.13012013151637697,0.6594015587167033
7868,0.1291694804079959,0.6580840735236246
7869,0.12822420371127263,0.6567692206677176
7870,0.12728427681585058,0.655456994889569
7871,0.12634967521592308,0.6541473909402737
7872,0.1254203745098031,0.6528404035814146
7873,0.12449635039949554,0.6515360275850401
7874,0.12357757869027011,0.6502342577336446
7875,0.12266403529023702,0.648935088820147
7876,0.12175569620992392,0.6476385156478701
7877,0.12085253756185445,0.6463445330305193
7878,0.11995453556012849,0.6450531357921624
7879,0.11906166652000447,0.6437643187672087
7880,0.11817390685748311,0.6424780768003885
7881,0.1172912330888928,0.641194404746732
7882,0.11641362183047675,0.6399132974715495
7883,0.11554104979798208,0.63863474985041
7884,0.11467349380624978,0.6373587567691216
7885,0.11381093076880734,0.63608531312371
7886,0.11295333769746219,0.6348144138203989
7887,0.11210069170189735,0.6335460537755896
7888,0.11125296998926851,0.6322802279158402
7889,0.11041014986380268,0.6310169311778453
7890,0.10957220872639838,0.6297561585084166
7891,0.10873912407422798,0.6284979048644616
7892,0.10791087350034084,0.627242165212964
7893,0.10708743469326887,0.6259889345309636
7894,0.10626878543663289,0.624738207805536
7895,0.1054549036087515,0.6234899800337727
7896,0.10464576718225063,0.6222442462227606
7897,0.1038413542236752,0.6210010013895633
7898,0.1030416428931024,0.6197602405611994
7899,0.1022466114437561,0.6185219587746241
7900,0.10145623822162336,0.6172861510767087
7901,0.10067050166507202,0.6160528125242206
7902,0.09988938030447016,0.614821938183804
7903,0.09911285276180694,0.6135935231319599
7904,0.09834089775031508,0.6123675624550264
7905,0.09757349407409485,0.6111440512491593
7906,0.09681062062773946,0.609922984620312
7907,0.09605225639596217,0.6087043576842164
7908,0.09529838045322461,0.6074881655663632
7909,0.0945489719633672,0.6062744034019822
7910,0.09380401017924016,0.6050630663360232
7911,0.09306347444233692,0.6038541495231363
7912,0.0923273441824285,0.6026476481276527
7913,0.0915955989171995,0.601443557323565
7914,0.09086821825188544,0.6002418722945085
7915,0.09014518187891198,0.5990425882337417
7916,0.08942646957753518,0.5978457003441264
7917,0.08871206121348316,0.5966512038381097
7918,0.0880019367385997,0.5954590939377038
7919,0.08729607619048889,0.5942693658744677
7920,0.08659445969216131,0.5930820148894873
7921,0.08589706745168167,0.5918970362333573
7922,0.08520387976181792,0.5907144251661615
7923,0.0845148769996917,0.5895341769574539
7924,0.08383003962643025,0.5883562868862402
7925,0.08314934818681967,0.5871807502409585
7926,0.0824727833089598,0.5860075623194607
7927,0.08180032570392021,0.5848367184289935
7928,0.08113195616539776,0.5836682138861798
7929,0.08046765556937548,0.582502044017
7930,0.07980740487378302,0.5813382041567727
7931,0.07915118511815794,0.5801766896501374
7932,0.07849897742330939,0.5790174958510341
7933,0.07785076299098186,0.5778606181226862
7934,0.07720652310352125,0.5767060518375814
7935,0.07656623912354228,0.5755537923774529
7936,0.0759298924935964,0.5744038351332612
7937,0.075297464735842,0.5732561755051759
7938,0.07466893745171552,0.572110808902557
7939,0.07404429232160394,0.5709677307439367
7940,0.07342351110451859,0.5698269364570004
7941,0.07280657563777015,0.5686884214785699
7942,0.07219346783664563,0.5675521812545834
7943,0.07158416969408546,0.5664182112400787
7944,0.07097866328036323,0.5652865068991744
7945,0.0703769307427657,0.5641570637050511
7946,0.06977895430527445,0.563029877139935
7947,0.06918471626824932,0.5619049426950781
7948,0.06859419900811213,0.5607822558707412
7949,0.06800738497703271,0.5596618121761755
7950,0.06742425670261545,0.5585436071296047
7951,0.0668447967875874,0.5574276362582072
7952,0.06626898790948786,0.5563138950980979
7953,0.06569681282035875,0.5552023791943108
7954,0.0651282543464368,0.5540930841007807
7955,0.06456329538784643,0.5529860053803258
7956,0.06400191891829425,0.5518811386046298
7957,0.06344410798476476,0.550778479354224
7958,0.06288984570721694,0.54967802321847
7959,0.06233911527828287,0.5485797657955418
7960,0.06179189996296642,0.5474837026924082
7961,0.0612481830983443,0.5463898295248153
7962,0.06070794809326755,0.545298141917269
7963,0.060171178428064645,0.5442086355030176
7964,0.059637857654245695,0.5431213059240336
7965,0.05910796939420755,0.5420361488309977
7966,0.05858149734094088,0.5409531598832797
7967,0.05805842525773738,0.5398723347489225
7968,0.05753873697789913,0.5387936691046241
7969,0.05702241640444872,0.5377171586357207
7970,0.05650944750984039,0.5366427990361686
7971,0.0559998143356725,0.5355705860085282
7972,0.05549350099240141,0.5345005152639459
7973,0.054990491659056145,0.5334325825221374
7974,0.054490770582954505,0.5323667835113702
7975,0.05399432207942001,0.531303113968447
7976,0.05350113053150038,0.530241569638688
7977,0.0530111803896868,0.5291821462759144
7978,0.05252445617163464,0.5281248396424316
7979,0.05204094246188515,0.5270696455090116
7980,0.051560623911588194,0.5260165596548763
7981,0.05108348523822624,0.5249655778676809
7982,0.050609511225339625,0.5239166959434971
7983,0.05013868672225254,0.5228699096867955
7984,0.049670996643800376,0.5218252149104299
7985,0.04920642597005841,0.5207826074356195
7986,0.04874495974607089,0.5197420830919335
7987,0.0482865830815822,0.5187036377172727
7988,0.04783128115076806,0.5176672671578544
7989,0.04737903919196876,0.516632967268195
7990,0.04692984250742283,0.5156007339110934
7991,0.046483676463002103,0.514570562957615
7992,0.04604052648794785,0.5135424502870746
7993,0.04560037807460772,0.5125163917870199
7994,0.04516321677817415,0.5114923833532159
7995,0.04472902821642364,0.5104704208896271
7996,0.044297798069456794,0.5094505003084027
7997,0.04386951207944019,0.5084326175298586
7998,0.04344415605034831,0.5074167684824626
7999,0.04302171584770751,0.5064029491028171
