k,x,vm
0,0.0,0.0
1,0.0,0.0
2,0.0,0.0
3,0.0,0.0
4,0.0,0.0
5,0.0,0.0
6,0.0,0.0
7,0.0,0.0
8,0.0,0.0
9,0.0,0.0
10,0.0,0.0
11,0.0,0.0
12,0.0,0.0
13,0.0,0.0
14,0.0,0.0
15,0.0,0.0
16,0.0,0.0
17,0.0,0.0
18,0.0,0.0
19,0.0,0.0
20,0.0,0.0
21,0.0,0.0
22,0.0,0.0
23,0.0,0.0
24,0.0,0.0
25,0.0,0.0
26,0.0,0.0
27,0.0,0.0
28,0.0,0.0
29,0.0,0.0
30,0.0,0.0
31,0.0,0.0
32,0.0,0.0
33,0.0,0.0
34,0.0,0.0
35,0.0,0.0
36,0.0,0.0
37,0.0,0.0
38,0.0,0.0
39,0.0,0.0
40,0.0,0.0
41,0.0,0.0
42,0.0,0.0
43,0.0,0.0
44,0.0,0.0
45,0.0,0.0
46,0.0,0.0
47,0.0,0.0
48,0.0,0.0
49,0.0,0.0
50,0.0,0.0
51,0.0,0.0
52,0.0,0.0
53,0.0,0.0
54,0.0,0.0
55,0.0,0.0
56,0.0,0.0
57,0.0,0.0
58,0.0,0.0
59,0.0,0.0
60,0.0,0.0
61,0.0,0.0
62,0.0,0.0
63,0.0,0.0
64,0.0,0.0
65,0.0,0.0
66,0.0,0.0
67,0.0,0.0
68,0.0,0.0
69,0.0,0.0
70,0.0,0.0
71,0.0,0.0
72,0.0,0.0
73,0.0,0.0
74,0.0,0.0
75,0.0,0.0
76,0.0,0.0
77,0.0,0.0
78,0.0,0.0
79,0.0,0.0
80,0.0,0.0
81,0.0,0.0
82,0.0,0.0
83,0.0,0.0
84,0.0,0.0
85,0.0,0.0
86,0.0,0.0
87,0.0,0.0
88,0.0,0.0
89,0.0,0.0
90,0.0,0.0
91,0.0,0.0
92,0.0,0.0
93,0.0,0.0
94,0.0,0.0
95,0.0,0.0
96,0.0,0.0
97,0.0,0.0
98,0.0,0.0
99,0.0,0.0
100,0.0,0.0
101,0.0,0.0
102,0.0,0.0
103,0.0,0.0
104,0.0,0.0
105,0.0,0.0
106,0.0,0.0
107,0.0,0.0
108,0.0,0.0
109,0.0,0.0
110,0.0,0.0
111,0.0,0.0
112,0.0,0.0
113,0.0,0.0
114,0.0,0.0
115,0.0,0.0
116,0.0,0.0
117,0.0,0.0
118,0.0,0.0
119,0.0,0.0
120,0.0,0.0
121,0.0,0.0
122,0.0,0.0
123,0.0,0.0
124,0.0,0.0
125,0.0,0.0
126,0.0,0.0
127,0.0,0.0
128,0.0,0.0
129,0.0,0.0
130,0.0,0.0
131,0.0,0.0
132,0.0,0.0
133,0.0,0.0
134,0.0,0.0
135,0.0,0.0
136,0.0,0.0
137,0.0,0.0
138,0.0,0.0
139,0.0,0.0
140,0.0,0.0
141,0.0,0.0
142,0.0,0.0
143,0.0,0.0
144,0.0,0.0
145,0.0,0.0
146,0.0,0.0
147,0.0,0.0
148,0.0,0.0
149,0.0,0.0
150,0.0,0.0
151,0.0,0.0
152,0.0,0.0
153,0.0,0.0
154,0.0,0.0
155,0.0,0.0
156,0.0,0.0
157,0.0,0.0
158,0.0,0.0
159,0.0,0.0
160,0.0,0.0
161,0.0,0.0
162,0.0,0.0
163,0.0,0.0
164,0.0,0.0
165,0.0,0.0
166,0.0,0.0
167,0.0,0.0
168,0.0,0.0
169,0.0,0.0
170,0.0,0.0
171,0.0,0.0
172,0.0,0.0
173,0.0,0.0
174,0.0,0.0
175,0.0,0.0
176,0.0,0.0
177,0.0,0.0
178,0.0,0.0
179,0.0,0.0
180,0.0,0.0
181,0.0,0.0
182,0.0,0.0
183,0.0,0.0
184,0.0,0.0
185,0.0,0.0
186,0.0,0.0
187,0.0,0.0
188,0.0,0.0
189,0.0,0.0
190,0.0,0.0
191,0.0,0.0
192,0.0,0.0
193,0.0,0.0
194,0.0,0.0
195,0.0,0.0
196,0.0,0.0
197,0.0,0.0
198,0.0,0.0
199,0.0,0.0
200,0.0,0.0
201,0.0,0.0
202,0.0,0.0
203,0.0,0.0
204,0.0,0.0
205,0.0,0.0
206,0.0,0.0
207,0.0,0.0
208,0.0,0.0
209,0.0,0.0
210,0.0,0.0
211,0.0,0.0
212,0.0,0.0
213,0.0,0.0
214,0.0,0.0
215,0.0,0.0
216,0.0,0.0
217,0.0,0.0
218,0.0,0.0
219,0.0,0.0
220,0.0,0.0
221,0.0,0.0
222,0.0,0.0
223,0.0,0.0
224,0.0,0.0
225,0.0,0.0
226,0.0,0.0
227,0.0,0.0
228,0.0,0.0
229,0.0,0.0
230,0.0,0.0
231,0.0,0.0
232,0.0,0.0
233,0.0,0.0
234,0.0,0.0
235,0.0,0.0
236,0.0,0.0
237,0.0,0.0
238,0.0,0.0
239,0.0,0.0
240,0.0,0.0
241,0.0,0.0
242,0.0,0.0
243,0.0,0.0
244,0.0,0.0
245,0.0,0.0
246,0.0,0.0
247,0.0,0.0
248,0.0,0.0
249,0.0,0.0
250,0.0,0.0
251,0.0,0.0
252,0.0,0.0
253,0.0,0.0
254,0.0,0.0
255,0.0,0.0
256,0.0,0.0
257,0.0,0.0
258,0.0,0.0
259,0.0,0.0
260,0.0,0.0
261,0.0,0.0
262,0.0,0.0
263,0.0,0.0
264,0.0,0.0
265,0.0,0.0
266,0.0,0.0
267,0.0,0.0
268,0.0,0.0
269,0.0,0.0
270,0.0,0.0
271,0.0,0.0
272,0.0,0.0
273,0.0,0.0
274,0.0,0.0
275,0.0,0.0
276,0.0,0.0
277,0.0,0.0
278,0.0,0.0
279,0.0,0.0
280,0.0,0.0
281,0.0,0.0
282,0.0,0.0
283,0.0,0.0
284,0.0,0.0
285,0.0,0.0
286,0.0,0.0
287,0.0,0.0
288,0.0,0.0
289,0.0,0.0
290,0.0,0.0
291,0.0,0.0
292,0.0,0.0
293,0.0,0.0
294,0.0,0.0
295,0.0,0.0
296,0.0,0.0
297,0.0,0.0
298,0.0,0.0
299,0.0,0.0
300,0.0,0.0
301,0.0,0.0
302,0.0,0.0
303,0.0,0.0
304,0.0,0.0
305,0.0,0.0
306,0.0,0.0
307,0.0,0.0
308,0.0,0.0
309,0.0,0.0
310,0.0,0.0
311,0.0,0.0
312,0.0,0.0
313,0.0,0.0
314,0.0,0.0
315,0.0,0.0
316,0.0,0.0
317,0.0,0.0
318,0.0,0.0
319,0.0,0.0
320,0.0,0.0
321,0.0,0.0
322,0.0,0.0
323,0.0,0.0
324,0.0,0.0
325,0.0,0.0
326,0.0,0.0
327,0.0,0.0
328,0.0,0.0
329,0.0,0.0
330,0.0,0.0
331,0.0,0.0
332,0.0,0.0
333,0.0,0.0
334,0.0,0.0
335,0.0,0.0
336,0.0,0.0
337,0.0,0.0
338,0.0,0.0
339,0.0,0.0
340,0.0,0.0
341,0.0,0.0
342,0.0,0.0
343,0.0,0.0
344,0.0,0.0
345,0.0,0.0
346,0.0,0.0
347,0.0,0.0
348,0.0,0.0
349,0.0,0.0
350,0.0,0.0
351,0.0,0.0
352,0.0,0.0
353,0.0,0.0
354,0.0,0.0
355,0.0,0.0
356,0.0,0.0
357,0.0,0.0
358,0.0,0.0
359,0.0,0.0
360,0.0,0.0
361,0.0,0.0
362,0.0,0.0
363,0.0,0.0
364,0.0,0.0
365,0.0,0.0
366,0.0,0.0
367,0.0,0.0
368,0.0,0.0
369,0.0,0.0
370,0.0,0.0
371,0.0,0.0
372,0.0,0.0
373,0.0,0.0
374,0.0,0.0
375,0.0,0.0
376,0.0,0.0
377,0.0,0.0
378,0.0,0.0
379,0.0,0.0
380,0.0,0.0
381,0.0,0.0
382,0.0,0.0
383,0.0,0.0
384,0.0,0.0
385,0.0,0.0
386,0.0,0.0
387,0.0,0.0
388,0.0,0.0
389,0.0,0.0
390,0.0,0.0
391,0.0,0.0
392,0.0,0.0
393,0.0,0.0
394,0.0,0.0
395,0.0,0.0
396,0.0,0.0
397,0.0,0.0
398,0.0,0.0
399,0.0,0.0
400,0.0,0.0
401,0.0,0.0
402,0.0,0.0
403,0.0,0.0
404,0.0,0.0
405,0.0,0.0
406,0.0,0.0
407,0.0,0.0
408,0.0,0.0
409,0.0,0.0
410,0.0,0.0
411,0.0,0.0
412,0.0,0.0
413,0.0,0.0
414,0.0,0.0
415,0.0,0.0
416,0.0,0.0
417,0.0,0.0
418,0.0,0.0
419,0.0,0.0
420,0.0,0.0
421,0.0,0.0
422,0.0,0.0
423,0.0,0.0
424,0.0,0.0
425,0.0,0.0
426,0.0,0.0
427,0.0,0.0
428,0.0,0.0
429,0.0,0.0
430,0.0,0.0
431,0.0,0.0
432,0.0,0.0
433,0.0,0.0
434,0.0,0.0
435,0.0,0.0
436,0.0,0.0
437,0.0,0.0
438,0.0,0.0
439,0.0,0.0
440,0.0,0.0
441,0.0,0.0
442,0.0,0.0
443,0.0,0.0
444,0.0,0.0
445,0.0,0.0
446,0.0,0.0
447,0.0,0.0
448,0.0,0.0
449,0.0,0.0
450,0.0,0.0
451,0.0,0.0
452,0.0,0.0
453,0.0,0.0
454,0.0,0.0
455,0.0,0.0
456,0.0,0.0
457,0.0,0.0
458,0.0,0.0
459,0.0,0.0
460,0.0,0.0
461,0.0,0.0
462,0.0,0.0
463,0.0,0.0
464,0.0,0.0
465,0.0,0.0
466,0.0,0.0
467,0.0,0.0
468,0.0,0.0
469,0.0,0.0
470,0.0,0.0
471,0.0,0.0
472,0.0,0.0
473,0.0,0.0
474,0.0,0.0
475,0.0,0.0
476,0.0,0.0
477,0.0,0.0
478,0.0,0.0
479,0.0,0.0
480,0.0,0.0
481,0.0,0.0
482,0.0,0.0
483,0.0,0.0
484,0.0,0.0
485,0.0,0.0
486,0.0,0.0
487,0.0,0.0
488,0.0,0.0
489,0.0,0.0
490,0.0,0.0
491,0.0,0.0
492,0.0,0.0
493,0.0,0.0
494,0.0,0.0
495,0.0,0.0
496,0.0,0.0
497,0.0,0.0
498,0.0,0.0
499,0.0,0.0
500,0.0,0.0
501,0.0,0.0
502,0.0,0.0
503,0.0,0.0
504,0.0,0.0
505,0.0,0.0
506,0.0,0.0
507,0.0,0.0
508,0.0,0.0
509,0.0,0.0
510,0.0,0.0
511,0.0,0.0
512,0.0,0.0
513,0.0,0.0
514,0.0,0.0
515,0.0,0.0
516,0.0,0.0
517,0.0,0.0
518,0.0,0.0
519,0.0,0.0
520,0.0,0.0
521,0.0,0.0
522,0.0,0.0
523,0.0,0.0
524,0.0,0.0
525,0.0,0.0
526,0.0,0.0
527,0.0,0.0
528,0.0,0.0
529,0.0,0.0
530,0.0,0.0
531,0.0,0.0
532,0.0,0.0
533,0.0,0.0
534,0.0,0.0
535,0.0,0.0
536,0.0,0.0
537,0.0,0.0
538,0.0,0.0
539,0.0,0.0
540,0.0,0.0
541,0.0,0.0
542,0.0,0.0
543,0.0,0.0
544,0.0,0.0
545,0.0,0.0
546,0.0,0.0
547,0.0,0.0
548,0.0,0.0
549,0.0,0.0
550,0.0,0.0
551,0.0,0.0
552,0.0,0.0
553,0.0,0.0
554,0.0,0.0
555,0.0,0.0
556,0.0,0.0
557,0.0,0.0
558,0.0,0.0
559,0.0,0.0
560,0.0,0.0
561,0.0,0.0
562,0.0,0.0
563,0.0,0.0
564,0.0,0.0
565,0.0,0.0
566,0.0,0.0
567,0.0,0.0
568,0.0,0.0
569,0.0,0.0
570,0.0,0.0
571,0.0,0.0
572,0.0,0.0
573,0.0,0.0
574,0.0,0.0
575,0.0,0.0
576,0.0,0.0
577,0.0,0.0
578,0.0,0.0
579,0.0,0.0
580,0.0,0.0
581,0.0,0.0
582,0.0,0.0
583,0.0,0.0
584,0.0,0.0
585,0.0,0.0
586,0.0,0.0
587,0.0,0.0
588,0.0,0.0
589,0.0,0.0
590,0.0,0.0
591,0.0,0.0
592,0.0,0.0
593,0.0,0.0
594,0.0,0.0
595,0.0,0.0
596,0.0,0.0
597,0.0,0.0
598,0.0,0.0
599,0.0,0.0
600,0.0,0.0
601,0.0,0.0
602,0.0,0.0
603,0.0,0.0
604,0.0,0.0
605,0.0,0.0
606,0.0,0.0
607,0.0,0.0
608,0.0,0.0
609,0.0,0.0
610,0.0,0.0
611,0.0,0.0
612,0.0,0.0
613,0.0,0.0
614,0.0,0.0
615,0.0,0.0
616,0.0,0.0
617,0.0,0.0
618,0.0,0.0
619,0.0,0.0
620,0.0,0.0
621,0.0,0.0
622,0.0,0.0
623,0.0,0.0
624,0.0,0.0
625,0.0,0.0
626,0.0,0.0
627,0.0,0.0
628,0.0,0.0
629,0.0,0.0
630,0.0,0.0
631,0.0,0.0
632,0.0,0.0
633,0.0,0.0
634,0.0,0.0
635,0.0,0.0
636,0.0,0.0
637,0.0,0.0
638,0.0,0.0
639,0.0,0.0
640,0.0,0.0
641,0.0,0.0
642,0.0,0.0
643,0.0,0.0
644,0.0,0.0
645,0.0,0.0
646,0.0,0.0
647,0.0,0.0
648,0.0,0.0
649,0.0,0.0
650,0.0,0.0
651,0.0,0.0
652,0.0,0.0
653,0.0,0.0
654,0.0,0.0
655,0.0,0.0
656,0.0,0.0
657,0.0,0.0
658,0.0,0.0
659,0.0,0.0
660,0.0,0.0
661,0.0,0.0
662,0.0,0.0
663,0.0,0.0
664,0.0,0.0
665,0.0,0.0
666,0.0,0.0
667,0.0,0.0
668,0.0,0.0
669,0.0,0.0
670,0.0,0.0
671,0.0,0.0
672,0.0,0.0
673,0.0,0.0
674,0.0,0.0
675,0.0,0.0
676,0.0,0.0
677,0.0,0.0
678,0.0,0.0
679,0.0,0.0
680,0.0,0.0
681,0.0,0.0
682,0.0,0.0
683,0.0,0.0
684,0.0,0.0
685,0.0,0.0
686,0.0,0.0
687,0.0,0.0
688,0.0,0.0
689,0.0,0.0
690,0.0,0.0
691,0.0,0.0
692,0.0,0.0
693,0.0,0.0
694,0.0,0.0
695,0.0,0.0
696,0.0,0.0
697,0.0,0.0
698,0.0,0.0
699,0.0,0.0
700,0.0,0.0
701,0.0,0.0
702,0.0,0.0
703,0.0,0.0
704,0.0,0.0
705,0.0,0.0
706,0.0,0.0
707,0.0,0.0
708,0.0,0.0
709,0.0,0.0
710,0.0,0.0
711,0.0,0.0
712,0.0,0.0
713,0.0,0.0
714,0.0,0.0
715,0.0,0.0
716,0.0,0.0
717,0.0,0.0
718,0.0,0.0
719,0.0,0.0
720,0.0,0.0
721,0.0,0.0
722,0.0,0.0
723,0.0,0.0
724,0.0,0.0
725,0.0,0.0
726,0.0,0.0
727,0.0,0.0
728,0.0,0.0
729,0.0,0.0
730,0.0,0.0
731,0.0,0.0
732,0.0,0.0
733,0.0,0.0
734,0.0,0.0
735,0.0,0.0
736,0.0,0.0
737,0.0,0.0
738,0.0,0.0
739,0.0,0.0
740,0.0,0.0
741,0.0,0.0
742,0.0,0.0
743,0.0,0.0
744,0.0,0.0
745,0.0,0.0
746,0.0,0.0
747,0.0,0.0
748,0.0,0.0
749,0.0,0.0
750,0.0,0.0
751,0.0,0.0
752,0.0,0.0
753,0.0,0.0
754,0.0,0.0
755,0.0,0.0
756,0.0,0.0
757,0.0,0.0
758,0.0,0.0
759,0.0,0.0
760,0.0,0.0
761,0.0,0.0
762,0.0,0.0
763,0.0,0.0
764,0.0,0.0
765,0.0,0.0
766,0.0,0.0
767,0.0,0.0
768,0.0,0.0
769,0.0,0.0
770,0.0,0.0
771,0.0,0.0
772,0.0,0.0
773,0.0,0.0
774,0.0,0.0
775,0.0,0.0
776,0.0,0.0
777,0.0,0.0
778,0.0,0.0
779,0.0,0.0
780,0.0,0.0
781,0.0,0.0
782,0.0,0.0
783,0.0,0.0
784,0.0,0.0
785,0.0,0.0
786,0.0,0.0
787,0.0,0.0
788,0.0,0.0
789,0.0,0.0
790,0.0,0.0
791,0.0,0.0
792,0.0,0.0
793,0.0,0.0
794,0.0,0.0
795,0.0,0.0
796,0.0,0.0
797,0.0,0.0
798,0.0,0.0
799,0.0,0.0
800,0.0,0.0
801,0.0,0.0
802,0.0,0.0
803,0.0,0.0
804,0.0,0.0
805,0.0,0.0
806,0.0,0.0
807,0.0,0.0
808,0.0,0.0
809,0.0,0.0
810,0.0,0.0
811,0.0,0.0
812,0.0,0.0
813,0.0,0.0
814,0.0,0.0
815,0.0,0.0
816,0.0,0.0
817,0.0,0.0
818,0.0,0.0
819,0.0,0.0
820,0.0,0.0
821,0.0,0.0
822,0.0,0.0
823,0.0,0.0
824,0.0,0.0
825,0.0,0.0
826,0.0,0.0
827,0.0,0.0
828,0.0,0.0
829,0.0,0.0
830,0.0,0.0
831,0.0,0.0
832,0.0,0.0
833,0.0,0.0
834,0.0,0.0
835,0.0,0.0
836,0.0,0.0
837,0.0,0.0
838,0.0,0.0
839,0.0,0.0
840,0.0,0.0
841,0.0,0.0
842,0.0,0.0
843,0.0,0.0
844,0.0,0.0
845,0.0,0.0
846,0.0,0.0
847,0.0,0.0
848,0.0,0.0
849,0.0,0.0
850,0.0,0.0
851,0.0,0.0
852,0.0,0.0
853,0.0,0.0
854,0.0,0.0
855,0.0,0.0
856,0.0,0.0
857,0.0,0.0
858,0.0,0.0
859,0.0,0.0
860,0.0,0.0
861,0.0,0.0
862,0.0,0.0
863,0.0,0.0
864,0.0,0.0
865,0.0,0.0
866,0.0,0.0
867,0.0,0.0
868,0.0,0.0
869,0.0,0.0
870,0.0,0.0
871,0.0,0.0
872,0.0,0.0
873,0.0,0.0
874,0.0,0.0
875,0.0,0.0
876,0.0,0.0
877,0.0,0.0
878,0.0,0.0
879,0.0,0.0
880,0.0,0.0
881,0.0,0.0
882,0.0,0.0
883,0.0,0.0
884,0.0,0.0
885,0.0,0.0
886,0.0,0.0
887,0.0,0.0
888,0.0,0.0
889,0.0,0.0
890,0.0,0.0
891,0.0,0.0
892,0.0,0.0
893,0.0,0.0
894,0.0,0.0
895,0.0,0.0
896,0.0,0.0
897,0.0,0.0
898,0.0,0.0
899,0.0,0.0
900,0.0,0.0
901,0.0,0.0
902,0.0,0.0
903,0.0,0.0
904,0.0,0.0
905,0.0,0.0
906,0.0,0.0
907,0.0,0.0
908,0.0,0.0
909,0.0,0.0
910,0.0,0.0
911,0.0,0.0
912,0.0,0.0
913,0.0,0.0
914,0.0,0.0
915,0.0,0.0
916,0.0,0.0
917,0.0,0.0
918,0.0,0.0
919,0.0,0.0
920,0.0,0.0
921,0.0,0.0
922,0.0,0.0
923,0.0,0.0
924,0.0,0.0
925,0.0,0.0
926,0.0,0.0
927,0.0,0.0
928,0.0,0.0
929,0.0,0.0
930,0.0,0.0
931,0.0,0.0
932,0.0,0.0
933,0.0,0.0
934,0.0,0.0
935,0.0,0.0
936,0.0,0.0
937,0.0,0.0
938,0.0,0.0
939,0.0,0.0
940,0.0,0.0
941,0.0,0.0
942,0.0,0.0
943,0.0,0.0
944,0.0,0.0
945,0.0,0.0
946,0.0,0.0
947,0.0,0.0
948,0.0,0.0
949,0.0,0.0
950,0.0,0.0
951,0.0,0.0
952,0.0,0.0
953,0.0,0.0
954,0.0,0.0
955,0.0,0.0
956,0.0,0.0
957,0.0,0.0
958,0.0,0.0
959,0.0,0.0
960,0.0,0.0
961,0.0,0.0
962,0.0,0.0
963,0.0,0.0
964,0.0,0.0
965,0.0,0.0
966,0.0,0.0
967,0.0,0.0
968,0.0,0.0
969,0.0,0.0
970,0.0,0.0
971,0.0,0.0
972,0.0,0.0
973,0.0,0.0
974,0.0,0.0
975,0.0,0.0
976,0.0,0.0
977,0.0,0.0
978,0.0,0.0
979,0.0,0.0
980,0.0,0.0
981,0.0,0.0
982,0.0,0.0
983,0.0,0.0
984,0.0,0.0
985,0.0,0.0
986,0.0,0.0
987,0.0,0.0
988,0.0,0.0
989,0.0,0.0
990,0.0,0.0
991,0.0,0.0
992,0.0,0.0
993,0.0,0.0
994,0.0,0.0
995,0.0,0.0
996,0.0,0.0
997,0.0,0.0
998,0.0,0.0
999,0.0,0.0
1000,0.0,0.0
1001,0.0,0.0
1002,0.0,0.0
1003,0.0,0.0
1004,0.0,0.0
1005,0.0,0.0
1006,0.0,0.0
1007,0.0,0.0
1008,0.0,0.0
1009,0.0,0.0
1010,0.0,0.0
1011,0.0,0.0
1012,0.0,0.0
1013,0.0,0.0
1014,0.0,0.0
1015,0.0,0.0
1016,0.0,0.0
1017,0.0,0.0
1018,0.0,0.0
1019,0.0,0.0
1020,0.0,0.0
1021,0.0,0.0
1022,0.0,0.0
1023,0.0,0.0
1024,0.0,0.0
1025,0.0,0.0
1026,0.0,0.0
1027,0.0,0.0
1028,0.0,0.0
1029,0.0,0.0
1030,0.0,0.0
1031,0.0,0.0
1032,0.0,0.0
1033,0.0,0.0
1034,0.0,0.0
1035,0.0,0.0
1036,0.0,0.0
1037,0.0,0.0
1038,0.0,0.0
1039,0.0,0.0
1040,0.0,0.0
1041,0.0,0.0
1042,0.0,0.0
1043,0.0,0.0
1044,0.0,0.0
1045,0.0,0.0
1046,0.0,0.0
1047,0.0,0.0
1048,0.0,0.0
1049,0.0,0.0
1050,0.0,0.0
1051,0.0,0.0
1052,0.0,0.0
1053,0.0,0.0
1054,0.0,0.0
1055,0.0,0.0
1056,0.0,0.0
1057,0.0,0.0
1058,0.0,0.0
1059,0.0,0.0
1060,0.0,0.0
1061,0.0,0.0
1062,0.0,0.0
1063,0.0,0.0
1064,0.0,0.0
1065,0.0,0.0
1066,0.0,0.0
1067,0.0,0.0
1068,0.0,0.0
1069,0.0,0.0
1070,0.0,0.0
1071,0.0,0.0
1072,0.0,0.0
1073,0.0,0.0
1074,0.0,0.0
1075,0.0,0.0
1076,0.0,0.0
1077,0.0,0.0
1078,0.0,0.0
1079,0.0,0.0
1080,0.0,0.0
1081,0.0,0.0
1082,0.0,0.0
1083,0.0,0.0
1084,0.0,0.0
1085,0.0,0.0
1086,0.0,0.0
1087,0.0,0.0
1088,0.0,0.0
1089,0.0,0.0
1090,0.0,0.0
1091,0.0,0.0
1092,0.0,0.0
1093,0.0,0.0
1094,0.0,0.0
1095,0.0,0.0
1096,0.0,0.0
1097,0.0,0.0
1098,0.0,0.0
1099,0.0,0.0
1100,0.0,0.0
1101,0.0,0.0
1102,0.0,0.0
1103,0.0,0.0
1104,0.0,0.0
1105,0.0,0.0
1106,0.0,0.0
1107,0.0,0.0
1108,0.0,0.0
1109,0.0,0.0
1110,0.0,0.0
1111,0.0,0.0
1112,0.0,0.0
1113,0.0,0.0
1114,0.0,0.0
1115,0.0,0.0
1116,0.0,0.0
1117,0.0,0.0
1118,0.0,0.0
1119,0.0,0.0
1120,0.0,0.0
1121,0.0,0.0
1122,0.0,0.0
1123,0.0,0.0
1124,0.0,0.0
1125,0.0,0.0
1126,0.0,0.0
1127,0.0,0.0
1128,0.0,0.0
1129,0.0,0.0
1130,0.0,0.0
1131,0.0,0.0
1132,0.0,0.0
1133,0.0,0.0
1134,0.0,0.0
1135,0.0,0.0
1136,0.0,0.0
1137,0.0,0.0
1138,0.0,0.0
1139,0.0,0.0
1140,0.0,0.0
1141,0.0,0.0
1142,0.0,0.0
1143,0.0,0.0
1144,0.0,0.0
1145,0.0,0.0
1146,0.0,0.0
1147,0.0,0.0
1148,0.0,0.0
1149,0.0,0.0
1150,0.0,0.0
1151,0.0,0.0
1152,0.0,0.0
1153,0.0,0.0
1154,0.0,0.0
1155,0.0,0.0
1156,0.0,0.0
1157,0.0,0.0
1158,0.0,0.0
1159,0.0,0.0
1160,0.0,0.0
1161,0.0,0.0
1162,0.0,0.0
1163,0.0,0.0
1164,0.0,0.0
1165,0.0,0.0
1166,0.0,0.0
1167,0.0,0.0
1168,0.0,0.0
1169,0.0,0.0
1170,0.0,0.0
1171,0.0,0.0
1172,0.0,0.0
1173,0.0,0.0
1174,0.0,0.0
1175,0.0,0.0
1176,0.0,0.0
1177,0.0,0.0
1178,0.0,0.0
1179,0.0,0.0
1180,0.0,0.0
1181,0.0,0.0
1182,0.0,0.0
1183,0.0,0.0
1184,0.0,0.0
1185,0.0,0.0
1186,0.0,0.0
1187,0.0,0.0
1188,0.0,0.0
1189,0.0,0.0
1190,0.0,0.0
1191,0.0,0.0
1192,0.0,0.0
1193,0.0,0.0
1194,0.0,0.0
1195,0.0,0.0
1196,0.0,0.0
1197,0.0,0.0
1198,0.0,0.0
1199,0.0,0.0
1200,0.0,0.0
1201,0.0,0.0
1202,0.0,0.0
1203,0.0,0.0
1204,0.0,0.0
1205,0.0,0.0
1206,0.0,0.0
1207,0.0,0.0
1208,0.0,0.0
1209,0.0,0.0
1210,0.0,0.0
1211,0.0,0.0
1212,0.0,0.0
1213,0.0,0.0
1214,0.0,0.0
1215,0.0,0.0
1216,0.0,0.0
1217,0.0,0.0
1218,0.0,0.0
1219,0.0,0.0
1220,0.0,0.0
1221,0.0,0.0
1222,0.0,0.0
1223,0.0,0.0
1224,0.0,0.0
1225,0.0,0.0
1226,0.0,0.0
1227,0.0,0.0
1228,0.0,0.0
1229,0.0,0.0
1230,0.0,0.0
1231,0.0,0.0
1232,0.0,0.0
1233,0.0,0.0
1234,0.0,0.0
1235,0.0,0.0
1236,0.0,0.0
1237,0.0,0.0
1238,0.0,0.0
1239,0.0,0.0
1240,0.0,0.0
1241,0.0,0.0
1242,0.0,0.0
1243,0.0,0.0
1244,0.0,0.0
1245,0.0,0.0
1246,0.0,0.0
1247,0.0,0.0
1248,0.0,0.0
1249,0.0,0.0
1250,0.0,0.0
1251,0.0,0.0
1252,0.0,0.0
1253,0.0,0.0
1254,0.0,0.0
1255,0.0,0.0
1256,0.0,0.0
1257,0.0,0.0
1258,0.0,0.0
1259,0.0,0.0
1260,0.0,0.0
1261,0.0,0.0
1262,0.0,0.0
1263,0.0,0.0
1264,0.0,0.0
1265,0.0,0.0
1266,0.0,0.0
1267,0.0,0.0
1268,0.0,0.0
1269,0.0,0.0
1270,0.0,0.0
1271,0.0,0.0
1272,0.0,0.0
1273,0.0,0.0
1274,0.0,0.0
1275,0.0,0.0
1276,0.0,0.0
1277,0.0,0.0
1278,0.0,0.0
1279,0.0,0.0
1280,0.0,0.0
1281,0.0,0.0
1282,0.0,0.0
1283,0.0,0.0
1284,0.0,0.0
1285,0.0,0.0
1286,0.0,0.0
1287,0.0,0.0
1288,0.0,0.0
1289,0.0,0.0
1290,0.0,0.0
1291,0.0,0.0
1292,0.0,0.0
1293,0.0,0.0
1294,0.0,0.0
1295,0.0,0.0
1296,0.0,0.0
1297,0.0,0.0
1298,0.0,0.0
1299,0.0,0.0
1300,0.0,0.0
1301,0.0,0.0
1302,0.0,0.0
1303,0.0,0.0
1304,0.0,0.0
1305,0.0,0.0
1306,0.0,0.0
1307,0.0,0.0
1308,0.0,0.0
1309,0.0,0.0
1310,0.0,0.0
1311,0.0,0.0
1312,0.0,0.0
1313,0.0,0.0
1314,0.0,0.0
1315,0.0,0.0
1316,0.0,0.0
1317,0.0,0.0
1318,0.0,0.0
1319,0.0,0.0
1320,0.0,0.0
1321,0.0,0.0
1322,0.0,0.0
1323,0.0,0.0
1324,0.0,0.0
1325,0.0,0.0
1326,0.0,0.0
1327,0.0,0.0
1328,0.0,0.0
1329,0.0,0.0
1330,0.0,0.0
1331,0.0,0.0
1332,0.0,0.0
1333,0.0,0.0
1334,0.0,0.0
1335,0.0,0.0
1336,0.0,0.0
1337,0.0,0.0
1338,0.0,0.0
1339,0.0,0.0
1340,0.0,0.0
1341,0.0,0.0
1342,0.0,0.0
1343,0.0,0.0
1344,0.0,0.0
1345,0.0,0.0
1346,0.0,0.0
1347,0.0,0.0
1348,0.0,0.0
1349,0.0,0.0
1350,0.0,0.0
1351,0.0,0.0
1352,0.0,0.0
1353,0.0,0.0
1354,0.0,0.0
1355,0.0,0.0
1356,0.0,0.0
1357,0.0,0.0
1358,0.0,0.0
1359,0.0,0.0
1360,0.0,0.0
1361,0.0,0.0
1362,0.0,0.0
1363,0.0,0.0
1364,0.0,0.0
1365,0.0,0.0
1366,0.0,0.0
1367,0.0,0.0
1368,0.0,0.0
1369,0.0,0.0
1370,0.0,0.0
1371,0.0,0.0
1372,0.0,0.0
1373,0.0,0.0
1374,0.0,0.0
1375,0.0,0.0
1376,0.0,0.0
1377,0.0,0.0
1378,0.0,0.0
1379,0.0,0.0
1380,0.0,0.0
1381,0.0,0.0
1382,0.0,0.0
1383,0.0,0.0
1384,0.0,0.0
1385,0.0,0.0
1386,0.0,0.0
1387,0.0,0.0
1388,0.0,0.0
1389,0.0,0.0
1390,0.0,0.0
1391,0.0,0.0
1392,0.0,0.0
1393,0.0,0.0
1394,0.0,0.0
1395,0.0,0.0
1396,0.0,0.0
1397,0.0,0.0
1398,0.0,0.0
1399,0.0,0.0
1400,0.0,0.0
1401,0.0,0.0
1402,0.0,0.0
1403,0.0,0.0
1404,0.0,0.0
1405,0.0,0.0
1406,0.0,0.0
1407,0.0,0.0
1408,0.0,0.0
1409,0.0,0.0
1410,0.0,0.0
1411,0.0,0.0
1412,0.0,0.0
1413,0.0,0.0
1414,0.0,0.0
1415,0.0,0.0
1416,0.0,0.0
1417,0.0,0.0
1418,0.0,0.0
1419,0.0,0.0
1420,0.0,0.0
1421,0.0,0.0
1422,0.0,0.0
1423,0.0,0.0
1424,0.0,0.0
1425,0.0,0.0
1426,0.0,0.0
1427,0.0,0.0
1428,0.0,0.0
1429,0.0,0.0
1430,0.0,0.0
1431,0.0,0.0
1432,0.0,0.0
1433,0.0,0.0
1434,0.0,0.0
1435,0.0,0.0
1436,0.0,0.0
1437,0.0,0.0
1438,0.0,0.0
1439,0.0,0.0
1440,0.0,0.0
1441,0.0,0.0
1442,0.0,0.0
1443,0.0,0.0
1444,0.0,0.0
1445,0.0,0.0
1446,0.0,0.0
1447,0.0,0.0
1448,0.0,0.0
1449,0.0,0.0
1450,0.0,0.0
1451,0.0,0.0
1452,0.0,0.0
1453,0.0,0.0
1454,0.0,0.0
1455,0.0,0.0
1456,0.0,0.0
1457,0.0,0.0
1458,0.0,0.0
1459,0.0,0.0
1460,0.0,0.0
1461,0.0,0.0
1462,0.0,0.0
1463,0.0,0.0
1464,0.0,0.0
1465,0.0,0.0
1466,0.0,0.0
1467,0.0,0.0
1468,0.0,0.0
1469,0.0,0.0
1470,0.0,0.0
1471,0.0,0.0
1472,0.0,0.0
1473,0.0,0.0
1474,0.0,0.0
1475,0.0,0.0
1476,0.0,0.0
1477,0.0,0.0
1478,0.0,0.0
1479,0.0,0.0
1480,0.0,0.0
1481,0.0,0.0
1482,0.0,0.0
1483,0.0,0.0
1484,0.0,0.0
1485,0.0,0.0
1486,0.0,0.0
1487,0.0,0.0
1488,0.0,0.0
1489,0.0,0.0
1490,0.0,0.0
1491,0.0,0.0
1492,0.0,0.0
1493,0.0,0.0
1494,0.0,0.0
1495,0.0,0.0
1496,0.0,0.0
1497,0.0,0.0
1498,0.0,0.0
1499,0.0,0.0
1500,0.0,0.0
1501,0.0,0.0
1502,0.0,0.0
1503,0.0,0.0
1504,0.0,0.0
1505,0.0,0.0
1506,0.0,0.0
1507,0.0,0.0
1508,0.0,0.0
1509,0.0,0.0
1510,0.0,0.0
1511,0.0,0.0
1512,0.0,0.0
1513,0.0,0.0
1514,0.0,0.0
1515,0.0,0.0
1516,0.0,0.0
1517,0.0,0.0
1518,0.0,0.0
1519,0.0,0.0
1520,0.0,0.0
1521,0.0,0.0
1522,0.0,0.0
1523,0.0,0.0
1524,0.0,0.0
1525,0.0,0.0
1526,0.0,0.0
1527,0.0,0.0
1528,0.0,0.0
1529,0.0,0.0
1530,0.0,0.0
1531,0.0,0.0
1532,0.0,0.0
1533,0.0,0.0
1534,0.0,0.0
1535,0.0,0.0
1536,0.0,0.0
1537,0.0,0.0
1538,0.0,0.0
1539,0.0,0.0
1540,0.0,0.0
1541,0.0,0.0
1542,0.0,0.0
1543,0.0,0.0
1544,0.0,0.0
1545,0.0,0.0
1546,0.0,0.0
1547,0.0,0.0
1548,0.0,0.0
1549,0.0,0.0
1550,0.0,0.0
1551,0.0,0.0
1552,0.0,0.0
1553,0.0,0.0
1554,0.0,0.0
1555,0.0,0.0
1556,0.0,0.0
1557,0.0,0.0
1558,0.0,0.0
1559,0.0,0.0
1560,0.0,0.0
1561,0.0,0.0
1562,0.0,0.0
1563,0.0,0.0
1564,0.0,0.0
1565,0.0,0.0
1566,0.0,0.0
1567,0.0,0.0
1568,0.0,0.0
1569,0.0,0.0
1570,0.0,0.0
1571,0.0,0.0
1572,0.0,0.0
1573,0.0,0.0
1574,0.0,0.0
1575,0.0,0.0
1576,0.0,0.0
1577,0.0,0.0
1578,0.0,0.0
1579,0.0,0.0
1580,0.0,0.0
1581,0.0,0.0
1582,0.0,0.0
1583,0.0,0.0
1584,0.0,0.0
1585,0.0,0.0
1586,0.0,0.0
1587,0.0,0.0
1588,0.0,0.0
1589,0.0,0.0
1590,0.0,0.0
1591,0.0,0.0
1592,0.0,0.0
1593,0.0,0.0
1594,0.0,0.0
1595,0.0,0.0
1596,0.0,0.0
1597,0.0,0.0
1598,0.0,0.0
1599,0.0,0.0
1600,0.0,0.0
1601,0.0,0.0
1602,0.0,0.0
1603,0.0,0.0
1604,0.0,0.0
1605,0.0,0.0
1606,0.0,0.0
1607,0.0,0.0
1608,0.0,0.0
1609,0.0,0.0
1610,0.0,0.0
1611,0.0,0.0
1612,0.0,0.0
1613,0.0,0.0
1614,0.0,0.0
1615,0.0,0.0
1616,0.0,0.0
1617,0.0,0.0
1618,0.0,0.0
1619,0.0,0.0
1620,0.0,0.0
1621,0.0,0.0
1622,0.0,0.0
1623,0.0,0.0
1624,0.0,0.0
1625,0.0,0.0
1626,0.0,0.0
1627,0.0,0.0
1628,0.0,0.0
1629,0.0,0.0
1630,0.0,0.0
1631,0.0,0.0
1632,0.0,0.0
1633,0.0,0.0
1634,0.0,0.0
1635,0.0,0.0
1636,0.0,0.0
1637,0.0,0.0
1638,0.0,0.0
1639,0.0,0.0
1640,0.0,0.0
1641,0.0,0.0
1642,0.0,0.0
1643,0.0,0.0
1644,0.0,0.0
1645,0.0,0.0
1646,0.0,0.0
1647,0.0,0.0
1648,0.0,0.0
1649,0.0,0.0
1650,0.0,0.0
1651,0.0,0.0
1652,0.0,0.0
1653,0.0,0.0
1654,0.0,0.0
1655,0.0,0.0
1656,0.0,0.0
1657,0.0,0.0
1658,0.0,0.0
1659,0.0,0.0
1660,0.0,0.0
1661,0.0,0.0
1662,0.0,0.0
1663,0.0,0.0
1664,0.0,0.0
1665,0.0,0.0
1666,0.0,0.0
1667,0.0,0.0
1668,0.0,0.0
1669,0.0,0.0
1670,0.0,0.0
1671,0.0,0.0
1672,0.0,0.0
1673,0.0,0.0
1674,0.0,0.0
1675,0.0,0.0
1676,0.0,0.0
1677,0.0,0.0
1678,0.0,0.0
1679,0.0,0.0
1680,0.0,0.0
1681,0.0,0.0
1682,0.0,0.0
1683,0.0,0.0
1684,0.0,0.0
1685,0.0,0.0
1686,0.0,0.0
1687,0.0,0.0
1688,0.0,0.0
1689,0.0,0.0
1690,0.0,0.0
1691,0.0,0.0
1692,0.0,0.0
1693,0.0,0.0
1694,0.0,0.0
1695,0.0,0.0
1696,0.0,0.0
1697,0.0,0.0
1698,0.0,0.0
1699,0.0,0.0
1700,0.0,0.0
1701,0.0,0.0
1702,0.0,0.0
1703,0.0,0.0
1704,0.0,0.0
1705,0.0,0.0
1706,0.0,0.0
1707,0.0,0.0
1708,0.0,0.0
1709,0.0,0.0
1710,0.0,0.0
1711,0.0,0.0
1712,0.0,0.0
1713,0.0,0.0
1714,0.0,0.0
1715,0.0,0.0
1716,0.0,0.0
1717,0.0,0.0
1718,0.0,0.0
1719,0.0,0.0
1720,0.0,0.0
1721,0.0,0.0
1722,0.0,0.0
1723,0.0,0.0
1724,0.0,0.0
1725,0.0,0.0
1726,0.0,0.0
1727,0.0,0.0
1728,0.0,0.0
1729,0.0,0.0
1730,0.0,0.0
1731,0.0,0.0
1732,0.0,0.0
1733,0.0,0.0
1734,0.0,0.0
1735,0.0,0.0
1736,0.0,0.0
1737,0.0,0.0
1738,0.0,0.0
1739,0.0,0.0
1740,0.0,0.0
1741,0.0,0.0
1742,0.0,0.0
1743,0.0,0.0
1744,0.0,0.0
1745,0.0,0.0
1746,0.0,0.0
1747,0.0,0.0
1748,0.0,0.0
1749,0.0,0.0
1750,0.0,0.0
1751,0.0,0.0
1752,0.0,0.0
1753,0.0,0.0
1754,0.0,0.0
1755,0.0,0.0
1756,0.0,0.0
1757,0.0,0.0
1758,0.0,0.0
1759,0.0,0.0
1760,0.0,0.0
1761,0.0,0.0
1762,0.0,0.0
1763,0.0,0.0
1764,0.0,0.0
1765,0.0,0.0
1766,0.0,0.0
1767,0.0,0.0
1768,0.0,0.0
1769,0.0,0.0
1770,0.0,0.0
1771,0.0,0.0
1772,0.0,0.0
1773,0.0,0.0
1774,0.0,0.0
1775,0.0,0.0
1776,0.0,0.0
1777,0.0,0.0
1778,0.0,0.0
1779,0.0,0.0
1780,0.0,0.0
1781,0.0,0.0
1782,0.0,0.0
1783,0.0,0.0
1784,0.0,0.0
1785,0.0,0.0
1786,0.0,0.0
1787,0.0,0.0
1788,0.0,0.0
1789,0.0,0.0
1790,0.0,0.0
1791,0.0,0.0
1792,0.0,0.0
1793,0.0,0.0
1794,0.0,0.0
1795,0.0,0.0
1796,0.0,0.0
1797,0.0,0.0
1798,0.0,0.0
1799,0.0,0.0
1800,0.0,0.0
1801,0.0,0.0
1802,0.0,0.0
1803,0.0,0.0
1804,0.0,0.0
1805,0.0,0.0
1806,0.0,0.0
1807,0.0,0.0
1808,0.0,0.0
1809,0.0,0.0
1810,0.0,0.0
1811,0.0,0.0
1812,0.0,0.0
1813,0.0,0.0
1814,0.0,0.0
1815,0.0,0.0
1816,0.0,0.0
1817,0.0,0.0
1818,0.0,0.0
1819,0.0,0.0
1820,0.0,0.0
1821,0.0,0.0
1822,0.0,0.0
1823,0.0,0.0
1824,0.0,0.0
1825,0.0,0.0
1826,0.0,0.0
1827,0.0,0.0
1828,0.0,0.0
1829,0.0,0.0
1830,0.0,0.0
1831,0.0,0.0
1832,0.0,0.0
1833,0.0,0.0
1834,0.0,0.0
1835,0.0,0.0
1836,0.0,0.0
1837,0.0,0.0
1838,0.0,0.0
1839,0.0,0.0
1840,0.0,0.0
1841,0.0,0.0
1842,0.0,0.0
1843,0.0,0.0
1844,0.0,0.0
1845,0.0,0.0
1846,0.0,0.0
1847,0.0,0.0
1848,0.0,0.0
1849,0.0,0.0
1850,0.0,0.0
1851,0.0,0.0
1852,0.0,0.0
1853,0.0,0.0
1854,0.0,0.0
1855,0.0,0.0
1856,0.0,0.0
1857,0.0,0.0
1858,0.0,0.0
1859,0.0,0.0
1860,0.0,0.0
1861,0.0,0.0
1862,0.0,0.0
1863,0.0,0.0
1864,0.0,0.0
1865,0.0,0.0
1866,0.0,0.0
1867,0.0,0.0
1868,0.0,0.0
1869,0.0,0.0
1870,0.0,0.0
1871,0.0,0.0
1872,0.0,0.0
1873,0.0,0.0
1874,0.0,0.0
1875,0.0,0.0
1876,0.0,0.0
1877,0.0,0.0
1878,0.0,0.0
1879,0.0,0.0
1880,0.0,0.0
1881,0.0,0.0
1882,0.0,0.0
1883,0.0,0.0
1884,0.0,0.0
1885,0.0,0.0
1886,0.0,0.0
1887,0.0,0.0
1888,0.0,0.0
1889,0.0,0.0
1890,0.0,0.0
1891,0.0,0.0
1892,0.0,0.0
1893,0.0,0.0
1894,0.0,0.0
1895,0.0,0.0
1896,0.0,0.0
1897,0.0,0.0
1898,0.0,0.0
1899,0.0,0.0
1900,0.0,0.0
1901,0.0,0.0
1902,0.0,0.0
1903,0.0,0.0
1904,0.0,0.0
1905,0.0,0.0
1906,0.0,0.0
1907,0.0,0.0
1908,0.0,0.0
1909,0.0,0.0
1910,0.0,0.0
1911,0.0,0.0
1912,0.0,0.0
1913,0.0,0.0
1914,0.0,0.0
1915,0.0,0.0
1916,0.0,0.0
1917,0.0,0.0
1918,0.0,0.0
1919,0.0,0.0
1920,0.0,0.0
1921,0.0,0.0
1922,0.0,0.0
1923,0.0,0.0
1924,0.0,0.0
1925,0.0,0.0
1926,0.0,0.0
1927,0.0,0.0
1928,0.0,0.0
1929,0.0,0.0
1930,0.0,0.0
1931,0.0,0.0
1932,0.0,0.0
1933,0.0,0.0
1934,0.0,0.0
1935,0.0,0.0
1936,0.0,0.0
1937,0.0,0.0
1938,0.0,0.0
1939,0.0,0.0
1940,0.0,0.0
1941,0.0,0.0
1942,0.0,0.0
1943,0.0,0.0
1944,0.0,0.0
1945,0.0,0.0
1946,0.0,0.0
1947,0.0,0.0
1948,0.0,0.0
1949,0.0,0.0
1950,0.0,0.0
1951,0.0,0.0
1952,0.0,0.0
1953,0.0,0.0
1954,0.0,0.0
1955,0.0,0.0
1956,0.0,0.0
1957,0.0,0.0
1958,0.0,0.0
1959,0.0,0.0
1960,0.0,0.0
1961,0.0,0.0
1962,0.0,0.0
1963,0.0,0.0
1964,0.0,0.0
1965,0.0,0.0
1966,0.0,0.0
1967,0.0,0.0
1968,0.0,0.0
1969,0.0,0.0
1970,0.0,0.0
1971,0.0,0.0
1972,0.0,0.0
1973,0.0,0.0
1974,0.0,0.0
1975,0.0,0.0
1976,0.0,0.0
1977,0.0,0.0
1978,0.0,0.0
1979,0.0,0.0
1980,0.0,0.0
1981,0.0,0.0
1982,0.0,0.0
1983,0.0,0.0
1984,0.0,0.0
1985,0.0,0.0
1986,0.0,0.0
1987,0.0,0.0
1988,0.0,0.0
1989,0.0,0.0
1990,0.0,0.0
1991,0.0,0.0
1992,0.0,0.0
1993,0.0,0.0
1994,0.0,0.0
1995,0.0,0.0
1996,0.0,0.0
1997,0.0,0.0
1998,0.0,0.0
1999,0.0,0.0
2000,0.0,0.0
2001,0.0,0.0
2002,0.0,0.0
2003,0.0,0.0
2004,0.0,0.0
2005,0.0,0.0
2006,0.0,0.0
2007,0.0,0.0
2008,0.0,0.0
2009,0.0,0.0
2010,0.0,0.0
2011,0.0,0.0
2012,0.0,0.0
2013,0.0,0.0
2014,0.0,0.0
2015,0.0,0.0
2016,0.0,0.0
2017,0.0,0.0
2018,0.0,0.0
2019,0.0,0.0
2020,0.0,0.0
2021,0.0,0.0
2022,0.0,0.0
2023,0.0,0.0
2024,0.0,0.0
2025,0.0,0.0
2026,0.0,0.0
2027,0.0,0.0
2028,0.0,0.0
2029,0.0,0.0
2030,0.0,0.0
2031,0.0,0.0
2032,0.0,0.0
2033,0.0,0.0
2034,0.0,0.0
2035,0.0,0.0
2036,0.0,0.0
2037,0.0,0.0
2038,0.0,0.0
2039,0.0,0.0
2040,0.0,0.0
2041,0.0,0.0
2042,0.0,0.0
2043,0.0,0.0
2044,0.0,0.0
2045,0.0,0.0
2046,0.0,0.0
2047,0.0,0.0
2048,0.0,0.0
2049,0.0,0.0
2050,0.0,0.0
2051,0.0,0.0
2052,0.0,0.0
2053,0.0,0.0
2054,0.0,0.0
2055,0.0,0.0
2056,0.0,0.0
2057,0.0,0.0
2058,0.0,0.0
2059,0.0,0.0
2060,0.0,0.0
2061,0.0,0.0
2062,0.0,0.0
2063,0.0,0.0
2064,0.0,0.0
2065,0.0,0.0
2066,0.0,0.0
2067,0.0,0.0
2068,0.0,0.0
2069,0.0,0.0
2070,0.0,0.0
2071,0.0,0.0
2072,0.0,0.0
2073,0.0,0.0
2074,0.0,0.0
2075,0.0,0.0
2076,0.0,0.0
2077,0.0,0.0
2078,0.0,0.0
2079,0.0,0.0
2080,0.0,0.0
2081,0.0,0.0
2082,0.0,0.0
2083,0.0,0.0
2084,0.0,0.0
2085,0.0,0.0
2086,0.0,0.0
2087,0.0,0.0
2088,0.0,0.0
2089,0.0,0.0
2090,0.0,0.0
2091,0.0,0.0
2092,0.0,0.0
2093,0.0,0.0
2094,0.0,0.0
2095,0.0,0.0
2096,0.0,0.0
2097,0.0,0.0
2098,0.0,0.0
2099,0.0,0.0
2100,0.0,0.0
2101,0.0,0.0
2102,0.0,0.0
2103,0.0,0.0
2104,0.0,0.0
2105,0.0,0.0
2106,0.0,0.0
2107,0.0,0.0
2108,0.0,0.0
2109,0.0,0.0
2110,0.0,0.0
2111,0.0,0.0
2112,0.0,0.0
2113,0.0,0.0
2114,0.0,0.0
2115,0.0,0.0
2116,0.0,0.0
2117,0.0,0.0
2118,0.0,0.0
2119,0.0,0.0
2120,0.0,0.0
2121,0.0,0.0
2122,0.0,0.0
2123,0.0,0.0
2124,0.0,0.0
2125,0.0,0.0
2126,0.0,0.0
2127,0.0,0.0
2128,0.0,0.0
2129,0.0,0.0
2130,0.0,0.0
2131,0.0,0.0
2132,0.0,0.0
2133,0.0,0.0
2134,0.0,0.0
2135,0.0,0.0
2136,0.0,0.0
2137,0.0,0.0
2138,0.0,0.0
2139,0.0,0.0
2140,0.0,0.0
2141,0.0,0.0
2142,0.0,0.0
2143,0.0,0.0
2144,0.0,0.0
2145,0.0,0.0
2146,0.0,0.0
2147,0.0,0.0
2148,0.0,0.0
2149,0.0,0.0
2150,0.0,0.0
2151,0.0,0.0
2152,0.0,0.0
2153,0.0,0.0
2154,0.0,0.0
2155,0.0,0.0
2156,0.0,0.0
2157,0.0,0.0
2158,0.0,0.0
2159,0.0,0.0
2160,0.0,0.0
2161,0.0,0.0
2162,0.0,0.0
2163,0.0,0.0
2164,0.0,0.0
2165,0.0,0.0
2166,0.0,0.0
2167,0.0,0.0
2168,0.0,0.0
2169,0.0,0.0
2170,0.0,0.0
2171,0.0,0.0
2172,0.0,0.0
2173,0.0,0.0
2174,0.0,0.0
2175,0.0,0.0
2176,0.0,0.0
2177,0.0,0.0
2178,0.0,0.0
2179,0.0,0.0
2180,0.0,0.0
2181,0.0,0.0
2182,0.0,0.0
2183,0.0,0.0
2184,0.0,0.0
2185,0.0,0.0
2186,0.0,0.0
2187,0.0,0.0
2188,0.0,0.0
2189,0.0,0.0
2190,0.0,0.0
2191,0.0,0.0
2192,0.0,0.0
2193,0.0,0.0
2194,0.0,0.0
2195,0.0,0.0
2196,0.0,0.0
2197,0.0,0.0
2198,0.0,0.0
2199,0.0,0.0
2200,0.0,0.0
2201,0.0,0.0
2202,0.0,0.0
2203,0.0,0.0
2204,0.0,0.0
2205,0.0,0.0
2206,0.0,0.0
2207,0.0,0.0
2208,0.0,0.0
2209,0.0,0.0
2210,0.0,0.0
2211,0.0,0.0
2212,0.0,0.0
2213,0.0,0.0
2214,0.0,0.0
2215,0.0,0.0
2216,0.0,0.0
2217,0.0,0.0
2218,0.0,0.0
2219,0.0,0.0
2220,0.0,0.0
2221,0.0,0.0
2222,0.0,0.0
2223,0.0,0.0
2224,0.0,0.0
2225,0.0,0.0
2226,0.0,0.0
2227,0.0,0.0
2228,0.0,0.0
2229,0.0,0.0
2230,0.0,0.0
2231,0.0,0.0
2232,0.0,0.0
2233,0.0,0.0
2234,0.0,0.0
2235,0.0,0.0
2236,0.0,0.0
2237,0.0,0.0
2238,0.0,0.0
2239,0.0,0.0
2240,0.0,0.0
2241,0.0,0.0
2242,0.0,0.0
2243,0.0,0.0
2244,0.0,0.0
2245,0.0,0.0
2246,0.0,0.0
2247,0.0,0.0
2248,0.0,0.0
2249,0.0,0.0
2250,0.0,0.0
2251,0.0,0.0
2252,0.0,0.0
2253,0.0,0.0
2254,0.0,0.0
2255,0.0,0.0
2256,0.0,0.0
2257,0.0,0.0
2258,0.0,0.0
2259,0.0,0.0
2260,0.0,0.0
2261,0.0,0.0
2262,0.0,0.0
2263,0.0,0.0
2264,0.0,0.0
2265,0.0,0.0
2266,0.0,0.0
2267,0.0,0.0
2268,0.0,0.0
2269,0.0,0.0
2270,0.0,0.0
2271,0.0,0.0
2272,0.0,0.0
2273,0.0,0.0
2274,0.0,0.0
2275,0.0,0.0
2276,0.0,0.0
2277,0.0,0.0
2278,0.0,0.0
2279,0.0,0.0
2280,0.0,0.0
2281,0.0,0.0
2282,0.0,0.0
2283,0.0,0.0
2284,0.0,0.0
2285,0.0,0.0
2286,0.0,0.0
2287,0.0,0.0
2288,0.0,0.0
2289,0.0,0.0
2290,0.0,0.0
2291,0.0,0.0
2292,0.0,0.0
2293,0.0,0.0
2294,0.0,0.0
2295,0.0,0.0
2296,0.0,0.0
2297,0.0,0.0
2298,0.0,0.0
2299,0.0,0.0
2300,0.0,0.0
2301,0.0,0.0
2302,0.0,0.0
2303,0.0,0.0
2304,0.0,0.0
2305,0.0,0.0
2306,0.0,0.0
2307,0.0,0.0
2308,0.0,0.0
2309,0.0,0.0
2310,0.0,0.0
2311,0.0,0.0
2312,0.0,0.0
2313,0.0,0.0
2314,0.0,0.0
2315,0.0,0.0
2316,0.0,0.0
2317,0.0,0.0
2318,0.0,0.0
2319,0.0,0.0
2320,0.0,0.0
2321,0.0,0.0
2322,0.0,0.0
2323,0.0,0.0
2324,0.0,0.0
2325,0.0,0.0
2326,0.0,0.0
2327,0.0,0.0
2328,0.0,0.0
2329,0.0,0.0
2330,0.0,0.0
2331,0.0,0.0
2332,0.0,0.0
2333,0.0,0.0
2334,0.0,0.0
2335,0.0,0.0
2336,0.0,0.0
2337,0.0,0.0
2338,0.0,0.0
2339,0.0,0.0
2340,0.0,0.0
2341,0.0,0.0
2342,0.0,0.0
2343,0.0,0.0
2344,0.0,0.0
2345,0.0,0.0
2346,0.0,0.0
2347,0.0,0.0
2348,0.0,0.0
2349,0.0,0.0
2350,0.0,0.0
2351,0.0,0.0
2352,0.0,0.0
2353,0.0,0.0
2354,0.0,0.0
2355,0.0,0.0
2356,0.0,0.0
2357,0.0,0.0
2358,0.0,0.0
2359,0.0,0.0
2360,0.0,0.0
2361,0.0,0.0
2362,0.0,0.0
2363,0.0,0.0
2364,0.0,0.0
2365,0.0,0.0
2366,0.0,0.0
2367,0.0,0.0
2368,0.0,0.0
2369,0.0,0.0
2370,0.0,0.0
2371,0.0,0.0
2372,0.0,0.0
2373,0.0,0.0
2374,0.0,0.0
2375,0.0,0.0
2376,0.0,0.0
2377,0.0,0.0
2378,0.0,0.0
2379,0.0,0.0
2380,0.0,0.0
2381,0.0,0.0
2382,0.0,0.0
2383,0.0,0.0
2384,0.0,0.0
2385,0.0,0.0
2386,0.0,0.0
2387,0.0,0.0
2388,0.0,0.0
2389,0.0,0.0
2390,0.0,0.0
2391,0.0,0.0
2392,0.0,0.0
2393,0.0,0.0
2394,0.0,0.0
2395,0.0,0.0
2396,0.0,0.0
2397,0.0,0.0
2398,0.0,0.0
2399,0.0,0.0
2400,0.0,0.0
2401,0.0,0.0
2402,0.0,0.0
2403,0.0,0.0
2404,0.0,0.0
2405,0.0,0.0
2406,0.0,0.0
2407,0.0,0.0
2408,0.0,0.0
2409,0.0,0.0
2410,0.0,0.0
2411,0.0,0.0
2412,0.0,0.0
2413,0.0,0.0
2414,0.0,0.0
2415,0.0,0.0
2416,0.0,0.0
2417,0.0,0.0
2418,0.0,0.0
2419,0.0,0.0
2420,0.0,0.0
2421,0.0,0.0
2422,0.0,0.0
2423,0.0,0.0
2424,0.0,0.0
2425,0.0,0.0
2426,0.0,0.0
2427,0.0,0.0
2428,0.0,0.0
2429,0.0,0.0
2430,0.0,0.0
2431,0.0,0.0
2432,0.0,0.0
2433,0.0,0.0
2434,0.0,0.0
2435,0.0,0.0
2436,0.0,0.0
2437,0.0,0.0
2438,0.0,0.0
2439,0.0,0.0
2440,0.0,0.0
2441,0.0,0.0
2442,0.0,0.0
2443,0.0,0.0
2444,0.0,0.0
2445,0.0,0.0
2446,0.0,0.0
2447,0.0,0.0
2448,0.0,0.0
2449,0.0,0.0
2450,0.0,0.0
2451,0.0,0.0
2452,0.0,0.0
2453,0.0,0.0
2454,0.0,0.0
2455,0.0,0.0
2456,0.0,0.0
2457,0.0,0.0
2458,0.0,0.0
2459,0.0,0.0
2460,0.0,0.0
2461,0.0,0.0
2462,0.0,0.0
2463,0.0,0.0
2464,0.0,0.0
2465,0.0,0.0
2466,0.0,0.0
2467,0.0,0.0
2468,0.0,0.0
2469,0.0,0.0
2470,0.0,0.0
2471,0.0,0.0
2472,0.0,0.0
2473,0.0,0.0
2474,0.0,0.0
2475,0.0,0.0
2476,0.0,0.0
2477,0.0,0.0
2478,0.0,0.0
2479,0.0,0.0
2480,0.0,0.0
2481,0.0,0.0
2482,0.0,0.0
2483,0.0,0.0
2484,0.0,0.0
2485,0.0,0.0
2486,0.0,0.0
2487,0.0,0.0
2488,0.0,0.0
2489,0.0,0.0
2490,0.0,0.0
2491,0.0,0.0
2492,0.0,0.0
2493,0.0,0.0
2494,0.0,0.0
2495,0.0,0.0
2496,0.0,0.0
2497,0.0,0.0
2498,0.0,0.0
2499,0.0,0.0
2500,0.0,0.0
2501,0.0,0.0
2502,0.0,0.0
2503,0.0,0.0
2504,0.0,0.0
2505,0.0,0.0
2506,0.0,0.0
2507,0.0,0.0
2508,0.0,0.0
2509,0.0,0.0
2510,0.0,0.0
2511,0.0,0.0
2512,0.0,0.0
2513,0.0,0.0
2514,0.0,0.0
2515,0.0,0.0
2516,0.0,0.0
2517,0.0,0.0
2518,0.0,0.0
2519,0.0,0.0
2520,0.0,0.0
2521,0.0,0.0
2522,0.0,0.0
2523,0.0,0.0
2524,0.0,0.0
2525,0.0,0.0
2526,0.0,0.0
2527,0.0,0.0
2528,0.0,0.0
2529,0.0,0.0
2530,0.0,0.0
2531,0.0,0.0
2532,0.0,0.0
2533,0.0,0.0
2534,0.0,0.0
2535,0.0,0.0
2536,0.0,0.0
2537,0.0,0.0
2538,0.0,0.0
2539,0.0,0.0
2540,0.0,0.0
2541,0.0,0.0
2542,0.0,0.0
2543,0.0,0.0
2544,0.0,0.0
2545,0.0,0.0
2546,0.0,0.0
2547,0.0,0.0
2548,0.0,0.0
2549,0.0,0.0
2550,0.0,0.0
2551,0.0,0.0
2552,0.0,0.0
2553,0.0,0.0
2554,0.0,0.0
2555,0.0,0.0
2556,0.0,0.0
2557,0.0,0.0
2558,0.0,0.0
2559,0.0,0.0
2560,0.0,0.0
2561,0.0,0.0
2562,0.0,0.0
2563,0.0,0.0
2564,0.0,0.0
2565,0.0,0.0
2566,0.0,0.0
2567,0.0,0.0
2568,0.0,0.0
2569,0.0,0.0
2570,0.0,0.0
2571,0.0,0.0
2572,0.0,0.0
2573,0.0,0.0
2574,0.0,0.0
2575,0.0,0.0
2576,0.0,0.0
2577,0.0,0.0
2578,0.0,0.0
2579,0.0,0.0
2580,0.0,0.0
2581,0.0,0.0
2582,0.0,0.0
2583,0.0,0.0
2584,0.0,0.0
2585,0.0,0.0
2586,0.0,0.0
2587,0.0,0.0
2588,0.0,0.0
2589,0.0,0.0
2590,0.0,0.0
2591,0.0,0.0
2592,0.0,0.0
2593,0.0,0.0
2594,0.0,0.0
2595,0.0,0.0
2596,0.0,0.0
2597,0.0,0.0
2598,0.0,0.0
2599,0.0,0.0
2600,0.0,0.0
2601,0.0,0.0
2602,0.0,0.0
2603,0.0,0.0
2604,0.0,0.0
2605,0.0,0.0
2606,0.0,0.0
2607,0.0,0.0
2608,0.0,0.0
2609,0.0,0.0
2610,0.0,0.0
2611,0.0,0.0
2612,0.0,0.0
2613,0.0,0.0
2614,0.0,0.0
2615,0.0,0.0
2616,0.0,0.0
2617,0.0,0.0
2618,0.0,0.0
2619,0.0,0.0
2620,0.0,0.0
2621,0.0,0.0
2622,0.0,0.0
2623,0.0,0.0
2624,0.0,0.0
2625,0.0,0.0
2626,0.0,0.0
2627,0.0,0.0
2628,0.0,0.0
2629,0.0,0.0
2630,0.0,0.0
2631,0.0,0.0
2632,0.0,0.0
2633,0.0,0.0
2634,0.0,0.0
2635,0.0,0.0
2636,0.0,0.0
2637,0.0,0.0
2638,0.0,0.0
2639,0.0,0.0
2640,0.0,0.0
2641,0.0,0.0
2642,0.0,0.0
2643,0.0,0.0
2644,0.0,0.0
2645,0.0,0.0
2646,0.0,0.0
2647,0.0,0.0
2648,0.0,0.0
2649,0.0,0.0
2650,0.0,0.0
2651,0.0,0.0
2652,0.0,0.0
2653,0.0,0.0
2654,0.0,0.0
2655,0.0,0.0
2656,0.0,0.0
2657,0.0,0.0
2658,0.0,0.0
2659,0.0,0.0
2660,0.0,0.0
2661,0.0,0.0
2662,0.0,0.0
2663,0.0,0.0
2664,0.0,0.0
2665,0.0,0.0
2666,0.0,0.0
2667,0.0,0.0
2668,0.0,0.0
2669,0.0,0.0
2670,0.0,0.0
2671,0.0,0.0
2672,0.0,0.0
2673,0.0,0.0
2674,0.0,0.0
2675,0.0,0.0
2676,0.0,0.0
2677,0.0,0.0
2678,0.0,0.0
2679,0.0,0.0
2680,0.0,0.0
2681,0.0,0.0
2682,0.0,0.0
2683,0.0,0.0
2684,0.0,0.0
2685,0.0,0.0
2686,0.0,0.0
2687,0.0,0.0
2688,0.0,0.0
2689,0.0,0.0
2690,0.0,0.0
2691,0.0,0.0
2692,0.0,0.0
2693,0.0,0.0
2694,0.0,0.0
2695,0.0,0.0
2696,0.0,0.0
2697,0.0,0.0
2698,0.0,0.0
2699,0.0,0.0
2700,0.0,0.0
2701,0.0,0.0
2702,0.0,0.0
2703,0.0,0.0
2704,0.0,0.0
2705,0.0,0.0
2706,0.0,0.0
2707,0.0,0.0
2708,0.0,0.0
2709,0.0,0.0
2710,0.0,0.0
2711,0.0,0.0
2712,0.0,0.0
2713,0.0,0.0
2714,0.0,0.0
2715,0.0,0.0
2716,0.0,0.0
2717,0.0,0.0
2718,0.0,0.0
2719,0.0,0.0
2720,0.0,0.0
2721,0.0,0.0
2722,0.0,0.0
2723,0.0,0.0
2724,0.0,0.0
2725,0.0,0.0
2726,0.0,0.0
2727,0.0,0.0
2728,0.0,0.0
2729,0.0,0.0
2730,0.0,0.0
2731,0.0,0.0
2732,0.0,0.0
2733,0.0,0.0
2734,0.0,0.0
2735,0.0,0.0
2736,0.0,0.0
2737,0.0,0.0
2738,0.0,0.0
2739,0.0,0.0
2740,0.0,0.0
2741,0.0,0.0
2742,0.0,0.0
2743,0.0,0.0
2744,0.0,0.0
2745,0.0,0.0
2746,0.0,0.0
2747,0.0,0.0
2748,0.0,0.0
2749,0.0,0.0
2750,0.0,0.0
2751,0.0,0.0
2752,0.0,0.0
2753,0.0,0.0
2754,0.0,0.0
2755,0.0,0.0
2756,0.0,0.0
2757,0.0,0.0
2758,0.0,0.0
2759,0.0,0.0
2760,0.0,0.0
2761,0.0,0.0
2762,0.0,0.0
2763,0.0,0.0
2764,0.0,0.0
2765,0.0,0.0
2766,0.0,0.0
2767,0.0,0.0
2768,0.0,0.0
2769,0.0,0.0
2770,0.0,0.0
2771,0.0,0.0
2772,0.0,0.0
2773,0.0,0.0
2774,0.0,0.0
2775,0.0,0.0
2776,0.0,0.0
2777,0.0,0.0
2778,0.0,0.0
2779,0.0,0.0
2780,0.0,0.0
2781,0.0,0.0
2782,0.0,0.0
2783,0.0,0.0
2784,0.0,0.0
2785,0.0,0.0
2786,0.0,0.0
2787,0.0,0.0
2788,0.0,0.0
2789,0.0,0.0
2790,0.0,0.0
2791,0.0,0.0
2792,0.0,0.0
2793,0.0,0.0
2794,0.0,0.0
2795,0.0,0.0
2796,0.0,0.0
2797,0.0,0.0
2798,0.0,0.0
2799,0.0,0.0
2800,0.0,0.0
2801,0.0,0.0
2802,0.0,0.0
2803,0.0,0.0
2804,0.0,0.0
2805,0.0,0.0
2806,0.0,0.0
2807,0.0,0.0
2808,0.0,0.0
2809,0.0,0.0
2810,0.0,0.0
2811,0.0,0.0
2812,0.0,0.0
2813,0.0,0.0
2814,0.0,0.0
2815,0.0,0.0
2816,0.0,0.0
2817,0.0,0.0
2818,0.0,0.0
2819,0.0,0.0
2820,0.0,0.0
2821,0.0,0.0
2822,0.0,0.0
2823,0.0,0.0
2824,0.0,0.0
2825,0.0,0.0
2826,0.0,0.0
2827,0.0,0.0
2828,0.0,0.0
2829,0.0,0.0
2830,0.0,0.0
2831,0.0,0.0
2832,0.0,0.0
2833,0.0,0.0
2834,0.0,0.0
2835,0.0,0.0
2836,0.0,0.0
2837,0.0,0.0
2838,0.0,0.0
2839,0.0,0.0
2840,0.0,0.0
2841,0.0,0.0
2842,0.0,0.0
2843,0.0,0.0
2844,0.0,0.0
2845,0.0,0.0
2846,0.0,0.0
2847,0.0,0.0
2848,0.0,0.0
2849,0.0,0.0
2850,0.0,0.0
2851,0.0,0.0
2852,0.0,0.0
2853,0.0,0.0
2854,0.0,0.0
2855,0.0,0.0
2856,0.0,0.0
2857,0.0,0.0
2858,0.0,0.0
2859,0.0,0.0
2860,0.0,0.0
2861,0.0,0.0
2862,0.0,0.0
2863,0.0,0.0
2864,0.0,0.0
2865,0.0,0.0
2866,0.0,0.0
2867,0.0,0.0
2868,0.0,0.0
2869,0.0,0.0
2870,0.0,0.0
2871,0.0,0.0
2872,0.0,0.0
2873,0.0,0.0
2874,0.0,0.0
2875,0.0,0.0
2876,0.0,0.0
2877,0.0,0.0
2878,0.0,0.0
2879,0.0,0.0
2880,0.0,0.0
2881,0.0,0.0
2882,0.0,0.0
2883,0.0,0.0
2884,0.0,0.0
2885,0.0,0.0
2886,0.0,0.0
2887,0.0,0.0
2888,0.0,0.0
2889,0.0,0.0
2890,0.0,0.0
2891,0.0,0.0
2892,0.0,0.0
2893,0.0,0.0
2894,0.0,0.0
2895,0.0,0.0
2896,0.0,0.0
2897,0.0,0.0
2898,0.0,0.0
2899,0.0,0.0
2900,0.0,0.0
2901,0.0,0.0
2902,0.0,0.0
2903,0.0,0.0
2904,0.0,0.0
2905,0.0,0.0
2906,0.0,0.0
2907,0.0,0.0
2908,0.0,0.0
2909,0.0,0.0
2910,0.0,0.0
2911,0.0,0.0
2912,0.0,0.0
2913,0.0,0.0
2914,0.0,0.0
2915,0.0,0.0
2916,0.0,0.0
2917,0.0,0.0
2918,0.0,0.0
2919,0.0,0.0
2920,0.0,0.0
2921,0.0,0.0
2922,0.0,0.0
2923,0.0,0.0
2924,0.0,0.0
2925,0.0,0.0
2926,0.0,0.0
2927,0.0,0.0
2928,0.0,2.0520531963659432e-05
2929,0.0,6.152017389683269e-05
2930,0.0,0.0001229575865665737
2931,0.0,0.0002047915133357789
2932,0.0,0.0003069807799981606
2933,0.0,0.00042948429461355013
2934,0.0,0.0005722610473435302
2935,0.0,0.000735270110287395
2936,0.0,0.0009184706373184392
2937,0.0,0.0011218218639205732
2938,0.0,0.0013452831070252642
2939,0.0,0.0015888137648488049
2940,0.0,0.0018523733167299064
2941,0.0,0.0021359213229676147
2942,0.0,0.002439417424659552
2943,0.0,0.0027628213435404816
2944,0.0,0.0031060928818211937
2945,0.0,0.003469191922027716
2946,0.0,0.0038520784268408414
2947,0.0,0.004254712438935981
2948,0.0,0.004677054080823334
2949,0.0,0.005119063554688375
2950,0.0,0.005580701142232668
2951,0.0,0.00606192720451499
2952,0.0,0.006562702181792772
2953,0.0,0.007082986593363868
2954,0.0,0.007622741037408623
2955,0.0,0.008181926190832274
2956,0.0,0.00876050280910765
2957,0.0,0.009358431726118202
2958,0.0,0.009975673854001334
2959,0.0,0.010612190182992042
2960,0.0,0.0112679417812669
2961,0.0,0.011942889794788305
2962,0.0,0.012636995447149073
2963,0.0,0.013350220039417344
2964,0.0,0.014082524949981766
2965,0.0,0.014833871634397016
2966,0.0,0.015604221625229635
2967,0.0,0.016393536531904136
2968,0.0,0.017201778040549464
2969,0.0,0.018028907913845715
2970,0.0,0.018874887990871215
2971,0.0,0.019739680186949854
2972,0.0,0.020623246493498767
2973,0.0,0.021525548977876268
2974,0.0,0.022446549783230154
2975,0.0,0.02338621112834626
2976,0.0,0.024344495307497344
2977,0.0,0.025321364690292242
2978,0.0,0.026316781721525375
2979,0.0,0.02733070892102651
2980,0.0,0.028363108883510846
2981,0.0,0.029413944278429388
2982,0.0,0.03048317784981963
2983,0.0,0.03157077241615652
2984,0.0,0.032676690870203765
2985,0.0,0.03380089617886536
2986,0.0,0.03494335138303747
2987,0.0,0.03610401959746062
2988,0.0,0.03728286401057211
2989,0.0,0.03847984788435882
2990,0.0,0.03969493455421019
2991,0.0,0.040928087428771645
2992,0.0,0.042179269989798145
2993,0.0,0.04344844579200818
2994,0.0,0.04473557846293796
2995,0.0,0.04604063170279589
2996,0.0,0.04736356928431746
2997,0.0,0.048704355052620246
2998,0.0,0.05006295292505934
2999,0.0,0.051439326891083006
3000,0.0,0.05283344101208864
3001,0.0,0.054245259421278995
3002,0.0,0.05567474632351876
3003,0.0,0.05712186599519135
3004,0.0,0.058586582784056
3005,0.0,0.060068861109105164
3006,0.0,0.0615686654604222
3007,0.0,0.06308596039903935
3008,0.0,0.06462071055679595
3009,0.0,0.06617288063619695
3010,0.0,0.06774243541027176
3011,0.0,0.06932933972243331
3012,0.0,0.07093355848633745
3013,0.0,0.07255505668574258
3014,0.0,0.07419379937436962
3015,0.0,0.07584975167576219
3016,0.0,0.0775228787831471
3017,0.0,0.07921314595929517
3018,0.0,0.08092051853638223
3019,0.0,0.08264496191585047
3020,0.0,0.08438644156827005
3021,0.0,0.08614492303320095
3022,0.0,0.08792037191905522
3023,0.0,0.08971275390295926
3024,0.0,0.09152203473061672
3025,0.0,0.0933481802161713
3026,0.0,0.09519115624207011
3027,0.0,0.0970509287589272
3028,0.0,0.09892746378538726
3029,0.0,0.10082072740798989
3030,0.0,0.10273068578103371
3031,0.0,0.10465730512644121
3032,0.0,0.10660055173362343
3033,0.0,0.10856039195934526
3034,0.0,0.11053679222759083
3035,0.0,0.11252971902942917
3036,0.0,0.11453913892288017
3037,0.0,0.1165650185327809
3038,0.0,0.11860732455065201
3039,0.0,0.12066602373456457
3040,0.0,0.12274108290900702
3041,0.0,0.12483246896475256
3042,0.0,0.12694014885872665
3043,0.0,0.12906408961387483
3044,0.0,0.13120425831903093
3045,0.0,0.13336062212878524
3046,0.0,0.13553314826335325
3047,0.0,0.1377218040084445
3048,0.0,0.13992655671513177
3049,0.0,0.14214737379972037
3050,0.0,0.14438422274361792
3051,0.0,0.14663707109320423
3052,0.0,0.14890588645970146
3053,0.0,0.1511906365190446
3054,0.0,0.1534912890117522
3055,0.0,0.15580781174279726
3056,0.0,0.1581401725814785
3057,0.0,0.16048833946129182
3058,0.0,0.16285228037980204
3059,0.0,0.1652319633985149
3060,0.0,0.16762735664274922
3061,0.0,0.17003842830150961
3062,0.0,0.172465146627359
3063,0.0,0.17490747993629172
3064,0.0,0.17736539660760686
3065,0.0,0.17983886508378166
3066,0.0,0.18232785387034534
3067,0.0,0.18483233153575315
3068,0.0,0.1873522667112606
3069,0.0,0.18988762809079796
3070,0.0,0.19243838443084504
3071,0.0,0.19500450455030632
3072,0.0,0.1975859573303862
3073,0.0,0.20018271171446425
3074,0.0,0.20279473670797146
3075,0.0,0.20542200137826586
3076,0.0,0.208064474854509
3077,0.0,0.2107221263275424
3078,0.0,0.2133949250497643
3079,0.0,0.2160828403350067
3080,0.0,0.21878584155841257
3081,0.0,0.2215038981563135
3082,0.0,0.22423697962610714
3083,0.0,0.2269850555261356
3084,0.0,0.22974809547556327
3085,0.0,0.23252606915425564
3086,0.0,0.23531894630265773
3087,0.0,0.23812669672167333
3088,0.0,0.24094929027254397
3089,0.0,0.24378669687672846
3090,0.0,0.24663888651578267
3091,0.0,0.24950582923123926
3092,0.0,0.25238749512448794
3093,0.0,0.255283854356656
3094,0.0,0.2581948771484887
3095,0.0,0.2611205337802304
3096,0.0,0.2640607945915055
3097,0.0,0.26701562998119993
3098,0.0,0.2699850104073426
3099,0.0,0.27296890638698734
3100,0.0,0.2759672884960951
3101,0.0,0.2789801273694158
3102,0.0,0.28200739370037153
3103,0.0,0.2850490582409386
3104,0.0,0.2881050918015312
3105,0.0,0.29117546525088417
3106,0.0,0.29426014951593676
3107,0.0,0.2973591155817161
3108,1.153219340529422e-06,0.3004723344912216
3109,1.7703767362978312e-05,0.30359977734530835
3110,5.410355715287839e-05,0.30674141530257226
3111,0.00011062062971686818,0.30989721957923433
3112,0.00018752350861240893,0.3130671614490256
3113,0.000285081193602817,0.3162512122430722
3114,0.00040356315434888584,0.31944934334978065
3115,0.0005432393241369773,0.32266152621472366
3116,0.0007043800936433371,0.3258877323405256
3117,0.0008872563047345296,0.3291279332867487
3118,0.0010921392443037578,0.332382100669779
3119,0.0013193006381429734,0.33565020616271346
3120,0.0015690126448505272,0.33893222149524577
3121,0.0018415478497742501,0.34222811845355405
3122,0.0021371792589897805,0.34553786888018756
3123,0.0024561802933139006,0.34886144467395414
3124,0.002798824782352903,0.3521988177898079
3125,0.0031653869585855574,0.355549960238737
3126,0.003556141451480763,0.3589148440876517
3127,0.003971363281649544,0.3622934414592725
3128,0.004411327855031286,0.3656857245320189
3129,0.0048763109571141414,0.3690916655398979
3130,0.0053665887471892465,0.37251123677239295
3131,0.005882437752638736,0.3759444105743531
3132,0.006424134863257383,0.3793911593458825
3133,0.0069919573256076424,0.38285145554223
3134,0.0075861827374080005,0.3863252716736788
3135,0.008207089041954389,0.3898125803054366
3136,0.008854954522574593,0.39331335405752593
3137,0.009530057797115486,0.3968275656046744
3138,0.010232677812462853,0.4003551876762057
3139,0.01096309383909374,0.40389619305593016
3140,0.011721585465661127,0.40745055458203644
3141,0.012508432593610782,0.41101824514698215
3142,0.013323915431830102,0.41459923769738616
3143,0.014168314491328922,0.41819350523391974
3144,0.015041910579951889,0.42180102081119897
3145,0.015944984797122554,0.425421757537677
3146,0.01687781852861876,0.42905568857553605
3147,0.017840693441379375,0.4327027871405806
3148,0.018833891478342083,0.4363630265021296
3149,0.019857694853312163,0.44003637998291034
3150,0.020912386045862066,0.4437228209589512
3151,0.021998247796261715,0.44742232285947536
3152,0.02311556310043918,0.45113485916679413
3153,0.024264615204971928,0.4548604034162016
3154,0.025445687602108105,0.45859892919586814
3155,0.026659064024817998,0.46235041014673506
3156,0.02790502844187544,0.46611481996240917
3157,0.029183865052969007,0.4698921323890573
3158,0.030495858283842686,0.4736823212253017
3159,0.031841292781466364,0.47748536032211475
3160,0.03322045340923542,0.48130122358271493
3161,0.03463362524219961,0.4851298849624619
3162,0.03608109356232111,0.48897131846875275
3163,0.037563143853761284,0.4928254981609175
3164,0.0390800617981965,0.4966923981501159
3165,0.040632133270162525,0.5005719925992336
3166,0.042219644332427274,0.5044642557227789
3167,0.04384288123139219,0.5083691617867794
3168,0.045502130392521614,0.5122866851086794
3169,0.04719767841580065,0.5162168000572367
3170,0.04892981207122037,0.5201594810524205
3171,0.05069881829429158,0.5241147025653092
3172,0.05250498418158562,0.5280824391179876
3173,0.054348596986303364,0.5320626652834456
3174,0.056229944113870986,0.5360553556854762
3175,0.058149313117563654,0.5400604849985744
3176,0.06010699169415588,0.5440780279478352
3177,0.06210326767959938,0.5481079593088533
3178,0.06413842904472718,0.5521502539076212
3179,0.06621276389098513,0.5562048866204297
3180,0.06832656044619002,0.5602718323737665
3181,0.0704801070603134,0.5643510661442164
3182,0.07267369220129304,0.5684425629583608
3183,0.07490760445086948,0.5725462978926781
3184,0.07718213250044939,0.576662246073444
3185,0.07949756514699491,0.5807903826766317
3186,0.08185419128893831,0.5849306829278134
3187,0.08425229992212298,0.58908312210206
3188,0.08669218013576993,0.593247675523843
3189,0.08917412110846938,0.5974243185669361
3190,0.0916984121041982,0.6016130266543155
3191,0.09426534246836245,0.605813775258063
3192,0.09687520162386487,0.6100265398992667
3193,0.09952827906719745,0.614251296147924
3194,0.10222486436455906,0.618488019622843
3195,0.10496524714799747,0.6227366859915462
3196,0.10774971711157649,0.6269972709701715
3197,0.11057856400756702,0.6312697503233767
3198,0.11345207764266292,0.6355540998642417
3199,0.11637054787422126,0.6398502954541716
3200,0.11933426460652606,0.6441583130028008
3201,0.12234351778707674,0.648478128467896
3202,0.12539859740290019,0.6528097178552603
3203,0.12849979347688678,0.6571530572186377
3204,0.13164739606414977,0.6615081226596164
3205,0.1348416952484083,0.6658748903275338
3206,0.13808298113839468,0.6702533364193809
3207,0.1413715438642831,0.6746434371797072
3208,0.14470767357414402,0.6790451689005257
3209,0.14809166043041963,0.6834585079212178
3210,0.15152379460642307,0.687883430628439
3211,0.15500436628286082,0.6923199134560243
3212,0.15853366564437735,0.6967679328848937
3213,0.16211198287612252,0.7012274654429586
3214,0.16573960816034183,0.7056984877050276
3215,0.1694168316729887,0.710180976292713
3216,0.17314394358035906,0.714674907874337
3217,0.17692123403574844,0.7191802591648381
3218,0.18074899317613108,0.7236970069256793
3219,0.18462751111886055,0.7282251279647535
3220,0.18855707795839344,0.7327645991362917
3221,0.19253798376303294,0.7373153973407701
3222,0.1965705185716959,0.7418774995248181
3223,0.2006549723907003,0.7464508826811254
3224,0.20479163519057478,0.7510355238483504
3225,0.20898079690288882,0.7556314001110284
3226,0.2132227474171051,0.7602384885994797
3227,0.21751777657745197,0.7648567664897186
3228,0.2218661741798176,0.7694862110033612
3229,0.22626822996866505,0.7741267994075351
3230,0.23072423363396755,0.7787785090147884
3231,0.23523447480816545,0.7834413171829987
3232,0.2397992430631424,0.7881152013152822
3233,0.2444188279072231,0.7928001388599041
3234,0.24909351878219177,0.7974961073101878
3235,0.25382360506032964,0.8022030842044253
3236,0.2586093760414734,0.8069210471257868
3237,0.2634511209500936,0.8116499737022318
3238,0.26834912893239327,0.8163898416064187
3239,0.27330368905342617,0.8211406285556161
3240,0.2783150902942346,0.8259023123116136
3241,0.2833836215490075,0.830674870680633
3242,0.28850957162225727,0.8354582815132389
3243,0.29369322922601765,0.8402525227042504
3244,0.2989348829770586,0.8450575721926535
3245,0.30423482139412344,0.8498734079615115
3246,0.30959333289518143,0.8547000080378776
3247,0.3150107057947041,0.8595373504927073
3248,0.3204872283009557,0.8643854134407699
3249,0.3260231885133066,0.869244175040562
3250,0.3316188744195636,0.8741136134942191
3251,0.33727457389331805,0.8789937070474291
3252,0.34299057469131555,0.8838844339893448
3253,0.3487671644508406,0.8887857726524976
3254,0.35460463068712245,0.8936977014127104
3255,0.36050326079075823,0.8986201986890113
3256,0.36646334202515446,0.9035532429435469
3257,0.3724851615239854,0.908496812681497
3258,0.37856900628867335,0.9134508864509874
3259,0.3847151631858811,0.9184154428430054
3260,0.3909239189450281,0.9233904604913131
3261,0.3971955601558199,0.9283759180723627
3262,0.403530373265799,0.9333717943052108
3263,0.40992864457790945,0.9383780679514332
3264,0.4163906602480826,0.9433947178150401
3265,0.4229167062828372,0.9484217227423917
3266,0.4295070685368999,0.9534590616221125
3267,0.43616203271084075,0.9585067133850081
3268,0.44288188434872566,0.9635646570039805
3269,0.4496669088357883,0.9686328714939433
3270,0.4565173913961162,0.9737113359117389
3271,0.46343361709035646,0.9788000293560535
3272,0.47041587081343483,0.9838989309673348
3273,0.477464437292296,0.9890080199277077
3274,0.4845796010836564,0.9941272754608913
3275,0.4917616465717758,0.9992566768321155
3276,0.4990108579662442,1.0043962033480383
3277,0.5063275192997873,1.0095458343566632
3278,0.5137119144260854,1.0147055492472565
3279,0.5211643270176107,1.0198753274502648
3280,0.5286850405634788,1.0250551484372323
3281,0.5362743383673179,1.0302449917207195
3282,0.5439325035451547,1.0354448368542206
3283,0.5516598190233124,1.0406546634320817
3284,0.5594565675363293,1.0458744510894202
3285,0.5673230316248905,1.051104179502042
3286,0.5752594936337736,1.0563438283863604
3287,0.5832662357098154,1.0615933774993163
3288,0.591343539799887,1.0668528066382956
3289,0.599491687648891,1.0721220956410493
3290,0.60771096079777,1.0774012243856124
3291,0.6160016405815295,1.0826901727902236
3292,0.6243640081272814,1.0879889208132454
3293,0.6327983443522962,1.0932974484530829
3294,0.641304929962074,1.0986157357481052
3295,0.6498840454484293,1.1039437627765638
3296,0.6585359710875908,1.1092815096565145
3297,0.667260986938317,1.1146289565457375
3298,0.6760593728400238,1.1199860836416569
3299,0.6849314084109293,1.1253528711812628
3300,0.693877373046213,1.1307292994410327
3301,0.7028975459161872,1.1361153487368503
3302,0.7119922059644858,1.1415109994239288
3303,0.7211616319062647,1.1469162318967319
3304,0.7304061022264192,1.152331026588895
3305,0.7397258951778131,1.1577553639731473
3306,0.7491212887795232,1.1631892245612332
3307,0.7585925608150969,1.1686325889038347
3308,0.7681399888308252,1.1740854375904937
3309,0.7777638501340299,1.1795477512495345
3310,0.7874644217913602,1.1850195105479855
3311,0.7972419806271092,1.1905006961915026
3312,0.8070968032215411,1.1959912889242919
3313,0.8170291659092292,1.2014912695290325
3314,0.8270393447774143,1.2070006188267999
3315,0.8371276156643698,1.2125193176769888
3316,0.8472942541577831,1.2180473469772375
3317,0.857539535593153,1.22358468766335
3318,0.8678637350521924,1.2291313207092214
3319,0.8782671273612546,1.23468722712676
3320,0.8887499870897627,1.2402523879658134
3321,0.8993125885486607,1.2458267843140909
3322,0.9099552057888708,1.2514103972970887
3323,0.9206781125997678,1.2570032080780151
3324,0.9314815825076637,1.262605197857713
3325,0.9423658887743068,1.2682163478745871
3326,0.953331304395393,1.273836639404527
3327,0.9643781020990903,1.2794660537608338
3328,0.975506554344573,1.2851045722941439
3329,0.9867169333205734,1.290752176392356
3330,0.9980095109439415,1.296408847480555
3331,1.0046813220410828,1.3020745670209393
3332,1.0103674323889416,1.3077493165127452
3333,1.016062572265433,1.3134330774921736
3334,1.0217667232067587,1.3191258315323167
3335,1.02747986678601,1.324827560243083
3336,1.0332019846130962,1.330538245271125
3337,1.0389330583346692,1.3362578682997646
3338,1.044673069634051,1.341986411048921
3339,1.050422000231161,1.3477238552750366
3340,1.0561798318824418,1.353470182771005
3341,1.0619465463807862,1.3592253753660966
3342,1.0677221255554656,1.3649894149258879
3343,1.0735065512720559,1.3707622833521875
3344,1.0792998054323661,1.376543962582965
3345,1.085101869974365,1.3823344345922768
3346,1.0909127268721102,1.3881336813901963
3347,1.096732358135674,1.39394168502274
3348,1.1025607458110733,1.3997584275717962
3349,1.1083978719801966,1.4055838911550549
3350,1.1142437187607332,1.4114180579259334
3351,1.1200982683061018,1.4172609100735083
3352,1.1259615028053775,1.4231124298224407
3353,1.1318334044832221,1.4289725994329077
3354,1.137713955599813,1.4348414012005308
3355,1.143603138450771,1.4407188174563041
3356,1.1495009353670909,1.4466048305665253
3357,1.1554073287150697,1.452499422932724
3358,1.1613223008962372,1.4584025769915905
3359,1.1672458343472842,1.4643142752149085
3360,1.1731779115399936,1.4702345001094812
3361,1.1791185149811694,1.4761632342170645
3362,1.1850676272125673,1.4821004601142962
3363,1.1910252308108245,1.4880461604126245
3364,1.19699130838739,1.494000317758241
3365,1.2029658425884546,1.49996291483201
3366,1.2089488160948831,1.5059339343493996
3367,1.2149402116221437,1.5119133590604121
3368,1.2209400119202387,1.5179011717495154
3369,1.2269481997736358,1.5238973552355746
3370,1.2329647580011998,1.5299018923717818
3371,1.2389896694561233,1.5359147660455892
3372,1.2450229170258584,1.54193595917864
3373,1.251064483632048,1.5479654547266988
3374,1.257114352230457,1.5540032356795859
3375,1.263172505810906,1.5600492850611074
3376,1.2692389273972007,1.566103585928988
3377,1.2753136000470657,1.5721661213748033
3378,1.2813965068520765,1.5782368745239113
3379,1.2874876309375913,1.5843158285353858
3380,1.2935869554626842,1.5904029666019492
3381,1.2996944636200773,1.5964982719499046
3382,1.3058101386360736,1.6026017278390687
3383,1.31193396377049,1.6087133175627057
3384,1.3180659223165907,1.6148330244474591
3385,1.3242059976010192,1.6209608318532867
3386,1.330354172983733,1.6270967231733926
3387,1.3365104318579364,1.633240681834161
3388,1.3426747576500138,1.639392691295091
3389,1.3488471338194643,1.645552735048729
3390,1.3550275438588337,1.6517207966206033
3391,1.3612159712936514,1.657896859569159
3392,1.367412399682361,1.6640809074856904
3393,1.3736168126162582,1.6702729239942773
3394,1.379829193719422,1.6764728927517176
3395,1.3860495266486508,1.6826807974474645
3396,1.392277795093397,1.688896621803558
3397,1.3985139827757016,1.6951203495745626
3398,1.4047580734501284,1.7013519645475006
3399,1.4110100509037,1.707591450541788
3400,1.4172698989558326,1.7138387914091702
3401,1.423537601458271,1.720093971033656
3402,1.4298131422950247,1.7263569733314545
3403,1.436096505382302,1.7326277822509097
3404,1.4423876746684476,1.7389063817724377
3405,1.448686634133877,1.7451927559084608
3406,1.4549933677910134,1.7514868887033455
3407,1.461307859684222,1.7577887642333363
3408,1.4676300938897486,1.7640983666064949
3409,1.4739600545156542,1.770415679962634
3410,1.4802977257017518,1.7767406884732557
3411,1.486643091619543,1.783073376341487
3412,1.4929961364721551,1.7894137278020172
3413,1.4993568444942775,1.7957617271210347
3414,1.5057251999520986,1.802117358596164
3415,1.512101187143243,1.8084806065564036
3416,1.518484790396709,1.814851455362062
3417,1.5248759940728047,1.8212298894046954
3418,1.5312747825630872,1.8276158931070468
3419,1.5376811402902988,1.834009450922982
3420,1.5440950517083056,1.840410547337428
3421,1.5505165013020346,1.846819166866311
3422,1.556945473587412,1.8532352940564947
3423,1.5633819531113011,1.8596589134857173
3424,1.569825924451441,1.8660900097625321
3425,1.5762773722163839,1.8725285675262429
3426,1.5827362810454342,1.8789745714468449
3427,1.5892026356085873,1.8854280062249635
3428,1.5956764206064682,1.8918888565917913
3429,1.6021576207702695,1.898357107309028
3430,1.6086462208616912,1.90483274316882
3431,1.6151422056728795,1.9113157489936985
3432,1.6216455600263655,1.9178061096365195
3433,1.6281562687750055,1.9243038099804028
3434,1.634674316801919,1.9308088349386725
3435,1.6411996890204303,1.937321169454795
3436,1.6477323703740059,1.94384079850232
3437,1.654272345836195,1.9503677070848204
3438,1.660819600410571,1.9569018802358313
3439,1.6673741191306692,1.9634433030187917
3440,1.6739358870599277,1.9699919605269829
3441,1.6805048892916283,1.9765478378834704
3442,1.6870811109488368,1.983110920241044
3443,1.6936645371843426,1.9896811927821578
3444,1.7002551531805998,1.9962586407188714
3445,1.7068529441496685,2.002843249292791
3446,1.7134578953331545,2.00943500377501
3447,1.7200699920021514,2.0160338894660503
3448,1.7266892194571806,2.0226398916958033
3449,1.7333155630281338,2.029252995823471
3450,1.7399490080742128,2.035873187237508
3451,1.7465895399838731,2.042500451355563
3452,1.753237144174762,2.04913477362442
3453,1.7598918060936646,2.0557761395199394
3454,1.766553511216441,2.062424534547003
3455,1.7732222450479729,2.0690799442394523
3456,1.7798979931221017,2.075742354160033
3457,1.786580741001573,2.0824117499003347
3458,1.7932704742779773,2.089088117080738
3459,1.7999671785716942,2.095771441350351
3460,1.8066708395318323,2.102461708386957
3461,1.8133814428361743,2.109158903896954
3462,1.8200989741911189,2.115863013615299
3463,1.8268234193316235,2.1225740233054515
3464,1.8335547640211456,2.129291918759314
3465,1.840292994051589,2.1360166857971765
3466,1.847038095243245,2.1427483102676623
3467,1.8537900534447351,2.149486778047668
3468,1.8605488545329563,2.1562320750423076
3469,1.8673144844130232,2.1629841871848576
3470,1.8740869290182112,2.1697431004366994
3471,1.8808661743099024,2.1765088007872633
3472,1.887652206277527,2.183281274253973
3473,1.8944450109385091,2.19006050688219
3474,1.9012445743382094,2.196846484745156
3475,1.9080508825498705,2.2036391939439395
3476,1.9148639216745604,2.210438620607379
3477,1.9216836778411175,2.2172447508920268
3478,1.928510137206094,2.2240575709820947
3479,1.9353432859537023,2.230877067089399
3480,1.942183110295758,2.237703225453304
3481,1.9490295964716264,2.2445360323406685
3482,1.9558827307481652,2.25137547404579
3483,1.962742499419672,2.2582215368903493
3484,1.969608888807828,2.2650742072233574
3485,1.9764818852616444,2.2719334714210997
3486,1.9833614751574065,2.2787993158870816
3487,1.9902476448986188,2.2856717270519744
3488,1.997140380915954,2.2925506913735614
3489,2.0040396696671947,2.299436195336682
3490,2.0109454976371803,2.3063282254531807
3491,2.0178578513377556,2.31322676826185
3492,2.024776717307712,2.320131810328378
3493,2.0317020821127394,2.327043338245296
3494,2.038633932345367,2.3339613386319207
3495,2.0455722546249135,2.3408857981343063
3496,2.052517035597432,2.3478167034251864
3497,2.0594682619356566,2.3547540412039236
3498,2.0664259203389492,2.3616977981964546
3499,2.073389997533247,2.368647961155237
3500,2.0803604802710076,2.375604516859198
3501,2.0873373553311585,2.382567452113681
3502,2.094320609519042,2.389536753750391
3503,2.1013102296663644,2.396512408627344
3504,2.108306202631141,2.4034944036288137
3505,2.1153085152976456,2.410482725665279
3506,2.122317154576357,2.417477361673371
3507,2.129332107403907,2.424478298615823
3508,2.1363533607430276,2.431485523481415
3509,2.1433809015825,2.438499023284925
3510,2.150414716937101,2.4455187850670734
3511,2.1574547938475526,2.452544795894476
3512,2.164501119380469,2.459577042859588
3513,2.1715536806283064,2.466615513080653
3514,2.178612464709309,2.4736601937016545
3515,2.1856774587674583,2.480711071892261
3516,2.1927486499724242,2.4877681348477756
3517,2.1998260255195095,2.494831369789086
3518,2.2069095726296024,2.501900763962613
3519,2.213999278549123,2.5089763046402584
3520,2.2210951305499735,2.516057979119354
3521,2.2281971159294853,2.523145774722613
3522,2.2353052220103717,2.530239678798077
3523,2.242419436140675,2.5373396787190674
3524,2.249539745693715,2.544445761884132
3525,2.256666138068041,2.5515579157169963
3526,2.263798600687378,2.558676127666515
3527,2.270937121000581,2.565800385206619
3528,2.2780816864815807,2.572930675836266
3529,2.2852322846293345,2.5800669870793915
3530,2.292388902967778,2.5872093064848576
3531,2.299551529045774,2.594357621626404
3532,2.3067201504370614,2.601511920102598
3533,2.3138947547402076,2.6086721895367853
3534,2.321075329578558,2.6158384175770397
3535,2.3282618626001876,2.623010591896114
3536,2.335454341477848,2.6301887001913924
3537,2.342652753908924,2.637372730184838
3538,2.349857087615378,2.6445626696229456
3539,2.357067330343706,2.6517585062766935
3540,2.3642834698648856,2.658960227941493
3541,2.3715054939743276,2.66616782243714
3542,2.3787333904918286,2.673381277607766
3543,2.385967147261521,2.680600581321793
3544,2.3932067521518245,2.6878257214718775
3545,2.400452193055397,2.695056685974869
3546,2.407703457889088,2.7022934627717587
3547,2.414960534593889,2.709536039827632
3548,2.4222234111348837,2.716784405131619
3549,2.4294920755012046,2.7240385466968497
3550,2.43676651570598,2.731298452560401
3551,2.4440467197862876,2.738564110783254
3552,2.451332675803108,2.7458355094502434
3553,2.4586243718412764,2.75311263667001
3554,2.465921796009433,2.7603954805749535
3555,2.473224936439978,2.7676840293211855
3556,2.480533781289023,2.774978271088482
3557,2.4878483187363436,2.782278194080235
3558,2.495168536985332,2.7895837865234063
3559,2.50249442426295,2.7968950366684813
3560,2.509825968819684,2.80421193278942
3561,2.5171631589294914,2.81153446318361
3562,2.524505982889763,2.818862616171823
3563,2.531854429021268,2.826196380098164
3564,2.5392084856681123,2.8335357433300277
3565,2.5465681411976906,2.8408806942580505
3566,2.5408806942580506,2.835204610844975
3567,2.5352046108449753,2.8295398682541233
3568,2.5295398682541235,2.8238864438265177
3569,2.523886443826518,2.8182443149484517
3570,2.518244314948452,2.812613459051404
3571,2.512613459051404,2.8069938536119423
3572,2.5069938536119425,2.801385476151638
3573,2.501385476151638,2.7957883042369733
3574,2.4957883042369735,2.7902023154792532
3575,2.4902023154792534,2.7846274875345154
3576,2.4846274875345156,2.7790637981034405
3577,2.4790637981034407,2.773511224931263
3578,2.473511224931263,2.767969745807684
3579,2.467969745807684,2.7624393385667783
3580,2.4624393385667784,2.7569199810869103
3581,2.4569199810869105,2.751411651290643
3582,2.451411651290643,2.7459143271446487
3583,2.445914327144649,2.7404279866596246
3584,2.440427986659625,2.734952607890201
3585,2.4349526078902013,2.729488168934856
3586,2.429488168934856,2.7240346479358255
3587,2.4240346479358257,2.718592023079019
3588,2.418592023079019,2.713160272593929
3589,2.413160272593929,2.7077393747535474
3590,2.4077393747535476,2.702329307874275
3591,2.4023293078742753,2.6969300503158378
3592,2.396930050315838,2.691541580481197
3593,2.391541580481197,2.6861638768164666
3594,2.386163876816467,2.680796917810826
3595,2.380796917810826,2.6754406819964305
3596,2.3754406819964307,2.6700951479483304
3597,2.3700951479483305,2.664760294284382
3598,2.364760294284382,2.6594360996651645
3599,2.3594360996651647,2.654122542793891
3600,2.354122542793891,2.648819602416327
3601,2.3488196024163273,2.643527257320705
3602,2.343527257320705,2.638245486337637
3603,2.338245486337637,2.632974268340032
3604,2.332974268340032,2.6277135822430107
3605,2.327713582243011,2.622463407003822
3606,2.322463407003822,2.617223721621758
3607,2.317223721621758,2.61199450513807
3608,2.3119945051380704,2.606775736635886
3609,2.306775736635886,2.601567395240124
3610,2.301567395240124,2.5963694601174114
3611,2.2963694601174116,2.5911819104760005
3612,2.2911819104760007,2.5860047255656875
3613,2.2860047255656877,2.5808378846777247
3614,2.280837884677725,2.575681367144741
3615,2.2756813671447413,2.570535152340661
3616,2.270535152340661,2.5653992196806175
3617,2.2653992196806176,2.5602735486208728
3618,2.260273548620873,2.555158118658736
3619,2.2551581186587364,2.5500529093324813
3620,2.2500529093324815,2.544957900221264
3621,2.244957900221264,2.5398730709450406
3622,2.2398730709450407,2.5347984011644873
3623,2.2347984011644875,2.529733870580919
3624,2.2297338705809193,2.524679458936206
3625,2.224679458936206,2.5196351460126944
3626,2.2196351460126946,2.514600911633127
3627,2.214600911633127,2.5095767356605583
3628,2.2095767356605585,2.504562597998279
3629,2.204562597998279,2.4995584785897305
3630,2.1995584785897306,2.4945643574184295
3631,2.1945643574184297,2.489580214507884
3632,2.189580214507884,2.484606029921516
3633,2.184606029921516,2.4796417837625806
3634,2.1796417837625808,2.4746874561740864
3635,2.1746874561740865,2.4697430273387164
3636,2.1697430273387166,2.4648084774787486
3637,2.164808477478749,2.4598837868559773
3638,2.1598837868559775,2.4549689357716336
3639,2.1549689357716337,2.450063904566306
3640,2.150063904566306,2.4451686736198632
3641,2.1451686736198634,2.4402832233513756
3642,2.1402832233513758,2.435407534219035
3643,2.135407534219035,2.430541586720078
3644,2.1305415867200783,2.425685361390709
3645,2.125685361390709,2.42083883880602
3646,2.12083883880602,2.4160019995799136
3647,2.1160019995799138,2.411174824365027
3648,2.111174824365027,2.4063572938526527
3649,2.106357293852653,2.401549388772662
3650,2.1015493887726624,2.3967510898934288
3651,2.096751089893429,2.391962378021751
3652,2.0919623780217513,2.3871832340027743
3653,2.0871832340027745,2.3824136387199166
3654,2.082413638719917,2.3776535730947903
3655,2.0776535730947905,2.372903018087127
3656,2.072903018087127,2.3681619546946995
3657,2.0681619546946997,2.363430363953248
3658,2.0634303639532483,2.3587082269364044
3659,2.0587082269364045,2.353995524755613
3660,2.053995524755613,2.349292238560059
3661,2.049292238560059,2.344598349536592
3662,2.0445983495365923,2.3399138389096494
3663,2.0399138389096496,2.335238687941182
3664,2.0352386879411823,2.3305728779305803
3665,2.0305728779305805,2.3259163902145974
3666,2.0259163902145976,2.321269206167277
3667,2.0212692061672772,2.316631307199876
3668,2.016631307199876,2.3120026747607927
3669,2.012002674760793,2.3073832903354914
3670,2.0073832903354916,2.3027731354464276
3671,2.0027731354464278,2.2981721916529763
3672,1.9981721916529762,2.2935804405513553
3673,1.9935804405513553,2.2889978637745547
3674,1.9889978637745547,2.2844244429922616
3675,1.9844244429922615,2.279860159910786
3676,1.9798601599107861,2.27530499627299
3677,1.97530499627299,2.270758933858213
3678,1.9707589338582128,2.2662219544821984
3679,1.9662219544821984,2.2616940399970242
3680,1.9616940399970242,2.257175172291025
3681,1.9571751722910251,2.252665333288725
3682,1.952665333288725,2.2481645049507613
3683,1.9481645049507612,2.243672669273815
3684,1.943672669273815,2.2391898082905377
3685,1.9391898082905377,2.234715904069479
3686,1.9347159040694788,2.2302509387150162
3687,1.9302509387150162,2.225794894367282
3688,1.925794894367282,2.221347753202093
3689,1.9213477532020928,2.216909497430878
3690,1.916909497430878,2.2124801093006097
3691,1.9124801093006096,2.208059571093728
3692,1.9080595710937278,2.2036478651280746
3693,1.9036478651280746,2.1992449737568203
3694,1.8992449737568202,2.194850879368393
3695,1.894850879368393,2.19046556438641
3696,1.8904655643864101,2.186089011269605
3697,1.8860890112696052,2.18172120251176
3698,1.8817212025117598,2.1773621206416336
3699,1.8773621206416335,2.1730117482228932
3700,1.8730117482228932,2.168670067854043
3701,1.8686700678540429,2.1643370621683555
3702,1.8643370621683555,2.1600127138338028
3703,1.8600127138338027,2.1556970055529856
3704,1.8556970055529856,2.1513899200630644
3705,1.8513899200630644,2.1470914401356924
3706,1.8470914401356924,2.1428015485769434
3707,1.8428015485769433,2.138520228227246
3708,1.8385202282272461,2.134247461961313
3709,1.834247461961313,2.129983232688073
3710,1.829983232688073,2.125727523350604
3711,1.825727523350604,2.1214803169260628
3712,1.8214803169260627,2.1172415964256177
3713,1.8172415964256177,2.1130113448943817
3714,1.8130113448943816,2.1087895454113426
3715,1.8087895454113425,2.1045761810892962
3716,1.8045761810892962,2.100371235074781
3717,1.800371235074781,2.0961746905480063
3718,1.7961746905480063,2.0919865307227887
3719,1.7919865307227887,2.0878067388464836
3720,1.7878067388464836,2.0836352981999173
3721,1.7836352981999173,2.0794721920973216
3722,1.7794721920973215,2.0753174038862676
3723,1.7753174038862676,2.0711709169475956
3724,1.7711709169475955,2.0670327146953533
3725,1.7670327146953533,2.062902780576726
3726,1.7629027805767261,2.058781098071971
3727,1.7587810980719711,2.054667650694354
3728,1.7546676506943542,2.050562421990079
3729,1.750562421990079,2.046465395538226
3730,1.746465395538226,2.042376554950684
3731,1.742376554950684,2.0382958838720846
3732,1.7382958838720846,2.034223365979739
3733,1.7342233659797388,2.030158984983569
3734,1.730158984983569,2.0261027246260466
3735,1.7261027246260465,2.0220545686821234
3736,1.7220545686821234,2.0180145009591715
3737,1.7180145009591714,2.013982505296914
3738,1.713982505296914,2.009958565567363
3739,1.7099585655673628,2.005942665674754
3740,1.705942665674754,2.0019347895554827
3741,1.7019347895554826,1.9979349211780384
3742,1.6979349211780383,1.993943044542943
3743,1.6939430445429429,1.989959143682684
3744,1.689959143682684,1.9859832026616533
3745,1.6859832026616532,1.9820152055760811
3746,1.682015205576081,1.978055136553974
3747,1.678055136553974,1.9741029797550507
3748,1.6741029797550506,1.9701587193706784
3749,1.6701587193706784,1.9662223396238103
3750,1.6662223396238103,1.9622938247689226
3751,1.6622938247689225,1.95837315909195
3752,1.65837315909195,1.9544603269102252
3753,1.6544603269102252,1.950555312572414
3754,1.650555312572414,1.9466581004584538
3755,1.6466581004584537,1.9427686749794908
3756,1.6427686749794908,1.9388870205778181
3757,1.638887020577818,1.9350131217268132
3758,1.6350131217268131,1.9311469629308748
3759,1.6311469629308748,1.9272885287253634
3760,1.6272885287253633,1.9234378036765365
3761,1.6234378036765365,1.9195947723814888
3762,1.6195947723814887,1.91575941946809
3763,1.61575941946809,1.9119317295949236
3764,1.6119317295949236,1.908111687451225
3765,1.608111687451225,1.9042992777568202
3766,1.6042992777568201,1.9004944852620653
3767,1.6004944852620653,1.8966972947477856
3768,1.5966972947477855,1.8929076910252136
3769,1.5929076910252136,1.8891256589359298
3770,1.5891256589359297,1.8853511833518004
3771,1.5853511833518004,1.8815842491749184
3772,1.5815842491749184,1.877824841337542
3773,1.577824841337542,1.8740729448020346
3774,1.5740729448020345,1.8703285445608049
3775,1.5703285445608048,1.8665916256362474
3776,1.5665916256362473,1.8628621730806811
3777,1.562862173080681,1.8591401719762912
3778,1.5591401719762912,1.855425607435068
3779,1.5554256074350679,1.8517184645987483
3780,1.5517184645987483,1.8480187286387562
3781,1.5480187286387561,1.8443263847561424
3782,1.5443263847561424,1.840641418181527
3783,1.540641418181527,1.8369638141750382
3784,1.5369638141750381,1.8332935580262557
3785,1.5332935580262557,1.8296306350541496
3786,1.5296306350541495,1.8259750306070233
3787,1.5259750306070232,1.822326730062454
3788,1.522326730062454,1.8186857188272347
3789,1.5186857188272347,1.8150519823373157
3790,1.5150519823373156,1.811425506057746
3791,1.511425506057746,1.8078062754826156
3792,1.5078062754826156,1.8041942761349976
3793,1.5041942761349976,1.80058949356689
3794,1.50058949356689,1.7969919133591574
3795,1.4969919133591574,1.7934015211214742
3796,1.4934015211214742,1.7898183024922667
3797,1.4898183024922667,1.7862422431386553
3798,1.4862422431386553,1.7826733287563983
3799,1.4826733287563982,1.7791115450698332
3800,1.4791115450698331,1.7755568778318205
3801,1.4755568778318204,1.7720093128236865
3802,1.4720093128236864,1.7684688358551666
3803,1.4684688358551665,1.764935432764348
3804,1.464935432764348,1.761409089417614
3805,1.461409089417614,1.757889791709586
3806,1.4578897917095859,1.7543775255630685
3807,1.4543775255630684,1.7508722769289926
3808,1.4508722769289926,1.7473740317863589
3809,1.4473740317863588,1.743882776142182
3810,1.443882776142182,1.740398496031435
3811,1.4403984960314349,1.7369211775169926
3812,1.4369211775169926,1.7334508066895762
3813,1.4334508066895761,1.7299873696676977
3814,1.4299873696676977,1.7265308525976049
3815,1.4265308525976048,1.7230812416532244
3816,1.4230812416532244,1.719638523036108
3817,1.419638523036108,1.7162026829753765
3818,1.4162026829753764,1.7127737077276652
3819,1.4127737077276652,1.7093515835770685
3820,1.4093515835770685,1.7059362968350855
3821,1.4059362968350855,1.702527833840564
3822,1.402527833840564,1.699126180959648
3823,1.399126180959648,1.6957313245857213
3824,1.3957313245857212,1.692343251139354
3825,1.3923432511393539,1.6889619470682475
3826,1.3889619470682475,1.6855873988471815
3827,1.3855873988471814,1.6822195929779582
3828,1.3822195929779582,1.6788585159893499
3829,1.3788585159893498,1.6755041544370437
3830,1.3755041544370437,1.6721564949035896
3831,1.3721564949035896,1.6688155239983444
3832,1.3688155239983444,1.6654812283574207
3833,1.3654812283574207,1.6621535946436308
3834,1.3621535946436307,1.6588326095464356
3835,1.3588326095464356,1.6555182597818903
3836,1.3555182597818902,1.6522105320925917
3837,1.3522105320925917,1.6489094132476245
3838,1.3489094132476245,1.6456148900425087
3839,1.3456148900425087,1.6423269492991472
3840,1.3423269492991472,1.6390455778657727
3841,1.3390455778657726,1.6357707626168951
3842,1.335770762616895,1.6325024904532488
3843,1.3325024904532488,1.6292407483017413
3844,1.3292407483017412,1.625985523115399
3845,1.325985523115399,1.6227368018733173
3846,1.3227368018733172,1.6194945715806068
3847,1.3194945715806068,1.6162588192683418
3848,1.3162588192683418,1.613029531993509
3849,1.313029531993509,1.609806696838955
3850,1.309806696838955,1.6065903009133347
3851,1.3065903009133346,1.6033803313510602
3852,1.3033803313510601,1.600176775312249
3853,1.3001767753122488,1.5969796199826725
3854,1.2969796199826724,1.593788852573705
3855,1.293788852573705,1.590604460322273
3856,1.290604460322273,1.5874264304908032
3857,1.2874264304908032,1.5842547503671718
3858,1.2842547503671717,1.5810894072646544
3859,1.2810894072646544,1.5779303885218738
3860,1.2779303885218738,1.5747776815027517
3861,1.2747776815027516,1.571631273596455
3862,1.271631273596455,1.5684911522173484
3863,1.2684911522173483,1.5653573048049418
3864,1.2653573048049418,1.5622297188238414
3865,1.2622297188238414,1.5591083817636997
3866,1.2591083817636997,1.5559932811391635
3867,1.2559932811391634,1.5528844044898267
3868,1.2528844044898266,1.5497817393801785
3869,1.2497817393801784,1.546685273399554
3870,1.246685273399554,1.5435949941620852
3871,1.2435949941620852,1.5405108893066513
3872,1.2405108893066512,1.5374329464968286
3873,1.2374329464968286,1.534361153420842
3874,1.2343611534208419,1.531295497791515
3875,1.231295497791515,1.5282359673462205
3876,1.2282359673462204,1.5251825498468332
3877,1.2251825498468332,1.522135233079679
3878,1.2221352330796789,1.5190940048554864
3879,1.2190940048554864,1.5160588530093388
3880,1.2160588530093388,1.5130297654006246
3881,1.2130297654006246,1.5100067299129896
3882,1.2100067299129895,1.5069897344542873
3883,1.2069897344542873,1.5039787669565323
3884,1.2039787669565323,1.5009738153758505
3885,1.2009738153758505,1.4979748676924314
3886,1.1979748676924313,1.4949819119104804
3887,1.1949819119104803,1.4919949360581701
3888,1.19199493605817,1.4890139281875936
3889,1.1890139281875935,1.486038876374715
3890,1.186038876374715,1.4830697687193235
3891,1.1830697687193235,1.4801065933449844
3892,1.1801065933449844,1.477149338398992
3893,1.177149338398992,1.4741979920523225
3894,1.1741979920523224,1.4712525424995873
3895,1.1712525424995872,1.4683129779589834
3896,1.1683129779589834,1.4653792866722493
3897,1.1653792866722492,1.4624514569046156
3898,1.1624514569046156,1.4595294769447593
3899,1.1595294769447593,1.4566133351047572
3900,1.1566133351047572,1.4537030197200376
3901,1.1537030197200375,1.4507985191493349
3902,1.1507985191493348,1.4478998217746433
3903,1.1478998217746432,1.4450069160011694
3904,1.1450069160011693,1.442119790257286
3905,1.142119790257286,1.4392384329944865
3906,1.1392384329944865,1.436362832687338
3907,1.136362832687338,1.4334929778334355
3908,1.1334929778334355,1.4306288569533558
3909,1.1306288569533558,1.4277704585906115
3910,1.1277704585906114,1.4249177713116048
3911,1.1249177713116048,1.4220707837055835
3912,1.1220707837055834,1.4192294843845927
3913,1.1192294843845927,1.4163938619834322
3914,1.1163938619834322,1.4135639051596083
3915,1.1135639051596082,1.4107396025932895
3916,1.1107396025932894,1.4079209429872621
3917,1.107920942987262,1.4051079150668837
3918,1.1051079150668837,1.4023005075800392
3919,1.1023005075800392,1.3994987092970947
3920,1.0994987092970947,1.3967025090108536
3921,1.0967025090108535,1.3939118955365106
3922,1.0939118955365106,1.3911268577116083
3923,1.0911268577116082,1.3883473843959917
3924,1.0883473843959917,1.3855734644717639
3925,1.0855734644717638,1.3828050868432413
3926,1.0828050868432413,1.38004224043691
3927,1.0800422404369099,1.3772849142013803
3928,1.0772849142013803,1.374533097107344
3929,1.074533097107344,1.3717867781475286
3930,1.0717867781475285,1.3690459463366549
3931,1.0690459463366548,1.366310590711392
3932,1.066310590711392,1.3635807003303138
3933,1.0635807003303137,1.3608562642738549
3934,1.0608562642738548,1.3581372716442677
3935,1.0581372716442676,1.3554237115655778
3936,1.0554237115655778,1.3527155731835416
3937,1.0527155731835416,1.3500128456656015
3938,1.0500128456656015,1.347315518200844
3939,1.047315518200844,1.3446235799999562
3940,1.0446235799999561,1.3419370202951808
3941,1.0419370202951808,1.3392558283402758
3942,1.0392558283402757,1.3365799934104698
3943,1.0365799934104698,1.3339095048024199
3944,1.0339095048024198,1.3312443518341677
3945,1.0312443518341676,1.3285845238450977
3946,1.0285845238450977,1.3259300101958944
3947,1.0259300101958944,1.3232808002685
3948,1.0232808002684999,1.320636883466071
3949,1.020636883466071,1.3179982492129367
3950,1.0179982492129367,1.3153648869545567
3951,1.0153648869545566,1.3127367861574781
3952,1.012736786157478,1.3101139363092946
3953,1.0101139363092946,1.307496326918603
3954,1.007496326918603,1.3048839475149627
3955,1.0048839475149627,1.3022767876488521
3956,1.002276787648852,1.2996748368916284
3957,0.9993497795143038,1.2970780848354853
3958,0.994164707259199,1.2944865210934111
3959,0.9890034406364755,1.291900135299147
3960,0.9838658784064661,1.2893189171071469
3961,0.9787519197460576,1.2867428561925343
3962,0.9736614642470003,1.2841719422510618
3963,0.9685944119142272,1.2816061649990709
3964,0.963550663164183,1.2790455141734485
3965,0.958530118823152,1.2764899795315883
3966,0.9535326801256016,1.2739395508513485
3967,0.9485582487125263,1.2713942179310103
3968,0.9436067266297989,1.268853970589239
3969,0.9386780163265339,1.266318798665042
3970,0.9337720206534498,1.2637886920177281
3971,0.9288886428612432,1.2612636405268673
3972,0.9240277865989663,1.2587436340922502
3973,0.9191893559124145,1.2562286626338481
3974,0.9143732552425177,1.253718716091771
3975,0.9095793894237362,1.25121378442623
3976,0.9048076636824705,1.2487138576174954
3977,0.9000579836354693,1.2462189256658558
3978,0.8953302552882463,1.2437289785915808
3979,0.8906243850335084,1.2412440064348784
3980,0.8859402796495813,1.2387639992558568
3981,0.8812778462988502,1.2362889471344836
3982,0.8766369925261996,1.2338188401705477
3983,0.8720176262574667,1.2313536684836173
3984,0.8674196557978916,1.2288934222130028
3985,0.8628429898305838,1.2264380915177155
3986,0.858287537414987,1.2239876665764298
3987,0.8537532079853555,1.221542137587442
3988,0.8492399113492318,1.2191014947686336
3989,0.8447475576859366,1.2166657283574296
3990,0.8402760575450569,1.2142348286107612
3991,0.8358253218449477,1.2118087858050264
3992,0.8313952618712364,1.2093875902360502
3993,0.8269857892753304,1.2069712322190478
3994,0.8225968160729378,1.2045597020885834
3995,0.8182282546425867,1.2021529901985335
3996,0.8138800177241552,1.1997510869220473
3997,0.8095520184174055,1.1973539826515085
3998,0.8052441701805237,1.1949616677984969
3999,0.800956386828667,1.1925741327937496
4000,0.7966885825325141,1.1901913680871234
4001,0.7924406718168244,1.1878133641475568
4002,0.7882125695590022,1.1854401114630304
4003,0.7840041909876636,1.1830716005405304
4004,0.779815451681214,1.18070782190601
4005,0.7756462675664283,1.1783487661043517
4006,0.7714965549170371,1.1759944236993287
4007,0.767366230352319,1.1736447852735685
4008,0.7632552108356996,1.1712998414285143
4009,0.759163413673354,1.1689595827843875
4010,0.7550907565128168,1.1666239999801506
4011,0.751037157341596,1.164293083673469
4012,0.7470025344857941,1.1619668245406745
4013,0.7429868066087338,1.1596452132767274
4014,0.7389898927095901,1.1573282405951797
4015,0.7350117121220262,1.1550158972281377
4016,0.7310521845128373,1.1527081739262242
4017,0.7271112298805956,1.1504050614585437
4018,0.7231887685543095,1.1481065506126427
4019,0.719284721192075,1.145812632194475
4020,0.7153990087797463,1.143523297028364
4021,0.7115315526296014,1.1412385359569657
4022,0.707682274379019,1.1389583398412328
4023,0.7038510959891575,1.1366826995603778
4024,0.7000379397436414,1.1344116060118368
4025,0.6962427282472526,1.1321450501112322
4026,0.6924653844246251,1.1298830227923378
4027,0.6887058315189477,1.127625515007041
4028,0.6849639930906696,1.1253725177253078
4029,0.6812397930162134,1.1231240219351457
4030,0.6775331554866901,1.1208800186425691
4031,0.6738440050066246,1.1186404988715615
4032,0.670172266392679,1.116405453664041
4033,0.6665178647723887,1.1141748740798236
4034,0.6628807255828966,1.1119487511965882
4035,0.659260774569699,1.1097270761098401
4036,0.6556579377853907,1.107509839932876
4037,0.652072141588419,1.1052970337967485
4038,0.6485033126418414,1.1030886488502296
4039,0.6449513779120873,1.1008846762597773
4040,0.6414162646677282,1.0986851072094976
4041,0.6378979004782467,1.0964899329011117
4042,0.6343962132128174,1.0942991445539194
4043,0.6309111310390881,1.0921127334047644
4044,0.6274425824219674,1.0899306907079993
4045,0.6239904961224167,1.08775300773545
4046,0.620554801196248,1.085579675776382
4047,0.6171354269929255,1.0834106861374648
4048,0.6137323031543733,1.0812460301427367
4049,0.6103453596137858,1.0790856991335707
4050,0.6069745265944445,1.07692968446864
4051,0.6036197346085405,1.074777977523883
4052,0.6002809144559985,1.0726305696924694
4053,0.5969579972233098,1.0704874523847645
4054,0.5936509142823647,1.0683486170282965
4055,0.5903595972892959,1.066214055067721
4056,0.5870839781833206,1.0640837579647875
4057,0.5838239891855919,1.0619577171983046
4058,0.5805795627980515,1.0598359242641064
4059,0.5773506318022888,1.0577183706750186
4060,0.5741371292584049,1.0556050479608237
4061,0.5709389885038786,1.053495947668228
4062,0.5677561431524408,1.0513910613608275
4063,0.5645885270929507,1.0492903806190745
4064,0.5614360744882775,1.0471938970402432
4065,0.5582987197741855,1.045101602238396
4066,0.555176397658225,1.0430134878443516
4067,0.5520690431186283,1.0409295455056489
4068,0.5489765914032073,1.0388497668865164
4069,0.5458989780282596,1.0367741436678364
4070,0.5428361387774735,1.0347026675471134
4071,0.5397880097008442,1.0326353302384401
4072,0.5367545271135882,1.0305721234724647
4073,0.5337356275950662,1.0285130389963575
4074,0.5307312479877082,1.0264580685737774
4075,0.527741325395943,1.0244072039848404
4076,0.5247657971851342,1.0223604370260853
4077,0.5218046009805168,1.0203177595104411
4078,0.5188576746661416,1.0182791632671955
4079,0.5159249563838224,1.0162446401419607
4080,0.5130063845320867,1.0142141819966415
4081,0.5101018977651317,1.0121877807094024
4082,0.5072114349917838,1.010165428174636
4083,0.5043349353744639,1.008147116302929
4084,0.501472338328154,1.0061328370210314
4085,0.4986235835193704,1.0041225822718236
4086,0.4957886108651409,1.0021163440142835
4087,0.49296736053198364,1.0001141142234555
4088,0.49015977293489366,0.9981158848904182
4089,0.4873657887363318,0.9961216480222512
4090,0.484585348845215,0.9941313956420043
4091,0.48181839441591673,0.9921451197886656
4092,0.47906486684726635,0.9901628125171288
4093,0.47632470778155356,0.9881844658981623
4094,0.473597859103539,0.9862100720183771
4095,0.47088426293946617,0.9842396229801949
4096,0.4681838616560791,0.9822731109018168
4097,0.46549659785964276,0.9803105279171921
4098,0.4628224143949687,0.9783518661759861
4099,0.4601612543444431,0.9763971178435493
4100,0.4575130610270603,0.9744462751008857
4101,0.45487777799745965,0.9724993301446219
4102,0.45225534904496506,0.9705562751869752
4103,0.44964571819263033,0.9686171024557234
4104,0.44704882969628745,0.9666818041941729
4105,0.4444646280435975,0.9647503726611281
4106,0.44189305795310874,0.9628228001308603
4107,0.43933406437331435,0.9608990788930767
4108,0.43678759248171717,0.9589792012528899
4109,0.43425358768389677,0.9570631595307868
4110,0.43173199561258013,0.9551509460625979
4111,0.4292227621267171,0.9532425531994667
4112,0.4267258333105582,0.9513379733078193
4113,0.4242411554727375,0.9494371987693336
4114,0.42176867514535904,0.9475402219809089
4115,0.4193083390830849,0.9456470353546356
4116,0.41686009426223,0.9437576313177645
4117,0.41442388787985873,0.9418720023126771
4118,0.41199966735288546,0.9399901407968547
4119,0.4095873803171779,0.9381120392428488
4120,0.407186974626667,0.9362376901382508
4121,0.40479839835245673,0.9343670859856614
4122,0.4024215997819395,0.9325002193026619
4123,0.40005652741791536,0.930637082621783
4124,0.3977031299777137,0.9287776684904754
4125,0.3953613563923181,0.9269219694710802
4126,0.39303115580549797,0.9250699781407987
4127,0.39071247757293853,0.9232216870916633
4128,0.3884052712613792,0.9213770889305071
4129,0.38610948664775124,0.9195361762789352
4130,0.38382507371832403,0.9176989417732946
4131,0.3815519826678479,0.9158653780646445
4132,0.3792901638987076,0.9140354778187278
4133,0.3770395680200734,0.9122092337159412
4134,0.37480014584706,0.9103866384513056
4135,0.372571848399885,0.9085676847344378
4136,0.3703546269030342,0.9067523652895204
4137,0.36814843278442755,0.904940672855273
4138,0.36595321767459055,0.9031326001849238
4139,0.3637689334058271,0.9013281400461793
4140,0.36159553201139755,0.8995272852211968
4141,0.35943296572469824,0.8977300285065546
4142,0.3572811869784465,0.8959363627132234
4143,0.35514014840386665,0.8941462806665376
4144,0.3530098028298801,0.8923597752061666
4145,0.3508901032823003,0.8905768391860864
4146,0.34878100298302855,0.8887974654745503
4147,0.3466824553492542,0.8870216469540612
4148,0.3445944139926585,0.8852493765213426
4149,0.3425168327186203,0.8834806470873103
4150,0.3404496655254265,0.8817154515770445
4151,0.3383928666034847,0.8799537829297606
4152,0.3363463903345398,0.8781956340987815
4153,0.334310191290892,0.87644099805151
4154,0.3322842242346209,0.874689867769399
4155,0.33026844411680933,0.8729422362479257
4156,0.32826280607677394,0.8711980964965611
4157,0.3262672654412947,0.8694574415387442
4158,0.3242817777238522,0.8677202644118526
4159,0.3223062986238639,0.8659865581671756
4160,0.32034078402592575,0.8642563158698859
4161,0.31838518999905646,0.8625295305990122
4162,0.3164394727959449,0.8608061954474108
4163,0.3145035888521996,0.859086303521739
4164,0.3125774947856021,0.8573698479424267
4165,0.3106611473953639,0.8556568218436492
4166,0.308754503661385,0.8539472183733001
4167,0.3068575207435166,0.8522410306929631
4168,0.30497015598082616,0.8505382519778851
4169,0.30309236689086544,0.8488388754169491
4170,0.3012241111689414,0.8471428942126465
4171,0.2993653466873914,0.8454503015810503
4172,0.2975160314948588,0.8437610907517876
4173,0.2956761238155738,0.842075254968013
4174,0.2938455820486363,0.8403927874863811
4175,0.29202436476730115,0.8387136815770198
4176,0.2902124307182666,0.8370379305235028
4177,0.2884097388209667,0.8353655276228241
4178,0.28661624816686493,0.8336964661853697
4179,0.2848319180187516,0.8320307395348916
4180,0.2830567078100436,0.8303683410084811
4181,0.28129057714408856,0.8287092639565417
4182,0.279533485793468,0.827053501742763
4183,0.27778539369930877,0.8254010477440943
4184,0.276046260970592,0.8237518953507169
4185,0.2743160478834684,0.8221060379660192
4186,0.27259471488057424,0.8204634690065696
4187,0.27088222257035255,0.8188241819020899
4188,0.26917853172637296,0.8171881700954298
4189,0.26748360328665916,0.8155554270425394
4190,0.2657973983530151,0.8139259462124446
4191,0.2641198781903565,0.8122997210872199
4192,0.2624510042260434,0.8106767451619626
4193,0.2607907380492162,0.8090570119447671
4194,0.2591390414101347,0.8074405149566979
4195,0.2574958762195187,0.8058272477317652
4196,0.2558612045478925,0.8042172038168978
4197,0.254234988624931,0.8026103767719179
4198,0.25261719083880924,0.8010067601695153
4199,0.25100777373555433,0.7994063475952213
4200,0.24940670001839904,0.7978091326473836
4201,0.2478139325471404,0.7962151089371403
4202,0.24622943433749805,0.7946242700883944
4203,0.24465316856047697,0.7930366097377883
4204,0.24308509854173221,0.7914521215346785
4205,0.2415251877609364,0.7898707991411102
4206,0.23997339985115,0.7882926362317916
4207,0.23842969859819274,0.786717626494069
4208,0.23689404794002003,0.7851457636279011
4209,0.2353664119660993,0.7835770413458348
4210,0.23384675491679127,0.7820114533729786
4211,0.23233504118273116,0.7804489934469786
4212,0.2308312353042149,0.778889655317993
4213,0.2293353019705862,0.7773334327486672
4214,0.22784720601962638,0.7757803195141089
4215,0.22636691243694754,0.7742303094018629
4216,0.2248943863553866,0.7726833962118869
4217,0.22342959305440363,0.7711395737565259
4218,0.22197249795948087,0.769598835860488
4219,0.2205230666415256,0.7680611763608199
4220,0.2190812648162746,0.7665265891068813
4221,0.21764705834370088,0.764995067960321
4222,0.21622041322742358,0.7634666067950527
4223,0.21480129561412004,0.7619411994972295
4224,0.2133896717929392,0.7604188399652202
4225,0.21198550819491904,0.7588995221095847
4226,0.2105887713924052,0.7573832398530495
4227,0.20919942809847217,0.7558699871304834
4228,0.2078174451663471,0.7543597578888739
4229,0.2064427895888361,0.7528525460873016
4230,0.2050754284977516,0.7513483456969174
4231,0.20371532916334412,0.749847150700918
4232,0.20236245899373445,0.748348955094521
4233,0.20101678553434885,0.7468537528849423
4234,0.19967827646735706,0.7453615380913708
4235,0.19834689961111157,0.7438723047449456
4236,0.19702262291958986,0.7423860468887312
4237,0.1957054144818387,0.7409027585776942
4238,0.19439524252142049,0.7394224338786793
4239,0.19309207539586232,0.7379450668703859
4240,0.19179588159610675,0.7364706516433439
4241,0.19050662974596527,0.7349991822998904
4242,0.18922428860157325,0.733530652954146
4243,0.18794882705084817,0.7320650577319916
4244,0.18668021411294924,0.7306023907710442
4245,0.18541841893773903,0.7291426462206341
4246,0.1841634108052483,0.7276858182417809
4247,0.18291515912514167,0.726231901007171
4248,0.18167363343618687,0.7247808887011334
4249,0.1804388034057247,0.723332775519617
4250,0.17921063882914248,0.7218875556701673
4251,0.1779891096293485,0.7204452233719025
4252,0.17677418585624902,0.7190057728554919
4253,0.1755658376862281,0.7175691983631316
4254,0.17436403542162834,0.7161354941485213
4255,0.173168749490234,0.7147046544768424
4256,0.17197995044475725,0.7132766736247345
4257,0.1707976089623253,0.7118515458802721
4258,0.16962169584396988,0.7104292655429423
4259,0.16845218201411905,0.7090098269236219
4260,0.16728903852009117,0.7075932243445545
4261,0.16613223653159037,0.706179452139328
4262,0.16498174734020463,0.7047685046528516
4263,0.16383754235890552,0.7033603762413335
4264,0.16269959312155013,0.7019550612722583
4265,0.1615678712823849,0.700552554124364
4266,0.16044234861555157,0.6991528491876203
4267,0.15932299701459518,0.6977559408632056
4268,0.1582097884919739,0.6963618235634846
4269,0.15710269517857092,0.6949704917119864
4270,0.15600168932320835,0.6935819397433816
4271,0.15490674329216284,0.6921961621034607
4272,0.15381782956868403,0.690813153249111
4273,0.1527349207525131,0.6894329076482955
4274,0.15165798955940582,0.6880554197800298
4275,0.15058700882065518,0.6866806841343606
4276,0.14952195148261713,0.6853086952123435
4277,0.14846279060623863,0.683939447526021
4278,0.14740949936658623,0.6825729355984006
4279,0.14636205105237798,0.6812091539634326
4280,0.1453204190655161,0.6798480971659888
4281,0.1442845769206225,0.6784897597618401
4282,0.14325449824457545,0.6771341363176351
4283,0.14223015677604858,0.6757812214108783
4284,0.14121152636505152,0.674431009629908
4285,0.14019858097247226,0.6730834955738755
4286,0.13919129466962196,0.6717386738527228
4287,0.13818964163778102,0.6703965390871611
4288,0.1371935961677469,0.6690570859086498
4289,0.1362031326593845,0.667720308959374
4290,0.13521822562117744,0.6663862028922244
4291,0.13423884966978222,0.6650547623707749
4292,0.1332649795295829,0.6637259820692616
4293,0.1322965900322488,0.6623998566725615
4294,0.13133365611629313,0.6610763808761713
4295,0.1303761528266339,0.659755549386186
4296,0.1294240553141565,0.6584373569192781
4297,0.12847733883527795,0.6571217982026757
4298,0.12753597875151262,0.6558088679741422
4299,0.12659995052904055,0.654498560981955
4300,0.1256692297382769,0.6531908719848846
4301,0.12474379205344313,0.6518857957521729
4302,0.12382361325213993,0.6505833270635133
4303,0.12290866921492234,0.6492834607090295
4304,0.12199893592487619,0.6479861914892544
4305,0.12109438946719604,0.6466915142151092
4306,0.12019500602876526,0.6453994237078831
4307,0.11930076189773774,0.6441099147992122
4308,0.11841163346312109,0.6428229823310595
4309,0.11752759721436194,0.641538621155693
4310,0.11664862974093203,0.6402568261356667
4311,0.11577470773191732,0.6389775921437986
4312,0.11490580797560745,0.6377009140631509
4313,0.11404190735908762,0.6364267867870097
4314,0.1131829828678321,0.6351552052188644
4315,0.1123290115852991,0.6338861642723868
4316,0.11147997069252724,0.6326196588714114
4317,0.11063583746773407,0.6313556839499149
4318,0.10979658928591592,0.6300942344519962
4319,0.10896220361844944,0.6288353053318554
4320,0.10813265803269456,0.6275788915537744
4321,0.10730793019159952,0.6263249880920964
4322,0.10648799785330684,0.6250735899312058
4323,0.10567283887076173,0.6238246920655084
4324,0.10486243119132134,0.622578289499411
4325,0.1040567528563658,0.6213343772473016
4326,0.10325578200091112,0.6200929503335297
4327,0.10245949685322354,0.618854003792386
4328,0.10166787573443489,0.6176175326680825
4329,0.10088089705816046,0.6163835320147333
4330,0.10009853933011777,0.6151519968963339
4331,0.09932078114774688,0.6139229223867423
4332,0.09854760119983264,0.6126963035696589
4333,0.09777897826612826,0.6114721355386066
4334,0.0970148912169801,0.6102504133969117
4335,0.09625531901295459,0.6090311322576841
4336,0.09550024070446626,0.6078142872437977
4337,0.09474963543140721,0.6065998734878706
4338,0.09400348242277826,0.6053878861322463
4339,0.09326176099632182,0.6041783203289736
4340,0.09252445055815565,0.6029711712397878
4341,0.09179153060240884,0.601766434036091
4342,0.09106298071085846,0.6005641038989327
4343,0.0903387805525684,0.5993641760189907
4344,0.08961890988352927,0.598166645596552
4345,0.08890334854629983,0.5969715078414931
4346,0.08819207646965001,0.5957787579732617
4347,0.08748507366820535,0.5945883912208565
4348,0.08678232024209241,0.5934004028228089
4349,0.08608379637658654,0.5922147880271639
4350,0.08538948234176032,0.5910315420914605
4351,0.08469935849213353,0.5898506602827136
4352,0.08401340526632506,0.5886721378773943
4353,0.08333160318670532,0.5874959701614113
4354,0.08265393285905111,0.5863221524300924
4355,0.0819803749722011,0.585150679988165
4356,0.08131091029771285,0.5839815481497377
4357,0.08064551968952179,0.5828147522382816
4358,0.07998418408360061,0.5816502875866116
4359,0.07932688449762104,0.5804881495368674
4360,0.07867360203061612,0.5793283334404954
4361,0.07802431786264458,0.5781708346582296
4362,0.07737901325445612,0.5770156485600733
4363,0.07673766954715802,0.5758627705252806
4364,0.07610026816188362,0.5747121959423378
4365,0.0754667905994614,0.5735639202089451
4366,0.07483721844008608,0.572417938731998
4367,0.0742115333429906,0.571274246927569
4368,0.07358971704611969,0.5701328402208894
4369,0.07297175136580457,0.5689937140463309
4370,0.07235761819643925,0.5678568638473872
4371,0.07174729951015774,0.5667222850766561
4372,0.07114077735651302,0.5655899731958209
4373,0.07053803386215689,0.5644599236756326
4374,0.06993905123052141,0.5633321319958916
4375,0.06934381174150168,0.5622065936454298
4376,0.06875229775113956,0.5610833041220921
4377,0.06816449169130882,0.5599622589327189
4378,0.067580376069402,0.5588434535931283
4379,0.06699993346801794,0.557726883628097
4380,0.06642314654465065,0.5566125445713438
4381,0.0658499980313799,0.5555004319655111
4382,0.06528047073456279,0.5543905413621469
4383,0.0647145475345262,0.5532828683216875
4384,0.0641522113852613,0.552177408413439
4385,0.06359344531411841,0.5510741572155603
4386,0.0630382324215039,0.5499731103150454
4387,0.062486555880577846,0.5488742633077048
4388,0.061938398936952806,0.5477776117981495
4389,0.0613937449083945,0.5466831513997717
4390,0.060852577184522715,0.5455908777347285
4391,0.06031487922651436,0.5445007864339235
4392,0.05978063456680709,0.5434128731369904
4393,0.05924982680880458,0.5423271334922743
4394,0.05872243962658256,0.5412435631568153
4395,0.05819845676459635,0.5401621577963306
4396,0.0576778620373896,0.5390829130851973
4397,0.05716063932930401,0.5380058247064351
4398,0.05664677259419032,0.5369308883516891
4399,0.05613624585512058,0.5358580997212123
4400,0.05562904320410135,0.534787454523849
4401,0.055125148801788475,0.5337189484770168
4402,0.05462454687720246,0.5326525773066901
4403,0.05412722172744543,0.5315883367473829
4404,0.053633157717419236,0.5305262225421314
4405,0.053142339279544315,0.5294662304424775
4406,0.05265475091348021,0.5284083562084513
4407,0.05217037718584677,0.5273525956085545
4408,0.051689202729946926,0.5262989444197432
4409,0.051211212245490044,0.5252473984274114
4410,0.050736390498317026,0.5241979534253736
4411,0.05026472232012598,0.5231506052158484
4412,0.04979619260819945,0.5221053496094417
4413,0.04933078632513231,0.5210621824251296
4414,0.04886848849856128,0.5200210994902418
4415,0.048409284220894876,0.5189820966404454
4416,0.04795315864904536,0.5179451697197275
4417,0.04750009700416082,0.5169103145803791
4418,0.04705008457135901,0.5158775270829782
4419,0.04660310669946199,0.5148468030963735
4420,0.04615914880073191,0.5138181384976677
4421,0.045718196350607795,0.5127915291722009
4422,0.04528023488744365,0.5117669710135345
4423,0.04484525001224717,0.5107444599234345
4424,0.04441322738842011,0.5097239918118553
4425,0.04398415274149917,0.5087055625969229
4426,0.043558011858898106,0.5076891682049192
4427,0.04313479058965121,0.5066748045702651
4428,0.042714474844157295,0.505662467635505
4429,0.04229705059392516,0.5046521533512897
4430,0.04188250387131978,0.5036438576763606
4431,0.041470820769309795,0.5026375765775337
4432,0.04106198744121584,0.5016333060296834
4433,0.04065599010045995,0.500631042015726
4434,0.040252815020315996,0.4996307805266041
4435,0.039852448533661176,0.4986325175612705
4436,0.03945487703272845,0.49763624912667204
4437,0.03906008696885998,0.49664197123773357
4438,0.03866806485226164,0.49564967991734227
4439,0.038278797251758485,0.4946593711963315
4440,0.03789227079455119,0.4936710411134651
4441,0.03750847216597349,0.49268468571542134
4442,0.0371273881092507,0.4917003010567773
4443,0.03674900542525906,0.49071788319999315
4444,0.03637331097228624,0.48973742821539606
4445,0.03600029166579258,0.48875893218116484
4446,0.03562993447817359,0.487782391183314
4447,0.03526222643852317,0.48680780131567825
4448,0.034897154632397925,0.48583515867989685
4449,0.034534706201582444,0.48486445938539796
4450,0.034174868343855455,0.48389569954938305
4451,0.03381762831275697,0.48292887529681167
4452,0.033462973417356476,0.48196398276038527
4453,0.03311089102202179,0.4810010180805325
4454,0.032761368546189266,0.4800399774053935
4455,0.032414393464134605,0.4790808568908041
4456,0.03206995330474466,0.4781236527002811
4457,0.03172803565129037,0.47716836100500637
4458,0.03138862814120027,0.4762149779838119
4459,0.031051718465835317,0.4752634998231643
4460,0.030717294370264315,0.4743139227171497
4461,0.03038534365304045,0.4733662428674583
4462,0.030055854165978547,0.4724204564833696
4463,0.029728813813933556,0.47147655978173675
4464,0.029404210554579542,0.47053454898697167
4465,0.029082032398189843,0.4695944203310299
4466,0.028762267407418045,0.4686561700533955
4467,0.028444903697079863,0.46771979440106626
4468,0.02812992943393594,0.46678528962853827
4469,0.0278173328364754,0.46585265199779113
4470,0.027507102174700416,0.4649218777782731
4471,0.027199225769911652,0.46399296324688616
4472,0.026893691994494557,0.46306590468797076
4473,0.026590489271706368,0.4621406983932916
4474,0.02628960607546435,0.46121734066202213
4475,0.0259910309301345,0.4602958278007303
4476,0.025694752410321386,0.4593761561233634
4477,0.025400759140658712,0.4584583219512335
4478,0.025109039795600765,0.4575423216130027
4479,0.024819583099214775,0.4566281514446684
4480,0.024532377824973983,0.45571580778954873
4481,0.02424741279555169,0.45480528699826783
4482,0.023964676882616075,0.45389658542874134
4483,0.023684159006625884,0.45298969944616174
4484,0.023405848136626904,0.45208462542298394
4485,0.023129733290049338,0.4511813597389106
4486,0.022855803532505905,0.45027989878087776
4487,0.02258404797759087,0.44938023894304047
4488,0.022314455786679867,0.44848237662675805
4489,0.022047016168730428,0.44758630824058016
4490,0.02178171838008354,0.446692030200232
4491,0.021518551724265787,0.44579953892860025
4492,0.021257505551792424,0.44490883085571864
4493,0.02099856925997128,0.4440199024187536
4494,0.020741732292707316,0.4431327500619903
4495,0.020486984140308192,0.4422473702368181
4496,0.020234314339290405,0.4413637594017165
4497,0.0199837124721864,0.440481914022241
4498,0.01973516816735232,0.43960183057100893
4499,0.019488671098776687,0.4387235055276852
4500,0.019244210985889704,0.43784693537896857
4501,0.01900177759337354,0.43697211661857727
4502,0.018761360730973134,0.43609904574723507
4503,0.01852295025330799,0.43522771927265735
4504,0.018286536059684628,0.434358133709537
4505,0.018052108093909832,0.4334902855795306
4506,0.017819656344104644,0.43262417141124454
4507,0.017589170842519177,0.431759787740221
4508,0.017360641665348096,0.4308971311089241
4509,0.017134058932546863,0.4300361980667261
4510,0.016909412807648825,0.4291769851698938
4511,0.01668669349758296,0.42831948898157435
4512,0.016465891252492384,0.427463706071782
4513,0.016246996365553646,0.42660963301738386
4514,0.01602999917279662,0.42575726640208655
4515,0.01581489005292537,0.42490660281642256
4516,0.015601659427139543,0.4240576388577364
4517,0.015390297758956551,0.42321037113017107
4518,0.015180795554034496,0.4223647962446545
4519,0.014973143359995816,0.4215209108188861
4520,0.014767331766251671,0.42067871147732294
4521,0.014563351403826958,0.41983819485116664
4522,0.014361192945186185,0.4189993575783495
4523,0.014160847104059888,0.41816219630352136
4524,0.01396230463527192,0.41732670767803604
4525,0.013765556334567322,0.4164928883599378
4526,0.013570593038440937,0.41566073501394835
4527,0.01337740562396678,0.4148302443114532
4528,0.013185985008628035,0.41400141293048837
4529,0.012996322150147722,0.41317423755572724
4530,0.012808408046320184,0.41234871487846725
4531,0.01262223373484313,0.4115248415966166
4532,0.012437790293150432,0.410702614414681
4533,0.012255068838245535,0.4098820300437507
4534,0.01207406052653573,0.40906308520148704
4535,0.011894756553666824,0.4082457766121096
4536,0.011717148154358734,0.407430101006383
4537,0.011541226602241654,0.4066160551216036
4538,0.011366983209692818,0.40580363570158684
4539,0.011194409327674104,0.404992839496654
4540,0.011023496345570148,0.4041836632636191
4541,0.010854235691027178,0.40337610376577626
4542,0.010686618829792544,0.4025701577728862
4543,0.010520637265554767,0.401765822061164
4544,0.010356282539784498,0.4009630934132658
4545,0.01019354623157584,0.40016196861827585
4546,0.01003241995748848,0.39936244447169394
4547,0.009872895371390465,0.3985645177754224
4548,0.00971496416430156,0.3977681853377533
4549,0.009558618064237285,0.39697344397335604
4550,0.009403848836053625,0.39618029050326387
4551,0.009250648281292231,0.39538872175486195
4552,0.009099008238026476,0.3945987345618743
4553,0.00894892058070795,0.39381032576435093
4554,0.008800377220013646,0.3930234922086558
4555,0.008653370102693847,0.3922382307474535
4556,0.00850789121142048,0.3914545382396972
4557,0.008363932564636243,0.3906724115506158
4558,0.008221486216404242,0.3898918475517014
4559,0.00808054425625833,0.3891128431206971
4560,0.007941098809053975,0.38833539514158416
4561,0.007803142034819813,0.38755950050456955
4562,0.007666666128609718,0.38678515610607367
4563,0.007531663320355578,0.386012358848718
4564,0.007398125874720637,0.3852411056413123
4565,0.007266046090953367,0.3844713933988429
4566,0.007135416302742082,0.38370321904245974
4567,0.007006228878069997,0.38293657949946436
4568,0.006878476219070974,0.38217147170329746
4569,0.006752150761885817,0.381407892593527
4570,0.006627244976519226,0.38064583911583544
4571,0.006503751366697215,0.37988530822200783
4572,0.006381662469725194,0.3791262968699197
4573,0.006260970856346669,0.3783688020235246
4574,0.0061416691306023915,0.377612820652842
4575,0.0060237499296902225,0.3768583497339455
4576,0.005907205923825482,0.3761053862489504
4577,0.005792029816101931,0.3753539271860018
4578,0.005678214342353263,0.3746039695392624
4579,0.005565752271015193,0.37385551030890063
4580,0.005454636402988129,0.3731085465010786
4581,0.005344859571500375,0.37236307512794004
4582,0.005236414641971896,0.37161909320759845
4583,0.005129294511878676,0.37087659776412524
4584,0.0050234921106176045,0.3701355858275375
4585,0.004919000399371884,0.36939605443378665
4586,0.004815812370977081,0.368658000624746
4587,0.0047139210497876265,0.36792142144819945
4588,0.00461331949154393,0.36718631395782925
4589,0.004514000783240002,0.36645267521320446
4590,0.00441595804299164,0.3657205022797691
4591,0.004319184419905137,0.3649897922288305
4592,0.004223673093946557,0.3642605421375475
4593,0.004129417275811518,0.3635327490889187
4594,0.004036410206795501,0.36280641017177095
4595,0.003944645158664735,0.3620815224807476
4596,0.0038541154335275706,0.36135808311629697
4597,0.0037648143637064083,0.3606360891846606
4598,0.003676735311610117,0.3599155377978619
4599,0.003589871669607019,0.3591964260736942
4600,0.003504216859898341,0.3584787511357097
4601,0.0034197643343922704,0.35776251011320775
4602,0.0033365075745784294,0.3570477001412233
4603,0.0032544400914029277,0.35633431836051543
4604,0.0031735554251439077,0.3556223619175562
4605,0.003093847145287607,0.35491182796451876
4606,0.0030153088504049053,0.3542027136592664
4607,0.002937934168028428,0.35349501616534096
4608,0.0028617167545300914,0.3527887326519515
4609,0.0027866502949992103,0.35208386029396305
4610,0.0027127285031210615,0.35138039627188516
4611,0.002639945121055952,0.3506783377718609
4612,0.002568293919318826,0.34997768198565526
4613,0.002497768696659292,0.34927842611064425
4614,0.002428363279942226,0.34858056734980336
4615,0.0023600715240287813,0.3478841029116967
4616,0.0022928873116579607,0.34718903001046547
4617,0.002226804553328612,0.3464953458658172
4618,0.002161817187181966,0.34580304770301445
4619,0.0020979191788846187,0.3451121327528635
4620,0.0020351045215119814,0.3444225982517038
4621,0.001973367235432278,0.34373444144139625
4622,0.001912701368190919,0.3430476595693128
4623,0.0018531009943954509,0.3423622498883251
4624,0.0017945602156009,0.34167820965679335
4625,0.0017370731601956235,0.3409955361385558
4626,0.0016806339832876372,0.3403142266029175
4627,0.0016252368665913813,0.3396342783246393
4628,0.0015708760183149758,0.33895568858392733
4629,0.0015175456730479268,0.33827845466642154
4630,0.0014652400916492895,0.33760257386318554
4631,0.001413953561136325,0.3369280434706951
4632,0.0013636803945735482,0.3362548607908278
4633,0.0013144149309623023,0.3355830231308519
4634,0.0012661515351307436,0.33491252780341607
4635,0.001218884597624301,0.334243372126538
4636,0.0011726085345965594,0.3335755534235941
4637,0.0011273177877006205,0.33290906902330863
4638,0.0010830068239808927,0.3322439162597432
4639,0.0010396701357653325,0.3315800924722857
4640,0.0009973022405581169,0.3309175950056402
4641,0.0009558976809327897,0.3302564212098161
4642,0.0009154510244258088,0.32959656844011703
4643,0.0008759568634305323,0.3289380340571312
4644,0.0008374098150916847,0.32828081542672016
4645,0.0007998045212002137,0.3276249099200086
4646,0.0007631356480885896,0.3269703149133735
4647,0.0007273978865265391,0.3263170277884341
4648,0.000692585951617212,0.32566504593204093
4649,0.0006586945826937713,0.32501436673626566
4650,0.0006257185432163944,0.32436498759839066
4651,0.0005936526206697314,0.3237169059208986
4652,0.0005624916264607546,0.32307011911146183
4653,0.0005322303958170369,0.32242462458293225
4654,0.00050286378768545,0.32178041975333094
4655,0.000474386684631289,0.3211375020458377
4656,0.0004467939927377928,0.3204958688887808
4657,0.0004200806415060927,0.31985551771562676
4658,0.0003942415837555685,0.31921644596497
4659,0.00036927179552461256,0.3185786510805228
4660,0.0003451662759718115,0.3179421305111047
4661,0.00032192004727751476,0.31730688171063254
4662,0.00029952815454582744,0.3166729021381103
4663,0.00027798566570700267,0.31604018925761884
4664,0.00025728767142023124,0.3154087405383058
4665,0.00023742928497682916,0.3147785534543755
4666,0.0002184056422038343,0.3141496254850787
4667,0.0002002119013679886,0.31352195411470263
4668,0.00018284324308012363,0.31289553683256116
4669,0.00016629487019994183,0.31227037113298417
4670,0.0001505620077411715,0.3116464545153081
4671,0.00013563990277714049,0.3110237844838656
4672,0.00012152382434671584,0.3104023585479757
4673,0.00010820906336064355,0.3097821742219339
4674,9.569093250826795e-05,0.309163229025002
4675,8.396476616463901e-05,0.30854552048139844
4676,7.302592029800039e-05,0.3079290461202882
4677,6.286977237765765e-05,0.30731380347577303
4678,5.34917212822298e-05,0.3066997900868815
4679,4.488718720827542e-05,0.30608700349755924
4680,3.705161157929856e-05,0.3054754412566591
4681,2.9980456955124673e-05,0.3048651009179313
4682,2.3669206941655953e-05,0.30425598004001364
4683,1.8113366100994603e-05,0.30364807618642176
4684,1.3308459861937582e-05,0.30304138692553956
4685,9.25003443084303e-06,0.3024359098306091
4686,5.933656702858032e-06,0.3018316424797212
4687,3.3549141735193344e-06,0.3012285824558057
4688,1.5094148507135761e-06,0.30062672734662166
4689,3.9278716700343817e-07,0.3000260747447478
4690,6.798923136632378e-10,0.299426622247573
4691,0.0,0.2988283674572864
4692,0.0,0.29823130798086805
4693,0.0,0.2976354414300793
4694,0.0,0.2970407654214531
4695,0.0,0.2964472775762846
4696,0.0,0.29585497552062173
4697,0.0,0.29526385688525536
4698,0.0,0.29467391930571024
4699,0.0,0.29408516042223526
4700,0.0,0.2934975778797941
4701,0.0,0.2929111693280557
4702,0.0,0.2923259324213852
4703,0.0,0.29174186481883424
4704,0.0,0.29115896418413145
4705,0.0,0.2905772281856736
4706,0.0,0.289996654496516
4707,0.0,0.28941724079436304
4708,0.0,0.2888389847615591
4709,0.0,0.28826188408507936
4710,0.0,0.28768593645652024
4711,0.0,0.2871111395720906
4712,0.0,0.286537491132602
4713,0.0,0.28596498884346006
4714,0.0,0.2853936304146547
4715,0.0,0.2848234135607516
4716,0.0,0.28425433600088246
4717,0.0,0.28368639545873636
4718,0.0,0.2831195896625503
4719,0.0,0.2825539163451004
4720,0.0,0.2819893732436926
4721,0.0,0.2814259581001538
4722,0.0,0.28086366866082263
4723,0.0,0.2803025026765406
4724,0.0,0.27974245790264296
4725,0.0,0.27918353209894997
4726,0.0,0.27862572302975763
4727,0.0,0.2780690284638289
4728,0.0,0.2775134461743848
4729,0.0,0.27695897393909535
4730,0.0,0.276405609540071
4731,0.0,0.2758533507638533
4732,0.0,0.2753021954014065
4733,0.0,0.2747521412481084
4734,0.0,0.27420318610374156
4735,0.0,0.2736553277724848
4736,0.0,0.27310856406290396
4737,0.0,0.27256289278794354
4738,0.0,0.27201831176491764
4739,0.0,0.27147481881550156
4740,0.0,0.27093241176572264
4741,0.0,0.27039108844595205
4742,0.0,0.2698508466908958
4743,0.0,0.2693116843395861
4744,0.0,0.2687735992353728
4745,0.0,0.26823658922591487
4746,0.0,0.26770065216317146
4747,0.0,0.2671657859033936
4748,0.0,0.26663198830711565
4749,0.0,0.2660992572391464
4750,0.0,0.26556759056856094
4751,0.0,0.2650369861686918
4752,0.0,0.2645074419171207
4753,0.0,0.26397895569567
4754,0.0,0.263451525390394
4755,0.0,0.26292514889157087
4756,0.0,0.2623998240936939
4757,0.0,0.2618755488954631
4758,0.0,0.26135232119977714
4759,0.0,0.26083013891372436
4760,0.0,0.2603089999485751
4761,0.0,0.25978890221977263
4762,0.0,0.25926984364692546
4763,0.0,0.25875182215379855
4764,0.0,0.25823483566830524
4765,0.0,0.25771888212249894
4766,0.0,0.2572039594525648
4767,0.0,0.25669006559881136
4768,0.0,0.25617719850566256
4769,0.0,0.2556653561216494
4770,0.0,0.2551545363994016
4771,0.0,0.2546447372956396
4772,0.0,0.25413595677116624
4773,0.0,0.2536281927908589
4774,0.0,0.2531214433236609
4775,0.0,0.25261570634257363
4776,0.0,0.2521109798246486
4777,0.0,0.2516072617509789
4778,0.0,0.2511045501066918
4779,0.0,0.2506028428809399
4780,0.0,0.2501021380668937
4781,0.0,0.24960243366173315
4782,0.0,0.24910372766664013
4783,0.0,0.24860601808678987
4784,0.0,0.24810930293134345
4785,0.0,0.24761358021343954
4786,0.0,0.24711884795018665
4787,0.0,0.24662510416265507
4788,0.0,0.24613234687586893
4789,0.0,0.24564057411879853
4790,0.0,0.24514978392435208
4791,0.0,0.2446599743293682
4792,0.0,0.24417114337460788
4793,0.0,0.24368328910474663
4794,0.0,0.2431964095683667
4795,0.0,0.24271050281794926
4796,0.0,0.2422255669098667
4797,0.0,0.24174159990437483
4798,0.0,0.24125859986560486
4799,0.0,0.240776564861556
4800,0.0,0.24029549296408764
4801,0.0,0.23981538224891152
4802,0.0,0.2393362307955842
4803,0.0,0.23885803668749914
4804,0.0,0.23838079801187928
4805,0.0,0.23790451285976935
4806,0.0,0.23742917932602806
4807,0.0,0.23695479550932064
4808,0.0,0.2364813595121112
4809,0.0,0.2360088694406551
4810,0.0,0.23553732340499145
4811,0.0,0.23506671951893549
4812,0.0,0.23459705590007102
4813,0.0,0.23412833066974295
4814,0.0,0.2336605419530497
4815,0.0,0.23319368787883585
4816,0.0,0.23272776657968441
4817,0.0,0.2322627761919096
4818,0.0,0.23179871485554926
4819,0.0,0.2313355807143574
4820,0.0,0.23087337191579685
4821,0.0,0.2304120866110318
4822,0.0,0.22995172295492036
4823,0.0,0.2294922791060074
4824,0.0,0.2290337532265168
4825,0.0,0.22857614348234453
4826,0.0,0.22811944804305095
4827,0.0,0.22766366508185368
4828,0.0,0.2272087927756203
4829,0.0,0.22675482930486096
4830,0.0,0.2263017728537212
4831,0.0,0.22584962160997457
4832,0.0,0.2253983737650155
4833,0.0,0.22494802751385204
4834,0.0,0.22449858105509857
4835,0.0,0.22405003259096865
4836,0.0,0.22360238032726784
4837,0.0,0.22315562247338647
4838,0.0,0.2227097572422925
4839,0.0,0.22226478285052448
4840,0.0,0.2218206975181842
4841,0.0,0.2213774994689298
4842,0.0,0.22093518692996839
4843,0.0,0.2204937581320493
4844,0.0,0.2200532113094567
4845,0.0,0.2196135447000028
4846,0.0,0.21917475654502047
4847,0.0,0.21873684508935656
4848,0.0,0.2182998085813647
4849,0.0,0.2178636452728982
4850,0.0,0.21742835341930328
4851,0.0,0.21699393127941197
4852,0.0,0.21656037711553505
4853,0.0,0.21612768919345537
4854,0.0,0.21569586578242061
4855,0.0,0.2152649051551366
4856,0.0,0.21483480558776025
4857,0.0,0.21440556535989266
4858,0.0,0.2139771827545724
4859,0.0,0.21354965605826842
4860,0.0,0.21312298356087342
4861,0.0,0.21269716355569684
4862,0.0,0.2122721943394581
4863,0.0,0.21184807421227975
4864,0.0,0.2114248014776807
4865,0.0,0.21100237444256945
4866,0.0,0.2105807914172373
4867,0.0,0.2101600507153516
4868,0.0,0.209740150653949
4869,0.0,0.20932108955342865
4870,0.0,0.2089028657375456
4871,0.0,0.20848547753340405
4872,0.0,0.2080689232714506
4873,0.0,0.20765320128546766
4874,0.0,0.20723830991256675
4875,0.0,0.20682424749318182
4876,0.0,0.2064110123710626
4877,0.0,0.2059986028932681
4878,0.0,0.20558701741015983
4879,0.0,0.20517625427539532
4880,0.0,0.20476631184592148
4881,0.0,0.20435718848196804
4882,0.0,0.203948882547041
4883,0.0,0.20354139240791608
4884,0.0,0.20313471643463218
4885,0.0,0.20272885300048485
4886,0.0,0.20232380048201984
4887,0.0,0.20191955725902655
4888,0.0,0.20151612171453148
4889,0.0,0.20111349223479197
4890,0.0,0.20071166720928957
4891,0.0,0.20031064503072357
4892,0.0,0.1999104240950048
4893,0.0,0.19951100280124898
4894,0.0,0.19911237955177036
4895,0.0,0.19871455275207542
4896,0.0,0.1983175208108565
4897,0.0,0.1979212821399852
4898,0.0,0.19752583515450634
4899,0.0,0.1971311782726315
4900,0.0,0.19673730991573257
4901,0.0,0.19634422850833563
4902,0.0,0.19595193247811454
4903,0.0,0.1955604202558846
4904,0.0,0.19516969027559644
4905,0.0,0.1947797409743296
4906,0.0,0.19439057079228636
4907,0.0,0.1940021781727855
4908,0.0,0.193614561562256
4909,0.0,0.1932277194102309
4910,0.0,0.19284165016934107
4911,0.0,0.19245635229530905
4912,0.0,0.19207182424694277
4913,0.0,0.19168806448612963
4914,0.0,0.19130507147783
4915,0.0,0.19092284369007134
4916,0.0,0.19054137959394202
4917,0.0,0.1901606776635851
4918,0.0,0.18978073637619242
4919,0.0,0.18940155421199828
4920,0.0,0.18902312965427354
4921,0.0,0.18864546118931944
4922,0.0,0.18826854730646161
4923,0.0,0.18789238649804405
4924,0.0,0.18751697725942296
4925,0.0,0.18714231808896095
4926,0.0,0.18676840748802084
4927,0.0,0.18639524396095972
4928,0.0,0.18602282601512296
4929,0.0,0.18565115216083827
4930,0.0,0.18528022091140978
4931,0.0,0.18491003078311197
4932,0.0,0.18454058029518383
4933,0.0,0.1841718679698229
4934,0.0,0.18380389233217945
4935,0.0,0.18343665191035038
4936,0.0,0.18307014523537354
4937,0.0,0.18270437084122174
4938,0.0,0.1823393272647969
4939,0.0,0.18197501304592426
4940,0.0,0.1816114267273464
4941,0.0,0.1812485668547176
4942,0.0,0.18088643197659793
4943,0.0,0.1805250206444473
4944,0.0,0.18016433141262
4945,0.0,0.17980436283835852
4946,0.0,0.17944511348178815
4947,0.0,0.17908658190591095
4948,0.0,0.17872876667660015
4949,0.0,0.17837166636259438
4950,0.0,0.1780152795354919
4951,0.0,0.1776596047697449
4952,0.0,0.1773046406426539
4953,0.0,0.17695038573436184
4954,0.0,0.17659683862784867
4955,0.0,0.17624399790892545
4956,0.0,0.17589186216622885
4957,0.0,0.17554042999121547
4958,0.0,0.1751896999781561
4959,0.0,0.17483967072413023
4960,0.0,0.17449034082902037
4961,0.0,0.17414170889550648
4962,0.0,0.17379377352906034
4963,0.0,0.17344653333794008
4964,0.0,0.1730999869331844
4965,0.0,0.17275413292860728
4966,0.0,0.1724089699407922
4967,0.0,0.17206449658908676
4968,0.0,0.1717207114955971
4969,0.0,0.17137761328518236
4970,0.0,0.1710352005854493
4971,0.0,0.1706934720267466
4972,0.0,0.17035242624215963
4973,0.0,0.17001206186750473
4974,0.0,0.169672377541324
4975,0.0,0.16933337190487968
4976,0.0,0.16899504360214873
4977,0.0,0.16865739127981755
4978,0.0,0.1683204135872763
4979,0.0,0.1679841091766139
4980,0.0,0.16764847670261215
4981,0.0,0.16731351482274076
4982,0.0,0.16697922219715172
4983,0.0,0.16664559748867414
4984,0.0,0.16631263936280868
4985,0.0,0.16598034648772245
4986,0.0,0.16564871753424346
4987,0.0,0.16531775117585545
4988,0.0,0.16498744608869262
4989,0.0,0.16465780095153412
4990,0.0,0.16432881444579892
4991,0.0,0.16400048525554065
4992,0.0,0.16367281206744205
4993,0.0,0.16334579357080994
4994,0.0,0.16301942845756992
4995,0.0,0.16269371542226108
4996,0.0,0.16236865316203086
4997,0.0,0.1620442403766298
4998,0.0,0.16172047576840629
4999,0.0,0.1613973580423015
5000,0.0,0.16107488590584407
5001,0.0,0.160753058069145
5002,0.0,0.16043187324489258
5003,0.0,0.16011133014834703
5004,0.0,0.15979142749733555
5005,0.0,0.15947216401224712
5006,0.0,0.1591535384160274
5007,0.0,0.15883554943417352
5008,0.0,0.15851819579472917
5009,0.0,0.15820147622827935
5010,0.0,0.15788538946794536
5011,0.0,0.15756993424937976
5012,0.0,0.15725510931076125
5013,0.0,0.15694091339278968
5014,0.0,0.1566273452386809
5015,0.0,0.15631440359416193
5016,0.0,0.15600208720746578
5017,0.0,0.15569039482932642
5018,0.0,0.15537932521297398
5019,0.0,0.1550688771141296
5020,0.0,0.15475904929100037
5021,0.0,0.15444984050427468
5022,0.0,0.15414124951711697
5023,0.0,0.1538332750951628
5024,0.0,0.15352591600651416
5025,0.0,0.1532191710217342
5026,0.0,0.1529130389138427
5027,0.0,0.15260751845831066
5028,0.0,0.15230260843305596
5029,0.0,0.15199830761843808
5030,0.0,0.15169461479725332
5031,0.0,0.15139152875473003
5032,0.0,0.15108904827852357
5033,0.0,0.1507871721587117
5034,0.0,0.1504858991877895
5035,0.0,0.15018522816066474
5036,0.0,0.14988515787465284
5037,0.0,0.1495856871294723
5038,0.0,0.1492868147272397
5039,0.0,0.14898853947246507
5040,0.0,0.14869086017204697
5041,0.0,0.14839377563526782
5042,0.0,0.14809728467378908
5043,0.0,0.1478013861016465
5044,0.0,0.14750607873524538
5045,0.0,0.1472113613933559
5046,0.0,0.14691723289710826
5047,0.0,0.1466236920699881
5048,0.0,0.14633073773783173
5049,0.0,0.1460383687288214
5050,0.0,0.1457465838734807
5051,0.0,0.14545538200466984
5052,0.0,0.14516476195758093
5053,0.0,0.1448747225697334
5054,0.0,0.14458526268096933
5055,0.0,0.14429638113344875
5056,0.0,0.1440080767716451
5057,0.0,0.14372034844234055
5058,0.0,0.1434331949946214
5059,0.0,0.14314661527987346
5060,0.0,0.14286060815177754
5061,0.0,0.14257517246630466
5062,0.0,0.14229030708171178
5063,0.0,0.14200601085853692
5064,0.0,0.14172228265959486
5065,0.0,0.14143912134997239
5066,0.0,0.14115652579702392
5067,0.0,0.14087449487036682
5068,0.0,0.14059302744187707
5069,0.0,0.14031212238568452
5070,0.0,0.1400317785781686
5071,0.0,0.1397519948979537
5072,0.0,0.13947277022590474
5073,0.0,0.13919410344512262
5074,0.0,0.13891599344093988
5075,0.0,0.13863843910091614
5076,0.0,0.13836143931483363
5077,0.0,0.13808499297469287
5078,0.0,0.13780909897470814
5079,0.0,0.13753375621130307
5080,0.0,0.13725896358310619
5081,0.0,0.13698471999094666
5082,0.0,0.13671102433784976
5083,0.0,0.13643787552903247
5084,0.0,0.1361652724718992
5085,0.0,0.13589321407603738
5086,0.0,0.1356216992532131
5087,0.0,0.13535072691736663
5088,0.0,0.13508029598460827
5089,0.0,0.134810405373214
5090,0.0,0.13454105400362093
5091,0.0,0.1342722407984233
5092,0.0,0.13400396468236786
5093,0.0,0.13373622458234985
5094,0.0,0.13346901942740846
5095,0.0,0.13320234814872275
5096,0.0,0.13293620967960726
5097,0.0,0.1326706029555077
5098,0.0,0.13240552691399687
5099,0.0,0.13214098049477024
5100,0.0,0.13187696263964177
5101,0.0,0.13161347229253972
5102,0.0,0.1313505083995023
5103,0.0,0.1310880699086736
5104,0.0,0.13082615577029935
5105,0.0,0.1305647649367226
5106,0.0,0.13030389636237968
5107,0.0,0.13004354900379594
5108,0.0,0.12978372181958164
5109,0.0,0.12952441377042762
5110,0.0,0.1292656238191014
5111,0.0,0.12900735093044283
5112,0.0,0.12874959407135997
5113,0.0,0.12849235221082506
5114,0.0,0.12823562431987032
5115,0.0,0.12797940937158386
5116,0.0,0.12772370634110553
5117,0.0,0.12746851420562283
5118,0.0,0.12721383194436692
5119,0.0,0.1269596585386084
5120,0.0,0.12670599297165333
5121,0.0,0.12645283422883907
5122,0.0,0.12620018129753033
5123,0.0,0.12594803316711506
5124,0.0,0.1256963888290004
5125,0.0,0.12544524727660863
5126,0.0,0.12519460750537326
5127,0.0,0.12494446851273482
5128,0.0,0.124694829298137
5129,0.0,0.12444568886302265
5130,0.0,0.12419704621082968
5131,0.0,0.12394890034698715
5132,0.0,0.12370125027891125
5133,0.0,0.12345409501600142
5134,0.0,0.12320743356963627
5135,0.0,0.12296126495316967
5136,0.0,0.12271558818192682
5137,0.0,0.12247040227320033
5138,0.0,0.12222570624624622
5139,0.0,0.12198149912228007
5140,0.0,0.12173777992447304
5141,0.0,0.12149454767794804
5142,0.0,0.12125180140977572
5143,0.0,0.12100954014897074
5144,0.0,0.12076776292648768
5145,0.0,0.12052646877521736
5146,0.0,0.12028565672998283
5147,0.0,0.1200453258275356
5148,0.0,0.11980547510655175
5149,0.0,0.11956610360762805
5150,0.0,0.11932721037327823
5151,0.0,0.11908879444792898
5152,0.0,0.11885085487791633
5153,0.0,0.11861339071148165
5154,0.0,0.11837640099876798
5155,0.0,0.11813988479181611
5156,0.0,0.11790384114456094
5157,0.0,0.11766826911282756
5158,0.0,0.11743316775432752
5159,0.0,0.11719853612865508
5160,0.0,0.11696437329728342
5161,0.0,0.1167306783235609
5162,0.0,0.11649745027270732
5163,0.0,0.11626468821181014
5164,0.0,0.11603239120982084
5165,0.0,0.1158005583375511
5166,0.0,0.1155691886676691
5167,0.0,0.11533828127469588
5168,0.0,0.11510783523500152
5169,0.0,0.11487784962680159
5170,0.0,0.11464832353015333
5171,0.0,0.11441925602695206
5172,0.0,0.11419064620092745
5173,0.0,0.11396249313763991
5174,0.0,0.11373479592447687
5175,0.0,0.11350755365064916
5176,0.0,0.1132807654071874
5177,0.0,0.1130544302869383
5178,0.0,0.1128285473845611
5179,0.0,0.11260311579652388
5180,0.0,0.11237813462109998
5181,0.0,0.1121536029583644
5182,0.0,0.11192951991019019
5183,0.0,0.11170588458024486
5184,0.0,0.1114826960739868
5185,0.0,0.11125995349866168
5186,0.0,0.1110376559632989
5187,0.0,0.11081580257870802
5188,0.0,0.1105943924574752
5189,0.0,0.11037342471395967
5190,0.0,0.11015289846429017
5191,0.0,0.1099328128263614
5192,0.0,0.1097131669198305
5193,0.0,0.10949395986611357
5194,0.0,0.1092751907883821
5195,0.0,0.10905685881155948
5196,0.0,0.10883896306231752
5197,0.0,0.10862150266907292
5198,0.0,0.10840447676198382
5199,0.0,0.10818788447294632
5200,0.0,0.10797172493559097
5201,0.0,0.1077559972852793
5202,0.0,0.10754070065910047
5203,0.0,0.10732583419586765
5204,0.0,0.10711139703611472
5205,0.0,0.10689738832209275
5206,0.0,0.1066838071977666
5207,0.0,0.10647065280881149
5208,0.0,0.10625792430260957
5209,0.0,0.10604562082824652
5210,0.0,0.10583374153650821
5211,0.0,0.10562228557987713
5212,0.0,0.1054112521125292
5213,0.0,0.10520064029033029
5214,0.0,0.10499044927083279
5215,0.0,0.10478067821327236
5216,0.0,0.1045713262785645
5217,0.0,0.10436239262930118
5218,0.0,0.10415387642974752
5219,0.0,0.10394577684583846
5220,0.0,0.10373809304517537
5221,0.0,0.1035308241970228
5222,0.0,0.10332396947230503
5223,0.0,0.10311752804360291
5224,0.0,0.10291149908515049
5225,0.0,0.1027058817728316
5226,0.0,0.10250067528417675
5227,0.0,0.1022958787983597
5228,0.0,0.10209149149619424
5229,0.0,0.1018875125601309
5230,0.0,0.10168394117425363
5231,0.0,0.10148077652427666
5232,0.0,0.10127801779754107
5233,0.0,0.10107566418301171
5234,0.0,0.10087371487127386
5235,0.0,0.10067216905452998
5236,0.0,0.10047102592659657
5237,0.0,0.10027028468290082
5238,0.0,0.10006994452047749
5239,0.0,0.09987000463796568
5240,0.0,0.09967046423560556
5241,0.0,0.0994713225152353
5242,0.0,0.09927257868028772
5243,0.0,0.09907423193578722
5244,0.0,0.09887628148834657
5245,0.0,0.0986787265461637
5246,0.0,0.09848156631901861
5247,0.0,0.09828480001827007
5248,0.0,0.09808842685685266
5249,0.0,0.09789244604927348
5250,0.0,0.097696856811609
5251,0.0,0.09750165836150204
5252,0.0,0.09730684991815852
5253,0.0,0.09711243070234442
5254,0.0,0.09691839993638263
5255,0.0,0.09672475684414979
5256,0.0,0.0965315006510733
5257,0.0,0.09633863058412812
5258,0.0,0.09614614587183373
5259,0.0,0.09595404574425102
5260,0.0,0.09576232943297923
5261,0.0,0.09557099617115285
5262,0.0,0.09538004519343858
5263,0.0,0.09518947573603227
5264,0.0,0.09499928703665582
5265,0.0,0.09480947833455416
5266,0.0,0.09462004887049229
5267,0.0,0.09443099788675202
5268,0.0,0.09424232462712923
5269,0.0,0.09405402833693059
5270,0.0,0.0938661082629707
5271,0.0,0.09367856365356902
5272,0.0,0.09349139375854688
5273,0.0,0.09330459782922441
5274,0.0,0.09311817511841766
5275,0.0,0.09293212488043555
5276,0.0,0.09274644637107687
5277,0.0,0.09256113884762734
5278,0.0,0.09237620156885662
5279,0.0,0.09219163379501534
5280,0.0,0.09200743478783216
5281,0.0,0.09182360381051081
5282,0.0,0.09164014012772713
5283,0.0,0.09145704300562615
5284,0.0,0.09127431171181914
5285,0.0,0.09109194551538068
5286,0.0,0.09090994368684571
5287,0.0,0.09072830549820673
5288,0.0,0.0905470302229107
5289,0.0,0.0903661171358563
5290,0.0,0.09018556551339092
5291,0.0,0.09000537463330784
5292,0.0,0.0898255437748433
5293,0.0,0.08964607221867364
5294,0.0,0.08946695924691238
5295,0.0,0.08928820414310738
5296,0.0,0.08910980619223803
5297,0.0,0.08893176468071225
5298,0.0,0.08875407889636376
5299,0.0,0.0885767481284492
5300,0.0,0.08839977166764526
5301,0.0,0.08822314880604584
5302,0.0,0.0880468788371593
5303,0.0,0.08787096105590549
5304,0.0,0.08769539475861306
5305,0.0,0.0875201792430166
5306,0.0,0.08734531380825379
5307,0.0,0.0871707977548627
5308,0.0,0.08699663038477884
5309,0.0,0.08682281100133252
5310,0.0,0.08664933890924598
5311,0.0,0.0864762134146306
5312,0.0,0.08630343382498418
5313,0.0,0.08613099944918813
5314,0.0,0.08595890959750473
5315,0.0,0.08578716358157432
5316,0.0,0.08561576071441261
5317,0.0,0.08544470031040793
5318,0.0,0.08527398168531841
5319,0.0,0.08510360415626933
5320,0.0,0.08493356704175034
5321,0.0,0.08476386966161276
5322,0.0,0.08459451133706686
5323,0.0,0.08442549139067908
5324,0.0,0.08425680914636945
5325,0.0,0.08408846392940875
5326,0.0,0.08392045506641588
5327,0.0,0.08375278188535516
5328,0.0,0.08358544371553367
5329,0.0,0.08341843988759848
5330,0.0,0.08325176973353406
5331,0.0,0.08308543258665958
5332,0.0,0.08291942778162623
5333,0.0,0.08275375465441455
5334,0.0,0.08258841254233183
5335,0.0,0.0824234007840094
5336,0.0,0.08225871871940002
5337,0.0,0.08209436568977518
5338,0.0,0.08193034103772256
5339,0.0,0.08176664410714334
5340,0.0,0.08160327424324956
5341,0.0,0.08144023079256157
5342,0.0,0.08127751310290533
5343,0.0,0.08111512052340987
5344,0.0,0.08095305240450465
5345,0.0,0.08079130809791699
5346,0.0,0.08062988695666944
5347,0.0,0.08046878833507723
5348,0.0,0.08030801158874565
5349,0.0,0.0801475560745675
5350,0.0,0.07998742115072052
5351,0.0,0.07982760617666479
5352,0.0,0.0796681105131402
5353,0.0,0.07950893352216389
5354,0.0,0.07935007456702768
5355,0.0,0.07919153301229555
5356,0.0,0.07903330822380104
5357,0.0,0.07887539956864482
5358,0.0,0.07871780641519203
5359,0.0,0.07856052813306987
5360,0.0,0.07840356409316497
5361,0.0,0.07824691366762099
5362,0.0,0.078090576229836
5363,0.0,0.07793455115446007
5364,0.0,0.07777883781739266
5365,0.0,0.07762343559578022
5366,0.0,0.07746834386801367
5367,0.0,0.07731356201372587
5368,0.0,0.07715908941378923
5369,0.0,0.07700492545031311
5370,0.0,0.07685106950664146
5371,0.0,0.07669752096735032
5372,0.0,0.07654427921824529
5373,0.0,0.07639134364635922
5374,0.0,0.07623871363994957
5375,0.0,0.07608638858849613
5376,0.0,0.0759343678826985
5377,0.0,0.07578265091447364
5378,0.0,0.07563123707695349
5379,0.0,0.0754801257644825
5380,0.0,0.0753293163726152
5381,0.0,0.07517880829811383
5382,0.0,0.07502860093894588
5383,0.0,0.07487869369428173
5384,0.0,0.0747290859644922
5385,0.0,0.07457977715114615
5386,0.0,0.07443076665700817
5387,0.0,0.07428205388603605
5388,0.0,0.07413363824337851
5389,0.0,0.0739855191353728
5390,0.0,0.07383769596954226
5391,0.0,0.07369016815459406
5392,0.0,0.07354293510041673
5393,0.0,0.07339599621807785
5394,0.0,0.07324935091982172
5395,0.0,0.07310299861906694
5396,0.0,0.0729569387304041
5397,0.0,0.07281117066959344
5398,0.0,0.07266569385356257
5399,0.0,0.07252050770040398
5400,0.0,0.0723756116293729
5401,0.0,0.07223100506088483
5402,0.0,0.07208668741651329
5403,0.0,0.07194265811898756
5404,0.0,0.07179891659219023
5405,0.0,0.07165546226115499
5406,0.0,0.07151229455206434
5407,0.0,0.07136941289224724
5408,0.0,0.07122681671017687
5409,0.0,0.07108450543546832
5410,0.0,0.07094247849887628
5411,0.0,0.07080073533229284
5412,0.0,0.07065927536874511
5413,0.0,0.07051809804239308
5414,0.0,0.07037720278852723
5415,0.0,0.07023658904356639
5416,0.0,0.07009625624505536
5417,0.0,0.06995620383166277
5418,0.0,0.0698164312431788
5419,0.0,0.06967693792051287
5420,0.0,0.06953772330569154
5421,0.0,0.06939878684185614
5422,0.0,0.06926012797326064
5423,0.0,0.06912174614526939
5424,0.0,0.06898364080435487
5425,0.0,0.06884581139809556
5426,0.0,0.06870825737517362
5427,0.0,0.0685709781853728
5428,0.0,0.06843397327957616
5429,0.0,0.06829724210976387
5430,0.0,0.0681607841290111
5431,0.0,0.0680245987914857
5432,0.0,0.06788868555244619
5433,0.0,0.0677530438682394
5434,0.0,0.06761767319629841
5435,0.0,0.06748257299514036
5436,0.0,0.06734774272436429
5437,0.0,0.06721318184464889
5438,0.0,0.0670788898177505
5439,0.0,0.06694486610650081
5440,0.0,0.06681111017480482
5441,0.0,0.0666776214876386
5442,0.0,0.06654439951104724
5443,0.0,0.06641144371214265
5444,0.0,0.06627875355910144
5445,0.0,0.06614632852116287
5446,0.0,0.06601416806862656
5447,0.0,0.06588227167285055
5448,0.0,0.06575063880624907
5449,0.0,0.06561926894229048
5450,0.0,0.06548816155549515
5451,0.0,0.06535731612143336
5452,0.0,0.06522673211672321
5453,0.0,0.0650964090190285
5454,0.0,0.06496634630705665
5455,0.0,0.06483654346055664
5456,0.0,0.06470699996031694
5457,0.0,0.06457771528816335
5458,0.0,0.06444868892695702
5459,0.0,0.06431992036059232
5460,0.0,0.06419140907399483
5461,0.0,0.06406315455311923
5462,0.0,0.06393515628494724
5463,0.0,0.06380741375748565
5464,0.0,0.06367992645976417
5465,0.0,0.06355269388183342
5466,0.0,0.06342571551476295
5467,0.0,0.0632989908506391
5468,0.0,0.06317251938256305
5469,0.0,0.06304630060464876
5470,0.0,0.06292033401202095
5471,0.0,0.06279461910081309
5472,0.0,0.06266915536816535
5473,0.0,0.06254394231222264
5474,0.0,0.062418979432132586
5475,0.0,0.062294266228043474
5476,0.0,0.06216980220110234
5477,0.0,0.0620455868534529
5478,0.0,0.0619216196882336
5479,0.0,0.06179790020957561
5480,0.0,0.06167442792260086
5481,0.0,0.061551202333420034
5482,0.0,0.061428222949130605
5483,0.0,0.06130548927781488
5484,0.0,0.06118300082853801
5485,0.0,0.06106075711134603
5486,0.0,0.06093875763726391
5487,0.0,0.06081700191829359
5488,0.0,0.06069548946741204
5489,0.0,0.06057421979856927
5490,0.0,0.060453192426686474
5491,0.0,0.06033240686765398
5492,0.0,0.06021186263832941
5493,0.0,0.06009155925653567
5494,0.0,0.059971496241059075
5495,0.0,0.05985167311164741
5496,0.0,0.059732089389007995
5497,0.0,0.059612744594805776
5498,0.0,0.059493638251661415
5499,0.0,0.059374769883149395
5500,0.0,0.059256139013796075
5501,0.0,0.05913774516907781
5502,0.0,0.059019587875419076
5503,0.0,0.05890166666019053
5504,0.0,0.05878398105170717
5505,0.0,0.0586665305792264
5506,0.0,0.05854931477294616
5507,0.0,0.05843233316400307
5508,0.0,0.058315585284470554
5509,0.0,0.05819907066735693
5510,0.0,0.058082788846603575
5511,0.0,0.057966739357083054
5512,0.0,0.057850921734597244
5513,0.0,0.05773533551587551
5514,0.0,0.057619980238572815
5515,0.0,0.0575048554412679
5516,0.0,0.05738996066346142
5517,0.0,0.05727529544557412
5518,0.0,0.05716085932894498
5519,0.0,0.05704665185582936
5520,0.0,0.05693267256939723
5521,0.0,0.05681892101373128
5522,0.0,0.05670539673382515
5523,0.0,0.05659209927558156
5524,0.0,0.056479028185810534
5525,0.0,0.05636618301222755
5526,0.0,0.05625356330345177
5527,0.0,0.056141168609004206
5528,0.0,0.05602899847930594
5529,0.0,0.0559170524656763
5530,0.0,0.055805330120331065
5531,0.0,0.05569383099638073
5532,0.0,0.05558255464782863
5533,0.0,0.05547150062956923
5534,0.0,0.055360668497386314
5535,0.0,0.055250057807951204
5536,0.0,0.055139668118821
5537,0.0,0.05502949898843678
5538,0.0,0.05491954997612189
5539,0.0,0.054809820642080134
5540,0.0,0.05470031054739402
5541,0.0,0.05459101925402303
5542,0.0,0.05448194632480185
5543,0.0,0.05437309132343861
5544,0.0,0.054264453814513156
5545,0.0,0.05415603336347532
5546,0.0,0.054047829536643145
5547,0.0,0.05393984190120117
5548,0.0,0.05383207002519873
5549,0.0,0.05372451347754816
5550,0.0,0.05361717182802314
5551,0.0,0.05351004464725692
5552,0.0,0.053403131506740635
5553,0.0,0.05329643197882158
5554,0.0,0.0531899456367015
5555,0.0,0.053083672054434886
5556,0.0,0.05297761080692727
5557,0.0,0.052871761469933526
5558,0.0,0.05276612362005614
5559,0.0,0.0526606968347436
5560,0.0,0.05255548069228862
5561,0.0,0.052450474771826475
5562,0.0,0.05234567865333335
5563,0.0,0.05224109191762463
5564,0.0,0.05213671414635324
5565,0.0,0.052032544922007956
5566,0.0,0.05192858382791173
5567,0.0,0.05182483044822006
5568,0.0,0.05172128436791928
5569,0.0,0.051617945172824926
5570,0.0,0.051514812449580095
5571,0.0,0.05141188578565375
5572,0.0,0.05130916476933909
5573,0.0,0.05120664898975192
5574,0.0,0.05110433803682899
5575,0.0,0.051002231501326344
5576,0.0,0.05090032897481771
5577,0.0,0.05079863004969284
5578,0.0,0.0506971343191559
5579,0.0,0.05059584137722383
5580,0.0,0.05049475081872473
5581,0.0,0.05039386223929623
5582,0.0,0.05029317523538389
5583,0.0,0.05019268940423954
5584,0.0,0.05009240434391973
5585,0.0,0.04999231965328409
5586,0.0,0.04989243493199372
5587,0.0,0.0497927497805096
5588,0.0,0.04969326380009099
5589,0.0,0.04959397659279384
5590,0.0,0.049494887761469195
5591,0.0,0.049395996909761576
5592,0.0,0.04929730364210746
5593,0.0,0.04919880756373365
5594,0.0,0.04910050828065568
5595,0.0,0.049002405399676305
5596,0.0,0.04890449852838386
5597,0.0,0.04880678727515074
5598,0.0,0.0487092712491318
5599,0.0,0.0486119500602628
5600,0.0,0.048514823319258854
5601,0.0,0.04841789063761288
5602,0.0,0.04832115162759401
5603,0.0,0.04822460590224607
5604,0.0,0.048128253075386054
5605,0.0,0.0480320927616025
5606,0.0,0.047936124576254034
5607,0.0,0.047840348135467795
5608,0.0,0.04774476305613788
5609,0.0,0.047649368955923845
5610,0.0,0.04755416545324917
5611,0.0,0.04745915216729971
5612,0.0,0.04736432871802221
5613,0.0,0.04726969472612273
5614,0.0,0.04717524981306517
5615,0.0,0.04708099360106977
5616,0.0,0.046986925713111555
5617,0.0,0.046893045772918834
5618,0.0,0.04679935340497173
5619,0.0,0.04670584823450065
5620,0.0,0.04661252988748478
5621,0.0,0.046519397990650614
5622,0.0,0.04642645217147043
5623,0.0,0.04633369205816083
5624,0.0,0.04624111727968125
5625,0.0,0.04614872746573244
5626,0.0,0.04605652224675502
5627,0.0,0.045964501253928
5628,0.0,0.04587266411916728
5629,0.0,0.0457810104751242
5630,0.0,0.045689539955184065
5631,0.0,0.04559825219346467
5632,0.0,0.04550714682481484
5633,0.0,0.045416223484812994
5634,0.0,0.045325481809765644
5635,0.0,0.045234921436705954
5636,0.0,0.04514454200339233
5637,0.0,0.04505434314830692
5638,0.0,0.044964324510654165
5639,0.0,0.04487448573035941
5640,0.0,0.044784826448067416
5641,0.0,0.044695346305140916
5642,0.0,0.04460604494365924
5643,0.0,0.044516922006416805
5644,0.0,0.04442797713692175
5645,0.0,0.04433920997939449
5646,0.0,0.044250620178766256
5647,0.0,0.04416220738067774
5648,0.0,0.04407397123147764
5649,0.0,0.04398591137822122
5650,0.0,0.043898027468668964
5651,0.0,0.04381031915128512
5652,0.0,0.04372278607523629
5653,0.0,0.04363542789039006
5654,0.0,0.043548244247313565
5655,0.0,0.04346123479727213
5656,0.0,0.04337439919222783
5657,0.0,0.04328773708483813
5658,0.0,0.043201248128454495
5659,0.0,0.04311493197712097
5660,0.0,0.043028788285572835
5661,0.0,0.04294281670923522
5662,0.0,0.04285701690422169
5663,0.0,0.04277138852733292
5664,0.0,0.0426859312360553
5665,0.0,0.04260064468855953
5666,0.0,0.04251552854369932
5667,0.0,0.04243058246100997
5668,0.0,0.04234580610070704
5669,0.0,0.04226119912368497
5670,0.0,0.04217676119151575
5671,0.0,0.04209249196644752
5672,0.0,0.04200839111140329
5673,0.0,0.04192445828997951
5674,0.0,0.04184069316644479
5675,0.0,0.04175709540573853
5676,0.0,0.04167366467346956
5677,0.0,0.041590400635914855
5678,0.0,0.04150730296001814
5679,0.0,0.04142437131338861
5680,0.0,0.04134160536429957
5681,0.0,0.04125900478168711
5682,0.0,0.041176569235148786
5683,0.0,0.04109429839494231
5684,0.0,0.0410121919319842
5685,0.0,0.04093024951784851
5686,0.0,0.04084847082476546
5687,0.0,0.04076685552562018
5688,0.0,0.04068540329395135
5689,0.0,0.040604113803949946
5690,0.0,0.04052298673045789
5691,0.0,0.04044202174896679
5692,0.0,0.04036121853561661
5693,0.0,0.04028057676719439
5694,0.0,0.04020009612113294
5695,0.0,0.040119776275509576
5696,0.0,0.04003961690904481
5697,0.0,0.03995961770110107
5698,0.0,0.0398797783316814
5699,0.0,0.039800098481428244
5700,0.0,0.03972057783162208
5701,0.0,0.039641216064180196
5702,0.0,0.03956201286165543
5703,0.0,0.03948296790723485
5704,0.0,0.03940408088473855
5705,0.0,0.03932535147861833
5706,0.0,0.03924677937395645
5707,0.0,0.039168364256464396
5708,0.0,0.039090105812481596
5709,0.0,0.03901200372897417
5710,0.0,0.03893405769353367
5711,0.0,0.03885626739437586
5712,0.0,0.03877863252033943
5713,0.0,0.038701152760884795
5714,0.0,0.0386238278060928
5715,0.0,0.038546657346663536
5716,0.0,0.03846964107391505
5717,0.0,0.03839277867978214
5718,0.0,0.03831606985681515
5719,0.0,0.03823951429817867
5720,0.0,0.038163111697650375
5721,0.0,0.038086861749619755
5722,0.0,0.03801076414908691
5723,0.0,0.03793481859166135
5724,0.0,0.037859024773560734
5725,0.0,0.037783382391609686
5726,0.0,0.03770789114323858
5727,0.0,0.03763255072648233
5728,0.0,0.03755736083997917
5729,0.0,0.03748232118296944
5730,0.0,0.03740743145529441
5731,0.0,0.03733269135739509
5732,0.0,0.03725810059031097
5733,0.0,0.03718365885567889
5734,0.0,0.03710936585573181
5735,0.0,0.037035221293297636
5736,0.0,0.03696122487179801
5737,0.0,0.03688737629524716
5738,0.0,0.03681367526825066
5739,0.0,0.036740121496004335
5740,0.0,0.03666671468429297
5741,0.0,0.036593454539489235
5742,0.0,0.03652034076855245
5743,0.0,0.03644737307902743
5744,0.0,0.03637455117904332
5745,0.0,0.036301874777312435
5746,0.0,0.036229343583129056
5747,0.0,0.036156957306368316
5748,0.0,0.03608471565748501
5749,0.0,0.03601261834751245
5750,0.0,0.03594066508806129
5751,0.0,0.03586885559131841
5752,0.0,0.03579718957004572
5753,0.0,0.035725666737579036
5754,0.0,0.03565428680782694
5755,0.0,0.03558304949526961
5756,0.0,0.035511954514957714
5757,0.0,0.03544100158251122
5758,0.0,0.03537019041411831
5759,0.0,0.03529952072653422
5760,0.0,0.0352289922370801
5761,0.0,0.0351586046636419
5762,0.0,0.035088357724669235
5763,0.0,0.035018251139174256
5764,0.0,0.03494828462673052
5765,0.0,0.034878457907471884
5766,0.0,0.03480877070209139
5767,0.0,0.03473922273184011
5768,0.0,0.03466981371852608
5769,0.0,0.03460054338451315
5770,0.0,0.034531411452719894
5771,0.0,0.03446241764661849
5772,0.0,0.03439356169023362
5773,0.0,0.034324843308141374
5774,0.0,0.03425626222546812
5775,0.0,0.03418781816788945
5776,0.0,0.03411951086162903
5777,0.0,0.034051340033457556
5778,0.0,0.03398330541069161
5779,0.0,0.03391540672119263
5780,0.0,0.03384764369336574
5781,0.0,0.03378001605615877
5782,0.0,0.033712523539061054
5783,0.0,0.033645165872102444
5784,0.0,0.03357794278585218
5785,0.0,0.03351085401141784
5786,0.0,0.03344389928044422
5787,0.0,0.03337707832511231
5788,0.0,0.03331039087813821
5789,0.0,0.03324383667277204
5790,0.0,0.03317741544279688
5791,0.0,0.033111126922527725
5792,0.0,0.03304497084681041
5793,0.0,0.03297894695102054
5794,0.0,0.03291305497106245
5795,0.0,0.03284729464336813
5796,0.0,0.03278166570489618
5797,0.0,0.03271616789313075
5798,0.0,0.03265080094608052
5799,0.0,0.032585564602277614
5800,0.0,0.032520458600776556
5801,0.0,0.032455482681153267
5802,0.0,0.032390636583503975
5803,0.0,0.0323259200484442
5804,0.0,0.032261332817107725
5805,0.0,0.03219687463114553
5806,0.0,0.032132545232724796
5807,0.0,0.03206834436452783
5808,0.0,0.03200427176975108
5809,0.0,0.03194032719210408
5810,0.0,0.031876510375808444
5811,0.0,0.031812821065596804
5812,0.0,0.03174925900671185
5813,0.0,0.03168582394490525
5814,0.0,0.03162251562643668
5815,0.0,0.031559333798072776
5816,0.0,0.03149627820708615
5817,0.0,0.031433348601254345
5818,0.0,0.031370544728858855
5819,0.0,0.031307866338684105
5820,0.0,0.03124531318001646
5821,0.0,0.03118288500264319
5822,0.0,0.031120581556851514
5823,0.0,0.031058402593427552
5824,0.0,0.03099634786365538
5825,0.0,0.030934417119315986
5826,0.0,0.03087261011268632
5827,0.0,0.03081092659653827
5828,0.0,0.030749366324137682
5829,0.0,0.030687929049243393
5830,0.0,0.030626614526106214
5831,0.0,0.030565422509467977
5832,0.0,0.030504352754560534
5833,0.0,0.030443405017104783
5834,0.0,0.03038257905330969
5835,0.0,0.030321874619871316
5836,0.0,0.030261291473971854
5837,0.0,0.030200829373278636
5838,0.0,0.03014048807594318
5839,0.0,0.03008026734060021
5840,0.0,0.03002016692636671
5841,0.0,0.029960186592840946
5842,0.0,0.0299003261001015
5843,0.0,0.02984058520870632
5844,0.0,0.029780963679691762
5845,0.0,0.029721461274571634
5846,0.0,0.02966207775533623
5847,0.0,0.0296028128844514
5848,0.0,0.029543666424857576
5849,0.0,0.029484638139968843
5850,0.0,0.029425727793671985
5851,0.0,0.02936693515032553
5852,0.0,0.029308259974758836
5853,0.0,0.02924970203227112
5854,0.0,0.029191261088630533
5855,0.0,0.02913293691007322
5856,0.0,0.029074729263302394
5857,0.0,0.029016637915487385
5858,0.0,0.02895866263426273
5859,0.0,0.02890080318772722
5860,0.0,0.028843059344442992
5861,0.0,0.028785430873434603
5862,0.0,0.02872791754418809
5863,0.0,0.028670519126650057
5864,0.0,0.02861323539122676
5865,0.0,0.028556066108783175
5866,0.0,0.0284990110506421
5867,0.0,0.02844206998858323
5868,0.0,0.028385242694842234
5869,0.0,0.02832852894210986
5870,0.0,0.028271928503531035
5871,0.0,0.028215441152703916
5872,0.0,0.02815906666367903
5873,0.0,0.02810280481095834
5874,0.0,0.028046655369494366
5875,0.0,0.027990618114689263
5876,0.0,0.02793469282239394
5877,0.0,0.027878879268907156
5878,0.0,0.02782317723097462
5879,0.0,0.0277675864857881
5880,0.0,0.027712106810984554
5881,0.0,0.0276567379846452
5882,0.0,0.027601479785294657
5883,0.0,0.027546331991900062
5884,0.0,0.02749129438387016
5885,0.0,0.02743636674105445
5886,0.0,0.027381548843742286
5887,0.0,0.027326840472662005
5888,0.0,0.027272241408980047
5889,0.0,0.02721775143430009
5890,0.0,0.027163370330662163
5891,0.0,0.027109097880541774
5892,0.0,0.027054933866849054
5893,0.0,0.027000878072927875
5894,0.0,0.026946930282554987
5895,0.0,0.02689309027993916
5896,0.0,0.02683935784972031
5897,0.0,0.026785732776968645
5898,0.0,0.026732214847183803
5899,0.0,0.02667880384629399
5900,0.0,0.026625499560655137
5901,0.0,0.026572301777050025
5902,0.0,0.02651921028268745
5903,0.0,0.026466224865201365
5904,0.0,0.026413345312650032
5905,0.0,0.026360571413515166
5906,0.0,0.0263079029567011
5907,0.0,0.026255339731533944
5908,0.0,0.026202881527760718
5909,0.0,0.026150528135548537
5910,0.0,0.02609827934548377
5911,0.0,0.02604613494857118
5912,0.0,0.02599409473623311
5913,0.0,0.025942158500308645
5914,0.0,0.025890326033052774
5915,0.0,0.02583859712713555
5916,0.0,0.02578697157564129
5917,0.0,0.025735449172067715
5918,0.0,0.025684029710325143
5919,0.0,0.02563271298473566
5920,0.0,0.025581498790032287
5921,0.0,0.025530386921358183
5922,0.0,0.025479377174265808
5923,0.0,0.0254284693447161
5924,0.0,0.02537766322907768
5925,0.0,0.02532695862412601
5926,0.0,0.025276355327042605
5927,0.0,0.025225853135414214
5928,0.0,0.025175451847231998
5929,0.0,0.025125151260890734
5930,0.0,0.025074951175188015
5931,0.0,0.025024851389323435
5932,0.0,0.024974851702897777
5933,0.0,0.02492495191591223
5934,0.0,0.024875151828767574
5935,0.0,0.024825451242263406
5936,0.0,0.024775849957597306
5937,0.0,0.024726347776364073
5938,0.0,0.024676944500554913
5939,0.0,0.024627639932556657
5940,0.0,0.024578433875150966
5941,0.0,0.024529326131513547
5942,0.0,0.024480316505213363
5943,0.0,0.024431404800211835
5944,0.0,0.024382590820862086
5945,0.0,0.024333874371908135
5946,0.0,0.02428525525848411
5947,0.0,0.0242367332861135
5948,0.0,0.024188308260708356
5949,0.0,0.0241399799885685
5950,0.0,0.02409174827638079
5951,0.0,0.024043612931218306
5952,0.0,0.023995573760539606
5953,0.0,0.02394763057218794
5954,0.0,0.023899783174390492
5955,0.0,0.023852031375757612
5956,0.0,0.023804374985282033
5957,0.0,0.023756813812338136
5958,0.0,0.023709347666681164
5959,0.0,0.02366197635844647
5960,0.0,0.023614699698148764
5961,0.0,0.02356751749668133
5962,0.0,0.023520429565315314
5963,0.0,0.023473435715698914
5964,0.0,0.02342653575985668
5965,0.0,0.02337972951018872
5966,0.0,0.02333301677946997
5967,0.0,0.02328639738084945
5968,0.0,0.0232398711278495
5969,0.0,0.02319343783436505
5970,0.0,0.02314709731466286
5971,0.0,0.023100849383380796
5972,0.0,0.02305469385552706
5973,0.0,0.02300863054647949
5974,0.0,0.022962659271984785
5975,0.0,0.022916779848157785
5976,0.0,0.022870992091480732
5977,0.0,0.022825295818802542
5978,0.0,0.022779690847338056
5979,0.0,0.022734176994667333
5980,0.0,0.022688754078734902
5981,0.0,0.022643421917849037
5982,0.0,0.022598180330681034
5983,0.0,0.022553029136264485
5984,0.0,0.02250796815399455
5985,0.0,0.022462997203627245
5986,0.0,0.022418116105278704
5987,0.0,0.022373324679424475
5988,0.0,0.022328622746898796
5989,0.0,0.022284010128893875
5990,0.0,0.022239486646959183
5991,0.0,0.022195052123000727
5992,0.0,0.022150706379280363
5993,0.0,0.02210644923841505
5994,0.0,0.022062280523376162
5995,0.0,0.022018200057488783
5996,0.0,0.021974207664430995
5997,0.0,0.021930303168233165
5998,0.0,0.021886486393277244
5999,0.0,0.02184275716429608
6000,0.0,0.0217991153063727
6001,0.0,0.021755560644939602
6002,0.0,0.0217120930057781
6003,0.0,0.021668712215017562
6004,0.0,0.02162541809913478
6005,0.0,0.02158221048495323
6006,0.0,0.021539089199642397
6007,0.0,0.02149605407071708
6008,0.0,0.021453104926036706
6009,0.0,0.02141024159380464
6010,0.0,0.021367463902567496
6011,0.0,0.021324771681214452
6012,0.0,0.02128216475897657
6013,0.0,0.021239642965426096
6014,0.0,0.021197206130475807
6015,0.0,0.0211548540843783
6016,0.0,0.02111258665772534
6017,0.0,0.021070403681447157
6018,0.0,0.021028304986811797
6019,0.0,0.02098629040542442
6020,0.0,0.020944359769226647
6021,0.0,0.020902512910495875
6022,0.0,0.020860749661844615
6023,0.0,0.02081906985621982
6024,0.0,0.020777473326902208
6025,0.0,0.020735959907505607
6026,0.0,0.02069452943197628
6027,0.0,0.02065318173459228
6028,0.0,0.020611916649962748
6029,0.0,0.020570734013027305
6030,0.0,0.02052963365905534
6031,0.0,0.020488615423645384
6032,0.0,0.02044767914272444
6033,0.0,0.02040682465254733
6034,0.0,0.020366051789696037
6035,0.0,0.020325360391079062
6036,0.0,0.020284750293930752
6037,0.0,0.020244221335810664
6038,0.0,0.020203773354602907
6039,0.0,0.02016340618851551
6040,0.0,0.020123119676079756
6041,0.0,0.02008291365614953
6042,0.0,0.020042787967900714
6043,0.0,0.020002742450830484
6044,0.0,0.019962776944756733
6045,0.0,0.01992289128981738
6046,0.0,0.019883085326469745
6047,0.0,0.019843358895489927
6048,0.0,0.01980371183797215
6049,0.0,0.01976414399532813
6050,0.0,0.019724655209286443
6051,0.0,0.019685245321891896
6052,0.0,0.01964591417550488
6053,0.0,0.019606661612800762
6054,0.0,0.019567487476769237
6055,0.0,0.019528391610713708
6056,0.0,0.01948937385825066
6057,0.0,0.01945043406330903
6058,0.0,0.019411572070129588
6059,0.0,0.019372787723264312
6060,0.0,0.019334080867575754
6061,0.0,0.01929545134823645
6062,0.0,0.019256899010728263
6063,0.0,0.019218423700841796
6064,0.0,0.019180025264675757
6065,0.0,0.019141703548636348
6066,0.0,0.019103458399436658
6067,0.0,0.019065289664096038
6068,0.0,0.019027197189939494
6069,0.0,0.01898918082459708
6070,0.0,0.01895124041600328
6071,0.0,0.018913375812396414
6072,0.0,0.018875586862318015
6073,0.0,0.018837873414612235
6074,0.0,0.01880023531842523
6075,0.0,0.018762672423204563
6076,0.0,0.018725184578698605
6077,0.0,0.01868777163495593
6078,0.0,0.018650433442324716
6079,0.0,0.018613169851452133
6080,0.0,0.018575980713283775
6081,0.0,0.01853886587906304
6082,0.0,0.018501825200330536
6083,0.0,0.018464858528923506
6084,0.0,0.018427965716975213
6085,0.0,0.018391146616914357
6086,0.0,0.01835440108146449
6087,0.0,0.01831772896364342
6088,0.0,0.018281130116762627
6089,0.0,0.01824460439442668
6090,0.0,0.018208151650532634
6091,0.0,0.01817177173926947
6092,0.0,0.01813546451511749
6093,0.0,0.01809922983284775
6094,0.0,0.018063067547521478
6095,0.0,0.01802697751448948
6096,0.0,0.01799095958939157
6097,0.0,0.01795501362815601
6098,0.0,0.0179191394869989
6099,0.0,0.01788333702242363
6100,0.0,0.017847606091220297
6101,0.0,0.017811946550465124
6102,0.0,0.0177763582575199
6103,0.0,0.01774084107003141
6104,0.0,0.01770539484593086
6105,0.0,0.017670019443433292
6106,0.0,0.017634714721037066
6107,0.0,0.01759948053752323
6108,0.0,0.017564316751955016
6109,0.0,0.017529223223677226
6110,0.0,0.017494199812315703
6111,0.0,0.017459246377776756
6112,0.0,0.017424362780246595
6113,0.0,0.017389548880190793
6114,0.0,0.017354804538353693
6115,0.0,0.01732012961575789
6116,0.0,0.017285523973703643
6117,0.0,0.017250987473768336
6118,0.0,0.017216519977805926
6119,0.0,0.01718212134794638
6120,0.0,0.017147791446595142
6121,0.0,0.017113530136432548
6122,0.0,0.01707933728041332
6123,0.0,0.01704521274176599
6124,0.0,0.01701115638399235
6125,0.0,0.016977168070866928
6126,0.0,0.016943247666436425
6127,0.0,0.01690939503501918
6128,0.0,0.016875610041204622
6129,0.0,0.016841892549852727
6130,0.0,0.016808242426093488
6131,0.0,0.016774659535326364
6132,0.0,0.016741143743219746
6133,0.0,0.016707694915710426
6134,0.0,0.016674312919003044
6135,0.0,0.01664099761956957
6136,0.0,0.016607748884148763
6137,0.0,0.016574566579745636
6138,0.0,0.016541450573630927
6139,0.0,0.016508400733340572
6140,0.0,0.016475416926675156
6141,0.0,0.016442499021699416
6142,0.0,0.016409646886741687
6143,0.0,0.016376860390393384
6144,0.0,0.01634413940150848
6145,0.0,0.01631148378920297
6146,0.0,0.016278893422854365
6147,0.0,0.01624636817210116
6148,0.0,0.016213907906842306
6149,0.0,0.016181512497236695
6150,0.0,0.01614918181370265
6151,0.0,0.01611691572691739
6152,0.0,0.01608471410781653
6153,0.0,0.016052576827593545
6154,0.0,0.016020503757699273
6155,0.0,0.015988494769841398
6156,0.0,0.015956549735983913
6157,0.0,0.015924668528346654
6158,0.0,0.015892851019404738
6159,0.0,0.01586109708188809
6160,0.0,0.015829406588780917
6161,0.0,0.01579777941332121
6162,0.0,0.015766215429000214
6163,0.0,0.01573471450956196
6164,0.0,0.01570327652900272
6165,0.0,0.015671901361570536
6166,0.0,0.015640588881764693
6167,0.0,0.015609338964335234
6168,0.0,0.015578151484282442
6169,0.0,0.015547026316856359
6170,0.0,0.015515963337556272
6171,0.0,0.015484962422130223
6172,0.0,0.015454023446574509
6173,0.0,0.015423146287133187
6174,0.0,0.015392330820297577
6175,0.0,0.015361576922805775
6176,0.0,0.015330884471642143
6177,0.0,0.01530025334403684
6178,0.0,0.015269683417465315
6179,0.0,0.015239174569647818
6180,0.0,0.015208726678548917
6181,0.0,0.01517833962237701
6182,0.0,0.015148013279583828
6183,0.0,0.015117747528863964
6184,0.0,0.015087542249154371
6185,0.0,0.015057397319633892
6186,0.0,0.015027312619722769
6187,0.0,0.014997288029082161
6188,0.0,0.014967323427613664
6189,0.0,0.014937418695458836
6190,0.0,0.014907573712998707
6191,0.0,0.014877788360853303
6192,0.0,0.014848062519881182
6193,0.0,0.014818396071178939
6194,0.0,0.014788788896080736
6195,0.0,0.014759240876157837
6196,0.0,0.014729751893218122
6197,0.0,0.01470032182930562
6198,0.0,0.014670950566700033
6199,0.0,0.014641637987916277
6200,0.0,0.014612383975703995
6201,0.0,0.014583188413047097
6202,0.0,0.014554051183163297
6203,0.0,0.014524972169503632
6204,0.0,0.014495951255752015
6205,0.0,0.01446698832582475
6206,0.0,0.014438083263870074
6207,0.0,0.014409235954267706
6208,0.0,0.014380446281628366
6209,0.0,0.014351714130793329
6210,0.0,0.014323039386833948
6211,0.0,0.014294421935051213
6212,0.0,0.014265861660975277
6213,0.0,0.014237358450365006
6214,0.0,0.01420891218920752
6215,0.0,0.014180522763717736
6216,0.0,0.014152190060337915
6217,0.0,0.014123913965737204
6218,0.0,0.014095694366811188
6219,0.0,0.014067531150681432
6220,0.0,0.014039424204695039
6221,0.0,0.01401137341642418
6222,0.0,0.013983378673665671
6223,0.0,0.0139554398644405
6224,0.0,0.013927556876993395
6225,0.0,0.013899729599792368
6226,0.0,0.013871957921528273
6227,0.0,0.013844241731114362
6228,0.0,0.013816580917685832
6229,0.0,0.013788975370599395
6230,0.0,0.013761424979432826
6231,0.0,0.013733929633984523
6232,0.0,0.013706489224273068
6233,0.0,0.013679103640536783
6234,0.0,0.013651772773233302
6235,0.0,0.013624496513039114
6236,0.0,0.013597274750849148
6237,0.0,0.013570107377776313
6238,0.0,0.013542994285151082
6239,0.0,0.01351593536452105
6240,0.0,0.013488930507650498
6241,0.0,0.01346197960651996
6242,0.0,0.0134350825533258
6243,0.0,0.013408239240479763
6244,0.0,0.013381449560608568
6245,0.0,0.013354713406553457
6246,0.0,0.013328030671369779
6247,0.0,0.013301401248326555
6248,0.0,0.013274825030906061
6249,0.0,0.01324830191280339
6250,0.0,0.013221831787926037
6251,0.0,0.013195414550393463
6252,0.0,0.013169050094536684
6253,0.0,0.013142738314897841
6254,0.0,0.013116479106229784
6255,0.0,0.01309027236349564
6256,0.0,0.013064117981868403
6257,0.0,0.013038015856730513
6258,0.0,0.013011965883673432
6259,0.0,0.012985967958497237
6260,0.0,0.012960021977210188
6261,0.0,0.01293412783602833
6262,0.0,0.012908285431375063
6263,0.0,0.01288249465988073
6264,0.0,0.012856755418382214
6265,0.0,0.012831067603922513
6266,0.0,0.012805431113750336
6267,0.0,0.012779845845319687
6268,0.0,0.012754311696289461
6269,0.0,0.012728828564523027
6270,0.0,0.01270339634808782
6271,0.0,0.012678014945254943
6272,0.0,0.012652684254498753
6273,0.0,0.012627404174496452
6274,0.0,0.012602174604127683
6275,0.0,0.012576995442474134
6276,0.0,0.012551866588819127
6277,0.0,0.01252678794264721
6278,0.0,0.012501759403643764
6279,0.0,0.012476780871694603
6280,0.0,0.012451852246885563
6281,0.0,0.012426973429502114
6282,0.0,0.012402144320028953
6283,0.0,0.012377364819149608
6284,0.0,0.012352634827746041
6285,0.0,0.012327954246898259
6286,0.0,0.012303322977883897
6287,0.0,0.012278740922177855
6288,0.0,0.012254207981451872
6289,0.0,0.012229724057574156
6290,0.0,0.012205289052608974
6291,0.0,0.012180902868816278
6292,0.0,0.012156565408651296
6293,0.0,0.012132276574764157
6294,0.0,0.012108036269999496
6295,0.0,0.012083844397396059
6296,0.0,0.012059700860186321
6297,0.0,0.012035605561796104
6298,0.0,0.012011558405844181
6299,0.0,0.0119875592961419
6300,0.0,0.011963608136692784
6301,0.0,0.011939704831692167
6302,0.0,0.011915849285526796
6303,0.0,0.011892041402774455
6304,0.0,0.011868281088203583
6305,0.0,0.011844568246772887
6306,0.0,0.011820902783630969
6307,0.0,0.011797284604115948
6308,0.0,0.011773713613755073
6309,0.0,0.011750189718264352
6310,0.0,0.01172671282354817
6311,0.0,0.011703282835698917
6312,0.0,0.011679899660996612
6313,0.0,0.011656563205908526
6314,0.0,0.011633273377088804
6315,0.0,0.0116100300813781
6316,0.0,0.011586833225803204
6317,0.0,0.01156368271757666
6318,0.0,0.011540578464096405
6319,0.0,0.011517520372945391
6320,0.0,0.011494508351891228
6321,0.0,0.0114715423088858
6322,0.0,0.011448622152064901
6323,0.0,0.011425747789747875
6324,0.0,0.011402919130437242
6325,0.0,0.011380136082818335
6326,0.0,0.011357398555758933
6327,0.0,0.011334706458308898
6328,0.0,0.011312059699699808
6329,0.0,0.0112894581893446
6330,0.0,0.011266901836837201
6331,0.0,0.011244390551952173
6332,0.0,0.011221924244644346
6333,0.0,0.01119950282504846
6334,0.0,0.011177126203478807
6335,0.0,0.011154794290428871
6336,0.0,0.011132506996570968
6337,0.0,0.011110264232755896
6338,0.0,0.01108806591001257
6339,0.0,0.011065911939547665
6340,0.0,0.011043802232745273
6341,0.0,0.011021736701166539
6342,0.0,0.010999715256549305
6343,0.0,0.010977737810807763
6344,0.0,0.0109558042760321
6345,0.0,0.01093391456448815
6346,0.0,0.010912068588617036
6347,0.0,0.010890266261034827
6348,0.0,0.01086850749453218
6349,0.0,0.010846792202074004
6350,0.0,0.0108251202967991
6351,0.0,0.010803491692019815
6352,0.0,0.010781906301221705
6353,0.0,0.010760364038063174
6354,0.0,0.010738864816375142
6355,0.0,0.010717408550160694
6356,0.0,0.01069599515359474
6357,0.0,0.010674624541023659
6358,0.0,0.010653296626964973
6359,0.0,0.010632011326107001
6360,0.0,0.01061076855330851
6361,0.0,0.01058956822359838
6362,0.0,0.010568410252175264
6363,0.0,0.010547294554407246
6364,0.0,0.010526221045831511
6365,0.0,0.010505189642153993
6366,0.0,0.010484200259249052
6367,0.0,0.010463252813159124
6368,0.0,0.010442347220094402
6369,0.0,0.010421483396432483
6370,0.0,0.010400661258718046
6371,0.0,0.010379880723662511
6372,0.0,0.01035914170814371
6373,0.0,0.010338444129205555
6374,0.0,0.0103177879040577
6375,0.0,0.010297172950075217
6376,0.0,0.010276599184798264
6377,0.0,0.010256066525931752
6378,0.0,0.01023557489134502
6379,0.0,0.0102151241990715
6380,0.0,0.010194714367308396
6381,0.0,0.010174345314416357
6382,0.0,0.010154016958919139
6383,0.0,0.010133729219503297
6384,0.0,0.010113482015017841
6385,0.0,0.010093275264473935
6386,0.0,0.010073108887044541
6387,0.0,0.010052982802064127
6388,0.0,0.010032896929028326
6389,0.0,0.010012851187593616
6390,0.0,0.00999284549757701
6391,0.0,0.009972879778955716
6392,0.0,0.009952953951866836
6393,0.0,0.009933067936607035
6394,0.0,0.009913221653632225
6395,0.0,0.009893415023557244
6396,0.0,0.00987364796715555
6397,0.0,0.00985392040535889
6398,0.0,0.00983423225925699
6399,0.0,0.009814583450097237
6400,0.0,0.009794973899284373
6401,0.0,0.009775403528380166
6402,0.0,0.009755872259103106
6403,0.0,0.00973638001332809
6404,0.0,0.009716926713086108
6405,0.0,0.009697512280563935
6406,0.0,0.009678136638103815
6407,0.0,0.00965879970820315
6408,0.0,0.009639501413514197
6409,0.0,0.009620241676843751
6410,0.0,0.00960102042115284
6411,0.0,0.009581837569556413
6412,0.0,0.009562693045323043
6413,0.0,0.009543586771874602
6414,0.0,0.009524518672785974
6415,0.0,0.009505488671784737
6416,0.0,0.00948649669275086
6417,0.0,0.009467542659716404
6418,0.0,0.009448626496865209
6419,0.0,0.0094297481285326
6420,0.0,0.009410907479205078
6421,0.0,0.009392104473520022
6422,0.0,0.009373339036265381
6423,0.0,0.009354611092379384
6424,0.0,0.009335920566950229
6425,0.0,0.00931726738521579
6426,0.0,0.009298651472563315
6427,0.0,0.009280072754529129
6428,0.0,0.009261531156798333
6429,0.0,0.009243026605204513
6430,0.0,0.00922455902572944
6431,0.0,0.009206128344502768
6432,0.0,0.009187734487801748
6433,0.0,0.00916937738205093
6434,0.0,0.009151056953821866
6435,0.0,0.00913277312983282
6436,0.0,0.009114525836948469
6437,0.0,0.00909631500217962
6438,0.0,0.009078140552682907
6439,0.0,0.009060002415760509
6440,0.0,0.009041900518859855
6441,0.0,0.00902383478957333
6442,0.0,0.009005805155637998
6443,0.0,0.008987811544935295
6444,0.0,0.008969853885490755
6445,0.0,0.008951932105473716
6446,0.0,0.008934046133197036
6447,0.0,0.008916195897116801
6448,0.0,0.008898381325832042
6449,0.0,0.008880602348084451
6450,0.0,0.008862858892758094
6451,0.0,0.008845150888879124
6452,0.0,0.008827478265615503
6453,0.0,0.008809840952276717
6454,0.0,0.008792238878313484
6455,0.0,0.008774671973317487
6456,0.0,0.008757140167021085
6457,0.0,0.008739643389297025
6458,0.0,0.008722181570158175
6459,0.0,0.008704754639757237
6460,0.0,0.008687362528386464
6461,0.0,0.008670005166477385
6462,0.0,0.008652682484600535
6463,0.0,0.008635394413465159
6464,0.0,0.008618140883918952
6465,0.0,0.00860092182694777
6466,0.0,0.008583737173675365
6467,0.0,0.008566586855363099
6468,0.0,0.008549470803409677
6469,0.0,0.008532388949350867
6470,0.0,0.008515341224859231
6471,0.0,0.00849832756174385
6472,0.0,0.008481347891950045
6473,0.0,0.008464402147559117
6474,0.0,0.008447490260788067
6475,0.0,0.008430612163989321
6476,0.0,0.00841376778965047
6477,0.0,0.008396957070394
6478,0.0,0.008380179938977005
6479,0.0,0.008363436328290941
6480,0.0,0.00834672617136134
6481,0.0,0.008330049401347555
6482,0.0,0.008313405951542481
6483,0.0,0.008296795755372299
6484,0.0,0.008280218746396199
6485,0.0,0.008263674858306126
6486,0.0,0.008247164024926505
6487,0.0,0.008230686180213978
6488,0.0,0.008214241258257147
6489,0.0,0.008197829193276303
6490,0.0,0.008181449919623161
6491,0.0,0.008165103371780606
6492,0.0,0.008148789484362425
6493,0.0,0.008132508192113046
6494,0.0,0.008116259429907279
6495,0.0,0.008100043132750053
6496,0.0,0.00808385923577616
6497,0.0,0.008067707674249988
6498,0.0,0.008072108915528928
6499,0.0,0.008097021473141654
6500,0.0,0.008142403943506857
6501,0.0,0.008208215005767645
6502,0.0,0.00829441342162625
6503,0.0,0.008400958035179078
6504,0.0,0.00852780777275209
6505,0.0,0.008674921642736495
6506,0.0,0.008842258735424794
6507,0.0,0.00902977822284714
6508,0.0,0.009237439358608025
6509,0.0,0.009465201477723287
6510,0.0,0.009713023996457465
6511,0.0,0.009980866412161449
6512,0.0,0.010268688303110477
6513,0.0,0.010576449328342452
6514,0.0,0.010904109227496567
6515,0.0,0.01125162782065227
6516,0.0,0.01161896500816855
6517,0.0,0.012006080770523524
6518,0.0,0.012412935168154372
6519,0.0,0.012839488341297575
6520,0.0,0.013285700509829468
6521,0.0,0.013751531973107134
6522,0.0,0.014236943109809587
6523,0.0,0.014741894377779298
6524,0.0,0.015266346313864016
6525,0.0,0.01581025953375893
6526,0.0,0.01637359473184911
6527,0.0,0.01695631268105231
6528,0.0,0.017558374232662037
6529,0.0,0.01817974031619097
6530,0.0,0.01882037193921467
6531,0.0,0.01948023018721562
6532,0.0,0.02015927622342756
6533,0.0,0.02085747128868013
6534,0.0,0.021574776701243862
6535,0.0,0.02231115385667541
6536,0.0,0.023066564227663195
6537,0.0,0.023840969363873216
6538,0.0,0.024634330891795318
6539,0.0,0.025446610514589664
6540,0.0,0.02627777001193355
6541,0.0,0.027127771239868533
6542,0.0,0.027996576130647845
6543,0.0,0.028884146692584132
6544,0.0,0.02979044500989747
6545,0.0,0.030715433242563733
6546,0.0,0.031659073626163194
6547,0.0,0.0326213284717295
6548,0.0,0.0336021601655989
6549,0.0,0.03460153116925979
6550,0.0,0.03561940401920257
6551,0.0,0.03665574132676978
6552,0.0,0.037710505778006526
6553,0.0,0.03878366013351128
6554,0.0,0.03987516722828687
6555,0.0,0.04098498997159185
6556,0.0,0.04211309134679209
6557,0.0,0.043259434411212785
6558,0.0,0.04442398229599062
6559,0.0,0.045606698205926326
6560,0.0,0.04680754541933749
6561,0.0,0.04802648728791168
6562,0.0,0.049263487236559815
6563,0.0,0.05051850876326992
6564,0.0,0.05179151543896107
6565,0.0,0.053082470907337705
6566,0.0,0.054391338884744164
6567,0.0,0.055718083160019624
6568,0.0,0.05706266759435317
6569,0.0,0.0584250561211393
6570,0.0,0.05980521274583362
6571,0.0,0.06120310154580891
6572,0.0,0.06261868667021138
6573,0.0,0.0640519323398173
6574,0.0,0.06550280284688993
6575,0.0,0.06697126255503653
6576,0.0,0.068457275899066
6577,0.0,0.06996080738484653
6578,0.0,0.0714818215891636
6579,0.0,0.07302028315957834
6580,0.0,0.07457615681428613
6581,0.0,0.07614940734197538
6582,0.0,0.0777399996016868
6583,0.0,0.07934789852267275
6584,0.0,0.08097306910425701
6585,0.0,0.08261547641569475
6586,0.0,0.08427508559603283
6587,0.0,0.08595186185397032
6588,0.0,0.08764577046771936
6589,0.0,0.08935677678486625
6590,0.0,0.09108484622223291
6591,0.0,0.09282994426573846
6592,0.0,0.09459203647026121
6593,0.0,0.09637108845950083
6594,0.0,0.09816706592584097
6595,0.0,0.09997993463021189
6596,0.0,0.10180966040195354
6597,0.0,0.1036562091386789
6598,0.0,0.10551954680613758
6599,0.0,0.10739963943807969
6600,0.0,0.1092964531361199
6601,0.0,0.11120995406960194
6602,0.0,0.11314010847546324
6603,0.0,0.11508688265809983
6604,0.0,0.11705024298923165
6605,0.0,0.11903015590776796
6606,0.0,0.12102658791967313
6607,0.0,0.12303950559783265
6608,0.0,0.12506887558191945
6609,0.0,0.12711466457826046
6610,0.0,0.1291768393597033
6611,0.0,0.13125536676548363
6612,0.0,0.1333502137010923
6613,0.0,0.13546134713814295
6614,0.0,0.13758873411424016
6615,0.0,0.13973234173284724
6616,0.0,0.14189213716315494
6617,0.0,0.14406808763995
6618,0.0,0.14626016046348403
6619,0.0,0.14846832299934282
6620,0.0,0.1506925426783158
6621,0.0,0.15293278699626567
6622,0.0,0.1551890235139985
6623,0.0,0.15746121985713382
6624,0.0,0.15974934371597535
6625,0.0,0.16205336284538147
6626,0.0,0.16437324506463646
6627,0.0,0.16670895825732185
6628,0.0,0.16906047037118754
6629,0.0,0.17142774941802416
6630,0.0,0.1738107634735346
6631,0.0,0.17620948067720665
6632,0.0,0.17862386923218543
6633,0.0,0.18105389740514616
6634,0.0,0.18349953352616738
6635,0.0,0.18596074598860415
6636,0.0,0.18843750324896158
6637,0.0,0.1909297738267688
6638,0.0,0.1934375263044529
6639,0.0,0.19596072932721342
6640,0.0,0.19849935160289672
6641,0.0,0.20105336190187098
6642,0.0,0.2036227290569013
6643,0.0,0.20620742196302477
6644,0.0,0.20880740957742638
6645,0.0,0.21142266091931475
6646,0.0,0.214053145069798
6647,0.0,0.21669883117176034
6648,0.0,0.2193596884297385
6649,0.0,0.22203568610979865
6650,0.0,0.22472679353941336
6651,0.0,0.2274329801073389
6652,0.0,0.23015421526349295
6653,0.0,0.2328904685188322
6654,0.0,0.23564170944523052
6655,0.0,0.23840790767535724
6656,0.0,0.2411890329025557
6657,0.0,0.2439850548807218
6658,0.0,0.24679594342418343
6659,0.0,0.24962166840757932
6660,0.0,0.2524621997657388
6661,0.0,0.2553175074935614
6662,0.0,0.258187561645897
6663,0.0,0.2610723323374257
6664,0.0,0.26397178974253876
6665,0.0,0.26688590409521884
6666,0.0,0.2698146456889213
6667,0.0,0.2727579848764551
6668,0.0,0.2757158920698644
6669,0.0,0.2786883377403101
6670,0.0,0.2816752924179518
6671,0.0,0.2846767266918298
6672,0.0,0.28769261120974765
6673,0.0,0.29072291667815453
6674,0.0,0.29376761386202815
6675,0.0,0.296826673584758
6676,2.504672798312235e-07,0.2999000667280283
6677,1.2919324173266428e-05,0.3029877642317018
6678,4.492389708286001e-05,0.3060897370937035
6679,9.653037165345741e-05,0.3092059563699044
6680,0.0001680054348703919,0.31233639317400597
6681,0.0002596162686099372,0.3154810186774247
6682,0.0003716305432268815,0.31863980410917636
6683,0.0005043164111789984,0.3218127207557615
6684,0.0006579425006882947,0.32499973996105
6685,0.0008327779094388013,0.3282008331261669
6686,0.0010290921983107909,0.3314159717093777
6687,0.0012471553851512132,0.33464512722597456
6688,0.0014872379385801548,0.3378882712481617
6689,0.0017496107718332602,0.34114537540494266
6690,0.002034545236639771,0.34441641138200585
6691,0.0023423131171361844,0.34770135092161175
6692,0.0026731866238152422,0.35100016582248
6693,0.0030274383875101563,0.3543128279396764
6694,0.0034053414534138625,0.3576393091845004
6695,0.003807169275133133,0.3609795815243725
6696,0.004233195708777399,0.36433361698272254
6697,0.004683695007082148,0.36770138763887766
6698,0.005158941813566646,0.37108286562795023
6699,0.005659211156725933,0.3744780231407269
6700,0.006184778444256782,0.37788683242355725
6701,0.0067359194573176455,0.38130926577824253
6702,0.007312910344822263,0.38474529556192505
6703,0.00791602761776684,0.3881948941869776
6704,0.008545548143590655,0.3916580341208932
6705,0.009201749140569879,0.3951346878861746
6706,0.009884908172244525,0.39862482806022503
6707,0.010595303141878272,0.4021284272752377
6708,0.011333212286951097,0.40564545821808684
6709,0.012098914173684507,0.40917589363021845
6710,0.012892687691599252,0.4127197063075412
6711,0.013714812048105268,0.4162768691003173
6712,0.014565566763123873,0.4198473549130545
6713,0.015445231663741846,0.42343113670439725
6714,0.016354086878897445,0.42702818748701854
6715,0.017292412834098058,0.4306384803275122
6716,0.01826049024616933,0.43426198834628493
6717,0.019258600118035832,0.4378986847174492
6718,0.02028702373353285,0.4415485426687153
6719,0.021346042652249205,0.4452115354812847
6720,0.022435938704401158,0.44888763648974306
6721,0.023556993985736997,0.45257681908195374
6722,0.02470949085247223,0.4562790566989508
6723,0.025893711916255405,0.45999432283483355
6724,0.0271099400391641,0.4637225910366598
6725,0.028358458328731274,0.46746383490434074
6726,0.02963955013300152,0.47121802809053465
6727,0.030953499035617338,0.4749851443005419
6728,0.032300588850935064,0.4787651572921998
6729,0.033681103619170524,0.4825580408757775
6730,0.03509532760157415,0.4863637689138713
6731,0.036543545275635296,0.4901823153212999
6732,0.0380260413303159,0.4940136540650006
6733,0.039543100661313134,0.4978577591639243
6734,0.04109500836635086,0.5017146046889324
6735,0.042682049740500244,0.5055841647626926
6736,0.044304510271528263,0.5094664135595758
6737,0.04596267563527565,0.5133613253055521
6738,0.04765683169106228,0.5172688742780887
6739,0.04938726447712148,0.5211890348060458
6740,0.05115426020606199,0.5251217812695752
6741,0.05295810526035794,0.5290670881000169
6742,0.054799086187866934,0.5330249297797971
6743,0.056677489697375294,0.5369952808423261
6744,0.05859360265417124,0.5409781158718966
6745,0.06054771207564546,0.5449734095035819
6746,0.06254010512691868,0.5489811364231344
6747,0.06457106911649664,0.5530012713668845
6748,0.06664089149195171,0.5570337891216394
6749,0.06874985983563218,0.5610786645245822
6750,0.07089826186039712,0.5651358724631714
6751,0.07308638540537904,0.5692053878750406
6752,0.07531451843177199,0.5732871857478976
6753,0.07758294901864703,0.5773812411194251
6754,0.07989196535879287,0.5814875290771806
6755,0.08224185575458348,0.5856060247584965
6756,0.08463290861387143,0.5897367033503809
6757,0.08706541244590647,0.5938795400894183
6758,0.08953965585728088,0.5980345102616708
6759,0.09205592754789964,0.6022015892025783
6760,0.09461451630697601,0.6063807522968613
6761,0.09721571100905348,0.6105719749784211
6762,0.09985980061005113,0.6147752327302425
6763,0.10254707414333632,0.618990501084295
6764,0.10527782071582013,0.6232177556214356
6765,0.10805232950407946,0.6274569719713103
6766,0.11087088975050252,0.6317081258122575
6767,0.11373379075945991,0.6359711928712103
6768,0.11664132189349957,0.6402461489235991
6769,0.11959377256956637,0.6445329697932556
6770,0.12259143225524574,0.6488316313523147
6771,0.12563459046503175,0.6531421095211195
6772,0.12872353675661882,0.657464380268124
6773,0.13185856072721755,0.6617984196097974
6774,0.13503995200989463,0.6661442036105278
6775,0.13826800026993513,0.6705017083825271
6776,0.14154299520123026,0.6748709100857343
6777,0.14486522652268685,0.6792517849277215
6778,0.14823498397466117,0.6836443091635981
6779,0.15165255731541555,0.6880484590959155
6780,0.15511823631759789,0.6924642110745729
6781,0.15863231076474446,0.6968915414967221
6782,0.16219507044780565,0.7013304268066737
6783,0.16580680516169372,0.7057808434958026
6784,0.16946780470185466,0.710242768102454
6785,0.17317835886086058,0.7147161772118493
6786,0.17693875742502588,0.7192010474559929
6787,0.1807492901710456,0.7236973555135781
6788,0.18461024686265523,0.7282050781098945
6789,0.18852191724731382,0.732724192016735
6790,0.19248459105290722,0.7372546740523015
6791,0.19649855798447496,0.7417965010811141
6792,0.20056410772095826,0.746349650013917
6793,0.204681529911969,0.7509140978075871
6794,0.20885111417458083,0.7554898214650415
6795,0.21307315009014227,0.7600767980351453
6796,0.2173479272011098,0.7646750046126201
6797,0.2216757350079029,0.7692844183379522
6798,0.22605686296578062,0.7739050163973014
6799,0.23049160048173828,0.7785367760224094
6800,0.2349802369114253,0.7831796744905092
6801,0.23952306155608438,0.7878336891242336
6802,0.24412036365951054,0.792498797291525
6803,0.2487724324050311,0.7971749764055444
6804,0.25347955691250657,0.8018622039245817
6805,0.2582420262353514,0.8065604573519652
6806,0.2630601293575747,0.811269714235971
6807,0.26793415519084146,0.8159899521697345
6808,0.2728643925715546,0.8207211487911594
6809,0.2778511302579562,0.8254632817828296
6810,0.282894656927248,0.8302163288719185
6811,0.28799526117273266,0.8349802678301013
6812,0.2931532315009751,0.8397550764734648
6813,0.2983688563289811,0.8445407326624197
6814,0.3036424239813989,0.8493372143016116
6815,0.30897422268773683,0.8541444993398325
6816,0.3143645405796022,0.8589625657699327
6817,0.31981366568795866,0.8637913916287332
6818,0.3253218859404024,0.8686309549969369
6819,0.33088948915845867,0.8734812339990419
6820,0.33651676305489514,0.8783422068032534
6821,0.3422039952310562,0.8832138516213967
6822,0.3479514731742141,0.8880961467088295
6823,0.35375948425493925,0.8929890703643559
6824,0.3596283157244904,0.8978926009301389
6825,0.36555825471222103,0.9028067167916134
6826,0.37154958822300577,0.9077313963774009
6827,0.377602603134685,0.9126666181592219
6828,0.38371758619552443,0.9176123606518108
6829,0.3898948240216989,0.9225686024128297
6830,0.39613460309478804,0.9275353220427823
6831,0.4024372097592929,0.9325124981849283
6832,0.4088029302201703,0.9375001095251989
6833,0.4152320505403835,0.94249813479211
6834,0.4217248566384725,0.9475065527566787
6835,0.4282816342861387,0.9525253422323372
6836,0.4349026691058504,0.9575544820748484
6837,0.4415882465684647,0.9625939511822218
6838,0.4483386519908638,0.9676437284946283
6839,0.4551541705336125,0.9727037929943168
6840,0.4620350871986305,0.9777741237055293
6841,0.46898168682688285,0.9828546996944176
6842,0.4759942540960843,0.9879455000689593
6843,0.4830730735184256,0.9930465039788745
6844,0.4902184294383122,0.9981576906155418
6845,0.49743060603012085,1.0032790392119157
6846,0.5047098872959732,1.0084105290424432
6847,0.5120565570635259,1.0135521394229812
6848,0.5194708989837765,1.0187038497107128
6849,0.5269531965288862,1.0238656393040668
6850,0.5345037329900177,1.0290374876426327
6851,0.5421227914751909,1.0342193742070802
6852,0.5498106549071534,1.0394112785190768
6853,0.5575676060212673,1.0446131801412057
6854,0.5653939273634111,1.049825058676884
6855,0.5732899012879001,1.055046893770281
6856,0.5812558099554187,1.0602786651062375
6857,0.589291935330971,1.0655203524101833
6858,0.597398559181846,1.0707719354480574
6859,0.6055759630755986,1.0760333940262263
6860,0.6138244283780463,1.0813047079914033
6861,0.6221442362512788,1.0865858572305682
6862,0.6305356676516873,1.0918768216708867
6863,0.638999003328005,1.0971775812796296
6864,0.6475345238193645,1.1024881160640934
6865,0.6561425094533692,1.10780840607152
6866,0.6648232403441815,1.1131384313890174
6867,0.6735769963906232,1.1184781721434784
6868,0.682404057274293,1.1238276085015038
6869,0.6913047024576973,1.1291867206693207
6870,0.7002792111823959,1.1345554888927039
6871,0.7093278624671627,1.1399338934568979
6872,0.718450935106161,1.145321914686537
6873,0.7276487076671312,1.1507195329455666
6874,0.7369214584895954,1.1561267286371657
6875,0.7462694656830766,1.1615434822036672
6876,0.7556930071253268,1.1669697741264802
6877,0.765192360460576,1.172405584926012
6878,0.7747678030977935,1.1778508951615907
6879,0.7844196122089568,1.1833056854313861
6880,0.794148064727345,1.1887699363723336
6881,0.8039534373458369,1.1942436286600555
6882,0.8138360065152274,1.1997267430087846
6883,0.8237960484425573,1.2052192601712863
6884,0.8338338390894544,1.2107211609387822
6885,0.8439496541704908,1.2162324261408735
6886,0.854143769151552,1.2217530366454628
6887,0.8644164592482194,1.2272829733586799
6888,0.8747679994241675,1.2328222172248031
6889,0.8851986643895724,1.238370749226185
6890,0.8957087285995352,1.243928550383175
6891,0.9062984662525163,1.2494956017540437
6892,0.916968151288786,1.2550718844349076
6893,0.927718057388884,1.2606573795596532
6894,0.9385484579720963,1.2662520682998608
6895,0.9494596261949404,1.2718559318647316
6896,0.9604518349496665,1.2774689515010087
6897,0.9715253568627695,1.2830911084929058
6898,0.9826804642935155,1.28872238416203
6899,0.9939174293324795,1.2943627598673086
6900,1.0026148431975737,1.3000122170049133
6901,1.008284691565441,1.3056707370081857
6902,1.013963602376188,1.3113383013475646
6903,1.0196515571002525,1.3170148915305102
6904,1.025348537245095,1.3227004891014311
6905,1.0310545243551246,1.3283950756416107
6906,1.0367695000116237,1.3340986327691322
6907,1.0424934458326764,1.3398111421388061
6908,1.0482263434730925,1.3455325854420968
6909,1.053968174624337,1.351262944407049
6910,1.059718921014454,1.3570022007982148
6911,1.0654785644079963,1.362750336416581
6912,1.0712470866059502,1.368507333099496
6913,1.0770244694456639,1.3742731727205966
6914,1.0828106948007752,1.3800478371897373
6915,1.0886057445811375,1.3858313084529155
6916,1.0944096007327488,1.3916235684922011
6917,1.1002222452376789,1.3974245993256642
6918,1.1060436601139974,1.4032343830073017
6919,1.111873827415702,1.4090529016269682
6920,1.1177127292326465,1.4148801373103008
6921,1.1235603476904692,1.4207160722186518
6922,1.1294166649505208,1.4265606885490136
6923,1.1352816632097953,1.4324139685339499
6924,1.141155324700855,1.4382758944415226
6925,1.1470376316917628,1.4441464485752236
6926,1.1529285664860103,1.4500256132739013
6927,1.1588281114224457,1.4559133709116916
6928,1.1647362488752049,1.4618097038979467
6929,1.1706529612536405,1.4677145946771653
6930,1.1765782310022503,1.473628025728921
6931,1.182512040600609,1.4795499795677942
6932,1.188454372563297,1.4854804387433014
6933,1.1944052094398299,1.4914193858398246
6934,1.20036453381459,1.4973668034765424
6935,1.206332328306756,1.5033226743073598
6936,1.212308575570233,1.50928698102084
6937,1.2182932582935841,1.5152597063401345
6938,1.224286359199961,1.5212408330229135
6939,1.2302878610470338,1.5272303438612977
6940,1.2362977466269227,1.533228221681789
6941,1.2423159987661305,1.5392344493452021
6942,1.2483426003254714,1.545249009746596
6943,1.2543775342000043,1.5512718858152053
6944,1.2604207833189636,1.5573030605143712
6945,1.266472330645691,1.5633425168414752
6946,1.2725321591775682,1.5693902378278701
6947,1.2786002519459476,1.5754462065388113
6948,1.2846765920160845,1.5815104060733902
6949,1.2907611624870703,1.5875828195644663
6950,1.2968539464917648,1.5936634301786001
6951,1.3029549271967282,1.5997522211159843
6952,1.3090640878021533,1.605849175610378
6953,1.3151814115417995,1.61195427692904
6954,1.321306881682925,1.6180675083726606
6955,1.3274404815262204,1.624188853275295
6956,1.3335821944057416,1.6303182950042978
6957,1.3397320036888418,1.636455816960255
6958,1.3458898927761078,1.642601402576918
6959,1.3520558451012914,1.6487550353211389
6960,1.3582298441312437,1.6549166986928014
6961,1.3644118733658492,1.6610863762247579
6962,1.37060191633796,1.667264051482761
6963,1.3767999566133289,1.6734497080653998
6964,1.3830059777905443,1.6796433296040327
6965,1.3892199635009657,1.6858448997627233
6966,1.3954418974086562,1.6920544022381745
6967,1.401671763210318,1.698271820759662
6968,1.407909544635228,1.7044971390889725
6969,1.4141552254451721,1.7107303410203347
6970,1.4204087894343793,1.7169714103803575
6971,1.4266702204294586,1.7232203310279643
6972,1.432939502289333,1.7294770868543279
6973,1.4392166189051754,1.7357416617828063
6974,1.4455015542003442,1.74201403976888
6975,1.451794292130319,1.7482942048000845
6976,1.458094816682637,1.75458214089595
6977,1.4644031118768268,1.7608778321079355
6978,1.4707191617643476,1.7671812625193635
6979,1.4770429504285227,1.7734924162453602
6980,1.4833744619844778,1.7798112774327886
6981,1.4897136805790758,1.7861378302601865
6982,1.4960605903908546,1.7924720589377032
6983,1.5024151756299635,1.7988139477070357
6984,1.5087774205380997,1.8051634808413668
6985,1.5151473093884458,1.8115206426453012
6986,1.5215248264856065,1.8178854174548023
6987,1.527909956165545,1.824257789637131
6988,1.5343026827955228,1.830637743590783
6989,1.540702990774035,1.8370252637454245
6990,1.547110864530748,1.843420334561832
6991,1.5535262885264387,1.84982294053183
6992,1.559949247252931,1.856233066178227
6993,1.5663797252330334,1.8626506960547553
6994,1.572817707020479,1.8690758147460098
6995,1.5792631771998615,1.8755084068673844
6996,1.5857161203865757,1.8819484570650118
6997,1.5921765212267542,1.8883959500157022
6998,1.5986443643972066,1.8948508704268807
6999,1.605119634605359,1.9013132030365276
7000,1.6116023165891908,1.9077829326131164
7001,1.618092395117176,1.9142600439555537
7002,1.6245898549882207,1.920744521893117
7003,1.6310946810316032,1.9272363512853958
7004,1.637606858106912,1.93373551702223
7005,1.644126371103988,1.9402420040236492
7006,1.65065320494286,1.9467557972398133
7007,1.6571873445736882,1.9532768816509511
7008,1.663728774976702,1.9598052422673022
7009,1.67027748116214,1.9663408641290543
7010,1.6768334481701903,1.9728837323062858
7011,1.6833966610709312,1.9794338318989046
7012,1.689967104964271,1.985991148036589
7013,1.6965447649798877,1.9925556658787287
7014,1.703129626277171,1.9991273706143646
7015,1.7097216740451617,2.00570624746213
7016,1.7163208935024936,2.0122922816701916
7017,1.7229272698973326,2.0188854585161895
7018,1.7295407885073193,2.02548576330718
7019,1.7361614346395104,2.0320931813795755
7020,1.7427891936303175,2.038707698099086
7021,1.749424050845451,2.045329298860662
7022,1.7560659916798615,2.0519579690884338
7023,1.7627150015576787,2.0585936942356544
7024,1.769371065932156,2.065236459784641
7025,1.7760341702856108,2.071886251246718
7026,1.7827043001293676,2.078543054162158
7027,1.7893814410036983,2.0852068541001234
7028,1.796065578477766,2.09187763665861
7029,1.8027566981495664,2.098555387464389
7030,1.8094547856458705,2.1052400921729495
7031,1.8161598266221668,2.1119317364684393
7032,1.8228718067626042,2.118630306063612
7033,1.8295907117799357,2.1253357866997646
7034,1.8363165274154587,2.132048164146684
7035,1.8430492394389597,2.13876742420259
7036,1.8497888336486585,2.1454935526940764
7037,1.8565352958711492,2.1522265354760552
7038,1.8632886119613434,2.1589663584317016
7039,1.8700487678024171,2.1657130074723954
7040,1.8768157493057493,2.172466468537666
7041,1.8835895424108695,2.1792267275951347
7042,1.8903701330853988,2.1859937706404606
7043,1.8971575073249969,2.1927675836972824
7044,1.903951651153302,2.1995481528171643
7045,1.910752550621879,2.20633546407954
7046,1.9175601918101608,2.213129503591655
7047,1.9243745608253937,2.219930257488514
7048,1.9311956438025815,2.2267377119328233
7049,1.938023426904431,2.233551853114936
7050,1.9448578963212955,2.2403726672527977
7051,1.95169903827112,2.2472001405918896
7052,1.9585468389993859,2.2540342594051745
7053,1.965401284779057,2.260875009993043
7054,1.972262361910522,2.267722378683256
7055,1.9791300567215429,2.274576351830892
7056,1.986004355567199,2.2814369158182934
7057,1.9928852448298306,2.2883040570550084
7058,1.9997727109189884,2.295177761977741
7059,2.006666740271375,2.302058017050294
7060,2.0135673193507926,2.3089448087635147
7061,2.0204744346480896,2.315838123635243
7062,2.0273880726811053,2.3227379482102553
7063,2.0343082199946165,2.3296442690602115
7064,2.041234863160283,2.3365570727836023
7065,2.048167988776595,2.3434763460056938
7066,2.0551075834688195,2.3504020753784745
7067,2.0620536338889446,2.3573342475806034
7068,2.069006126715629,2.364272849317355
7069,2.0759650486541474,2.371217867320566
7070,2.082930386436337,2.3781692883485843
7071,2.0899021268205447,2.3851270991862137
7072,2.0968802565915747,2.392091286644661
7073,2.103864762560635,2.3990618375614874
7074,2.110855631565284,2.406038738800549
7075,2.1178528504693808,2.41302197725195
7076,2.1248564061630284,2.4200115398319886
7077,2.131866285562524,2.427007413483102
7078,2.1388824756103064,2.434009585173819
7079,2.1459049632749037,2.4410180418987037
7080,2.1529337355508797,2.448032770678305
7081,2.1599687794587843,2.455053758559106
7082,2.1670100820450995,2.4620809926134704
7083,2.174057630382189,2.4691144599395907
7084,2.181111411568246,2.4761541476614375
7085,2.1881714127272414,2.4832000429287087
7086,2.195237621008872,2.4902521329167757
7087,2.20231002358851,2.497310404826634
7088,2.2093886076671505,2.5043748458848523
7089,2.2164733604713622,2.5114454433435194
7090,2.2235642692532345,2.5185221844801955
7091,2.230661321290327,2.52560505659786
7092,2.2377645038856184,2.53269404702486
7093,2.244873804367457,2.539789143114862
7094,2.25198921008951,2.5468903322467993
7095,2.2591107084307085,2.5539976018248214
7096,2.266238286795203,2.561110939278245
7097,2.273371932612312,2.5682303320615043
7098,2.2805116333364666,2.5753557676540977
7099,2.287657376447166,2.582487233560539
7100,2.2948091494489256,2.5896247173103104
7101,2.3019669398712264,2.596768206457808
7102,2.309130735268466,2.6039176885822966
7103,2.316300523219906,2.6110731512878553
7104,2.3234762913296283,2.6182345822033315
7105,2.330658027226479,2.625401968982289
7106,2.337845718564023,2.632575299302962
7107,2.3450393530204936,2.639754560868202
7108,2.352238918298742,2.64693974140543
7109,2.3594444021261904,2.6541308286665886
7110,2.3666557922547806,2.6613278104280917
7111,2.3738730764609266,2.6685306744907753
7112,2.3810962425454645,2.67573940867985
7113,2.3883252783336046,2.682954000844852
7114,2.3955601716748833,2.690174438859593
7115,2.402800910443113,2.697400710622114
7116,2.410047482536333,2.7046328040546346
7117,2.4172998758767648,2.7118707071035075
7118,2.4245580784107594,2.719114407739166
7119,2.4318220781087514,2.7263638939560813
7120,2.4390918629652116,2.7336191537727097
7121,2.446367420998597,2.7408801752314482
7122,2.4536487402513023,2.7481469463985833
7123,2.4609358087896163,2.7554194553642466
7124,2.46822861470367,2.7626976902423652
7125,2.4755271461073898,2.769981639170614
7126,2.482831391138451,2.777271290310369
7127,2.4901413379582307,2.784566631846661
7128,2.497456974751758,2.7918676519881256
7129,2.50477828972767,2.799174338966958
7130,2.5121052711181604,2.8064866810388667
7131,2.519437907178938,2.8138046664830227
7132,2.5267761861891755,2.821128283602018
7133,2.534120096451463,2.8284575207218148
7134,2.5414696262917627,2.835792366191699
7135,2.5488247640593618,2.8431328083842367
7136,2.543132808384237,2.8374522252441357
7137,2.537452225244136,2.831782991916719
7138,2.531782991916719,2.8261250857250455
7139,2.5261250857250457,2.8204784840374835
7140,2.5204784840374836,2.814843164267618
7141,2.514843164267618,2.809219103874163
7142,2.5092191038741634,2.803606280360869
7143,2.503606280360869,2.798004671276434
7144,2.4980046712764343,2.7924142542144157
7145,2.492414254214416,2.7868350068131376
7146,2.4868350068131377,2.781266906755602
7147,2.4812669067556024,2.775709931769402
7148,2.4757099317694022,2.77016405962663
7149,2.4701640596266303,2.76462926814379
7150,2.4646292681437902,2.7591055351817086
7151,2.459105535181709,2.753592838645447
7152,2.4535928386454473,2.7480911564842114
7153,2.4480911564842116,2.7426004666912656
7154,2.4426004666912657,2.7371207473038432
7155,2.4371207473038434,2.73165197640306
7156,2.43165197640306,2.7261941321138243
7157,2.4261941321138245,2.720747192604752
7158,2.420747192604752,2.715311136088078
7159,2.415311136088078,2.709885940819569
7160,2.409885940819569,2.704471585098436
7161,2.4044715850984364,2.6990680472672492
7162,2.3990680472672494,2.6936753057118503
7163,2.3936753057118505,2.688293338861266
7164,2.388293338861266,2.6829221251876216
7165,2.382922125187622,2.677561643206055
7166,2.377561643206055,2.6722118714746315
7167,2.3722118714746316,2.666872788594257
7168,2.3668727885942573,2.661544373208593
7169,2.3615443732085932,2.6562266040039697
7170,2.35622660400397,2.650919459709305
7171,2.350919459709305,2.6456229190960125
7172,2.3456229190960127,2.640336960977925
7173,2.340336960977925,2.635061564211201
7174,2.3350615642112014,2.629796707694248
7175,2.329796707694248,2.6245423703676316
7176,2.324542370367632,2.6192985312139965
7177,2.3192985312139967,2.6140651692579784
7178,2.3140651692579786,2.608842263566123
7179,2.308842263566123,2.6036297932468
7180,2.3036297932468,2.598427737450121
7181,2.298427737450121,2.5932360753678574
7182,2.2932360753678576,2.5880547862333523
7183,2.2880547862333525,2.582883849321443
7184,2.2828838493214434,2.5777232439483755
7185,2.2777232439483757,2.57257294947172
7186,2.27257294947172,2.5674329452902924
7187,2.2674329452902926,2.5623032108440693
7188,2.2623032108440695,2.5571837256141063
7189,2.2571837256141065,2.5520744691224553
7190,2.2520744691224555,2.5469754209320836
7191,2.246975420932084,2.5418865606467915
7192,2.2418865606467917,2.536807867911131
7193,2.236807867911131,2.5317393224103246
7194,2.231739322410325,2.5266809038701834
7195,2.2266809038701836,2.521632592057027
7196,2.221632592057027,2.5165943667776007
7197,2.216594366777601,2.511566207878997
7198,2.211566207878997,2.5065480952485735
7199,2.2065480952485736,2.501540008813873
7200,2.2015400088138732,2.4965419285425434
7201,2.1965419285425436,2.4915538344422563
7202,2.1915538344422565,2.4865757065606298
7203,2.18657570656063,2.481607524985144
7204,2.1816075249851443,2.4766492698430675
7205,2.1766492698430677,2.4717009213013728
7206,2.171700921301373,2.466762459566658
7207,2.1667624595666584,2.4618338648850715
7208,2.1618338648850717,2.4569151175422266
7209,2.1569151175422268,2.4520061978631276
7210,2.1520061978631277,2.4471070862120894
7211,2.1471070862120896,2.442217762992659
7212,2.1422177629926593,2.437338208647537
7213,2.137338208647537,2.432468403658499
7214,2.1324684036584993,2.4276083285463192
7215,2.1276083285463194,2.42275796387069
7216,2.1227579638706904,2.417917290230147
7217,2.1179172902301473,2.413086288261989
7218,2.113086288261989,2.4082649386422013
7219,2.1082649386422014,2.4034532220853793
7220,2.1034532220853794,2.3986511193446503
7221,2.0986511193446504,2.3938586112115967
7222,2.093858611211597,2.3890756785161797
7223,2.08907567851618,2.3843023021266623
7224,2.0843023021266625,2.379538462949532
7225,2.0795384629495324,2.374784141929427
7226,2.074784141929427,2.3700393200490555
7227,2.0700393200490557,2.3653039783291243
7228,2.0653039783291245,2.3605780978282604
7229,2.0605780978282606,2.3558616596429354
7230,2.0558616596429355,2.35115464490739
7231,2.05115464490739,2.3464570347935587
7232,2.046457034793559,2.3417688105109957
7233,2.041768810510996,2.337089953306797
7234,2.037089953306797,2.3324204444655274
7235,2.0324204444655276,2.327760265309146
7236,2.027760265309146,2.3231093971969288
7237,2.023109397196929,2.3184678215253984
7238,2.0184678215253986,2.3138355197282454
7239,2.0138355197282456,2.3092124732762564
7240,2.0092124732762566,2.3045986636772393
7241,2.0045986636772395,2.2999940724759496
7242,1.9999940724759495,2.295398681254017
7243,1.9953986812540168,2.2908124716298692
7244,1.9908124716298692,2.286235425258663
7245,1.986235425258663,2.2816675238322057
7246,1.9816675238322057,2.277108749078886
7247,1.9771087490788861,2.272559082763599
7248,1.9725590827635988,2.2680185066876732
7249,1.9680185066876732,2.2634870026887977
7250,1.9634870026887976,2.2589645526409514
7251,1.9589645526409514,2.2544511384543275
7252,1.9544511384543275,2.249946742075263
7253,1.949946742075263,2.2454513454861673
7254,1.9454513454861673,2.2409649307054473
7255,1.9409649307054473,2.236487479787438
7256,1.936487479787438,2.2320189748223296
7257,1.9320189748223295,2.227559397936097
7258,1.9275593979360968,2.2231087312904254
7259,1.9231087312904254,2.2186669570826436
7260,1.9186669570826436,2.2142340575456485
7261,1.9142340575456485,2.209810014947836
7262,1.9098100149478359,2.2053948115930297
7263,1.9053948115930297,2.20098842982041
7264,1.90098842982041,2.1965908520044444
7265,1.8965908520044443,2.1922020605548154
7266,1.8922020605548153,2.1878220379163515
7267,1.8878220379163515,2.1834507665689564
7268,1.8834507665689564,2.1790882290275393
7269,1.8790882290275392,2.1747344078419433
7270,1.8747344078419432,2.1703892855968783
7271,1.8703892855968782,2.16605284491185
7272,1.8660528449118499,2.161725068441089
7273,1.8617250684410889,2.157405938873484
7274,1.857405938873484,2.1530954389325117
7275,1.8530954389325116,2.148793551376165
7276,1.848793551376165,2.1445002589968896
7277,1.8445002589968895,2.1402155446215088
7278,1.8402155446215087,2.1359393911111604
7279,1.8359393911111603,2.131671781361225
7280,1.8316717813612249,2.1274126983012565
7281,1.8274126983012564,2.123162124894918
7282,1.8231621248949181,2.11892004413991
7283,1.81892004413991,2.114686439067904
7284,1.814686439067904,2.1104612927444735
7285,1.8104612927444734,2.1062445882690284
7286,1.8062445882690283,2.102036308774744
7287,1.802036308774744,2.097836437428498
7288,1.7978364374284979,2.0936449574307985
7289,1.7936449574307984,2.08946185201572
7290,1.7894618520157202,2.085287104450836
7291,1.785287104450836,2.08112069803715
7292,1.7811206980371501,2.0769626161090313
7293,1.7769626161090313,2.0728128420341463
7294,1.7728128420341462,2.068671359213393
7295,1.768671359213393,2.0645381510808347
7296,1.7645381510808347,2.0604132011036334
7297,1.7604132011036333,2.056296492781984
7298,1.7562964927819837,2.0521880096490475
7299,1.7521880096490474,2.0480877352708857
7300,1.7480877352708857,2.0439956532463954
7301,1.7439956532463954,2.0399117472072437
7302,1.7399117472072436,2.0358360008178007
7303,1.7358360008178007,2.0317683977750756
7304,1.7317683977750755,2.0277089218086504
7305,1.7277089218086503,2.023657556680616
7306,1.7236575566806158,2.0196142861855066
7307,1.7196142861855066,2.015579094150235
7308,1.715579094150235,2.011551964434027
7309,1.7115519644340271,2.007532880928359
7310,1.707532880928359,2.0035218275568916
7311,1.7035218275568915,1.9995187882754055
7312,1.6995187882754055,1.9955237470717386
7313,1.6955237470717386,1.9915366879657208
7314,1.6915366879657208,1.9875575950091102
7315,1.6875575950091102,1.9835864522855298
7316,1.6835864522855297,1.9796232439104033
7317,1.6796232439104033,1.975667954030892
7318,1.6756679540308919,1.9717205668258309
7319,1.6717205668258308,1.967781066505666
7320,1.667781066505666,1.963849437312391
7321,1.6638494373123909,1.9599256635194835
7322,1.6599256635194835,1.9560097294318437
7323,1.6560097294318437,1.9521016193857292
7324,1.6521016193857292,1.9482013177486952
7325,1.6482013177486952,1.94430880891953
7326,1.64430880891953,1.9404240773281927
7327,1.6404240773281926,1.936547107435752
7328,1.636547107435752,1.932677883734323
7329,1.632677883734323,1.928816390747006
7330,1.628816390747006,1.9249626130278235
7331,1.6249626130278234,1.92111653516166
7332,1.6211165351616599,1.9172781417641984
7333,1.6172781417641984,1.9134474174818605
7334,1.6134474174818605,1.9096243469917435
7335,1.6096243469917435,1.9058089150015611
7336,1.605808915001561,1.9020011062495794
7337,1.6020011062495794,1.898200905504559
7338,1.598200905504559,1.8944082975656913
7339,1.5944082975656912,1.89062326726254
7340,1.59062326726254,1.8868457994549783
7341,1.5868457994549783,1.8830758790331303
7342,1.5830758790331303,1.8793134909173093
7343,1.5793134909173092,1.8755586200579573
7344,1.5755586200579572,1.8718112514355867
7345,1.5718112514355866,1.8680713700607172
7346,1.5680713700607172,1.8643389609738192
7347,1.5643389609738192,1.8606140092452506
7348,1.5606140092452505,1.8568964999751996
7349,1.5568964999751995,1.8531864182936246
7350,1.5531864182936246,1.8494837493601937
7351,1.5494837493601936,1.845788478364226
7352,1.545788478364226,1.842100590524633
7353,1.542100590524633,1.8384200710898584
7354,1.5384200710898583,1.8347469053378191
7355,1.534746905337819,1.8310810785758476
7356,1.5310810785758475,1.827422576140632
7357,1.527422576140632,1.8237713833981575
7358,1.5237713833981574,1.8201274857436482
7359,1.5201274857436482,1.8164908686015087
7360,1.5164908686015086,1.8128615174252656
7361,1.5128615174252655,1.8092394176975095
7362,1.5092394176975095,1.8056245549298362
7363,1.5056245549298362,1.8020169146627902
7364,1.5020169146627902,1.7984164824658058
7365,1.4984164824658057,1.7948232439371488
7366,1.4948232439371487,1.791237184703861
7367,1.491237184703861,1.7876582904217002
7368,1.4876582904217002,1.7840865467750846
7369,1.4840865467750846,1.7805219394770349
7370,1.4805219394770348,1.776964454269117
7371,1.476964454269117,1.7734140769213858
7372,1.4734140769213857,1.7698707932323265
7373,1.4698707932323265,1.7663345890288
7374,1.4663345890288,1.7628054501659847
7375,1.4628054501659846,1.7592833625273208
7376,1.4592833625273207,1.7557683120244523
7377,1.4557683120244522,1.752260284597173
7378,1.452260284597173,1.7487592662133689
7379,1.4487592662133688,1.7452652428689608
7380,1.4452652428689607,1.7417782005878513
7381,1.4417782005878512,1.7382981254218666
7382,1.4382981254218665,1.7348250034507011
7383,1.434825003450701,1.7313588207818627
7384,1.4313588207818626,1.727899563550616
7385,1.427899563550616,1.7244472179199273
7386,1.4244472179199272,1.7210017700804097
7387,1.4210017700804096,1.7175632062502668
7388,1.4175632062502668,1.714131512675239
7389,1.414131512675239,1.7107066756285474
7390,1.4107066756285473,1.7072886814108392
7391,1.4072886814108392,1.7038775163501332
7392,1.4038775163501331,1.7004731668017643
7393,1.4004731668017643,1.69707561914833
7394,1.39707561914833,1.6936848597996352
7395,1.3936848597996352,1.6903008751926378
7396,1.3903008751926378,1.6869236517913948
7397,1.3869236517913948,1.6835531760870084
7398,1.3835531760870083,1.680189434597571
7399,1.380189434597571,1.6768324138681119
7400,1.3768324138681118,1.6734821004705442
7401,1.3734821004705442,1.6701384810036097
7402,1.3701384810036097,1.6668015420928264
7403,1.3668015420928263,1.6634712703904335
7404,1.3634712703904335,1.6601476525753402
7405,1.3601476525753402,1.6568306753530708
7406,1.3568306753530708,1.653520325455712
7407,1.353520325455712,1.6502165896418597
7408,1.3502165896418596,1.6469194546965662
7409,1.3469194546965662,1.6436289074312873
7410,1.3436289074312873,1.6403449346838297
7411,1.3403449346838296,1.6370675233182979
7412,1.3370675233182978,1.6337966602250422
7413,1.3337966602250422,1.6305323323206058
7414,1.3305323323206057,1.627274526547673
7415,1.3272745265476729,1.6240232298750157
7416,1.3240232298750156,1.6207784292974432
7417,1.3207784292974432,1.6175401118357493
7418,1.3175401118357493,1.6143082645366593
7419,1.3143082645366593,1.6110828744727796
7420,1.3110828744727796,1.6078639287425462
7421,1.3078639287425462,1.6046514144701718
7422,1.3046514144701717,1.6014453188055946
7423,1.3014453188055946,1.5982456289244278
7424,1.2982456289244277,1.5950523320279077
7425,1.2950523320279077,1.5918654153428424
7426,1.2918654153428424,1.588684866121561
7427,1.2886848661215609,1.5855106716418623
7428,1.2855106716418623,1.5823428192069644
7429,1.2823428192069644,1.5791812961454528
7430,1.2791812961454527,1.5760260898112315
7431,1.2760260898112314,1.5728771875834708
7432,1.2728771875834708,1.5697345768665576
7433,1.2697345768665576,1.566598245090045
7434,1.266598245090045,1.5634681797086014
7435,1.2634681797086014,1.5603443682019613
7436,1.2603443682019613,1.5572267980748744
7437,1.2572267980748744,1.554115456857056
7438,1.254115456857056,1.5510103321031372
7439,1.2510103321031372,1.5479114113926151
7440,1.247911411392615,1.5448186823298022
7441,1.2448186823298022,1.5417321325437787
7442,1.2417321325437787,1.5386517496883407
7443,1.2386517496883407,1.5355775214419534
7444,1.2355775214419533,1.532509435507699
7445,1.2325094355076989,1.52944747961323
7446,1.22944747961323,1.5263916415107186
7447,1.2263916415107186,1.5233419089768085
7448,1.2233419089768085,1.5202982698125656
7449,1.2202982698125655,1.517260711843429
7450,1.2172607118434289,1.5142292229191625
7451,1.2142292229191625,1.5112037909138067
7452,1.2112037909138067,1.5081844037256298
7453,1.2081844037256297,1.5051710492770782
7454,1.2051710492770782,1.502163715514731
7455,1.202163715514731,1.4991623904092488
7456,1.1991623904092488,1.496167061955327
7457,1.1961670619553268,1.4931777181716477
7458,1.1931777181716476,1.490194347100832
7459,1.190194347100832,1.487216936809392
7460,1.1872169368093919,1.4842454753876821
7461,1.184245475387682,1.4812799509498527
7462,1.1812799509498526,1.4783203516338022
7463,1.178320351633802,1.4753666656011293
7464,1.1753666656011292,1.4724188810370857
7465,1.1724188810370857,1.4694769861505297
7466,1.1694769861505296,1.4665409691738776
7467,1.1665409691738775,1.4636108183630574
7468,1.1636108183630574,1.4606865219974623
7469,1.1606865219974623,1.4577680683799028
7470,1.1577680683799028,1.4548554458365606
7471,1.1548554458365605,1.4519486427169415
7472,1.1519486427169414,1.449047647393829
7473,1.149047647393829,1.4461524482632384
7474,1.1461524482632384,1.4432630337443688
7475,1.1432630337443688,1.4403793922795587
7476,1.1403793922795586,1.4375015123342383
7477,1.1375015123342382,1.4346293823968836
7478,1.1346293823968836,1.4317629909789713
7479,1.1317629909789713,1.428902326614932
7480,1.128902326614932,1.4260473778621046
7481,1.1260473778621045,1.4231981333006898
7482,1.1231981333006897,1.420354581533706
7483,1.120354581533706,1.417516711186942
7484,1.117516711186942,1.4146845109089128
7485,1.1146845109089127,1.4118579693708135
7486,1.1118579693708135,1.4090370752664743
7487,1.1090370752664742,1.4062218173123147
7488,1.1062218173123146,1.4034121842472993
7489,1.1034121842472993,1.400608164832892
7490,1.100608164832892,1.3978097478530118
7491,1.0978097478530118,1.3950169221139868
7492,1.0950169221139867,1.3922296764445101
7493,1.09222967644451,1.3894479996955957
7494,1.0894479996955957,1.3866718807405325
7495,1.0866718807405324,1.3839013084748413
7496,1.0839013084748412,1.3811362718162292
7497,1.0811362718162292,1.3783767597045455
7498,1.0783767597045455,1.3756227611017386
7499,1.0756227611017386,1.3728742649918104
7500,1.0728742649918104,1.3701312603807727
7501,1.0701312603807727,1.3673937362966033
7502,1.0673937362966033,1.3646616817892023
7503,1.0646616817892023,1.361935085930348
7504,1.061935085930348,1.3592139378136532
7505,1.0592139378136531,1.3564982265545222
7506,1.0564982265545222,1.353787941290106
7507,1.053787941290106,1.35108307117926
7508,1.05108307117926,1.3483836054025002
7509,1.0483836054025002,1.3456895331619596
7510,1.0456895331619596,1.343000843681346
7511,1.043000843681346,1.340317526205898
7512,1.040317526205898,1.3376395700023418
7513,1.0376395700023417,1.334966964358849
7514,1.034966964358849,1.3322996985849938
7515,1.0322996985849937,1.329637762011709
7516,1.029637762011709,1.3269811439912453
7517,1.0269811439912453,1.324329833897127
7518,1.024329833897127,1.32168382112411
7519,1.02168382112411,1.3190430950881395
7520,1.0190430950881395,1.3164076452263085
7521,1.0164076452263084,1.3137774609968134
7522,1.0137774609968133,1.3111525318789137
7523,1.0111525318789136,1.30853284737289
7524,1.00853284737289,1.3059183970000006
7525,1.0059183970000005,1.3033091703024404
7526,1.0033091703024404,1.3007051568432992
7527,1.0007051568432992,1.2981063462065194
7528,0.9962162783377283,1.2955127279968555
7529,0.9910455916037411,1.292924291839831
7530,0.9858986493256297,1.2903410273816975
7531,0.9807753505154361,1.2877629242893942
7532,0.9756755946007354,1.285189972250505
7533,0.9705992814229506,1.2826221609732182
7534,0.9655463112356771,1.2800594801862857
7535,0.9605165847030124,1.2775019196389805
7536,0.9555100028978919,1.2749494691010572
7537,0.9505264673004332,1.2724021183627103
7538,0.9455658797962865,1.2698598572345334
7539,0.9406281426749895,1.2673226755474787
7540,0.9357131586283326,1.2647905631528158
7541,0.9308208307487273,1.2622635099220918
7542,0.9259510625275835,1.2597415057470907
7543,0.9211037578536928,1.2572245405397922
7544,0.9162788210116161,1.2547126042323322
7545,0.9114761566800818,1.252205686776962
7546,0.9066956699303858,1.2497037781460085
7547,0.9019372662248029,1.247206868331834
7548,0.8972008514150003,1.2447149473467956
7549,0.8924863317404587,1.2422280052232064
7550,0.8877936138269026,1.2397460320132943
7551,0.8831226046847314,1.2372690177891632
7552,0.8784732117074626,1.234796952642753
7553,0.8738453426701771,1.2323298266857996
7554,0.869238905727973,1.2298676300497962
7555,0.8646538094144245,1.2274103528859528
7556,0.8600899626400474,1.2249579853651575
7557,0.855547274690771,1.2225105176779367
7558,0.8510256552264147,1.220067940034417
7559,0.8465250142791755,1.2176302426642842
7560,0.8420452622521131,1.2151974158167453
7561,0.8375863099176486,1.2127694497604902
7562,0.8331480684160679,1.210346334783651
7563,0.8287304492540271,1.2079280611937646
7564,0.8243333643030683,1.2055146193177337
7565,0.8199567257981402,1.2031059995017874
7566,0.8156004463361224,1.2007021921114431
7567,0.811264438874359,1.1983031875314685
7568,0.8069486167291965,1.1959089761658415
7569,0.8026528935745262,1.193519548437714
7570,0.798377183440336,1.1911348947893714
7571,0.7941214007112639,1.188755005682196
7572,0.7898854601251603,1.1863798715966285
7573,0.7856692767716555,1.1840094830321293
7574,0.7814727660907324,1.1816438305071408
7575,0.777295843871304,1.1792829045590498
7576,0.773138426249799,1.1769266957441495
7577,0.7690004297087522,1.1745751946376015
7578,0.7648817710753985,1.172228391833398
7579,0.7607823675202756,1.1698862779443249
7580,0.7567021365558312,1.1675488436019235
7581,0.7526409960350345,1.165216079456453
7582,0.7485988641499951,1.162887976176854
7583,0.7445756594305869,1.1605645244507103
7584,0.7405713007430772,1.1582457149842118
7585,0.7365857072887608,1.1559315385021178
7586,0.7326187986026024,1.1536219857477188
7587,0.7286704945518786,1.151317047482801
7588,0.7247407153348335,1.1490167144876082
7589,0.7208293814793328,1.1467209775608054
7590,0.7169364138415258,1.1444298275194418
7591,0.7130617336045141,1.1421432551989141
7592,0.7092052622770233,1.1398612514529303
7593,0.705366921692082,1.137583807153472
7594,0.7015466340057046,1.135310913190759
7595,0.6977443216955798,1.1330425604732126
7596,0.693959907559766,1.1307787399274187
7597,0.6901933147153896,1.1285194424980922
7598,0.6864444665973495,1.1262646591480405
7599,0.6827132869570275,1.124014380858127
7600,0.6789996998610025,1.1217685986272357
7601,0.6753036296897706,1.1195273034722346
7602,0.671625001136472,1.11729048642794
7603,0.6679637392056188,1.115058138547081
7604,0.6643197692118327,1.1128302509002628
7605,0.660693016778584,1.110606814575932
7606,0.6570834078369394,1.1083878206803404
7607,0.65349086862431,1.1061732603375092
7608,0.6499153256832093,1.1039631246891943
7609,0.6463567058600129,1.1017574048948502
7610,0.6428149363037247,1.0995560921315946
7611,0.6392899444647469,1.0973591775941738
7612,0.635781658093657,1.0951666524949262
7613,0.6322900052399866,1.092978508063749
7614,0.6288149142510093,1.0907947355480614
7615,0.6253563137705282,1.0886153262127702
7616,0.6219141327376739,1.0864402713402355
7617,0.6184883003857031,1.0842695622302345
7618,0.6150787462408036,1.0821031901999283
7619,0.6116854001209051,1.0799411465838258
7620,0.6083081921344927,1.0777834227337495
7621,0.6049470526794264,1.0756300100188012
7622,0.6016019124417656,1.0734808998253271
7623,0.5982727023945976,1.0713360835568837
7624,0.5949593537968718,1.0691955526342027
7625,0.5916617981922365,1.0670592984951581
7626,0.588379967407884,1.0649273125947303
7627,0.5851137935533961,1.0627995864049726
7628,0.5818632090195972,1.0606761114149776
7629,0.5786281464774115,1.0585568791308424
7630,0.5754085388767234,1.0564418810756353
7631,0.5722043194452455,1.054331108789361
7632,0.5690154216873867,1.0522245538289277
7633,0.5658417793831292,1.0501222077681127
7634,0.5626833265869076,1.0480240621975287
7635,0.5595399976264923,1.0459301087245911
7636,0.5564117271018802,1.043840338973483
7637,0.553298449884186,1.0417547445851223
7638,0.55020010111454,1.0396733172171293
7639,0.5471166162029919,1.0375960485437912
7640,0.5440479308274146,1.0355229302560307
7641,0.5409939809324178,1.033453954061372
7642,0.5379547027282613,1.0313891116839076
7643,0.5349300326897753,1.0293283948642649
7644,0.531919907555285,1.027271795359574
7645,0.5289242643255381,1.0252193049434346
7646,0.5259430402626384,1.0231709154058817
7647,0.5229761728889808,1.0211266185533547
7648,0.5200235999861955,1.0190864062086635
7649,0.517085259594091,1.0170502702109558
7650,0.5141610900096047,1.015018202415685
7651,0.5112510297857575,1.0129901946945774
7652,0.5083550177306113,1.0109662389355993
7653,0.5054729929062317,1.0089463270429246
7654,0.5026048946276533,1.0069304509369035
7655,0.4997506624618536,1.0049186025540287
7656,0.49691023622672453,1.0029107738469039
7657,0.49408355599005316,1.0009069567842117
7658,0.4912705620685048,0.9989071433506814
7659,0.48847119502661007,0.9969113255470563
7660,0.485685395675755,0.9949194953900625
7661,0.48291310507317925,0.9929316449123768
7662,0.48015426452097226,0.9909477661625948
7663,0.4774088155650799,0.9889678512051987
7664,0.4746766999943088,0.986991892120526
7665,0.47195785983934047,0.9850198810047378
7666,0.46925223737174526,0.9830518099697868
7667,0.46655977510300184,0.9810876711433866
7668,0.463880415783522,0.979127456668979
7669,0.4612141024016761,0.9771711587057037
7670,0.4585607781828253,0.975218769428366
7671,0.4559203865883569,0.9732702810274064
7672,0.4532928713147229,0.9713256857088685
7673,0.4506781762924825,0.9693849756943685
7674,0.4480762456853505,0.9674481432210639
7675,0.4454870238892459,0.9655151805416221
7676,0.44291045553134795,0.9635860799241899
7677,0.4403464854691534,0.9616608336523621
7678,0.4377950587895389,0.959739434025151
7679,0.43525612080782655,0.9578218733569558
7680,0.43272961706685487,0.9559081439775311
7681,0.43021549333604975,0.9539982382319568
7682,0.4277136956105035,0.9520921484806074
7683,0.42522417011005464,0.9501898670991216
7684,0.4227468632783733,0.948291386478371
7685,0.42028172178204865,0.9463966990244306
7686,0.41782869250968024,0.9445057971585482
7687,0.4153877225709756,0.9426186733171138
7688,0.41295875929584736,0.9407353199516295
7689,0.41054175023351697,0.9388557295286794
7690,0.4081366431516212,0.936979894529899
7691,0.4057433860353213,0.9351078074519461
7692,0.4033619270864182,0.9332394608064699
7693,0.4009922147224688,0.9313748471200812
7694,0.398634197575906,0.9295139589343229
7695,0.3962878244931643,0.9276567888056395
7696,0.3939530445338071,0.9258033293053484
7697,0.3916298069696584,0.9239535730196088
7698,0.38931806128393637,0.9221075125493933
7699,0.3870177571703936,0.9202651405104574
7700,0.38472884453245737,0.9184264495333105
7701,0.38245127348237623,0.9165914322631864
7702,0.3801849943403677,0.9147600813600134
7703,0.37792995763377024,0.9129323894983856
7704,0.3756861140962006,0.9111083493675332
7705,0.3734534146667109,0.9092879536712929
7706,0.37123181048895165,0.9074711951280796
7707,0.3690212529103373,0.9056580664708569
7708,0.36682169348121685,0.9038485604471076
7709,0.3646330839540441,0.9020426698188052
7710,0.362455376282555,0.9002403873623849
7711,0.3602885226209459,0.8984417058687142
7712,0.3581324753230566,0.896646618143065
7713,0.3559871869415564,0.8948551170050839
7714,0.35385261022713216,0.8930671952887639
7715,0.35172869812768076,0.8912828458424158
7716,0.349615403787506,0.8895020615286395
7717,0.34751268054651585,0.8877248352242953
7718,0.3454204819394252,0.8859511598204757
7719,0.3433387616949606,0.8841810282224766
7720,0.34126747373507005,0.8824144333497692
7721,0.3392065721741327,0.8806513681359719
7722,0.337156011318176,0.8788918255288212
7723,0.3351157456640911,0.8771357984901446
7724,0.3330857298988568,0.8753832799958313
7725,0.3310659188987613,0.8736342630358053
7726,0.3290562677286315,0.8718887406139961
7727,0.32705673164106247,0.8701467057483121
7728,0.32506726607565234,0.8684081514706112
7729,0.32308782665823726,0.8666730708266741
7730,0.32111836920013276,0.864941456876176
7731,0.3191588496973761,0.8632133026926584
7732,0.3172092243299721,0.8614886013635027
7733,0.3152694494611425,0.859767345989901
7734,0.3133394816365776,0.8580495296868297
7735,0.31141927758369187,0.8563351455830212
7736,0.3095087942108814,0.8546241868209368
7737,0.30760798860678534,0.8529166465567392
7738,0.3057168180395501,0.851212517960265
7739,0.3038352399560954,0.8495117942149977
7740,0.3019632119813859,0.8478144685180398
7741,0.30010069191770233,0.8461205340800865
7742,0.29824763774391894,0.8444299841253975
7743,0.29640400761478053,0.842742811891771
7744,0.2945697598601863,0.8410590106305158
7745,0.29274485298447256,0.8393785736064246
7746,0.29092924566570133,0.8377014940977469
7747,0.28912289675494934,0.8360277653961625
7748,0.2873257652756034,0.8343573808067545
7749,0.2855378104226549,0.8326903336479821
7750,0.2837589915619984,0.8310266172516546
7751,0.28198926822973536,0.8293662249629041
7752,0.280228600131476,0.8277091501401592
7753,0.27847694714164906,0.8260553861551186
7754,0.2767342693028111,0.824404926392724
7755,0.27500052682495824,0.8227577642511342
7756,0.2732756800848445,0.8211138931416985
7757,0.2715596896252976,0.81947330648893
7758,0.26985251615454187,0.8178359977304802
7759,0.26815412054552196,0.8162019603171118
7760,0.266464463835229,0.8145711877126728
7761,0.2647835072240308,0.8129436733940707
7762,0.26311121207500304,0.8113194108512463
7763,0.2614475399132655,0.8096983935871469
7764,0.25979245242531807,0.8080806151177015
7765,0.25814591145838195,0.8064660689717941
7766,0.25650787901974215,0.8048547486912377
7767,0.2548783172760929,0.8032466478307493
7768,0.25325718855288626,0.8016417599579232
7769,0.2516444553336827,0.8000400786532059
7770,0.2500400802595044,0.7984415975098699
7771,0.24844402612819114,0.7968463101339884
7772,0.24685625589375942,0.79525421014441
7773,0.24527673266576344,0.7936652911727324
7774,0.2437054197086587,0.792079546863278
7775,0.242142280441169,0.7904969708730669
7776,0.24058727843565428,0.7889175568717933
7777,0.23904037741748327,0.7873412985417991
7778,0.237501541264407,0.785768189578049
7779,0.23597073400593532,0.7841982236881048
7780,0.23444791982271596,0.782631394592101
7781,0.23293306304591627,0.7810676960227189
7782,0.23142612815660704,0.7795071217251623
7783,0.22992707978514967,0.7779496654571322
7784,0.22843588271058457,0.776395320988801
7785,0.22695250186002278,0.7748440821027891
7786,0.22547690230804032,0.7732959425941386
7787,0.22400904927607415,0.7717508962702896
7788,0.22254890813182154,0.7702089369510546
7789,0.22109644438864087,0.7686700584685944
7790,0.21965162370495567,0.7671342546673929
7791,0.21821441188366072,0.7656015194042332
7792,0.2167847748715305,0.7640718465481716
7793,0.21536267875862974,0.762545229980515
7794,0.21394808977772753,0.7610216635947951
7795,0.2125409743037124,0.7595011412967443
7796,0.21114129885301056,0.7579836570042714
7797,0.2097490300830061,0.756469204647437
7798,0.2083641347914638,0.7549577781684299
7799,0.2069865799159543,0.7534493715215421
7800,0.20561633253328154,0.751943978673145
7801,0.20425335985891216,0.7504415936016652
7802,0.2028976292464077,0.7489422102975604
7803,0.20154910818685892,0.7474458227632953
7804,0.20020776430832227,0.7459524250133178
7805,0.19887356537525885,0.7444620110740352
7806,0.1975464792879758,0.7429745749837893
7807,0.19622647408206875,0.7414901107928341
7808,0.19491351792786896,0.7400086125633106
7809,0.1936075791298896,0.7385300743692241
7810,0.19230862612627725,0.7370544902964197
7811,0.1910166274882632,0.7355818544425593
7812,0.18973155191961893,0.7341121609170975
7813,0.18845336825611197,0.7326454038412581
7814,0.1871820454649653,0.7311815773480109
7815,0.18591755264431875,0.7297206755820481
7816,0.18465985902269186,0.7282626926997606
7817,0.18340893395844962,0.726807622869215
7818,0.18216474693927004,0.7253554602701298
7819,0.18092726758161395,0.7239061990938529
7820,0.17969646563019726,0.7224598335433375
7821,0.17847231095746446,0.7210163578331197
7822,0.1772547735630655,0.7195757661892944
7823,0.17604382357333348,0.7181380528494933
7824,0.17483943124076565,0.7167032120628611
7825,0.17364156694350583,0.7152712380900329
7826,0.1724502011848288,0.7138421252031107
7827,0.1712653045926272,0.712415867685641
7828,0.17008684791890016,0.7109924598325921
7829,0.1689148020392448,0.7095718959503305
7830,0.1677491379523484,0.7081541703565988
7831,0.16658982677948347,0.7067392773804927
7832,0.1654368397640054,0.7053272113624384
7833,0.16429014827085078,0.7039179666541701
7834,0.16314972378603923,0.7025115376187069
7835,0.1620155379161757,0.7011079186303307
7836,0.160887562387956,0.699707104074564
7837,0.1597657690476744,0.6983090883481465
7838,0.1586501298607316,0.6969138658590136
7839,0.15754061691114704,0.6955214310262732
7840,0.15643720240107098,0.6941317782801842
7841,0.1553398586503003,0.692744902062134
7842,0.15424855809579524,0.6913607968246156
7843,0.15316327329119805,0.6899794570312063
7844,0.15208397690635453,0.6886008771565452
7845,0.15101064172683631,0.6872250516863108
7846,0.14994324065346604,0.6858519751171994
7847,0.1488817467018439,0.684481641956903
7848,0.14782613300187614,0.683114046724087
7849,0.14677637279730596,0.6817491839483688
7850,0.14573243944524553,0.6803870481702954
7851,0.14469430641571063,0.6790276339413218
7852,0.14366194729115667,0.6776709358237895
7853,0.1426353357660169,0.676316948390904
7854,0.1416144456462423,0.6749656662267137
7855,0.14059925084884328,0.6736170839260883
7856,0.13958972540143375,0.6722711960946968
7857,0.13858584344177619,0.670927997348986
7858,0.13758757921732936,0.6695874823161593
7859,0.13659490708479735,0.6682496456341545
7860,0.13560780150968033,0.6669144819516233
7861,0.1346262370658281,0.6655819859279091
7862,0.1336501884349939,0.664252152233026
7863,0.13267963040639158,0.6629249755476376
7864,0.13171453787625337,0.6616004505630353
7865,0.13075488584739015,0.6602785719811173
7866,0.1298006494287531,0.6589593345143676
7867,0.12885180383499767,0.6576427328858345
7868,0.1279083243860484,0.6563287618291099
7869,0.12697018650666655,0.6550174160883078
7870,0.12603736572601865,0.6537086904180434
7871,0.12510983767724723,0.6524025795834122
7872,0.12418757809704317,0.6510990783599692
7873,0.12327056282521978,0.6497981815337078
7874,0.12235876780428882,0.6484998839010389
7875,0.12145216907903757,0.6472041802687702
7876,0.12055074279610871,0.6459110654540857
7877,0.11965446520358078,0.6446205342845241
7878,0.11876331265055089,0.6433325815979591
7879,0.11787726158671928,0.6420472022425784
7880,0.11699628856197533,0.6407643910768626
7881,0.11612037022598494,0.6394841429695655
7882,0.11524948332778037,0.6382064527996929
7883,0.11438360471535092,0.6369313154564824
7884,0.11352271133523567,0.6356587258393831
7885,0.11266678023211815,0.6343886788580346
7886,0.11181578854842182,0.6331211694322475
7887,0.11096971352390815,0.6318561924919821
7888,0.11012853249527549,0.6305937429773293
7889,0.10929222289576046,0.6293338158384892
7890,0.10846076225473995,0.6280764060357515
7891,0.10763412819733532,0.6268215085394755
7892,0.10681229844401846,0.6255691183300695
7893,0.10599525081021877,0.6243192303979708
7894,0.10518296320593205,0.623071839743626
7895,0.10437541363533118,0.621826941377471
7896,0.10357258019637815,0.6205845303199106
7897,0.10277444108043766,0.619344601601299
7898,0.1019809745718924,0.6181071502619195
7899,0.10119215904775947,0.6168721713519653
7900,0.10040797297730925,0.6156396599315189
7901,0.09962839492168492,0.614409611070533
7902,0.09885340353352386,0.6131820198488108
7903,0.09808297755658094,0.6119568813559855
7904,0.0973170958253524,0.6107341906915015
7905,0.09655573726470242,0.6095139429645946
7906,0.09579888088949033,0.6082961332942723
7907,0.09504650580419975,0.6070807568092942
7908,0.09429859120256888,0.6058678086481528
7909,0.09355511636722304,0.6046572839590538
7910,0.09281606066930756,0.6034491778998968
7911,0.09208140356812324,0.6022434856382561
7912,0.09135112461076275,0.6010402023513609
7913,0.09062520343174833,0.5998393232260765
7914,0.08990361975267157,0.5986408434588848
7915,0.08918635338183414,0.5974447582558651
7916,0.08847338421389002,0.596251062832675
7917,0.08776469222948959,0.5950597524145312
7918,0.08706025749492448,0.5938708222361906
7919,0.08636006016177473,0.5926842675419306
7920,0.08566408046655642,0.5915000835855312
7921,0.08497229873037168,0.5903182656302547
7922,0.08428469535855913,0.5891388089488279
7923,0.08360125084034678,0.5879617088234222
7924,0.08292194574850542,0.586786960545636
7925,0.08224676073900415,0.5856145594164742
7926,0.08157567655066669,0.5844445007463309
7927,0.08090867400482946,0.58327677985497
7928,0.08024573400500111,0.5821113920715061
7929,0.07958683753652303,0.5809483327343866
7930,0.07893196566623162,0.5797875971913727
7931,0.07828109954212185,0.5786291807995206
7932,0.07763422039301196,0.5774730789251632
7933,0.07699130952820984,0.5763192869438915
7934,0.07635234833718063,0.5751678002405359
7935,0.07571731828921549,0.5740186142091482
7936,0.07508620093310202,0.5728717242529827
7937,0.07445897789679584,0.571727125784478
7938,0.07383563088709355,0.5705848142252389
7939,0.07321614168930704,0.5694447850060174
7940,0.07260049216693892,0.5683070335666951
7941,0.07198866426135965,0.5671715553562648
7942,0.0713806399914857,0.5660383458328123
7943,0.07077640145345905,0.5649074004634977
7944,0.07017593082032797,0.5637787147245383
7945,0.06957921034172938,0.5626522841011894
7946,0.0689862223435719,0.5615281040877271
7947,0.06839694922772105,0.56040617018743
7948,0.06781137347168475,0.5592864779125608
7949,0.0672294776283009,0.5581690227843489
7950,0.06665124432542566,0.5570538003329724
7951,0.06607665626562363,0.5559408060975399
7952,0.06550569622585854,0.554830035626073
7953,0.06493834705718565,0.5537214844754885
7954,0.06437459168444556,0.5526151482115802
7955,0.06381441310595863,0.5515110224090015
7956,0.06325779439322127,0.5504091026512479
7957,0.0627047186906032,0.5493093845306387
7958,0.06215516921504588,0.5482118636483
7959,0.06160912925576227,0.5471165356141469
7960,0.06106658217393792,0.5460233960468657
7961,0.060527511402432926,0.5449324405738967
7962,0.05999190044548543,0.5438436648314166
7963,0.059459732878416216,0.5427570644643209
7964,0.05893099234733447,0.5416726351262069
7965,0.05840566256884473,0.5405903724793555
7966,0.05788372732975502,0.5395102721947148
7967,0.05736517048678638,0.5384323299518823
7968,0.056849975966283266,0.5373565414390875
7969,0.05633812776392527,0.5362829023531749
7970,0.05582960994443998,0.5352114083995868
7971,0.05532440664131722,0.5341420552923458
7972,0.054822502056523933,0.5330748387540383
7973,0.05432388046022094,0.5320097545157965
7974,0.05382852619048014,0.5309467983172822
7975,0.05333642365300342,0.529885965906669
7976,0.0528475573208422,0.5288272530406259
7977,0.05236191173411866,0.5277706554843001
7978,0.05187947149974775,0.5267161690113
7979,0.05140022129116036,0.5256637894036783
7980,0.05092414584802768,0.524613512451915
7981,0.05045122997598658,0.523565333954901
7982,0.049981458546366424,0.5225192497199209
7983,0.04951481649591653,0.5214752555626364
7984,0.04905128882653512,0.5204333473070695
7985,0.04859086060499912,0.5193935207855856
7986,0.04813351696269521,0.5183557718388774
7987,0.04767924309535188,0.5173200963159478
7988,0.047228024262772825,0.5162864900740931
7989,0.04677984578857078,0.5152549489788871
7990,0.04633469305990331,0.5142254689041641
7991,0.04589255152720898,0.5131980457320023
7992,0.04545340670394497,0.5121726753527077
7993,0.04501724416632551,0.5111493536647974
7994,0.0445840495530617,0.5101280765749834
7995,0.044153808565102086,0.5091088399981557
7996,0.043726506965374286,0.5080916398573668
7997,0.04330213057852806,0.5070764720838149
7998,0.04288066529067898,0.5060633326168273
7999,0.04246209704915323,0.5050522174038451
